model,ty,gk,qk,n_opt,pred
mistral_instruct,AGExPOLPARTY,AGExPOLPARTY :: 18-29 | Democrat,CARS10B_W27,2,"1.000000,0.000000"
mistral_instruct,AGExPOLPARTY,AGExPOLPARTY :: 18-29 | Independent,CARS10B_W27,2,"1.000000,0.000000"
mistral_instruct,AGExPOLPARTY,AGExPOLPARTY :: 18-29 | Other,CARS10B_W27,2,"1.000000,0.000000"
mistral_instruct,AGExPOLPARTY,AGExPOLPARTY :: 18-29 | Republican,CARS10B_W27,2,"1.000000,0.000000"
mistral_instruct,AGExPOLPARTY,AGExPOLPARTY :: 30-49 | Democrat,CARS10B_W27,2,"1.000000,0.000000"
mistral_instruct,AGExPOLPARTY,AGExPOLPARTY :: 30-49 | Independent,CARS10B_W27,2,"1.000000,0.000000"
mistral_instruct,AGExPOLPARTY,AGExPOLPARTY :: 30-49 | Other,CARS10B_W27,2,"1.000000,0.000000"
mistral_instruct,AGExPOLPARTY,AGExPOLPARTY :: 30-49 | Republican,CARS10B_W27,2,"1.000000,0.000000"
mistral_instruct,AGExPOLPARTY,AGExPOLPARTY :: 50-64 | Democrat,CARS10B_W27,2,"1.000000,0.000000"
mistral_instruct,AGExPOLPARTY,AGExPOLPARTY :: 50-64 | Independent,CARS10B_W27,2,"1.000000,0.000000"
mistral_instruct,AGExPOLPARTY,AGExPOLPARTY :: 50-64 | Other,CARS10B_W27,2,"1.000000,0.000000"
mistral_instruct,AGExPOLPARTY,AGExPOLPARTY :: 50-64 | Republican,CARS10B_W27,2,"1.000000,0.000000"
mistral_instruct,AGExPOLPARTY,AGExPOLPARTY :: 65+ | Democrat,CARS10B_W27,2,"1.000000,0.000000"
mistral_instruct,AGExPOLPARTY,AGExPOLPARTY :: 65+ | Independent,CARS10B_W27,2,"1.000000,0.000000"
mistral_instruct,AGExPOLPARTY,AGExPOLPARTY :: 65+ | Other,CARS10B_W27,2,"1.000000,0.000000"
mistral_instruct,AGExPOLPARTY,AGExPOLPARTY :: 65+ | Republican,CARS10B_W27,2,"1.000000,0.000000"
mistral_instruct,AGExPOLPARTY,AGExPOLPARTY :: 18-29 | Democrat,COMMYRS_W32,5,"0.094633,0.291489,0.588824,0.023741,0.001313"
mistral_instruct,AGExPOLPARTY,AGExPOLPARTY :: 18-29 | Independent,COMMYRS_W32,5,"0.103028,0.656266,0.239548,0.000960,0.000198"
mistral_instruct,AGExPOLPARTY,AGExPOLPARTY :: 18-29 | Other,COMMYRS_W32,5,"1.000000,0.000000,0.000000,0.000000,0.000000"
mistral_instruct,AGExPOLPARTY,AGExPOLPARTY :: 18-29 | Republican,COMMYRS_W32,5,"0.453253,0.000009,0.546728,0.000008,0.000002"
mistral_instruct,AGExPOLPARTY,AGExPOLPARTY :: 30-49 | Democrat,COMMYRS_W32,5,"0.000001,0.000000,0.000000,0.999981,0.000018"
mistral_instruct,AGExPOLPARTY,AGExPOLPARTY :: 30-49 | Independent,COMMYRS_W32,5,"0.000030,0.000000,0.786575,0.213364,0.000031"
mistral_instruct,AGExPOLPARTY,AGExPOLPARTY :: 30-49 | Other,COMMYRS_W32,5,"0.001526,0.000012,0.844837,0.150292,0.003333"
mistral_instruct,AGExPOLPARTY,AGExPOLPARTY :: 30-49 | Republican,COMMYRS_W32,5,"0.000088,0.000001,0.016875,0.973117,0.009920"
mistral_instruct,AGExPOLPARTY,AGExPOLPARTY :: 50-64 | Democrat,COMMYRS_W32,5,"0.000000,0.000000,0.000000,0.000087,0.999913"
mistral_instruct,AGExPOLPARTY,AGExPOLPARTY :: 50-64 | Independent,COMMYRS_W32,5,"0.000001,0.000000,0.000000,0.000222,0.999778"
mistral_instruct,AGExPOLPARTY,AGExPOLPARTY :: 50-64 | Other,COMMYRS_W32,5,"0.000001,0.000000,0.000000,0.000323,0.999677"
mistral_instruct,AGExPOLPARTY,AGExPOLPARTY :: 50-64 | Republican,COMMYRS_W32,5,"0.000000,0.000000,0.000000,0.000016,0.999983"
mistral_instruct,AGExPOLPARTY,AGExPOLPARTY :: 65+ | Democrat,COMMYRS_W32,5,"0.000000,0.000000,0.000000,0.000000,1.000000"
mistral_instruct,AGExPOLPARTY,AGExPOLPARTY :: 65+ | Independent,COMMYRS_W32,5,"0.000000,0.000000,0.000000,0.000000,1.000000"
mistral_instruct,AGExPOLPARTY,AGExPOLPARTY :: 65+ | Other,COMMYRS_W32,5,"0.000000,0.000000,0.000000,0.000000,1.000000"
mistral_instruct,AGExPOLPARTY,AGExPOLPARTY :: 65+ | Republican,COMMYRS_W32,5,"0.000000,0.000000,0.000000,0.000000,1.000000"
mistral_instruct,AGExPOLPARTY,AGExPOLPARTY :: 18-29 | Democrat,CONCERNGRPa_W49,3,"1.000000,0.000000,0.000000"
mistral_instruct,AGExPOLPARTY,AGExPOLPARTY :: 18-29 | Independent,CONCERNGRPa_W49,3,"0.000001,0.999999,0.000000"
mistral_instruct,AGExPOLPARTY,AGExPOLPARTY :: 18-29 | Other,CONCERNGRPa_W49,3,"0.000012,0.999986,0.000002"
mistral_instruct,AGExPOLPARTY,AGExPOLPARTY :: 18-29 | Republican,CONCERNGRPa_W49,3,"0.000017,0.000310,0.999673"
mistral_instruct,AGExPOLPARTY,AGExPOLPARTY :: 30-49 | Democrat,CONCERNGRPa_W49,3,"1.000000,0.000000,0.000000"
mistral_instruct,AGExPOLPARTY,AGExPOLPARTY :: 30-49 | Independent,CONCERNGRPa_W49,3,"0.000001,0.999998,0.000000"
mistral_instruct,AGExPOLPARTY,AGExPOLPARTY :: 30-49 | Other,CONCERNGRPa_W49,3,"0.000006,0.999991,0.000003"
mistral_instruct,AGExPOLPARTY,AGExPOLPARTY :: 30-49 | Republican,CONCERNGRPa_W49,3,"0.000061,0.000269,0.999670"
mistral_instruct,AGExPOLPARTY,AGExPOLPARTY :: 50-64 | Democrat,CONCERNGRPa_W49,3,"1.000000,0.000000,0.000000"
mistral_instruct,AGExPOLPARTY,AGExPOLPARTY :: 50-64 | Independent,CONCERNGRPa_W49,3,"0.000007,0.999991,0.000002"
mistral_instruct,AGExPOLPARTY,AGExPOLPARTY :: 50-64 | Other,CONCERNGRPa_W49,3,"0.000027,0.999802,0.000171"
mistral_instruct,AGExPOLPARTY,AGExPOLPARTY :: 50-64 | Republican,CONCERNGRPa_W49,3,"0.000005,0.000009,0.999986"
mistral_instruct,AGExPOLPARTY,AGExPOLPARTY :: 65+ | Democrat,CONCERNGRPa_W49,3,"1.000000,0.000000,0.000000"
mistral_instruct,AGExPOLPARTY,AGExPOLPARTY :: 65+ | Independent,CONCERNGRPa_W49,3,"0.002793,0.139944,0.857263"
mistral_instruct,AGExPOLPARTY,AGExPOLPARTY :: 65+ | Other,CONCERNGRPa_W49,3,"0.000001,0.000000,0.999999"
mistral_instruct,AGExPOLPARTY,AGExPOLPARTY :: 65+ | Republican,CONCERNGRPa_W49,3,"0.000000,0.000000,1.000000"
mistral_instruct,AGExPOLPARTY,AGExPOLPARTY :: 18-29 | Democrat,CONFb_W42,4,"0.000000,0.000000,1.000000,0.000000"
mistral_instruct,AGExPOLPARTY,AGExPOLPARTY :: 18-29 | Independent,CONFb_W42,4,"0.000000,0.000000,1.000000,0.000000"
mistral_instruct,AGExPOLPARTY,AGExPOLPARTY :: 18-29 | Other,CONFb_W42,4,"0.000000,0.000000,1.000000,0.000000"
mistral_instruct,AGExPOLPARTY,AGExPOLPARTY :: 18-29 | Republican,CONFb_W42,4,"0.000000,0.000000,1.000000,0.000000"
mistral_instruct,AGExPOLPARTY,AGExPOLPARTY :: 30-49 | Democrat,CONFb_W42,4,"0.000000,0.000000,1.000000,0.000000"
mistral_instruct,AGExPOLPARTY,AGExPOLPARTY :: 30-49 | Independent,CONFb_W42,4,"0.000000,0.000000,1.000000,0.000000"
mistral_instruct,AGExPOLPARTY,AGExPOLPARTY :: 30-49 | Other,CONFb_W42,4,"0.000000,0.000000,1.000000,0.000000"
mistral_instruct,AGExPOLPARTY,AGExPOLPARTY :: 30-49 | Refused,CONFb_W42,4,"0.000000,0.000000,1.000000,0.000000"
mistral_instruct,AGExPOLPARTY,AGExPOLPARTY :: 30-49 | Republican,CONFb_W42,4,"0.000000,0.000000,1.000000,0.000000"
mistral_instruct,AGExPOLPARTY,AGExPOLPARTY :: 50-64 | Democrat,CONFb_W42,4,"0.000000,0.000000,1.000000,0.000000"
mistral_instruct,AGExPOLPARTY,AGExPOLPARTY :: 50-64 | Independent,CONFb_W42,4,"0.000000,0.000000,1.000000,0.000000"
mistral_instruct,AGExPOLPARTY,AGExPOLPARTY :: 50-64 | Other,CONFb_W42,4,"0.000000,0.000000,1.000000,0.000000"
mistral_instruct,AGExPOLPARTY,AGExPOLPARTY :: 50-64 | Republican,CONFb_W42,4,"0.000000,0.000000,1.000000,0.000000"
mistral_instruct,AGExPOLPARTY,AGExPOLPARTY :: 65+ | Democrat,CONFb_W42,4,"0.000000,0.000000,1.000000,0.000000"
mistral_instruct,AGExPOLPARTY,AGExPOLPARTY :: 65+ | Independent,CONFb_W42,4,"0.000000,0.000000,1.000000,0.000000"
mistral_instruct,AGExPOLPARTY,AGExPOLPARTY :: 65+ | Other,CONFb_W42,4,"0.000000,0.000000,1.000000,0.000000"
mistral_instruct,AGExPOLPARTY,AGExPOLPARTY :: 65+ | Republican,CONFb_W42,4,"0.000000,0.000000,1.000000,0.000000"
mistral_instruct,AGExPOLPARTY,AGExPOLPARTY :: 18-29 | Democrat,CONFc_W42,4,"0.000000,0.000002,0.999998,0.000000"
mistral_instruct,AGExPOLPARTY,AGExPOLPARTY :: 18-29 | Independent,CONFc_W42,4,"0.000000,0.000000,1.000000,0.000000"
mistral_instruct,AGExPOLPARTY,AGExPOLPARTY :: 18-29 | Other,CONFc_W42,4,"0.000000,0.000000,1.000000,0.000000"
mistral_instruct,AGExPOLPARTY,AGExPOLPARTY :: 18-29 | Republican,CONFc_W42,4,"0.000025,0.007233,0.992741,0.000001"
mistral_instruct,AGExPOLPARTY,AGExPOLPARTY :: 30-49 | Democrat,CONFc_W42,4,"0.000000,0.003622,0.996378,0.000000"
mistral_instruct,AGExPOLPARTY,AGExPOLPARTY :: 30-49 | Independent,CONFc_W42,4,"0.000000,0.000001,0.999999,0.000000"
mistral_instruct,AGExPOLPARTY,AGExPOLPARTY :: 30-49 | Other,CONFc_W42,4,"0.000000,0.000000,1.000000,0.000000"
mistral_instruct,AGExPOLPARTY,AGExPOLPARTY :: 30-49 | Refused,CONFc_W42,4,"0.000000,0.000000,1.000000,0.000000"
mistral_instruct,AGExPOLPARTY,AGExPOLPARTY :: 30-49 | Republican,CONFc_W42,4,"0.105338,0.551934,0.342703,0.000024"
mistral_instruct,AGExPOLPARTY,AGExPOLPARTY :: 50-64 | Democrat,CONFc_W42,4,"0.000001,0.029535,0.970462,0.000001"
mistral_instruct,AGExPOLPARTY,AGExPOLPARTY :: 50-64 | Independent,CONFc_W42,4,"0.000000,0.000001,0.999999,0.000000"
mistral_instruct,AGExPOLPARTY,AGExPOLPARTY :: 50-64 | Other,CONFc_W42,4,"0.000000,0.000000,1.000000,0.000000"
mistral_instruct,AGExPOLPARTY,AGExPOLPARTY :: 50-64 | Republican,CONFc_W42,4,"0.961719,0.015304,0.022974,0.000003"
mistral_instruct,AGExPOLPARTY,AGExPOLPARTY :: 65+ | Democrat,CONFc_W42,4,"0.000000,0.000029,0.999971,0.000000"
mistral_instruct,AGExPOLPARTY,AGExPOLPARTY :: 65+ | Independent,CONFc_W42,4,"0.000000,0.000000,1.000000,0.000000"
mistral_instruct,AGExPOLPARTY,AGExPOLPARTY :: 65+ | Other,CONFc_W42,4,"0.000000,0.000000,1.000000,0.000000"
mistral_instruct,AGExPOLPARTY,AGExPOLPARTY :: 65+ | Republican,CONFc_W42,4,"1.000000,0.000000,0.000000,0.000000"
mistral_instruct,AGExPOLPARTY,AGExPOLPARTY :: 18-29 | Democrat,DRONE1_W27,2,"0.000254,0.999746"
mistral_instruct,AGExPOLPARTY,AGExPOLPARTY :: 18-29 | Independent,DRONE1_W27,2,"0.000003,0.999997"
mistral_instruct,AGExPOLPARTY,AGExPOLPARTY :: 18-29 | Other,DRONE1_W27,2,"0.000002,0.999998"
mistral_instruct,AGExPOLPARTY,AGExPOLPARTY :: 18-29 | Republican,DRONE1_W27,2,"0.000406,0.999594"
mistral_instruct,AGExPOLPARTY,AGExPOLPARTY :: 30-49 | Democrat,DRONE1_W27,2,"0.000256,0.999744"
mistral_instruct,AGExPOLPARTY,AGExPOLPARTY :: 30-49 | Independent,DRONE1_W27,2,"0.000006,0.999994"
mistral_instruct,AGExPOLPARTY,AGExPOLPARTY :: 30-49 | Other,DRONE1_W27,2,"0.000002,0.999998"
mistral_instruct,AGExPOLPARTY,AGExPOLPARTY :: 30-49 | Republican,DRONE1_W27,2,"0.000636,0.999364"
mistral_instruct,AGExPOLPARTY,AGExPOLPARTY :: 50-64 | Democrat,DRONE1_W27,2,"0.000063,0.999937"
mistral_instruct,AGExPOLPARTY,AGExPOLPARTY :: 50-64 | Independent,DRONE1_W27,2,"0.000004,0.999996"
mistral_instruct,AGExPOLPARTY,AGExPOLPARTY :: 50-64 | Other,DRONE1_W27,2,"0.000002,0.999998"
mistral_instruct,AGExPOLPARTY,AGExPOLPARTY :: 50-64 | Republican,DRONE1_W27,2,"0.000204,0.999796"
mistral_instruct,AGExPOLPARTY,AGExPOLPARTY :: 65+ | Democrat,DRONE1_W27,2,"0.000005,0.999995"
mistral_instruct,AGExPOLPARTY,AGExPOLPARTY :: 65+ | Independent,DRONE1_W27,2,"0.000001,0.999999"
mistral_instruct,AGExPOLPARTY,AGExPOLPARTY :: 65+ | Other,DRONE1_W27,2,"0.000001,0.999999"
mistral_instruct,AGExPOLPARTY,AGExPOLPARTY :: 65+ | Republican,DRONE1_W27,2,"0.000017,0.999983"
mistral_instruct,AGExPOLPARTY,AGExPOLPARTY :: 18-29 | Democrat,ENVC_W41,3,"0.000004,0.999995,0.000002"
mistral_instruct,AGExPOLPARTY,AGExPOLPARTY :: 18-29 | Independent,ENVC_W41,3,"0.000001,0.000000,0.999999"
mistral_instruct,AGExPOLPARTY,AGExPOLPARTY :: 18-29 | Other,ENVC_W41,3,"0.000016,0.000000,0.999984"
mistral_instruct,AGExPOLPARTY,AGExPOLPARTY :: 18-29 | Republican,ENVC_W41,3,"0.000068,0.046031,0.953901"
mistral_instruct,AGExPOLPARTY,AGExPOLPARTY :: 30-49 | Democrat,ENVC_W41,3,"0.000004,0.999979,0.000016"
mistral_instruct,AGExPOLPARTY,AGExPOLPARTY :: 30-49 | Independent,ENVC_W41,3,"0.000000,0.000000,1.000000"
mistral_instruct,AGExPOLPARTY,AGExPOLPARTY :: 30-49 | Other,ENVC_W41,3,"0.000002,0.000000,0.999998"
mistral_instruct,AGExPOLPARTY,AGExPOLPARTY :: 30-49 | Republican,ENVC_W41,3,"0.000026,0.038465,0.961509"
mistral_instruct,AGExPOLPARTY,AGExPOLPARTY :: 50-64 | Democrat,ENVC_W41,3,"0.000022,0.998827,0.001151"
mistral_instruct,AGExPOLPARTY,AGExPOLPARTY :: 50-64 | Independent,ENVC_W41,3,"0.000001,0.000000,0.999999"
mistral_instruct,AGExPOLPARTY,AGExPOLPARTY :: 50-64 | Other,ENVC_W41,3,"0.000002,0.000000,0.999998"
mistral_instruct,AGExPOLPARTY,AGExPOLPARTY :: 50-64 | Republican,ENVC_W41,3,"0.000042,0.139390,0.860567"
mistral_instruct,AGExPOLPARTY,AGExPOLPARTY :: 65+ | Democrat,ENVC_W41,3,"0.000007,0.998718,0.001274"
mistral_instruct,AGExPOLPARTY,AGExPOLPARTY :: 65+ | Independent,ENVC_W41,3,"0.000001,0.000035,0.999964"
mistral_instruct,AGExPOLPARTY,AGExPOLPARTY :: 65+ | Republican,ENVC_W41,3,"0.000026,0.890271,0.109703"
mistral_instruct,AGExPOLPARTY,AGExPOLPARTY :: 18-29 | Democrat,ETHNCMAJ_W32,3,"0.000000,0.000000,1.000000"
mistral_instruct,AGExPOLPARTY,AGExPOLPARTY :: 18-29 | Independent,ETHNCMAJ_W32,3,"0.000000,0.000000,1.000000"
mistral_instruct,AGExPOLPARTY,AGExPOLPARTY :: 18-29 | Other,ETHNCMAJ_W32,3,"0.000000,0.000000,1.000000"
mistral_instruct,AGExPOLPARTY,AGExPOLPARTY :: 18-29 | Republican,ETHNCMAJ_W32,3,"0.000000,0.000000,1.000000"
mistral_instruct,AGExPOLPARTY,AGExPOLPARTY :: 30-49 | Democrat,ETHNCMAJ_W32,3,"0.000000,0.000000,1.000000"
mistral_instruct,AGExPOLPARTY,AGExPOLPARTY :: 30-49 | Independent,ETHNCMAJ_W32,3,"0.000000,0.000000,1.000000"
mistral_instruct,AGExPOLPARTY,AGExPOLPARTY :: 30-49 | Other,ETHNCMAJ_W32,3,"0.000000,0.000000,1.000000"
mistral_instruct,AGExPOLPARTY,AGExPOLPARTY :: 30-49 | Republican,ETHNCMAJ_W32,3,"0.000000,0.000000,1.000000"
mistral_instruct,AGExPOLPARTY,AGExPOLPARTY :: 50-64 | Democrat,ETHNCMAJ_W32,3,"0.000000,0.000000,1.000000"
mistral_instruct,AGExPOLPARTY,AGExPOLPARTY :: 50-64 | Independent,ETHNCMAJ_W32,3,"0.000000,0.000000,1.000000"
mistral_instruct,AGExPOLPARTY,AGExPOLPARTY :: 50-64 | Other,ETHNCMAJ_W32,3,"0.000000,0.000000,1.000000"
mistral_instruct,AGExPOLPARTY,AGExPOLPARTY :: 50-64 | Republican,ETHNCMAJ_W32,3,"0.000000,0.000000,1.000000"
mistral_instruct,AGExPOLPARTY,AGExPOLPARTY :: 65+ | Democrat,ETHNCMAJ_W32,3,"0.000000,0.000000,1.000000"
mistral_instruct,AGExPOLPARTY,AGExPOLPARTY :: 65+ | Independent,ETHNCMAJ_W32,3,"0.000000,0.000000,1.000000"
mistral_instruct,AGExPOLPARTY,AGExPOLPARTY :: 65+ | Other,ETHNCMAJ_W32,3,"0.000000,0.000000,1.000000"
mistral_instruct,AGExPOLPARTY,AGExPOLPARTY :: 65+ | Republican,ETHNCMAJ_W32,3,"0.000000,0.000000,1.000000"
mistral_instruct,AGExPOLPARTY,AGExPOLPARTY :: 18-29 | Democrat,FAMSURV23b_W50,3,"0.967395,0.005797,0.026807"
mistral_instruct,AGExPOLPARTY,AGExPOLPARTY :: 18-29 | Independent,FAMSURV23b_W50,3,"0.000000,0.000080,0.999920"
mistral_instruct,AGExPOLPARTY,AGExPOLPARTY :: 18-29 | Other,FAMSURV23b_W50,3,"0.000000,0.000000,1.000000"
mistral_instruct,AGExPOLPARTY,AGExPOLPARTY :: 18-29 | Republican,FAMSURV23b_W50,3,"0.000000,0.000000,0.999999"
mistral_instruct,AGExPOLPARTY,AGExPOLPARTY :: 30-49 | Democrat,FAMSURV23b_W50,3,"1.000000,0.000000,0.000000"
mistral_instruct,AGExPOLPARTY,AGExPOLPARTY :: 30-49 | Independent,FAMSURV23b_W50,3,"0.000000,0.012147,0.987853"
mistral_instruct,AGExPOLPARTY,AGExPOLPARTY :: 30-49 | Other,FAMSURV23b_W50,3,"0.000000,0.000000,1.000000"
mistral_instruct,AGExPOLPARTY,AGExPOLPARTY :: 30-49 | Refused,FAMSURV23b_W50,3,"0.000000,0.000000,1.000000"
mistral_instruct,AGExPOLPARTY,AGExPOLPARTY :: 30-49 | Republican,FAMSURV23b_W50,3,"0.000000,0.000001,0.999999"
mistral_instruct,AGExPOLPARTY,AGExPOLPARTY :: 50-64 | Democrat,FAMSURV23b_W50,3,"0.999996,0.000001,0.000003"
mistral_instruct,AGExPOLPARTY,AGExPOLPARTY :: 50-64 | Independent,FAMSURV23b_W50,3,"0.000000,0.000006,0.999994"
mistral_instruct,AGExPOLPARTY,AGExPOLPARTY :: 50-64 | Other,FAMSURV23b_W50,3,"0.000000,0.000000,1.000000"
mistral_instruct,AGExPOLPARTY,AGExPOLPARTY :: 50-64 | Republican,FAMSURV23b_W50,3,"0.000000,0.000000,1.000000"
mistral_instruct,AGExPOLPARTY,AGExPOLPARTY :: 65+ | Democrat,FAMSURV23b_W50,3,"0.999983,0.000000,0.000017"
mistral_instruct,AGExPOLPARTY,AGExPOLPARTY :: 65+ | Independent,FAMSURV23b_W50,3,"0.000000,0.000000,1.000000"
mistral_instruct,AGExPOLPARTY,AGExPOLPARTY :: 65+ | Other,FAMSURV23b_W50,3,"0.000000,0.000000,1.000000"
mistral_instruct,AGExPOLPARTY,AGExPOLPARTY :: 65+ | Republican,FAMSURV23b_W50,3,"0.000000,0.000000,1.000000"
mistral_instruct,AGExPOLPARTY,AGExPOLPARTY :: 18-29 | Democrat,FEELB_W32,4,"0.000026,0.999971,0.000002,0.000001"
mistral_instruct,AGExPOLPARTY,AGExPOLPARTY :: 18-29 | Independent,FEELB_W32,4,"0.000000,1.000000,0.000000,0.000000"
mistral_instruct,AGExPOLPARTY,AGExPOLPARTY :: 18-29 | Other,FEELB_W32,4,"0.000001,0.999998,0.000000,0.000000"
mistral_instruct,AGExPOLPARTY,AGExPOLPARTY :: 18-29 | Republican,FEELB_W32,4,"0.000039,0.989056,0.010902,0.000003"
mistral_instruct,AGExPOLPARTY,AGExPOLPARTY :: 30-49 | Democrat,FEELB_W32,4,"0.004265,0.995724,0.000008,0.000003"
mistral_instruct,AGExPOLPARTY,AGExPOLPARTY :: 30-49 | Independent,FEELB_W32,4,"0.000000,1.000000,0.000000,0.000000"
mistral_instruct,AGExPOLPARTY,AGExPOLPARTY :: 30-49 | Other,FEELB_W32,4,"0.000001,0.999998,0.000001,0.000000"
mistral_instruct,AGExPOLPARTY,AGExPOLPARTY :: 30-49 | Republican,FEELB_W32,4,"0.000118,0.976008,0.023868,0.000006"
mistral_instruct,AGExPOLPARTY,AGExPOLPARTY :: 50-64 | Democrat,FEELB_W32,4,"0.325923,0.673995,0.000071,0.000011"
mistral_instruct,AGExPOLPARTY,AGExPOLPARTY :: 50-64 | Independent,FEELB_W32,4,"0.000000,0.999999,0.000000,0.000000"
mistral_instruct,AGExPOLPARTY,AGExPOLPARTY :: 50-64 | Other,FEELB_W32,4,"0.000002,0.999990,0.000007,0.000000"
mistral_instruct,AGExPOLPARTY,AGExPOLPARTY :: 50-64 | Republican,FEELB_W32,4,"0.000170,0.759088,0.240731,0.000011"
mistral_instruct,AGExPOLPARTY,AGExPOLPARTY :: 65+ | Democrat,FEELB_W32,4,"0.999862,0.000044,0.000094,0.000001"
mistral_instruct,AGExPOLPARTY,AGExPOLPARTY :: 65+ | Independent,FEELB_W32,4,"0.000005,0.999399,0.000593,0.000003"
mistral_instruct,AGExPOLPARTY,AGExPOLPARTY :: 65+ | Other,FEELB_W32,4,"0.000001,0.000253,0.999741,0.000005"
mistral_instruct,AGExPOLPARTY,AGExPOLPARTY :: 65+ | Republican,FEELB_W32,4,"0.000014,0.000227,0.999758,0.000001"
mistral_instruct,AGExPOLPARTY,AGExPOLPARTY :: 18-29 | Democrat,GAP21Q4_a_W82,4,"0.000872,0.912947,0.085583,0.000597"
mistral_instruct,AGExPOLPARTY,AGExPOLPARTY :: 18-29 | Independent,GAP21Q4_a_W82,4,"0.000002,0.002305,0.997693,0.000000"
mistral_instruct,AGExPOLPARTY,AGExPOLPARTY :: 18-29 | Other,GAP21Q4_a_W82,4,"0.000000,0.000000,0.999999,0.000000"
mistral_instruct,AGExPOLPARTY,AGExPOLPARTY :: 18-29 | Republican,GAP21Q4_a_W82,4,"0.999997,0.000002,0.000001,0.000000"
mistral_instruct,AGExPOLPARTY,AGExPOLPARTY :: 30-49 | Democrat,GAP21Q4_a_W82,4,"0.000543,0.993895,0.005115,0.000447"
mistral_instruct,AGExPOLPARTY,AGExPOLPARTY :: 30-49 | Independent,GAP21Q4_a_W82,4,"0.000018,0.810463,0.189517,0.000002"
mistral_instruct,AGExPOLPARTY,AGExPOLPARTY :: 30-49 | Other,GAP21Q4_a_W82,4,"0.000000,0.000000,1.000000,0.000000"
mistral_instruct,AGExPOLPARTY,AGExPOLPARTY :: 30-49 | Republican,GAP21Q4_a_W82,4,"0.999954,0.000043,0.000002,0.000000"
mistral_instruct,AGExPOLPARTY,AGExPOLPARTY :: 50-64 | Democrat,GAP21Q4_a_W82,4,"0.000766,0.387636,0.609837,0.001760"
mistral_instruct,AGExPOLPARTY,AGExPOLPARTY :: 50-64 | Independent,GAP21Q4_a_W82,4,"0.000002,0.000773,0.999225,0.000000"
mistral_instruct,AGExPOLPARTY,AGExPOLPARTY :: 50-64 | Other,GAP21Q4_a_W82,4,"0.000000,0.000000,1.000000,0.000000"
mistral_instruct,AGExPOLPARTY,AGExPOLPARTY :: 50-64 | Republican,GAP21Q4_a_W82,4,"0.999999,0.000001,0.000001,0.000000"
mistral_instruct,AGExPOLPARTY,AGExPOLPARTY :: 65+ | Democrat,GAP21Q4_a_W82,4,"0.000005,0.000036,0.999941,0.000018"
mistral_instruct,AGExPOLPARTY,AGExPOLPARTY :: 65+ | Independent,GAP21Q4_a_W82,4,"0.000000,0.000001,0.999999,0.000000"
mistral_instruct,AGExPOLPARTY,AGExPOLPARTY :: 65+ | Republican,GAP21Q4_a_W82,4,"1.000000,0.000000,0.000000,0.000000"
mistral_instruct,AGExPOLPARTY,AGExPOLPARTY :: 18-29 | Democrat,GOVREGV1_W49,3,"1.000000,0.000000,0.000000"
mistral_instruct,AGExPOLPARTY,AGExPOLPARTY :: 18-29 | Independent,GOVREGV1_W49,3,"1.000000,0.000000,0.000000"
mistral_instruct,AGExPOLPARTY,AGExPOLPARTY :: 18-29 | Other,GOVREGV1_W49,3,"1.000000,0.000000,0.000000"
mistral_instruct,AGExPOLPARTY,AGExPOLPARTY :: 18-29 | Republican,GOVREGV1_W49,3,"0.000026,0.999973,0.000001"
mistral_instruct,AGExPOLPARTY,AGExPOLPARTY :: 30-49 | Democrat,GOVREGV1_W49,3,"1.000000,0.000000,0.000000"
mistral_instruct,AGExPOLPARTY,AGExPOLPARTY :: 30-49 | Independent,GOVREGV1_W49,3,"1.000000,0.000000,0.000000"
mistral_instruct,AGExPOLPARTY,AGExPOLPARTY :: 30-49 | Other,GOVREGV1_W49,3,"1.000000,0.000000,0.000000"
mistral_instruct,AGExPOLPARTY,AGExPOLPARTY :: 30-49 | Republican,GOVREGV1_W49,3,"0.000053,0.999944,0.000003"
mistral_instruct,AGExPOLPARTY,AGExPOLPARTY :: 50-64 | Democrat,GOVREGV1_W49,3,"1.000000,0.000000,0.000000"
mistral_instruct,AGExPOLPARTY,AGExPOLPARTY :: 50-64 | Independent,GOVREGV1_W49,3,"1.000000,0.000000,0.000000"
mistral_instruct,AGExPOLPARTY,AGExPOLPARTY :: 50-64 | Other,GOVREGV1_W49,3,"1.000000,0.000000,0.000000"
mistral_instruct,AGExPOLPARTY,AGExPOLPARTY :: 50-64 | Republican,GOVREGV1_W49,3,"0.000019,0.999978,0.000003"
mistral_instruct,AGExPOLPARTY,AGExPOLPARTY :: 65+ | Democrat,GOVREGV1_W49,3,"1.000000,0.000000,0.000000"
mistral_instruct,AGExPOLPARTY,AGExPOLPARTY :: 65+ | Independent,GOVREGV1_W49,3,"1.000000,0.000000,0.000000"
mistral_instruct,AGExPOLPARTY,AGExPOLPARTY :: 65+ | Other,GOVREGV1_W49,3,"1.000000,0.000000,0.000000"
mistral_instruct,AGExPOLPARTY,AGExPOLPARTY :: 65+ | Republican,GOVREGV1_W49,3,"0.000218,0.999741,0.000040"
mistral_instruct,AGExPOLPARTY,AGExPOLPARTY :: 18-29 | Democrat,GUNCONTRIBA_W26,4,"1.000000,0.000000,0.000000,0.000000"
mistral_instruct,AGExPOLPARTY,AGExPOLPARTY :: 18-29 | Independent,GUNCONTRIBA_W26,4,"0.000001,0.000013,0.999986,0.000000"
mistral_instruct,AGExPOLPARTY,AGExPOLPARTY :: 18-29 | Other,GUNCONTRIBA_W26,4,"0.000000,0.000000,0.999983,0.000017"
mistral_instruct,AGExPOLPARTY,AGExPOLPARTY :: 18-29 | Republican,GUNCONTRIBA_W26,4,"0.000000,0.000000,1.000000,0.000000"
mistral_instruct,AGExPOLPARTY,AGExPOLPARTY :: 30-49 | Democrat,GUNCONTRIBA_W26,4,"1.000000,0.000000,0.000000,0.000000"
mistral_instruct,AGExPOLPARTY,AGExPOLPARTY :: 30-49 | Independent,GUNCONTRIBA_W26,4,"0.000001,0.000043,0.999956,0.000000"
mistral_instruct,AGExPOLPARTY,AGExPOLPARTY :: 30-49 | Other,GUNCONTRIBA_W26,4,"0.000000,0.000000,0.999999,0.000001"
mistral_instruct,AGExPOLPARTY,AGExPOLPARTY :: 30-49 | Republican,GUNCONTRIBA_W26,4,"0.000000,0.000000,1.000000,0.000000"
mistral_instruct,AGExPOLPARTY,AGExPOLPARTY :: 50-64 | Democrat,GUNCONTRIBA_W26,4,"1.000000,0.000000,0.000000,0.000000"
mistral_instruct,AGExPOLPARTY,AGExPOLPARTY :: 50-64 | Independent,GUNCONTRIBA_W26,4,"0.000000,0.000000,1.000000,0.000000"
mistral_instruct,AGExPOLPARTY,AGExPOLPARTY :: 50-64 | Other,GUNCONTRIBA_W26,4,"0.000000,0.000000,0.999973,0.000027"
mistral_instruct,AGExPOLPARTY,AGExPOLPARTY :: 50-64 | Republican,GUNCONTRIBA_W26,4,"0.000000,0.000000,1.000000,0.000000"
mistral_instruct,AGExPOLPARTY,AGExPOLPARTY :: 65+ | Democrat,GUNCONTRIBA_W26,4,"1.000000,0.000000,0.000000,0.000000"
mistral_instruct,AGExPOLPARTY,AGExPOLPARTY :: 65+ | Independent,GUNCONTRIBA_W26,4,"0.000000,0.000000,0.999994,0.000006"
mistral_instruct,AGExPOLPARTY,AGExPOLPARTY :: 65+ | Other,GUNCONTRIBA_W26,4,"0.000000,0.000000,0.000040,0.999959"
mistral_instruct,AGExPOLPARTY,AGExPOLPARTY :: 65+ | Republican,GUNCONTRIBA_W26,4,"0.000000,0.000000,1.000000,0.000000"
mistral_instruct,AGExPOLPARTY,AGExPOLPARTY :: 18-29 | Democrat,GUNIDENTITY_W26,4,"0.000000,0.000000,0.999960,0.000040"
mistral_instruct,AGExPOLPARTY,AGExPOLPARTY :: 18-29 | Independent,GUNIDENTITY_W26,4,"0.000000,0.000000,1.000000,0.000000"
mistral_instruct,AGExPOLPARTY,AGExPOLPARTY :: 18-29 | Other,GUNIDENTITY_W26,4,"0.000000,0.000000,1.000000,0.000000"
mistral_instruct,AGExPOLPARTY,AGExPOLPARTY :: 18-29 | Republican,GUNIDENTITY_W26,4,"0.999997,0.000000,0.000003,0.000000"
mistral_instruct,AGExPOLPARTY,AGExPOLPARTY :: 30-49 | Democrat,GUNIDENTITY_W26,4,"0.000000,0.000000,0.999999,0.000001"
mistral_instruct,AGExPOLPARTY,AGExPOLPARTY :: 30-49 | Independent,GUNIDENTITY_W26,4,"0.000000,0.000000,1.000000,0.000000"
mistral_instruct,AGExPOLPARTY,AGExPOLPARTY :: 30-49 | Other,GUNIDENTITY_W26,4,"0.000000,0.000000,1.000000,0.000000"
mistral_instruct,AGExPOLPARTY,AGExPOLPARTY :: 30-49 | Republican,GUNIDENTITY_W26,4,"1.000000,0.000000,0.000000,0.000000"
mistral_instruct,AGExPOLPARTY,AGExPOLPARTY :: 50-64 | Democrat,GUNIDENTITY_W26,4,"0.000000,0.000000,0.999996,0.000004"
mistral_instruct,AGExPOLPARTY,AGExPOLPARTY :: 50-64 | Independent,GUNIDENTITY_W26,4,"0.000000,0.000000,1.000000,0.000000"
mistral_instruct,AGExPOLPARTY,AGExPOLPARTY :: 50-64 | Other,GUNIDENTITY_W26,4,"0.000000,0.000000,1.000000,0.000000"
mistral_instruct,AGExPOLPARTY,AGExPOLPARTY :: 50-64 | Republican,GUNIDENTITY_W26,4,"1.000000,0.000000,0.000000,0.000000"
mistral_instruct,AGExPOLPARTY,AGExPOLPARTY :: 65+ | Democrat,GUNIDENTITY_W26,4,"0.000000,0.000000,0.999559,0.000441"
mistral_instruct,AGExPOLPARTY,AGExPOLPARTY :: 65+ | Independent,GUNIDENTITY_W26,4,"0.000000,0.000000,1.000000,0.000000"
mistral_instruct,AGExPOLPARTY,AGExPOLPARTY :: 65+ | Other,GUNIDENTITY_W26,4,"0.000000,0.000000,0.999995,0.000005"
mistral_instruct,AGExPOLPARTY,AGExPOLPARTY :: 65+ | Republican,GUNIDENTITY_W26,4,"1.000000,0.000000,0.000000,0.000000"
mistral_instruct,AGExPOLPARTY,AGExPOLPARTY :: 18-29 | Democrat,GUNRESPNOKIDSE_W26,4,"0.000212,0.999788,0.000000,0.000000"
mistral_instruct,AGExPOLPARTY,AGExPOLPARTY :: 18-29 | Independent,GUNRESPNOKIDSE_W26,4,"0.000000,1.000000,0.000000,0.000000"
mistral_instruct,AGExPOLPARTY,AGExPOLPARTY :: 18-29 | Other,GUNRESPNOKIDSE_W26,4,"0.000000,1.000000,0.000000,0.000000"
mistral_instruct,AGExPOLPARTY,AGExPOLPARTY :: 18-29 | Republican,GUNRESPNOKIDSE_W26,4,"0.000010,0.999988,0.000002,0.000000"
mistral_instruct,AGExPOLPARTY,AGExPOLPARTY :: 30-49 | Democrat,GUNRESPNOKIDSE_W26,4,"0.000527,0.999472,0.000000,0.000000"
mistral_instruct,AGExPOLPARTY,AGExPOLPARTY :: 30-49 | Independent,GUNRESPNOKIDSE_W26,4,"0.000000,1.000000,0.000000,0.000000"
mistral_instruct,AGExPOLPARTY,AGExPOLPARTY :: 30-49 | Other,GUNRESPNOKIDSE_W26,4,"0.000000,1.000000,0.000000,0.000000"
mistral_instruct,AGExPOLPARTY,AGExPOLPARTY :: 30-49 | Republican,GUNRESPNOKIDSE_W26,4,"0.000008,0.999990,0.000001,0.000000"
mistral_instruct,AGExPOLPARTY,AGExPOLPARTY :: 50-64 | Democrat,GUNRESPNOKIDSE_W26,4,"0.001782,0.998217,0.000000,0.000000"
mistral_instruct,AGExPOLPARTY,AGExPOLPARTY :: 50-64 | Independent,GUNRESPNOKIDSE_W26,4,"0.000000,1.000000,0.000000,0.000000"
mistral_instruct,AGExPOLPARTY,AGExPOLPARTY :: 50-64 | Other,GUNRESPNOKIDSE_W26,4,"0.000000,1.000000,0.000000,0.000000"
mistral_instruct,AGExPOLPARTY,AGExPOLPARTY :: 50-64 | Republican,GUNRESPNOKIDSE_W26,4,"0.000018,0.999981,0.000001,0.000000"
mistral_instruct,AGExPOLPARTY,AGExPOLPARTY :: 65+ | Democrat,GUNRESPNOKIDSE_W26,4,"0.999680,0.000320,0.000000,0.000000"
mistral_instruct,AGExPOLPARTY,AGExPOLPARTY :: 65+ | Independent,GUNRESPNOKIDSE_W26,4,"0.000001,0.999999,0.000000,0.000000"
mistral_instruct,AGExPOLPARTY,AGExPOLPARTY :: 65+ | Other,GUNRESPNOKIDSE_W26,4,"0.000009,0.999990,0.000001,0.000000"
mistral_instruct,AGExPOLPARTY,AGExPOLPARTY :: 65+ | Republican,GUNRESPNOKIDSE_W26,4,"0.573675,0.426319,0.000006,0.000001"
mistral_instruct,AGExPOLPARTY,AGExPOLPARTY :: 18-29 | Democrat,GUNSAFE_W26,3,"0.000010,0.142230,0.857760"
mistral_instruct,AGExPOLPARTY,AGExPOLPARTY :: 18-29 | Independent,GUNSAFE_W26,3,"0.000000,0.000000,1.000000"
mistral_instruct,AGExPOLPARTY,AGExPOLPARTY :: 18-29 | Other,GUNSAFE_W26,3,"0.000001,0.000000,0.999999"
mistral_instruct,AGExPOLPARTY,AGExPOLPARTY :: 18-29 | Republican,GUNSAFE_W26,3,"1.000000,0.000000,0.000000"
mistral_instruct,AGExPOLPARTY,AGExPOLPARTY :: 30-49 | Democrat,GUNSAFE_W26,3,"0.000001,0.000053,0.999946"
mistral_instruct,AGExPOLPARTY,AGExPOLPARTY :: 30-49 | Independent,GUNSAFE_W26,3,"0.000000,0.000000,1.000000"
mistral_instruct,AGExPOLPARTY,AGExPOLPARTY :: 30-49 | Other,GUNSAFE_W26,3,"0.000001,0.000000,0.999999"
mistral_instruct,AGExPOLPARTY,AGExPOLPARTY :: 30-49 | Republican,GUNSAFE_W26,3,"1.000000,0.000000,0.000000"
mistral_instruct,AGExPOLPARTY,AGExPOLPARTY :: 50-64 | Democrat,GUNSAFE_W26,3,"0.000000,0.000000,1.000000"
mistral_instruct,AGExPOLPARTY,AGExPOLPARTY :: 50-64 | Independent,GUNSAFE_W26,3,"0.000003,0.000000,0.999997"
mistral_instruct,AGExPOLPARTY,AGExPOLPARTY :: 50-64 | Other,GUNSAFE_W26,3,"0.000003,0.000000,0.999997"
mistral_instruct,AGExPOLPARTY,AGExPOLPARTY :: 50-64 | Republican,GUNSAFE_W26,3,"1.000000,0.000000,0.000000"
mistral_instruct,AGExPOLPARTY,AGExPOLPARTY :: 65+ | Democrat,GUNSAFE_W26,3,"0.000000,0.000000,1.000000"
mistral_instruct,AGExPOLPARTY,AGExPOLPARTY :: 65+ | Independent,GUNSAFE_W26,3,"0.999986,0.000000,0.000014"
mistral_instruct,AGExPOLPARTY,AGExPOLPARTY :: 65+ | Other,GUNSAFE_W26,3,"0.026156,0.000000,0.973844"
mistral_instruct,AGExPOLPARTY,AGExPOLPARTY :: 65+ | Republican,GUNSAFE_W26,3,"1.000000,0.000000,0.000000"
mistral_instruct,AGExPOLPARTY,AGExPOLPARTY :: 18-29 | Democrat,HAPPEN2a_W41,4,"0.000075,0.999776,0.000144,0.000005"
mistral_instruct,AGExPOLPARTY,AGExPOLPARTY :: 18-29 | Independent,HAPPEN2a_W41,4,"0.000009,0.191931,0.808059,0.000001"
mistral_instruct,AGExPOLPARTY,AGExPOLPARTY :: 18-29 | Other,HAPPEN2a_W41,4,"0.000005,0.001421,0.998573,0.000000"
mistral_instruct,AGExPOLPARTY,AGExPOLPARTY :: 18-29 | Republican,HAPPEN2a_W41,4,"0.999810,0.000177,0.000014,0.000000"
mistral_instruct,AGExPOLPARTY,AGExPOLPARTY :: 30-49 | Democrat,HAPPEN2a_W41,4,"0.000038,0.999815,0.000144,0.000003"
mistral_instruct,AGExPOLPARTY,AGExPOLPARTY :: 30-49 | Independent,HAPPEN2a_W41,4,"0.000008,0.766287,0.233704,0.000001"
mistral_instruct,AGExPOLPARTY,AGExPOLPARTY :: 30-49 | Other,HAPPEN2a_W41,4,"0.000017,0.059646,0.940336,0.000002"
mistral_instruct,AGExPOLPARTY,AGExPOLPARTY :: 30-49 | Republican,HAPPEN2a_W41,4,"0.999965,0.000035,0.000000,0.000000"
mistral_instruct,AGExPOLPARTY,AGExPOLPARTY :: 50-64 | Democrat,HAPPEN2a_W41,4,"0.000151,0.997655,0.002182,0.000011"
mistral_instruct,AGExPOLPARTY,AGExPOLPARTY :: 50-64 | Independent,HAPPEN2a_W41,4,"0.000015,0.224052,0.775932,0.000001"
mistral_instruct,AGExPOLPARTY,AGExPOLPARTY :: 50-64 | Other,HAPPEN2a_W41,4,"0.000011,0.002779,0.997209,0.000001"
mistral_instruct,AGExPOLPARTY,AGExPOLPARTY :: 50-64 | Republican,HAPPEN2a_W41,4,"0.999999,0.000001,0.000000,0.000000"
mistral_instruct,AGExPOLPARTY,AGExPOLPARTY :: 65+ | Democrat,HAPPEN2a_W41,4,"0.000040,0.000010,0.999950,0.000001"
mistral_instruct,AGExPOLPARTY,AGExPOLPARTY :: 65+ | Independent,HAPPEN2a_W41,4,"0.000000,0.000000,0.999999,0.000000"
mistral_instruct,AGExPOLPARTY,AGExPOLPARTY :: 65+ | Republican,HAPPEN2a_W41,4,"1.000000,0.000000,0.000000,0.000000"
mistral_instruct,AGExPOLPARTY,AGExPOLPARTY :: 18-29 | Democrat,HOMEIOT_W49,2,"1.000000,0.000000"
mistral_instruct,AGExPOLPARTY,AGExPOLPARTY :: 18-29 | Independent,HOMEIOT_W49,2,"1.000000,0.000000"
mistral_instruct,AGExPOLPARTY,AGExPOLPARTY :: 18-29 | Other,HOMEIOT_W49,2,"1.000000,0.000000"
mistral_instruct,AGExPOLPARTY,AGExPOLPARTY :: 18-29 | Republican,HOMEIOT_W49,2,"1.000000,0.000000"
mistral_instruct,AGExPOLPARTY,AGExPOLPARTY :: 30-49 | Democrat,HOMEIOT_W49,2,"1.000000,0.000000"
mistral_instruct,AGExPOLPARTY,AGExPOLPARTY :: 30-49 | Independent,HOMEIOT_W49,2,"1.000000,0.000000"
mistral_instruct,AGExPOLPARTY,AGExPOLPARTY :: 30-49 | Other,HOMEIOT_W49,2,"1.000000,0.000000"
mistral_instruct,AGExPOLPARTY,AGExPOLPARTY :: 30-49 | Republican,HOMEIOT_W49,2,"1.000000,0.000000"
mistral_instruct,AGExPOLPARTY,AGExPOLPARTY :: 50-64 | Democrat,HOMEIOT_W49,2,"1.000000,0.000000"
mistral_instruct,AGExPOLPARTY,AGExPOLPARTY :: 50-64 | Independent,HOMEIOT_W49,2,"1.000000,0.000000"
mistral_instruct,AGExPOLPARTY,AGExPOLPARTY :: 50-64 | Other,HOMEIOT_W49,2,"1.000000,0.000000"
mistral_instruct,AGExPOLPARTY,AGExPOLPARTY :: 50-64 | Republican,HOMEIOT_W49,2,"1.000000,0.000000"
mistral_instruct,AGExPOLPARTY,AGExPOLPARTY :: 65+ | Democrat,HOMEIOT_W49,2,"1.000000,0.000000"
mistral_instruct,AGExPOLPARTY,AGExPOLPARTY :: 65+ | Independent,HOMEIOT_W49,2,"1.000000,0.000000"
mistral_instruct,AGExPOLPARTY,AGExPOLPARTY :: 65+ | Other,HOMEIOT_W49,2,"1.000000,0.000000"
mistral_instruct,AGExPOLPARTY,AGExPOLPARTY :: 65+ | Republican,HOMEIOT_W49,2,"1.000000,0.000000"
mistral_instruct,AGExPOLPARTY,AGExPOLPARTY :: 18-29 | Democrat,INEQ1_W54,3,"1.000000,0.000000,0.000000"
mistral_instruct,AGExPOLPARTY,AGExPOLPARTY :: 18-29 | Independent,INEQ1_W54,3,"1.000000,0.000000,0.000000"
mistral_instruct,AGExPOLPARTY,AGExPOLPARTY :: 18-29 | Other,INEQ1_W54,3,"1.000000,0.000000,0.000000"
mistral_instruct,AGExPOLPARTY,AGExPOLPARTY :: 18-29 | Republican,INEQ1_W54,3,"1.000000,0.000000,0.000000"
mistral_instruct,AGExPOLPARTY,AGExPOLPARTY :: 30-49 | Democrat,INEQ1_W54,3,"1.000000,0.000000,0.000000"
mistral_instruct,AGExPOLPARTY,AGExPOLPARTY :: 30-49 | Independent,INEQ1_W54,3,"0.999857,0.000000,0.000143"
mistral_instruct,AGExPOLPARTY,AGExPOLPARTY :: 30-49 | Other,INEQ1_W54,3,"1.000000,0.000000,0.000000"
mistral_instruct,AGExPOLPARTY,AGExPOLPARTY :: 30-49 | Refused,INEQ1_W54,3,"0.316421,0.000504,0.683075"
mistral_instruct,AGExPOLPARTY,AGExPOLPARTY :: 30-49 | Republican,INEQ1_W54,3,"0.997659,0.000000,0.002341"
mistral_instruct,AGExPOLPARTY,AGExPOLPARTY :: 50-64 | Democrat,INEQ1_W54,3,"1.000000,0.000000,0.000000"
mistral_instruct,AGExPOLPARTY,AGExPOLPARTY :: 50-64 | Independent,INEQ1_W54,3,"1.000000,0.000000,0.000000"
mistral_instruct,AGExPOLPARTY,AGExPOLPARTY :: 50-64 | Other,INEQ1_W54,3,"1.000000,0.000000,0.000000"
mistral_instruct,AGExPOLPARTY,AGExPOLPARTY :: 50-64 | Republican,INEQ1_W54,3,"0.962107,0.000000,0.037892"
mistral_instruct,AGExPOLPARTY,AGExPOLPARTY :: 65+ | Democrat,INEQ1_W54,3,"1.000000,0.000000,0.000000"
mistral_instruct,AGExPOLPARTY,AGExPOLPARTY :: 65+ | Independent,INEQ1_W54,3,"1.000000,0.000000,0.000000"
mistral_instruct,AGExPOLPARTY,AGExPOLPARTY :: 65+ | Other,INEQ1_W54,3,"1.000000,0.000000,0.000000"
mistral_instruct,AGExPOLPARTY,AGExPOLPARTY :: 65+ | Republican,INEQ1_W54,3,"0.622459,0.000000,0.377541"
mistral_instruct,AGExPOLPARTY,AGExPOLPARTY :: 18-29 | Democrat,INEQ5_i_W54,4,"1.000000,0.000000,0.000000,0.000000"
mistral_instruct,AGExPOLPARTY,AGExPOLPARTY :: 18-29 | Independent,INEQ5_i_W54,4,"0.000316,0.999655,0.000025,0.000004"
mistral_instruct,AGExPOLPARTY,AGExPOLPARTY :: 18-29 | Other,INEQ5_i_W54,4,"0.013072,0.967919,0.018871,0.000137"
mistral_instruct,AGExPOLPARTY,AGExPOLPARTY :: 18-29 | Republican,INEQ5_i_W54,4,"0.000000,0.000000,1.000000,0.000000"
mistral_instruct,AGExPOLPARTY,AGExPOLPARTY :: 30-49 | Democrat,INEQ5_i_W54,4,"1.000000,0.000000,0.000000,0.000000"
mistral_instruct,AGExPOLPARTY,AGExPOLPARTY :: 30-49 | Independent,INEQ5_i_W54,4,"0.000014,0.999981,0.000005,0.000001"
mistral_instruct,AGExPOLPARTY,AGExPOLPARTY :: 30-49 | Other,INEQ5_i_W54,4,"0.000260,0.997754,0.001972,0.000014"
mistral_instruct,AGExPOLPARTY,AGExPOLPARTY :: 30-49 | Refused,INEQ5_i_W54,4,"0.000006,0.000000,0.998938,0.001057"
mistral_instruct,AGExPOLPARTY,AGExPOLPARTY :: 30-49 | Republican,INEQ5_i_W54,4,"0.000043,0.000000,0.999957,0.000000"
mistral_instruct,AGExPOLPARTY,AGExPOLPARTY :: 50-64 | Democrat,INEQ5_i_W54,4,"1.000000,0.000000,0.000000,0.000000"
mistral_instruct,AGExPOLPARTY,AGExPOLPARTY :: 50-64 | Independent,INEQ5_i_W54,4,"0.000393,0.999277,0.000322,0.000007"
mistral_instruct,AGExPOLPARTY,AGExPOLPARTY :: 50-64 | Other,INEQ5_i_W54,4,"0.000358,0.024414,0.975194,0.000034"
mistral_instruct,AGExPOLPARTY,AGExPOLPARTY :: 50-64 | Republican,INEQ5_i_W54,4,"0.000001,0.000000,0.999999,0.000000"
mistral_instruct,AGExPOLPARTY,AGExPOLPARTY :: 65+ | Democrat,INEQ5_i_W54,4,"1.000000,0.000000,0.000000,0.000000"
mistral_instruct,AGExPOLPARTY,AGExPOLPARTY :: 65+ | Independent,INEQ5_i_W54,4,"0.644212,0.000016,0.355768,0.000004"
mistral_instruct,AGExPOLPARTY,AGExPOLPARTY :: 65+ | Other,INEQ5_i_W54,4,"0.000008,0.000000,0.999988,0.000004"
mistral_instruct,AGExPOLPARTY,AGExPOLPARTY :: 65+ | Republican,INEQ5_i_W54,4,"0.000000,0.000000,1.000000,0.000000"
mistral_instruct,AGExPOLPARTY,AGExPOLPARTY :: 18-29 | Democrat,INFOKNOWe_W45,2,"1.000000,0.000000"
mistral_instruct,AGExPOLPARTY,AGExPOLPARTY :: 18-29 | Independent,INFOKNOWe_W45,2,"1.000000,0.000000"
mistral_instruct,AGExPOLPARTY,AGExPOLPARTY :: 18-29 | Other,INFOKNOWe_W45,2,"0.999997,0.000003"
mistral_instruct,AGExPOLPARTY,AGExPOLPARTY :: 18-29 | Republican,INFOKNOWe_W45,2,"1.000000,0.000000"
mistral_instruct,AGExPOLPARTY,AGExPOLPARTY :: 30-49 | Democrat,INFOKNOWe_W45,2,"1.000000,0.000000"
mistral_instruct,AGExPOLPARTY,AGExPOLPARTY :: 30-49 | Independent,INFOKNOWe_W45,2,"1.000000,0.000000"
mistral_instruct,AGExPOLPARTY,AGExPOLPARTY :: 30-49 | Other,INFOKNOWe_W45,2,"0.999998,0.000002"
mistral_instruct,AGExPOLPARTY,AGExPOLPARTY :: 30-49 | Republican,INFOKNOWe_W45,2,"1.000000,0.000000"
mistral_instruct,AGExPOLPARTY,AGExPOLPARTY :: 50-64 | Democrat,INFOKNOWe_W45,2,"1.000000,0.000000"
mistral_instruct,AGExPOLPARTY,AGExPOLPARTY :: 50-64 | Independent,INFOKNOWe_W45,2,"1.000000,0.000000"
mistral_instruct,AGExPOLPARTY,AGExPOLPARTY :: 50-64 | Other,INFOKNOWe_W45,2,"1.000000,0.000000"
mistral_instruct,AGExPOLPARTY,AGExPOLPARTY :: 50-64 | Republican,INFOKNOWe_W45,2,"1.000000,0.000000"
mistral_instruct,AGExPOLPARTY,AGExPOLPARTY :: 65+ | Democrat,INFOKNOWe_W45,2,"1.000000,0.000000"
mistral_instruct,AGExPOLPARTY,AGExPOLPARTY :: 65+ | Independent,INFOKNOWe_W45,2,"1.000000,0.000000"
mistral_instruct,AGExPOLPARTY,AGExPOLPARTY :: 65+ | Other,INFOKNOWe_W45,2,"0.988668,0.011332"
mistral_instruct,AGExPOLPARTY,AGExPOLPARTY :: 65+ | Republican,INFOKNOWe_W45,2,"1.000000,0.000000"
mistral_instruct,AGExPOLPARTY,AGExPOLPARTY :: 18-29 | Democrat,INSTN_CLGS_W92,2,"1.000000,0.000000"
mistral_instruct,AGExPOLPARTY,AGExPOLPARTY :: 18-29 | Independent,INSTN_CLGS_W92,2,"1.000000,0.000000"
mistral_instruct,AGExPOLPARTY,AGExPOLPARTY :: 18-29 | Other,INSTN_CLGS_W92,2,"0.997757,0.002243"
mistral_instruct,AGExPOLPARTY,AGExPOLPARTY :: 18-29 | Republican,INSTN_CLGS_W92,2,"0.999170,0.000830"
mistral_instruct,AGExPOLPARTY,AGExPOLPARTY :: 30-49 | Democrat,INSTN_CLGS_W92,2,"1.000000,0.000000"
mistral_instruct,AGExPOLPARTY,AGExPOLPARTY :: 30-49 | Independent,INSTN_CLGS_W92,2,"1.000000,0.000000"
mistral_instruct,AGExPOLPARTY,AGExPOLPARTY :: 30-49 | Other,INSTN_CLGS_W92,2,"0.977629,0.022371"
mistral_instruct,AGExPOLPARTY,AGExPOLPARTY :: 30-49 | Republican,INSTN_CLGS_W92,2,"0.998803,0.001197"
mistral_instruct,AGExPOLPARTY,AGExPOLPARTY :: 50-64 | Democrat,INSTN_CLGS_W92,2,"1.000000,0.000000"
mistral_instruct,AGExPOLPARTY,AGExPOLPARTY :: 50-64 | Independent,INSTN_CLGS_W92,2,"1.000000,0.000000"
mistral_instruct,AGExPOLPARTY,AGExPOLPARTY :: 50-64 | Other,INSTN_CLGS_W92,2,"0.999757,0.000243"
mistral_instruct,AGExPOLPARTY,AGExPOLPARTY :: 50-64 | Refused,INSTN_CLGS_W92,2,"0.031262,0.968738"
mistral_instruct,AGExPOLPARTY,AGExPOLPARTY :: 50-64 | Republican,INSTN_CLGS_W92,2,"0.999961,0.000039"
mistral_instruct,AGExPOLPARTY,AGExPOLPARTY :: 65+ | Democrat,INSTN_CLGS_W92,2,"1.000000,0.000000"
mistral_instruct,AGExPOLPARTY,AGExPOLPARTY :: 65+ | Independent,INSTN_CLGS_W92,2,"1.000000,0.000000"
mistral_instruct,AGExPOLPARTY,AGExPOLPARTY :: 65+ | Other,INSTN_CLGS_W92,2,"0.999909,0.000091"
mistral_instruct,AGExPOLPARTY,AGExPOLPARTY :: 65+ | Republican,INSTN_CLGS_W92,2,"0.998696,0.001305"
mistral_instruct,AGExPOLPARTY,AGExPOLPARTY :: 18-29 | Democrat,NATDEBT_W41,4,"1.000000,0.000000,0.000000,0.000000"
mistral_instruct,AGExPOLPARTY,AGExPOLPARTY :: 18-29 | Independent,NATDEBT_W41,4,"1.000000,0.000000,0.000000,0.000000"
mistral_instruct,AGExPOLPARTY,AGExPOLPARTY :: 18-29 | Other,NATDEBT_W41,4,"1.000000,0.000000,0.000000,0.000000"
mistral_instruct,AGExPOLPARTY,AGExPOLPARTY :: 18-29 | Republican,NATDEBT_W41,4,"1.000000,0.000000,0.000000,0.000000"
mistral_instruct,AGExPOLPARTY,AGExPOLPARTY :: 30-49 | Democrat,NATDEBT_W41,4,"1.000000,0.000000,0.000000,0.000000"
mistral_instruct,AGExPOLPARTY,AGExPOLPARTY :: 30-49 | Independent,NATDEBT_W41,4,"1.000000,0.000000,0.000000,0.000000"
mistral_instruct,AGExPOLPARTY,AGExPOLPARTY :: 30-49 | Other,NATDEBT_W41,4,"1.000000,0.000000,0.000000,0.000000"
mistral_instruct,AGExPOLPARTY,AGExPOLPARTY :: 30-49 | Republican,NATDEBT_W41,4,"1.000000,0.000000,0.000000,0.000000"
mistral_instruct,AGExPOLPARTY,AGExPOLPARTY :: 50-64 | Democrat,NATDEBT_W41,4,"1.000000,0.000000,0.000000,0.000000"
mistral_instruct,AGExPOLPARTY,AGExPOLPARTY :: 50-64 | Independent,NATDEBT_W41,4,"1.000000,0.000000,0.000000,0.000000"
mistral_instruct,AGExPOLPARTY,AGExPOLPARTY :: 50-64 | Other,NATDEBT_W41,4,"1.000000,0.000000,0.000000,0.000000"
mistral_instruct,AGExPOLPARTY,AGExPOLPARTY :: 50-64 | Republican,NATDEBT_W41,4,"1.000000,0.000000,0.000000,0.000000"
mistral_instruct,AGExPOLPARTY,AGExPOLPARTY :: 65+ | Democrat,NATDEBT_W41,4,"1.000000,0.000000,0.000000,0.000000"
mistral_instruct,AGExPOLPARTY,AGExPOLPARTY :: 65+ | Independent,NATDEBT_W41,4,"1.000000,0.000000,0.000000,0.000000"
mistral_instruct,AGExPOLPARTY,AGExPOLPARTY :: 65+ | Republican,NATDEBT_W41,4,"1.000000,0.000000,0.000000,0.000000"
mistral_instruct,AGExPOLPARTY,AGExPOLPARTY :: 18-29 | Democrat,NEIGHSAMEB_W32,5,"0.000000,0.000000,0.000000,1.000000,0.000000"
mistral_instruct,AGExPOLPARTY,AGExPOLPARTY :: 18-29 | Independent,NEIGHSAMEB_W32,5,"0.000000,0.000000,0.000000,1.000000,0.000000"
mistral_instruct,AGExPOLPARTY,AGExPOLPARTY :: 18-29 | Other,NEIGHSAMEB_W32,5,"0.000000,0.000000,0.000000,1.000000,0.000000"
mistral_instruct,AGExPOLPARTY,AGExPOLPARTY :: 18-29 | Republican,NEIGHSAMEB_W32,5,"0.000000,0.000000,0.000000,1.000000,0.000000"
mistral_instruct,AGExPOLPARTY,AGExPOLPARTY :: 30-49 | Democrat,NEIGHSAMEB_W32,5,"0.000000,0.000000,0.000000,1.000000,0.000000"
mistral_instruct,AGExPOLPARTY,AGExPOLPARTY :: 30-49 | Independent,NEIGHSAMEB_W32,5,"0.000000,0.000000,0.000000,1.000000,0.000000"
mistral_instruct,AGExPOLPARTY,AGExPOLPARTY :: 30-49 | Other,NEIGHSAMEB_W32,5,"0.000000,0.000000,0.000000,1.000000,0.000000"
mistral_instruct,AGExPOLPARTY,AGExPOLPARTY :: 30-49 | Republican,NEIGHSAMEB_W32,5,"0.000000,0.000000,0.000000,1.000000,0.000000"
mistral_instruct,AGExPOLPARTY,AGExPOLPARTY :: 50-64 | Democrat,NEIGHSAMEB_W32,5,"0.000000,0.000000,0.000000,1.000000,0.000000"
mistral_instruct,AGExPOLPARTY,AGExPOLPARTY :: 50-64 | Independent,NEIGHSAMEB_W32,5,"0.000000,0.000000,0.000000,1.000000,0.000000"
mistral_instruct,AGExPOLPARTY,AGExPOLPARTY :: 50-64 | Other,NEIGHSAMEB_W32,5,"0.000000,0.000000,0.000000,1.000000,0.000000"
mistral_instruct,AGExPOLPARTY,AGExPOLPARTY :: 50-64 | Republican,NEIGHSAMEB_W32,5,"0.000000,0.000000,0.000000,1.000000,0.000000"
mistral_instruct,AGExPOLPARTY,AGExPOLPARTY :: 65+ | Democrat,NEIGHSAMEB_W32,5,"0.000000,0.000000,0.000000,1.000000,0.000000"
mistral_instruct,AGExPOLPARTY,AGExPOLPARTY :: 65+ | Independent,NEIGHSAMEB_W32,5,"0.000000,0.000000,0.000000,1.000000,0.000000"
mistral_instruct,AGExPOLPARTY,AGExPOLPARTY :: 65+ | Other,NEIGHSAMEB_W32,5,"0.000000,0.000000,0.000000,0.999993,0.000007"
mistral_instruct,AGExPOLPARTY,AGExPOLPARTY :: 65+ | Republican,NEIGHSAMEB_W32,5,"0.000000,0.000000,0.000000,1.000000,0.000000"
mistral_instruct,AGExPOLPARTY,AGExPOLPARTY :: 18-29 | Democrat,PQ3_F2Ba_W42,2,"0.000165,0.999835"
mistral_instruct,AGExPOLPARTY,AGExPOLPARTY :: 18-29 | Independent,PQ3_F2Ba_W42,2,"0.000000,1.000000"
mistral_instruct,AGExPOLPARTY,AGExPOLPARTY :: 18-29 | Other,PQ3_F2Ba_W42,2,"0.000000,1.000000"
mistral_instruct,AGExPOLPARTY,AGExPOLPARTY :: 18-29 | Republican,PQ3_F2Ba_W42,2,"0.000014,0.999987"
mistral_instruct,AGExPOLPARTY,AGExPOLPARTY :: 30-49 | Democrat,PQ3_F2Ba_W42,2,"0.000600,0.999400"
mistral_instruct,AGExPOLPARTY,AGExPOLPARTY :: 30-49 | Independent,PQ3_F2Ba_W42,2,"0.000000,1.000000"
mistral_instruct,AGExPOLPARTY,AGExPOLPARTY :: 30-49 | Other,PQ3_F2Ba_W42,2,"0.000000,1.000000"
mistral_instruct,AGExPOLPARTY,AGExPOLPARTY :: 30-49 | Refused,PQ3_F2Ba_W42,2,"0.000000,1.000000"
mistral_instruct,AGExPOLPARTY,AGExPOLPARTY :: 30-49 | Republican,PQ3_F2Ba_W42,2,"0.000083,0.999917"
mistral_instruct,AGExPOLPARTY,AGExPOLPARTY :: 50-64 | Democrat,PQ3_F2Ba_W42,2,"0.000338,0.999662"
mistral_instruct,AGExPOLPARTY,AGExPOLPARTY :: 50-64 | Independent,PQ3_F2Ba_W42,2,"0.000000,1.000000"
mistral_instruct,AGExPOLPARTY,AGExPOLPARTY :: 50-64 | Other,PQ3_F2Ba_W42,2,"0.000000,1.000000"
mistral_instruct,AGExPOLPARTY,AGExPOLPARTY :: 50-64 | Republican,PQ3_F2Ba_W42,2,"0.000035,0.999965"
mistral_instruct,AGExPOLPARTY,AGExPOLPARTY :: 65+ | Democrat,PQ3_F2Ba_W42,2,"0.000032,0.999968"
mistral_instruct,AGExPOLPARTY,AGExPOLPARTY :: 65+ | Independent,PQ3_F2Ba_W42,2,"0.000000,1.000000"
mistral_instruct,AGExPOLPARTY,AGExPOLPARTY :: 65+ | Other,PQ3_F2Ba_W42,2,"0.000000,1.000000"
mistral_instruct,AGExPOLPARTY,AGExPOLPARTY :: 65+ | Republican,PQ3_F2Ba_W42,2,"0.000008,0.999992"
mistral_instruct,AGExPOLPARTY,AGExPOLPARTY :: 18-29 | Democrat,PQ8_F2C_W42,4,"0.001896,0.000345,0.877176,0.120582"
mistral_instruct,AGExPOLPARTY,AGExPOLPARTY :: 18-29 | Independent,PQ8_F2C_W42,4,"0.000351,0.000090,0.997049,0.002510"
mistral_instruct,AGExPOLPARTY,AGExPOLPARTY :: 18-29 | Other,PQ8_F2C_W42,4,"0.004398,0.000147,0.899189,0.096266"
mistral_instruct,AGExPOLPARTY,AGExPOLPARTY :: 18-29 | Republican,PQ8_F2C_W42,4,"0.000092,0.000003,0.999325,0.000579"
mistral_instruct,AGExPOLPARTY,AGExPOLPARTY :: 30-49 | Democrat,PQ8_F2C_W42,4,"0.001617,0.001513,0.979213,0.017657"
mistral_instruct,AGExPOLPARTY,AGExPOLPARTY :: 30-49 | Independent,PQ8_F2C_W42,4,"0.000251,0.000740,0.998494,0.000515"
mistral_instruct,AGExPOLPARTY,AGExPOLPARTY :: 30-49 | Other,PQ8_F2C_W42,4,"0.001890,0.000119,0.978979,0.019013"
mistral_instruct,AGExPOLPARTY,AGExPOLPARTY :: 30-49 | Refused,PQ8_F2C_W42,4,"0.018202,0.000133,0.183119,0.798545"
mistral_instruct,AGExPOLPARTY,AGExPOLPARTY :: 30-49 | Republican,PQ8_F2C_W42,4,"0.000037,0.000001,0.999913,0.000049"
mistral_instruct,AGExPOLPARTY,AGExPOLPARTY :: 50-64 | Democrat,PQ8_F2C_W42,4,"0.001831,0.000314,0.908592,0.089263"
mistral_instruct,AGExPOLPARTY,AGExPOLPARTY :: 50-64 | Independent,PQ8_F2C_W42,4,"0.000246,0.000020,0.997062,0.002672"
mistral_instruct,AGExPOLPARTY,AGExPOLPARTY :: 50-64 | Other,PQ8_F2C_W42,4,"0.003474,0.000088,0.884044,0.112394"
mistral_instruct,AGExPOLPARTY,AGExPOLPARTY :: 50-64 | Republican,PQ8_F2C_W42,4,"0.000042,0.000001,0.999792,0.000165"
mistral_instruct,AGExPOLPARTY,AGExPOLPARTY :: 65+ | Democrat,PQ8_F2C_W42,4,"0.000253,0.000014,0.018684,0.981049"
mistral_instruct,AGExPOLPARTY,AGExPOLPARTY :: 65+ | Independent,PQ8_F2C_W42,4,"0.001584,0.000045,0.414223,0.584148"
mistral_instruct,AGExPOLPARTY,AGExPOLPARTY :: 65+ | Other,PQ8_F2C_W42,4,"0.000920,0.000015,0.013943,0.985123"
mistral_instruct,AGExPOLPARTY,AGExPOLPARTY :: 65+ | Republican,PQ8_F2C_W42,4,"0.000300,0.000007,0.974522,0.025171"
mistral_instruct,AGExPOLPARTY,AGExPOLPARTY :: 18-29 | Democrat,Q9F1_W42,3,"0.000000,1.000000,0.000000"
mistral_instruct,AGExPOLPARTY,AGExPOLPARTY :: 18-29 | Independent,Q9F1_W42,3,"0.000000,0.000000,1.000000"
mistral_instruct,AGExPOLPARTY,AGExPOLPARTY :: 18-29 | Other,Q9F1_W42,3,"0.000000,0.000395,0.999605"
mistral_instruct,AGExPOLPARTY,AGExPOLPARTY :: 18-29 | Republican,Q9F1_W42,3,"0.000000,0.999987,0.000013"
mistral_instruct,AGExPOLPARTY,AGExPOLPARTY :: 30-49 | Democrat,Q9F1_W42,3,"0.000000,1.000000,0.000000"
mistral_instruct,AGExPOLPARTY,AGExPOLPARTY :: 30-49 | Independent,Q9F1_W42,3,"0.000000,0.000002,0.999998"
mistral_instruct,AGExPOLPARTY,AGExPOLPARTY :: 30-49 | Other,Q9F1_W42,3,"0.000002,0.041462,0.958536"
mistral_instruct,AGExPOLPARTY,AGExPOLPARTY :: 30-49 | Refused,Q9F1_W42,3,"0.000000,0.000079,0.999921"
mistral_instruct,AGExPOLPARTY,AGExPOLPARTY :: 30-49 | Republican,Q9F1_W42,3,"0.000000,0.999998,0.000002"
mistral_instruct,AGExPOLPARTY,AGExPOLPARTY :: 50-64 | Democrat,Q9F1_W42,3,"0.000000,1.000000,0.000000"
mistral_instruct,AGExPOLPARTY,AGExPOLPARTY :: 50-64 | Independent,Q9F1_W42,3,"0.000000,0.001142,0.998857"
mistral_instruct,AGExPOLPARTY,AGExPOLPARTY :: 50-64 | Other,Q9F1_W42,3,"0.000003,0.754913,0.245084"
mistral_instruct,AGExPOLPARTY,AGExPOLPARTY :: 50-64 | Republican,Q9F1_W42,3,"0.000000,0.999998,0.000001"
mistral_instruct,AGExPOLPARTY,AGExPOLPARTY :: 65+ | Democrat,Q9F1_W42,3,"0.000000,1.000000,0.000000"
mistral_instruct,AGExPOLPARTY,AGExPOLPARTY :: 65+ | Independent,Q9F1_W42,3,"0.000001,0.074770,0.925229"
mistral_instruct,AGExPOLPARTY,AGExPOLPARTY :: 65+ | Other,Q9F1_W42,3,"0.000000,0.990944,0.009055"
mistral_instruct,AGExPOLPARTY,AGExPOLPARTY :: 65+ | Republican,Q9F1_W42,3,"0.000000,0.999999,0.000001"
mistral_instruct,AGExPOLPARTY,AGExPOLPARTY :: 18-29 | Democrat,RACESURV28d_W43,3,"1.000000,0.000000,0.000000"
mistral_instruct,AGExPOLPARTY,AGExPOLPARTY :: 18-29 | Independent,RACESURV28d_W43,3,"1.000000,0.000000,0.000000"
mistral_instruct,AGExPOLPARTY,AGExPOLPARTY :: 18-29 | Other,RACESURV28d_W43,3,"1.000000,0.000000,0.000000"
mistral_instruct,AGExPOLPARTY,AGExPOLPARTY :: 18-29 | Republican,RACESURV28d_W43,3,"1.000000,0.000000,0.000000"
mistral_instruct,AGExPOLPARTY,AGExPOLPARTY :: 30-49 | Democrat,RACESURV28d_W43,3,"1.000000,0.000000,0.000000"
mistral_instruct,AGExPOLPARTY,AGExPOLPARTY :: 30-49 | Independent,RACESURV28d_W43,3,"1.000000,0.000000,0.000000"
mistral_instruct,AGExPOLPARTY,AGExPOLPARTY :: 30-49 | Other,RACESURV28d_W43,3,"1.000000,0.000000,0.000000"
mistral_instruct,AGExPOLPARTY,AGExPOLPARTY :: 30-49 | Refused,RACESURV28d_W43,3,"1.000000,0.000000,0.000000"
mistral_instruct,AGExPOLPARTY,AGExPOLPARTY :: 30-49 | Republican,RACESURV28d_W43,3,"1.000000,0.000000,0.000000"
mistral_instruct,AGExPOLPARTY,AGExPOLPARTY :: 50-64 | Democrat,RACESURV28d_W43,3,"1.000000,0.000000,0.000000"
mistral_instruct,AGExPOLPARTY,AGExPOLPARTY :: 50-64 | Independent,RACESURV28d_W43,3,"1.000000,0.000000,0.000000"
mistral_instruct,AGExPOLPARTY,AGExPOLPARTY :: 50-64 | Other,RACESURV28d_W43,3,"1.000000,0.000000,0.000000"
mistral_instruct,AGExPOLPARTY,AGExPOLPARTY :: 50-64 | Refused,RACESURV28d_W43,3,"1.000000,0.000000,0.000000"
mistral_instruct,AGExPOLPARTY,AGExPOLPARTY :: 50-64 | Republican,RACESURV28d_W43,3,"1.000000,0.000000,0.000000"
mistral_instruct,AGExPOLPARTY,AGExPOLPARTY :: 65+ | Democrat,RACESURV28d_W43,3,"1.000000,0.000000,0.000000"
mistral_instruct,AGExPOLPARTY,AGExPOLPARTY :: 65+ | Independent,RACESURV28d_W43,3,"1.000000,0.000000,0.000000"
mistral_instruct,AGExPOLPARTY,AGExPOLPARTY :: 65+ | Other,RACESURV28d_W43,3,"1.000000,0.000000,0.000000"
mistral_instruct,AGExPOLPARTY,AGExPOLPARTY :: 65+ | Republican,RACESURV28d_W43,3,"1.000000,0.000000,0.000000"
mistral_instruct,AGExPOLPARTY,AGExPOLPARTY :: 18-29 | Democrat,RACESURV34a_W43,5,"0.000000,0.000000,0.000000,0.000000,1.000000"
mistral_instruct,AGExPOLPARTY,AGExPOLPARTY :: 18-29 | Independent,RACESURV34a_W43,5,"0.000000,0.000000,0.000000,0.000000,1.000000"
mistral_instruct,AGExPOLPARTY,AGExPOLPARTY :: 18-29 | Other,RACESURV34a_W43,5,"0.000000,0.000000,0.000000,0.000000,1.000000"
mistral_instruct,AGExPOLPARTY,AGExPOLPARTY :: 18-29 | Republican,RACESURV34a_W43,5,"0.000000,0.000000,0.000000,0.000000,1.000000"
mistral_instruct,AGExPOLPARTY,AGExPOLPARTY :: 30-49 | Democrat,RACESURV34a_W43,5,"0.000000,0.000000,0.000000,0.000000,1.000000"
mistral_instruct,AGExPOLPARTY,AGExPOLPARTY :: 30-49 | Independent,RACESURV34a_W43,5,"0.000000,0.000000,0.000000,0.000000,1.000000"
mistral_instruct,AGExPOLPARTY,AGExPOLPARTY :: 30-49 | Other,RACESURV34a_W43,5,"0.000000,0.000000,0.000000,0.000000,1.000000"
mistral_instruct,AGExPOLPARTY,AGExPOLPARTY :: 30-49 | Refused,RACESURV34a_W43,5,"0.000000,0.000000,0.000000,0.000000,1.000000"
mistral_instruct,AGExPOLPARTY,AGExPOLPARTY :: 30-49 | Republican,RACESURV34a_W43,5,"0.000000,0.000000,0.000000,0.000000,1.000000"
mistral_instruct,AGExPOLPARTY,AGExPOLPARTY :: 50-64 | Democrat,RACESURV34a_W43,5,"0.000000,0.000000,0.000000,0.000000,1.000000"
mistral_instruct,AGExPOLPARTY,AGExPOLPARTY :: 50-64 | Independent,RACESURV34a_W43,5,"0.000000,0.000000,0.000000,0.000000,1.000000"
mistral_instruct,AGExPOLPARTY,AGExPOLPARTY :: 50-64 | Other,RACESURV34a_W43,5,"0.000000,0.000000,0.000000,0.000000,1.000000"
mistral_instruct,AGExPOLPARTY,AGExPOLPARTY :: 50-64 | Refused,RACESURV34a_W43,5,"0.000000,0.000000,0.000000,0.000000,1.000000"
mistral_instruct,AGExPOLPARTY,AGExPOLPARTY :: 50-64 | Republican,RACESURV34a_W43,5,"0.000000,0.000000,0.000000,0.000000,1.000000"
mistral_instruct,AGExPOLPARTY,AGExPOLPARTY :: 65+ | Democrat,RACESURV34a_W43,5,"0.000000,0.000000,0.000000,0.000000,1.000000"
mistral_instruct,AGExPOLPARTY,AGExPOLPARTY :: 65+ | Independent,RACESURV34a_W43,5,"0.000000,0.000000,0.000000,0.000000,1.000000"
mistral_instruct,AGExPOLPARTY,AGExPOLPARTY :: 65+ | Other,RACESURV34a_W43,5,"0.000000,0.000000,0.000000,0.000000,1.000000"
mistral_instruct,AGExPOLPARTY,AGExPOLPARTY :: 65+ | Republican,RACESURV34a_W43,5,"0.000000,0.000000,0.000000,0.000000,1.000000"
mistral_instruct,AGExPOLPARTY,AGExPOLPARTY :: 18-29 | Democrat,RACESURV53d_W43,2,"1.000000,0.000000"
mistral_instruct,AGExPOLPARTY,AGExPOLPARTY :: 18-29 | Independent,RACESURV53d_W43,2,"0.000826,0.999174"
mistral_instruct,AGExPOLPARTY,AGExPOLPARTY :: 18-29 | Other,RACESURV53d_W43,2,"0.966156,0.033844"
mistral_instruct,AGExPOLPARTY,AGExPOLPARTY :: 18-29 | Republican,RACESURV53d_W43,2,"0.004365,0.995635"
mistral_instruct,AGExPOLPARTY,AGExPOLPARTY :: 30-49 | Democrat,RACESURV53d_W43,2,"1.000000,0.000000"
mistral_instruct,AGExPOLPARTY,AGExPOLPARTY :: 30-49 | Independent,RACESURV53d_W43,2,"0.000106,0.999894"
mistral_instruct,AGExPOLPARTY,AGExPOLPARTY :: 30-49 | Other,RACESURV53d_W43,2,"0.040541,0.959459"
mistral_instruct,AGExPOLPARTY,AGExPOLPARTY :: 30-49 | Refused,RACESURV53d_W43,2,"0.000000,1.000000"
mistral_instruct,AGExPOLPARTY,AGExPOLPARTY :: 30-49 | Republican,RACESURV53d_W43,2,"0.000985,0.999015"
mistral_instruct,AGExPOLPARTY,AGExPOLPARTY :: 50-64 | Democrat,RACESURV53d_W43,2,"0.999992,0.000008"
mistral_instruct,AGExPOLPARTY,AGExPOLPARTY :: 50-64 | Independent,RACESURV53d_W43,2,"0.000012,0.999988"
mistral_instruct,AGExPOLPARTY,AGExPOLPARTY :: 50-64 | Other,RACESURV53d_W43,2,"0.000245,0.999755"
mistral_instruct,AGExPOLPARTY,AGExPOLPARTY :: 50-64 | Refused,RACESURV53d_W43,2,"0.000000,1.000000"
mistral_instruct,AGExPOLPARTY,AGExPOLPARTY :: 50-64 | Republican,RACESURV53d_W43,2,"0.000126,0.999874"
mistral_instruct,AGExPOLPARTY,AGExPOLPARTY :: 65+ | Democrat,RACESURV53d_W43,2,"0.996322,0.003679"
mistral_instruct,AGExPOLPARTY,AGExPOLPARTY :: 65+ | Independent,RACESURV53d_W43,2,"0.000002,0.999998"
mistral_instruct,AGExPOLPARTY,AGExPOLPARTY :: 65+ | Other,RACESURV53d_W43,2,"0.000278,0.999722"
mistral_instruct,AGExPOLPARTY,AGExPOLPARTY :: 65+ | Republican,RACESURV53d_W43,2,"0.000018,0.999982"
mistral_instruct,AGExPOLPARTY,AGExPOLPARTY :: 18-29 | Democrat,RQ2_F1B_W42,3,"0.000013,0.999968,0.000019"
mistral_instruct,AGExPOLPARTY,AGExPOLPARTY :: 18-29 | Independent,RQ2_F1B_W42,3,"0.000001,0.999996,0.000003"
mistral_instruct,AGExPOLPARTY,AGExPOLPARTY :: 18-29 | Other,RQ2_F1B_W42,3,"0.000005,0.045692,0.954304"
mistral_instruct,AGExPOLPARTY,AGExPOLPARTY :: 18-29 | Republican,RQ2_F1B_W42,3,"0.000104,0.386723,0.613173"
mistral_instruct,AGExPOLPARTY,AGExPOLPARTY :: 30-49 | Democrat,RQ2_F1B_W42,3,"0.000036,0.999892,0.000072"
mistral_instruct,AGExPOLPARTY,AGExPOLPARTY :: 30-49 | Independent,RQ2_F1B_W42,3,"0.000001,0.999996,0.000003"
mistral_instruct,AGExPOLPARTY,AGExPOLPARTY :: 30-49 | Other,RQ2_F1B_W42,3,"0.000010,0.388614,0.611376"
mistral_instruct,AGExPOLPARTY,AGExPOLPARTY :: 30-49 | Refused,RQ2_F1B_W42,3,"0.000000,0.000000,1.000000"
mistral_instruct,AGExPOLPARTY,AGExPOLPARTY :: 30-49 | Republican,RQ2_F1B_W42,3,"0.000144,0.210736,0.789120"
mistral_instruct,AGExPOLPARTY,AGExPOLPARTY :: 50-64 | Democrat,RQ2_F1B_W42,3,"0.000056,0.999786,0.000158"
mistral_instruct,AGExPOLPARTY,AGExPOLPARTY :: 50-64 | Independent,RQ2_F1B_W42,3,"0.000003,0.999969,0.000028"
mistral_instruct,AGExPOLPARTY,AGExPOLPARTY :: 50-64 | Other,RQ2_F1B_W42,3,"0.000001,0.009486,0.990513"
mistral_instruct,AGExPOLPARTY,AGExPOLPARTY :: 50-64 | Republican,RQ2_F1B_W42,3,"0.000059,0.061872,0.938069"
mistral_instruct,AGExPOLPARTY,AGExPOLPARTY :: 65+ | Democrat,RQ2_F1B_W42,3,"0.000302,0.915833,0.083865"
mistral_instruct,AGExPOLPARTY,AGExPOLPARTY :: 65+ | Independent,RQ2_F1B_W42,3,"0.000056,0.573646,0.426298"
mistral_instruct,AGExPOLPARTY,AGExPOLPARTY :: 65+ | Other,RQ2_F1B_W42,3,"0.000000,0.000000,1.000000"
mistral_instruct,AGExPOLPARTY,AGExPOLPARTY :: 65+ | Republican,RQ2_F1B_W42,3,"0.000000,0.000013,0.999987"
mistral_instruct,AGExPOLPARTY,AGExPOLPARTY :: 18-29 | Democrat,RQ4_F1Ac_W42,4,"0.000001,0.999996,0.000002,0.000000"
mistral_instruct,AGExPOLPARTY,AGExPOLPARTY :: 18-29 | Independent,RQ4_F1Ac_W42,4,"0.000000,1.000000,0.000000,0.000000"
mistral_instruct,AGExPOLPARTY,AGExPOLPARTY :: 18-29 | Other,RQ4_F1Ac_W42,4,"0.000008,0.999987,0.000003,0.000001"
mistral_instruct,AGExPOLPARTY,AGExPOLPARTY :: 18-29 | Republican,RQ4_F1Ac_W42,4,"0.000009,0.057917,0.942071,0.000002"
mistral_instruct,AGExPOLPARTY,AGExPOLPARTY :: 30-49 | Democrat,RQ4_F1Ac_W42,4,"0.000001,0.999998,0.000002,0.000000"
mistral_instruct,AGExPOLPARTY,AGExPOLPARTY :: 30-49 | Independent,RQ4_F1Ac_W42,4,"0.000000,1.000000,0.000000,0.000000"
mistral_instruct,AGExPOLPARTY,AGExPOLPARTY :: 30-49 | Other,RQ4_F1Ac_W42,4,"0.000002,0.999996,0.000002,0.000000"
mistral_instruct,AGExPOLPARTY,AGExPOLPARTY :: 30-49 | Refused,RQ4_F1Ac_W42,4,"0.000151,0.000002,0.993937,0.005910"
mistral_instruct,AGExPOLPARTY,AGExPOLPARTY :: 30-49 | Republican,RQ4_F1Ac_W42,4,"0.000004,0.061424,0.938572,0.000001"
mistral_instruct,AGExPOLPARTY,AGExPOLPARTY :: 50-64 | Democrat,RQ4_F1Ac_W42,4,"0.000001,0.999978,0.000020,0.000000"
mistral_instruct,AGExPOLPARTY,AGExPOLPARTY :: 50-64 | Independent,RQ4_F1Ac_W42,4,"0.000000,0.999999,0.000000,0.000000"
mistral_instruct,AGExPOLPARTY,AGExPOLPARTY :: 50-64 | Other,RQ4_F1Ac_W42,4,"0.000011,0.999927,0.000058,0.000004"
mistral_instruct,AGExPOLPARTY,AGExPOLPARTY :: 50-64 | Republican,RQ4_F1Ac_W42,4,"0.000001,0.004792,0.995206,0.000000"
mistral_instruct,AGExPOLPARTY,AGExPOLPARTY :: 65+ | Democrat,RQ4_F1Ac_W42,4,"0.000023,0.888720,0.111236,0.000021"
mistral_instruct,AGExPOLPARTY,AGExPOLPARTY :: 65+ | Independent,RQ4_F1Ac_W42,4,"0.000004,0.999233,0.000761,0.000002"
mistral_instruct,AGExPOLPARTY,AGExPOLPARTY :: 65+ | Other,RQ4_F1Ac_W42,4,"0.000067,0.003423,0.994788,0.001721"
mistral_instruct,AGExPOLPARTY,AGExPOLPARTY :: 65+ | Republican,RQ4_F1Ac_W42,4,"0.000000,0.000005,0.999995,0.000000"
mistral_instruct,AGExPOLPARTY,AGExPOLPARTY :: 18-29 | Democrat,RQ4_F1Ae_W42,4,"1.000000,0.000000,0.000000,0.000000"
mistral_instruct,AGExPOLPARTY,AGExPOLPARTY :: 18-29 | Independent,RQ4_F1Ae_W42,4,"0.000000,1.000000,0.000000,0.000000"
mistral_instruct,AGExPOLPARTY,AGExPOLPARTY :: 18-29 | Other,RQ4_F1Ae_W42,4,"0.000000,1.000000,0.000000,0.000000"
mistral_instruct,AGExPOLPARTY,AGExPOLPARTY :: 18-29 | Republican,RQ4_F1Ae_W42,4,"0.744626,0.255333,0.000032,0.000009"
mistral_instruct,AGExPOLPARTY,AGExPOLPARTY :: 30-49 | Democrat,RQ4_F1Ae_W42,4,"1.000000,0.000000,0.000000,0.000000"
mistral_instruct,AGExPOLPARTY,AGExPOLPARTY :: 30-49 | Independent,RQ4_F1Ae_W42,4,"0.000000,1.000000,0.000000,0.000000"
mistral_instruct,AGExPOLPARTY,AGExPOLPARTY :: 30-49 | Other,RQ4_F1Ae_W42,4,"0.000000,1.000000,0.000000,0.000000"
mistral_instruct,AGExPOLPARTY,AGExPOLPARTY :: 30-49 | Refused,RQ4_F1Ae_W42,4,"0.015264,0.000385,0.926068,0.058284"
mistral_instruct,AGExPOLPARTY,AGExPOLPARTY :: 30-49 | Republican,RQ4_F1Ae_W42,4,"1.000000,0.000000,0.000000,0.000000"
mistral_instruct,AGExPOLPARTY,AGExPOLPARTY :: 50-64 | Democrat,RQ4_F1Ae_W42,4,"1.000000,0.000000,0.000000,0.000000"
mistral_instruct,AGExPOLPARTY,AGExPOLPARTY :: 50-64 | Independent,RQ4_F1Ae_W42,4,"0.000000,1.000000,0.000000,0.000000"
mistral_instruct,AGExPOLPARTY,AGExPOLPARTY :: 50-64 | Other,RQ4_F1Ae_W42,4,"0.000000,1.000000,0.000000,0.000000"
mistral_instruct,AGExPOLPARTY,AGExPOLPARTY :: 50-64 | Republican,RQ4_F1Ae_W42,4,"1.000000,0.000000,0.000000,0.000000"
mistral_instruct,AGExPOLPARTY,AGExPOLPARTY :: 65+ | Democrat,RQ4_F1Ae_W42,4,"1.000000,0.000000,0.000000,0.000000"
mistral_instruct,AGExPOLPARTY,AGExPOLPARTY :: 65+ | Independent,RQ4_F1Ae_W42,4,"0.000000,1.000000,0.000000,0.000000"
mistral_instruct,AGExPOLPARTY,AGExPOLPARTY :: 65+ | Other,RQ4_F1Ae_W42,4,"0.000000,0.999999,0.000000,0.000000"
mistral_instruct,AGExPOLPARTY,AGExPOLPARTY :: 65+ | Republican,RQ4_F1Ae_W42,4,"1.000000,0.000000,0.000000,0.000000"
mistral_instruct,AGExPOLPARTY,AGExPOLPARTY :: 18-29 | Democrat,RQ6_F1C_W42,2,"0.000000,1.000000"
mistral_instruct,AGExPOLPARTY,AGExPOLPARTY :: 18-29 | Independent,RQ6_F1C_W42,2,"0.000000,1.000000"
mistral_instruct,AGExPOLPARTY,AGExPOLPARTY :: 18-29 | Other,RQ6_F1C_W42,2,"0.000000,1.000000"
mistral_instruct,AGExPOLPARTY,AGExPOLPARTY :: 18-29 | Republican,RQ6_F1C_W42,2,"0.000000,1.000000"
mistral_instruct,AGExPOLPARTY,AGExPOLPARTY :: 30-49 | Democrat,RQ6_F1C_W42,2,"0.000000,1.000000"
mistral_instruct,AGExPOLPARTY,AGExPOLPARTY :: 30-49 | Independent,RQ6_F1C_W42,2,"0.000000,1.000000"
mistral_instruct,AGExPOLPARTY,AGExPOLPARTY :: 30-49 | Other,RQ6_F1C_W42,2,"0.000000,1.000000"
mistral_instruct,AGExPOLPARTY,AGExPOLPARTY :: 30-49 | Refused,RQ6_F1C_W42,2,"0.000000,1.000000"
mistral_instruct,AGExPOLPARTY,AGExPOLPARTY :: 30-49 | Republican,RQ6_F1C_W42,2,"0.000000,1.000000"
mistral_instruct,AGExPOLPARTY,AGExPOLPARTY :: 50-64 | Democrat,RQ6_F1C_W42,2,"0.000000,1.000000"
mistral_instruct,AGExPOLPARTY,AGExPOLPARTY :: 50-64 | Independent,RQ6_F1C_W42,2,"0.000000,1.000000"
mistral_instruct,AGExPOLPARTY,AGExPOLPARTY :: 50-64 | Other,RQ6_F1C_W42,2,"0.000000,1.000000"
mistral_instruct,AGExPOLPARTY,AGExPOLPARTY :: 50-64 | Republican,RQ6_F1C_W42,2,"0.000000,1.000000"
mistral_instruct,AGExPOLPARTY,AGExPOLPARTY :: 65+ | Democrat,RQ6_F1C_W42,2,"0.000000,1.000000"
mistral_instruct,AGExPOLPARTY,AGExPOLPARTY :: 65+ | Independent,RQ6_F1C_W42,2,"0.000000,1.000000"
mistral_instruct,AGExPOLPARTY,AGExPOLPARTY :: 65+ | Other,RQ6_F1C_W42,2,"0.000000,1.000000"
mistral_instruct,AGExPOLPARTY,AGExPOLPARTY :: 65+ | Republican,RQ6_F1C_W42,2,"0.000000,1.000000"
mistral_instruct,AGExPOLPARTY,AGExPOLPARTY :: 18-29 | Democrat,SATLIFEc_W50,4,"0.000000,0.000000,1.000000,0.000000"
mistral_instruct,AGExPOLPARTY,AGExPOLPARTY :: 18-29 | Independent,SATLIFEc_W50,4,"0.000000,0.000000,1.000000,0.000000"
mistral_instruct,AGExPOLPARTY,AGExPOLPARTY :: 18-29 | Other,SATLIFEc_W50,4,"0.000000,0.000000,1.000000,0.000000"
mistral_instruct,AGExPOLPARTY,AGExPOLPARTY :: 18-29 | Republican,SATLIFEc_W50,4,"0.000000,0.000000,1.000000,0.000000"
mistral_instruct,AGExPOLPARTY,AGExPOLPARTY :: 30-49 | Democrat,SATLIFEc_W50,4,"0.000000,0.000000,1.000000,0.000000"
mistral_instruct,AGExPOLPARTY,AGExPOLPARTY :: 30-49 | Independent,SATLIFEc_W50,4,"0.000000,0.000000,1.000000,0.000000"
mistral_instruct,AGExPOLPARTY,AGExPOLPARTY :: 30-49 | Other,SATLIFEc_W50,4,"0.000000,0.000000,1.000000,0.000000"
mistral_instruct,AGExPOLPARTY,AGExPOLPARTY :: 30-49 | Refused,SATLIFEc_W50,4,"0.000000,0.000000,1.000000,0.000000"
mistral_instruct,AGExPOLPARTY,AGExPOLPARTY :: 30-49 | Republican,SATLIFEc_W50,4,"0.000001,0.000000,0.999998,0.000000"
mistral_instruct,AGExPOLPARTY,AGExPOLPARTY :: 50-64 | Democrat,SATLIFEc_W50,4,"0.000000,0.000000,1.000000,0.000000"
mistral_instruct,AGExPOLPARTY,AGExPOLPARTY :: 50-64 | Independent,SATLIFEc_W50,4,"0.000000,0.000000,1.000000,0.000000"
mistral_instruct,AGExPOLPARTY,AGExPOLPARTY :: 50-64 | Other,SATLIFEc_W50,4,"0.000000,0.000000,1.000000,0.000000"
mistral_instruct,AGExPOLPARTY,AGExPOLPARTY :: 50-64 | Republican,SATLIFEc_W50,4,"0.000007,0.000001,0.999992,0.000000"
mistral_instruct,AGExPOLPARTY,AGExPOLPARTY :: 65+ | Democrat,SATLIFEc_W50,4,"0.000000,0.000000,1.000000,0.000000"
mistral_instruct,AGExPOLPARTY,AGExPOLPARTY :: 65+ | Independent,SATLIFEc_W50,4,"0.000000,0.000000,1.000000,0.000000"
mistral_instruct,AGExPOLPARTY,AGExPOLPARTY :: 65+ | Other,SATLIFEc_W50,4,"0.000000,0.000000,1.000000,0.000000"
mistral_instruct,AGExPOLPARTY,AGExPOLPARTY :: 65+ | Republican,SATLIFEc_W50,4,"0.047074,0.000000,0.952924,0.000001"
mistral_instruct,AGExPOLPARTY,AGExPOLPARTY :: 18-29 | Democrat,SNGLPYER_W92,2,"0.000001,0.999998"
mistral_instruct,AGExPOLPARTY,AGExPOLPARTY :: 18-29 | Independent,SNGLPYER_W92,2,"0.000000,1.000000"
mistral_instruct,AGExPOLPARTY,AGExPOLPARTY :: 18-29 | Other,SNGLPYER_W92,2,"0.000000,1.000000"
mistral_instruct,AGExPOLPARTY,AGExPOLPARTY :: 18-29 | Republican,SNGLPYER_W92,2,"0.000000,1.000000"
mistral_instruct,AGExPOLPARTY,AGExPOLPARTY :: 30-49 | Democrat,SNGLPYER_W92,2,"0.000000,1.000000"
mistral_instruct,AGExPOLPARTY,AGExPOLPARTY :: 30-49 | Independent,SNGLPYER_W92,2,"0.000000,1.000000"
mistral_instruct,AGExPOLPARTY,AGExPOLPARTY :: 30-49 | Other,SNGLPYER_W92,2,"0.000000,1.000000"
mistral_instruct,AGExPOLPARTY,AGExPOLPARTY :: 30-49 | Republican,SNGLPYER_W92,2,"0.000000,1.000000"
mistral_instruct,AGExPOLPARTY,AGExPOLPARTY :: 50-64 | Democrat,SNGLPYER_W92,2,"0.000001,0.999999"
mistral_instruct,AGExPOLPARTY,AGExPOLPARTY :: 50-64 | Independent,SNGLPYER_W92,2,"0.000000,1.000000"
mistral_instruct,AGExPOLPARTY,AGExPOLPARTY :: 50-64 | Other,SNGLPYER_W92,2,"0.000000,1.000000"
mistral_instruct,AGExPOLPARTY,AGExPOLPARTY :: 50-64 | Refused,SNGLPYER_W92,2,"0.000000,1.000000"
mistral_instruct,AGExPOLPARTY,AGExPOLPARTY :: 50-64 | Republican,SNGLPYER_W92,2,"0.000000,1.000000"
mistral_instruct,AGExPOLPARTY,AGExPOLPARTY :: 65+ | Democrat,SNGLPYER_W92,2,"1.000000,0.000000"
mistral_instruct,AGExPOLPARTY,AGExPOLPARTY :: 65+ | Independent,SNGLPYER_W92,2,"0.000000,1.000000"
mistral_instruct,AGExPOLPARTY,AGExPOLPARTY :: 65+ | Other,SNGLPYER_W92,2,"0.000000,1.000000"
mistral_instruct,AGExPOLPARTY,AGExPOLPARTY :: 65+ | Republican,SNGLPYER_W92,2,"0.000000,1.000000"
mistral_instruct,AGExPOLPARTY,AGExPOLPARTY :: 18-29 | Democrat,TRACKCO1b_W49,5,"0.994820,0.000000,0.005180,0.000000,0.000000"
mistral_instruct,AGExPOLPARTY,AGExPOLPARTY :: 18-29 | Independent,TRACKCO1b_W49,5,"0.000000,0.000000,1.000000,0.000000,0.000000"
mistral_instruct,AGExPOLPARTY,AGExPOLPARTY :: 18-29 | Other,TRACKCO1b_W49,5,"0.000000,0.000000,1.000000,0.000000,0.000000"
mistral_instruct,AGExPOLPARTY,AGExPOLPARTY :: 18-29 | Republican,TRACKCO1b_W49,5,"0.000008,0.000000,0.999992,0.000000,0.000000"
mistral_instruct,AGExPOLPARTY,AGExPOLPARTY :: 30-49 | Democrat,TRACKCO1b_W49,5,"0.196826,0.000001,0.803173,0.000001,0.000000"
mistral_instruct,AGExPOLPARTY,AGExPOLPARTY :: 30-49 | Independent,TRACKCO1b_W49,5,"0.000000,0.000000,1.000000,0.000000,0.000000"
mistral_instruct,AGExPOLPARTY,AGExPOLPARTY :: 30-49 | Other,TRACKCO1b_W49,5,"0.000000,0.000000,1.000000,0.000000,0.000000"
mistral_instruct,AGExPOLPARTY,AGExPOLPARTY :: 30-49 | Republican,TRACKCO1b_W49,5,"0.000004,0.000000,0.999996,0.000000,0.000000"
mistral_instruct,AGExPOLPARTY,AGExPOLPARTY :: 50-64 | Democrat,TRACKCO1b_W49,5,"0.002099,0.000000,0.997900,0.000000,0.000000"
mistral_instruct,AGExPOLPARTY,AGExPOLPARTY :: 50-64 | Independent,TRACKCO1b_W49,5,"0.000000,0.000000,1.000000,0.000000,0.000000"
mistral_instruct,AGExPOLPARTY,AGExPOLPARTY :: 50-64 | Other,TRACKCO1b_W49,5,"0.000000,0.000000,1.000000,0.000000,0.000000"
mistral_instruct,AGExPOLPARTY,AGExPOLPARTY :: 50-64 | Republican,TRACKCO1b_W49,5,"0.000003,0.000000,0.999997,0.000000,0.000000"
mistral_instruct,AGExPOLPARTY,AGExPOLPARTY :: 65+ | Democrat,TRACKCO1b_W49,5,"0.000311,0.000001,0.980115,0.019562,0.000010"
mistral_instruct,AGExPOLPARTY,AGExPOLPARTY :: 65+ | Independent,TRACKCO1b_W49,5,"0.000001,0.000000,0.005180,0.994816,0.000003"
mistral_instruct,AGExPOLPARTY,AGExPOLPARTY :: 65+ | Other,TRACKCO1b_W49,5,"0.000000,0.000000,0.000000,0.999997,0.000003"
mistral_instruct,AGExPOLPARTY,AGExPOLPARTY :: 65+ | Republican,TRACKCO1b_W49,5,"0.000020,0.000000,0.999724,0.000253,0.000002"
mistral_instruct,AGExPOLPARTY,AGExPOLPARTY :: 18-29 | Democrat,WATCHDOG_3_W45,2,"0.000000,1.000000"
mistral_instruct,AGExPOLPARTY,AGExPOLPARTY :: 18-29 | Independent,WATCHDOG_3_W45,2,"0.000001,0.999999"
mistral_instruct,AGExPOLPARTY,AGExPOLPARTY :: 18-29 | Other,WATCHDOG_3_W45,2,"0.000000,1.000000"
mistral_instruct,AGExPOLPARTY,AGExPOLPARTY :: 18-29 | Republican,WATCHDOG_3_W45,2,"0.000000,1.000000"
mistral_instruct,AGExPOLPARTY,AGExPOLPARTY :: 30-49 | Democrat,WATCHDOG_3_W45,2,"0.000000,1.000000"
mistral_instruct,AGExPOLPARTY,AGExPOLPARTY :: 30-49 | Independent,WATCHDOG_3_W45,2,"0.000002,0.999998"
mistral_instruct,AGExPOLPARTY,AGExPOLPARTY :: 30-49 | Other,WATCHDOG_3_W45,2,"0.000000,1.000000"
mistral_instruct,AGExPOLPARTY,AGExPOLPARTY :: 30-49 | Republican,WATCHDOG_3_W45,2,"0.000000,1.000000"
mistral_instruct,AGExPOLPARTY,AGExPOLPARTY :: 50-64 | Democrat,WATCHDOG_3_W45,2,"0.000000,1.000000"
mistral_instruct,AGExPOLPARTY,AGExPOLPARTY :: 50-64 | Independent,WATCHDOG_3_W45,2,"0.000001,0.999999"
mistral_instruct,AGExPOLPARTY,AGExPOLPARTY :: 50-64 | Other,WATCHDOG_3_W45,2,"0.000000,1.000000"
mistral_instruct,AGExPOLPARTY,AGExPOLPARTY :: 50-64 | Republican,WATCHDOG_3_W45,2,"0.000000,1.000000"
mistral_instruct,AGExPOLPARTY,AGExPOLPARTY :: 65+ | Democrat,WATCHDOG_3_W45,2,"0.000000,1.000000"
mistral_instruct,AGExPOLPARTY,AGExPOLPARTY :: 65+ | Independent,WATCHDOG_3_W45,2,"0.000002,0.999998"
mistral_instruct,AGExPOLPARTY,AGExPOLPARTY :: 65+ | Other,WATCHDOG_3_W45,2,"0.000000,1.000000"
mistral_instruct,AGExPOLPARTY,AGExPOLPARTY :: 65+ | Republican,WATCHDOG_3_W45,2,"0.000000,1.000000"
mistral_instruct,AGExPOLPARTY,AGExPOLPARTY :: 18-29 | Democrat,WORRY2a_W54,5,"0.000000,0.000000,0.999998,0.000002,0.000000"
mistral_instruct,AGExPOLPARTY,AGExPOLPARTY :: 18-29 | Independent,WORRY2a_W54,5,"0.000000,0.000000,1.000000,0.000000,0.000000"
mistral_instruct,AGExPOLPARTY,AGExPOLPARTY :: 18-29 | Other,WORRY2a_W54,5,"0.000000,0.000000,1.000000,0.000000,0.000000"
mistral_instruct,AGExPOLPARTY,AGExPOLPARTY :: 18-29 | Republican,WORRY2a_W54,5,"0.000000,0.000000,0.999999,0.000000,0.000000"
mistral_instruct,AGExPOLPARTY,AGExPOLPARTY :: 30-49 | Democrat,WORRY2a_W54,5,"0.000000,0.000000,0.999990,0.000009,0.000000"
mistral_instruct,AGExPOLPARTY,AGExPOLPARTY :: 30-49 | Independent,WORRY2a_W54,5,"0.000000,0.000000,1.000000,0.000000,0.000000"
mistral_instruct,AGExPOLPARTY,AGExPOLPARTY :: 30-49 | Other,WORRY2a_W54,5,"0.000000,0.000000,1.000000,0.000000,0.000000"
mistral_instruct,AGExPOLPARTY,AGExPOLPARTY :: 30-49 | Refused,WORRY2a_W54,5,"0.000000,0.000000,0.999968,0.000031,0.000000"
mistral_instruct,AGExPOLPARTY,AGExPOLPARTY :: 30-49 | Republican,WORRY2a_W54,5,"0.000000,0.000000,1.000000,0.000000,0.000000"
mistral_instruct,AGExPOLPARTY,AGExPOLPARTY :: 50-64 | Democrat,WORRY2a_W54,5,"0.000000,0.000000,0.999947,0.000052,0.000000"
mistral_instruct,AGExPOLPARTY,AGExPOLPARTY :: 50-64 | Independent,WORRY2a_W54,5,"0.000000,0.000000,1.000000,0.000000,0.000000"
mistral_instruct,AGExPOLPARTY,AGExPOLPARTY :: 50-64 | Other,WORRY2a_W54,5,"0.000000,0.000000,1.000000,0.000000,0.000000"
mistral_instruct,AGExPOLPARTY,AGExPOLPARTY :: 50-64 | Republican,WORRY2a_W54,5,"0.000000,0.000000,0.999999,0.000000,0.000000"
mistral_instruct,AGExPOLPARTY,AGExPOLPARTY :: 65+ | Democrat,WORRY2a_W54,5,"0.000001,0.000000,0.105210,0.894785,0.000003"
mistral_instruct,AGExPOLPARTY,AGExPOLPARTY :: 65+ | Independent,WORRY2a_W54,5,"0.000000,0.000000,0.991488,0.008511,0.000000"
mistral_instruct,AGExPOLPARTY,AGExPOLPARTY :: 65+ | Other,WORRY2a_W54,5,"0.000000,0.000000,0.000155,0.999843,0.000002"
mistral_instruct,AGExPOLPARTY,AGExPOLPARTY :: 65+ | Republican,WORRY2a_W54,5,"0.000001,0.000000,0.987848,0.012147,0.000004"
mistral_instruct,AGExPOLPARTY,AGExPOLPARTY :: 18-29 | Democrat,WORRY2b_W54,5,"0.000000,0.000000,1.000000,0.000000,0.000000"
mistral_instruct,AGExPOLPARTY,AGExPOLPARTY :: 18-29 | Independent,WORRY2b_W54,5,"0.000000,0.000000,1.000000,0.000000,0.000000"
mistral_instruct,AGExPOLPARTY,AGExPOLPARTY :: 18-29 | Other,WORRY2b_W54,5,"0.000000,0.000000,1.000000,0.000000,0.000000"
mistral_instruct,AGExPOLPARTY,AGExPOLPARTY :: 18-29 | Republican,WORRY2b_W54,5,"0.000000,0.000000,1.000000,0.000000,0.000000"
mistral_instruct,AGExPOLPARTY,AGExPOLPARTY :: 30-49 | Democrat,WORRY2b_W54,5,"0.000000,0.000000,1.000000,0.000000,0.000000"
mistral_instruct,AGExPOLPARTY,AGExPOLPARTY :: 30-49 | Independent,WORRY2b_W54,5,"0.000000,0.000000,1.000000,0.000000,0.000000"
mistral_instruct,AGExPOLPARTY,AGExPOLPARTY :: 30-49 | Other,WORRY2b_W54,5,"0.000000,0.000000,1.000000,0.000000,0.000000"
mistral_instruct,AGExPOLPARTY,AGExPOLPARTY :: 30-49 | Refused,WORRY2b_W54,5,"0.000000,0.000000,1.000000,0.000000,0.000000"
mistral_instruct,AGExPOLPARTY,AGExPOLPARTY :: 30-49 | Republican,WORRY2b_W54,5,"0.000000,0.000000,1.000000,0.000000,0.000000"
mistral_instruct,AGExPOLPARTY,AGExPOLPARTY :: 50-64 | Democrat,WORRY2b_W54,5,"0.000000,0.000000,0.999999,0.000000,0.000000"
mistral_instruct,AGExPOLPARTY,AGExPOLPARTY :: 50-64 | Independent,WORRY2b_W54,5,"0.000000,0.000000,1.000000,0.000000,0.000000"
mistral_instruct,AGExPOLPARTY,AGExPOLPARTY :: 50-64 | Other,WORRY2b_W54,5,"0.000000,0.000000,1.000000,0.000000,0.000000"
mistral_instruct,AGExPOLPARTY,AGExPOLPARTY :: 50-64 | Republican,WORRY2b_W54,5,"0.000000,0.000000,1.000000,0.000000,0.000000"
mistral_instruct,AGExPOLPARTY,AGExPOLPARTY :: 65+ | Democrat,WORRY2b_W54,5,"0.000000,0.000000,0.000000,1.000000,0.000000"
mistral_instruct,AGExPOLPARTY,AGExPOLPARTY :: 65+ | Independent,WORRY2b_W54,5,"0.000000,0.000000,0.000000,1.000000,0.000000"
mistral_instruct,AGExPOLPARTY,AGExPOLPARTY :: 65+ | Other,WORRY2b_W54,5,"0.000000,0.000000,0.000000,1.000000,0.000000"
mistral_instruct,AGExPOLPARTY,AGExPOLPARTY :: 65+ | Republican,WORRY2b_W54,5,"0.000001,0.000000,0.000001,0.999998,0.000001"
mistral_instruct,EDUCATIONxINCOME,"EDUCATIONxINCOME :: Associate's degree | $100,000 or more",ADMISSIONf_W43,3,"0.928408,0.000001,0.071591"
mistral_instruct,EDUCATIONxINCOME,"EDUCATIONxINCOME :: Associate's degree | $30,000-$50,000",ADMISSIONf_W43,3,"0.000000,0.000000,1.000000"
mistral_instruct,EDUCATIONxINCOME,"EDUCATIONxINCOME :: Associate's degree | $50,000-$75,000",ADMISSIONf_W43,3,"0.000000,0.000000,1.000000"
mistral_instruct,EDUCATIONxINCOME,"EDUCATIONxINCOME :: Associate's degree | $75,000-$100,000",ADMISSIONf_W43,3,"0.000029,0.000005,0.999966"
mistral_instruct,EDUCATIONxINCOME,"EDUCATIONxINCOME :: Associate's degree | Less than $30,000",ADMISSIONf_W43,3,"0.000000,0.000000,1.000000"
mistral_instruct,EDUCATIONxINCOME,"EDUCATIONxINCOME :: College graduate/some postgrad | $100,000 or more",ADMISSIONf_W43,3,"1.000000,0.000000,0.000000"
mistral_instruct,EDUCATIONxINCOME,"EDUCATIONxINCOME :: College graduate/some postgrad | $30,000-$50,000",ADMISSIONf_W43,3,"0.000000,0.000009,0.999991"
mistral_instruct,EDUCATIONxINCOME,"EDUCATIONxINCOME :: College graduate/some postgrad | $50,000-$75,000",ADMISSIONf_W43,3,"0.600700,0.198090,0.201209"
mistral_instruct,EDUCATIONxINCOME,"EDUCATIONxINCOME :: College graduate/some postgrad | $75,000-$100,000",ADMISSIONf_W43,3,"1.000000,0.000000,0.000000"
mistral_instruct,EDUCATIONxINCOME,"EDUCATIONxINCOME :: College graduate/some postgrad | Less than $30,000",ADMISSIONf_W43,3,"0.000000,0.000000,1.000000"
mistral_instruct,EDUCATIONxINCOME,EDUCATIONxINCOME :: College graduate/some postgrad | Refused,ADMISSIONf_W43,3,"0.000001,0.000000,0.999999"
mistral_instruct,EDUCATIONxINCOME,"EDUCATIONxINCOME :: High school graduate | $100,000 or more",ADMISSIONf_W43,3,"0.331119,0.000001,0.668880"
mistral_instruct,EDUCATIONxINCOME,"EDUCATIONxINCOME :: High school graduate | $30,000-$50,000",ADMISSIONf_W43,3,"0.000000,0.000000,1.000000"
mistral_instruct,EDUCATIONxINCOME,"EDUCATIONxINCOME :: High school graduate | $50,000-$75,000",ADMISSIONf_W43,3,"0.000000,0.000000,1.000000"
mistral_instruct,EDUCATIONxINCOME,"EDUCATIONxINCOME :: High school graduate | $75,000-$100,000",ADMISSIONf_W43,3,"0.000030,0.000000,0.999970"
mistral_instruct,EDUCATIONxINCOME,"EDUCATIONxINCOME :: High school graduate | Less than $30,000",ADMISSIONf_W43,3,"0.000000,0.000000,1.000000"
mistral_instruct,EDUCATIONxINCOME,EDUCATIONxINCOME :: High school graduate | Refused,ADMISSIONf_W43,3,"0.000000,0.000000,1.000000"
mistral_instruct,EDUCATIONxINCOME,"EDUCATIONxINCOME :: Less than high school | $30,000-$50,000",ADMISSIONf_W43,3,"0.000000,0.000000,1.000000"
mistral_instruct,EDUCATIONxINCOME,"EDUCATIONxINCOME :: Less than high school | Less than $30,000",ADMISSIONf_W43,3,"0.000000,0.000000,1.000000"
mistral_instruct,EDUCATIONxINCOME,"EDUCATIONxINCOME :: Postgraduate | $100,000 or more",ADMISSIONf_W43,3,"1.000000,0.000000,0.000000"
mistral_instruct,EDUCATIONxINCOME,"EDUCATIONxINCOME :: Postgraduate | $30,000-$50,000",ADMISSIONf_W43,3,"0.000000,0.000002,0.999998"
mistral_instruct,EDUCATIONxINCOME,"EDUCATIONxINCOME :: Postgraduate | $50,000-$75,000",ADMISSIONf_W43,3,"0.957382,0.007196,0.035422"
mistral_instruct,EDUCATIONxINCOME,"EDUCATIONxINCOME :: Postgraduate | $75,000-$100,000",ADMISSIONf_W43,3,"1.000000,0.000000,0.000000"
mistral_instruct,EDUCATIONxINCOME,"EDUCATIONxINCOME :: Postgraduate | Less than $30,000",ADMISSIONf_W43,3,"0.000000,0.000000,1.000000"
mistral_instruct,EDUCATIONxINCOME,"EDUCATIONxINCOME :: Some college, no degree | $100,000 or more",ADMISSIONf_W43,3,"0.998601,0.000000,0.001399"
mistral_instruct,EDUCATIONxINCOME,"EDUCATIONxINCOME :: Some college, no degree | $30,000-$50,000",ADMISSIONf_W43,3,"0.000000,0.000000,1.000000"
mistral_instruct,EDUCATIONxINCOME,"EDUCATIONxINCOME :: Some college, no degree | $50,000-$75,000",ADMISSIONf_W43,3,"0.000000,0.000000,1.000000"
mistral_instruct,EDUCATIONxINCOME,"EDUCATIONxINCOME :: Some college, no degree | $75,000-$100,000",ADMISSIONf_W43,3,"0.000000,0.000000,1.000000"
mistral_instruct,EDUCATIONxINCOME,"EDUCATIONxINCOME :: Some college, no degree | Less than $30,000",ADMISSIONf_W43,3,"0.000000,0.000000,1.000000"
mistral_instruct,EDUCATIONxINCOME,"EDUCATIONxINCOME :: Some college, no degree | Refused",ADMISSIONf_W43,3,"0.000000,0.000000,1.000000"
mistral_instruct,EDUCATIONxINCOME,"EDUCATIONxINCOME :: Associate's degree | $100,000 or more",BETTERPOL1F1I_W36,3,"0.000000,0.000000,1.000000"
mistral_instruct,EDUCATIONxINCOME,"EDUCATIONxINCOME :: Associate's degree | $30,000-$50,000",BETTERPOL1F1I_W36,3,"0.000000,0.000000,1.000000"
mistral_instruct,EDUCATIONxINCOME,"EDUCATIONxINCOME :: Associate's degree | $50,000-$75,000",BETTERPOL1F1I_W36,3,"0.000000,0.000000,1.000000"
mistral_instruct,EDUCATIONxINCOME,"EDUCATIONxINCOME :: Associate's degree | $75,000-$100,000",BETTERPOL1F1I_W36,3,"0.000000,0.000000,1.000000"
mistral_instruct,EDUCATIONxINCOME,"EDUCATIONxINCOME :: Associate's degree | Less than $30,000",BETTERPOL1F1I_W36,3,"0.000000,0.000000,1.000000"
mistral_instruct,EDUCATIONxINCOME,"EDUCATIONxINCOME :: College graduate/some postgrad | $100,000 or more",BETTERPOL1F1I_W36,3,"0.000000,0.000000,1.000000"
mistral_instruct,EDUCATIONxINCOME,"EDUCATIONxINCOME :: College graduate/some postgrad | $30,000-$50,000",BETTERPOL1F1I_W36,3,"0.000000,0.000000,1.000000"
mistral_instruct,EDUCATIONxINCOME,"EDUCATIONxINCOME :: College graduate/some postgrad | $50,000-$75,000",BETTERPOL1F1I_W36,3,"0.000000,0.000000,1.000000"
mistral_instruct,EDUCATIONxINCOME,"EDUCATIONxINCOME :: College graduate/some postgrad | $75,000-$100,000",BETTERPOL1F1I_W36,3,"0.000000,0.000000,1.000000"
mistral_instruct,EDUCATIONxINCOME,"EDUCATIONxINCOME :: College graduate/some postgrad | Less than $30,000",BETTERPOL1F1I_W36,3,"0.000000,0.000000,1.000000"
mistral_instruct,EDUCATIONxINCOME,EDUCATIONxINCOME :: College graduate/some postgrad | Refused,BETTERPOL1F1I_W36,3,"0.000000,0.000000,1.000000"
mistral_instruct,EDUCATIONxINCOME,"EDUCATIONxINCOME :: High school graduate | $100,000 or more",BETTERPOL1F1I_W36,3,"0.000000,0.000000,1.000000"
mistral_instruct,EDUCATIONxINCOME,"EDUCATIONxINCOME :: High school graduate | $30,000-$50,000",BETTERPOL1F1I_W36,3,"0.000000,0.000000,1.000000"
mistral_instruct,EDUCATIONxINCOME,"EDUCATIONxINCOME :: High school graduate | $50,000-$75,000",BETTERPOL1F1I_W36,3,"0.000000,0.000000,1.000000"
mistral_instruct,EDUCATIONxINCOME,"EDUCATIONxINCOME :: High school graduate | $75,000-$100,000",BETTERPOL1F1I_W36,3,"0.000000,0.000000,1.000000"
mistral_instruct,EDUCATIONxINCOME,"EDUCATIONxINCOME :: High school graduate | Less than $30,000",BETTERPOL1F1I_W36,3,"0.000000,0.000000,1.000000"
mistral_instruct,EDUCATIONxINCOME,"EDUCATIONxINCOME :: Less than high school | Less than $30,000",BETTERPOL1F1I_W36,3,"0.000000,0.000000,1.000000"
mistral_instruct,EDUCATIONxINCOME,"EDUCATIONxINCOME :: Postgraduate | $100,000 or more",BETTERPOL1F1I_W36,3,"0.000000,0.000000,1.000000"
mistral_instruct,EDUCATIONxINCOME,"EDUCATIONxINCOME :: Postgraduate | $30,000-$50,000",BETTERPOL1F1I_W36,3,"0.000000,0.000000,1.000000"
mistral_instruct,EDUCATIONxINCOME,"EDUCATIONxINCOME :: Postgraduate | $50,000-$75,000",BETTERPOL1F1I_W36,3,"0.000000,0.000000,1.000000"
mistral_instruct,EDUCATIONxINCOME,"EDUCATIONxINCOME :: Postgraduate | $75,000-$100,000",BETTERPOL1F1I_W36,3,"0.000000,0.000000,1.000000"
mistral_instruct,EDUCATIONxINCOME,"EDUCATIONxINCOME :: Postgraduate | Less than $30,000",BETTERPOL1F1I_W36,3,"0.000000,0.000000,1.000000"
mistral_instruct,EDUCATIONxINCOME,EDUCATIONxINCOME :: Postgraduate | Refused,BETTERPOL1F1I_W36,3,"0.000000,0.000000,1.000000"
mistral_instruct,EDUCATIONxINCOME,"EDUCATIONxINCOME :: Some college, no degree | $100,000 or more",BETTERPOL1F1I_W36,3,"0.000000,0.000000,1.000000"
mistral_instruct,EDUCATIONxINCOME,"EDUCATIONxINCOME :: Some college, no degree | $30,000-$50,000",BETTERPOL1F1I_W36,3,"0.000000,0.000000,1.000000"
mistral_instruct,EDUCATIONxINCOME,"EDUCATIONxINCOME :: Some college, no degree | $50,000-$75,000",BETTERPOL1F1I_W36,3,"0.000000,0.000000,1.000000"
mistral_instruct,EDUCATIONxINCOME,"EDUCATIONxINCOME :: Some college, no degree | $75,000-$100,000",BETTERPOL1F1I_W36,3,"0.000000,0.000000,1.000000"
mistral_instruct,EDUCATIONxINCOME,"EDUCATIONxINCOME :: Some college, no degree | Less than $30,000",BETTERPOL1F1I_W36,3,"0.000000,0.000000,1.000000"
mistral_instruct,EDUCATIONxINCOME,"EDUCATIONxINCOME :: Some college, no degree | Refused",BETTERPOL1F1I_W36,3,"0.000000,0.000000,1.000000"
mistral_instruct,EDUCATIONxINCOME,"EDUCATIONxINCOME :: Associate's degree | $100,000 or more",CONFf_W42,4,"0.000000,0.000000,1.000000,0.000000"
mistral_instruct,EDUCATIONxINCOME,"EDUCATIONxINCOME :: Associate's degree | $30,000-$50,000",CONFf_W42,4,"0.000000,0.000000,1.000000,0.000000"
mistral_instruct,EDUCATIONxINCOME,"EDUCATIONxINCOME :: Associate's degree | $50,000-$75,000",CONFf_W42,4,"0.000000,0.000000,1.000000,0.000000"
mistral_instruct,EDUCATIONxINCOME,"EDUCATIONxINCOME :: Associate's degree | $75,000-$100,000",CONFf_W42,4,"0.000000,0.000000,1.000000,0.000000"
mistral_instruct,EDUCATIONxINCOME,"EDUCATIONxINCOME :: Associate's degree | Less than $30,000",CONFf_W42,4,"0.000000,0.000000,1.000000,0.000000"
mistral_instruct,EDUCATIONxINCOME,"EDUCATIONxINCOME :: College graduate/some postgrad | $100,000 or more",CONFf_W42,4,"0.000000,0.000000,1.000000,0.000000"
mistral_instruct,EDUCATIONxINCOME,"EDUCATIONxINCOME :: College graduate/some postgrad | $30,000-$50,000",CONFf_W42,4,"0.000000,0.000000,1.000000,0.000000"
mistral_instruct,EDUCATIONxINCOME,"EDUCATIONxINCOME :: College graduate/some postgrad | $50,000-$75,000",CONFf_W42,4,"0.000000,0.000000,1.000000,0.000000"
mistral_instruct,EDUCATIONxINCOME,"EDUCATIONxINCOME :: College graduate/some postgrad | $75,000-$100,000",CONFf_W42,4,"0.000000,0.000000,1.000000,0.000000"
mistral_instruct,EDUCATIONxINCOME,"EDUCATIONxINCOME :: College graduate/some postgrad | Less than $30,000",CONFf_W42,4,"0.000000,0.000000,1.000000,0.000000"
mistral_instruct,EDUCATIONxINCOME,"EDUCATIONxINCOME :: High school graduate | $100,000 or more",CONFf_W42,4,"0.000000,0.000000,1.000000,0.000000"
mistral_instruct,EDUCATIONxINCOME,"EDUCATIONxINCOME :: High school graduate | $30,000-$50,000",CONFf_W42,4,"0.000000,0.000000,1.000000,0.000000"
mistral_instruct,EDUCATIONxINCOME,"EDUCATIONxINCOME :: High school graduate | $50,000-$75,000",CONFf_W42,4,"0.000000,0.000000,1.000000,0.000000"
mistral_instruct,EDUCATIONxINCOME,"EDUCATIONxINCOME :: High school graduate | $75,000-$100,000",CONFf_W42,4,"0.000000,0.000000,1.000000,0.000000"
mistral_instruct,EDUCATIONxINCOME,"EDUCATIONxINCOME :: High school graduate | Less than $30,000",CONFf_W42,4,"0.000000,0.000000,1.000000,0.000000"
mistral_instruct,EDUCATIONxINCOME,EDUCATIONxINCOME :: High school graduate | Refused,CONFf_W42,4,"0.000000,0.000000,1.000000,0.000000"
mistral_instruct,EDUCATIONxINCOME,"EDUCATIONxINCOME :: Less than high school | $30,000-$50,000",CONFf_W42,4,"0.000000,0.000000,1.000000,0.000000"
mistral_instruct,EDUCATIONxINCOME,"EDUCATIONxINCOME :: Less than high school | Less than $30,000",CONFf_W42,4,"0.000000,0.000000,1.000000,0.000000"
mistral_instruct,EDUCATIONxINCOME,"EDUCATIONxINCOME :: Postgraduate | $100,000 or more",CONFf_W42,4,"0.000000,0.000000,1.000000,0.000000"
mistral_instruct,EDUCATIONxINCOME,"EDUCATIONxINCOME :: Postgraduate | $30,000-$50,000",CONFf_W42,4,"0.000000,0.000000,1.000000,0.000000"
mistral_instruct,EDUCATIONxINCOME,"EDUCATIONxINCOME :: Postgraduate | $50,000-$75,000",CONFf_W42,4,"0.000000,0.000000,1.000000,0.000000"
mistral_instruct,EDUCATIONxINCOME,"EDUCATIONxINCOME :: Postgraduate | $75,000-$100,000",CONFf_W42,4,"0.000000,0.000000,1.000000,0.000000"
mistral_instruct,EDUCATIONxINCOME,"EDUCATIONxINCOME :: Postgraduate | Less than $30,000",CONFf_W42,4,"0.000000,0.000000,1.000000,0.000000"
mistral_instruct,EDUCATIONxINCOME,"EDUCATIONxINCOME :: Some college, no degree | $100,000 or more",CONFf_W42,4,"0.000000,0.000000,1.000000,0.000000"
mistral_instruct,EDUCATIONxINCOME,"EDUCATIONxINCOME :: Some college, no degree | $30,000-$50,000",CONFf_W42,4,"0.000000,0.000000,1.000000,0.000000"
mistral_instruct,EDUCATIONxINCOME,"EDUCATIONxINCOME :: Some college, no degree | $50,000-$75,000",CONFf_W42,4,"0.000000,0.000000,1.000000,0.000000"
mistral_instruct,EDUCATIONxINCOME,"EDUCATIONxINCOME :: Some college, no degree | $75,000-$100,000",CONFf_W42,4,"0.000000,0.000000,1.000000,0.000000"
mistral_instruct,EDUCATIONxINCOME,"EDUCATIONxINCOME :: Some college, no degree | Less than $30,000",CONFf_W42,4,"0.000000,0.000000,1.000000,0.000000"
mistral_instruct,EDUCATIONxINCOME,"EDUCATIONxINCOME :: Some college, no degree | Refused",CONFf_W42,4,"0.000000,0.000000,1.000000,0.000000"
mistral_instruct,EDUCATIONxINCOME,"EDUCATIONxINCOME :: Associate's degree | $100,000 or more",EAT3I_W34,2,"0.000373,0.999627"
mistral_instruct,EDUCATIONxINCOME,"EDUCATIONxINCOME :: Associate's degree | $30,000-$50,000",EAT3I_W34,2,"0.000001,0.999999"
mistral_instruct,EDUCATIONxINCOME,"EDUCATIONxINCOME :: Associate's degree | $50,000-$75,000",EAT3I_W34,2,"0.000002,0.999998"
mistral_instruct,EDUCATIONxINCOME,"EDUCATIONxINCOME :: Associate's degree | $75,000-$100,000",EAT3I_W34,2,"0.000009,0.999991"
mistral_instruct,EDUCATIONxINCOME,"EDUCATIONxINCOME :: Associate's degree | Less than $30,000",EAT3I_W34,2,"0.000001,0.999999"
mistral_instruct,EDUCATIONxINCOME,"EDUCATIONxINCOME :: College graduate/some postgrad | $100,000 or more",EAT3I_W34,2,"0.000288,0.999712"
mistral_instruct,EDUCATIONxINCOME,"EDUCATIONxINCOME :: College graduate/some postgrad | $30,000-$50,000",EAT3I_W34,2,"0.000027,0.999973"
mistral_instruct,EDUCATIONxINCOME,"EDUCATIONxINCOME :: College graduate/some postgrad | $50,000-$75,000",EAT3I_W34,2,"0.000047,0.999953"
mistral_instruct,EDUCATIONxINCOME,"EDUCATIONxINCOME :: College graduate/some postgrad | $75,000-$100,000",EAT3I_W34,2,"0.000043,0.999957"
mistral_instruct,EDUCATIONxINCOME,"EDUCATIONxINCOME :: College graduate/some postgrad | Less than $30,000",EAT3I_W34,2,"0.000007,0.999993"
mistral_instruct,EDUCATIONxINCOME,"EDUCATIONxINCOME :: High school graduate | $100,000 or more",EAT3I_W34,2,"0.008252,0.991748"
mistral_instruct,EDUCATIONxINCOME,"EDUCATIONxINCOME :: High school graduate | $30,000-$50,000",EAT3I_W34,2,"0.000002,0.999998"
mistral_instruct,EDUCATIONxINCOME,"EDUCATIONxINCOME :: High school graduate | $50,000-$75,000",EAT3I_W34,2,"0.000002,0.999998"
mistral_instruct,EDUCATIONxINCOME,"EDUCATIONxINCOME :: High school graduate | $75,000-$100,000",EAT3I_W34,2,"0.000023,0.999977"
mistral_instruct,EDUCATIONxINCOME,"EDUCATIONxINCOME :: High school graduate | Less than $30,000",EAT3I_W34,2,"0.000001,0.999999"
mistral_instruct,EDUCATIONxINCOME,"EDUCATIONxINCOME :: Less than high school | Less than $30,000",EAT3I_W34,2,"0.000004,0.999996"
mistral_instruct,EDUCATIONxINCOME,"EDUCATIONxINCOME :: Postgraduate | $100,000 or more",EAT3I_W34,2,"0.000106,0.999894"
mistral_instruct,EDUCATIONxINCOME,"EDUCATIONxINCOME :: Postgraduate | $30,000-$50,000",EAT3I_W34,2,"0.000008,0.999992"
mistral_instruct,EDUCATIONxINCOME,"EDUCATIONxINCOME :: Postgraduate | $50,000-$75,000",EAT3I_W34,2,"0.000008,0.999992"
mistral_instruct,EDUCATIONxINCOME,"EDUCATIONxINCOME :: Postgraduate | $75,000-$100,000",EAT3I_W34,2,"0.000006,0.999994"
mistral_instruct,EDUCATIONxINCOME,"EDUCATIONxINCOME :: Postgraduate | Less than $30,000",EAT3I_W34,2,"0.000005,0.999995"
mistral_instruct,EDUCATIONxINCOME,"EDUCATIONxINCOME :: Some college, no degree | $100,000 or more",EAT3I_W34,2,"0.002551,0.997449"
mistral_instruct,EDUCATIONxINCOME,"EDUCATIONxINCOME :: Some college, no degree | $30,000-$50,000",EAT3I_W34,2,"0.000005,0.999995"
mistral_instruct,EDUCATIONxINCOME,"EDUCATIONxINCOME :: Some college, no degree | $50,000-$75,000",EAT3I_W34,2,"0.000006,0.999994"
mistral_instruct,EDUCATIONxINCOME,"EDUCATIONxINCOME :: Some college, no degree | $75,000-$100,000",EAT3I_W34,2,"0.000017,0.999983"
mistral_instruct,EDUCATIONxINCOME,"EDUCATIONxINCOME :: Some college, no degree | Less than $30,000",EAT3I_W34,2,"0.000004,0.999996"
mistral_instruct,EDUCATIONxINCOME,"EDUCATIONxINCOME :: Associate's degree | $100,000 or more",EAT5A_W34,4,"0.000001,0.999900,0.000099,0.000000"
mistral_instruct,EDUCATIONxINCOME,"EDUCATIONxINCOME :: Associate's degree | $30,000-$50,000",EAT5A_W34,4,"0.000000,1.000000,0.000000,0.000000"
mistral_instruct,EDUCATIONxINCOME,"EDUCATIONxINCOME :: Associate's degree | $50,000-$75,000",EAT5A_W34,4,"0.000000,1.000000,0.000000,0.000000"
mistral_instruct,EDUCATIONxINCOME,"EDUCATIONxINCOME :: Associate's degree | $75,000-$100,000",EAT5A_W34,4,"0.000000,1.000000,0.000000,0.000000"
mistral_instruct,EDUCATIONxINCOME,"EDUCATIONxINCOME :: Associate's degree | Less than $30,000",EAT5A_W34,4,"0.000000,0.999939,0.000061,0.000000"
mistral_instruct,EDUCATIONxINCOME,"EDUCATIONxINCOME :: College graduate/some postgrad | $100,000 or more",EAT5A_W34,4,"0.000000,1.000000,0.000000,0.000000"
mistral_instruct,EDUCATIONxINCOME,"EDUCATIONxINCOME :: College graduate/some postgrad | $30,000-$50,000",EAT5A_W34,4,"0.000000,1.000000,0.000000,0.000000"
mistral_instruct,EDUCATIONxINCOME,"EDUCATIONxINCOME :: College graduate/some postgrad | $50,000-$75,000",EAT5A_W34,4,"0.000000,1.000000,0.000000,0.000000"
mistral_instruct,EDUCATIONxINCOME,"EDUCATIONxINCOME :: College graduate/some postgrad | $75,000-$100,000",EAT5A_W34,4,"0.000000,1.000000,0.000000,0.000000"
mistral_instruct,EDUCATIONxINCOME,"EDUCATIONxINCOME :: College graduate/some postgrad | Less than $30,000",EAT5A_W34,4,"0.000000,1.000000,0.000000,0.000000"
mistral_instruct,EDUCATIONxINCOME,"EDUCATIONxINCOME :: High school graduate | $100,000 or more",EAT5A_W34,4,"0.000019,0.794365,0.205610,0.000007"
mistral_instruct,EDUCATIONxINCOME,"EDUCATIONxINCOME :: High school graduate | $30,000-$50,000",EAT5A_W34,4,"0.000000,1.000000,0.000000,0.000000"
mistral_instruct,EDUCATIONxINCOME,"EDUCATIONxINCOME :: High school graduate | $50,000-$75,000",EAT5A_W34,4,"0.000000,1.000000,0.000000,0.000000"
mistral_instruct,EDUCATIONxINCOME,"EDUCATIONxINCOME :: High school graduate | $75,000-$100,000",EAT5A_W34,4,"0.000000,0.999999,0.000001,0.000000"
mistral_instruct,EDUCATIONxINCOME,"EDUCATIONxINCOME :: High school graduate | Less than $30,000",EAT5A_W34,4,"0.000001,0.996204,0.003795,0.000000"
mistral_instruct,EDUCATIONxINCOME,"EDUCATIONxINCOME :: Less than high school | Less than $30,000",EAT5A_W34,4,"0.000000,0.006145,0.993855,0.000000"
mistral_instruct,EDUCATIONxINCOME,"EDUCATIONxINCOME :: Postgraduate | $100,000 or more",EAT5A_W34,4,"0.000000,0.999999,0.000001,0.000000"
mistral_instruct,EDUCATIONxINCOME,"EDUCATIONxINCOME :: Postgraduate | $30,000-$50,000",EAT5A_W34,4,"0.000000,1.000000,0.000000,0.000000"
mistral_instruct,EDUCATIONxINCOME,"EDUCATIONxINCOME :: Postgraduate | $50,000-$75,000",EAT5A_W34,4,"0.000000,1.000000,0.000000,0.000000"
mistral_instruct,EDUCATIONxINCOME,"EDUCATIONxINCOME :: Postgraduate | $75,000-$100,000",EAT5A_W34,4,"0.000000,1.000000,0.000000,0.000000"
mistral_instruct,EDUCATIONxINCOME,"EDUCATIONxINCOME :: Postgraduate | Less than $30,000",EAT5A_W34,4,"0.000000,0.999966,0.000033,0.000000"
mistral_instruct,EDUCATIONxINCOME,"EDUCATIONxINCOME :: Some college, no degree | $100,000 or more",EAT5A_W34,4,"0.000000,1.000000,0.000000,0.000000"
mistral_instruct,EDUCATIONxINCOME,"EDUCATIONxINCOME :: Some college, no degree | $30,000-$50,000",EAT5A_W34,4,"0.000000,1.000000,0.000000,0.000000"
mistral_instruct,EDUCATIONxINCOME,"EDUCATIONxINCOME :: Some college, no degree | $50,000-$75,000",EAT5A_W34,4,"0.000000,1.000000,0.000000,0.000000"
mistral_instruct,EDUCATIONxINCOME,"EDUCATIONxINCOME :: Some college, no degree | $75,000-$100,000",EAT5A_W34,4,"0.000000,1.000000,0.000000,0.000000"
mistral_instruct,EDUCATIONxINCOME,"EDUCATIONxINCOME :: Some college, no degree | Less than $30,000",EAT5A_W34,4,"0.000000,1.000000,0.000000,0.000000"
mistral_instruct,EDUCATIONxINCOME,"EDUCATIONxINCOME :: Associate's degree | $100,000 or more",ECON3_i_W54,4,"0.000000,0.000000,1.000000,0.000000"
mistral_instruct,EDUCATIONxINCOME,"EDUCATIONxINCOME :: Associate's degree | $30,000-$50,000",ECON3_i_W54,4,"0.000000,0.000000,1.000000,0.000000"
mistral_instruct,EDUCATIONxINCOME,"EDUCATIONxINCOME :: Associate's degree | $50,000-$75,000",ECON3_i_W54,4,"0.000000,0.000000,1.000000,0.000000"
mistral_instruct,EDUCATIONxINCOME,"EDUCATIONxINCOME :: Associate's degree | $75,000-$100,000",ECON3_i_W54,4,"0.000000,0.000000,1.000000,0.000000"
mistral_instruct,EDUCATIONxINCOME,"EDUCATIONxINCOME :: Associate's degree | Less than $30,000",ECON3_i_W54,4,"0.000000,0.000000,1.000000,0.000000"
mistral_instruct,EDUCATIONxINCOME,EDUCATIONxINCOME :: Associate's degree | Refused,ECON3_i_W54,4,"0.000000,0.000000,0.999987,0.000013"
mistral_instruct,EDUCATIONxINCOME,"EDUCATIONxINCOME :: College graduate/some postgrad | $100,000 or more",ECON3_i_W54,4,"0.000000,0.000069,0.999931,0.000000"
mistral_instruct,EDUCATIONxINCOME,"EDUCATIONxINCOME :: College graduate/some postgrad | $30,000-$50,000",ECON3_i_W54,4,"0.000000,0.000000,1.000000,0.000000"
mistral_instruct,EDUCATIONxINCOME,"EDUCATIONxINCOME :: College graduate/some postgrad | $50,000-$75,000",ECON3_i_W54,4,"0.000000,0.000000,1.000000,0.000000"
mistral_instruct,EDUCATIONxINCOME,"EDUCATIONxINCOME :: College graduate/some postgrad | $75,000-$100,000",ECON3_i_W54,4,"0.000000,0.000000,1.000000,0.000000"
mistral_instruct,EDUCATIONxINCOME,"EDUCATIONxINCOME :: College graduate/some postgrad | Less than $30,000",ECON3_i_W54,4,"0.000000,0.000000,1.000000,0.000000"
mistral_instruct,EDUCATIONxINCOME,EDUCATIONxINCOME :: College graduate/some postgrad | Refused,ECON3_i_W54,4,"0.000000,0.000000,1.000000,0.000000"
mistral_instruct,EDUCATIONxINCOME,"EDUCATIONxINCOME :: High school graduate | $100,000 or more",ECON3_i_W54,4,"0.000000,0.000000,1.000000,0.000000"
mistral_instruct,EDUCATIONxINCOME,"EDUCATIONxINCOME :: High school graduate | $30,000-$50,000",ECON3_i_W54,4,"0.000000,0.000000,1.000000,0.000000"
mistral_instruct,EDUCATIONxINCOME,"EDUCATIONxINCOME :: High school graduate | $50,000-$75,000",ECON3_i_W54,4,"0.000000,0.000000,1.000000,0.000000"
mistral_instruct,EDUCATIONxINCOME,"EDUCATIONxINCOME :: High school graduate | $75,000-$100,000",ECON3_i_W54,4,"0.000000,0.000000,1.000000,0.000000"
mistral_instruct,EDUCATIONxINCOME,"EDUCATIONxINCOME :: High school graduate | Less than $30,000",ECON3_i_W54,4,"0.000000,0.000000,1.000000,0.000000"
mistral_instruct,EDUCATIONxINCOME,EDUCATIONxINCOME :: High school graduate | Refused,ECON3_i_W54,4,"0.000000,0.000000,0.999520,0.000480"
mistral_instruct,EDUCATIONxINCOME,"EDUCATIONxINCOME :: Less than high school | $30,000-$50,000",ECON3_i_W54,4,"0.000000,0.000000,1.000000,0.000000"
mistral_instruct,EDUCATIONxINCOME,"EDUCATIONxINCOME :: Less than high school | Less than $30,000",ECON3_i_W54,4,"0.000000,0.000000,1.000000,0.000000"
mistral_instruct,EDUCATIONxINCOME,"EDUCATIONxINCOME :: Postgraduate | $100,000 or more",ECON3_i_W54,4,"0.966390,0.000021,0.033589,0.000000"
mistral_instruct,EDUCATIONxINCOME,"EDUCATIONxINCOME :: Postgraduate | $30,000-$50,000",ECON3_i_W54,4,"0.000000,0.000000,1.000000,0.000000"
mistral_instruct,EDUCATIONxINCOME,"EDUCATIONxINCOME :: Postgraduate | $50,000-$75,000",ECON3_i_W54,4,"0.000000,0.000000,1.000000,0.000000"
mistral_instruct,EDUCATIONxINCOME,"EDUCATIONxINCOME :: Postgraduate | $75,000-$100,000",ECON3_i_W54,4,"0.000000,0.000012,0.999988,0.000000"
mistral_instruct,EDUCATIONxINCOME,"EDUCATIONxINCOME :: Postgraduate | Less than $30,000",ECON3_i_W54,4,"0.000000,0.000000,1.000000,0.000000"
mistral_instruct,EDUCATIONxINCOME,EDUCATIONxINCOME :: Postgraduate | Refused,ECON3_i_W54,4,"0.000000,0.000000,0.999279,0.000721"
mistral_instruct,EDUCATIONxINCOME,"EDUCATIONxINCOME :: Some college, no degree | $100,000 or more",ECON3_i_W54,4,"0.000000,0.000000,1.000000,0.000000"
mistral_instruct,EDUCATIONxINCOME,"EDUCATIONxINCOME :: Some college, no degree | $30,000-$50,000",ECON3_i_W54,4,"0.000000,0.000000,1.000000,0.000000"
mistral_instruct,EDUCATIONxINCOME,"EDUCATIONxINCOME :: Some college, no degree | $50,000-$75,000",ECON3_i_W54,4,"0.000000,0.000000,1.000000,0.000000"
mistral_instruct,EDUCATIONxINCOME,"EDUCATIONxINCOME :: Some college, no degree | $75,000-$100,000",ECON3_i_W54,4,"0.000000,0.000000,1.000000,0.000000"
mistral_instruct,EDUCATIONxINCOME,"EDUCATIONxINCOME :: Some college, no degree | Less than $30,000",ECON3_i_W54,4,"0.000000,0.000000,1.000000,0.000000"
mistral_instruct,EDUCATIONxINCOME,"EDUCATIONxINCOME :: Some college, no degree | Refused",ECON3_i_W54,4,"0.000001,0.000000,0.721743,0.278257"
mistral_instruct,EDUCATIONxINCOME,"EDUCATIONxINCOME :: Associate's degree | $100,000 or more",EVERSHOT_W26,2,"1.000000,0.000000"
mistral_instruct,EDUCATIONxINCOME,"EDUCATIONxINCOME :: Associate's degree | $30,000-$50,000",EVERSHOT_W26,2,"1.000000,0.000000"
mistral_instruct,EDUCATIONxINCOME,"EDUCATIONxINCOME :: Associate's degree | $50,000-$75,000",EVERSHOT_W26,2,"1.000000,0.000000"
mistral_instruct,EDUCATIONxINCOME,"EDUCATIONxINCOME :: Associate's degree | $75,000-$100,000",EVERSHOT_W26,2,"1.000000,0.000000"
mistral_instruct,EDUCATIONxINCOME,"EDUCATIONxINCOME :: Associate's degree | Less than $30,000",EVERSHOT_W26,2,"1.000000,0.000000"
mistral_instruct,EDUCATIONxINCOME,"EDUCATIONxINCOME :: College graduate/some postgrad | $100,000 or more",EVERSHOT_W26,2,"1.000000,0.000000"
mistral_instruct,EDUCATIONxINCOME,"EDUCATIONxINCOME :: College graduate/some postgrad | $30,000-$50,000",EVERSHOT_W26,2,"1.000000,0.000000"
mistral_instruct,EDUCATIONxINCOME,"EDUCATIONxINCOME :: College graduate/some postgrad | $50,000-$75,000",EVERSHOT_W26,2,"1.000000,0.000000"
mistral_instruct,EDUCATIONxINCOME,"EDUCATIONxINCOME :: College graduate/some postgrad | $75,000-$100,000",EVERSHOT_W26,2,"1.000000,0.000000"
mistral_instruct,EDUCATIONxINCOME,"EDUCATIONxINCOME :: College graduate/some postgrad | Less than $30,000",EVERSHOT_W26,2,"0.999937,0.000063"
mistral_instruct,EDUCATIONxINCOME,"EDUCATIONxINCOME :: High school graduate | $100,000 or more",EVERSHOT_W26,2,"1.000000,0.000000"
mistral_instruct,EDUCATIONxINCOME,"EDUCATIONxINCOME :: High school graduate | $30,000-$50,000",EVERSHOT_W26,2,"1.000000,0.000000"
mistral_instruct,EDUCATIONxINCOME,"EDUCATIONxINCOME :: High school graduate | $50,000-$75,000",EVERSHOT_W26,2,"1.000000,0.000000"
mistral_instruct,EDUCATIONxINCOME,"EDUCATIONxINCOME :: High school graduate | $75,000-$100,000",EVERSHOT_W26,2,"1.000000,0.000000"
mistral_instruct,EDUCATIONxINCOME,"EDUCATIONxINCOME :: High school graduate | Less than $30,000",EVERSHOT_W26,2,"1.000000,0.000000"
mistral_instruct,EDUCATIONxINCOME,"EDUCATIONxINCOME :: Less than high school | Less than $30,000",EVERSHOT_W26,2,"0.999999,0.000001"
mistral_instruct,EDUCATIONxINCOME,"EDUCATIONxINCOME :: Postgraduate | $100,000 or more",EVERSHOT_W26,2,"1.000000,0.000000"
mistral_instruct,EDUCATIONxINCOME,"EDUCATIONxINCOME :: Postgraduate | $30,000-$50,000",EVERSHOT_W26,2,"1.000000,0.000000"
mistral_instruct,EDUCATIONxINCOME,"EDUCATIONxINCOME :: Postgraduate | $50,000-$75,000",EVERSHOT_W26,2,"1.000000,0.000000"
mistral_instruct,EDUCATIONxINCOME,"EDUCATIONxINCOME :: Postgraduate | $75,000-$100,000",EVERSHOT_W26,2,"1.000000,0.000000"
mistral_instruct,EDUCATIONxINCOME,"EDUCATIONxINCOME :: Postgraduate | Less than $30,000",EVERSHOT_W26,2,"0.999983,0.000017"
mistral_instruct,EDUCATIONxINCOME,"EDUCATIONxINCOME :: Some college, no degree | $100,000 or more",EVERSHOT_W26,2,"1.000000,0.000000"
mistral_instruct,EDUCATIONxINCOME,"EDUCATIONxINCOME :: Some college, no degree | $30,000-$50,000",EVERSHOT_W26,2,"1.000000,0.000000"
mistral_instruct,EDUCATIONxINCOME,"EDUCATIONxINCOME :: Some college, no degree | $50,000-$75,000",EVERSHOT_W26,2,"1.000000,0.000000"
mistral_instruct,EDUCATIONxINCOME,"EDUCATIONxINCOME :: Some college, no degree | $75,000-$100,000",EVERSHOT_W26,2,"1.000000,0.000000"
mistral_instruct,EDUCATIONxINCOME,"EDUCATIONxINCOME :: Some college, no degree | Less than $30,000",EVERSHOT_W26,2,"1.000000,0.000000"
mistral_instruct,EDUCATIONxINCOME,"EDUCATIONxINCOME :: Associate's degree | $100,000 or more",FAMSURV29_W50,4,"0.000031,0.000000,0.999964,0.000005"
mistral_instruct,EDUCATIONxINCOME,"EDUCATIONxINCOME :: Associate's degree | $30,000-$50,000",FAMSURV29_W50,4,"0.000000,0.000000,1.000000,0.000000"
mistral_instruct,EDUCATIONxINCOME,"EDUCATIONxINCOME :: Associate's degree | $50,000-$75,000",FAMSURV29_W50,4,"0.000000,0.000001,0.999999,0.000000"
mistral_instruct,EDUCATIONxINCOME,"EDUCATIONxINCOME :: Associate's degree | $75,000-$100,000",FAMSURV29_W50,4,"0.000002,0.000037,0.999960,0.000001"
mistral_instruct,EDUCATIONxINCOME,"EDUCATIONxINCOME :: Associate's degree | Less than $30,000",FAMSURV29_W50,4,"0.000000,0.000000,1.000000,0.000000"
mistral_instruct,EDUCATIONxINCOME,EDUCATIONxINCOME :: Associate's degree | Refused,FAMSURV29_W50,4,"0.000007,0.000000,0.998066,0.001927"
mistral_instruct,EDUCATIONxINCOME,"EDUCATIONxINCOME :: College graduate/some postgrad | $100,000 or more",FAMSURV29_W50,4,"0.100138,0.000123,0.899517,0.000222"
mistral_instruct,EDUCATIONxINCOME,"EDUCATIONxINCOME :: College graduate/some postgrad | $30,000-$50,000",FAMSURV29_W50,4,"0.000000,0.000001,0.999999,0.000000"
mistral_instruct,EDUCATIONxINCOME,"EDUCATIONxINCOME :: College graduate/some postgrad | $50,000-$75,000",FAMSURV29_W50,4,"0.000003,0.003350,0.996645,0.000001"
mistral_instruct,EDUCATIONxINCOME,"EDUCATIONxINCOME :: College graduate/some postgrad | $75,000-$100,000",FAMSURV29_W50,4,"0.000131,0.040534,0.959303,0.000032"
mistral_instruct,EDUCATIONxINCOME,"EDUCATIONxINCOME :: College graduate/some postgrad | Less than $30,000",FAMSURV29_W50,4,"0.000000,0.000000,1.000000,0.000000"
mistral_instruct,EDUCATIONxINCOME,EDUCATIONxINCOME :: College graduate/some postgrad | Refused,FAMSURV29_W50,4,"0.000003,0.000000,0.999370,0.000626"
mistral_instruct,EDUCATIONxINCOME,"EDUCATIONxINCOME :: High school graduate | $100,000 or more",FAMSURV29_W50,4,"0.000009,0.000000,0.999983,0.000008"
mistral_instruct,EDUCATIONxINCOME,"EDUCATIONxINCOME :: High school graduate | $30,000-$50,000",FAMSURV29_W50,4,"0.000000,0.000000,1.000000,0.000000"
mistral_instruct,EDUCATIONxINCOME,"EDUCATIONxINCOME :: High school graduate | $50,000-$75,000",FAMSURV29_W50,4,"0.000000,0.000000,1.000000,0.000000"
mistral_instruct,EDUCATIONxINCOME,"EDUCATIONxINCOME :: High school graduate | $75,000-$100,000",FAMSURV29_W50,4,"0.000001,0.000000,0.999999,0.000000"
mistral_instruct,EDUCATIONxINCOME,"EDUCATIONxINCOME :: High school graduate | Less than $30,000",FAMSURV29_W50,4,"0.000000,0.000000,1.000000,0.000000"
mistral_instruct,EDUCATIONxINCOME,EDUCATIONxINCOME :: High school graduate | Refused,FAMSURV29_W50,4,"0.000026,0.000000,0.971322,0.028652"
mistral_instruct,EDUCATIONxINCOME,"EDUCATIONxINCOME :: Less than high school | $30,000-$50,000",FAMSURV29_W50,4,"0.000000,0.000000,1.000000,0.000000"
mistral_instruct,EDUCATIONxINCOME,"EDUCATIONxINCOME :: Less than high school | Less than $30,000",FAMSURV29_W50,4,"0.000000,0.000000,1.000000,0.000000"
mistral_instruct,EDUCATIONxINCOME,"EDUCATIONxINCOME :: Postgraduate | $100,000 or more",FAMSURV29_W50,4,"0.730979,0.000003,0.268912,0.000106"
mistral_instruct,EDUCATIONxINCOME,"EDUCATIONxINCOME :: Postgraduate | $30,000-$50,000",FAMSURV29_W50,4,"0.000000,0.000000,1.000000,0.000000"
mistral_instruct,EDUCATIONxINCOME,"EDUCATIONxINCOME :: Postgraduate | $50,000-$75,000",FAMSURV29_W50,4,"0.000001,0.000060,0.999939,0.000000"
mistral_instruct,EDUCATIONxINCOME,"EDUCATIONxINCOME :: Postgraduate | $75,000-$100,000",FAMSURV29_W50,4,"0.000107,0.002415,0.997454,0.000025"
mistral_instruct,EDUCATIONxINCOME,"EDUCATIONxINCOME :: Postgraduate | Less than $30,000",FAMSURV29_W50,4,"0.000000,0.000000,1.000000,0.000000"
mistral_instruct,EDUCATIONxINCOME,EDUCATIONxINCOME :: Postgraduate | Refused,FAMSURV29_W50,4,"0.000036,0.000000,0.910512,0.089451"
mistral_instruct,EDUCATIONxINCOME,"EDUCATIONxINCOME :: Some college, no degree | $100,000 or more",FAMSURV29_W50,4,"0.000004,0.000000,0.999994,0.000002"
mistral_instruct,EDUCATIONxINCOME,"EDUCATIONxINCOME :: Some college, no degree | $30,000-$50,000",FAMSURV29_W50,4,"0.000000,0.000000,1.000000,0.000000"
mistral_instruct,EDUCATIONxINCOME,"EDUCATIONxINCOME :: Some college, no degree | $50,000-$75,000",FAMSURV29_W50,4,"0.000000,0.000000,1.000000,0.000000"
mistral_instruct,EDUCATIONxINCOME,"EDUCATIONxINCOME :: Some college, no degree | $75,000-$100,000",FAMSURV29_W50,4,"0.000000,0.000083,0.999916,0.000000"
mistral_instruct,EDUCATIONxINCOME,"EDUCATIONxINCOME :: Some college, no degree | Less than $30,000",FAMSURV29_W50,4,"0.000000,0.000000,1.000000,0.000000"
mistral_instruct,EDUCATIONxINCOME,"EDUCATIONxINCOME :: Some college, no degree | Refused",FAMSURV29_W50,4,"0.000179,0.000001,0.239306,0.760514"
mistral_instruct,EDUCATIONxINCOME,"EDUCATIONxINCOME :: Associate's degree | $100,000 or more",FAMSURV30d_W50,3,"0.000002,0.000000,0.999998"
mistral_instruct,EDUCATIONxINCOME,"EDUCATIONxINCOME :: Associate's degree | $30,000-$50,000",FAMSURV30d_W50,3,"0.634362,0.121070,0.244568"
mistral_instruct,EDUCATIONxINCOME,"EDUCATIONxINCOME :: Associate's degree | $50,000-$75,000",FAMSURV30d_W50,3,"0.051966,0.913954,0.034080"
mistral_instruct,EDUCATIONxINCOME,"EDUCATIONxINCOME :: Associate's degree | $75,000-$100,000",FAMSURV30d_W50,3,"0.008526,0.028843,0.962631"
mistral_instruct,EDUCATIONxINCOME,"EDUCATIONxINCOME :: Associate's degree | Less than $30,000",FAMSURV30d_W50,3,"0.002083,0.000003,0.997914"
mistral_instruct,EDUCATIONxINCOME,EDUCATIONxINCOME :: Associate's degree | Refused,FAMSURV30d_W50,3,"0.000000,0.000000,1.000000"
mistral_instruct,EDUCATIONxINCOME,"EDUCATIONxINCOME :: College graduate/some postgrad | $100,000 or more",FAMSURV30d_W50,3,"0.000015,0.000002,0.999983"
mistral_instruct,EDUCATIONxINCOME,"EDUCATIONxINCOME :: College graduate/some postgrad | $30,000-$50,000",FAMSURV30d_W50,3,"0.999287,0.000699,0.000014"
mistral_instruct,EDUCATIONxINCOME,"EDUCATIONxINCOME :: College graduate/some postgrad | $50,000-$75,000",FAMSURV30d_W50,3,"0.058648,0.939165,0.002187"
mistral_instruct,EDUCATIONxINCOME,"EDUCATIONxINCOME :: College graduate/some postgrad | $75,000-$100,000",FAMSURV30d_W50,3,"0.059764,0.920373,0.019863"
mistral_instruct,EDUCATIONxINCOME,"EDUCATIONxINCOME :: College graduate/some postgrad | Less than $30,000",FAMSURV30d_W50,3,"0.997932,0.000049,0.002019"
mistral_instruct,EDUCATIONxINCOME,EDUCATIONxINCOME :: College graduate/some postgrad | Refused,FAMSURV30d_W50,3,"0.000001,0.000000,1.000000"
mistral_instruct,EDUCATIONxINCOME,"EDUCATIONxINCOME :: High school graduate | $100,000 or more",FAMSURV30d_W50,3,"0.000002,0.000000,0.999998"
mistral_instruct,EDUCATIONxINCOME,"EDUCATIONxINCOME :: High school graduate | $30,000-$50,000",FAMSURV30d_W50,3,"0.962636,0.002025,0.035339"
mistral_instruct,EDUCATIONxINCOME,"EDUCATIONxINCOME :: High school graduate | $50,000-$75,000",FAMSURV30d_W50,3,"0.549027,0.166141,0.284832"
mistral_instruct,EDUCATIONxINCOME,"EDUCATIONxINCOME :: High school graduate | $75,000-$100,000",FAMSURV30d_W50,3,"0.002183,0.000075,0.997742"
mistral_instruct,EDUCATIONxINCOME,"EDUCATIONxINCOME :: High school graduate | Less than $30,000",FAMSURV30d_W50,3,"0.000389,0.000000,0.999611"
mistral_instruct,EDUCATIONxINCOME,EDUCATIONxINCOME :: High school graduate | Refused,FAMSURV30d_W50,3,"0.000000,0.000000,1.000000"
mistral_instruct,EDUCATIONxINCOME,"EDUCATIONxINCOME :: Less than high school | $30,000-$50,000",FAMSURV30d_W50,3,"0.879139,0.000009,0.120852"
mistral_instruct,EDUCATIONxINCOME,"EDUCATIONxINCOME :: Less than high school | Less than $30,000",FAMSURV30d_W50,3,"0.000000,0.000000,1.000000"
mistral_instruct,EDUCATIONxINCOME,"EDUCATIONxINCOME :: Postgraduate | $100,000 or more",FAMSURV30d_W50,3,"0.001549,0.000000,0.998451"
mistral_instruct,EDUCATIONxINCOME,"EDUCATIONxINCOME :: Postgraduate | $30,000-$50,000",FAMSURV30d_W50,3,"0.998922,0.000761,0.000317"
mistral_instruct,EDUCATIONxINCOME,"EDUCATIONxINCOME :: Postgraduate | $50,000-$75,000",FAMSURV30d_W50,3,"0.633933,0.347367,0.018700"
mistral_instruct,EDUCATIONxINCOME,"EDUCATIONxINCOME :: Postgraduate | $75,000-$100,000",FAMSURV30d_W50,3,"0.896861,0.045355,0.057784"
mistral_instruct,EDUCATIONxINCOME,"EDUCATIONxINCOME :: Postgraduate | Less than $30,000",FAMSURV30d_W50,3,"0.992591,0.000006,0.007403"
mistral_instruct,EDUCATIONxINCOME,"EDUCATIONxINCOME :: Some college, no degree | $100,000 or more",FAMSURV30d_W50,3,"0.000065,0.000000,0.999935"
mistral_instruct,EDUCATIONxINCOME,"EDUCATIONxINCOME :: Some college, no degree | $30,000-$50,000",FAMSURV30d_W50,3,"0.999998,0.000002,0.000000"
mistral_instruct,EDUCATIONxINCOME,"EDUCATIONxINCOME :: Some college, no degree | $50,000-$75,000",FAMSURV30d_W50,3,"0.999925,0.000074,0.000000"
mistral_instruct,EDUCATIONxINCOME,"EDUCATIONxINCOME :: Some college, no degree | $75,000-$100,000",FAMSURV30d_W50,3,"0.999589,0.000398,0.000013"
mistral_instruct,EDUCATIONxINCOME,"EDUCATIONxINCOME :: Some college, no degree | Less than $30,000",FAMSURV30d_W50,3,"0.993358,0.000001,0.006641"
mistral_instruct,EDUCATIONxINCOME,"EDUCATIONxINCOME :: Associate's degree | $100,000 or more",FEDSHAREB_W32,3,"0.000025,0.000003,0.999971"
mistral_instruct,EDUCATIONxINCOME,"EDUCATIONxINCOME :: Associate's degree | $30,000-$50,000",FEDSHAREB_W32,3,"0.000001,0.000004,0.999995"
mistral_instruct,EDUCATIONxINCOME,"EDUCATIONxINCOME :: Associate's degree | $50,000-$75,000",FEDSHAREB_W32,3,"0.000001,0.000000,0.999999"
mistral_instruct,EDUCATIONxINCOME,"EDUCATIONxINCOME :: Associate's degree | $75,000-$100,000",FEDSHAREB_W32,3,"0.000003,0.000001,0.999996"
mistral_instruct,EDUCATIONxINCOME,"EDUCATIONxINCOME :: Associate's degree | Less than $30,000",FEDSHAREB_W32,3,"0.000003,0.000053,0.999944"
mistral_instruct,EDUCATIONxINCOME,"EDUCATIONxINCOME :: College graduate/some postgrad | $100,000 or more",FEDSHAREB_W32,3,"0.000002,0.000000,0.999998"
mistral_instruct,EDUCATIONxINCOME,"EDUCATIONxINCOME :: College graduate/some postgrad | $30,000-$50,000",FEDSHAREB_W32,3,"0.000001,0.000001,0.999997"
mistral_instruct,EDUCATIONxINCOME,"EDUCATIONxINCOME :: College graduate/some postgrad | $50,000-$75,000",FEDSHAREB_W32,3,"0.000000,0.000000,0.999999"
mistral_instruct,EDUCATIONxINCOME,"EDUCATIONxINCOME :: College graduate/some postgrad | $75,000-$100,000",FEDSHAREB_W32,3,"0.000001,0.000000,0.999999"
mistral_instruct,EDUCATIONxINCOME,"EDUCATIONxINCOME :: College graduate/some postgrad | Less than $30,000",FEDSHAREB_W32,3,"0.000006,0.000371,0.999623"
mistral_instruct,EDUCATIONxINCOME,EDUCATIONxINCOME :: College graduate/some postgrad | Refused,FEDSHAREB_W32,3,"0.000065,0.000053,0.999882"
mistral_instruct,EDUCATIONxINCOME,"EDUCATIONxINCOME :: High school graduate | $100,000 or more",FEDSHAREB_W32,3,"0.000137,0.000010,0.999854"
mistral_instruct,EDUCATIONxINCOME,"EDUCATIONxINCOME :: High school graduate | $30,000-$50,000",FEDSHAREB_W32,3,"0.000001,0.000003,0.999997"
mistral_instruct,EDUCATIONxINCOME,"EDUCATIONxINCOME :: High school graduate | $50,000-$75,000",FEDSHAREB_W32,3,"0.000000,0.000000,0.999999"
mistral_instruct,EDUCATIONxINCOME,"EDUCATIONxINCOME :: High school graduate | $75,000-$100,000",FEDSHAREB_W32,3,"0.000009,0.000001,0.999990"
mistral_instruct,EDUCATIONxINCOME,"EDUCATIONxINCOME :: High school graduate | Less than $30,000",FEDSHAREB_W32,3,"0.000002,0.000032,0.999966"
mistral_instruct,EDUCATIONxINCOME,"EDUCATIONxINCOME :: Less than high school | $30,000-$50,000",FEDSHAREB_W32,3,"0.000013,0.000144,0.999843"
mistral_instruct,EDUCATIONxINCOME,"EDUCATIONxINCOME :: Less than high school | Less than $30,000",FEDSHAREB_W32,3,"0.000043,0.000685,0.999272"
mistral_instruct,EDUCATIONxINCOME,"EDUCATIONxINCOME :: Postgraduate | $100,000 or more",FEDSHAREB_W32,3,"0.000005,0.000000,0.999995"
mistral_instruct,EDUCATIONxINCOME,"EDUCATIONxINCOME :: Postgraduate | $30,000-$50,000",FEDSHAREB_W32,3,"0.000005,0.000005,0.999990"
mistral_instruct,EDUCATIONxINCOME,"EDUCATIONxINCOME :: Postgraduate | $50,000-$75,000",FEDSHAREB_W32,3,"0.000001,0.000000,0.999998"
mistral_instruct,EDUCATIONxINCOME,"EDUCATIONxINCOME :: Postgraduate | $75,000-$100,000",FEDSHAREB_W32,3,"0.000002,0.000000,0.999998"
mistral_instruct,EDUCATIONxINCOME,"EDUCATIONxINCOME :: Postgraduate | Less than $30,000",FEDSHAREB_W32,3,"0.000044,0.003915,0.996041"
mistral_instruct,EDUCATIONxINCOME,EDUCATIONxINCOME :: Postgraduate | Refused,FEDSHAREB_W32,3,"0.000773,0.000487,0.998740"
mistral_instruct,EDUCATIONxINCOME,"EDUCATIONxINCOME :: Some college, no degree | $100,000 or more",FEDSHAREB_W32,3,"0.000008,0.000001,0.999991"
mistral_instruct,EDUCATIONxINCOME,"EDUCATIONxINCOME :: Some college, no degree | $30,000-$50,000",FEDSHAREB_W32,3,"0.000001,0.000003,0.999996"
mistral_instruct,EDUCATIONxINCOME,"EDUCATIONxINCOME :: Some college, no degree | $50,000-$75,000",FEDSHAREB_W32,3,"0.000000,0.000000,0.999999"
mistral_instruct,EDUCATIONxINCOME,"EDUCATIONxINCOME :: Some college, no degree | $75,000-$100,000",FEDSHAREB_W32,3,"0.000001,0.000000,0.999999"
mistral_instruct,EDUCATIONxINCOME,"EDUCATIONxINCOME :: Some college, no degree | Less than $30,000",FEDSHAREB_W32,3,"0.000003,0.000055,0.999943"
mistral_instruct,EDUCATIONxINCOME,"EDUCATIONxINCOME :: Some college, no degree | Refused",FEDSHAREB_W32,3,"0.001094,0.000083,0.998822"
mistral_instruct,EDUCATIONxINCOME,"EDUCATIONxINCOME :: Associate's degree | $100,000 or more",FINANCEb_W54,2,"0.999997,0.000003"
mistral_instruct,EDUCATIONxINCOME,"EDUCATIONxINCOME :: Associate's degree | $30,000-$50,000",FINANCEb_W54,2,"0.000007,0.999993"
mistral_instruct,EDUCATIONxINCOME,"EDUCATIONxINCOME :: Associate's degree | $50,000-$75,000",FINANCEb_W54,2,"0.001216,0.998784"
mistral_instruct,EDUCATIONxINCOME,"EDUCATIONxINCOME :: Associate's degree | $75,000-$100,000",FINANCEb_W54,2,"0.999998,0.000002"
mistral_instruct,EDUCATIONxINCOME,"EDUCATIONxINCOME :: Associate's degree | Less than $30,000",FINANCEb_W54,2,"0.000003,0.999997"
mistral_instruct,EDUCATIONxINCOME,EDUCATIONxINCOME :: Associate's degree | Refused,FINANCEb_W54,2,"0.000013,0.999987"
mistral_instruct,EDUCATIONxINCOME,"EDUCATIONxINCOME :: College graduate/some postgrad | $100,000 or more",FINANCEb_W54,2,"1.000000,0.000000"
mistral_instruct,EDUCATIONxINCOME,"EDUCATIONxINCOME :: College graduate/some postgrad | $30,000-$50,000",FINANCEb_W54,2,"0.000259,0.999741"
mistral_instruct,EDUCATIONxINCOME,"EDUCATIONxINCOME :: College graduate/some postgrad | $50,000-$75,000",FINANCEb_W54,2,"1.000000,0.000000"
mistral_instruct,EDUCATIONxINCOME,"EDUCATIONxINCOME :: College graduate/some postgrad | $75,000-$100,000",FINANCEb_W54,2,"1.000000,0.000000"
mistral_instruct,EDUCATIONxINCOME,"EDUCATIONxINCOME :: College graduate/some postgrad | Less than $30,000",FINANCEb_W54,2,"0.000004,0.999995"
mistral_instruct,EDUCATIONxINCOME,EDUCATIONxINCOME :: College graduate/some postgrad | Refused,FINANCEb_W54,2,"0.000048,0.999952"
mistral_instruct,EDUCATIONxINCOME,"EDUCATIONxINCOME :: High school graduate | $100,000 or more",FINANCEb_W54,2,"0.998716,0.001284"
mistral_instruct,EDUCATIONxINCOME,"EDUCATIONxINCOME :: High school graduate | $30,000-$50,000",FINANCEb_W54,2,"0.000003,0.999997"
mistral_instruct,EDUCATIONxINCOME,"EDUCATIONxINCOME :: High school graduate | $50,000-$75,000",FINANCEb_W54,2,"0.000023,0.999977"
mistral_instruct,EDUCATIONxINCOME,"EDUCATIONxINCOME :: High school graduate | $75,000-$100,000",FINANCEb_W54,2,"0.980876,0.019124"
mistral_instruct,EDUCATIONxINCOME,"EDUCATIONxINCOME :: High school graduate | Less than $30,000",FINANCEb_W54,2,"0.000004,0.999996"
mistral_instruct,EDUCATIONxINCOME,EDUCATIONxINCOME :: High school graduate | Refused,FINANCEb_W54,2,"0.000002,0.999998"
mistral_instruct,EDUCATIONxINCOME,"EDUCATIONxINCOME :: Less than high school | $30,000-$50,000",FINANCEb_W54,2,"0.000000,1.000000"
mistral_instruct,EDUCATIONxINCOME,"EDUCATIONxINCOME :: Less than high school | Less than $30,000",FINANCEb_W54,2,"0.000001,0.999999"
mistral_instruct,EDUCATIONxINCOME,"EDUCATIONxINCOME :: Postgraduate | $100,000 or more",FINANCEb_W54,2,"1.000000,0.000000"
mistral_instruct,EDUCATIONxINCOME,"EDUCATIONxINCOME :: Postgraduate | $30,000-$50,000",FINANCEb_W54,2,"0.001405,0.998595"
mistral_instruct,EDUCATIONxINCOME,"EDUCATIONxINCOME :: Postgraduate | $50,000-$75,000",FINANCEb_W54,2,"1.000000,0.000000"
mistral_instruct,EDUCATIONxINCOME,"EDUCATIONxINCOME :: Postgraduate | $75,000-$100,000",FINANCEb_W54,2,"1.000000,0.000000"
mistral_instruct,EDUCATIONxINCOME,"EDUCATIONxINCOME :: Postgraduate | Less than $30,000",FINANCEb_W54,2,"0.000011,0.999989"
mistral_instruct,EDUCATIONxINCOME,EDUCATIONxINCOME :: Postgraduate | Refused,FINANCEb_W54,2,"0.000607,0.999393"
mistral_instruct,EDUCATIONxINCOME,"EDUCATIONxINCOME :: Some college, no degree | $100,000 or more",FINANCEb_W54,2,"0.999998,0.000002"
mistral_instruct,EDUCATIONxINCOME,"EDUCATIONxINCOME :: Some college, no degree | $30,000-$50,000",FINANCEb_W54,2,"0.000001,0.999999"
mistral_instruct,EDUCATIONxINCOME,"EDUCATIONxINCOME :: Some college, no degree | $50,000-$75,000",FINANCEb_W54,2,"0.000009,0.999991"
mistral_instruct,EDUCATIONxINCOME,"EDUCATIONxINCOME :: Some college, no degree | $75,000-$100,000",FINANCEb_W54,2,"0.997748,0.002252"
mistral_instruct,EDUCATIONxINCOME,"EDUCATIONxINCOME :: Some college, no degree | Less than $30,000",FINANCEb_W54,2,"0.000000,1.000000"
mistral_instruct,EDUCATIONxINCOME,"EDUCATIONxINCOME :: Some college, no degree | Refused",FINANCEb_W54,2,"0.000000,1.000000"
mistral_instruct,EDUCATIONxINCOME,"EDUCATIONxINCOME :: Associate's degree | $100,000 or more",FUTURE_W42,3,"1.000000,0.000000,0.000000"
mistral_instruct,EDUCATIONxINCOME,"EDUCATIONxINCOME :: Associate's degree | $30,000-$50,000",FUTURE_W42,3,"1.000000,0.000000,0.000000"
mistral_instruct,EDUCATIONxINCOME,"EDUCATIONxINCOME :: Associate's degree | $50,000-$75,000",FUTURE_W42,3,"1.000000,0.000000,0.000000"
mistral_instruct,EDUCATIONxINCOME,"EDUCATIONxINCOME :: Associate's degree | $75,000-$100,000",FUTURE_W42,3,"1.000000,0.000000,0.000000"
mistral_instruct,EDUCATIONxINCOME,"EDUCATIONxINCOME :: Associate's degree | Less than $30,000",FUTURE_W42,3,"1.000000,0.000000,0.000000"
mistral_instruct,EDUCATIONxINCOME,"EDUCATIONxINCOME :: College graduate/some postgrad | $100,000 or more",FUTURE_W42,3,"1.000000,0.000000,0.000000"
mistral_instruct,EDUCATIONxINCOME,"EDUCATIONxINCOME :: College graduate/some postgrad | $30,000-$50,000",FUTURE_W42,3,"1.000000,0.000000,0.000000"
mistral_instruct,EDUCATIONxINCOME,"EDUCATIONxINCOME :: College graduate/some postgrad | $50,000-$75,000",FUTURE_W42,3,"1.000000,0.000000,0.000000"
mistral_instruct,EDUCATIONxINCOME,"EDUCATIONxINCOME :: College graduate/some postgrad | $75,000-$100,000",FUTURE_W42,3,"1.000000,0.000000,0.000000"
mistral_instruct,EDUCATIONxINCOME,"EDUCATIONxINCOME :: College graduate/some postgrad | Less than $30,000",FUTURE_W42,3,"1.000000,0.000000,0.000000"
mistral_instruct,EDUCATIONxINCOME,"EDUCATIONxINCOME :: High school graduate | $100,000 or more",FUTURE_W42,3,"1.000000,0.000000,0.000000"
mistral_instruct,EDUCATIONxINCOME,"EDUCATIONxINCOME :: High school graduate | $30,000-$50,000",FUTURE_W42,3,"1.000000,0.000000,0.000000"
mistral_instruct,EDUCATIONxINCOME,"EDUCATIONxINCOME :: High school graduate | $50,000-$75,000",FUTURE_W42,3,"1.000000,0.000000,0.000000"
mistral_instruct,EDUCATIONxINCOME,"EDUCATIONxINCOME :: High school graduate | $75,000-$100,000",FUTURE_W42,3,"1.000000,0.000000,0.000000"
mistral_instruct,EDUCATIONxINCOME,"EDUCATIONxINCOME :: High school graduate | Less than $30,000",FUTURE_W42,3,"0.999687,0.000000,0.000313"
mistral_instruct,EDUCATIONxINCOME,EDUCATIONxINCOME :: High school graduate | Refused,FUTURE_W42,3,"0.000052,0.000000,0.999948"
mistral_instruct,EDUCATIONxINCOME,"EDUCATIONxINCOME :: Less than high school | $30,000-$50,000",FUTURE_W42,3,"0.999838,0.000000,0.000162"
mistral_instruct,EDUCATIONxINCOME,"EDUCATIONxINCOME :: Less than high school | Less than $30,000",FUTURE_W42,3,"0.000455,0.000000,0.999545"
mistral_instruct,EDUCATIONxINCOME,"EDUCATIONxINCOME :: Postgraduate | $100,000 or more",FUTURE_W42,3,"1.000000,0.000000,0.000000"
mistral_instruct,EDUCATIONxINCOME,"EDUCATIONxINCOME :: Postgraduate | $30,000-$50,000",FUTURE_W42,3,"1.000000,0.000000,0.000000"
mistral_instruct,EDUCATIONxINCOME,"EDUCATIONxINCOME :: Postgraduate | $50,000-$75,000",FUTURE_W42,3,"1.000000,0.000000,0.000000"
mistral_instruct,EDUCATIONxINCOME,"EDUCATIONxINCOME :: Postgraduate | $75,000-$100,000",FUTURE_W42,3,"1.000000,0.000000,0.000000"
mistral_instruct,EDUCATIONxINCOME,"EDUCATIONxINCOME :: Postgraduate | Less than $30,000",FUTURE_W42,3,"1.000000,0.000000,0.000000"
mistral_instruct,EDUCATIONxINCOME,"EDUCATIONxINCOME :: Some college, no degree | $100,000 or more",FUTURE_W42,3,"1.000000,0.000000,0.000000"
mistral_instruct,EDUCATIONxINCOME,"EDUCATIONxINCOME :: Some college, no degree | $30,000-$50,000",FUTURE_W42,3,"1.000000,0.000000,0.000000"
mistral_instruct,EDUCATIONxINCOME,"EDUCATIONxINCOME :: Some college, no degree | $50,000-$75,000",FUTURE_W42,3,"1.000000,0.000000,0.000000"
mistral_instruct,EDUCATIONxINCOME,"EDUCATIONxINCOME :: Some college, no degree | $75,000-$100,000",FUTURE_W42,3,"1.000000,0.000000,0.000000"
mistral_instruct,EDUCATIONxINCOME,"EDUCATIONxINCOME :: Some college, no degree | Less than $30,000",FUTURE_W42,3,"0.999945,0.000000,0.000055"
mistral_instruct,EDUCATIONxINCOME,"EDUCATIONxINCOME :: Some college, no degree | Refused",FUTURE_W42,3,"0.000008,0.000000,0.999992"
mistral_instruct,EDUCATIONxINCOME,"EDUCATIONxINCOME :: Associate's degree | $100,000 or more",GLBLZE_W92,2,"1.000000,0.000000"
mistral_instruct,EDUCATIONxINCOME,"EDUCATIONxINCOME :: Associate's degree | $30,000-$50,000",GLBLZE_W92,2,"0.030909,0.969091"
mistral_instruct,EDUCATIONxINCOME,"EDUCATIONxINCOME :: Associate's degree | $50,000-$75,000",GLBLZE_W92,2,"0.674908,0.325092"
mistral_instruct,EDUCATIONxINCOME,"EDUCATIONxINCOME :: Associate's degree | $75,000-$100,000",GLBLZE_W92,2,"0.999977,0.000023"
mistral_instruct,EDUCATIONxINCOME,"EDUCATIONxINCOME :: Associate's degree | Less than $30,000",GLBLZE_W92,2,"0.007233,0.992767"
mistral_instruct,EDUCATIONxINCOME,EDUCATIONxINCOME :: Associate's degree | Refused,GLBLZE_W92,2,"0.998114,0.001886"
mistral_instruct,EDUCATIONxINCOME,"EDUCATIONxINCOME :: College graduate/some postgrad | $100,000 or more",GLBLZE_W92,2,"1.000000,0.000000"
mistral_instruct,EDUCATIONxINCOME,"EDUCATIONxINCOME :: College graduate/some postgrad | $30,000-$50,000",GLBLZE_W92,2,"0.230920,0.769080"
mistral_instruct,EDUCATIONxINCOME,"EDUCATIONxINCOME :: College graduate/some postgrad | $50,000-$75,000",GLBLZE_W92,2,"0.998964,0.001036"
mistral_instruct,EDUCATIONxINCOME,"EDUCATIONxINCOME :: College graduate/some postgrad | $75,000-$100,000",GLBLZE_W92,2,"1.000000,0.000000"
mistral_instruct,EDUCATIONxINCOME,"EDUCATIONxINCOME :: College graduate/some postgrad | Less than $30,000",GLBLZE_W92,2,"0.001221,0.998779"
mistral_instruct,EDUCATIONxINCOME,EDUCATIONxINCOME :: College graduate/some postgrad | Refused,GLBLZE_W92,2,"0.993096,0.006904"
mistral_instruct,EDUCATIONxINCOME,"EDUCATIONxINCOME :: High school graduate | $100,000 or more",GLBLZE_W92,2,"1.000000,0.000000"
mistral_instruct,EDUCATIONxINCOME,"EDUCATIONxINCOME :: High school graduate | $30,000-$50,000",GLBLZE_W92,2,"0.002581,0.997419"
mistral_instruct,EDUCATIONxINCOME,"EDUCATIONxINCOME :: High school graduate | $50,000-$75,000",GLBLZE_W92,2,"0.040693,0.959307"
mistral_instruct,EDUCATIONxINCOME,"EDUCATIONxINCOME :: High school graduate | $75,000-$100,000",GLBLZE_W92,2,"0.998644,0.001356"
mistral_instruct,EDUCATIONxINCOME,"EDUCATIONxINCOME :: High school graduate | Less than $30,000",GLBLZE_W92,2,"0.000997,0.999003"
mistral_instruct,EDUCATIONxINCOME,EDUCATIONxINCOME :: High school graduate | Refused,GLBLZE_W92,2,"0.979551,0.020449"
mistral_instruct,EDUCATIONxINCOME,"EDUCATIONxINCOME :: Less than high school | $30,000-$50,000",GLBLZE_W92,2,"0.000263,0.999737"
mistral_instruct,EDUCATIONxINCOME,"EDUCATIONxINCOME :: Less than high school | $50,000-$75,000",GLBLZE_W92,2,"0.002946,0.997054"
mistral_instruct,EDUCATIONxINCOME,"EDUCATIONxINCOME :: Less than high school | Less than $30,000",GLBLZE_W92,2,"0.000187,0.999813"
mistral_instruct,EDUCATIONxINCOME,"EDUCATIONxINCOME :: Postgraduate | $100,000 or more",GLBLZE_W92,2,"1.000000,0.000000"
mistral_instruct,EDUCATIONxINCOME,"EDUCATIONxINCOME :: Postgraduate | $30,000-$50,000",GLBLZE_W92,2,"0.407333,0.592667"
mistral_instruct,EDUCATIONxINCOME,"EDUCATIONxINCOME :: Postgraduate | $50,000-$75,000",GLBLZE_W92,2,"0.999781,0.000219"
mistral_instruct,EDUCATIONxINCOME,"EDUCATIONxINCOME :: Postgraduate | $75,000-$100,000",GLBLZE_W92,2,"1.000000,0.000000"
mistral_instruct,EDUCATIONxINCOME,"EDUCATIONxINCOME :: Postgraduate | Less than $30,000",GLBLZE_W92,2,"0.001032,0.998968"
mistral_instruct,EDUCATIONxINCOME,EDUCATIONxINCOME :: Postgraduate | Refused,GLBLZE_W92,2,"0.996190,0.003810"
mistral_instruct,EDUCATIONxINCOME,"EDUCATIONxINCOME :: Some college, no degree | $100,000 or more",GLBLZE_W92,2,"1.000000,0.000000"
mistral_instruct,EDUCATIONxINCOME,"EDUCATIONxINCOME :: Some college, no degree | $30,000-$50,000",GLBLZE_W92,2,"0.008813,0.991187"
mistral_instruct,EDUCATIONxINCOME,"EDUCATIONxINCOME :: Some college, no degree | $50,000-$75,000",GLBLZE_W92,2,"0.144149,0.855851"
mistral_instruct,EDUCATIONxINCOME,"EDUCATIONxINCOME :: Some college, no degree | $75,000-$100,000",GLBLZE_W92,2,"0.996293,0.003707"
mistral_instruct,EDUCATIONxINCOME,"EDUCATIONxINCOME :: Some college, no degree | Less than $30,000",GLBLZE_W92,2,"0.004538,0.995462"
mistral_instruct,EDUCATIONxINCOME,"EDUCATIONxINCOME :: Some college, no degree | Refused",GLBLZE_W92,2,"0.980876,0.019124"
mistral_instruct,EDUCATIONxINCOME,"EDUCATIONxINCOME :: Associate's degree | $100,000 or more",GUNCONTRIBE_W26,4,"0.000000,0.000000,1.000000,0.000000"
mistral_instruct,EDUCATIONxINCOME,"EDUCATIONxINCOME :: Associate's degree | $30,000-$50,000",GUNCONTRIBE_W26,4,"0.000000,0.000000,1.000000,0.000000"
mistral_instruct,EDUCATIONxINCOME,"EDUCATIONxINCOME :: Associate's degree | $50,000-$75,000",GUNCONTRIBE_W26,4,"0.000000,0.000000,1.000000,0.000000"
mistral_instruct,EDUCATIONxINCOME,"EDUCATIONxINCOME :: Associate's degree | $75,000-$100,000",GUNCONTRIBE_W26,4,"0.000000,0.000000,1.000000,0.000000"
mistral_instruct,EDUCATIONxINCOME,"EDUCATIONxINCOME :: Associate's degree | Less than $30,000",GUNCONTRIBE_W26,4,"0.000000,0.000000,1.000000,0.000000"
mistral_instruct,EDUCATIONxINCOME,"EDUCATIONxINCOME :: College graduate/some postgrad | $100,000 or more",GUNCONTRIBE_W26,4,"0.000000,0.000000,1.000000,0.000000"
mistral_instruct,EDUCATIONxINCOME,"EDUCATIONxINCOME :: College graduate/some postgrad | $30,000-$50,000",GUNCONTRIBE_W26,4,"0.000000,0.000000,1.000000,0.000000"
mistral_instruct,EDUCATIONxINCOME,"EDUCATIONxINCOME :: College graduate/some postgrad | $50,000-$75,000",GUNCONTRIBE_W26,4,"0.000000,0.000000,1.000000,0.000000"
mistral_instruct,EDUCATIONxINCOME,"EDUCATIONxINCOME :: College graduate/some postgrad | $75,000-$100,000",GUNCONTRIBE_W26,4,"0.000000,0.000000,1.000000,0.000000"
mistral_instruct,EDUCATIONxINCOME,"EDUCATIONxINCOME :: College graduate/some postgrad | Less than $30,000",GUNCONTRIBE_W26,4,"0.000000,0.000000,1.000000,0.000000"
mistral_instruct,EDUCATIONxINCOME,"EDUCATIONxINCOME :: High school graduate | $100,000 or more",GUNCONTRIBE_W26,4,"0.000000,0.000000,1.000000,0.000000"
mistral_instruct,EDUCATIONxINCOME,"EDUCATIONxINCOME :: High school graduate | $30,000-$50,000",GUNCONTRIBE_W26,4,"0.000000,0.000000,1.000000,0.000000"
mistral_instruct,EDUCATIONxINCOME,"EDUCATIONxINCOME :: High school graduate | $50,000-$75,000",GUNCONTRIBE_W26,4,"0.000000,0.000000,1.000000,0.000000"
mistral_instruct,EDUCATIONxINCOME,"EDUCATIONxINCOME :: High school graduate | $75,000-$100,000",GUNCONTRIBE_W26,4,"0.000000,0.000000,1.000000,0.000000"
mistral_instruct,EDUCATIONxINCOME,"EDUCATIONxINCOME :: High school graduate | Less than $30,000",GUNCONTRIBE_W26,4,"0.000000,0.000000,1.000000,0.000000"
mistral_instruct,EDUCATIONxINCOME,"EDUCATIONxINCOME :: Less than high school | Less than $30,000",GUNCONTRIBE_W26,4,"0.000000,0.000000,0.999988,0.000012"
mistral_instruct,EDUCATIONxINCOME,"EDUCATIONxINCOME :: Postgraduate | $100,000 or more",GUNCONTRIBE_W26,4,"0.000000,0.000000,1.000000,0.000000"
mistral_instruct,EDUCATIONxINCOME,"EDUCATIONxINCOME :: Postgraduate | $30,000-$50,000",GUNCONTRIBE_W26,4,"0.000000,0.000000,1.000000,0.000000"
mistral_instruct,EDUCATIONxINCOME,"EDUCATIONxINCOME :: Postgraduate | $50,000-$75,000",GUNCONTRIBE_W26,4,"0.000000,0.000000,1.000000,0.000000"
mistral_instruct,EDUCATIONxINCOME,"EDUCATIONxINCOME :: Postgraduate | $75,000-$100,000",GUNCONTRIBE_W26,4,"0.000000,0.000000,1.000000,0.000000"
mistral_instruct,EDUCATIONxINCOME,"EDUCATIONxINCOME :: Postgraduate | Less than $30,000",GUNCONTRIBE_W26,4,"0.000000,0.000000,1.000000,0.000000"
mistral_instruct,EDUCATIONxINCOME,"EDUCATIONxINCOME :: Some college, no degree | $100,000 or more",GUNCONTRIBE_W26,4,"0.000000,0.000000,1.000000,0.000000"
mistral_instruct,EDUCATIONxINCOME,"EDUCATIONxINCOME :: Some college, no degree | $30,000-$50,000",GUNCONTRIBE_W26,4,"0.000000,0.000000,1.000000,0.000000"
mistral_instruct,EDUCATIONxINCOME,"EDUCATIONxINCOME :: Some college, no degree | $50,000-$75,000",GUNCONTRIBE_W26,4,"0.000000,0.000000,1.000000,0.000000"
mistral_instruct,EDUCATIONxINCOME,"EDUCATIONxINCOME :: Some college, no degree | $75,000-$100,000",GUNCONTRIBE_W26,4,"0.000000,0.000000,1.000000,0.000000"
mistral_instruct,EDUCATIONxINCOME,"EDUCATIONxINCOME :: Some college, no degree | Less than $30,000",GUNCONTRIBE_W26,4,"0.000000,0.000000,1.000000,0.000000"
mistral_instruct,EDUCATIONxINCOME,"EDUCATIONxINCOME :: Associate's degree | $100,000 or more",GUNCONTRIBF_W26,4,"0.000000,0.000000,1.000000,0.000000"
mistral_instruct,EDUCATIONxINCOME,"EDUCATIONxINCOME :: Associate's degree | $30,000-$50,000",GUNCONTRIBF_W26,4,"0.000000,0.000000,1.000000,0.000000"
mistral_instruct,EDUCATIONxINCOME,"EDUCATIONxINCOME :: Associate's degree | $50,000-$75,000",GUNCONTRIBF_W26,4,"0.000000,0.000000,1.000000,0.000000"
mistral_instruct,EDUCATIONxINCOME,"EDUCATIONxINCOME :: Associate's degree | $75,000-$100,000",GUNCONTRIBF_W26,4,"0.000000,0.000000,1.000000,0.000000"
mistral_instruct,EDUCATIONxINCOME,"EDUCATIONxINCOME :: Associate's degree | Less than $30,000",GUNCONTRIBF_W26,4,"0.000000,0.000000,1.000000,0.000000"
mistral_instruct,EDUCATIONxINCOME,"EDUCATIONxINCOME :: College graduate/some postgrad | $100,000 or more",GUNCONTRIBF_W26,4,"0.000023,0.000002,0.999975,0.000000"
mistral_instruct,EDUCATIONxINCOME,"EDUCATIONxINCOME :: College graduate/some postgrad | $30,000-$50,000",GUNCONTRIBF_W26,4,"0.000000,0.000000,1.000000,0.000000"
mistral_instruct,EDUCATIONxINCOME,"EDUCATIONxINCOME :: College graduate/some postgrad | $50,000-$75,000",GUNCONTRIBF_W26,4,"0.000000,0.000000,1.000000,0.000000"
mistral_instruct,EDUCATIONxINCOME,"EDUCATIONxINCOME :: College graduate/some postgrad | $75,000-$100,000",GUNCONTRIBF_W26,4,"0.000000,0.000000,1.000000,0.000000"
mistral_instruct,EDUCATIONxINCOME,"EDUCATIONxINCOME :: College graduate/some postgrad | Less than $30,000",GUNCONTRIBF_W26,4,"0.000000,0.000000,1.000000,0.000000"
mistral_instruct,EDUCATIONxINCOME,"EDUCATIONxINCOME :: High school graduate | $100,000 or more",GUNCONTRIBF_W26,4,"0.000000,0.000000,1.000000,0.000000"
mistral_instruct,EDUCATIONxINCOME,"EDUCATIONxINCOME :: High school graduate | $30,000-$50,000",GUNCONTRIBF_W26,4,"0.000000,0.000000,1.000000,0.000000"
mistral_instruct,EDUCATIONxINCOME,"EDUCATIONxINCOME :: High school graduate | $50,000-$75,000",GUNCONTRIBF_W26,4,"0.000000,0.000000,1.000000,0.000000"
mistral_instruct,EDUCATIONxINCOME,"EDUCATIONxINCOME :: High school graduate | $75,000-$100,000",GUNCONTRIBF_W26,4,"0.000000,0.000000,1.000000,0.000000"
mistral_instruct,EDUCATIONxINCOME,"EDUCATIONxINCOME :: High school graduate | Less than $30,000",GUNCONTRIBF_W26,4,"0.000000,0.000000,1.000000,0.000000"
mistral_instruct,EDUCATIONxINCOME,"EDUCATIONxINCOME :: Less than high school | Less than $30,000",GUNCONTRIBF_W26,4,"0.000000,0.000000,1.000000,0.000000"
mistral_instruct,EDUCATIONxINCOME,"EDUCATIONxINCOME :: Postgraduate | $100,000 or more",GUNCONTRIBF_W26,4,"0.880795,0.000002,0.119203,0.000001"
mistral_instruct,EDUCATIONxINCOME,"EDUCATIONxINCOME :: Postgraduate | $30,000-$50,000",GUNCONTRIBF_W26,4,"0.000000,0.000000,1.000000,0.000000"
mistral_instruct,EDUCATIONxINCOME,"EDUCATIONxINCOME :: Postgraduate | $50,000-$75,000",GUNCONTRIBF_W26,4,"0.000000,0.000000,1.000000,0.000000"
mistral_instruct,EDUCATIONxINCOME,"EDUCATIONxINCOME :: Postgraduate | $75,000-$100,000",GUNCONTRIBF_W26,4,"0.000000,0.000000,1.000000,0.000000"
mistral_instruct,EDUCATIONxINCOME,"EDUCATIONxINCOME :: Postgraduate | Less than $30,000",GUNCONTRIBF_W26,4,"0.000000,0.000000,1.000000,0.000000"
mistral_instruct,EDUCATIONxINCOME,"EDUCATIONxINCOME :: Some college, no degree | $100,000 or more",GUNCONTRIBF_W26,4,"0.000000,0.000000,1.000000,0.000000"
mistral_instruct,EDUCATIONxINCOME,"EDUCATIONxINCOME :: Some college, no degree | $30,000-$50,000",GUNCONTRIBF_W26,4,"0.000000,0.000000,1.000000,0.000000"
mistral_instruct,EDUCATIONxINCOME,"EDUCATIONxINCOME :: Some college, no degree | $50,000-$75,000",GUNCONTRIBF_W26,4,"0.000000,0.000000,1.000000,0.000000"
mistral_instruct,EDUCATIONxINCOME,"EDUCATIONxINCOME :: Some college, no degree | $75,000-$100,000",GUNCONTRIBF_W26,4,"0.000000,0.000000,1.000000,0.000000"
mistral_instruct,EDUCATIONxINCOME,"EDUCATIONxINCOME :: Some college, no degree | Less than $30,000",GUNCONTRIBF_W26,4,"0.000000,0.000000,1.000000,0.000000"
mistral_instruct,EDUCATIONxINCOME,"EDUCATIONxINCOME :: Associate's degree | $100,000 or more",HAPPENg_W41,2,"1.000000,0.000000"
mistral_instruct,EDUCATIONxINCOME,"EDUCATIONxINCOME :: Associate's degree | $30,000-$50,000",HAPPENg_W41,2,"1.000000,0.000000"
mistral_instruct,EDUCATIONxINCOME,"EDUCATIONxINCOME :: Associate's degree | $50,000-$75,000",HAPPENg_W41,2,"1.000000,0.000000"
mistral_instruct,EDUCATIONxINCOME,"EDUCATIONxINCOME :: Associate's degree | Less than $30,000",HAPPENg_W41,2,"1.000000,0.000000"
mistral_instruct,EDUCATIONxINCOME,"EDUCATIONxINCOME :: College graduate/some postgrad | $100,000 or more",HAPPENg_W41,2,"1.000000,0.000000"
mistral_instruct,EDUCATIONxINCOME,"EDUCATIONxINCOME :: College graduate/some postgrad | $30,000-$50,000",HAPPENg_W41,2,"1.000000,0.000000"
mistral_instruct,EDUCATIONxINCOME,"EDUCATIONxINCOME :: College graduate/some postgrad | $50,000-$75,000",HAPPENg_W41,2,"1.000000,0.000000"
mistral_instruct,EDUCATIONxINCOME,"EDUCATIONxINCOME :: College graduate/some postgrad | $75,000-$100,000",HAPPENg_W41,2,"1.000000,0.000000"
mistral_instruct,EDUCATIONxINCOME,"EDUCATIONxINCOME :: College graduate/some postgrad | Less than $30,000",HAPPENg_W41,2,"1.000000,0.000000"
mistral_instruct,EDUCATIONxINCOME,"EDUCATIONxINCOME :: High school graduate | $100,000 or more",HAPPENg_W41,2,"1.000000,0.000000"
mistral_instruct,EDUCATIONxINCOME,"EDUCATIONxINCOME :: High school graduate | $30,000-$50,000",HAPPENg_W41,2,"1.000000,0.000000"
mistral_instruct,EDUCATIONxINCOME,"EDUCATIONxINCOME :: High school graduate | $50,000-$75,000",HAPPENg_W41,2,"1.000000,0.000000"
mistral_instruct,EDUCATIONxINCOME,"EDUCATIONxINCOME :: High school graduate | $75,000-$100,000",HAPPENg_W41,2,"1.000000,0.000000"
mistral_instruct,EDUCATIONxINCOME,"EDUCATIONxINCOME :: High school graduate | Less than $30,000",HAPPENg_W41,2,"1.000000,0.000000"
mistral_instruct,EDUCATIONxINCOME,EDUCATIONxINCOME :: High school graduate | Refused,HAPPENg_W41,2,"0.999999,0.000001"
mistral_instruct,EDUCATIONxINCOME,"EDUCATIONxINCOME :: Less than high school | Less than $30,000",HAPPENg_W41,2,"1.000000,0.000000"
mistral_instruct,EDUCATIONxINCOME,"EDUCATIONxINCOME :: Postgraduate | $100,000 or more",HAPPENg_W41,2,"1.000000,0.000000"
mistral_instruct,EDUCATIONxINCOME,"EDUCATIONxINCOME :: Postgraduate | $30,000-$50,000",HAPPENg_W41,2,"1.000000,0.000000"
mistral_instruct,EDUCATIONxINCOME,"EDUCATIONxINCOME :: Postgraduate | $50,000-$75,000",HAPPENg_W41,2,"1.000000,0.000000"
mistral_instruct,EDUCATIONxINCOME,"EDUCATIONxINCOME :: Postgraduate | $75,000-$100,000",HAPPENg_W41,2,"1.000000,0.000000"
mistral_instruct,EDUCATIONxINCOME,"EDUCATIONxINCOME :: Some college, no degree | $100,000 or more",HAPPENg_W41,2,"1.000000,0.000000"
mistral_instruct,EDUCATIONxINCOME,"EDUCATIONxINCOME :: Some college, no degree | $30,000-$50,000",HAPPENg_W41,2,"1.000000,0.000000"
mistral_instruct,EDUCATIONxINCOME,"EDUCATIONxINCOME :: Some college, no degree | $50,000-$75,000",HAPPENg_W41,2,"1.000000,0.000000"
mistral_instruct,EDUCATIONxINCOME,"EDUCATIONxINCOME :: Some college, no degree | $75,000-$100,000",HAPPENg_W41,2,"1.000000,0.000000"
mistral_instruct,EDUCATIONxINCOME,"EDUCATIONxINCOME :: Some college, no degree | Less than $30,000",HAPPENg_W41,2,"1.000000,0.000000"
mistral_instruct,EDUCATIONxINCOME,"EDUCATIONxINCOME :: Associate's degree | $100,000 or more",HARASS2F1_W32,3,"0.996116,0.000000,0.003884"
mistral_instruct,EDUCATIONxINCOME,"EDUCATIONxINCOME :: Associate's degree | $30,000-$50,000",HARASS2F1_W32,3,"0.000001,0.000000,0.999999"
mistral_instruct,EDUCATIONxINCOME,"EDUCATIONxINCOME :: Associate's degree | $50,000-$75,000",HARASS2F1_W32,3,"0.000004,0.000000,0.999996"
mistral_instruct,EDUCATIONxINCOME,"EDUCATIONxINCOME :: Associate's degree | $75,000-$100,000",HARASS2F1_W32,3,"0.018264,0.000000,0.981736"
mistral_instruct,EDUCATIONxINCOME,"EDUCATIONxINCOME :: Associate's degree | Less than $30,000",HARASS2F1_W32,3,"0.000000,0.000000,1.000000"
mistral_instruct,EDUCATIONxINCOME,"EDUCATIONxINCOME :: College graduate/some postgrad | $100,000 or more",HARASS2F1_W32,3,"1.000000,0.000000,0.000000"
mistral_instruct,EDUCATIONxINCOME,"EDUCATIONxINCOME :: College graduate/some postgrad | $30,000-$50,000",HARASS2F1_W32,3,"0.979036,0.000000,0.020964"
mistral_instruct,EDUCATIONxINCOME,"EDUCATIONxINCOME :: College graduate/some postgrad | $50,000-$75,000",HARASS2F1_W32,3,"0.999724,0.000000,0.000276"
mistral_instruct,EDUCATIONxINCOME,"EDUCATIONxINCOME :: College graduate/some postgrad | $75,000-$100,000",HARASS2F1_W32,3,"1.000000,0.000000,0.000000"
mistral_instruct,EDUCATIONxINCOME,"EDUCATIONxINCOME :: College graduate/some postgrad | Less than $30,000",HARASS2F1_W32,3,"0.000553,0.000000,0.999447"
mistral_instruct,EDUCATIONxINCOME,EDUCATIONxINCOME :: College graduate/some postgrad | Refused,HARASS2F1_W32,3,"0.000000,0.000000,1.000000"
mistral_instruct,EDUCATIONxINCOME,"EDUCATIONxINCOME :: High school graduate | $100,000 or more",HARASS2F1_W32,3,"0.992767,0.000000,0.007233"
mistral_instruct,EDUCATIONxINCOME,"EDUCATIONxINCOME :: High school graduate | $30,000-$50,000",HARASS2F1_W32,3,"0.000006,0.000000,0.999994"
mistral_instruct,EDUCATIONxINCOME,"EDUCATIONxINCOME :: High school graduate | $50,000-$75,000",HARASS2F1_W32,3,"0.000162,0.000000,0.999838"
mistral_instruct,EDUCATIONxINCOME,"EDUCATIONxINCOME :: High school graduate | $75,000-$100,000",HARASS2F1_W32,3,"0.327668,0.000000,0.672332"
mistral_instruct,EDUCATIONxINCOME,"EDUCATIONxINCOME :: High school graduate | Less than $30,000",HARASS2F1_W32,3,"0.000000,0.000000,1.000000"
mistral_instruct,EDUCATIONxINCOME,"EDUCATIONxINCOME :: Less than high school | $30,000-$50,000",HARASS2F1_W32,3,"0.000000,0.000000,1.000000"
mistral_instruct,EDUCATIONxINCOME,"EDUCATIONxINCOME :: Less than high school | Less than $30,000",HARASS2F1_W32,3,"0.000000,0.000000,1.000000"
mistral_instruct,EDUCATIONxINCOME,"EDUCATIONxINCOME :: Postgraduate | $100,000 or more",HARASS2F1_W32,3,"1.000000,0.000000,0.000000"
mistral_instruct,EDUCATIONxINCOME,"EDUCATIONxINCOME :: Postgraduate | $30,000-$50,000",HARASS2F1_W32,3,"0.294215,0.000000,0.705785"
mistral_instruct,EDUCATIONxINCOME,"EDUCATIONxINCOME :: Postgraduate | $50,000-$75,000",HARASS2F1_W32,3,"0.936285,0.000000,0.063715"
mistral_instruct,EDUCATIONxINCOME,"EDUCATIONxINCOME :: Postgraduate | $75,000-$100,000",HARASS2F1_W32,3,"0.999916,0.000000,0.000084"
mistral_instruct,EDUCATIONxINCOME,"EDUCATIONxINCOME :: Postgraduate | Less than $30,000",HARASS2F1_W32,3,"0.000001,0.000000,0.999999"
mistral_instruct,EDUCATIONxINCOME,EDUCATIONxINCOME :: Postgraduate | Refused,HARASS2F1_W32,3,"0.000000,0.000000,1.000000"
mistral_instruct,EDUCATIONxINCOME,"EDUCATIONxINCOME :: Some college, no degree | $100,000 or more",HARASS2F1_W32,3,"0.999894,0.000000,0.000106"
mistral_instruct,EDUCATIONxINCOME,"EDUCATIONxINCOME :: Some college, no degree | $30,000-$50,000",HARASS2F1_W32,3,"0.000000,0.000000,1.000000"
mistral_instruct,EDUCATIONxINCOME,"EDUCATIONxINCOME :: Some college, no degree | $50,000-$75,000",HARASS2F1_W32,3,"0.000001,0.000000,0.999999"
mistral_instruct,EDUCATIONxINCOME,"EDUCATIONxINCOME :: Some college, no degree | $75,000-$100,000",HARASS2F1_W32,3,"0.006693,0.000000,0.993307"
mistral_instruct,EDUCATIONxINCOME,"EDUCATIONxINCOME :: Some college, no degree | Less than $30,000",HARASS2F1_W32,3,"0.000000,0.000000,1.000000"
mistral_instruct,EDUCATIONxINCOME,"EDUCATIONxINCOME :: Some college, no degree | Refused",HARASS2F1_W32,3,"0.000000,0.000000,1.000000"
mistral_instruct,EDUCATIONxINCOME,"EDUCATIONxINCOME :: Associate's degree | $100,000 or more",INC_W32,2,"1.000000,0.000000"
mistral_instruct,EDUCATIONxINCOME,"EDUCATIONxINCOME :: Associate's degree | $30,000-$50,000",INC_W32,2,"0.000970,0.999030"
mistral_instruct,EDUCATIONxINCOME,"EDUCATIONxINCOME :: Associate's degree | $50,000-$75,000",INC_W32,2,"1.000000,0.000000"
mistral_instruct,EDUCATIONxINCOME,"EDUCATIONxINCOME :: Associate's degree | $75,000-$100,000",INC_W32,2,"1.000000,0.000000"
mistral_instruct,EDUCATIONxINCOME,"EDUCATIONxINCOME :: Associate's degree | Less than $30,000",INC_W32,2,"0.000015,0.999985"
mistral_instruct,EDUCATIONxINCOME,"EDUCATIONxINCOME :: College graduate/some postgrad | $100,000 or more",INC_W32,2,"1.000000,0.000000"
mistral_instruct,EDUCATIONxINCOME,"EDUCATIONxINCOME :: College graduate/some postgrad | $30,000-$50,000",INC_W32,2,"0.000595,0.999405"
mistral_instruct,EDUCATIONxINCOME,"EDUCATIONxINCOME :: College graduate/some postgrad | $50,000-$75,000",INC_W32,2,"1.000000,0.000000"
mistral_instruct,EDUCATIONxINCOME,"EDUCATIONxINCOME :: College graduate/some postgrad | $75,000-$100,000",INC_W32,2,"1.000000,0.000000"
mistral_instruct,EDUCATIONxINCOME,"EDUCATIONxINCOME :: College graduate/some postgrad | Less than $30,000",INC_W32,2,"0.000024,0.999976"
mistral_instruct,EDUCATIONxINCOME,EDUCATIONxINCOME :: College graduate/some postgrad | Refused,INC_W32,2,"0.000467,0.999533"
mistral_instruct,EDUCATIONxINCOME,"EDUCATIONxINCOME :: High school graduate | $100,000 or more",INC_W32,2,"1.000000,0.000000"
mistral_instruct,EDUCATIONxINCOME,"EDUCATIONxINCOME :: High school graduate | $30,000-$50,000",INC_W32,2,"0.000659,0.999341"
mistral_instruct,EDUCATIONxINCOME,"EDUCATIONxINCOME :: High school graduate | $50,000-$75,000",INC_W32,2,"1.000000,0.000000"
mistral_instruct,EDUCATIONxINCOME,"EDUCATIONxINCOME :: High school graduate | $75,000-$100,000",INC_W32,2,"1.000000,0.000000"
mistral_instruct,EDUCATIONxINCOME,"EDUCATIONxINCOME :: High school graduate | Less than $30,000",INC_W32,2,"0.000025,0.999975"
mistral_instruct,EDUCATIONxINCOME,"EDUCATIONxINCOME :: Less than high school | $30,000-$50,000",INC_W32,2,"0.000006,0.999994"
mistral_instruct,EDUCATIONxINCOME,"EDUCATIONxINCOME :: Less than high school | Less than $30,000",INC_W32,2,"0.000003,0.999997"
mistral_instruct,EDUCATIONxINCOME,"EDUCATIONxINCOME :: Postgraduate | $100,000 or more",INC_W32,2,"1.000000,0.000000"
mistral_instruct,EDUCATIONxINCOME,"EDUCATIONxINCOME :: Postgraduate | $30,000-$50,000",INC_W32,2,"0.000194,0.999806"
mistral_instruct,EDUCATIONxINCOME,"EDUCATIONxINCOME :: Postgraduate | $50,000-$75,000",INC_W32,2,"1.000000,0.000000"
mistral_instruct,EDUCATIONxINCOME,"EDUCATIONxINCOME :: Postgraduate | $75,000-$100,000",INC_W32,2,"1.000000,0.000000"
mistral_instruct,EDUCATIONxINCOME,"EDUCATIONxINCOME :: Postgraduate | Less than $30,000",INC_W32,2,"0.000008,0.999992"
mistral_instruct,EDUCATIONxINCOME,EDUCATIONxINCOME :: Postgraduate | Refused,INC_W32,2,"0.000012,0.999988"
mistral_instruct,EDUCATIONxINCOME,"EDUCATIONxINCOME :: Some college, no degree | $100,000 or more",INC_W32,2,"1.000000,0.000000"
mistral_instruct,EDUCATIONxINCOME,"EDUCATIONxINCOME :: Some college, no degree | $30,000-$50,000",INC_W32,2,"0.000014,0.999986"
mistral_instruct,EDUCATIONxINCOME,"EDUCATIONxINCOME :: Some college, no degree | $50,000-$75,000",INC_W32,2,"1.000000,0.000000"
mistral_instruct,EDUCATIONxINCOME,"EDUCATIONxINCOME :: Some college, no degree | $75,000-$100,000",INC_W32,2,"1.000000,0.000000"
mistral_instruct,EDUCATIONxINCOME,"EDUCATIONxINCOME :: Some college, no degree | Less than $30,000",INC_W32,2,"0.000004,0.999996"
mistral_instruct,EDUCATIONxINCOME,"EDUCATIONxINCOME :: Some college, no degree | Refused",INC_W32,2,"0.000014,0.999986"
mistral_instruct,EDUCATIONxINCOME,"EDUCATIONxINCOME :: Associate's degree | $100,000 or more",INSTN_K12_W92,2,"1.000000,0.000000"
mistral_instruct,EDUCATIONxINCOME,"EDUCATIONxINCOME :: Associate's degree | $30,000-$50,000",INSTN_K12_W92,2,"0.999897,0.000103"
mistral_instruct,EDUCATIONxINCOME,"EDUCATIONxINCOME :: Associate's degree | $50,000-$75,000",INSTN_K12_W92,2,"0.999997,0.000004"
mistral_instruct,EDUCATIONxINCOME,"EDUCATIONxINCOME :: Associate's degree | $75,000-$100,000",INSTN_K12_W92,2,"0.999999,0.000001"
mistral_instruct,EDUCATIONxINCOME,"EDUCATIONxINCOME :: Associate's degree | Less than $30,000",INSTN_K12_W92,2,"0.164516,0.835484"
mistral_instruct,EDUCATIONxINCOME,EDUCATIONxINCOME :: Associate's degree | Refused,INSTN_K12_W92,2,"0.999983,0.000017"
mistral_instruct,EDUCATIONxINCOME,"EDUCATIONxINCOME :: College graduate/some postgrad | $100,000 or more",INSTN_K12_W92,2,"1.000000,0.000000"
mistral_instruct,EDUCATIONxINCOME,"EDUCATIONxINCOME :: College graduate/some postgrad | $30,000-$50,000",INSTN_K12_W92,2,"0.999144,0.000856"
mistral_instruct,EDUCATIONxINCOME,"EDUCATIONxINCOME :: College graduate/some postgrad | $50,000-$75,000",INSTN_K12_W92,2,"0.999998,0.000002"
mistral_instruct,EDUCATIONxINCOME,"EDUCATIONxINCOME :: College graduate/some postgrad | $75,000-$100,000",INSTN_K12_W92,2,"1.000000,0.000000"
mistral_instruct,EDUCATIONxINCOME,"EDUCATIONxINCOME :: College graduate/some postgrad | Less than $30,000",INSTN_K12_W92,2,"0.012920,0.987080"
mistral_instruct,EDUCATIONxINCOME,EDUCATIONxINCOME :: College graduate/some postgrad | Refused,INSTN_K12_W92,2,"0.999999,0.000001"
mistral_instruct,EDUCATIONxINCOME,"EDUCATIONxINCOME :: High school graduate | $100,000 or more",INSTN_K12_W92,2,"1.000000,0.000000"
mistral_instruct,EDUCATIONxINCOME,"EDUCATIONxINCOME :: High school graduate | $30,000-$50,000",INSTN_K12_W92,2,"0.999977,0.000022"
mistral_instruct,EDUCATIONxINCOME,"EDUCATIONxINCOME :: High school graduate | $50,000-$75,000",INSTN_K12_W92,2,"0.999999,0.000001"
mistral_instruct,EDUCATIONxINCOME,"EDUCATIONxINCOME :: High school graduate | $75,000-$100,000",INSTN_K12_W92,2,"1.000000,0.000000"
mistral_instruct,EDUCATIONxINCOME,"EDUCATIONxINCOME :: High school graduate | Less than $30,000",INSTN_K12_W92,2,"0.741674,0.258326"
mistral_instruct,EDUCATIONxINCOME,EDUCATIONxINCOME :: High school graduate | Refused,INSTN_K12_W92,2,"0.999877,0.000123"
mistral_instruct,EDUCATIONxINCOME,"EDUCATIONxINCOME :: Less than high school | $30,000-$50,000",INSTN_K12_W92,2,"0.133868,0.866133"
mistral_instruct,EDUCATIONxINCOME,"EDUCATIONxINCOME :: Less than high school | $50,000-$75,000",INSTN_K12_W92,2,"0.928926,0.071074"
mistral_instruct,EDUCATIONxINCOME,"EDUCATIONxINCOME :: Less than high school | Less than $30,000",INSTN_K12_W92,2,"0.000958,0.999041"
mistral_instruct,EDUCATIONxINCOME,"EDUCATIONxINCOME :: Postgraduate | $100,000 or more",INSTN_K12_W92,2,"1.000000,0.000000"
mistral_instruct,EDUCATIONxINCOME,"EDUCATIONxINCOME :: Postgraduate | $30,000-$50,000",INSTN_K12_W92,2,"0.990366,0.009634"
mistral_instruct,EDUCATIONxINCOME,"EDUCATIONxINCOME :: Postgraduate | $50,000-$75,000",INSTN_K12_W92,2,"0.999983,0.000017"
mistral_instruct,EDUCATIONxINCOME,"EDUCATIONxINCOME :: Postgraduate | $75,000-$100,000",INSTN_K12_W92,2,"1.000000,0.000001"
mistral_instruct,EDUCATIONxINCOME,"EDUCATIONxINCOME :: Postgraduate | Less than $30,000",INSTN_K12_W92,2,"0.007121,0.992879"
mistral_instruct,EDUCATIONxINCOME,EDUCATIONxINCOME :: Postgraduate | Refused,INSTN_K12_W92,2,"0.999823,0.000177"
mistral_instruct,EDUCATIONxINCOME,"EDUCATIONxINCOME :: Some college, no degree | $100,000 or more",INSTN_K12_W92,2,"0.999999,0.000001"
mistral_instruct,EDUCATIONxINCOME,"EDUCATIONxINCOME :: Some college, no degree | $30,000-$50,000",INSTN_K12_W92,2,"0.505859,0.494141"
mistral_instruct,EDUCATIONxINCOME,"EDUCATIONxINCOME :: Some college, no degree | $50,000-$75,000",INSTN_K12_W92,2,"0.992481,0.007519"
mistral_instruct,EDUCATIONxINCOME,"EDUCATIONxINCOME :: Some college, no degree | $75,000-$100,000",INSTN_K12_W92,2,"0.999979,0.000021"
mistral_instruct,EDUCATIONxINCOME,"EDUCATIONxINCOME :: Some college, no degree | Less than $30,000",INSTN_K12_W92,2,"0.001416,0.998584"
mistral_instruct,EDUCATIONxINCOME,"EDUCATIONxINCOME :: Some college, no degree | Refused",INSTN_K12_W92,2,"0.964722,0.035278"
mistral_instruct,EDUCATIONxINCOME,"EDUCATIONxINCOME :: Associate's degree | $100,000 or more",LOCALPROBF_W32,3,"0.000000,0.000000,1.000000"
mistral_instruct,EDUCATIONxINCOME,"EDUCATIONxINCOME :: Associate's degree | $30,000-$50,000",LOCALPROBF_W32,3,"0.000012,0.999119,0.000869"
mistral_instruct,EDUCATIONxINCOME,"EDUCATIONxINCOME :: Associate's degree | $50,000-$75,000",LOCALPROBF_W32,3,"0.000002,0.999974,0.000024"
mistral_instruct,EDUCATIONxINCOME,"EDUCATIONxINCOME :: Associate's degree | $75,000-$100,000",LOCALPROBF_W32,3,"0.000010,0.993652,0.006339"
mistral_instruct,EDUCATIONxINCOME,"EDUCATIONxINCOME :: Associate's degree | Less than $30,000",LOCALPROBF_W32,3,"0.000004,0.000007,0.999990"
mistral_instruct,EDUCATIONxINCOME,"EDUCATIONxINCOME :: College graduate/some postgrad | $100,000 or more",LOCALPROBF_W32,3,"0.000000,0.000002,0.999998"
mistral_instruct,EDUCATIONxINCOME,"EDUCATIONxINCOME :: College graduate/some postgrad | $30,000-$50,000",LOCALPROBF_W32,3,"0.000004,0.999886,0.000110"
mistral_instruct,EDUCATIONxINCOME,"EDUCATIONxINCOME :: College graduate/some postgrad | $50,000-$75,000",LOCALPROBF_W32,3,"0.000001,0.999995,0.000004"
mistral_instruct,EDUCATIONxINCOME,"EDUCATIONxINCOME :: College graduate/some postgrad | $75,000-$100,000",LOCALPROBF_W32,3,"0.000002,0.999951,0.000048"
mistral_instruct,EDUCATIONxINCOME,"EDUCATIONxINCOME :: College graduate/some postgrad | Less than $30,000",LOCALPROBF_W32,3,"0.088363,0.647835,0.263802"
mistral_instruct,EDUCATIONxINCOME,EDUCATIONxINCOME :: College graduate/some postgrad | Refused,LOCALPROBF_W32,3,"0.000002,0.000000,0.999998"
mistral_instruct,EDUCATIONxINCOME,"EDUCATIONxINCOME :: High school graduate | $100,000 or more",LOCALPROBF_W32,3,"0.000000,0.000000,1.000000"
mistral_instruct,EDUCATIONxINCOME,"EDUCATIONxINCOME :: High school graduate | $30,000-$50,000",LOCALPROBF_W32,3,"0.000018,0.998227,0.001755"
mistral_instruct,EDUCATIONxINCOME,"EDUCATIONxINCOME :: High school graduate | $50,000-$75,000",LOCALPROBF_W32,3,"0.000002,0.999796,0.000202"
mistral_instruct,EDUCATIONxINCOME,"EDUCATIONxINCOME :: High school graduate | $75,000-$100,000",LOCALPROBF_W32,3,"0.000027,0.324227,0.675746"
mistral_instruct,EDUCATIONxINCOME,"EDUCATIONxINCOME :: High school graduate | Less than $30,000",LOCALPROBF_W32,3,"0.000055,0.000001,0.999944"
mistral_instruct,EDUCATIONxINCOME,"EDUCATIONxINCOME :: Less than high school | $30,000-$50,000",LOCALPROBF_W32,3,"0.006639,0.015680,0.977681"
mistral_instruct,EDUCATIONxINCOME,"EDUCATIONxINCOME :: Less than high school | Less than $30,000",LOCALPROBF_W32,3,"0.000823,0.000000,0.999177"
mistral_instruct,EDUCATIONxINCOME,"EDUCATIONxINCOME :: Postgraduate | $100,000 or more",LOCALPROBF_W32,3,"0.000000,0.000000,1.000000"
mistral_instruct,EDUCATIONxINCOME,"EDUCATIONxINCOME :: Postgraduate | $30,000-$50,000",LOCALPROBF_W32,3,"0.000003,0.999944,0.000053"
mistral_instruct,EDUCATIONxINCOME,"EDUCATIONxINCOME :: Postgraduate | $50,000-$75,000",LOCALPROBF_W32,3,"0.000001,0.999997,0.000002"
mistral_instruct,EDUCATIONxINCOME,"EDUCATIONxINCOME :: Postgraduate | $75,000-$100,000",LOCALPROBF_W32,3,"0.000001,0.999987,0.000012"
mistral_instruct,EDUCATIONxINCOME,"EDUCATIONxINCOME :: Postgraduate | Less than $30,000",LOCALPROBF_W32,3,"0.182681,0.700289,0.117030"
mistral_instruct,EDUCATIONxINCOME,EDUCATIONxINCOME :: Postgraduate | Refused,LOCALPROBF_W32,3,"0.000006,0.000001,0.999993"
mistral_instruct,EDUCATIONxINCOME,"EDUCATIONxINCOME :: Some college, no degree | $100,000 or more",LOCALPROBF_W32,3,"0.000000,0.000000,1.000000"
mistral_instruct,EDUCATIONxINCOME,"EDUCATIONxINCOME :: Some college, no degree | $30,000-$50,000",LOCALPROBF_W32,3,"0.000037,0.998955,0.001008"
mistral_instruct,EDUCATIONxINCOME,"EDUCATIONxINCOME :: Some college, no degree | $50,000-$75,000",LOCALPROBF_W32,3,"0.000002,0.999987,0.000011"
mistral_instruct,EDUCATIONxINCOME,"EDUCATIONxINCOME :: Some college, no degree | $75,000-$100,000",LOCALPROBF_W32,3,"0.000003,0.999842,0.000155"
mistral_instruct,EDUCATIONxINCOME,"EDUCATIONxINCOME :: Some college, no degree | Less than $30,000",LOCALPROBF_W32,3,"0.222695,0.000025,0.777281"
mistral_instruct,EDUCATIONxINCOME,"EDUCATIONxINCOME :: Some college, no degree | Refused",LOCALPROBF_W32,3,"0.000001,0.000000,0.999999"
mistral_instruct,EDUCATIONxINCOME,"EDUCATIONxINCOME :: Associate's degree | $100,000 or more",MED6E_W34,4,"1.000000,0.000000,0.000000,0.000000"
mistral_instruct,EDUCATIONxINCOME,"EDUCATIONxINCOME :: Associate's degree | $30,000-$50,000",MED6E_W34,4,"0.080314,0.919148,0.000537,0.000001"
mistral_instruct,EDUCATIONxINCOME,"EDUCATIONxINCOME :: Associate's degree | $50,000-$75,000",MED6E_W34,4,"0.041462,0.958530,0.000008,0.000000"
mistral_instruct,EDUCATIONxINCOME,"EDUCATIONxINCOME :: Associate's degree | $75,000-$100,000",MED6E_W34,4,"0.999877,0.000123,0.000000,0.000000"
mistral_instruct,EDUCATIONxINCOME,"EDUCATIONxINCOME :: Associate's degree | Less than $30,000",MED6E_W34,4,"0.000000,0.000000,1.000000,0.000000"
mistral_instruct,EDUCATIONxINCOME,"EDUCATIONxINCOME :: College graduate/some postgrad | $100,000 or more",MED6E_W34,4,"1.000000,0.000000,0.000000,0.000000"
mistral_instruct,EDUCATIONxINCOME,"EDUCATIONxINCOME :: College graduate/some postgrad | $30,000-$50,000",MED6E_W34,4,"0.999963,0.000037,0.000000,0.000000"
mistral_instruct,EDUCATIONxINCOME,"EDUCATIONxINCOME :: College graduate/some postgrad | $50,000-$75,000",MED6E_W34,4,"0.999996,0.000004,0.000000,0.000000"
mistral_instruct,EDUCATIONxINCOME,"EDUCATIONxINCOME :: College graduate/some postgrad | $75,000-$100,000",MED6E_W34,4,"1.000000,0.000000,0.000000,0.000000"
mistral_instruct,EDUCATIONxINCOME,"EDUCATIONxINCOME :: College graduate/some postgrad | Less than $30,000",MED6E_W34,4,"0.999347,0.000191,0.000462,0.000000"
mistral_instruct,EDUCATIONxINCOME,"EDUCATIONxINCOME :: High school graduate | $100,000 or more",MED6E_W34,4,"1.000000,0.000000,0.000000,0.000000"
mistral_instruct,EDUCATIONxINCOME,"EDUCATIONxINCOME :: High school graduate | $30,000-$50,000",MED6E_W34,4,"0.008468,0.941254,0.050276,0.000002"
mistral_instruct,EDUCATIONxINCOME,"EDUCATIONxINCOME :: High school graduate | $50,000-$75,000",MED6E_W34,4,"0.028001,0.971779,0.000219,0.000000"
mistral_instruct,EDUCATIONxINCOME,"EDUCATIONxINCOME :: High school graduate | $75,000-$100,000",MED6E_W34,4,"0.999908,0.000092,0.000000,0.000000"
mistral_instruct,EDUCATIONxINCOME,"EDUCATIONxINCOME :: High school graduate | Less than $30,000",MED6E_W34,4,"0.000000,0.000000,1.000000,0.000000"
mistral_instruct,EDUCATIONxINCOME,"EDUCATIONxINCOME :: Less than high school | Less than $30,000",MED6E_W34,4,"0.000000,0.000000,1.000000,0.000000"
mistral_instruct,EDUCATIONxINCOME,"EDUCATIONxINCOME :: Postgraduate | $100,000 or more",MED6E_W34,4,"1.000000,0.000000,0.000000,0.000000"
mistral_instruct,EDUCATIONxINCOME,"EDUCATIONxINCOME :: Postgraduate | $30,000-$50,000",MED6E_W34,4,"0.999986,0.000014,0.000000,0.000000"
mistral_instruct,EDUCATIONxINCOME,"EDUCATIONxINCOME :: Postgraduate | $50,000-$75,000",MED6E_W34,4,"0.999998,0.000002,0.000000,0.000000"
mistral_instruct,EDUCATIONxINCOME,"EDUCATIONxINCOME :: Postgraduate | $75,000-$100,000",MED6E_W34,4,"1.000000,0.000000,0.000000,0.000000"
mistral_instruct,EDUCATIONxINCOME,"EDUCATIONxINCOME :: Postgraduate | Less than $30,000",MED6E_W34,4,"0.970265,0.000435,0.029299,0.000001"
mistral_instruct,EDUCATIONxINCOME,"EDUCATIONxINCOME :: Some college, no degree | $100,000 or more",MED6E_W34,4,"1.000000,0.000000,0.000000,0.000000"
mistral_instruct,EDUCATIONxINCOME,"EDUCATIONxINCOME :: Some college, no degree | $30,000-$50,000",MED6E_W34,4,"0.000142,0.989041,0.010817,0.000001"
mistral_instruct,EDUCATIONxINCOME,"EDUCATIONxINCOME :: Some college, no degree | $50,000-$75,000",MED6E_W34,4,"0.000031,0.999937,0.000032,0.000000"
mistral_instruct,EDUCATIONxINCOME,"EDUCATIONxINCOME :: Some college, no degree | $75,000-$100,000",MED6E_W34,4,"0.507809,0.492185,0.000006,0.000000"
mistral_instruct,EDUCATIONxINCOME,"EDUCATIONxINCOME :: Some college, no degree | Less than $30,000",MED6E_W34,4,"0.000000,0.000000,1.000000,0.000000"
mistral_instruct,EDUCATIONxINCOME,"EDUCATIONxINCOME :: Associate's degree | $100,000 or more",MOREWMN3F2_W36,3,"0.000000,0.000000,1.000000"
mistral_instruct,EDUCATIONxINCOME,"EDUCATIONxINCOME :: Associate's degree | $30,000-$50,000",MOREWMN3F2_W36,3,"0.000000,0.000000,1.000000"
mistral_instruct,EDUCATIONxINCOME,"EDUCATIONxINCOME :: Associate's degree | $50,000-$75,000",MOREWMN3F2_W36,3,"0.000000,0.000000,1.000000"
mistral_instruct,EDUCATIONxINCOME,"EDUCATIONxINCOME :: Associate's degree | $75,000-$100,000",MOREWMN3F2_W36,3,"0.000000,0.000000,1.000000"
mistral_instruct,EDUCATIONxINCOME,"EDUCATIONxINCOME :: Associate's degree | Less than $30,000",MOREWMN3F2_W36,3,"0.000000,0.000000,1.000000"
mistral_instruct,EDUCATIONxINCOME,"EDUCATIONxINCOME :: College graduate/some postgrad | $100,000 or more",MOREWMN3F2_W36,3,"0.000047,0.000000,0.999953"
mistral_instruct,EDUCATIONxINCOME,"EDUCATIONxINCOME :: College graduate/some postgrad | $30,000-$50,000",MOREWMN3F2_W36,3,"0.000000,0.000000,1.000000"
mistral_instruct,EDUCATIONxINCOME,"EDUCATIONxINCOME :: College graduate/some postgrad | $50,000-$75,000",MOREWMN3F2_W36,3,"0.000000,0.000000,1.000000"
mistral_instruct,EDUCATIONxINCOME,"EDUCATIONxINCOME :: College graduate/some postgrad | $75,000-$100,000",MOREWMN3F2_W36,3,"0.000000,0.000000,1.000000"
mistral_instruct,EDUCATIONxINCOME,"EDUCATIONxINCOME :: College graduate/some postgrad | Less than $30,000",MOREWMN3F2_W36,3,"0.000000,0.000000,1.000000"
mistral_instruct,EDUCATIONxINCOME,EDUCATIONxINCOME :: College graduate/some postgrad | Refused,MOREWMN3F2_W36,3,"0.000000,0.000000,1.000000"
mistral_instruct,EDUCATIONxINCOME,"EDUCATIONxINCOME :: High school graduate | $100,000 or more",MOREWMN3F2_W36,3,"0.000000,0.000000,1.000000"
mistral_instruct,EDUCATIONxINCOME,"EDUCATIONxINCOME :: High school graduate | $30,000-$50,000",MOREWMN3F2_W36,3,"0.000000,0.000000,1.000000"
mistral_instruct,EDUCATIONxINCOME,"EDUCATIONxINCOME :: High school graduate | $50,000-$75,000",MOREWMN3F2_W36,3,"0.000000,0.000000,1.000000"
mistral_instruct,EDUCATIONxINCOME,"EDUCATIONxINCOME :: High school graduate | $75,000-$100,000",MOREWMN3F2_W36,3,"0.000000,0.000000,1.000000"
mistral_instruct,EDUCATIONxINCOME,"EDUCATIONxINCOME :: High school graduate | Less than $30,000",MOREWMN3F2_W36,3,"0.000000,0.000000,1.000000"
mistral_instruct,EDUCATIONxINCOME,"EDUCATIONxINCOME :: Less than high school | Less than $30,000",MOREWMN3F2_W36,3,"0.000000,0.000000,1.000000"
mistral_instruct,EDUCATIONxINCOME,"EDUCATIONxINCOME :: Postgraduate | $100,000 or more",MOREWMN3F2_W36,3,"0.000067,0.000000,0.999933"
mistral_instruct,EDUCATIONxINCOME,"EDUCATIONxINCOME :: Postgraduate | $30,000-$50,000",MOREWMN3F2_W36,3,"0.000000,0.000000,1.000000"
mistral_instruct,EDUCATIONxINCOME,"EDUCATIONxINCOME :: Postgraduate | $50,000-$75,000",MOREWMN3F2_W36,3,"0.000000,0.000000,1.000000"
mistral_instruct,EDUCATIONxINCOME,"EDUCATIONxINCOME :: Postgraduate | $75,000-$100,000",MOREWMN3F2_W36,3,"0.000003,0.000000,0.999997"
mistral_instruct,EDUCATIONxINCOME,"EDUCATIONxINCOME :: Postgraduate | Less than $30,000",MOREWMN3F2_W36,3,"0.000000,0.000000,1.000000"
mistral_instruct,EDUCATIONxINCOME,EDUCATIONxINCOME :: Postgraduate | Refused,MOREWMN3F2_W36,3,"0.000000,0.000000,1.000000"
mistral_instruct,EDUCATIONxINCOME,"EDUCATIONxINCOME :: Some college, no degree | $100,000 or more",MOREWMN3F2_W36,3,"0.000000,0.000000,1.000000"
mistral_instruct,EDUCATIONxINCOME,"EDUCATIONxINCOME :: Some college, no degree | $30,000-$50,000",MOREWMN3F2_W36,3,"0.000000,0.000000,1.000000"
mistral_instruct,EDUCATIONxINCOME,"EDUCATIONxINCOME :: Some college, no degree | $50,000-$75,000",MOREWMN3F2_W36,3,"0.000000,0.000000,1.000000"
mistral_instruct,EDUCATIONxINCOME,"EDUCATIONxINCOME :: Some college, no degree | $75,000-$100,000",MOREWMN3F2_W36,3,"0.000000,0.000000,1.000000"
mistral_instruct,EDUCATIONxINCOME,"EDUCATIONxINCOME :: Some college, no degree | Less than $30,000",MOREWMN3F2_W36,3,"0.000000,0.000000,1.000000"
mistral_instruct,EDUCATIONxINCOME,"EDUCATIONxINCOME :: Some college, no degree | Refused",MOREWMN3F2_W36,3,"0.000000,0.000000,1.000000"
mistral_instruct,EDUCATIONxINCOME,"EDUCATIONxINCOME :: Associate's degree | $100,000 or more",PAR2_W50,3,"0.000000,0.000000,0.999999"
mistral_instruct,EDUCATIONxINCOME,"EDUCATIONxINCOME :: Associate's degree | $30,000-$50,000",PAR2_W50,3,"0.000000,0.000000,1.000000"
mistral_instruct,EDUCATIONxINCOME,"EDUCATIONxINCOME :: Associate's degree | $50,000-$75,000",PAR2_W50,3,"0.000000,0.000000,1.000000"
mistral_instruct,EDUCATIONxINCOME,"EDUCATIONxINCOME :: Associate's degree | $75,000-$100,000",PAR2_W50,3,"0.000000,0.000000,1.000000"
mistral_instruct,EDUCATIONxINCOME,"EDUCATIONxINCOME :: Associate's degree | Less than $30,000",PAR2_W50,3,"0.000000,0.000001,0.999999"
mistral_instruct,EDUCATIONxINCOME,EDUCATIONxINCOME :: Associate's degree | Refused,PAR2_W50,3,"0.000006,0.000024,0.999969"
mistral_instruct,EDUCATIONxINCOME,"EDUCATIONxINCOME :: College graduate/some postgrad | $100,000 or more",PAR2_W50,3,"0.000000,0.000000,1.000000"
mistral_instruct,EDUCATIONxINCOME,"EDUCATIONxINCOME :: College graduate/some postgrad | $30,000-$50,000",PAR2_W50,3,"0.000000,0.000000,1.000000"
mistral_instruct,EDUCATIONxINCOME,"EDUCATIONxINCOME :: College graduate/some postgrad | $50,000-$75,000",PAR2_W50,3,"0.000000,0.000000,1.000000"
mistral_instruct,EDUCATIONxINCOME,"EDUCATIONxINCOME :: College graduate/some postgrad | $75,000-$100,000",PAR2_W50,3,"0.000000,0.000000,1.000000"
mistral_instruct,EDUCATIONxINCOME,"EDUCATIONxINCOME :: College graduate/some postgrad | Less than $30,000",PAR2_W50,3,"0.000000,0.000002,0.999998"
mistral_instruct,EDUCATIONxINCOME,EDUCATIONxINCOME :: College graduate/some postgrad | Refused,PAR2_W50,3,"0.000001,0.000001,0.999998"
mistral_instruct,EDUCATIONxINCOME,"EDUCATIONxINCOME :: High school graduate | $100,000 or more",PAR2_W50,3,"0.000001,0.000000,0.999999"
mistral_instruct,EDUCATIONxINCOME,"EDUCATIONxINCOME :: High school graduate | $30,000-$50,000",PAR2_W50,3,"0.000000,0.000000,1.000000"
mistral_instruct,EDUCATIONxINCOME,"EDUCATIONxINCOME :: High school graduate | $50,000-$75,000",PAR2_W50,3,"0.000000,0.000000,1.000000"
mistral_instruct,EDUCATIONxINCOME,"EDUCATIONxINCOME :: High school graduate | $75,000-$100,000",PAR2_W50,3,"0.000000,0.000000,1.000000"
mistral_instruct,EDUCATIONxINCOME,"EDUCATIONxINCOME :: High school graduate | Less than $30,000",PAR2_W50,3,"0.000000,0.000000,1.000000"
mistral_instruct,EDUCATIONxINCOME,EDUCATIONxINCOME :: High school graduate | Refused,PAR2_W50,3,"0.000008,0.000012,0.999980"
mistral_instruct,EDUCATIONxINCOME,"EDUCATIONxINCOME :: Less than high school | $30,000-$50,000",PAR2_W50,3,"0.000000,0.000000,1.000000"
mistral_instruct,EDUCATIONxINCOME,"EDUCATIONxINCOME :: Less than high school | Less than $30,000",PAR2_W50,3,"0.000000,0.000005,0.999994"
mistral_instruct,EDUCATIONxINCOME,"EDUCATIONxINCOME :: Postgraduate | $100,000 or more",PAR2_W50,3,"0.000000,0.000000,1.000000"
mistral_instruct,EDUCATIONxINCOME,"EDUCATIONxINCOME :: Postgraduate | $30,000-$50,000",PAR2_W50,3,"0.000000,0.000000,1.000000"
mistral_instruct,EDUCATIONxINCOME,"EDUCATIONxINCOME :: Postgraduate | $50,000-$75,000",PAR2_W50,3,"0.000000,0.000000,1.000000"
mistral_instruct,EDUCATIONxINCOME,"EDUCATIONxINCOME :: Postgraduate | $75,000-$100,000",PAR2_W50,3,"0.000000,0.000000,1.000000"
mistral_instruct,EDUCATIONxINCOME,"EDUCATIONxINCOME :: Postgraduate | Less than $30,000",PAR2_W50,3,"0.000001,0.000008,0.999991"
mistral_instruct,EDUCATIONxINCOME,EDUCATIONxINCOME :: Postgraduate | Refused,PAR2_W50,3,"0.000022,0.000026,0.999952"
mistral_instruct,EDUCATIONxINCOME,"EDUCATIONxINCOME :: Some college, no degree | $100,000 or more",PAR2_W50,3,"0.000000,0.000000,1.000000"
mistral_instruct,EDUCATIONxINCOME,"EDUCATIONxINCOME :: Some college, no degree | $30,000-$50,000",PAR2_W50,3,"0.000000,0.000000,1.000000"
mistral_instruct,EDUCATIONxINCOME,"EDUCATIONxINCOME :: Some college, no degree | $50,000-$75,000",PAR2_W50,3,"0.000000,0.000000,1.000000"
mistral_instruct,EDUCATIONxINCOME,"EDUCATIONxINCOME :: Some college, no degree | $75,000-$100,000",PAR2_W50,3,"0.000000,0.000000,1.000000"
mistral_instruct,EDUCATIONxINCOME,"EDUCATIONxINCOME :: Some college, no degree | Less than $30,000",PAR2_W50,3,"0.000000,0.000001,0.999999"
mistral_instruct,EDUCATIONxINCOME,"EDUCATIONxINCOME :: Some college, no degree | Refused",PAR2_W50,3,"0.000047,0.000049,0.999904"
mistral_instruct,EDUCATIONxINCOME,"EDUCATIONxINCOME :: Associate's degree | $100,000 or more",POLICY3MOD_W92,3,"0.000000,0.000000,1.000000"
mistral_instruct,EDUCATIONxINCOME,"EDUCATIONxINCOME :: Associate's degree | $30,000-$50,000",POLICY3MOD_W92,3,"0.000000,0.000000,1.000000"
mistral_instruct,EDUCATIONxINCOME,"EDUCATIONxINCOME :: Associate's degree | $50,000-$75,000",POLICY3MOD_W92,3,"0.000000,0.000000,1.000000"
mistral_instruct,EDUCATIONxINCOME,"EDUCATIONxINCOME :: Associate's degree | $75,000-$100,000",POLICY3MOD_W92,3,"0.000000,0.000000,1.000000"
mistral_instruct,EDUCATIONxINCOME,"EDUCATIONxINCOME :: Associate's degree | Less than $30,000",POLICY3MOD_W92,3,"0.000000,0.000000,1.000000"
mistral_instruct,EDUCATIONxINCOME,EDUCATIONxINCOME :: Associate's degree | Refused,POLICY3MOD_W92,3,"0.000000,0.000000,1.000000"
mistral_instruct,EDUCATIONxINCOME,"EDUCATIONxINCOME :: College graduate/some postgrad | $100,000 or more",POLICY3MOD_W92,3,"0.000001,0.000000,0.999999"
mistral_instruct,EDUCATIONxINCOME,"EDUCATIONxINCOME :: College graduate/some postgrad | $30,000-$50,000",POLICY3MOD_W92,3,"0.000000,0.000000,1.000000"
mistral_instruct,EDUCATIONxINCOME,"EDUCATIONxINCOME :: College graduate/some postgrad | $50,000-$75,000",POLICY3MOD_W92,3,"0.000000,0.000000,1.000000"
mistral_instruct,EDUCATIONxINCOME,"EDUCATIONxINCOME :: College graduate/some postgrad | $75,000-$100,000",POLICY3MOD_W92,3,"0.000000,0.000000,1.000000"
mistral_instruct,EDUCATIONxINCOME,"EDUCATIONxINCOME :: College graduate/some postgrad | Less than $30,000",POLICY3MOD_W92,3,"0.000000,0.000000,1.000000"
mistral_instruct,EDUCATIONxINCOME,EDUCATIONxINCOME :: College graduate/some postgrad | Refused,POLICY3MOD_W92,3,"0.000000,0.000000,1.000000"
mistral_instruct,EDUCATIONxINCOME,"EDUCATIONxINCOME :: High school graduate | $100,000 or more",POLICY3MOD_W92,3,"0.000000,0.000000,1.000000"
mistral_instruct,EDUCATIONxINCOME,"EDUCATIONxINCOME :: High school graduate | $30,000-$50,000",POLICY3MOD_W92,3,"0.000000,0.000000,1.000000"
mistral_instruct,EDUCATIONxINCOME,"EDUCATIONxINCOME :: High school graduate | $50,000-$75,000",POLICY3MOD_W92,3,"0.000000,0.000000,1.000000"
mistral_instruct,EDUCATIONxINCOME,"EDUCATIONxINCOME :: High school graduate | $75,000-$100,000",POLICY3MOD_W92,3,"0.000000,0.000000,1.000000"
mistral_instruct,EDUCATIONxINCOME,"EDUCATIONxINCOME :: High school graduate | Less than $30,000",POLICY3MOD_W92,3,"0.000000,0.000000,1.000000"
mistral_instruct,EDUCATIONxINCOME,EDUCATIONxINCOME :: High school graduate | Refused,POLICY3MOD_W92,3,"0.000000,0.000000,1.000000"
mistral_instruct,EDUCATIONxINCOME,"EDUCATIONxINCOME :: Less than high school | $30,000-$50,000",POLICY3MOD_W92,3,"0.000000,0.000000,1.000000"
mistral_instruct,EDUCATIONxINCOME,"EDUCATIONxINCOME :: Less than high school | $50,000-$75,000",POLICY3MOD_W92,3,"0.000000,0.000000,1.000000"
mistral_instruct,EDUCATIONxINCOME,"EDUCATIONxINCOME :: Less than high school | Less than $30,000",POLICY3MOD_W92,3,"0.000000,0.000000,1.000000"
mistral_instruct,EDUCATIONxINCOME,"EDUCATIONxINCOME :: Postgraduate | $100,000 or more",POLICY3MOD_W92,3,"0.014504,0.000000,0.985496"
mistral_instruct,EDUCATIONxINCOME,"EDUCATIONxINCOME :: Postgraduate | $30,000-$50,000",POLICY3MOD_W92,3,"0.000000,0.000000,1.000000"
mistral_instruct,EDUCATIONxINCOME,"EDUCATIONxINCOME :: Postgraduate | $50,000-$75,000",POLICY3MOD_W92,3,"0.000000,0.000000,1.000000"
mistral_instruct,EDUCATIONxINCOME,"EDUCATIONxINCOME :: Postgraduate | $75,000-$100,000",POLICY3MOD_W92,3,"0.000000,0.000000,1.000000"
mistral_instruct,EDUCATIONxINCOME,"EDUCATIONxINCOME :: Postgraduate | Less than $30,000",POLICY3MOD_W92,3,"0.000000,0.000000,1.000000"
mistral_instruct,EDUCATIONxINCOME,EDUCATIONxINCOME :: Postgraduate | Refused,POLICY3MOD_W92,3,"0.000000,0.000000,1.000000"
mistral_instruct,EDUCATIONxINCOME,"EDUCATIONxINCOME :: Some college, no degree | $100,000 or more",POLICY3MOD_W92,3,"0.000000,0.000000,1.000000"
mistral_instruct,EDUCATIONxINCOME,"EDUCATIONxINCOME :: Some college, no degree | $30,000-$50,000",POLICY3MOD_W92,3,"0.000000,0.000000,1.000000"
mistral_instruct,EDUCATIONxINCOME,"EDUCATIONxINCOME :: Some college, no degree | $50,000-$75,000",POLICY3MOD_W92,3,"0.000000,0.000000,1.000000"
mistral_instruct,EDUCATIONxINCOME,"EDUCATIONxINCOME :: Some college, no degree | $75,000-$100,000",POLICY3MOD_W92,3,"0.000000,0.000000,1.000000"
mistral_instruct,EDUCATIONxINCOME,"EDUCATIONxINCOME :: Some college, no degree | Less than $30,000",POLICY3MOD_W92,3,"0.000000,0.000000,1.000000"
mistral_instruct,EDUCATIONxINCOME,"EDUCATIONxINCOME :: Some college, no degree | Refused",POLICY3MOD_W92,3,"0.000000,0.000000,1.000000"
mistral_instruct,EDUCATIONxINCOME,"EDUCATIONxINCOME :: Associate's degree | $100,000 or more",PP5d_W49,4,"0.000000,0.000000,1.000000,0.000000"
mistral_instruct,EDUCATIONxINCOME,"EDUCATIONxINCOME :: Associate's degree | $30,000-$50,000",PP5d_W49,4,"0.000000,0.000000,1.000000,0.000000"
mistral_instruct,EDUCATIONxINCOME,"EDUCATIONxINCOME :: Associate's degree | $50,000-$75,000",PP5d_W49,4,"0.000000,0.000000,1.000000,0.000000"
mistral_instruct,EDUCATIONxINCOME,"EDUCATIONxINCOME :: Associate's degree | $75,000-$100,000",PP5d_W49,4,"0.000000,0.000000,1.000000,0.000000"
mistral_instruct,EDUCATIONxINCOME,"EDUCATIONxINCOME :: Associate's degree | Less than $30,000",PP5d_W49,4,"0.000000,0.000000,1.000000,0.000000"
mistral_instruct,EDUCATIONxINCOME,"EDUCATIONxINCOME :: College graduate/some postgrad | $100,000 or more",PP5d_W49,4,"0.000000,0.000000,1.000000,0.000000"
mistral_instruct,EDUCATIONxINCOME,"EDUCATIONxINCOME :: College graduate/some postgrad | $30,000-$50,000",PP5d_W49,4,"0.000000,0.000000,1.000000,0.000000"
mistral_instruct,EDUCATIONxINCOME,"EDUCATIONxINCOME :: College graduate/some postgrad | $50,000-$75,000",PP5d_W49,4,"0.000000,0.000000,1.000000,0.000000"
mistral_instruct,EDUCATIONxINCOME,"EDUCATIONxINCOME :: College graduate/some postgrad | $75,000-$100,000",PP5d_W49,4,"0.000000,0.000000,1.000000,0.000000"
mistral_instruct,EDUCATIONxINCOME,"EDUCATIONxINCOME :: College graduate/some postgrad | Less than $30,000",PP5d_W49,4,"0.000000,0.000000,1.000000,0.000000"
mistral_instruct,EDUCATIONxINCOME,"EDUCATIONxINCOME :: High school graduate | $100,000 or more",PP5d_W49,4,"0.000000,0.000000,1.000000,0.000000"
mistral_instruct,EDUCATIONxINCOME,"EDUCATIONxINCOME :: High school graduate | $30,000-$50,000",PP5d_W49,4,"0.000000,0.000000,1.000000,0.000000"
mistral_instruct,EDUCATIONxINCOME,"EDUCATIONxINCOME :: High school graduate | $50,000-$75,000",PP5d_W49,4,"0.000000,0.000000,1.000000,0.000000"
mistral_instruct,EDUCATIONxINCOME,"EDUCATIONxINCOME :: High school graduate | $75,000-$100,000",PP5d_W49,4,"0.000000,0.000000,1.000000,0.000000"
mistral_instruct,EDUCATIONxINCOME,"EDUCATIONxINCOME :: High school graduate | Less than $30,000",PP5d_W49,4,"0.000000,0.000000,1.000000,0.000000"
mistral_instruct,EDUCATIONxINCOME,EDUCATIONxINCOME :: High school graduate | Refused,PP5d_W49,4,"0.000000,0.000000,1.000000,0.000000"
mistral_instruct,EDUCATIONxINCOME,"EDUCATIONxINCOME :: Less than high school | $30,000-$50,000",PP5d_W49,4,"0.000000,0.000000,1.000000,0.000000"
mistral_instruct,EDUCATIONxINCOME,"EDUCATIONxINCOME :: Less than high school | Less than $30,000",PP5d_W49,4,"0.000000,0.000000,1.000000,0.000000"
mistral_instruct,EDUCATIONxINCOME,"EDUCATIONxINCOME :: Postgraduate | $100,000 or more",PP5d_W49,4,"0.000000,0.000000,1.000000,0.000000"
mistral_instruct,EDUCATIONxINCOME,"EDUCATIONxINCOME :: Postgraduate | $30,000-$50,000",PP5d_W49,4,"0.000000,0.000000,1.000000,0.000000"
mistral_instruct,EDUCATIONxINCOME,"EDUCATIONxINCOME :: Postgraduate | $50,000-$75,000",PP5d_W49,4,"0.000000,0.000000,1.000000,0.000000"
mistral_instruct,EDUCATIONxINCOME,"EDUCATIONxINCOME :: Postgraduate | $75,000-$100,000",PP5d_W49,4,"0.000000,0.000000,1.000000,0.000000"
mistral_instruct,EDUCATIONxINCOME,"EDUCATIONxINCOME :: Postgraduate | Less than $30,000",PP5d_W49,4,"0.000000,0.000000,1.000000,0.000000"
mistral_instruct,EDUCATIONxINCOME,"EDUCATIONxINCOME :: Some college, no degree | $100,000 or more",PP5d_W49,4,"0.000000,0.000000,1.000000,0.000000"
mistral_instruct,EDUCATIONxINCOME,"EDUCATIONxINCOME :: Some college, no degree | $30,000-$50,000",PP5d_W49,4,"0.000000,0.000000,1.000000,0.000000"
mistral_instruct,EDUCATIONxINCOME,"EDUCATIONxINCOME :: Some college, no degree | $50,000-$75,000",PP5d_W49,4,"0.000000,0.000000,1.000000,0.000000"
mistral_instruct,EDUCATIONxINCOME,"EDUCATIONxINCOME :: Some college, no degree | $75,000-$100,000",PP5d_W49,4,"0.000000,0.000000,1.000000,0.000000"
mistral_instruct,EDUCATIONxINCOME,"EDUCATIONxINCOME :: Some college, no degree | Less than $30,000",PP5d_W49,4,"0.000000,0.000000,1.000000,0.000000"
mistral_instruct,EDUCATIONxINCOME,"EDUCATIONxINCOME :: Some college, no degree | Refused",PP5d_W49,4,"0.000000,0.000000,1.000000,0.000000"
mistral_instruct,EDUCATIONxINCOME,"EDUCATIONxINCOME :: Associate's degree | $100,000 or more",PQ3_F2Bc_W42,2,"0.999053,0.000947"
mistral_instruct,EDUCATIONxINCOME,"EDUCATIONxINCOME :: Associate's degree | $30,000-$50,000",PQ3_F2Bc_W42,2,"0.000677,0.999323"
mistral_instruct,EDUCATIONxINCOME,"EDUCATIONxINCOME :: Associate's degree | $50,000-$75,000",PQ3_F2Bc_W42,2,"0.054199,0.945801"
mistral_instruct,EDUCATIONxINCOME,"EDUCATIONxINCOME :: Associate's degree | $75,000-$100,000",PQ3_F2Bc_W42,2,"0.999970,0.000030"
mistral_instruct,EDUCATIONxINCOME,"EDUCATIONxINCOME :: Associate's degree | Less than $30,000",PQ3_F2Bc_W42,2,"0.000004,0.999996"
mistral_instruct,EDUCATIONxINCOME,"EDUCATIONxINCOME :: College graduate/some postgrad | $100,000 or more",PQ3_F2Bc_W42,2,"1.000000,0.000000"
mistral_instruct,EDUCATIONxINCOME,"EDUCATIONxINCOME :: College graduate/some postgrad | $30,000-$50,000",PQ3_F2Bc_W42,2,"0.000008,0.999992"
mistral_instruct,EDUCATIONxINCOME,"EDUCATIONxINCOME :: College graduate/some postgrad | $50,000-$75,000",PQ3_F2Bc_W42,2,"0.000042,0.999958"
mistral_instruct,EDUCATIONxINCOME,"EDUCATIONxINCOME :: College graduate/some postgrad | $75,000-$100,000",PQ3_F2Bc_W42,2,"0.264358,0.735642"
mistral_instruct,EDUCATIONxINCOME,"EDUCATIONxINCOME :: College graduate/some postgrad | Less than $30,000",PQ3_F2Bc_W42,2,"0.000002,0.999998"
mistral_instruct,EDUCATIONxINCOME,"EDUCATIONxINCOME :: High school graduate | $100,000 or more",PQ3_F2Bc_W42,2,"0.993855,0.006145"
mistral_instruct,EDUCATIONxINCOME,"EDUCATIONxINCOME :: High school graduate | $30,000-$50,000",PQ3_F2Bc_W42,2,"0.000001,0.999999"
mistral_instruct,EDUCATIONxINCOME,"EDUCATIONxINCOME :: High school graduate | $50,000-$75,000",PQ3_F2Bc_W42,2,"0.000001,0.999999"
mistral_instruct,EDUCATIONxINCOME,"EDUCATIONxINCOME :: High school graduate | $75,000-$100,000",PQ3_F2Bc_W42,2,"0.484380,0.515620"
mistral_instruct,EDUCATIONxINCOME,"EDUCATIONxINCOME :: High school graduate | Less than $30,000",PQ3_F2Bc_W42,2,"0.000000,1.000000"
mistral_instruct,EDUCATIONxINCOME,EDUCATIONxINCOME :: High school graduate | Refused,PQ3_F2Bc_W42,2,"0.000000,1.000000"
mistral_instruct,EDUCATIONxINCOME,"EDUCATIONxINCOME :: Less than high school | $30,000-$50,000",PQ3_F2Bc_W42,2,"0.000000,1.000000"
mistral_instruct,EDUCATIONxINCOME,"EDUCATIONxINCOME :: Less than high school | Less than $30,000",PQ3_F2Bc_W42,2,"0.000000,1.000000"
mistral_instruct,EDUCATIONxINCOME,"EDUCATIONxINCOME :: Postgraduate | $100,000 or more",PQ3_F2Bc_W42,2,"1.000000,0.000000"
mistral_instruct,EDUCATIONxINCOME,"EDUCATIONxINCOME :: Postgraduate | $30,000-$50,000",PQ3_F2Bc_W42,2,"0.000057,0.999943"
mistral_instruct,EDUCATIONxINCOME,"EDUCATIONxINCOME :: Postgraduate | $50,000-$75,000",PQ3_F2Bc_W42,2,"0.003795,0.996205"
mistral_instruct,EDUCATIONxINCOME,"EDUCATIONxINCOME :: Postgraduate | $75,000-$100,000",PQ3_F2Bc_W42,2,"0.999984,0.000016"
mistral_instruct,EDUCATIONxINCOME,"EDUCATIONxINCOME :: Postgraduate | Less than $30,000",PQ3_F2Bc_W42,2,"0.000003,0.999997"
mistral_instruct,EDUCATIONxINCOME,"EDUCATIONxINCOME :: Some college, no degree | $100,000 or more",PQ3_F2Bc_W42,2,"0.999999,0.000001"
mistral_instruct,EDUCATIONxINCOME,"EDUCATIONxINCOME :: Some college, no degree | $30,000-$50,000",PQ3_F2Bc_W42,2,"0.000003,0.999997"
mistral_instruct,EDUCATIONxINCOME,"EDUCATIONxINCOME :: Some college, no degree | $50,000-$75,000",PQ3_F2Bc_W42,2,"0.000006,0.999994"
mistral_instruct,EDUCATIONxINCOME,"EDUCATIONxINCOME :: Some college, no degree | $75,000-$100,000",PQ3_F2Bc_W42,2,"0.236516,0.763484"
mistral_instruct,EDUCATIONxINCOME,"EDUCATIONxINCOME :: Some college, no degree | Less than $30,000",PQ3_F2Bc_W42,2,"0.000000,1.000000"
mistral_instruct,EDUCATIONxINCOME,"EDUCATIONxINCOME :: Some college, no degree | Refused",PQ3_F2Bc_W42,2,"0.000000,1.000000"
mistral_instruct,EDUCATIONxINCOME,"EDUCATIONxINCOME :: Associate's degree | $100,000 or more",PQ6_F2A_W42,2,"0.000000,1.000000"
mistral_instruct,EDUCATIONxINCOME,"EDUCATIONxINCOME :: Associate's degree | $30,000-$50,000",PQ6_F2A_W42,2,"0.000000,1.000000"
mistral_instruct,EDUCATIONxINCOME,"EDUCATIONxINCOME :: Associate's degree | $50,000-$75,000",PQ6_F2A_W42,2,"0.000000,1.000000"
mistral_instruct,EDUCATIONxINCOME,"EDUCATIONxINCOME :: Associate's degree | $75,000-$100,000",PQ6_F2A_W42,2,"0.000000,1.000000"
mistral_instruct,EDUCATIONxINCOME,"EDUCATIONxINCOME :: Associate's degree | Less than $30,000",PQ6_F2A_W42,2,"0.000000,1.000000"
mistral_instruct,EDUCATIONxINCOME,"EDUCATIONxINCOME :: College graduate/some postgrad | $100,000 or more",PQ6_F2A_W42,2,"0.000000,1.000000"
mistral_instruct,EDUCATIONxINCOME,"EDUCATIONxINCOME :: College graduate/some postgrad | $30,000-$50,000",PQ6_F2A_W42,2,"0.000000,1.000000"
mistral_instruct,EDUCATIONxINCOME,"EDUCATIONxINCOME :: College graduate/some postgrad | $50,000-$75,000",PQ6_F2A_W42,2,"0.000000,1.000000"
mistral_instruct,EDUCATIONxINCOME,"EDUCATIONxINCOME :: College graduate/some postgrad | $75,000-$100,000",PQ6_F2A_W42,2,"0.000000,1.000000"
mistral_instruct,EDUCATIONxINCOME,"EDUCATIONxINCOME :: College graduate/some postgrad | Less than $30,000",PQ6_F2A_W42,2,"0.000000,1.000000"
mistral_instruct,EDUCATIONxINCOME,"EDUCATIONxINCOME :: High school graduate | $100,000 or more",PQ6_F2A_W42,2,"0.000000,1.000000"
mistral_instruct,EDUCATIONxINCOME,"EDUCATIONxINCOME :: High school graduate | $30,000-$50,000",PQ6_F2A_W42,2,"0.000000,1.000000"
mistral_instruct,EDUCATIONxINCOME,"EDUCATIONxINCOME :: High school graduate | $50,000-$75,000",PQ6_F2A_W42,2,"0.000000,1.000000"
mistral_instruct,EDUCATIONxINCOME,"EDUCATIONxINCOME :: High school graduate | $75,000-$100,000",PQ6_F2A_W42,2,"0.000000,1.000000"
mistral_instruct,EDUCATIONxINCOME,"EDUCATIONxINCOME :: High school graduate | Less than $30,000",PQ6_F2A_W42,2,"0.000000,1.000000"
mistral_instruct,EDUCATIONxINCOME,EDUCATIONxINCOME :: High school graduate | Refused,PQ6_F2A_W42,2,"0.000000,1.000000"
mistral_instruct,EDUCATIONxINCOME,"EDUCATIONxINCOME :: Less than high school | $30,000-$50,000",PQ6_F2A_W42,2,"0.000000,1.000000"
mistral_instruct,EDUCATIONxINCOME,"EDUCATIONxINCOME :: Less than high school | Less than $30,000",PQ6_F2A_W42,2,"0.000000,1.000000"
mistral_instruct,EDUCATIONxINCOME,"EDUCATIONxINCOME :: Postgraduate | $100,000 or more",PQ6_F2A_W42,2,"0.000000,1.000000"
mistral_instruct,EDUCATIONxINCOME,"EDUCATIONxINCOME :: Postgraduate | $30,000-$50,000",PQ6_F2A_W42,2,"0.000000,1.000000"
mistral_instruct,EDUCATIONxINCOME,"EDUCATIONxINCOME :: Postgraduate | $50,000-$75,000",PQ6_F2A_W42,2,"0.000000,1.000000"
mistral_instruct,EDUCATIONxINCOME,"EDUCATIONxINCOME :: Postgraduate | $75,000-$100,000",PQ6_F2A_W42,2,"0.000000,1.000000"
mistral_instruct,EDUCATIONxINCOME,"EDUCATIONxINCOME :: Postgraduate | Less than $30,000",PQ6_F2A_W42,2,"0.000000,1.000000"
mistral_instruct,EDUCATIONxINCOME,"EDUCATIONxINCOME :: Some college, no degree | $100,000 or more",PQ6_F2A_W42,2,"0.000000,1.000000"
mistral_instruct,EDUCATIONxINCOME,"EDUCATIONxINCOME :: Some college, no degree | $30,000-$50,000",PQ6_F2A_W42,2,"0.000000,1.000000"
mistral_instruct,EDUCATIONxINCOME,"EDUCATIONxINCOME :: Some college, no degree | $50,000-$75,000",PQ6_F2A_W42,2,"0.000000,1.000000"
mistral_instruct,EDUCATIONxINCOME,"EDUCATIONxINCOME :: Some college, no degree | $75,000-$100,000",PQ6_F2A_W42,2,"0.000000,1.000000"
mistral_instruct,EDUCATIONxINCOME,"EDUCATIONxINCOME :: Some college, no degree | Less than $30,000",PQ6_F2A_W42,2,"0.000000,1.000000"
mistral_instruct,EDUCATIONxINCOME,"EDUCATIONxINCOME :: Some college, no degree | Refused",PQ6_F2A_W42,2,"0.000000,1.000000"
mistral_instruct,EDUCATIONxINCOME,"EDUCATIONxINCOME :: Associate's degree | $100,000 or more",RACESURV29c_W43,4,"0.000005,0.000073,0.999919,0.000003"
mistral_instruct,EDUCATIONxINCOME,"EDUCATIONxINCOME :: Associate's degree | $30,000-$50,000",RACESURV29c_W43,4,"0.000000,0.000000,1.000000,0.000000"
mistral_instruct,EDUCATIONxINCOME,"EDUCATIONxINCOME :: Associate's degree | $50,000-$75,000",RACESURV29c_W43,4,"0.000028,0.987728,0.012241,0.000004"
mistral_instruct,EDUCATIONxINCOME,"EDUCATIONxINCOME :: Associate's degree | $75,000-$100,000",RACESURV29c_W43,4,"0.000099,0.999588,0.000298,0.000015"
mistral_instruct,EDUCATIONxINCOME,"EDUCATIONxINCOME :: Associate's degree | Less than $30,000",RACESURV29c_W43,4,"0.000000,0.000000,1.000000,0.000000"
mistral_instruct,EDUCATIONxINCOME,"EDUCATIONxINCOME :: College graduate/some postgrad | $100,000 or more",RACESURV29c_W43,4,"0.000153,0.999616,0.000209,0.000022"
mistral_instruct,EDUCATIONxINCOME,"EDUCATIONxINCOME :: College graduate/some postgrad | $30,000-$50,000",RACESURV29c_W43,4,"0.000020,0.999646,0.000331,0.000003"
mistral_instruct,EDUCATIONxINCOME,"EDUCATIONxINCOME :: College graduate/some postgrad | $50,000-$75,000",RACESURV29c_W43,4,"0.000005,0.999994,0.000001,0.000000"
mistral_instruct,EDUCATIONxINCOME,"EDUCATIONxINCOME :: College graduate/some postgrad | $75,000-$100,000",RACESURV29c_W43,4,"0.000005,0.999993,0.000001,0.000001"
mistral_instruct,EDUCATIONxINCOME,"EDUCATIONxINCOME :: College graduate/some postgrad | Less than $30,000",RACESURV29c_W43,4,"0.000000,0.000000,1.000000,0.000000"
mistral_instruct,EDUCATIONxINCOME,EDUCATIONxINCOME :: College graduate/some postgrad | Refused,RACESURV29c_W43,4,"0.000000,0.000000,1.000000,0.000000"
mistral_instruct,EDUCATIONxINCOME,"EDUCATIONxINCOME :: High school graduate | $100,000 or more",RACESURV29c_W43,4,"0.000000,0.000000,1.000000,0.000000"
mistral_instruct,EDUCATIONxINCOME,"EDUCATIONxINCOME :: High school graduate | $30,000-$50,000",RACESURV29c_W43,4,"0.000000,0.000000,1.000000,0.000000"
mistral_instruct,EDUCATIONxINCOME,"EDUCATIONxINCOME :: High school graduate | $50,000-$75,000",RACESURV29c_W43,4,"0.000000,0.000017,0.999983,0.000000"
mistral_instruct,EDUCATIONxINCOME,"EDUCATIONxINCOME :: High school graduate | $75,000-$100,000",RACESURV29c_W43,4,"0.000867,0.801077,0.197852,0.000203"
mistral_instruct,EDUCATIONxINCOME,"EDUCATIONxINCOME :: High school graduate | Less than $30,000",RACESURV29c_W43,4,"0.000000,0.000000,1.000000,0.000000"
mistral_instruct,EDUCATIONxINCOME,EDUCATIONxINCOME :: High school graduate | Refused,RACESURV29c_W43,4,"0.000000,0.000000,1.000000,0.000000"
mistral_instruct,EDUCATIONxINCOME,"EDUCATIONxINCOME :: Less than high school | $30,000-$50,000",RACESURV29c_W43,4,"0.000000,0.000000,1.000000,0.000000"
mistral_instruct,EDUCATIONxINCOME,"EDUCATIONxINCOME :: Less than high school | Less than $30,000",RACESURV29c_W43,4,"0.000000,0.000000,1.000000,0.000000"
mistral_instruct,EDUCATIONxINCOME,"EDUCATIONxINCOME :: Postgraduate | $100,000 or more",RACESURV29c_W43,4,"0.001427,0.711010,0.287274,0.000289"
mistral_instruct,EDUCATIONxINCOME,"EDUCATIONxINCOME :: Postgraduate | $30,000-$50,000",RACESURV29c_W43,4,"0.000000,0.000011,0.999989,0.000000"
mistral_instruct,EDUCATIONxINCOME,"EDUCATIONxINCOME :: Postgraduate | $50,000-$75,000",RACESURV29c_W43,4,"0.000018,0.999752,0.000229,0.000002"
mistral_instruct,EDUCATIONxINCOME,"EDUCATIONxINCOME :: Postgraduate | $75,000-$100,000",RACESURV29c_W43,4,"0.000025,0.999948,0.000025,0.000002"
mistral_instruct,EDUCATIONxINCOME,"EDUCATIONxINCOME :: Postgraduate | Less than $30,000",RACESURV29c_W43,4,"0.000000,0.000000,1.000000,0.000000"
mistral_instruct,EDUCATIONxINCOME,"EDUCATIONxINCOME :: Some college, no degree | $100,000 or more",RACESURV29c_W43,4,"0.000470,0.996511,0.002888,0.000132"
mistral_instruct,EDUCATIONxINCOME,"EDUCATIONxINCOME :: Some college, no degree | $30,000-$50,000",RACESURV29c_W43,4,"0.000007,0.999385,0.000607,0.000001"
mistral_instruct,EDUCATIONxINCOME,"EDUCATIONxINCOME :: Some college, no degree | $50,000-$75,000",RACESURV29c_W43,4,"0.000001,0.999998,0.000000,0.000000"
mistral_instruct,EDUCATIONxINCOME,"EDUCATIONxINCOME :: Some college, no degree | $75,000-$100,000",RACESURV29c_W43,4,"0.000001,0.999998,0.000000,0.000000"
mistral_instruct,EDUCATIONxINCOME,"EDUCATIONxINCOME :: Some college, no degree | Less than $30,000",RACESURV29c_W43,4,"0.000000,0.000000,1.000000,0.000000"
mistral_instruct,EDUCATIONxINCOME,"EDUCATIONxINCOME :: Some college, no degree | Refused",RACESURV29c_W43,4,"0.000000,0.000000,1.000000,0.000000"
mistral_instruct,EDUCATIONxINCOME,"EDUCATIONxINCOME :: Associate's degree | $100,000 or more",RACESURV53d_W43,2,"0.717012,0.282988"
mistral_instruct,EDUCATIONxINCOME,"EDUCATIONxINCOME :: Associate's degree | $30,000-$50,000",RACESURV53d_W43,2,"0.005302,0.994698"
mistral_instruct,EDUCATIONxINCOME,"EDUCATIONxINCOME :: Associate's degree | $50,000-$75,000",RACESURV53d_W43,2,"0.001255,0.998745"
mistral_instruct,EDUCATIONxINCOME,"EDUCATIONxINCOME :: Associate's degree | $75,000-$100,000",RACESURV53d_W43,2,"0.046378,0.953622"
mistral_instruct,EDUCATIONxINCOME,"EDUCATIONxINCOME :: Associate's degree | Less than $30,000",RACESURV53d_W43,2,"0.554470,0.445530"
mistral_instruct,EDUCATIONxINCOME,"EDUCATIONxINCOME :: College graduate/some postgrad | $100,000 or more",RACESURV53d_W43,2,"0.025179,0.974821"
mistral_instruct,EDUCATIONxINCOME,"EDUCATIONxINCOME :: College graduate/some postgrad | $30,000-$50,000",RACESURV53d_W43,2,"0.007696,0.992304"
mistral_instruct,EDUCATIONxINCOME,"EDUCATIONxINCOME :: College graduate/some postgrad | $50,000-$75,000",RACESURV53d_W43,2,"0.001372,0.998628"
mistral_instruct,EDUCATIONxINCOME,"EDUCATIONxINCOME :: College graduate/some postgrad | $75,000-$100,000",RACESURV53d_W43,2,"0.001988,0.998012"
mistral_instruct,EDUCATIONxINCOME,"EDUCATIONxINCOME :: College graduate/some postgrad | Less than $30,000",RACESURV53d_W43,2,"0.969556,0.030444"
mistral_instruct,EDUCATIONxINCOME,EDUCATIONxINCOME :: College graduate/some postgrad | Refused,RACESURV53d_W43,2,"0.320821,0.679179"
mistral_instruct,EDUCATIONxINCOME,"EDUCATIONxINCOME :: High school graduate | $100,000 or more",RACESURV53d_W43,2,"0.907967,0.092033"
mistral_instruct,EDUCATIONxINCOME,"EDUCATIONxINCOME :: High school graduate | $30,000-$50,000",RACESURV53d_W43,2,"0.005060,0.994940"
mistral_instruct,EDUCATIONxINCOME,"EDUCATIONxINCOME :: High school graduate | $50,000-$75,000",RACESURV53d_W43,2,"0.000464,0.999536"
mistral_instruct,EDUCATIONxINCOME,"EDUCATIONxINCOME :: High school graduate | $75,000-$100,000",RACESURV53d_W43,2,"0.078078,0.921922"
mistral_instruct,EDUCATIONxINCOME,"EDUCATIONxINCOME :: High school graduate | Less than $30,000",RACESURV53d_W43,2,"0.564098,0.435902"
mistral_instruct,EDUCATIONxINCOME,EDUCATIONxINCOME :: High school graduate | Refused,RACESURV53d_W43,2,"0.151028,0.848972"
mistral_instruct,EDUCATIONxINCOME,"EDUCATIONxINCOME :: Less than high school | $30,000-$50,000",RACESURV53d_W43,2,"0.997783,0.002217"
mistral_instruct,EDUCATIONxINCOME,"EDUCATIONxINCOME :: Less than high school | Less than $30,000",RACESURV53d_W43,2,"0.998793,0.001207"
mistral_instruct,EDUCATIONxINCOME,"EDUCATIONxINCOME :: Postgraduate | $100,000 or more",RACESURV53d_W43,2,"0.828939,0.171061"
mistral_instruct,EDUCATIONxINCOME,"EDUCATIONxINCOME :: Postgraduate | $30,000-$50,000",RACESURV53d_W43,2,"0.611382,0.388618"
mistral_instruct,EDUCATIONxINCOME,"EDUCATIONxINCOME :: Postgraduate | $50,000-$75,000",RACESURV53d_W43,2,"0.164516,0.835484"
mistral_instruct,EDUCATIONxINCOME,"EDUCATIONxINCOME :: Postgraduate | $75,000-$100,000",RACESURV53d_W43,2,"0.137532,0.862468"
mistral_instruct,EDUCATIONxINCOME,"EDUCATIONxINCOME :: Postgraduate | Less than $30,000",RACESURV53d_W43,2,"0.993902,0.006098"
mistral_instruct,EDUCATIONxINCOME,"EDUCATIONxINCOME :: Some college, no degree | $100,000 or more",RACESURV53d_W43,2,"0.979195,0.020804"
mistral_instruct,EDUCATIONxINCOME,"EDUCATIONxINCOME :: Some college, no degree | $30,000-$50,000",RACESURV53d_W43,2,"0.919063,0.080937"
mistral_instruct,EDUCATIONxINCOME,"EDUCATIONxINCOME :: Some college, no degree | $50,000-$75,000",RACESURV53d_W43,2,"0.307358,0.692642"
mistral_instruct,EDUCATIONxINCOME,"EDUCATIONxINCOME :: Some college, no degree | $75,000-$100,000",RACESURV53d_W43,2,"0.713831,0.286169"
mistral_instruct,EDUCATIONxINCOME,"EDUCATIONxINCOME :: Some college, no degree | Less than $30,000",RACESURV53d_W43,2,"0.999699,0.000301"
mistral_instruct,EDUCATIONxINCOME,"EDUCATIONxINCOME :: Some college, no degree | Refused",RACESURV53d_W43,2,"0.692642,0.307358"
mistral_instruct,EDUCATIONxINCOME,"EDUCATIONxINCOME :: Associate's degree | $100,000 or more",RACESURV5b_W43,5,"0.000000,0.000000,0.000063,0.999937,0.000000"
mistral_instruct,EDUCATIONxINCOME,"EDUCATIONxINCOME :: Associate's degree | $30,000-$50,000",RACESURV5b_W43,5,"0.000000,0.000000,0.488283,0.511716,0.000000"
mistral_instruct,EDUCATIONxINCOME,"EDUCATIONxINCOME :: Associate's degree | $50,000-$75,000",RACESURV5b_W43,5,"0.000000,0.000000,0.890294,0.109706,0.000000"
mistral_instruct,EDUCATIONxINCOME,"EDUCATIONxINCOME :: Associate's degree | $75,000-$100,000",RACESURV5b_W43,5,"0.000001,0.000000,0.573678,0.426321,0.000000"
mistral_instruct,EDUCATIONxINCOME,"EDUCATIONxINCOME :: Associate's degree | Less than $30,000",RACESURV5b_W43,5,"0.000000,0.000000,0.000437,0.999563,0.000000"
mistral_instruct,EDUCATIONxINCOME,"EDUCATIONxINCOME :: College graduate/some postgrad | $100,000 or more",RACESURV5b_W43,5,"0.000000,0.000000,0.000003,0.999997,0.000000"
mistral_instruct,EDUCATIONxINCOME,"EDUCATIONxINCOME :: College graduate/some postgrad | $30,000-$50,000",RACESURV5b_W43,5,"0.000000,0.000000,0.507812,0.492188,0.000000"
mistral_instruct,EDUCATIONxINCOME,"EDUCATIONxINCOME :: College graduate/some postgrad | $50,000-$75,000",RACESURV5b_W43,5,"0.000000,0.000000,0.749087,0.250913,0.000000"
mistral_instruct,EDUCATIONxINCOME,"EDUCATIONxINCOME :: College graduate/some postgrad | $75,000-$100,000",RACESURV5b_W43,5,"0.000000,0.000000,0.287768,0.712232,0.000000"
mistral_instruct,EDUCATIONxINCOME,"EDUCATIONxINCOME :: College graduate/some postgrad | Less than $30,000",RACESURV5b_W43,5,"0.000000,0.000000,0.000161,0.999839,0.000000"
mistral_instruct,EDUCATIONxINCOME,EDUCATIONxINCOME :: College graduate/some postgrad | Refused,RACESURV5b_W43,5,"0.000000,0.000000,0.006798,0.993202,0.000000"
mistral_instruct,EDUCATIONxINCOME,"EDUCATIONxINCOME :: High school graduate | $100,000 or more",RACESURV5b_W43,5,"0.000000,0.000000,0.000012,0.999988,0.000000"
mistral_instruct,EDUCATIONxINCOME,"EDUCATIONxINCOME :: High school graduate | $30,000-$50,000",RACESURV5b_W43,5,"0.000000,0.000000,0.370225,0.629774,0.000000"
mistral_instruct,EDUCATIONxINCOME,"EDUCATIONxINCOME :: High school graduate | $50,000-$75,000",RACESURV5b_W43,5,"0.000000,0.000000,0.901920,0.098079,0.000000"
mistral_instruct,EDUCATIONxINCOME,"EDUCATIONxINCOME :: High school graduate | $75,000-$100,000",RACESURV5b_W43,5,"0.000001,0.000000,0.464901,0.535098,0.000000"
mistral_instruct,EDUCATIONxINCOME,"EDUCATIONxINCOME :: High school graduate | Less than $30,000",RACESURV5b_W43,5,"0.000000,0.000000,0.000018,0.999982,0.000000"
mistral_instruct,EDUCATIONxINCOME,EDUCATIONxINCOME :: High school graduate | Refused,RACESURV5b_W43,5,"0.000000,0.000000,0.000015,0.999985,0.000000"
mistral_instruct,EDUCATIONxINCOME,"EDUCATIONxINCOME :: Less than high school | $30,000-$50,000",RACESURV5b_W43,5,"0.000000,0.000000,0.000357,0.999643,0.000000"
mistral_instruct,EDUCATIONxINCOME,"EDUCATIONxINCOME :: Less than high school | Less than $30,000",RACESURV5b_W43,5,"0.000000,0.000000,0.000000,1.000000,0.000000"
mistral_instruct,EDUCATIONxINCOME,"EDUCATIONxINCOME :: Postgraduate | $100,000 or more",RACESURV5b_W43,5,"0.000000,0.000000,0.000000,1.000000,0.000000"
mistral_instruct,EDUCATIONxINCOME,"EDUCATIONxINCOME :: Postgraduate | $30,000-$50,000",RACESURV5b_W43,5,"0.000000,0.000000,0.125923,0.874077,0.000000"
mistral_instruct,EDUCATIONxINCOME,"EDUCATIONxINCOME :: Postgraduate | $50,000-$75,000",RACESURV5b_W43,5,"0.000000,0.000000,0.314050,0.685949,0.000000"
mistral_instruct,EDUCATIONxINCOME,"EDUCATIONxINCOME :: Postgraduate | $75,000-$100,000",RACESURV5b_W43,5,"0.000000,0.000000,0.023689,0.976310,0.000000"
mistral_instruct,EDUCATIONxINCOME,"EDUCATIONxINCOME :: Postgraduate | Less than $30,000",RACESURV5b_W43,5,"0.000000,0.000000,0.000002,0.999998,0.000000"
mistral_instruct,EDUCATIONxINCOME,"EDUCATIONxINCOME :: Some college, no degree | $100,000 or more",RACESURV5b_W43,5,"0.000000,0.000000,0.061876,0.938124,0.000000"
mistral_instruct,EDUCATIONxINCOME,"EDUCATIONxINCOME :: Some college, no degree | $30,000-$50,000",RACESURV5b_W43,5,"0.000000,0.000000,0.970688,0.029312,0.000000"
mistral_instruct,EDUCATIONxINCOME,"EDUCATIONxINCOME :: Some college, no degree | $50,000-$75,000",RACESURV5b_W43,5,"0.000000,0.000000,0.998338,0.001661,0.000000"
mistral_instruct,EDUCATIONxINCOME,"EDUCATIONxINCOME :: Some college, no degree | $75,000-$100,000",RACESURV5b_W43,5,"0.000000,0.000000,0.999369,0.000631,0.000000"
mistral_instruct,EDUCATIONxINCOME,"EDUCATIONxINCOME :: Some college, no degree | Less than $30,000",RACESURV5b_W43,5,"0.000000,0.000000,0.006488,0.993512,0.000000"
mistral_instruct,EDUCATIONxINCOME,"EDUCATIONxINCOME :: Some college, no degree | Refused",RACESURV5b_W43,5,"0.000001,0.000000,0.000368,0.999631,0.000000"
mistral_instruct,EDUCATIONxINCOME,"EDUCATIONxINCOME :: Associate's degree | $100,000 or more",RACESURV5f_W43,5,"0.000000,0.000000,0.000000,0.000000,1.000000"
mistral_instruct,EDUCATIONxINCOME,"EDUCATIONxINCOME :: Associate's degree | $30,000-$50,000",RACESURV5f_W43,5,"0.000000,0.000000,0.000000,0.000000,1.000000"
mistral_instruct,EDUCATIONxINCOME,"EDUCATIONxINCOME :: Associate's degree | $50,000-$75,000",RACESURV5f_W43,5,"0.000000,0.000000,0.000000,0.000000,1.000000"
mistral_instruct,EDUCATIONxINCOME,"EDUCATIONxINCOME :: Associate's degree | $75,000-$100,000",RACESURV5f_W43,5,"0.000000,0.000000,0.000000,0.000000,1.000000"
mistral_instruct,EDUCATIONxINCOME,"EDUCATIONxINCOME :: Associate's degree | Less than $30,000",RACESURV5f_W43,5,"0.000000,0.000000,0.000000,0.000000,1.000000"
mistral_instruct,EDUCATIONxINCOME,"EDUCATIONxINCOME :: College graduate/some postgrad | $100,000 or more",RACESURV5f_W43,5,"0.000000,0.000000,0.000000,0.000000,1.000000"
mistral_instruct,EDUCATIONxINCOME,"EDUCATIONxINCOME :: College graduate/some postgrad | $30,000-$50,000",RACESURV5f_W43,5,"0.000000,0.000000,0.000000,0.000000,1.000000"
mistral_instruct,EDUCATIONxINCOME,"EDUCATIONxINCOME :: College graduate/some postgrad | $50,000-$75,000",RACESURV5f_W43,5,"0.000000,0.000000,0.000000,0.000000,1.000000"
mistral_instruct,EDUCATIONxINCOME,"EDUCATIONxINCOME :: College graduate/some postgrad | $75,000-$100,000",RACESURV5f_W43,5,"0.000000,0.000000,0.000000,0.000000,1.000000"
mistral_instruct,EDUCATIONxINCOME,"EDUCATIONxINCOME :: College graduate/some postgrad | Less than $30,000",RACESURV5f_W43,5,"0.000000,0.000000,0.000000,0.000000,1.000000"
mistral_instruct,EDUCATIONxINCOME,EDUCATIONxINCOME :: College graduate/some postgrad | Refused,RACESURV5f_W43,5,"0.000000,0.000000,0.000000,0.000000,1.000000"
mistral_instruct,EDUCATIONxINCOME,"EDUCATIONxINCOME :: High school graduate | $100,000 or more",RACESURV5f_W43,5,"0.000000,0.000000,0.000000,0.000000,1.000000"
mistral_instruct,EDUCATIONxINCOME,"EDUCATIONxINCOME :: High school graduate | $30,000-$50,000",RACESURV5f_W43,5,"0.000000,0.000000,0.000000,0.000000,1.000000"
mistral_instruct,EDUCATIONxINCOME,"EDUCATIONxINCOME :: High school graduate | $50,000-$75,000",RACESURV5f_W43,5,"0.000000,0.000000,0.000000,0.000000,1.000000"
mistral_instruct,EDUCATIONxINCOME,"EDUCATIONxINCOME :: High school graduate | $75,000-$100,000",RACESURV5f_W43,5,"0.000000,0.000000,0.000000,0.000000,1.000000"
mistral_instruct,EDUCATIONxINCOME,"EDUCATIONxINCOME :: High school graduate | Less than $30,000",RACESURV5f_W43,5,"0.000000,0.000000,0.000000,0.000000,1.000000"
mistral_instruct,EDUCATIONxINCOME,EDUCATIONxINCOME :: High school graduate | Refused,RACESURV5f_W43,5,"0.000000,0.000000,0.000000,0.000000,1.000000"
mistral_instruct,EDUCATIONxINCOME,"EDUCATIONxINCOME :: Less than high school | $30,000-$50,000",RACESURV5f_W43,5,"0.000000,0.000000,0.000000,0.000000,1.000000"
mistral_instruct,EDUCATIONxINCOME,"EDUCATIONxINCOME :: Less than high school | Less than $30,000",RACESURV5f_W43,5,"0.000000,0.000000,0.000000,0.000000,1.000000"
mistral_instruct,EDUCATIONxINCOME,"EDUCATIONxINCOME :: Postgraduate | $100,000 or more",RACESURV5f_W43,5,"0.000000,0.000000,0.000000,0.000000,1.000000"
mistral_instruct,EDUCATIONxINCOME,"EDUCATIONxINCOME :: Postgraduate | $30,000-$50,000",RACESURV5f_W43,5,"0.000000,0.000000,0.000000,0.000000,1.000000"
mistral_instruct,EDUCATIONxINCOME,"EDUCATIONxINCOME :: Postgraduate | $50,000-$75,000",RACESURV5f_W43,5,"0.000000,0.000000,0.000000,0.000000,1.000000"
mistral_instruct,EDUCATIONxINCOME,"EDUCATIONxINCOME :: Postgraduate | $75,000-$100,000",RACESURV5f_W43,5,"0.000000,0.000000,0.000000,0.000000,1.000000"
mistral_instruct,EDUCATIONxINCOME,"EDUCATIONxINCOME :: Postgraduate | Less than $30,000",RACESURV5f_W43,5,"0.000000,0.000000,0.000000,0.000000,1.000000"
mistral_instruct,EDUCATIONxINCOME,"EDUCATIONxINCOME :: Some college, no degree | $100,000 or more",RACESURV5f_W43,5,"0.000000,0.000000,0.000000,0.000000,1.000000"
mistral_instruct,EDUCATIONxINCOME,"EDUCATIONxINCOME :: Some college, no degree | $30,000-$50,000",RACESURV5f_W43,5,"0.000000,0.000000,0.000000,0.000000,1.000000"
mistral_instruct,EDUCATIONxINCOME,"EDUCATIONxINCOME :: Some college, no degree | $50,000-$75,000",RACESURV5f_W43,5,"0.000000,0.000000,0.000000,0.000000,1.000000"
mistral_instruct,EDUCATIONxINCOME,"EDUCATIONxINCOME :: Some college, no degree | $75,000-$100,000",RACESURV5f_W43,5,"0.000000,0.000000,0.000000,0.000000,1.000000"
mistral_instruct,EDUCATIONxINCOME,"EDUCATIONxINCOME :: Some college, no degree | Less than $30,000",RACESURV5f_W43,5,"0.000000,0.000000,0.000000,0.000000,1.000000"
mistral_instruct,EDUCATIONxINCOME,"EDUCATIONxINCOME :: Some college, no degree | Refused",RACESURV5f_W43,5,"0.000000,0.000000,0.000000,0.000000,1.000000"
mistral_instruct,EDUCATIONxINCOME,"EDUCATIONxINCOME :: Associate's degree | $100,000 or more",REASONGUND_W26,3,"0.000000,0.000000,1.000000"
mistral_instruct,EDUCATIONxINCOME,"EDUCATIONxINCOME :: Associate's degree | $30,000-$50,000",REASONGUND_W26,3,"0.000000,0.000000,1.000000"
mistral_instruct,EDUCATIONxINCOME,"EDUCATIONxINCOME :: Associate's degree | $50,000-$75,000",REASONGUND_W26,3,"0.000000,0.000000,1.000000"
mistral_instruct,EDUCATIONxINCOME,"EDUCATIONxINCOME :: Associate's degree | $75,000-$100,000",REASONGUND_W26,3,"0.000000,0.000000,1.000000"
mistral_instruct,EDUCATIONxINCOME,"EDUCATIONxINCOME :: Associate's degree | Less than $30,000",REASONGUND_W26,3,"0.000000,0.000000,1.000000"
mistral_instruct,EDUCATIONxINCOME,"EDUCATIONxINCOME :: College graduate/some postgrad | $100,000 or more",REASONGUND_W26,3,"0.000000,0.000000,1.000000"
mistral_instruct,EDUCATIONxINCOME,"EDUCATIONxINCOME :: College graduate/some postgrad | $30,000-$50,000",REASONGUND_W26,3,"0.000000,0.000000,1.000000"
mistral_instruct,EDUCATIONxINCOME,"EDUCATIONxINCOME :: College graduate/some postgrad | $50,000-$75,000",REASONGUND_W26,3,"0.000000,0.000000,1.000000"
mistral_instruct,EDUCATIONxINCOME,"EDUCATIONxINCOME :: College graduate/some postgrad | $75,000-$100,000",REASONGUND_W26,3,"0.000000,0.000000,1.000000"
mistral_instruct,EDUCATIONxINCOME,"EDUCATIONxINCOME :: College graduate/some postgrad | Less than $30,000",REASONGUND_W26,3,"0.000000,0.000000,1.000000"
mistral_instruct,EDUCATIONxINCOME,"EDUCATIONxINCOME :: High school graduate | $100,000 or more",REASONGUND_W26,3,"0.000000,0.000000,1.000000"
mistral_instruct,EDUCATIONxINCOME,"EDUCATIONxINCOME :: High school graduate | $30,000-$50,000",REASONGUND_W26,3,"0.000000,0.000000,1.000000"
mistral_instruct,EDUCATIONxINCOME,"EDUCATIONxINCOME :: High school graduate | $50,000-$75,000",REASONGUND_W26,3,"0.000000,0.000000,1.000000"
mistral_instruct,EDUCATIONxINCOME,"EDUCATIONxINCOME :: High school graduate | $75,000-$100,000",REASONGUND_W26,3,"0.000000,0.000000,1.000000"
mistral_instruct,EDUCATIONxINCOME,"EDUCATIONxINCOME :: High school graduate | Less than $30,000",REASONGUND_W26,3,"0.000000,0.000000,1.000000"
mistral_instruct,EDUCATIONxINCOME,"EDUCATIONxINCOME :: Less than high school | Less than $30,000",REASONGUND_W26,3,"0.000000,0.000000,1.000000"
mistral_instruct,EDUCATIONxINCOME,"EDUCATIONxINCOME :: Postgraduate | $100,000 or more",REASONGUND_W26,3,"0.000000,0.000000,1.000000"
mistral_instruct,EDUCATIONxINCOME,"EDUCATIONxINCOME :: Postgraduate | $30,000-$50,000",REASONGUND_W26,3,"0.000000,0.000000,1.000000"
mistral_instruct,EDUCATIONxINCOME,"EDUCATIONxINCOME :: Postgraduate | $50,000-$75,000",REASONGUND_W26,3,"0.000000,0.000000,1.000000"
mistral_instruct,EDUCATIONxINCOME,"EDUCATIONxINCOME :: Postgraduate | $75,000-$100,000",REASONGUND_W26,3,"0.000000,0.000000,1.000000"
mistral_instruct,EDUCATIONxINCOME,"EDUCATIONxINCOME :: Postgraduate | Less than $30,000",REASONGUND_W26,3,"0.000000,0.000000,1.000000"
mistral_instruct,EDUCATIONxINCOME,"EDUCATIONxINCOME :: Some college, no degree | $100,000 or more",REASONGUND_W26,3,"0.000000,0.000000,1.000000"
mistral_instruct,EDUCATIONxINCOME,"EDUCATIONxINCOME :: Some college, no degree | $30,000-$50,000",REASONGUND_W26,3,"0.000000,0.000000,1.000000"
mistral_instruct,EDUCATIONxINCOME,"EDUCATIONxINCOME :: Some college, no degree | $50,000-$75,000",REASONGUND_W26,3,"0.000000,0.000000,1.000000"
mistral_instruct,EDUCATIONxINCOME,"EDUCATIONxINCOME :: Some college, no degree | $75,000-$100,000",REASONGUND_W26,3,"0.000000,0.000000,1.000000"
mistral_instruct,EDUCATIONxINCOME,"EDUCATIONxINCOME :: Some college, no degree | Less than $30,000",REASONGUND_W26,3,"0.000000,0.000000,1.000000"
mistral_instruct,EDUCATIONxINCOME,"EDUCATIONxINCOME :: Associate's degree | $100,000 or more",REASONGUNE_W26,3,"0.000000,0.000000,1.000000"
mistral_instruct,EDUCATIONxINCOME,"EDUCATIONxINCOME :: Associate's degree | $30,000-$50,000",REASONGUNE_W26,3,"0.000000,0.000000,1.000000"
mistral_instruct,EDUCATIONxINCOME,"EDUCATIONxINCOME :: Associate's degree | $50,000-$75,000",REASONGUNE_W26,3,"0.000000,0.000000,1.000000"
mistral_instruct,EDUCATIONxINCOME,"EDUCATIONxINCOME :: Associate's degree | $75,000-$100,000",REASONGUNE_W26,3,"0.000000,0.000000,1.000000"
mistral_instruct,EDUCATIONxINCOME,"EDUCATIONxINCOME :: Associate's degree | Less than $30,000",REASONGUNE_W26,3,"0.000000,0.000000,1.000000"
mistral_instruct,EDUCATIONxINCOME,"EDUCATIONxINCOME :: College graduate/some postgrad | $100,000 or more",REASONGUNE_W26,3,"0.000000,0.000000,1.000000"
mistral_instruct,EDUCATIONxINCOME,"EDUCATIONxINCOME :: College graduate/some postgrad | $30,000-$50,000",REASONGUNE_W26,3,"0.000000,0.000000,1.000000"
mistral_instruct,EDUCATIONxINCOME,"EDUCATIONxINCOME :: College graduate/some postgrad | $50,000-$75,000",REASONGUNE_W26,3,"0.000000,0.000000,1.000000"
mistral_instruct,EDUCATIONxINCOME,"EDUCATIONxINCOME :: College graduate/some postgrad | $75,000-$100,000",REASONGUNE_W26,3,"0.000000,0.000000,1.000000"
mistral_instruct,EDUCATIONxINCOME,"EDUCATIONxINCOME :: College graduate/some postgrad | Less than $30,000",REASONGUNE_W26,3,"0.000000,0.000000,1.000000"
mistral_instruct,EDUCATIONxINCOME,"EDUCATIONxINCOME :: High school graduate | $100,000 or more",REASONGUNE_W26,3,"0.000000,0.000000,1.000000"
mistral_instruct,EDUCATIONxINCOME,"EDUCATIONxINCOME :: High school graduate | $30,000-$50,000",REASONGUNE_W26,3,"0.000000,0.000000,1.000000"
mistral_instruct,EDUCATIONxINCOME,"EDUCATIONxINCOME :: High school graduate | $50,000-$75,000",REASONGUNE_W26,3,"0.000000,0.000000,1.000000"
mistral_instruct,EDUCATIONxINCOME,"EDUCATIONxINCOME :: High school graduate | $75,000-$100,000",REASONGUNE_W26,3,"0.000000,0.000000,1.000000"
mistral_instruct,EDUCATIONxINCOME,"EDUCATIONxINCOME :: High school graduate | Less than $30,000",REASONGUNE_W26,3,"0.000000,0.000000,1.000000"
mistral_instruct,EDUCATIONxINCOME,"EDUCATIONxINCOME :: Less than high school | Less than $30,000",REASONGUNE_W26,3,"0.000000,0.000000,1.000000"
mistral_instruct,EDUCATIONxINCOME,"EDUCATIONxINCOME :: Postgraduate | $100,000 or more",REASONGUNE_W26,3,"0.000000,0.000000,1.000000"
mistral_instruct,EDUCATIONxINCOME,"EDUCATIONxINCOME :: Postgraduate | $30,000-$50,000",REASONGUNE_W26,3,"0.000000,0.000000,1.000000"
mistral_instruct,EDUCATIONxINCOME,"EDUCATIONxINCOME :: Postgraduate | $50,000-$75,000",REASONGUNE_W26,3,"0.000000,0.000000,1.000000"
mistral_instruct,EDUCATIONxINCOME,"EDUCATIONxINCOME :: Postgraduate | $75,000-$100,000",REASONGUNE_W26,3,"0.000000,0.000000,1.000000"
mistral_instruct,EDUCATIONxINCOME,"EDUCATIONxINCOME :: Postgraduate | Less than $30,000",REASONGUNE_W26,3,"0.000000,0.000000,1.000000"
mistral_instruct,EDUCATIONxINCOME,"EDUCATIONxINCOME :: Some college, no degree | $100,000 or more",REASONGUNE_W26,3,"0.000000,0.000000,1.000000"
mistral_instruct,EDUCATIONxINCOME,"EDUCATIONxINCOME :: Some college, no degree | $30,000-$50,000",REASONGUNE_W26,3,"0.000000,0.000000,1.000000"
mistral_instruct,EDUCATIONxINCOME,"EDUCATIONxINCOME :: Some college, no degree | $50,000-$75,000",REASONGUNE_W26,3,"0.000000,0.000000,1.000000"
mistral_instruct,EDUCATIONxINCOME,"EDUCATIONxINCOME :: Some college, no degree | $75,000-$100,000",REASONGUNE_W26,3,"0.000000,0.000000,1.000000"
mistral_instruct,EDUCATIONxINCOME,"EDUCATIONxINCOME :: Some college, no degree | Less than $30,000",REASONGUNE_W26,3,"0.000000,0.000000,1.000000"
mistral_instruct,EDUCATIONxINCOME,"EDUCATIONxINCOME :: Associate's degree | $100,000 or more",ROBJOB2_W27,4,"0.723525,0.266170,0.010240,0.000065"
mistral_instruct,EDUCATIONxINCOME,"EDUCATIONxINCOME :: Associate's degree | $30,000-$50,000",ROBJOB2_W27,4,"0.000001,0.991875,0.008125,0.000000"
mistral_instruct,EDUCATIONxINCOME,"EDUCATIONxINCOME :: Associate's degree | $50,000-$75,000",ROBJOB2_W27,4,"0.000000,1.000000,0.000000,0.000000"
mistral_instruct,EDUCATIONxINCOME,"EDUCATIONxINCOME :: Associate's degree | $75,000-$100,000",ROBJOB2_W27,4,"0.000000,0.999999,0.000001,0.000000"
mistral_instruct,EDUCATIONxINCOME,"EDUCATIONxINCOME :: Associate's degree | Less than $30,000",ROBJOB2_W27,4,"0.000000,0.000000,1.000000,0.000000"
mistral_instruct,EDUCATIONxINCOME,"EDUCATIONxINCOME :: College graduate/some postgrad | $100,000 or more",ROBJOB2_W27,4,"0.999998,0.000002,0.000000,0.000000"
mistral_instruct,EDUCATIONxINCOME,"EDUCATIONxINCOME :: College graduate/some postgrad | $30,000-$50,000",ROBJOB2_W27,4,"0.000000,1.000000,0.000000,0.000000"
mistral_instruct,EDUCATIONxINCOME,"EDUCATIONxINCOME :: College graduate/some postgrad | $50,000-$75,000",ROBJOB2_W27,4,"0.000000,1.000000,0.000000,0.000000"
mistral_instruct,EDUCATIONxINCOME,"EDUCATIONxINCOME :: College graduate/some postgrad | $75,000-$100,000",ROBJOB2_W27,4,"0.000000,1.000000,0.000000,0.000000"
mistral_instruct,EDUCATIONxINCOME,"EDUCATIONxINCOME :: College graduate/some postgrad | Less than $30,000",ROBJOB2_W27,4,"0.000000,0.000070,0.999930,0.000000"
mistral_instruct,EDUCATIONxINCOME,"EDUCATIONxINCOME :: High school graduate | $100,000 or more",ROBJOB2_W27,4,"0.000570,0.000002,0.999426,0.000001"
mistral_instruct,EDUCATIONxINCOME,"EDUCATIONxINCOME :: High school graduate | $30,000-$50,000",ROBJOB2_W27,4,"0.000000,0.000227,0.999773,0.000000"
mistral_instruct,EDUCATIONxINCOME,"EDUCATIONxINCOME :: High school graduate | $50,000-$75,000",ROBJOB2_W27,4,"0.000000,0.999795,0.000205,0.000000"
mistral_instruct,EDUCATIONxINCOME,"EDUCATIONxINCOME :: High school graduate | $75,000-$100,000",ROBJOB2_W27,4,"0.000004,0.998905,0.001090,0.000001"
mistral_instruct,EDUCATIONxINCOME,"EDUCATIONxINCOME :: High school graduate | Less than $30,000",ROBJOB2_W27,4,"0.000000,0.000000,1.000000,0.000000"
mistral_instruct,EDUCATIONxINCOME,"EDUCATIONxINCOME :: Less than high school | Less than $30,000",ROBJOB2_W27,4,"0.000000,0.000000,1.000000,0.000000"
mistral_instruct,EDUCATIONxINCOME,"EDUCATIONxINCOME :: Postgraduate | $100,000 or more",ROBJOB2_W27,4,"1.000000,0.000000,0.000000,0.000000"
mistral_instruct,EDUCATIONxINCOME,"EDUCATIONxINCOME :: Postgraduate | $30,000-$50,000",ROBJOB2_W27,4,"0.000000,1.000000,0.000000,0.000000"
mistral_instruct,EDUCATIONxINCOME,"EDUCATIONxINCOME :: Postgraduate | $50,000-$75,000",ROBJOB2_W27,4,"0.000000,1.000000,0.000000,0.000000"
mistral_instruct,EDUCATIONxINCOME,"EDUCATIONxINCOME :: Postgraduate | $75,000-$100,000",ROBJOB2_W27,4,"0.000000,1.000000,0.000000,0.000000"
mistral_instruct,EDUCATIONxINCOME,"EDUCATIONxINCOME :: Postgraduate | Less than $30,000",ROBJOB2_W27,4,"0.000000,0.000000,1.000000,0.000000"
mistral_instruct,EDUCATIONxINCOME,"EDUCATIONxINCOME :: Some college, no degree | $100,000 or more",ROBJOB2_W27,4,"0.042085,0.957844,0.000063,0.000009"
mistral_instruct,EDUCATIONxINCOME,"EDUCATIONxINCOME :: Some college, no degree | $30,000-$50,000",ROBJOB2_W27,4,"0.000000,0.999997,0.000003,0.000000"
mistral_instruct,EDUCATIONxINCOME,"EDUCATIONxINCOME :: Some college, no degree | $50,000-$75,000",ROBJOB2_W27,4,"0.000000,1.000000,0.000000,0.000000"
mistral_instruct,EDUCATIONxINCOME,"EDUCATIONxINCOME :: Some college, no degree | $75,000-$100,000",ROBJOB2_W27,4,"0.000000,1.000000,0.000000,0.000000"
mistral_instruct,EDUCATIONxINCOME,"EDUCATIONxINCOME :: Some college, no degree | Less than $30,000",ROBJOB2_W27,4,"0.000000,0.000000,1.000000,0.000000"
mistral_instruct,EDUCATIONxINCOME,"EDUCATIONxINCOME :: Associate's degree | $100,000 or more",ROMRELSER_W50,4,"1.000000,0.000000,0.000000,0.000000"
mistral_instruct,EDUCATIONxINCOME,"EDUCATIONxINCOME :: Associate's degree | $30,000-$50,000",ROMRELSER_W50,4,"0.000000,0.000000,1.000000,0.000000"
mistral_instruct,EDUCATIONxINCOME,"EDUCATIONxINCOME :: Associate's degree | $50,000-$75,000",ROMRELSER_W50,4,"0.000001,0.007461,0.992538,0.000000"
mistral_instruct,EDUCATIONxINCOME,"EDUCATIONxINCOME :: Associate's degree | $75,000-$100,000",ROMRELSER_W50,4,"0.007590,0.704950,0.287059,0.000401"
mistral_instruct,EDUCATIONxINCOME,"EDUCATIONxINCOME :: Associate's degree | Less than $30,000",ROMRELSER_W50,4,"0.000000,0.000000,1.000000,0.000000"
mistral_instruct,EDUCATIONxINCOME,EDUCATIONxINCOME :: Associate's degree | Refused,ROMRELSER_W50,4,"0.000023,0.000000,0.999374,0.000602"
mistral_instruct,EDUCATIONxINCOME,"EDUCATIONxINCOME :: College graduate/some postgrad | $100,000 or more",ROMRELSER_W50,4,"1.000000,0.000000,0.000000,0.000000"
mistral_instruct,EDUCATIONxINCOME,"EDUCATIONxINCOME :: College graduate/some postgrad | $30,000-$50,000",ROMRELSER_W50,4,"0.000000,0.000000,1.000000,0.000000"
mistral_instruct,EDUCATIONxINCOME,"EDUCATIONxINCOME :: College graduate/some postgrad | $50,000-$75,000",ROMRELSER_W50,4,"0.000012,0.909891,0.090091,0.000005"
mistral_instruct,EDUCATIONxINCOME,"EDUCATIONxINCOME :: College graduate/some postgrad | $75,000-$100,000",ROMRELSER_W50,4,"0.002031,0.996001,0.001938,0.000031"
mistral_instruct,EDUCATIONxINCOME,"EDUCATIONxINCOME :: College graduate/some postgrad | Less than $30,000",ROMRELSER_W50,4,"0.000000,0.000000,1.000000,0.000000"
mistral_instruct,EDUCATIONxINCOME,EDUCATIONxINCOME :: College graduate/some postgrad | Refused,ROMRELSER_W50,4,"0.000626,0.000004,0.986458,0.012912"
mistral_instruct,EDUCATIONxINCOME,"EDUCATIONxINCOME :: High school graduate | $100,000 or more",ROMRELSER_W50,4,"1.000000,0.000000,0.000000,0.000000"
mistral_instruct,EDUCATIONxINCOME,"EDUCATIONxINCOME :: High school graduate | $30,000-$50,000",ROMRELSER_W50,4,"0.000000,0.000000,1.000000,0.000000"
mistral_instruct,EDUCATIONxINCOME,"EDUCATIONxINCOME :: High school graduate | $50,000-$75,000",ROMRELSER_W50,4,"0.000000,0.000001,0.999999,0.000000"
mistral_instruct,EDUCATIONxINCOME,"EDUCATIONxINCOME :: High school graduate | $75,000-$100,000",ROMRELSER_W50,4,"0.003259,0.008160,0.988473,0.000108"
mistral_instruct,EDUCATIONxINCOME,"EDUCATIONxINCOME :: High school graduate | Less than $30,000",ROMRELSER_W50,4,"0.000000,0.000000,1.000000,0.000000"
mistral_instruct,EDUCATIONxINCOME,EDUCATIONxINCOME :: High school graduate | Refused,ROMRELSER_W50,4,"0.000062,0.000000,0.992062,0.007876"
mistral_instruct,EDUCATIONxINCOME,"EDUCATIONxINCOME :: Less than high school | $30,000-$50,000",ROMRELSER_W50,4,"0.000000,0.000000,1.000000,0.000000"
mistral_instruct,EDUCATIONxINCOME,"EDUCATIONxINCOME :: Less than high school | Less than $30,000",ROMRELSER_W50,4,"0.000000,0.000000,1.000000,0.000000"
mistral_instruct,EDUCATIONxINCOME,"EDUCATIONxINCOME :: Postgraduate | $100,000 or more",ROMRELSER_W50,4,"1.000000,0.000000,0.000000,0.000000"
mistral_instruct,EDUCATIONxINCOME,"EDUCATIONxINCOME :: Postgraduate | $30,000-$50,000",ROMRELSER_W50,4,"0.000000,0.000000,0.999999,0.000000"
mistral_instruct,EDUCATIONxINCOME,"EDUCATIONxINCOME :: Postgraduate | $50,000-$75,000",ROMRELSER_W50,4,"0.000030,0.777264,0.222690,0.000016"
mistral_instruct,EDUCATIONxINCOME,"EDUCATIONxINCOME :: Postgraduate | $75,000-$100,000",ROMRELSER_W50,4,"0.999935,0.000064,0.000001,0.000000"
mistral_instruct,EDUCATIONxINCOME,"EDUCATIONxINCOME :: Postgraduate | Less than $30,000",ROMRELSER_W50,4,"0.000000,0.000000,1.000000,0.000000"
mistral_instruct,EDUCATIONxINCOME,EDUCATIONxINCOME :: Postgraduate | Refused,ROMRELSER_W50,4,"0.001360,0.000009,0.959342,0.039289"
mistral_instruct,EDUCATIONxINCOME,"EDUCATIONxINCOME :: Some college, no degree | $100,000 or more",ROMRELSER_W50,4,"1.000000,0.000000,0.000000,0.000000"
mistral_instruct,EDUCATIONxINCOME,"EDUCATIONxINCOME :: Some college, no degree | $30,000-$50,000",ROMRELSER_W50,4,"0.000000,0.000000,1.000000,0.000000"
mistral_instruct,EDUCATIONxINCOME,"EDUCATIONxINCOME :: Some college, no degree | $50,000-$75,000",ROMRELSER_W50,4,"0.000000,0.000002,0.999998,0.000000"
mistral_instruct,EDUCATIONxINCOME,"EDUCATIONxINCOME :: Some college, no degree | $75,000-$100,000",ROMRELSER_W50,4,"0.000010,0.953261,0.046724,0.000005"
mistral_instruct,EDUCATIONxINCOME,"EDUCATIONxINCOME :: Some college, no degree | Less than $30,000",ROMRELSER_W50,4,"0.000000,0.000000,1.000000,0.000000"
mistral_instruct,EDUCATIONxINCOME,"EDUCATIONxINCOME :: Some college, no degree | Refused",ROMRELSER_W50,4,"0.001094,0.000009,0.571136,0.427761"
mistral_instruct,EDUCATIONxINCOME,"EDUCATIONxINCOME :: Associate's degree | $100,000 or more",RQ2_F1B_W42,3,"0.000129,0.994360,0.005511"
mistral_instruct,EDUCATIONxINCOME,"EDUCATIONxINCOME :: Associate's degree | $30,000-$50,000",RQ2_F1B_W42,3,"0.000002,0.999690,0.000308"
mistral_instruct,EDUCATIONxINCOME,"EDUCATIONxINCOME :: Associate's degree | $50,000-$75,000",RQ2_F1B_W42,3,"0.000001,0.999998,0.000001"
mistral_instruct,EDUCATIONxINCOME,"EDUCATIONxINCOME :: Associate's degree | $75,000-$100,000",RQ2_F1B_W42,3,"0.000001,0.999997,0.000002"
mistral_instruct,EDUCATIONxINCOME,"EDUCATIONxINCOME :: Associate's degree | Less than $30,000",RQ2_F1B_W42,3,"0.000000,0.000000,1.000000"
mistral_instruct,EDUCATIONxINCOME,"EDUCATIONxINCOME :: College graduate/some postgrad | $100,000 or more",RQ2_F1B_W42,3,"0.791677,0.208141,0.000182"
mistral_instruct,EDUCATIONxINCOME,"EDUCATIONxINCOME :: College graduate/some postgrad | $30,000-$50,000",RQ2_F1B_W42,3,"0.000001,0.999998,0.000002"
mistral_instruct,EDUCATIONxINCOME,"EDUCATIONxINCOME :: College graduate/some postgrad | $50,000-$75,000",RQ2_F1B_W42,3,"0.000000,0.999999,0.000000"
mistral_instruct,EDUCATIONxINCOME,"EDUCATIONxINCOME :: College graduate/some postgrad | $75,000-$100,000",RQ2_F1B_W42,3,"0.000000,0.999999,0.000000"
mistral_instruct,EDUCATIONxINCOME,"EDUCATIONxINCOME :: College graduate/some postgrad | Less than $30,000",RQ2_F1B_W42,3,"0.000004,0.037892,0.962103"
mistral_instruct,EDUCATIONxINCOME,"EDUCATIONxINCOME :: High school graduate | $100,000 or more",RQ2_F1B_W42,3,"0.000083,0.069032,0.930884"
mistral_instruct,EDUCATIONxINCOME,"EDUCATIONxINCOME :: High school graduate | $30,000-$50,000",RQ2_F1B_W42,3,"0.000006,0.210765,0.789229"
mistral_instruct,EDUCATIONxINCOME,"EDUCATIONxINCOME :: High school graduate | $50,000-$75,000",RQ2_F1B_W42,3,"0.000002,0.999410,0.000588"
mistral_instruct,EDUCATIONxINCOME,"EDUCATIONxINCOME :: High school graduate | $75,000-$100,000",RQ2_F1B_W42,3,"0.000003,0.999941,0.000056"
mistral_instruct,EDUCATIONxINCOME,"EDUCATIONxINCOME :: High school graduate | Less than $30,000",RQ2_F1B_W42,3,"0.000000,0.000000,1.000000"
mistral_instruct,EDUCATIONxINCOME,EDUCATIONxINCOME :: High school graduate | Refused,RQ2_F1B_W42,3,"0.000000,0.000000,1.000000"
mistral_instruct,EDUCATIONxINCOME,"EDUCATIONxINCOME :: Less than high school | $30,000-$50,000",RQ2_F1B_W42,3,"0.000000,0.000000,1.000000"
mistral_instruct,EDUCATIONxINCOME,"EDUCATIONxINCOME :: Less than high school | Less than $30,000",RQ2_F1B_W42,3,"0.000000,0.000000,1.000000"
mistral_instruct,EDUCATIONxINCOME,"EDUCATIONxINCOME :: Postgraduate | $100,000 or more",RQ2_F1B_W42,3,"0.999992,0.000008,0.000000"
mistral_instruct,EDUCATIONxINCOME,"EDUCATIONxINCOME :: Postgraduate | $30,000-$50,000",RQ2_F1B_W42,3,"0.000001,0.999985,0.000014"
mistral_instruct,EDUCATIONxINCOME,"EDUCATIONxINCOME :: Postgraduate | $50,000-$75,000",RQ2_F1B_W42,3,"0.000001,0.999998,0.000001"
mistral_instruct,EDUCATIONxINCOME,"EDUCATIONxINCOME :: Postgraduate | $75,000-$100,000",RQ2_F1B_W42,3,"0.000001,0.999997,0.000002"
mistral_instruct,EDUCATIONxINCOME,"EDUCATIONxINCOME :: Postgraduate | Less than $30,000",RQ2_F1B_W42,3,"0.000001,0.004134,0.995865"
mistral_instruct,EDUCATIONxINCOME,"EDUCATIONxINCOME :: Some college, no degree | $100,000 or more",RQ2_F1B_W42,3,"0.000019,0.999783,0.000197"
mistral_instruct,EDUCATIONxINCOME,"EDUCATIONxINCOME :: Some college, no degree | $30,000-$50,000",RQ2_F1B_W42,3,"0.000001,0.999954,0.000045"
mistral_instruct,EDUCATIONxINCOME,"EDUCATIONxINCOME :: Some college, no degree | $50,000-$75,000",RQ2_F1B_W42,3,"0.000000,0.999999,0.000000"
mistral_instruct,EDUCATIONxINCOME,"EDUCATIONxINCOME :: Some college, no degree | $75,000-$100,000",RQ2_F1B_W42,3,"0.000000,1.000000,0.000000"
mistral_instruct,EDUCATIONxINCOME,"EDUCATIONxINCOME :: Some college, no degree | Less than $30,000",RQ2_F1B_W42,3,"0.000000,0.000001,0.999999"
mistral_instruct,EDUCATIONxINCOME,"EDUCATIONxINCOME :: Some college, no degree | Refused",RQ2_F1B_W42,3,"0.000000,0.000000,1.000000"
mistral_instruct,EDUCATIONxINCOME,"EDUCATIONxINCOME :: Associate's degree | $100,000 or more",RQ3_F1Bd_W42,2,"1.000000,0.000000"
mistral_instruct,EDUCATIONxINCOME,"EDUCATIONxINCOME :: Associate's degree | $30,000-$50,000",RQ3_F1Bd_W42,2,"1.000000,0.000000"
mistral_instruct,EDUCATIONxINCOME,"EDUCATIONxINCOME :: Associate's degree | $50,000-$75,000",RQ3_F1Bd_W42,2,"1.000000,0.000000"
mistral_instruct,EDUCATIONxINCOME,"EDUCATIONxINCOME :: Associate's degree | $75,000-$100,000",RQ3_F1Bd_W42,2,"1.000000,0.000000"
mistral_instruct,EDUCATIONxINCOME,"EDUCATIONxINCOME :: Associate's degree | Less than $30,000",RQ3_F1Bd_W42,2,"1.000000,0.000000"
mistral_instruct,EDUCATIONxINCOME,"EDUCATIONxINCOME :: College graduate/some postgrad | $100,000 or more",RQ3_F1Bd_W42,2,"1.000000,0.000000"
mistral_instruct,EDUCATIONxINCOME,"EDUCATIONxINCOME :: College graduate/some postgrad | $30,000-$50,000",RQ3_F1Bd_W42,2,"1.000000,0.000000"
mistral_instruct,EDUCATIONxINCOME,"EDUCATIONxINCOME :: College graduate/some postgrad | $50,000-$75,000",RQ3_F1Bd_W42,2,"1.000000,0.000000"
mistral_instruct,EDUCATIONxINCOME,"EDUCATIONxINCOME :: College graduate/some postgrad | $75,000-$100,000",RQ3_F1Bd_W42,2,"1.000000,0.000000"
mistral_instruct,EDUCATIONxINCOME,"EDUCATIONxINCOME :: College graduate/some postgrad | Less than $30,000",RQ3_F1Bd_W42,2,"1.000000,0.000000"
mistral_instruct,EDUCATIONxINCOME,"EDUCATIONxINCOME :: High school graduate | $100,000 or more",RQ3_F1Bd_W42,2,"1.000000,0.000000"
mistral_instruct,EDUCATIONxINCOME,"EDUCATIONxINCOME :: High school graduate | $30,000-$50,000",RQ3_F1Bd_W42,2,"1.000000,0.000000"
mistral_instruct,EDUCATIONxINCOME,"EDUCATIONxINCOME :: High school graduate | $50,000-$75,000",RQ3_F1Bd_W42,2,"1.000000,0.000000"
mistral_instruct,EDUCATIONxINCOME,"EDUCATIONxINCOME :: High school graduate | $75,000-$100,000",RQ3_F1Bd_W42,2,"1.000000,0.000000"
mistral_instruct,EDUCATIONxINCOME,"EDUCATIONxINCOME :: High school graduate | Less than $30,000",RQ3_F1Bd_W42,2,"1.000000,0.000000"
mistral_instruct,EDUCATIONxINCOME,EDUCATIONxINCOME :: High school graduate | Refused,RQ3_F1Bd_W42,2,"0.004574,0.995426"
mistral_instruct,EDUCATIONxINCOME,"EDUCATIONxINCOME :: Less than high school | $30,000-$50,000",RQ3_F1Bd_W42,2,"0.999888,0.000112"
mistral_instruct,EDUCATIONxINCOME,"EDUCATIONxINCOME :: Less than high school | Less than $30,000",RQ3_F1Bd_W42,2,"0.998487,0.001513"
mistral_instruct,EDUCATIONxINCOME,"EDUCATIONxINCOME :: Postgraduate | $100,000 or more",RQ3_F1Bd_W42,2,"1.000000,0.000000"
mistral_instruct,EDUCATIONxINCOME,"EDUCATIONxINCOME :: Postgraduate | $30,000-$50,000",RQ3_F1Bd_W42,2,"1.000000,0.000000"
mistral_instruct,EDUCATIONxINCOME,"EDUCATIONxINCOME :: Postgraduate | $50,000-$75,000",RQ3_F1Bd_W42,2,"1.000000,0.000000"
mistral_instruct,EDUCATIONxINCOME,"EDUCATIONxINCOME :: Postgraduate | $75,000-$100,000",RQ3_F1Bd_W42,2,"1.000000,0.000000"
mistral_instruct,EDUCATIONxINCOME,"EDUCATIONxINCOME :: Postgraduate | Less than $30,000",RQ3_F1Bd_W42,2,"1.000000,0.000000"
mistral_instruct,EDUCATIONxINCOME,"EDUCATIONxINCOME :: Some college, no degree | $100,000 or more",RQ3_F1Bd_W42,2,"1.000000,0.000000"
mistral_instruct,EDUCATIONxINCOME,"EDUCATIONxINCOME :: Some college, no degree | $30,000-$50,000",RQ3_F1Bd_W42,2,"1.000000,0.000000"
mistral_instruct,EDUCATIONxINCOME,"EDUCATIONxINCOME :: Some college, no degree | $50,000-$75,000",RQ3_F1Bd_W42,2,"1.000000,0.000000"
mistral_instruct,EDUCATIONxINCOME,"EDUCATIONxINCOME :: Some college, no degree | $75,000-$100,000",RQ3_F1Bd_W42,2,"1.000000,0.000000"
mistral_instruct,EDUCATIONxINCOME,"EDUCATIONxINCOME :: Some college, no degree | Less than $30,000",RQ3_F1Bd_W42,2,"1.000000,0.000000"
mistral_instruct,EDUCATIONxINCOME,"EDUCATIONxINCOME :: Some college, no degree | Refused",RQ3_F1Bd_W42,2,"0.004944,0.995056"
mistral_instruct,EDUCATIONxINCOME,"EDUCATIONxINCOME :: Associate's degree | $100,000 or more",RQ4_F1Ac_W42,4,"0.000241,0.666928,0.332743,0.000088"
mistral_instruct,EDUCATIONxINCOME,"EDUCATIONxINCOME :: Associate's degree | $30,000-$50,000",RQ4_F1Ac_W42,4,"0.000001,0.997063,0.002935,0.000001"
mistral_instruct,EDUCATIONxINCOME,"EDUCATIONxINCOME :: Associate's degree | $50,000-$75,000",RQ4_F1Ac_W42,4,"0.000000,0.999987,0.000012,0.000000"
mistral_instruct,EDUCATIONxINCOME,"EDUCATIONxINCOME :: Associate's degree | $75,000-$100,000",RQ4_F1Ac_W42,4,"0.000001,0.999896,0.000102,0.000000"
mistral_instruct,EDUCATIONxINCOME,"EDUCATIONxINCOME :: Associate's degree | Less than $30,000",RQ4_F1Ac_W42,4,"0.000000,0.000004,0.999996,0.000000"
mistral_instruct,EDUCATIONxINCOME,"EDUCATIONxINCOME :: College graduate/some postgrad | $100,000 or more",RQ4_F1Ac_W42,4,"0.000000,0.999998,0.000001,0.000000"
mistral_instruct,EDUCATIONxINCOME,"EDUCATIONxINCOME :: College graduate/some postgrad | $30,000-$50,000",RQ4_F1Ac_W42,4,"0.000000,0.999999,0.000001,0.000000"
mistral_instruct,EDUCATIONxINCOME,"EDUCATIONxINCOME :: College graduate/some postgrad | $50,000-$75,000",RQ4_F1Ac_W42,4,"0.000000,1.000000,0.000000,0.000000"
mistral_instruct,EDUCATIONxINCOME,"EDUCATIONxINCOME :: College graduate/some postgrad | $75,000-$100,000",RQ4_F1Ac_W42,4,"0.000000,1.000000,0.000000,0.000000"
mistral_instruct,EDUCATIONxINCOME,"EDUCATIONxINCOME :: College graduate/some postgrad | Less than $30,000",RQ4_F1Ac_W42,4,"0.000003,0.976124,0.023871,0.000002"
mistral_instruct,EDUCATIONxINCOME,"EDUCATIONxINCOME :: High school graduate | $100,000 or more",RQ4_F1Ac_W42,4,"0.000090,0.000779,0.999072,0.000059"
mistral_instruct,EDUCATIONxINCOME,"EDUCATIONxINCOME :: High school graduate | $30,000-$50,000",RQ4_F1Ac_W42,4,"0.000003,0.930454,0.069541,0.000002"
mistral_instruct,EDUCATIONxINCOME,"EDUCATIONxINCOME :: High school graduate | $50,000-$75,000",RQ4_F1Ac_W42,4,"0.000001,0.999537,0.000462,0.000000"
mistral_instruct,EDUCATIONxINCOME,"EDUCATIONxINCOME :: High school graduate | $75,000-$100,000",RQ4_F1Ac_W42,4,"0.000019,0.979167,0.020804,0.000010"
mistral_instruct,EDUCATIONxINCOME,"EDUCATIONxINCOME :: High school graduate | Less than $30,000",RQ4_F1Ac_W42,4,"0.000000,0.000000,1.000000,0.000000"
mistral_instruct,EDUCATIONxINCOME,EDUCATIONxINCOME :: High school graduate | Refused,RQ4_F1Ac_W42,4,"0.000142,0.000002,0.972275,0.027581"
mistral_instruct,EDUCATIONxINCOME,"EDUCATIONxINCOME :: Less than high school | $30,000-$50,000",RQ4_F1Ac_W42,4,"0.000000,0.000002,0.999998,0.000000"
mistral_instruct,EDUCATIONxINCOME,"EDUCATIONxINCOME :: Less than high school | Less than $30,000",RQ4_F1Ac_W42,4,"0.000000,0.000000,1.000000,0.000000"
mistral_instruct,EDUCATIONxINCOME,"EDUCATIONxINCOME :: Postgraduate | $100,000 or more",RQ4_F1Ac_W42,4,"0.000001,0.999978,0.000021,0.000000"
mistral_instruct,EDUCATIONxINCOME,"EDUCATIONxINCOME :: Postgraduate | $30,000-$50,000",RQ4_F1Ac_W42,4,"0.000000,0.999991,0.000008,0.000000"
mistral_instruct,EDUCATIONxINCOME,"EDUCATIONxINCOME :: Postgraduate | $50,000-$75,000",RQ4_F1Ac_W42,4,"0.000000,0.999999,0.000001,0.000000"
mistral_instruct,EDUCATIONxINCOME,"EDUCATIONxINCOME :: Postgraduate | $75,000-$100,000",RQ4_F1Ac_W42,4,"0.000000,0.999999,0.000001,0.000000"
mistral_instruct,EDUCATIONxINCOME,"EDUCATIONxINCOME :: Postgraduate | Less than $30,000",RQ4_F1Ac_W42,4,"0.000000,0.001255,0.998745,0.000000"
mistral_instruct,EDUCATIONxINCOME,"EDUCATIONxINCOME :: Some college, no degree | $100,000 or more",RQ4_F1Ac_W42,4,"0.000002,0.999912,0.000085,0.000001"
mistral_instruct,EDUCATIONxINCOME,"EDUCATIONxINCOME :: Some college, no degree | $30,000-$50,000",RQ4_F1Ac_W42,4,"0.000000,0.999999,0.000001,0.000000"
mistral_instruct,EDUCATIONxINCOME,"EDUCATIONxINCOME :: Some college, no degree | $50,000-$75,000",RQ4_F1Ac_W42,4,"0.000000,1.000000,0.000000,0.000000"
mistral_instruct,EDUCATIONxINCOME,"EDUCATIONxINCOME :: Some college, no degree | $75,000-$100,000",RQ4_F1Ac_W42,4,"0.000000,1.000000,0.000000,0.000000"
mistral_instruct,EDUCATIONxINCOME,"EDUCATIONxINCOME :: Some college, no degree | Less than $30,000",RQ4_F1Ac_W42,4,"0.000003,0.760647,0.239348,0.000002"
mistral_instruct,EDUCATIONxINCOME,"EDUCATIONxINCOME :: Some college, no degree | Refused",RQ4_F1Ac_W42,4,"0.000783,0.000017,0.906586,0.092614"
mistral_instruct,EDUCATIONxINCOME,"EDUCATIONxINCOME :: Associate's degree | $100,000 or more",SMLIKESf_W45,3,"1.000000,0.000000,0.000000"
mistral_instruct,EDUCATIONxINCOME,"EDUCATIONxINCOME :: Associate's degree | $30,000-$50,000",SMLIKESf_W45,3,"1.000000,0.000000,0.000000"
mistral_instruct,EDUCATIONxINCOME,"EDUCATIONxINCOME :: Associate's degree | $50,000-$75,000",SMLIKESf_W45,3,"1.000000,0.000000,0.000000"
mistral_instruct,EDUCATIONxINCOME,"EDUCATIONxINCOME :: Associate's degree | $75,000-$100,000",SMLIKESf_W45,3,"1.000000,0.000000,0.000000"
mistral_instruct,EDUCATIONxINCOME,"EDUCATIONxINCOME :: Associate's degree | Less than $30,000",SMLIKESf_W45,3,"1.000000,0.000000,0.000000"
mistral_instruct,EDUCATIONxINCOME,"EDUCATIONxINCOME :: College graduate/some postgrad | $100,000 or more",SMLIKESf_W45,3,"1.000000,0.000000,0.000000"
mistral_instruct,EDUCATIONxINCOME,"EDUCATIONxINCOME :: College graduate/some postgrad | $30,000-$50,000",SMLIKESf_W45,3,"1.000000,0.000000,0.000000"
mistral_instruct,EDUCATIONxINCOME,"EDUCATIONxINCOME :: College graduate/some postgrad | $50,000-$75,000",SMLIKESf_W45,3,"1.000000,0.000000,0.000000"
mistral_instruct,EDUCATIONxINCOME,"EDUCATIONxINCOME :: College graduate/some postgrad | $75,000-$100,000",SMLIKESf_W45,3,"1.000000,0.000000,0.000000"
mistral_instruct,EDUCATIONxINCOME,"EDUCATIONxINCOME :: College graduate/some postgrad | Less than $30,000",SMLIKESf_W45,3,"1.000000,0.000000,0.000000"
mistral_instruct,EDUCATIONxINCOME,EDUCATIONxINCOME :: College graduate/some postgrad | Refused,SMLIKESf_W45,3,"1.000000,0.000000,0.000000"
mistral_instruct,EDUCATIONxINCOME,"EDUCATIONxINCOME :: High school graduate | $100,000 or more",SMLIKESf_W45,3,"1.000000,0.000000,0.000000"
mistral_instruct,EDUCATIONxINCOME,"EDUCATIONxINCOME :: High school graduate | $30,000-$50,000",SMLIKESf_W45,3,"1.000000,0.000000,0.000000"
mistral_instruct,EDUCATIONxINCOME,"EDUCATIONxINCOME :: High school graduate | $50,000-$75,000",SMLIKESf_W45,3,"1.000000,0.000000,0.000000"
mistral_instruct,EDUCATIONxINCOME,"EDUCATIONxINCOME :: High school graduate | $75,000-$100,000",SMLIKESf_W45,3,"1.000000,0.000000,0.000000"
mistral_instruct,EDUCATIONxINCOME,"EDUCATIONxINCOME :: High school graduate | Less than $30,000",SMLIKESf_W45,3,"1.000000,0.000000,0.000000"
mistral_instruct,EDUCATIONxINCOME,EDUCATIONxINCOME :: High school graduate | Refused,SMLIKESf_W45,3,"1.000000,0.000000,0.000000"
mistral_instruct,EDUCATIONxINCOME,"EDUCATIONxINCOME :: Less than high school | $30,000-$50,000",SMLIKESf_W45,3,"1.000000,0.000000,0.000000"
mistral_instruct,EDUCATIONxINCOME,"EDUCATIONxINCOME :: Less than high school | Less than $30,000",SMLIKESf_W45,3,"1.000000,0.000000,0.000000"
mistral_instruct,EDUCATIONxINCOME,"EDUCATIONxINCOME :: Postgraduate | $100,000 or more",SMLIKESf_W45,3,"1.000000,0.000000,0.000000"
mistral_instruct,EDUCATIONxINCOME,"EDUCATIONxINCOME :: Postgraduate | $30,000-$50,000",SMLIKESf_W45,3,"1.000000,0.000000,0.000000"
mistral_instruct,EDUCATIONxINCOME,"EDUCATIONxINCOME :: Postgraduate | $50,000-$75,000",SMLIKESf_W45,3,"1.000000,0.000000,0.000000"
mistral_instruct,EDUCATIONxINCOME,"EDUCATIONxINCOME :: Postgraduate | $75,000-$100,000",SMLIKESf_W45,3,"1.000000,0.000000,0.000000"
mistral_instruct,EDUCATIONxINCOME,"EDUCATIONxINCOME :: Postgraduate | Less than $30,000",SMLIKESf_W45,3,"1.000000,0.000000,0.000000"
mistral_instruct,EDUCATIONxINCOME,EDUCATIONxINCOME :: Postgraduate | Refused,SMLIKESf_W45,3,"1.000000,0.000000,0.000000"
mistral_instruct,EDUCATIONxINCOME,"EDUCATIONxINCOME :: Some college, no degree | $100,000 or more",SMLIKESf_W45,3,"1.000000,0.000000,0.000000"
mistral_instruct,EDUCATIONxINCOME,"EDUCATIONxINCOME :: Some college, no degree | $30,000-$50,000",SMLIKESf_W45,3,"1.000000,0.000000,0.000000"
mistral_instruct,EDUCATIONxINCOME,"EDUCATIONxINCOME :: Some college, no degree | $50,000-$75,000",SMLIKESf_W45,3,"1.000000,0.000000,0.000000"
mistral_instruct,EDUCATIONxINCOME,"EDUCATIONxINCOME :: Some college, no degree | $75,000-$100,000",SMLIKESf_W45,3,"1.000000,0.000000,0.000000"
mistral_instruct,EDUCATIONxINCOME,"EDUCATIONxINCOME :: Some college, no degree | Less than $30,000",SMLIKESf_W45,3,"1.000000,0.000000,0.000000"
mistral_instruct,EDUCATIONxINCOME,"EDUCATIONxINCOME :: Some college, no degree | Refused",SMLIKESf_W45,3,"1.000000,0.000000,0.000000"
mistral_instruct,EDUCATIONxINCOME,"EDUCATIONxINCOME :: Associate's degree | $100,000 or more",TRACKCO1a_W49,5,"0.000000,0.000000,1.000000,0.000000,0.000000"
mistral_instruct,EDUCATIONxINCOME,"EDUCATIONxINCOME :: Associate's degree | $30,000-$50,000",TRACKCO1a_W49,5,"0.000000,0.000000,1.000000,0.000000,0.000000"
mistral_instruct,EDUCATIONxINCOME,"EDUCATIONxINCOME :: Associate's degree | $50,000-$75,000",TRACKCO1a_W49,5,"0.000000,0.000000,1.000000,0.000000,0.000000"
mistral_instruct,EDUCATIONxINCOME,"EDUCATIONxINCOME :: Associate's degree | $75,000-$100,000",TRACKCO1a_W49,5,"0.000000,0.000000,1.000000,0.000000,0.000000"
mistral_instruct,EDUCATIONxINCOME,"EDUCATIONxINCOME :: Associate's degree | Less than $30,000",TRACKCO1a_W49,5,"0.000000,0.000000,1.000000,0.000000,0.000000"
mistral_instruct,EDUCATIONxINCOME,"EDUCATIONxINCOME :: College graduate/some postgrad | $100,000 or more",TRACKCO1a_W49,5,"0.000000,0.000000,1.000000,0.000000,0.000000"
mistral_instruct,EDUCATIONxINCOME,"EDUCATIONxINCOME :: College graduate/some postgrad | $30,000-$50,000",TRACKCO1a_W49,5,"0.000000,0.000000,1.000000,0.000000,0.000000"
mistral_instruct,EDUCATIONxINCOME,"EDUCATIONxINCOME :: College graduate/some postgrad | $50,000-$75,000",TRACKCO1a_W49,5,"0.000000,0.000000,1.000000,0.000000,0.000000"
mistral_instruct,EDUCATIONxINCOME,"EDUCATIONxINCOME :: College graduate/some postgrad | $75,000-$100,000",TRACKCO1a_W49,5,"0.000000,0.000000,1.000000,0.000000,0.000000"
mistral_instruct,EDUCATIONxINCOME,"EDUCATIONxINCOME :: College graduate/some postgrad | Less than $30,000",TRACKCO1a_W49,5,"0.000000,0.000000,1.000000,0.000000,0.000000"
mistral_instruct,EDUCATIONxINCOME,"EDUCATIONxINCOME :: High school graduate | $100,000 or more",TRACKCO1a_W49,5,"0.000000,0.000000,1.000000,0.000000,0.000000"
mistral_instruct,EDUCATIONxINCOME,"EDUCATIONxINCOME :: High school graduate | $30,000-$50,000",TRACKCO1a_W49,5,"0.000000,0.000000,1.000000,0.000000,0.000000"
mistral_instruct,EDUCATIONxINCOME,"EDUCATIONxINCOME :: High school graduate | $50,000-$75,000",TRACKCO1a_W49,5,"0.000000,0.000000,1.000000,0.000000,0.000000"
mistral_instruct,EDUCATIONxINCOME,"EDUCATIONxINCOME :: High school graduate | $75,000-$100,000",TRACKCO1a_W49,5,"0.000000,0.000000,1.000000,0.000000,0.000000"
mistral_instruct,EDUCATIONxINCOME,"EDUCATIONxINCOME :: High school graduate | Less than $30,000",TRACKCO1a_W49,5,"0.000000,0.000000,1.000000,0.000000,0.000000"
mistral_instruct,EDUCATIONxINCOME,EDUCATIONxINCOME :: High school graduate | Refused,TRACKCO1a_W49,5,"0.000001,0.000000,0.000025,0.999940,0.000034"
mistral_instruct,EDUCATIONxINCOME,"EDUCATIONxINCOME :: Less than high school | $30,000-$50,000",TRACKCO1a_W49,5,"0.000000,0.000000,1.000000,0.000000,0.000000"
mistral_instruct,EDUCATIONxINCOME,"EDUCATIONxINCOME :: Less than high school | Less than $30,000",TRACKCO1a_W49,5,"0.000000,0.000000,0.287768,0.712232,0.000000"
mistral_instruct,EDUCATIONxINCOME,"EDUCATIONxINCOME :: Postgraduate | $100,000 or more",TRACKCO1a_W49,5,"0.000267,0.000000,0.999733,0.000000,0.000000"
mistral_instruct,EDUCATIONxINCOME,"EDUCATIONxINCOME :: Postgraduate | $30,000-$50,000",TRACKCO1a_W49,5,"0.000000,0.000000,1.000000,0.000000,0.000000"
mistral_instruct,EDUCATIONxINCOME,"EDUCATIONxINCOME :: Postgraduate | $50,000-$75,000",TRACKCO1a_W49,5,"0.000000,0.000000,1.000000,0.000000,0.000000"
mistral_instruct,EDUCATIONxINCOME,"EDUCATIONxINCOME :: Postgraduate | $75,000-$100,000",TRACKCO1a_W49,5,"0.000000,0.000000,1.000000,0.000000,0.000000"
mistral_instruct,EDUCATIONxINCOME,"EDUCATIONxINCOME :: Postgraduate | Less than $30,000",TRACKCO1a_W49,5,"0.000000,0.000000,1.000000,0.000000,0.000000"
mistral_instruct,EDUCATIONxINCOME,"EDUCATIONxINCOME :: Some college, no degree | $100,000 or more",TRACKCO1a_W49,5,"0.000000,0.000000,1.000000,0.000000,0.000000"
mistral_instruct,EDUCATIONxINCOME,"EDUCATIONxINCOME :: Some college, no degree | $30,000-$50,000",TRACKCO1a_W49,5,"0.000000,0.000000,1.000000,0.000000,0.000000"
mistral_instruct,EDUCATIONxINCOME,"EDUCATIONxINCOME :: Some college, no degree | $50,000-$75,000",TRACKCO1a_W49,5,"0.000000,0.000000,1.000000,0.000000,0.000000"
mistral_instruct,EDUCATIONxINCOME,"EDUCATIONxINCOME :: Some college, no degree | $75,000-$100,000",TRACKCO1a_W49,5,"0.000000,0.000000,1.000000,0.000000,0.000000"
mistral_instruct,EDUCATIONxINCOME,"EDUCATIONxINCOME :: Some college, no degree | Less than $30,000",TRACKCO1a_W49,5,"0.000000,0.000000,1.000000,0.000000,0.000000"
mistral_instruct,EDUCATIONxINCOME,"EDUCATIONxINCOME :: Some college, no degree | Refused",TRACKCO1a_W49,5,"0.000087,0.000001,0.011098,0.960696,0.028118"
mistral_instruct,RACExPOLIDEOLOGY,RACExPOLIDEOLOGY :: Asian | Conservative,ALLIES_W92,2,"0.000000,1.000000"
mistral_instruct,RACExPOLIDEOLOGY,RACExPOLIDEOLOGY :: Asian | Liberal,ALLIES_W92,2,"1.000000,0.000000"
mistral_instruct,RACExPOLIDEOLOGY,RACExPOLIDEOLOGY :: Asian | Moderate,ALLIES_W92,2,"1.000000,0.000000"
mistral_instruct,RACExPOLIDEOLOGY,RACExPOLIDEOLOGY :: Black | Conservative,ALLIES_W92,2,"0.000000,1.000000"
mistral_instruct,RACExPOLIDEOLOGY,RACExPOLIDEOLOGY :: Black | Liberal,ALLIES_W92,2,"1.000000,0.000000"
mistral_instruct,RACExPOLIDEOLOGY,RACExPOLIDEOLOGY :: Black | Moderate,ALLIES_W92,2,"1.000000,0.000000"
mistral_instruct,RACExPOLIDEOLOGY,RACExPOLIDEOLOGY :: Black | Very conservative,ALLIES_W92,2,"0.000000,1.000000"
mistral_instruct,RACExPOLIDEOLOGY,RACExPOLIDEOLOGY :: Black | Very liberal,ALLIES_W92,2,"0.000007,0.999993"
mistral_instruct,RACExPOLIDEOLOGY,RACExPOLIDEOLOGY :: Hispanic | Conservative,ALLIES_W92,2,"0.000000,1.000000"
mistral_instruct,RACExPOLIDEOLOGY,RACExPOLIDEOLOGY :: Hispanic | Liberal,ALLIES_W92,2,"1.000000,0.000000"
mistral_instruct,RACExPOLIDEOLOGY,RACExPOLIDEOLOGY :: Hispanic | Moderate,ALLIES_W92,2,"1.000000,0.000000"
mistral_instruct,RACExPOLIDEOLOGY,RACExPOLIDEOLOGY :: Hispanic | Very conservative,ALLIES_W92,2,"0.000000,1.000000"
mistral_instruct,RACExPOLIDEOLOGY,RACExPOLIDEOLOGY :: Hispanic | Very liberal,ALLIES_W92,2,"0.359364,0.640636"
mistral_instruct,RACExPOLIDEOLOGY,RACExPOLIDEOLOGY :: Mixed Race | Conservative,ALLIES_W92,2,"0.000003,0.999997"
mistral_instruct,RACExPOLIDEOLOGY,RACExPOLIDEOLOGY :: Mixed Race | Liberal,ALLIES_W92,2,"1.000000,0.000000"
mistral_instruct,RACExPOLIDEOLOGY,RACExPOLIDEOLOGY :: Mixed Race | Moderate,ALLIES_W92,2,"1.000000,0.000000"
mistral_instruct,RACExPOLIDEOLOGY,RACExPOLIDEOLOGY :: Refused | Conservative,ALLIES_W92,2,"0.000000,1.000000"
mistral_instruct,RACExPOLIDEOLOGY,RACExPOLIDEOLOGY :: Refused | Moderate,ALLIES_W92,2,"1.000000,0.000000"
mistral_instruct,RACExPOLIDEOLOGY,RACExPOLIDEOLOGY :: White | Conservative,ALLIES_W92,2,"0.000000,1.000000"
mistral_instruct,RACExPOLIDEOLOGY,RACExPOLIDEOLOGY :: White | Liberal,ALLIES_W92,2,"1.000000,0.000000"
mistral_instruct,RACExPOLIDEOLOGY,RACExPOLIDEOLOGY :: White | Moderate,ALLIES_W92,2,"1.000000,0.000000"
mistral_instruct,RACExPOLIDEOLOGY,RACExPOLIDEOLOGY :: White | Refused,ALLIES_W92,2,"0.000000,1.000000"
mistral_instruct,RACExPOLIDEOLOGY,RACExPOLIDEOLOGY :: White | Very conservative,ALLIES_W92,2,"0.000000,1.000000"
mistral_instruct,RACExPOLIDEOLOGY,RACExPOLIDEOLOGY :: White | Very liberal,ALLIES_W92,2,"0.054601,0.945399"
mistral_instruct,RACExPOLIDEOLOGY,RACExPOLIDEOLOGY :: Asian | Liberal,DNA3c_W50,2,"1.000000,0.000000"
mistral_instruct,RACExPOLIDEOLOGY,RACExPOLIDEOLOGY :: Asian | Moderate,DNA3c_W50,2,"1.000000,0.000000"
mistral_instruct,RACExPOLIDEOLOGY,RACExPOLIDEOLOGY :: Black | Liberal,DNA3c_W50,2,"1.000000,0.000000"
mistral_instruct,RACExPOLIDEOLOGY,RACExPOLIDEOLOGY :: Black | Moderate,DNA3c_W50,2,"1.000000,0.000000"
mistral_instruct,RACExPOLIDEOLOGY,RACExPOLIDEOLOGY :: Black | Very liberal,DNA3c_W50,2,"1.000000,0.000000"
mistral_instruct,RACExPOLIDEOLOGY,RACExPOLIDEOLOGY :: Hispanic | Conservative,DNA3c_W50,2,"1.000000,0.000000"
mistral_instruct,RACExPOLIDEOLOGY,RACExPOLIDEOLOGY :: Hispanic | Liberal,DNA3c_W50,2,"1.000000,0.000000"
mistral_instruct,RACExPOLIDEOLOGY,RACExPOLIDEOLOGY :: Hispanic | Moderate,DNA3c_W50,2,"1.000000,0.000000"
mistral_instruct,RACExPOLIDEOLOGY,RACExPOLIDEOLOGY :: Hispanic | Very liberal,DNA3c_W50,2,"1.000000,0.000000"
mistral_instruct,RACExPOLIDEOLOGY,RACExPOLIDEOLOGY :: Mixed Race | Liberal,DNA3c_W50,2,"1.000000,0.000000"
mistral_instruct,RACExPOLIDEOLOGY,RACExPOLIDEOLOGY :: Mixed Race | Moderate,DNA3c_W50,2,"1.000000,0.000000"
mistral_instruct,RACExPOLIDEOLOGY,RACExPOLIDEOLOGY :: Refused | Moderate,DNA3c_W50,2,"0.999996,0.000004"
mistral_instruct,RACExPOLIDEOLOGY,RACExPOLIDEOLOGY :: White | Conservative,DNA3c_W50,2,"1.000000,0.000000"
mistral_instruct,RACExPOLIDEOLOGY,RACExPOLIDEOLOGY :: White | Liberal,DNA3c_W50,2,"1.000000,0.000000"
mistral_instruct,RACExPOLIDEOLOGY,RACExPOLIDEOLOGY :: White | Moderate,DNA3c_W50,2,"0.999993,0.000007"
mistral_instruct,RACExPOLIDEOLOGY,RACExPOLIDEOLOGY :: White | Refused,DNA3c_W50,2,"0.997488,0.002511"
mistral_instruct,RACExPOLIDEOLOGY,RACExPOLIDEOLOGY :: White | Very conservative,DNA3c_W50,2,"1.000000,0.000000"
mistral_instruct,RACExPOLIDEOLOGY,RACExPOLIDEOLOGY :: White | Very liberal,DNA3c_W50,2,"1.000000,0.000000"
mistral_instruct,RACExPOLIDEOLOGY,RACExPOLIDEOLOGY :: Asian | Liberal,ECIMPe_W54,3,"0.000020,0.999522,0.000458"
mistral_instruct,RACExPOLIDEOLOGY,RACExPOLIDEOLOGY :: Asian | Moderate,ECIMPe_W54,3,"0.000000,0.000000,1.000000"
mistral_instruct,RACExPOLIDEOLOGY,RACExPOLIDEOLOGY :: Black | Conservative,ECIMPe_W54,3,"0.000000,0.000011,0.999989"
mistral_instruct,RACExPOLIDEOLOGY,RACExPOLIDEOLOGY :: Black | Liberal,ECIMPe_W54,3,"0.000005,0.999991,0.000004"
mistral_instruct,RACExPOLIDEOLOGY,RACExPOLIDEOLOGY :: Black | Moderate,ECIMPe_W54,3,"0.000000,0.000000,1.000000"
mistral_instruct,RACExPOLIDEOLOGY,RACExPOLIDEOLOGY :: Black | Very conservative,ECIMPe_W54,3,"0.003190,0.934221,0.062589"
mistral_instruct,RACExPOLIDEOLOGY,RACExPOLIDEOLOGY :: Black | Very liberal,ECIMPe_W54,3,"0.000033,0.999966,0.000000"
mistral_instruct,RACExPOLIDEOLOGY,RACExPOLIDEOLOGY :: Hispanic | Conservative,ECIMPe_W54,3,"0.000000,0.000007,0.999993"
mistral_instruct,RACExPOLIDEOLOGY,RACExPOLIDEOLOGY :: Hispanic | Liberal,ECIMPe_W54,3,"0.000006,0.999992,0.000003"
mistral_instruct,RACExPOLIDEOLOGY,RACExPOLIDEOLOGY :: Hispanic | Moderate,ECIMPe_W54,3,"0.000000,0.000000,1.000000"
mistral_instruct,RACExPOLIDEOLOGY,RACExPOLIDEOLOGY :: Mixed Race | Liberal,ECIMPe_W54,3,"0.000020,0.999218,0.000761"
mistral_instruct,RACExPOLIDEOLOGY,RACExPOLIDEOLOGY :: Mixed Race | Moderate,ECIMPe_W54,3,"0.000000,0.000000,1.000000"
mistral_instruct,RACExPOLIDEOLOGY,RACExPOLIDEOLOGY :: Refused | Moderate,ECIMPe_W54,3,"0.000000,0.000000,1.000000"
mistral_instruct,RACExPOLIDEOLOGY,RACExPOLIDEOLOGY :: White | Conservative,ECIMPe_W54,3,"0.000000,0.000000,1.000000"
mistral_instruct,RACExPOLIDEOLOGY,RACExPOLIDEOLOGY :: White | Liberal,ECIMPe_W54,3,"0.000007,0.999989,0.000004"
mistral_instruct,RACExPOLIDEOLOGY,RACExPOLIDEOLOGY :: White | Moderate,ECIMPe_W54,3,"0.000000,0.000000,1.000000"
mistral_instruct,RACExPOLIDEOLOGY,RACExPOLIDEOLOGY :: White | Refused,ECIMPe_W54,3,"0.015617,0.981402,0.002981"
mistral_instruct,RACExPOLIDEOLOGY,RACExPOLIDEOLOGY :: White | Very conservative,ECIMPe_W54,3,"0.969304,0.024266,0.006430"
mistral_instruct,RACExPOLIDEOLOGY,RACExPOLIDEOLOGY :: White | Very liberal,ECIMPe_W54,3,"0.000253,0.999746,0.000001"
mistral_instruct,RACExPOLIDEOLOGY,RACExPOLIDEOLOGY :: Asian | Liberal,ECON3_c_W54,4,"0.181929,0.248667,0.569204,0.000200"
mistral_instruct,RACExPOLIDEOLOGY,RACExPOLIDEOLOGY :: Asian | Moderate,ECON3_c_W54,4,"0.000000,0.995094,0.004905,0.000000"
mistral_instruct,RACExPOLIDEOLOGY,RACExPOLIDEOLOGY :: Black | Conservative,ECON3_c_W54,4,"0.007756,0.000000,0.992244,0.000001"
mistral_instruct,RACExPOLIDEOLOGY,RACExPOLIDEOLOGY :: Black | Liberal,ECON3_c_W54,4,"1.000000,0.000000,0.000000,0.000000"
mistral_instruct,RACExPOLIDEOLOGY,RACExPOLIDEOLOGY :: Black | Moderate,ECON3_c_W54,4,"0.000000,0.997388,0.002611,0.000000"
mistral_instruct,RACExPOLIDEOLOGY,RACExPOLIDEOLOGY :: Black | Very conservative,ECON3_c_W54,4,"0.997327,0.000000,0.002673,0.000000"
mistral_instruct,RACExPOLIDEOLOGY,RACExPOLIDEOLOGY :: Black | Very liberal,ECON3_c_W54,4,"1.000000,0.000000,0.000000,0.000000"
mistral_instruct,RACExPOLIDEOLOGY,RACExPOLIDEOLOGY :: Hispanic | Conservative,ECON3_c_W54,4,"0.003795,0.000000,0.996205,0.000000"
mistral_instruct,RACExPOLIDEOLOGY,RACExPOLIDEOLOGY :: Hispanic | Liberal,ECON3_c_W54,4,"1.000000,0.000000,0.000000,0.000000"
mistral_instruct,RACExPOLIDEOLOGY,RACExPOLIDEOLOGY :: Hispanic | Moderate,ECON3_c_W54,4,"0.000000,0.995566,0.004434,0.000000"
mistral_instruct,RACExPOLIDEOLOGY,RACExPOLIDEOLOGY :: Mixed Race | Liberal,ECON3_c_W54,4,"0.999992,0.000008,0.000000,0.000000"
mistral_instruct,RACExPOLIDEOLOGY,RACExPOLIDEOLOGY :: Mixed Race | Moderate,ECON3_c_W54,4,"0.000000,0.999941,0.000059,0.000000"
mistral_instruct,RACExPOLIDEOLOGY,RACExPOLIDEOLOGY :: Refused | Moderate,ECON3_c_W54,4,"0.000000,0.000000,1.000000,0.000000"
mistral_instruct,RACExPOLIDEOLOGY,RACExPOLIDEOLOGY :: White | Conservative,ECON3_c_W54,4,"0.000000,0.000000,1.000000,0.000000"
mistral_instruct,RACExPOLIDEOLOGY,RACExPOLIDEOLOGY :: White | Liberal,ECON3_c_W54,4,"0.854492,0.142800,0.002677,0.000030"
mistral_instruct,RACExPOLIDEOLOGY,RACExPOLIDEOLOGY :: White | Moderate,ECON3_c_W54,4,"0.000000,0.000048,0.999952,0.000000"
mistral_instruct,RACExPOLIDEOLOGY,RACExPOLIDEOLOGY :: White | Refused,ECON3_c_W54,4,"0.000000,0.000000,0.000001,0.999999"
mistral_instruct,RACExPOLIDEOLOGY,RACExPOLIDEOLOGY :: White | Very conservative,ECON3_c_W54,4,"0.999939,0.000000,0.000061,0.000000"
mistral_instruct,RACExPOLIDEOLOGY,RACExPOLIDEOLOGY :: White | Very liberal,ECON3_c_W54,4,"1.000000,0.000000,0.000000,0.000000"
mistral_instruct,RACExPOLIDEOLOGY,RACExPOLIDEOLOGY :: Asian | Liberal,ECON5_d_W54,5,"0.000000,0.000000,0.999788,0.000212,0.000000"
mistral_instruct,RACExPOLIDEOLOGY,RACExPOLIDEOLOGY :: Asian | Moderate,ECON5_d_W54,5,"0.000000,0.000000,1.000000,0.000000,0.000000"
mistral_instruct,RACExPOLIDEOLOGY,RACExPOLIDEOLOGY :: Black | Conservative,ECON5_d_W54,5,"0.000000,0.000000,0.702530,0.297470,0.000000"
mistral_instruct,RACExPOLIDEOLOGY,RACExPOLIDEOLOGY :: Black | Liberal,ECON5_d_W54,5,"0.000000,0.000000,0.000000,1.000000,0.000000"
mistral_instruct,RACExPOLIDEOLOGY,RACExPOLIDEOLOGY :: Black | Moderate,ECON5_d_W54,5,"0.000000,0.000000,1.000000,0.000000,0.000000"
mistral_instruct,RACExPOLIDEOLOGY,RACExPOLIDEOLOGY :: Black | Very conservative,ECON5_d_W54,5,"0.000000,0.000000,0.000000,1.000000,0.000000"
mistral_instruct,RACExPOLIDEOLOGY,RACExPOLIDEOLOGY :: Black | Very liberal,ECON5_d_W54,5,"0.000000,0.000000,0.000000,1.000000,0.000000"
mistral_instruct,RACExPOLIDEOLOGY,RACExPOLIDEOLOGY :: Hispanic | Conservative,ECON5_d_W54,5,"0.000000,0.000000,0.999477,0.000523,0.000000"
mistral_instruct,RACExPOLIDEOLOGY,RACExPOLIDEOLOGY :: Hispanic | Liberal,ECON5_d_W54,5,"0.000000,0.000000,0.000000,1.000000,0.000000"
mistral_instruct,RACExPOLIDEOLOGY,RACExPOLIDEOLOGY :: Hispanic | Moderate,ECON5_d_W54,5,"0.000000,0.000000,1.000000,0.000000,0.000000"
mistral_instruct,RACExPOLIDEOLOGY,RACExPOLIDEOLOGY :: Mixed Race | Liberal,ECON5_d_W54,5,"0.000000,0.000000,0.000152,0.999848,0.000000"
mistral_instruct,RACExPOLIDEOLOGY,RACExPOLIDEOLOGY :: Mixed Race | Moderate,ECON5_d_W54,5,"0.000000,0.000000,1.000000,0.000000,0.000000"
mistral_instruct,RACExPOLIDEOLOGY,RACExPOLIDEOLOGY :: Refused | Moderate,ECON5_d_W54,5,"0.000074,0.000000,0.348802,0.019525,0.631599"
mistral_instruct,RACExPOLIDEOLOGY,RACExPOLIDEOLOGY :: White | Conservative,ECON5_d_W54,5,"0.000000,0.000000,0.999999,0.000001,0.000000"
mistral_instruct,RACExPOLIDEOLOGY,RACExPOLIDEOLOGY :: White | Liberal,ECON5_d_W54,5,"0.000000,0.000000,0.000001,0.999999,0.000000"
mistral_instruct,RACExPOLIDEOLOGY,RACExPOLIDEOLOGY :: White | Moderate,ECON5_d_W54,5,"0.000000,0.000000,1.000000,0.000000,0.000000"
mistral_instruct,RACExPOLIDEOLOGY,RACExPOLIDEOLOGY :: White | Refused,ECON5_d_W54,5,"0.000000,0.000000,0.000000,1.000000,0.000000"
mistral_instruct,RACExPOLIDEOLOGY,RACExPOLIDEOLOGY :: White | Very conservative,ECON5_d_W54,5,"0.000000,0.000000,0.000011,0.999989,0.000000"
mistral_instruct,RACExPOLIDEOLOGY,RACExPOLIDEOLOGY :: White | Very liberal,ECON5_d_W54,5,"0.000000,0.000000,0.000000,1.000000,0.000000"
mistral_instruct,RACExPOLIDEOLOGY,RACExPOLIDEOLOGY :: Asian | Liberal,ECON5_h_W54,5,"0.000000,0.000000,0.999999,0.000001,0.000000"
mistral_instruct,RACExPOLIDEOLOGY,RACExPOLIDEOLOGY :: Asian | Moderate,ECON5_h_W54,5,"0.000037,0.000000,0.028006,0.000006,0.971950"
mistral_instruct,RACExPOLIDEOLOGY,RACExPOLIDEOLOGY :: Black | Conservative,ECON5_h_W54,5,"0.000000,0.000000,0.991014,0.008985,0.000000"
mistral_instruct,RACExPOLIDEOLOGY,RACExPOLIDEOLOGY :: Black | Liberal,ECON5_h_W54,5,"0.000000,0.000000,0.000000,1.000000,0.000000"
mistral_instruct,RACExPOLIDEOLOGY,RACExPOLIDEOLOGY :: Black | Moderate,ECON5_h_W54,5,"0.000000,0.000000,1.000000,0.000000,0.000000"
mistral_instruct,RACExPOLIDEOLOGY,RACExPOLIDEOLOGY :: Black | Very conservative,ECON5_h_W54,5,"0.000000,0.000000,0.000000,1.000000,0.000000"
mistral_instruct,RACExPOLIDEOLOGY,RACExPOLIDEOLOGY :: Black | Very liberal,ECON5_h_W54,5,"0.000000,0.000000,0.000000,1.000000,0.000000"
mistral_instruct,RACExPOLIDEOLOGY,RACExPOLIDEOLOGY :: Hispanic | Conservative,ECON5_h_W54,5,"0.000000,0.000000,1.000000,0.000000,0.000000"
mistral_instruct,RACExPOLIDEOLOGY,RACExPOLIDEOLOGY :: Hispanic | Liberal,ECON5_h_W54,5,"0.000000,0.000000,0.001824,0.998175,0.000000"
mistral_instruct,RACExPOLIDEOLOGY,RACExPOLIDEOLOGY :: Hispanic | Moderate,ECON5_h_W54,5,"0.000000,0.000000,1.000000,0.000000,0.000000"
mistral_instruct,RACExPOLIDEOLOGY,RACExPOLIDEOLOGY :: Mixed Race | Liberal,ECON5_h_W54,5,"0.000000,0.000000,0.000138,0.999862,0.000000"
mistral_instruct,RACExPOLIDEOLOGY,RACExPOLIDEOLOGY :: Mixed Race | Moderate,ECON5_h_W54,5,"0.000000,0.000000,1.000000,0.000000,0.000000"
mistral_instruct,RACExPOLIDEOLOGY,RACExPOLIDEOLOGY :: Refused | Moderate,ECON5_h_W54,5,"0.000001,0.000000,0.000001,0.000002,0.999997"
mistral_instruct,RACExPOLIDEOLOGY,RACExPOLIDEOLOGY :: White | Conservative,ECON5_h_W54,5,"0.000000,0.000000,1.000000,0.000000,0.000000"
mistral_instruct,RACExPOLIDEOLOGY,RACExPOLIDEOLOGY :: White | Liberal,ECON5_h_W54,5,"0.000000,0.000000,0.000444,0.999556,0.000000"
mistral_instruct,RACExPOLIDEOLOGY,RACExPOLIDEOLOGY :: White | Moderate,ECON5_h_W54,5,"0.000000,0.000000,1.000000,0.000000,0.000000"
mistral_instruct,RACExPOLIDEOLOGY,RACExPOLIDEOLOGY :: White | Refused,ECON5_h_W54,5,"0.000000,0.000000,0.000003,0.000006,0.999991"
mistral_instruct,RACExPOLIDEOLOGY,RACExPOLIDEOLOGY :: White | Very conservative,ECON5_h_W54,5,"0.000000,0.000000,0.974435,0.025565,0.000000"
mistral_instruct,RACExPOLIDEOLOGY,RACExPOLIDEOLOGY :: White | Very liberal,ECON5_h_W54,5,"0.000000,0.000000,0.000000,1.000000,0.000000"
mistral_instruct,RACExPOLIDEOLOGY,RACExPOLIDEOLOGY :: Asian | Liberal,ECON5_j_W54,5,"0.000000,0.000000,1.000000,0.000000,0.000000"
mistral_instruct,RACExPOLIDEOLOGY,RACExPOLIDEOLOGY :: Asian | Moderate,ECON5_j_W54,5,"0.000000,0.000000,1.000000,0.000000,0.000000"
mistral_instruct,RACExPOLIDEOLOGY,RACExPOLIDEOLOGY :: Black | Conservative,ECON5_j_W54,5,"0.000000,0.000000,0.999995,0.000005,0.000000"
mistral_instruct,RACExPOLIDEOLOGY,RACExPOLIDEOLOGY :: Black | Liberal,ECON5_j_W54,5,"0.000000,0.000000,0.000641,0.999359,0.000000"
mistral_instruct,RACExPOLIDEOLOGY,RACExPOLIDEOLOGY :: Black | Moderate,ECON5_j_W54,5,"0.000000,0.000000,1.000000,0.000000,0.000000"
mistral_instruct,RACExPOLIDEOLOGY,RACExPOLIDEOLOGY :: Black | Very conservative,ECON5_j_W54,5,"0.000000,0.000000,0.018547,0.981453,0.000000"
mistral_instruct,RACExPOLIDEOLOGY,RACExPOLIDEOLOGY :: Black | Very liberal,ECON5_j_W54,5,"0.000000,0.000000,0.000000,1.000000,0.000000"
mistral_instruct,RACExPOLIDEOLOGY,RACExPOLIDEOLOGY :: Hispanic | Conservative,ECON5_j_W54,5,"0.000000,0.000000,0.999998,0.000002,0.000000"
mistral_instruct,RACExPOLIDEOLOGY,RACExPOLIDEOLOGY :: Hispanic | Liberal,ECON5_j_W54,5,"0.000000,0.000000,0.763483,0.236516,0.000000"
mistral_instruct,RACExPOLIDEOLOGY,RACExPOLIDEOLOGY :: Hispanic | Moderate,ECON5_j_W54,5,"0.000000,0.000000,1.000000,0.000000,0.000000"
mistral_instruct,RACExPOLIDEOLOGY,RACExPOLIDEOLOGY :: Mixed Race | Liberal,ECON5_j_W54,5,"0.000000,0.000000,0.999922,0.000078,0.000000"
mistral_instruct,RACExPOLIDEOLOGY,RACExPOLIDEOLOGY :: Mixed Race | Moderate,ECON5_j_W54,5,"0.000000,0.000000,1.000000,0.000000,0.000000"
mistral_instruct,RACExPOLIDEOLOGY,RACExPOLIDEOLOGY :: Refused | Moderate,ECON5_j_W54,5,"0.000016,0.000000,0.840744,0.000030,0.159210"
mistral_instruct,RACExPOLIDEOLOGY,RACExPOLIDEOLOGY :: White | Conservative,ECON5_j_W54,5,"0.000000,0.000000,0.999999,0.000001,0.000000"
mistral_instruct,RACExPOLIDEOLOGY,RACExPOLIDEOLOGY :: White | Liberal,ECON5_j_W54,5,"0.000000,0.000000,0.999986,0.000014,0.000000"
mistral_instruct,RACExPOLIDEOLOGY,RACExPOLIDEOLOGY :: White | Moderate,ECON5_j_W54,5,"0.000000,0.000000,1.000000,0.000000,0.000000"
mistral_instruct,RACExPOLIDEOLOGY,RACExPOLIDEOLOGY :: White | Refused,ECON5_j_W54,5,"0.000000,0.000000,0.000059,0.999941,0.000000"
mistral_instruct,RACExPOLIDEOLOGY,RACExPOLIDEOLOGY :: White | Very conservative,ECON5_j_W54,5,"0.000000,0.000000,0.908618,0.091382,0.000000"
mistral_instruct,RACExPOLIDEOLOGY,RACExPOLIDEOLOGY :: White | Very liberal,ECON5_j_W54,5,"0.000000,0.000000,0.000000,1.000000,0.000000"
mistral_instruct,RACExPOLIDEOLOGY,RACExPOLIDEOLOGY :: Asian | Liberal,ECONFAIR_W53,2,"1.000000,0.000000"
mistral_instruct,RACExPOLIDEOLOGY,RACExPOLIDEOLOGY :: Asian | Moderate,ECONFAIR_W53,2,"1.000000,0.000000"
mistral_instruct,RACExPOLIDEOLOGY,RACExPOLIDEOLOGY :: Black | Conservative,ECONFAIR_W53,2,"0.000000,1.000000"
mistral_instruct,RACExPOLIDEOLOGY,RACExPOLIDEOLOGY :: Black | Liberal,ECONFAIR_W53,2,"1.000000,0.000000"
mistral_instruct,RACExPOLIDEOLOGY,RACExPOLIDEOLOGY :: Black | Moderate,ECONFAIR_W53,2,"1.000000,0.000000"
mistral_instruct,RACExPOLIDEOLOGY,RACExPOLIDEOLOGY :: Black | Very conservative,ECONFAIR_W53,2,"0.000000,1.000000"
mistral_instruct,RACExPOLIDEOLOGY,RACExPOLIDEOLOGY :: Black | Very liberal,ECONFAIR_W53,2,"1.000000,0.000000"
mistral_instruct,RACExPOLIDEOLOGY,RACExPOLIDEOLOGY :: Hispanic | Conservative,ECONFAIR_W53,2,"0.000000,1.000000"
mistral_instruct,RACExPOLIDEOLOGY,RACExPOLIDEOLOGY :: Hispanic | Liberal,ECONFAIR_W53,2,"1.000000,0.000000"
mistral_instruct,RACExPOLIDEOLOGY,RACExPOLIDEOLOGY :: Hispanic | Moderate,ECONFAIR_W53,2,"1.000000,0.000000"
mistral_instruct,RACExPOLIDEOLOGY,RACExPOLIDEOLOGY :: Mixed Race | Liberal,ECONFAIR_W53,2,"1.000000,0.000000"
mistral_instruct,RACExPOLIDEOLOGY,RACExPOLIDEOLOGY :: Mixed Race | Moderate,ECONFAIR_W53,2,"1.000000,0.000000"
mistral_instruct,RACExPOLIDEOLOGY,RACExPOLIDEOLOGY :: Refused | Moderate,ECONFAIR_W53,2,"1.000000,0.000000"
mistral_instruct,RACExPOLIDEOLOGY,RACExPOLIDEOLOGY :: White | Conservative,ECONFAIR_W53,2,"0.000000,1.000000"
mistral_instruct,RACExPOLIDEOLOGY,RACExPOLIDEOLOGY :: White | Liberal,ECONFAIR_W53,2,"1.000000,0.000000"
mistral_instruct,RACExPOLIDEOLOGY,RACExPOLIDEOLOGY :: White | Moderate,ECONFAIR_W53,2,"1.000000,0.000000"
mistral_instruct,RACExPOLIDEOLOGY,RACExPOLIDEOLOGY :: White | Refused,ECONFAIR_W53,2,"1.000000,0.000000"
mistral_instruct,RACExPOLIDEOLOGY,RACExPOLIDEOLOGY :: White | Very conservative,ECONFAIR_W53,2,"0.000000,1.000000"
mistral_instruct,RACExPOLIDEOLOGY,RACExPOLIDEOLOGY :: White | Very liberal,ECONFAIR_W53,2,"1.000000,0.000000"
mistral_instruct,RACExPOLIDEOLOGY,RACExPOLIDEOLOGY :: Asian | Liberal,FAMSURV27b_W50,4,"0.000000,0.000000,0.999999,0.000001"
mistral_instruct,RACExPOLIDEOLOGY,RACExPOLIDEOLOGY :: Asian | Moderate,FAMSURV27b_W50,4,"0.000000,0.000000,1.000000,0.000000"
mistral_instruct,RACExPOLIDEOLOGY,RACExPOLIDEOLOGY :: Black | Conservative,FAMSURV27b_W50,4,"0.000000,0.000000,0.999980,0.000020"
mistral_instruct,RACExPOLIDEOLOGY,RACExPOLIDEOLOGY :: Black | Liberal,FAMSURV27b_W50,4,"0.000000,0.000000,0.999981,0.000019"
mistral_instruct,RACExPOLIDEOLOGY,RACExPOLIDEOLOGY :: Black | Moderate,FAMSURV27b_W50,4,"0.000000,0.000000,1.000000,0.000000"
mistral_instruct,RACExPOLIDEOLOGY,RACExPOLIDEOLOGY :: Black | Refused,FAMSURV27b_W50,4,"0.000000,0.000000,0.000000,1.000000"
mistral_instruct,RACExPOLIDEOLOGY,RACExPOLIDEOLOGY :: Black | Very conservative,FAMSURV27b_W50,4,"0.000001,0.000000,0.984335,0.015664"
mistral_instruct,RACExPOLIDEOLOGY,RACExPOLIDEOLOGY :: Black | Very liberal,FAMSURV27b_W50,4,"0.000055,0.000001,0.310677,0.689267"
mistral_instruct,RACExPOLIDEOLOGY,RACExPOLIDEOLOGY :: Hispanic | Liberal,FAMSURV27b_W50,4,"0.000000,0.000000,0.999946,0.000054"
mistral_instruct,RACExPOLIDEOLOGY,RACExPOLIDEOLOGY :: Hispanic | Moderate,FAMSURV27b_W50,4,"0.000000,0.000000,1.000000,0.000000"
mistral_instruct,RACExPOLIDEOLOGY,RACExPOLIDEOLOGY :: Hispanic | Very liberal,FAMSURV27b_W50,4,"0.000001,0.000000,0.002673,0.997326"
mistral_instruct,RACExPOLIDEOLOGY,RACExPOLIDEOLOGY :: Mixed Race | Conservative,FAMSURV27b_W50,4,"0.000000,0.000000,0.999998,0.000002"
mistral_instruct,RACExPOLIDEOLOGY,RACExPOLIDEOLOGY :: Mixed Race | Liberal,FAMSURV27b_W50,4,"0.000000,0.000000,0.999999,0.000001"
mistral_instruct,RACExPOLIDEOLOGY,RACExPOLIDEOLOGY :: Mixed Race | Moderate,FAMSURV27b_W50,4,"0.000000,0.000000,1.000000,0.000000"
mistral_instruct,RACExPOLIDEOLOGY,RACExPOLIDEOLOGY :: Refused | Moderate,FAMSURV27b_W50,4,"0.000000,0.000000,0.909907,0.090093"
mistral_instruct,RACExPOLIDEOLOGY,RACExPOLIDEOLOGY :: White | Conservative,FAMSURV27b_W50,4,"0.000000,0.000000,1.000000,0.000000"
mistral_instruct,RACExPOLIDEOLOGY,RACExPOLIDEOLOGY :: White | Liberal,FAMSURV27b_W50,4,"0.000000,0.000000,1.000000,0.000000"
mistral_instruct,RACExPOLIDEOLOGY,RACExPOLIDEOLOGY :: White | Moderate,FAMSURV27b_W50,4,"0.000000,0.000000,1.000000,0.000000"
mistral_instruct,RACExPOLIDEOLOGY,RACExPOLIDEOLOGY :: White | Very conservative,FAMSURV27b_W50,4,"0.000000,0.000000,1.000000,0.000001"
mistral_instruct,RACExPOLIDEOLOGY,RACExPOLIDEOLOGY :: White | Very liberal,FAMSURV27b_W50,4,"0.000000,0.000000,0.943347,0.056652"
mistral_instruct,RACExPOLIDEOLOGY,RACExPOLIDEOLOGY :: Asian | Conservative,FAMSURV38a_W50,3,"0.000061,0.000001,0.999938"
mistral_instruct,RACExPOLIDEOLOGY,RACExPOLIDEOLOGY :: Asian | Liberal,FAMSURV38a_W50,3,"0.000013,0.000000,0.999987"
mistral_instruct,RACExPOLIDEOLOGY,RACExPOLIDEOLOGY :: Asian | Moderate,FAMSURV38a_W50,3,"0.000000,0.000000,1.000000"
mistral_instruct,RACExPOLIDEOLOGY,RACExPOLIDEOLOGY :: Asian | Very liberal,FAMSURV38a_W50,3,"0.062331,0.000001,0.937668"
mistral_instruct,RACExPOLIDEOLOGY,RACExPOLIDEOLOGY :: Black | Conservative,FAMSURV38a_W50,3,"0.009340,0.000010,0.990650"
mistral_instruct,RACExPOLIDEOLOGY,RACExPOLIDEOLOGY :: Black | Liberal,FAMSURV38a_W50,3,"0.004867,0.000001,0.995132"
mistral_instruct,RACExPOLIDEOLOGY,RACExPOLIDEOLOGY :: Black | Moderate,FAMSURV38a_W50,3,"0.000000,0.000000,1.000000"
mistral_instruct,RACExPOLIDEOLOGY,RACExPOLIDEOLOGY :: Black | Refused,FAMSURV38a_W50,3,"0.957415,0.000189,0.042396"
mistral_instruct,RACExPOLIDEOLOGY,RACExPOLIDEOLOGY :: Black | Very conservative,FAMSURV38a_W50,3,"0.999267,0.000029,0.000704"
mistral_instruct,RACExPOLIDEOLOGY,RACExPOLIDEOLOGY :: Black | Very liberal,FAMSURV38a_W50,3,"0.997155,0.000000,0.002845"
mistral_instruct,RACExPOLIDEOLOGY,RACExPOLIDEOLOGY :: Hispanic | Conservative,FAMSURV38a_W50,3,"0.002234,0.000004,0.997762"
mistral_instruct,RACExPOLIDEOLOGY,RACExPOLIDEOLOGY :: Hispanic | Liberal,FAMSURV38a_W50,3,"0.000856,0.000000,0.999144"
mistral_instruct,RACExPOLIDEOLOGY,RACExPOLIDEOLOGY :: Hispanic | Moderate,FAMSURV38a_W50,3,"0.000000,0.000000,1.000000"
mistral_instruct,RACExPOLIDEOLOGY,RACExPOLIDEOLOGY :: Hispanic | Very liberal,FAMSURV38a_W50,3,"0.992244,0.000000,0.007756"
mistral_instruct,RACExPOLIDEOLOGY,RACExPOLIDEOLOGY :: Mixed Race | Conservative,FAMSURV38a_W50,3,"0.000025,0.000000,0.999975"
mistral_instruct,RACExPOLIDEOLOGY,RACExPOLIDEOLOGY :: Mixed Race | Liberal,FAMSURV38a_W50,3,"0.000009,0.000000,0.999991"
mistral_instruct,RACExPOLIDEOLOGY,RACExPOLIDEOLOGY :: Mixed Race | Moderate,FAMSURV38a_W50,3,"0.000000,0.000000,1.000000"
mistral_instruct,RACExPOLIDEOLOGY,RACExPOLIDEOLOGY :: Refused | Moderate,FAMSURV38a_W50,3,"0.000001,0.000000,0.999999"
mistral_instruct,RACExPOLIDEOLOGY,RACExPOLIDEOLOGY :: White | Conservative,FAMSURV38a_W50,3,"0.000523,0.000000,0.999476"
mistral_instruct,RACExPOLIDEOLOGY,RACExPOLIDEOLOGY :: White | Liberal,FAMSURV38a_W50,3,"0.000018,0.000000,0.999982"
mistral_instruct,RACExPOLIDEOLOGY,RACExPOLIDEOLOGY :: White | Moderate,FAMSURV38a_W50,3,"0.000000,0.000000,1.000000"
mistral_instruct,RACExPOLIDEOLOGY,RACExPOLIDEOLOGY :: White | Refused,FAMSURV38a_W50,3,"0.188318,0.000032,0.811650"
mistral_instruct,RACExPOLIDEOLOGY,RACExPOLIDEOLOGY :: White | Very conservative,FAMSURV38a_W50,3,"0.999998,0.000000,0.000002"
mistral_instruct,RACExPOLIDEOLOGY,RACExPOLIDEOLOGY :: White | Very liberal,FAMSURV38a_W50,3,"0.997221,0.000000,0.002779"
mistral_instruct,RACExPOLIDEOLOGY,RACExPOLIDEOLOGY :: Asian | Conservative,FAMSURV3_W50,3,"0.999998,0.000000,0.000002"
mistral_instruct,RACExPOLIDEOLOGY,RACExPOLIDEOLOGY :: Asian | Liberal,FAMSURV3_W50,3,"1.000000,0.000000,0.000000"
mistral_instruct,RACExPOLIDEOLOGY,RACExPOLIDEOLOGY :: Asian | Moderate,FAMSURV3_W50,3,"1.000000,0.000000,0.000000"
mistral_instruct,RACExPOLIDEOLOGY,RACExPOLIDEOLOGY :: Asian | Very liberal,FAMSURV3_W50,3,"1.000000,0.000000,0.000000"
mistral_instruct,RACExPOLIDEOLOGY,RACExPOLIDEOLOGY :: Black | Conservative,FAMSURV3_W50,3,"1.000000,0.000000,0.000000"
mistral_instruct,RACExPOLIDEOLOGY,RACExPOLIDEOLOGY :: Black | Liberal,FAMSURV3_W50,3,"1.000000,0.000000,0.000000"
mistral_instruct,RACExPOLIDEOLOGY,RACExPOLIDEOLOGY :: Black | Moderate,FAMSURV3_W50,3,"1.000000,0.000000,0.000000"
mistral_instruct,RACExPOLIDEOLOGY,RACExPOLIDEOLOGY :: Black | Refused,FAMSURV3_W50,3,"1.000000,0.000000,0.000000"
mistral_instruct,RACExPOLIDEOLOGY,RACExPOLIDEOLOGY :: Black | Very conservative,FAMSURV3_W50,3,"0.000000,0.000000,1.000000"
mistral_instruct,RACExPOLIDEOLOGY,RACExPOLIDEOLOGY :: Black | Very liberal,FAMSURV3_W50,3,"1.000000,0.000000,0.000000"
mistral_instruct,RACExPOLIDEOLOGY,RACExPOLIDEOLOGY :: Hispanic | Conservative,FAMSURV3_W50,3,"0.999976,0.000000,0.000024"
mistral_instruct,RACExPOLIDEOLOGY,RACExPOLIDEOLOGY :: Hispanic | Liberal,FAMSURV3_W50,3,"1.000000,0.000000,0.000000"
mistral_instruct,RACExPOLIDEOLOGY,RACExPOLIDEOLOGY :: Hispanic | Moderate,FAMSURV3_W50,3,"1.000000,0.000000,0.000000"
mistral_instruct,RACExPOLIDEOLOGY,RACExPOLIDEOLOGY :: Hispanic | Very liberal,FAMSURV3_W50,3,"1.000000,0.000000,0.000000"
mistral_instruct,RACExPOLIDEOLOGY,RACExPOLIDEOLOGY :: Mixed Race | Conservative,FAMSURV3_W50,3,"1.000000,0.000000,0.000000"
mistral_instruct,RACExPOLIDEOLOGY,RACExPOLIDEOLOGY :: Mixed Race | Liberal,FAMSURV3_W50,3,"1.000000,0.000000,0.000000"
mistral_instruct,RACExPOLIDEOLOGY,RACExPOLIDEOLOGY :: Mixed Race | Moderate,FAMSURV3_W50,3,"1.000000,0.000000,0.000000"
mistral_instruct,RACExPOLIDEOLOGY,RACExPOLIDEOLOGY :: Refused | Moderate,FAMSURV3_W50,3,"1.000000,0.000000,0.000000"
mistral_instruct,RACExPOLIDEOLOGY,RACExPOLIDEOLOGY :: White | Conservative,FAMSURV3_W50,3,"0.985718,0.000000,0.014282"
mistral_instruct,RACExPOLIDEOLOGY,RACExPOLIDEOLOGY :: White | Liberal,FAMSURV3_W50,3,"1.000000,0.000000,0.000000"
mistral_instruct,RACExPOLIDEOLOGY,RACExPOLIDEOLOGY :: White | Moderate,FAMSURV3_W50,3,"1.000000,0.000000,0.000000"
mistral_instruct,RACExPOLIDEOLOGY,RACExPOLIDEOLOGY :: White | Refused,FAMSURV3_W50,3,"0.999997,0.000000,0.000003"
mistral_instruct,RACExPOLIDEOLOGY,RACExPOLIDEOLOGY :: White | Very conservative,FAMSURV3_W50,3,"0.000000,0.000000,1.000000"
mistral_instruct,RACExPOLIDEOLOGY,RACExPOLIDEOLOGY :: White | Very liberal,FAMSURV3_W50,3,"1.000000,0.000000,0.000000"
mistral_instruct,RACExPOLIDEOLOGY,RACExPOLIDEOLOGY :: Asian | Conservative,FAMSURV5d_W50,3,"0.000000,0.000000,1.000000"
mistral_instruct,RACExPOLIDEOLOGY,RACExPOLIDEOLOGY :: Asian | Liberal,FAMSURV5d_W50,3,"0.000000,0.000000,1.000000"
mistral_instruct,RACExPOLIDEOLOGY,RACExPOLIDEOLOGY :: Asian | Moderate,FAMSURV5d_W50,3,"0.000000,0.000000,1.000000"
mistral_instruct,RACExPOLIDEOLOGY,RACExPOLIDEOLOGY :: Asian | Very liberal,FAMSURV5d_W50,3,"0.000001,0.000000,0.999999"
mistral_instruct,RACExPOLIDEOLOGY,RACExPOLIDEOLOGY :: Black | Conservative,FAMSURV5d_W50,3,"0.000000,0.000000,1.000000"
mistral_instruct,RACExPOLIDEOLOGY,RACExPOLIDEOLOGY :: Black | Liberal,FAMSURV5d_W50,3,"0.000000,0.000000,1.000000"
mistral_instruct,RACExPOLIDEOLOGY,RACExPOLIDEOLOGY :: Black | Moderate,FAMSURV5d_W50,3,"0.000000,0.000000,1.000000"
mistral_instruct,RACExPOLIDEOLOGY,RACExPOLIDEOLOGY :: Black | Refused,FAMSURV5d_W50,3,"0.000001,0.000000,0.999999"
mistral_instruct,RACExPOLIDEOLOGY,RACExPOLIDEOLOGY :: Black | Very conservative,FAMSURV5d_W50,3,"0.000000,0.000000,1.000000"
mistral_instruct,RACExPOLIDEOLOGY,RACExPOLIDEOLOGY :: Black | Very liberal,FAMSURV5d_W50,3,"0.000000,0.000000,1.000000"
mistral_instruct,RACExPOLIDEOLOGY,RACExPOLIDEOLOGY :: Hispanic | Conservative,FAMSURV5d_W50,3,"0.000000,0.000000,1.000000"
mistral_instruct,RACExPOLIDEOLOGY,RACExPOLIDEOLOGY :: Hispanic | Liberal,FAMSURV5d_W50,3,"0.000000,0.000000,1.000000"
mistral_instruct,RACExPOLIDEOLOGY,RACExPOLIDEOLOGY :: Hispanic | Moderate,FAMSURV5d_W50,3,"0.000000,0.000000,1.000000"
mistral_instruct,RACExPOLIDEOLOGY,RACExPOLIDEOLOGY :: Hispanic | Very liberal,FAMSURV5d_W50,3,"0.001107,0.000000,0.998893"
mistral_instruct,RACExPOLIDEOLOGY,RACExPOLIDEOLOGY :: Mixed Race | Conservative,FAMSURV5d_W50,3,"0.000000,0.000000,1.000000"
mistral_instruct,RACExPOLIDEOLOGY,RACExPOLIDEOLOGY :: Mixed Race | Liberal,FAMSURV5d_W50,3,"0.000000,0.000000,1.000000"
mistral_instruct,RACExPOLIDEOLOGY,RACExPOLIDEOLOGY :: Mixed Race | Moderate,FAMSURV5d_W50,3,"0.000000,0.000000,1.000000"
mistral_instruct,RACExPOLIDEOLOGY,RACExPOLIDEOLOGY :: Refused | Moderate,FAMSURV5d_W50,3,"0.000000,0.000000,1.000000"
mistral_instruct,RACExPOLIDEOLOGY,RACExPOLIDEOLOGY :: White | Conservative,FAMSURV5d_W50,3,"0.000000,0.000000,1.000000"
mistral_instruct,RACExPOLIDEOLOGY,RACExPOLIDEOLOGY :: White | Liberal,FAMSURV5d_W50,3,"0.000000,0.000000,1.000000"
mistral_instruct,RACExPOLIDEOLOGY,RACExPOLIDEOLOGY :: White | Moderate,FAMSURV5d_W50,3,"0.000000,0.000000,1.000000"
mistral_instruct,RACExPOLIDEOLOGY,RACExPOLIDEOLOGY :: White | Refused,FAMSURV5d_W50,3,"0.000000,0.000000,1.000000"
mistral_instruct,RACExPOLIDEOLOGY,RACExPOLIDEOLOGY :: White | Very conservative,FAMSURV5d_W50,3,"0.000000,0.000000,1.000000"
mistral_instruct,RACExPOLIDEOLOGY,RACExPOLIDEOLOGY :: White | Very liberal,FAMSURV5d_W50,3,"0.000398,0.000000,0.999602"
mistral_instruct,RACExPOLIDEOLOGY,RACExPOLIDEOLOGY :: Asian | Liberal,FEELC_W32,4,"0.000005,0.999995,0.000000,0.000000"
mistral_instruct,RACExPOLIDEOLOGY,RACExPOLIDEOLOGY :: Asian | Moderate,FEELC_W32,4,"0.000000,1.000000,0.000000,0.000000"
mistral_instruct,RACExPOLIDEOLOGY,RACExPOLIDEOLOGY :: Black | Conservative,FEELC_W32,4,"0.000071,0.918986,0.080930,0.000012"
mistral_instruct,RACExPOLIDEOLOGY,RACExPOLIDEOLOGY :: Black | Liberal,FEELC_W32,4,"0.000001,0.999999,0.000000,0.000000"
mistral_instruct,RACExPOLIDEOLOGY,RACExPOLIDEOLOGY :: Black | Moderate,FEELC_W32,4,"0.000000,1.000000,0.000000,0.000000"
mistral_instruct,RACExPOLIDEOLOGY,RACExPOLIDEOLOGY :: Black | Very conservative,FEELC_W32,4,"0.000000,0.000000,1.000000,0.000000"
mistral_instruct,RACExPOLIDEOLOGY,RACExPOLIDEOLOGY :: Black | Very liberal,FEELC_W32,4,"0.999204,0.000792,0.000004,0.000000"
mistral_instruct,RACExPOLIDEOLOGY,RACExPOLIDEOLOGY :: Hispanic | Conservative,FEELC_W32,4,"0.002466,0.850815,0.146699,0.000020"
mistral_instruct,RACExPOLIDEOLOGY,RACExPOLIDEOLOGY :: Hispanic | Liberal,FEELC_W32,4,"0.000002,0.999997,0.000000,0.000000"
mistral_instruct,RACExPOLIDEOLOGY,RACExPOLIDEOLOGY :: Hispanic | Moderate,FEELC_W32,4,"0.000000,1.000000,0.000000,0.000000"
mistral_instruct,RACExPOLIDEOLOGY,RACExPOLIDEOLOGY :: Hispanic | Very liberal,FEELC_W32,4,"0.999907,0.000090,0.000003,0.000000"
mistral_instruct,RACExPOLIDEOLOGY,RACExPOLIDEOLOGY :: Mixed Race | Moderate,FEELC_W32,4,"0.000000,1.000000,0.000000,0.000000"
mistral_instruct,RACExPOLIDEOLOGY,RACExPOLIDEOLOGY :: Other | Conservative,FEELC_W32,4,"0.000003,0.857762,0.142231,0.000004"
mistral_instruct,RACExPOLIDEOLOGY,RACExPOLIDEOLOGY :: Other | Moderate,FEELC_W32,4,"0.000000,1.000000,0.000000,0.000000"
mistral_instruct,RACExPOLIDEOLOGY,RACExPOLIDEOLOGY :: White | Conservative,FEELC_W32,4,"0.188559,0.700580,0.110848,0.000013"
mistral_instruct,RACExPOLIDEOLOGY,RACExPOLIDEOLOGY :: White | Liberal,FEELC_W32,4,"0.000014,0.999986,0.000000,0.000000"
mistral_instruct,RACExPOLIDEOLOGY,RACExPOLIDEOLOGY :: White | Moderate,FEELC_W32,4,"0.000000,1.000000,0.000000,0.000000"
mistral_instruct,RACExPOLIDEOLOGY,RACExPOLIDEOLOGY :: White | Refused,FEELC_W32,4,"0.000000,0.000000,0.999988,0.000011"
mistral_instruct,RACExPOLIDEOLOGY,RACExPOLIDEOLOGY :: White | Very conservative,FEELC_W32,4,"0.000000,0.000000,1.000000,0.000000"
mistral_instruct,RACExPOLIDEOLOGY,RACExPOLIDEOLOGY :: White | Very liberal,FEELC_W32,4,"1.000000,0.000000,0.000000,0.000000"
mistral_instruct,RACExPOLIDEOLOGY,RACExPOLIDEOLOGY :: Asian | Conservative,FREECOLL_W92,4,"0.000000,0.000000,0.000000,1.000000"
mistral_instruct,RACExPOLIDEOLOGY,RACExPOLIDEOLOGY :: Asian | Liberal,FREECOLL_W92,4,"1.000000,0.000000,0.000000,0.000000"
mistral_instruct,RACExPOLIDEOLOGY,RACExPOLIDEOLOGY :: Asian | Moderate,FREECOLL_W92,4,"0.000000,0.000181,0.999819,0.000000"
mistral_instruct,RACExPOLIDEOLOGY,RACExPOLIDEOLOGY :: Black | Conservative,FREECOLL_W92,4,"0.000000,0.000000,0.004905,0.995095"
mistral_instruct,RACExPOLIDEOLOGY,RACExPOLIDEOLOGY :: Black | Liberal,FREECOLL_W92,4,"1.000000,0.000000,0.000000,0.000000"
mistral_instruct,RACExPOLIDEOLOGY,RACExPOLIDEOLOGY :: Black | Moderate,FREECOLL_W92,4,"0.000000,0.000038,0.999962,0.000000"
mistral_instruct,RACExPOLIDEOLOGY,RACExPOLIDEOLOGY :: Black | Very conservative,FREECOLL_W92,4,"0.000000,0.000000,0.000000,1.000000"
mistral_instruct,RACExPOLIDEOLOGY,RACExPOLIDEOLOGY :: Black | Very liberal,FREECOLL_W92,4,"1.000000,0.000000,0.000000,0.000000"
mistral_instruct,RACExPOLIDEOLOGY,RACExPOLIDEOLOGY :: Hispanic | Conservative,FREECOLL_W92,4,"0.000000,0.000000,0.000001,0.999999"
mistral_instruct,RACExPOLIDEOLOGY,RACExPOLIDEOLOGY :: Hispanic | Liberal,FREECOLL_W92,4,"1.000000,0.000000,0.000000,0.000000"
mistral_instruct,RACExPOLIDEOLOGY,RACExPOLIDEOLOGY :: Hispanic | Moderate,FREECOLL_W92,4,"0.000000,0.000001,0.999999,0.000000"
mistral_instruct,RACExPOLIDEOLOGY,RACExPOLIDEOLOGY :: Hispanic | Very conservative,FREECOLL_W92,4,"0.000000,0.000000,0.000000,1.000000"
mistral_instruct,RACExPOLIDEOLOGY,RACExPOLIDEOLOGY :: Hispanic | Very liberal,FREECOLL_W92,4,"1.000000,0.000000,0.000000,0.000000"
mistral_instruct,RACExPOLIDEOLOGY,RACExPOLIDEOLOGY :: Mixed Race | Conservative,FREECOLL_W92,4,"0.000000,0.000000,0.618780,0.381220"
mistral_instruct,RACExPOLIDEOLOGY,RACExPOLIDEOLOGY :: Mixed Race | Liberal,FREECOLL_W92,4,"1.000000,0.000000,0.000000,0.000000"
mistral_instruct,RACExPOLIDEOLOGY,RACExPOLIDEOLOGY :: Mixed Race | Moderate,FREECOLL_W92,4,"0.000000,0.000121,0.999878,0.000000"
mistral_instruct,RACExPOLIDEOLOGY,RACExPOLIDEOLOGY :: Refused | Conservative,FREECOLL_W92,4,"0.000000,0.000000,0.000000,1.000000"
mistral_instruct,RACExPOLIDEOLOGY,RACExPOLIDEOLOGY :: Refused | Moderate,FREECOLL_W92,4,"0.000000,0.000000,1.000000,0.000000"
mistral_instruct,RACExPOLIDEOLOGY,RACExPOLIDEOLOGY :: White | Conservative,FREECOLL_W92,4,"0.000000,0.000000,0.000000,1.000000"
mistral_instruct,RACExPOLIDEOLOGY,RACExPOLIDEOLOGY :: White | Liberal,FREECOLL_W92,4,"1.000000,0.000000,0.000000,0.000000"
mistral_instruct,RACExPOLIDEOLOGY,RACExPOLIDEOLOGY :: White | Moderate,FREECOLL_W92,4,"0.000000,0.000000,1.000000,0.000000"
mistral_instruct,RACExPOLIDEOLOGY,RACExPOLIDEOLOGY :: White | Refused,FREECOLL_W92,4,"0.000003,0.000000,0.070559,0.929437"
mistral_instruct,RACExPOLIDEOLOGY,RACExPOLIDEOLOGY :: White | Very conservative,FREECOLL_W92,4,"0.000000,0.000000,0.000000,1.000000"
mistral_instruct,RACExPOLIDEOLOGY,RACExPOLIDEOLOGY :: White | Very liberal,FREECOLL_W92,4,"1.000000,0.000000,0.000000,0.000000"
mistral_instruct,RACExPOLIDEOLOGY,RACExPOLIDEOLOGY :: Asian | Liberal,GOVPRIORITYd_W54,4,"1.000000,0.000000,0.000000,0.000000"
mistral_instruct,RACExPOLIDEOLOGY,RACExPOLIDEOLOGY :: Asian | Moderate,GOVPRIORITYd_W54,4,"1.000000,0.000000,0.000000,0.000000"
mistral_instruct,RACExPOLIDEOLOGY,RACExPOLIDEOLOGY :: Black | Conservative,GOVPRIORITYd_W54,4,"0.000000,0.000000,1.000000,0.000000"
mistral_instruct,RACExPOLIDEOLOGY,RACExPOLIDEOLOGY :: Black | Liberal,GOVPRIORITYd_W54,4,"1.000000,0.000000,0.000000,0.000000"
mistral_instruct,RACExPOLIDEOLOGY,RACExPOLIDEOLOGY :: Black | Moderate,GOVPRIORITYd_W54,4,"1.000000,0.000000,0.000000,0.000000"
mistral_instruct,RACExPOLIDEOLOGY,RACExPOLIDEOLOGY :: Black | Very conservative,GOVPRIORITYd_W54,4,"0.000000,0.000000,1.000000,0.000000"
mistral_instruct,RACExPOLIDEOLOGY,RACExPOLIDEOLOGY :: Black | Very liberal,GOVPRIORITYd_W54,4,"1.000000,0.000000,0.000000,0.000000"
mistral_instruct,RACExPOLIDEOLOGY,RACExPOLIDEOLOGY :: Hispanic | Conservative,GOVPRIORITYd_W54,4,"0.000000,0.000000,1.000000,0.000000"
mistral_instruct,RACExPOLIDEOLOGY,RACExPOLIDEOLOGY :: Hispanic | Liberal,GOVPRIORITYd_W54,4,"1.000000,0.000000,0.000000,0.000000"
mistral_instruct,RACExPOLIDEOLOGY,RACExPOLIDEOLOGY :: Hispanic | Moderate,GOVPRIORITYd_W54,4,"0.754915,0.245085,0.000000,0.000000"
mistral_instruct,RACExPOLIDEOLOGY,RACExPOLIDEOLOGY :: Mixed Race | Liberal,GOVPRIORITYd_W54,4,"1.000000,0.000000,0.000000,0.000000"
mistral_instruct,RACExPOLIDEOLOGY,RACExPOLIDEOLOGY :: Mixed Race | Moderate,GOVPRIORITYd_W54,4,"1.000000,0.000000,0.000000,0.000000"
mistral_instruct,RACExPOLIDEOLOGY,RACExPOLIDEOLOGY :: Refused | Moderate,GOVPRIORITYd_W54,4,"0.000000,1.000000,0.000000,0.000000"
mistral_instruct,RACExPOLIDEOLOGY,RACExPOLIDEOLOGY :: White | Conservative,GOVPRIORITYd_W54,4,"0.000000,0.000000,1.000000,0.000000"
mistral_instruct,RACExPOLIDEOLOGY,RACExPOLIDEOLOGY :: White | Liberal,GOVPRIORITYd_W54,4,"1.000000,0.000000,0.000000,0.000000"
mistral_instruct,RACExPOLIDEOLOGY,RACExPOLIDEOLOGY :: White | Moderate,GOVPRIORITYd_W54,4,"0.366589,0.633410,0.000000,0.000001"
mistral_instruct,RACExPOLIDEOLOGY,RACExPOLIDEOLOGY :: White | Refused,GOVPRIORITYd_W54,4,"0.000000,0.000000,0.999993,0.000007"
mistral_instruct,RACExPOLIDEOLOGY,RACExPOLIDEOLOGY :: White | Very conservative,GOVPRIORITYd_W54,4,"0.000000,0.000000,1.000000,0.000000"
mistral_instruct,RACExPOLIDEOLOGY,RACExPOLIDEOLOGY :: White | Very liberal,GOVPRIORITYd_W54,4,"1.000000,0.000000,0.000000,0.000000"
mistral_instruct,RACExPOLIDEOLOGY,RACExPOLIDEOLOGY :: Asian | Liberal,GOVRESP_c_W54,2,"1.000000,0.000000"
mistral_instruct,RACExPOLIDEOLOGY,RACExPOLIDEOLOGY :: Asian | Moderate,GOVRESP_c_W54,2,"1.000000,0.000000"
mistral_instruct,RACExPOLIDEOLOGY,RACExPOLIDEOLOGY :: Black | Conservative,GOVRESP_c_W54,2,"0.000000,1.000000"
mistral_instruct,RACExPOLIDEOLOGY,RACExPOLIDEOLOGY :: Black | Liberal,GOVRESP_c_W54,2,"1.000000,0.000000"
mistral_instruct,RACExPOLIDEOLOGY,RACExPOLIDEOLOGY :: Black | Moderate,GOVRESP_c_W54,2,"1.000000,0.000000"
mistral_instruct,RACExPOLIDEOLOGY,RACExPOLIDEOLOGY :: Black | Very conservative,GOVRESP_c_W54,2,"0.000000,1.000000"
mistral_instruct,RACExPOLIDEOLOGY,RACExPOLIDEOLOGY :: Black | Very liberal,GOVRESP_c_W54,2,"1.000000,0.000000"
mistral_instruct,RACExPOLIDEOLOGY,RACExPOLIDEOLOGY :: Hispanic | Conservative,GOVRESP_c_W54,2,"0.000000,1.000000"
mistral_instruct,RACExPOLIDEOLOGY,RACExPOLIDEOLOGY :: Hispanic | Liberal,GOVRESP_c_W54,2,"1.000000,0.000000"
mistral_instruct,RACExPOLIDEOLOGY,RACExPOLIDEOLOGY :: Hispanic | Moderate,GOVRESP_c_W54,2,"1.000000,0.000000"
mistral_instruct,RACExPOLIDEOLOGY,RACExPOLIDEOLOGY :: Mixed Race | Liberal,GOVRESP_c_W54,2,"1.000000,0.000000"
mistral_instruct,RACExPOLIDEOLOGY,RACExPOLIDEOLOGY :: Mixed Race | Moderate,GOVRESP_c_W54,2,"1.000000,0.000000"
mistral_instruct,RACExPOLIDEOLOGY,RACExPOLIDEOLOGY :: Refused | Moderate,GOVRESP_c_W54,2,"0.999997,0.000003"
mistral_instruct,RACExPOLIDEOLOGY,RACExPOLIDEOLOGY :: White | Conservative,GOVRESP_c_W54,2,"0.000000,1.000000"
mistral_instruct,RACExPOLIDEOLOGY,RACExPOLIDEOLOGY :: White | Liberal,GOVRESP_c_W54,2,"1.000000,0.000000"
mistral_instruct,RACExPOLIDEOLOGY,RACExPOLIDEOLOGY :: White | Moderate,GOVRESP_c_W54,2,"1.000000,0.000000"
mistral_instruct,RACExPOLIDEOLOGY,RACExPOLIDEOLOGY :: White | Refused,GOVRESP_c_W54,2,"0.000000,1.000000"
mistral_instruct,RACExPOLIDEOLOGY,RACExPOLIDEOLOGY :: White | Very conservative,GOVRESP_c_W54,2,"0.000000,1.000000"
mistral_instruct,RACExPOLIDEOLOGY,RACExPOLIDEOLOGY :: White | Very liberal,GOVRESP_c_W54,2,"1.000000,0.000000"
mistral_instruct,RACExPOLIDEOLOGY,RACExPOLIDEOLOGY :: Asian | Liberal,GOVRESP_d_W54,2,"1.000000,0.000000"
mistral_instruct,RACExPOLIDEOLOGY,RACExPOLIDEOLOGY :: Asian | Moderate,GOVRESP_d_W54,2,"1.000000,0.000000"
mistral_instruct,RACExPOLIDEOLOGY,RACExPOLIDEOLOGY :: Black | Conservative,GOVRESP_d_W54,2,"0.000000,1.000000"
mistral_instruct,RACExPOLIDEOLOGY,RACExPOLIDEOLOGY :: Black | Liberal,GOVRESP_d_W54,2,"1.000000,0.000000"
mistral_instruct,RACExPOLIDEOLOGY,RACExPOLIDEOLOGY :: Black | Moderate,GOVRESP_d_W54,2,"1.000000,0.000000"
mistral_instruct,RACExPOLIDEOLOGY,RACExPOLIDEOLOGY :: Black | Very conservative,GOVRESP_d_W54,2,"0.000000,1.000000"
mistral_instruct,RACExPOLIDEOLOGY,RACExPOLIDEOLOGY :: Black | Very liberal,GOVRESP_d_W54,2,"1.000000,0.000000"
mistral_instruct,RACExPOLIDEOLOGY,RACExPOLIDEOLOGY :: Hispanic | Conservative,GOVRESP_d_W54,2,"0.000000,1.000000"
mistral_instruct,RACExPOLIDEOLOGY,RACExPOLIDEOLOGY :: Hispanic | Liberal,GOVRESP_d_W54,2,"1.000000,0.000000"
mistral_instruct,RACExPOLIDEOLOGY,RACExPOLIDEOLOGY :: Hispanic | Moderate,GOVRESP_d_W54,2,"1.000000,0.000000"
mistral_instruct,RACExPOLIDEOLOGY,RACExPOLIDEOLOGY :: Mixed Race | Liberal,GOVRESP_d_W54,2,"1.000000,0.000000"
mistral_instruct,RACExPOLIDEOLOGY,RACExPOLIDEOLOGY :: Mixed Race | Moderate,GOVRESP_d_W54,2,"1.000000,0.000000"
mistral_instruct,RACExPOLIDEOLOGY,RACExPOLIDEOLOGY :: Refused | Moderate,GOVRESP_d_W54,2,"0.294215,0.705785"
mistral_instruct,RACExPOLIDEOLOGY,RACExPOLIDEOLOGY :: White | Conservative,GOVRESP_d_W54,2,"0.000000,1.000000"
mistral_instruct,RACExPOLIDEOLOGY,RACExPOLIDEOLOGY :: White | Liberal,GOVRESP_d_W54,2,"1.000000,0.000000"
mistral_instruct,RACExPOLIDEOLOGY,RACExPOLIDEOLOGY :: White | Moderate,GOVRESP_d_W54,2,"0.889144,0.110856"
mistral_instruct,RACExPOLIDEOLOGY,RACExPOLIDEOLOGY :: White | Refused,GOVRESP_d_W54,2,"0.000000,1.000000"
mistral_instruct,RACExPOLIDEOLOGY,RACExPOLIDEOLOGY :: White | Very conservative,GOVRESP_d_W54,2,"0.000000,1.000000"
mistral_instruct,RACExPOLIDEOLOGY,RACExPOLIDEOLOGY :: White | Very liberal,GOVRESP_d_W54,2,"1.000000,0.000000"
mistral_instruct,RACExPOLIDEOLOGY,RACExPOLIDEOLOGY :: Asian | Conservative,GOVSIZE2_W92,2,"0.000000,1.000000"
mistral_instruct,RACExPOLIDEOLOGY,RACExPOLIDEOLOGY :: Asian | Liberal,GOVSIZE2_W92,2,"0.000000,1.000000"
mistral_instruct,RACExPOLIDEOLOGY,RACExPOLIDEOLOGY :: Asian | Moderate,GOVSIZE2_W92,2,"0.000000,1.000000"
mistral_instruct,RACExPOLIDEOLOGY,RACExPOLIDEOLOGY :: Black | Conservative,GOVSIZE2_W92,2,"0.000000,1.000000"
mistral_instruct,RACExPOLIDEOLOGY,RACExPOLIDEOLOGY :: Black | Liberal,GOVSIZE2_W92,2,"0.000000,1.000000"
mistral_instruct,RACExPOLIDEOLOGY,RACExPOLIDEOLOGY :: Black | Moderate,GOVSIZE2_W92,2,"0.000000,1.000000"
mistral_instruct,RACExPOLIDEOLOGY,RACExPOLIDEOLOGY :: Black | Very conservative,GOVSIZE2_W92,2,"1.000000,0.000000"
mistral_instruct,RACExPOLIDEOLOGY,RACExPOLIDEOLOGY :: Black | Very liberal,GOVSIZE2_W92,2,"0.000000,1.000000"
mistral_instruct,RACExPOLIDEOLOGY,RACExPOLIDEOLOGY :: Hispanic | Conservative,GOVSIZE2_W92,2,"0.000000,1.000000"
mistral_instruct,RACExPOLIDEOLOGY,RACExPOLIDEOLOGY :: Hispanic | Liberal,GOVSIZE2_W92,2,"0.000000,1.000000"
mistral_instruct,RACExPOLIDEOLOGY,RACExPOLIDEOLOGY :: Hispanic | Moderate,GOVSIZE2_W92,2,"0.000000,1.000000"
mistral_instruct,RACExPOLIDEOLOGY,RACExPOLIDEOLOGY :: Hispanic | Very conservative,GOVSIZE2_W92,2,"1.000000,0.000000"
mistral_instruct,RACExPOLIDEOLOGY,RACExPOLIDEOLOGY :: Hispanic | Very liberal,GOVSIZE2_W92,2,"0.000001,0.999999"
mistral_instruct,RACExPOLIDEOLOGY,RACExPOLIDEOLOGY :: Mixed Race | Conservative,GOVSIZE2_W92,2,"0.000000,1.000000"
mistral_instruct,RACExPOLIDEOLOGY,RACExPOLIDEOLOGY :: Mixed Race | Liberal,GOVSIZE2_W92,2,"0.000000,1.000000"
mistral_instruct,RACExPOLIDEOLOGY,RACExPOLIDEOLOGY :: Mixed Race | Moderate,GOVSIZE2_W92,2,"0.000000,1.000000"
mistral_instruct,RACExPOLIDEOLOGY,RACExPOLIDEOLOGY :: Refused | Conservative,GOVSIZE2_W92,2,"0.067547,0.932453"
mistral_instruct,RACExPOLIDEOLOGY,RACExPOLIDEOLOGY :: Refused | Moderate,GOVSIZE2_W92,2,"0.000000,1.000000"
mistral_instruct,RACExPOLIDEOLOGY,RACExPOLIDEOLOGY :: White | Conservative,GOVSIZE2_W92,2,"0.000000,1.000000"
mistral_instruct,RACExPOLIDEOLOGY,RACExPOLIDEOLOGY :: White | Liberal,GOVSIZE2_W92,2,"0.000000,1.000000"
mistral_instruct,RACExPOLIDEOLOGY,RACExPOLIDEOLOGY :: White | Moderate,GOVSIZE2_W92,2,"0.000000,1.000000"
mistral_instruct,RACExPOLIDEOLOGY,RACExPOLIDEOLOGY :: White | Refused,GOVSIZE2_W92,2,"1.000000,0.000000"
mistral_instruct,RACExPOLIDEOLOGY,RACExPOLIDEOLOGY :: White | Very conservative,GOVSIZE2_W92,2,"1.000000,0.000000"
mistral_instruct,RACExPOLIDEOLOGY,RACExPOLIDEOLOGY :: White | Very liberal,GOVSIZE2_W92,2,"0.000000,1.000000"
mistral_instruct,RACExPOLIDEOLOGY,RACExPOLIDEOLOGY :: Asian | Liberal,INEQ2_W54,2,"0.999988,0.000012"
mistral_instruct,RACExPOLIDEOLOGY,RACExPOLIDEOLOGY :: Asian | Moderate,INEQ2_W54,2,"1.000000,0.000000"
mistral_instruct,RACExPOLIDEOLOGY,RACExPOLIDEOLOGY :: Black | Conservative,INEQ2_W54,2,"1.000000,0.000000"
mistral_instruct,RACExPOLIDEOLOGY,RACExPOLIDEOLOGY :: Black | Liberal,INEQ2_W54,2,"0.000001,0.999999"
mistral_instruct,RACExPOLIDEOLOGY,RACExPOLIDEOLOGY :: Black | Moderate,INEQ2_W54,2,"1.000000,0.000000"
mistral_instruct,RACExPOLIDEOLOGY,RACExPOLIDEOLOGY :: Black | Very conservative,INEQ2_W54,2,"1.000000,0.000000"
mistral_instruct,RACExPOLIDEOLOGY,RACExPOLIDEOLOGY :: Black | Very liberal,INEQ2_W54,2,"0.000000,1.000000"
mistral_instruct,RACExPOLIDEOLOGY,RACExPOLIDEOLOGY :: Hispanic | Conservative,INEQ2_W54,2,"1.000000,0.000000"
mistral_instruct,RACExPOLIDEOLOGY,RACExPOLIDEOLOGY :: Hispanic | Liberal,INEQ2_W54,2,"0.000001,1.000000"
mistral_instruct,RACExPOLIDEOLOGY,RACExPOLIDEOLOGY :: Hispanic | Moderate,INEQ2_W54,2,"1.000000,0.000000"
mistral_instruct,RACExPOLIDEOLOGY,RACExPOLIDEOLOGY :: Mixed Race | Liberal,INEQ2_W54,2,"0.944995,0.055005"
mistral_instruct,RACExPOLIDEOLOGY,RACExPOLIDEOLOGY :: Mixed Race | Moderate,INEQ2_W54,2,"1.000000,0.000000"
mistral_instruct,RACExPOLIDEOLOGY,RACExPOLIDEOLOGY :: Refused | Moderate,INEQ2_W54,2,"1.000000,0.000000"
mistral_instruct,RACExPOLIDEOLOGY,RACExPOLIDEOLOGY :: White | Conservative,INEQ2_W54,2,"1.000000,0.000000"
mistral_instruct,RACExPOLIDEOLOGY,RACExPOLIDEOLOGY :: White | Liberal,INEQ2_W54,2,"0.685949,0.314051"
mistral_instruct,RACExPOLIDEOLOGY,RACExPOLIDEOLOGY :: White | Moderate,INEQ2_W54,2,"1.000000,0.000000"
mistral_instruct,RACExPOLIDEOLOGY,RACExPOLIDEOLOGY :: White | Refused,INEQ2_W54,2,"0.000055,0.999945"
mistral_instruct,RACExPOLIDEOLOGY,RACExPOLIDEOLOGY :: White | Very conservative,INEQ2_W54,2,"1.000000,0.000000"
mistral_instruct,RACExPOLIDEOLOGY,RACExPOLIDEOLOGY :: White | Very liberal,INEQ2_W54,2,"0.000000,1.000000"
mistral_instruct,RACExPOLIDEOLOGY,RACExPOLIDEOLOGY :: Asian | Liberal,INEQ4_c_W54,4,"1.000000,0.000000,0.000000,0.000000"
mistral_instruct,RACExPOLIDEOLOGY,RACExPOLIDEOLOGY :: Asian | Moderate,INEQ4_c_W54,4,"0.000000,1.000000,0.000000,0.000000"
mistral_instruct,RACExPOLIDEOLOGY,RACExPOLIDEOLOGY :: Black | Conservative,INEQ4_c_W54,4,"0.000000,0.000000,1.000000,0.000000"
mistral_instruct,RACExPOLIDEOLOGY,RACExPOLIDEOLOGY :: Black | Liberal,INEQ4_c_W54,4,"1.000000,0.000000,0.000000,0.000000"
mistral_instruct,RACExPOLIDEOLOGY,RACExPOLIDEOLOGY :: Black | Moderate,INEQ4_c_W54,4,"0.000000,1.000000,0.000000,0.000000"
mistral_instruct,RACExPOLIDEOLOGY,RACExPOLIDEOLOGY :: Black | Very conservative,INEQ4_c_W54,4,"0.000000,0.000000,1.000000,0.000000"
mistral_instruct,RACExPOLIDEOLOGY,RACExPOLIDEOLOGY :: Black | Very liberal,INEQ4_c_W54,4,"1.000000,0.000000,0.000000,0.000000"
mistral_instruct,RACExPOLIDEOLOGY,RACExPOLIDEOLOGY :: Hispanic | Conservative,INEQ4_c_W54,4,"0.000000,0.000000,1.000000,0.000000"
mistral_instruct,RACExPOLIDEOLOGY,RACExPOLIDEOLOGY :: Hispanic | Liberal,INEQ4_c_W54,4,"1.000000,0.000000,0.000000,0.000000"
mistral_instruct,RACExPOLIDEOLOGY,RACExPOLIDEOLOGY :: Hispanic | Moderate,INEQ4_c_W54,4,"0.000000,1.000000,0.000000,0.000000"
mistral_instruct,RACExPOLIDEOLOGY,RACExPOLIDEOLOGY :: Mixed Race | Liberal,INEQ4_c_W54,4,"1.000000,0.000000,0.000000,0.000000"
mistral_instruct,RACExPOLIDEOLOGY,RACExPOLIDEOLOGY :: Mixed Race | Moderate,INEQ4_c_W54,4,"0.000000,1.000000,0.000000,0.000000"
mistral_instruct,RACExPOLIDEOLOGY,RACExPOLIDEOLOGY :: Refused | Moderate,INEQ4_c_W54,4,"0.000001,0.999995,0.000003,0.000000"
mistral_instruct,RACExPOLIDEOLOGY,RACExPOLIDEOLOGY :: White | Conservative,INEQ4_c_W54,4,"0.000000,0.000000,1.000000,0.000000"
mistral_instruct,RACExPOLIDEOLOGY,RACExPOLIDEOLOGY :: White | Liberal,INEQ4_c_W54,4,"1.000000,0.000000,0.000000,0.000000"
mistral_instruct,RACExPOLIDEOLOGY,RACExPOLIDEOLOGY :: White | Moderate,INEQ4_c_W54,4,"0.000000,1.000000,0.000000,0.000000"
mistral_instruct,RACExPOLIDEOLOGY,RACExPOLIDEOLOGY :: White | Refused,INEQ4_c_W54,4,"0.000001,0.000000,0.000119,0.999880"
mistral_instruct,RACExPOLIDEOLOGY,RACExPOLIDEOLOGY :: White | Very conservative,INEQ4_c_W54,4,"0.000000,0.000000,1.000000,0.000000"
mistral_instruct,RACExPOLIDEOLOGY,RACExPOLIDEOLOGY :: White | Very liberal,INEQ4_c_W54,4,"1.000000,0.000000,0.000000,0.000000"
mistral_instruct,RACExPOLIDEOLOGY,RACExPOLIDEOLOGY :: Asian | Liberal,INEQ7_W54,4,"1.000000,0.000000,0.000000,0.000000"
mistral_instruct,RACExPOLIDEOLOGY,RACExPOLIDEOLOGY :: Asian | Moderate,INEQ7_W54,4,"0.000000,1.000000,0.000000,0.000000"
mistral_instruct,RACExPOLIDEOLOGY,RACExPOLIDEOLOGY :: Black | Conservative,INEQ7_W54,4,"1.000000,0.000000,0.000000,0.000000"
mistral_instruct,RACExPOLIDEOLOGY,RACExPOLIDEOLOGY :: Black | Liberal,INEQ7_W54,4,"1.000000,0.000000,0.000000,0.000000"
mistral_instruct,RACExPOLIDEOLOGY,RACExPOLIDEOLOGY :: Black | Moderate,INEQ7_W54,4,"0.000002,0.999998,0.000000,0.000000"
mistral_instruct,RACExPOLIDEOLOGY,RACExPOLIDEOLOGY :: Black | Very conservative,INEQ7_W54,4,"1.000000,0.000000,0.000000,0.000000"
mistral_instruct,RACExPOLIDEOLOGY,RACExPOLIDEOLOGY :: Black | Very liberal,INEQ7_W54,4,"1.000000,0.000000,0.000000,0.000000"
mistral_instruct,RACExPOLIDEOLOGY,RACExPOLIDEOLOGY :: Hispanic | Conservative,INEQ7_W54,4,"1.000000,0.000000,0.000000,0.000000"
mistral_instruct,RACExPOLIDEOLOGY,RACExPOLIDEOLOGY :: Hispanic | Liberal,INEQ7_W54,4,"1.000000,0.000000,0.000000,0.000000"
mistral_instruct,RACExPOLIDEOLOGY,RACExPOLIDEOLOGY :: Hispanic | Moderate,INEQ7_W54,4,"0.000000,1.000000,0.000000,0.000000"
mistral_instruct,RACExPOLIDEOLOGY,RACExPOLIDEOLOGY :: Mixed Race | Liberal,INEQ7_W54,4,"1.000000,0.000000,0.000000,0.000000"
mistral_instruct,RACExPOLIDEOLOGY,RACExPOLIDEOLOGY :: Mixed Race | Moderate,INEQ7_W54,4,"0.000000,0.999999,0.000000,0.000000"
mistral_instruct,RACExPOLIDEOLOGY,RACExPOLIDEOLOGY :: Refused | Moderate,INEQ7_W54,4,"0.001048,0.998793,0.000135,0.000023"
mistral_instruct,RACExPOLIDEOLOGY,RACExPOLIDEOLOGY :: White | Conservative,INEQ7_W54,4,"1.000000,0.000000,0.000000,0.000000"
mistral_instruct,RACExPOLIDEOLOGY,RACExPOLIDEOLOGY :: White | Liberal,INEQ7_W54,4,"1.000000,0.000000,0.000000,0.000000"
mistral_instruct,RACExPOLIDEOLOGY,RACExPOLIDEOLOGY :: White | Moderate,INEQ7_W54,4,"0.000000,1.000000,0.000000,0.000000"
mistral_instruct,RACExPOLIDEOLOGY,RACExPOLIDEOLOGY :: White | Refused,INEQ7_W54,4,"0.017192,0.000010,0.080117,0.902681"
mistral_instruct,RACExPOLIDEOLOGY,RACExPOLIDEOLOGY :: White | Very conservative,INEQ7_W54,4,"1.000000,0.000000,0.000000,0.000000"
mistral_instruct,RACExPOLIDEOLOGY,RACExPOLIDEOLOGY :: White | Very liberal,INEQ7_W54,4,"1.000000,0.000000,0.000000,0.000000"
mistral_instruct,RACExPOLIDEOLOGY,RACExPOLIDEOLOGY :: Asian | Liberal,INEQ8_h_W54,4,"0.000000,0.000000,1.000000,0.000000"
mistral_instruct,RACExPOLIDEOLOGY,RACExPOLIDEOLOGY :: Asian | Moderate,INEQ8_h_W54,4,"0.000000,0.000000,1.000000,0.000000"
mistral_instruct,RACExPOLIDEOLOGY,RACExPOLIDEOLOGY :: Black | Conservative,INEQ8_h_W54,4,"0.000000,0.000000,1.000000,0.000000"
mistral_instruct,RACExPOLIDEOLOGY,RACExPOLIDEOLOGY :: Black | Liberal,INEQ8_h_W54,4,"0.000000,0.000000,1.000000,0.000000"
mistral_instruct,RACExPOLIDEOLOGY,RACExPOLIDEOLOGY :: Black | Moderate,INEQ8_h_W54,4,"0.000000,0.000000,1.000000,0.000000"
mistral_instruct,RACExPOLIDEOLOGY,RACExPOLIDEOLOGY :: Black | Very conservative,INEQ8_h_W54,4,"0.000000,0.000000,1.000000,0.000000"
mistral_instruct,RACExPOLIDEOLOGY,RACExPOLIDEOLOGY :: Black | Very liberal,INEQ8_h_W54,4,"0.000000,0.000000,1.000000,0.000000"
mistral_instruct,RACExPOLIDEOLOGY,RACExPOLIDEOLOGY :: Hispanic | Conservative,INEQ8_h_W54,4,"0.000000,0.000000,1.000000,0.000000"
mistral_instruct,RACExPOLIDEOLOGY,RACExPOLIDEOLOGY :: Hispanic | Liberal,INEQ8_h_W54,4,"0.000000,0.000000,1.000000,0.000000"
mistral_instruct,RACExPOLIDEOLOGY,RACExPOLIDEOLOGY :: Hispanic | Moderate,INEQ8_h_W54,4,"0.000000,0.000000,1.000000,0.000000"
mistral_instruct,RACExPOLIDEOLOGY,RACExPOLIDEOLOGY :: Mixed Race | Liberal,INEQ8_h_W54,4,"0.000000,0.000000,1.000000,0.000000"
mistral_instruct,RACExPOLIDEOLOGY,RACExPOLIDEOLOGY :: Mixed Race | Moderate,INEQ8_h_W54,4,"0.000000,0.000000,1.000000,0.000000"
mistral_instruct,RACExPOLIDEOLOGY,RACExPOLIDEOLOGY :: Refused | Moderate,INEQ8_h_W54,4,"0.000000,0.000000,1.000000,0.000000"
mistral_instruct,RACExPOLIDEOLOGY,RACExPOLIDEOLOGY :: White | Conservative,INEQ8_h_W54,4,"0.000000,0.000000,1.000000,0.000000"
mistral_instruct,RACExPOLIDEOLOGY,RACExPOLIDEOLOGY :: White | Liberal,INEQ8_h_W54,4,"0.000000,0.000000,1.000000,0.000000"
mistral_instruct,RACExPOLIDEOLOGY,RACExPOLIDEOLOGY :: White | Moderate,INEQ8_h_W54,4,"0.000000,0.000000,1.000000,0.000000"
mistral_instruct,RACExPOLIDEOLOGY,RACExPOLIDEOLOGY :: White | Refused,INEQ8_h_W54,4,"0.000001,0.000000,0.986878,0.013121"
mistral_instruct,RACExPOLIDEOLOGY,RACExPOLIDEOLOGY :: White | Very conservative,INEQ8_h_W54,4,"0.000000,0.000000,1.000000,0.000000"
mistral_instruct,RACExPOLIDEOLOGY,RACExPOLIDEOLOGY :: White | Very liberal,INEQ8_h_W54,4,"0.000000,0.000000,1.000000,0.000000"
mistral_instruct,RACExPOLIDEOLOGY,RACExPOLIDEOLOGY :: Asian | Liberal,INEQ8_i_W54,4,"1.000000,0.000000,0.000000,0.000000"
mistral_instruct,RACExPOLIDEOLOGY,RACExPOLIDEOLOGY :: Asian | Moderate,INEQ8_i_W54,4,"0.000000,1.000000,0.000000,0.000000"
mistral_instruct,RACExPOLIDEOLOGY,RACExPOLIDEOLOGY :: Black | Conservative,INEQ8_i_W54,4,"0.000000,0.000000,1.000000,0.000000"
mistral_instruct,RACExPOLIDEOLOGY,RACExPOLIDEOLOGY :: Black | Liberal,INEQ8_i_W54,4,"1.000000,0.000000,0.000000,0.000000"
mistral_instruct,RACExPOLIDEOLOGY,RACExPOLIDEOLOGY :: Black | Moderate,INEQ8_i_W54,4,"0.000000,1.000000,0.000000,0.000000"
mistral_instruct,RACExPOLIDEOLOGY,RACExPOLIDEOLOGY :: Black | Very conservative,INEQ8_i_W54,4,"0.000000,0.000000,1.000000,0.000000"
mistral_instruct,RACExPOLIDEOLOGY,RACExPOLIDEOLOGY :: Black | Very liberal,INEQ8_i_W54,4,"1.000000,0.000000,0.000000,0.000000"
mistral_instruct,RACExPOLIDEOLOGY,RACExPOLIDEOLOGY :: Hispanic | Conservative,INEQ8_i_W54,4,"0.000000,0.000000,1.000000,0.000000"
mistral_instruct,RACExPOLIDEOLOGY,RACExPOLIDEOLOGY :: Hispanic | Liberal,INEQ8_i_W54,4,"1.000000,0.000000,0.000000,0.000000"
mistral_instruct,RACExPOLIDEOLOGY,RACExPOLIDEOLOGY :: Hispanic | Moderate,INEQ8_i_W54,4,"0.000000,1.000000,0.000000,0.000000"
mistral_instruct,RACExPOLIDEOLOGY,RACExPOLIDEOLOGY :: Mixed Race | Liberal,INEQ8_i_W54,4,"1.000000,0.000000,0.000000,0.000000"
mistral_instruct,RACExPOLIDEOLOGY,RACExPOLIDEOLOGY :: Mixed Race | Moderate,INEQ8_i_W54,4,"0.000000,1.000000,0.000000,0.000000"
mistral_instruct,RACExPOLIDEOLOGY,RACExPOLIDEOLOGY :: Refused | Moderate,INEQ8_i_W54,4,"0.000005,0.999696,0.000298,0.000001"
mistral_instruct,RACExPOLIDEOLOGY,RACExPOLIDEOLOGY :: White | Conservative,INEQ8_i_W54,4,"0.000000,0.000000,1.000000,0.000000"
mistral_instruct,RACExPOLIDEOLOGY,RACExPOLIDEOLOGY :: White | Liberal,INEQ8_i_W54,4,"1.000000,0.000000,0.000000,0.000000"
mistral_instruct,RACExPOLIDEOLOGY,RACExPOLIDEOLOGY :: White | Moderate,INEQ8_i_W54,4,"0.000000,0.999995,0.000004,0.000000"
mistral_instruct,RACExPOLIDEOLOGY,RACExPOLIDEOLOGY :: White | Refused,INEQ8_i_W54,4,"0.000022,0.000000,0.729504,0.270474"
mistral_instruct,RACExPOLIDEOLOGY,RACExPOLIDEOLOGY :: White | Very conservative,INEQ8_i_W54,4,"0.000000,0.000000,1.000000,0.000000"
mistral_instruct,RACExPOLIDEOLOGY,RACExPOLIDEOLOGY :: White | Very liberal,INEQ8_i_W54,4,"1.000000,0.000000,0.000000,0.000000"
mistral_instruct,RACExPOLIDEOLOGY,RACExPOLIDEOLOGY :: Asian | Liberal,MADEUPIMPe_W45,4,"0.787922,0.000010,0.212066,0.000002"
mistral_instruct,RACExPOLIDEOLOGY,RACExPOLIDEOLOGY :: Asian | Moderate,MADEUPIMPe_W45,4,"0.000001,0.999999,0.000000,0.000000"
mistral_instruct,RACExPOLIDEOLOGY,RACExPOLIDEOLOGY :: Black | Conservative,MADEUPIMPe_W45,4,"0.000000,0.000000,1.000000,0.000000"
mistral_instruct,RACExPOLIDEOLOGY,RACExPOLIDEOLOGY :: Black | Liberal,MADEUPIMPe_W45,4,"1.000000,0.000000,0.000000,0.000000"
mistral_instruct,RACExPOLIDEOLOGY,RACExPOLIDEOLOGY :: Black | Moderate,MADEUPIMPe_W45,4,"0.000001,0.999998,0.000000,0.000000"
mistral_instruct,RACExPOLIDEOLOGY,RACExPOLIDEOLOGY :: Black | Very liberal,MADEUPIMPe_W45,4,"1.000000,0.000000,0.000000,0.000000"
mistral_instruct,RACExPOLIDEOLOGY,RACExPOLIDEOLOGY :: Hispanic | Conservative,MADEUPIMPe_W45,4,"0.000000,0.000000,1.000000,0.000000"
mistral_instruct,RACExPOLIDEOLOGY,RACExPOLIDEOLOGY :: Hispanic | Liberal,MADEUPIMPe_W45,4,"1.000000,0.000000,0.000000,0.000000"
mistral_instruct,RACExPOLIDEOLOGY,RACExPOLIDEOLOGY :: Hispanic | Moderate,MADEUPIMPe_W45,4,"0.000001,0.999998,0.000000,0.000000"
mistral_instruct,RACExPOLIDEOLOGY,RACExPOLIDEOLOGY :: Mixed Race | Conservative,MADEUPIMPe_W45,4,"0.000004,0.000000,0.999995,0.000001"
mistral_instruct,RACExPOLIDEOLOGY,RACExPOLIDEOLOGY :: Mixed Race | Liberal,MADEUPIMPe_W45,4,"1.000000,0.000000,0.000000,0.000000"
mistral_instruct,RACExPOLIDEOLOGY,RACExPOLIDEOLOGY :: Mixed Race | Moderate,MADEUPIMPe_W45,4,"0.000002,0.999998,0.000000,0.000000"
mistral_instruct,RACExPOLIDEOLOGY,RACExPOLIDEOLOGY :: Refused | Moderate,MADEUPIMPe_W45,4,"0.000014,0.999862,0.000116,0.000007"
mistral_instruct,RACExPOLIDEOLOGY,RACExPOLIDEOLOGY :: White | Conservative,MADEUPIMPe_W45,4,"0.000000,0.000000,1.000000,0.000000"
mistral_instruct,RACExPOLIDEOLOGY,RACExPOLIDEOLOGY :: White | Liberal,MADEUPIMPe_W45,4,"0.999994,0.000000,0.000005,0.000000"
mistral_instruct,RACExPOLIDEOLOGY,RACExPOLIDEOLOGY :: White | Moderate,MADEUPIMPe_W45,4,"0.000002,0.999997,0.000001,0.000000"
mistral_instruct,RACExPOLIDEOLOGY,RACExPOLIDEOLOGY :: White | Refused,MADEUPIMPe_W45,4,"0.000000,0.000000,0.999913,0.000086"
mistral_instruct,RACExPOLIDEOLOGY,RACExPOLIDEOLOGY :: White | Very conservative,MADEUPIMPe_W45,4,"0.000000,0.000000,1.000000,0.000000"
mistral_instruct,RACExPOLIDEOLOGY,RACExPOLIDEOLOGY :: White | Very liberal,MADEUPIMPe_W45,4,"1.000000,0.000000,0.000000,0.000000"
mistral_instruct,RACExPOLIDEOLOGY,RACExPOLIDEOLOGY :: Asian | Liberal,MADEUPSMFOL1_W45,2,"1.000000,0.000000"
mistral_instruct,RACExPOLIDEOLOGY,RACExPOLIDEOLOGY :: Asian | Moderate,MADEUPSMFOL1_W45,2,"1.000000,0.000000"
mistral_instruct,RACExPOLIDEOLOGY,RACExPOLIDEOLOGY :: Black | Conservative,MADEUPSMFOL1_W45,2,"1.000000,0.000000"
mistral_instruct,RACExPOLIDEOLOGY,RACExPOLIDEOLOGY :: Black | Liberal,MADEUPSMFOL1_W45,2,"1.000000,0.000000"
mistral_instruct,RACExPOLIDEOLOGY,RACExPOLIDEOLOGY :: Black | Moderate,MADEUPSMFOL1_W45,2,"1.000000,0.000000"
mistral_instruct,RACExPOLIDEOLOGY,RACExPOLIDEOLOGY :: Black | Very liberal,MADEUPSMFOL1_W45,2,"1.000000,0.000000"
mistral_instruct,RACExPOLIDEOLOGY,RACExPOLIDEOLOGY :: Hispanic | Conservative,MADEUPSMFOL1_W45,2,"1.000000,0.000000"
mistral_instruct,RACExPOLIDEOLOGY,RACExPOLIDEOLOGY :: Hispanic | Liberal,MADEUPSMFOL1_W45,2,"1.000000,0.000000"
mistral_instruct,RACExPOLIDEOLOGY,RACExPOLIDEOLOGY :: Hispanic | Moderate,MADEUPSMFOL1_W45,2,"1.000000,0.000000"
mistral_instruct,RACExPOLIDEOLOGY,RACExPOLIDEOLOGY :: Mixed Race | Conservative,MADEUPSMFOL1_W45,2,"1.000000,0.000000"
mistral_instruct,RACExPOLIDEOLOGY,RACExPOLIDEOLOGY :: Mixed Race | Liberal,MADEUPSMFOL1_W45,2,"1.000000,0.000000"
mistral_instruct,RACExPOLIDEOLOGY,RACExPOLIDEOLOGY :: Mixed Race | Moderate,MADEUPSMFOL1_W45,2,"1.000000,0.000000"
mistral_instruct,RACExPOLIDEOLOGY,RACExPOLIDEOLOGY :: Refused | Moderate,MADEUPSMFOL1_W45,2,"1.000000,0.000000"
mistral_instruct,RACExPOLIDEOLOGY,RACExPOLIDEOLOGY :: White | Conservative,MADEUPSMFOL1_W45,2,"1.000000,0.000000"
mistral_instruct,RACExPOLIDEOLOGY,RACExPOLIDEOLOGY :: White | Liberal,MADEUPSMFOL1_W45,2,"1.000000,0.000000"
mistral_instruct,RACExPOLIDEOLOGY,RACExPOLIDEOLOGY :: White | Moderate,MADEUPSMFOL1_W45,2,"1.000000,0.000000"
mistral_instruct,RACExPOLIDEOLOGY,RACExPOLIDEOLOGY :: White | Refused,MADEUPSMFOL1_W45,2,"1.000000,0.000000"
mistral_instruct,RACExPOLIDEOLOGY,RACExPOLIDEOLOGY :: White | Very conservative,MADEUPSMFOL1_W45,2,"1.000000,0.000000"
mistral_instruct,RACExPOLIDEOLOGY,RACExPOLIDEOLOGY :: White | Very liberal,MADEUPSMFOL1_W45,2,"1.000000,0.000000"
mistral_instruct,RACExPOLIDEOLOGY,RACExPOLIDEOLOGY :: Asian | Liberal,MADEUPSMFOL2_W45,2,"1.000000,0.000000"
mistral_instruct,RACExPOLIDEOLOGY,RACExPOLIDEOLOGY :: Asian | Moderate,MADEUPSMFOL2_W45,2,"1.000000,0.000000"
mistral_instruct,RACExPOLIDEOLOGY,RACExPOLIDEOLOGY :: Black | Conservative,MADEUPSMFOL2_W45,2,"1.000000,0.000000"
mistral_instruct,RACExPOLIDEOLOGY,RACExPOLIDEOLOGY :: Black | Liberal,MADEUPSMFOL2_W45,2,"1.000000,0.000000"
mistral_instruct,RACExPOLIDEOLOGY,RACExPOLIDEOLOGY :: Black | Moderate,MADEUPSMFOL2_W45,2,"1.000000,0.000000"
mistral_instruct,RACExPOLIDEOLOGY,RACExPOLIDEOLOGY :: Black | Very liberal,MADEUPSMFOL2_W45,2,"1.000000,0.000000"
mistral_instruct,RACExPOLIDEOLOGY,RACExPOLIDEOLOGY :: Hispanic | Conservative,MADEUPSMFOL2_W45,2,"1.000000,0.000000"
mistral_instruct,RACExPOLIDEOLOGY,RACExPOLIDEOLOGY :: Hispanic | Liberal,MADEUPSMFOL2_W45,2,"1.000000,0.000000"
mistral_instruct,RACExPOLIDEOLOGY,RACExPOLIDEOLOGY :: Hispanic | Moderate,MADEUPSMFOL2_W45,2,"1.000000,0.000000"
mistral_instruct,RACExPOLIDEOLOGY,RACExPOLIDEOLOGY :: Mixed Race | Conservative,MADEUPSMFOL2_W45,2,"1.000000,0.000000"
mistral_instruct,RACExPOLIDEOLOGY,RACExPOLIDEOLOGY :: Mixed Race | Liberal,MADEUPSMFOL2_W45,2,"1.000000,0.000000"
mistral_instruct,RACExPOLIDEOLOGY,RACExPOLIDEOLOGY :: Mixed Race | Moderate,MADEUPSMFOL2_W45,2,"1.000000,0.000000"
mistral_instruct,RACExPOLIDEOLOGY,RACExPOLIDEOLOGY :: Refused | Moderate,MADEUPSMFOL2_W45,2,"1.000000,0.000000"
mistral_instruct,RACExPOLIDEOLOGY,RACExPOLIDEOLOGY :: White | Conservative,MADEUPSMFOL2_W45,2,"1.000000,0.000000"
mistral_instruct,RACExPOLIDEOLOGY,RACExPOLIDEOLOGY :: White | Liberal,MADEUPSMFOL2_W45,2,"1.000000,0.000000"
mistral_instruct,RACExPOLIDEOLOGY,RACExPOLIDEOLOGY :: White | Moderate,MADEUPSMFOL2_W45,2,"1.000000,0.000000"
mistral_instruct,RACExPOLIDEOLOGY,RACExPOLIDEOLOGY :: White | Refused,MADEUPSMFOL2_W45,2,"1.000000,0.000000"
mistral_instruct,RACExPOLIDEOLOGY,RACExPOLIDEOLOGY :: White | Very conservative,MADEUPSMFOL2_W45,2,"1.000000,0.000000"
mistral_instruct,RACExPOLIDEOLOGY,RACExPOLIDEOLOGY :: White | Very liberal,MADEUPSMFOL2_W45,2,"1.000000,0.000000"
mistral_instruct,RACExPOLIDEOLOGY,RACExPOLIDEOLOGY :: Asian | Liberal,NEIGHSAMEA_W32,5,"0.000000,0.000000,0.000000,1.000000,0.000000"
mistral_instruct,RACExPOLIDEOLOGY,RACExPOLIDEOLOGY :: Asian | Moderate,NEIGHSAMEA_W32,5,"0.000000,0.000000,0.000000,1.000000,0.000000"
mistral_instruct,RACExPOLIDEOLOGY,RACExPOLIDEOLOGY :: Black | Conservative,NEIGHSAMEA_W32,5,"0.000000,0.000000,0.000000,1.000000,0.000000"
mistral_instruct,RACExPOLIDEOLOGY,RACExPOLIDEOLOGY :: Black | Liberal,NEIGHSAMEA_W32,5,"0.000000,0.000000,0.000000,1.000000,0.000000"
mistral_instruct,RACExPOLIDEOLOGY,RACExPOLIDEOLOGY :: Black | Moderate,NEIGHSAMEA_W32,5,"0.000000,0.000000,0.000000,1.000000,0.000000"
mistral_instruct,RACExPOLIDEOLOGY,RACExPOLIDEOLOGY :: Black | Very conservative,NEIGHSAMEA_W32,5,"0.000000,0.000000,0.000000,0.999999,0.000001"
mistral_instruct,RACExPOLIDEOLOGY,RACExPOLIDEOLOGY :: Black | Very liberal,NEIGHSAMEA_W32,5,"0.000000,0.000000,0.000000,1.000000,0.000000"
mistral_instruct,RACExPOLIDEOLOGY,RACExPOLIDEOLOGY :: Hispanic | Conservative,NEIGHSAMEA_W32,5,"0.000000,0.000000,0.000000,1.000000,0.000000"
mistral_instruct,RACExPOLIDEOLOGY,RACExPOLIDEOLOGY :: Hispanic | Liberal,NEIGHSAMEA_W32,5,"0.000000,0.000000,0.000000,1.000000,0.000000"
mistral_instruct,RACExPOLIDEOLOGY,RACExPOLIDEOLOGY :: Hispanic | Moderate,NEIGHSAMEA_W32,5,"0.000000,0.000000,0.000000,1.000000,0.000000"
mistral_instruct,RACExPOLIDEOLOGY,RACExPOLIDEOLOGY :: Hispanic | Very liberal,NEIGHSAMEA_W32,5,"0.000000,0.000000,0.000000,1.000000,0.000000"
mistral_instruct,RACExPOLIDEOLOGY,RACExPOLIDEOLOGY :: Mixed Race | Moderate,NEIGHSAMEA_W32,5,"0.000000,0.000000,0.000000,1.000000,0.000000"
mistral_instruct,RACExPOLIDEOLOGY,RACExPOLIDEOLOGY :: Other | Conservative,NEIGHSAMEA_W32,5,"0.000000,0.000000,0.000000,1.000000,0.000000"
mistral_instruct,RACExPOLIDEOLOGY,RACExPOLIDEOLOGY :: Other | Moderate,NEIGHSAMEA_W32,5,"0.000000,0.000000,0.000000,1.000000,0.000000"
mistral_instruct,RACExPOLIDEOLOGY,RACExPOLIDEOLOGY :: White | Conservative,NEIGHSAMEA_W32,5,"0.000000,0.000000,0.000000,1.000000,0.000000"
mistral_instruct,RACExPOLIDEOLOGY,RACExPOLIDEOLOGY :: White | Liberal,NEIGHSAMEA_W32,5,"0.000000,0.000000,0.000000,1.000000,0.000000"
mistral_instruct,RACExPOLIDEOLOGY,RACExPOLIDEOLOGY :: White | Moderate,NEIGHSAMEA_W32,5,"0.000000,0.000000,0.000000,1.000000,0.000000"
mistral_instruct,RACExPOLIDEOLOGY,RACExPOLIDEOLOGY :: White | Refused,NEIGHSAMEA_W32,5,"0.000000,0.000000,0.000000,0.001755,0.998245"
mistral_instruct,RACExPOLIDEOLOGY,RACExPOLIDEOLOGY :: White | Very conservative,NEIGHSAMEA_W32,5,"0.000000,0.000000,0.000000,1.000000,0.000000"
mistral_instruct,RACExPOLIDEOLOGY,RACExPOLIDEOLOGY :: White | Very liberal,NEIGHSAMEA_W32,5,"0.000000,0.000000,0.000000,1.000000,0.000000"
mistral_instruct,RACExPOLIDEOLOGY,RACExPOLIDEOLOGY :: Asian | Liberal,NEWSPREFV2_W45,5,"0.000000,0.000000,0.000000,0.000000,1.000000"
mistral_instruct,RACExPOLIDEOLOGY,RACExPOLIDEOLOGY :: Asian | Moderate,NEWSPREFV2_W45,5,"0.000000,0.000000,0.000000,0.000000,1.000000"
mistral_instruct,RACExPOLIDEOLOGY,RACExPOLIDEOLOGY :: Black | Conservative,NEWSPREFV2_W45,5,"0.000004,0.000000,0.011158,0.000000,0.988838"
mistral_instruct,RACExPOLIDEOLOGY,RACExPOLIDEOLOGY :: Black | Liberal,NEWSPREFV2_W45,5,"0.000000,0.000000,0.000000,0.000001,1.000000"
mistral_instruct,RACExPOLIDEOLOGY,RACExPOLIDEOLOGY :: Black | Moderate,NEWSPREFV2_W45,5,"0.000000,0.000000,0.000000,0.000000,1.000000"
mistral_instruct,RACExPOLIDEOLOGY,RACExPOLIDEOLOGY :: Black | Very liberal,NEWSPREFV2_W45,5,"0.000000,0.000000,0.000000,0.000055,0.999945"
mistral_instruct,RACExPOLIDEOLOGY,RACExPOLIDEOLOGY :: Hispanic | Conservative,NEWSPREFV2_W45,5,"0.000000,0.000000,0.171061,0.000000,0.828938"
mistral_instruct,RACExPOLIDEOLOGY,RACExPOLIDEOLOGY :: Hispanic | Liberal,NEWSPREFV2_W45,5,"0.000000,0.000000,0.000000,0.000000,1.000000"
mistral_instruct,RACExPOLIDEOLOGY,RACExPOLIDEOLOGY :: Hispanic | Moderate,NEWSPREFV2_W45,5,"0.000000,0.000000,0.000000,0.000000,1.000000"
mistral_instruct,RACExPOLIDEOLOGY,RACExPOLIDEOLOGY :: Mixed Race | Conservative,NEWSPREFV2_W45,5,"0.000000,0.000000,0.000000,0.000000,1.000000"
mistral_instruct,RACExPOLIDEOLOGY,RACExPOLIDEOLOGY :: Mixed Race | Liberal,NEWSPREFV2_W45,5,"0.000000,0.000000,0.000000,0.000000,1.000000"
mistral_instruct,RACExPOLIDEOLOGY,RACExPOLIDEOLOGY :: Mixed Race | Moderate,NEWSPREFV2_W45,5,"0.000000,0.000000,0.000000,0.000000,1.000000"
mistral_instruct,RACExPOLIDEOLOGY,RACExPOLIDEOLOGY :: Refused | Moderate,NEWSPREFV2_W45,5,"0.000000,0.000000,0.000000,0.011158,0.988842"
mistral_instruct,RACExPOLIDEOLOGY,RACExPOLIDEOLOGY :: White | Conservative,NEWSPREFV2_W45,5,"0.000000,0.000000,0.999999,0.000000,0.000001"
mistral_instruct,RACExPOLIDEOLOGY,RACExPOLIDEOLOGY :: White | Liberal,NEWSPREFV2_W45,5,"0.000000,0.000000,0.000000,0.000000,1.000000"
mistral_instruct,RACExPOLIDEOLOGY,RACExPOLIDEOLOGY :: White | Moderate,NEWSPREFV2_W45,5,"0.000000,0.000000,0.000000,0.000000,1.000000"
mistral_instruct,RACExPOLIDEOLOGY,RACExPOLIDEOLOGY :: White | Refused,NEWSPREFV2_W45,5,"0.000011,0.000000,0.000000,0.997535,0.002453"
mistral_instruct,RACExPOLIDEOLOGY,RACExPOLIDEOLOGY :: White | Very conservative,NEWSPREFV2_W45,5,"0.003173,0.000000,0.996827,0.000000,0.000000"
mistral_instruct,RACExPOLIDEOLOGY,RACExPOLIDEOLOGY :: White | Very liberal,NEWSPREFV2_W45,5,"0.000000,0.000000,0.000000,0.000000,1.000000"
mistral_instruct,RACExPOLIDEOLOGY,RACExPOLIDEOLOGY :: Asian | Liberal,NEWSPROBc_W45,4,"0.999997,0.000000,0.000003,0.000000"
mistral_instruct,RACExPOLIDEOLOGY,RACExPOLIDEOLOGY :: Asian | Moderate,NEWSPROBc_W45,4,"0.000000,1.000000,0.000000,0.000000"
mistral_instruct,RACExPOLIDEOLOGY,RACExPOLIDEOLOGY :: Black | Conservative,NEWSPROBc_W45,4,"0.998273,0.000000,0.001727,0.000000"
mistral_instruct,RACExPOLIDEOLOGY,RACExPOLIDEOLOGY :: Black | Liberal,NEWSPROBc_W45,4,"1.000000,0.000000,0.000000,0.000000"
mistral_instruct,RACExPOLIDEOLOGY,RACExPOLIDEOLOGY :: Black | Moderate,NEWSPROBc_W45,4,"0.000000,1.000000,0.000000,0.000000"
mistral_instruct,RACExPOLIDEOLOGY,RACExPOLIDEOLOGY :: Black | Very liberal,NEWSPROBc_W45,4,"1.000000,0.000000,0.000000,0.000000"
mistral_instruct,RACExPOLIDEOLOGY,RACExPOLIDEOLOGY :: Hispanic | Conservative,NEWSPROBc_W45,4,"0.999994,0.000000,0.000006,0.000000"
mistral_instruct,RACExPOLIDEOLOGY,RACExPOLIDEOLOGY :: Hispanic | Liberal,NEWSPROBc_W45,4,"1.000000,0.000000,0.000000,0.000000"
mistral_instruct,RACExPOLIDEOLOGY,RACExPOLIDEOLOGY :: Hispanic | Moderate,NEWSPROBc_W45,4,"0.000000,1.000000,0.000000,0.000000"
mistral_instruct,RACExPOLIDEOLOGY,RACExPOLIDEOLOGY :: Mixed Race | Conservative,NEWSPROBc_W45,4,"0.999766,0.000000,0.000234,0.000000"
mistral_instruct,RACExPOLIDEOLOGY,RACExPOLIDEOLOGY :: Mixed Race | Liberal,NEWSPROBc_W45,4,"1.000000,0.000000,0.000000,0.000000"
mistral_instruct,RACExPOLIDEOLOGY,RACExPOLIDEOLOGY :: Mixed Race | Moderate,NEWSPROBc_W45,4,"0.000000,1.000000,0.000000,0.000000"
mistral_instruct,RACExPOLIDEOLOGY,RACExPOLIDEOLOGY :: Refused | Moderate,NEWSPROBc_W45,4,"0.000000,0.999999,0.000001,0.000000"
mistral_instruct,RACExPOLIDEOLOGY,RACExPOLIDEOLOGY :: White | Conservative,NEWSPROBc_W45,4,"0.999999,0.000000,0.000001,0.000000"
mistral_instruct,RACExPOLIDEOLOGY,RACExPOLIDEOLOGY :: White | Liberal,NEWSPROBc_W45,4,"1.000000,0.000000,0.000000,0.000000"
mistral_instruct,RACExPOLIDEOLOGY,RACExPOLIDEOLOGY :: White | Moderate,NEWSPROBc_W45,4,"0.000000,1.000000,0.000000,0.000000"
mistral_instruct,RACExPOLIDEOLOGY,RACExPOLIDEOLOGY :: White | Refused,NEWSPROBc_W45,4,"0.000002,0.000000,0.002935,0.997063"
mistral_instruct,RACExPOLIDEOLOGY,RACExPOLIDEOLOGY :: White | Very conservative,NEWSPROBc_W45,4,"1.000000,0.000000,0.000000,0.000000"
mistral_instruct,RACExPOLIDEOLOGY,RACExPOLIDEOLOGY :: White | Very liberal,NEWSPROBc_W45,4,"1.000000,0.000000,0.000000,0.000000"
mistral_instruct,RACExPOLIDEOLOGY,RACExPOLIDEOLOGY :: Asian | Conservative,OPENIDEN_W92,2,"0.000000,1.000000"
mistral_instruct,RACExPOLIDEOLOGY,RACExPOLIDEOLOGY :: Asian | Liberal,OPENIDEN_W92,2,"1.000000,0.000000"
mistral_instruct,RACExPOLIDEOLOGY,RACExPOLIDEOLOGY :: Asian | Moderate,OPENIDEN_W92,2,"1.000000,0.000000"
mistral_instruct,RACExPOLIDEOLOGY,RACExPOLIDEOLOGY :: Black | Conservative,OPENIDEN_W92,2,"0.000000,1.000000"
mistral_instruct,RACExPOLIDEOLOGY,RACExPOLIDEOLOGY :: Black | Liberal,OPENIDEN_W92,2,"1.000000,0.000000"
mistral_instruct,RACExPOLIDEOLOGY,RACExPOLIDEOLOGY :: Black | Moderate,OPENIDEN_W92,2,"1.000000,0.000000"
mistral_instruct,RACExPOLIDEOLOGY,RACExPOLIDEOLOGY :: Black | Very conservative,OPENIDEN_W92,2,"0.000000,1.000000"
mistral_instruct,RACExPOLIDEOLOGY,RACExPOLIDEOLOGY :: Black | Very liberal,OPENIDEN_W92,2,"1.000000,0.000000"
mistral_instruct,RACExPOLIDEOLOGY,RACExPOLIDEOLOGY :: Hispanic | Conservative,OPENIDEN_W92,2,"0.000000,1.000000"
mistral_instruct,RACExPOLIDEOLOGY,RACExPOLIDEOLOGY :: Hispanic | Liberal,OPENIDEN_W92,2,"1.000000,0.000000"
mistral_instruct,RACExPOLIDEOLOGY,RACExPOLIDEOLOGY :: Hispanic | Moderate,OPENIDEN_W92,2,"1.000000,0.000000"
mistral_instruct,RACExPOLIDEOLOGY,RACExPOLIDEOLOGY :: Hispanic | Very conservative,OPENIDEN_W92,2,"0.000000,1.000000"
mistral_instruct,RACExPOLIDEOLOGY,RACExPOLIDEOLOGY :: Hispanic | Very liberal,OPENIDEN_W92,2,"1.000000,0.000000"
mistral_instruct,RACExPOLIDEOLOGY,RACExPOLIDEOLOGY :: Mixed Race | Conservative,OPENIDEN_W92,2,"0.000000,1.000000"
mistral_instruct,RACExPOLIDEOLOGY,RACExPOLIDEOLOGY :: Mixed Race | Liberal,OPENIDEN_W92,2,"1.000000,0.000000"
mistral_instruct,RACExPOLIDEOLOGY,RACExPOLIDEOLOGY :: Mixed Race | Moderate,OPENIDEN_W92,2,"1.000000,0.000000"
mistral_instruct,RACExPOLIDEOLOGY,RACExPOLIDEOLOGY :: Refused | Conservative,OPENIDEN_W92,2,"0.000000,1.000000"
mistral_instruct,RACExPOLIDEOLOGY,RACExPOLIDEOLOGY :: Refused | Moderate,OPENIDEN_W92,2,"1.000000,0.000000"
mistral_instruct,RACExPOLIDEOLOGY,RACExPOLIDEOLOGY :: White | Conservative,OPENIDEN_W92,2,"0.000000,1.000000"
mistral_instruct,RACExPOLIDEOLOGY,RACExPOLIDEOLOGY :: White | Liberal,OPENIDEN_W92,2,"1.000000,0.000000"
mistral_instruct,RACExPOLIDEOLOGY,RACExPOLIDEOLOGY :: White | Moderate,OPENIDEN_W92,2,"1.000000,0.000000"
mistral_instruct,RACExPOLIDEOLOGY,RACExPOLIDEOLOGY :: White | Refused,OPENIDEN_W92,2,"0.000000,1.000000"
mistral_instruct,RACExPOLIDEOLOGY,RACExPOLIDEOLOGY :: White | Very conservative,OPENIDEN_W92,2,"0.000000,1.000000"
mistral_instruct,RACExPOLIDEOLOGY,RACExPOLIDEOLOGY :: White | Very liberal,OPENIDEN_W92,2,"1.000000,0.000000"
mistral_instruct,RACExPOLIDEOLOGY,RACExPOLIDEOLOGY :: Asian | Conservative,ORIENTATIONMOD_W50,4,"0.000000,1.000000,0.000000,0.000000"
mistral_instruct,RACExPOLIDEOLOGY,RACExPOLIDEOLOGY :: Asian | Liberal,ORIENTATIONMOD_W50,4,"0.000000,1.000000,0.000000,0.000000"
mistral_instruct,RACExPOLIDEOLOGY,RACExPOLIDEOLOGY :: Asian | Moderate,ORIENTATIONMOD_W50,4,"0.000000,1.000000,0.000000,0.000000"
mistral_instruct,RACExPOLIDEOLOGY,RACExPOLIDEOLOGY :: Asian | Very liberal,ORIENTATIONMOD_W50,4,"0.000009,0.999989,0.000000,0.000001"
mistral_instruct,RACExPOLIDEOLOGY,RACExPOLIDEOLOGY :: Black | Conservative,ORIENTATIONMOD_W50,4,"0.000000,1.000000,0.000000,0.000000"
mistral_instruct,RACExPOLIDEOLOGY,RACExPOLIDEOLOGY :: Black | Liberal,ORIENTATIONMOD_W50,4,"0.000000,1.000000,0.000000,0.000000"
mistral_instruct,RACExPOLIDEOLOGY,RACExPOLIDEOLOGY :: Black | Moderate,ORIENTATIONMOD_W50,4,"0.000000,1.000000,0.000000,0.000000"
mistral_instruct,RACExPOLIDEOLOGY,RACExPOLIDEOLOGY :: Black | Refused,ORIENTATIONMOD_W50,4,"0.008669,0.713320,0.000845,0.277166"
mistral_instruct,RACExPOLIDEOLOGY,RACExPOLIDEOLOGY :: Black | Very conservative,ORIENTATIONMOD_W50,4,"0.000000,1.000000,0.000000,0.000000"
mistral_instruct,RACExPOLIDEOLOGY,RACExPOLIDEOLOGY :: Black | Very liberal,ORIENTATIONMOD_W50,4,"0.000000,1.000000,0.000000,0.000000"
mistral_instruct,RACExPOLIDEOLOGY,RACExPOLIDEOLOGY :: Hispanic | Conservative,ORIENTATIONMOD_W50,4,"0.000000,1.000000,0.000000,0.000000"
mistral_instruct,RACExPOLIDEOLOGY,RACExPOLIDEOLOGY :: Hispanic | Liberal,ORIENTATIONMOD_W50,4,"0.000000,0.999999,0.000000,0.000000"
mistral_instruct,RACExPOLIDEOLOGY,RACExPOLIDEOLOGY :: Hispanic | Moderate,ORIENTATIONMOD_W50,4,"0.000000,1.000000,0.000000,0.000000"
mistral_instruct,RACExPOLIDEOLOGY,RACExPOLIDEOLOGY :: Hispanic | Very liberal,ORIENTATIONMOD_W50,4,"0.000001,0.999998,0.000000,0.000000"
mistral_instruct,RACExPOLIDEOLOGY,RACExPOLIDEOLOGY :: Mixed Race | Conservative,ORIENTATIONMOD_W50,4,"0.000000,0.999999,0.000000,0.000000"
mistral_instruct,RACExPOLIDEOLOGY,RACExPOLIDEOLOGY :: Mixed Race | Liberal,ORIENTATIONMOD_W50,4,"0.000942,0.000095,0.001494,0.997470"
mistral_instruct,RACExPOLIDEOLOGY,RACExPOLIDEOLOGY :: Mixed Race | Moderate,ORIENTATIONMOD_W50,4,"0.001529,0.890473,0.000812,0.107186"
mistral_instruct,RACExPOLIDEOLOGY,RACExPOLIDEOLOGY :: Refused | Moderate,ORIENTATIONMOD_W50,4,"0.000100,0.000001,0.000005,0.999894"
mistral_instruct,RACExPOLIDEOLOGY,RACExPOLIDEOLOGY :: White | Conservative,ORIENTATIONMOD_W50,4,"0.000000,1.000000,0.000000,0.000000"
mistral_instruct,RACExPOLIDEOLOGY,RACExPOLIDEOLOGY :: White | Liberal,ORIENTATIONMOD_W50,4,"0.000000,1.000000,0.000000,0.000000"
mistral_instruct,RACExPOLIDEOLOGY,RACExPOLIDEOLOGY :: White | Moderate,ORIENTATIONMOD_W50,4,"0.000000,1.000000,0.000000,0.000000"
mistral_instruct,RACExPOLIDEOLOGY,RACExPOLIDEOLOGY :: White | Refused,ORIENTATIONMOD_W50,4,"0.003153,0.986638,0.000229,0.009980"
mistral_instruct,RACExPOLIDEOLOGY,RACExPOLIDEOLOGY :: White | Very conservative,ORIENTATIONMOD_W50,4,"0.000000,1.000000,0.000000,0.000000"
mistral_instruct,RACExPOLIDEOLOGY,RACExPOLIDEOLOGY :: White | Very liberal,ORIENTATIONMOD_W50,4,"0.000000,1.000000,0.000000,0.000000"
mistral_instruct,RACExPOLIDEOLOGY,RACExPOLIDEOLOGY :: Asian | Conservative,RACESURV14_W43,4,"0.000000,0.000000,0.000000,1.000000"
mistral_instruct,RACExPOLIDEOLOGY,RACExPOLIDEOLOGY :: Asian | Liberal,RACESURV14_W43,4,"0.000000,0.000000,0.000000,1.000000"
mistral_instruct,RACExPOLIDEOLOGY,RACExPOLIDEOLOGY :: Asian | Moderate,RACESURV14_W43,4,"0.000000,0.000000,0.000004,0.999996"
mistral_instruct,RACExPOLIDEOLOGY,RACExPOLIDEOLOGY :: Asian | Very liberal,RACESURV14_W43,4,"0.000000,0.000000,0.000000,1.000000"
mistral_instruct,RACExPOLIDEOLOGY,RACExPOLIDEOLOGY :: Black | Conservative,RACESURV14_W43,4,"0.000000,0.000000,0.000000,1.000000"
mistral_instruct,RACExPOLIDEOLOGY,RACExPOLIDEOLOGY :: Black | Liberal,RACESURV14_W43,4,"0.000000,0.000000,0.000000,1.000000"
mistral_instruct,RACExPOLIDEOLOGY,RACExPOLIDEOLOGY :: Black | Moderate,RACESURV14_W43,4,"0.000000,0.000000,0.000000,1.000000"
mistral_instruct,RACExPOLIDEOLOGY,RACExPOLIDEOLOGY :: Black | Very conservative,RACESURV14_W43,4,"0.000000,0.000000,0.000000,1.000000"
mistral_instruct,RACExPOLIDEOLOGY,RACExPOLIDEOLOGY :: Black | Very liberal,RACESURV14_W43,4,"0.000000,0.000000,0.000000,1.000000"
mistral_instruct,RACExPOLIDEOLOGY,RACExPOLIDEOLOGY :: Hispanic | Conservative,RACESURV14_W43,4,"0.000000,0.000000,0.000000,1.000000"
mistral_instruct,RACExPOLIDEOLOGY,RACExPOLIDEOLOGY :: Hispanic | Liberal,RACESURV14_W43,4,"0.000000,0.000000,0.000000,1.000000"
mistral_instruct,RACExPOLIDEOLOGY,RACExPOLIDEOLOGY :: Hispanic | Moderate,RACESURV14_W43,4,"0.000000,0.000000,0.000005,0.999995"
mistral_instruct,RACExPOLIDEOLOGY,RACExPOLIDEOLOGY :: Hispanic | Refused,RACESURV14_W43,4,"0.000000,0.000000,0.000000,1.000000"
mistral_instruct,RACExPOLIDEOLOGY,RACExPOLIDEOLOGY :: Hispanic | Very conservative,RACESURV14_W43,4,"0.000000,0.000000,0.000000,1.000000"
mistral_instruct,RACExPOLIDEOLOGY,RACExPOLIDEOLOGY :: Hispanic | Very liberal,RACESURV14_W43,4,"0.000000,0.000000,0.000000,1.000000"
mistral_instruct,RACExPOLIDEOLOGY,RACExPOLIDEOLOGY :: Other | Conservative,RACESURV14_W43,4,"0.000000,0.000000,0.000000,1.000000"
mistral_instruct,RACExPOLIDEOLOGY,RACExPOLIDEOLOGY :: Other | Liberal,RACESURV14_W43,4,"0.000000,0.000000,0.000000,1.000000"
mistral_instruct,RACExPOLIDEOLOGY,RACExPOLIDEOLOGY :: Other | Moderate,RACESURV14_W43,4,"0.000000,0.000000,0.000163,0.999836"
mistral_instruct,RACExPOLIDEOLOGY,RACExPOLIDEOLOGY :: White | Conservative,RACESURV14_W43,4,"0.000000,0.000000,0.000000,1.000000"
mistral_instruct,RACExPOLIDEOLOGY,RACExPOLIDEOLOGY :: White | Liberal,RACESURV14_W43,4,"0.000000,0.000000,0.000000,1.000000"
mistral_instruct,RACExPOLIDEOLOGY,RACExPOLIDEOLOGY :: White | Moderate,RACESURV14_W43,4,"0.000000,0.000000,0.002067,0.997933"
mistral_instruct,RACExPOLIDEOLOGY,RACExPOLIDEOLOGY :: White | Refused,RACESURV14_W43,4,"0.000000,0.000000,0.000000,1.000000"
mistral_instruct,RACExPOLIDEOLOGY,RACExPOLIDEOLOGY :: White | Very conservative,RACESURV14_W43,4,"0.000000,0.000000,0.000000,1.000000"
mistral_instruct,RACExPOLIDEOLOGY,RACExPOLIDEOLOGY :: White | Very liberal,RACESURV14_W43,4,"0.000000,0.000000,0.000000,1.000000"
mistral_instruct,RACExPOLIDEOLOGY,RACExPOLIDEOLOGY :: Asian | Conservative,RACESURV16_W43,2,"0.999957,0.000043"
mistral_instruct,RACExPOLIDEOLOGY,RACExPOLIDEOLOGY :: Asian | Liberal,RACESURV16_W43,2,"1.000000,0.000000"
mistral_instruct,RACExPOLIDEOLOGY,RACExPOLIDEOLOGY :: Asian | Moderate,RACESURV16_W43,2,"1.000000,0.000000"
mistral_instruct,RACExPOLIDEOLOGY,RACExPOLIDEOLOGY :: Asian | Very liberal,RACESURV16_W43,2,"1.000000,0.000000"
mistral_instruct,RACExPOLIDEOLOGY,RACExPOLIDEOLOGY :: Black | Conservative,RACESURV16_W43,2,"1.000000,0.000000"
mistral_instruct,RACExPOLIDEOLOGY,RACExPOLIDEOLOGY :: Black | Liberal,RACESURV16_W43,2,"1.000000,0.000000"
mistral_instruct,RACExPOLIDEOLOGY,RACExPOLIDEOLOGY :: Black | Moderate,RACESURV16_W43,2,"1.000000,0.000000"
mistral_instruct,RACExPOLIDEOLOGY,RACExPOLIDEOLOGY :: Black | Very conservative,RACESURV16_W43,2,"1.000000,0.000000"
mistral_instruct,RACExPOLIDEOLOGY,RACExPOLIDEOLOGY :: Black | Very liberal,RACESURV16_W43,2,"1.000000,0.000000"
mistral_instruct,RACExPOLIDEOLOGY,RACExPOLIDEOLOGY :: Hispanic | Conservative,RACESURV16_W43,2,"0.999999,0.000001"
mistral_instruct,RACExPOLIDEOLOGY,RACExPOLIDEOLOGY :: Hispanic | Liberal,RACESURV16_W43,2,"1.000000,0.000000"
mistral_instruct,RACExPOLIDEOLOGY,RACExPOLIDEOLOGY :: Hispanic | Moderate,RACESURV16_W43,2,"1.000000,0.000000"
mistral_instruct,RACExPOLIDEOLOGY,RACExPOLIDEOLOGY :: Hispanic | Refused,RACESURV16_W43,2,"1.000000,0.000000"
mistral_instruct,RACExPOLIDEOLOGY,RACExPOLIDEOLOGY :: Hispanic | Very conservative,RACESURV16_W43,2,"1.000000,0.000000"
mistral_instruct,RACExPOLIDEOLOGY,RACExPOLIDEOLOGY :: Hispanic | Very liberal,RACESURV16_W43,2,"1.000000,0.000000"
mistral_instruct,RACExPOLIDEOLOGY,RACExPOLIDEOLOGY :: Other | Conservative,RACESURV16_W43,2,"1.000000,0.000000"
mistral_instruct,RACExPOLIDEOLOGY,RACExPOLIDEOLOGY :: Other | Liberal,RACESURV16_W43,2,"1.000000,0.000000"
mistral_instruct,RACExPOLIDEOLOGY,RACExPOLIDEOLOGY :: Other | Moderate,RACESURV16_W43,2,"1.000000,0.000000"
mistral_instruct,RACExPOLIDEOLOGY,RACExPOLIDEOLOGY :: White | Conservative,RACESURV16_W43,2,"0.746139,0.253861"
mistral_instruct,RACExPOLIDEOLOGY,RACExPOLIDEOLOGY :: White | Liberal,RACESURV16_W43,2,"1.000000,0.000000"
mistral_instruct,RACExPOLIDEOLOGY,RACExPOLIDEOLOGY :: White | Moderate,RACESURV16_W43,2,"0.013121,0.986879"
mistral_instruct,RACExPOLIDEOLOGY,RACExPOLIDEOLOGY :: White | Refused,RACESURV16_W43,2,"1.000000,0.000000"
mistral_instruct,RACExPOLIDEOLOGY,RACExPOLIDEOLOGY :: White | Very conservative,RACESURV16_W43,2,"1.000000,0.000000"
mistral_instruct,RACExPOLIDEOLOGY,RACExPOLIDEOLOGY :: White | Very liberal,RACESURV16_W43,2,"1.000000,0.000000"
mistral_instruct,RACExPOLIDEOLOGY,RACExPOLIDEOLOGY :: Asian | Conservative,RACESURV21_W43,4,"0.000000,0.000000,1.000000,0.000000"
mistral_instruct,RACExPOLIDEOLOGY,RACExPOLIDEOLOGY :: Asian | Liberal,RACESURV21_W43,4,"0.002908,0.001384,0.995670,0.000037"
mistral_instruct,RACExPOLIDEOLOGY,RACExPOLIDEOLOGY :: Asian | Moderate,RACESURV21_W43,4,"0.000004,0.025760,0.974234,0.000002"
mistral_instruct,RACExPOLIDEOLOGY,RACExPOLIDEOLOGY :: Asian | Very liberal,RACESURV21_W43,4,"1.000000,0.000000,0.000000,0.000000"
mistral_instruct,RACExPOLIDEOLOGY,RACExPOLIDEOLOGY :: Black | Conservative,RACESURV21_W43,4,"0.000000,0.000000,1.000000,0.000000"
mistral_instruct,RACExPOLIDEOLOGY,RACExPOLIDEOLOGY :: Black | Liberal,RACESURV21_W43,4,"1.000000,0.000000,0.000000,0.000000"
mistral_instruct,RACExPOLIDEOLOGY,RACExPOLIDEOLOGY :: Black | Moderate,RACESURV21_W43,4,"0.000039,0.684224,0.315717,0.000020"
mistral_instruct,RACExPOLIDEOLOGY,RACExPOLIDEOLOGY :: Black | Very conservative,RACESURV21_W43,4,"0.000000,0.000000,1.000000,0.000000"
mistral_instruct,RACExPOLIDEOLOGY,RACExPOLIDEOLOGY :: Black | Very liberal,RACESURV21_W43,4,"1.000000,0.000000,0.000000,0.000000"
mistral_instruct,RACExPOLIDEOLOGY,RACExPOLIDEOLOGY :: Hispanic | Conservative,RACESURV21_W43,4,"0.000000,0.000000,1.000000,0.000000"
mistral_instruct,RACExPOLIDEOLOGY,RACExPOLIDEOLOGY :: Hispanic | Liberal,RACESURV21_W43,4,"0.992002,0.001009,0.006950,0.000039"
mistral_instruct,RACExPOLIDEOLOGY,RACExPOLIDEOLOGY :: Hispanic | Moderate,RACESURV21_W43,4,"0.000001,0.001912,0.998087,0.000000"
mistral_instruct,RACExPOLIDEOLOGY,RACExPOLIDEOLOGY :: Hispanic | Refused,RACESURV21_W43,4,"0.000000,0.000000,0.000001,0.999999"
mistral_instruct,RACExPOLIDEOLOGY,RACExPOLIDEOLOGY :: Hispanic | Very conservative,RACESURV21_W43,4,"0.000000,0.000000,1.000000,0.000000"
mistral_instruct,RACExPOLIDEOLOGY,RACExPOLIDEOLOGY :: Hispanic | Very liberal,RACESURV21_W43,4,"1.000000,0.000000,0.000000,0.000000"
mistral_instruct,RACExPOLIDEOLOGY,RACExPOLIDEOLOGY :: Other | Conservative,RACESURV21_W43,4,"0.000000,0.000000,1.000000,0.000000"
mistral_instruct,RACExPOLIDEOLOGY,RACExPOLIDEOLOGY :: Other | Liberal,RACESURV21_W43,4,"0.000242,0.000111,0.993829,0.005818"
mistral_instruct,RACExPOLIDEOLOGY,RACExPOLIDEOLOGY :: Other | Moderate,RACESURV21_W43,4,"0.000000,0.000000,1.000000,0.000000"
mistral_instruct,RACExPOLIDEOLOGY,RACExPOLIDEOLOGY :: White | Conservative,RACESURV21_W43,4,"0.000000,0.000000,1.000000,0.000000"
mistral_instruct,RACExPOLIDEOLOGY,RACExPOLIDEOLOGY :: White | Liberal,RACESURV21_W43,4,"0.000000,0.000000,1.000000,0.000000"
mistral_instruct,RACExPOLIDEOLOGY,RACExPOLIDEOLOGY :: White | Moderate,RACESURV21_W43,4,"0.000000,0.000000,1.000000,0.000000"
mistral_instruct,RACExPOLIDEOLOGY,RACExPOLIDEOLOGY :: White | Refused,RACESURV21_W43,4,"0.000000,0.000000,0.000000,1.000000"
mistral_instruct,RACExPOLIDEOLOGY,RACExPOLIDEOLOGY :: White | Very conservative,RACESURV21_W43,4,"0.000000,0.000000,1.000000,0.000000"
mistral_instruct,RACExPOLIDEOLOGY,RACExPOLIDEOLOGY :: White | Very liberal,RACESURV21_W43,4,"0.000000,0.000000,1.000000,0.000000"
mistral_instruct,RACExPOLIDEOLOGY,RACExPOLIDEOLOGY :: Asian | Conservative,RACESURV5l_W43,5,"0.000000,0.000000,0.999998,0.000001,0.000000"
mistral_instruct,RACExPOLIDEOLOGY,RACExPOLIDEOLOGY :: Asian | Liberal,RACESURV5l_W43,5,"0.000000,0.000000,0.999998,0.000002,0.000000"
mistral_instruct,RACExPOLIDEOLOGY,RACExPOLIDEOLOGY :: Asian | Moderate,RACESURV5l_W43,5,"0.000077,0.718489,0.281364,0.000048,0.000022"
mistral_instruct,RACExPOLIDEOLOGY,RACExPOLIDEOLOGY :: Asian | Very liberal,RACESURV5l_W43,5,"0.000001,0.000000,0.001188,0.998811,0.000000"
mistral_instruct,RACExPOLIDEOLOGY,RACExPOLIDEOLOGY :: Black | Conservative,RACESURV5l_W43,5,"0.000000,0.000000,0.999998,0.000002,0.000000"
mistral_instruct,RACExPOLIDEOLOGY,RACExPOLIDEOLOGY :: Black | Liberal,RACESURV5l_W43,5,"0.000000,0.000000,0.171061,0.828938,0.000000"
mistral_instruct,RACExPOLIDEOLOGY,RACExPOLIDEOLOGY :: Black | Moderate,RACESURV5l_W43,5,"0.000000,0.000000,1.000000,0.000000,0.000000"
mistral_instruct,RACExPOLIDEOLOGY,RACExPOLIDEOLOGY :: Black | Very conservative,RACESURV5l_W43,5,"0.000001,0.000000,0.993306,0.006693,0.000001"
mistral_instruct,RACExPOLIDEOLOGY,RACExPOLIDEOLOGY :: Black | Very liberal,RACESURV5l_W43,5,"0.000000,0.000000,0.000000,1.000000,0.000000"
mistral_instruct,RACExPOLIDEOLOGY,RACExPOLIDEOLOGY :: Hispanic | Conservative,RACESURV5l_W43,5,"0.000000,0.000000,0.999999,0.000001,0.000000"
mistral_instruct,RACExPOLIDEOLOGY,RACExPOLIDEOLOGY :: Hispanic | Liberal,RACESURV5l_W43,5,"0.000000,0.000000,0.999000,0.001001,0.000000"
mistral_instruct,RACExPOLIDEOLOGY,RACExPOLIDEOLOGY :: Hispanic | Moderate,RACESURV5l_W43,5,"0.000000,0.000000,1.000000,0.000000,0.000000"
mistral_instruct,RACExPOLIDEOLOGY,RACExPOLIDEOLOGY :: Hispanic | Refused,RACESURV5l_W43,5,"0.000004,0.000000,0.000028,0.000641,0.999326"
mistral_instruct,RACExPOLIDEOLOGY,RACExPOLIDEOLOGY :: Hispanic | Very conservative,RACESURV5l_W43,5,"0.000001,0.000000,0.989428,0.010570,0.000000"
mistral_instruct,RACExPOLIDEOLOGY,RACExPOLIDEOLOGY :: Hispanic | Very liberal,RACESURV5l_W43,5,"0.000000,0.000000,0.000000,1.000000,0.000000"
mistral_instruct,RACExPOLIDEOLOGY,RACExPOLIDEOLOGY :: Other | Conservative,RACESURV5l_W43,5,"0.000000,0.000000,0.999995,0.000005,0.000000"
mistral_instruct,RACExPOLIDEOLOGY,RACExPOLIDEOLOGY :: Other | Liberal,RACESURV5l_W43,5,"0.000000,0.000000,0.975946,0.024054,0.000000"
mistral_instruct,RACExPOLIDEOLOGY,RACExPOLIDEOLOGY :: Other | Moderate,RACESURV5l_W43,5,"0.000000,0.000000,1.000000,0.000000,0.000000"
mistral_instruct,RACExPOLIDEOLOGY,RACExPOLIDEOLOGY :: White | Conservative,RACESURV5l_W43,5,"0.000000,0.000000,0.999999,0.000000,0.000000"
mistral_instruct,RACExPOLIDEOLOGY,RACExPOLIDEOLOGY :: White | Liberal,RACESURV5l_W43,5,"0.000000,0.000000,0.992123,0.007877,0.000000"
mistral_instruct,RACExPOLIDEOLOGY,RACExPOLIDEOLOGY :: White | Moderate,RACESURV5l_W43,5,"0.000000,0.000037,0.999962,0.000000,0.000000"
mistral_instruct,RACExPOLIDEOLOGY,RACExPOLIDEOLOGY :: White | Refused,RACESURV5l_W43,5,"0.000692,0.000006,0.139360,0.675319,0.184622"
mistral_instruct,RACExPOLIDEOLOGY,RACExPOLIDEOLOGY :: White | Very conservative,RACESURV5l_W43,5,"0.000018,0.000001,0.756340,0.243637,0.000004"
mistral_instruct,RACExPOLIDEOLOGY,RACExPOLIDEOLOGY :: White | Very liberal,RACESURV5l_W43,5,"0.000000,0.000000,0.000000,1.000000,0.000000"
mistral_instruct,RACExPOLIDEOLOGY,RACExPOLIDEOLOGY :: Asian | Liberal,SMLIKESb_W45,3,"1.000000,0.000000,0.000000"
mistral_instruct,RACExPOLIDEOLOGY,RACExPOLIDEOLOGY :: Asian | Moderate,SMLIKESb_W45,3,"1.000000,0.000000,0.000000"
mistral_instruct,RACExPOLIDEOLOGY,RACExPOLIDEOLOGY :: Black | Conservative,SMLIKESb_W45,3,"1.000000,0.000000,0.000000"
mistral_instruct,RACExPOLIDEOLOGY,RACExPOLIDEOLOGY :: Black | Liberal,SMLIKESb_W45,3,"1.000000,0.000000,0.000000"
mistral_instruct,RACExPOLIDEOLOGY,RACExPOLIDEOLOGY :: Black | Moderate,SMLIKESb_W45,3,"1.000000,0.000000,0.000000"
mistral_instruct,RACExPOLIDEOLOGY,RACExPOLIDEOLOGY :: Black | Very liberal,SMLIKESb_W45,3,"1.000000,0.000000,0.000000"
mistral_instruct,RACExPOLIDEOLOGY,RACExPOLIDEOLOGY :: Hispanic | Conservative,SMLIKESb_W45,3,"1.000000,0.000000,0.000000"
mistral_instruct,RACExPOLIDEOLOGY,RACExPOLIDEOLOGY :: Hispanic | Liberal,SMLIKESb_W45,3,"1.000000,0.000000,0.000000"
mistral_instruct,RACExPOLIDEOLOGY,RACExPOLIDEOLOGY :: Hispanic | Moderate,SMLIKESb_W45,3,"1.000000,0.000000,0.000000"
mistral_instruct,RACExPOLIDEOLOGY,RACExPOLIDEOLOGY :: Mixed Race | Conservative,SMLIKESb_W45,3,"1.000000,0.000000,0.000000"
mistral_instruct,RACExPOLIDEOLOGY,RACExPOLIDEOLOGY :: Mixed Race | Liberal,SMLIKESb_W45,3,"1.000000,0.000000,0.000000"
mistral_instruct,RACExPOLIDEOLOGY,RACExPOLIDEOLOGY :: Mixed Race | Moderate,SMLIKESb_W45,3,"1.000000,0.000000,0.000000"
mistral_instruct,RACExPOLIDEOLOGY,RACExPOLIDEOLOGY :: Refused | Moderate,SMLIKESb_W45,3,"1.000000,0.000000,0.000000"
mistral_instruct,RACExPOLIDEOLOGY,RACExPOLIDEOLOGY :: White | Conservative,SMLIKESb_W45,3,"1.000000,0.000000,0.000000"
mistral_instruct,RACExPOLIDEOLOGY,RACExPOLIDEOLOGY :: White | Liberal,SMLIKESb_W45,3,"1.000000,0.000000,0.000000"
mistral_instruct,RACExPOLIDEOLOGY,RACExPOLIDEOLOGY :: White | Moderate,SMLIKESb_W45,3,"1.000000,0.000000,0.000000"
mistral_instruct,RACExPOLIDEOLOGY,RACExPOLIDEOLOGY :: White | Refused,SMLIKESb_W45,3,"0.996406,0.000000,0.003594"
mistral_instruct,RACExPOLIDEOLOGY,RACExPOLIDEOLOGY :: White | Very conservative,SMLIKESb_W45,3,"1.000000,0.000000,0.000000"
mistral_instruct,RACExPOLIDEOLOGY,RACExPOLIDEOLOGY :: White | Very liberal,SMLIKESb_W45,3,"1.000000,0.000000,0.000000"
mistral_instruct,RACExPOLIDEOLOGY,RACExPOLIDEOLOGY :: Asian | Conservative,SOCIETY_WHT_W92,5,"0.000000,0.000000,1.000000,0.000000,0.000000"
mistral_instruct,RACExPOLIDEOLOGY,RACExPOLIDEOLOGY :: Asian | Liberal,SOCIETY_WHT_W92,5,"0.000000,0.000000,1.000000,0.000000,0.000000"
mistral_instruct,RACExPOLIDEOLOGY,RACExPOLIDEOLOGY :: Asian | Moderate,SOCIETY_WHT_W92,5,"0.000000,0.000000,1.000000,0.000000,0.000000"
mistral_instruct,RACExPOLIDEOLOGY,RACExPOLIDEOLOGY :: Black | Conservative,SOCIETY_WHT_W92,5,"0.000000,0.000000,1.000000,0.000000,0.000000"
mistral_instruct,RACExPOLIDEOLOGY,RACExPOLIDEOLOGY :: Black | Liberal,SOCIETY_WHT_W92,5,"0.000000,0.000000,1.000000,0.000000,0.000000"
mistral_instruct,RACExPOLIDEOLOGY,RACExPOLIDEOLOGY :: Black | Moderate,SOCIETY_WHT_W92,5,"0.000000,0.000000,1.000000,0.000000,0.000000"
mistral_instruct,RACExPOLIDEOLOGY,RACExPOLIDEOLOGY :: Black | Very conservative,SOCIETY_WHT_W92,5,"0.000003,0.000000,0.999992,0.000004,0.000001"
mistral_instruct,RACExPOLIDEOLOGY,RACExPOLIDEOLOGY :: Black | Very liberal,SOCIETY_WHT_W92,5,"0.000001,0.000000,0.996482,0.003511,0.000006"
mistral_instruct,RACExPOLIDEOLOGY,RACExPOLIDEOLOGY :: Hispanic | Conservative,SOCIETY_WHT_W92,5,"0.000000,0.000000,1.000000,0.000000,0.000000"
mistral_instruct,RACExPOLIDEOLOGY,RACExPOLIDEOLOGY :: Hispanic | Liberal,SOCIETY_WHT_W92,5,"0.000000,0.000000,1.000000,0.000000,0.000000"
mistral_instruct,RACExPOLIDEOLOGY,RACExPOLIDEOLOGY :: Hispanic | Moderate,SOCIETY_WHT_W92,5,"0.000000,0.000000,1.000000,0.000000,0.000000"
mistral_instruct,RACExPOLIDEOLOGY,RACExPOLIDEOLOGY :: Hispanic | Very conservative,SOCIETY_WHT_W92,5,"0.837563,0.000000,0.162369,0.000056,0.000011"
mistral_instruct,RACExPOLIDEOLOGY,RACExPOLIDEOLOGY :: Hispanic | Very liberal,SOCIETY_WHT_W92,5,"0.000000,0.000000,0.999996,0.000004,0.000000"
mistral_instruct,RACExPOLIDEOLOGY,RACExPOLIDEOLOGY :: Mixed Race | Conservative,SOCIETY_WHT_W92,5,"0.000000,0.000000,1.000000,0.000000,0.000000"
mistral_instruct,RACExPOLIDEOLOGY,RACExPOLIDEOLOGY :: Mixed Race | Liberal,SOCIETY_WHT_W92,5,"0.000000,0.000000,1.000000,0.000000,0.000000"
mistral_instruct,RACExPOLIDEOLOGY,RACExPOLIDEOLOGY :: Mixed Race | Moderate,SOCIETY_WHT_W92,5,"0.000000,0.000000,1.000000,0.000000,0.000000"
mistral_instruct,RACExPOLIDEOLOGY,RACExPOLIDEOLOGY :: Refused | Conservative,SOCIETY_WHT_W92,5,"0.000000,0.000000,0.999999,0.000000,0.000000"
mistral_instruct,RACExPOLIDEOLOGY,RACExPOLIDEOLOGY :: Refused | Moderate,SOCIETY_WHT_W92,5,"0.000000,0.000000,1.000000,0.000000,0.000000"
mistral_instruct,RACExPOLIDEOLOGY,RACExPOLIDEOLOGY :: White | Conservative,SOCIETY_WHT_W92,5,"0.000000,0.000000,1.000000,0.000000,0.000000"
mistral_instruct,RACExPOLIDEOLOGY,RACExPOLIDEOLOGY :: White | Liberal,SOCIETY_WHT_W92,5,"0.000000,0.000000,1.000000,0.000000,0.000000"
mistral_instruct,RACExPOLIDEOLOGY,RACExPOLIDEOLOGY :: White | Moderate,SOCIETY_WHT_W92,5,"0.000000,0.000000,1.000000,0.000000,0.000000"
mistral_instruct,RACExPOLIDEOLOGY,RACExPOLIDEOLOGY :: White | Refused,SOCIETY_WHT_W92,5,"0.000000,0.000000,1.000000,0.000000,0.000000"
mistral_instruct,RACExPOLIDEOLOGY,RACExPOLIDEOLOGY :: White | Very conservative,SOCIETY_WHT_W92,5,"1.000000,0.000000,0.000000,0.000000,0.000000"
mistral_instruct,RACExPOLIDEOLOGY,RACExPOLIDEOLOGY :: White | Very liberal,SOCIETY_WHT_W92,5,"0.000000,0.000000,1.000000,0.000000,0.000000"
mistral_instruct,RACExPOLIDEOLOGY,RACExPOLIDEOLOGY :: Asian | Liberal,SUCCESSIMPA_W32,3,"1.000000,0.000000,0.000000"
mistral_instruct,RACExPOLIDEOLOGY,RACExPOLIDEOLOGY :: Asian | Moderate,SUCCESSIMPA_W32,3,"0.000000,1.000000,0.000000"
mistral_instruct,RACExPOLIDEOLOGY,RACExPOLIDEOLOGY :: Black | Conservative,SUCCESSIMPA_W32,3,"0.000005,0.999993,0.000002"
mistral_instruct,RACExPOLIDEOLOGY,RACExPOLIDEOLOGY :: Black | Liberal,SUCCESSIMPA_W32,3,"1.000000,0.000000,0.000000"
mistral_instruct,RACExPOLIDEOLOGY,RACExPOLIDEOLOGY :: Black | Moderate,SUCCESSIMPA_W32,3,"0.000000,1.000000,0.000000"
mistral_instruct,RACExPOLIDEOLOGY,RACExPOLIDEOLOGY :: Black | Very conservative,SUCCESSIMPA_W32,3,"0.000000,0.000107,0.999892"
mistral_instruct,RACExPOLIDEOLOGY,RACExPOLIDEOLOGY :: Black | Very liberal,SUCCESSIMPA_W32,3,"1.000000,0.000000,0.000000"
mistral_instruct,RACExPOLIDEOLOGY,RACExPOLIDEOLOGY :: Hispanic | Conservative,SUCCESSIMPA_W32,3,"0.000003,0.999997,0.000001"
mistral_instruct,RACExPOLIDEOLOGY,RACExPOLIDEOLOGY :: Hispanic | Liberal,SUCCESSIMPA_W32,3,"1.000000,0.000000,0.000000"
mistral_instruct,RACExPOLIDEOLOGY,RACExPOLIDEOLOGY :: Hispanic | Moderate,SUCCESSIMPA_W32,3,"0.000000,1.000000,0.000000"
mistral_instruct,RACExPOLIDEOLOGY,RACExPOLIDEOLOGY :: Hispanic | Very liberal,SUCCESSIMPA_W32,3,"1.000000,0.000000,0.000000"
mistral_instruct,RACExPOLIDEOLOGY,RACExPOLIDEOLOGY :: Mixed Race | Moderate,SUCCESSIMPA_W32,3,"0.000000,1.000000,0.000000"
mistral_instruct,RACExPOLIDEOLOGY,RACExPOLIDEOLOGY :: Other | Conservative,SUCCESSIMPA_W32,3,"0.000001,0.999998,0.000001"
mistral_instruct,RACExPOLIDEOLOGY,RACExPOLIDEOLOGY :: Other | Moderate,SUCCESSIMPA_W32,3,"0.000000,1.000000,0.000000"
mistral_instruct,RACExPOLIDEOLOGY,RACExPOLIDEOLOGY :: White | Conservative,SUCCESSIMPA_W32,3,"0.000001,0.999998,0.000001"
mistral_instruct,RACExPOLIDEOLOGY,RACExPOLIDEOLOGY :: White | Liberal,SUCCESSIMPA_W32,3,"1.000000,0.000000,0.000000"
mistral_instruct,RACExPOLIDEOLOGY,RACExPOLIDEOLOGY :: White | Moderate,SUCCESSIMPA_W32,3,"0.000000,1.000000,0.000000"
mistral_instruct,RACExPOLIDEOLOGY,RACExPOLIDEOLOGY :: White | Refused,SUCCESSIMPA_W32,3,"0.000000,0.000000,1.000000"
mistral_instruct,RACExPOLIDEOLOGY,RACExPOLIDEOLOGY :: White | Very conservative,SUCCESSIMPA_W32,3,"0.000000,0.000002,0.999998"
mistral_instruct,RACExPOLIDEOLOGY,RACExPOLIDEOLOGY :: White | Very liberal,SUCCESSIMPA_W32,3,"1.000000,0.000000,0.000000"
mistral_instruct,RACExPOLIDEOLOGY,RACExPOLIDEOLOGY :: Asian | Liberal,WANTMOVE_W32,2,"0.999971,0.000029"
mistral_instruct,RACExPOLIDEOLOGY,RACExPOLIDEOLOGY :: Asian | Moderate,WANTMOVE_W32,2,"0.000012,0.999988"
mistral_instruct,RACExPOLIDEOLOGY,RACExPOLIDEOLOGY :: Black | Conservative,WANTMOVE_W32,2,"0.000011,0.999989"
mistral_instruct,RACExPOLIDEOLOGY,RACExPOLIDEOLOGY :: Black | Liberal,WANTMOVE_W32,2,"1.000000,0.000000"
mistral_instruct,RACExPOLIDEOLOGY,RACExPOLIDEOLOGY :: Black | Moderate,WANTMOVE_W32,2,"0.000179,0.999821"
mistral_instruct,RACExPOLIDEOLOGY,RACExPOLIDEOLOGY :: Black | Very conservative,WANTMOVE_W32,2,"0.000002,0.999998"
mistral_instruct,RACExPOLIDEOLOGY,RACExPOLIDEOLOGY :: Black | Very liberal,WANTMOVE_W32,2,"1.000000,0.000000"
mistral_instruct,RACExPOLIDEOLOGY,RACExPOLIDEOLOGY :: Hispanic | Conservative,WANTMOVE_W32,2,"0.000030,0.999970"
mistral_instruct,RACExPOLIDEOLOGY,RACExPOLIDEOLOGY :: Hispanic | Liberal,WANTMOVE_W32,2,"1.000000,0.000000"
mistral_instruct,RACExPOLIDEOLOGY,RACExPOLIDEOLOGY :: Hispanic | Moderate,WANTMOVE_W32,2,"0.000113,0.999887"
mistral_instruct,RACExPOLIDEOLOGY,RACExPOLIDEOLOGY :: Hispanic | Very liberal,WANTMOVE_W32,2,"1.000000,0.000000"
mistral_instruct,RACExPOLIDEOLOGY,RACExPOLIDEOLOGY :: Mixed Race | Moderate,WANTMOVE_W32,2,"0.217338,0.782663"
mistral_instruct,RACExPOLIDEOLOGY,RACExPOLIDEOLOGY :: Other | Conservative,WANTMOVE_W32,2,"0.411111,0.588889"
mistral_instruct,RACExPOLIDEOLOGY,RACExPOLIDEOLOGY :: Other | Moderate,WANTMOVE_W32,2,"0.373876,0.626124"
mistral_instruct,RACExPOLIDEOLOGY,RACExPOLIDEOLOGY :: White | Conservative,WANTMOVE_W32,2,"0.000002,0.999998"
mistral_instruct,RACExPOLIDEOLOGY,RACExPOLIDEOLOGY :: White | Liberal,WANTMOVE_W32,2,"0.998716,0.001284"
mistral_instruct,RACExPOLIDEOLOGY,RACExPOLIDEOLOGY :: White | Moderate,WANTMOVE_W32,2,"0.000003,0.999997"
mistral_instruct,RACExPOLIDEOLOGY,RACExPOLIDEOLOGY :: White | Refused,WANTMOVE_W32,2,"0.000023,0.999977"
mistral_instruct,RACExPOLIDEOLOGY,RACExPOLIDEOLOGY :: White | Very conservative,WANTMOVE_W32,2,"0.000002,0.999998"
mistral_instruct,RACExPOLIDEOLOGY,RACExPOLIDEOLOGY :: White | Very liberal,WANTMOVE_W32,2,"1.000000,0.000000"
mistral_instruct,RACExPOLIDEOLOGY,RACExPOLIDEOLOGY :: Asian | Liberal,WORRY2c_W54,5,"0.000000,0.000000,1.000000,0.000000,0.000000"
mistral_instruct,RACExPOLIDEOLOGY,RACExPOLIDEOLOGY :: Asian | Moderate,WORRY2c_W54,5,"0.000000,0.000000,1.000000,0.000000,0.000000"
mistral_instruct,RACExPOLIDEOLOGY,RACExPOLIDEOLOGY :: Black | Conservative,WORRY2c_W54,5,"0.000000,0.000000,1.000000,0.000000,0.000000"
mistral_instruct,RACExPOLIDEOLOGY,RACExPOLIDEOLOGY :: Black | Liberal,WORRY2c_W54,5,"0.000000,0.000000,1.000000,0.000000,0.000000"
mistral_instruct,RACExPOLIDEOLOGY,RACExPOLIDEOLOGY :: Black | Moderate,WORRY2c_W54,5,"0.000000,0.000000,1.000000,0.000000,0.000000"
mistral_instruct,RACExPOLIDEOLOGY,RACExPOLIDEOLOGY :: Black | Very conservative,WORRY2c_W54,5,"0.998884,0.000000,0.001116,0.000000,0.000000"
mistral_instruct,RACExPOLIDEOLOGY,RACExPOLIDEOLOGY :: Black | Very liberal,WORRY2c_W54,5,"0.987275,0.000001,0.012723,0.000000,0.000000"
mistral_instruct,RACExPOLIDEOLOGY,RACExPOLIDEOLOGY :: Hispanic | Conservative,WORRY2c_W54,5,"0.000000,0.000000,1.000000,0.000000,0.000000"
mistral_instruct,RACExPOLIDEOLOGY,RACExPOLIDEOLOGY :: Hispanic | Liberal,WORRY2c_W54,5,"0.000000,0.000000,1.000000,0.000000,0.000000"
mistral_instruct,RACExPOLIDEOLOGY,RACExPOLIDEOLOGY :: Hispanic | Moderate,WORRY2c_W54,5,"0.000000,0.000000,1.000000,0.000000,0.000000"
mistral_instruct,RACExPOLIDEOLOGY,RACExPOLIDEOLOGY :: Mixed Race | Liberal,WORRY2c_W54,5,"0.000000,0.000000,1.000000,0.000000,0.000000"
mistral_instruct,RACExPOLIDEOLOGY,RACExPOLIDEOLOGY :: Mixed Race | Moderate,WORRY2c_W54,5,"0.000000,0.000000,1.000000,0.000000,0.000000"
mistral_instruct,RACExPOLIDEOLOGY,RACExPOLIDEOLOGY :: Refused | Moderate,WORRY2c_W54,5,"0.000000,0.000000,1.000000,0.000000,0.000000"
mistral_instruct,RACExPOLIDEOLOGY,RACExPOLIDEOLOGY :: White | Conservative,WORRY2c_W54,5,"0.000000,0.000000,1.000000,0.000000,0.000000"
mistral_instruct,RACExPOLIDEOLOGY,RACExPOLIDEOLOGY :: White | Liberal,WORRY2c_W54,5,"0.000000,0.000000,1.000000,0.000000,0.000000"
mistral_instruct,RACExPOLIDEOLOGY,RACExPOLIDEOLOGY :: White | Moderate,WORRY2c_W54,5,"0.000000,0.000000,1.000000,0.000000,0.000000"
mistral_instruct,RACExPOLIDEOLOGY,RACExPOLIDEOLOGY :: White | Refused,WORRY2c_W54,5,"0.000023,0.000000,0.999524,0.000411,0.000042"
mistral_instruct,RACExPOLIDEOLOGY,RACExPOLIDEOLOGY :: White | Very conservative,WORRY2c_W54,5,"0.024423,0.000000,0.975576,0.000000,0.000000"
mistral_instruct,RACExPOLIDEOLOGY,RACExPOLIDEOLOGY :: White | Very liberal,WORRY2c_W54,5,"0.000000,0.000000,0.999997,0.000003,0.000000"
mistral_instruct,RACExPOLPARTY,RACExPOLPARTY :: Asian | Democrat,ALLIES_W92,2,"1.000000,0.000000"
mistral_instruct,RACExPOLPARTY,RACExPOLPARTY :: Asian | Independent,ALLIES_W92,2,"1.000000,0.000000"
mistral_instruct,RACExPOLPARTY,RACExPOLPARTY :: Asian | Other,ALLIES_W92,2,"0.345105,0.654895"
mistral_instruct,RACExPOLPARTY,RACExPOLPARTY :: Asian | Republican,ALLIES_W92,2,"0.017986,0.982014"
mistral_instruct,RACExPOLPARTY,RACExPOLPARTY :: Black | Democrat,ALLIES_W92,2,"1.000000,0.000000"
mistral_instruct,RACExPOLPARTY,RACExPOLPARTY :: Black | Independent,ALLIES_W92,2,"1.000000,0.000000"
mistral_instruct,RACExPOLPARTY,RACExPOLPARTY :: Black | Other,ALLIES_W92,2,"0.000120,0.999880"
mistral_instruct,RACExPOLPARTY,RACExPOLPARTY :: Black | Republican,ALLIES_W92,2,"0.000002,0.999998"
mistral_instruct,RACExPOLPARTY,RACExPOLPARTY :: Hispanic | Democrat,ALLIES_W92,2,"1.000000,0.000000"
mistral_instruct,RACExPOLPARTY,RACExPOLPARTY :: Hispanic | Independent,ALLIES_W92,2,"1.000000,0.000000"
mistral_instruct,RACExPOLPARTY,RACExPOLPARTY :: Hispanic | Other,ALLIES_W92,2,"0.847968,0.152032"
mistral_instruct,RACExPOLPARTY,RACExPOLPARTY :: Hispanic | Republican,ALLIES_W92,2,"0.000041,0.999959"
mistral_instruct,RACExPOLPARTY,RACExPOLPARTY :: Mixed Race | Democrat,ALLIES_W92,2,"1.000000,0.000000"
mistral_instruct,RACExPOLPARTY,RACExPOLPARTY :: Mixed Race | Independent,ALLIES_W92,2,"1.000000,0.000000"
mistral_instruct,RACExPOLPARTY,RACExPOLPARTY :: Mixed Race | Other,ALLIES_W92,2,"0.999991,0.000009"
mistral_instruct,RACExPOLPARTY,RACExPOLPARTY :: Mixed Race | Republican,ALLIES_W92,2,"0.999998,0.000002"
mistral_instruct,RACExPOLPARTY,RACExPOLPARTY :: Refused | Independent,ALLIES_W92,2,"0.000523,0.999477"
mistral_instruct,RACExPOLPARTY,RACExPOLPARTY :: White | Democrat,ALLIES_W92,2,"1.000000,0.000000"
mistral_instruct,RACExPOLPARTY,RACExPOLPARTY :: White | Independent,ALLIES_W92,2,"1.000000,0.000000"
mistral_instruct,RACExPOLPARTY,RACExPOLPARTY :: White | Other,ALLIES_W92,2,"0.000000,1.000000"
mistral_instruct,RACExPOLPARTY,RACExPOLPARTY :: White | Refused,ALLIES_W92,2,"0.000000,1.000000"
mistral_instruct,RACExPOLPARTY,RACExPOLPARTY :: White | Republican,ALLIES_W92,2,"0.000000,1.000000"
mistral_instruct,RACExPOLPARTY,RACExPOLPARTY :: Asian | Democrat,CLASS_W32,5,"0.000000,0.000000,1.000000,0.000000,0.000000"
mistral_instruct,RACExPOLPARTY,RACExPOLPARTY :: Asian | Independent,CLASS_W32,5,"0.000000,0.000000,1.000000,0.000000,0.000000"
mistral_instruct,RACExPOLPARTY,RACExPOLPARTY :: Black | Democrat,CLASS_W32,5,"0.000000,0.000000,1.000000,0.000000,0.000000"
mistral_instruct,RACExPOLPARTY,RACExPOLPARTY :: Black | Independent,CLASS_W32,5,"0.000000,0.000000,1.000000,0.000000,0.000000"
mistral_instruct,RACExPOLPARTY,RACExPOLPARTY :: Black | Other,CLASS_W32,5,"0.001435,0.000009,0.000424,0.423619,0.574513"
mistral_instruct,RACExPOLPARTY,RACExPOLPARTY :: Hispanic | Democrat,CLASS_W32,5,"0.000000,0.000000,1.000000,0.000000,0.000000"
mistral_instruct,RACExPOLPARTY,RACExPOLPARTY :: Hispanic | Independent,CLASS_W32,5,"0.000000,0.000000,1.000000,0.000000,0.000000"
mistral_instruct,RACExPOLPARTY,RACExPOLPARTY :: Hispanic | Other,CLASS_W32,5,"0.006194,0.000014,0.000840,0.777147,0.215806"
mistral_instruct,RACExPOLPARTY,RACExPOLPARTY :: Hispanic | Republican,CLASS_W32,5,"0.000000,0.000000,1.000000,0.000000,0.000000"
mistral_instruct,RACExPOLPARTY,RACExPOLPARTY :: Mixed Race | Democrat,CLASS_W32,5,"0.000000,0.000000,1.000000,0.000000,0.000000"
mistral_instruct,RACExPOLPARTY,RACExPOLPARTY :: Mixed Race | Independent,CLASS_W32,5,"0.000000,0.000000,1.000000,0.000000,0.000000"
mistral_instruct,RACExPOLPARTY,RACExPOLPARTY :: Other | Independent,CLASS_W32,5,"0.023232,0.000049,0.002212,0.071558,0.902949"
mistral_instruct,RACExPOLPARTY,RACExPOLPARTY :: Other | Republican,CLASS_W32,5,"0.100496,0.000566,0.122650,0.703051,0.073238"
mistral_instruct,RACExPOLPARTY,RACExPOLPARTY :: White | Democrat,CLASS_W32,5,"0.000000,0.000000,1.000000,0.000000,0.000000"
mistral_instruct,RACExPOLPARTY,RACExPOLPARTY :: White | Independent,CLASS_W32,5,"0.000000,0.000000,1.000000,0.000000,0.000000"
mistral_instruct,RACExPOLPARTY,RACExPOLPARTY :: White | Other,CLASS_W32,5,"0.059925,0.000166,0.313986,0.488215,0.137707"
mistral_instruct,RACExPOLPARTY,RACExPOLPARTY :: White | Refused,CLASS_W32,5,"0.130453,0.000456,0.168818,0.639607,0.060666"
mistral_instruct,RACExPOLPARTY,RACExPOLPARTY :: White | Republican,CLASS_W32,5,"0.000000,0.000000,1.000000,0.000000,0.000000"
mistral_instruct,RACExPOLPARTY,RACExPOLPARTY :: Asian | Democrat,DNA2b_W50,2,"1.000000,0.000000"
mistral_instruct,RACExPOLPARTY,RACExPOLPARTY :: Asian | Independent,DNA2b_W50,2,"0.638835,0.361165"
mistral_instruct,RACExPOLPARTY,RACExPOLPARTY :: Asian | Republican,DNA2b_W50,2,"0.880797,0.119203"
mistral_instruct,RACExPOLPARTY,RACExPOLPARTY :: Black | Democrat,DNA2b_W50,2,"1.000000,0.000000"
mistral_instruct,RACExPOLPARTY,RACExPOLPARTY :: Black | Independent,DNA2b_W50,2,"0.999912,0.000088"
mistral_instruct,RACExPOLPARTY,RACExPOLPARTY :: Black | Other,DNA2b_W50,2,"1.000000,0.000000"
mistral_instruct,RACExPOLPARTY,RACExPOLPARTY :: Black | Republican,DNA2b_W50,2,"0.999731,0.000269"
mistral_instruct,RACExPOLPARTY,RACExPOLPARTY :: Hispanic | Democrat,DNA2b_W50,2,"1.000000,0.000000"
mistral_instruct,RACExPOLPARTY,RACExPOLPARTY :: Hispanic | Independent,DNA2b_W50,2,"0.999657,0.000343"
mistral_instruct,RACExPOLPARTY,RACExPOLPARTY :: Hispanic | Other,DNA2b_W50,2,"1.000000,0.000001"
mistral_instruct,RACExPOLPARTY,RACExPOLPARTY :: Hispanic | Republican,DNA2b_W50,2,"0.997409,0.002591"
mistral_instruct,RACExPOLPARTY,RACExPOLPARTY :: Mixed Race | Democrat,DNA2b_W50,2,"1.000000,0.000000"
mistral_instruct,RACExPOLPARTY,RACExPOLPARTY :: Mixed Race | Independent,DNA2b_W50,2,"1.000000,0.000000"
mistral_instruct,RACExPOLPARTY,RACExPOLPARTY :: Mixed Race | Other,DNA2b_W50,2,"1.000000,0.000000"
mistral_instruct,RACExPOLPARTY,RACExPOLPARTY :: Mixed Race | Republican,DNA2b_W50,2,"1.000000,0.000000"
mistral_instruct,RACExPOLPARTY,RACExPOLPARTY :: Refused | Democrat,DNA2b_W50,2,"0.999489,0.000511"
mistral_instruct,RACExPOLPARTY,RACExPOLPARTY :: Refused | Independent,DNA2b_W50,2,"0.000000,1.000000"
mistral_instruct,RACExPOLPARTY,RACExPOLPARTY :: White | Democrat,DNA2b_W50,2,"1.000000,0.000000"
mistral_instruct,RACExPOLPARTY,RACExPOLPARTY :: White | Independent,DNA2b_W50,2,"0.000001,0.999999"
mistral_instruct,RACExPOLPARTY,RACExPOLPARTY :: White | Other,DNA2b_W50,2,"0.255344,0.744656"
mistral_instruct,RACExPOLPARTY,RACExPOLPARTY :: White | Refused,DNA2b_W50,2,"0.000000,1.000000"
mistral_instruct,RACExPOLPARTY,RACExPOLPARTY :: White | Republican,DNA2b_W50,2,"0.000071,0.999929"
mistral_instruct,RACExPOLPARTY,RACExPOLPARTY :: Asian | Democrat,DNA5_W50,2,"1.000000,0.000000"
mistral_instruct,RACExPOLPARTY,RACExPOLPARTY :: Asian | Independent,DNA5_W50,2,"1.000000,0.000000"
mistral_instruct,RACExPOLPARTY,RACExPOLPARTY :: Asian | Republican,DNA5_W50,2,"1.000000,0.000000"
mistral_instruct,RACExPOLPARTY,RACExPOLPARTY :: Black | Democrat,DNA5_W50,2,"1.000000,0.000000"
mistral_instruct,RACExPOLPARTY,RACExPOLPARTY :: Black | Independent,DNA5_W50,2,"1.000000,0.000000"
mistral_instruct,RACExPOLPARTY,RACExPOLPARTY :: Black | Other,DNA5_W50,2,"1.000000,0.000000"
mistral_instruct,RACExPOLPARTY,RACExPOLPARTY :: Black | Republican,DNA5_W50,2,"1.000000,0.000000"
mistral_instruct,RACExPOLPARTY,RACExPOLPARTY :: Hispanic | Democrat,DNA5_W50,2,"1.000000,0.000000"
mistral_instruct,RACExPOLPARTY,RACExPOLPARTY :: Hispanic | Independent,DNA5_W50,2,"1.000000,0.000000"
mistral_instruct,RACExPOLPARTY,RACExPOLPARTY :: Hispanic | Other,DNA5_W50,2,"1.000000,0.000000"
mistral_instruct,RACExPOLPARTY,RACExPOLPARTY :: Hispanic | Republican,DNA5_W50,2,"1.000000,0.000000"
mistral_instruct,RACExPOLPARTY,RACExPOLPARTY :: Mixed Race | Democrat,DNA5_W50,2,"1.000000,0.000000"
mistral_instruct,RACExPOLPARTY,RACExPOLPARTY :: Mixed Race | Independent,DNA5_W50,2,"1.000000,0.000000"
mistral_instruct,RACExPOLPARTY,RACExPOLPARTY :: Mixed Race | Other,DNA5_W50,2,"1.000000,0.000000"
mistral_instruct,RACExPOLPARTY,RACExPOLPARTY :: Mixed Race | Republican,DNA5_W50,2,"1.000000,0.000000"
mistral_instruct,RACExPOLPARTY,RACExPOLPARTY :: Refused | Democrat,DNA5_W50,2,"1.000000,0.000000"
mistral_instruct,RACExPOLPARTY,RACExPOLPARTY :: Refused | Independent,DNA5_W50,2,"0.999643,0.000357"
mistral_instruct,RACExPOLPARTY,RACExPOLPARTY :: White | Democrat,DNA5_W50,2,"1.000000,0.000000"
mistral_instruct,RACExPOLPARTY,RACExPOLPARTY :: White | Independent,DNA5_W50,2,"0.067056,0.932944"
mistral_instruct,RACExPOLPARTY,RACExPOLPARTY :: White | Other,DNA5_W50,2,"1.000000,0.000000"
mistral_instruct,RACExPOLPARTY,RACExPOLPARTY :: White | Refused,DNA5_W50,2,"0.000100,0.999900"
mistral_instruct,RACExPOLPARTY,RACExPOLPARTY :: White | Republican,DNA5_W50,2,"0.999991,0.000009"
mistral_instruct,RACExPOLPARTY,RACExPOLPARTY :: Asian | Democrat,ECIMPd_W54,3,"1.000000,0.000000,0.000000"
mistral_instruct,RACExPOLPARTY,RACExPOLPARTY :: Asian | Independent,ECIMPd_W54,3,"1.000000,0.000000,0.000000"
mistral_instruct,RACExPOLPARTY,RACExPOLPARTY :: Asian | Republican,ECIMPd_W54,3,"1.000000,0.000000,0.000000"
mistral_instruct,RACExPOLPARTY,RACExPOLPARTY :: Black | Democrat,ECIMPd_W54,3,"1.000000,0.000000,0.000000"
mistral_instruct,RACExPOLPARTY,RACExPOLPARTY :: Black | Independent,ECIMPd_W54,3,"1.000000,0.000000,0.000000"
mistral_instruct,RACExPOLPARTY,RACExPOLPARTY :: Black | Other,ECIMPd_W54,3,"1.000000,0.000000,0.000000"
mistral_instruct,RACExPOLPARTY,RACExPOLPARTY :: Hispanic | Democrat,ECIMPd_W54,3,"1.000000,0.000000,0.000000"
mistral_instruct,RACExPOLPARTY,RACExPOLPARTY :: Hispanic | Independent,ECIMPd_W54,3,"1.000000,0.000000,0.000000"
mistral_instruct,RACExPOLPARTY,RACExPOLPARTY :: Hispanic | Other,ECIMPd_W54,3,"1.000000,0.000000,0.000000"
mistral_instruct,RACExPOLPARTY,RACExPOLPARTY :: Hispanic | Republican,ECIMPd_W54,3,"1.000000,0.000000,0.000000"
mistral_instruct,RACExPOLPARTY,RACExPOLPARTY :: Mixed Race | Democrat,ECIMPd_W54,3,"1.000000,0.000000,0.000000"
mistral_instruct,RACExPOLPARTY,RACExPOLPARTY :: Mixed Race | Independent,ECIMPd_W54,3,"1.000000,0.000000,0.000000"
mistral_instruct,RACExPOLPARTY,RACExPOLPARTY :: Mixed Race | Other,ECIMPd_W54,3,"1.000000,0.000000,0.000000"
mistral_instruct,RACExPOLPARTY,RACExPOLPARTY :: Refused | Independent,ECIMPd_W54,3,"1.000000,0.000000,0.000000"
mistral_instruct,RACExPOLPARTY,RACExPOLPARTY :: White | Democrat,ECIMPd_W54,3,"1.000000,0.000000,0.000000"
mistral_instruct,RACExPOLPARTY,RACExPOLPARTY :: White | Independent,ECIMPd_W54,3,"1.000000,0.000000,0.000000"
mistral_instruct,RACExPOLPARTY,RACExPOLPARTY :: White | Other,ECIMPd_W54,3,"1.000000,0.000000,0.000000"
mistral_instruct,RACExPOLPARTY,RACExPOLPARTY :: White | Refused,ECIMPd_W54,3,"1.000000,0.000000,0.000000"
mistral_instruct,RACExPOLPARTY,RACExPOLPARTY :: White | Republican,ECIMPd_W54,3,"1.000000,0.000000,0.000000"
mistral_instruct,RACExPOLPARTY,RACExPOLPARTY :: Asian | Democrat,ECON4_c_W54,4,"1.000000,0.000000,0.000000,0.000000"
mistral_instruct,RACExPOLPARTY,RACExPOLPARTY :: Asian | Independent,ECON4_c_W54,4,"0.000191,0.014838,0.984869,0.000101"
mistral_instruct,RACExPOLPARTY,RACExPOLPARTY :: Asian | Republican,ECON4_c_W54,4,"0.008380,0.000000,0.991617,0.000003"
mistral_instruct,RACExPOLPARTY,RACExPOLPARTY :: Black | Democrat,ECON4_c_W54,4,"1.000000,0.000000,0.000000,0.000000"
mistral_instruct,RACExPOLPARTY,RACExPOLPARTY :: Black | Independent,ECON4_c_W54,4,"0.999966,0.000030,0.000004,0.000000"
mistral_instruct,RACExPOLPARTY,RACExPOLPARTY :: Black | Other,ECON4_c_W54,4,"1.000000,0.000000,0.000000,0.000000"
mistral_instruct,RACExPOLPARTY,RACExPOLPARTY :: Hispanic | Democrat,ECON4_c_W54,4,"1.000000,0.000000,0.000000,0.000000"
mistral_instruct,RACExPOLPARTY,RACExPOLPARTY :: Hispanic | Independent,ECON4_c_W54,4,"0.006317,0.978641,0.014687,0.000356"
mistral_instruct,RACExPOLPARTY,RACExPOLPARTY :: Hispanic | Other,ECON4_c_W54,4,"0.992976,0.000300,0.006212,0.000512"
mistral_instruct,RACExPOLPARTY,RACExPOLPARTY :: Hispanic | Republican,ECON4_c_W54,4,"0.991937,0.000000,0.008062,0.000001"
mistral_instruct,RACExPOLPARTY,RACExPOLPARTY :: Mixed Race | Democrat,ECON4_c_W54,4,"1.000000,0.000000,0.000000,0.000000"
mistral_instruct,RACExPOLPARTY,RACExPOLPARTY :: Mixed Race | Independent,ECON4_c_W54,4,"0.298539,0.694125,0.006393,0.000943"
mistral_instruct,RACExPOLPARTY,RACExPOLPARTY :: Mixed Race | Other,ECON4_c_W54,4,"0.999999,0.000000,0.000001,0.000000"
mistral_instruct,RACExPOLPARTY,RACExPOLPARTY :: Refused | Independent,ECON4_c_W54,4,"0.000897,0.000006,0.991197,0.007900"
mistral_instruct,RACExPOLPARTY,RACExPOLPARTY :: White | Democrat,ECON4_c_W54,4,"0.999639,0.000351,0.000009,0.000001"
mistral_instruct,RACExPOLPARTY,RACExPOLPARTY :: White | Independent,ECON4_c_W54,4,"0.000000,0.000001,0.999999,0.000000"
mistral_instruct,RACExPOLPARTY,RACExPOLPARTY :: White | Other,ECON4_c_W54,4,"0.000000,0.000000,0.999998,0.000002"
mistral_instruct,RACExPOLPARTY,RACExPOLPARTY :: White | Refused,ECON4_c_W54,4,"0.000237,0.000001,0.875579,0.124183"
mistral_instruct,RACExPOLPARTY,RACExPOLPARTY :: White | Republican,ECON4_c_W54,4,"0.000000,0.000000,1.000000,0.000000"
mistral_instruct,RACExPOLPARTY,RACExPOLPARTY :: Asian | Democrat,ECON4_g_W54,4,"0.000000,0.000000,1.000000,0.000000"
mistral_instruct,RACExPOLPARTY,RACExPOLPARTY :: Asian | Independent,ECON4_g_W54,4,"0.000000,0.000000,1.000000,0.000000"
mistral_instruct,RACExPOLPARTY,RACExPOLPARTY :: Asian | Republican,ECON4_g_W54,4,"0.000000,0.000000,1.000000,0.000000"
mistral_instruct,RACExPOLPARTY,RACExPOLPARTY :: Black | Democrat,ECON4_g_W54,4,"0.000003,0.000000,0.998436,0.001561"
mistral_instruct,RACExPOLPARTY,RACExPOLPARTY :: Black | Independent,ECON4_g_W54,4,"0.000000,0.000000,1.000000,0.000000"
mistral_instruct,RACExPOLPARTY,RACExPOLPARTY :: Black | Other,ECON4_g_W54,4,"0.000004,0.000000,0.100878,0.899118"
mistral_instruct,RACExPOLPARTY,RACExPOLPARTY :: Hispanic | Democrat,ECON4_g_W54,4,"0.000000,0.000000,0.999990,0.000009"
mistral_instruct,RACExPOLPARTY,RACExPOLPARTY :: Hispanic | Independent,ECON4_g_W54,4,"0.000000,0.000000,1.000000,0.000000"
mistral_instruct,RACExPOLPARTY,RACExPOLPARTY :: Hispanic | Other,ECON4_g_W54,4,"0.000001,0.000000,0.927362,0.072637"
mistral_instruct,RACExPOLPARTY,RACExPOLPARTY :: Hispanic | Republican,ECON4_g_W54,4,"0.000000,0.000000,1.000000,0.000000"
mistral_instruct,RACExPOLPARTY,RACExPOLPARTY :: Mixed Race | Democrat,ECON4_g_W54,4,"0.000000,0.000000,0.999999,0.000001"
mistral_instruct,RACExPOLPARTY,RACExPOLPARTY :: Mixed Race | Independent,ECON4_g_W54,4,"0.000000,0.000000,1.000000,0.000000"
mistral_instruct,RACExPOLPARTY,RACExPOLPARTY :: Mixed Race | Other,ECON4_g_W54,4,"0.000003,0.000000,0.981733,0.018264"
mistral_instruct,RACExPOLPARTY,RACExPOLPARTY :: Refused | Independent,ECON4_g_W54,4,"0.000000,0.000000,0.000000,1.000000"
mistral_instruct,RACExPOLPARTY,RACExPOLPARTY :: White | Democrat,ECON4_g_W54,4,"0.000000,0.000000,1.000000,0.000000"
mistral_instruct,RACExPOLPARTY,RACExPOLPARTY :: White | Independent,ECON4_g_W54,4,"0.000000,0.000000,1.000000,0.000000"
mistral_instruct,RACExPOLPARTY,RACExPOLPARTY :: White | Other,ECON4_g_W54,4,"0.000000,0.000000,0.999998,0.000002"
mistral_instruct,RACExPOLPARTY,RACExPOLPARTY :: White | Refused,ECON4_g_W54,4,"0.000000,0.000000,0.000000,1.000000"
mistral_instruct,RACExPOLPARTY,RACExPOLPARTY :: White | Republican,ECON4_g_W54,4,"0.000000,0.000000,1.000000,0.000000"
mistral_instruct,RACExPOLPARTY,RACExPOLPARTY :: Asian | Democrat,ECON5_e_W54,5,"0.000000,0.000000,0.999997,0.000003,0.000000"
mistral_instruct,RACExPOLPARTY,RACExPOLPARTY :: Asian | Independent,ECON5_e_W54,5,"0.000000,0.000000,1.000000,0.000000,0.000000"
mistral_instruct,RACExPOLPARTY,RACExPOLPARTY :: Asian | Republican,ECON5_e_W54,5,"0.000000,0.000000,0.999998,0.000002,0.000000"
mistral_instruct,RACExPOLPARTY,RACExPOLPARTY :: Black | Democrat,ECON5_e_W54,5,"0.000000,0.000000,0.989347,0.010653,0.000000"
mistral_instruct,RACExPOLPARTY,RACExPOLPARTY :: Black | Independent,ECON5_e_W54,5,"0.000000,0.000000,1.000000,0.000000,0.000000"
mistral_instruct,RACExPOLPARTY,RACExPOLPARTY :: Black | Other,ECON5_e_W54,5,"0.000000,0.000000,0.999914,0.000085,0.000000"
mistral_instruct,RACExPOLPARTY,RACExPOLPARTY :: Hispanic | Democrat,ECON5_e_W54,5,"0.000000,0.000000,0.999987,0.000014,0.000000"
mistral_instruct,RACExPOLPARTY,RACExPOLPARTY :: Hispanic | Independent,ECON5_e_W54,5,"0.000000,0.000000,1.000000,0.000000,0.000000"
mistral_instruct,RACExPOLPARTY,RACExPOLPARTY :: Hispanic | Other,ECON5_e_W54,5,"0.000000,0.000000,0.999978,0.000021,0.000000"
mistral_instruct,RACExPOLPARTY,RACExPOLPARTY :: Hispanic | Republican,ECON5_e_W54,5,"0.000000,0.000000,1.000000,0.000000,0.000000"
mistral_instruct,RACExPOLPARTY,RACExPOLPARTY :: Mixed Race | Democrat,ECON5_e_W54,5,"0.000000,0.000000,0.999998,0.000002,0.000000"
mistral_instruct,RACExPOLPARTY,RACExPOLPARTY :: Mixed Race | Independent,ECON5_e_W54,5,"0.000000,0.000000,1.000000,0.000000,0.000000"
mistral_instruct,RACExPOLPARTY,RACExPOLPARTY :: Mixed Race | Other,ECON5_e_W54,5,"0.000002,0.000000,0.998305,0.001367,0.000327"
mistral_instruct,RACExPOLPARTY,RACExPOLPARTY :: Refused | Independent,ECON5_e_W54,5,"0.000009,0.000000,0.000166,0.000033,0.999793"
mistral_instruct,RACExPOLPARTY,RACExPOLPARTY :: White | Democrat,ECON5_e_W54,5,"0.000000,0.000000,0.999994,0.000006,0.000000"
mistral_instruct,RACExPOLPARTY,RACExPOLPARTY :: White | Independent,ECON5_e_W54,5,"0.000000,0.000000,1.000000,0.000000,0.000000"
mistral_instruct,RACExPOLPARTY,RACExPOLPARTY :: White | Other,ECON5_e_W54,5,"0.000000,0.000000,0.999983,0.000015,0.000001"
mistral_instruct,RACExPOLPARTY,RACExPOLPARTY :: White | Refused,ECON5_e_W54,5,"0.000000,0.000000,0.000000,0.000000,1.000000"
mistral_instruct,RACExPOLPARTY,RACExPOLPARTY :: White | Republican,ECON5_e_W54,5,"0.000000,0.000000,0.999999,0.000001,0.000000"
mistral_instruct,RACExPOLPARTY,RACExPOLPARTY :: Asian | Democrat,ELECT_CONF3_PRVFR_W92,4,"0.000000,0.000000,1.000000,0.000000"
mistral_instruct,RACExPOLPARTY,RACExPOLPARTY :: Asian | Independent,ELECT_CONF3_PRVFR_W92,4,"0.000000,0.000000,1.000000,0.000000"
mistral_instruct,RACExPOLPARTY,RACExPOLPARTY :: Asian | Other,ELECT_CONF3_PRVFR_W92,4,"0.000000,0.000000,1.000000,0.000000"
mistral_instruct,RACExPOLPARTY,RACExPOLPARTY :: Asian | Republican,ELECT_CONF3_PRVFR_W92,4,"0.000000,0.000000,1.000000,0.000000"
mistral_instruct,RACExPOLPARTY,RACExPOLPARTY :: Black | Democrat,ELECT_CONF3_PRVFR_W92,4,"0.000000,0.000000,1.000000,0.000000"
mistral_instruct,RACExPOLPARTY,RACExPOLPARTY :: Black | Independent,ELECT_CONF3_PRVFR_W92,4,"0.000000,0.000000,1.000000,0.000000"
mistral_instruct,RACExPOLPARTY,RACExPOLPARTY :: Black | Other,ELECT_CONF3_PRVFR_W92,4,"0.000000,0.000000,1.000000,0.000000"
mistral_instruct,RACExPOLPARTY,RACExPOLPARTY :: Black | Republican,ELECT_CONF3_PRVFR_W92,4,"0.000000,0.000000,1.000000,0.000000"
mistral_instruct,RACExPOLPARTY,RACExPOLPARTY :: Hispanic | Democrat,ELECT_CONF3_PRVFR_W92,4,"0.000000,0.000000,1.000000,0.000000"
mistral_instruct,RACExPOLPARTY,RACExPOLPARTY :: Hispanic | Independent,ELECT_CONF3_PRVFR_W92,4,"0.000000,0.000000,1.000000,0.000000"
mistral_instruct,RACExPOLPARTY,RACExPOLPARTY :: Hispanic | Other,ELECT_CONF3_PRVFR_W92,4,"0.000000,0.000000,1.000000,0.000000"
mistral_instruct,RACExPOLPARTY,RACExPOLPARTY :: Hispanic | Republican,ELECT_CONF3_PRVFR_W92,4,"0.000000,0.000000,1.000000,0.000000"
mistral_instruct,RACExPOLPARTY,RACExPOLPARTY :: Mixed Race | Democrat,ELECT_CONF3_PRVFR_W92,4,"0.000000,0.000000,1.000000,0.000000"
mistral_instruct,RACExPOLPARTY,RACExPOLPARTY :: Mixed Race | Independent,ELECT_CONF3_PRVFR_W92,4,"0.000000,0.000000,1.000000,0.000000"
mistral_instruct,RACExPOLPARTY,RACExPOLPARTY :: Mixed Race | Other,ELECT_CONF3_PRVFR_W92,4,"0.000000,0.000000,1.000000,0.000000"
mistral_instruct,RACExPOLPARTY,RACExPOLPARTY :: Mixed Race | Republican,ELECT_CONF3_PRVFR_W92,4,"0.000000,0.000000,1.000000,0.000000"
mistral_instruct,RACExPOLPARTY,RACExPOLPARTY :: Refused | Independent,ELECT_CONF3_PRVFR_W92,4,"0.000000,0.000000,1.000000,0.000000"
mistral_instruct,RACExPOLPARTY,RACExPOLPARTY :: White | Democrat,ELECT_CONF3_PRVFR_W92,4,"0.000000,0.000000,1.000000,0.000000"
mistral_instruct,RACExPOLPARTY,RACExPOLPARTY :: White | Independent,ELECT_CONF3_PRVFR_W92,4,"0.000000,0.000000,1.000000,0.000000"
mistral_instruct,RACExPOLPARTY,RACExPOLPARTY :: White | Other,ELECT_CONF3_PRVFR_W92,4,"0.000000,0.000000,1.000000,0.000000"
mistral_instruct,RACExPOLPARTY,RACExPOLPARTY :: White | Refused,ELECT_CONF3_PRVFR_W92,4,"0.000000,0.000000,0.999999,0.000001"
mistral_instruct,RACExPOLPARTY,RACExPOLPARTY :: White | Republican,ELECT_CONF3_PRVFR_W92,4,"0.000000,0.000000,1.000000,0.000000"
mistral_instruct,RACExPOLPARTY,RACExPOLPARTY :: Asian | Democrat,ELECT_IMPT3_PRVFR_W92,4,"1.000000,0.000000,0.000000,0.000000"
mistral_instruct,RACExPOLPARTY,RACExPOLPARTY :: Asian | Independent,ELECT_IMPT3_PRVFR_W92,4,"0.014282,0.000002,0.985716,0.000000"
mistral_instruct,RACExPOLPARTY,RACExPOLPARTY :: Asian | Other,ELECT_IMPT3_PRVFR_W92,4,"0.000016,0.000000,0.999982,0.000001"
mistral_instruct,RACExPOLPARTY,RACExPOLPARTY :: Asian | Republican,ELECT_IMPT3_PRVFR_W92,4,"1.000000,0.000000,0.000000,0.000000"
mistral_instruct,RACExPOLPARTY,RACExPOLPARTY :: Black | Democrat,ELECT_IMPT3_PRVFR_W92,4,"1.000000,0.000000,0.000000,0.000000"
mistral_instruct,RACExPOLPARTY,RACExPOLPARTY :: Black | Independent,ELECT_IMPT3_PRVFR_W92,4,"0.000940,0.000000,0.999059,0.000000"
mistral_instruct,RACExPOLPARTY,RACExPOLPARTY :: Black | Other,ELECT_IMPT3_PRVFR_W92,4,"0.000056,0.000000,0.999940,0.000004"
mistral_instruct,RACExPOLPARTY,RACExPOLPARTY :: Black | Republican,ELECT_IMPT3_PRVFR_W92,4,"1.000000,0.000000,0.000000,0.000000"
mistral_instruct,RACExPOLPARTY,RACExPOLPARTY :: Hispanic | Democrat,ELECT_IMPT3_PRVFR_W92,4,"1.000000,0.000000,0.000000,0.000000"
mistral_instruct,RACExPOLPARTY,RACExPOLPARTY :: Hispanic | Independent,ELECT_IMPT3_PRVFR_W92,4,"0.171061,0.000003,0.828936,0.000000"
mistral_instruct,RACExPOLPARTY,RACExPOLPARTY :: Hispanic | Other,ELECT_IMPT3_PRVFR_W92,4,"0.000011,0.000000,0.999987,0.000001"
mistral_instruct,RACExPOLPARTY,RACExPOLPARTY :: Hispanic | Republican,ELECT_IMPT3_PRVFR_W92,4,"1.000000,0.000000,0.000000,0.000000"
mistral_instruct,RACExPOLPARTY,RACExPOLPARTY :: Mixed Race | Democrat,ELECT_IMPT3_PRVFR_W92,4,"0.999945,0.000000,0.000055,0.000000"
mistral_instruct,RACExPOLPARTY,RACExPOLPARTY :: Mixed Race | Independent,ELECT_IMPT3_PRVFR_W92,4,"0.000000,0.000000,1.000000,0.000000"
mistral_instruct,RACExPOLPARTY,RACExPOLPARTY :: Mixed Race | Other,ELECT_IMPT3_PRVFR_W92,4,"0.000001,0.000000,0.999997,0.000002"
mistral_instruct,RACExPOLPARTY,RACExPOLPARTY :: Mixed Race | Republican,ELECT_IMPT3_PRVFR_W92,4,"0.999998,0.000000,0.000002,0.000000"
mistral_instruct,RACExPOLPARTY,RACExPOLPARTY :: Refused | Independent,ELECT_IMPT3_PRVFR_W92,4,"0.000000,0.000000,1.000000,0.000000"
mistral_instruct,RACExPOLPARTY,RACExPOLPARTY :: White | Democrat,ELECT_IMPT3_PRVFR_W92,4,"1.000000,0.000000,0.000000,0.000000"
mistral_instruct,RACExPOLPARTY,RACExPOLPARTY :: White | Independent,ELECT_IMPT3_PRVFR_W92,4,"0.000002,0.000000,0.999997,0.000000"
mistral_instruct,RACExPOLPARTY,RACExPOLPARTY :: White | Other,ELECT_IMPT3_PRVFR_W92,4,"0.000000,0.000000,1.000000,0.000000"
mistral_instruct,RACExPOLPARTY,RACExPOLPARTY :: White | Refused,ELECT_IMPT3_PRVFR_W92,4,"0.000000,0.000000,0.999995,0.000004"
mistral_instruct,RACExPOLPARTY,RACExPOLPARTY :: White | Republican,ELECT_IMPT3_PRVFR_W92,4,"1.000000,0.000000,0.000000,0.000000"
mistral_instruct,RACExPOLPARTY,RACExPOLPARTY :: Asian | Democrat,ELECT_IMPT3_PRVSUP_W92,4,"1.000000,0.000000,0.000000,0.000000"
mistral_instruct,RACExPOLPARTY,RACExPOLPARTY :: Asian | Independent,ELECT_IMPT3_PRVSUP_W92,4,"1.000000,0.000000,0.000000,0.000000"
mistral_instruct,RACExPOLPARTY,RACExPOLPARTY :: Asian | Other,ELECT_IMPT3_PRVSUP_W92,4,"1.000000,0.000000,0.000000,0.000000"
mistral_instruct,RACExPOLPARTY,RACExPOLPARTY :: Asian | Republican,ELECT_IMPT3_PRVSUP_W92,4,"1.000000,0.000000,0.000000,0.000000"
mistral_instruct,RACExPOLPARTY,RACExPOLPARTY :: Black | Democrat,ELECT_IMPT3_PRVSUP_W92,4,"1.000000,0.000000,0.000000,0.000000"
mistral_instruct,RACExPOLPARTY,RACExPOLPARTY :: Black | Independent,ELECT_IMPT3_PRVSUP_W92,4,"1.000000,0.000000,0.000000,0.000000"
mistral_instruct,RACExPOLPARTY,RACExPOLPARTY :: Black | Other,ELECT_IMPT3_PRVSUP_W92,4,"1.000000,0.000000,0.000000,0.000000"
mistral_instruct,RACExPOLPARTY,RACExPOLPARTY :: Black | Republican,ELECT_IMPT3_PRVSUP_W92,4,"1.000000,0.000000,0.000000,0.000000"
mistral_instruct,RACExPOLPARTY,RACExPOLPARTY :: Hispanic | Democrat,ELECT_IMPT3_PRVSUP_W92,4,"1.000000,0.000000,0.000000,0.000000"
mistral_instruct,RACExPOLPARTY,RACExPOLPARTY :: Hispanic | Independent,ELECT_IMPT3_PRVSUP_W92,4,"1.000000,0.000000,0.000000,0.000000"
mistral_instruct,RACExPOLPARTY,RACExPOLPARTY :: Hispanic | Other,ELECT_IMPT3_PRVSUP_W92,4,"1.000000,0.000000,0.000000,0.000000"
mistral_instruct,RACExPOLPARTY,RACExPOLPARTY :: Hispanic | Republican,ELECT_IMPT3_PRVSUP_W92,4,"1.000000,0.000000,0.000000,0.000000"
mistral_instruct,RACExPOLPARTY,RACExPOLPARTY :: Mixed Race | Democrat,ELECT_IMPT3_PRVSUP_W92,4,"1.000000,0.000000,0.000000,0.000000"
mistral_instruct,RACExPOLPARTY,RACExPOLPARTY :: Mixed Race | Independent,ELECT_IMPT3_PRVSUP_W92,4,"1.000000,0.000000,0.000000,0.000000"
mistral_instruct,RACExPOLPARTY,RACExPOLPARTY :: Mixed Race | Other,ELECT_IMPT3_PRVSUP_W92,4,"1.000000,0.000000,0.000000,0.000000"
mistral_instruct,RACExPOLPARTY,RACExPOLPARTY :: Mixed Race | Republican,ELECT_IMPT3_PRVSUP_W92,4,"1.000000,0.000000,0.000000,0.000000"
mistral_instruct,RACExPOLPARTY,RACExPOLPARTY :: Refused | Independent,ELECT_IMPT3_PRVSUP_W92,4,"1.000000,0.000000,0.000000,0.000000"
mistral_instruct,RACExPOLPARTY,RACExPOLPARTY :: White | Democrat,ELECT_IMPT3_PRVSUP_W92,4,"1.000000,0.000000,0.000000,0.000000"
mistral_instruct,RACExPOLPARTY,RACExPOLPARTY :: White | Independent,ELECT_IMPT3_PRVSUP_W92,4,"1.000000,0.000000,0.000000,0.000000"
mistral_instruct,RACExPOLPARTY,RACExPOLPARTY :: White | Other,ELECT_IMPT3_PRVSUP_W92,4,"1.000000,0.000000,0.000000,0.000000"
mistral_instruct,RACExPOLPARTY,RACExPOLPARTY :: White | Refused,ELECT_IMPT3_PRVSUP_W92,4,"1.000000,0.000000,0.000000,0.000000"
mistral_instruct,RACExPOLPARTY,RACExPOLPARTY :: White | Republican,ELECT_IMPT3_PRVSUP_W92,4,"1.000000,0.000000,0.000000,0.000000"
mistral_instruct,RACExPOLPARTY,RACExPOLPARTY :: Asian | Democrat,FAMSURV10b_W50,4,"0.359228,0.015179,0.625559,0.000034"
mistral_instruct,RACExPOLPARTY,RACExPOLPARTY :: Asian | Independent,FAMSURV10b_W50,4,"0.000001,0.000041,0.999958,0.000000"
mistral_instruct,RACExPOLPARTY,RACExPOLPARTY :: Asian | Republican,FAMSURV10b_W50,4,"0.000114,0.000001,0.999885,0.000000"
mistral_instruct,RACExPOLPARTY,RACExPOLPARTY :: Black | Democrat,FAMSURV10b_W50,4,"0.999430,0.000038,0.000532,0.000000"
mistral_instruct,RACExPOLPARTY,RACExPOLPARTY :: Black | Independent,FAMSURV10b_W50,4,"0.000134,0.041147,0.958707,0.000012"
mistral_instruct,RACExPOLPARTY,RACExPOLPARTY :: Black | Other,FAMSURV10b_W50,4,"0.000007,0.000069,0.999922,0.000003"
mistral_instruct,RACExPOLPARTY,RACExPOLPARTY :: Black | Republican,FAMSURV10b_W50,4,"0.304039,0.000009,0.695952,0.000001"
mistral_instruct,RACExPOLPARTY,RACExPOLPARTY :: Hispanic | Democrat,FAMSURV10b_W50,4,"0.995621,0.000951,0.003426,0.000001"
mistral_instruct,RACExPOLPARTY,RACExPOLPARTY :: Hispanic | Independent,FAMSURV10b_W50,4,"0.000125,0.055815,0.944045,0.000015"
mistral_instruct,RACExPOLPARTY,RACExPOLPARTY :: Hispanic | Other,FAMSURV10b_W50,4,"0.000001,0.000003,0.999996,0.000001"
mistral_instruct,RACExPOLPARTY,RACExPOLPARTY :: Hispanic | Republican,FAMSURV10b_W50,4,"0.002083,0.000004,0.997913,0.000000"
mistral_instruct,RACExPOLPARTY,RACExPOLPARTY :: Mixed Race | Democrat,FAMSURV10b_W50,4,"0.998981,0.000785,0.000232,0.000001"
mistral_instruct,RACExPOLPARTY,RACExPOLPARTY :: Mixed Race | Independent,FAMSURV10b_W50,4,"0.000339,0.128475,0.871132,0.000055"
mistral_instruct,RACExPOLPARTY,RACExPOLPARTY :: Mixed Race | Other,FAMSURV10b_W50,4,"0.000021,0.000154,0.999808,0.000017"
mistral_instruct,RACExPOLPARTY,RACExPOLPARTY :: Mixed Race | Republican,FAMSURV10b_W50,4,"0.233702,0.000018,0.766278,0.000002"
mistral_instruct,RACExPOLPARTY,RACExPOLPARTY :: Refused | Democrat,FAMSURV10b_W50,4,"0.001610,0.000072,0.998304,0.000013"
mistral_instruct,RACExPOLPARTY,RACExPOLPARTY :: Refused | Independent,FAMSURV10b_W50,4,"0.000000,0.000000,1.000000,0.000000"
mistral_instruct,RACExPOLPARTY,RACExPOLPARTY :: White | Democrat,FAMSURV10b_W50,4,"0.649790,0.329298,0.020887,0.000025"
mistral_instruct,RACExPOLPARTY,RACExPOLPARTY :: White | Independent,FAMSURV10b_W50,4,"0.000008,0.026556,0.973433,0.000002"
mistral_instruct,RACExPOLPARTY,RACExPOLPARTY :: White | Other,FAMSURV10b_W50,4,"0.000000,0.000003,0.999996,0.000000"
mistral_instruct,RACExPOLPARTY,RACExPOLPARTY :: White | Refused,FAMSURV10b_W50,4,"0.000000,0.000000,0.999999,0.000001"
mistral_instruct,RACExPOLPARTY,RACExPOLPARTY :: White | Republican,FAMSURV10b_W50,4,"0.000006,0.000000,0.999994,0.000000"
mistral_instruct,RACExPOLPARTY,RACExPOLPARTY :: Asian | Democrat,FAMSURV35c_W50,2,"1.000000,0.000000"
mistral_instruct,RACExPOLPARTY,RACExPOLPARTY :: Asian | Independent,FAMSURV35c_W50,2,"1.000000,0.000000"
mistral_instruct,RACExPOLPARTY,RACExPOLPARTY :: Asian | Republican,FAMSURV35c_W50,2,"1.000000,0.000000"
mistral_instruct,RACExPOLPARTY,RACExPOLPARTY :: Black | Democrat,FAMSURV35c_W50,2,"1.000000,0.000000"
mistral_instruct,RACExPOLPARTY,RACExPOLPARTY :: Black | Independent,FAMSURV35c_W50,2,"1.000000,0.000000"
mistral_instruct,RACExPOLPARTY,RACExPOLPARTY :: Black | Other,FAMSURV35c_W50,2,"1.000000,0.000000"
mistral_instruct,RACExPOLPARTY,RACExPOLPARTY :: Black | Republican,FAMSURV35c_W50,2,"1.000000,0.000000"
mistral_instruct,RACExPOLPARTY,RACExPOLPARTY :: Hispanic | Democrat,FAMSURV35c_W50,2,"1.000000,0.000000"
mistral_instruct,RACExPOLPARTY,RACExPOLPARTY :: Hispanic | Independent,FAMSURV35c_W50,2,"1.000000,0.000000"
mistral_instruct,RACExPOLPARTY,RACExPOLPARTY :: Hispanic | Other,FAMSURV35c_W50,2,"1.000000,0.000000"
mistral_instruct,RACExPOLPARTY,RACExPOLPARTY :: Hispanic | Republican,FAMSURV35c_W50,2,"1.000000,0.000000"
mistral_instruct,RACExPOLPARTY,RACExPOLPARTY :: Mixed Race | Democrat,FAMSURV35c_W50,2,"1.000000,0.000000"
mistral_instruct,RACExPOLPARTY,RACExPOLPARTY :: Mixed Race | Independent,FAMSURV35c_W50,2,"1.000000,0.000000"
mistral_instruct,RACExPOLPARTY,RACExPOLPARTY :: Mixed Race | Other,FAMSURV35c_W50,2,"1.000000,0.000000"
mistral_instruct,RACExPOLPARTY,RACExPOLPARTY :: Mixed Race | Republican,FAMSURV35c_W50,2,"1.000000,0.000000"
mistral_instruct,RACExPOLPARTY,RACExPOLPARTY :: Refused | Democrat,FAMSURV35c_W50,2,"1.000000,0.000000"
mistral_instruct,RACExPOLPARTY,RACExPOLPARTY :: Refused | Independent,FAMSURV35c_W50,2,"1.000000,0.000000"
mistral_instruct,RACExPOLPARTY,RACExPOLPARTY :: White | Democrat,FAMSURV35c_W50,2,"1.000000,0.000000"
mistral_instruct,RACExPOLPARTY,RACExPOLPARTY :: White | Independent,FAMSURV35c_W50,2,"1.000000,0.000000"
mistral_instruct,RACExPOLPARTY,RACExPOLPARTY :: White | Other,FAMSURV35c_W50,2,"1.000000,0.000000"
mistral_instruct,RACExPOLPARTY,RACExPOLPARTY :: White | Refused,FAMSURV35c_W50,2,"0.000195,0.999805"
mistral_instruct,RACExPOLPARTY,RACExPOLPARTY :: White | Republican,FAMSURV35c_W50,2,"1.000000,0.000000"
mistral_instruct,RACExPOLPARTY,RACExPOLPARTY :: Asian | Democrat,FAMSURV36a_W50,2,"1.000000,0.000000"
mistral_instruct,RACExPOLPARTY,RACExPOLPARTY :: Asian | Independent,FAMSURV36a_W50,2,"1.000000,0.000000"
mistral_instruct,RACExPOLPARTY,RACExPOLPARTY :: Asian | Republican,FAMSURV36a_W50,2,"1.000000,0.000000"
mistral_instruct,RACExPOLPARTY,RACExPOLPARTY :: Black | Democrat,FAMSURV36a_W50,2,"1.000000,0.000000"
mistral_instruct,RACExPOLPARTY,RACExPOLPARTY :: Black | Independent,FAMSURV36a_W50,2,"1.000000,0.000000"
mistral_instruct,RACExPOLPARTY,RACExPOLPARTY :: Black | Other,FAMSURV36a_W50,2,"1.000000,0.000000"
mistral_instruct,RACExPOLPARTY,RACExPOLPARTY :: Black | Republican,FAMSURV36a_W50,2,"1.000000,0.000000"
mistral_instruct,RACExPOLPARTY,RACExPOLPARTY :: Hispanic | Democrat,FAMSURV36a_W50,2,"1.000000,0.000000"
mistral_instruct,RACExPOLPARTY,RACExPOLPARTY :: Hispanic | Independent,FAMSURV36a_W50,2,"1.000000,0.000000"
mistral_instruct,RACExPOLPARTY,RACExPOLPARTY :: Hispanic | Other,FAMSURV36a_W50,2,"1.000000,0.000000"
mistral_instruct,RACExPOLPARTY,RACExPOLPARTY :: Hispanic | Republican,FAMSURV36a_W50,2,"1.000000,0.000000"
mistral_instruct,RACExPOLPARTY,RACExPOLPARTY :: Mixed Race | Democrat,FAMSURV36a_W50,2,"1.000000,0.000000"
mistral_instruct,RACExPOLPARTY,RACExPOLPARTY :: Mixed Race | Independent,FAMSURV36a_W50,2,"1.000000,0.000000"
mistral_instruct,RACExPOLPARTY,RACExPOLPARTY :: Mixed Race | Other,FAMSURV36a_W50,2,"1.000000,0.000000"
mistral_instruct,RACExPOLPARTY,RACExPOLPARTY :: Mixed Race | Republican,FAMSURV36a_W50,2,"1.000000,0.000000"
mistral_instruct,RACExPOLPARTY,RACExPOLPARTY :: Refused | Democrat,FAMSURV36a_W50,2,"1.000000,0.000000"
mistral_instruct,RACExPOLPARTY,RACExPOLPARTY :: Refused | Independent,FAMSURV36a_W50,2,"0.997133,0.002867"
mistral_instruct,RACExPOLPARTY,RACExPOLPARTY :: White | Democrat,FAMSURV36a_W50,2,"1.000000,0.000000"
mistral_instruct,RACExPOLPARTY,RACExPOLPARTY :: White | Independent,FAMSURV36a_W50,2,"0.997285,0.002715"
mistral_instruct,RACExPOLPARTY,RACExPOLPARTY :: White | Other,FAMSURV36a_W50,2,"0.999994,0.000006"
mistral_instruct,RACExPOLPARTY,RACExPOLPARTY :: White | Refused,FAMSURV36a_W50,2,"0.000004,0.999996"
mistral_instruct,RACExPOLPARTY,RACExPOLPARTY :: White | Republican,FAMSURV36a_W50,2,"1.000000,0.000000"
mistral_instruct,RACExPOLPARTY,RACExPOLPARTY :: Asian | Democrat,FAMSURV36b_W50,2,"1.000000,0.000000"
mistral_instruct,RACExPOLPARTY,RACExPOLPARTY :: Asian | Independent,FAMSURV36b_W50,2,"0.999999,0.000001"
mistral_instruct,RACExPOLPARTY,RACExPOLPARTY :: Asian | Republican,FAMSURV36b_W50,2,"1.000000,0.000000"
mistral_instruct,RACExPOLPARTY,RACExPOLPARTY :: Black | Democrat,FAMSURV36b_W50,2,"1.000000,0.000000"
mistral_instruct,RACExPOLPARTY,RACExPOLPARTY :: Black | Independent,FAMSURV36b_W50,2,"1.000000,0.000000"
mistral_instruct,RACExPOLPARTY,RACExPOLPARTY :: Black | Other,FAMSURV36b_W50,2,"1.000000,0.000000"
mistral_instruct,RACExPOLPARTY,RACExPOLPARTY :: Black | Republican,FAMSURV36b_W50,2,"1.000000,0.000000"
mistral_instruct,RACExPOLPARTY,RACExPOLPARTY :: Hispanic | Democrat,FAMSURV36b_W50,2,"1.000000,0.000000"
mistral_instruct,RACExPOLPARTY,RACExPOLPARTY :: Hispanic | Independent,FAMSURV36b_W50,2,"1.000000,0.000000"
mistral_instruct,RACExPOLPARTY,RACExPOLPARTY :: Hispanic | Other,FAMSURV36b_W50,2,"1.000000,0.000000"
mistral_instruct,RACExPOLPARTY,RACExPOLPARTY :: Hispanic | Republican,FAMSURV36b_W50,2,"1.000000,0.000000"
mistral_instruct,RACExPOLPARTY,RACExPOLPARTY :: Mixed Race | Democrat,FAMSURV36b_W50,2,"1.000000,0.000000"
mistral_instruct,RACExPOLPARTY,RACExPOLPARTY :: Mixed Race | Independent,FAMSURV36b_W50,2,"1.000000,0.000000"
mistral_instruct,RACExPOLPARTY,RACExPOLPARTY :: Mixed Race | Other,FAMSURV36b_W50,2,"1.000000,0.000000"
mistral_instruct,RACExPOLPARTY,RACExPOLPARTY :: Mixed Race | Republican,FAMSURV36b_W50,2,"1.000000,0.000000"
mistral_instruct,RACExPOLPARTY,RACExPOLPARTY :: Refused | Democrat,FAMSURV36b_W50,2,"1.000000,0.000000"
mistral_instruct,RACExPOLPARTY,RACExPOLPARTY :: Refused | Independent,FAMSURV36b_W50,2,"0.830044,0.169956"
mistral_instruct,RACExPOLPARTY,RACExPOLPARTY :: White | Democrat,FAMSURV36b_W50,2,"1.000000,0.000000"
mistral_instruct,RACExPOLPARTY,RACExPOLPARTY :: White | Independent,FAMSURV36b_W50,2,"0.968141,0.031859"
mistral_instruct,RACExPOLPARTY,RACExPOLPARTY :: White | Other,FAMSURV36b_W50,2,"0.999975,0.000025"
mistral_instruct,RACExPOLPARTY,RACExPOLPARTY :: White | Refused,FAMSURV36b_W50,2,"0.000003,0.999997"
mistral_instruct,RACExPOLPARTY,RACExPOLPARTY :: White | Republican,FAMSURV36b_W50,2,"1.000000,0.000000"
mistral_instruct,RACExPOLPARTY,RACExPOLPARTY :: Asian | Democrat,FAMSURV5d_W50,3,"0.000000,0.000000,1.000000"
mistral_instruct,RACExPOLPARTY,RACExPOLPARTY :: Asian | Independent,FAMSURV5d_W50,3,"0.000000,0.000000,1.000000"
mistral_instruct,RACExPOLPARTY,RACExPOLPARTY :: Asian | Republican,FAMSURV5d_W50,3,"0.000000,0.000000,1.000000"
mistral_instruct,RACExPOLPARTY,RACExPOLPARTY :: Black | Democrat,FAMSURV5d_W50,3,"0.000000,0.000000,1.000000"
mistral_instruct,RACExPOLPARTY,RACExPOLPARTY :: Black | Independent,FAMSURV5d_W50,3,"0.000000,0.000000,1.000000"
mistral_instruct,RACExPOLPARTY,RACExPOLPARTY :: Black | Other,FAMSURV5d_W50,3,"0.000000,0.000000,1.000000"
mistral_instruct,RACExPOLPARTY,RACExPOLPARTY :: Black | Republican,FAMSURV5d_W50,3,"0.000000,0.000000,1.000000"
mistral_instruct,RACExPOLPARTY,RACExPOLPARTY :: Hispanic | Democrat,FAMSURV5d_W50,3,"0.000000,0.000000,1.000000"
mistral_instruct,RACExPOLPARTY,RACExPOLPARTY :: Hispanic | Independent,FAMSURV5d_W50,3,"0.000000,0.000000,1.000000"
mistral_instruct,RACExPOLPARTY,RACExPOLPARTY :: Hispanic | Other,FAMSURV5d_W50,3,"0.000000,0.000000,1.000000"
mistral_instruct,RACExPOLPARTY,RACExPOLPARTY :: Hispanic | Republican,FAMSURV5d_W50,3,"0.000000,0.000000,1.000000"
mistral_instruct,RACExPOLPARTY,RACExPOLPARTY :: Mixed Race | Democrat,FAMSURV5d_W50,3,"0.000000,0.000000,1.000000"
mistral_instruct,RACExPOLPARTY,RACExPOLPARTY :: Mixed Race | Independent,FAMSURV5d_W50,3,"0.000000,0.000000,1.000000"
mistral_instruct,RACExPOLPARTY,RACExPOLPARTY :: Mixed Race | Other,FAMSURV5d_W50,3,"0.000000,0.000000,1.000000"
mistral_instruct,RACExPOLPARTY,RACExPOLPARTY :: Mixed Race | Republican,FAMSURV5d_W50,3,"0.000000,0.000000,1.000000"
mistral_instruct,RACExPOLPARTY,RACExPOLPARTY :: Refused | Democrat,FAMSURV5d_W50,3,"0.000000,0.000000,1.000000"
mistral_instruct,RACExPOLPARTY,RACExPOLPARTY :: Refused | Independent,FAMSURV5d_W50,3,"0.000000,0.000000,1.000000"
mistral_instruct,RACExPOLPARTY,RACExPOLPARTY :: White | Democrat,FAMSURV5d_W50,3,"0.000000,0.000000,1.000000"
mistral_instruct,RACExPOLPARTY,RACExPOLPARTY :: White | Independent,FAMSURV5d_W50,3,"0.000000,0.000000,1.000000"
mistral_instruct,RACExPOLPARTY,RACExPOLPARTY :: White | Other,FAMSURV5d_W50,3,"0.000000,0.000000,1.000000"
mistral_instruct,RACExPOLPARTY,RACExPOLPARTY :: White | Refused,FAMSURV5d_W50,3,"0.000000,0.000000,1.000000"
mistral_instruct,RACExPOLPARTY,RACExPOLPARTY :: White | Republican,FAMSURV5d_W50,3,"0.000000,0.000000,1.000000"
mistral_instruct,RACExPOLPARTY,RACExPOLPARTY :: Asian | Democrat,FEELC_W32,4,"0.000014,0.999975,0.000010,0.000002"
mistral_instruct,RACExPOLPARTY,RACExPOLPARTY :: Asian | Independent,FEELC_W32,4,"0.000000,1.000000,0.000000,0.000000"
mistral_instruct,RACExPOLPARTY,RACExPOLPARTY :: Black | Democrat,FEELC_W32,4,"0.000003,0.999981,0.000015,0.000001"
mistral_instruct,RACExPOLPARTY,RACExPOLPARTY :: Black | Independent,FEELC_W32,4,"0.000000,1.000000,0.000000,0.000000"
mistral_instruct,RACExPOLPARTY,RACExPOLPARTY :: Black | Other,FEELC_W32,4,"0.000001,0.999998,0.000000,0.000000"
mistral_instruct,RACExPOLPARTY,RACExPOLPARTY :: Hispanic | Democrat,FEELC_W32,4,"0.000004,0.999991,0.000005,0.000001"
mistral_instruct,RACExPOLPARTY,RACExPOLPARTY :: Hispanic | Independent,FEELC_W32,4,"0.000000,1.000000,0.000000,0.000000"
mistral_instruct,RACExPOLPARTY,RACExPOLPARTY :: Hispanic | Other,FEELC_W32,4,"0.000001,0.999999,0.000000,0.000000"
mistral_instruct,RACExPOLPARTY,RACExPOLPARTY :: Hispanic | Republican,FEELC_W32,4,"0.147081,0.846391,0.006513,0.000015"
mistral_instruct,RACExPOLPARTY,RACExPOLPARTY :: Mixed Race | Democrat,FEELC_W32,4,"0.000000,1.000000,0.000000,0.000000"
mistral_instruct,RACExPOLPARTY,RACExPOLPARTY :: Mixed Race | Independent,FEELC_W32,4,"0.000000,1.000000,0.000000,0.000000"
mistral_instruct,RACExPOLPARTY,RACExPOLPARTY :: Other | Independent,FEELC_W32,4,"0.000000,1.000000,0.000000,0.000000"
mistral_instruct,RACExPOLPARTY,RACExPOLPARTY :: Other | Republican,FEELC_W32,4,"0.000004,0.999784,0.000212,0.000001"
mistral_instruct,RACExPOLPARTY,RACExPOLPARTY :: White | Democrat,FEELC_W32,4,"0.000001,0.999999,0.000001,0.000000"
mistral_instruct,RACExPOLPARTY,RACExPOLPARTY :: White | Independent,FEELC_W32,4,"0.000000,1.000000,0.000000,0.000000"
mistral_instruct,RACExPOLPARTY,RACExPOLPARTY :: White | Other,FEELC_W32,4,"0.000000,0.999999,0.000000,0.000000"
mistral_instruct,RACExPOLPARTY,RACExPOLPARTY :: White | Refused,FEELC_W32,4,"0.000094,0.004330,0.995419,0.000157"
mistral_instruct,RACExPOLPARTY,RACExPOLPARTY :: White | Republican,FEELC_W32,4,"0.998235,0.001701,0.000064,0.000000"
mistral_instruct,RACExPOLPARTY,RACExPOLPARTY :: Asian | Democrat,GOVSIZE2_W92,2,"0.000000,1.000000"
mistral_instruct,RACExPOLPARTY,RACExPOLPARTY :: Asian | Independent,GOVSIZE2_W92,2,"0.000000,1.000000"
mistral_instruct,RACExPOLPARTY,RACExPOLPARTY :: Asian | Other,GOVSIZE2_W92,2,"0.000000,1.000000"
mistral_instruct,RACExPOLPARTY,RACExPOLPARTY :: Asian | Republican,GOVSIZE2_W92,2,"0.000000,1.000000"
mistral_instruct,RACExPOLPARTY,RACExPOLPARTY :: Black | Democrat,GOVSIZE2_W92,2,"0.000000,1.000000"
mistral_instruct,RACExPOLPARTY,RACExPOLPARTY :: Black | Independent,GOVSIZE2_W92,2,"0.000000,1.000000"
mistral_instruct,RACExPOLPARTY,RACExPOLPARTY :: Black | Other,GOVSIZE2_W92,2,"0.000000,1.000000"
mistral_instruct,RACExPOLPARTY,RACExPOLPARTY :: Black | Republican,GOVSIZE2_W92,2,"0.000000,1.000000"
mistral_instruct,RACExPOLPARTY,RACExPOLPARTY :: Hispanic | Democrat,GOVSIZE2_W92,2,"0.000000,1.000000"
mistral_instruct,RACExPOLPARTY,RACExPOLPARTY :: Hispanic | Independent,GOVSIZE2_W92,2,"0.000000,1.000000"
mistral_instruct,RACExPOLPARTY,RACExPOLPARTY :: Hispanic | Other,GOVSIZE2_W92,2,"0.000000,1.000000"
mistral_instruct,RACExPOLPARTY,RACExPOLPARTY :: Hispanic | Republican,GOVSIZE2_W92,2,"0.000000,1.000000"
mistral_instruct,RACExPOLPARTY,RACExPOLPARTY :: Mixed Race | Democrat,GOVSIZE2_W92,2,"0.000000,1.000000"
mistral_instruct,RACExPOLPARTY,RACExPOLPARTY :: Mixed Race | Independent,GOVSIZE2_W92,2,"0.000000,1.000000"
mistral_instruct,RACExPOLPARTY,RACExPOLPARTY :: Mixed Race | Other,GOVSIZE2_W92,2,"0.000000,1.000000"
mistral_instruct,RACExPOLPARTY,RACExPOLPARTY :: Mixed Race | Republican,GOVSIZE2_W92,2,"0.000000,1.000000"
mistral_instruct,RACExPOLPARTY,RACExPOLPARTY :: Refused | Independent,GOVSIZE2_W92,2,"0.000000,1.000000"
mistral_instruct,RACExPOLPARTY,RACExPOLPARTY :: White | Democrat,GOVSIZE2_W92,2,"0.000000,1.000000"
mistral_instruct,RACExPOLPARTY,RACExPOLPARTY :: White | Independent,GOVSIZE2_W92,2,"0.000000,1.000000"
mistral_instruct,RACExPOLPARTY,RACExPOLPARTY :: White | Other,GOVSIZE2_W92,2,"0.000000,1.000000"
mistral_instruct,RACExPOLPARTY,RACExPOLPARTY :: White | Refused,GOVSIZE2_W92,2,"0.005820,0.994180"
mistral_instruct,RACExPOLPARTY,RACExPOLPARTY :: White | Republican,GOVSIZE2_W92,2,"0.000000,1.000000"
mistral_instruct,RACExPOLPARTY,RACExPOLPARTY :: Asian | Democrat,GROWUPNEAR_W32,2,"1.000000,0.000000"
mistral_instruct,RACExPOLPARTY,RACExPOLPARTY :: Asian | Independent,GROWUPNEAR_W32,2,"0.999995,0.000005"
mistral_instruct,RACExPOLPARTY,RACExPOLPARTY :: Black | Democrat,GROWUPNEAR_W32,2,"1.000000,0.000000"
mistral_instruct,RACExPOLPARTY,RACExPOLPARTY :: Black | Independent,GROWUPNEAR_W32,2,"1.000000,0.000000"
mistral_instruct,RACExPOLPARTY,RACExPOLPARTY :: Black | Other,GROWUPNEAR_W32,2,"0.999720,0.000280"
mistral_instruct,RACExPOLPARTY,RACExPOLPARTY :: Hispanic | Democrat,GROWUPNEAR_W32,2,"1.000000,0.000000"
mistral_instruct,RACExPOLPARTY,RACExPOLPARTY :: Hispanic | Independent,GROWUPNEAR_W32,2,"0.999998,0.000002"
mistral_instruct,RACExPOLPARTY,RACExPOLPARTY :: Hispanic | Other,GROWUPNEAR_W32,2,"0.999611,0.000389"
mistral_instruct,RACExPOLPARTY,RACExPOLPARTY :: Hispanic | Republican,GROWUPNEAR_W32,2,"1.000000,0.000000"
mistral_instruct,RACExPOLPARTY,RACExPOLPARTY :: Mixed Race | Democrat,GROWUPNEAR_W32,2,"1.000000,0.000000"
mistral_instruct,RACExPOLPARTY,RACExPOLPARTY :: Mixed Race | Independent,GROWUPNEAR_W32,2,"0.999990,0.000010"
mistral_instruct,RACExPOLPARTY,RACExPOLPARTY :: Other | Independent,GROWUPNEAR_W32,2,"0.505859,0.494141"
mistral_instruct,RACExPOLPARTY,RACExPOLPARTY :: Other | Republican,GROWUPNEAR_W32,2,"0.999999,0.000001"
mistral_instruct,RACExPOLPARTY,RACExPOLPARTY :: White | Democrat,GROWUPNEAR_W32,2,"1.000000,0.000000"
mistral_instruct,RACExPOLPARTY,RACExPOLPARTY :: White | Independent,GROWUPNEAR_W32,2,"0.998402,0.001598"
mistral_instruct,RACExPOLPARTY,RACExPOLPARTY :: White | Other,GROWUPNEAR_W32,2,"0.515620,0.484380"
mistral_instruct,RACExPOLPARTY,RACExPOLPARTY :: White | Refused,GROWUPNEAR_W32,2,"0.000000,1.000000"
mistral_instruct,RACExPOLPARTY,RACExPOLPARTY :: White | Republican,GROWUPNEAR_W32,2,"1.000000,0.000000"
mistral_instruct,RACExPOLPARTY,RACExPOLPARTY :: Asian | Democrat,HARASS4_W32,2,"1.000000,0.000000"
mistral_instruct,RACExPOLPARTY,RACExPOLPARTY :: Asian | Independent,HARASS4_W32,2,"0.999941,0.000059"
mistral_instruct,RACExPOLPARTY,RACExPOLPARTY :: Black | Democrat,HARASS4_W32,2,"1.000000,0.000000"
mistral_instruct,RACExPOLPARTY,RACExPOLPARTY :: Black | Independent,HARASS4_W32,2,"1.000000,0.000000"
mistral_instruct,RACExPOLPARTY,RACExPOLPARTY :: Black | Other,HARASS4_W32,2,"1.000000,0.000000"
mistral_instruct,RACExPOLPARTY,RACExPOLPARTY :: Hispanic | Democrat,HARASS4_W32,2,"1.000000,0.000000"
mistral_instruct,RACExPOLPARTY,RACExPOLPARTY :: Hispanic | Independent,HARASS4_W32,2,"1.000000,0.000000"
mistral_instruct,RACExPOLPARTY,RACExPOLPARTY :: Hispanic | Other,HARASS4_W32,2,"1.000000,0.000000"
mistral_instruct,RACExPOLPARTY,RACExPOLPARTY :: Hispanic | Republican,HARASS4_W32,2,"0.999992,0.000008"
mistral_instruct,RACExPOLPARTY,RACExPOLPARTY :: Mixed Race | Democrat,HARASS4_W32,2,"1.000000,0.000000"
mistral_instruct,RACExPOLPARTY,RACExPOLPARTY :: Mixed Race | Independent,HARASS4_W32,2,"1.000000,0.000000"
mistral_instruct,RACExPOLPARTY,RACExPOLPARTY :: Other | Independent,HARASS4_W32,2,"1.000000,0.000000"
mistral_instruct,RACExPOLPARTY,RACExPOLPARTY :: Other | Republican,HARASS4_W32,2,"1.000000,0.000000"
mistral_instruct,RACExPOLPARTY,RACExPOLPARTY :: White | Democrat,HARASS4_W32,2,"1.000000,0.000000"
mistral_instruct,RACExPOLPARTY,RACExPOLPARTY :: White | Independent,HARASS4_W32,2,"0.684264,0.315736"
mistral_instruct,RACExPOLPARTY,RACExPOLPARTY :: White | Other,HARASS4_W32,2,"1.000000,0.000000"
mistral_instruct,RACExPOLPARTY,RACExPOLPARTY :: White | Refused,HARASS4_W32,2,"0.000099,0.999901"
mistral_instruct,RACExPOLPARTY,RACExPOLPARTY :: White | Republican,HARASS4_W32,2,"0.000354,0.999646"
mistral_instruct,RACExPOLPARTY,RACExPOLPARTY :: Asian | Democrat,INEQ3_W54,3,"0.000000,0.999995,0.000004"
mistral_instruct,RACExPOLPARTY,RACExPOLPARTY :: Asian | Independent,INEQ3_W54,3,"0.000000,1.000000,0.000000"
mistral_instruct,RACExPOLPARTY,RACExPOLPARTY :: Asian | Republican,INEQ3_W54,3,"0.000076,0.980654,0.019270"
mistral_instruct,RACExPOLPARTY,RACExPOLPARTY :: Black | Democrat,INEQ3_W54,3,"0.000000,0.995735,0.004265"
mistral_instruct,RACExPOLPARTY,RACExPOLPARTY :: Black | Independent,INEQ3_W54,3,"0.000000,0.999979,0.000021"
mistral_instruct,RACExPOLPARTY,RACExPOLPARTY :: Black | Other,INEQ3_W54,3,"0.000000,0.066569,0.933430"
mistral_instruct,RACExPOLPARTY,RACExPOLPARTY :: Hispanic | Democrat,INEQ3_W54,3,"0.000000,0.999993,0.000007"
mistral_instruct,RACExPOLPARTY,RACExPOLPARTY :: Hispanic | Independent,INEQ3_W54,3,"0.000000,1.000000,0.000000"
mistral_instruct,RACExPOLPARTY,RACExPOLPARTY :: Hispanic | Other,INEQ3_W54,3,"0.000000,0.999982,0.000018"
mistral_instruct,RACExPOLPARTY,RACExPOLPARTY :: Hispanic | Republican,INEQ3_W54,3,"0.000004,0.997015,0.002981"
mistral_instruct,RACExPOLPARTY,RACExPOLPARTY :: Mixed Race | Democrat,INEQ3_W54,3,"0.000000,0.999715,0.000285"
mistral_instruct,RACExPOLPARTY,RACExPOLPARTY :: Mixed Race | Independent,INEQ3_W54,3,"0.000000,0.999996,0.000004"
mistral_instruct,RACExPOLPARTY,RACExPOLPARTY :: Mixed Race | Other,INEQ3_W54,3,"0.000000,0.983847,0.016153"
mistral_instruct,RACExPOLPARTY,RACExPOLPARTY :: Refused | Independent,INEQ3_W54,3,"0.000000,0.999967,0.000033"
mistral_instruct,RACExPOLPARTY,RACExPOLPARTY :: White | Democrat,INEQ3_W54,3,"0.000000,0.999996,0.000003"
mistral_instruct,RACExPOLPARTY,RACExPOLPARTY :: White | Independent,INEQ3_W54,3,"0.000000,1.000000,0.000000"
mistral_instruct,RACExPOLPARTY,RACExPOLPARTY :: White | Other,INEQ3_W54,3,"0.000000,0.999933,0.000067"
mistral_instruct,RACExPOLPARTY,RACExPOLPARTY :: White | Refused,INEQ3_W54,3,"0.000001,0.005021,0.994978"
mistral_instruct,RACExPOLPARTY,RACExPOLPARTY :: White | Republican,INEQ3_W54,3,"0.005596,0.817588,0.176816"
mistral_instruct,RACExPOLPARTY,RACExPOLPARTY :: Asian | Democrat,INEQ5_l_W54,4,"0.000000,0.000000,1.000000,0.000000"
mistral_instruct,RACExPOLPARTY,RACExPOLPARTY :: Asian | Independent,INEQ5_l_W54,4,"0.000000,0.000000,1.000000,0.000000"
mistral_instruct,RACExPOLPARTY,RACExPOLPARTY :: Asian | Republican,INEQ5_l_W54,4,"0.932453,0.000000,0.067547,0.000000"
mistral_instruct,RACExPOLPARTY,RACExPOLPARTY :: Black | Democrat,INEQ5_l_W54,4,"0.000066,0.000000,0.999669,0.000265"
mistral_instruct,RACExPOLPARTY,RACExPOLPARTY :: Black | Independent,INEQ5_l_W54,4,"0.000000,0.000000,1.000000,0.000000"
mistral_instruct,RACExPOLPARTY,RACExPOLPARTY :: Black | Other,INEQ5_l_W54,4,"0.000011,0.000000,0.987266,0.012723"
mistral_instruct,RACExPOLPARTY,RACExPOLPARTY :: Hispanic | Democrat,INEQ5_l_W54,4,"0.000023,0.000001,0.999972,0.000004"
mistral_instruct,RACExPOLPARTY,RACExPOLPARTY :: Hispanic | Independent,INEQ5_l_W54,4,"0.000000,0.000000,1.000000,0.000000"
mistral_instruct,RACExPOLPARTY,RACExPOLPARTY :: Hispanic | Other,INEQ5_l_W54,4,"0.000002,0.000000,0.999702,0.000296"
mistral_instruct,RACExPOLPARTY,RACExPOLPARTY :: Hispanic | Republican,INEQ5_l_W54,4,"0.977714,0.000000,0.022286,0.000000"
mistral_instruct,RACExPOLPARTY,RACExPOLPARTY :: Mixed Race | Democrat,INEQ5_l_W54,4,"0.000007,0.000019,0.999972,0.000001"
mistral_instruct,RACExPOLPARTY,RACExPOLPARTY :: Mixed Race | Independent,INEQ5_l_W54,4,"0.000000,0.000000,1.000000,0.000000"
mistral_instruct,RACExPOLPARTY,RACExPOLPARTY :: Mixed Race | Other,INEQ5_l_W54,4,"0.000004,0.000000,0.999888,0.000108"
mistral_instruct,RACExPOLPARTY,RACExPOLPARTY :: Refused | Independent,INEQ5_l_W54,4,"0.000011,0.000000,0.998062,0.001927"
mistral_instruct,RACExPOLPARTY,RACExPOLPARTY :: White | Democrat,INEQ5_l_W54,4,"0.000001,0.000004,0.999995,0.000001"
mistral_instruct,RACExPOLPARTY,RACExPOLPARTY :: White | Independent,INEQ5_l_W54,4,"0.000000,0.000000,1.000000,0.000000"
mistral_instruct,RACExPOLPARTY,RACExPOLPARTY :: White | Other,INEQ5_l_W54,4,"0.000000,0.000000,1.000000,0.000000"
mistral_instruct,RACExPOLPARTY,RACExPOLPARTY :: White | Refused,INEQ5_l_W54,4,"0.000994,0.000002,0.025540,0.973464"
mistral_instruct,RACExPOLPARTY,RACExPOLPARTY :: White | Republican,INEQ5_l_W54,4,"1.000000,0.000000,0.000000,0.000000"
mistral_instruct,RACExPOLPARTY,RACExPOLPARTY :: Asian | Democrat,INEQ8_a_W54,4,"0.992244,0.007756,0.000000,0.000000"
mistral_instruct,RACExPOLPARTY,RACExPOLPARTY :: Asian | Independent,INEQ8_a_W54,4,"0.000015,0.971330,0.028652,0.000003"
mistral_instruct,RACExPOLPARTY,RACExPOLPARTY :: Asian | Republican,INEQ8_a_W54,4,"0.000000,0.000000,1.000000,0.000000"
mistral_instruct,RACExPOLPARTY,RACExPOLPARTY :: Black | Democrat,INEQ8_a_W54,4,"1.000000,0.000000,0.000000,0.000000"
mistral_instruct,RACExPOLPARTY,RACExPOLPARTY :: Black | Independent,INEQ8_a_W54,4,"0.000001,0.999997,0.000002,0.000000"
mistral_instruct,RACExPOLPARTY,RACExPOLPARTY :: Black | Other,INEQ8_a_W54,4,"0.000004,0.999883,0.000111,0.000001"
mistral_instruct,RACExPOLPARTY,RACExPOLPARTY :: Hispanic | Democrat,INEQ8_a_W54,4,"1.000000,0.000000,0.000000,0.000000"
mistral_instruct,RACExPOLPARTY,RACExPOLPARTY :: Hispanic | Independent,INEQ8_a_W54,4,"0.000004,0.999126,0.000869,0.000001"
mistral_instruct,RACExPOLPARTY,RACExPOLPARTY :: Hispanic | Other,INEQ8_a_W54,4,"0.000010,0.299101,0.700886,0.000003"
mistral_instruct,RACExPOLPARTY,RACExPOLPARTY :: Hispanic | Republican,INEQ8_a_W54,4,"0.000000,0.000000,1.000000,0.000000"
mistral_instruct,RACExPOLPARTY,RACExPOLPARTY :: Mixed Race | Democrat,INEQ8_a_W54,4,"0.999819,0.000181,0.000000,0.000000"
mistral_instruct,RACExPOLPARTY,RACExPOLPARTY :: Mixed Race | Independent,INEQ8_a_W54,4,"0.000002,0.999894,0.000103,0.000000"
mistral_instruct,RACExPOLPARTY,RACExPOLPARTY :: Mixed Race | Other,INEQ8_a_W54,4,"0.000008,0.982945,0.017045,0.000002"
mistral_instruct,RACExPOLPARTY,RACExPOLPARTY :: Refused | Independent,INEQ8_a_W54,4,"0.000000,0.000000,1.000000,0.000000"
mistral_instruct,RACExPOLPARTY,RACExPOLPARTY :: White | Democrat,INEQ8_a_W54,4,"0.384911,0.615087,0.000001,0.000001"
mistral_instruct,RACExPOLPARTY,RACExPOLPARTY :: White | Independent,INEQ8_a_W54,4,"0.000001,0.014064,0.985935,0.000000"
mistral_instruct,RACExPOLPARTY,RACExPOLPARTY :: White | Other,INEQ8_a_W54,4,"0.000000,0.000006,0.999994,0.000000"
mistral_instruct,RACExPOLPARTY,RACExPOLPARTY :: White | Refused,INEQ8_a_W54,4,"0.000000,0.000000,1.000000,0.000000"
mistral_instruct,RACExPOLPARTY,RACExPOLPARTY :: White | Republican,INEQ8_a_W54,4,"0.000000,0.000000,1.000000,0.000000"
mistral_instruct,RACExPOLPARTY,RACExPOLPARTY :: Asian | Democrat,INEQ8_f_W54,4,"0.000066,0.999930,0.000003,0.000001"
mistral_instruct,RACExPOLPARTY,RACExPOLPARTY :: Asian | Independent,INEQ8_f_W54,4,"0.000000,0.000174,0.999826,0.000000"
mistral_instruct,RACExPOLPARTY,RACExPOLPARTY :: Asian | Republican,INEQ8_f_W54,4,"0.000000,0.000000,1.000000,0.000000"
mistral_instruct,RACExPOLPARTY,RACExPOLPARTY :: Black | Democrat,INEQ8_f_W54,4,"0.001912,0.998085,0.000002,0.000001"
mistral_instruct,RACExPOLPARTY,RACExPOLPARTY :: Black | Independent,INEQ8_f_W54,4,"0.000010,0.100877,0.899111,0.000002"
mistral_instruct,RACExPOLPARTY,RACExPOLPARTY :: Black | Other,INEQ8_f_W54,4,"0.000001,0.001057,0.998943,0.000000"
mistral_instruct,RACExPOLPARTY,RACExPOLPARTY :: Hispanic | Democrat,INEQ8_f_W54,4,"0.002981,0.997014,0.000003,0.000002"
mistral_instruct,RACExPOLPARTY,RACExPOLPARTY :: Hispanic | Independent,INEQ8_f_W54,4,"0.000001,0.001216,0.998783,0.000000"
mistral_instruct,RACExPOLPARTY,RACExPOLPARTY :: Hispanic | Other,INEQ8_f_W54,4,"0.000000,0.000002,0.999998,0.000000"
mistral_instruct,RACExPOLPARTY,RACExPOLPARTY :: Hispanic | Republican,INEQ8_f_W54,4,"0.000000,0.000000,1.000000,0.000000"
mistral_instruct,RACExPOLPARTY,RACExPOLPARTY :: Mixed Race | Democrat,INEQ8_f_W54,4,"0.000414,0.999584,0.000001,0.000001"
mistral_instruct,RACExPOLPARTY,RACExPOLPARTY :: Mixed Race | Independent,INEQ8_f_W54,4,"0.000029,0.362958,0.637010,0.000003"
mistral_instruct,RACExPOLPARTY,RACExPOLPARTY :: Mixed Race | Other,INEQ8_f_W54,4,"0.000002,0.006193,0.993804,0.000000"
mistral_instruct,RACExPOLPARTY,RACExPOLPARTY :: Refused | Independent,INEQ8_f_W54,4,"0.000000,0.000000,1.000000,0.000000"
mistral_instruct,RACExPOLPARTY,RACExPOLPARTY :: White | Democrat,INEQ8_f_W54,4,"0.000004,0.999995,0.000000,0.000000"
mistral_instruct,RACExPOLPARTY,RACExPOLPARTY :: White | Independent,INEQ8_f_W54,4,"0.000000,0.000000,1.000000,0.000000"
mistral_instruct,RACExPOLPARTY,RACExPOLPARTY :: White | Other,INEQ8_f_W54,4,"0.000000,0.000000,1.000000,0.000000"
mistral_instruct,RACExPOLPARTY,RACExPOLPARTY :: White | Refused,INEQ8_f_W54,4,"0.000000,0.000000,1.000000,0.000000"
mistral_instruct,RACExPOLPARTY,RACExPOLPARTY :: White | Republican,INEQ8_f_W54,4,"0.000000,0.000000,1.000000,0.000000"
mistral_instruct,RACExPOLPARTY,RACExPOLPARTY :: Asian | Democrat,INSTN_CLGS_W92,2,"1.000000,0.000000"
mistral_instruct,RACExPOLPARTY,RACExPOLPARTY :: Asian | Independent,INSTN_CLGS_W92,2,"1.000000,0.000000"
mistral_instruct,RACExPOLPARTY,RACExPOLPARTY :: Asian | Other,INSTN_CLGS_W92,2,"1.000000,0.000000"
mistral_instruct,RACExPOLPARTY,RACExPOLPARTY :: Asian | Republican,INSTN_CLGS_W92,2,"1.000000,0.000000"
mistral_instruct,RACExPOLPARTY,RACExPOLPARTY :: Black | Democrat,INSTN_CLGS_W92,2,"1.000000,0.000000"
mistral_instruct,RACExPOLPARTY,RACExPOLPARTY :: Black | Independent,INSTN_CLGS_W92,2,"1.000000,0.000000"
mistral_instruct,RACExPOLPARTY,RACExPOLPARTY :: Black | Other,INSTN_CLGS_W92,2,"1.000000,0.000000"
mistral_instruct,RACExPOLPARTY,RACExPOLPARTY :: Black | Republican,INSTN_CLGS_W92,2,"1.000000,0.000000"
mistral_instruct,RACExPOLPARTY,RACExPOLPARTY :: Hispanic | Democrat,INSTN_CLGS_W92,2,"1.000000,0.000000"
mistral_instruct,RACExPOLPARTY,RACExPOLPARTY :: Hispanic | Independent,INSTN_CLGS_W92,2,"1.000000,0.000000"
mistral_instruct,RACExPOLPARTY,RACExPOLPARTY :: Hispanic | Other,INSTN_CLGS_W92,2,"1.000000,0.000000"
mistral_instruct,RACExPOLPARTY,RACExPOLPARTY :: Hispanic | Republican,INSTN_CLGS_W92,2,"1.000000,0.000000"
mistral_instruct,RACExPOLPARTY,RACExPOLPARTY :: Mixed Race | Democrat,INSTN_CLGS_W92,2,"1.000000,0.000000"
mistral_instruct,RACExPOLPARTY,RACExPOLPARTY :: Mixed Race | Independent,INSTN_CLGS_W92,2,"1.000000,0.000000"
mistral_instruct,RACExPOLPARTY,RACExPOLPARTY :: Mixed Race | Other,INSTN_CLGS_W92,2,"1.000000,0.000000"
mistral_instruct,RACExPOLPARTY,RACExPOLPARTY :: Mixed Race | Republican,INSTN_CLGS_W92,2,"1.000000,0.000000"
mistral_instruct,RACExPOLPARTY,RACExPOLPARTY :: Refused | Independent,INSTN_CLGS_W92,2,"0.999808,0.000192"
mistral_instruct,RACExPOLPARTY,RACExPOLPARTY :: White | Democrat,INSTN_CLGS_W92,2,"1.000000,0.000000"
mistral_instruct,RACExPOLPARTY,RACExPOLPARTY :: White | Independent,INSTN_CLGS_W92,2,"1.000000,0.000000"
mistral_instruct,RACExPOLPARTY,RACExPOLPARTY :: White | Other,INSTN_CLGS_W92,2,"1.000000,0.000000"
mistral_instruct,RACExPOLPARTY,RACExPOLPARTY :: White | Refused,INSTN_CLGS_W92,2,"0.157137,0.842863"
mistral_instruct,RACExPOLPARTY,RACExPOLPARTY :: White | Republican,INSTN_CLGS_W92,2,"1.000000,0.000000"
mistral_instruct,RACExPOLPARTY,RACExPOLPARTY :: Asian | Democrat,LOCALPROBA_W32,3,"0.999827,0.000170,0.000003"
mistral_instruct,RACExPOLPARTY,RACExPOLPARTY :: Asian | Independent,LOCALPROBA_W32,3,"0.000129,0.999629,0.000242"
mistral_instruct,RACExPOLPARTY,RACExPOLPARTY :: Black | Democrat,LOCALPROBA_W32,3,"1.000000,0.000000,0.000000"
mistral_instruct,RACExPOLPARTY,RACExPOLPARTY :: Black | Independent,LOCALPROBA_W32,3,"1.000000,0.000000,0.000000"
mistral_instruct,RACExPOLPARTY,RACExPOLPARTY :: Black | Other,LOCALPROBA_W32,3,"1.000000,0.000000,0.000000"
mistral_instruct,RACExPOLPARTY,RACExPOLPARTY :: Hispanic | Democrat,LOCALPROBA_W32,3,"1.000000,0.000000,0.000000"
mistral_instruct,RACExPOLPARTY,RACExPOLPARTY :: Hispanic | Independent,LOCALPROBA_W32,3,"0.014895,0.984777,0.000328"
mistral_instruct,RACExPOLPARTY,RACExPOLPARTY :: Hispanic | Other,LOCALPROBA_W32,3,"1.000000,0.000000,0.000000"
mistral_instruct,RACExPOLPARTY,RACExPOLPARTY :: Hispanic | Republican,LOCALPROBA_W32,3,"0.999993,0.000000,0.000007"
mistral_instruct,RACExPOLPARTY,RACExPOLPARTY :: Mixed Race | Democrat,LOCALPROBA_W32,3,"1.000000,0.000000,0.000000"
mistral_instruct,RACExPOLPARTY,RACExPOLPARTY :: Mixed Race | Independent,LOCALPROBA_W32,3,"0.004280,0.995420,0.000301"
mistral_instruct,RACExPOLPARTY,RACExPOLPARTY :: Other | Independent,LOCALPROBA_W32,3,"0.055695,0.942006,0.002299"
mistral_instruct,RACExPOLPARTY,RACExPOLPARTY :: Other | Republican,LOCALPROBA_W32,3,"0.999952,0.000000,0.000047"
mistral_instruct,RACExPOLPARTY,RACExPOLPARTY :: White | Democrat,LOCALPROBA_W32,3,"0.001284,0.998598,0.000118"
mistral_instruct,RACExPOLPARTY,RACExPOLPARTY :: White | Independent,LOCALPROBA_W32,3,"0.000003,0.999935,0.000062"
mistral_instruct,RACExPOLPARTY,RACExPOLPARTY :: White | Other,LOCALPROBA_W32,3,"0.000029,0.174405,0.825565"
mistral_instruct,RACExPOLPARTY,RACExPOLPARTY :: White | Refused,LOCALPROBA_W32,3,"0.000000,0.000000,1.000000"
mistral_instruct,RACExPOLPARTY,RACExPOLPARTY :: White | Republican,LOCALPROBA_W32,3,"0.000391,0.018539,0.981070"
mistral_instruct,RACExPOLPARTY,RACExPOLPARTY :: Asian | Democrat,LOCALPROBB_W32,3,"0.014591,0.976062,0.009347"
mistral_instruct,RACExPOLPARTY,RACExPOLPARTY :: Asian | Independent,LOCALPROBB_W32,3,"0.000028,0.998963,0.001008"
mistral_instruct,RACExPOLPARTY,RACExPOLPARTY :: Black | Democrat,LOCALPROBB_W32,3,"1.000000,0.000000,0.000000"
mistral_instruct,RACExPOLPARTY,RACExPOLPARTY :: Black | Independent,LOCALPROBB_W32,3,"0.999833,0.000166,0.000001"
mistral_instruct,RACExPOLPARTY,RACExPOLPARTY :: Black | Other,LOCALPROBB_W32,3,"0.999996,0.000001,0.000002"
mistral_instruct,RACExPOLPARTY,RACExPOLPARTY :: Hispanic | Democrat,LOCALPROBB_W32,3,"1.000000,0.000000,0.000000"
mistral_instruct,RACExPOLPARTY,RACExPOLPARTY :: Hispanic | Independent,LOCALPROBB_W32,3,"0.019558,0.979885,0.000557"
mistral_instruct,RACExPOLPARTY,RACExPOLPARTY :: Hispanic | Other,LOCALPROBB_W32,3,"0.991493,0.000936,0.007570"
mistral_instruct,RACExPOLPARTY,RACExPOLPARTY :: Hispanic | Republican,LOCALPROBB_W32,3,"0.999971,0.000000,0.000029"
mistral_instruct,RACExPOLPARTY,RACExPOLPARTY :: Mixed Race | Democrat,LOCALPROBB_W32,3,"1.000000,0.000000,0.000000"
mistral_instruct,RACExPOLPARTY,RACExPOLPARTY :: Mixed Race | Independent,LOCALPROBB_W32,3,"0.001693,0.997912,0.000394"
mistral_instruct,RACExPOLPARTY,RACExPOLPARTY :: Other | Independent,LOCALPROBB_W32,3,"0.575889,0.398907,0.025204"
mistral_instruct,RACExPOLPARTY,RACExPOLPARTY :: Other | Republican,LOCALPROBB_W32,3,"0.999999,0.000000,0.000001"
mistral_instruct,RACExPOLPARTY,RACExPOLPARTY :: White | Democrat,LOCALPROBB_W32,3,"0.999987,0.000013,0.000000"
mistral_instruct,RACExPOLPARTY,RACExPOLPARTY :: White | Independent,LOCALPROBB_W32,3,"0.000015,0.999946,0.000039"
mistral_instruct,RACExPOLPARTY,RACExPOLPARTY :: White | Other,LOCALPROBB_W32,3,"0.000076,0.006692,0.993231"
mistral_instruct,RACExPOLPARTY,RACExPOLPARTY :: White | Refused,LOCALPROBB_W32,3,"0.000000,0.000000,1.000000"
mistral_instruct,RACExPOLPARTY,RACExPOLPARTY :: White | Republican,LOCALPROBB_W32,3,"0.757778,0.000022,0.242200"
mistral_instruct,RACExPOLPARTY,RACExPOLPARTY :: Asian | Democrat,LOCALPROBJ_W32,3,"0.002867,0.997057,0.000076"
mistral_instruct,RACExPOLPARTY,RACExPOLPARTY :: Asian | Independent,LOCALPROBJ_W32,3,"0.000002,0.999997,0.000001"
mistral_instruct,RACExPOLPARTY,RACExPOLPARTY :: Black | Democrat,LOCALPROBJ_W32,3,"1.000000,0.000000,0.000000"
mistral_instruct,RACExPOLPARTY,RACExPOLPARTY :: Black | Independent,LOCALPROBJ_W32,3,"0.999404,0.000593,0.000003"
mistral_instruct,RACExPOLPARTY,RACExPOLPARTY :: Black | Other,LOCALPROBJ_W32,3,"1.000000,0.000000,0.000000"
mistral_instruct,RACExPOLPARTY,RACExPOLPARTY :: Hispanic | Democrat,LOCALPROBJ_W32,3,"1.000000,0.000000,0.000000"
mistral_instruct,RACExPOLPARTY,RACExPOLPARTY :: Hispanic | Independent,LOCALPROBJ_W32,3,"0.000067,0.999920,0.000014"
mistral_instruct,RACExPOLPARTY,RACExPOLPARTY :: Hispanic | Other,LOCALPROBJ_W32,3,"0.928354,0.046220,0.025426"
mistral_instruct,RACExPOLPARTY,RACExPOLPARTY :: Hispanic | Republican,LOCALPROBJ_W32,3,"1.000000,0.000000,0.000000"
mistral_instruct,RACExPOLPARTY,RACExPOLPARTY :: Mixed Race | Democrat,LOCALPROBJ_W32,3,"1.000000,0.000000,0.000000"
mistral_instruct,RACExPOLPARTY,RACExPOLPARTY :: Mixed Race | Independent,LOCALPROBJ_W32,3,"0.000283,0.999661,0.000055"
mistral_instruct,RACExPOLPARTY,RACExPOLPARTY :: Other | Independent,LOCALPROBJ_W32,3,"0.003158,0.996145,0.000696"
mistral_instruct,RACExPOLPARTY,RACExPOLPARTY :: Other | Republican,LOCALPROBJ_W32,3,"1.000000,0.000000,0.000000"
mistral_instruct,RACExPOLPARTY,RACExPOLPARTY :: White | Democrat,LOCALPROBJ_W32,3,"0.884034,0.115960,0.000006"
mistral_instruct,RACExPOLPARTY,RACExPOLPARTY :: White | Independent,LOCALPROBJ_W32,3,"0.000001,0.999998,0.000000"
mistral_instruct,RACExPOLPARTY,RACExPOLPARTY :: White | Other,LOCALPROBJ_W32,3,"0.000054,0.948866,0.051080"
mistral_instruct,RACExPOLPARTY,RACExPOLPARTY :: White | Refused,LOCALPROBJ_W32,3,"0.000000,0.000000,1.000000"
mistral_instruct,RACExPOLPARTY,RACExPOLPARTY :: White | Republican,LOCALPROBJ_W32,3,"1.000000,0.000000,0.000000"
mistral_instruct,RACExPOLPARTY,RACExPOLPARTY :: Asian | Democrat,LOCALPROBM_F2_W32,3,"0.001877,0.995557,0.002566"
mistral_instruct,RACExPOLPARTY,RACExPOLPARTY :: Asian | Independent,LOCALPROBM_F2_W32,3,"0.000016,0.999601,0.000383"
mistral_instruct,RACExPOLPARTY,RACExPOLPARTY :: Black | Democrat,LOCALPROBM_F2_W32,3,"0.999933,0.000064,0.000003"
mistral_instruct,RACExPOLPARTY,RACExPOLPARTY :: Black | Independent,LOCALPROBM_F2_W32,3,"0.000063,0.999311,0.000626"
mistral_instruct,RACExPOLPARTY,RACExPOLPARTY :: Black | Other,LOCALPROBM_F2_W32,3,"0.013119,0.411329,0.575552"
mistral_instruct,RACExPOLPARTY,RACExPOLPARTY :: Hispanic | Democrat,LOCALPROBM_F2_W32,3,"0.999999,0.000001,0.000000"
mistral_instruct,RACExPOLPARTY,RACExPOLPARTY :: Hispanic | Independent,LOCALPROBM_F2_W32,3,"0.000033,0.999927,0.000040"
mistral_instruct,RACExPOLPARTY,RACExPOLPARTY :: Hispanic | Other,LOCALPROBM_F2_W32,3,"0.003687,0.634682,0.361631"
mistral_instruct,RACExPOLPARTY,RACExPOLPARTY :: Hispanic | Republican,LOCALPROBM_F2_W32,3,"0.039020,0.072898,0.888082"
mistral_instruct,RACExPOLPARTY,RACExPOLPARTY :: Mixed Race | Democrat,LOCALPROBM_F2_W32,3,"0.278082,0.715677,0.006240"
mistral_instruct,RACExPOLPARTY,RACExPOLPARTY :: Mixed Race | Independent,LOCALPROBM_F2_W32,3,"0.000169,0.996402,0.003429"
mistral_instruct,RACExPOLPARTY,RACExPOLPARTY :: Other | Independent,LOCALPROBM_F2_W32,3,"0.000237,0.996941,0.002822"
mistral_instruct,RACExPOLPARTY,RACExPOLPARTY :: Other | Republican,LOCALPROBM_F2_W32,3,"0.005800,0.003410,0.990790"
mistral_instruct,RACExPOLPARTY,RACExPOLPARTY :: White | Democrat,LOCALPROBM_F2_W32,3,"0.000041,0.997707,0.002252"
mistral_instruct,RACExPOLPARTY,RACExPOLPARTY :: White | Independent,LOCALPROBM_F2_W32,3,"0.000005,0.998083,0.001912"
mistral_instruct,RACExPOLPARTY,RACExPOLPARTY :: White | Other,LOCALPROBM_F2_W32,3,"0.000004,0.002611,0.997384"
mistral_instruct,RACExPOLPARTY,RACExPOLPARTY :: White | Refused,LOCALPROBM_F2_W32,3,"0.000000,0.000000,1.000000"
mistral_instruct,RACExPOLPARTY,RACExPOLPARTY :: White | Republican,LOCALPROBM_F2_W32,3,"0.000003,0.028436,0.971561"
mistral_instruct,RACExPOLPARTY,RACExPOLPARTY :: Asian | Democrat,MADEUPIMPa_W45,4,"1.000000,0.000000,0.000000,0.000000"
mistral_instruct,RACExPOLPARTY,RACExPOLPARTY :: Asian | Independent,MADEUPIMPa_W45,4,"0.183450,0.000619,0.815767,0.000164"
mistral_instruct,RACExPOLPARTY,RACExPOLPARTY :: Asian | Republican,MADEUPIMPa_W45,4,"0.999378,0.000000,0.000621,0.000000"
mistral_instruct,RACExPOLPARTY,RACExPOLPARTY :: Black | Democrat,MADEUPIMPa_W45,4,"1.000000,0.000000,0.000000,0.000000"
mistral_instruct,RACExPOLPARTY,RACExPOLPARTY :: Black | Independent,MADEUPIMPa_W45,4,"1.000000,0.000000,0.000000,0.000000"
mistral_instruct,RACExPOLPARTY,RACExPOLPARTY :: Black | Other,MADEUPIMPa_W45,4,"1.000000,0.000000,0.000000,0.000000"
mistral_instruct,RACExPOLPARTY,RACExPOLPARTY :: Hispanic | Democrat,MADEUPIMPa_W45,4,"1.000000,0.000000,0.000000,0.000000"
mistral_instruct,RACExPOLPARTY,RACExPOLPARTY :: Hispanic | Independent,MADEUPIMPa_W45,4,"0.999994,0.000000,0.000006,0.000000"
mistral_instruct,RACExPOLPARTY,RACExPOLPARTY :: Hispanic | Other,MADEUPIMPa_W45,4,"0.999984,0.000000,0.000015,0.000000"
mistral_instruct,RACExPOLPARTY,RACExPOLPARTY :: Hispanic | Republican,MADEUPIMPa_W45,4,"0.999999,0.000000,0.000001,0.000000"
mistral_instruct,RACExPOLPARTY,RACExPOLPARTY :: Mixed Race | Democrat,MADEUPIMPa_W45,4,"1.000000,0.000000,0.000000,0.000000"
mistral_instruct,RACExPOLPARTY,RACExPOLPARTY :: Mixed Race | Independent,MADEUPIMPa_W45,4,"1.000000,0.000000,0.000000,0.000000"
mistral_instruct,RACExPOLPARTY,RACExPOLPARTY :: Mixed Race | Other,MADEUPIMPa_W45,4,"1.000000,0.000000,0.000000,0.000000"
mistral_instruct,RACExPOLPARTY,RACExPOLPARTY :: Mixed Race | Republican,MADEUPIMPa_W45,4,"1.000000,0.000000,0.000000,0.000000"
mistral_instruct,RACExPOLPARTY,RACExPOLPARTY :: White | Democrat,MADEUPIMPa_W45,4,"1.000000,0.000000,0.000000,0.000000"
mistral_instruct,RACExPOLPARTY,RACExPOLPARTY :: White | Independent,MADEUPIMPa_W45,4,"0.066110,0.006675,0.926985,0.000230"
mistral_instruct,RACExPOLPARTY,RACExPOLPARTY :: White | Other,MADEUPIMPa_W45,4,"0.903932,0.000010,0.096021,0.000037"
mistral_instruct,RACExPOLPARTY,RACExPOLPARTY :: White | Refused,MADEUPIMPa_W45,4,"0.000002,0.000000,0.999988,0.000011"
mistral_instruct,RACExPOLPARTY,RACExPOLPARTY :: White | Republican,MADEUPIMPa_W45,4,"1.000000,0.000000,0.000000,0.000000"
mistral_instruct,RACExPOLPARTY,RACExPOLPARTY :: Asian | Democrat,MADEUPLEVELa_W45,4,"1.000000,0.000000,0.000000,0.000000"
mistral_instruct,RACExPOLPARTY,RACExPOLPARTY :: Asian | Independent,MADEUPLEVELa_W45,4,"1.000000,0.000000,0.000000,0.000000"
mistral_instruct,RACExPOLPARTY,RACExPOLPARTY :: Asian | Republican,MADEUPLEVELa_W45,4,"1.000000,0.000000,0.000000,0.000000"
mistral_instruct,RACExPOLPARTY,RACExPOLPARTY :: Black | Democrat,MADEUPLEVELa_W45,4,"1.000000,0.000000,0.000000,0.000000"
mistral_instruct,RACExPOLPARTY,RACExPOLPARTY :: Black | Independent,MADEUPLEVELa_W45,4,"1.000000,0.000000,0.000000,0.000000"
mistral_instruct,RACExPOLPARTY,RACExPOLPARTY :: Black | Other,MADEUPLEVELa_W45,4,"1.000000,0.000000,0.000000,0.000000"
mistral_instruct,RACExPOLPARTY,RACExPOLPARTY :: Hispanic | Democrat,MADEUPLEVELa_W45,4,"1.000000,0.000000,0.000000,0.000000"
mistral_instruct,RACExPOLPARTY,RACExPOLPARTY :: Hispanic | Independent,MADEUPLEVELa_W45,4,"1.000000,0.000000,0.000000,0.000000"
mistral_instruct,RACExPOLPARTY,RACExPOLPARTY :: Hispanic | Other,MADEUPLEVELa_W45,4,"1.000000,0.000000,0.000000,0.000000"
mistral_instruct,RACExPOLPARTY,RACExPOLPARTY :: Hispanic | Republican,MADEUPLEVELa_W45,4,"1.000000,0.000000,0.000000,0.000000"
mistral_instruct,RACExPOLPARTY,RACExPOLPARTY :: Mixed Race | Democrat,MADEUPLEVELa_W45,4,"1.000000,0.000000,0.000000,0.000000"
mistral_instruct,RACExPOLPARTY,RACExPOLPARTY :: Mixed Race | Independent,MADEUPLEVELa_W45,4,"1.000000,0.000000,0.000000,0.000000"
mistral_instruct,RACExPOLPARTY,RACExPOLPARTY :: Mixed Race | Other,MADEUPLEVELa_W45,4,"1.000000,0.000000,0.000000,0.000000"
mistral_instruct,RACExPOLPARTY,RACExPOLPARTY :: Mixed Race | Republican,MADEUPLEVELa_W45,4,"1.000000,0.000000,0.000000,0.000000"
mistral_instruct,RACExPOLPARTY,RACExPOLPARTY :: White | Democrat,MADEUPLEVELa_W45,4,"1.000000,0.000000,0.000000,0.000000"
mistral_instruct,RACExPOLPARTY,RACExPOLPARTY :: White | Independent,MADEUPLEVELa_W45,4,"1.000000,0.000000,0.000000,0.000000"
mistral_instruct,RACExPOLPARTY,RACExPOLPARTY :: White | Other,MADEUPLEVELa_W45,4,"1.000000,0.000000,0.000000,0.000000"
mistral_instruct,RACExPOLPARTY,RACExPOLPARTY :: White | Refused,MADEUPLEVELa_W45,4,"1.000000,0.000000,0.000000,0.000000"
mistral_instruct,RACExPOLPARTY,RACExPOLPARTY :: White | Republican,MADEUPLEVELa_W45,4,"1.000000,0.000000,0.000000,0.000000"
mistral_instruct,RACExPOLPARTY,RACExPOLPARTY :: Asian | Democrat,MADEUPRESe_W45,2,"1.000000,0.000000"
mistral_instruct,RACExPOLPARTY,RACExPOLPARTY :: Asian | Independent,MADEUPRESe_W45,2,"1.000000,0.000000"
mistral_instruct,RACExPOLPARTY,RACExPOLPARTY :: Asian | Republican,MADEUPRESe_W45,2,"1.000000,0.000000"
mistral_instruct,RACExPOLPARTY,RACExPOLPARTY :: Black | Democrat,MADEUPRESe_W45,2,"1.000000,0.000000"
mistral_instruct,RACExPOLPARTY,RACExPOLPARTY :: Black | Independent,MADEUPRESe_W45,2,"1.000000,0.000000"
mistral_instruct,RACExPOLPARTY,RACExPOLPARTY :: Black | Other,MADEUPRESe_W45,2,"1.000000,0.000000"
mistral_instruct,RACExPOLPARTY,RACExPOLPARTY :: Hispanic | Democrat,MADEUPRESe_W45,2,"1.000000,0.000000"
mistral_instruct,RACExPOLPARTY,RACExPOLPARTY :: Hispanic | Independent,MADEUPRESe_W45,2,"1.000000,0.000000"
mistral_instruct,RACExPOLPARTY,RACExPOLPARTY :: Hispanic | Other,MADEUPRESe_W45,2,"1.000000,0.000000"
mistral_instruct,RACExPOLPARTY,RACExPOLPARTY :: Hispanic | Republican,MADEUPRESe_W45,2,"1.000000,0.000000"
mistral_instruct,RACExPOLPARTY,RACExPOLPARTY :: Mixed Race | Democrat,MADEUPRESe_W45,2,"1.000000,0.000000"
mistral_instruct,RACExPOLPARTY,RACExPOLPARTY :: Mixed Race | Independent,MADEUPRESe_W45,2,"1.000000,0.000000"
mistral_instruct,RACExPOLPARTY,RACExPOLPARTY :: Mixed Race | Other,MADEUPRESe_W45,2,"1.000000,0.000000"
mistral_instruct,RACExPOLPARTY,RACExPOLPARTY :: Mixed Race | Republican,MADEUPRESe_W45,2,"1.000000,0.000000"
mistral_instruct,RACExPOLPARTY,RACExPOLPARTY :: White | Democrat,MADEUPRESe_W45,2,"1.000000,0.000000"
mistral_instruct,RACExPOLPARTY,RACExPOLPARTY :: White | Independent,MADEUPRESe_W45,2,"1.000000,0.000000"
mistral_instruct,RACExPOLPARTY,RACExPOLPARTY :: White | Other,MADEUPRESe_W45,2,"1.000000,0.000000"
mistral_instruct,RACExPOLPARTY,RACExPOLPARTY :: White | Refused,MADEUPRESe_W45,2,"0.000001,0.999999"
mistral_instruct,RACExPOLPARTY,RACExPOLPARTY :: White | Republican,MADEUPRESe_W45,2,"1.000000,0.000000"
mistral_instruct,RACExPOLPARTY,RACExPOLPARTY :: Asian | Democrat,MADEUPTOPICf_W45,4,"1.000000,0.000000,0.000000,0.000000"
mistral_instruct,RACExPOLPARTY,RACExPOLPARTY :: Asian | Independent,MADEUPTOPICf_W45,4,"1.000000,0.000000,0.000000,0.000000"
mistral_instruct,RACExPOLPARTY,RACExPOLPARTY :: Asian | Republican,MADEUPTOPICf_W45,4,"1.000000,0.000000,0.000000,0.000000"
mistral_instruct,RACExPOLPARTY,RACExPOLPARTY :: Black | Democrat,MADEUPTOPICf_W45,4,"1.000000,0.000000,0.000000,0.000000"
mistral_instruct,RACExPOLPARTY,RACExPOLPARTY :: Black | Independent,MADEUPTOPICf_W45,4,"1.000000,0.000000,0.000000,0.000000"
mistral_instruct,RACExPOLPARTY,RACExPOLPARTY :: Black | Other,MADEUPTOPICf_W45,4,"1.000000,0.000000,0.000000,0.000000"
mistral_instruct,RACExPOLPARTY,RACExPOLPARTY :: Hispanic | Democrat,MADEUPTOPICf_W45,4,"1.000000,0.000000,0.000000,0.000000"
mistral_instruct,RACExPOLPARTY,RACExPOLPARTY :: Hispanic | Independent,MADEUPTOPICf_W45,4,"1.000000,0.000000,0.000000,0.000000"
mistral_instruct,RACExPOLPARTY,RACExPOLPARTY :: Hispanic | Other,MADEUPTOPICf_W45,4,"1.000000,0.000000,0.000000,0.000000"
mistral_instruct,RACExPOLPARTY,RACExPOLPARTY :: Hispanic | Republican,MADEUPTOPICf_W45,4,"1.000000,0.000000,0.000000,0.000000"
mistral_instruct,RACExPOLPARTY,RACExPOLPARTY :: Mixed Race | Democrat,MADEUPTOPICf_W45,4,"1.000000,0.000000,0.000000,0.000000"
mistral_instruct,RACExPOLPARTY,RACExPOLPARTY :: Mixed Race | Independent,MADEUPTOPICf_W45,4,"1.000000,0.000000,0.000000,0.000000"
mistral_instruct,RACExPOLPARTY,RACExPOLPARTY :: Mixed Race | Other,MADEUPTOPICf_W45,4,"1.000000,0.000000,0.000000,0.000000"
mistral_instruct,RACExPOLPARTY,RACExPOLPARTY :: Mixed Race | Republican,MADEUPTOPICf_W45,4,"1.000000,0.000000,0.000000,0.000000"
mistral_instruct,RACExPOLPARTY,RACExPOLPARTY :: White | Democrat,MADEUPTOPICf_W45,4,"1.000000,0.000000,0.000000,0.000000"
mistral_instruct,RACExPOLPARTY,RACExPOLPARTY :: White | Independent,MADEUPTOPICf_W45,4,"1.000000,0.000000,0.000000,0.000000"
mistral_instruct,RACExPOLPARTY,RACExPOLPARTY :: White | Other,MADEUPTOPICf_W45,4,"1.000000,0.000000,0.000000,0.000000"
mistral_instruct,RACExPOLPARTY,RACExPOLPARTY :: White | Refused,MADEUPTOPICf_W45,4,"1.000000,0.000000,0.000000,0.000000"
mistral_instruct,RACExPOLPARTY,RACExPOLPARTY :: White | Republican,MADEUPTOPICf_W45,4,"1.000000,0.000000,0.000000,0.000000"
mistral_instruct,RACExPOLPARTY,RACExPOLPARTY :: Asian | Democrat,MOVESUBURB_W32,3,"0.999652,0.000341,0.000007"
mistral_instruct,RACExPOLPARTY,RACExPOLPARTY :: Asian | Independent,MOVESUBURB_W32,3,"0.999989,0.000000,0.000011"
mistral_instruct,RACExPOLPARTY,RACExPOLPARTY :: Black | Democrat,MOVESUBURB_W32,3,"0.259704,0.739828,0.000467"
mistral_instruct,RACExPOLPARTY,RACExPOLPARTY :: Black | Independent,MOVESUBURB_W32,3,"0.998567,0.000108,0.001325"
mistral_instruct,RACExPOLPARTY,RACExPOLPARTY :: Black | Other,MOVESUBURB_W32,3,"0.996650,0.000485,0.002866"
mistral_instruct,RACExPOLPARTY,RACExPOLPARTY :: Hispanic | Democrat,MOVESUBURB_W32,3,"0.996607,0.003172,0.000221"
mistral_instruct,RACExPOLPARTY,RACExPOLPARTY :: Hispanic | Independent,MOVESUBURB_W32,3,"0.978700,0.000013,0.021287"
mistral_instruct,RACExPOLPARTY,RACExPOLPARTY :: Hispanic | Other,MOVESUBURB_W32,3,"0.983917,0.000055,0.016028"
mistral_instruct,RACExPOLPARTY,RACExPOLPARTY :: Hispanic | Republican,MOVESUBURB_W32,3,"1.000000,0.000000,0.000000"
mistral_instruct,RACExPOLPARTY,RACExPOLPARTY :: Mixed Race | Democrat,MOVESUBURB_W32,3,"0.989464,0.010489,0.000047"
mistral_instruct,RACExPOLPARTY,RACExPOLPARTY :: Mixed Race | Independent,MOVESUBURB_W32,3,"0.989328,0.000019,0.010652"
mistral_instruct,RACExPOLPARTY,RACExPOLPARTY :: Other | Independent,MOVESUBURB_W32,3,"0.563872,0.000402,0.435726"
mistral_instruct,RACExPOLPARTY,RACExPOLPARTY :: Other | Republican,MOVESUBURB_W32,3,"0.995390,0.000000,0.004610"
mistral_instruct,RACExPOLPARTY,RACExPOLPARTY :: White | Democrat,MOVESUBURB_W32,3,"0.999995,0.000002,0.000003"
mistral_instruct,RACExPOLPARTY,RACExPOLPARTY :: White | Independent,MOVESUBURB_W32,3,"0.999708,0.000000,0.000291"
mistral_instruct,RACExPOLPARTY,RACExPOLPARTY :: White | Other,MOVESUBURB_W32,3,"0.920568,0.000241,0.079191"
mistral_instruct,RACExPOLPARTY,RACExPOLPARTY :: White | Refused,MOVESUBURB_W32,3,"0.992408,0.000390,0.007202"
mistral_instruct,RACExPOLPARTY,RACExPOLPARTY :: White | Republican,MOVESUBURB_W32,3,"1.000000,0.000000,0.000000"
mistral_instruct,RACExPOLPARTY,RACExPOLPARTY :: Asian | Democrat,PROBURBAN_W32,4,"0.002987,0.979766,0.016858,0.000389"
mistral_instruct,RACExPOLPARTY,RACExPOLPARTY :: Asian | Independent,PROBURBAN_W32,4,"0.000114,0.827723,0.172150,0.000013"
mistral_instruct,RACExPOLPARTY,RACExPOLPARTY :: Black | Democrat,PROBURBAN_W32,4,"0.000664,0.991037,0.008182,0.000118"
mistral_instruct,RACExPOLPARTY,RACExPOLPARTY :: Black | Independent,PROBURBAN_W32,4,"0.000011,0.021450,0.978537,0.000001"
mistral_instruct,RACExPOLPARTY,RACExPOLPARTY :: Black | Other,PROBURBAN_W32,4,"0.000003,0.000315,0.999681,0.000001"
mistral_instruct,RACExPOLPARTY,RACExPOLPARTY :: Hispanic | Democrat,PROBURBAN_W32,4,"0.001207,0.854571,0.143933,0.000289"
mistral_instruct,RACExPOLPARTY,RACExPOLPARTY :: Hispanic | Independent,PROBURBAN_W32,4,"0.000001,0.000071,0.999928,0.000000"
mistral_instruct,RACExPOLPARTY,RACExPOLPARTY :: Hispanic | Other,PROBURBAN_W32,4,"0.000000,0.000000,0.999999,0.000000"
mistral_instruct,RACExPOLPARTY,RACExPOLPARTY :: Hispanic | Republican,PROBURBAN_W32,4,"0.000000,0.000000,1.000000,0.000000"
mistral_instruct,RACExPOLPARTY,RACExPOLPARTY :: Mixed Race | Democrat,PROBURBAN_W32,4,"0.000078,0.999388,0.000519,0.000015"
mistral_instruct,RACExPOLPARTY,RACExPOLPARTY :: Mixed Race | Independent,PROBURBAN_W32,4,"0.000033,0.992387,0.007577,0.000003"
mistral_instruct,RACExPOLPARTY,RACExPOLPARTY :: Other | Independent,PROBURBAN_W32,4,"0.000095,0.550551,0.449346,0.000008"
mistral_instruct,RACExPOLPARTY,RACExPOLPARTY :: Other | Republican,PROBURBAN_W32,4,"0.000000,0.000000,1.000000,0.000000"
mistral_instruct,RACExPOLPARTY,RACExPOLPARTY :: White | Democrat,PROBURBAN_W32,4,"0.000008,0.000830,0.999161,0.000001"
mistral_instruct,RACExPOLPARTY,RACExPOLPARTY :: White | Independent,PROBURBAN_W32,4,"0.000000,0.000000,1.000000,0.000000"
mistral_instruct,RACExPOLPARTY,RACExPOLPARTY :: White | Other,PROBURBAN_W32,4,"0.000000,0.000000,1.000000,0.000000"
mistral_instruct,RACExPOLPARTY,RACExPOLPARTY :: White | Refused,PROBURBAN_W32,4,"0.000000,0.000000,1.000000,0.000000"
mistral_instruct,RACExPOLPARTY,RACExPOLPARTY :: White | Republican,PROBURBAN_W32,4,"0.000000,0.000000,1.000000,0.000000"
mistral_instruct,RACExPOLPARTY,RACExPOLPARTY :: Asian | Democrat,RACESURV18e_W43,4,"0.000000,0.000000,1.000000,0.000000"
mistral_instruct,RACExPOLPARTY,RACExPOLPARTY :: Asian | Independent,RACESURV18e_W43,4,"0.000000,0.000000,1.000000,0.000000"
mistral_instruct,RACExPOLPARTY,RACExPOLPARTY :: Asian | Other,RACESURV18e_W43,4,"0.000000,0.000000,1.000000,0.000000"
mistral_instruct,RACExPOLPARTY,RACExPOLPARTY :: Asian | Republican,RACESURV18e_W43,4,"0.000000,0.000000,1.000000,0.000000"
mistral_instruct,RACExPOLPARTY,RACExPOLPARTY :: Black | Democrat,RACESURV18e_W43,4,"0.000000,0.000000,1.000000,0.000000"
mistral_instruct,RACExPOLPARTY,RACExPOLPARTY :: Black | Independent,RACESURV18e_W43,4,"0.000000,0.000000,1.000000,0.000000"
mistral_instruct,RACExPOLPARTY,RACExPOLPARTY :: Black | Other,RACESURV18e_W43,4,"0.000000,0.000000,1.000000,0.000000"
mistral_instruct,RACExPOLPARTY,RACExPOLPARTY :: Black | Refused,RACESURV18e_W43,4,"0.000000,0.000000,1.000000,0.000000"
mistral_instruct,RACExPOLPARTY,RACExPOLPARTY :: Black | Republican,RACESURV18e_W43,4,"0.000000,0.000000,1.000000,0.000000"
mistral_instruct,RACExPOLPARTY,RACExPOLPARTY :: Hispanic | Democrat,RACESURV18e_W43,4,"0.000000,0.000000,1.000000,0.000000"
mistral_instruct,RACExPOLPARTY,RACExPOLPARTY :: Hispanic | Independent,RACESURV18e_W43,4,"0.000000,0.000000,1.000000,0.000000"
mistral_instruct,RACExPOLPARTY,RACExPOLPARTY :: Hispanic | Other,RACESURV18e_W43,4,"0.000000,0.000000,1.000000,0.000000"
mistral_instruct,RACExPOLPARTY,RACExPOLPARTY :: Hispanic | Refused,RACESURV18e_W43,4,"0.000000,0.000000,1.000000,0.000000"
mistral_instruct,RACExPOLPARTY,RACExPOLPARTY :: Hispanic | Republican,RACESURV18e_W43,4,"0.000000,0.000000,1.000000,0.000000"
mistral_instruct,RACExPOLPARTY,RACExPOLPARTY :: Other | Democrat,RACESURV18e_W43,4,"0.000000,0.000000,1.000000,0.000000"
mistral_instruct,RACExPOLPARTY,RACExPOLPARTY :: Other | Independent,RACESURV18e_W43,4,"0.000000,0.000000,1.000000,0.000000"
mistral_instruct,RACExPOLPARTY,RACExPOLPARTY :: White | Democrat,RACESURV18e_W43,4,"0.000000,0.000000,1.000000,0.000000"
mistral_instruct,RACExPOLPARTY,RACExPOLPARTY :: White | Independent,RACESURV18e_W43,4,"0.000000,0.000000,1.000000,0.000000"
mistral_instruct,RACExPOLPARTY,RACExPOLPARTY :: White | Other,RACESURV18e_W43,4,"0.000000,0.000000,1.000000,0.000000"
mistral_instruct,RACExPOLPARTY,RACExPOLPARTY :: White | Republican,RACESURV18e_W43,4,"0.000000,0.000000,1.000000,0.000000"
mistral_instruct,RACExPOLPARTY,RACExPOLPARTY :: Asian | Democrat,RACESURV22_W43,4,"0.000000,0.000000,1.000000,0.000000"
mistral_instruct,RACExPOLPARTY,RACExPOLPARTY :: Asian | Independent,RACESURV22_W43,4,"0.000000,0.000000,1.000000,0.000000"
mistral_instruct,RACExPOLPARTY,RACExPOLPARTY :: Asian | Other,RACESURV22_W43,4,"0.000000,0.000000,0.997676,0.002323"
mistral_instruct,RACExPOLPARTY,RACExPOLPARTY :: Asian | Republican,RACESURV22_W43,4,"0.000000,0.000000,1.000000,0.000000"
mistral_instruct,RACExPOLPARTY,RACExPOLPARTY :: Black | Democrat,RACESURV22_W43,4,"0.000000,0.000000,0.999998,0.000002"
mistral_instruct,RACExPOLPARTY,RACExPOLPARTY :: Black | Independent,RACESURV22_W43,4,"0.000000,0.000000,1.000000,0.000000"
mistral_instruct,RACExPOLPARTY,RACExPOLPARTY :: Black | Other,RACESURV22_W43,4,"0.000002,0.000000,0.399811,0.600187"
mistral_instruct,RACExPOLPARTY,RACExPOLPARTY :: Black | Refused,RACESURV22_W43,4,"0.000000,0.000000,0.000000,1.000000"
mistral_instruct,RACExPOLPARTY,RACExPOLPARTY :: Black | Republican,RACESURV22_W43,4,"0.000000,0.000000,1.000000,0.000000"
mistral_instruct,RACExPOLPARTY,RACExPOLPARTY :: Hispanic | Democrat,RACESURV22_W43,4,"0.000000,0.000000,1.000000,0.000000"
mistral_instruct,RACExPOLPARTY,RACExPOLPARTY :: Hispanic | Independent,RACESURV22_W43,4,"0.000000,0.000000,1.000000,0.000000"
mistral_instruct,RACExPOLPARTY,RACExPOLPARTY :: Hispanic | Other,RACESURV22_W43,4,"0.000001,0.000000,0.933429,0.066569"
mistral_instruct,RACExPOLPARTY,RACExPOLPARTY :: Hispanic | Refused,RACESURV22_W43,4,"0.000005,0.000000,0.000038,0.999957"
mistral_instruct,RACExPOLPARTY,RACExPOLPARTY :: Hispanic | Republican,RACESURV22_W43,4,"0.000000,0.000000,1.000000,0.000000"
mistral_instruct,RACExPOLPARTY,RACExPOLPARTY :: Other | Democrat,RACESURV22_W43,4,"0.000002,0.000000,0.973842,0.026156"
mistral_instruct,RACExPOLPARTY,RACExPOLPARTY :: Other | Independent,RACESURV22_W43,4,"0.000000,0.000000,0.995930,0.004070"
mistral_instruct,RACExPOLPARTY,RACExPOLPARTY :: White | Democrat,RACESURV22_W43,4,"0.000000,0.000000,1.000000,0.000000"
mistral_instruct,RACExPOLPARTY,RACExPOLPARTY :: White | Independent,RACESURV22_W43,4,"0.000000,0.000000,1.000000,0.000000"
mistral_instruct,RACExPOLPARTY,RACExPOLPARTY :: White | Other,RACESURV22_W43,4,"0.000000,0.000000,0.999947,0.000053"
mistral_instruct,RACExPOLPARTY,RACExPOLPARTY :: White | Republican,RACESURV22_W43,4,"0.000000,0.000000,1.000000,0.000000"
mistral_instruct,RACExPOLPARTY,RACExPOLPARTY :: Asian | Democrat,SATLIFEd_W50,4,"0.012229,0.000950,0.986787,0.000033"
mistral_instruct,RACExPOLPARTY,RACExPOLPARTY :: Asian | Independent,SATLIFEd_W50,4,"0.000029,0.000389,0.999578,0.000004"
mistral_instruct,RACExPOLPARTY,RACExPOLPARTY :: Asian | Republican,SATLIFEd_W50,4,"0.562173,0.000004,0.437821,0.000002"
mistral_instruct,RACExPOLPARTY,RACExPOLPARTY :: Black | Democrat,SATLIFEd_W50,4,"0.004298,0.000061,0.995635,0.000007"
mistral_instruct,RACExPOLPARTY,RACExPOLPARTY :: Black | Independent,SATLIFEd_W50,4,"0.000005,0.000006,0.999988,0.000001"
mistral_instruct,RACExPOLPARTY,RACExPOLPARTY :: Black | Other,SATLIFEd_W50,4,"0.000029,0.000001,0.999970,0.000001"
mistral_instruct,RACExPOLPARTY,RACExPOLPARTY :: Black | Republican,SATLIFEd_W50,4,"0.461016,0.000001,0.538982,0.000001"
mistral_instruct,RACExPOLPARTY,RACExPOLPARTY :: Hispanic | Democrat,SATLIFEd_W50,4,"0.001432,0.000186,0.998369,0.000013"
mistral_instruct,RACExPOLPARTY,RACExPOLPARTY :: Hispanic | Independent,SATLIFEd_W50,4,"0.000007,0.000006,0.999985,0.000001"
mistral_instruct,RACExPOLPARTY,RACExPOLPARTY :: Hispanic | Other,SATLIFEd_W50,4,"0.000017,0.000000,0.999982,0.000001"
mistral_instruct,RACExPOLPARTY,RACExPOLPARTY :: Hispanic | Republican,SATLIFEd_W50,4,"0.131173,0.000004,0.868822,0.000002"
mistral_instruct,RACExPOLPARTY,RACExPOLPARTY :: Mixed Race | Democrat,SATLIFEd_W50,4,"0.001911,0.000249,0.997815,0.000025"
mistral_instruct,RACExPOLPARTY,RACExPOLPARTY :: Mixed Race | Independent,SATLIFEd_W50,4,"0.000070,0.000050,0.999872,0.000008"
mistral_instruct,RACExPOLPARTY,RACExPOLPARTY :: Mixed Race | Other,SATLIFEd_W50,4,"0.000138,0.000004,0.999850,0.000009"
mistral_instruct,RACExPOLPARTY,RACExPOLPARTY :: Mixed Race | Republican,SATLIFEd_W50,4,"0.023331,0.000003,0.976663,0.000003"
mistral_instruct,RACExPOLPARTY,RACExPOLPARTY :: Refused | Democrat,SATLIFEd_W50,4,"0.000024,0.000000,0.999973,0.000002"
mistral_instruct,RACExPOLPARTY,RACExPOLPARTY :: Refused | Independent,SATLIFEd_W50,4,"0.000003,0.000000,0.999997,0.000000"
mistral_instruct,RACExPOLPARTY,RACExPOLPARTY :: White | Democrat,SATLIFEd_W50,4,"0.020985,0.006603,0.972357,0.000056"
mistral_instruct,RACExPOLPARTY,RACExPOLPARTY :: White | Independent,SATLIFEd_W50,4,"0.000029,0.000135,0.999834,0.000003"
mistral_instruct,RACExPOLPARTY,RACExPOLPARTY :: White | Other,SATLIFEd_W50,4,"0.001032,0.000004,0.998962,0.000002"
mistral_instruct,RACExPOLPARTY,RACExPOLPARTY :: White | Refused,SATLIFEd_W50,4,"0.000004,0.000000,0.999995,0.000001"
mistral_instruct,RACExPOLPARTY,RACExPOLPARTY :: White | Republican,SATLIFEd_W50,4,"0.971128,0.000001,0.028871,0.000000"
mistral_instruct,RACExPOLPARTY,RACExPOLPARTY :: Asian | Democrat,SUBURBNEAR_W32,3,"0.000128,0.930843,0.069029"
mistral_instruct,RACExPOLPARTY,RACExPOLPARTY :: Asian | Independent,SUBURBNEAR_W32,3,"0.000019,0.433973,0.566008"
mistral_instruct,RACExPOLPARTY,RACExPOLPARTY :: Black | Democrat,SUBURBNEAR_W32,3,"0.000051,0.972781,0.027168"
mistral_instruct,RACExPOLPARTY,RACExPOLPARTY :: Black | Independent,SUBURBNEAR_W32,3,"0.000014,0.573671,0.426316"
mistral_instruct,RACExPOLPARTY,RACExPOLPARTY :: Black | Other,SUBURBNEAR_W32,3,"0.000002,0.002166,0.997832"
mistral_instruct,RACExPOLPARTY,RACExPOLPARTY :: Hispanic | Democrat,SUBURBNEAR_W32,3,"0.000046,0.992017,0.007938"
mistral_instruct,RACExPOLPARTY,RACExPOLPARTY :: Hispanic | Independent,SUBURBNEAR_W32,3,"0.000026,0.760631,0.239343"
mistral_instruct,RACExPOLPARTY,RACExPOLPARTY :: Hispanic | Other,SUBURBNEAR_W32,3,"0.000002,0.000579,0.999419"
mistral_instruct,RACExPOLPARTY,RACExPOLPARTY :: Hispanic | Republican,SUBURBNEAR_W32,3,"0.000003,0.023871,0.976126"
mistral_instruct,RACExPOLPARTY,RACExPOLPARTY :: Mixed Race | Democrat,SUBURBNEAR_W32,3,"0.000199,0.988026,0.011776"
mistral_instruct,RACExPOLPARTY,RACExPOLPARTY :: Mixed Race | Independent,SUBURBNEAR_W32,3,"0.000043,0.919024,0.080933"
mistral_instruct,RACExPOLPARTY,RACExPOLPARTY :: Other | Independent,SUBURBNEAR_W32,3,"0.000024,0.136605,0.863371"
mistral_instruct,RACExPOLPARTY,RACExPOLPARTY :: Other | Republican,SUBURBNEAR_W32,3,"0.000001,0.004792,0.995207"
mistral_instruct,RACExPOLPARTY,RACExPOLPARTY :: White | Democrat,SUBURBNEAR_W32,3,"0.000002,0.997283,0.002715"
mistral_instruct,RACExPOLPARTY,RACExPOLPARTY :: White | Independent,SUBURBNEAR_W32,3,"0.000006,0.918475,0.081519"
mistral_instruct,RACExPOLPARTY,RACExPOLPARTY :: White | Other,SUBURBNEAR_W32,3,"0.000001,0.002758,0.997241"
mistral_instruct,RACExPOLPARTY,RACExPOLPARTY :: White | Refused,SUBURBNEAR_W32,3,"0.000000,0.000000,1.000000"
mistral_instruct,RACExPOLPARTY,RACExPOLPARTY :: White | Republican,SUBURBNEAR_W32,3,"0.000002,0.052619,0.947379"
mistral_instruct,RACExPOLPARTY,RACExPOLPARTY :: Asian | Democrat,VALUESUBURB_W32,4,"0.000000,0.000000,1.000000,0.000000"
mistral_instruct,RACExPOLPARTY,RACExPOLPARTY :: Asian | Independent,VALUESUBURB_W32,4,"0.000000,0.000000,1.000000,0.000000"
mistral_instruct,RACExPOLPARTY,RACExPOLPARTY :: Black | Democrat,VALUESUBURB_W32,4,"0.000000,0.000000,1.000000,0.000000"
mistral_instruct,RACExPOLPARTY,RACExPOLPARTY :: Black | Independent,VALUESUBURB_W32,4,"0.000000,0.000000,1.000000,0.000000"
mistral_instruct,RACExPOLPARTY,RACExPOLPARTY :: Black | Other,VALUESUBURB_W32,4,"0.000000,0.000000,1.000000,0.000000"
mistral_instruct,RACExPOLPARTY,RACExPOLPARTY :: Hispanic | Democrat,VALUESUBURB_W32,4,"0.000000,0.000000,1.000000,0.000000"
mistral_instruct,RACExPOLPARTY,RACExPOLPARTY :: Hispanic | Independent,VALUESUBURB_W32,4,"0.000000,0.000000,1.000000,0.000000"
mistral_instruct,RACExPOLPARTY,RACExPOLPARTY :: Hispanic | Other,VALUESUBURB_W32,4,"0.000000,0.000000,1.000000,0.000000"
mistral_instruct,RACExPOLPARTY,RACExPOLPARTY :: Hispanic | Republican,VALUESUBURB_W32,4,"0.000000,0.000000,1.000000,0.000000"
mistral_instruct,RACExPOLPARTY,RACExPOLPARTY :: Mixed Race | Democrat,VALUESUBURB_W32,4,"0.000000,0.000000,1.000000,0.000000"
mistral_instruct,RACExPOLPARTY,RACExPOLPARTY :: Mixed Race | Independent,VALUESUBURB_W32,4,"0.000000,0.000000,1.000000,0.000000"
mistral_instruct,RACExPOLPARTY,RACExPOLPARTY :: Other | Independent,VALUESUBURB_W32,4,"0.000000,0.000000,1.000000,0.000000"
mistral_instruct,RACExPOLPARTY,RACExPOLPARTY :: Other | Republican,VALUESUBURB_W32,4,"0.000000,0.000000,1.000000,0.000000"
mistral_instruct,RACExPOLPARTY,RACExPOLPARTY :: White | Democrat,VALUESUBURB_W32,4,"0.000000,0.000000,1.000000,0.000000"
mistral_instruct,RACExPOLPARTY,RACExPOLPARTY :: White | Independent,VALUESUBURB_W32,4,"0.000000,0.000008,0.999992,0.000000"
mistral_instruct,RACExPOLPARTY,RACExPOLPARTY :: White | Other,VALUESUBURB_W32,4,"0.000000,0.000000,1.000000,0.000000"
mistral_instruct,RACExPOLPARTY,RACExPOLPARTY :: White | Refused,VALUESUBURB_W32,4,"0.000000,0.000000,1.000000,0.000000"
mistral_instruct,RACExPOLPARTY,RACExPOLPARTY :: White | Republican,VALUESUBURB_W32,4,"0.000012,0.000392,0.999595,0.000001"
mistral_instruct,RACExRELIG,RACExRELIG :: Asian | Agnostic,BILLION_W92,3,"0.000000,0.000000,1.000000"
mistral_instruct,RACExRELIG,RACExRELIG :: Asian | Hindu,BILLION_W92,3,"0.000000,0.000000,1.000000"
mistral_instruct,RACExRELIG,RACExRELIG :: Asian | Nothing in particular,BILLION_W92,3,"0.000000,0.000000,1.000000"
mistral_instruct,RACExRELIG,RACExRELIG :: Asian | Protestant,BILLION_W92,3,"0.000000,0.000000,1.000000"
mistral_instruct,RACExRELIG,RACExRELIG :: Asian | Roman Catholic,BILLION_W92,3,"0.000000,0.000000,1.000000"
mistral_instruct,RACExRELIG,RACExRELIG :: Black | Nothing in particular,BILLION_W92,3,"0.000000,0.000000,1.000000"
mistral_instruct,RACExRELIG,RACExRELIG :: Black | Protestant,BILLION_W92,3,"0.000000,0.000000,1.000000"
mistral_instruct,RACExRELIG,RACExRELIG :: Black | Roman Catholic,BILLION_W92,3,"0.000000,0.000000,1.000000"
mistral_instruct,RACExRELIG,RACExRELIG :: Hispanic | Nothing in particular,BILLION_W92,3,"0.000000,0.000000,1.000000"
mistral_instruct,RACExRELIG,RACExRELIG :: Hispanic | Protestant,BILLION_W92,3,"0.000000,0.000000,1.000000"
mistral_instruct,RACExRELIG,RACExRELIG :: Hispanic | Roman Catholic,BILLION_W92,3,"0.000000,0.000000,1.000000"
mistral_instruct,RACExRELIG,RACExRELIG :: Mixed Race | Nothing in particular,BILLION_W92,3,"0.000000,0.000000,1.000000"
mistral_instruct,RACExRELIG,RACExRELIG :: Mixed Race | Protestant,BILLION_W92,3,"0.000000,0.000000,1.000000"
mistral_instruct,RACExRELIG,RACExRELIG :: Other | Protestant,BILLION_W92,3,"0.000000,0.000000,1.000000"
mistral_instruct,RACExRELIG,RACExRELIG :: Refused | Protestant,BILLION_W92,3,"0.000000,0.000000,1.000000"
mistral_instruct,RACExRELIG,RACExRELIG :: White | Agnostic,BILLION_W92,3,"0.000000,0.000000,1.000000"
mistral_instruct,RACExRELIG,RACExRELIG :: White | Atheist,BILLION_W92,3,"0.000000,0.000000,1.000000"
mistral_instruct,RACExRELIG,RACExRELIG :: White | Buddhist,BILLION_W92,3,"0.000000,0.000000,1.000000"
mistral_instruct,RACExRELIG,RACExRELIG :: White | Jewish,BILLION_W92,3,"0.000000,0.000000,1.000000"
mistral_instruct,RACExRELIG,RACExRELIG :: White | Mormon,BILLION_W92,3,"0.000000,0.000000,1.000000"
mistral_instruct,RACExRELIG,RACExRELIG :: White | Nothing in particular,BILLION_W92,3,"0.000000,0.000000,1.000000"
mistral_instruct,RACExRELIG,RACExRELIG :: White | Orthodox,BILLION_W92,3,"0.000000,0.000000,1.000000"
mistral_instruct,RACExRELIG,RACExRELIG :: White | Other,BILLION_W92,3,"0.000000,0.000000,1.000000"
mistral_instruct,RACExRELIG,RACExRELIG :: White | Protestant,BILLION_W92,3,"0.000000,0.000000,1.000000"
mistral_instruct,RACExRELIG,RACExRELIG :: White | Roman Catholic,BILLION_W92,3,"0.000000,0.000000,1.000000"
mistral_instruct,RACExRELIG,RACExRELIG :: Asian | Agnostic,CANQUALPOL_W92,4,"0.000000,0.000000,1.000000,0.000000"
mistral_instruct,RACExRELIG,RACExRELIG :: Asian | Hindu,CANQUALPOL_W92,4,"0.000000,0.000000,0.999999,0.000000"
mistral_instruct,RACExRELIG,RACExRELIG :: Asian | Nothing in particular,CANQUALPOL_W92,4,"0.000000,0.000000,1.000000,0.000000"
mistral_instruct,RACExRELIG,RACExRELIG :: Asian | Protestant,CANQUALPOL_W92,4,"0.000000,0.000000,1.000000,0.000000"
mistral_instruct,RACExRELIG,RACExRELIG :: Asian | Roman Catholic,CANQUALPOL_W92,4,"0.000000,0.000000,1.000000,0.000000"
mistral_instruct,RACExRELIG,RACExRELIG :: Black | Nothing in particular,CANQUALPOL_W92,4,"0.000000,0.000000,1.000000,0.000000"
mistral_instruct,RACExRELIG,RACExRELIG :: Black | Protestant,CANQUALPOL_W92,4,"0.000000,0.000000,1.000000,0.000000"
mistral_instruct,RACExRELIG,RACExRELIG :: Black | Roman Catholic,CANQUALPOL_W92,4,"0.000000,0.000000,1.000000,0.000000"
mistral_instruct,RACExRELIG,RACExRELIG :: Hispanic | Nothing in particular,CANQUALPOL_W92,4,"0.000000,0.000000,1.000000,0.000000"
mistral_instruct,RACExRELIG,RACExRELIG :: Hispanic | Protestant,CANQUALPOL_W92,4,"0.000000,0.000000,1.000000,0.000000"
mistral_instruct,RACExRELIG,RACExRELIG :: Hispanic | Roman Catholic,CANQUALPOL_W92,4,"0.000000,0.000000,1.000000,0.000000"
mistral_instruct,RACExRELIG,RACExRELIG :: Mixed Race | Nothing in particular,CANQUALPOL_W92,4,"0.000000,0.000000,1.000000,0.000000"
mistral_instruct,RACExRELIG,RACExRELIG :: Mixed Race | Protestant,CANQUALPOL_W92,4,"0.000000,0.000000,1.000000,0.000000"
mistral_instruct,RACExRELIG,RACExRELIG :: Other | Protestant,CANQUALPOL_W92,4,"0.000000,0.000000,1.000000,0.000000"
mistral_instruct,RACExRELIG,RACExRELIG :: Refused | Protestant,CANQUALPOL_W92,4,"0.000000,0.000000,1.000000,0.000000"
mistral_instruct,RACExRELIG,RACExRELIG :: White | Agnostic,CANQUALPOL_W92,4,"0.000000,0.000000,1.000000,0.000000"
mistral_instruct,RACExRELIG,RACExRELIG :: White | Atheist,CANQUALPOL_W92,4,"0.000000,0.000000,1.000000,0.000000"
mistral_instruct,RACExRELIG,RACExRELIG :: White | Buddhist,CANQUALPOL_W92,4,"0.000000,0.000000,1.000000,0.000000"
mistral_instruct,RACExRELIG,RACExRELIG :: White | Jewish,CANQUALPOL_W92,4,"0.000000,0.000000,1.000000,0.000000"
mistral_instruct,RACExRELIG,RACExRELIG :: White | Mormon,CANQUALPOL_W92,4,"0.000000,0.000000,1.000000,0.000000"
mistral_instruct,RACExRELIG,RACExRELIG :: White | Nothing in particular,CANQUALPOL_W92,4,"0.000000,0.000000,1.000000,0.000000"
mistral_instruct,RACExRELIG,RACExRELIG :: White | Orthodox,CANQUALPOL_W92,4,"0.000000,0.000000,1.000000,0.000000"
mistral_instruct,RACExRELIG,RACExRELIG :: White | Other,CANQUALPOL_W92,4,"0.000000,0.000000,1.000000,0.000000"
mistral_instruct,RACExRELIG,RACExRELIG :: White | Protestant,CANQUALPOL_W92,4,"0.000000,0.000000,1.000000,0.000000"
mistral_instruct,RACExRELIG,RACExRELIG :: White | Roman Catholic,CANQUALPOL_W92,4,"0.000000,0.000000,1.000000,0.000000"
mistral_instruct,RACExRELIG,RACExRELIG :: Asian | Hindu,ECIMPc_W54,3,"0.000018,0.000007,0.999975"
mistral_instruct,RACExRELIG,RACExRELIG :: Asian | Nothing in particular,ECIMPc_W54,3,"0.000001,0.000001,0.999998"
mistral_instruct,RACExRELIG,RACExRELIG :: Black | Nothing in particular,ECIMPc_W54,3,"0.000008,0.000144,0.999848"
mistral_instruct,RACExRELIG,RACExRELIG :: Black | Protestant,ECIMPc_W54,3,"0.000114,0.000006,0.999880"
mistral_instruct,RACExRELIG,RACExRELIG :: Black | Roman Catholic,ECIMPc_W54,3,"0.000023,0.000001,0.999976"
mistral_instruct,RACExRELIG,RACExRELIG :: Hispanic | Nothing in particular,ECIMPc_W54,3,"0.000009,0.000041,0.999950"
mistral_instruct,RACExRELIG,RACExRELIG :: Hispanic | Protestant,ECIMPc_W54,3,"0.000280,0.000001,0.999719"
mistral_instruct,RACExRELIG,RACExRELIG :: Hispanic | Roman Catholic,ECIMPc_W54,3,"0.000843,0.000001,0.999157"
mistral_instruct,RACExRELIG,RACExRELIG :: Mixed Race | Nothing in particular,ECIMPc_W54,3,"0.000002,0.000007,0.999992"
mistral_instruct,RACExRELIG,RACExRELIG :: Mixed Race | Protestant,ECIMPc_W54,3,"0.000001,0.000000,0.999998"
mistral_instruct,RACExRELIG,RACExRELIG :: Refused | Protestant,ECIMPc_W54,3,"0.699240,0.000020,0.300740"
mistral_instruct,RACExRELIG,RACExRELIG :: White | Agnostic,ECIMPc_W54,3,"0.000000,0.000000,1.000000"
mistral_instruct,RACExRELIG,RACExRELIG :: White | Atheist,ECIMPc_W54,3,"0.006699,0.156084,0.837217"
mistral_instruct,RACExRELIG,RACExRELIG :: White | Jewish,ECIMPc_W54,3,"0.000303,0.000000,0.999697"
mistral_instruct,RACExRELIG,RACExRELIG :: White | Mormon,ECIMPc_W54,3,"0.013742,0.000007,0.986251"
mistral_instruct,RACExRELIG,RACExRELIG :: White | Nothing in particular,ECIMPc_W54,3,"0.000000,0.000001,0.999999"
mistral_instruct,RACExRELIG,RACExRELIG :: White | Orthodox,ECIMPc_W54,3,"0.117572,0.000001,0.882427"
mistral_instruct,RACExRELIG,RACExRELIG :: White | Other,ECIMPc_W54,3,"0.000036,0.000001,0.999963"
mistral_instruct,RACExRELIG,RACExRELIG :: White | Protestant,ECIMPc_W54,3,"0.000012,0.000000,0.999987"
mistral_instruct,RACExRELIG,RACExRELIG :: White | Roman Catholic,ECIMPc_W54,3,"0.000003,0.000000,0.999997"
mistral_instruct,RACExRELIG,RACExRELIG :: Asian | Hindu,ECON3_e_W54,4,"0.000000,0.000000,1.000000,0.000000"
mistral_instruct,RACExRELIG,RACExRELIG :: Asian | Nothing in particular,ECON3_e_W54,4,"0.000000,0.000000,1.000000,0.000000"
mistral_instruct,RACExRELIG,RACExRELIG :: Black | Nothing in particular,ECON3_e_W54,4,"0.000000,0.000000,0.999948,0.000052"
mistral_instruct,RACExRELIG,RACExRELIG :: Black | Protestant,ECON3_e_W54,4,"0.000000,0.000001,0.999999,0.000000"
mistral_instruct,RACExRELIG,RACExRELIG :: Black | Roman Catholic,ECON3_e_W54,4,"0.000000,0.000000,1.000000,0.000000"
mistral_instruct,RACExRELIG,RACExRELIG :: Hispanic | Nothing in particular,ECON3_e_W54,4,"0.000000,0.000000,0.999994,0.000006"
mistral_instruct,RACExRELIG,RACExRELIG :: Hispanic | Protestant,ECON3_e_W54,4,"0.000000,0.000000,1.000000,0.000000"
mistral_instruct,RACExRELIG,RACExRELIG :: Hispanic | Roman Catholic,ECON3_e_W54,4,"0.000000,0.000000,1.000000,0.000000"
mistral_instruct,RACExRELIG,RACExRELIG :: Mixed Race | Nothing in particular,ECON3_e_W54,4,"0.000000,0.000000,1.000000,0.000000"
mistral_instruct,RACExRELIG,RACExRELIG :: Mixed Race | Protestant,ECON3_e_W54,4,"0.000000,0.000001,0.999999,0.000000"
mistral_instruct,RACExRELIG,RACExRELIG :: Refused | Protestant,ECON3_e_W54,4,"0.000000,0.000000,1.000000,0.000000"
mistral_instruct,RACExRELIG,RACExRELIG :: White | Agnostic,ECON3_e_W54,4,"0.000000,0.000000,1.000000,0.000000"
mistral_instruct,RACExRELIG,RACExRELIG :: White | Atheist,ECON3_e_W54,4,"0.000000,0.000000,1.000000,0.000000"
mistral_instruct,RACExRELIG,RACExRELIG :: White | Jewish,ECON3_e_W54,4,"0.000000,0.000000,0.999999,0.000000"
mistral_instruct,RACExRELIG,RACExRELIG :: White | Mormon,ECON3_e_W54,4,"0.000000,0.000000,1.000000,0.000000"
mistral_instruct,RACExRELIG,RACExRELIG :: White | Nothing in particular,ECON3_e_W54,4,"0.000000,0.000000,1.000000,0.000000"
mistral_instruct,RACExRELIG,RACExRELIG :: White | Orthodox,ECON3_e_W54,4,"0.000000,0.000000,1.000000,0.000000"
mistral_instruct,RACExRELIG,RACExRELIG :: White | Other,ECON3_e_W54,4,"0.000000,0.000000,1.000000,0.000000"
mistral_instruct,RACExRELIG,RACExRELIG :: White | Protestant,ECON3_e_W54,4,"0.000000,0.000000,1.000000,0.000000"
mistral_instruct,RACExRELIG,RACExRELIG :: White | Roman Catholic,ECON3_e_W54,4,"0.000000,0.000000,1.000000,0.000000"
mistral_instruct,RACExRELIG,RACExRELIG :: Asian | Hindu,ECON4_i_W54,4,"0.000000,0.000000,1.000000,0.000000"
mistral_instruct,RACExRELIG,RACExRELIG :: Asian | Nothing in particular,ECON4_i_W54,4,"0.000000,0.000000,0.000000,1.000000"
mistral_instruct,RACExRELIG,RACExRELIG :: Black | Nothing in particular,ECON4_i_W54,4,"0.000000,0.000000,0.000000,1.000000"
mistral_instruct,RACExRELIG,RACExRELIG :: Black | Protestant,ECON4_i_W54,4,"0.000002,0.000001,0.999997,0.000001"
mistral_instruct,RACExRELIG,RACExRELIG :: Black | Roman Catholic,ECON4_i_W54,4,"0.000001,0.000000,0.999998,0.000001"
mistral_instruct,RACExRELIG,RACExRELIG :: Hispanic | Nothing in particular,ECON4_i_W54,4,"0.000000,0.000000,0.000000,1.000000"
mistral_instruct,RACExRELIG,RACExRELIG :: Hispanic | Protestant,ECON4_i_W54,4,"0.000000,0.000000,1.000000,0.000000"
mistral_instruct,RACExRELIG,RACExRELIG :: Hispanic | Roman Catholic,ECON4_i_W54,4,"0.000000,0.000000,0.999999,0.000000"
mistral_instruct,RACExRELIG,RACExRELIG :: Mixed Race | Nothing in particular,ECON4_i_W54,4,"0.000000,0.000000,0.000008,0.999992"
mistral_instruct,RACExRELIG,RACExRELIG :: Mixed Race | Protestant,ECON4_i_W54,4,"0.000000,0.000001,0.999999,0.000000"
mistral_instruct,RACExRELIG,RACExRELIG :: Refused | Protestant,ECON4_i_W54,4,"0.000003,0.000000,0.998713,0.001284"
mistral_instruct,RACExRELIG,RACExRELIG :: White | Agnostic,ECON4_i_W54,4,"0.000000,0.000000,1.000000,0.000000"
mistral_instruct,RACExRELIG,RACExRELIG :: White | Atheist,ECON4_i_W54,4,"0.000002,0.000000,0.066085,0.933913"
mistral_instruct,RACExRELIG,RACExRELIG :: White | Jewish,ECON4_i_W54,4,"0.000003,0.000000,0.999994,0.000003"
mistral_instruct,RACExRELIG,RACExRELIG :: White | Mormon,ECON4_i_W54,4,"0.000000,0.000000,1.000000,0.000000"
mistral_instruct,RACExRELIG,RACExRELIG :: White | Nothing in particular,ECON4_i_W54,4,"0.000000,0.000000,0.000000,1.000000"
mistral_instruct,RACExRELIG,RACExRELIG :: White | Orthodox,ECON4_i_W54,4,"0.000000,0.000000,1.000000,0.000000"
mistral_instruct,RACExRELIG,RACExRELIG :: White | Other,ECON4_i_W54,4,"0.000000,0.000000,0.999903,0.000097"
mistral_instruct,RACExRELIG,RACExRELIG :: White | Protestant,ECON4_i_W54,4,"0.000000,0.000000,1.000000,0.000000"
mistral_instruct,RACExRELIG,RACExRELIG :: White | Roman Catholic,ECON4_i_W54,4,"0.000000,0.000000,1.000000,0.000000"
mistral_instruct,RACExRELIG,RACExRELIG :: Asian | Hindu,ECON5_f_W54,5,"0.000014,0.000000,0.999902,0.000081,0.000002"
mistral_instruct,RACExRELIG,RACExRELIG :: Asian | Nothing in particular,ECON5_f_W54,5,"0.000000,0.000000,0.000000,0.000000,1.000000"
mistral_instruct,RACExRELIG,RACExRELIG :: Black | Nothing in particular,ECON5_f_W54,5,"0.000003,0.000000,0.064630,0.000367,0.935001"
mistral_instruct,RACExRELIG,RACExRELIG :: Black | Protestant,ECON5_f_W54,5,"0.000000,0.000000,0.999999,0.000001,0.000000"
mistral_instruct,RACExRELIG,RACExRELIG :: Black | Roman Catholic,ECON5_f_W54,5,"0.000000,0.000000,0.999994,0.000006,0.000000"
mistral_instruct,RACExRELIG,RACExRELIG :: Hispanic | Nothing in particular,ECON5_f_W54,5,"0.000000,0.000000,0.000000,0.000000,1.000000"
mistral_instruct,RACExRELIG,RACExRELIG :: Hispanic | Protestant,ECON5_f_W54,5,"0.000000,0.000000,1.000000,0.000000,0.000000"
mistral_instruct,RACExRELIG,RACExRELIG :: Hispanic | Roman Catholic,ECON5_f_W54,5,"0.000000,0.000000,1.000000,0.000001,0.000000"
mistral_instruct,RACExRELIG,RACExRELIG :: Mixed Race | Nothing in particular,ECON5_f_W54,5,"0.000000,0.000000,0.000002,0.000000,0.999997"
mistral_instruct,RACExRELIG,RACExRELIG :: Mixed Race | Protestant,ECON5_f_W54,5,"0.000000,0.000000,1.000000,0.000000,0.000000"
mistral_instruct,RACExRELIG,RACExRELIG :: Refused | Protestant,ECON5_f_W54,5,"0.000000,0.000000,0.000045,0.000001,0.999954"
mistral_instruct,RACExRELIG,RACExRELIG :: White | Agnostic,ECON5_f_W54,5,"0.000000,0.000000,0.999977,0.000001,0.000021"
mistral_instruct,RACExRELIG,RACExRELIG :: White | Atheist,ECON5_f_W54,5,"0.000000,0.000000,0.999968,0.000031,0.000001"
mistral_instruct,RACExRELIG,RACExRELIG :: White | Jewish,ECON5_f_W54,5,"0.000000,0.000000,0.999992,0.000008,0.000000"
mistral_instruct,RACExRELIG,RACExRELIG :: White | Mormon,ECON5_f_W54,5,"0.000000,0.000000,0.999999,0.000001,0.000000"
mistral_instruct,RACExRELIG,RACExRELIG :: White | Nothing in particular,ECON5_f_W54,5,"0.000000,0.000000,0.000000,0.000000,1.000000"
mistral_instruct,RACExRELIG,RACExRELIG :: White | Orthodox,ECON5_f_W54,5,"0.000000,0.000000,0.999991,0.000009,0.000000"
mistral_instruct,RACExRELIG,RACExRELIG :: White | Other,ECON5_f_W54,5,"0.000000,0.000000,0.999966,0.000027,0.000006"
mistral_instruct,RACExRELIG,RACExRELIG :: White | Protestant,ECON5_f_W54,5,"0.000000,0.000000,1.000000,0.000000,0.000000"
mistral_instruct,RACExRELIG,RACExRELIG :: White | Roman Catholic,ECON5_f_W54,5,"0.000000,0.000000,0.999999,0.000001,0.000000"
mistral_instruct,RACExRELIG,RACExRELIG :: Asian | Agnostic,ELECT_CONF3_PRVFR_W92,4,"0.000000,0.000000,1.000000,0.000000"
mistral_instruct,RACExRELIG,RACExRELIG :: Asian | Hindu,ELECT_CONF3_PRVFR_W92,4,"0.000000,0.000000,0.999999,0.000000"
mistral_instruct,RACExRELIG,RACExRELIG :: Asian | Nothing in particular,ELECT_CONF3_PRVFR_W92,4,"0.000000,0.000000,0.999998,0.000002"
mistral_instruct,RACExRELIG,RACExRELIG :: Asian | Protestant,ELECT_CONF3_PRVFR_W92,4,"0.000000,0.000000,1.000000,0.000000"
mistral_instruct,RACExRELIG,RACExRELIG :: Asian | Roman Catholic,ELECT_CONF3_PRVFR_W92,4,"0.000000,0.000000,1.000000,0.000000"
mistral_instruct,RACExRELIG,RACExRELIG :: Black | Nothing in particular,ELECT_CONF3_PRVFR_W92,4,"0.000000,0.000000,0.999997,0.000003"
mistral_instruct,RACExRELIG,RACExRELIG :: Black | Protestant,ELECT_CONF3_PRVFR_W92,4,"0.000000,0.000000,1.000000,0.000000"
mistral_instruct,RACExRELIG,RACExRELIG :: Black | Roman Catholic,ELECT_CONF3_PRVFR_W92,4,"0.000000,0.000000,1.000000,0.000000"
mistral_instruct,RACExRELIG,RACExRELIG :: Hispanic | Nothing in particular,ELECT_CONF3_PRVFR_W92,4,"0.000000,0.000000,0.999343,0.000656"
mistral_instruct,RACExRELIG,RACExRELIG :: Hispanic | Protestant,ELECT_CONF3_PRVFR_W92,4,"0.000000,0.000000,1.000000,0.000000"
mistral_instruct,RACExRELIG,RACExRELIG :: Hispanic | Roman Catholic,ELECT_CONF3_PRVFR_W92,4,"0.000000,0.000000,1.000000,0.000000"
mistral_instruct,RACExRELIG,RACExRELIG :: Mixed Race | Nothing in particular,ELECT_CONF3_PRVFR_W92,4,"0.000000,0.000000,1.000000,0.000000"
mistral_instruct,RACExRELIG,RACExRELIG :: Mixed Race | Protestant,ELECT_CONF3_PRVFR_W92,4,"0.000000,0.000000,1.000000,0.000000"
mistral_instruct,RACExRELIG,RACExRELIG :: Other | Protestant,ELECT_CONF3_PRVFR_W92,4,"0.000000,0.000000,1.000000,0.000000"
mistral_instruct,RACExRELIG,RACExRELIG :: Refused | Protestant,ELECT_CONF3_PRVFR_W92,4,"0.000000,0.000000,0.999999,0.000001"
mistral_instruct,RACExRELIG,RACExRELIG :: White | Agnostic,ELECT_CONF3_PRVFR_W92,4,"0.000000,0.000000,1.000000,0.000000"
mistral_instruct,RACExRELIG,RACExRELIG :: White | Atheist,ELECT_CONF3_PRVFR_W92,4,"0.000000,0.000000,1.000000,0.000000"
mistral_instruct,RACExRELIG,RACExRELIG :: White | Buddhist,ELECT_CONF3_PRVFR_W92,4,"0.000000,0.000000,1.000000,0.000000"
mistral_instruct,RACExRELIG,RACExRELIG :: White | Jewish,ELECT_CONF3_PRVFR_W92,4,"0.000000,0.000000,1.000000,0.000000"
mistral_instruct,RACExRELIG,RACExRELIG :: White | Mormon,ELECT_CONF3_PRVFR_W92,4,"0.000000,0.000000,1.000000,0.000000"
mistral_instruct,RACExRELIG,RACExRELIG :: White | Nothing in particular,ELECT_CONF3_PRVFR_W92,4,"0.000000,0.000000,1.000000,0.000000"
mistral_instruct,RACExRELIG,RACExRELIG :: White | Orthodox,ELECT_CONF3_PRVFR_W92,4,"0.000000,0.000000,1.000000,0.000000"
mistral_instruct,RACExRELIG,RACExRELIG :: White | Other,ELECT_CONF3_PRVFR_W92,4,"0.000000,0.000000,1.000000,0.000000"
mistral_instruct,RACExRELIG,RACExRELIG :: White | Protestant,ELECT_CONF3_PRVFR_W92,4,"0.000000,0.000000,1.000000,0.000000"
mistral_instruct,RACExRELIG,RACExRELIG :: White | Roman Catholic,ELECT_CONF3_PRVFR_W92,4,"0.000000,0.000000,1.000000,0.000000"
mistral_instruct,RACExRELIG,RACExRELIG :: Asian | Agnostic,FAMSURV10c_W50,4,"0.000000,0.000000,1.000000,0.000000"
mistral_instruct,RACExRELIG,RACExRELIG :: Asian | Hindu,FAMSURV10c_W50,4,"0.000000,0.000000,1.000000,0.000000"
mistral_instruct,RACExRELIG,RACExRELIG :: Asian | Nothing in particular,FAMSURV10c_W50,4,"0.000000,0.000000,1.000000,0.000000"
mistral_instruct,RACExRELIG,RACExRELIG :: Asian | Protestant,FAMSURV10c_W50,4,"0.000000,0.000000,1.000000,0.000000"
mistral_instruct,RACExRELIG,RACExRELIG :: Black | Nothing in particular,FAMSURV10c_W50,4,"0.000000,0.000000,0.999999,0.000001"
mistral_instruct,RACExRELIG,RACExRELIG :: Black | Protestant,FAMSURV10c_W50,4,"0.000000,0.000000,1.000000,0.000000"
mistral_instruct,RACExRELIG,RACExRELIG :: Black | Roman Catholic,FAMSURV10c_W50,4,"0.000000,0.000000,1.000000,0.000000"
mistral_instruct,RACExRELIG,RACExRELIG :: Hispanic | Nothing in particular,FAMSURV10c_W50,4,"0.000000,0.000000,0.999997,0.000003"
mistral_instruct,RACExRELIG,RACExRELIG :: Hispanic | Protestant,FAMSURV10c_W50,4,"0.000000,0.000000,1.000000,0.000000"
mistral_instruct,RACExRELIG,RACExRELIG :: Hispanic | Roman Catholic,FAMSURV10c_W50,4,"0.000000,0.000000,1.000000,0.000000"
mistral_instruct,RACExRELIG,RACExRELIG :: Mixed Race | Nothing in particular,FAMSURV10c_W50,4,"0.000000,0.000000,1.000000,0.000000"
mistral_instruct,RACExRELIG,RACExRELIG :: Mixed Race | Protestant,FAMSURV10c_W50,4,"0.000000,0.000000,1.000000,0.000000"
mistral_instruct,RACExRELIG,RACExRELIG :: Mixed Race | Roman Catholic,FAMSURV10c_W50,4,"0.000000,0.000000,1.000000,0.000000"
mistral_instruct,RACExRELIG,RACExRELIG :: Refused | Protestant,FAMSURV10c_W50,4,"0.000000,0.000000,0.999995,0.000005"
mistral_instruct,RACExRELIG,RACExRELIG :: White | Agnostic,FAMSURV10c_W50,4,"0.000000,0.000000,1.000000,0.000000"
mistral_instruct,RACExRELIG,RACExRELIG :: White | Atheist,FAMSURV10c_W50,4,"0.000000,0.000000,1.000000,0.000000"
mistral_instruct,RACExRELIG,RACExRELIG :: White | Buddhist,FAMSURV10c_W50,4,"0.000000,0.000000,1.000000,0.000000"
mistral_instruct,RACExRELIG,RACExRELIG :: White | Jewish,FAMSURV10c_W50,4,"0.000000,0.000000,1.000000,0.000000"
mistral_instruct,RACExRELIG,RACExRELIG :: White | Mormon,FAMSURV10c_W50,4,"0.000000,0.000000,1.000000,0.000000"
mistral_instruct,RACExRELIG,RACExRELIG :: White | Nothing in particular,FAMSURV10c_W50,4,"0.000000,0.000000,1.000000,0.000000"
mistral_instruct,RACExRELIG,RACExRELIG :: White | Orthodox,FAMSURV10c_W50,4,"0.000000,0.000000,1.000000,0.000000"
mistral_instruct,RACExRELIG,RACExRELIG :: White | Other,FAMSURV10c_W50,4,"0.000000,0.000000,1.000000,0.000000"
mistral_instruct,RACExRELIG,RACExRELIG :: White | Protestant,FAMSURV10c_W50,4,"0.000000,0.000000,1.000000,0.000000"
mistral_instruct,RACExRELIG,RACExRELIG :: White | Roman Catholic,FAMSURV10c_W50,4,"0.000000,0.000000,1.000000,0.000000"
mistral_instruct,RACExRELIG,RACExRELIG :: Asian | Agnostic,FAMSURV11M_W50,3,"0.933389,0.000045,0.066566"
mistral_instruct,RACExRELIG,RACExRELIG :: Asian | Hindu,FAMSURV11M_W50,3,"0.480478,0.000001,0.519521"
mistral_instruct,RACExRELIG,RACExRELIG :: Asian | Nothing in particular,FAMSURV11M_W50,3,"0.000157,0.000001,0.999842"
mistral_instruct,RACExRELIG,RACExRELIG :: Asian | Protestant,FAMSURV11M_W50,3,"0.835483,0.000001,0.164516"
mistral_instruct,RACExRELIG,RACExRELIG :: Black | Nothing in particular,FAMSURV11M_W50,3,"0.000009,0.000000,0.999990"
mistral_instruct,RACExRELIG,RACExRELIG :: Black | Protestant,FAMSURV11M_W50,3,"0.824461,0.000001,0.175538"
mistral_instruct,RACExRELIG,RACExRELIG :: Black | Roman Catholic,FAMSURV11M_W50,3,"0.194368,0.000001,0.805631"
mistral_instruct,RACExRELIG,RACExRELIG :: Hispanic | Nothing in particular,FAMSURV11M_W50,3,"0.000003,0.000000,0.999997"
mistral_instruct,RACExRELIG,RACExRELIG :: Hispanic | Protestant,FAMSURV11M_W50,3,"0.546737,0.000002,0.453261"
mistral_instruct,RACExRELIG,RACExRELIG :: Hispanic | Roman Catholic,FAMSURV11M_W50,3,"0.217337,0.000001,0.782662"
mistral_instruct,RACExRELIG,RACExRELIG :: Mixed Race | Nothing in particular,FAMSURV11M_W50,3,"0.000296,0.000002,0.999702"
mistral_instruct,RACExRELIG,RACExRELIG :: Mixed Race | Protestant,FAMSURV11M_W50,3,"0.833319,0.000006,0.166674"
mistral_instruct,RACExRELIG,RACExRELIG :: Mixed Race | Roman Catholic,FAMSURV11M_W50,3,"0.252383,0.000005,0.747613"
mistral_instruct,RACExRELIG,RACExRELIG :: Refused | Protestant,FAMSURV11M_W50,3,"0.004070,0.000000,0.995930"
mistral_instruct,RACExRELIG,RACExRELIG :: White | Agnostic,FAMSURV11M_W50,3,"0.362931,0.000104,0.636964"
mistral_instruct,RACExRELIG,RACExRELIG :: White | Atheist,FAMSURV11M_W50,3,"0.000431,0.000000,0.999569"
mistral_instruct,RACExRELIG,RACExRELIG :: White | Buddhist,FAMSURV11M_W50,3,"0.003197,0.000005,0.996798"
mistral_instruct,RACExRELIG,RACExRELIG :: White | Jewish,FAMSURV11M_W50,3,"0.982014,0.000000,0.017986"
mistral_instruct,RACExRELIG,RACExRELIG :: White | Mormon,FAMSURV11M_W50,3,"0.095349,0.000001,0.904650"
mistral_instruct,RACExRELIG,RACExRELIG :: White | Nothing in particular,FAMSURV11M_W50,3,"0.000006,0.000000,0.999994"
mistral_instruct,RACExRELIG,RACExRELIG :: White | Orthodox,FAMSURV11M_W50,3,"0.016029,0.000000,0.983971"
mistral_instruct,RACExRELIG,RACExRELIG :: White | Other,FAMSURV11M_W50,3,"0.000095,0.000000,0.999905"
mistral_instruct,RACExRELIG,RACExRELIG :: White | Protestant,FAMSURV11M_W50,3,"0.999015,0.000000,0.000985"
mistral_instruct,RACExRELIG,RACExRELIG :: White | Roman Catholic,FAMSURV11M_W50,3,"0.929440,0.000000,0.070560"
mistral_instruct,RACExRELIG,RACExRELIG :: Asian | Agnostic,FAMSURV22d_W50,3,"0.000000,0.000000,1.000000"
mistral_instruct,RACExRELIG,RACExRELIG :: Asian | Hindu,FAMSURV22d_W50,3,"0.946597,0.000000,0.053403"
mistral_instruct,RACExRELIG,RACExRELIG :: Asian | Nothing in particular,FAMSURV22d_W50,3,"0.000000,0.000000,1.000000"
mistral_instruct,RACExRELIG,RACExRELIG :: Asian | Protestant,FAMSURV22d_W50,3,"0.324233,0.000006,0.675761"
mistral_instruct,RACExRELIG,RACExRELIG :: Black | Nothing in particular,FAMSURV22d_W50,3,"0.000000,0.000000,1.000000"
mistral_instruct,RACExRELIG,RACExRELIG :: Black | Protestant,FAMSURV22d_W50,3,"0.993042,0.000000,0.006958"
mistral_instruct,RACExRELIG,RACExRELIG :: Black | Roman Catholic,FAMSURV22d_W50,3,"0.999964,0.000000,0.000036"
mistral_instruct,RACExRELIG,RACExRELIG :: Hispanic | Nothing in particular,FAMSURV22d_W50,3,"0.000000,0.000000,1.000000"
mistral_instruct,RACExRELIG,RACExRELIG :: Hispanic | Protestant,FAMSURV22d_W50,3,"0.944174,0.000003,0.055823"
mistral_instruct,RACExRELIG,RACExRELIG :: Hispanic | Roman Catholic,FAMSURV22d_W50,3,"1.000000,0.000000,0.000000"
mistral_instruct,RACExRELIG,RACExRELIG :: Mixed Race | Nothing in particular,FAMSURV22d_W50,3,"0.000000,0.000000,1.000000"
mistral_instruct,RACExRELIG,RACExRELIG :: Mixed Race | Protestant,FAMSURV22d_W50,3,"0.983959,0.000012,0.016029"
mistral_instruct,RACExRELIG,RACExRELIG :: Mixed Race | Roman Catholic,FAMSURV22d_W50,3,"0.999834,0.000000,0.000166"
mistral_instruct,RACExRELIG,RACExRELIG :: Refused | Protestant,FAMSURV22d_W50,3,"0.000000,0.000000,1.000000"
mistral_instruct,RACExRELIG,RACExRELIG :: White | Agnostic,FAMSURV22d_W50,3,"0.000000,0.000000,1.000000"
mistral_instruct,RACExRELIG,RACExRELIG :: White | Atheist,FAMSURV22d_W50,3,"0.000000,0.000000,1.000000"
mistral_instruct,RACExRELIG,RACExRELIG :: White | Buddhist,FAMSURV22d_W50,3,"0.000000,0.000000,0.999999"
mistral_instruct,RACExRELIG,RACExRELIG :: White | Jewish,FAMSURV22d_W50,3,"0.999993,0.000000,0.000007"
mistral_instruct,RACExRELIG,RACExRELIG :: White | Mormon,FAMSURV22d_W50,3,"1.000000,0.000000,0.000000"
mistral_instruct,RACExRELIG,RACExRELIG :: White | Nothing in particular,FAMSURV22d_W50,3,"0.000000,0.000000,1.000000"
mistral_instruct,RACExRELIG,RACExRELIG :: White | Orthodox,FAMSURV22d_W50,3,"0.999994,0.000000,0.000006"
mistral_instruct,RACExRELIG,RACExRELIG :: White | Other,FAMSURV22d_W50,3,"0.000000,0.000000,1.000000"
mistral_instruct,RACExRELIG,RACExRELIG :: White | Protestant,FAMSURV22d_W50,3,"0.019568,0.000016,0.980416"
mistral_instruct,RACExRELIG,RACExRELIG :: White | Roman Catholic,FAMSURV22d_W50,3,"0.999992,0.000000,0.000008"
mistral_instruct,RACExRELIG,RACExRELIG :: Asian | Agnostic,FAMSURV26b_W50,4,"0.000000,0.000000,1.000000,0.000000"
mistral_instruct,RACExRELIG,RACExRELIG :: Asian | Hindu,FAMSURV26b_W50,4,"0.000001,0.000000,0.999597,0.000401"
mistral_instruct,RACExRELIG,RACExRELIG :: Asian | Nothing in particular,FAMSURV26b_W50,4,"0.000000,0.000000,0.000000,1.000000"
mistral_instruct,RACExRELIG,RACExRELIG :: Asian | Protestant,FAMSURV26b_W50,4,"0.000000,0.000000,1.000000,0.000000"
mistral_instruct,RACExRELIG,RACExRELIG :: Black | Nothing in particular,FAMSURV26b_W50,4,"0.000000,0.000000,0.000000,1.000000"
mistral_instruct,RACExRELIG,RACExRELIG :: Black | Protestant,FAMSURV26b_W50,4,"0.000000,0.000000,1.000000,0.000000"
mistral_instruct,RACExRELIG,RACExRELIG :: Black | Roman Catholic,FAMSURV26b_W50,4,"0.000000,0.000000,1.000000,0.000000"
mistral_instruct,RACExRELIG,RACExRELIG :: Hispanic | Nothing in particular,FAMSURV26b_W50,4,"0.000000,0.000000,0.000000,1.000000"
mistral_instruct,RACExRELIG,RACExRELIG :: Hispanic | Protestant,FAMSURV26b_W50,4,"0.000000,0.000000,1.000000,0.000000"
mistral_instruct,RACExRELIG,RACExRELIG :: Hispanic | Roman Catholic,FAMSURV26b_W50,4,"0.000000,0.000000,0.999999,0.000001"
mistral_instruct,RACExRELIG,RACExRELIG :: Mixed Race | Nothing in particular,FAMSURV26b_W50,4,"0.000000,0.000000,0.000000,1.000000"
mistral_instruct,RACExRELIG,RACExRELIG :: Mixed Race | Protestant,FAMSURV26b_W50,4,"0.000000,0.000000,1.000000,0.000000"
mistral_instruct,RACExRELIG,RACExRELIG :: Mixed Race | Roman Catholic,FAMSURV26b_W50,4,"0.000000,0.000000,1.000000,0.000000"
mistral_instruct,RACExRELIG,RACExRELIG :: Refused | Protestant,FAMSURV26b_W50,4,"0.000000,0.000000,0.999984,0.000015"
mistral_instruct,RACExRELIG,RACExRELIG :: White | Agnostic,FAMSURV26b_W50,4,"0.000000,0.000000,1.000000,0.000000"
mistral_instruct,RACExRELIG,RACExRELIG :: White | Atheist,FAMSURV26b_W50,4,"0.000000,0.000000,0.000000,1.000000"
mistral_instruct,RACExRELIG,RACExRELIG :: White | Buddhist,FAMSURV26b_W50,4,"0.000000,0.000000,1.000000,0.000000"
mistral_instruct,RACExRELIG,RACExRELIG :: White | Jewish,FAMSURV26b_W50,4,"0.000000,0.000000,1.000000,0.000000"
mistral_instruct,RACExRELIG,RACExRELIG :: White | Mormon,FAMSURV26b_W50,4,"0.000000,0.000000,0.999999,0.000001"
mistral_instruct,RACExRELIG,RACExRELIG :: White | Nothing in particular,FAMSURV26b_W50,4,"0.000000,0.000000,0.000000,1.000000"
mistral_instruct,RACExRELIG,RACExRELIG :: White | Orthodox,FAMSURV26b_W50,4,"0.000000,0.000000,0.999998,0.000002"
mistral_instruct,RACExRELIG,RACExRELIG :: White | Other,FAMSURV26b_W50,4,"0.000000,0.000000,0.999421,0.000579"
mistral_instruct,RACExRELIG,RACExRELIG :: White | Protestant,FAMSURV26b_W50,4,"0.000000,0.000000,1.000000,0.000000"
mistral_instruct,RACExRELIG,RACExRELIG :: White | Roman Catholic,FAMSURV26b_W50,4,"0.000000,0.000000,1.000000,0.000000"
mistral_instruct,RACExRELIG,RACExRELIG :: Asian | Agnostic,FAMSURV27c_W50,4,"0.000000,0.000000,0.989672,0.010328"
mistral_instruct,RACExRELIG,RACExRELIG :: Asian | Hindu,FAMSURV27c_W50,4,"0.000000,0.000000,0.916109,0.083890"
mistral_instruct,RACExRELIG,RACExRELIG :: Asian | Nothing in particular,FAMSURV27c_W50,4,"0.000000,0.000000,0.000000,1.000000"
mistral_instruct,RACExRELIG,RACExRELIG :: Black | Nothing in particular,FAMSURV27c_W50,4,"0.000000,0.000000,0.000000,1.000000"
mistral_instruct,RACExRELIG,RACExRELIG :: Black | Protestant,FAMSURV27c_W50,4,"0.000000,0.000000,1.000000,0.000000"
mistral_instruct,RACExRELIG,RACExRELIG :: Black | Roman Catholic,FAMSURV27c_W50,4,"0.000000,0.000000,0.999999,0.000001"
mistral_instruct,RACExRELIG,RACExRELIG :: Hispanic | Nothing in particular,FAMSURV27c_W50,4,"0.000000,0.000000,0.000000,1.000000"
mistral_instruct,RACExRELIG,RACExRELIG :: Hispanic | Protestant,FAMSURV27c_W50,4,"0.000000,0.000000,1.000000,0.000000"
mistral_instruct,RACExRELIG,RACExRELIG :: Hispanic | Roman Catholic,FAMSURV27c_W50,4,"0.000000,0.000000,0.999994,0.000006"
mistral_instruct,RACExRELIG,RACExRELIG :: Mixed Race | Nothing in particular,FAMSURV27c_W50,4,"0.000000,0.000000,0.000000,1.000000"
mistral_instruct,RACExRELIG,RACExRELIG :: Mixed Race | Protestant,FAMSURV27c_W50,4,"0.000000,0.000000,1.000000,0.000000"
mistral_instruct,RACExRELIG,RACExRELIG :: Refused | Protestant,FAMSURV27c_W50,4,"0.000003,0.000000,0.994485,0.005512"
mistral_instruct,RACExRELIG,RACExRELIG :: White | Agnostic,FAMSURV27c_W50,4,"0.000000,0.000000,0.999988,0.000012"
mistral_instruct,RACExRELIG,RACExRELIG :: White | Atheist,FAMSURV27c_W50,4,"0.000000,0.000000,0.000000,1.000000"
mistral_instruct,RACExRELIG,RACExRELIG :: White | Jewish,FAMSURV27c_W50,4,"0.000000,0.000000,0.999997,0.000003"
mistral_instruct,RACExRELIG,RACExRELIG :: White | Mormon,FAMSURV27c_W50,4,"0.000000,0.000000,0.999999,0.000001"
mistral_instruct,RACExRELIG,RACExRELIG :: White | Nothing in particular,FAMSURV27c_W50,4,"0.000000,0.000000,0.000000,1.000000"
mistral_instruct,RACExRELIG,RACExRELIG :: White | Orthodox,FAMSURV27c_W50,4,"0.000000,0.000000,0.999991,0.000009"
mistral_instruct,RACExRELIG,RACExRELIG :: White | Other,FAMSURV27c_W50,4,"0.000000,0.000000,0.002360,0.997640"
mistral_instruct,RACExRELIG,RACExRELIG :: White | Protestant,FAMSURV27c_W50,4,"0.000000,0.000000,1.000000,0.000000"
mistral_instruct,RACExRELIG,RACExRELIG :: White | Roman Catholic,FAMSURV27c_W50,4,"0.000000,0.000000,1.000000,0.000000"
mistral_instruct,RACExRELIG,RACExRELIG :: Asian | Agnostic,FAMSURV27d_W50,4,"0.000000,0.000000,0.999879,0.000121"
mistral_instruct,RACExRELIG,RACExRELIG :: Asian | Hindu,FAMSURV27d_W50,4,"0.000000,0.000000,0.919642,0.080357"
mistral_instruct,RACExRELIG,RACExRELIG :: Asian | Nothing in particular,FAMSURV27d_W50,4,"0.000000,0.000000,0.000000,1.000000"
mistral_instruct,RACExRELIG,RACExRELIG :: Black | Nothing in particular,FAMSURV27d_W50,4,"0.000000,0.000000,0.000000,1.000000"
mistral_instruct,RACExRELIG,RACExRELIG :: Black | Protestant,FAMSURV27d_W50,4,"0.000000,0.000000,1.000000,0.000001"
mistral_instruct,RACExRELIG,RACExRELIG :: Black | Roman Catholic,FAMSURV27d_W50,4,"0.000000,0.000000,0.999998,0.000002"
mistral_instruct,RACExRELIG,RACExRELIG :: Hispanic | Nothing in particular,FAMSURV27d_W50,4,"0.000000,0.000000,0.000000,1.000000"
mistral_instruct,RACExRELIG,RACExRELIG :: Hispanic | Protestant,FAMSURV27d_W50,4,"0.000000,0.000000,1.000000,0.000000"
mistral_instruct,RACExRELIG,RACExRELIG :: Hispanic | Roman Catholic,FAMSURV27d_W50,4,"0.000000,0.000000,0.999995,0.000005"
mistral_instruct,RACExRELIG,RACExRELIG :: Mixed Race | Nothing in particular,FAMSURV27d_W50,4,"0.000000,0.000000,0.000000,1.000000"
mistral_instruct,RACExRELIG,RACExRELIG :: Mixed Race | Protestant,FAMSURV27d_W50,4,"0.000000,0.000000,1.000000,0.000000"
mistral_instruct,RACExRELIG,RACExRELIG :: Refused | Protestant,FAMSURV27d_W50,4,"0.000003,0.000000,0.987756,0.012241"
mistral_instruct,RACExRELIG,RACExRELIG :: White | Agnostic,FAMSURV27d_W50,4,"0.000000,0.000000,0.999999,0.000001"
mistral_instruct,RACExRELIG,RACExRELIG :: White | Atheist,FAMSURV27d_W50,4,"0.000000,0.000000,0.000000,1.000000"
mistral_instruct,RACExRELIG,RACExRELIG :: White | Jewish,FAMSURV27d_W50,4,"0.000000,0.000000,0.999974,0.000026"
mistral_instruct,RACExRELIG,RACExRELIG :: White | Mormon,FAMSURV27d_W50,4,"0.000000,0.000000,0.999997,0.000003"
mistral_instruct,RACExRELIG,RACExRELIG :: White | Nothing in particular,FAMSURV27d_W50,4,"0.000000,0.000000,0.000000,1.000000"
mistral_instruct,RACExRELIG,RACExRELIG :: White | Orthodox,FAMSURV27d_W50,4,"0.000000,0.000000,0.999980,0.000020"
mistral_instruct,RACExRELIG,RACExRELIG :: White | Other,FAMSURV27d_W50,4,"0.000000,0.000000,0.001636,0.998364"
mistral_instruct,RACExRELIG,RACExRELIG :: White | Protestant,FAMSURV27d_W50,4,"0.000000,0.000000,1.000000,0.000000"
mistral_instruct,RACExRELIG,RACExRELIG :: White | Roman Catholic,FAMSURV27d_W50,4,"0.000000,0.000000,1.000000,0.000000"
mistral_instruct,RACExRELIG,RACExRELIG :: Asian | Agnostic,FAMSURV28_W50,2,"0.999986,0.000014"
mistral_instruct,RACExRELIG,RACExRELIG :: Asian | Hindu,FAMSURV28_W50,2,"1.000000,0.000000"
mistral_instruct,RACExRELIG,RACExRELIG :: Asian | Nothing in particular,FAMSURV28_W50,2,"0.997695,0.002305"
mistral_instruct,RACExRELIG,RACExRELIG :: Asian | Protestant,FAMSURV28_W50,2,"1.000000,0.000000"
mistral_instruct,RACExRELIG,RACExRELIG :: Black | Nothing in particular,FAMSURV28_W50,2,"0.991554,0.008446"
mistral_instruct,RACExRELIG,RACExRELIG :: Black | Protestant,FAMSURV28_W50,2,"1.000000,0.000000"
mistral_instruct,RACExRELIG,RACExRELIG :: Black | Roman Catholic,FAMSURV28_W50,2,"1.000000,0.000000"
mistral_instruct,RACExRELIG,RACExRELIG :: Hispanic | Nothing in particular,FAMSURV28_W50,2,"0.997449,0.002551"
mistral_instruct,RACExRELIG,RACExRELIG :: Hispanic | Protestant,FAMSURV28_W50,2,"1.000000,0.000000"
mistral_instruct,RACExRELIG,RACExRELIG :: Hispanic | Roman Catholic,FAMSURV28_W50,2,"1.000000,0.000000"
mistral_instruct,RACExRELIG,RACExRELIG :: Mixed Race | Nothing in particular,FAMSURV28_W50,2,"0.972204,0.027796"
mistral_instruct,RACExRELIG,RACExRELIG :: Mixed Race | Protestant,FAMSURV28_W50,2,"1.000000,0.000000"
mistral_instruct,RACExRELIG,RACExRELIG :: Mixed Race | Roman Catholic,FAMSURV28_W50,2,"1.000000,0.000000"
mistral_instruct,RACExRELIG,RACExRELIG :: Refused | Protestant,FAMSURV28_W50,2,"0.999905,0.000095"
mistral_instruct,RACExRELIG,RACExRELIG :: White | Agnostic,FAMSURV28_W50,2,"0.999962,0.000038"
mistral_instruct,RACExRELIG,RACExRELIG :: White | Atheist,FAMSURV28_W50,2,"0.324235,0.675765"
mistral_instruct,RACExRELIG,RACExRELIG :: White | Buddhist,FAMSURV28_W50,2,"1.000000,0.000000"
mistral_instruct,RACExRELIG,RACExRELIG :: White | Jewish,FAMSURV28_W50,2,"1.000000,0.000000"
mistral_instruct,RACExRELIG,RACExRELIG :: White | Mormon,FAMSURV28_W50,2,"1.000000,0.000000"
mistral_instruct,RACExRELIG,RACExRELIG :: White | Nothing in particular,FAMSURV28_W50,2,"0.773216,0.226784"
mistral_instruct,RACExRELIG,RACExRELIG :: White | Orthodox,FAMSURV28_W50,2,"1.000000,0.000000"
mistral_instruct,RACExRELIG,RACExRELIG :: White | Other,FAMSURV28_W50,2,"0.999993,0.000007"
mistral_instruct,RACExRELIG,RACExRELIG :: White | Protestant,FAMSURV28_W50,2,"1.000000,0.000000"
mistral_instruct,RACExRELIG,RACExRELIG :: White | Roman Catholic,FAMSURV28_W50,2,"1.000000,0.000000"
mistral_instruct,RACExRELIG,RACExRELIG :: Asian | Agnostic,FAMSURV2Mb_W50,3,"0.000000,1.000000,0.000000"
mistral_instruct,RACExRELIG,RACExRELIG :: Asian | Hindu,FAMSURV2Mb_W50,3,"0.000038,0.999953,0.000009"
mistral_instruct,RACExRELIG,RACExRELIG :: Asian | Nothing in particular,FAMSURV2Mb_W50,3,"0.000000,0.000000,1.000000"
mistral_instruct,RACExRELIG,RACExRELIG :: Asian | Protestant,FAMSURV2Mb_W50,3,"0.000003,0.999996,0.000000"
mistral_instruct,RACExRELIG,RACExRELIG :: Black | Nothing in particular,FAMSURV2Mb_W50,3,"0.000000,0.000000,1.000000"
mistral_instruct,RACExRELIG,RACExRELIG :: Black | Protestant,FAMSURV2Mb_W50,3,"0.000001,0.999999,0.000000"
mistral_instruct,RACExRELIG,RACExRELIG :: Black | Roman Catholic,FAMSURV2Mb_W50,3,"0.000001,0.999999,0.000000"
mistral_instruct,RACExRELIG,RACExRELIG :: Hispanic | Nothing in particular,FAMSURV2Mb_W50,3,"0.000000,0.000000,1.000000"
mistral_instruct,RACExRELIG,RACExRELIG :: Hispanic | Protestant,FAMSURV2Mb_W50,3,"0.000001,0.999999,0.000000"
mistral_instruct,RACExRELIG,RACExRELIG :: Hispanic | Roman Catholic,FAMSURV2Mb_W50,3,"0.000002,0.999998,0.000000"
mistral_instruct,RACExRELIG,RACExRELIG :: Mixed Race | Nothing in particular,FAMSURV2Mb_W50,3,"0.000008,0.542859,0.457133"
mistral_instruct,RACExRELIG,RACExRELIG :: Mixed Race | Protestant,FAMSURV2Mb_W50,3,"0.000001,0.999999,0.000000"
mistral_instruct,RACExRELIG,RACExRELIG :: Mixed Race | Roman Catholic,FAMSURV2Mb_W50,3,"0.000001,0.999999,0.000000"
mistral_instruct,RACExRELIG,RACExRELIG :: Refused | Protestant,FAMSURV2Mb_W50,3,"0.000001,0.999995,0.000004"
mistral_instruct,RACExRELIG,RACExRELIG :: White | Agnostic,FAMSURV2Mb_W50,3,"0.000000,1.000000,0.000000"
mistral_instruct,RACExRELIG,RACExRELIG :: White | Atheist,FAMSURV2Mb_W50,3,"0.000000,0.000000,1.000000"
mistral_instruct,RACExRELIG,RACExRELIG :: White | Buddhist,FAMSURV2Mb_W50,3,"0.000001,0.999998,0.000000"
mistral_instruct,RACExRELIG,RACExRELIG :: White | Jewish,FAMSURV2Mb_W50,3,"0.000001,0.999999,0.000000"
mistral_instruct,RACExRELIG,RACExRELIG :: White | Mormon,FAMSURV2Mb_W50,3,"0.000001,0.999999,0.000000"
mistral_instruct,RACExRELIG,RACExRELIG :: White | Nothing in particular,FAMSURV2Mb_W50,3,"0.000000,0.000000,1.000000"
mistral_instruct,RACExRELIG,RACExRELIG :: White | Orthodox,FAMSURV2Mb_W50,3,"0.000002,0.999998,0.000000"
mistral_instruct,RACExRELIG,RACExRELIG :: White | Other,FAMSURV2Mb_W50,3,"0.000000,0.999999,0.000000"
mistral_instruct,RACExRELIG,RACExRELIG :: White | Protestant,FAMSURV2Mb_W50,3,"0.000001,0.999999,0.000000"
mistral_instruct,RACExRELIG,RACExRELIG :: White | Roman Catholic,FAMSURV2Mb_W50,3,"0.000001,0.999999,0.000000"
mistral_instruct,RACExRELIG,RACExRELIG :: Asian | Agnostic,FAMSURV32e_W50,4,"0.008040,0.002155,0.989204,0.000601"
mistral_instruct,RACExRELIG,RACExRELIG :: Asian | Hindu,FAMSURV32e_W50,4,"0.013621,0.000745,0.985244,0.000390"
mistral_instruct,RACExRELIG,RACExRELIG :: Asian | Nothing in particular,FAMSURV32e_W50,4,"0.008905,0.000236,0.989844,0.001015"
mistral_instruct,RACExRELIG,RACExRELIG :: Asian | Protestant,FAMSURV32e_W50,4,"0.035138,0.003399,0.960910,0.000554"
mistral_instruct,RACExRELIG,RACExRELIG :: Black | Nothing in particular,FAMSURV32e_W50,4,"0.001372,0.000046,0.998291,0.000291"
mistral_instruct,RACExRELIG,RACExRELIG :: Black | Protestant,FAMSURV32e_W50,4,"0.020146,0.001303,0.978318,0.000232"
mistral_instruct,RACExRELIG,RACExRELIG :: Black | Roman Catholic,FAMSURV32e_W50,4,"0.001882,0.000092,0.997969,0.000057"
mistral_instruct,RACExRELIG,RACExRELIG :: Hispanic | Nothing in particular,FAMSURV32e_W50,4,"0.004715,0.000031,0.994663,0.000590"
mistral_instruct,RACExRELIG,RACExRELIG :: Hispanic | Protestant,FAMSURV32e_W50,4,"0.013361,0.000885,0.985450,0.000305"
mistral_instruct,RACExRELIG,RACExRELIG :: Hispanic | Roman Catholic,FAMSURV32e_W50,4,"0.008186,0.000104,0.991547,0.000163"
mistral_instruct,RACExRELIG,RACExRELIG :: Mixed Race | Nothing in particular,FAMSURV32e_W50,4,"0.024935,0.000394,0.969150,0.005520"
mistral_instruct,RACExRELIG,RACExRELIG :: Mixed Race | Protestant,FAMSURV32e_W50,4,"0.018079,0.005365,0.975597,0.000958"
mistral_instruct,RACExRELIG,RACExRELIG :: Mixed Race | Roman Catholic,FAMSURV32e_W50,4,"0.004902,0.000461,0.994393,0.000244"
mistral_instruct,RACExRELIG,RACExRELIG :: Refused | Protestant,FAMSURV32e_W50,4,"0.000785,0.000003,0.999173,0.000038"
mistral_instruct,RACExRELIG,RACExRELIG :: White | Agnostic,FAMSURV32e_W50,4,"0.113495,0.004392,0.878868,0.003245"
mistral_instruct,RACExRELIG,RACExRELIG :: White | Atheist,FAMSURV32e_W50,4,"0.786530,0.000008,0.213352,0.000110"
mistral_instruct,RACExRELIG,RACExRELIG :: White | Buddhist,FAMSURV32e_W50,4,"0.042530,0.004034,0.952980,0.000456"
mistral_instruct,RACExRELIG,RACExRELIG :: White | Jewish,FAMSURV32e_W50,4,"0.882148,0.000226,0.117535,0.000091"
mistral_instruct,RACExRELIG,RACExRELIG :: White | Mormon,FAMSURV32e_W50,4,"0.999897,0.000000,0.000102,0.000000"
mistral_instruct,RACExRELIG,RACExRELIG :: White | Nothing in particular,FAMSURV32e_W50,4,"0.040866,0.000435,0.955886,0.002814"
mistral_instruct,RACExRELIG,RACExRELIG :: White | Orthodox,FAMSURV32e_W50,4,"0.975375,0.000009,0.024610,0.000006"
mistral_instruct,RACExRELIG,RACExRELIG :: White | Other,FAMSURV32e_W50,4,"0.023364,0.001409,0.974235,0.000993"
mistral_instruct,RACExRELIG,RACExRELIG :: White | Protestant,FAMSURV32e_W50,4,"0.506849,0.001077,0.491255,0.000819"
mistral_instruct,RACExRELIG,RACExRELIG :: White | Roman Catholic,FAMSURV32e_W50,4,"0.067024,0.000206,0.932493,0.000278"
mistral_instruct,RACExRELIG,RACExRELIG :: Asian | Hindu,FINANCEa_W54,2,"1.000000,0.000000"
mistral_instruct,RACExRELIG,RACExRELIG :: Asian | Nothing in particular,FINANCEa_W54,2,"1.000000,0.000000"
mistral_instruct,RACExRELIG,RACExRELIG :: Black | Nothing in particular,FINANCEa_W54,2,"0.999980,0.000020"
mistral_instruct,RACExRELIG,RACExRELIG :: Black | Protestant,FINANCEa_W54,2,"1.000000,0.000000"
mistral_instruct,RACExRELIG,RACExRELIG :: Black | Roman Catholic,FINANCEa_W54,2,"1.000000,0.000000"
mistral_instruct,RACExRELIG,RACExRELIG :: Hispanic | Nothing in particular,FINANCEa_W54,2,"0.852935,0.147065"
mistral_instruct,RACExRELIG,RACExRELIG :: Hispanic | Protestant,FINANCEa_W54,2,"1.000000,0.000000"
mistral_instruct,RACExRELIG,RACExRELIG :: Hispanic | Roman Catholic,FINANCEa_W54,2,"1.000000,0.000000"
mistral_instruct,RACExRELIG,RACExRELIG :: Mixed Race | Nothing in particular,FINANCEa_W54,2,"1.000000,0.000000"
mistral_instruct,RACExRELIG,RACExRELIG :: Mixed Race | Protestant,FINANCEa_W54,2,"1.000000,0.000000"
mistral_instruct,RACExRELIG,RACExRELIG :: Refused | Protestant,FINANCEa_W54,2,"1.000000,0.000000"
mistral_instruct,RACExRELIG,RACExRELIG :: White | Agnostic,FINANCEa_W54,2,"1.000000,0.000000"
mistral_instruct,RACExRELIG,RACExRELIG :: White | Atheist,FINANCEa_W54,2,"1.000000,0.000000"
mistral_instruct,RACExRELIG,RACExRELIG :: White | Jewish,FINANCEa_W54,2,"1.000000,0.000000"
mistral_instruct,RACExRELIG,RACExRELIG :: White | Mormon,FINANCEa_W54,2,"1.000000,0.000000"
mistral_instruct,RACExRELIG,RACExRELIG :: White | Nothing in particular,FINANCEa_W54,2,"0.823328,0.176672"
mistral_instruct,RACExRELIG,RACExRELIG :: White | Orthodox,FINANCEa_W54,2,"1.000000,0.000000"
mistral_instruct,RACExRELIG,RACExRELIG :: White | Other,FINANCEa_W54,2,"1.000000,0.000000"
mistral_instruct,RACExRELIG,RACExRELIG :: White | Protestant,FINANCEa_W54,2,"1.000000,0.000000"
mistral_instruct,RACExRELIG,RACExRELIG :: White | Roman Catholic,FINANCEa_W54,2,"1.000000,0.000000"
mistral_instruct,RACExRELIG,RACExRELIG :: Asian | Hindu,FINANCEc_W54,2,"1.000000,0.000000"
mistral_instruct,RACExRELIG,RACExRELIG :: Asian | Nothing in particular,FINANCEc_W54,2,"0.000323,0.999678"
mistral_instruct,RACExRELIG,RACExRELIG :: Black | Nothing in particular,FINANCEc_W54,2,"0.000013,0.999987"
mistral_instruct,RACExRELIG,RACExRELIG :: Black | Protestant,FINANCEc_W54,2,"1.000000,0.000000"
mistral_instruct,RACExRELIG,RACExRELIG :: Black | Roman Catholic,FINANCEc_W54,2,"1.000000,0.000000"
mistral_instruct,RACExRELIG,RACExRELIG :: Hispanic | Nothing in particular,FINANCEc_W54,2,"0.000011,0.999989"
mistral_instruct,RACExRELIG,RACExRELIG :: Hispanic | Protestant,FINANCEc_W54,2,"1.000000,0.000000"
mistral_instruct,RACExRELIG,RACExRELIG :: Hispanic | Roman Catholic,FINANCEc_W54,2,"1.000000,0.000000"
mistral_instruct,RACExRELIG,RACExRELIG :: Mixed Race | Nothing in particular,FINANCEc_W54,2,"0.001142,0.998857"
mistral_instruct,RACExRELIG,RACExRELIG :: Mixed Race | Protestant,FINANCEc_W54,2,"1.000000,0.000000"
mistral_instruct,RACExRELIG,RACExRELIG :: Refused | Protestant,FINANCEc_W54,2,"0.999998,0.000002"
mistral_instruct,RACExRELIG,RACExRELIG :: White | Agnostic,FINANCEc_W54,2,"0.956634,0.043366"
mistral_instruct,RACExRELIG,RACExRELIG :: White | Atheist,FINANCEc_W54,2,"0.998976,0.001024"
mistral_instruct,RACExRELIG,RACExRELIG :: White | Jewish,FINANCEc_W54,2,"1.000000,0.000000"
mistral_instruct,RACExRELIG,RACExRELIG :: White | Mormon,FINANCEc_W54,2,"1.000000,0.000000"
mistral_instruct,RACExRELIG,RACExRELIG :: White | Nothing in particular,FINANCEc_W54,2,"0.000002,0.999998"
mistral_instruct,RACExRELIG,RACExRELIG :: White | Orthodox,FINANCEc_W54,2,"1.000000,0.000000"
mistral_instruct,RACExRELIG,RACExRELIG :: White | Other,FINANCEc_W54,2,"1.000000,0.000000"
mistral_instruct,RACExRELIG,RACExRELIG :: White | Protestant,FINANCEc_W54,2,"1.000000,0.000000"
mistral_instruct,RACExRELIG,RACExRELIG :: White | Roman Catholic,FINANCEc_W54,2,"1.000000,0.000000"
mistral_instruct,RACExRELIG,RACExRELIG :: Asian | Agnostic,GOVSIZE1_W92,2,"1.000000,0.000000"
mistral_instruct,RACExRELIG,RACExRELIG :: Asian | Hindu,GOVSIZE1_W92,2,"0.999998,0.000002"
mistral_instruct,RACExRELIG,RACExRELIG :: Asian | Nothing in particular,GOVSIZE1_W92,2,"0.999999,0.000001"
mistral_instruct,RACExRELIG,RACExRELIG :: Asian | Protestant,GOVSIZE1_W92,2,"1.000000,0.000000"
mistral_instruct,RACExRELIG,RACExRELIG :: Asian | Roman Catholic,GOVSIZE1_W92,2,"0.999075,0.000925"
mistral_instruct,RACExRELIG,RACExRELIG :: Black | Nothing in particular,GOVSIZE1_W92,2,"0.999996,0.000004"
mistral_instruct,RACExRELIG,RACExRELIG :: Black | Protestant,GOVSIZE1_W92,2,"0.999990,0.000010"
mistral_instruct,RACExRELIG,RACExRELIG :: Black | Roman Catholic,GOVSIZE1_W92,2,"0.253861,0.746139"
mistral_instruct,RACExRELIG,RACExRELIG :: Hispanic | Nothing in particular,GOVSIZE1_W92,2,"0.999986,0.000014"
mistral_instruct,RACExRELIG,RACExRELIG :: Hispanic | Protestant,GOVSIZE1_W92,2,"1.000000,0.000000"
mistral_instruct,RACExRELIG,RACExRELIG :: Hispanic | Roman Catholic,GOVSIZE1_W92,2,"0.775945,0.224055"
mistral_instruct,RACExRELIG,RACExRELIG :: Mixed Race | Nothing in particular,GOVSIZE1_W92,2,"0.999030,0.000970"
mistral_instruct,RACExRELIG,RACExRELIG :: Mixed Race | Protestant,GOVSIZE1_W92,2,"0.999996,0.000004"
mistral_instruct,RACExRELIG,RACExRELIG :: Other | Protestant,GOVSIZE1_W92,2,"1.000000,0.000000"
mistral_instruct,RACExRELIG,RACExRELIG :: Refused | Protestant,GOVSIZE1_W92,2,"1.000000,0.000000"
mistral_instruct,RACExRELIG,RACExRELIG :: White | Agnostic,GOVSIZE1_W92,2,"1.000000,0.000000"
mistral_instruct,RACExRELIG,RACExRELIG :: White | Atheist,GOVSIZE1_W92,2,"1.000000,0.000000"
mistral_instruct,RACExRELIG,RACExRELIG :: White | Buddhist,GOVSIZE1_W92,2,"0.999997,0.000003"
mistral_instruct,RACExRELIG,RACExRELIG :: White | Jewish,GOVSIZE1_W92,2,"0.999999,0.000001"
mistral_instruct,RACExRELIG,RACExRELIG :: White | Mormon,GOVSIZE1_W92,2,"1.000000,0.000000"
mistral_instruct,RACExRELIG,RACExRELIG :: White | Nothing in particular,GOVSIZE1_W92,2,"1.000000,0.000000"
mistral_instruct,RACExRELIG,RACExRELIG :: White | Orthodox,GOVSIZE1_W92,2,"1.000000,0.000000"
mistral_instruct,RACExRELIG,RACExRELIG :: White | Other,GOVSIZE1_W92,2,"1.000000,0.000000"
mistral_instruct,RACExRELIG,RACExRELIG :: White | Protestant,GOVSIZE1_W92,2,"1.000000,0.000000"
mistral_instruct,RACExRELIG,RACExRELIG :: White | Roman Catholic,GOVSIZE1_W92,2,"0.999798,0.000202"
mistral_instruct,RACExRELIG,RACExRELIG :: Asian | Agnostic,IDIMPORT_W43,5,"0.000000,0.000000,0.000000,1.000000,0.000000"
mistral_instruct,RACExRELIG,RACExRELIG :: Asian | Hindu,IDIMPORT_W43,5,"0.000000,0.000000,0.000019,0.999980,0.000001"
mistral_instruct,RACExRELIG,RACExRELIG :: Asian | Nothing in particular,IDIMPORT_W43,5,"0.000000,0.000000,0.000000,0.859664,0.140336"
mistral_instruct,RACExRELIG,RACExRELIG :: Asian | Protestant,IDIMPORT_W43,5,"0.000000,0.000000,0.000003,0.999997,0.000000"
mistral_instruct,RACExRELIG,RACExRELIG :: Asian | Roman Catholic,IDIMPORT_W43,5,"0.000000,0.000000,0.000448,0.999552,0.000000"
mistral_instruct,RACExRELIG,RACExRELIG :: Black | Nothing in particular,IDIMPORT_W43,5,"0.000000,0.000000,0.000000,0.988842,0.011158"
mistral_instruct,RACExRELIG,RACExRELIG :: Black | Protestant,IDIMPORT_W43,5,"0.000002,0.000000,0.997878,0.002116,0.000004"
mistral_instruct,RACExRELIG,RACExRELIG :: Black | Roman Catholic,IDIMPORT_W43,5,"0.000003,0.000000,0.885622,0.114367,0.000007"
mistral_instruct,RACExRELIG,RACExRELIG :: Hispanic | Agnostic,IDIMPORT_W43,5,"0.000000,0.000000,0.000000,1.000000,0.000000"
mistral_instruct,RACExRELIG,RACExRELIG :: Hispanic | Atheist,IDIMPORT_W43,5,"0.000000,0.000000,0.000000,0.999930,0.000070"
mistral_instruct,RACExRELIG,RACExRELIG :: Hispanic | Nothing in particular,IDIMPORT_W43,5,"0.000000,0.000000,0.000000,0.932453,0.067547"
mistral_instruct,RACExRELIG,RACExRELIG :: Hispanic | Protestant,IDIMPORT_W43,5,"0.000001,0.000000,0.106689,0.893296,0.000014"
mistral_instruct,RACExRELIG,RACExRELIG :: Hispanic | Roman Catholic,IDIMPORT_W43,5,"0.000001,0.000000,0.991287,0.008711,0.000001"
mistral_instruct,RACExRELIG,RACExRELIG :: Other | Nothing in particular,IDIMPORT_W43,5,"0.000000,0.000000,0.000000,0.000001,0.999999"
mistral_instruct,RACExRELIG,RACExRELIG :: Other | Protestant,IDIMPORT_W43,5,"0.000000,0.000000,0.000000,0.999816,0.000184"
mistral_instruct,RACExRELIG,RACExRELIG :: White | Agnostic,IDIMPORT_W43,5,"0.000000,0.000000,0.000000,1.000000,0.000000"
mistral_instruct,RACExRELIG,RACExRELIG :: White | Atheist,IDIMPORT_W43,5,"0.000000,0.000000,0.000000,0.998968,0.001032"
mistral_instruct,RACExRELIG,RACExRELIG :: White | Jewish,IDIMPORT_W43,5,"0.000009,0.000000,0.377285,0.622037,0.000668"
mistral_instruct,RACExRELIG,RACExRELIG :: White | Mormon,IDIMPORT_W43,5,"0.000000,0.000000,0.000000,1.000000,0.000000"
mistral_instruct,RACExRELIG,RACExRELIG :: White | Nothing in particular,IDIMPORT_W43,5,"0.000000,0.000000,0.000000,0.001988,0.998012"
mistral_instruct,RACExRELIG,RACExRELIG :: White | Other,IDIMPORT_W43,5,"0.000000,0.000000,0.000000,0.994531,0.005469"
mistral_instruct,RACExRELIG,RACExRELIG :: White | Protestant,IDIMPORT_W43,5,"0.000000,0.000000,0.000000,1.000000,0.000000"
mistral_instruct,RACExRELIG,RACExRELIG :: White | Roman Catholic,IDIMPORT_W43,5,"0.000000,0.000000,0.000000,1.000000,0.000000"
mistral_instruct,RACExRELIG,RACExRELIG :: Asian | Hindu,INEQ10_W54,2,"1.000000,0.000000"
mistral_instruct,RACExRELIG,RACExRELIG :: Asian | Nothing in particular,INEQ10_W54,2,"0.125923,0.874077"
mistral_instruct,RACExRELIG,RACExRELIG :: Black | Nothing in particular,INEQ10_W54,2,"0.999997,0.000003"
mistral_instruct,RACExRELIG,RACExRELIG :: Black | Protestant,INEQ10_W54,2,"1.000000,0.000000"
mistral_instruct,RACExRELIG,RACExRELIG :: Black | Roman Catholic,INEQ10_W54,2,"1.000000,0.000000"
mistral_instruct,RACExRELIG,RACExRELIG :: Hispanic | Nothing in particular,INEQ10_W54,2,"0.093347,0.906653"
mistral_instruct,RACExRELIG,RACExRELIG :: Hispanic | Protestant,INEQ10_W54,2,"1.000000,0.000000"
mistral_instruct,RACExRELIG,RACExRELIG :: Hispanic | Roman Catholic,INEQ10_W54,2,"1.000000,0.000000"
mistral_instruct,RACExRELIG,RACExRELIG :: Mixed Race | Nothing in particular,INEQ10_W54,2,"0.995095,0.004905"
mistral_instruct,RACExRELIG,RACExRELIG :: Mixed Race | Protestant,INEQ10_W54,2,"1.000000,0.000000"
mistral_instruct,RACExRELIG,RACExRELIG :: Refused | Protestant,INEQ10_W54,2,"0.996205,0.003795"
mistral_instruct,RACExRELIG,RACExRELIG :: White | Agnostic,INEQ10_W54,2,"1.000000,0.000000"
mistral_instruct,RACExRELIG,RACExRELIG :: White | Atheist,INEQ10_W54,2,"1.000000,0.000000"
mistral_instruct,RACExRELIG,RACExRELIG :: White | Jewish,INEQ10_W54,2,"1.000000,0.000000"
mistral_instruct,RACExRELIG,RACExRELIG :: White | Mormon,INEQ10_W54,2,"0.000000,1.000000"
mistral_instruct,RACExRELIG,RACExRELIG :: White | Nothing in particular,INEQ10_W54,2,"0.000729,0.999271"
mistral_instruct,RACExRELIG,RACExRELIG :: White | Orthodox,INEQ10_W54,2,"1.000000,0.000000"
mistral_instruct,RACExRELIG,RACExRELIG :: White | Other,INEQ10_W54,2,"0.999911,0.000089"
mistral_instruct,RACExRELIG,RACExRELIG :: White | Protestant,INEQ10_W54,2,"0.999997,0.000003"
mistral_instruct,RACExRELIG,RACExRELIG :: White | Roman Catholic,INEQ10_W54,2,"1.000000,0.000000"
mistral_instruct,RACExRELIG,RACExRELIG :: Asian | Hindu,INEQ2_W54,2,"1.000000,0.000000"
mistral_instruct,RACExRELIG,RACExRELIG :: Asian | Nothing in particular,INEQ2_W54,2,"1.000000,0.000000"
mistral_instruct,RACExRELIG,RACExRELIG :: Black | Nothing in particular,INEQ2_W54,2,"1.000000,0.000000"
mistral_instruct,RACExRELIG,RACExRELIG :: Black | Protestant,INEQ2_W54,2,"1.000000,0.000000"
mistral_instruct,RACExRELIG,RACExRELIG :: Black | Roman Catholic,INEQ2_W54,2,"1.000000,0.000000"
mistral_instruct,RACExRELIG,RACExRELIG :: Hispanic | Nothing in particular,INEQ2_W54,2,"1.000000,0.000000"
mistral_instruct,RACExRELIG,RACExRELIG :: Hispanic | Protestant,INEQ2_W54,2,"1.000000,0.000000"
mistral_instruct,RACExRELIG,RACExRELIG :: Hispanic | Roman Catholic,INEQ2_W54,2,"1.000000,0.000000"
mistral_instruct,RACExRELIG,RACExRELIG :: Mixed Race | Nothing in particular,INEQ2_W54,2,"1.000000,0.000000"
mistral_instruct,RACExRELIG,RACExRELIG :: Mixed Race | Protestant,INEQ2_W54,2,"1.000000,0.000000"
mistral_instruct,RACExRELIG,RACExRELIG :: Refused | Protestant,INEQ2_W54,2,"1.000000,0.000000"
mistral_instruct,RACExRELIG,RACExRELIG :: White | Agnostic,INEQ2_W54,2,"1.000000,0.000000"
mistral_instruct,RACExRELIG,RACExRELIG :: White | Atheist,INEQ2_W54,2,"1.000000,0.000000"
mistral_instruct,RACExRELIG,RACExRELIG :: White | Jewish,INEQ2_W54,2,"1.000000,0.000000"
mistral_instruct,RACExRELIG,RACExRELIG :: White | Mormon,INEQ2_W54,2,"1.000000,0.000000"
mistral_instruct,RACExRELIG,RACExRELIG :: White | Nothing in particular,INEQ2_W54,2,"1.000000,0.000000"
mistral_instruct,RACExRELIG,RACExRELIG :: White | Orthodox,INEQ2_W54,2,"1.000000,0.000000"
mistral_instruct,RACExRELIG,RACExRELIG :: White | Other,INEQ2_W54,2,"1.000000,0.000000"
mistral_instruct,RACExRELIG,RACExRELIG :: White | Protestant,INEQ2_W54,2,"1.000000,0.000000"
mistral_instruct,RACExRELIG,RACExRELIG :: White | Roman Catholic,INEQ2_W54,2,"1.000000,0.000000"
mistral_instruct,RACExRELIG,RACExRELIG :: Asian | Hindu,INEQ5_k_W54,4,"1.000000,0.000000,0.000000,0.000000"
mistral_instruct,RACExRELIG,RACExRELIG :: Asian | Nothing in particular,INEQ5_k_W54,4,"0.000030,0.000000,0.000024,0.999946"
mistral_instruct,RACExRELIG,RACExRELIG :: Black | Nothing in particular,INEQ5_k_W54,4,"0.999991,0.000000,0.000000,0.000009"
mistral_instruct,RACExRELIG,RACExRELIG :: Black | Protestant,INEQ5_k_W54,4,"1.000000,0.000000,0.000000,0.000000"
mistral_instruct,RACExRELIG,RACExRELIG :: Black | Roman Catholic,INEQ5_k_W54,4,"1.000000,0.000000,0.000000,0.000000"
mistral_instruct,RACExRELIG,RACExRELIG :: Hispanic | Nothing in particular,INEQ5_k_W54,4,"0.000006,0.000000,0.000001,0.999994"
mistral_instruct,RACExRELIG,RACExRELIG :: Hispanic | Protestant,INEQ5_k_W54,4,"0.999933,0.000067,0.000000,0.000000"
mistral_instruct,RACExRELIG,RACExRELIG :: Hispanic | Roman Catholic,INEQ5_k_W54,4,"1.000000,0.000000,0.000000,0.000000"
mistral_instruct,RACExRELIG,RACExRELIG :: Mixed Race | Nothing in particular,INEQ5_k_W54,4,"1.000000,0.000000,0.000000,0.000000"
mistral_instruct,RACExRELIG,RACExRELIG :: Mixed Race | Protestant,INEQ5_k_W54,4,"1.000000,0.000000,0.000000,0.000000"
mistral_instruct,RACExRELIG,RACExRELIG :: Refused | Protestant,INEQ5_k_W54,4,"0.000487,0.000002,0.675434,0.324077"
mistral_instruct,RACExRELIG,RACExRELIG :: White | Agnostic,INEQ5_k_W54,4,"0.000823,0.388293,0.610870,0.000014"
mistral_instruct,RACExRELIG,RACExRELIG :: White | Atheist,INEQ5_k_W54,4,"0.000000,0.000000,1.000000,0.000000"
mistral_instruct,RACExRELIG,RACExRELIG :: White | Jewish,INEQ5_k_W54,4,"0.999670,0.000043,0.000287,0.000000"
mistral_instruct,RACExRELIG,RACExRELIG :: White | Mormon,INEQ5_k_W54,4,"0.000001,0.000017,0.999982,0.000000"
mistral_instruct,RACExRELIG,RACExRELIG :: White | Nothing in particular,INEQ5_k_W54,4,"0.000000,0.000000,0.999995,0.000005"
mistral_instruct,RACExRELIG,RACExRELIG :: White | Orthodox,INEQ5_k_W54,4,"0.000000,0.000000,1.000000,0.000000"
mistral_instruct,RACExRELIG,RACExRELIG :: White | Other,INEQ5_k_W54,4,"0.000002,0.000000,0.999997,0.000001"
mistral_instruct,RACExRELIG,RACExRELIG :: White | Protestant,INEQ5_k_W54,4,"0.000000,0.000000,1.000000,0.000000"
mistral_instruct,RACExRELIG,RACExRELIG :: White | Roman Catholic,INEQ5_k_W54,4,"0.000001,0.000041,0.999958,0.000000"
mistral_instruct,RACExRELIG,RACExRELIG :: Asian | Hindu,INEQ9_W54,2,"0.921922,0.078078"
mistral_instruct,RACExRELIG,RACExRELIG :: Asian | Nothing in particular,INEQ9_W54,2,"1.000000,0.000000"
mistral_instruct,RACExRELIG,RACExRELIG :: Black | Nothing in particular,INEQ9_W54,2,"1.000000,0.000000"
mistral_instruct,RACExRELIG,RACExRELIG :: Black | Protestant,INEQ9_W54,2,"1.000000,0.000000"
mistral_instruct,RACExRELIG,RACExRELIG :: Black | Roman Catholic,INEQ9_W54,2,"1.000000,0.000000"
mistral_instruct,RACExRELIG,RACExRELIG :: Hispanic | Nothing in particular,INEQ9_W54,2,"1.000000,0.000000"
mistral_instruct,RACExRELIG,RACExRELIG :: Hispanic | Protestant,INEQ9_W54,2,"1.000000,0.000000"
mistral_instruct,RACExRELIG,RACExRELIG :: Hispanic | Roman Catholic,INEQ9_W54,2,"1.000000,0.000000"
mistral_instruct,RACExRELIG,RACExRELIG :: Mixed Race | Nothing in particular,INEQ9_W54,2,"1.000000,0.000000"
mistral_instruct,RACExRELIG,RACExRELIG :: Mixed Race | Protestant,INEQ9_W54,2,"1.000000,0.000000"
mistral_instruct,RACExRELIG,RACExRELIG :: Refused | Protestant,INEQ9_W54,2,"1.000000,0.000000"
mistral_instruct,RACExRELIG,RACExRELIG :: White | Agnostic,INEQ9_W54,2,"1.000000,0.000000"
mistral_instruct,RACExRELIG,RACExRELIG :: White | Atheist,INEQ9_W54,2,"1.000000,0.000000"
mistral_instruct,RACExRELIG,RACExRELIG :: White | Jewish,INEQ9_W54,2,"1.000000,0.000000"
mistral_instruct,RACExRELIG,RACExRELIG :: White | Mormon,INEQ9_W54,2,"0.999842,0.000158"
mistral_instruct,RACExRELIG,RACExRELIG :: White | Nothing in particular,INEQ9_W54,2,"1.000000,0.000000"
mistral_instruct,RACExRELIG,RACExRELIG :: White | Orthodox,INEQ9_W54,2,"1.000000,0.000001"
mistral_instruct,RACExRELIG,RACExRELIG :: White | Other,INEQ9_W54,2,"1.000000,0.000000"
mistral_instruct,RACExRELIG,RACExRELIG :: White | Protestant,INEQ9_W54,2,"1.000000,0.000000"
mistral_instruct,RACExRELIG,RACExRELIG :: White | Roman Catholic,INEQ9_W54,2,"1.000000,0.000000"
mistral_instruct,RACExRELIG,RACExRELIG :: Asian | Agnostic,INSTN_K12_W92,2,"1.000000,0.000000"
mistral_instruct,RACExRELIG,RACExRELIG :: Asian | Hindu,INSTN_K12_W92,2,"1.000000,0.000000"
mistral_instruct,RACExRELIG,RACExRELIG :: Asian | Nothing in particular,INSTN_K12_W92,2,"0.999999,0.000001"
mistral_instruct,RACExRELIG,RACExRELIG :: Asian | Protestant,INSTN_K12_W92,2,"1.000000,0.000000"
mistral_instruct,RACExRELIG,RACExRELIG :: Asian | Roman Catholic,INSTN_K12_W92,2,"1.000000,0.000000"
mistral_instruct,RACExRELIG,RACExRELIG :: Black | Nothing in particular,INSTN_K12_W92,2,"0.704160,0.295840"
mistral_instruct,RACExRELIG,RACExRELIG :: Black | Protestant,INSTN_K12_W92,2,"1.000000,0.000000"
mistral_instruct,RACExRELIG,RACExRELIG :: Black | Roman Catholic,INSTN_K12_W92,2,"1.000000,0.000000"
mistral_instruct,RACExRELIG,RACExRELIG :: Hispanic | Nothing in particular,INSTN_K12_W92,2,"0.996949,0.003052"
mistral_instruct,RACExRELIG,RACExRELIG :: Hispanic | Protestant,INSTN_K12_W92,2,"1.000000,0.000000"
mistral_instruct,RACExRELIG,RACExRELIG :: Hispanic | Roman Catholic,INSTN_K12_W92,2,"1.000000,0.000000"
mistral_instruct,RACExRELIG,RACExRELIG :: Mixed Race | Nothing in particular,INSTN_K12_W92,2,"0.846958,0.153042"
mistral_instruct,RACExRELIG,RACExRELIG :: Mixed Race | Protestant,INSTN_K12_W92,2,"1.000000,0.000000"
mistral_instruct,RACExRELIG,RACExRELIG :: Other | Protestant,INSTN_K12_W92,2,"1.000000,0.000000"
mistral_instruct,RACExRELIG,RACExRELIG :: Refused | Protestant,INSTN_K12_W92,2,"1.000000,0.000000"
mistral_instruct,RACExRELIG,RACExRELIG :: White | Agnostic,INSTN_K12_W92,2,"0.999987,0.000013"
mistral_instruct,RACExRELIG,RACExRELIG :: White | Atheist,INSTN_K12_W92,2,"0.998840,0.001160"
mistral_instruct,RACExRELIG,RACExRELIG :: White | Buddhist,INSTN_K12_W92,2,"1.000000,0.000000"
mistral_instruct,RACExRELIG,RACExRELIG :: White | Jewish,INSTN_K12_W92,2,"1.000000,0.000000"
mistral_instruct,RACExRELIG,RACExRELIG :: White | Mormon,INSTN_K12_W92,2,"1.000000,0.000000"
mistral_instruct,RACExRELIG,RACExRELIG :: White | Nothing in particular,INSTN_K12_W92,2,"0.092033,0.907967"
mistral_instruct,RACExRELIG,RACExRELIG :: White | Orthodox,INSTN_K12_W92,2,"1.000000,0.000000"
mistral_instruct,RACExRELIG,RACExRELIG :: White | Other,INSTN_K12_W92,2,"1.000000,0.000000"
mistral_instruct,RACExRELIG,RACExRELIG :: White | Protestant,INSTN_K12_W92,2,"1.000000,0.000000"
mistral_instruct,RACExRELIG,RACExRELIG :: White | Roman Catholic,INSTN_K12_W92,2,"1.000000,0.000000"
mistral_instruct,RACExRELIG,RACExRELIG :: Asian | Agnostic,PAR2CHILDa_W92,3,"0.000000,0.000000,1.000000"
mistral_instruct,RACExRELIG,RACExRELIG :: Asian | Hindu,PAR2CHILDa_W92,3,"0.000005,0.000000,0.999995"
mistral_instruct,RACExRELIG,RACExRELIG :: Asian | Nothing in particular,PAR2CHILDa_W92,3,"0.000000,0.000000,1.000000"
mistral_instruct,RACExRELIG,RACExRELIG :: Asian | Protestant,PAR2CHILDa_W92,3,"0.000000,0.000000,1.000000"
mistral_instruct,RACExRELIG,RACExRELIG :: Asian | Roman Catholic,PAR2CHILDa_W92,3,"0.000141,0.000000,0.999859"
mistral_instruct,RACExRELIG,RACExRELIG :: Black | Nothing in particular,PAR2CHILDa_W92,3,"0.000000,0.000000,1.000000"
mistral_instruct,RACExRELIG,RACExRELIG :: Black | Protestant,PAR2CHILDa_W92,3,"0.000002,0.000000,0.999998"
mistral_instruct,RACExRELIG,RACExRELIG :: Black | Roman Catholic,PAR2CHILDa_W92,3,"0.032590,0.000000,0.967410"
mistral_instruct,RACExRELIG,RACExRELIG :: Hispanic | Nothing in particular,PAR2CHILDa_W92,3,"0.000000,0.000000,1.000000"
mistral_instruct,RACExRELIG,RACExRELIG :: Hispanic | Protestant,PAR2CHILDa_W92,3,"0.000001,0.000000,0.999999"
mistral_instruct,RACExRELIG,RACExRELIG :: Hispanic | Roman Catholic,PAR2CHILDa_W92,3,"0.998545,0.000000,0.001455"
mistral_instruct,RACExRELIG,RACExRELIG :: Mixed Race | Nothing in particular,PAR2CHILDa_W92,3,"0.000000,0.000000,1.000000"
mistral_instruct,RACExRELIG,RACExRELIG :: Mixed Race | Protestant,PAR2CHILDa_W92,3,"0.000000,0.000000,1.000000"
mistral_instruct,RACExRELIG,RACExRELIG :: Other | Protestant,PAR2CHILDa_W92,3,"0.000000,0.000000,1.000000"
mistral_instruct,RACExRELIG,RACExRELIG :: Refused | Protestant,PAR2CHILDa_W92,3,"0.000000,0.000000,1.000000"
mistral_instruct,RACExRELIG,RACExRELIG :: White | Agnostic,PAR2CHILDa_W92,3,"0.000000,0.000000,1.000000"
mistral_instruct,RACExRELIG,RACExRELIG :: White | Atheist,PAR2CHILDa_W92,3,"0.000000,0.000000,1.000000"
mistral_instruct,RACExRELIG,RACExRELIG :: White | Buddhist,PAR2CHILDa_W92,3,"0.000000,0.000000,1.000000"
mistral_instruct,RACExRELIG,RACExRELIG :: White | Jewish,PAR2CHILDa_W92,3,"0.000048,0.000000,0.999952"
mistral_instruct,RACExRELIG,RACExRELIG :: White | Mormon,PAR2CHILDa_W92,3,"0.001478,0.000000,0.998522"
mistral_instruct,RACExRELIG,RACExRELIG :: White | Nothing in particular,PAR2CHILDa_W92,3,"0.000000,0.000000,1.000000"
mistral_instruct,RACExRELIG,RACExRELIG :: White | Orthodox,PAR2CHILDa_W92,3,"0.000836,0.000000,0.999164"
mistral_instruct,RACExRELIG,RACExRELIG :: White | Other,PAR2CHILDa_W92,3,"0.000000,0.000000,1.000000"
mistral_instruct,RACExRELIG,RACExRELIG :: White | Protestant,PAR2CHILDa_W92,3,"0.000000,0.000000,1.000000"
mistral_instruct,RACExRELIG,RACExRELIG :: White | Roman Catholic,PAR2CHILDa_W92,3,"0.003403,0.000000,0.996597"
mistral_instruct,RACExRELIG,RACExRELIG :: Asian | Agnostic,RACESURV11_W43,3,"0.000000,0.000000,1.000000"
mistral_instruct,RACExRELIG,RACExRELIG :: Asian | Hindu,RACESURV11_W43,3,"0.000004,0.000001,0.999995"
mistral_instruct,RACExRELIG,RACExRELIG :: Asian | Nothing in particular,RACESURV11_W43,3,"0.000000,0.000000,1.000000"
mistral_instruct,RACExRELIG,RACExRELIG :: Asian | Protestant,RACESURV11_W43,3,"0.000021,0.000000,0.999979"
mistral_instruct,RACExRELIG,RACExRELIG :: Asian | Roman Catholic,RACESURV11_W43,3,"0.000005,0.000000,0.999995"
mistral_instruct,RACExRELIG,RACExRELIG :: Black | Nothing in particular,RACESURV11_W43,3,"0.000000,0.000000,1.000000"
mistral_instruct,RACExRELIG,RACExRELIG :: Black | Protestant,RACESURV11_W43,3,"0.000038,0.000183,0.999779"
mistral_instruct,RACExRELIG,RACExRELIG :: Black | Roman Catholic,RACESURV11_W43,3,"0.000115,0.250884,0.749001"
mistral_instruct,RACExRELIG,RACExRELIG :: Hispanic | Agnostic,RACESURV11_W43,3,"0.000000,0.000000,1.000000"
mistral_instruct,RACExRELIG,RACExRELIG :: Hispanic | Atheist,RACESURV11_W43,3,"0.000001,0.000015,0.999983"
mistral_instruct,RACExRELIG,RACExRELIG :: Hispanic | Nothing in particular,RACESURV11_W43,3,"0.000000,0.000000,1.000000"
mistral_instruct,RACExRELIG,RACExRELIG :: Hispanic | Protestant,RACESURV11_W43,3,"0.000007,0.000000,0.999993"
mistral_instruct,RACExRELIG,RACExRELIG :: Hispanic | Roman Catholic,RACESURV11_W43,3,"0.000015,0.000022,0.999962"
mistral_instruct,RACExRELIG,RACExRELIG :: Other | Nothing in particular,RACESURV11_W43,3,"0.000000,0.000000,1.000000"
mistral_instruct,RACExRELIG,RACExRELIG :: Other | Protestant,RACESURV11_W43,3,"0.000003,0.000000,0.999997"
mistral_instruct,RACExRELIG,RACExRELIG :: White | Agnostic,RACESURV11_W43,3,"0.000000,0.000000,1.000000"
mistral_instruct,RACExRELIG,RACExRELIG :: White | Atheist,RACESURV11_W43,3,"0.000001,0.000001,0.999998"
mistral_instruct,RACExRELIG,RACExRELIG :: White | Jewish,RACESURV11_W43,3,"0.000003,0.000001,0.999996"
mistral_instruct,RACExRELIG,RACExRELIG :: White | Mormon,RACESURV11_W43,3,"0.000333,0.000002,0.999665"
mistral_instruct,RACExRELIG,RACExRELIG :: White | Nothing in particular,RACESURV11_W43,3,"0.000000,0.000000,1.000000"
mistral_instruct,RACExRELIG,RACExRELIG :: White | Other,RACESURV11_W43,3,"0.000000,0.000000,1.000000"
mistral_instruct,RACExRELIG,RACExRELIG :: White | Protestant,RACESURV11_W43,3,"0.000004,0.000000,0.999996"
mistral_instruct,RACExRELIG,RACExRELIG :: White | Roman Catholic,RACESURV11_W43,3,"0.000002,0.000000,0.999998"
mistral_instruct,RACExRELIG,RACExRELIG :: Asian | Agnostic,RACESURV25_W43,4,"0.000000,0.000000,1.000000,0.000000"
mistral_instruct,RACExRELIG,RACExRELIG :: Asian | Hindu,RACESURV25_W43,4,"0.000000,0.000000,1.000000,0.000000"
mistral_instruct,RACExRELIG,RACExRELIG :: Asian | Nothing in particular,RACESURV25_W43,4,"0.000000,0.000000,1.000000,0.000000"
mistral_instruct,RACExRELIG,RACExRELIG :: Asian | Protestant,RACESURV25_W43,4,"0.000000,0.000000,1.000000,0.000000"
mistral_instruct,RACExRELIG,RACExRELIG :: Asian | Roman Catholic,RACESURV25_W43,4,"0.000000,0.000000,1.000000,0.000000"
mistral_instruct,RACExRELIG,RACExRELIG :: Black | Nothing in particular,RACESURV25_W43,4,"0.000000,0.000000,1.000000,0.000000"
mistral_instruct,RACExRELIG,RACExRELIG :: Black | Protestant,RACESURV25_W43,4,"1.000000,0.000000,0.000000,0.000000"
mistral_instruct,RACExRELIG,RACExRELIG :: Black | Roman Catholic,RACESURV25_W43,4,"1.000000,0.000000,0.000000,0.000000"
mistral_instruct,RACExRELIG,RACExRELIG :: Hispanic | Agnostic,RACESURV25_W43,4,"0.000000,0.000000,1.000000,0.000000"
mistral_instruct,RACExRELIG,RACExRELIG :: Hispanic | Atheist,RACESURV25_W43,4,"0.000000,0.000000,1.000000,0.000000"
mistral_instruct,RACExRELIG,RACExRELIG :: Hispanic | Nothing in particular,RACESURV25_W43,4,"0.000000,0.000000,1.000000,0.000000"
mistral_instruct,RACExRELIG,RACExRELIG :: Hispanic | Protestant,RACESURV25_W43,4,"0.000000,0.000000,1.000000,0.000000"
mistral_instruct,RACExRELIG,RACExRELIG :: Hispanic | Roman Catholic,RACESURV25_W43,4,"0.000000,0.000000,0.999999,0.000000"
mistral_instruct,RACExRELIG,RACExRELIG :: Other | Nothing in particular,RACESURV25_W43,4,"0.000000,0.000000,0.001274,0.998725"
mistral_instruct,RACExRELIG,RACExRELIG :: Other | Protestant,RACESURV25_W43,4,"0.000000,0.000000,0.999999,0.000000"
mistral_instruct,RACExRELIG,RACExRELIG :: White | Agnostic,RACESURV25_W43,4,"0.000000,0.000000,1.000000,0.000000"
mistral_instruct,RACExRELIG,RACExRELIG :: White | Atheist,RACESURV25_W43,4,"0.000000,0.000000,1.000000,0.000000"
mistral_instruct,RACExRELIG,RACExRELIG :: White | Jewish,RACESURV25_W43,4,"0.000000,0.000000,1.000000,0.000000"
mistral_instruct,RACExRELIG,RACExRELIG :: White | Mormon,RACESURV25_W43,4,"0.000000,0.000000,1.000000,0.000000"
mistral_instruct,RACExRELIG,RACExRELIG :: White | Nothing in particular,RACESURV25_W43,4,"0.000000,0.000000,1.000000,0.000000"
mistral_instruct,RACExRELIG,RACExRELIG :: White | Other,RACESURV25_W43,4,"0.000000,0.000000,1.000000,0.000000"
mistral_instruct,RACExRELIG,RACExRELIG :: White | Protestant,RACESURV25_W43,4,"0.000000,0.000000,1.000000,0.000000"
mistral_instruct,RACExRELIG,RACExRELIG :: White | Roman Catholic,RACESURV25_W43,4,"0.000000,0.000000,1.000000,0.000000"
mistral_instruct,RACExRELIG,RACExRELIG :: Asian | Agnostic,RACESURV28e_W43,3,"1.000000,0.000000,0.000000"
mistral_instruct,RACExRELIG,RACExRELIG :: Asian | Hindu,RACESURV28e_W43,3,"1.000000,0.000000,0.000000"
mistral_instruct,RACExRELIG,RACExRELIG :: Asian | Nothing in particular,RACESURV28e_W43,3,"1.000000,0.000000,0.000000"
mistral_instruct,RACExRELIG,RACExRELIG :: Asian | Protestant,RACESURV28e_W43,3,"1.000000,0.000000,0.000000"
mistral_instruct,RACExRELIG,RACExRELIG :: Asian | Roman Catholic,RACESURV28e_W43,3,"1.000000,0.000000,0.000000"
mistral_instruct,RACExRELIG,RACExRELIG :: Black | Nothing in particular,RACESURV28e_W43,3,"1.000000,0.000000,0.000000"
mistral_instruct,RACExRELIG,RACExRELIG :: Black | Protestant,RACESURV28e_W43,3,"1.000000,0.000000,0.000000"
mistral_instruct,RACExRELIG,RACExRELIG :: Black | Roman Catholic,RACESURV28e_W43,3,"1.000000,0.000000,0.000000"
mistral_instruct,RACExRELIG,RACExRELIG :: Hispanic | Agnostic,RACESURV28e_W43,3,"1.000000,0.000000,0.000000"
mistral_instruct,RACExRELIG,RACExRELIG :: Hispanic | Atheist,RACESURV28e_W43,3,"1.000000,0.000000,0.000000"
mistral_instruct,RACExRELIG,RACExRELIG :: Hispanic | Nothing in particular,RACESURV28e_W43,3,"1.000000,0.000000,0.000000"
mistral_instruct,RACExRELIG,RACExRELIG :: Hispanic | Protestant,RACESURV28e_W43,3,"1.000000,0.000000,0.000000"
mistral_instruct,RACExRELIG,RACExRELIG :: Hispanic | Roman Catholic,RACESURV28e_W43,3,"1.000000,0.000000,0.000000"
mistral_instruct,RACExRELIG,RACExRELIG :: Other | Nothing in particular,RACESURV28e_W43,3,"1.000000,0.000000,0.000000"
mistral_instruct,RACExRELIG,RACExRELIG :: Other | Protestant,RACESURV28e_W43,3,"1.000000,0.000000,0.000000"
mistral_instruct,RACExRELIG,RACExRELIG :: White | Agnostic,RACESURV28e_W43,3,"1.000000,0.000000,0.000000"
mistral_instruct,RACExRELIG,RACExRELIG :: White | Atheist,RACESURV28e_W43,3,"1.000000,0.000000,0.000000"
mistral_instruct,RACExRELIG,RACExRELIG :: White | Jewish,RACESURV28e_W43,3,"1.000000,0.000000,0.000000"
mistral_instruct,RACExRELIG,RACExRELIG :: White | Mormon,RACESURV28e_W43,3,"1.000000,0.000000,0.000000"
mistral_instruct,RACExRELIG,RACExRELIG :: White | Nothing in particular,RACESURV28e_W43,3,"1.000000,0.000000,0.000000"
mistral_instruct,RACExRELIG,RACExRELIG :: White | Other,RACESURV28e_W43,3,"1.000000,0.000000,0.000000"
mistral_instruct,RACExRELIG,RACExRELIG :: White | Protestant,RACESURV28e_W43,3,"1.000000,0.000000,0.000000"
mistral_instruct,RACExRELIG,RACExRELIG :: White | Roman Catholic,RACESURV28e_W43,3,"1.000000,0.000000,0.000000"
mistral_instruct,RACExRELIG,RACExRELIG :: Asian | Agnostic,RACESURV47f_W43,4,"0.000000,0.000000,0.999997,0.000003"
mistral_instruct,RACExRELIG,RACExRELIG :: Asian | Hindu,RACESURV47f_W43,4,"0.000000,0.000000,0.411111,0.588889"
mistral_instruct,RACExRELIG,RACExRELIG :: Asian | Nothing in particular,RACESURV47f_W43,4,"0.000000,0.000000,0.449393,0.550607"
mistral_instruct,RACExRELIG,RACExRELIG :: Asian | Protestant,RACESURV47f_W43,4,"0.000000,0.000000,0.999764,0.000236"
mistral_instruct,RACExRELIG,RACExRELIG :: Asian | Roman Catholic,RACESURV47f_W43,4,"0.000000,0.000000,0.999354,0.000646"
mistral_instruct,RACExRELIG,RACExRELIG :: Black | Nothing in particular,RACESURV47f_W43,4,"0.000000,0.000000,0.000039,0.999961"
mistral_instruct,RACExRELIG,RACExRELIG :: Black | Protestant,RACESURV47f_W43,4,"0.000000,0.000000,0.936285,0.063715"
mistral_instruct,RACExRELIG,RACExRELIG :: Black | Roman Catholic,RACESURV47f_W43,4,"0.000000,0.000000,0.800692,0.199308"
mistral_instruct,RACExRELIG,RACExRELIG :: Hispanic | Agnostic,RACESURV47f_W43,4,"0.000000,0.000000,0.999995,0.000005"
mistral_instruct,RACExRELIG,RACExRELIG :: Hispanic | Atheist,RACESURV47f_W43,4,"0.000000,0.000000,0.098079,0.901921"
mistral_instruct,RACExRELIG,RACExRELIG :: Hispanic | Nothing in particular,RACESURV47f_W43,4,"0.000000,0.000000,0.341582,0.658417"
mistral_instruct,RACExRELIG,RACExRELIG :: Hispanic | Protestant,RACESURV47f_W43,4,"0.000000,0.000000,0.999993,0.000007"
mistral_instruct,RACExRELIG,RACExRELIG :: Hispanic | Roman Catholic,RACESURV47f_W43,4,"0.000000,0.000000,0.999925,0.000075"
mistral_instruct,RACExRELIG,RACExRELIG :: Other | Nothing in particular,RACESURV47f_W43,4,"0.000000,0.000000,0.020332,0.979668"
mistral_instruct,RACExRELIG,RACExRELIG :: Other | Protestant,RACESURV47f_W43,4,"0.000000,0.000000,0.999987,0.000013"
mistral_instruct,RACExRELIG,RACExRELIG :: White | Agnostic,RACESURV47f_W43,4,"0.000000,0.000000,1.000000,0.000000"
mistral_instruct,RACExRELIG,RACExRELIG :: White | Atheist,RACESURV47f_W43,4,"0.000000,0.000000,0.782663,0.217338"
mistral_instruct,RACExRELIG,RACExRELIG :: White | Jewish,RACESURV47f_W43,4,"0.000000,0.000000,0.961534,0.038466"
mistral_instruct,RACExRELIG,RACExRELIG :: White | Mormon,RACESURV47f_W43,4,"0.000000,0.000000,0.999997,0.000003"
mistral_instruct,RACExRELIG,RACExRELIG :: White | Nothing in particular,RACESURV47f_W43,4,"0.000000,0.000000,0.988131,0.011869"
mistral_instruct,RACExRELIG,RACExRELIG :: White | Other,RACESURV47f_W43,4,"0.000000,0.000000,0.989830,0.010170"
mistral_instruct,RACExRELIG,RACExRELIG :: White | Protestant,RACESURV47f_W43,4,"0.000000,0.000000,1.000000,0.000000"
mistral_instruct,RACExRELIG,RACExRELIG :: White | Roman Catholic,RACESURV47f_W43,4,"0.000000,0.000000,0.999999,0.000001"
mistral_instruct,RACExRELIG,RACExRELIG :: Asian | Agnostic,RACESURV50_W43,2,"1.000000,0.000000"
mistral_instruct,RACExRELIG,RACExRELIG :: Asian | Hindu,RACESURV50_W43,2,"1.000000,0.000000"
mistral_instruct,RACExRELIG,RACExRELIG :: Asian | Nothing in particular,RACESURV50_W43,2,"1.000000,0.000000"
mistral_instruct,RACExRELIG,RACExRELIG :: Asian | Protestant,RACESURV50_W43,2,"1.000000,0.000000"
mistral_instruct,RACExRELIG,RACExRELIG :: Asian | Roman Catholic,RACESURV50_W43,2,"1.000000,0.000000"
mistral_instruct,RACExRELIG,RACExRELIG :: Black | Nothing in particular,RACESURV50_W43,2,"1.000000,0.000000"
mistral_instruct,RACExRELIG,RACExRELIG :: Black | Protestant,RACESURV50_W43,2,"1.000000,0.000000"
mistral_instruct,RACExRELIG,RACExRELIG :: Black | Roman Catholic,RACESURV50_W43,2,"1.000000,0.000000"
mistral_instruct,RACExRELIG,RACExRELIG :: Hispanic | Agnostic,RACESURV50_W43,2,"1.000000,0.000000"
mistral_instruct,RACExRELIG,RACExRELIG :: Hispanic | Atheist,RACESURV50_W43,2,"1.000000,0.000000"
mistral_instruct,RACExRELIG,RACExRELIG :: Hispanic | Nothing in particular,RACESURV50_W43,2,"1.000000,0.000000"
mistral_instruct,RACExRELIG,RACExRELIG :: Hispanic | Protestant,RACESURV50_W43,2,"1.000000,0.000000"
mistral_instruct,RACExRELIG,RACExRELIG :: Hispanic | Roman Catholic,RACESURV50_W43,2,"1.000000,0.000000"
mistral_instruct,RACExRELIG,RACExRELIG :: Other | Nothing in particular,RACESURV50_W43,2,"1.000000,0.000000"
mistral_instruct,RACExRELIG,RACExRELIG :: Other | Protestant,RACESURV50_W43,2,"1.000000,0.000000"
mistral_instruct,RACExRELIG,RACExRELIG :: White | Agnostic,RACESURV50_W43,2,"1.000000,0.000000"
mistral_instruct,RACExRELIG,RACExRELIG :: White | Atheist,RACESURV50_W43,2,"1.000000,0.000000"
mistral_instruct,RACExRELIG,RACExRELIG :: White | Jewish,RACESURV50_W43,2,"1.000000,0.000000"
mistral_instruct,RACExRELIG,RACExRELIG :: White | Mormon,RACESURV50_W43,2,"1.000000,0.000000"
mistral_instruct,RACExRELIG,RACExRELIG :: White | Nothing in particular,RACESURV50_W43,2,"1.000000,0.000000"
mistral_instruct,RACExRELIG,RACExRELIG :: White | Other,RACESURV50_W43,2,"1.000000,0.000000"
mistral_instruct,RACExRELIG,RACExRELIG :: White | Protestant,RACESURV50_W43,2,"1.000000,0.000000"
mistral_instruct,RACExRELIG,RACExRELIG :: White | Roman Catholic,RACESURV50_W43,2,"1.000000,0.000000"
mistral_instruct,RACExRELIG,RACExRELIG :: Asian | Agnostic,RACESURV5a_W43,5,"0.000000,0.000000,0.000000,0.000000,1.000000"
mistral_instruct,RACExRELIG,RACExRELIG :: Asian | Hindu,RACESURV5a_W43,5,"0.000000,0.000000,0.000000,0.000000,1.000000"
mistral_instruct,RACExRELIG,RACExRELIG :: Asian | Nothing in particular,RACESURV5a_W43,5,"0.000000,0.000000,0.000000,0.000000,1.000000"
mistral_instruct,RACExRELIG,RACExRELIG :: Asian | Protestant,RACESURV5a_W43,5,"0.000000,0.000000,0.000000,0.000000,1.000000"
mistral_instruct,RACExRELIG,RACExRELIG :: Asian | Roman Catholic,RACESURV5a_W43,5,"0.000000,0.000000,0.000000,0.000000,1.000000"
mistral_instruct,RACExRELIG,RACExRELIG :: Black | Nothing in particular,RACESURV5a_W43,5,"0.000000,0.000000,0.000000,0.000000,1.000000"
mistral_instruct,RACExRELIG,RACExRELIG :: Black | Protestant,RACESURV5a_W43,5,"0.000000,0.000000,0.000000,0.999796,0.000203"
mistral_instruct,RACExRELIG,RACExRELIG :: Black | Roman Catholic,RACESURV5a_W43,5,"0.000001,0.000000,0.000001,0.124213,0.875785"
mistral_instruct,RACExRELIG,RACExRELIG :: Hispanic | Agnostic,RACESURV5a_W43,5,"0.000000,0.000000,0.000000,0.000000,1.000000"
mistral_instruct,RACExRELIG,RACExRELIG :: Hispanic | Atheist,RACESURV5a_W43,5,"0.000000,0.000000,0.000000,0.000000,1.000000"
mistral_instruct,RACExRELIG,RACExRELIG :: Hispanic | Nothing in particular,RACESURV5a_W43,5,"0.000000,0.000000,0.000000,0.000000,1.000000"
mistral_instruct,RACExRELIG,RACExRELIG :: Hispanic | Protestant,RACESURV5a_W43,5,"0.000000,0.000000,0.000000,0.000000,1.000000"
mistral_instruct,RACExRELIG,RACExRELIG :: Hispanic | Roman Catholic,RACESURV5a_W43,5,"0.000000,0.000000,0.000000,0.000000,1.000000"
mistral_instruct,RACExRELIG,RACExRELIG :: Other | Nothing in particular,RACESURV5a_W43,5,"0.000000,0.000000,0.000000,0.000000,1.000000"
mistral_instruct,RACExRELIG,RACExRELIG :: Other | Protestant,RACESURV5a_W43,5,"0.000000,0.000000,0.000000,0.000000,1.000000"
mistral_instruct,RACExRELIG,RACExRELIG :: White | Agnostic,RACESURV5a_W43,5,"0.000000,0.000000,0.000000,0.000000,1.000000"
mistral_instruct,RACExRELIG,RACExRELIG :: White | Atheist,RACESURV5a_W43,5,"0.000000,0.000000,0.000000,0.000000,1.000000"
mistral_instruct,RACExRELIG,RACExRELIG :: White | Jewish,RACESURV5a_W43,5,"0.000012,0.000000,0.877448,0.000021,0.122519"
mistral_instruct,RACExRELIG,RACExRELIG :: White | Mormon,RACESURV5a_W43,5,"0.000000,0.000000,0.000001,0.000000,0.999999"
mistral_instruct,RACExRELIG,RACExRELIG :: White | Nothing in particular,RACESURV5a_W43,5,"0.000000,0.000000,0.000000,0.000000,1.000000"
mistral_instruct,RACExRELIG,RACExRELIG :: White | Other,RACESURV5a_W43,5,"0.000000,0.000000,0.000000,0.000000,1.000000"
mistral_instruct,RACExRELIG,RACExRELIG :: White | Protestant,RACESURV5a_W43,5,"0.000001,0.000000,0.108189,0.000001,0.891809"
mistral_instruct,RACExRELIG,RACExRELIG :: White | Roman Catholic,RACESURV5a_W43,5,"0.000001,0.000000,0.061876,0.000001,0.938122"
mistral_instruct,RACExRELIG,RACExRELIG :: Asian | Agnostic,RACESURV5j_W43,5,"0.000000,0.000000,0.000000,0.000000,1.000000"
mistral_instruct,RACExRELIG,RACExRELIG :: Asian | Hindu,RACESURV5j_W43,5,"0.000001,0.000000,0.000000,0.000002,0.999996"
mistral_instruct,RACExRELIG,RACExRELIG :: Asian | Nothing in particular,RACESURV5j_W43,5,"0.000000,0.000000,0.000000,0.000000,1.000000"
mistral_instruct,RACExRELIG,RACExRELIG :: Asian | Protestant,RACESURV5j_W43,5,"0.000002,0.000000,0.000000,0.000002,0.999996"
mistral_instruct,RACExRELIG,RACExRELIG :: Asian | Roman Catholic,RACESURV5j_W43,5,"0.000002,0.000000,0.000001,0.000003,0.999994"
mistral_instruct,RACExRELIG,RACExRELIG :: Black | Nothing in particular,RACESURV5j_W43,5,"0.000000,0.000000,0.000000,0.000000,1.000000"
mistral_instruct,RACExRELIG,RACExRELIG :: Black | Protestant,RACESURV5j_W43,5,"0.000011,0.000000,0.000020,0.000010,0.999959"
mistral_instruct,RACExRELIG,RACExRELIG :: Black | Roman Catholic,RACESURV5j_W43,5,"0.000091,0.000002,0.000100,0.000113,0.999694"
mistral_instruct,RACExRELIG,RACExRELIG :: Hispanic | Agnostic,RACESURV5j_W43,5,"0.000000,0.000000,0.000000,0.000000,1.000000"
mistral_instruct,RACExRELIG,RACExRELIG :: Hispanic | Atheist,RACESURV5j_W43,5,"0.000000,0.000000,0.000000,0.000000,1.000000"
mistral_instruct,RACExRELIG,RACExRELIG :: Hispanic | Nothing in particular,RACESURV5j_W43,5,"0.000000,0.000000,0.000000,0.000000,1.000000"
mistral_instruct,RACExRELIG,RACExRELIG :: Hispanic | Protestant,RACESURV5j_W43,5,"0.000001,0.000000,0.000001,0.000001,0.999998"
mistral_instruct,RACExRELIG,RACExRELIG :: Hispanic | Roman Catholic,RACESURV5j_W43,5,"0.000011,0.000000,0.000041,0.000011,0.999938"
mistral_instruct,RACExRELIG,RACExRELIG :: Other | Nothing in particular,RACESURV5j_W43,5,"0.000000,0.000000,0.000000,0.000000,1.000000"
mistral_instruct,RACExRELIG,RACExRELIG :: Other | Protestant,RACESURV5j_W43,5,"0.000000,0.000000,0.000000,0.000000,1.000000"
mistral_instruct,RACExRELIG,RACExRELIG :: White | Agnostic,RACESURV5j_W43,5,"0.000000,0.000000,0.000000,0.000000,1.000000"
mistral_instruct,RACExRELIG,RACExRELIG :: White | Atheist,RACESURV5j_W43,5,"0.000000,0.000000,0.000000,0.000000,1.000000"
mistral_instruct,RACExRELIG,RACExRELIG :: White | Jewish,RACESURV5j_W43,5,"0.000004,0.000000,0.000001,0.000005,0.999990"
mistral_instruct,RACExRELIG,RACExRELIG :: White | Mormon,RACESURV5j_W43,5,"0.000001,0.000000,0.000001,0.000000,0.999998"
mistral_instruct,RACExRELIG,RACExRELIG :: White | Nothing in particular,RACESURV5j_W43,5,"0.000000,0.000000,0.000000,0.000000,1.000000"
mistral_instruct,RACExRELIG,RACExRELIG :: White | Other,RACESURV5j_W43,5,"0.000000,0.000000,0.000000,0.000000,1.000000"
mistral_instruct,RACExRELIG,RACExRELIG :: White | Protestant,RACESURV5j_W43,5,"0.000003,0.000000,0.000001,0.000001,0.999994"
mistral_instruct,RACExRELIG,RACExRELIG :: White | Roman Catholic,RACESURV5j_W43,5,"0.000016,0.000000,0.000012,0.000011,0.999961"
mistral_instruct,RACExRELIG,RACExRELIG :: Asian | Agnostic,RACESURV5l_W43,5,"0.000000,0.000000,0.000000,0.000000,1.000000"
mistral_instruct,RACExRELIG,RACExRELIG :: Asian | Hindu,RACESURV5l_W43,5,"0.000056,0.000001,0.997388,0.000233,0.002322"
mistral_instruct,RACExRELIG,RACExRELIG :: Asian | Nothing in particular,RACESURV5l_W43,5,"0.000000,0.000000,0.000000,0.000000,1.000000"
mistral_instruct,RACExRELIG,RACExRELIG :: Asian | Protestant,RACESURV5l_W43,5,"0.000202,0.000014,0.974298,0.000123,0.025363"
mistral_instruct,RACExRELIG,RACExRELIG :: Asian | Roman Catholic,RACESURV5l_W43,5,"0.000018,0.000001,0.999604,0.000034,0.000343"
mistral_instruct,RACExRELIG,RACExRELIG :: Black | Nothing in particular,RACESURV5l_W43,5,"0.000000,0.000000,0.000000,0.000000,1.000000"
mistral_instruct,RACExRELIG,RACExRELIG :: Black | Protestant,RACESURV5l_W43,5,"0.000000,0.000000,0.999993,0.000007,0.000000"
mistral_instruct,RACExRELIG,RACExRELIG :: Black | Roman Catholic,RACESURV5l_W43,5,"0.000000,0.000000,0.999986,0.000014,0.000000"
mistral_instruct,RACExRELIG,RACExRELIG :: Hispanic | Agnostic,RACESURV5l_W43,5,"0.000000,0.000000,0.000000,0.000000,1.000000"
mistral_instruct,RACExRELIG,RACExRELIG :: Hispanic | Atheist,RACESURV5l_W43,5,"0.000000,0.000000,0.000042,0.000014,0.999944"
mistral_instruct,RACExRELIG,RACExRELIG :: Hispanic | Nothing in particular,RACESURV5l_W43,5,"0.000000,0.000000,0.000000,0.000000,1.000000"
mistral_instruct,RACExRELIG,RACExRELIG :: Hispanic | Protestant,RACESURV5l_W43,5,"0.000001,0.000000,0.999868,0.000003,0.000128"
mistral_instruct,RACExRELIG,RACExRELIG :: Hispanic | Roman Catholic,RACESURV5l_W43,5,"0.000000,0.000000,0.999995,0.000004,0.000001"
mistral_instruct,RACExRELIG,RACExRELIG :: Other | Nothing in particular,RACESURV5l_W43,5,"0.000000,0.000000,0.000000,0.000000,1.000000"
mistral_instruct,RACExRELIG,RACExRELIG :: Other | Protestant,RACESURV5l_W43,5,"0.000008,0.000000,0.061875,0.000015,0.938102"
mistral_instruct,RACExRELIG,RACExRELIG :: White | Agnostic,RACESURV5l_W43,5,"0.000001,0.000000,0.001294,0.000004,0.998700"
mistral_instruct,RACExRELIG,RACExRELIG :: White | Atheist,RACESURV5l_W43,5,"0.000003,0.000000,0.002736,0.000103,0.997158"
mistral_instruct,RACExRELIG,RACExRELIG :: White | Jewish,RACESURV5l_W43,5,"0.000005,0.000000,0.999904,0.000074,0.000017"
mistral_instruct,RACExRELIG,RACExRELIG :: White | Mormon,RACESURV5l_W43,5,"0.000006,0.000001,0.997552,0.000008,0.002434"
mistral_instruct,RACExRELIG,RACExRELIG :: White | Nothing in particular,RACESURV5l_W43,5,"0.000000,0.000000,0.000000,0.000000,1.000000"
mistral_instruct,RACExRELIG,RACExRELIG :: White | Other,RACESURV5l_W43,5,"0.000137,0.000002,0.568189,0.006118,0.425554"
mistral_instruct,RACExRELIG,RACExRELIG :: White | Protestant,RACESURV5l_W43,5,"0.000004,0.000000,0.999992,0.000003,0.000001"
mistral_instruct,RACExRELIG,RACExRELIG :: White | Roman Catholic,RACESURV5l_W43,5,"0.000001,0.000000,0.999996,0.000003,0.000000"
mistral_instruct,RACExRELIG,RACExRELIG :: Asian | Agnostic,RACESURV8_W43,4,"0.000000,0.000000,1.000000,0.000000"
mistral_instruct,RACExRELIG,RACExRELIG :: Asian | Hindu,RACESURV8_W43,4,"0.000000,0.000000,0.999999,0.000001"
mistral_instruct,RACExRELIG,RACExRELIG :: Asian | Nothing in particular,RACESURV8_W43,4,"0.000000,0.000000,1.000000,0.000000"
mistral_instruct,RACExRELIG,RACExRELIG :: Asian | Protestant,RACESURV8_W43,4,"0.000000,0.000000,0.999999,0.000000"
mistral_instruct,RACExRELIG,RACExRELIG :: Asian | Roman Catholic,RACESURV8_W43,4,"0.000000,0.000001,0.999998,0.000000"
mistral_instruct,RACExRELIG,RACExRELIG :: Black | Nothing in particular,RACESURV8_W43,4,"0.000000,0.000000,1.000000,0.000000"
mistral_instruct,RACExRELIG,RACExRELIG :: Black | Protestant,RACESURV8_W43,4,"0.000000,0.000000,1.000000,0.000000"
mistral_instruct,RACExRELIG,RACExRELIG :: Black | Roman Catholic,RACESURV8_W43,4,"0.000000,0.000000,1.000000,0.000000"
mistral_instruct,RACExRELIG,RACExRELIG :: Hispanic | Agnostic,RACESURV8_W43,4,"0.000000,0.000000,1.000000,0.000000"
mistral_instruct,RACExRELIG,RACExRELIG :: Hispanic | Atheist,RACESURV8_W43,4,"0.000000,0.000000,0.999963,0.000036"
mistral_instruct,RACExRELIG,RACExRELIG :: Hispanic | Nothing in particular,RACESURV8_W43,4,"0.000000,0.000000,1.000000,0.000000"
mistral_instruct,RACExRELIG,RACExRELIG :: Hispanic | Protestant,RACESURV8_W43,4,"0.000000,0.000000,1.000000,0.000000"
mistral_instruct,RACExRELIG,RACExRELIG :: Hispanic | Roman Catholic,RACESURV8_W43,4,"0.000000,0.000000,0.999999,0.000000"
mistral_instruct,RACExRELIG,RACExRELIG :: Other | Nothing in particular,RACESURV8_W43,4,"0.000000,0.000000,0.999995,0.000005"
mistral_instruct,RACExRELIG,RACExRELIG :: Other | Protestant,RACESURV8_W43,4,"0.000000,0.000000,1.000000,0.000000"
mistral_instruct,RACExRELIG,RACExRELIG :: White | Agnostic,RACESURV8_W43,4,"0.000000,0.000000,1.000000,0.000000"
mistral_instruct,RACExRELIG,RACExRELIG :: White | Atheist,RACESURV8_W43,4,"0.000000,0.000000,0.999987,0.000013"
mistral_instruct,RACExRELIG,RACExRELIG :: White | Jewish,RACESURV8_W43,4,"0.000003,0.000004,0.999987,0.000006"
mistral_instruct,RACExRELIG,RACExRELIG :: White | Mormon,RACESURV8_W43,4,"0.000001,0.000001,0.999992,0.000005"
mistral_instruct,RACExRELIG,RACExRELIG :: White | Nothing in particular,RACESURV8_W43,4,"0.000000,0.000000,1.000000,0.000000"
mistral_instruct,RACExRELIG,RACExRELIG :: White | Other,RACESURV8_W43,4,"0.000000,0.000000,0.999999,0.000001"
mistral_instruct,RACExRELIG,RACExRELIG :: White | Protestant,RACESURV8_W43,4,"0.000007,0.007755,0.992236,0.000002"
mistral_instruct,RACExRELIG,RACExRELIG :: White | Roman Catholic,RACESURV8_W43,4,"0.000002,0.001444,0.998553,0.000001"
mistral_instruct,RACExRELIG,RACExRELIG :: Asian | Agnostic,RACESURV9_W43,5,"0.000001,0.492187,0.507810,0.000000,0.000002"
mistral_instruct,RACExRELIG,RACExRELIG :: Asian | Hindu,RACESURV9_W43,5,"0.000144,0.713725,0.286127,0.000003,0.000001"
mistral_instruct,RACExRELIG,RACExRELIG :: Asian | Nothing in particular,RACESURV9_W43,5,"0.000000,0.935344,0.064653,0.000000,0.000003"
mistral_instruct,RACExRELIG,RACExRELIG :: Asian | Protestant,RACESURV9_W43,5,"0.000002,0.956632,0.043366,0.000000,0.000000"
mistral_instruct,RACExRELIG,RACExRELIG :: Asian | Roman Catholic,RACESURV9_W43,5,"0.000002,0.956632,0.043366,0.000000,0.000000"
mistral_instruct,RACExRELIG,RACExRELIG :: Black | Nothing in particular,RACESURV9_W43,5,"0.000000,0.998324,0.001674,0.000000,0.000001"
mistral_instruct,RACExRELIG,RACExRELIG :: Black | Protestant,RACESURV9_W43,5,"0.000003,0.995765,0.004232,0.000000,0.000000"
mistral_instruct,RACExRELIG,RACExRELIG :: Black | Roman Catholic,RACESURV9_W43,5,"0.000004,0.994039,0.005957,0.000000,0.000000"
mistral_instruct,RACExRELIG,RACExRELIG :: Hispanic | Agnostic,RACESURV9_W43,5,"0.000000,0.014729,0.985271,0.000000,0.000001"
mistral_instruct,RACExRELIG,RACExRELIG :: Hispanic | Atheist,RACESURV9_W43,5,"0.000000,0.000000,0.999996,0.000000,0.000003"
mistral_instruct,RACExRELIG,RACExRELIG :: Hispanic | Nothing in particular,RACESURV9_W43,5,"0.000000,0.053403,0.946589,0.000000,0.000008"
mistral_instruct,RACExRELIG,RACExRELIG :: Hispanic | Protestant,RACESURV9_W43,5,"0.000002,0.877474,0.122523,0.000000,0.000000"
mistral_instruct,RACExRELIG,RACExRELIG :: Hispanic | Roman Catholic,RACESURV9_W43,5,"0.000070,0.999162,0.000767,0.000000,0.000000"
mistral_instruct,RACExRELIG,RACExRELIG :: Other | Nothing in particular,RACESURV9_W43,5,"0.000000,0.000000,0.999959,0.000000,0.000041"
mistral_instruct,RACExRELIG,RACExRELIG :: Other | Protestant,RACESURV9_W43,5,"0.000001,0.201813,0.798185,0.000000,0.000000"
mistral_instruct,RACExRELIG,RACExRELIG :: White | Agnostic,RACESURV9_W43,5,"0.000000,0.999992,0.000008,0.000000,0.000000"
mistral_instruct,RACExRELIG,RACExRELIG :: White | Atheist,RACESURV9_W43,5,"0.999869,0.000019,0.000109,0.000000,0.000003"
mistral_instruct,RACExRELIG,RACExRELIG :: White | Jewish,RACESURV9_W43,5,"0.000020,0.999903,0.000077,0.000000,0.000000"
mistral_instruct,RACExRELIG,RACExRELIG :: White | Mormon,RACESURV9_W43,5,"0.034801,0.962920,0.002278,0.000000,0.000000"
mistral_instruct,RACExRELIG,RACExRELIG :: White | Nothing in particular,RACESURV9_W43,5,"0.000178,0.999822,0.000000,0.000000,0.000000"
mistral_instruct,RACExRELIG,RACExRELIG :: White | Other,RACESURV9_W43,5,"0.000000,0.222699,0.777298,0.000000,0.000002"
mistral_instruct,RACExRELIG,RACExRELIG :: White | Protestant,RACESURV9_W43,5,"0.000010,0.999989,0.000001,0.000000,0.000000"
mistral_instruct,RACExRELIG,RACExRELIG :: White | Roman Catholic,RACESURV9_W43,5,"0.000026,0.999972,0.000002,0.000000,0.000000"
mistral_instruct,RACExRELIG,RACExRELIG :: Asian | Agnostic,RELIG_GOV_W92,2,"1.000000,0.000000"
mistral_instruct,RACExRELIG,RACExRELIG :: Asian | Hindu,RELIG_GOV_W92,2,"1.000000,0.000000"
mistral_instruct,RACExRELIG,RACExRELIG :: Asian | Nothing in particular,RELIG_GOV_W92,2,"1.000000,0.000000"
mistral_instruct,RACExRELIG,RACExRELIG :: Asian | Protestant,RELIG_GOV_W92,2,"1.000000,0.000000"
mistral_instruct,RACExRELIG,RACExRELIG :: Asian | Roman Catholic,RELIG_GOV_W92,2,"1.000000,0.000000"
mistral_instruct,RACExRELIG,RACExRELIG :: Black | Nothing in particular,RELIG_GOV_W92,2,"1.000000,0.000000"
mistral_instruct,RACExRELIG,RACExRELIG :: Black | Protestant,RELIG_GOV_W92,2,"1.000000,0.000000"
mistral_instruct,RACExRELIG,RACExRELIG :: Black | Roman Catholic,RELIG_GOV_W92,2,"1.000000,0.000000"
mistral_instruct,RACExRELIG,RACExRELIG :: Hispanic | Nothing in particular,RELIG_GOV_W92,2,"1.000000,0.000000"
mistral_instruct,RACExRELIG,RACExRELIG :: Hispanic | Protestant,RELIG_GOV_W92,2,"1.000000,0.000000"
mistral_instruct,RACExRELIG,RACExRELIG :: Hispanic | Roman Catholic,RELIG_GOV_W92,2,"0.056236,0.943764"
mistral_instruct,RACExRELIG,RACExRELIG :: Mixed Race | Nothing in particular,RELIG_GOV_W92,2,"1.000000,0.000000"
mistral_instruct,RACExRELIG,RACExRELIG :: Mixed Race | Protestant,RELIG_GOV_W92,2,"1.000000,0.000000"
mistral_instruct,RACExRELIG,RACExRELIG :: Other | Protestant,RELIG_GOV_W92,2,"1.000000,0.000000"
mistral_instruct,RACExRELIG,RACExRELIG :: Refused | Protestant,RELIG_GOV_W92,2,"1.000000,0.000000"
mistral_instruct,RACExRELIG,RACExRELIG :: White | Agnostic,RELIG_GOV_W92,2,"1.000000,0.000000"
mistral_instruct,RACExRELIG,RACExRELIG :: White | Atheist,RELIG_GOV_W92,2,"1.000000,0.000000"
mistral_instruct,RACExRELIG,RACExRELIG :: White | Buddhist,RELIG_GOV_W92,2,"1.000000,0.000000"
mistral_instruct,RACExRELIG,RACExRELIG :: White | Jewish,RELIG_GOV_W92,2,"1.000000,0.000000"
mistral_instruct,RACExRELIG,RACExRELIG :: White | Mormon,RELIG_GOV_W92,2,"1.000000,0.000000"
mistral_instruct,RACExRELIG,RACExRELIG :: White | Nothing in particular,RELIG_GOV_W92,2,"1.000000,0.000000"
mistral_instruct,RACExRELIG,RACExRELIG :: White | Orthodox,RELIG_GOV_W92,2,"1.000000,0.000000"
mistral_instruct,RACExRELIG,RACExRELIG :: White | Other,RELIG_GOV_W92,2,"1.000000,0.000000"
mistral_instruct,RACExRELIG,RACExRELIG :: White | Protestant,RELIG_GOV_W92,2,"1.000000,0.000000"
mistral_instruct,RACExRELIG,RACExRELIG :: White | Roman Catholic,RELIG_GOV_W92,2,"1.000000,0.000000"
mistral_instruct,RACExRELIG,RACExRELIG :: Asian | Agnostic,SUPERPWR_W92,2,"0.000000,1.000000"
mistral_instruct,RACExRELIG,RACExRELIG :: Asian | Hindu,SUPERPWR_W92,2,"0.000000,1.000000"
mistral_instruct,RACExRELIG,RACExRELIG :: Asian | Nothing in particular,SUPERPWR_W92,2,"0.000000,1.000000"
mistral_instruct,RACExRELIG,RACExRELIG :: Asian | Protestant,SUPERPWR_W92,2,"0.000000,1.000000"
mistral_instruct,RACExRELIG,RACExRELIG :: Asian | Roman Catholic,SUPERPWR_W92,2,"0.000000,1.000000"
mistral_instruct,RACExRELIG,RACExRELIG :: Black | Nothing in particular,SUPERPWR_W92,2,"0.000000,1.000000"
mistral_instruct,RACExRELIG,RACExRELIG :: Black | Protestant,SUPERPWR_W92,2,"0.000000,1.000000"
mistral_instruct,RACExRELIG,RACExRELIG :: Black | Roman Catholic,SUPERPWR_W92,2,"0.000000,1.000000"
mistral_instruct,RACExRELIG,RACExRELIG :: Hispanic | Nothing in particular,SUPERPWR_W92,2,"0.000000,1.000000"
mistral_instruct,RACExRELIG,RACExRELIG :: Hispanic | Protestant,SUPERPWR_W92,2,"0.000000,1.000000"
mistral_instruct,RACExRELIG,RACExRELIG :: Hispanic | Roman Catholic,SUPERPWR_W92,2,"0.000000,1.000000"
mistral_instruct,RACExRELIG,RACExRELIG :: Mixed Race | Nothing in particular,SUPERPWR_W92,2,"0.000000,1.000000"
mistral_instruct,RACExRELIG,RACExRELIG :: Mixed Race | Protestant,SUPERPWR_W92,2,"0.000000,1.000000"
mistral_instruct,RACExRELIG,RACExRELIG :: Other | Protestant,SUPERPWR_W92,2,"0.000000,1.000000"
mistral_instruct,RACExRELIG,RACExRELIG :: Refused | Protestant,SUPERPWR_W92,2,"0.999939,0.000061"
mistral_instruct,RACExRELIG,RACExRELIG :: White | Agnostic,SUPERPWR_W92,2,"0.000000,1.000000"
mistral_instruct,RACExRELIG,RACExRELIG :: White | Atheist,SUPERPWR_W92,2,"0.000000,1.000000"
mistral_instruct,RACExRELIG,RACExRELIG :: White | Buddhist,SUPERPWR_W92,2,"0.000000,1.000000"
mistral_instruct,RACExRELIG,RACExRELIG :: White | Jewish,SUPERPWR_W92,2,"0.000010,0.999990"
mistral_instruct,RACExRELIG,RACExRELIG :: White | Mormon,SUPERPWR_W92,2,"0.907312,0.092688"
mistral_instruct,RACExRELIG,RACExRELIG :: White | Nothing in particular,SUPERPWR_W92,2,"0.000000,1.000000"
mistral_instruct,RACExRELIG,RACExRELIG :: White | Orthodox,SUPERPWR_W92,2,"0.999993,0.000007"
mistral_instruct,RACExRELIG,RACExRELIG :: White | Other,SUPERPWR_W92,2,"0.000000,1.000000"
mistral_instruct,RACExRELIG,RACExRELIG :: White | Protestant,SUPERPWR_W92,2,"0.999978,0.000022"
mistral_instruct,RACExRELIG,RACExRELIG :: White | Roman Catholic,SUPERPWR_W92,2,"0.000000,1.000000"
mistral_instruct,RACExRELIG,RACExRELIG :: Asian | Agnostic,UNIMMIGCOMM_W92,4,"0.000000,0.000000,1.000000,0.000000"
mistral_instruct,RACExRELIG,RACExRELIG :: Asian | Hindu,UNIMMIGCOMM_W92,4,"0.000000,0.000000,1.000000,0.000000"
mistral_instruct,RACExRELIG,RACExRELIG :: Asian | Nothing in particular,UNIMMIGCOMM_W92,4,"0.000000,0.000000,1.000000,0.000000"
mistral_instruct,RACExRELIG,RACExRELIG :: Asian | Protestant,UNIMMIGCOMM_W92,4,"0.000000,0.000000,1.000000,0.000000"
mistral_instruct,RACExRELIG,RACExRELIG :: Asian | Roman Catholic,UNIMMIGCOMM_W92,4,"0.000000,0.000000,1.000000,0.000000"
mistral_instruct,RACExRELIG,RACExRELIG :: Black | Nothing in particular,UNIMMIGCOMM_W92,4,"0.000000,0.000000,1.000000,0.000000"
mistral_instruct,RACExRELIG,RACExRELIG :: Black | Protestant,UNIMMIGCOMM_W92,4,"0.000000,0.000000,1.000000,0.000000"
mistral_instruct,RACExRELIG,RACExRELIG :: Black | Roman Catholic,UNIMMIGCOMM_W92,4,"0.000000,0.000000,1.000000,0.000000"
mistral_instruct,RACExRELIG,RACExRELIG :: Hispanic | Nothing in particular,UNIMMIGCOMM_W92,4,"0.000000,0.000000,1.000000,0.000000"
mistral_instruct,RACExRELIG,RACExRELIG :: Hispanic | Protestant,UNIMMIGCOMM_W92,4,"0.000000,0.000000,1.000000,0.000000"
mistral_instruct,RACExRELIG,RACExRELIG :: Hispanic | Roman Catholic,UNIMMIGCOMM_W92,4,"0.000000,0.000000,1.000000,0.000000"
mistral_instruct,RACExRELIG,RACExRELIG :: Mixed Race | Nothing in particular,UNIMMIGCOMM_W92,4,"0.000000,0.000000,1.000000,0.000000"
mistral_instruct,RACExRELIG,RACExRELIG :: Mixed Race | Protestant,UNIMMIGCOMM_W92,4,"0.000000,0.000000,1.000000,0.000000"
mistral_instruct,RACExRELIG,RACExRELIG :: Other | Protestant,UNIMMIGCOMM_W92,4,"0.000000,0.000000,1.000000,0.000000"
mistral_instruct,RACExRELIG,RACExRELIG :: Refused | Protestant,UNIMMIGCOMM_W92,4,"0.000000,0.000000,1.000000,0.000000"
mistral_instruct,RACExRELIG,RACExRELIG :: White | Agnostic,UNIMMIGCOMM_W92,4,"0.000000,0.000000,1.000000,0.000000"
mistral_instruct,RACExRELIG,RACExRELIG :: White | Atheist,UNIMMIGCOMM_W92,4,"0.000000,0.000000,1.000000,0.000000"
mistral_instruct,RACExRELIG,RACExRELIG :: White | Buddhist,UNIMMIGCOMM_W92,4,"0.000000,0.000000,1.000000,0.000000"
mistral_instruct,RACExRELIG,RACExRELIG :: White | Jewish,UNIMMIGCOMM_W92,4,"0.000000,0.000000,1.000000,0.000000"
mistral_instruct,RACExRELIG,RACExRELIG :: White | Mormon,UNIMMIGCOMM_W92,4,"0.000000,0.000000,1.000000,0.000000"
mistral_instruct,RACExRELIG,RACExRELIG :: White | Nothing in particular,UNIMMIGCOMM_W92,4,"0.000000,0.000000,1.000000,0.000000"
mistral_instruct,RACExRELIG,RACExRELIG :: White | Orthodox,UNIMMIGCOMM_W92,4,"0.000000,0.000000,1.000000,0.000000"
mistral_instruct,RACExRELIG,RACExRELIG :: White | Other,UNIMMIGCOMM_W92,4,"0.000000,0.000000,1.000000,0.000000"
mistral_instruct,RACExRELIG,RACExRELIG :: White | Protestant,UNIMMIGCOMM_W92,4,"0.000000,0.000000,1.000000,0.000000"
mistral_instruct,RACExRELIG,RACExRELIG :: White | Roman Catholic,UNIMMIGCOMM_W92,4,"0.000000,0.000000,1.000000,0.000000"
mistral_instruct,RACExRELIG,RACExRELIG :: Asian | Hindu,WORRY2b_W54,5,"0.000000,0.000000,1.000000,0.000000,0.000000"
mistral_instruct,RACExRELIG,RACExRELIG :: Asian | Nothing in particular,WORRY2b_W54,5,"0.000000,0.000000,1.000000,0.000000,0.000000"
mistral_instruct,RACExRELIG,RACExRELIG :: Black | Nothing in particular,WORRY2b_W54,5,"0.000000,0.000000,1.000000,0.000000,0.000000"
mistral_instruct,RACExRELIG,RACExRELIG :: Black | Protestant,WORRY2b_W54,5,"0.000000,0.000000,1.000000,0.000000,0.000000"
mistral_instruct,RACExRELIG,RACExRELIG :: Black | Roman Catholic,WORRY2b_W54,5,"0.000000,0.000000,1.000000,0.000000,0.000000"
mistral_instruct,RACExRELIG,RACExRELIG :: Hispanic | Nothing in particular,WORRY2b_W54,5,"0.000000,0.000000,1.000000,0.000000,0.000000"
mistral_instruct,RACExRELIG,RACExRELIG :: Hispanic | Protestant,WORRY2b_W54,5,"0.000000,0.000000,1.000000,0.000000,0.000000"
mistral_instruct,RACExRELIG,RACExRELIG :: Hispanic | Roman Catholic,WORRY2b_W54,5,"0.000000,0.000000,1.000000,0.000000,0.000000"
mistral_instruct,RACExRELIG,RACExRELIG :: Mixed Race | Nothing in particular,WORRY2b_W54,5,"0.000000,0.000000,1.000000,0.000000,0.000000"
mistral_instruct,RACExRELIG,RACExRELIG :: Mixed Race | Protestant,WORRY2b_W54,5,"0.000000,0.000000,1.000000,0.000000,0.000000"
mistral_instruct,RACExRELIG,RACExRELIG :: Refused | Protestant,WORRY2b_W54,5,"0.000000,0.000000,1.000000,0.000000,0.000000"
mistral_instruct,RACExRELIG,RACExRELIG :: White | Agnostic,WORRY2b_W54,5,"0.000000,0.000000,1.000000,0.000000,0.000000"
mistral_instruct,RACExRELIG,RACExRELIG :: White | Atheist,WORRY2b_W54,5,"0.000000,0.000000,0.999961,0.000038,0.000002"
mistral_instruct,RACExRELIG,RACExRELIG :: White | Jewish,WORRY2b_W54,5,"0.000000,0.000000,1.000000,0.000000,0.000000"
mistral_instruct,RACExRELIG,RACExRELIG :: White | Mormon,WORRY2b_W54,5,"0.000000,0.000000,1.000000,0.000000,0.000000"
mistral_instruct,RACExRELIG,RACExRELIG :: White | Nothing in particular,WORRY2b_W54,5,"0.000000,0.000000,1.000000,0.000000,0.000000"
mistral_instruct,RACExRELIG,RACExRELIG :: White | Orthodox,WORRY2b_W54,5,"0.000000,0.000000,0.999999,0.000001,0.000000"
mistral_instruct,RACExRELIG,RACExRELIG :: White | Other,WORRY2b_W54,5,"0.000000,0.000000,1.000000,0.000000,0.000000"
mistral_instruct,RACExRELIG,RACExRELIG :: White | Protestant,WORRY2b_W54,5,"0.000000,0.000000,1.000000,0.000000,0.000000"
mistral_instruct,RACExRELIG,RACExRELIG :: White | Roman Catholic,WORRY2b_W54,5,"0.000000,0.000000,1.000000,0.000000,0.000000"
mistral_instruct,RELIGxPOLPARTY,RELIGxPOLPARTY :: Agnostic | Democrat,AMNTWMNP2F1_W36,3,"0.000000,1.000000,0.000000"
mistral_instruct,RELIGxPOLPARTY,RELIGxPOLPARTY :: Agnostic | Independent,AMNTWMNP2F1_W36,3,"0.000000,1.000000,0.000000"
mistral_instruct,RELIGxPOLPARTY,RELIGxPOLPARTY :: Agnostic | Other,AMNTWMNP2F1_W36,3,"0.000000,1.000000,0.000000"
mistral_instruct,RELIGxPOLPARTY,RELIGxPOLPARTY :: Atheist | Democrat,AMNTWMNP2F1_W36,3,"0.000000,0.001216,0.998784"
mistral_instruct,RELIGxPOLPARTY,RELIGxPOLPARTY :: Atheist | Independent,AMNTWMNP2F1_W36,3,"0.000000,1.000000,0.000000"
mistral_instruct,RELIGxPOLPARTY,RELIGxPOLPARTY :: Jewish | Democrat,AMNTWMNP2F1_W36,3,"0.000001,0.108189,0.891810"
mistral_instruct,RELIGxPOLPARTY,RELIGxPOLPARTY :: Jewish | Independent,AMNTWMNP2F1_W36,3,"0.000000,1.000000,0.000000"
mistral_instruct,RELIGxPOLPARTY,RELIGxPOLPARTY :: Mormon | Republican,AMNTWMNP2F1_W36,3,"1.000000,0.000000,0.000000"
mistral_instruct,RELIGxPOLPARTY,RELIGxPOLPARTY :: Nothing in particular | Democrat,AMNTWMNP2F1_W36,3,"0.000000,0.997965,0.002035"
mistral_instruct,RELIGxPOLPARTY,RELIGxPOLPARTY :: Nothing in particular | Independent,AMNTWMNP2F1_W36,3,"0.000000,1.000000,0.000000"
mistral_instruct,RELIGxPOLPARTY,RELIGxPOLPARTY :: Nothing in particular | Other,AMNTWMNP2F1_W36,3,"0.000000,1.000000,0.000000"
mistral_instruct,RELIGxPOLPARTY,RELIGxPOLPARTY :: Nothing in particular | Republican,AMNTWMNP2F1_W36,3,"1.000000,0.000000,0.000000"
mistral_instruct,RELIGxPOLPARTY,RELIGxPOLPARTY :: Other | Democrat,AMNTWMNP2F1_W36,3,"0.000000,0.008985,0.991014"
mistral_instruct,RELIGxPOLPARTY,RELIGxPOLPARTY :: Other | Independent,AMNTWMNP2F1_W36,3,"0.000000,1.000000,0.000000"
mistral_instruct,RELIGxPOLPARTY,RELIGxPOLPARTY :: Protestant | Democrat,AMNTWMNP2F1_W36,3,"0.000001,0.999752,0.000247"
mistral_instruct,RELIGxPOLPARTY,RELIGxPOLPARTY :: Protestant | Independent,AMNTWMNP2F1_W36,3,"0.000000,1.000000,0.000000"
mistral_instruct,RELIGxPOLPARTY,RELIGxPOLPARTY :: Protestant | Other,AMNTWMNP2F1_W36,3,"0.000001,0.999998,0.000000"
mistral_instruct,RELIGxPOLPARTY,RELIGxPOLPARTY :: Protestant | Republican,AMNTWMNP2F1_W36,3,"1.000000,0.000000,0.000000"
mistral_instruct,RELIGxPOLPARTY,RELIGxPOLPARTY :: Roman Catholic | Democrat,AMNTWMNP2F1_W36,3,"0.000001,0.999631,0.000368"
mistral_instruct,RELIGxPOLPARTY,RELIGxPOLPARTY :: Roman Catholic | Independent,AMNTWMNP2F1_W36,3,"0.000000,1.000000,0.000000"
mistral_instruct,RELIGxPOLPARTY,RELIGxPOLPARTY :: Roman Catholic | Other,AMNTWMNP2F1_W36,3,"0.000000,1.000000,0.000000"
mistral_instruct,RELIGxPOLPARTY,RELIGxPOLPARTY :: Roman Catholic | Republican,AMNTWMNP2F1_W36,3,"1.000000,0.000000,0.000000"
mistral_instruct,RELIGxPOLPARTY,RELIGxPOLPARTY :: Agnostic | Democrat,BENEFITGOV_W49,4,"0.000010,0.000007,0.999964,0.000020"
mistral_instruct,RELIGxPOLPARTY,RELIGxPOLPARTY :: Agnostic | Independent,BENEFITGOV_W49,4,"0.000000,0.000000,0.999999,0.000001"
mistral_instruct,RELIGxPOLPARTY,RELIGxPOLPARTY :: Atheist | Democrat,BENEFITGOV_W49,4,"0.000044,0.000000,0.998557,0.001399"
mistral_instruct,RELIGxPOLPARTY,RELIGxPOLPARTY :: Atheist | Independent,BENEFITGOV_W49,4,"0.000017,0.000000,0.950394,0.049588"
mistral_instruct,RELIGxPOLPARTY,RELIGxPOLPARTY :: Atheist | Other,BENEFITGOV_W49,4,"0.000001,0.000000,0.000000,0.999999"
mistral_instruct,RELIGxPOLPARTY,RELIGxPOLPARTY :: Jewish | Democrat,BENEFITGOV_W49,4,"0.000014,0.000002,0.999953,0.000031"
mistral_instruct,RELIGxPOLPARTY,RELIGxPOLPARTY :: Mormon | Republican,BENEFITGOV_W49,4,"0.000001,0.000000,0.999998,0.000001"
mistral_instruct,RELIGxPOLPARTY,RELIGxPOLPARTY :: Nothing in particular | Democrat,BENEFITGOV_W49,4,"0.000016,0.000000,0.888744,0.111239"
mistral_instruct,RELIGxPOLPARTY,RELIGxPOLPARTY :: Nothing in particular | Independent,BENEFITGOV_W49,4,"0.000004,0.000000,0.872344,0.127652"
mistral_instruct,RELIGxPOLPARTY,RELIGxPOLPARTY :: Nothing in particular | Other,BENEFITGOV_W49,4,"0.000001,0.000000,0.000007,0.999992"
mistral_instruct,RELIGxPOLPARTY,RELIGxPOLPARTY :: Nothing in particular | Republican,BENEFITGOV_W49,4,"0.000000,0.000000,0.999933,0.000067"
mistral_instruct,RELIGxPOLPARTY,RELIGxPOLPARTY :: Other | Independent,BENEFITGOV_W49,4,"0.000003,0.000000,0.999734,0.000263"
mistral_instruct,RELIGxPOLPARTY,RELIGxPOLPARTY :: Protestant | Democrat,BENEFITGOV_W49,4,"0.000061,0.000017,0.999860,0.000062"
mistral_instruct,RELIGxPOLPARTY,RELIGxPOLPARTY :: Protestant | Independent,BENEFITGOV_W49,4,"0.000004,0.000002,0.999990,0.000003"
mistral_instruct,RELIGxPOLPARTY,RELIGxPOLPARTY :: Protestant | Other,BENEFITGOV_W49,4,"0.000020,0.000000,0.997286,0.002694"
mistral_instruct,RELIGxPOLPARTY,RELIGxPOLPARTY :: Protestant | Republican,BENEFITGOV_W49,4,"0.000000,0.000000,0.999999,0.000000"
mistral_instruct,RELIGxPOLPARTY,RELIGxPOLPARTY :: Roman Catholic | Democrat,BENEFITGOV_W49,4,"0.000008,0.000001,0.999975,0.000015"
mistral_instruct,RELIGxPOLPARTY,RELIGxPOLPARTY :: Roman Catholic | Independent,BENEFITGOV_W49,4,"0.000002,0.000000,0.999995,0.000003"
mistral_instruct,RELIGxPOLPARTY,RELIGxPOLPARTY :: Roman Catholic | Other,BENEFITGOV_W49,4,"0.000005,0.000000,0.998321,0.001674"
mistral_instruct,RELIGxPOLPARTY,RELIGxPOLPARTY :: Roman Catholic | Republican,BENEFITGOV_W49,4,"0.000000,0.000000,0.999999,0.000001"
mistral_instruct,RELIGxPOLPARTY,RELIGxPOLPARTY :: Agnostic | Democrat,BETTERBIZ1F2F_W36,3,"0.000000,0.000000,1.000000"
mistral_instruct,RELIGxPOLPARTY,RELIGxPOLPARTY :: Agnostic | Independent,BETTERBIZ1F2F_W36,3,"0.000000,0.000000,1.000000"
mistral_instruct,RELIGxPOLPARTY,RELIGxPOLPARTY :: Agnostic | Other,BETTERBIZ1F2F_W36,3,"0.000000,0.000000,1.000000"
mistral_instruct,RELIGxPOLPARTY,RELIGxPOLPARTY :: Atheist | Democrat,BETTERBIZ1F2F_W36,3,"0.000000,0.000000,1.000000"
mistral_instruct,RELIGxPOLPARTY,RELIGxPOLPARTY :: Atheist | Independent,BETTERBIZ1F2F_W36,3,"0.000000,0.000000,1.000000"
mistral_instruct,RELIGxPOLPARTY,RELIGxPOLPARTY :: Jewish | Democrat,BETTERBIZ1F2F_W36,3,"0.000000,0.000000,1.000000"
mistral_instruct,RELIGxPOLPARTY,RELIGxPOLPARTY :: Jewish | Independent,BETTERBIZ1F2F_W36,3,"0.000000,0.000000,1.000000"
mistral_instruct,RELIGxPOLPARTY,RELIGxPOLPARTY :: Mormon | Republican,BETTERBIZ1F2F_W36,3,"0.000000,0.000000,1.000000"
mistral_instruct,RELIGxPOLPARTY,RELIGxPOLPARTY :: Nothing in particular | Democrat,BETTERBIZ1F2F_W36,3,"0.000000,0.000000,1.000000"
mistral_instruct,RELIGxPOLPARTY,RELIGxPOLPARTY :: Nothing in particular | Independent,BETTERBIZ1F2F_W36,3,"0.000000,0.000000,1.000000"
mistral_instruct,RELIGxPOLPARTY,RELIGxPOLPARTY :: Nothing in particular | Other,BETTERBIZ1F2F_W36,3,"0.000000,0.000000,1.000000"
mistral_instruct,RELIGxPOLPARTY,RELIGxPOLPARTY :: Nothing in particular | Republican,BETTERBIZ1F2F_W36,3,"0.000000,0.000000,1.000000"
mistral_instruct,RELIGxPOLPARTY,RELIGxPOLPARTY :: Other | Democrat,BETTERBIZ1F2F_W36,3,"0.000000,0.000000,1.000000"
mistral_instruct,RELIGxPOLPARTY,RELIGxPOLPARTY :: Other | Independent,BETTERBIZ1F2F_W36,3,"0.000000,0.000000,1.000000"
mistral_instruct,RELIGxPOLPARTY,RELIGxPOLPARTY :: Protestant | Democrat,BETTERBIZ1F2F_W36,3,"0.000000,0.000000,1.000000"
mistral_instruct,RELIGxPOLPARTY,RELIGxPOLPARTY :: Protestant | Independent,BETTERBIZ1F2F_W36,3,"0.000000,0.000000,1.000000"
mistral_instruct,RELIGxPOLPARTY,RELIGxPOLPARTY :: Protestant | Other,BETTERBIZ1F2F_W36,3,"0.000000,0.000000,1.000000"
mistral_instruct,RELIGxPOLPARTY,RELIGxPOLPARTY :: Protestant | Republican,BETTERBIZ1F2F_W36,3,"0.000000,0.000000,1.000000"
mistral_instruct,RELIGxPOLPARTY,RELIGxPOLPARTY :: Roman Catholic | Democrat,BETTERBIZ1F2F_W36,3,"0.000001,0.000000,1.000000"
mistral_instruct,RELIGxPOLPARTY,RELIGxPOLPARTY :: Roman Catholic | Independent,BETTERBIZ1F2F_W36,3,"0.000000,0.000000,1.000000"
mistral_instruct,RELIGxPOLPARTY,RELIGxPOLPARTY :: Roman Catholic | Other,BETTERBIZ1F2F_W36,3,"0.000000,0.000000,1.000000"
mistral_instruct,RELIGxPOLPARTY,RELIGxPOLPARTY :: Roman Catholic | Republican,BETTERBIZ1F2F_W36,3,"0.000001,0.000000,1.000000"
mistral_instruct,RELIGxPOLPARTY,RELIGxPOLPARTY :: Agnostic | Democrat,BETTERPOL2F1B_W36,3,"0.000000,0.000000,1.000000"
mistral_instruct,RELIGxPOLPARTY,RELIGxPOLPARTY :: Agnostic | Independent,BETTERPOL2F1B_W36,3,"0.000000,0.000000,1.000000"
mistral_instruct,RELIGxPOLPARTY,RELIGxPOLPARTY :: Agnostic | Other,BETTERPOL2F1B_W36,3,"0.000000,0.000000,1.000000"
mistral_instruct,RELIGxPOLPARTY,RELIGxPOLPARTY :: Atheist | Democrat,BETTERPOL2F1B_W36,3,"0.000000,0.000000,1.000000"
mistral_instruct,RELIGxPOLPARTY,RELIGxPOLPARTY :: Atheist | Independent,BETTERPOL2F1B_W36,3,"0.000000,0.000000,1.000000"
mistral_instruct,RELIGxPOLPARTY,RELIGxPOLPARTY :: Jewish | Democrat,BETTERPOL2F1B_W36,3,"0.000000,0.000000,1.000000"
mistral_instruct,RELIGxPOLPARTY,RELIGxPOLPARTY :: Jewish | Independent,BETTERPOL2F1B_W36,3,"0.000000,0.000000,1.000000"
mistral_instruct,RELIGxPOLPARTY,RELIGxPOLPARTY :: Mormon | Republican,BETTERPOL2F1B_W36,3,"0.000000,0.000000,1.000000"
mistral_instruct,RELIGxPOLPARTY,RELIGxPOLPARTY :: Nothing in particular | Democrat,BETTERPOL2F1B_W36,3,"0.000000,0.000000,1.000000"
mistral_instruct,RELIGxPOLPARTY,RELIGxPOLPARTY :: Nothing in particular | Independent,BETTERPOL2F1B_W36,3,"0.000000,0.000000,1.000000"
mistral_instruct,RELIGxPOLPARTY,RELIGxPOLPARTY :: Nothing in particular | Other,BETTERPOL2F1B_W36,3,"0.000000,0.000000,1.000000"
mistral_instruct,RELIGxPOLPARTY,RELIGxPOLPARTY :: Nothing in particular | Republican,BETTERPOL2F1B_W36,3,"0.000000,0.000000,1.000000"
mistral_instruct,RELIGxPOLPARTY,RELIGxPOLPARTY :: Other | Democrat,BETTERPOL2F1B_W36,3,"0.000000,0.000000,1.000000"
mistral_instruct,RELIGxPOLPARTY,RELIGxPOLPARTY :: Other | Independent,BETTERPOL2F1B_W36,3,"0.000000,0.000000,1.000000"
mistral_instruct,RELIGxPOLPARTY,RELIGxPOLPARTY :: Protestant | Democrat,BETTERPOL2F1B_W36,3,"0.000000,0.000000,1.000000"
mistral_instruct,RELIGxPOLPARTY,RELIGxPOLPARTY :: Protestant | Independent,BETTERPOL2F1B_W36,3,"0.000000,0.000000,1.000000"
mistral_instruct,RELIGxPOLPARTY,RELIGxPOLPARTY :: Protestant | Other,BETTERPOL2F1B_W36,3,"0.000000,0.000000,1.000000"
mistral_instruct,RELIGxPOLPARTY,RELIGxPOLPARTY :: Protestant | Republican,BETTERPOL2F1B_W36,3,"0.000000,0.000000,1.000000"
mistral_instruct,RELIGxPOLPARTY,RELIGxPOLPARTY :: Roman Catholic | Democrat,BETTERPOL2F1B_W36,3,"0.000000,0.000000,1.000000"
mistral_instruct,RELIGxPOLPARTY,RELIGxPOLPARTY :: Roman Catholic | Independent,BETTERPOL2F1B_W36,3,"0.000000,0.000000,1.000000"
mistral_instruct,RELIGxPOLPARTY,RELIGxPOLPARTY :: Roman Catholic | Other,BETTERPOL2F1B_W36,3,"0.000000,0.000000,1.000000"
mistral_instruct,RELIGxPOLPARTY,RELIGxPOLPARTY :: Roman Catholic | Republican,BETTERPOL2F1B_W36,3,"0.000000,0.000000,1.000000"
mistral_instruct,RELIGxPOLPARTY,RELIGxPOLPARTY :: Agnostic | Democrat,COHABDUR_W50,6,"0.999999,0.000000,0.000000,0.000000,0.000000,0.000000"
mistral_instruct,RELIGxPOLPARTY,RELIGxPOLPARTY :: Agnostic | Independent,COHABDUR_W50,6,"1.000000,0.000000,0.000000,0.000000,0.000000,0.000000"
mistral_instruct,RELIGxPOLPARTY,RELIGxPOLPARTY :: Agnostic | Other,COHABDUR_W50,6,"0.999999,0.000000,0.000000,0.000000,0.000000,0.000000"
mistral_instruct,RELIGxPOLPARTY,RELIGxPOLPARTY :: Agnostic | Republican,COHABDUR_W50,6,"1.000000,0.000000,0.000000,0.000000,0.000000,0.000000"
mistral_instruct,RELIGxPOLPARTY,RELIGxPOLPARTY :: Atheist | Democrat,COHABDUR_W50,6,"1.000000,0.000000,0.000000,0.000000,0.000000,0.000000"
mistral_instruct,RELIGxPOLPARTY,RELIGxPOLPARTY :: Atheist | Independent,COHABDUR_W50,6,"1.000000,0.000000,0.000000,0.000000,0.000000,0.000000"
mistral_instruct,RELIGxPOLPARTY,RELIGxPOLPARTY :: Atheist | Other,COHABDUR_W50,6,"1.000000,0.000000,0.000000,0.000000,0.000000,0.000000"
mistral_instruct,RELIGxPOLPARTY,RELIGxPOLPARTY :: Buddhist | Democrat,COHABDUR_W50,6,"0.992393,0.000202,0.004892,0.001402,0.000444,0.000667"
mistral_instruct,RELIGxPOLPARTY,RELIGxPOLPARTY :: Jewish | Democrat,COHABDUR_W50,6,"0.997002,0.000008,0.002313,0.000459,0.000092,0.000126"
mistral_instruct,RELIGxPOLPARTY,RELIGxPOLPARTY :: Jewish | Independent,COHABDUR_W50,6,"0.999885,0.000000,0.000079,0.000016,0.000009,0.000010"
mistral_instruct,RELIGxPOLPARTY,RELIGxPOLPARTY :: Mormon | Independent,COHABDUR_W50,6,"0.999574,0.000000,0.000404,0.000011,0.000005,0.000005"
mistral_instruct,RELIGxPOLPARTY,RELIGxPOLPARTY :: Mormon | Republican,COHABDUR_W50,6,"0.999962,0.000000,0.000036,0.000001,0.000000,0.000001"
mistral_instruct,RELIGxPOLPARTY,RELIGxPOLPARTY :: Nothing in particular | Democrat,COHABDUR_W50,6,"1.000000,0.000000,0.000000,0.000000,0.000000,0.000000"
mistral_instruct,RELIGxPOLPARTY,RELIGxPOLPARTY :: Nothing in particular | Independent,COHABDUR_W50,6,"1.000000,0.000000,0.000000,0.000000,0.000000,0.000000"
mistral_instruct,RELIGxPOLPARTY,RELIGxPOLPARTY :: Nothing in particular | Other,COHABDUR_W50,6,"1.000000,0.000000,0.000000,0.000000,0.000000,0.000000"
mistral_instruct,RELIGxPOLPARTY,RELIGxPOLPARTY :: Nothing in particular | Republican,COHABDUR_W50,6,"1.000000,0.000000,0.000000,0.000000,0.000000,0.000000"
mistral_instruct,RELIGxPOLPARTY,RELIGxPOLPARTY :: Other | Democrat,COHABDUR_W50,6,"0.999994,0.000000,0.000002,0.000002,0.000001,0.000001"
mistral_instruct,RELIGxPOLPARTY,RELIGxPOLPARTY :: Other | Independent,COHABDUR_W50,6,"1.000000,0.000000,0.000000,0.000000,0.000000,0.000000"
mistral_instruct,RELIGxPOLPARTY,RELIGxPOLPARTY :: Other | Other,COHABDUR_W50,6,"0.999930,0.000002,0.000007,0.000018,0.000019,0.000025"
mistral_instruct,RELIGxPOLPARTY,RELIGxPOLPARTY :: Protestant | Democrat,COHABDUR_W50,6,"0.999890,0.000001,0.000077,0.000017,0.000005,0.000010"
mistral_instruct,RELIGxPOLPARTY,RELIGxPOLPARTY :: Protestant | Independent,COHABDUR_W50,6,"0.999998,0.000000,0.000001,0.000000,0.000000,0.000000"
mistral_instruct,RELIGxPOLPARTY,RELIGxPOLPARTY :: Protestant | Other,COHABDUR_W50,6,"1.000000,0.000000,0.000000,0.000000,0.000000,0.000000"
mistral_instruct,RELIGxPOLPARTY,RELIGxPOLPARTY :: Protestant | Refused,COHABDUR_W50,6,"0.999995,0.000000,0.000001,0.000001,0.000001,0.000002"
mistral_instruct,RELIGxPOLPARTY,RELIGxPOLPARTY :: Protestant | Republican,COHABDUR_W50,6,"0.999999,0.000000,0.000001,0.000000,0.000000,0.000000"
mistral_instruct,RELIGxPOLPARTY,RELIGxPOLPARTY :: Roman Catholic | Democrat,COHABDUR_W50,6,"0.990228,0.000019,0.008770,0.000531,0.000148,0.000304"
mistral_instruct,RELIGxPOLPARTY,RELIGxPOLPARTY :: Roman Catholic | Independent,COHABDUR_W50,6,"0.999600,0.000001,0.000351,0.000016,0.000014,0.000017"
mistral_instruct,RELIGxPOLPARTY,RELIGxPOLPARTY :: Roman Catholic | Other,COHABDUR_W50,6,"0.999947,0.000000,0.000037,0.000006,0.000003,0.000006"
mistral_instruct,RELIGxPOLPARTY,RELIGxPOLPARTY :: Roman Catholic | Republican,COHABDUR_W50,6,"0.999993,0.000000,0.000005,0.000001,0.000000,0.000001"
mistral_instruct,RELIGxPOLPARTY,RELIGxPOLPARTY :: Agnostic | Democrat,DATAUSEe_W49,2,"1.000000,0.000000"
mistral_instruct,RELIGxPOLPARTY,RELIGxPOLPARTY :: Agnostic | Independent,DATAUSEe_W49,2,"1.000000,0.000000"
mistral_instruct,RELIGxPOLPARTY,RELIGxPOLPARTY :: Atheist | Democrat,DATAUSEe_W49,2,"1.000000,0.000000"
mistral_instruct,RELIGxPOLPARTY,RELIGxPOLPARTY :: Atheist | Independent,DATAUSEe_W49,2,"1.000000,0.000000"
mistral_instruct,RELIGxPOLPARTY,RELIGxPOLPARTY :: Atheist | Other,DATAUSEe_W49,2,"1.000000,0.000000"
mistral_instruct,RELIGxPOLPARTY,RELIGxPOLPARTY :: Jewish | Democrat,DATAUSEe_W49,2,"1.000000,0.000000"
mistral_instruct,RELIGxPOLPARTY,RELIGxPOLPARTY :: Mormon | Republican,DATAUSEe_W49,2,"1.000000,0.000000"
mistral_instruct,RELIGxPOLPARTY,RELIGxPOLPARTY :: Nothing in particular | Democrat,DATAUSEe_W49,2,"1.000000,0.000000"
mistral_instruct,RELIGxPOLPARTY,RELIGxPOLPARTY :: Nothing in particular | Independent,DATAUSEe_W49,2,"1.000000,0.000000"
mistral_instruct,RELIGxPOLPARTY,RELIGxPOLPARTY :: Nothing in particular | Other,DATAUSEe_W49,2,"1.000000,0.000000"
mistral_instruct,RELIGxPOLPARTY,RELIGxPOLPARTY :: Nothing in particular | Republican,DATAUSEe_W49,2,"1.000000,0.000000"
mistral_instruct,RELIGxPOLPARTY,RELIGxPOLPARTY :: Other | Independent,DATAUSEe_W49,2,"1.000000,0.000000"
mistral_instruct,RELIGxPOLPARTY,RELIGxPOLPARTY :: Protestant | Democrat,DATAUSEe_W49,2,"1.000000,0.000000"
mistral_instruct,RELIGxPOLPARTY,RELIGxPOLPARTY :: Protestant | Independent,DATAUSEe_W49,2,"1.000000,0.000000"
mistral_instruct,RELIGxPOLPARTY,RELIGxPOLPARTY :: Protestant | Other,DATAUSEe_W49,2,"1.000000,0.000000"
mistral_instruct,RELIGxPOLPARTY,RELIGxPOLPARTY :: Protestant | Republican,DATAUSEe_W49,2,"1.000000,0.000000"
mistral_instruct,RELIGxPOLPARTY,RELIGxPOLPARTY :: Roman Catholic | Democrat,DATAUSEe_W49,2,"1.000000,0.000000"
mistral_instruct,RELIGxPOLPARTY,RELIGxPOLPARTY :: Roman Catholic | Independent,DATAUSEe_W49,2,"1.000000,0.000000"
mistral_instruct,RELIGxPOLPARTY,RELIGxPOLPARTY :: Roman Catholic | Other,DATAUSEe_W49,2,"1.000000,0.000000"
mistral_instruct,RELIGxPOLPARTY,RELIGxPOLPARTY :: Roman Catholic | Republican,DATAUSEe_W49,2,"1.000000,0.000000"
mistral_instruct,RELIGxPOLPARTY,RELIGxPOLPARTY :: Agnostic | Democrat,DIFF1A_W29,2,"0.999999,0.000001"
mistral_instruct,RELIGxPOLPARTY,RELIGxPOLPARTY :: Agnostic | Independent,DIFF1A_W29,2,"0.999980,0.000020"
mistral_instruct,RELIGxPOLPARTY,RELIGxPOLPARTY :: Agnostic | Other,DIFF1A_W29,2,"0.999015,0.000985"
mistral_instruct,RELIGxPOLPARTY,RELIGxPOLPARTY :: Atheist | Democrat,DIFF1A_W29,2,"0.999965,0.000035"
mistral_instruct,RELIGxPOLPARTY,RELIGxPOLPARTY :: Atheist | Independent,DIFF1A_W29,2,"0.999045,0.000955"
mistral_instruct,RELIGxPOLPARTY,RELIGxPOLPARTY :: Atheist | Other,DIFF1A_W29,2,"0.999914,0.000086"
mistral_instruct,RELIGxPOLPARTY,RELIGxPOLPARTY :: Jewish | Democrat,DIFF1A_W29,2,"0.999296,0.000704"
mistral_instruct,RELIGxPOLPARTY,RELIGxPOLPARTY :: Mormon | Independent,DIFF1A_W29,2,"0.558327,0.441673"
mistral_instruct,RELIGxPOLPARTY,RELIGxPOLPARTY :: Mormon | Republican,DIFF1A_W29,2,"0.000779,0.999221"
mistral_instruct,RELIGxPOLPARTY,RELIGxPOLPARTY :: Nothing in particular | Democrat,DIFF1A_W29,2,"0.995993,0.004007"
mistral_instruct,RELIGxPOLPARTY,RELIGxPOLPARTY :: Nothing in particular | Independent,DIFF1A_W29,2,"0.156620,0.843380"
mistral_instruct,RELIGxPOLPARTY,RELIGxPOLPARTY :: Nothing in particular | Other,DIFF1A_W29,2,"0.027273,0.972727"
mistral_instruct,RELIGxPOLPARTY,RELIGxPOLPARTY :: Nothing in particular | Republican,DIFF1A_W29,2,"0.017243,0.982757"
mistral_instruct,RELIGxPOLPARTY,RELIGxPOLPARTY :: Other | Democrat,DIFF1A_W29,2,"0.999932,0.000068"
mistral_instruct,RELIGxPOLPARTY,RELIGxPOLPARTY :: Other | Independent,DIFF1A_W29,2,"0.891811,0.108189"
mistral_instruct,RELIGxPOLPARTY,RELIGxPOLPARTY :: Protestant | Democrat,DIFF1A_W29,2,"0.999993,0.000007"
mistral_instruct,RELIGxPOLPARTY,RELIGxPOLPARTY :: Protestant | Independent,DIFF1A_W29,2,"0.999789,0.000211"
mistral_instruct,RELIGxPOLPARTY,RELIGxPOLPARTY :: Protestant | Other,DIFF1A_W29,2,"0.819893,0.180107"
mistral_instruct,RELIGxPOLPARTY,RELIGxPOLPARTY :: Protestant | Republican,DIFF1A_W29,2,"0.011029,0.988971"
mistral_instruct,RELIGxPOLPARTY,RELIGxPOLPARTY :: Roman Catholic | Democrat,DIFF1A_W29,2,"0.999904,0.000096"
mistral_instruct,RELIGxPOLPARTY,RELIGxPOLPARTY :: Roman Catholic | Independent,DIFF1A_W29,2,"0.777300,0.222700"
mistral_instruct,RELIGxPOLPARTY,RELIGxPOLPARTY :: Roman Catholic | Other,DIFF1A_W29,2,"0.900179,0.099821"
mistral_instruct,RELIGxPOLPARTY,RELIGxPOLPARTY :: Roman Catholic | Republican,DIFF1A_W29,2,"0.017243,0.982757"
mistral_instruct,RELIGxPOLPARTY,RELIGxPOLPARTY :: Agnostic | Democrat,DIFF1B_W29,2,"0.999999,0.000001"
mistral_instruct,RELIGxPOLPARTY,RELIGxPOLPARTY :: Agnostic | Independent,DIFF1B_W29,2,"0.999999,0.000001"
mistral_instruct,RELIGxPOLPARTY,RELIGxPOLPARTY :: Agnostic | Other,DIFF1B_W29,2,"0.999929,0.000071"
mistral_instruct,RELIGxPOLPARTY,RELIGxPOLPARTY :: Atheist | Democrat,DIFF1B_W29,2,"0.999918,0.000082"
mistral_instruct,RELIGxPOLPARTY,RELIGxPOLPARTY :: Atheist | Independent,DIFF1B_W29,2,"0.999992,0.000008"
mistral_instruct,RELIGxPOLPARTY,RELIGxPOLPARTY :: Atheist | Other,DIFF1B_W29,2,"0.999953,0.000047"
mistral_instruct,RELIGxPOLPARTY,RELIGxPOLPARTY :: Jewish | Democrat,DIFF1B_W29,2,"0.999997,0.000003"
mistral_instruct,RELIGxPOLPARTY,RELIGxPOLPARTY :: Mormon | Independent,DIFF1B_W29,2,"0.999955,0.000045"
mistral_instruct,RELIGxPOLPARTY,RELIGxPOLPARTY :: Mormon | Republican,DIFF1B_W29,2,"0.017442,0.982557"
mistral_instruct,RELIGxPOLPARTY,RELIGxPOLPARTY :: Nothing in particular | Democrat,DIFF1B_W29,2,"0.998232,0.001768"
mistral_instruct,RELIGxPOLPARTY,RELIGxPOLPARTY :: Nothing in particular | Independent,DIFF1B_W29,2,"0.164516,0.835484"
mistral_instruct,RELIGxPOLPARTY,RELIGxPOLPARTY :: Nothing in particular | Other,DIFF1B_W29,2,"0.003312,0.996689"
mistral_instruct,RELIGxPOLPARTY,RELIGxPOLPARTY :: Nothing in particular | Republican,DIFF1B_W29,2,"0.001138,0.998862"
mistral_instruct,RELIGxPOLPARTY,RELIGxPOLPARTY :: Other | Democrat,DIFF1B_W29,2,"0.999770,0.000231"
mistral_instruct,RELIGxPOLPARTY,RELIGxPOLPARTY :: Other | Independent,DIFF1B_W29,2,"0.709019,0.290981"
mistral_instruct,RELIGxPOLPARTY,RELIGxPOLPARTY :: Protestant | Democrat,DIFF1B_W29,2,"0.999999,0.000001"
mistral_instruct,RELIGxPOLPARTY,RELIGxPOLPARTY :: Protestant | Independent,DIFF1B_W29,2,"1.000000,0.000000"
mistral_instruct,RELIGxPOLPARTY,RELIGxPOLPARTY :: Protestant | Other,DIFF1B_W29,2,"0.999931,0.000069"
mistral_instruct,RELIGxPOLPARTY,RELIGxPOLPARTY :: Protestant | Republican,DIFF1B_W29,2,"0.008478,0.991522"
mistral_instruct,RELIGxPOLPARTY,RELIGxPOLPARTY :: Roman Catholic | Democrat,DIFF1B_W29,2,"0.999995,0.000005"
mistral_instruct,RELIGxPOLPARTY,RELIGxPOLPARTY :: Roman Catholic | Independent,DIFF1B_W29,2,"0.999924,0.000076"
mistral_instruct,RELIGxPOLPARTY,RELIGxPOLPARTY :: Roman Catholic | Other,DIFF1B_W29,2,"0.997965,0.002035"
mistral_instruct,RELIGxPOLPARTY,RELIGxPOLPARTY :: Roman Catholic | Republican,DIFF1B_W29,2,"0.016403,0.983597"
mistral_instruct,RELIGxPOLPARTY,RELIGxPOLPARTY :: Agnostic | Democrat,DNA3c_W50,2,"1.000000,0.000000"
mistral_instruct,RELIGxPOLPARTY,RELIGxPOLPARTY :: Agnostic | Independent,DNA3c_W50,2,"0.997695,0.002305"
mistral_instruct,RELIGxPOLPARTY,RELIGxPOLPARTY :: Agnostic | Other,DNA3c_W50,2,"0.999952,0.000048"
mistral_instruct,RELIGxPOLPARTY,RELIGxPOLPARTY :: Agnostic | Republican,DNA3c_W50,2,"0.999994,0.000006"
mistral_instruct,RELIGxPOLPARTY,RELIGxPOLPARTY :: Atheist | Democrat,DNA3c_W50,2,"1.000000,0.000000"
mistral_instruct,RELIGxPOLPARTY,RELIGxPOLPARTY :: Atheist | Independent,DNA3c_W50,2,"0.999923,0.000077"
mistral_instruct,RELIGxPOLPARTY,RELIGxPOLPARTY :: Atheist | Other,DNA3c_W50,2,"0.999993,0.000007"
mistral_instruct,RELIGxPOLPARTY,RELIGxPOLPARTY :: Buddhist | Democrat,DNA3c_W50,2,"1.000000,0.000000"
mistral_instruct,RELIGxPOLPARTY,RELIGxPOLPARTY :: Jewish | Democrat,DNA3c_W50,2,"1.000000,0.000000"
mistral_instruct,RELIGxPOLPARTY,RELIGxPOLPARTY :: Jewish | Independent,DNA3c_W50,2,"1.000000,0.000000"
mistral_instruct,RELIGxPOLPARTY,RELIGxPOLPARTY :: Jewish | Republican,DNA3c_W50,2,"1.000000,0.000000"
mistral_instruct,RELIGxPOLPARTY,RELIGxPOLPARTY :: Mormon | Democrat,DNA3c_W50,2,"1.000000,0.000000"
mistral_instruct,RELIGxPOLPARTY,RELIGxPOLPARTY :: Mormon | Independent,DNA3c_W50,2,"1.000000,0.000000"
mistral_instruct,RELIGxPOLPARTY,RELIGxPOLPARTY :: Mormon | Republican,DNA3c_W50,2,"1.000000,0.000000"
mistral_instruct,RELIGxPOLPARTY,RELIGxPOLPARTY :: Nothing in particular | Democrat,DNA3c_W50,2,"0.999893,0.000107"
mistral_instruct,RELIGxPOLPARTY,RELIGxPOLPARTY :: Nothing in particular | Independent,DNA3c_W50,2,"0.000381,0.999619"
mistral_instruct,RELIGxPOLPARTY,RELIGxPOLPARTY :: Nothing in particular | Other,DNA3c_W50,2,"0.000519,0.999481"
mistral_instruct,RELIGxPOLPARTY,RELIGxPOLPARTY :: Nothing in particular | Republican,DNA3c_W50,2,"0.948917,0.051083"
mistral_instruct,RELIGxPOLPARTY,RELIGxPOLPARTY :: Other | Democrat,DNA3c_W50,2,"1.000000,0.000000"
mistral_instruct,RELIGxPOLPARTY,RELIGxPOLPARTY :: Other | Independent,DNA3c_W50,2,"1.000000,0.000000"
mistral_instruct,RELIGxPOLPARTY,RELIGxPOLPARTY :: Other | Other,DNA3c_W50,2,"1.000000,0.000000"
mistral_instruct,RELIGxPOLPARTY,RELIGxPOLPARTY :: Protestant | Democrat,DNA3c_W50,2,"1.000000,0.000000"
mistral_instruct,RELIGxPOLPARTY,RELIGxPOLPARTY :: Protestant | Independent,DNA3c_W50,2,"1.000000,0.000000"
mistral_instruct,RELIGxPOLPARTY,RELIGxPOLPARTY :: Protestant | Other,DNA3c_W50,2,"1.000000,0.000000"
mistral_instruct,RELIGxPOLPARTY,RELIGxPOLPARTY :: Protestant | Republican,DNA3c_W50,2,"1.000000,0.000000"
mistral_instruct,RELIGxPOLPARTY,RELIGxPOLPARTY :: Roman Catholic | Democrat,DNA3c_W50,2,"1.000000,0.000000"
mistral_instruct,RELIGxPOLPARTY,RELIGxPOLPARTY :: Roman Catholic | Independent,DNA3c_W50,2,"1.000000,0.000000"
mistral_instruct,RELIGxPOLPARTY,RELIGxPOLPARTY :: Roman Catholic | Other,DNA3c_W50,2,"1.000000,0.000000"
mistral_instruct,RELIGxPOLPARTY,RELIGxPOLPARTY :: Roman Catholic | Republican,DNA3c_W50,2,"1.000000,0.000000"
mistral_instruct,RELIGxPOLPARTY,RELIGxPOLPARTY :: Agnostic | Democrat,ECON4_a_W54,4,"0.000011,0.000045,0.999936,0.000007"
mistral_instruct,RELIGxPOLPARTY,RELIGxPOLPARTY :: Agnostic | Independent,ECON4_a_W54,4,"0.000000,0.000000,1.000000,0.000000"
mistral_instruct,RELIGxPOLPARTY,RELIGxPOLPARTY :: Agnostic | Other,ECON4_a_W54,4,"0.000221,0.000002,0.866842,0.132935"
mistral_instruct,RELIGxPOLPARTY,RELIGxPOLPARTY :: Agnostic | Republican,ECON4_a_W54,4,"0.000000,0.000000,1.000000,0.000000"
mistral_instruct,RELIGxPOLPARTY,RELIGxPOLPARTY :: Atheist | Democrat,ECON4_a_W54,4,"0.968677,0.000005,0.030896,0.000422"
mistral_instruct,RELIGxPOLPARTY,RELIGxPOLPARTY :: Atheist | Independent,ECON4_a_W54,4,"0.000000,0.000000,0.999997,0.000003"
mistral_instruct,RELIGxPOLPARTY,RELIGxPOLPARTY :: Atheist | Other,ECON4_a_W54,4,"0.000002,0.000000,0.000000,0.999997"
mistral_instruct,RELIGxPOLPARTY,RELIGxPOLPARTY :: Jewish | Democrat,ECON4_a_W54,4,"0.999999,0.000000,0.000001,0.000000"
mistral_instruct,RELIGxPOLPARTY,RELIGxPOLPARTY :: Jewish | Independent,ECON4_a_W54,4,"0.000001,0.000000,0.999998,0.000001"
mistral_instruct,RELIGxPOLPARTY,RELIGxPOLPARTY :: Mormon | Independent,ECON4_a_W54,4,"0.000003,0.000008,0.999985,0.000004"
mistral_instruct,RELIGxPOLPARTY,RELIGxPOLPARTY :: Mormon | Republican,ECON4_a_W54,4,"0.999508,0.000000,0.000492,0.000000"
mistral_instruct,RELIGxPOLPARTY,RELIGxPOLPARTY :: Nothing in particular | Democrat,ECON4_a_W54,4,"0.000005,0.000000,0.000013,0.999982"
mistral_instruct,RELIGxPOLPARTY,RELIGxPOLPARTY :: Nothing in particular | Independent,ECON4_a_W54,4,"0.000002,0.000000,0.000150,0.999848"
mistral_instruct,RELIGxPOLPARTY,RELIGxPOLPARTY :: Nothing in particular | Other,ECON4_a_W54,4,"0.000000,0.000000,0.000000,1.000000"
mistral_instruct,RELIGxPOLPARTY,RELIGxPOLPARTY :: Nothing in particular | Republican,ECON4_a_W54,4,"0.000003,0.000000,0.970462,0.029535"
mistral_instruct,RELIGxPOLPARTY,RELIGxPOLPARTY :: Other | Democrat,ECON4_a_W54,4,"0.999999,0.000000,0.000000,0.000000"
mistral_instruct,RELIGxPOLPARTY,RELIGxPOLPARTY :: Other | Independent,ECON4_a_W54,4,"0.000004,0.000000,0.999952,0.000044"
mistral_instruct,RELIGxPOLPARTY,RELIGxPOLPARTY :: Protestant | Democrat,ECON4_a_W54,4,"0.999999,0.000000,0.000001,0.000000"
mistral_instruct,RELIGxPOLPARTY,RELIGxPOLPARTY :: Protestant | Independent,ECON4_a_W54,4,"0.000000,0.000001,0.999999,0.000000"
mistral_instruct,RELIGxPOLPARTY,RELIGxPOLPARTY :: Protestant | Other,ECON4_a_W54,4,"0.039808,0.000127,0.945815,0.014250"
mistral_instruct,RELIGxPOLPARTY,RELIGxPOLPARTY :: Protestant | Refused,ECON4_a_W54,4,"0.000315,0.000001,0.004037,0.995647"
mistral_instruct,RELIGxPOLPARTY,RELIGxPOLPARTY :: Protestant | Republican,ECON4_a_W54,4,"1.000000,0.000000,0.000000,0.000000"
mistral_instruct,RELIGxPOLPARTY,RELIGxPOLPARTY :: Roman Catholic | Democrat,ECON4_a_W54,4,"0.999996,0.000000,0.000004,0.000000"
mistral_instruct,RELIGxPOLPARTY,RELIGxPOLPARTY :: Roman Catholic | Independent,ECON4_a_W54,4,"0.000007,0.000005,0.999983,0.000005"
mistral_instruct,RELIGxPOLPARTY,RELIGxPOLPARTY :: Roman Catholic | Other,ECON4_a_W54,4,"0.009903,0.000015,0.986739,0.003343"
mistral_instruct,RELIGxPOLPARTY,RELIGxPOLPARTY :: Roman Catholic | Republican,ECON4_a_W54,4,"0.999987,0.000000,0.000013,0.000000"
mistral_instruct,RELIGxPOLPARTY,RELIGxPOLPARTY :: Agnostic | Democrat,ELECT_CONF3_PRVFR_W92,4,"0.000000,0.000000,1.000000,0.000000"
mistral_instruct,RELIGxPOLPARTY,RELIGxPOLPARTY :: Agnostic | Independent,ELECT_CONF3_PRVFR_W92,4,"0.000000,0.000000,1.000000,0.000000"
mistral_instruct,RELIGxPOLPARTY,RELIGxPOLPARTY :: Agnostic | Other,ELECT_CONF3_PRVFR_W92,4,"0.000000,0.000000,1.000000,0.000000"
mistral_instruct,RELIGxPOLPARTY,RELIGxPOLPARTY :: Agnostic | Republican,ELECT_CONF3_PRVFR_W92,4,"0.000000,0.000000,1.000000,0.000000"
mistral_instruct,RELIGxPOLPARTY,RELIGxPOLPARTY :: Atheist | Democrat,ELECT_CONF3_PRVFR_W92,4,"0.000000,0.000000,1.000000,0.000000"
mistral_instruct,RELIGxPOLPARTY,RELIGxPOLPARTY :: Atheist | Independent,ELECT_CONF3_PRVFR_W92,4,"0.000000,0.000000,1.000000,0.000000"
mistral_instruct,RELIGxPOLPARTY,RELIGxPOLPARTY :: Atheist | Other,ELECT_CONF3_PRVFR_W92,4,"0.000000,0.000000,0.999999,0.000001"
mistral_instruct,RELIGxPOLPARTY,RELIGxPOLPARTY :: Buddhist | Democrat,ELECT_CONF3_PRVFR_W92,4,"0.000000,0.000000,1.000000,0.000000"
mistral_instruct,RELIGxPOLPARTY,RELIGxPOLPARTY :: Jewish | Democrat,ELECT_CONF3_PRVFR_W92,4,"0.000000,0.000000,1.000000,0.000000"
mistral_instruct,RELIGxPOLPARTY,RELIGxPOLPARTY :: Jewish | Independent,ELECT_CONF3_PRVFR_W92,4,"0.000000,0.000000,1.000000,0.000000"
mistral_instruct,RELIGxPOLPARTY,RELIGxPOLPARTY :: Jewish | Republican,ELECT_CONF3_PRVFR_W92,4,"0.000000,0.000000,1.000000,0.000000"
mistral_instruct,RELIGxPOLPARTY,RELIGxPOLPARTY :: Mormon | Independent,ELECT_CONF3_PRVFR_W92,4,"0.000000,0.000000,1.000000,0.000000"
mistral_instruct,RELIGxPOLPARTY,RELIGxPOLPARTY :: Mormon | Republican,ELECT_CONF3_PRVFR_W92,4,"0.000167,0.000002,0.999829,0.000001"
mistral_instruct,RELIGxPOLPARTY,RELIGxPOLPARTY :: Nothing in particular | Democrat,ELECT_CONF3_PRVFR_W92,4,"0.000000,0.000000,1.000000,0.000000"
mistral_instruct,RELIGxPOLPARTY,RELIGxPOLPARTY :: Nothing in particular | Independent,ELECT_CONF3_PRVFR_W92,4,"0.000000,0.000000,1.000000,0.000000"
mistral_instruct,RELIGxPOLPARTY,RELIGxPOLPARTY :: Nothing in particular | Other,ELECT_CONF3_PRVFR_W92,4,"0.000000,0.000000,0.999999,0.000001"
mistral_instruct,RELIGxPOLPARTY,RELIGxPOLPARTY :: Nothing in particular | Republican,ELECT_CONF3_PRVFR_W92,4,"0.000000,0.000000,1.000000,0.000000"
mistral_instruct,RELIGxPOLPARTY,RELIGxPOLPARTY :: Other | Democrat,ELECT_CONF3_PRVFR_W92,4,"0.000000,0.000000,1.000000,0.000000"
mistral_instruct,RELIGxPOLPARTY,RELIGxPOLPARTY :: Other | Independent,ELECT_CONF3_PRVFR_W92,4,"0.000000,0.000000,1.000000,0.000000"
mistral_instruct,RELIGxPOLPARTY,RELIGxPOLPARTY :: Other | Other,ELECT_CONF3_PRVFR_W92,4,"0.000000,0.000000,0.999999,0.000001"
mistral_instruct,RELIGxPOLPARTY,RELIGxPOLPARTY :: Protestant | Democrat,ELECT_CONF3_PRVFR_W92,4,"0.000000,0.000000,1.000000,0.000000"
mistral_instruct,RELIGxPOLPARTY,RELIGxPOLPARTY :: Protestant | Independent,ELECT_CONF3_PRVFR_W92,4,"0.000000,0.000000,1.000000,0.000000"
mistral_instruct,RELIGxPOLPARTY,RELIGxPOLPARTY :: Protestant | Other,ELECT_CONF3_PRVFR_W92,4,"0.000000,0.000000,1.000000,0.000000"
mistral_instruct,RELIGxPOLPARTY,RELIGxPOLPARTY :: Protestant | Refused,ELECT_CONF3_PRVFR_W92,4,"0.000000,0.000000,0.999999,0.000001"
mistral_instruct,RELIGxPOLPARTY,RELIGxPOLPARTY :: Protestant | Republican,ELECT_CONF3_PRVFR_W92,4,"0.000000,0.000000,1.000000,0.000000"
mistral_instruct,RELIGxPOLPARTY,RELIGxPOLPARTY :: Roman Catholic | Democrat,ELECT_CONF3_PRVFR_W92,4,"0.000000,0.000000,1.000000,0.000000"
mistral_instruct,RELIGxPOLPARTY,RELIGxPOLPARTY :: Roman Catholic | Independent,ELECT_CONF3_PRVFR_W92,4,"0.000000,0.000000,1.000000,0.000000"
mistral_instruct,RELIGxPOLPARTY,RELIGxPOLPARTY :: Roman Catholic | Other,ELECT_CONF3_PRVFR_W92,4,"0.000000,0.000000,1.000000,0.000000"
mistral_instruct,RELIGxPOLPARTY,RELIGxPOLPARTY :: Roman Catholic | Republican,ELECT_CONF3_PRVFR_W92,4,"0.000000,0.000000,1.000000,0.000000"
mistral_instruct,RELIGxPOLPARTY,RELIGxPOLPARTY :: Agnostic | Democrat,ESSENBIZF2B_W36,3,"0.029312,0.970688,0.000000"
mistral_instruct,RELIGxPOLPARTY,RELIGxPOLPARTY :: Agnostic | Independent,ESSENBIZF2B_W36,3,"0.000000,1.000000,0.000000"
mistral_instruct,RELIGxPOLPARTY,RELIGxPOLPARTY :: Agnostic | Other,ESSENBIZF2B_W36,3,"0.000000,1.000000,0.000000"
mistral_instruct,RELIGxPOLPARTY,RELIGxPOLPARTY :: Atheist | Democrat,ESSENBIZF2B_W36,3,"1.000000,0.000000,0.000000"
mistral_instruct,RELIGxPOLPARTY,RELIGxPOLPARTY :: Atheist | Independent,ESSENBIZF2B_W36,3,"0.000120,0.999880,0.000000"
mistral_instruct,RELIGxPOLPARTY,RELIGxPOLPARTY :: Jewish | Democrat,ESSENBIZF2B_W36,3,"1.000000,0.000000,0.000000"
mistral_instruct,RELIGxPOLPARTY,RELIGxPOLPARTY :: Jewish | Independent,ESSENBIZF2B_W36,3,"0.000001,0.999999,0.000000"
mistral_instruct,RELIGxPOLPARTY,RELIGxPOLPARTY :: Mormon | Republican,ESSENBIZF2B_W36,3,"0.999999,0.000001,0.000000"
mistral_instruct,RELIGxPOLPARTY,RELIGxPOLPARTY :: Nothing in particular | Democrat,ESSENBIZF2B_W36,3,"0.048858,0.951142,0.000000"
mistral_instruct,RELIGxPOLPARTY,RELIGxPOLPARTY :: Nothing in particular | Independent,ESSENBIZF2B_W36,3,"0.000000,1.000000,0.000000"
mistral_instruct,RELIGxPOLPARTY,RELIGxPOLPARTY :: Nothing in particular | Other,ESSENBIZF2B_W36,3,"0.000000,1.000000,0.000000"
mistral_instruct,RELIGxPOLPARTY,RELIGxPOLPARTY :: Nothing in particular | Republican,ESSENBIZF2B_W36,3,"0.000000,1.000000,0.000000"
mistral_instruct,RELIGxPOLPARTY,RELIGxPOLPARTY :: Other | Democrat,ESSENBIZF2B_W36,3,"1.000000,0.000000,0.000000"
mistral_instruct,RELIGxPOLPARTY,RELIGxPOLPARTY :: Other | Independent,ESSENBIZF2B_W36,3,"0.000000,1.000000,0.000000"
mistral_instruct,RELIGxPOLPARTY,RELIGxPOLPARTY :: Protestant | Democrat,ESSENBIZF2B_W36,3,"1.000000,0.000000,0.000000"
mistral_instruct,RELIGxPOLPARTY,RELIGxPOLPARTY :: Protestant | Independent,ESSENBIZF2B_W36,3,"0.000000,1.000000,0.000000"
mistral_instruct,RELIGxPOLPARTY,RELIGxPOLPARTY :: Protestant | Other,ESSENBIZF2B_W36,3,"0.000000,1.000000,0.000000"
mistral_instruct,RELIGxPOLPARTY,RELIGxPOLPARTY :: Protestant | Republican,ESSENBIZF2B_W36,3,"0.000005,0.999995,0.000000"
mistral_instruct,RELIGxPOLPARTY,RELIGxPOLPARTY :: Roman Catholic | Democrat,ESSENBIZF2B_W36,3,"1.000000,0.000000,0.000000"
mistral_instruct,RELIGxPOLPARTY,RELIGxPOLPARTY :: Roman Catholic | Independent,ESSENBIZF2B_W36,3,"0.000000,1.000000,0.000000"
mistral_instruct,RELIGxPOLPARTY,RELIGxPOLPARTY :: Roman Catholic | Other,ESSENBIZF2B_W36,3,"0.000000,1.000000,0.000000"
mistral_instruct,RELIGxPOLPARTY,RELIGxPOLPARTY :: Roman Catholic | Republican,ESSENBIZF2B_W36,3,"0.001868,0.998132,0.000000"
mistral_instruct,RELIGxPOLPARTY,RELIGxPOLPARTY :: Agnostic | Democrat,FACE4c_W49,2,"1.000000,0.000000"
mistral_instruct,RELIGxPOLPARTY,RELIGxPOLPARTY :: Agnostic | Independent,FACE4c_W49,2,"1.000000,0.000000"
mistral_instruct,RELIGxPOLPARTY,RELIGxPOLPARTY :: Atheist | Democrat,FACE4c_W49,2,"1.000000,0.000000"
mistral_instruct,RELIGxPOLPARTY,RELIGxPOLPARTY :: Atheist | Independent,FACE4c_W49,2,"1.000000,0.000000"
mistral_instruct,RELIGxPOLPARTY,RELIGxPOLPARTY :: Atheist | Other,FACE4c_W49,2,"1.000000,0.000000"
mistral_instruct,RELIGxPOLPARTY,RELIGxPOLPARTY :: Jewish | Democrat,FACE4c_W49,2,"1.000000,0.000000"
mistral_instruct,RELIGxPOLPARTY,RELIGxPOLPARTY :: Mormon | Republican,FACE4c_W49,2,"1.000000,0.000000"
mistral_instruct,RELIGxPOLPARTY,RELIGxPOLPARTY :: Nothing in particular | Democrat,FACE4c_W49,2,"1.000000,0.000000"
mistral_instruct,RELIGxPOLPARTY,RELIGxPOLPARTY :: Nothing in particular | Independent,FACE4c_W49,2,"1.000000,0.000000"
mistral_instruct,RELIGxPOLPARTY,RELIGxPOLPARTY :: Nothing in particular | Other,FACE4c_W49,2,"1.000000,0.000000"
mistral_instruct,RELIGxPOLPARTY,RELIGxPOLPARTY :: Nothing in particular | Republican,FACE4c_W49,2,"1.000000,0.000000"
mistral_instruct,RELIGxPOLPARTY,RELIGxPOLPARTY :: Other | Independent,FACE4c_W49,2,"1.000000,0.000000"
mistral_instruct,RELIGxPOLPARTY,RELIGxPOLPARTY :: Protestant | Democrat,FACE4c_W49,2,"1.000000,0.000000"
mistral_instruct,RELIGxPOLPARTY,RELIGxPOLPARTY :: Protestant | Independent,FACE4c_W49,2,"1.000000,0.000000"
mistral_instruct,RELIGxPOLPARTY,RELIGxPOLPARTY :: Protestant | Other,FACE4c_W49,2,"1.000000,0.000000"
mistral_instruct,RELIGxPOLPARTY,RELIGxPOLPARTY :: Protestant | Republican,FACE4c_W49,2,"1.000000,0.000000"
mistral_instruct,RELIGxPOLPARTY,RELIGxPOLPARTY :: Roman Catholic | Democrat,FACE4c_W49,2,"1.000000,0.000000"
mistral_instruct,RELIGxPOLPARTY,RELIGxPOLPARTY :: Roman Catholic | Independent,FACE4c_W49,2,"1.000000,0.000000"
mistral_instruct,RELIGxPOLPARTY,RELIGxPOLPARTY :: Roman Catholic | Other,FACE4c_W49,2,"1.000000,0.000000"
mistral_instruct,RELIGxPOLPARTY,RELIGxPOLPARTY :: Roman Catholic | Republican,FACE4c_W49,2,"1.000000,0.000000"
mistral_instruct,RELIGxPOLPARTY,RELIGxPOLPARTY :: Agnostic | Democrat,FAMSURV32a_W50,4,"0.000010,0.000001,0.999986,0.000003"
mistral_instruct,RELIGxPOLPARTY,RELIGxPOLPARTY :: Agnostic | Independent,FAMSURV32a_W50,4,"0.000003,0.000000,0.999996,0.000001"
mistral_instruct,RELIGxPOLPARTY,RELIGxPOLPARTY :: Agnostic | Other,FAMSURV32a_W50,4,"0.000009,0.000000,0.999987,0.000004"
mistral_instruct,RELIGxPOLPARTY,RELIGxPOLPARTY :: Agnostic | Republican,FAMSURV32a_W50,4,"0.000002,0.000000,0.999998,0.000001"
mistral_instruct,RELIGxPOLPARTY,RELIGxPOLPARTY :: Atheist | Democrat,FAMSURV32a_W50,4,"0.000017,0.000000,0.999982,0.000001"
mistral_instruct,RELIGxPOLPARTY,RELIGxPOLPARTY :: Atheist | Independent,FAMSURV32a_W50,4,"0.000007,0.000000,0.999992,0.000001"
mistral_instruct,RELIGxPOLPARTY,RELIGxPOLPARTY :: Atheist | Other,FAMSURV32a_W50,4,"0.000016,0.000000,0.999980,0.000004"
mistral_instruct,RELIGxPOLPARTY,RELIGxPOLPARTY :: Buddhist | Democrat,FAMSURV32a_W50,4,"0.000156,0.000380,0.999424,0.000040"
mistral_instruct,RELIGxPOLPARTY,RELIGxPOLPARTY :: Jewish | Democrat,FAMSURV32a_W50,4,"0.000073,0.000006,0.999896,0.000025"
mistral_instruct,RELIGxPOLPARTY,RELIGxPOLPARTY :: Jewish | Independent,FAMSURV32a_W50,4,"0.000032,0.000001,0.999955,0.000011"
mistral_instruct,RELIGxPOLPARTY,RELIGxPOLPARTY :: Jewish | Republican,FAMSURV32a_W50,4,"0.000047,0.000000,0.999945,0.000007"
mistral_instruct,RELIGxPOLPARTY,RELIGxPOLPARTY :: Mormon | Democrat,FAMSURV32a_W50,4,"0.000067,0.000017,0.999902,0.000013"
mistral_instruct,RELIGxPOLPARTY,RELIGxPOLPARTY :: Mormon | Independent,FAMSURV32a_W50,4,"0.000054,0.000011,0.999918,0.000017"
mistral_instruct,RELIGxPOLPARTY,RELIGxPOLPARTY :: Mormon | Republican,FAMSURV32a_W50,4,"0.014172,0.000007,0.985814,0.000007"
mistral_instruct,RELIGxPOLPARTY,RELIGxPOLPARTY :: Nothing in particular | Democrat,FAMSURV32a_W50,4,"0.000001,0.000000,0.999998,0.000000"
mistral_instruct,RELIGxPOLPARTY,RELIGxPOLPARTY :: Nothing in particular | Independent,FAMSURV32a_W50,4,"0.000001,0.000000,0.999999,0.000000"
mistral_instruct,RELIGxPOLPARTY,RELIGxPOLPARTY :: Nothing in particular | Other,FAMSURV32a_W50,4,"0.000002,0.000000,0.999997,0.000001"
mistral_instruct,RELIGxPOLPARTY,RELIGxPOLPARTY :: Nothing in particular | Republican,FAMSURV32a_W50,4,"0.000000,0.000000,0.999999,0.000000"
mistral_instruct,RELIGxPOLPARTY,RELIGxPOLPARTY :: Other | Democrat,FAMSURV32a_W50,4,"0.000018,0.000001,0.999961,0.000020"
mistral_instruct,RELIGxPOLPARTY,RELIGxPOLPARTY :: Other | Independent,FAMSURV32a_W50,4,"0.000057,0.000000,0.999926,0.000016"
mistral_instruct,RELIGxPOLPARTY,RELIGxPOLPARTY :: Other | Other,FAMSURV32a_W50,4,"0.002431,0.000008,0.996375,0.001185"
mistral_instruct,RELIGxPOLPARTY,RELIGxPOLPARTY :: Protestant | Democrat,FAMSURV32a_W50,4,"0.000037,0.000003,0.999950,0.000010"
mistral_instruct,RELIGxPOLPARTY,RELIGxPOLPARTY :: Protestant | Independent,FAMSURV32a_W50,4,"0.000037,0.000001,0.999956,0.000006"
mistral_instruct,RELIGxPOLPARTY,RELIGxPOLPARTY :: Protestant | Other,FAMSURV32a_W50,4,"0.000016,0.000000,0.999977,0.000007"
mistral_instruct,RELIGxPOLPARTY,RELIGxPOLPARTY :: Protestant | Refused,FAMSURV32a_W50,4,"0.000001,0.000000,0.999998,0.000001"
mistral_instruct,RELIGxPOLPARTY,RELIGxPOLPARTY :: Protestant | Republican,FAMSURV32a_W50,4,"0.000025,0.000000,0.999974,0.000001"
mistral_instruct,RELIGxPOLPARTY,RELIGxPOLPARTY :: Roman Catholic | Democrat,FAMSURV32a_W50,4,"0.000038,0.000002,0.999950,0.000010"
mistral_instruct,RELIGxPOLPARTY,RELIGxPOLPARTY :: Roman Catholic | Independent,FAMSURV32a_W50,4,"0.000030,0.000001,0.999963,0.000007"
mistral_instruct,RELIGxPOLPARTY,RELIGxPOLPARTY :: Roman Catholic | Other,FAMSURV32a_W50,4,"0.000014,0.000000,0.999977,0.000009"
mistral_instruct,RELIGxPOLPARTY,RELIGxPOLPARTY :: Roman Catholic | Republican,FAMSURV32a_W50,4,"0.000029,0.000000,0.999968,0.000003"
mistral_instruct,RELIGxPOLPARTY,RELIGxPOLPARTY :: Agnostic | Democrat,FAMSURV32d_W50,4,"0.226146,0.000861,0.771043,0.001949"
mistral_instruct,RELIGxPOLPARTY,RELIGxPOLPARTY :: Agnostic | Independent,FAMSURV32d_W50,4,"0.172809,0.000173,0.824425,0.002593"
mistral_instruct,RELIGxPOLPARTY,RELIGxPOLPARTY :: Agnostic | Other,FAMSURV32d_W50,4,"0.087339,0.000081,0.910092,0.002487"
mistral_instruct,RELIGxPOLPARTY,RELIGxPOLPARTY :: Agnostic | Republican,FAMSURV32d_W50,4,"0.005301,0.000011,0.994600,0.000088"
mistral_instruct,RELIGxPOLPARTY,RELIGxPOLPARTY :: Atheist | Democrat,FAMSURV32d_W50,4,"0.998889,0.000000,0.001107,0.000004"
mistral_instruct,RELIGxPOLPARTY,RELIGxPOLPARTY :: Atheist | Independent,FAMSURV32d_W50,4,"0.999927,0.000000,0.000071,0.000002"
mistral_instruct,RELIGxPOLPARTY,RELIGxPOLPARTY :: Atheist | Other,FAMSURV32d_W50,4,"0.999964,0.000000,0.000033,0.000004"
mistral_instruct,RELIGxPOLPARTY,RELIGxPOLPARTY :: Buddhist | Democrat,FAMSURV32d_W50,4,"0.043440,0.040808,0.914378,0.001375"
mistral_instruct,RELIGxPOLPARTY,RELIGxPOLPARTY :: Jewish | Democrat,FAMSURV32d_W50,4,"0.053311,0.007862,0.937607,0.001220"
mistral_instruct,RELIGxPOLPARTY,RELIGxPOLPARTY :: Jewish | Independent,FAMSURV32d_W50,4,"0.015402,0.000485,0.983159,0.000954"
mistral_instruct,RELIGxPOLPARTY,RELIGxPOLPARTY :: Jewish | Republican,FAMSURV32d_W50,4,"0.030900,0.000177,0.968802,0.000120"
mistral_instruct,RELIGxPOLPARTY,RELIGxPOLPARTY :: Mormon | Democrat,FAMSURV32d_W50,4,"0.890414,0.003040,0.106345,0.000201"
mistral_instruct,RELIGxPOLPARTY,RELIGxPOLPARTY :: Mormon | Independent,FAMSURV32d_W50,4,"0.076488,0.005006,0.917372,0.001135"
mistral_instruct,RELIGxPOLPARTY,RELIGxPOLPARTY :: Mormon | Republican,FAMSURV32d_W50,4,"0.992801,0.000020,0.007177,0.000003"
mistral_instruct,RELIGxPOLPARTY,RELIGxPOLPARTY :: Nothing in particular | Democrat,FAMSURV32d_W50,4,"0.165058,0.000230,0.831712,0.003000"
mistral_instruct,RELIGxPOLPARTY,RELIGxPOLPARTY :: Nothing in particular | Independent,FAMSURV32d_W50,4,"0.187330,0.000208,0.807391,0.005071"
mistral_instruct,RELIGxPOLPARTY,RELIGxPOLPARTY :: Nothing in particular | Other,FAMSURV32d_W50,4,"0.017959,0.000036,0.980502,0.001503"
mistral_instruct,RELIGxPOLPARTY,RELIGxPOLPARTY :: Nothing in particular | Republican,FAMSURV32d_W50,4,"0.011155,0.000007,0.988610,0.000227"
mistral_instruct,RELIGxPOLPARTY,RELIGxPOLPARTY :: Other | Democrat,FAMSURV32d_W50,4,"0.020739,0.008379,0.968527,0.002354"
mistral_instruct,RELIGxPOLPARTY,RELIGxPOLPARTY :: Other | Independent,FAMSURV32d_W50,4,"0.032114,0.000248,0.964532,0.003106"
mistral_instruct,RELIGxPOLPARTY,RELIGxPOLPARTY :: Other | Other,FAMSURV32d_W50,4,"0.059088,0.000336,0.924295,0.016281"
mistral_instruct,RELIGxPOLPARTY,RELIGxPOLPARTY :: Protestant | Democrat,FAMSURV32d_W50,4,"0.051487,0.029222,0.916199,0.003092"
mistral_instruct,RELIGxPOLPARTY,RELIGxPOLPARTY :: Protestant | Independent,FAMSURV32d_W50,4,"0.010756,0.000866,0.987313,0.001065"
mistral_instruct,RELIGxPOLPARTY,RELIGxPOLPARTY :: Protestant | Other,FAMSURV32d_W50,4,"0.002115,0.000086,0.997346,0.000454"
mistral_instruct,RELIGxPOLPARTY,RELIGxPOLPARTY :: Protestant | Refused,FAMSURV32d_W50,4,"0.000058,0.000000,0.999919,0.000022"
mistral_instruct,RELIGxPOLPARTY,RELIGxPOLPARTY :: Protestant | Republican,FAMSURV32d_W50,4,"0.028211,0.000229,0.971431,0.000129"
mistral_instruct,RELIGxPOLPARTY,RELIGxPOLPARTY :: Roman Catholic | Democrat,FAMSURV32d_W50,4,"0.003003,0.000224,0.996608,0.000165"
mistral_instruct,RELIGxPOLPARTY,RELIGxPOLPARTY :: Roman Catholic | Independent,FAMSURV32d_W50,4,"0.002234,0.000041,0.997544,0.000181"
mistral_instruct,RELIGxPOLPARTY,RELIGxPOLPARTY :: Roman Catholic | Other,FAMSURV32d_W50,4,"0.000873,0.000010,0.998972,0.000145"
mistral_instruct,RELIGxPOLPARTY,RELIGxPOLPARTY :: Roman Catholic | Republican,FAMSURV32d_W50,4,"0.002981,0.000015,0.996978,0.000026"
mistral_instruct,RELIGxPOLPARTY,RELIGxPOLPARTY :: Agnostic | Democrat,FAMSURV44_W50,4,"0.000005,0.000000,0.970460,0.029535"
mistral_instruct,RELIGxPOLPARTY,RELIGxPOLPARTY :: Agnostic | Independent,FAMSURV44_W50,4,"0.000001,0.000000,0.001305,0.998694"
mistral_instruct,RELIGxPOLPARTY,RELIGxPOLPARTY :: Agnostic | Other,FAMSURV44_W50,4,"0.000000,0.000000,0.000000,1.000000"
mistral_instruct,RELIGxPOLPARTY,RELIGxPOLPARTY :: Agnostic | Republican,FAMSURV44_W50,4,"0.000000,0.000000,0.996350,0.003650"
mistral_instruct,RELIGxPOLPARTY,RELIGxPOLPARTY :: Atheist | Democrat,FAMSURV44_W50,4,"0.000000,0.000000,0.000000,1.000000"
mistral_instruct,RELIGxPOLPARTY,RELIGxPOLPARTY :: Atheist | Independent,FAMSURV44_W50,4,"0.000000,0.000000,0.000000,1.000000"
mistral_instruct,RELIGxPOLPARTY,RELIGxPOLPARTY :: Atheist | Other,FAMSURV44_W50,4,"0.000000,0.000000,0.000000,1.000000"
mistral_instruct,RELIGxPOLPARTY,RELIGxPOLPARTY :: Buddhist | Democrat,FAMSURV44_W50,4,"0.000001,0.000000,0.999761,0.000238"
mistral_instruct,RELIGxPOLPARTY,RELIGxPOLPARTY :: Jewish | Democrat,FAMSURV44_W50,4,"0.000006,0.000000,0.999756,0.000238"
mistral_instruct,RELIGxPOLPARTY,RELIGxPOLPARTY :: Jewish | Independent,FAMSURV44_W50,4,"0.000025,0.000000,0.990920,0.009055"
mistral_instruct,RELIGxPOLPARTY,RELIGxPOLPARTY :: Jewish | Republican,FAMSURV44_W50,4,"0.000001,0.000000,0.999913,0.000086"
mistral_instruct,RELIGxPOLPARTY,RELIGxPOLPARTY :: Mormon | Democrat,FAMSURV44_W50,4,"0.000019,0.000000,0.999011,0.000970"
mistral_instruct,RELIGxPOLPARTY,RELIGxPOLPARTY :: Mormon | Independent,FAMSURV44_W50,4,"0.000010,0.000000,0.998108,0.001882"
mistral_instruct,RELIGxPOLPARTY,RELIGxPOLPARTY :: Mormon | Republican,FAMSURV44_W50,4,"0.000139,0.000000,0.999778,0.000083"
mistral_instruct,RELIGxPOLPARTY,RELIGxPOLPARTY :: Nothing in particular | Democrat,FAMSURV44_W50,4,"0.000000,0.000000,0.000000,1.000000"
mistral_instruct,RELIGxPOLPARTY,RELIGxPOLPARTY :: Nothing in particular | Independent,FAMSURV44_W50,4,"0.000000,0.000000,0.000000,1.000000"
mistral_instruct,RELIGxPOLPARTY,RELIGxPOLPARTY :: Nothing in particular | Other,FAMSURV44_W50,4,"0.000000,0.000000,0.000000,1.000000"
mistral_instruct,RELIGxPOLPARTY,RELIGxPOLPARTY :: Nothing in particular | Republican,FAMSURV44_W50,4,"0.000000,0.000000,0.000000,1.000000"
mistral_instruct,RELIGxPOLPARTY,RELIGxPOLPARTY :: Other | Democrat,FAMSURV44_W50,4,"0.000111,0.000001,0.763398,0.236490"
mistral_instruct,RELIGxPOLPARTY,RELIGxPOLPARTY :: Other | Independent,FAMSURV44_W50,4,"0.000009,0.000000,0.006004,0.993987"
mistral_instruct,RELIGxPOLPARTY,RELIGxPOLPARTY :: Other | Other,FAMSURV44_W50,4,"0.000001,0.000000,0.000000,0.999998"
mistral_instruct,RELIGxPOLPARTY,RELIGxPOLPARTY :: Protestant | Democrat,FAMSURV44_W50,4,"0.000002,0.000000,0.999909,0.000088"
mistral_instruct,RELIGxPOLPARTY,RELIGxPOLPARTY :: Protestant | Independent,FAMSURV44_W50,4,"0.000001,0.000000,0.999961,0.000038"
mistral_instruct,RELIGxPOLPARTY,RELIGxPOLPARTY :: Protestant | Other,FAMSURV44_W50,4,"0.000165,0.000000,0.214656,0.785179"
mistral_instruct,RELIGxPOLPARTY,RELIGxPOLPARTY :: Protestant | Refused,FAMSURV44_W50,4,"0.000002,0.000000,0.000013,0.999985"
mistral_instruct,RELIGxPOLPARTY,RELIGxPOLPARTY :: Protestant | Republican,FAMSURV44_W50,4,"0.000000,0.000000,0.999999,0.000001"
mistral_instruct,RELIGxPOLPARTY,RELIGxPOLPARTY :: Roman Catholic | Democrat,FAMSURV44_W50,4,"0.000003,0.000000,0.999918,0.000080"
mistral_instruct,RELIGxPOLPARTY,RELIGxPOLPARTY :: Roman Catholic | Independent,FAMSURV44_W50,4,"0.000006,0.000000,0.999579,0.000414"
mistral_instruct,RELIGxPOLPARTY,RELIGxPOLPARTY :: Roman Catholic | Other,FAMSURV44_W50,4,"0.000198,0.000000,0.680743,0.319058"
mistral_instruct,RELIGxPOLPARTY,RELIGxPOLPARTY :: Roman Catholic | Republican,FAMSURV44_W50,4,"0.000000,0.000000,0.999997,0.000002"
mistral_instruct,RELIGxPOLPARTY,RELIGxPOLPARTY :: Agnostic | Democrat,FAMSURV9c_W50,4,"0.000000,0.000000,1.000000,0.000000"
mistral_instruct,RELIGxPOLPARTY,RELIGxPOLPARTY :: Agnostic | Independent,FAMSURV9c_W50,4,"0.000000,0.000000,1.000000,0.000000"
mistral_instruct,RELIGxPOLPARTY,RELIGxPOLPARTY :: Agnostic | Other,FAMSURV9c_W50,4,"0.000000,0.000000,1.000000,0.000000"
mistral_instruct,RELIGxPOLPARTY,RELIGxPOLPARTY :: Agnostic | Republican,FAMSURV9c_W50,4,"0.000000,0.000000,1.000000,0.000000"
mistral_instruct,RELIGxPOLPARTY,RELIGxPOLPARTY :: Atheist | Democrat,FAMSURV9c_W50,4,"0.000000,0.000000,1.000000,0.000000"
mistral_instruct,RELIGxPOLPARTY,RELIGxPOLPARTY :: Atheist | Independent,FAMSURV9c_W50,4,"0.000000,0.000000,1.000000,0.000000"
mistral_instruct,RELIGxPOLPARTY,RELIGxPOLPARTY :: Atheist | Other,FAMSURV9c_W50,4,"0.000000,0.000000,0.999986,0.000014"
mistral_instruct,RELIGxPOLPARTY,RELIGxPOLPARTY :: Buddhist | Democrat,FAMSURV9c_W50,4,"0.000000,0.000000,1.000000,0.000000"
mistral_instruct,RELIGxPOLPARTY,RELIGxPOLPARTY :: Jewish | Democrat,FAMSURV9c_W50,4,"0.000000,0.000000,0.999999,0.000001"
mistral_instruct,RELIGxPOLPARTY,RELIGxPOLPARTY :: Jewish | Independent,FAMSURV9c_W50,4,"0.000000,0.000000,1.000000,0.000000"
mistral_instruct,RELIGxPOLPARTY,RELIGxPOLPARTY :: Jewish | Republican,FAMSURV9c_W50,4,"0.000000,0.000000,0.999999,0.000001"
mistral_instruct,RELIGxPOLPARTY,RELIGxPOLPARTY :: Mormon | Democrat,FAMSURV9c_W50,4,"0.000000,0.000000,0.999999,0.000000"
mistral_instruct,RELIGxPOLPARTY,RELIGxPOLPARTY :: Mormon | Independent,FAMSURV9c_W50,4,"0.000000,0.000000,1.000000,0.000000"
mistral_instruct,RELIGxPOLPARTY,RELIGxPOLPARTY :: Mormon | Republican,FAMSURV9c_W50,4,"0.000000,0.000000,0.999999,0.000000"
mistral_instruct,RELIGxPOLPARTY,RELIGxPOLPARTY :: Nothing in particular | Democrat,FAMSURV9c_W50,4,"0.000000,0.000000,0.999999,0.000001"
mistral_instruct,RELIGxPOLPARTY,RELIGxPOLPARTY :: Nothing in particular | Independent,FAMSURV9c_W50,4,"0.000000,0.000000,1.000000,0.000000"
mistral_instruct,RELIGxPOLPARTY,RELIGxPOLPARTY :: Nothing in particular | Other,FAMSURV9c_W50,4,"0.000001,0.000000,0.281405,0.718593"
mistral_instruct,RELIGxPOLPARTY,RELIGxPOLPARTY :: Nothing in particular | Republican,FAMSURV9c_W50,4,"0.000000,0.000000,0.999999,0.000001"
mistral_instruct,RELIGxPOLPARTY,RELIGxPOLPARTY :: Other | Democrat,FAMSURV9c_W50,4,"0.000000,0.000000,0.999999,0.000001"
mistral_instruct,RELIGxPOLPARTY,RELIGxPOLPARTY :: Other | Independent,FAMSURV9c_W50,4,"0.000000,0.000000,1.000000,0.000000"
mistral_instruct,RELIGxPOLPARTY,RELIGxPOLPARTY :: Other | Other,FAMSURV9c_W50,4,"0.000000,0.000000,0.999875,0.000124"
mistral_instruct,RELIGxPOLPARTY,RELIGxPOLPARTY :: Protestant | Democrat,FAMSURV9c_W50,4,"0.000000,0.000000,1.000000,0.000000"
mistral_instruct,RELIGxPOLPARTY,RELIGxPOLPARTY :: Protestant | Independent,FAMSURV9c_W50,4,"0.000000,0.000000,1.000000,0.000000"
mistral_instruct,RELIGxPOLPARTY,RELIGxPOLPARTY :: Protestant | Other,FAMSURV9c_W50,4,"0.000000,0.000000,1.000000,0.000000"
mistral_instruct,RELIGxPOLPARTY,RELIGxPOLPARTY :: Protestant | Refused,FAMSURV9c_W50,4,"0.000000,0.000000,0.999991,0.000009"
mistral_instruct,RELIGxPOLPARTY,RELIGxPOLPARTY :: Protestant | Republican,FAMSURV9c_W50,4,"0.000000,0.000000,1.000000,0.000000"
mistral_instruct,RELIGxPOLPARTY,RELIGxPOLPARTY :: Roman Catholic | Democrat,FAMSURV9c_W50,4,"0.000000,0.000000,1.000000,0.000000"
mistral_instruct,RELIGxPOLPARTY,RELIGxPOLPARTY :: Roman Catholic | Independent,FAMSURV9c_W50,4,"0.000000,0.000000,1.000000,0.000000"
mistral_instruct,RELIGxPOLPARTY,RELIGxPOLPARTY :: Roman Catholic | Other,FAMSURV9c_W50,4,"0.000000,0.000000,1.000000,0.000000"
mistral_instruct,RELIGxPOLPARTY,RELIGxPOLPARTY :: Roman Catholic | Republican,FAMSURV9c_W50,4,"0.000000,0.000000,1.000000,0.000000"
mistral_instruct,RELIGxPOLPARTY,RELIGxPOLPARTY :: Agnostic | Democrat,FEM2AF2_W29,2,"1.000000,0.000000"
mistral_instruct,RELIGxPOLPARTY,RELIGxPOLPARTY :: Agnostic | Independent,FEM2AF2_W29,2,"1.000000,0.000000"
mistral_instruct,RELIGxPOLPARTY,RELIGxPOLPARTY :: Agnostic | Other,FEM2AF2_W29,2,"1.000000,0.000000"
mistral_instruct,RELIGxPOLPARTY,RELIGxPOLPARTY :: Atheist | Democrat,FEM2AF2_W29,2,"1.000000,0.000000"
mistral_instruct,RELIGxPOLPARTY,RELIGxPOLPARTY :: Atheist | Independent,FEM2AF2_W29,2,"1.000000,0.000000"
mistral_instruct,RELIGxPOLPARTY,RELIGxPOLPARTY :: Atheist | Other,FEM2AF2_W29,2,"1.000000,0.000000"
mistral_instruct,RELIGxPOLPARTY,RELIGxPOLPARTY :: Jewish | Democrat,FEM2AF2_W29,2,"1.000000,0.000000"
mistral_instruct,RELIGxPOLPARTY,RELIGxPOLPARTY :: Mormon | Independent,FEM2AF2_W29,2,"1.000000,0.000000"
mistral_instruct,RELIGxPOLPARTY,RELIGxPOLPARTY :: Mormon | Republican,FEM2AF2_W29,2,"1.000000,0.000000"
mistral_instruct,RELIGxPOLPARTY,RELIGxPOLPARTY :: Nothing in particular | Democrat,FEM2AF2_W29,2,"1.000000,0.000000"
mistral_instruct,RELIGxPOLPARTY,RELIGxPOLPARTY :: Nothing in particular | Independent,FEM2AF2_W29,2,"1.000000,0.000000"
mistral_instruct,RELIGxPOLPARTY,RELIGxPOLPARTY :: Nothing in particular | Other,FEM2AF2_W29,2,"1.000000,0.000000"
mistral_instruct,RELIGxPOLPARTY,RELIGxPOLPARTY :: Nothing in particular | Republican,FEM2AF2_W29,2,"1.000000,0.000000"
mistral_instruct,RELIGxPOLPARTY,RELIGxPOLPARTY :: Other | Democrat,FEM2AF2_W29,2,"1.000000,0.000000"
mistral_instruct,RELIGxPOLPARTY,RELIGxPOLPARTY :: Other | Independent,FEM2AF2_W29,2,"1.000000,0.000000"
mistral_instruct,RELIGxPOLPARTY,RELIGxPOLPARTY :: Protestant | Democrat,FEM2AF2_W29,2,"1.000000,0.000000"
mistral_instruct,RELIGxPOLPARTY,RELIGxPOLPARTY :: Protestant | Independent,FEM2AF2_W29,2,"1.000000,0.000000"
mistral_instruct,RELIGxPOLPARTY,RELIGxPOLPARTY :: Protestant | Other,FEM2AF2_W29,2,"1.000000,0.000000"
mistral_instruct,RELIGxPOLPARTY,RELIGxPOLPARTY :: Protestant | Republican,FEM2AF2_W29,2,"1.000000,0.000000"
mistral_instruct,RELIGxPOLPARTY,RELIGxPOLPARTY :: Roman Catholic | Democrat,FEM2AF2_W29,2,"1.000000,0.000000"
mistral_instruct,RELIGxPOLPARTY,RELIGxPOLPARTY :: Roman Catholic | Independent,FEM2AF2_W29,2,"1.000000,0.000000"
mistral_instruct,RELIGxPOLPARTY,RELIGxPOLPARTY :: Roman Catholic | Other,FEM2AF2_W29,2,"1.000000,0.000000"
mistral_instruct,RELIGxPOLPARTY,RELIGxPOLPARTY :: Roman Catholic | Republican,FEM2AF2_W29,2,"1.000000,0.000000"
mistral_instruct,RELIGxPOLPARTY,RELIGxPOLPARTY :: Agnostic | Democrat,HIGHEDWRNGD_W36,3,"1.000000,0.000000,0.000000"
mistral_instruct,RELIGxPOLPARTY,RELIGxPOLPARTY :: Agnostic | Independent,HIGHEDWRNGD_W36,3,"0.999980,0.000002,0.000018"
mistral_instruct,RELIGxPOLPARTY,RELIGxPOLPARTY :: Agnostic | Other,HIGHEDWRNGD_W36,3,"0.957911,0.000001,0.042088"
mistral_instruct,RELIGxPOLPARTY,RELIGxPOLPARTY :: Atheist | Democrat,HIGHEDWRNGD_W36,3,"0.997603,0.000000,0.002397"
mistral_instruct,RELIGxPOLPARTY,RELIGxPOLPARTY :: Atheist | Independent,HIGHEDWRNGD_W36,3,"0.007519,0.000000,0.992481"
mistral_instruct,RELIGxPOLPARTY,RELIGxPOLPARTY :: Jewish | Democrat,HIGHEDWRNGD_W36,3,"1.000000,0.000000,0.000000"
mistral_instruct,RELIGxPOLPARTY,RELIGxPOLPARTY :: Jewish | Independent,HIGHEDWRNGD_W36,3,"1.000000,0.000000,0.000000"
mistral_instruct,RELIGxPOLPARTY,RELIGxPOLPARTY :: Mormon | Republican,HIGHEDWRNGD_W36,3,"1.000000,0.000000,0.000000"
mistral_instruct,RELIGxPOLPARTY,RELIGxPOLPARTY :: Nothing in particular | Democrat,HIGHEDWRNGD_W36,3,"1.000000,0.000000,0.000000"
mistral_instruct,RELIGxPOLPARTY,RELIGxPOLPARTY :: Nothing in particular | Independent,HIGHEDWRNGD_W36,3,"1.000000,0.000000,0.000000"
mistral_instruct,RELIGxPOLPARTY,RELIGxPOLPARTY :: Nothing in particular | Other,HIGHEDWRNGD_W36,3,"1.000000,0.000000,0.000000"
mistral_instruct,RELIGxPOLPARTY,RELIGxPOLPARTY :: Nothing in particular | Republican,HIGHEDWRNGD_W36,3,"1.000000,0.000000,0.000000"
mistral_instruct,RELIGxPOLPARTY,RELIGxPOLPARTY :: Other | Democrat,HIGHEDWRNGD_W36,3,"1.000000,0.000000,0.000000"
mistral_instruct,RELIGxPOLPARTY,RELIGxPOLPARTY :: Other | Independent,HIGHEDWRNGD_W36,3,"1.000000,0.000000,0.000000"
mistral_instruct,RELIGxPOLPARTY,RELIGxPOLPARTY :: Protestant | Democrat,HIGHEDWRNGD_W36,3,"1.000000,0.000000,0.000000"
mistral_instruct,RELIGxPOLPARTY,RELIGxPOLPARTY :: Protestant | Independent,HIGHEDWRNGD_W36,3,"1.000000,0.000000,0.000000"
mistral_instruct,RELIGxPOLPARTY,RELIGxPOLPARTY :: Protestant | Other,HIGHEDWRNGD_W36,3,"1.000000,0.000000,0.000000"
mistral_instruct,RELIGxPOLPARTY,RELIGxPOLPARTY :: Protestant | Republican,HIGHEDWRNGD_W36,3,"1.000000,0.000000,0.000000"
mistral_instruct,RELIGxPOLPARTY,RELIGxPOLPARTY :: Roman Catholic | Democrat,HIGHEDWRNGD_W36,3,"1.000000,0.000000,0.000000"
mistral_instruct,RELIGxPOLPARTY,RELIGxPOLPARTY :: Roman Catholic | Independent,HIGHEDWRNGD_W36,3,"1.000000,0.000000,0.000000"
mistral_instruct,RELIGxPOLPARTY,RELIGxPOLPARTY :: Roman Catholic | Other,HIGHEDWRNGD_W36,3,"1.000000,0.000000,0.000000"
mistral_instruct,RELIGxPOLPARTY,RELIGxPOLPARTY :: Roman Catholic | Republican,HIGHEDWRNGD_W36,3,"1.000000,0.000000,0.000000"
mistral_instruct,RELIGxPOLPARTY,RELIGxPOLPARTY :: Agnostic | Democrat,HIRING7A_W27,3,"0.000088,0.000294,0.999618"
mistral_instruct,RELIGxPOLPARTY,RELIGxPOLPARTY :: Agnostic | Independent,HIRING7A_W27,3,"0.000000,0.000000,1.000000"
mistral_instruct,RELIGxPOLPARTY,RELIGxPOLPARTY :: Agnostic | Other,HIRING7A_W27,3,"0.000000,0.000000,1.000000"
mistral_instruct,RELIGxPOLPARTY,RELIGxPOLPARTY :: Atheist | Democrat,HIRING7A_W27,3,"0.003842,0.992923,0.003235"
mistral_instruct,RELIGxPOLPARTY,RELIGxPOLPARTY :: Atheist | Independent,HIRING7A_W27,3,"0.000005,0.000051,0.999944"
mistral_instruct,RELIGxPOLPARTY,RELIGxPOLPARTY :: Atheist | Other,HIRING7A_W27,3,"0.001493,0.005253,0.993254"
mistral_instruct,RELIGxPOLPARTY,RELIGxPOLPARTY :: Jewish | Democrat,HIRING7A_W27,3,"0.008466,0.624443,0.367091"
mistral_instruct,RELIGxPOLPARTY,RELIGxPOLPARTY :: Mormon | Republican,HIRING7A_W27,3,"0.265174,0.151091,0.583735"
mistral_instruct,RELIGxPOLPARTY,RELIGxPOLPARTY :: Nothing in particular | Democrat,HIRING7A_W27,3,"0.001613,0.518684,0.479704"
mistral_instruct,RELIGxPOLPARTY,RELIGxPOLPARTY :: Nothing in particular | Independent,HIRING7A_W27,3,"0.000000,0.000000,1.000000"
mistral_instruct,RELIGxPOLPARTY,RELIGxPOLPARTY :: Nothing in particular | Other,HIRING7A_W27,3,"0.000003,0.000012,0.999985"
mistral_instruct,RELIGxPOLPARTY,RELIGxPOLPARTY :: Nothing in particular | Republican,HIRING7A_W27,3,"0.000006,0.000602,0.999391"
mistral_instruct,RELIGxPOLPARTY,RELIGxPOLPARTY :: Other | Democrat,HIRING7A_W27,3,"0.034883,0.676445,0.288671"
mistral_instruct,RELIGxPOLPARTY,RELIGxPOLPARTY :: Other | Independent,HIRING7A_W27,3,"0.000001,0.000000,0.999999"
mistral_instruct,RELIGxPOLPARTY,RELIGxPOLPARTY :: Protestant | Democrat,HIRING7A_W27,3,"0.015412,0.938754,0.045834"
mistral_instruct,RELIGxPOLPARTY,RELIGxPOLPARTY :: Protestant | Independent,HIRING7A_W27,3,"0.000002,0.000000,0.999998"
mistral_instruct,RELIGxPOLPARTY,RELIGxPOLPARTY :: Protestant | Other,HIRING7A_W27,3,"0.000112,0.000060,0.999827"
mistral_instruct,RELIGxPOLPARTY,RELIGxPOLPARTY :: Protestant | Republican,HIRING7A_W27,3,"0.068390,0.735258,0.196352"
mistral_instruct,RELIGxPOLPARTY,RELIGxPOLPARTY :: Roman Catholic | Democrat,HIRING7A_W27,3,"0.008343,0.280627,0.711030"
mistral_instruct,RELIGxPOLPARTY,RELIGxPOLPARTY :: Roman Catholic | Independent,HIRING7A_W27,3,"0.000003,0.000000,0.999996"
mistral_instruct,RELIGxPOLPARTY,RELIGxPOLPARTY :: Roman Catholic | Other,HIRING7A_W27,3,"0.000025,0.000003,0.999972"
mistral_instruct,RELIGxPOLPARTY,RELIGxPOLPARTY :: Roman Catholic | Republican,HIRING7A_W27,3,"0.001817,0.011576,0.986606"
mistral_instruct,RELIGxPOLPARTY,RELIGxPOLPARTY :: Agnostic | Democrat,IL_IMM_PRI_W92,3,"0.000002,0.968380,0.031619"
mistral_instruct,RELIGxPOLPARTY,RELIGxPOLPARTY :: Agnostic | Independent,IL_IMM_PRI_W92,3,"0.562177,0.000000,0.437824"
mistral_instruct,RELIGxPOLPARTY,RELIGxPOLPARTY :: Agnostic | Other,IL_IMM_PRI_W92,3,"0.982288,0.000000,0.017712"
mistral_instruct,RELIGxPOLPARTY,RELIGxPOLPARTY :: Agnostic | Republican,IL_IMM_PRI_W92,3,"1.000000,0.000000,0.000000"
mistral_instruct,RELIGxPOLPARTY,RELIGxPOLPARTY :: Atheist | Democrat,IL_IMM_PRI_W92,3,"0.000001,0.999999,0.000000"
mistral_instruct,RELIGxPOLPARTY,RELIGxPOLPARTY :: Atheist | Independent,IL_IMM_PRI_W92,3,"1.000000,0.000000,0.000000"
mistral_instruct,RELIGxPOLPARTY,RELIGxPOLPARTY :: Atheist | Other,IL_IMM_PRI_W92,3,"1.000000,0.000000,0.000000"
mistral_instruct,RELIGxPOLPARTY,RELIGxPOLPARTY :: Buddhist | Democrat,IL_IMM_PRI_W92,3,"0.000000,0.999634,0.000365"
mistral_instruct,RELIGxPOLPARTY,RELIGxPOLPARTY :: Jewish | Democrat,IL_IMM_PRI_W92,3,"0.000003,0.970237,0.029760"
mistral_instruct,RELIGxPOLPARTY,RELIGxPOLPARTY :: Jewish | Independent,IL_IMM_PRI_W92,3,"1.000000,0.000000,0.000000"
mistral_instruct,RELIGxPOLPARTY,RELIGxPOLPARTY :: Jewish | Republican,IL_IMM_PRI_W92,3,"1.000000,0.000000,0.000000"
mistral_instruct,RELIGxPOLPARTY,RELIGxPOLPARTY :: Mormon | Independent,IL_IMM_PRI_W92,3,"1.000000,0.000000,0.000000"
mistral_instruct,RELIGxPOLPARTY,RELIGxPOLPARTY :: Mormon | Republican,IL_IMM_PRI_W92,3,"1.000000,0.000000,0.000000"
mistral_instruct,RELIGxPOLPARTY,RELIGxPOLPARTY :: Nothing in particular | Democrat,IL_IMM_PRI_W92,3,"0.000000,1.000000,0.000000"
mistral_instruct,RELIGxPOLPARTY,RELIGxPOLPARTY :: Nothing in particular | Independent,IL_IMM_PRI_W92,3,"0.999997,0.000000,0.000003"
mistral_instruct,RELIGxPOLPARTY,RELIGxPOLPARTY :: Nothing in particular | Other,IL_IMM_PRI_W92,3,"1.000000,0.000000,0.000000"
mistral_instruct,RELIGxPOLPARTY,RELIGxPOLPARTY :: Nothing in particular | Republican,IL_IMM_PRI_W92,3,"1.000000,0.000000,0.000000"
mistral_instruct,RELIGxPOLPARTY,RELIGxPOLPARTY :: Other | Democrat,IL_IMM_PRI_W92,3,"0.000000,0.999962,0.000038"
mistral_instruct,RELIGxPOLPARTY,RELIGxPOLPARTY :: Other | Independent,IL_IMM_PRI_W92,3,"0.996406,0.000000,0.003594"
mistral_instruct,RELIGxPOLPARTY,RELIGxPOLPARTY :: Other | Other,IL_IMM_PRI_W92,3,"0.000000,0.000000,1.000000"
mistral_instruct,RELIGxPOLPARTY,RELIGxPOLPARTY :: Protestant | Democrat,IL_IMM_PRI_W92,3,"0.000000,0.999994,0.000006"
mistral_instruct,RELIGxPOLPARTY,RELIGxPOLPARTY :: Protestant | Independent,IL_IMM_PRI_W92,3,"1.000000,0.000000,0.000000"
mistral_instruct,RELIGxPOLPARTY,RELIGxPOLPARTY :: Protestant | Other,IL_IMM_PRI_W92,3,"1.000000,0.000000,0.000000"
mistral_instruct,RELIGxPOLPARTY,RELIGxPOLPARTY :: Protestant | Refused,IL_IMM_PRI_W92,3,"1.000000,0.000000,0.000000"
mistral_instruct,RELIGxPOLPARTY,RELIGxPOLPARTY :: Protestant | Republican,IL_IMM_PRI_W92,3,"1.000000,0.000000,0.000000"
mistral_instruct,RELIGxPOLPARTY,RELIGxPOLPARTY :: Roman Catholic | Democrat,IL_IMM_PRI_W92,3,"0.000000,0.999996,0.000004"
mistral_instruct,RELIGxPOLPARTY,RELIGxPOLPARTY :: Roman Catholic | Independent,IL_IMM_PRI_W92,3,"1.000000,0.000000,0.000000"
mistral_instruct,RELIGxPOLPARTY,RELIGxPOLPARTY :: Roman Catholic | Other,IL_IMM_PRI_W92,3,"1.000000,0.000000,0.000000"
mistral_instruct,RELIGxPOLPARTY,RELIGxPOLPARTY :: Roman Catholic | Republican,IL_IMM_PRI_W92,3,"1.000000,0.000000,0.000000"
mistral_instruct,RELIGxPOLPARTY,RELIGxPOLPARTY :: Agnostic | Democrat,INFOKNOWe_W45,2,"0.999994,0.000006"
mistral_instruct,RELIGxPOLPARTY,RELIGxPOLPARTY :: Agnostic | Independent,INFOKNOWe_W45,2,"0.209470,0.790530"
mistral_instruct,RELIGxPOLPARTY,RELIGxPOLPARTY :: Agnostic | Other,INFOKNOWe_W45,2,"0.000000,1.000000"
mistral_instruct,RELIGxPOLPARTY,RELIGxPOLPARTY :: Atheist | Democrat,INFOKNOWe_W45,2,"0.562177,0.437824"
mistral_instruct,RELIGxPOLPARTY,RELIGxPOLPARTY :: Atheist | Independent,INFOKNOWe_W45,2,"0.000017,0.999983"
mistral_instruct,RELIGxPOLPARTY,RELIGxPOLPARTY :: Atheist | Other,INFOKNOWe_W45,2,"0.000000,1.000000"
mistral_instruct,RELIGxPOLPARTY,RELIGxPOLPARTY :: Jewish | Democrat,INFOKNOWe_W45,2,"1.000000,0.000000"
mistral_instruct,RELIGxPOLPARTY,RELIGxPOLPARTY :: Mormon | Republican,INFOKNOWe_W45,2,"1.000000,0.000000"
mistral_instruct,RELIGxPOLPARTY,RELIGxPOLPARTY :: Nothing in particular | Democrat,INFOKNOWe_W45,2,"0.999884,0.000116"
mistral_instruct,RELIGxPOLPARTY,RELIGxPOLPARTY :: Nothing in particular | Independent,INFOKNOWe_W45,2,"0.592667,0.407333"
mistral_instruct,RELIGxPOLPARTY,RELIGxPOLPARTY :: Nothing in particular | Other,INFOKNOWe_W45,2,"0.000000,1.000000"
mistral_instruct,RELIGxPOLPARTY,RELIGxPOLPARTY :: Nothing in particular | Republican,INFOKNOWe_W45,2,"0.999994,0.000006"
mistral_instruct,RELIGxPOLPARTY,RELIGxPOLPARTY :: Other | Democrat,INFOKNOWe_W45,2,"1.000000,0.000000"
mistral_instruct,RELIGxPOLPARTY,RELIGxPOLPARTY :: Other | Independent,INFOKNOWe_W45,2,"1.000000,0.000000"
mistral_instruct,RELIGxPOLPARTY,RELIGxPOLPARTY :: Protestant | Democrat,INFOKNOWe_W45,2,"1.000000,0.000000"
mistral_instruct,RELIGxPOLPARTY,RELIGxPOLPARTY :: Protestant | Independent,INFOKNOWe_W45,2,"1.000000,0.000000"
mistral_instruct,RELIGxPOLPARTY,RELIGxPOLPARTY :: Protestant | Other,INFOKNOWe_W45,2,"1.000000,0.000000"
mistral_instruct,RELIGxPOLPARTY,RELIGxPOLPARTY :: Protestant | Republican,INFOKNOWe_W45,2,"1.000000,0.000000"
mistral_instruct,RELIGxPOLPARTY,RELIGxPOLPARTY :: Roman Catholic | Democrat,INFOKNOWe_W45,2,"1.000000,0.000000"
mistral_instruct,RELIGxPOLPARTY,RELIGxPOLPARTY :: Roman Catholic | Independent,INFOKNOWe_W45,2,"1.000000,0.000000"
mistral_instruct,RELIGxPOLPARTY,RELIGxPOLPARTY :: Roman Catholic | Other,INFOKNOWe_W45,2,"1.000000,0.000000"
mistral_instruct,RELIGxPOLPARTY,RELIGxPOLPARTY :: Roman Catholic | Republican,INFOKNOWe_W45,2,"1.000000,0.000000"
mistral_instruct,RELIGxPOLPARTY,RELIGxPOLPARTY :: Agnostic | Democrat,INFOOWNb_W45,2,"1.000000,0.000000"
mistral_instruct,RELIGxPOLPARTY,RELIGxPOLPARTY :: Agnostic | Independent,INFOOWNb_W45,2,"1.000000,0.000000"
mistral_instruct,RELIGxPOLPARTY,RELIGxPOLPARTY :: Agnostic | Other,INFOOWNb_W45,2,"0.373876,0.626124"
mistral_instruct,RELIGxPOLPARTY,RELIGxPOLPARTY :: Atheist | Democrat,INFOOWNb_W45,2,"1.000000,0.000000"
mistral_instruct,RELIGxPOLPARTY,RELIGxPOLPARTY :: Atheist | Independent,INFOOWNb_W45,2,"1.000000,0.000000"
mistral_instruct,RELIGxPOLPARTY,RELIGxPOLPARTY :: Atheist | Other,INFOOWNb_W45,2,"1.000000,0.000000"
mistral_instruct,RELIGxPOLPARTY,RELIGxPOLPARTY :: Jewish | Democrat,INFOOWNb_W45,2,"1.000000,0.000000"
mistral_instruct,RELIGxPOLPARTY,RELIGxPOLPARTY :: Mormon | Republican,INFOOWNb_W45,2,"1.000000,0.000000"
mistral_instruct,RELIGxPOLPARTY,RELIGxPOLPARTY :: Nothing in particular | Democrat,INFOOWNb_W45,2,"1.000000,0.000000"
mistral_instruct,RELIGxPOLPARTY,RELIGxPOLPARTY :: Nothing in particular | Independent,INFOOWNb_W45,2,"0.999904,0.000096"
mistral_instruct,RELIGxPOLPARTY,RELIGxPOLPARTY :: Nothing in particular | Other,INFOOWNb_W45,2,"0.000007,0.999993"
mistral_instruct,RELIGxPOLPARTY,RELIGxPOLPARTY :: Nothing in particular | Republican,INFOOWNb_W45,2,"0.999801,0.000199"
mistral_instruct,RELIGxPOLPARTY,RELIGxPOLPARTY :: Other | Democrat,INFOOWNb_W45,2,"1.000000,0.000000"
mistral_instruct,RELIGxPOLPARTY,RELIGxPOLPARTY :: Other | Independent,INFOOWNb_W45,2,"1.000000,0.000000"
mistral_instruct,RELIGxPOLPARTY,RELIGxPOLPARTY :: Protestant | Democrat,INFOOWNb_W45,2,"1.000000,0.000000"
mistral_instruct,RELIGxPOLPARTY,RELIGxPOLPARTY :: Protestant | Independent,INFOOWNb_W45,2,"1.000000,0.000000"
mistral_instruct,RELIGxPOLPARTY,RELIGxPOLPARTY :: Protestant | Other,INFOOWNb_W45,2,"1.000000,0.000000"
mistral_instruct,RELIGxPOLPARTY,RELIGxPOLPARTY :: Protestant | Republican,INFOOWNb_W45,2,"1.000000,0.000000"
mistral_instruct,RELIGxPOLPARTY,RELIGxPOLPARTY :: Roman Catholic | Democrat,INFOOWNb_W45,2,"1.000000,0.000000"
mistral_instruct,RELIGxPOLPARTY,RELIGxPOLPARTY :: Roman Catholic | Independent,INFOOWNb_W45,2,"1.000000,0.000000"
mistral_instruct,RELIGxPOLPARTY,RELIGxPOLPARTY :: Roman Catholic | Other,INFOOWNb_W45,2,"1.000000,0.000000"
mistral_instruct,RELIGxPOLPARTY,RELIGxPOLPARTY :: Roman Catholic | Republican,INFOOWNb_W45,2,"1.000000,0.000000"
mistral_instruct,RELIGxPOLPARTY,RELIGxPOLPARTY :: Agnostic | Democrat,INSTN_CHR_W92,2,"0.505859,0.494141"
mistral_instruct,RELIGxPOLPARTY,RELIGxPOLPARTY :: Agnostic | Independent,INSTN_CHR_W92,2,"0.019345,0.980655"
mistral_instruct,RELIGxPOLPARTY,RELIGxPOLPARTY :: Agnostic | Other,INSTN_CHR_W92,2,"0.012432,0.987568"
mistral_instruct,RELIGxPOLPARTY,RELIGxPOLPARTY :: Agnostic | Republican,INSTN_CHR_W92,2,"0.999999,0.000001"
mistral_instruct,RELIGxPOLPARTY,RELIGxPOLPARTY :: Atheist | Democrat,INSTN_CHR_W92,2,"0.000100,0.999900"
mistral_instruct,RELIGxPOLPARTY,RELIGxPOLPARTY :: Atheist | Independent,INSTN_CHR_W92,2,"0.000016,0.999984"
mistral_instruct,RELIGxPOLPARTY,RELIGxPOLPARTY :: Atheist | Other,INSTN_CHR_W92,2,"0.000035,0.999964"
mistral_instruct,RELIGxPOLPARTY,RELIGxPOLPARTY :: Buddhist | Democrat,INSTN_CHR_W92,2,"1.000000,0.000000"
mistral_instruct,RELIGxPOLPARTY,RELIGxPOLPARTY :: Jewish | Democrat,INSTN_CHR_W92,2,"0.999998,0.000002"
mistral_instruct,RELIGxPOLPARTY,RELIGxPOLPARTY :: Jewish | Independent,INSTN_CHR_W92,2,"1.000000,0.000000"
mistral_instruct,RELIGxPOLPARTY,RELIGxPOLPARTY :: Jewish | Republican,INSTN_CHR_W92,2,"1.000000,0.000000"
mistral_instruct,RELIGxPOLPARTY,RELIGxPOLPARTY :: Mormon | Independent,INSTN_CHR_W92,2,"1.000000,0.000000"
mistral_instruct,RELIGxPOLPARTY,RELIGxPOLPARTY :: Mormon | Republican,INSTN_CHR_W92,2,"1.000000,0.000000"
mistral_instruct,RELIGxPOLPARTY,RELIGxPOLPARTY :: Nothing in particular | Democrat,INSTN_CHR_W92,2,"0.000199,0.999801"
mistral_instruct,RELIGxPOLPARTY,RELIGxPOLPARTY :: Nothing in particular | Independent,INSTN_CHR_W92,2,"0.000150,0.999850"
mistral_instruct,RELIGxPOLPARTY,RELIGxPOLPARTY :: Nothing in particular | Other,INSTN_CHR_W92,2,"0.000107,0.999893"
mistral_instruct,RELIGxPOLPARTY,RELIGxPOLPARTY :: Nothing in particular | Republican,INSTN_CHR_W92,2,"0.492188,0.507812"
mistral_instruct,RELIGxPOLPARTY,RELIGxPOLPARTY :: Other | Democrat,INSTN_CHR_W92,2,"1.000000,0.000000"
mistral_instruct,RELIGxPOLPARTY,RELIGxPOLPARTY :: Other | Independent,INSTN_CHR_W92,2,"0.999700,0.000300"
mistral_instruct,RELIGxPOLPARTY,RELIGxPOLPARTY :: Other | Other,INSTN_CHR_W92,2,"0.759225,0.240775"
mistral_instruct,RELIGxPOLPARTY,RELIGxPOLPARTY :: Protestant | Democrat,INSTN_CHR_W92,2,"1.000000,0.000000"
mistral_instruct,RELIGxPOLPARTY,RELIGxPOLPARTY :: Protestant | Independent,INSTN_CHR_W92,2,"1.000000,0.000000"
mistral_instruct,RELIGxPOLPARTY,RELIGxPOLPARTY :: Protestant | Other,INSTN_CHR_W92,2,"1.000000,0.000000"
mistral_instruct,RELIGxPOLPARTY,RELIGxPOLPARTY :: Protestant | Refused,INSTN_CHR_W92,2,"0.816406,0.183594"
mistral_instruct,RELIGxPOLPARTY,RELIGxPOLPARTY :: Protestant | Republican,INSTN_CHR_W92,2,"1.000000,0.000000"
mistral_instruct,RELIGxPOLPARTY,RELIGxPOLPARTY :: Roman Catholic | Democrat,INSTN_CHR_W92,2,"1.000000,0.000000"
mistral_instruct,RELIGxPOLPARTY,RELIGxPOLPARTY :: Roman Catholic | Independent,INSTN_CHR_W92,2,"1.000000,0.000000"
mistral_instruct,RELIGxPOLPARTY,RELIGxPOLPARTY :: Roman Catholic | Other,INSTN_CHR_W92,2,"1.000000,0.000000"
mistral_instruct,RELIGxPOLPARTY,RELIGxPOLPARTY :: Roman Catholic | Republican,INSTN_CHR_W92,2,"1.000000,0.000000"
mistral_instruct,RELIGxPOLPARTY,RELIGxPOLPARTY :: Agnostic | Democrat,MOVERURAL_W32,3,"0.004071,0.957906,0.038023"
mistral_instruct,RELIGxPOLPARTY,RELIGxPOLPARTY :: Agnostic | Independent,MOVERURAL_W32,3,"0.266493,0.006267,0.727239"
mistral_instruct,RELIGxPOLPARTY,RELIGxPOLPARTY :: Agnostic | Other,MOVERURAL_W32,3,"0.959307,0.001559,0.039134"
mistral_instruct,RELIGxPOLPARTY,RELIGxPOLPARTY :: Atheist | Democrat,MOVERURAL_W32,3,"0.000001,0.999999,0.000000"
mistral_instruct,RELIGxPOLPARTY,RELIGxPOLPARTY :: Atheist | Independent,MOVERURAL_W32,3,"0.904082,0.090218,0.005700"
mistral_instruct,RELIGxPOLPARTY,RELIGxPOLPARTY :: Atheist | Other,MOVERURAL_W32,3,"0.999900,0.000030,0.000070"
mistral_instruct,RELIGxPOLPARTY,RELIGxPOLPARTY :: Jewish | Democrat,MOVERURAL_W32,3,"0.001611,0.380605,0.617783"
mistral_instruct,RELIGxPOLPARTY,RELIGxPOLPARTY :: Mormon | Republican,MOVERURAL_W32,3,"0.960361,0.000000,0.039639"
mistral_instruct,RELIGxPOLPARTY,RELIGxPOLPARTY :: Nothing in particular | Democrat,MOVERURAL_W32,3,"0.005473,0.972193,0.022334"
mistral_instruct,RELIGxPOLPARTY,RELIGxPOLPARTY :: Nothing in particular | Independent,MOVERURAL_W32,3,"0.482709,0.017310,0.499981"
mistral_instruct,RELIGxPOLPARTY,RELIGxPOLPARTY :: Nothing in particular | Other,MOVERURAL_W32,3,"0.780057,0.014856,0.205086"
mistral_instruct,RELIGxPOLPARTY,RELIGxPOLPARTY :: Nothing in particular | Republican,MOVERURAL_W32,3,"0.999976,0.000000,0.000024"
mistral_instruct,RELIGxPOLPARTY,RELIGxPOLPARTY :: Other | Democrat,MOVERURAL_W32,3,"0.141455,0.281318,0.577227"
mistral_instruct,RELIGxPOLPARTY,RELIGxPOLPARTY :: Other | Independent,MOVERURAL_W32,3,"0.806911,0.005138,0.187951"
mistral_instruct,RELIGxPOLPARTY,RELIGxPOLPARTY :: Protestant | Democrat,MOVERURAL_W32,3,"0.000100,0.003376,0.996524"
mistral_instruct,RELIGxPOLPARTY,RELIGxPOLPARTY :: Protestant | Independent,MOVERURAL_W32,3,"0.012870,0.000054,0.987076"
mistral_instruct,RELIGxPOLPARTY,RELIGxPOLPARTY :: Protestant | Other,MOVERURAL_W32,3,"0.775639,0.001267,0.223094"
mistral_instruct,RELIGxPOLPARTY,RELIGxPOLPARTY :: Protestant | Republican,MOVERURAL_W32,3,"0.907312,0.000000,0.092688"
mistral_instruct,RELIGxPOLPARTY,RELIGxPOLPARTY :: Roman Catholic | Democrat,MOVERURAL_W32,3,"0.000192,0.005179,0.994629"
mistral_instruct,RELIGxPOLPARTY,RELIGxPOLPARTY :: Roman Catholic | Independent,MOVERURAL_W32,3,"0.023152,0.000078,0.976770"
mistral_instruct,RELIGxPOLPARTY,RELIGxPOLPARTY :: Roman Catholic | Other,MOVERURAL_W32,3,"0.411454,0.001464,0.587083"
mistral_instruct,RELIGxPOLPARTY,RELIGxPOLPARTY :: Roman Catholic | Republican,MOVERURAL_W32,3,"0.038178,0.000000,0.961821"
mistral_instruct,RELIGxPOLPARTY,RELIGxPOLPARTY :: Agnostic | Democrat,PREDICTB_W27,4,"0.000002,0.999876,0.000122,0.000000"
mistral_instruct,RELIGxPOLPARTY,RELIGxPOLPARTY :: Agnostic | Independent,PREDICTB_W27,4,"0.000002,0.891809,0.108189,0.000001"
mistral_instruct,RELIGxPOLPARTY,RELIGxPOLPARTY :: Agnostic | Other,PREDICTB_W27,4,"0.000000,0.000792,0.999208,0.000000"
mistral_instruct,RELIGxPOLPARTY,RELIGxPOLPARTY :: Atheist | Democrat,PREDICTB_W27,4,"0.999845,0.000155,0.000000,0.000000"
mistral_instruct,RELIGxPOLPARTY,RELIGxPOLPARTY :: Atheist | Independent,PREDICTB_W27,4,"0.611226,0.388519,0.000253,0.000002"
mistral_instruct,RELIGxPOLPARTY,RELIGxPOLPARTY :: Atheist | Other,PREDICTB_W27,4,"1.000000,0.000000,0.000000,0.000000"
mistral_instruct,RELIGxPOLPARTY,RELIGxPOLPARTY :: Jewish | Democrat,PREDICTB_W27,4,"0.003779,0.760580,0.235617,0.000024"
mistral_instruct,RELIGxPOLPARTY,RELIGxPOLPARTY :: Mormon | Republican,PREDICTB_W27,4,"0.999992,0.000008,0.000001,0.000000"
mistral_instruct,RELIGxPOLPARTY,RELIGxPOLPARTY :: Nothing in particular | Democrat,PREDICTB_W27,4,"0.000001,0.160266,0.839732,0.000001"
mistral_instruct,RELIGxPOLPARTY,RELIGxPOLPARTY :: Nothing in particular | Independent,PREDICTB_W27,4,"0.000000,0.000013,0.999987,0.000000"
mistral_instruct,RELIGxPOLPARTY,RELIGxPOLPARTY :: Nothing in particular | Other,PREDICTB_W27,4,"0.000000,0.000000,1.000000,0.000000"
mistral_instruct,RELIGxPOLPARTY,RELIGxPOLPARTY :: Nothing in particular | Republican,PREDICTB_W27,4,"0.000006,0.000028,0.999965,0.000000"
mistral_instruct,RELIGxPOLPARTY,RELIGxPOLPARTY :: Other | Democrat,PREDICTB_W27,4,"0.001308,0.955685,0.042986,0.000021"
mistral_instruct,RELIGxPOLPARTY,RELIGxPOLPARTY :: Other | Independent,PREDICTB_W27,4,"0.000002,0.003324,0.996673,0.000001"
mistral_instruct,RELIGxPOLPARTY,RELIGxPOLPARTY :: Protestant | Democrat,PREDICTB_W27,4,"0.000068,0.993540,0.006388,0.000004"
mistral_instruct,RELIGxPOLPARTY,RELIGxPOLPARTY :: Protestant | Independent,PREDICTB_W27,4,"0.000006,0.997361,0.002632,0.000001"
mistral_instruct,RELIGxPOLPARTY,RELIGxPOLPARTY :: Protestant | Other,PREDICTB_W27,4,"0.000166,0.166643,0.833161,0.000030"
mistral_instruct,RELIGxPOLPARTY,RELIGxPOLPARTY :: Protestant | Republican,PREDICTB_W27,4,"0.999999,0.000001,0.000000,0.000000"
mistral_instruct,RELIGxPOLPARTY,RELIGxPOLPARTY :: Roman Catholic | Democrat,PREDICTB_W27,4,"0.000035,0.314037,0.685921,0.000007"
mistral_instruct,RELIGxPOLPARTY,RELIGxPOLPARTY :: Roman Catholic | Independent,PREDICTB_W27,4,"0.000004,0.043043,0.956953,0.000001"
mistral_instruct,RELIGxPOLPARTY,RELIGxPOLPARTY :: Roman Catholic | Other,PREDICTB_W27,4,"0.000000,0.000043,0.999956,0.000000"
mistral_instruct,RELIGxPOLPARTY,RELIGxPOLPARTY :: Roman Catholic | Republican,PREDICTB_W27,4,"0.280915,0.007313,0.711759,0.000013"
mistral_instruct,RELIGxPOLPARTY,RELIGxPOLPARTY :: Agnostic | Democrat,RACATTN_W43,3,"0.000001,0.000000,0.999999"
mistral_instruct,RELIGxPOLPARTY,RELIGxPOLPARTY :: Agnostic | Independent,RACATTN_W43,3,"0.000000,0.000000,1.000000"
mistral_instruct,RELIGxPOLPARTY,RELIGxPOLPARTY :: Agnostic | Other,RACATTN_W43,3,"0.000236,0.000000,0.999764"
mistral_instruct,RELIGxPOLPARTY,RELIGxPOLPARTY :: Atheist | Democrat,RACATTN_W43,3,"0.998709,0.000184,0.001107"
mistral_instruct,RELIGxPOLPARTY,RELIGxPOLPARTY :: Atheist | Independent,RACATTN_W43,3,"0.957912,0.000000,0.042088"
mistral_instruct,RELIGxPOLPARTY,RELIGxPOLPARTY :: Atheist | Other,RACATTN_W43,3,"0.999995,0.000000,0.000005"
mistral_instruct,RELIGxPOLPARTY,RELIGxPOLPARTY :: Jewish | Democrat,RACATTN_W43,3,"0.000010,0.000012,0.999978"
mistral_instruct,RELIGxPOLPARTY,RELIGxPOLPARTY :: Mormon | Republican,RACATTN_W43,3,"0.994135,0.000000,0.005865"
mistral_instruct,RELIGxPOLPARTY,RELIGxPOLPARTY :: Nothing in particular | Democrat,RACATTN_W43,3,"0.000003,0.001125,0.998873"
mistral_instruct,RELIGxPOLPARTY,RELIGxPOLPARTY :: Nothing in particular | Independent,RACATTN_W43,3,"0.000000,0.000000,1.000000"
mistral_instruct,RELIGxPOLPARTY,RELIGxPOLPARTY :: Nothing in particular | Other,RACATTN_W43,3,"0.000018,0.000009,0.999973"
mistral_instruct,RELIGxPOLPARTY,RELIGxPOLPARTY :: Nothing in particular | Republican,RACATTN_W43,3,"1.000000,0.000000,0.000000"
mistral_instruct,RELIGxPOLPARTY,RELIGxPOLPARTY :: Other | Democrat,RACATTN_W43,3,"0.173091,0.001139,0.825770"
mistral_instruct,RELIGxPOLPARTY,RELIGxPOLPARTY :: Other | Independent,RACATTN_W43,3,"0.000000,0.000000,1.000000"
mistral_instruct,RELIGxPOLPARTY,RELIGxPOLPARTY :: Protestant | Democrat,RACATTN_W43,3,"0.000014,0.000051,0.999935"
mistral_instruct,RELIGxPOLPARTY,RELIGxPOLPARTY :: Protestant | Independent,RACATTN_W43,3,"0.000000,0.000000,1.000000"
mistral_instruct,RELIGxPOLPARTY,RELIGxPOLPARTY :: Protestant | Other,RACATTN_W43,3,"0.081520,0.000000,0.918480"
mistral_instruct,RELIGxPOLPARTY,RELIGxPOLPARTY :: Protestant | Refused,RACATTN_W43,3,"0.996699,0.000002,0.003299"
mistral_instruct,RELIGxPOLPARTY,RELIGxPOLPARTY :: Protestant | Republican,RACATTN_W43,3,"1.000000,0.000000,0.000000"
mistral_instruct,RELIGxPOLPARTY,RELIGxPOLPARTY :: Roman Catholic | Democrat,RACATTN_W43,3,"0.000001,0.000005,0.999995"
mistral_instruct,RELIGxPOLPARTY,RELIGxPOLPARTY :: Roman Catholic | Independent,RACATTN_W43,3,"0.000000,0.000000,1.000000"
mistral_instruct,RELIGxPOLPARTY,RELIGxPOLPARTY :: Roman Catholic | Other,RACATTN_W43,3,"0.000133,0.000000,0.999866"
mistral_instruct,RELIGxPOLPARTY,RELIGxPOLPARTY :: Roman Catholic | Republican,RACATTN_W43,3,"0.993855,0.000000,0.006145"
mistral_instruct,RELIGxPOLPARTY,RELIGxPOLPARTY :: Agnostic | Democrat,RACESURV26_W43,4,"0.000000,0.000000,0.999999,0.000000"
mistral_instruct,RELIGxPOLPARTY,RELIGxPOLPARTY :: Agnostic | Independent,RACESURV26_W43,4,"0.000000,0.000000,1.000000,0.000000"
mistral_instruct,RELIGxPOLPARTY,RELIGxPOLPARTY :: Agnostic | Other,RACESURV26_W43,4,"0.000000,0.000000,1.000000,0.000000"
mistral_instruct,RELIGxPOLPARTY,RELIGxPOLPARTY :: Atheist | Democrat,RACESURV26_W43,4,"0.000000,0.000000,1.000000,0.000000"
mistral_instruct,RELIGxPOLPARTY,RELIGxPOLPARTY :: Atheist | Independent,RACESURV26_W43,4,"0.000000,0.000000,1.000000,0.000000"
mistral_instruct,RELIGxPOLPARTY,RELIGxPOLPARTY :: Atheist | Other,RACESURV26_W43,4,"0.000000,0.000000,0.999823,0.000177"
mistral_instruct,RELIGxPOLPARTY,RELIGxPOLPARTY :: Jewish | Democrat,RACESURV26_W43,4,"0.001698,0.009037,0.988919,0.000346"
mistral_instruct,RELIGxPOLPARTY,RELIGxPOLPARTY :: Mormon | Republican,RACESURV26_W43,4,"0.000002,0.000001,0.999996,0.000001"
mistral_instruct,RELIGxPOLPARTY,RELIGxPOLPARTY :: Nothing in particular | Democrat,RACESURV26_W43,4,"0.000000,0.000000,1.000000,0.000000"
mistral_instruct,RELIGxPOLPARTY,RELIGxPOLPARTY :: Nothing in particular | Independent,RACESURV26_W43,4,"0.000000,0.000000,1.000000,0.000000"
mistral_instruct,RELIGxPOLPARTY,RELIGxPOLPARTY :: Nothing in particular | Other,RACESURV26_W43,4,"0.000008,0.000000,0.388615,0.611377"
mistral_instruct,RELIGxPOLPARTY,RELIGxPOLPARTY :: Nothing in particular | Republican,RACESURV26_W43,4,"0.000000,0.000000,1.000000,0.000000"
mistral_instruct,RELIGxPOLPARTY,RELIGxPOLPARTY :: Other | Democrat,RACESURV26_W43,4,"0.019854,0.964103,0.013539,0.002504"
mistral_instruct,RELIGxPOLPARTY,RELIGxPOLPARTY :: Other | Independent,RACESURV26_W43,4,"0.000001,0.000009,0.999990,0.000000"
mistral_instruct,RELIGxPOLPARTY,RELIGxPOLPARTY :: Protestant | Democrat,RACESURV26_W43,4,"0.013573,0.213984,0.770585,0.001859"
mistral_instruct,RELIGxPOLPARTY,RELIGxPOLPARTY :: Protestant | Independent,RACESURV26_W43,4,"0.000000,0.000000,1.000000,0.000000"
mistral_instruct,RELIGxPOLPARTY,RELIGxPOLPARTY :: Protestant | Other,RACESURV26_W43,4,"0.000000,0.000000,1.000000,0.000000"
mistral_instruct,RELIGxPOLPARTY,RELIGxPOLPARTY :: Protestant | Refused,RACESURV26_W43,4,"0.000000,0.000000,1.000000,0.000000"
mistral_instruct,RELIGxPOLPARTY,RELIGxPOLPARTY :: Protestant | Republican,RACESURV26_W43,4,"0.000000,0.000000,1.000000,0.000000"
mistral_instruct,RELIGxPOLPARTY,RELIGxPOLPARTY :: Roman Catholic | Democrat,RACESURV26_W43,4,"0.047886,0.167793,0.778906,0.005415"
mistral_instruct,RELIGxPOLPARTY,RELIGxPOLPARTY :: Roman Catholic | Independent,RACESURV26_W43,4,"0.000000,0.000000,0.999999,0.000000"
mistral_instruct,RELIGxPOLPARTY,RELIGxPOLPARTY :: Roman Catholic | Other,RACESURV26_W43,4,"0.000004,0.000001,0.999992,0.000002"
mistral_instruct,RELIGxPOLPARTY,RELIGxPOLPARTY :: Roman Catholic | Republican,RACESURV26_W43,4,"0.000001,0.000000,0.999999,0.000000"
mistral_instruct,RELIGxPOLPARTY,RELIGxPOLPARTY :: Agnostic | Democrat,RACESURV47d_W43,4,"0.000000,0.999998,0.000001,0.000000"
mistral_instruct,RELIGxPOLPARTY,RELIGxPOLPARTY :: Agnostic | Independent,RACESURV47d_W43,4,"0.000000,1.000000,0.000000,0.000000"
mistral_instruct,RELIGxPOLPARTY,RELIGxPOLPARTY :: Agnostic | Other,RACESURV47d_W43,4,"0.000000,0.999997,0.000002,0.000000"
mistral_instruct,RELIGxPOLPARTY,RELIGxPOLPARTY :: Atheist | Democrat,RACESURV47d_W43,4,"0.000000,0.000046,0.999954,0.000000"
mistral_instruct,RELIGxPOLPARTY,RELIGxPOLPARTY :: Atheist | Independent,RACESURV47d_W43,4,"0.000000,0.000063,0.999937,0.000000"
mistral_instruct,RELIGxPOLPARTY,RELIGxPOLPARTY :: Atheist | Other,RACESURV47d_W43,4,"0.000000,0.000000,0.999999,0.000001"
mistral_instruct,RELIGxPOLPARTY,RELIGxPOLPARTY :: Jewish | Democrat,RACESURV47d_W43,4,"0.000006,0.403561,0.596425,0.000008"
mistral_instruct,RELIGxPOLPARTY,RELIGxPOLPARTY :: Mormon | Republican,RACESURV47d_W43,4,"0.000001,0.008380,0.991618,0.000001"
mistral_instruct,RELIGxPOLPARTY,RELIGxPOLPARTY :: Nothing in particular | Democrat,RACESURV47d_W43,4,"0.000005,0.102304,0.897689,0.000003"
mistral_instruct,RELIGxPOLPARTY,RELIGxPOLPARTY :: Nothing in particular | Independent,RACESURV47d_W43,4,"0.000001,0.022286,0.977712,0.000001"
mistral_instruct,RELIGxPOLPARTY,RELIGxPOLPARTY :: Nothing in particular | Other,RACESURV47d_W43,4,"0.000000,0.000000,1.000000,0.000000"
mistral_instruct,RELIGxPOLPARTY,RELIGxPOLPARTY :: Nothing in particular | Republican,RACESURV47d_W43,4,"0.000000,0.000000,1.000000,0.000000"
mistral_instruct,RELIGxPOLPARTY,RELIGxPOLPARTY :: Other | Democrat,RACESURV47d_W43,4,"0.000001,0.999998,0.000001,0.000000"
mistral_instruct,RELIGxPOLPARTY,RELIGxPOLPARTY :: Other | Independent,RACESURV47d_W43,4,"0.000001,0.999999,0.000000,0.000000"
mistral_instruct,RELIGxPOLPARTY,RELIGxPOLPARTY :: Protestant | Democrat,RACESURV47d_W43,4,"0.000001,0.999993,0.000006,0.000000"
mistral_instruct,RELIGxPOLPARTY,RELIGxPOLPARTY :: Protestant | Independent,RACESURV47d_W43,4,"0.000000,0.999999,0.000000,0.000000"
mistral_instruct,RELIGxPOLPARTY,RELIGxPOLPARTY :: Protestant | Other,RACESURV47d_W43,4,"0.000000,0.999996,0.000003,0.000000"
mistral_instruct,RELIGxPOLPARTY,RELIGxPOLPARTY :: Protestant | Refused,RACESURV47d_W43,4,"0.000000,0.000000,1.000000,0.000000"
mistral_instruct,RELIGxPOLPARTY,RELIGxPOLPARTY :: Protestant | Republican,RACESURV47d_W43,4,"0.000000,0.000383,0.999617,0.000000"
mistral_instruct,RELIGxPOLPARTY,RELIGxPOLPARTY :: Roman Catholic | Democrat,RACESURV47d_W43,4,"0.000002,0.995388,0.004610,0.000001"
mistral_instruct,RELIGxPOLPARTY,RELIGxPOLPARTY :: Roman Catholic | Independent,RACESURV47d_W43,4,"0.000001,0.999955,0.000044,0.000000"
mistral_instruct,RELIGxPOLPARTY,RELIGxPOLPARTY :: Roman Catholic | Other,RACESURV47d_W43,4,"0.000001,0.997963,0.002035,0.000001"
mistral_instruct,RELIGxPOLPARTY,RELIGxPOLPARTY :: Roman Catholic | Republican,RACESURV47d_W43,4,"0.000000,0.000009,0.999990,0.000000"
mistral_instruct,RELIGxPOLPARTY,RELIGxPOLPARTY :: Agnostic | Democrat,RACESURV5h_W43,5,"0.000000,0.000000,0.000000,0.000000,1.000000"
mistral_instruct,RELIGxPOLPARTY,RELIGxPOLPARTY :: Agnostic | Independent,RACESURV5h_W43,5,"0.000000,0.000000,0.000000,0.000000,1.000000"
mistral_instruct,RELIGxPOLPARTY,RELIGxPOLPARTY :: Agnostic | Other,RACESURV5h_W43,5,"0.000000,0.000000,0.000000,0.000000,1.000000"
mistral_instruct,RELIGxPOLPARTY,RELIGxPOLPARTY :: Atheist | Democrat,RACESURV5h_W43,5,"0.000000,0.000000,0.000000,0.000001,0.999999"
mistral_instruct,RELIGxPOLPARTY,RELIGxPOLPARTY :: Atheist | Independent,RACESURV5h_W43,5,"0.000000,0.000000,0.000000,0.000000,1.000000"
mistral_instruct,RELIGxPOLPARTY,RELIGxPOLPARTY :: Atheist | Other,RACESURV5h_W43,5,"0.000000,0.000000,0.000000,0.000000,1.000000"
mistral_instruct,RELIGxPOLPARTY,RELIGxPOLPARTY :: Jewish | Democrat,RACESURV5h_W43,5,"0.000000,0.000000,0.000000,0.000000,1.000000"
mistral_instruct,RELIGxPOLPARTY,RELIGxPOLPARTY :: Mormon | Republican,RACESURV5h_W43,5,"0.000010,0.000000,0.000002,0.000020,0.999968"
mistral_instruct,RELIGxPOLPARTY,RELIGxPOLPARTY :: Nothing in particular | Democrat,RACESURV5h_W43,5,"0.000000,0.000000,0.000000,0.000000,1.000000"
mistral_instruct,RELIGxPOLPARTY,RELIGxPOLPARTY :: Nothing in particular | Independent,RACESURV5h_W43,5,"0.000000,0.000000,0.000000,0.000000,1.000000"
mistral_instruct,RELIGxPOLPARTY,RELIGxPOLPARTY :: Nothing in particular | Other,RACESURV5h_W43,5,"0.000000,0.000000,0.000000,0.000000,1.000000"
mistral_instruct,RELIGxPOLPARTY,RELIGxPOLPARTY :: Nothing in particular | Republican,RACESURV5h_W43,5,"0.000000,0.000000,0.000000,0.000000,1.000000"
mistral_instruct,RELIGxPOLPARTY,RELIGxPOLPARTY :: Other | Democrat,RACESURV5h_W43,5,"0.000000,0.000000,0.000000,0.000000,1.000000"
mistral_instruct,RELIGxPOLPARTY,RELIGxPOLPARTY :: Other | Independent,RACESURV5h_W43,5,"0.000000,0.000000,0.000000,0.000000,1.000000"
mistral_instruct,RELIGxPOLPARTY,RELIGxPOLPARTY :: Protestant | Democrat,RACESURV5h_W43,5,"0.000000,0.000000,1.000000,0.000000,0.000000"
mistral_instruct,RELIGxPOLPARTY,RELIGxPOLPARTY :: Protestant | Independent,RACESURV5h_W43,5,"0.000000,0.000000,0.000000,0.000000,1.000000"
mistral_instruct,RELIGxPOLPARTY,RELIGxPOLPARTY :: Protestant | Other,RACESURV5h_W43,5,"0.000000,0.000000,0.000000,0.000000,1.000000"
mistral_instruct,RELIGxPOLPARTY,RELIGxPOLPARTY :: Protestant | Refused,RACESURV5h_W43,5,"0.000000,0.000000,0.000000,0.000000,1.000000"
mistral_instruct,RELIGxPOLPARTY,RELIGxPOLPARTY :: Protestant | Republican,RACESURV5h_W43,5,"0.000000,0.000000,0.999999,0.000001,0.000000"
mistral_instruct,RELIGxPOLPARTY,RELIGxPOLPARTY :: Roman Catholic | Democrat,RACESURV5h_W43,5,"0.000000,0.000000,0.000000,0.000000,1.000000"
mistral_instruct,RELIGxPOLPARTY,RELIGxPOLPARTY :: Roman Catholic | Independent,RACESURV5h_W43,5,"0.000000,0.000000,0.000000,0.000000,1.000000"
mistral_instruct,RELIGxPOLPARTY,RELIGxPOLPARTY :: Roman Catholic | Other,RACESURV5h_W43,5,"0.000000,0.000000,0.000000,0.000000,1.000000"
mistral_instruct,RELIGxPOLPARTY,RELIGxPOLPARTY :: Roman Catholic | Republican,RACESURV5h_W43,5,"0.000030,0.000000,0.000109,0.000039,0.999821"
mistral_instruct,RELIGxPOLPARTY,RELIGxPOLPARTY :: Agnostic | Democrat,RACESURV5k_W43,5,"0.000000,0.000000,0.000000,1.000000,0.000000"
mistral_instruct,RELIGxPOLPARTY,RELIGxPOLPARTY :: Agnostic | Independent,RACESURV5k_W43,5,"0.000000,0.000000,0.000000,1.000000,0.000000"
mistral_instruct,RELIGxPOLPARTY,RELIGxPOLPARTY :: Agnostic | Other,RACESURV5k_W43,5,"0.000000,0.000000,0.000000,1.000000,0.000000"
mistral_instruct,RELIGxPOLPARTY,RELIGxPOLPARTY :: Atheist | Democrat,RACESURV5k_W43,5,"0.000000,0.000000,0.000000,1.000000,0.000000"
mistral_instruct,RELIGxPOLPARTY,RELIGxPOLPARTY :: Atheist | Independent,RACESURV5k_W43,5,"0.000000,0.000000,0.000000,1.000000,0.000000"
mistral_instruct,RELIGxPOLPARTY,RELIGxPOLPARTY :: Atheist | Other,RACESURV5k_W43,5,"0.000000,0.000000,0.000000,1.000000,0.000000"
mistral_instruct,RELIGxPOLPARTY,RELIGxPOLPARTY :: Jewish | Democrat,RACESURV5k_W43,5,"0.000000,0.000000,0.000000,1.000000,0.000000"
mistral_instruct,RELIGxPOLPARTY,RELIGxPOLPARTY :: Mormon | Republican,RACESURV5k_W43,5,"0.000000,0.000000,0.000029,0.999971,0.000000"
mistral_instruct,RELIGxPOLPARTY,RELIGxPOLPARTY :: Nothing in particular | Democrat,RACESURV5k_W43,5,"0.000000,0.000000,0.000000,1.000000,0.000000"
mistral_instruct,RELIGxPOLPARTY,RELIGxPOLPARTY :: Nothing in particular | Independent,RACESURV5k_W43,5,"0.000000,0.000000,0.000000,1.000000,0.000000"
mistral_instruct,RELIGxPOLPARTY,RELIGxPOLPARTY :: Nothing in particular | Other,RACESURV5k_W43,5,"0.000000,0.000000,0.000000,1.000000,0.000000"
mistral_instruct,RELIGxPOLPARTY,RELIGxPOLPARTY :: Nothing in particular | Republican,RACESURV5k_W43,5,"0.000000,0.000000,0.000000,1.000000,0.000000"
mistral_instruct,RELIGxPOLPARTY,RELIGxPOLPARTY :: Other | Democrat,RACESURV5k_W43,5,"0.000000,0.000000,0.000000,1.000000,0.000000"
mistral_instruct,RELIGxPOLPARTY,RELIGxPOLPARTY :: Other | Independent,RACESURV5k_W43,5,"0.000000,0.000000,0.000000,1.000000,0.000000"
mistral_instruct,RELIGxPOLPARTY,RELIGxPOLPARTY :: Protestant | Democrat,RACESURV5k_W43,5,"0.000000,0.000000,0.000000,1.000000,0.000000"
mistral_instruct,RELIGxPOLPARTY,RELIGxPOLPARTY :: Protestant | Independent,RACESURV5k_W43,5,"0.000000,0.000000,0.000000,1.000000,0.000000"
mistral_instruct,RELIGxPOLPARTY,RELIGxPOLPARTY :: Protestant | Other,RACESURV5k_W43,5,"0.000000,0.000000,0.000000,1.000000,0.000000"
mistral_instruct,RELIGxPOLPARTY,RELIGxPOLPARTY :: Protestant | Refused,RACESURV5k_W43,5,"0.000000,0.000000,0.000000,1.000000,0.000000"
mistral_instruct,RELIGxPOLPARTY,RELIGxPOLPARTY :: Protestant | Republican,RACESURV5k_W43,5,"0.000000,0.000000,0.000000,1.000000,0.000000"
mistral_instruct,RELIGxPOLPARTY,RELIGxPOLPARTY :: Roman Catholic | Democrat,RACESURV5k_W43,5,"0.000000,0.000000,0.000000,1.000000,0.000000"
mistral_instruct,RELIGxPOLPARTY,RELIGxPOLPARTY :: Roman Catholic | Independent,RACESURV5k_W43,5,"0.000000,0.000000,0.000000,1.000000,0.000000"
mistral_instruct,RELIGxPOLPARTY,RELIGxPOLPARTY :: Roman Catholic | Other,RACESURV5k_W43,5,"0.000000,0.000000,0.000000,1.000000,0.000000"
mistral_instruct,RELIGxPOLPARTY,RELIGxPOLPARTY :: Roman Catholic | Republican,RACESURV5k_W43,5,"0.000000,0.000000,0.000000,1.000000,0.000000"
mistral_instruct,RELIGxPOLPARTY,RELIGxPOLPARTY :: Agnostic | Democrat,RQ3_F1Ad_W42,2,"1.000000,0.000000"
mistral_instruct,RELIGxPOLPARTY,RELIGxPOLPARTY :: Agnostic | Independent,RQ3_F1Ad_W42,2,"0.000007,0.999992"
mistral_instruct,RELIGxPOLPARTY,RELIGxPOLPARTY :: Atheist | Democrat,RQ3_F1Ad_W42,2,"0.999830,0.000170"
mistral_instruct,RELIGxPOLPARTY,RELIGxPOLPARTY :: Atheist | Independent,RQ3_F1Ad_W42,2,"0.000002,0.999998"
mistral_instruct,RELIGxPOLPARTY,RELIGxPOLPARTY :: Atheist | Other,RQ3_F1Ad_W42,2,"0.000021,0.999979"
mistral_instruct,RELIGxPOLPARTY,RELIGxPOLPARTY :: Jewish | Democrat,RQ3_F1Ad_W42,2,"1.000000,0.000000"
mistral_instruct,RELIGxPOLPARTY,RELIGxPOLPARTY :: Mormon | Republican,RQ3_F1Ad_W42,2,"1.000000,0.000000"
mistral_instruct,RELIGxPOLPARTY,RELIGxPOLPARTY :: Nothing in particular | Democrat,RQ3_F1Ad_W42,2,"0.999318,0.000683"
mistral_instruct,RELIGxPOLPARTY,RELIGxPOLPARTY :: Nothing in particular | Independent,RQ3_F1Ad_W42,2,"0.000001,0.999999"
mistral_instruct,RELIGxPOLPARTY,RELIGxPOLPARTY :: Nothing in particular | Other,RQ3_F1Ad_W42,2,"0.000000,1.000000"
mistral_instruct,RELIGxPOLPARTY,RELIGxPOLPARTY :: Nothing in particular | Republican,RQ3_F1Ad_W42,2,"0.999620,0.000380"
mistral_instruct,RELIGxPOLPARTY,RELIGxPOLPARTY :: Other | Independent,RQ3_F1Ad_W42,2,"0.006693,0.993307"
mistral_instruct,RELIGxPOLPARTY,RELIGxPOLPARTY :: Protestant | Democrat,RQ3_F1Ad_W42,2,"1.000000,0.000000"
mistral_instruct,RELIGxPOLPARTY,RELIGxPOLPARTY :: Protestant | Independent,RQ3_F1Ad_W42,2,"0.999919,0.000081"
mistral_instruct,RELIGxPOLPARTY,RELIGxPOLPARTY :: Protestant | Other,RQ3_F1Ad_W42,2,"1.000000,0.000000"
mistral_instruct,RELIGxPOLPARTY,RELIGxPOLPARTY :: Protestant | Refused,RQ3_F1Ad_W42,2,"0.000000,1.000000"
mistral_instruct,RELIGxPOLPARTY,RELIGxPOLPARTY :: Protestant | Republican,RQ3_F1Ad_W42,2,"1.000000,0.000000"
mistral_instruct,RELIGxPOLPARTY,RELIGxPOLPARTY :: Roman Catholic | Democrat,RQ3_F1Ad_W42,2,"1.000000,0.000000"
mistral_instruct,RELIGxPOLPARTY,RELIGxPOLPARTY :: Roman Catholic | Independent,RQ3_F1Ad_W42,2,"0.998377,0.001623"
mistral_instruct,RELIGxPOLPARTY,RELIGxPOLPARTY :: Roman Catholic | Other,RQ3_F1Ad_W42,2,"0.999993,0.000007"
mistral_instruct,RELIGxPOLPARTY,RELIGxPOLPARTY :: Roman Catholic | Republican,RQ3_F1Ad_W42,2,"1.000000,0.000000"
mistral_instruct,RELIGxPOLPARTY,RELIGxPOLPARTY :: Agnostic | Democrat,RQ7_F1B_W42,2,"1.000000,0.000000"
mistral_instruct,RELIGxPOLPARTY,RELIGxPOLPARTY :: Agnostic | Independent,RQ7_F1B_W42,2,"1.000000,0.000000"
mistral_instruct,RELIGxPOLPARTY,RELIGxPOLPARTY :: Atheist | Democrat,RQ7_F1B_W42,2,"1.000000,0.000000"
mistral_instruct,RELIGxPOLPARTY,RELIGxPOLPARTY :: Atheist | Independent,RQ7_F1B_W42,2,"0.999991,0.000009"
mistral_instruct,RELIGxPOLPARTY,RELIGxPOLPARTY :: Atheist | Other,RQ7_F1B_W42,2,"0.000970,0.999030"
mistral_instruct,RELIGxPOLPARTY,RELIGxPOLPARTY :: Jewish | Democrat,RQ7_F1B_W42,2,"1.000000,0.000000"
mistral_instruct,RELIGxPOLPARTY,RELIGxPOLPARTY :: Mormon | Republican,RQ7_F1B_W42,2,"1.000000,0.000000"
mistral_instruct,RELIGxPOLPARTY,RELIGxPOLPARTY :: Nothing in particular | Democrat,RQ7_F1B_W42,2,"1.000000,0.000000"
mistral_instruct,RELIGxPOLPARTY,RELIGxPOLPARTY :: Nothing in particular | Independent,RQ7_F1B_W42,2,"0.999991,0.000009"
mistral_instruct,RELIGxPOLPARTY,RELIGxPOLPARTY :: Nothing in particular | Other,RQ7_F1B_W42,2,"0.992481,0.007519"
mistral_instruct,RELIGxPOLPARTY,RELIGxPOLPARTY :: Nothing in particular | Republican,RQ7_F1B_W42,2,"0.999623,0.000377"
mistral_instruct,RELIGxPOLPARTY,RELIGxPOLPARTY :: Other | Independent,RQ7_F1B_W42,2,"1.000000,0.000000"
mistral_instruct,RELIGxPOLPARTY,RELIGxPOLPARTY :: Protestant | Democrat,RQ7_F1B_W42,2,"1.000000,0.000000"
mistral_instruct,RELIGxPOLPARTY,RELIGxPOLPARTY :: Protestant | Independent,RQ7_F1B_W42,2,"1.000000,0.000000"
mistral_instruct,RELIGxPOLPARTY,RELIGxPOLPARTY :: Protestant | Other,RQ7_F1B_W42,2,"1.000000,0.000000"
mistral_instruct,RELIGxPOLPARTY,RELIGxPOLPARTY :: Protestant | Refused,RQ7_F1B_W42,2,"1.000000,0.000000"
mistral_instruct,RELIGxPOLPARTY,RELIGxPOLPARTY :: Protestant | Republican,RQ7_F1B_W42,2,"1.000000,0.000000"
mistral_instruct,RELIGxPOLPARTY,RELIGxPOLPARTY :: Roman Catholic | Democrat,RQ7_F1B_W42,2,"1.000000,0.000000"
mistral_instruct,RELIGxPOLPARTY,RELIGxPOLPARTY :: Roman Catholic | Independent,RQ7_F1B_W42,2,"1.000000,0.000000"
mistral_instruct,RELIGxPOLPARTY,RELIGxPOLPARTY :: Roman Catholic | Other,RQ7_F1B_W42,2,"1.000000,0.000000"
mistral_instruct,RELIGxPOLPARTY,RELIGxPOLPARTY :: Roman Catholic | Republican,RQ7_F1B_W42,2,"1.000000,0.000000"
mistral_instruct,RELIGxPOLPARTY,RELIGxPOLPARTY :: Agnostic | Democrat,SCM2_W42,2,"1.000000,0.000000"
mistral_instruct,RELIGxPOLPARTY,RELIGxPOLPARTY :: Agnostic | Independent,SCM2_W42,2,"1.000000,0.000000"
mistral_instruct,RELIGxPOLPARTY,RELIGxPOLPARTY :: Atheist | Democrat,SCM2_W42,2,"1.000000,0.000000"
mistral_instruct,RELIGxPOLPARTY,RELIGxPOLPARTY :: Atheist | Independent,SCM2_W42,2,"1.000000,0.000000"
mistral_instruct,RELIGxPOLPARTY,RELIGxPOLPARTY :: Atheist | Other,SCM2_W42,2,"1.000000,0.000000"
mistral_instruct,RELIGxPOLPARTY,RELIGxPOLPARTY :: Jewish | Democrat,SCM2_W42,2,"1.000000,0.000000"
mistral_instruct,RELIGxPOLPARTY,RELIGxPOLPARTY :: Mormon | Republican,SCM2_W42,2,"1.000000,0.000000"
mistral_instruct,RELIGxPOLPARTY,RELIGxPOLPARTY :: Nothing in particular | Democrat,SCM2_W42,2,"1.000000,0.000000"
mistral_instruct,RELIGxPOLPARTY,RELIGxPOLPARTY :: Nothing in particular | Independent,SCM2_W42,2,"1.000000,0.000000"
mistral_instruct,RELIGxPOLPARTY,RELIGxPOLPARTY :: Nothing in particular | Other,SCM2_W42,2,"1.000000,0.000000"
mistral_instruct,RELIGxPOLPARTY,RELIGxPOLPARTY :: Nothing in particular | Republican,SCM2_W42,2,"1.000000,0.000000"
mistral_instruct,RELIGxPOLPARTY,RELIGxPOLPARTY :: Other | Independent,SCM2_W42,2,"1.000000,0.000000"
mistral_instruct,RELIGxPOLPARTY,RELIGxPOLPARTY :: Protestant | Democrat,SCM2_W42,2,"1.000000,0.000000"
mistral_instruct,RELIGxPOLPARTY,RELIGxPOLPARTY :: Protestant | Independent,SCM2_W42,2,"1.000000,0.000000"
mistral_instruct,RELIGxPOLPARTY,RELIGxPOLPARTY :: Protestant | Other,SCM2_W42,2,"1.000000,0.000000"
mistral_instruct,RELIGxPOLPARTY,RELIGxPOLPARTY :: Protestant | Refused,SCM2_W42,2,"1.000000,0.000000"
mistral_instruct,RELIGxPOLPARTY,RELIGxPOLPARTY :: Protestant | Republican,SCM2_W42,2,"1.000000,0.000000"
mistral_instruct,RELIGxPOLPARTY,RELIGxPOLPARTY :: Roman Catholic | Democrat,SCM2_W42,2,"1.000000,0.000000"
mistral_instruct,RELIGxPOLPARTY,RELIGxPOLPARTY :: Roman Catholic | Independent,SCM2_W42,2,"1.000000,0.000000"
mistral_instruct,RELIGxPOLPARTY,RELIGxPOLPARTY :: Roman Catholic | Other,SCM2_W42,2,"1.000000,0.000000"
mistral_instruct,RELIGxPOLPARTY,RELIGxPOLPARTY :: Roman Catholic | Republican,SCM2_W42,2,"1.000000,0.000000"
mistral_instruct,RELIGxPOLPARTY,RELIGxPOLPARTY :: Agnostic | Democrat,SEEK_W45,2,"1.000000,0.000000"
mistral_instruct,RELIGxPOLPARTY,RELIGxPOLPARTY :: Agnostic | Independent,SEEK_W45,2,"0.000000,1.000000"
mistral_instruct,RELIGxPOLPARTY,RELIGxPOLPARTY :: Agnostic | Other,SEEK_W45,2,"0.000000,1.000000"
mistral_instruct,RELIGxPOLPARTY,RELIGxPOLPARTY :: Atheist | Democrat,SEEK_W45,2,"1.000000,0.000000"
mistral_instruct,RELIGxPOLPARTY,RELIGxPOLPARTY :: Atheist | Independent,SEEK_W45,2,"1.000000,0.000000"
mistral_instruct,RELIGxPOLPARTY,RELIGxPOLPARTY :: Atheist | Other,SEEK_W45,2,"0.000036,0.999964"
mistral_instruct,RELIGxPOLPARTY,RELIGxPOLPARTY :: Jewish | Democrat,SEEK_W45,2,"1.000000,0.000000"
mistral_instruct,RELIGxPOLPARTY,RELIGxPOLPARTY :: Mormon | Republican,SEEK_W45,2,"1.000000,0.000000"
mistral_instruct,RELIGxPOLPARTY,RELIGxPOLPARTY :: Nothing in particular | Democrat,SEEK_W45,2,"0.988131,0.011869"
mistral_instruct,RELIGxPOLPARTY,RELIGxPOLPARTY :: Nothing in particular | Independent,SEEK_W45,2,"0.000000,1.000000"
mistral_instruct,RELIGxPOLPARTY,RELIGxPOLPARTY :: Nothing in particular | Other,SEEK_W45,2,"0.000000,1.000000"
mistral_instruct,RELIGxPOLPARTY,RELIGxPOLPARTY :: Nothing in particular | Republican,SEEK_W45,2,"0.245085,0.754915"
mistral_instruct,RELIGxPOLPARTY,RELIGxPOLPARTY :: Other | Democrat,SEEK_W45,2,"1.000000,0.000000"
mistral_instruct,RELIGxPOLPARTY,RELIGxPOLPARTY :: Other | Independent,SEEK_W45,2,"0.000002,0.999998"
mistral_instruct,RELIGxPOLPARTY,RELIGxPOLPARTY :: Protestant | Democrat,SEEK_W45,2,"1.000000,0.000000"
mistral_instruct,RELIGxPOLPARTY,RELIGxPOLPARTY :: Protestant | Independent,SEEK_W45,2,"1.000000,0.000000"
mistral_instruct,RELIGxPOLPARTY,RELIGxPOLPARTY :: Protestant | Other,SEEK_W45,2,"0.000005,0.999995"
mistral_instruct,RELIGxPOLPARTY,RELIGxPOLPARTY :: Protestant | Republican,SEEK_W45,2,"1.000000,0.000000"
mistral_instruct,RELIGxPOLPARTY,RELIGxPOLPARTY :: Roman Catholic | Democrat,SEEK_W45,2,"1.000000,0.000000"
mistral_instruct,RELIGxPOLPARTY,RELIGxPOLPARTY :: Roman Catholic | Independent,SEEK_W45,2,"1.000000,0.000000"
mistral_instruct,RELIGxPOLPARTY,RELIGxPOLPARTY :: Roman Catholic | Other,SEEK_W45,2,"0.000028,0.999972"
mistral_instruct,RELIGxPOLPARTY,RELIGxPOLPARTY :: Roman Catholic | Republican,SEEK_W45,2,"1.000000,0.000000"
mistral_instruct,RELIGxPOLPARTY,RELIGxPOLPARTY :: Agnostic | Democrat,TRAITPOLMF1A_W36,3,"0.000000,0.000000,1.000000"
mistral_instruct,RELIGxPOLPARTY,RELIGxPOLPARTY :: Agnostic | Independent,TRAITPOLMF1A_W36,3,"0.000000,0.000000,1.000000"
mistral_instruct,RELIGxPOLPARTY,RELIGxPOLPARTY :: Agnostic | Other,TRAITPOLMF1A_W36,3,"0.000000,0.000000,1.000000"
mistral_instruct,RELIGxPOLPARTY,RELIGxPOLPARTY :: Atheist | Democrat,TRAITPOLMF1A_W36,3,"0.000000,0.000000,1.000000"
mistral_instruct,RELIGxPOLPARTY,RELIGxPOLPARTY :: Atheist | Independent,TRAITPOLMF1A_W36,3,"0.000000,0.000000,1.000000"
mistral_instruct,RELIGxPOLPARTY,RELIGxPOLPARTY :: Jewish | Democrat,TRAITPOLMF1A_W36,3,"0.695957,0.000001,0.304041"
mistral_instruct,RELIGxPOLPARTY,RELIGxPOLPARTY :: Jewish | Independent,TRAITPOLMF1A_W36,3,"0.000001,0.000000,1.000000"
mistral_instruct,RELIGxPOLPARTY,RELIGxPOLPARTY :: Mormon | Republican,TRAITPOLMF1A_W36,3,"1.000000,0.000000,0.000000"
mistral_instruct,RELIGxPOLPARTY,RELIGxPOLPARTY :: Nothing in particular | Democrat,TRAITPOLMF1A_W36,3,"0.000000,0.000000,1.000000"
mistral_instruct,RELIGxPOLPARTY,RELIGxPOLPARTY :: Nothing in particular | Independent,TRAITPOLMF1A_W36,3,"0.000000,0.000000,1.000000"
mistral_instruct,RELIGxPOLPARTY,RELIGxPOLPARTY :: Nothing in particular | Other,TRAITPOLMF1A_W36,3,"0.000000,0.000000,1.000000"
mistral_instruct,RELIGxPOLPARTY,RELIGxPOLPARTY :: Nothing in particular | Republican,TRAITPOLMF1A_W36,3,"0.000000,0.000000,1.000000"
mistral_instruct,RELIGxPOLPARTY,RELIGxPOLPARTY :: Other | Democrat,TRAITPOLMF1A_W36,3,"0.000014,0.000000,0.999986"
mistral_instruct,RELIGxPOLPARTY,RELIGxPOLPARTY :: Other | Independent,TRAITPOLMF1A_W36,3,"0.000000,0.000000,1.000000"
mistral_instruct,RELIGxPOLPARTY,RELIGxPOLPARTY :: Protestant | Democrat,TRAITPOLMF1A_W36,3,"0.005220,0.000000,0.994780"
mistral_instruct,RELIGxPOLPARTY,RELIGxPOLPARTY :: Protestant | Independent,TRAITPOLMF1A_W36,3,"0.000000,0.000000,1.000000"
mistral_instruct,RELIGxPOLPARTY,RELIGxPOLPARTY :: Protestant | Other,TRAITPOLMF1A_W36,3,"0.000000,0.000000,1.000000"
mistral_instruct,RELIGxPOLPARTY,RELIGxPOLPARTY :: Protestant | Republican,TRAITPOLMF1A_W36,3,"1.000000,0.000000,0.000000"
mistral_instruct,RELIGxPOLPARTY,RELIGxPOLPARTY :: Roman Catholic | Democrat,TRAITPOLMF1A_W36,3,"0.361164,0.000001,0.638835"
mistral_instruct,RELIGxPOLPARTY,RELIGxPOLPARTY :: Roman Catholic | Independent,TRAITPOLMF1A_W36,3,"0.000002,0.000000,0.999998"
mistral_instruct,RELIGxPOLPARTY,RELIGxPOLPARTY :: Roman Catholic | Other,TRAITPOLMF1A_W36,3,"0.000001,0.000000,0.999999"
mistral_instruct,RELIGxPOLPARTY,RELIGxPOLPARTY :: Roman Catholic | Republican,TRAITPOLMF1A_W36,3,"1.000000,0.000000,0.000000"
mistral_instruct,RELIGxPOLPARTY,RELIGxPOLPARTY :: Agnostic | Democrat,TRAITPOLMF1C_W36,3,"0.000000,0.000000,1.000000"
mistral_instruct,RELIGxPOLPARTY,RELIGxPOLPARTY :: Agnostic | Independent,TRAITPOLMF1C_W36,3,"0.000000,0.000000,1.000000"
mistral_instruct,RELIGxPOLPARTY,RELIGxPOLPARTY :: Agnostic | Other,TRAITPOLMF1C_W36,3,"0.000000,0.000000,1.000000"
mistral_instruct,RELIGxPOLPARTY,RELIGxPOLPARTY :: Atheist | Democrat,TRAITPOLMF1C_W36,3,"0.000000,0.000000,1.000000"
mistral_instruct,RELIGxPOLPARTY,RELIGxPOLPARTY :: Atheist | Independent,TRAITPOLMF1C_W36,3,"0.000000,0.000000,1.000000"
mistral_instruct,RELIGxPOLPARTY,RELIGxPOLPARTY :: Jewish | Democrat,TRAITPOLMF1C_W36,3,"0.418696,0.000002,0.581302"
mistral_instruct,RELIGxPOLPARTY,RELIGxPOLPARTY :: Jewish | Independent,TRAITPOLMF1C_W36,3,"0.000000,0.000000,1.000000"
mistral_instruct,RELIGxPOLPARTY,RELIGxPOLPARTY :: Mormon | Republican,TRAITPOLMF1C_W36,3,"1.000000,0.000000,0.000000"
mistral_instruct,RELIGxPOLPARTY,RELIGxPOLPARTY :: Nothing in particular | Democrat,TRAITPOLMF1C_W36,3,"0.000000,0.000000,1.000000"
mistral_instruct,RELIGxPOLPARTY,RELIGxPOLPARTY :: Nothing in particular | Independent,TRAITPOLMF1C_W36,3,"0.000000,0.000000,1.000000"
mistral_instruct,RELIGxPOLPARTY,RELIGxPOLPARTY :: Nothing in particular | Other,TRAITPOLMF1C_W36,3,"0.000000,0.000000,1.000000"
mistral_instruct,RELIGxPOLPARTY,RELIGxPOLPARTY :: Nothing in particular | Republican,TRAITPOLMF1C_W36,3,"0.000000,0.000000,1.000000"
mistral_instruct,RELIGxPOLPARTY,RELIGxPOLPARTY :: Other | Democrat,TRAITPOLMF1C_W36,3,"0.000003,0.000000,0.999997"
mistral_instruct,RELIGxPOLPARTY,RELIGxPOLPARTY :: Other | Independent,TRAITPOLMF1C_W36,3,"0.000000,0.000000,1.000000"
mistral_instruct,RELIGxPOLPARTY,RELIGxPOLPARTY :: Protestant | Democrat,TRAITPOLMF1C_W36,3,"0.000002,0.000000,0.999998"
mistral_instruct,RELIGxPOLPARTY,RELIGxPOLPARTY :: Protestant | Independent,TRAITPOLMF1C_W36,3,"0.000000,0.000000,1.000000"
mistral_instruct,RELIGxPOLPARTY,RELIGxPOLPARTY :: Protestant | Other,TRAITPOLMF1C_W36,3,"0.000000,0.000000,1.000000"
mistral_instruct,RELIGxPOLPARTY,RELIGxPOLPARTY :: Protestant | Republican,TRAITPOLMF1C_W36,3,"1.000000,0.000000,0.000000"
mistral_instruct,RELIGxPOLPARTY,RELIGxPOLPARTY :: Roman Catholic | Democrat,TRAITPOLMF1C_W36,3,"0.000182,0.000001,0.999817"
mistral_instruct,RELIGxPOLPARTY,RELIGxPOLPARTY :: Roman Catholic | Independent,TRAITPOLMF1C_W36,3,"0.000000,0.000000,1.000000"
mistral_instruct,RELIGxPOLPARTY,RELIGxPOLPARTY :: Roman Catholic | Other,TRAITPOLMF1C_W36,3,"0.000001,0.000000,1.000000"
mistral_instruct,RELIGxPOLPARTY,RELIGxPOLPARTY :: Roman Catholic | Republican,TRAITPOLMF1C_W36,3,"1.000000,0.000000,0.000000"
mistral_instruct,RELIGxPOLPARTY,RELIGxPOLPARTY :: Agnostic | Democrat,VTRS_VALS_W92,2,"0.618780,0.381220"
mistral_instruct,RELIGxPOLPARTY,RELIGxPOLPARTY :: Agnostic | Independent,VTRS_VALS_W92,2,"0.000000,1.000000"
mistral_instruct,RELIGxPOLPARTY,RELIGxPOLPARTY :: Agnostic | Other,VTRS_VALS_W92,2,"0.000000,1.000000"
mistral_instruct,RELIGxPOLPARTY,RELIGxPOLPARTY :: Agnostic | Republican,VTRS_VALS_W92,2,"0.000000,1.000000"
mistral_instruct,RELIGxPOLPARTY,RELIGxPOLPARTY :: Atheist | Democrat,VTRS_VALS_W92,2,"0.000000,1.000000"
mistral_instruct,RELIGxPOLPARTY,RELIGxPOLPARTY :: Atheist | Independent,VTRS_VALS_W92,2,"0.000000,1.000000"
mistral_instruct,RELIGxPOLPARTY,RELIGxPOLPARTY :: Atheist | Other,VTRS_VALS_W92,2,"0.000000,1.000000"
mistral_instruct,RELIGxPOLPARTY,RELIGxPOLPARTY :: Buddhist | Democrat,VTRS_VALS_W92,2,"0.999995,0.000005"
mistral_instruct,RELIGxPOLPARTY,RELIGxPOLPARTY :: Jewish | Democrat,VTRS_VALS_W92,2,"1.000000,0.000000"
mistral_instruct,RELIGxPOLPARTY,RELIGxPOLPARTY :: Jewish | Independent,VTRS_VALS_W92,2,"0.995462,0.004538"
mistral_instruct,RELIGxPOLPARTY,RELIGxPOLPARTY :: Jewish | Republican,VTRS_VALS_W92,2,"0.912436,0.087564"
mistral_instruct,RELIGxPOLPARTY,RELIGxPOLPARTY :: Mormon | Independent,VTRS_VALS_W92,2,"1.000000,0.000000"
mistral_instruct,RELIGxPOLPARTY,RELIGxPOLPARTY :: Mormon | Republican,VTRS_VALS_W92,2,"1.000000,0.000000"
mistral_instruct,RELIGxPOLPARTY,RELIGxPOLPARTY :: Nothing in particular | Democrat,VTRS_VALS_W92,2,"0.000000,1.000000"
mistral_instruct,RELIGxPOLPARTY,RELIGxPOLPARTY :: Nothing in particular | Independent,VTRS_VALS_W92,2,"0.000000,1.000000"
mistral_instruct,RELIGxPOLPARTY,RELIGxPOLPARTY :: Nothing in particular | Other,VTRS_VALS_W92,2,"0.000000,1.000000"
mistral_instruct,RELIGxPOLPARTY,RELIGxPOLPARTY :: Nothing in particular | Republican,VTRS_VALS_W92,2,"0.000000,1.000000"
mistral_instruct,RELIGxPOLPARTY,RELIGxPOLPARTY :: Other | Democrat,VTRS_VALS_W92,2,"0.870597,0.129403"
mistral_instruct,RELIGxPOLPARTY,RELIGxPOLPARTY :: Other | Independent,VTRS_VALS_W92,2,"0.000001,0.999999"
mistral_instruct,RELIGxPOLPARTY,RELIGxPOLPARTY :: Other | Other,VTRS_VALS_W92,2,"0.000000,1.000000"
mistral_instruct,RELIGxPOLPARTY,RELIGxPOLPARTY :: Protestant | Democrat,VTRS_VALS_W92,2,"0.999935,0.000065"
mistral_instruct,RELIGxPOLPARTY,RELIGxPOLPARTY :: Protestant | Independent,VTRS_VALS_W92,2,"0.577495,0.422505"
mistral_instruct,RELIGxPOLPARTY,RELIGxPOLPARTY :: Protestant | Other,VTRS_VALS_W92,2,"0.000000,1.000000"
mistral_instruct,RELIGxPOLPARTY,RELIGxPOLPARTY :: Protestant | Refused,VTRS_VALS_W92,2,"0.000000,1.000000"
mistral_instruct,RELIGxPOLPARTY,RELIGxPOLPARTY :: Protestant | Republican,VTRS_VALS_W92,2,"0.607663,0.392337"
mistral_instruct,RELIGxPOLPARTY,RELIGxPOLPARTY :: Roman Catholic | Democrat,VTRS_VALS_W92,2,"0.999997,0.000003"
mistral_instruct,RELIGxPOLPARTY,RELIGxPOLPARTY :: Roman Catholic | Independent,VTRS_VALS_W92,2,"0.034359,0.965641"
mistral_instruct,RELIGxPOLPARTY,RELIGxPOLPARTY :: Roman Catholic | Other,VTRS_VALS_W92,2,"0.000000,1.000000"
mistral_instruct,RELIGxPOLPARTY,RELIGxPOLPARTY :: Roman Catholic | Republican,VTRS_VALS_W92,2,"0.997508,0.002492"
mistral_instruct,RELIGxPOLPARTY,RELIGxPOLPARTY :: Agnostic | Democrat,WHYNOTBIZF2D_W36,3,"0.000000,0.000000,1.000000"
mistral_instruct,RELIGxPOLPARTY,RELIGxPOLPARTY :: Agnostic | Independent,WHYNOTBIZF2D_W36,3,"0.000000,0.000000,1.000000"
mistral_instruct,RELIGxPOLPARTY,RELIGxPOLPARTY :: Agnostic | Other,WHYNOTBIZF2D_W36,3,"0.000000,0.000000,1.000000"
mistral_instruct,RELIGxPOLPARTY,RELIGxPOLPARTY :: Atheist | Democrat,WHYNOTBIZF2D_W36,3,"0.000000,0.000000,1.000000"
mistral_instruct,RELIGxPOLPARTY,RELIGxPOLPARTY :: Atheist | Independent,WHYNOTBIZF2D_W36,3,"0.000000,0.000000,1.000000"
mistral_instruct,RELIGxPOLPARTY,RELIGxPOLPARTY :: Jewish | Democrat,WHYNOTBIZF2D_W36,3,"0.000000,0.000000,1.000000"
mistral_instruct,RELIGxPOLPARTY,RELIGxPOLPARTY :: Jewish | Independent,WHYNOTBIZF2D_W36,3,"0.000000,0.000000,1.000000"
mistral_instruct,RELIGxPOLPARTY,RELIGxPOLPARTY :: Mormon | Republican,WHYNOTBIZF2D_W36,3,"0.000000,0.000000,1.000000"
mistral_instruct,RELIGxPOLPARTY,RELIGxPOLPARTY :: Nothing in particular | Democrat,WHYNOTBIZF2D_W36,3,"0.000000,0.000000,1.000000"
mistral_instruct,RELIGxPOLPARTY,RELIGxPOLPARTY :: Nothing in particular | Independent,WHYNOTBIZF2D_W36,3,"0.000000,0.000000,1.000000"
mistral_instruct,RELIGxPOLPARTY,RELIGxPOLPARTY :: Nothing in particular | Other,WHYNOTBIZF2D_W36,3,"0.000000,0.000000,1.000000"
mistral_instruct,RELIGxPOLPARTY,RELIGxPOLPARTY :: Nothing in particular | Republican,WHYNOTBIZF2D_W36,3,"0.000000,0.000000,1.000000"
mistral_instruct,RELIGxPOLPARTY,RELIGxPOLPARTY :: Other | Democrat,WHYNOTBIZF2D_W36,3,"0.000000,0.000000,1.000000"
mistral_instruct,RELIGxPOLPARTY,RELIGxPOLPARTY :: Other | Independent,WHYNOTBIZF2D_W36,3,"0.000000,0.000000,1.000000"
mistral_instruct,RELIGxPOLPARTY,RELIGxPOLPARTY :: Protestant | Democrat,WHYNOTBIZF2D_W36,3,"0.000000,0.000000,1.000000"
mistral_instruct,RELIGxPOLPARTY,RELIGxPOLPARTY :: Protestant | Independent,WHYNOTBIZF2D_W36,3,"0.000000,0.000000,1.000000"
mistral_instruct,RELIGxPOLPARTY,RELIGxPOLPARTY :: Protestant | Other,WHYNOTBIZF2D_W36,3,"0.000000,0.000000,1.000000"
mistral_instruct,RELIGxPOLPARTY,RELIGxPOLPARTY :: Protestant | Republican,WHYNOTBIZF2D_W36,3,"0.000000,0.000000,1.000000"
mistral_instruct,RELIGxPOLPARTY,RELIGxPOLPARTY :: Roman Catholic | Democrat,WHYNOTBIZF2D_W36,3,"0.000000,0.000000,1.000000"
mistral_instruct,RELIGxPOLPARTY,RELIGxPOLPARTY :: Roman Catholic | Independent,WHYNOTBIZF2D_W36,3,"0.000000,0.000000,1.000000"
mistral_instruct,RELIGxPOLPARTY,RELIGxPOLPARTY :: Roman Catholic | Other,WHYNOTBIZF2D_W36,3,"0.000000,0.000000,1.000000"
mistral_instruct,RELIGxPOLPARTY,RELIGxPOLPARTY :: Roman Catholic | Republican,WHYNOTBIZF2D_W36,3,"0.000000,0.000000,1.000000"
mistral_instruct,RELIGxPOLPARTY,RELIGxPOLPARTY :: Agnostic | Democrat,WHYNOTPOLF1I_W36,3,"0.000000,0.000000,1.000000"
mistral_instruct,RELIGxPOLPARTY,RELIGxPOLPARTY :: Agnostic | Independent,WHYNOTPOLF1I_W36,3,"0.000000,0.000000,1.000000"
mistral_instruct,RELIGxPOLPARTY,RELIGxPOLPARTY :: Agnostic | Other,WHYNOTPOLF1I_W36,3,"0.000000,0.000000,1.000000"
mistral_instruct,RELIGxPOLPARTY,RELIGxPOLPARTY :: Atheist | Democrat,WHYNOTPOLF1I_W36,3,"0.000000,0.000000,1.000000"
mistral_instruct,RELIGxPOLPARTY,RELIGxPOLPARTY :: Atheist | Independent,WHYNOTPOLF1I_W36,3,"0.000000,0.000000,1.000000"
mistral_instruct,RELIGxPOLPARTY,RELIGxPOLPARTY :: Jewish | Democrat,WHYNOTPOLF1I_W36,3,"0.000000,0.000000,1.000000"
mistral_instruct,RELIGxPOLPARTY,RELIGxPOLPARTY :: Jewish | Independent,WHYNOTPOLF1I_W36,3,"0.000000,0.000000,1.000000"
mistral_instruct,RELIGxPOLPARTY,RELIGxPOLPARTY :: Mormon | Republican,WHYNOTPOLF1I_W36,3,"0.000001,0.000000,0.999999"
mistral_instruct,RELIGxPOLPARTY,RELIGxPOLPARTY :: Nothing in particular | Democrat,WHYNOTPOLF1I_W36,3,"0.000000,0.000000,1.000000"
mistral_instruct,RELIGxPOLPARTY,RELIGxPOLPARTY :: Nothing in particular | Independent,WHYNOTPOLF1I_W36,3,"0.000000,0.000000,1.000000"
mistral_instruct,RELIGxPOLPARTY,RELIGxPOLPARTY :: Nothing in particular | Other,WHYNOTPOLF1I_W36,3,"0.000000,0.000000,1.000000"
mistral_instruct,RELIGxPOLPARTY,RELIGxPOLPARTY :: Nothing in particular | Republican,WHYNOTPOLF1I_W36,3,"0.000000,0.000000,1.000000"
mistral_instruct,RELIGxPOLPARTY,RELIGxPOLPARTY :: Other | Democrat,WHYNOTPOLF1I_W36,3,"0.000000,0.000000,1.000000"
mistral_instruct,RELIGxPOLPARTY,RELIGxPOLPARTY :: Other | Independent,WHYNOTPOLF1I_W36,3,"0.000000,0.000000,1.000000"
mistral_instruct,RELIGxPOLPARTY,RELIGxPOLPARTY :: Protestant | Democrat,WHYNOTPOLF1I_W36,3,"0.000000,0.000001,0.999999"
mistral_instruct,RELIGxPOLPARTY,RELIGxPOLPARTY :: Protestant | Independent,WHYNOTPOLF1I_W36,3,"0.000000,0.000000,1.000000"
mistral_instruct,RELIGxPOLPARTY,RELIGxPOLPARTY :: Protestant | Other,WHYNOTPOLF1I_W36,3,"0.000000,0.000000,1.000000"
mistral_instruct,RELIGxPOLPARTY,RELIGxPOLPARTY :: Protestant | Republican,WHYNOTPOLF1I_W36,3,"0.000001,0.000000,0.999999"
mistral_instruct,RELIGxPOLPARTY,RELIGxPOLPARTY :: Roman Catholic | Democrat,WHYNOTPOLF1I_W36,3,"0.000000,0.000001,0.999999"
mistral_instruct,RELIGxPOLPARTY,RELIGxPOLPARTY :: Roman Catholic | Independent,WHYNOTPOLF1I_W36,3,"0.000000,0.000000,1.000000"
mistral_instruct,RELIGxPOLPARTY,RELIGxPOLPARTY :: Roman Catholic | Other,WHYNOTPOLF1I_W36,3,"0.000000,0.000000,1.000000"
mistral_instruct,RELIGxPOLPARTY,RELIGxPOLPARTY :: Roman Catholic | Republican,WHYNOTPOLF1I_W36,3,"0.000000,0.000000,1.000000"
