model,ty,gk,qk,n_opt,pred
base,AGExPOLPARTY,AGExPOLPARTY :: 18-29 | Democrat,CARS10B_W27,2,"0.884039,0.115961"
base,AGExPOLPARTY,AGExPOLPARTY :: 18-29 | Independent,CARS10B_W27,2,"0.859664,0.140336"
base,AGExPOLPARTY,AGExPOLPARTY :: 18-29 | Other,CARS10B_W27,2,"0.855851,0.144149"
base,AGExPOLPARTY,AGExPOLPARTY :: 18-29 | Republican,CARS10B_W27,2,"0.863392,0.136608"
base,AGExPOLPARTY,AGExPOLPARTY :: 30-49 | Democrat,CARS10B_W27,2,"0.870597,0.129403"
base,AGExPOLPARTY,AGExPOLPARTY :: 30-49 | Independent,CARS10B_W27,2,"0.839734,0.160266"
base,AGExPOLPARTY,AGExPOLPARTY :: 30-49 | Other,CARS10B_W27,2,"0.839734,0.160266"
base,AGExPOLPARTY,AGExPOLPARTY :: 30-49 | Republican,CARS10B_W27,2,"0.855851,0.144149"
base,AGExPOLPARTY,AGExPOLPARTY :: 50-64 | Democrat,CARS10B_W27,2,"0.863392,0.136608"
base,AGExPOLPARTY,AGExPOLPARTY :: 50-64 | Independent,CARS10B_W27,2,"0.835484,0.164516"
base,AGExPOLPARTY,AGExPOLPARTY :: 50-64 | Other,CARS10B_W27,2,"0.831143,0.168857"
base,AGExPOLPARTY,AGExPOLPARTY :: 50-64 | Republican,CARS10B_W27,2,"0.851953,0.148047"
base,AGExPOLPARTY,AGExPOLPARTY :: 65+ | Democrat,CARS10B_W27,2,"0.870597,0.129403"
base,AGExPOLPARTY,AGExPOLPARTY :: 65+ | Independent,CARS10B_W27,2,"0.843895,0.156105"
base,AGExPOLPARTY,AGExPOLPARTY :: 65+ | Other,CARS10B_W27,2,"0.835484,0.164516"
base,AGExPOLPARTY,AGExPOLPARTY :: 65+ | Republican,CARS10B_W27,2,"0.851953,0.148047"
base,AGExPOLPARTY,AGExPOLPARTY :: 18-29 | Democrat,COMMYRS_W32,5,"0.064707,0.318500,0.170481,0.281076,0.165236"
base,AGExPOLPARTY,AGExPOLPARTY :: 18-29 | Independent,COMMYRS_W32,5,"0.065981,0.305091,0.173835,0.286606,0.168487"
base,AGExPOLPARTY,AGExPOLPARTY :: 18-29 | Other,COMMYRS_W32,5,"0.081370,0.293026,0.183371,0.275272,0.166961"
base,AGExPOLPARTY,AGExPOLPARTY :: 18-29 | Republican,COMMYRS_W32,5,"0.066583,0.298405,0.164795,0.289224,0.180992"
base,AGExPOLPARTY,AGExPOLPARTY :: 30-49 | Democrat,COMMYRS_W32,5,"0.051006,0.195527,0.157110,0.293520,0.302837"
base,AGExPOLPARTY,AGExPOLPARTY :: 30-49 | Independent,COMMYRS_W32,5,"0.051315,0.190658,0.158061,0.295296,0.304670"
base,AGExPOLPARTY,AGExPOLPARTY :: 30-49 | Other,COMMYRS_W32,5,"0.058882,0.187126,0.165138,0.299027,0.289827"
base,AGExPOLPARTY,AGExPOLPARTY :: 30-49 | Republican,COMMYRS_W32,5,"0.051545,0.191514,0.144563,0.296623,0.315754"
base,AGExPOLPARTY,AGExPOLPARTY :: 50-64 | Democrat,COMMYRS_W32,5,"0.049645,0.162780,0.148213,0.294757,0.344605"
base,AGExPOLPARTY,AGExPOLPARTY :: 50-64 | Independent,COMMYRS_W32,5,"0.049895,0.158566,0.148959,0.296240,0.346340"
base,AGExPOLPARTY,AGExPOLPARTY :: 50-64 | Other,COMMYRS_W32,5,"0.056807,0.159320,0.159320,0.297649,0.326904"
base,AGExPOLPARTY,AGExPOLPARTY :: 50-64 | Republican,COMMYRS_W32,5,"0.048996,0.160652,0.137413,0.290903,0.362035"
base,AGExPOLPARTY,AGExPOLPARTY :: 65+ | Democrat,COMMYRS_W32,5,"0.054131,0.142616,0.125858,0.194933,0.482463"
base,AGExPOLPARTY,AGExPOLPARTY :: 65+ | Independent,COMMYRS_W32,5,"0.053819,0.137431,0.129105,0.199962,0.479683"
base,AGExPOLPARTY,AGExPOLPARTY :: 65+ | Other,COMMYRS_W32,5,"0.061026,0.137524,0.137524,0.213002,0.450924"
base,AGExPOLPARTY,AGExPOLPARTY :: 65+ | Republican,COMMYRS_W32,5,"0.054582,0.139379,0.123002,0.196556,0.486481"
base,AGExPOLPARTY,AGExPOLPARTY :: 18-29 | Democrat,CONCERNGRPa_W49,3,"0.484846,0.313040,0.202114"
base,AGExPOLPARTY,AGExPOLPARTY :: 18-29 | Independent,CONCERNGRPa_W49,3,"0.414929,0.333404,0.251667"
base,AGExPOLPARTY,AGExPOLPARTY :: 18-29 | Other,CONCERNGRPa_W49,3,"0.415872,0.323882,0.260246"
base,AGExPOLPARTY,AGExPOLPARTY :: 18-29 | Republican,CONCERNGRPa_W49,3,"0.420652,0.307755,0.271593"
base,AGExPOLPARTY,AGExPOLPARTY :: 30-49 | Democrat,CONCERNGRPa_W49,3,"0.447100,0.348202,0.204697"
base,AGExPOLPARTY,AGExPOLPARTY :: 30-49 | Independent,CONCERNGRPa_W49,3,"0.389834,0.366215,0.243952"
base,AGExPOLPARTY,AGExPOLPARTY :: 30-49 | Other,CONCERNGRPa_W49,3,"0.384941,0.350493,0.264566"
base,AGExPOLPARTY,AGExPOLPARTY :: 30-49 | Republican,CONCERNGRPa_W49,3,"0.430177,0.324715,0.245108"
base,AGExPOLPARTY,AGExPOLPARTY :: 50-64 | Democrat,CONCERNGRPa_W49,3,"0.427573,0.343564,0.228863"
base,AGExPOLPARTY,AGExPOLPARTY :: 50-64 | Independent,CONCERNGRPa_W49,3,"0.380706,0.357640,0.261655"
base,AGExPOLPARTY,AGExPOLPARTY :: 50-64 | Other,CONCERNGRPa_W49,3,"0.374388,0.351705,0.273908"
base,AGExPOLPARTY,AGExPOLPARTY :: 50-64 | Republican,CONCERNGRPa_W49,3,"0.412465,0.321228,0.266307"
base,AGExPOLPARTY,AGExPOLPARTY :: 65+ | Democrat,CONCERNGRPa_W49,3,"0.431130,0.253448,0.315422"
base,AGExPOLPARTY,AGExPOLPARTY :: 65+ | Independent,CONCERNGRPa_W49,3,"0.392366,0.261372,0.346262"
base,AGExPOLPARTY,AGExPOLPARTY :: 65+ | Other,CONCERNGRPa_W49,3,"0.389137,0.267450,0.343413"
base,AGExPOLPARTY,AGExPOLPARTY :: 65+ | Republican,CONCERNGRPa_W49,3,"0.410583,0.249031,0.340385"
base,AGExPOLPARTY,AGExPOLPARTY :: 18-29 | Democrat,CONFb_W42,4,"0.097295,0.170758,0.525973,0.205974"
base,AGExPOLPARTY,AGExPOLPARTY :: 18-29 | Independent,CONFb_W42,4,"0.083374,0.146326,0.543666,0.226634"
base,AGExPOLPARTY,AGExPOLPARTY :: 18-29 | Other,CONFb_W42,4,"0.084120,0.138690,0.548529,0.228661"
base,AGExPOLPARTY,AGExPOLPARTY :: 18-29 | Republican,CONFb_W42,4,"0.075701,0.124809,0.509300,0.290190"
base,AGExPOLPARTY,AGExPOLPARTY :: 30-49 | Democrat,CONFb_W42,4,"0.092977,0.196833,0.552031,0.158159"
base,AGExPOLPARTY,AGExPOLPARTY :: 30-49 | Independent,CONFb_W42,4,"0.081099,0.166405,0.580809,0.171687"
base,AGExPOLPARTY,AGExPOLPARTY :: 30-49 | Other,CONFb_W42,4,"0.083376,0.155767,0.578746,0.182110"
base,AGExPOLPARTY,AGExPOLPARTY :: 30-49 | Refused,CONFb_W42,4,"0.102062,0.127018,0.518314,0.252606"
base,AGExPOLPARTY,AGExPOLPARTY :: 30-49 | Republican,CONFb_W42,4,"0.076374,0.138296,0.564334,0.220996"
base,AGExPOLPARTY,AGExPOLPARTY :: 50-64 | Democrat,CONFb_W42,4,"0.093672,0.180557,0.556154,0.169617"
base,AGExPOLPARTY,AGExPOLPARTY :: 50-64 | Independent,CONFb_W42,4,"0.081019,0.156168,0.580234,0.182579"
base,AGExPOLPARTY,AGExPOLPARTY :: 50-64 | Other,CONFb_W42,4,"0.084171,0.147724,0.584260,0.183846"
base,AGExPOLPARTY,AGExPOLPARTY :: 50-64 | Republican,CONFb_W42,4,"0.080901,0.137618,0.561567,0.219913"
base,AGExPOLPARTY,AGExPOLPARTY :: 65+ | Democrat,CONFb_W42,4,"0.098006,0.138211,0.513516,0.250267"
base,AGExPOLPARTY,AGExPOLPARTY :: 65+ | Independent,CONFb_W42,4,"0.077322,0.116074,0.536722,0.269881"
base,AGExPOLPARTY,AGExPOLPARTY :: 65+ | Other,CONFb_W42,4,"0.081901,0.115498,0.534059,0.268542"
base,AGExPOLPARTY,AGExPOLPARTY :: 65+ | Republican,CONFb_W42,4,"0.084783,0.112319,0.487892,0.315007"
base,AGExPOLPARTY,AGExPOLPARTY :: 18-29 | Democrat,CONFc_W42,4,"0.229474,0.276799,0.378339,0.115387"
base,AGExPOLPARTY,AGExPOLPARTY :: 18-29 | Independent,CONFc_W42,4,"0.191393,0.245754,0.431311,0.131542"
base,AGExPOLPARTY,AGExPOLPARTY :: 18-29 | Other,CONFc_W42,4,"0.169537,0.224600,0.460850,0.145013"
base,AGExPOLPARTY,AGExPOLPARTY :: 18-29 | Republican,CONFc_W42,4,"0.270577,0.254184,0.347428,0.127812"
base,AGExPOLPARTY,AGExPOLPARTY :: 30-49 | Democrat,CONFc_W42,4,"0.212429,0.290356,0.396870,0.100344"
base,AGExPOLPARTY,AGExPOLPARTY :: 30-49 | Independent,CONFc_W42,4,"0.175426,0.263345,0.447966,0.113263"
base,AGExPOLPARTY,AGExPOLPARTY :: 30-49 | Other,CONFc_W42,4,"0.163842,0.238389,0.474094,0.123675"
base,AGExPOLPARTY,AGExPOLPARTY :: 30-49 | Refused,CONFc_W42,4,"0.153994,0.158882,0.489392,0.197732"
base,AGExPOLPARTY,AGExPOLPARTY :: 30-49 | Republican,CONFc_W42,4,"0.267660,0.276156,0.354592,0.101592"
base,AGExPOLPARTY,AGExPOLPARTY :: 50-64 | Democrat,CONFc_W42,4,"0.206940,0.274151,0.411550,0.107359"
base,AGExPOLPARTY,AGExPOLPARTY :: 50-64 | Independent,CONFc_W42,4,"0.177621,0.250486,0.453572,0.118321"
base,AGExPOLPARTY,AGExPOLPARTY :: 50-64 | Other,CONFc_W42,4,"0.164403,0.231845,0.475715,0.128037"
base,AGExPOLPARTY,AGExPOLPARTY :: 50-64 | Republican,CONFc_W42,4,"0.272062,0.272062,0.349335,0.106541"
base,AGExPOLPARTY,AGExPOLPARTY :: 65+ | Democrat,CONFc_W42,4,"0.208043,0.208043,0.426876,0.157039"
base,AGExPOLPARTY,AGExPOLPARTY :: 65+ | Independent,CONFc_W42,4,"0.164170,0.186029,0.475042,0.174758"
base,AGExPOLPARTY,AGExPOLPARTY :: 65+ | Other,CONFc_W42,4,"0.157539,0.173023,0.485255,0.184182"
base,AGExPOLPARTY,AGExPOLPARTY :: 65+ | Republican,CONFc_W42,4,"0.289298,0.211655,0.348960,0.150086"
base,AGExPOLPARTY,AGExPOLPARTY :: 18-29 | Democrat,DRONE1_W27,2,"0.239349,0.760651"
base,AGExPOLPARTY,AGExPOLPARTY :: 18-29 | Independent,DRONE1_W27,2,"0.294215,0.705785"
base,AGExPOLPARTY,AGExPOLPARTY :: 18-29 | Other,DRONE1_W27,2,"0.320821,0.679179"
base,AGExPOLPARTY,AGExPOLPARTY :: 18-29 | Republican,DRONE1_W27,2,"0.314051,0.685949"
base,AGExPOLPARTY,AGExPOLPARTY :: 30-49 | Democrat,DRONE1_W27,2,"0.262842,0.737158"
base,AGExPOLPARTY,AGExPOLPARTY :: 30-49 | Independent,DRONE1_W27,2,"0.314051,0.685949"
base,AGExPOLPARTY,AGExPOLPARTY :: 30-49 | Other,DRONE1_W27,2,"0.334589,0.665411"
base,AGExPOLPARTY,AGExPOLPARTY :: 30-49 | Republican,DRONE1_W27,2,"0.334589,0.665411"
base,AGExPOLPARTY,AGExPOLPARTY :: 50-64 | Democrat,DRONE1_W27,2,"0.233706,0.766294"
base,AGExPOLPARTY,AGExPOLPARTY :: 50-64 | Independent,DRONE1_W27,2,"0.287768,0.712232"
base,AGExPOLPARTY,AGExPOLPARTY :: 50-64 | Other,DRONE1_W27,2,"0.307358,0.692642"
base,AGExPOLPARTY,AGExPOLPARTY :: 50-64 | Republican,DRONE1_W27,2,"0.307358,0.692642"
base,AGExPOLPARTY,AGExPOLPARTY :: 65+ | Democrat,DRONE1_W27,2,"0.217338,0.782663"
base,AGExPOLPARTY,AGExPOLPARTY :: 65+ | Independent,DRONE1_W27,2,"0.262842,0.737158"
base,AGExPOLPARTY,AGExPOLPARTY :: 65+ | Other,DRONE1_W27,2,"0.287768,0.712232"
base,AGExPOLPARTY,AGExPOLPARTY :: 65+ | Republican,DRONE1_W27,2,"0.294215,0.705785"
base,AGExPOLPARTY,AGExPOLPARTY :: 18-29 | Democrat,ENVC_W41,3,"0.445341,0.405488,0.149171"
base,AGExPOLPARTY,AGExPOLPARTY :: 18-29 | Independent,ENVC_W41,3,"0.434383,0.395510,0.170107"
base,AGExPOLPARTY,AGExPOLPARTY :: 18-29 | Other,ENVC_W41,3,"0.411507,0.411507,0.176987"
base,AGExPOLPARTY,AGExPOLPARTY :: 18-29 | Republican,ENVC_W41,3,"0.375745,0.467622,0.156634"
base,AGExPOLPARTY,AGExPOLPARTY :: 30-49 | Democrat,ENVC_W41,3,"0.446616,0.394138,0.159246"
base,AGExPOLPARTY,AGExPOLPARTY :: 30-49 | Independent,ENVC_W41,3,"0.422029,0.396459,0.181512"
base,AGExPOLPARTY,AGExPOLPARTY :: 30-49 | Other,ENVC_W41,3,"0.396966,0.409568,0.193466"
base,AGExPOLPARTY,AGExPOLPARTY :: 30-49 | Republican,ENVC_W41,3,"0.388628,0.454352,0.157020"
base,AGExPOLPARTY,AGExPOLPARTY :: 50-64 | Democrat,ENVC_W41,3,"0.415967,0.415967,0.168066"
base,AGExPOLPARTY,AGExPOLPARTY :: 50-64 | Independent,ENVC_W41,3,"0.409208,0.409208,0.181585"
base,AGExPOLPARTY,AGExPOLPARTY :: 50-64 | Other,ENVC_W41,3,"0.382105,0.419661,0.198234"
base,AGExPOLPARTY,AGExPOLPARTY :: 50-64 | Republican,ENVC_W41,3,"0.371987,0.462945,0.165068"
base,AGExPOLPARTY,AGExPOLPARTY :: 65+ | Democrat,ENVC_W41,3,"0.406201,0.419095,0.174705"
base,AGExPOLPARTY,AGExPOLPARTY :: 65+ | Independent,ENVC_W41,3,"0.389006,0.427240,0.183754"
base,AGExPOLPARTY,AGExPOLPARTY :: 65+ | Republican,ENVC_W41,3,"0.368068,0.458068,0.173863"
base,AGExPOLPARTY,AGExPOLPARTY :: 18-29 | Democrat,ETHNCMAJ_W32,3,"0.723743,0.138129,0.138129"
base,AGExPOLPARTY,AGExPOLPARTY :: 18-29 | Independent,ETHNCMAJ_W32,3,"0.697654,0.141737,0.160609"
base,AGExPOLPARTY,AGExPOLPARTY :: 18-29 | Other,ETHNCMAJ_W32,3,"0.667601,0.163603,0.168796"
base,AGExPOLPARTY,AGExPOLPARTY :: 18-29 | Republican,ETHNCMAJ_W32,3,"0.683047,0.178183,0.138769"
base,AGExPOLPARTY,AGExPOLPARTY :: 30-49 | Democrat,ETHNCMAJ_W32,3,"0.704509,0.152361,0.143130"
base,AGExPOLPARTY,AGExPOLPARTY :: 30-49 | Independent,ETHNCMAJ_W32,3,"0.674499,0.160208,0.165293"
base,AGExPOLPARTY,AGExPOLPARTY :: 30-49 | Other,ETHNCMAJ_W32,3,"0.642818,0.184170,0.173012"
base,AGExPOLPARTY,AGExPOLPARTY :: 30-49 | Republican,ETHNCMAJ_W32,3,"0.671291,0.192328,0.136381"
base,AGExPOLPARTY,AGExPOLPARTY :: 50-64 | Democrat,ETHNCMAJ_W32,3,"0.691022,0.164132,0.144846"
base,AGExPOLPARTY,AGExPOLPARTY :: 50-64 | Independent,ETHNCMAJ_W32,3,"0.667601,0.168796,0.163603"
base,AGExPOLPARTY,AGExPOLPARTY :: 50-64 | Other,ETHNCMAJ_W32,3,"0.631843,0.192701,0.175456"
base,AGExPOLPARTY,AGExPOLPARTY :: 50-64 | Republican,ETHNCMAJ_W32,3,"0.667217,0.197229,0.135553"
base,AGExPOLPARTY,AGExPOLPARTY :: 65+ | Democrat,ETHNCMAJ_W32,3,"0.680687,0.172105,0.147209"
base,AGExPOLPARTY,AGExPOLPARTY :: 65+ | Independent,ETHNCMAJ_W32,3,"0.660631,0.172336,0.167034"
base,AGExPOLPARTY,AGExPOLPARTY :: 65+ | Other,ETHNCMAJ_W32,3,"0.628343,0.191634,0.180023"
base,AGExPOLPARTY,AGExPOLPARTY :: 65+ | Republican,ETHNCMAJ_W32,3,"0.653198,0.205538,0.141264"
base,AGExPOLPARTY,AGExPOLPARTY :: 18-29 | Democrat,FAMSURV23b_W50,3,"0.527176,0.362322,0.110502"
base,AGExPOLPARTY,AGExPOLPARTY :: 18-29 | Independent,FAMSURV23b_W50,3,"0.491998,0.371379,0.136623"
base,AGExPOLPARTY,AGExPOLPARTY :: 18-29 | Other,FAMSURV23b_W50,3,"0.465308,0.373886,0.160806"
base,AGExPOLPARTY,AGExPOLPARTY :: 18-29 | Republican,FAMSURV23b_W50,3,"0.477677,0.372015,0.150308"
base,AGExPOLPARTY,AGExPOLPARTY :: 30-49 | Democrat,FAMSURV23b_W50,3,"0.473326,0.417708,0.108966"
base,AGExPOLPARTY,AGExPOLPARTY :: 30-49 | Independent,FAMSURV23b_W50,3,"0.447425,0.420317,0.132259"
base,AGExPOLPARTY,AGExPOLPARTY :: 30-49 | Other,FAMSURV23b_W50,3,"0.420246,0.420246,0.159507"
base,AGExPOLPARTY,AGExPOLPARTY :: 30-49 | Refused,FAMSURV23b_W50,3,"0.337590,0.382539,0.279872"
base,AGExPOLPARTY,AGExPOLPARTY :: 30-49 | Republican,FAMSURV23b_W50,3,"0.461042,0.406868,0.132091"
base,AGExPOLPARTY,AGExPOLPARTY :: 50-64 | Democrat,FAMSURV23b_W50,3,"0.446752,0.433007,0.120242"
base,AGExPOLPARTY,AGExPOLPARTY :: 50-64 | Independent,FAMSURV23b_W50,3,"0.428273,0.428273,0.143454"
base,AGExPOLPARTY,AGExPOLPARTY :: 50-64 | Other,FAMSURV23b_W50,3,"0.413760,0.413760,0.172481"
base,AGExPOLPARTY,AGExPOLPARTY :: 50-64 | Republican,FAMSURV23b_W50,3,"0.435942,0.422529,0.141529"
base,AGExPOLPARTY,AGExPOLPARTY :: 65+ | Democrat,FAMSURV23b_W50,3,"0.459850,0.381229,0.158920"
base,AGExPOLPARTY,AGExPOLPARTY :: 65+ | Independent,FAMSURV23b_W50,3,"0.427290,0.377082,0.195628"
base,AGExPOLPARTY,AGExPOLPARTY :: 65+ | Other,FAMSURV23b_W50,3,"0.404094,0.379611,0.216296"
base,AGExPOLPARTY,AGExPOLPARTY :: 65+ | Republican,FAMSURV23b_W50,3,"0.422236,0.384450,0.193314"
base,AGExPOLPARTY,AGExPOLPARTY :: 18-29 | Democrat,FEELB_W32,4,"0.391920,0.404361,0.158350,0.045368"
base,AGExPOLPARTY,AGExPOLPARTY :: 18-29 | Independent,FEELB_W32,4,"0.333945,0.428795,0.184422,0.052838"
base,AGExPOLPARTY,AGExPOLPARTY :: 18-29 | Other,FEELB_W32,4,"0.302457,0.454042,0.189273,0.054228"
base,AGExPOLPARTY,AGExPOLPARTY :: 18-29 | Republican,FEELB_W32,4,"0.326906,0.419756,0.198279,0.055060"
base,AGExPOLPARTY,AGExPOLPARTY :: 30-49 | Democrat,FEELB_W32,4,"0.347269,0.445902,0.164038,0.042792"
base,AGExPOLPARTY,AGExPOLPARTY :: 30-49 | Independent,FEELB_W32,4,"0.293077,0.468336,0.189225,0.049362"
base,AGExPOLPARTY,AGExPOLPARTY :: 30-49 | Other,FEELB_W32,4,"0.265779,0.481265,0.200621,0.052335"
base,AGExPOLPARTY,AGExPOLPARTY :: 30-49 | Republican,FEELB_W32,4,"0.317790,0.448156,0.186819,0.047235"
base,AGExPOLPARTY,AGExPOLPARTY :: 50-64 | Democrat,FEELB_W32,4,"0.331005,0.438511,0.182798,0.047686"
base,AGExPOLPARTY,AGExPOLPARTY :: 50-64 | Independent,FEELB_W32,4,"0.286362,0.457605,0.203061,0.052972"
base,AGExPOLPARTY,AGExPOLPARTY :: 50-64 | Other,FEELB_W32,4,"0.267132,0.468831,0.208043,0.055994"
base,AGExPOLPARTY,AGExPOLPARTY :: 50-64 | Republican,FEELB_W32,4,"0.319326,0.436467,0.193681,0.050525"
base,AGExPOLPARTY,AGExPOLPARTY :: 65+ | Democrat,FEELB_W32,4,"0.345722,0.379701,0.216347,0.058229"
base,AGExPOLPARTY,AGExPOLPARTY :: 65+ | Independent,FEELB_W32,4,"0.302681,0.388650,0.243211,0.065459"
base,AGExPOLPARTY,AGExPOLPARTY :: 65+ | Other,FEELB_W32,4,"0.289654,0.395910,0.247754,0.066682"
base,AGExPOLPARTY,AGExPOLPARTY :: 65+ | Republican,FEELB_W32,4,"0.339706,0.373094,0.226293,0.060906"
base,AGExPOLPARTY,AGExPOLPARTY :: 18-29 | Democrat,GAP21Q4_a_W82,4,"0.352541,0.481867,0.133810,0.031783"
base,AGExPOLPARTY,AGExPOLPARTY :: 18-29 | Independent,GAP21Q4_a_W82,4,"0.363311,0.481309,0.125557,0.029822"
base,AGExPOLPARTY,AGExPOLPARTY :: 18-29 | Other,GAP21Q4_a_W82,4,"0.332123,0.483236,0.147379,0.037263"
base,AGExPOLPARTY,AGExPOLPARTY :: 18-29 | Republican,GAP21Q4_a_W82,4,"0.427085,0.401209,0.134388,0.037318"
base,AGExPOLPARTY,AGExPOLPARTY :: 30-49 | Democrat,GAP21Q4_a_W82,4,"0.333849,0.501167,0.134887,0.030097"
base,AGExPOLPARTY,AGExPOLPARTY :: 30-49 | Independent,GAP21Q4_a_W82,4,"0.333530,0.500688,0.134758,0.031023"
base,AGExPOLPARTY,AGExPOLPARTY :: 30-49 | Other,GAP21Q4_a_W82,4,"0.308641,0.493207,0.160121,0.038032"
base,AGExPOLPARTY,AGExPOLPARTY :: 30-49 | Republican,GAP21Q4_a_W82,4,"0.429728,0.416506,0.123119,0.030647"
base,AGExPOLPARTY,AGExPOLPARTY :: 50-64 | Democrat,GAP21Q4_a_W82,4,"0.359707,0.476534,0.132329,0.031431"
base,AGExPOLPARTY,AGExPOLPARTY :: 50-64 | Independent,GAP21Q4_a_W82,4,"0.353999,0.483859,0.130229,0.031914"
base,AGExPOLPARTY,AGExPOLPARTY :: 50-64 | Other,GAP21Q4_a_W82,4,"0.335141,0.472625,0.153439,0.038795"
base,AGExPOLPARTY,AGExPOLPARTY :: 50-64 | Republican,GAP21Q4_a_W82,4,"0.448570,0.408428,0.113416,0.029586"
base,AGExPOLPARTY,AGExPOLPARTY :: 65+ | Democrat,GAP21Q4_a_W82,4,"0.384307,0.449300,0.132813,0.033580"
base,AGExPOLPARTY,AGExPOLPARTY :: 65+ | Independent,GAP21Q4_a_W82,4,"0.403882,0.443578,0.119387,0.033153"
base,AGExPOLPARTY,AGExPOLPARTY :: 65+ | Republican,GAP21Q4_a_W82,4,"0.509107,0.361011,0.100249,0.029634"
base,AGExPOLPARTY,AGExPOLPARTY :: 18-29 | Democrat,GOVREGV1_W49,3,"0.616923,0.265335,0.117742"
base,AGExPOLPARTY,AGExPOLPARTY :: 18-29 | Independent,GOVREGV1_W49,3,"0.515345,0.322495,0.162160"
base,AGExPOLPARTY,AGExPOLPARTY :: 18-29 | Other,GOVREGV1_W49,3,"0.512263,0.310703,0.177033"
base,AGExPOLPARTY,AGExPOLPARTY :: 18-29 | Republican,GOVREGV1_W49,3,"0.507703,0.395400,0.096897"
base,AGExPOLPARTY,AGExPOLPARTY :: 30-49 | Democrat,GOVREGV1_W49,3,"0.574596,0.288925,0.136479"
base,AGExPOLPARTY,AGExPOLPARTY :: 30-49 | Independent,GOVREGV1_W49,3,"0.486578,0.334420,0.179002"
base,AGExPOLPARTY,AGExPOLPARTY :: 30-49 | Other,GOVREGV1_W49,3,"0.475251,0.326635,0.198114"
base,AGExPOLPARTY,AGExPOLPARTY :: 30-49 | Republican,GOVREGV1_W49,3,"0.496738,0.399140,0.104122"
base,AGExPOLPARTY,AGExPOLPARTY :: 50-64 | Democrat,GOVREGV1_W49,3,"0.564451,0.292833,0.142716"
base,AGExPOLPARTY,AGExPOLPARTY :: 50-64 | Independent,GOVREGV1_W49,3,"0.483829,0.332530,0.183641"
base,AGExPOLPARTY,AGExPOLPARTY :: 50-64 | Other,GOVREGV1_W49,3,"0.472281,0.324594,0.203125"
base,AGExPOLPARTY,AGExPOLPARTY :: 50-64 | Republican,GOVREGV1_W49,3,"0.487292,0.403979,0.108729"
base,AGExPOLPARTY,AGExPOLPARTY :: 65+ | Democrat,GOVREGV1_W49,3,"0.584627,0.284925,0.130448"
base,AGExPOLPARTY,AGExPOLPARTY :: 65+ | Independent,GOVREGV1_W49,3,"0.484105,0.343282,0.172613"
base,AGExPOLPARTY,AGExPOLPARTY :: 65+ | Other,GOVREGV1_W49,3,"0.473229,0.335569,0.191202"
base,AGExPOLPARTY,AGExPOLPARTY :: 65+ | Republican,GOVREGV1_W49,3,"0.488927,0.405335,0.105738"
base,AGExPOLPARTY,AGExPOLPARTY :: 18-29 | Democrat,GUNCONTRIBA_W26,4,"0.285703,0.268393,0.334021,0.111883"
base,AGExPOLPARTY,AGExPOLPARTY :: 18-29 | Independent,GUNCONTRIBA_W26,4,"0.243940,0.251684,0.377822,0.126554"
base,AGExPOLPARTY,AGExPOLPARTY :: 18-29 | Other,GUNCONTRIBA_W26,4,"0.260600,0.252583,0.367505,0.119312"
base,AGExPOLPARTY,AGExPOLPARTY :: 18-29 | Republican,GUNCONTRIBA_W26,4,"0.268625,0.244586,0.355871,0.130918"
base,AGExPOLPARTY,AGExPOLPARTY :: 30-49 | Democrat,GUNCONTRIBA_W26,4,"0.248194,0.299380,0.361121,0.091306"
base,AGExPOLPARTY,AGExPOLPARTY :: 30-49 | Independent,GUNCONTRIBA_W26,4,"0.213657,0.283050,0.399164,0.104128"
base,AGExPOLPARTY,AGExPOLPARTY :: 30-49 | Other,GUNCONTRIBA_W26,4,"0.229089,0.276334,0.389693,0.104884"
base,AGExPOLPARTY,AGExPOLPARTY :: 30-49 | Republican,GUNCONTRIBA_W26,4,"0.245266,0.269372,0.379875,0.105487"
base,AGExPOLPARTY,AGExPOLPARTY :: 50-64 | Democrat,GUNCONTRIBA_W26,4,"0.247625,0.280596,0.371729,0.100050"
base,AGExPOLPARTY,AGExPOLPARTY :: 50-64 | Independent,GUNCONTRIBA_W26,4,"0.221008,0.258384,0.412897,0.107711"
base,AGExPOLPARTY,AGExPOLPARTY :: 50-64 | Other,GUNCONTRIBA_W26,4,"0.232203,0.263121,0.394991,0.109685"
base,AGExPOLPARTY,AGExPOLPARTY :: 50-64 | Republican,GUNCONTRIBA_W26,4,"0.243532,0.259238,0.389163,0.108067"
base,AGExPOLPARTY,AGExPOLPARTY :: 65+ | Democrat,GUNCONTRIBA_W26,4,"0.288428,0.224628,0.358955,0.127989"
base,AGExPOLPARTY,AGExPOLPARTY :: 65+ | Independent,GUNCONTRIBA_W26,4,"0.251302,0.208337,0.401579,0.138782"
base,AGExPOLPARTY,AGExPOLPARTY :: 65+ | Other,GUNCONTRIBA_W26,4,"0.260419,0.209253,0.390936,0.139392"
base,AGExPOLPARTY,AGExPOLPARTY :: 65+ | Republican,GUNCONTRIBA_W26,4,"0.282931,0.206997,0.363290,0.146783"
base,AGExPOLPARTY,AGExPOLPARTY :: 18-29 | Democrat,GUNIDENTITY_W26,4,"0.077134,0.295683,0.430216,0.196967"
base,AGExPOLPARTY,AGExPOLPARTY :: 18-29 | Independent,GUNIDENTITY_W26,4,"0.134008,0.364270,0.375834,0.125888"
base,AGExPOLPARTY,AGExPOLPARTY :: 18-29 | Other,GUNIDENTITY_W26,4,"0.134533,0.332973,0.389284,0.143210"
base,AGExPOLPARTY,AGExPOLPARTY :: 18-29 | Republican,GUNIDENTITY_W26,4,"0.263152,0.359687,0.289016,0.088145"
base,AGExPOLPARTY,AGExPOLPARTY :: 30-49 | Democrat,GUNIDENTITY_W26,4,"0.081060,0.341275,0.452116,0.125548"
base,AGExPOLPARTY,AGExPOLPARTY :: 30-49 | Independent,GUNIDENTITY_W26,4,"0.133349,0.398106,0.373986,0.094559"
base,AGExPOLPARTY,AGExPOLPARTY :: 30-49 | Other,GUNIDENTITY_W26,4,"0.141830,0.362177,0.385535,0.110458"
base,AGExPOLPARTY,AGExPOLPARTY :: 30-49 | Republican,GUNIDENTITY_W26,4,"0.249449,0.398619,0.282663,0.069270"
base,AGExPOLPARTY,AGExPOLPARTY :: 50-64 | Democrat,GUNIDENTITY_W26,4,"0.085682,0.328454,0.448943,0.136920"
base,AGExPOLPARTY,AGExPOLPARTY :: 50-64 | Independent,GUNIDENTITY_W26,4,"0.139945,0.380410,0.380410,0.099236"
base,AGExPOLPARTY,AGExPOLPARTY :: 50-64 | Other,GUNIDENTITY_W26,4,"0.142922,0.353735,0.388502,0.114841"
base,AGExPOLPARTY,AGExPOLPARTY :: 50-64 | Republican,GUNIDENTITY_W26,4,"0.246303,0.381481,0.297098,0.075118"
base,AGExPOLPARTY,AGExPOLPARTY :: 65+ | Democrat,GUNIDENTITY_W26,4,"0.094389,0.281793,0.397392,0.226427"
base,AGExPOLPARTY,AGExPOLPARTY :: 65+ | Independent,GUNIDENTITY_W26,4,"0.172549,0.343155,0.354048,0.130247"
base,AGExPOLPARTY,AGExPOLPARTY :: 65+ | Other,GUNIDENTITY_W26,4,"0.164161,0.316428,0.369942,0.149470"
base,AGExPOLPARTY,AGExPOLPARTY :: 65+ | Republican,GUNIDENTITY_W26,4,"0.315337,0.335674,0.261423,0.087566"
base,AGExPOLPARTY,AGExPOLPARTY :: 18-29 | Democrat,GUNRESPNOKIDSE_W26,4,"0.333561,0.500734,0.104960,0.060746"
base,AGExPOLPARTY,AGExPOLPARTY :: 18-29 | Independent,GUNRESPNOKIDSE_W26,4,"0.311035,0.497032,0.118056,0.073877"
base,AGExPOLPARTY,AGExPOLPARTY :: 18-29 | Other,GUNRESPNOKIDSE_W26,4,"0.302746,0.499143,0.126203,0.071908"
base,AGExPOLPARTY,AGExPOLPARTY :: 18-29 | Republican,GUNRESPNOKIDSE_W26,4,"0.341063,0.466178,0.114242,0.078517"
base,AGExPOLPARTY,AGExPOLPARTY :: 30-49 | Democrat,GUNRESPNOKIDSE_W26,4,"0.312712,0.531940,0.098399,0.056949"
base,AGExPOLPARTY,AGExPOLPARTY :: 30-49 | Independent,GUNRESPNOKIDSE_W26,4,"0.295887,0.519297,0.112306,0.072510"
base,AGExPOLPARTY,AGExPOLPARTY :: 30-49 | Other,GUNRESPNOKIDSE_W26,4,"0.286229,0.518295,0.123106,0.072370"
base,AGExPOLPARTY,AGExPOLPARTY :: 30-49 | Republican,GUNRESPNOKIDSE_W26,4,"0.328353,0.492917,0.106601,0.072130"
base,AGExPOLPARTY,AGExPOLPARTY :: 50-64 | Democrat,GUNRESPNOKIDSE_W26,4,"0.315733,0.520556,0.102504,0.061208"
base,AGExPOLPARTY,AGExPOLPARTY :: 50-64 | Independent,GUNRESPNOKIDSE_W26,4,"0.298909,0.508461,0.117054,0.075576"
base,AGExPOLPARTY,AGExPOLPARTY :: 50-64 | Other,GUNRESPNOKIDSE_W26,4,"0.289495,0.508079,0.124510,0.077916"
base,AGExPOLPARTY,AGExPOLPARTY :: 50-64 | Republican,GUNRESPNOKIDSE_W26,4,"0.333025,0.484549,0.108118,0.074308"
base,AGExPOLPARTY,AGExPOLPARTY :: 65+ | Democrat,GUNRESPNOKIDSE_W26,4,"0.382578,0.447279,0.109610,0.060533"
base,AGExPOLPARTY,AGExPOLPARTY :: 65+ | Independent,GUNRESPNOKIDSE_W26,4,"0.350853,0.450504,0.125100,0.073543"
base,AGExPOLPARTY,AGExPOLPARTY :: 65+ | Other,GUNRESPNOKIDSE_W26,4,"0.346415,0.444805,0.131484,0.077296"
base,AGExPOLPARTY,AGExPOLPARTY :: 65+ | Republican,GUNRESPNOKIDSE_W26,4,"0.392916,0.418257,0.116146,0.072682"
base,AGExPOLPARTY,AGExPOLPARTY :: 18-29 | Democrat,GUNSAFE_W26,3,"0.491015,0.359234,0.149751"
base,AGExPOLPARTY,AGExPOLPARTY :: 18-29 | Independent,GUNSAFE_W26,3,"0.541169,0.298862,0.159969"
base,AGExPOLPARTY,AGExPOLPARTY :: 18-29 | Other,GUNSAFE_W26,3,"0.494388,0.329333,0.176279"
base,AGExPOLPARTY,AGExPOLPARTY :: 18-29 | Republican,GUNSAFE_W26,3,"0.618230,0.274338,0.107432"
base,AGExPOLPARTY,AGExPOLPARTY :: 30-49 | Democrat,GUNSAFE_W26,3,"0.525355,0.328759,0.145886"
base,AGExPOLPARTY,AGExPOLPARTY :: 30-49 | Independent,GUNSAFE_W26,3,"0.561633,0.282407,0.155960"
base,AGExPOLPARTY,AGExPOLPARTY :: 30-49 | Other,GUNSAFE_W26,3,"0.515069,0.312405,0.172526"
base,AGExPOLPARTY,AGExPOLPARTY :: 30-49 | Republican,GUNSAFE_W26,3,"0.664365,0.236886,0.098749"
base,AGExPOLPARTY,AGExPOLPARTY :: 50-64 | Democrat,GUNSAFE_W26,3,"0.501939,0.344978,0.153083"
base,AGExPOLPARTY,AGExPOLPARTY :: 50-64 | Independent,GUNSAFE_W26,3,"0.548918,0.293815,0.157268"
base,AGExPOLPARTY,AGExPOLPARTY :: 50-64 | Other,GUNSAFE_W26,3,"0.507260,0.317435,0.175304"
base,AGExPOLPARTY,AGExPOLPARTY :: 50-64 | Republican,GUNSAFE_W26,3,"0.657361,0.241830,0.100810"
base,AGExPOLPARTY,AGExPOLPARTY :: 65+ | Democrat,GUNSAFE_W26,3,"0.496502,0.352073,0.151425"
base,AGExPOLPARTY,AGExPOLPARTY :: 65+ | Independent,GUNSAFE_W26,3,"0.533400,0.303922,0.162678"
base,AGExPOLPARTY,AGExPOLPARTY :: 65+ | Other,GUNSAFE_W26,3,"0.489273,0.336272,0.174456"
base,AGExPOLPARTY,AGExPOLPARTY :: 65+ | Republican,GUNSAFE_W26,3,"0.641012,0.251024,0.107964"
base,AGExPOLPARTY,AGExPOLPARTY :: 18-29 | Democrat,HAPPEN2a_W41,4,"0.194762,0.387331,0.352669,0.065237"
base,AGExPOLPARTY,AGExPOLPARTY :: 18-29 | Independent,HAPPEN2a_W41,4,"0.195841,0.377492,0.354621,0.072046"
base,AGExPOLPARTY,AGExPOLPARTY :: 18-29 | Other,HAPPEN2a_W41,4,"0.190596,0.367383,0.367383,0.074638"
base,AGExPOLPARTY,AGExPOLPARTY :: 18-29 | Republican,HAPPEN2a_W41,4,"0.244179,0.390197,0.303886,0.061738"
base,AGExPOLPARTY,AGExPOLPARTY :: 30-49 | Democrat,HAPPEN2a_W41,4,"0.169530,0.382041,0.382041,0.066389"
base,AGExPOLPARTY,AGExPOLPARTY :: 30-49 | Independent,HAPPEN2a_W41,4,"0.166048,0.374195,0.386073,0.073683"
base,AGExPOLPARTY,AGExPOLPARTY :: 30-49 | Other,HAPPEN2a_W41,4,"0.166994,0.353526,0.400598,0.078882"
base,AGExPOLPARTY,AGExPOLPARTY :: 30-49 | Republican,HAPPEN2a_W41,4,"0.201934,0.401593,0.332932,0.063541"
base,AGExPOLPARTY,AGExPOLPARTY :: 50-64 | Democrat,HAPPEN2a_W41,4,"0.162495,0.377812,0.389805,0.069888"
base,AGExPOLPARTY,AGExPOLPARTY :: 50-64 | Independent,HAPPEN2a_W41,4,"0.163271,0.367937,0.391667,0.077124"
base,AGExPOLPARTY,AGExPOLPARTY :: 50-64 | Other,HAPPEN2a_W41,4,"0.159832,0.349104,0.408144,0.082920"
base,AGExPOLPARTY,AGExPOLPARTY :: 50-64 | Republican,HAPPEN2a_W41,4,"0.199424,0.396602,0.339231,0.064743"
base,AGExPOLPARTY,AGExPOLPARTY :: 65+ | Democrat,HAPPEN2a_W41,4,"0.193224,0.372448,0.360989,0.073339"
base,AGExPOLPARTY,AGExPOLPARTY :: 65+ | Independent,HAPPEN2a_W41,4,"0.182792,0.363525,0.375065,0.078618"
base,AGExPOLPARTY,AGExPOLPARTY :: 65+ | Republican,HAPPEN2a_W41,4,"0.234741,0.387023,0.310982,0.067254"
base,AGExPOLPARTY,AGExPOLPARTY :: 18-29 | Democrat,HOMEIOT_W49,2,"0.665411,0.334589"
base,AGExPOLPARTY,AGExPOLPARTY :: 18-29 | Independent,HOMEIOT_W49,2,"0.665411,0.334589"
base,AGExPOLPARTY,AGExPOLPARTY :: 18-29 | Other,HOMEIOT_W49,2,"0.672332,0.327668"
base,AGExPOLPARTY,AGExPOLPARTY :: 18-29 | Republican,HOMEIOT_W49,2,"0.615088,0.384912"
base,AGExPOLPARTY,AGExPOLPARTY :: 30-49 | Democrat,HOMEIOT_W49,2,"0.699254,0.300746"
base,AGExPOLPARTY,AGExPOLPARTY :: 30-49 | Independent,HOMEIOT_W49,2,"0.699254,0.300746"
base,AGExPOLPARTY,AGExPOLPARTY :: 30-49 | Other,HOMEIOT_W49,2,"0.685949,0.314051"
base,AGExPOLPARTY,AGExPOLPARTY :: 30-49 | Republican,HOMEIOT_W49,2,"0.658418,0.341583"
base,AGExPOLPARTY,AGExPOLPARTY :: 50-64 | Democrat,HOMEIOT_W49,2,"0.644225,0.355775"
base,AGExPOLPARTY,AGExPOLPARTY :: 50-64 | Independent,HOMEIOT_W49,2,"0.651355,0.348645"
base,AGExPOLPARTY,AGExPOLPARTY :: 50-64 | Other,HOMEIOT_W49,2,"0.644225,0.355775"
base,AGExPOLPARTY,AGExPOLPARTY :: 50-64 | Republican,HOMEIOT_W49,2,"0.615088,0.384912"
base,AGExPOLPARTY,AGExPOLPARTY :: 65+ | Democrat,HOMEIOT_W49,2,"0.607663,0.392337"
base,AGExPOLPARTY,AGExPOLPARTY :: 65+ | Independent,HOMEIOT_W49,2,"0.615088,0.384912"
base,AGExPOLPARTY,AGExPOLPARTY :: 65+ | Other,HOMEIOT_W49,2,"0.607663,0.392337"
base,AGExPOLPARTY,AGExPOLPARTY :: 65+ | Republican,HOMEIOT_W49,2,"0.592667,0.407333"
base,AGExPOLPARTY,AGExPOLPARTY :: 18-29 | Democrat,INEQ1_W54,3,"0.655389,0.193732,0.150879"
base,AGExPOLPARTY,AGExPOLPARTY :: 18-29 | Independent,INEQ1_W54,3,"0.606537,0.230216,0.163247"
base,AGExPOLPARTY,AGExPOLPARTY :: 18-29 | Other,INEQ1_W54,3,"0.587073,0.244728,0.168199"
base,AGExPOLPARTY,AGExPOLPARTY :: 18-29 | Republican,INEQ1_W54,3,"0.612596,0.232515,0.154889"
base,AGExPOLPARTY,AGExPOLPARTY :: 30-49 | Democrat,INEQ1_W54,3,"0.633918,0.205803,0.160279"
base,AGExPOLPARTY,AGExPOLPARTY :: 30-49 | Independent,INEQ1_W54,3,"0.573145,0.246507,0.180348"
base,AGExPOLPARTY,AGExPOLPARTY :: 30-49 | Other,INEQ1_W54,3,"0.561014,0.256851,0.182135"
base,AGExPOLPARTY,AGExPOLPARTY :: 30-49 | Refused,INEQ1_W54,3,"0.556182,0.239211,0.204608"
base,AGExPOLPARTY,AGExPOLPARTY :: 30-49 | Republican,INEQ1_W54,3,"0.599055,0.234593,0.166352"
base,AGExPOLPARTY,AGExPOLPARTY :: 50-64 | Democrat,INEQ1_W54,3,"0.622488,0.215126,0.162386"
base,AGExPOLPARTY,AGExPOLPARTY :: 50-64 | Independent,INEQ1_W54,3,"0.571844,0.253754,0.174402"
base,AGExPOLPARTY,AGExPOLPARTY :: 50-64 | Other,INEQ1_W54,3,"0.548751,0.267440,0.183809"
base,AGExPOLPARTY,AGExPOLPARTY :: 50-64 | Republican,INEQ1_W54,3,"0.587073,0.244728,0.168199"
base,AGExPOLPARTY,AGExPOLPARTY :: 65+ | Democrat,INEQ1_W54,3,"0.629803,0.210958,0.159239"
base,AGExPOLPARTY,AGExPOLPARTY :: 65+ | Independent,INEQ1_W54,3,"0.579477,0.249230,0.171293"
base,AGExPOLPARTY,AGExPOLPARTY :: 65+ | Other,INEQ1_W54,3,"0.556477,0.262861,0.180662"
base,AGExPOLPARTY,AGExPOLPARTY :: 65+ | Republican,INEQ1_W54,3,"0.591527,0.238998,0.169475"
base,AGExPOLPARTY,AGExPOLPARTY :: 18-29 | Democrat,INEQ5_i_W54,4,"0.438727,0.311104,0.182889,0.067281"
base,AGExPOLPARTY,AGExPOLPARTY :: 18-29 | Independent,INEQ5_i_W54,4,"0.378971,0.314178,0.229858,0.076993"
base,AGExPOLPARTY,AGExPOLPARTY :: 18-29 | Other,INEQ5_i_W54,4,"0.379872,0.305235,0.237718,0.077176"
base,AGExPOLPARTY,AGExPOLPARTY :: 18-29 | Republican,INEQ5_i_W54,4,"0.390782,0.294977,0.229729,0.084512"
base,AGExPOLPARTY,AGExPOLPARTY :: 30-49 | Democrat,INEQ5_i_W54,4,"0.404900,0.335674,0.197333,0.062093"
base,AGExPOLPARTY,AGExPOLPARTY :: 30-49 | Independent,INEQ5_i_W54,4,"0.351441,0.330148,0.249209,0.069203"
base,AGExPOLPARTY,AGExPOLPARTY :: 30-49 | Other,INEQ5_i_W54,4,"0.352232,0.320711,0.257698,0.069359"
base,AGExPOLPARTY,AGExPOLPARTY :: 30-49 | Refused,INEQ5_i_W54,4,"0.313238,0.267927,0.303601,0.115234"
base,AGExPOLPARTY,AGExPOLPARTY :: 30-49 | Republican,INEQ5_i_W54,4,"0.364225,0.321428,0.242626,0.071720"
base,AGExPOLPARTY,AGExPOLPARTY :: 50-64 | Democrat,INEQ5_i_W54,4,"0.413306,0.321883,0.201429,0.063382"
base,AGExPOLPARTY,AGExPOLPARTY :: 50-64 | Independent,INEQ5_i_W54,4,"0.358614,0.316476,0.254295,0.070615"
base,AGExPOLPARTY,AGExPOLPARTY :: 50-64 | Other,INEQ5_i_W54,4,"0.357812,0.315768,0.253727,0.072694"
base,AGExPOLPARTY,AGExPOLPARTY :: 50-64 | Republican,INEQ5_i_W54,4,"0.365024,0.312222,0.250877,0.071877"
base,AGExPOLPARTY,AGExPOLPARTY :: 65+ | Democrat,INEQ5_i_W54,4,"0.430676,0.286892,0.209895,0.072538"
base,AGExPOLPARTY,AGExPOLPARTY :: 65+ | Independent,INEQ5_i_W54,4,"0.361618,0.290568,0.264565,0.083249"
base,AGExPOLPARTY,AGExPOLPARTY :: 65+ | Other,INEQ5_i_W54,4,"0.353684,0.284193,0.275449,0.086674"
base,AGExPOLPARTY,AGExPOLPARTY :: 65+ | Republican,INEQ5_i_W54,4,"0.378496,0.276914,0.260136,0.084454"
base,AGExPOLPARTY,AGExPOLPARTY :: 18-29 | Democrat,INFOKNOWe_W45,2,"0.546738,0.453262"
base,AGExPOLPARTY,AGExPOLPARTY :: 18-29 | Independent,INFOKNOWe_W45,2,"0.554470,0.445530"
base,AGExPOLPARTY,AGExPOLPARTY :: 18-29 | Other,INFOKNOWe_W45,2,"0.554470,0.445530"
base,AGExPOLPARTY,AGExPOLPARTY :: 18-29 | Republican,INFOKNOWe_W45,2,"0.515620,0.484380"
base,AGExPOLPARTY,AGExPOLPARTY :: 30-49 | Democrat,INFOKNOWe_W45,2,"0.538983,0.461017"
base,AGExPOLPARTY,AGExPOLPARTY :: 30-49 | Independent,INFOKNOWe_W45,2,"0.538983,0.461017"
base,AGExPOLPARTY,AGExPOLPARTY :: 30-49 | Other,INFOKNOWe_W45,2,"0.538983,0.461017"
base,AGExPOLPARTY,AGExPOLPARTY :: 30-49 | Republican,INFOKNOWe_W45,2,"0.507812,0.492188"
base,AGExPOLPARTY,AGExPOLPARTY :: 50-64 | Democrat,INFOKNOWe_W45,2,"0.523420,0.476580"
base,AGExPOLPARTY,AGExPOLPARTY :: 50-64 | Independent,INFOKNOWe_W45,2,"0.531209,0.468791"
base,AGExPOLPARTY,AGExPOLPARTY :: 50-64 | Other,INFOKNOWe_W45,2,"0.531209,0.468791"
base,AGExPOLPARTY,AGExPOLPARTY :: 50-64 | Republican,INFOKNOWe_W45,2,"0.500000,0.500000"
base,AGExPOLPARTY,AGExPOLPARTY :: 65+ | Democrat,INFOKNOWe_W45,2,"0.523420,0.476580"
base,AGExPOLPARTY,AGExPOLPARTY :: 65+ | Independent,INFOKNOWe_W45,2,"0.531209,0.468791"
base,AGExPOLPARTY,AGExPOLPARTY :: 65+ | Other,INFOKNOWe_W45,2,"0.523420,0.476580"
base,AGExPOLPARTY,AGExPOLPARTY :: 65+ | Republican,INFOKNOWe_W45,2,"0.500000,0.500000"
base,AGExPOLPARTY,AGExPOLPARTY :: 18-29 | Democrat,INSTN_CLGS_W92,2,"0.585101,0.414899"
base,AGExPOLPARTY,AGExPOLPARTY :: 18-29 | Independent,INSTN_CLGS_W92,2,"0.523420,0.476580"
base,AGExPOLPARTY,AGExPOLPARTY :: 18-29 | Other,INSTN_CLGS_W92,2,"0.500000,0.500000"
base,AGExPOLPARTY,AGExPOLPARTY :: 18-29 | Republican,INSTN_CLGS_W92,2,"0.355775,0.644225"
base,AGExPOLPARTY,AGExPOLPARTY :: 30-49 | Democrat,INSTN_CLGS_W92,2,"0.531209,0.468791"
base,AGExPOLPARTY,AGExPOLPARTY :: 30-49 | Independent,INSTN_CLGS_W92,2,"0.492188,0.507812"
base,AGExPOLPARTY,AGExPOLPARTY :: 30-49 | Other,INSTN_CLGS_W92,2,"0.468791,0.531209"
base,AGExPOLPARTY,AGExPOLPARTY :: 30-49 | Republican,INSTN_CLGS_W92,2,"0.370225,0.629775"
base,AGExPOLPARTY,AGExPOLPARTY :: 50-64 | Democrat,INSTN_CLGS_W92,2,"0.500000,0.500000"
base,AGExPOLPARTY,AGExPOLPARTY :: 50-64 | Independent,INSTN_CLGS_W92,2,"0.468791,0.531209"
base,AGExPOLPARTY,AGExPOLPARTY :: 50-64 | Other,INSTN_CLGS_W92,2,"0.453262,0.546738"
base,AGExPOLPARTY,AGExPOLPARTY :: 50-64 | Refused,INSTN_CLGS_W92,2,"0.422505,0.577495"
base,AGExPOLPARTY,AGExPOLPARTY :: 50-64 | Republican,INSTN_CLGS_W92,2,"0.370225,0.629775"
base,AGExPOLPARTY,AGExPOLPARTY :: 65+ | Democrat,INSTN_CLGS_W92,2,"0.468791,0.531209"
base,AGExPOLPARTY,AGExPOLPARTY :: 65+ | Independent,INSTN_CLGS_W92,2,"0.461017,0.538983"
base,AGExPOLPARTY,AGExPOLPARTY :: 65+ | Other,INSTN_CLGS_W92,2,"0.453262,0.546738"
base,AGExPOLPARTY,AGExPOLPARTY :: 65+ | Republican,INSTN_CLGS_W92,2,"0.392337,0.607663"
base,AGExPOLPARTY,AGExPOLPARTY :: 18-29 | Democrat,NATDEBT_W41,4,"0.819963,0.038350,0.114492,0.027194"
base,AGExPOLPARTY,AGExPOLPARTY :: 18-29 | Independent,NATDEBT_W41,4,"0.818623,0.040757,0.114305,0.026315"
base,AGExPOLPARTY,AGExPOLPARTY :: 18-29 | Other,NATDEBT_W41,4,"0.810341,0.044310,0.116741,0.028609"
base,AGExPOLPARTY,AGExPOLPARTY :: 18-29 | Republican,NATDEBT_W41,4,"0.818009,0.038259,0.117845,0.025887"
base,AGExPOLPARTY,AGExPOLPARTY :: 30-49 | Democrat,NATDEBT_W41,4,"0.813310,0.039247,0.120888,0.026556"
base,AGExPOLPARTY,AGExPOLPARTY :: 30-49 | Independent,NATDEBT_W41,4,"0.811168,0.042990,0.120569,0.025273"
base,AGExPOLPARTY,AGExPOLPARTY :: 30-49 | Other,NATDEBT_W41,4,"0.792264,0.049089,0.129334,0.029313"
base,AGExPOLPARTY,AGExPOLPARTY :: 30-49 | Republican,NATDEBT_W41,4,"0.812124,0.039189,0.124543,0.024144"
base,AGExPOLPARTY,AGExPOLPARTY :: 50-64 | Democrat,NATDEBT_W41,4,"0.810227,0.041619,0.120429,0.027724"
base,AGExPOLPARTY,AGExPOLPARTY :: 50-64 | Independent,NATDEBT_W41,4,"0.813198,0.043098,0.117152,0.026552"
base,AGExPOLPARTY,AGExPOLPARTY :: 50-64 | Other,NATDEBT_W41,4,"0.799739,0.048028,0.122644,0.029589"
base,AGExPOLPARTY,AGExPOLPARTY :: 50-64 | Republican,NATDEBT_W41,4,"0.813921,0.040523,0.120978,0.024578"
base,AGExPOLPARTY,AGExPOLPARTY :: 65+ | Democrat,NATDEBT_W41,4,"0.797225,0.043593,0.130143,0.029039"
base,AGExPOLPARTY,AGExPOLPARTY :: 65+ | Independent,NATDEBT_W41,4,"0.800387,0.045155,0.126640,0.027819"
base,AGExPOLPARTY,AGExPOLPARTY :: 65+ | Republican,NATDEBT_W41,4,"0.802717,0.041234,0.131040,0.025009"
base,AGExPOLPARTY,AGExPOLPARTY :: 18-29 | Democrat,NEIGHSAMEB_W32,5,"0.131401,0.223520,0.261321,0.278175,0.105583"
base,AGExPOLPARTY,AGExPOLPARTY :: 18-29 | Independent,NEIGHSAMEB_W32,5,"0.132812,0.199374,0.264127,0.290087,0.113600"
base,AGExPOLPARTY,AGExPOLPARTY :: 18-29 | Other,NEIGHSAMEB_W32,5,"0.132714,0.187157,0.263933,0.299076,0.117120"
base,AGExPOLPARTY,AGExPOLPARTY :: 18-29 | Republican,NEIGHSAMEB_W32,5,"0.143715,0.229656,0.244467,0.277018,0.105144"
base,AGExPOLPARTY,AGExPOLPARTY :: 30-49 | Democrat,NEIGHSAMEB_W32,5,"0.116214,0.238455,0.278782,0.270205,0.096345"
base,AGExPOLPARTY,AGExPOLPARTY :: 30-49 | Independent,NEIGHSAMEB_W32,5,"0.119596,0.209897,0.278069,0.286895,0.105543"
base,AGExPOLPARTY,AGExPOLPARTY :: 30-49 | Other,NEIGHSAMEB_W32,5,"0.123585,0.197489,0.269935,0.296466,0.112526"
base,AGExPOLPARTY,AGExPOLPARTY :: 30-49 | Republican,NEIGHSAMEB_W32,5,"0.128401,0.247499,0.255355,0.271824,0.096922"
base,AGExPOLPARTY,AGExPOLPARTY :: 50-64 | Democrat,NEIGHSAMEB_W32,5,"0.119209,0.229781,0.268641,0.277168,0.105201"
base,AGExPOLPARTY,AGExPOLPARTY :: 50-64 | Independent,NEIGHSAMEB_W32,5,"0.122031,0.207582,0.266540,0.292737,0.111110"
base,AGExPOLPARTY,AGExPOLPARTY :: 50-64 | Other,NEIGHSAMEB_W32,5,"0.124936,0.193504,0.264489,0.299705,0.117366"
base,AGExPOLPARTY,AGExPOLPARTY :: 50-64 | Republican,NEIGHSAMEB_W32,5,"0.131122,0.244969,0.252745,0.269046,0.102118"
base,AGExPOLPARTY,AGExPOLPARTY :: 65+ | Democrat,NEIGHSAMEB_W32,5,"0.141873,0.226712,0.256899,0.256899,0.117617"
base,AGExPOLPARTY,AGExPOLPARTY :: 65+ | Independent,NEIGHSAMEB_W32,5,"0.135813,0.203879,0.261785,0.278669,0.119854"
base,AGExPOLPARTY,AGExPOLPARTY :: 65+ | Other,NEIGHSAMEB_W32,5,"0.136149,0.198095,0.262433,0.279359,0.123965"
base,AGExPOLPARTY,AGExPOLPARTY :: 65+ | Republican,NEIGHSAMEB_W32,5,"0.154369,0.239091,0.239091,0.254511,0.112939"
base,AGExPOLPARTY,AGExPOLPARTY :: 18-29 | Democrat,PQ3_F2Ba_W42,2,"0.445530,0.554470"
base,AGExPOLPARTY,AGExPOLPARTY :: 18-29 | Independent,PQ3_F2Ba_W42,2,"0.414899,0.585101"
base,AGExPOLPARTY,AGExPOLPARTY :: 18-29 | Other,PQ3_F2Ba_W42,2,"0.399812,0.600188"
base,AGExPOLPARTY,AGExPOLPARTY :: 18-29 | Republican,PQ3_F2Ba_W42,2,"0.430147,0.569853"
base,AGExPOLPARTY,AGExPOLPARTY :: 30-49 | Democrat,PQ3_F2Ba_W42,2,"0.437824,0.562177"
base,AGExPOLPARTY,AGExPOLPARTY :: 30-49 | Independent,PQ3_F2Ba_W42,2,"0.407333,0.592667"
base,AGExPOLPARTY,AGExPOLPARTY :: 30-49 | Other,PQ3_F2Ba_W42,2,"0.392337,0.607663"
base,AGExPOLPARTY,AGExPOLPARTY :: 30-49 | Refused,PQ3_F2Ba_W42,2,"0.414899,0.585101"
base,AGExPOLPARTY,AGExPOLPARTY :: 30-49 | Republican,PQ3_F2Ba_W42,2,"0.430147,0.569853"
base,AGExPOLPARTY,AGExPOLPARTY :: 50-64 | Democrat,PQ3_F2Ba_W42,2,"0.422505,0.577495"
base,AGExPOLPARTY,AGExPOLPARTY :: 50-64 | Independent,PQ3_F2Ba_W42,2,"0.399812,0.600188"
base,AGExPOLPARTY,AGExPOLPARTY :: 50-64 | Other,PQ3_F2Ba_W42,2,"0.392337,0.607663"
base,AGExPOLPARTY,AGExPOLPARTY :: 50-64 | Republican,PQ3_F2Ba_W42,2,"0.422505,0.577495"
base,AGExPOLPARTY,AGExPOLPARTY :: 65+ | Democrat,PQ3_F2Ba_W42,2,"0.484380,0.515620"
base,AGExPOLPARTY,AGExPOLPARTY :: 65+ | Independent,PQ3_F2Ba_W42,2,"0.453262,0.546738"
base,AGExPOLPARTY,AGExPOLPARTY :: 65+ | Other,PQ3_F2Ba_W42,2,"0.430147,0.569853"
base,AGExPOLPARTY,AGExPOLPARTY :: 65+ | Republican,PQ3_F2Ba_W42,2,"0.492188,0.507812"
base,AGExPOLPARTY,AGExPOLPARTY :: 18-29 | Democrat,PQ8_F2C_W42,4,"0.197245,0.430823,0.269602,0.102329"
base,AGExPOLPARTY,AGExPOLPARTY :: 18-29 | Independent,PQ8_F2C_W42,4,"0.183844,0.414298,0.293782,0.108076"
base,AGExPOLPARTY,AGExPOLPARTY :: 18-29 | Other,PQ8_F2C_W42,4,"0.184457,0.415681,0.294762,0.105101"
base,AGExPOLPARTY,AGExPOLPARTY :: 18-29 | Republican,PQ8_F2C_W42,4,"0.213180,0.410916,0.265307,0.110597"
base,AGExPOLPARTY,AGExPOLPARTY :: 30-49 | Democrat,PQ8_F2C_W42,4,"0.180926,0.462010,0.271601,0.085463"
base,AGExPOLPARTY,AGExPOLPARTY :: 30-49 | Independent,PQ8_F2C_W42,4,"0.172714,0.441041,0.293797,0.092447"
base,AGExPOLPARTY,AGExPOLPARTY :: 30-49 | Other,PQ8_F2C_W42,4,"0.175090,0.433352,0.297838,0.093719"
base,AGExPOLPARTY,AGExPOLPARTY :: 30-49 | Refused,PQ8_F2C_W42,4,"0.196871,0.416775,0.277632,0.108722"
base,AGExPOLPARTY,AGExPOLPARTY :: 30-49 | Republican,PQ8_F2C_W42,4,"0.200749,0.438475,0.265949,0.094827"
base,AGExPOLPARTY,AGExPOLPARTY :: 50-64 | Democrat,PQ8_F2C_W42,4,"0.187650,0.436299,0.281696,0.094356"
base,AGExPOLPARTY,AGExPOLPARTY :: 50-64 | Independent,PQ8_F2C_W42,4,"0.178576,0.428382,0.294422,0.098619"
base,AGExPOLPARTY,AGExPOLPARTY :: 50-64 | Other,PQ8_F2C_W42,4,"0.179811,0.418074,0.305869,0.096246"
base,AGExPOLPARTY,AGExPOLPARTY :: 50-64 | Republican,PQ8_F2C_W42,4,"0.208295,0.414244,0.275946,0.101515"
base,AGExPOLPARTY,AGExPOLPARTY :: 65+ | Democrat,PQ8_F2C_W42,4,"0.208873,0.402613,0.276712,0.111802"
base,AGExPOLPARTY,AGExPOLPARTY :: 65+ | Independent,PQ8_F2C_W42,4,"0.187916,0.397818,0.300289,0.113977"
base,AGExPOLPARTY,AGExPOLPARTY :: 65+ | Other,PQ8_F2C_W42,4,"0.190922,0.391747,0.305093,0.112237"
base,AGExPOLPARTY,AGExPOLPARTY :: 65+ | Republican,PQ8_F2C_W42,4,"0.222393,0.390312,0.268257,0.119038"
base,AGExPOLPARTY,AGExPOLPARTY :: 18-29 | Democrat,Q9F1_W42,3,"0.135937,0.758195,0.105868"
base,AGExPOLPARTY,AGExPOLPARTY :: 18-29 | Independent,Q9F1_W42,3,"0.144771,0.735209,0.120020"
base,AGExPOLPARTY,AGExPOLPARTY :: 18-29 | Other,Q9F1_W42,3,"0.139857,0.732801,0.127342"
base,AGExPOLPARTY,AGExPOLPARTY :: 18-29 | Republican,Q9F1_W42,3,"0.139649,0.754938,0.105413"
base,AGExPOLPARTY,AGExPOLPARTY :: 30-49 | Democrat,Q9F1_W42,3,"0.139184,0.752420,0.108396"
base,AGExPOLPARTY,AGExPOLPARTY :: 30-49 | Independent,Q9F1_W42,3,"0.143659,0.729562,0.126779"
base,AGExPOLPARTY,AGExPOLPARTY :: 30-49 | Other,Q9F1_W42,3,"0.136140,0.735968,0.127892"
base,AGExPOLPARTY,AGExPOLPARTY :: 30-49 | Refused,Q9F1_W42,3,"0.155851,0.656157,0.187992"
base,AGExPOLPARTY,AGExPOLPARTY :: 30-49 | Republican,Q9F1_W42,3,"0.139649,0.754938,0.105413"
base,AGExPOLPARTY,AGExPOLPARTY :: 50-64 | Democrat,Q9F1_W42,3,"0.142482,0.746553,0.110965"
base,AGExPOLPARTY,AGExPOLPARTY :: 50-64 | Independent,Q9F1_W42,3,"0.144222,0.732419,0.123359"
base,AGExPOLPARTY,AGExPOLPARTY :: 50-64 | Other,Q9F1_W42,3,"0.143083,0.726638,0.130279"
base,AGExPOLPARTY,AGExPOLPARTY :: 50-64 | Republican,Q9F1_W42,3,"0.146343,0.743191,0.110466"
base,AGExPOLPARTY,AGExPOLPARTY :: 65+ | Democrat,Q9F1_W42,3,"0.159732,0.715869,0.124399"
base,AGExPOLPARTY,AGExPOLPARTY :: 65+ | Independent,Q9F1_W42,3,"0.154338,0.713650,0.132012"
base,AGExPOLPARTY,AGExPOLPARTY :: 65+ | Other,Q9F1_W42,3,"0.153035,0.707626,0.139340"
base,AGExPOLPARTY,AGExPOLPARTY :: 65+ | Republican,Q9F1_W42,3,"0.164598,0.714980,0.120422"
base,AGExPOLPARTY,AGExPOLPARTY :: 18-29 | Democrat,RACESURV28d_W43,3,"0.767880,0.110624,0.121496"
base,AGExPOLPARTY,AGExPOLPARTY :: 18-29 | Independent,RACESURV28d_W43,3,"0.705810,0.126545,0.167645"
base,AGExPOLPARTY,AGExPOLPARTY :: 18-29 | Other,RACESURV28d_W43,3,"0.689773,0.135824,0.174402"
base,AGExPOLPARTY,AGExPOLPARTY :: 18-29 | Republican,RACESURV28d_W43,3,"0.700097,0.133616,0.166288"
base,AGExPOLPARTY,AGExPOLPARTY :: 30-49 | Democrat,RACESURV28d_W43,3,"0.732992,0.131418,0.135590"
base,AGExPOLPARTY,AGExPOLPARTY :: 30-49 | Independent,RACESURV28d_W43,3,"0.669364,0.144760,0.185876"
base,AGExPOLPARTY,AGExPOLPARTY :: 30-49 | Other,RACESURV28d_W43,3,"0.652265,0.154926,0.192809"
base,AGExPOLPARTY,AGExPOLPARTY :: 30-49 | Refused,RACESURV28d_W43,3,"0.496641,0.182704,0.320655"
base,AGExPOLPARTY,AGExPOLPARTY :: 30-49 | Republican,RACESURV28d_W43,3,"0.687440,0.144095,0.168464"
base,AGExPOLPARTY,AGExPOLPARTY :: 50-64 | Democrat,RACESURV28d_W43,3,"0.735968,0.127892,0.136140"
base,AGExPOLPARTY,AGExPOLPARTY :: 50-64 | Independent,RACESURV28d_W43,3,"0.673214,0.145593,0.181193"
base,AGExPOLPARTY,AGExPOLPARTY :: 50-64 | Other,RACESURV28d_W43,3,"0.649072,0.159062,0.191865"
base,AGExPOLPARTY,AGExPOLPARTY :: 50-64 | Refused,RACESURV28d_W43,3,"0.493777,0.187417,0.318806"
base,AGExPOLPARTY,AGExPOLPARTY :: 50-64 | Republican,RACESURV28d_W43,3,"0.687440,0.144095,0.168464"
base,AGExPOLPARTY,AGExPOLPARTY :: 65+ | Democrat,RACESURV28d_W43,3,"0.697654,0.141737,0.160609"
base,AGExPOLPARTY,AGExPOLPARTY :: 65+ | Independent,RACESURV28d_W43,3,"0.632904,0.155100,0.211996"
base,AGExPOLPARTY,AGExPOLPARTY :: 65+ | Other,RACESURV28d_W43,3,"0.607692,0.168750,0.223558"
base,AGExPOLPARTY,AGExPOLPARTY :: 65+ | Republican,RACESURV28d_W43,3,"0.648297,0.153984,0.197719"
base,AGExPOLPARTY,AGExPOLPARTY :: 18-29 | Democrat,RACESURV34a_W43,5,"0.214541,0.189332,0.275476,0.228378,0.092273"
base,AGExPOLPARTY,AGExPOLPARTY :: 18-29 | Independent,RACESURV34a_W43,5,"0.212854,0.193806,0.281986,0.193806,0.117549"
base,AGExPOLPARTY,AGExPOLPARTY :: 18-29 | Other,RACESURV34a_W43,5,"0.197470,0.179799,0.296438,0.210206,0.116087"
base,AGExPOLPARTY,AGExPOLPARTY :: 18-29 | Republican,RACESURV34a_W43,5,"0.233931,0.187969,0.273494,0.212997,0.091609"
base,AGExPOLPARTY,AGExPOLPARTY :: 30-49 | Democrat,RACESURV34a_W43,5,"0.212514,0.205975,0.290472,0.199638,0.091401"
base,AGExPOLPARTY,AGExPOLPARTY :: 30-49 | Independent,RACESURV34a_W43,5,"0.211198,0.204701,0.288674,0.175090,0.120337"
base,AGExPOLPARTY,AGExPOLPARTY :: 30-49 | Other,RACESURV34a_W43,5,"0.194439,0.188457,0.310713,0.188457,0.117933"
base,AGExPOLPARTY,AGExPOLPARTY :: 30-49 | Refused,RACESURV34a_W43,5,"0.172140,0.156736,0.292821,0.183243,0.195061"
base,AGExPOLPARTY,AGExPOLPARTY :: 30-49 | Republican,RACESURV34a_W43,5,"0.241094,0.199874,0.273195,0.199874,0.085965"
base,AGExPOLPARTY,AGExPOLPARTY :: 50-64 | Democrat,RACESURV34a_W43,5,"0.216843,0.197438,0.269866,0.210172,0.105681"
base,AGExPOLPARTY,AGExPOLPARTY :: 50-64 | Independent,RACESURV34a_W43,5,"0.216595,0.197212,0.269557,0.185264,0.131372"
base,AGExPOLPARTY,AGExPOLPARTY :: 50-64 | Other,RACESURV34a_W43,5,"0.201771,0.183715,0.284543,0.195563,0.134408"
base,AGExPOLPARTY,AGExPOLPARTY :: 50-64 | Refused,RACESURV34a_W43,5,"0.169237,0.149351,0.279024,0.191770,0.210618"
base,AGExPOLPARTY,AGExPOLPARTY :: 50-64 | Republican,RACESURV34a_W43,5,"0.252405,0.196574,0.252405,0.202813,0.095802"
base,AGExPOLPARTY,AGExPOLPARTY :: 65+ | Democrat,RACESURV34a_W43,5,"0.196064,0.173026,0.267987,0.244005,0.118919"
base,AGExPOLPARTY,AGExPOLPARTY :: 65+ | Independent,RACESURV34a_W43,5,"0.193647,0.176318,0.273086,0.206136,0.150813"
base,AGExPOLPARTY,AGExPOLPARTY :: 65+ | Other,RACESURV34a_W43,5,"0.186289,0.164400,0.288530,0.211093,0.149688"
base,AGExPOLPARTY,AGExPOLPARTY :: 65+ | Republican,RACESURV34a_W43,5,"0.234281,0.182458,0.241718,0.234281,0.107262"
base,AGExPOLPARTY,AGExPOLPARTY :: 18-29 | Democrat,RACESURV53d_W43,2,"0.430147,0.569853"
base,AGExPOLPARTY,AGExPOLPARTY :: 18-29 | Independent,RACESURV53d_W43,2,"0.377541,0.622459"
base,AGExPOLPARTY,AGExPOLPARTY :: 18-29 | Other,RACESURV53d_W43,2,"0.414899,0.585101"
base,AGExPOLPARTY,AGExPOLPARTY :: 18-29 | Republican,RACESURV53d_W43,2,"0.414899,0.585101"
base,AGExPOLPARTY,AGExPOLPARTY :: 30-49 | Democrat,RACESURV53d_W43,2,"0.407333,0.592667"
base,AGExPOLPARTY,AGExPOLPARTY :: 30-49 | Independent,RACESURV53d_W43,2,"0.362969,0.637031"
base,AGExPOLPARTY,AGExPOLPARTY :: 30-49 | Other,RACESURV53d_W43,2,"0.407333,0.592667"
base,AGExPOLPARTY,AGExPOLPARTY :: 30-49 | Refused,RACESURV53d_W43,2,"0.399812,0.600188"
base,AGExPOLPARTY,AGExPOLPARTY :: 30-49 | Republican,RACESURV53d_W43,2,"0.399812,0.600188"
base,AGExPOLPARTY,AGExPOLPARTY :: 50-64 | Democrat,RACESURV53d_W43,2,"0.392337,0.607663"
base,AGExPOLPARTY,AGExPOLPARTY :: 50-64 | Independent,RACESURV53d_W43,2,"0.362969,0.637031"
base,AGExPOLPARTY,AGExPOLPARTY :: 50-64 | Other,RACESURV53d_W43,2,"0.399812,0.600188"
base,AGExPOLPARTY,AGExPOLPARTY :: 50-64 | Refused,RACESURV53d_W43,2,"0.399812,0.600188"
base,AGExPOLPARTY,AGExPOLPARTY :: 50-64 | Republican,RACESURV53d_W43,2,"0.384912,0.615088"
base,AGExPOLPARTY,AGExPOLPARTY :: 65+ | Democrat,RACESURV53d_W43,2,"0.437824,0.562177"
base,AGExPOLPARTY,AGExPOLPARTY :: 65+ | Independent,RACESURV53d_W43,2,"0.392337,0.607663"
base,AGExPOLPARTY,AGExPOLPARTY :: 65+ | Other,RACESURV53d_W43,2,"0.422505,0.577495"
base,AGExPOLPARTY,AGExPOLPARTY :: 65+ | Republican,RACESURV53d_W43,2,"0.407333,0.592667"
base,AGExPOLPARTY,AGExPOLPARTY :: 18-29 | Democrat,RQ2_F1B_W42,3,"0.240151,0.541189,0.218660"
base,AGExPOLPARTY,AGExPOLPARTY :: 18-29 | Independent,RQ2_F1B_W42,3,"0.224046,0.537458,0.238496"
base,AGExPOLPARTY,AGExPOLPARTY :: 18-29 | Other,RQ2_F1B_W42,3,"0.229526,0.533663,0.236811"
base,AGExPOLPARTY,AGExPOLPARTY :: 18-29 | Republican,RQ2_F1B_W42,3,"0.233357,0.525878,0.240765"
base,AGExPOLPARTY,AGExPOLPARTY :: 30-49 | Democrat,RQ2_F1B_W42,3,"0.242213,0.563163,0.194624"
base,AGExPOLPARTY,AGExPOLPARTY :: 30-49 | Independent,RQ2_F1B_W42,3,"0.226529,0.560666,0.212805"
base,AGExPOLPARTY,AGExPOLPARTY :: 30-49 | Other,RQ2_F1B_W42,3,"0.232052,0.556663,0.211285"
base,AGExPOLPARTY,AGExPOLPARTY :: 30-49 | Refused,RQ2_F1B_W42,3,"0.217655,0.475402,0.306943"
base,AGExPOLPARTY,AGExPOLPARTY :: 30-49 | Republican,RQ2_F1B_W42,3,"0.244944,0.551990,0.203066"
base,AGExPOLPARTY,AGExPOLPARTY :: 50-64 | Democrat,RQ2_F1B_W42,3,"0.244944,0.551990,0.203066"
base,AGExPOLPARTY,AGExPOLPARTY :: 50-64 | Independent,RQ2_F1B_W42,3,"0.230506,0.552954,0.216540"
base,AGExPOLPARTY,AGExPOLPARTY :: 50-64 | Other,RQ2_F1B_W42,3,"0.234495,0.545217,0.220288"
base,AGExPOLPARTY,AGExPOLPARTY :: 50-64 | Republican,RQ2_F1B_W42,3,"0.247553,0.540704,0.211743"
base,AGExPOLPARTY,AGExPOLPARTY :: 65+ | Democrat,RQ2_F1B_W42,3,"0.256622,0.494652,0.248726"
base,AGExPOLPARTY,AGExPOLPARTY :: 65+ | Independent,RQ2_F1B_W42,3,"0.240955,0.494408,0.264637"
base,AGExPOLPARTY,AGExPOLPARTY :: 65+ | Other,RQ2_F1B_W42,3,"0.252570,0.486842,0.260588"
base,AGExPOLPARTY,AGExPOLPARTY :: 65+ | Republican,RQ2_F1B_W42,3,"0.266654,0.482848,0.250498"
base,AGExPOLPARTY,AGExPOLPARTY :: 18-29 | Democrat,RQ4_F1Ac_W42,4,"0.236177,0.427661,0.243674,0.092488"
base,AGExPOLPARTY,AGExPOLPARTY :: 18-29 | Independent,RQ4_F1Ac_W42,4,"0.213170,0.423939,0.265294,0.097596"
base,AGExPOLPARTY,AGExPOLPARTY :: 18-29 | Other,RQ4_F1Ac_W42,4,"0.203829,0.418231,0.278602,0.099338"
base,AGExPOLPARTY,AGExPOLPARTY :: 18-29 | Republican,RQ4_F1Ac_W42,4,"0.202532,0.415568,0.276828,0.105072"
base,AGExPOLPARTY,AGExPOLPARTY :: 30-49 | Democrat,RQ4_F1Ac_W42,4,"0.216215,0.443645,0.252781,0.087359"
base,AGExPOLPARTY,AGExPOLPARTY :: 30-49 | Independent,RQ4_F1Ac_W42,4,"0.195782,0.441201,0.267602,0.095416"
base,AGExPOLPARTY,AGExPOLPARTY :: 30-49 | Other,RQ4_F1Ac_W42,4,"0.194476,0.424775,0.282961,0.097789"
base,AGExPOLPARTY,AGExPOLPARTY :: 30-49 | Refused,RQ4_F1Ac_W42,4,"0.181656,0.350152,0.339379,0.128814"
base,AGExPOLPARTY,AGExPOLPARTY :: 30-49 | Republican,RQ4_F1Ac_W42,4,"0.185436,0.431152,0.287209,0.096203"
base,AGExPOLPARTY,AGExPOLPARTY :: 50-64 | Democrat,RQ4_F1Ac_W42,4,"0.207497,0.439271,0.258234,0.094999"
base,AGExPOLPARTY,AGExPOLPARTY :: 50-64 | Independent,RQ4_F1Ac_W42,4,"0.193874,0.423460,0.282085,0.100581"
base,AGExPOLPARTY,AGExPOLPARTY :: 50-64 | Other,RQ4_F1Ac_W42,4,"0.188060,0.410760,0.300519,0.100661"
base,AGExPOLPARTY,AGExPOLPARTY :: 50-64 | Republican,RQ4_F1Ac_W42,4,"0.184293,0.428493,0.285438,0.101776"
base,AGExPOLPARTY,AGExPOLPARTY :: 65+ | Democrat,RQ4_F1Ac_W42,4,"0.227441,0.411842,0.265905,0.094811"
base,AGExPOLPARTY,AGExPOLPARTY :: 65+ | Independent,RQ4_F1Ac_W42,4,"0.205829,0.409339,0.281335,0.103497"
base,AGExPOLPARTY,AGExPOLPARTY :: 65+ | Other,RQ4_F1Ac_W42,4,"0.196471,0.390728,0.304300,0.108501"
base,AGExPOLPARTY,AGExPOLPARTY :: 65+ | Republican,RQ4_F1Ac_W42,4,"0.198979,0.408279,0.289513,0.103229"
base,AGExPOLPARTY,AGExPOLPARTY :: 18-29 | Democrat,RQ4_F1Ae_W42,4,"0.456113,0.355221,0.130678,0.057988"
base,AGExPOLPARTY,AGExPOLPARTY :: 18-29 | Independent,RQ4_F1Ae_W42,4,"0.399943,0.387638,0.147131,0.065289"
base,AGExPOLPARTY,AGExPOLPARTY :: 18-29 | Other,RQ4_F1Ae_W42,4,"0.356039,0.403446,0.168181,0.072334"
base,AGExPOLPARTY,AGExPOLPARTY :: 18-29 | Republican,RQ4_F1Ae_W42,4,"0.354935,0.402194,0.172981,0.069891"
base,AGExPOLPARTY,AGExPOLPARTY :: 30-49 | Democrat,RQ4_F1Ae_W42,4,"0.428725,0.378349,0.134904,0.058022"
base,AGExPOLPARTY,AGExPOLPARTY :: 30-49 | Independent,RQ4_F1Ae_W42,4,"0.378457,0.402866,0.152911,0.065766"
base,AGExPOLPARTY,AGExPOLPARTY :: 30-49 | Other,RQ4_F1Ae_W42,4,"0.342621,0.413280,0.172281,0.071817"
base,AGExPOLPARTY,AGExPOLPARTY :: 30-49 | Refused,RQ4_F1Ae_W42,4,"0.264130,0.384307,0.248127,0.103435"
base,AGExPOLPARTY,AGExPOLPARTY :: 30-49 | Republican,RQ4_F1Ae_W42,4,"0.344838,0.415954,0.173395,0.065813"
base,AGExPOLPARTY,AGExPOLPARTY :: 50-64 | Democrat,RQ4_F1Ae_W42,4,"0.410112,0.385264,0.141731,0.062893"
base,AGExPOLPARTY,AGExPOLPARTY :: 50-64 | Independent,RQ4_F1Ae_W42,4,"0.373194,0.397263,0.160509,0.069034"
base,AGExPOLPARTY,AGExPOLPARTY :: 50-64 | Other,RQ4_F1Ae_W42,4,"0.339195,0.409148,0.175972,0.075685"
base,AGExPOLPARTY,AGExPOLPARTY :: 50-64 | Republican,RQ4_F1Ae_W42,4,"0.351206,0.410601,0.171164,0.067029"
base,AGExPOLPARTY,AGExPOLPARTY :: 65+ | Democrat,RQ4_F1Ae_W42,4,"0.448672,0.349426,0.141181,0.060721"
base,AGExPOLPARTY,AGExPOLPARTY :: 65+ | Independent,RQ4_F1Ae_W42,4,"0.382398,0.382398,0.164467,0.070737"
base,AGExPOLPARTY,AGExPOLPARTY :: 65+ | Other,RQ4_F1Ae_W42,4,"0.352940,0.387629,0.183103,0.076329"
base,AGExPOLPARTY,AGExPOLPARTY :: 65+ | Republican,RQ4_F1Ae_W42,4,"0.369811,0.381550,0.180231,0.068408"
base,AGExPOLPARTY,AGExPOLPARTY :: 18-29 | Democrat,RQ6_F1C_W42,2,"0.484380,0.515620"
base,AGExPOLPARTY,AGExPOLPARTY :: 18-29 | Independent,RQ6_F1C_W42,2,"0.531209,0.468791"
base,AGExPOLPARTY,AGExPOLPARTY :: 18-29 | Other,RQ6_F1C_W42,2,"0.538983,0.461017"
base,AGExPOLPARTY,AGExPOLPARTY :: 18-29 | Republican,RQ6_F1C_W42,2,"0.515620,0.484380"
base,AGExPOLPARTY,AGExPOLPARTY :: 30-49 | Democrat,RQ6_F1C_W42,2,"0.492188,0.507812"
base,AGExPOLPARTY,AGExPOLPARTY :: 30-49 | Independent,RQ6_F1C_W42,2,"0.531209,0.468791"
base,AGExPOLPARTY,AGExPOLPARTY :: 30-49 | Other,RQ6_F1C_W42,2,"0.538983,0.461017"
base,AGExPOLPARTY,AGExPOLPARTY :: 30-49 | Refused,RQ6_F1C_W42,2,"0.554470,0.445530"
base,AGExPOLPARTY,AGExPOLPARTY :: 30-49 | Republican,RQ6_F1C_W42,2,"0.523420,0.476580"
base,AGExPOLPARTY,AGExPOLPARTY :: 50-64 | Democrat,RQ6_F1C_W42,2,"0.507812,0.492188"
base,AGExPOLPARTY,AGExPOLPARTY :: 50-64 | Independent,RQ6_F1C_W42,2,"0.538983,0.461017"
base,AGExPOLPARTY,AGExPOLPARTY :: 50-64 | Other,RQ6_F1C_W42,2,"0.554470,0.445530"
base,AGExPOLPARTY,AGExPOLPARTY :: 50-64 | Republican,RQ6_F1C_W42,2,"0.538983,0.461017"
base,AGExPOLPARTY,AGExPOLPARTY :: 65+ | Democrat,RQ6_F1C_W42,2,"0.484380,0.515620"
base,AGExPOLPARTY,AGExPOLPARTY :: 65+ | Independent,RQ6_F1C_W42,2,"0.515620,0.484380"
base,AGExPOLPARTY,AGExPOLPARTY :: 65+ | Other,RQ6_F1C_W42,2,"0.523420,0.476580"
base,AGExPOLPARTY,AGExPOLPARTY :: 65+ | Republican,RQ6_F1C_W42,2,"0.515620,0.484380"
base,AGExPOLPARTY,AGExPOLPARTY :: 18-29 | Democrat,SATLIFEc_W50,4,"0.290678,0.479247,0.176305,0.053770"
base,AGExPOLPARTY,AGExPOLPARTY :: 18-29 | Independent,SATLIFEc_W50,4,"0.283722,0.467778,0.183184,0.065316"
base,AGExPOLPARTY,AGExPOLPARTY :: 18-29 | Other,SATLIFEc_W50,4,"0.258327,0.439429,0.220959,0.081286"
base,AGExPOLPARTY,AGExPOLPARTY :: 18-29 | Republican,SATLIFEc_W50,4,"0.321457,0.425862,0.183161,0.069520"
base,AGExPOLPARTY,AGExPOLPARTY :: 30-49 | Democrat,SATLIFEc_W50,4,"0.278678,0.504620,0.169026,0.047676"
base,AGExPOLPARTY,AGExPOLPARTY :: 30-49 | Independent,SATLIFEc_W50,4,"0.266620,0.498112,0.177607,0.057661"
base,AGExPOLPARTY,AGExPOLPARTY :: 30-49 | Other,SATLIFEc_W50,4,"0.245188,0.472613,0.209721,0.072478"
base,AGExPOLPARTY,AGExPOLPARTY :: 30-49 | Refused,SATLIFEc_W50,4,"0.269414,0.430523,0.209820,0.090243"
base,AGExPOLPARTY,AGExPOLPARTY :: 30-49 | Republican,SATLIFEc_W50,4,"0.325589,0.459153,0.158679,0.056579"
base,AGExPOLPARTY,AGExPOLPARTY :: 50-64 | Democrat,SATLIFEc_W50,4,"0.280211,0.491786,0.175352,0.052650"
base,AGExPOLPARTY,AGExPOLPARTY :: 50-64 | Independent,SATLIFEc_W50,4,"0.267696,0.484735,0.183985,0.063583"
base,AGExPOLPARTY,AGExPOLPARTY :: 50-64 | Other,SATLIFEc_W50,4,"0.247632,0.462637,0.211811,0.077921"
base,AGExPOLPARTY,AGExPOLPARTY :: 50-64 | Republican,SATLIFEc_W50,4,"0.329653,0.450583,0.160660,0.059104"
base,AGExPOLPARTY,AGExPOLPARTY :: 65+ | Democrat,SATLIFEc_W50,4,"0.314770,0.443897,0.179351,0.061982"
base,AGExPOLPARTY,AGExPOLPARTY :: 65+ | Independent,SATLIFEc_W50,4,"0.288366,0.446630,0.192093,0.072910"
base,AGExPOLPARTY,AGExPOLPARTY :: 65+ | Other,SATLIFEc_W50,4,"0.262281,0.432428,0.217438,0.087853"
base,AGExPOLPARTY,AGExPOLPARTY :: 65+ | Republican,SATLIFEc_W50,4,"0.359475,0.407338,0.164580,0.068607"
base,AGExPOLPARTY,AGExPOLPARTY :: 18-29 | Democrat,SNGLPYER_W92,2,"0.392337,0.607663"
base,AGExPOLPARTY,AGExPOLPARTY :: 18-29 | Independent,SNGLPYER_W92,2,"0.377541,0.622459"
base,AGExPOLPARTY,AGExPOLPARTY :: 18-29 | Other,SNGLPYER_W92,2,"0.377541,0.622459"
base,AGExPOLPARTY,AGExPOLPARTY :: 18-29 | Republican,SNGLPYER_W92,2,"0.300746,0.699254"
base,AGExPOLPARTY,AGExPOLPARTY :: 30-49 | Democrat,SNGLPYER_W92,2,"0.362969,0.637031"
base,AGExPOLPARTY,AGExPOLPARTY :: 30-49 | Independent,SNGLPYER_W92,2,"0.362969,0.637031"
base,AGExPOLPARTY,AGExPOLPARTY :: 30-49 | Other,SNGLPYER_W92,2,"0.370225,0.629775"
base,AGExPOLPARTY,AGExPOLPARTY :: 30-49 | Republican,SNGLPYER_W92,2,"0.287768,0.712232"
base,AGExPOLPARTY,AGExPOLPARTY :: 50-64 | Democrat,SNGLPYER_W92,2,"0.362969,0.637031"
base,AGExPOLPARTY,AGExPOLPARTY :: 50-64 | Independent,SNGLPYER_W92,2,"0.355775,0.644225"
base,AGExPOLPARTY,AGExPOLPARTY :: 50-64 | Other,SNGLPYER_W92,2,"0.355775,0.644225"
base,AGExPOLPARTY,AGExPOLPARTY :: 50-64 | Refused,SNGLPYER_W92,2,"0.348645,0.651355"
base,AGExPOLPARTY,AGExPOLPARTY :: 50-64 | Republican,SNGLPYER_W92,2,"0.275130,0.724870"
base,AGExPOLPARTY,AGExPOLPARTY :: 65+ | Democrat,SNGLPYER_W92,2,"0.453262,0.546738"
base,AGExPOLPARTY,AGExPOLPARTY :: 65+ | Independent,SNGLPYER_W92,2,"0.430147,0.569853"
base,AGExPOLPARTY,AGExPOLPARTY :: 65+ | Other,SNGLPYER_W92,2,"0.414899,0.585101"
base,AGExPOLPARTY,AGExPOLPARTY :: 65+ | Republican,SNGLPYER_W92,2,"0.355775,0.644225"
base,AGExPOLPARTY,AGExPOLPARTY :: 18-29 | Democrat,TRACKCO1b_W49,5,"0.153747,0.269835,0.380528,0.135681,0.060208"
base,AGExPOLPARTY,AGExPOLPARTY :: 18-29 | Independent,TRACKCO1b_W49,5,"0.143909,0.252568,0.391186,0.148477,0.063859"
base,AGExPOLPARTY,AGExPOLPARTY :: 18-29 | Other,TRACKCO1b_W49,5,"0.136890,0.240250,0.396105,0.160041,0.066715"
base,AGExPOLPARTY,AGExPOLPARTY :: 18-29 | Republican,TRACKCO1b_W49,5,"0.167249,0.267263,0.365306,0.138654,0.061528"
base,AGExPOLPARTY,AGExPOLPARTY :: 30-49 | Democrat,TRACKCO1b_W49,5,"0.139610,0.277647,0.391546,0.131151,0.060045"
base,AGExPOLPARTY,AGExPOLPARTY :: 30-49 | Independent,TRACKCO1b_W49,5,"0.130640,0.259809,0.402401,0.143480,0.063669"
base,AGExPOLPARTY,AGExPOLPARTY :: 30-49 | Other,TRACKCO1b_W49,5,"0.128679,0.240404,0.408942,0.155217,0.066758"
base,AGExPOLPARTY,AGExPOLPARTY :: 30-49 | Republican,TRACKCO1b_W49,5,"0.148722,0.277849,0.379775,0.135413,0.058240"
base,AGExPOLPARTY,AGExPOLPARTY :: 50-64 | Democrat,TRACKCO1b_W49,5,"0.141667,0.273070,0.385091,0.137308,0.062864"
base,AGExPOLPARTY,AGExPOLPARTY :: 50-64 | Independent,TRACKCO1b_W49,5,"0.136101,0.254270,0.393821,0.149478,0.066330"
base,AGExPOLPARTY,AGExPOLPARTY :: 50-64 | Other,TRACKCO1b_W49,5,"0.130365,0.236061,0.401553,0.162242,0.069779"
base,AGExPOLPARTY,AGExPOLPARTY :: 50-64 | Republican,TRACKCO1b_W49,5,"0.148796,0.269434,0.379963,0.139781,0.062027"
base,AGExPOLPARTY,AGExPOLPARTY :: 65+ | Democrat,TRACKCO1b_W49,5,"0.177619,0.266638,0.364450,0.125951,0.065342"
base,AGExPOLPARTY,AGExPOLPARTY :: 65+ | Independent,TRACKCO1b_W49,5,"0.163976,0.246157,0.381256,0.140256,0.068355"
base,AGExPOLPARTY,AGExPOLPARTY :: 65+ | Other,TRACKCO1b_W49,5,"0.156170,0.234439,0.386525,0.151365,0.071500"
base,AGExPOLPARTY,AGExPOLPARTY :: 65+ | Republican,TRACKCO1b_W49,5,"0.191494,0.270050,0.346751,0.127563,0.064142"
base,AGExPOLPARTY,AGExPOLPARTY :: 18-29 | Democrat,WATCHDOG_3_W45,2,"0.600188,0.399812"
base,AGExPOLPARTY,AGExPOLPARTY :: 18-29 | Independent,WATCHDOG_3_W45,2,"0.615088,0.384912"
base,AGExPOLPARTY,AGExPOLPARTY :: 18-29 | Other,WATCHDOG_3_W45,2,"0.615088,0.384912"
base,AGExPOLPARTY,AGExPOLPARTY :: 18-29 | Republican,WATCHDOG_3_W45,2,"0.554470,0.445530"
base,AGExPOLPARTY,AGExPOLPARTY :: 30-49 | Democrat,WATCHDOG_3_W45,2,"0.592667,0.407333"
base,AGExPOLPARTY,AGExPOLPARTY :: 30-49 | Independent,WATCHDOG_3_W45,2,"0.607663,0.392337"
base,AGExPOLPARTY,AGExPOLPARTY :: 30-49 | Other,WATCHDOG_3_W45,2,"0.607663,0.392337"
base,AGExPOLPARTY,AGExPOLPARTY :: 30-49 | Republican,WATCHDOG_3_W45,2,"0.554470,0.445530"
base,AGExPOLPARTY,AGExPOLPARTY :: 50-64 | Democrat,WATCHDOG_3_W45,2,"0.592667,0.407333"
base,AGExPOLPARTY,AGExPOLPARTY :: 50-64 | Independent,WATCHDOG_3_W45,2,"0.615088,0.384912"
base,AGExPOLPARTY,AGExPOLPARTY :: 50-64 | Other,WATCHDOG_3_W45,2,"0.607663,0.392337"
base,AGExPOLPARTY,AGExPOLPARTY :: 50-64 | Republican,WATCHDOG_3_W45,2,"0.569853,0.430147"
base,AGExPOLPARTY,AGExPOLPARTY :: 65+ | Democrat,WATCHDOG_3_W45,2,"0.600188,0.399812"
base,AGExPOLPARTY,AGExPOLPARTY :: 65+ | Independent,WATCHDOG_3_W45,2,"0.607663,0.392337"
base,AGExPOLPARTY,AGExPOLPARTY :: 65+ | Other,WATCHDOG_3_W45,2,"0.615088,0.384912"
base,AGExPOLPARTY,AGExPOLPARTY :: 65+ | Republican,WATCHDOG_3_W45,2,"0.577495,0.422505"
base,AGExPOLPARTY,AGExPOLPARTY :: 18-29 | Democrat,WORRY2a_W54,5,"0.159989,0.240172,0.395977,0.155067,0.048794"
base,AGExPOLPARTY,AGExPOLPARTY :: 18-29 | Independent,WORRY2a_W54,5,"0.156003,0.213231,0.398367,0.176774,0.055625"
base,AGExPOLPARTY,AGExPOLPARTY :: 18-29 | Other,WORRY2a_W54,5,"0.155059,0.205420,0.408527,0.175705,0.055288"
base,AGExPOLPARTY,AGExPOLPARTY :: 18-29 | Republican,WORRY2a_W54,5,"0.182207,0.233959,0.362362,0.165902,0.055570"
base,AGExPOLPARTY,AGExPOLPARTY :: 30-49 | Democrat,WORRY2a_W54,5,"0.141913,0.256972,0.410640,0.151066,0.039408"
base,AGExPOLPARTY,AGExPOLPARTY :: 30-49 | Independent,WORRY2a_W54,5,"0.140358,0.224292,0.419032,0.169304,0.047014"
base,AGExPOLPARTY,AGExPOLPARTY :: 30-49 | Other,WORRY2a_W54,5,"0.145929,0.212325,0.422259,0.170608,0.048880"
base,AGExPOLPARTY,AGExPOLPARTY :: 30-49 | Refused,WORRY2a_W54,5,"0.174878,0.192066,0.381969,0.180429,0.070657"
base,AGExPOLPARTY,AGExPOLPARTY :: 30-49 | Republican,WORRY2a_W54,5,"0.158350,0.253043,0.379862,0.163377,0.045368"
base,AGExPOLPARTY,AGExPOLPARTY :: 50-64 | Democrat,WORRY2a_W54,5,"0.150695,0.240810,0.397029,0.165506,0.045959"
base,AGExPOLPARTY,AGExPOLPARTY :: 50-64 | Independent,WORRY2a_W54,5,"0.148697,0.216353,0.404200,0.179363,0.051388"
base,AGExPOLPARTY,AGExPOLPARTY :: 50-64 | Other,WORRY2a_W54,5,"0.151519,0.207102,0.411872,0.177144,0.052364"
base,AGExPOLPARTY,AGExPOLPARTY :: 50-64 | Republican,WORRY2a_W54,5,"0.166914,0.235387,0.376147,0.172213,0.049340"
base,AGExPOLPARTY,AGExPOLPARTY :: 65+ | Democrat,WORRY2a_W54,5,"0.173343,0.222577,0.366967,0.173343,0.063769"
base,AGExPOLPARTY,AGExPOLPARTY :: 65+ | Independent,WORRY2a_W54,5,"0.166751,0.201141,0.375780,0.188954,0.067374"
base,AGExPOLPARTY,AGExPOLPARTY :: 65+ | Other,WORRY2a_W54,5,"0.172557,0.195533,0.376899,0.189517,0.065495"
base,AGExPOLPARTY,AGExPOLPARTY :: 65+ | Republican,WORRY2a_W54,5,"0.190844,0.216254,0.345573,0.179281,0.068047"
base,AGExPOLPARTY,AGExPOLPARTY :: 18-29 | Democrat,WORRY2b_W54,5,"0.139154,0.244223,0.428625,0.148129,0.039868"
base,AGExPOLPARTY,AGExPOLPARTY :: 18-29 | Independent,WORRY2b_W54,5,"0.136669,0.211677,0.434334,0.170088,0.047232"
base,AGExPOLPARTY,AGExPOLPARTY :: 18-29 | Other,WORRY2b_W54,5,"0.141103,0.205303,0.434627,0.170203,0.048764"
base,AGExPOLPARTY,AGExPOLPARTY :: 18-29 | Republican,WORRY2b_W54,5,"0.158470,0.245443,0.392216,0.158470,0.045402"
base,AGExPOLPARTY,AGExPOLPARTY :: 30-49 | Democrat,WORRY2b_W54,5,"0.112750,0.262152,0.445936,0.144774,0.034387"
base,AGExPOLPARTY,AGExPOLPARTY :: 30-49 | Independent,WORRY2b_W54,5,"0.116652,0.224853,0.447173,0.169728,0.041594"
base,AGExPOLPARTY,AGExPOLPARTY :: 30-49 | Other,WORRY2b_W54,5,"0.129836,0.214063,0.439228,0.172004,0.044870"
base,AGExPOLPARTY,AGExPOLPARTY :: 30-49 | Refused,WORRY2b_W54,5,"0.159828,0.198909,0.395578,0.181109,0.064576"
base,AGExPOLPARTY,AGExPOLPARTY :: 30-49 | Republican,WORRY2b_W54,5,"0.133324,0.256990,0.410668,0.160820,0.038198"
base,AGExPOLPARTY,AGExPOLPARTY :: 50-64 | Democrat,WORRY2b_W54,5,"0.128773,0.248216,0.422230,0.160260,0.040520"
base,AGExPOLPARTY,AGExPOLPARTY :: 50-64 | Independent,WORRY2b_W54,5,"0.126325,0.221707,0.427351,0.178146,0.046472"
base,AGExPOLPARTY,AGExPOLPARTY :: 50-64 | Other,WORRY2b_W54,5,"0.135860,0.203950,0.431762,0.179985,0.048442"
base,AGExPOLPARTY,AGExPOLPARTY :: 50-64 | Republican,WORRY2b_W54,5,"0.145065,0.246765,0.394329,0.169599,0.044242"
base,AGExPOLPARTY,AGExPOLPARTY :: 65+ | Democrat,WORRY2b_W54,5,"0.159919,0.225522,0.383627,0.170233,0.060699"
base,AGExPOLPARTY,AGExPOLPARTY :: 65+ | Independent,WORRY2b_W54,5,"0.151629,0.207252,0.387198,0.188705,0.065215"
base,AGExPOLPARTY,AGExPOLPARTY :: 65+ | Other,WORRY2b_W54,5,"0.162123,0.201766,0.388913,0.183710,0.063488"
base,AGExPOLPARTY,AGExPOLPARTY :: 65+ | Republican,WORRY2b_W54,5,"0.173122,0.229349,0.355223,0.178617,0.063688"
base,EDUCATIONxINCOME,"EDUCATIONxINCOME :: Associate's degree | $100,000 or more",ADMISSIONf_W43,3,"0.272769,0.493920,0.233311"
base,EDUCATIONxINCOME,"EDUCATIONxINCOME :: Associate's degree | $30,000-$50,000",ADMISSIONf_W43,3,"0.223462,0.553075,0.223462"
base,EDUCATIONxINCOME,"EDUCATIONxINCOME :: Associate's degree | $50,000-$75,000",ADMISSIONf_W43,3,"0.230927,0.571550,0.197523"
base,EDUCATIONxINCOME,"EDUCATIONxINCOME :: Associate's degree | $75,000-$100,000",ADMISSIONf_W43,3,"0.249176,0.544250,0.206574"
base,EDUCATIONxINCOME,"EDUCATIONxINCOME :: Associate's degree | Less than $30,000",ADMISSIONf_W43,3,"0.244881,0.502464,0.252655"
base,EDUCATIONxINCOME,"EDUCATIONxINCOME :: College graduate/some postgrad | $100,000 or more",ADMISSIONf_W43,3,"0.290500,0.509843,0.199657"
base,EDUCATIONxINCOME,"EDUCATIONxINCOME :: College graduate/some postgrad | $30,000-$50,000",ADMISSIONf_W43,3,"0.239211,0.556182,0.204608"
base,EDUCATIONxINCOME,"EDUCATIONxINCOME :: College graduate/some postgrad | $50,000-$75,000",ADMISSIONf_W43,3,"0.237959,0.570835,0.191206"
base,EDUCATIONxINCOME,"EDUCATIONxINCOME :: College graduate/some postgrad | $75,000-$100,000",ADMISSIONf_W43,3,"0.258275,0.546769,0.194956"
base,EDUCATIONxINCOME,"EDUCATIONxINCOME :: College graduate/some postgrad | Less than $30,000",ADMISSIONf_W43,3,"0.252655,0.502464,0.244881"
base,EDUCATIONxINCOME,EDUCATIONxINCOME :: College graduate/some postgrad | Refused,ADMISSIONf_W43,3,"0.264419,0.435954,0.299627"
base,EDUCATIONxINCOME,"EDUCATIONxINCOME :: High school graduate | $100,000 or more",ADMISSIONf_W43,3,"0.268725,0.486598,0.244677"
base,EDUCATIONxINCOME,"EDUCATIONxINCOME :: High school graduate | $30,000-$50,000",ADMISSIONf_W43,3,"0.240765,0.525878,0.233357"
base,EDUCATIONxINCOME,"EDUCATIONxINCOME :: High school graduate | $50,000-$75,000",ADMISSIONf_W43,3,"0.243375,0.548455,0.208170"
base,EDUCATIONxINCOME,"EDUCATIONxINCOME :: High school graduate | $75,000-$100,000",ADMISSIONf_W43,3,"0.263695,0.524420,0.211885"
base,EDUCATIONxINCOME,"EDUCATIONxINCOME :: High school graduate | Less than $30,000",ADMISSIONf_W43,3,"0.235286,0.498100,0.266614"
base,EDUCATIONxINCOME,EDUCATIONxINCOME :: High school graduate | Refused,ADMISSIONf_W43,3,"0.250027,0.438810,0.311163"
base,EDUCATIONxINCOME,"EDUCATIONxINCOME :: Less than high school | $30,000-$50,000",ADMISSIONf_W43,3,"0.223802,0.488830,0.287368"
base,EDUCATIONxINCOME,"EDUCATIONxINCOME :: Less than high school | Less than $30,000",ADMISSIONf_W43,3,"0.226311,0.464359,0.309330"
base,EDUCATIONxINCOME,"EDUCATIONxINCOME :: Postgraduate | $100,000 or more",ADMISSIONf_W43,3,"0.318240,0.463037,0.218723"
base,EDUCATIONxINCOME,"EDUCATIONxINCOME :: Postgraduate | $30,000-$50,000",ADMISSIONf_W43,3,"0.264348,0.509544,0.226109"
base,EDUCATIONxINCOME,"EDUCATIONxINCOME :: Postgraduate | $50,000-$75,000",ADMISSIONf_W43,3,"0.259377,0.532207,0.208415"
base,EDUCATIONxINCOME,"EDUCATIONxINCOME :: Postgraduate | $75,000-$100,000",ADMISSIONf_W43,3,"0.286807,0.503361,0.209832"
base,EDUCATIONxINCOME,"EDUCATIONxINCOME :: Postgraduate | Less than $30,000",ADMISSIONf_W43,3,"0.272809,0.478795,0.248396"
base,EDUCATIONxINCOME,"EDUCATIONxINCOME :: Some college, no degree | $100,000 or more",ADMISSIONf_W43,3,"0.248688,0.510275,0.241037"
base,EDUCATIONxINCOME,"EDUCATIONxINCOME :: Some college, no degree | $30,000-$50,000",ADMISSIONf_W43,3,"0.204608,0.556182,0.239211"
base,EDUCATIONxINCOME,"EDUCATIONxINCOME :: Some college, no degree | $50,000-$75,000",ADMISSIONf_W43,3,"0.214298,0.564601,0.221101"
base,EDUCATIONxINCOME,"EDUCATIONxINCOME :: Some college, no degree | $75,000-$100,000",ADMISSIONf_W43,3,"0.223462,0.553075,0.223462"
base,EDUCATIONxINCOME,"EDUCATIONxINCOME :: Some college, no degree | Less than $30,000",ADMISSIONf_W43,3,"0.218421,0.492219,0.289360"
base,EDUCATIONxINCOME,"EDUCATIONxINCOME :: Some college, no degree | Refused",ADMISSIONf_W43,3,"0.221884,0.455277,0.322839"
base,EDUCATIONxINCOME,"EDUCATIONxINCOME :: Associate's degree | $100,000 or more",BETTERPOL1F1I_W36,3,"0.313575,0.442212,0.244213"
base,EDUCATIONxINCOME,"EDUCATIONxINCOME :: Associate's degree | $30,000-$50,000",BETTERPOL1F1I_W36,3,"0.276399,0.455705,0.267895"
base,EDUCATIONxINCOME,"EDUCATIONxINCOME :: Associate's degree | $50,000-$75,000",BETTERPOL1F1I_W36,3,"0.276399,0.455705,0.267895"
base,EDUCATIONxINCOME,"EDUCATIONxINCOME :: Associate's degree | $75,000-$100,000",BETTERPOL1F1I_W36,3,"0.278696,0.459493,0.261811"
base,EDUCATIONxINCOME,"EDUCATIONxINCOME :: Associate's degree | Less than $30,000",BETTERPOL1F1I_W36,3,"0.285022,0.455463,0.259515"
base,EDUCATIONxINCOME,"EDUCATIONxINCOME :: College graduate/some postgrad | $100,000 or more",BETTERPOL1F1I_W36,3,"0.320396,0.466174,0.213430"
base,EDUCATIONxINCOME,"EDUCATIONxINCOME :: College graduate/some postgrad | $30,000-$50,000",BETTERPOL1F1I_W36,3,"0.285383,0.470517,0.244101"
base,EDUCATIONxINCOME,"EDUCATIONxINCOME :: College graduate/some postgrad | $50,000-$75,000",BETTERPOL1F1I_W36,3,"0.287542,0.474077,0.238381"
base,EDUCATIONxINCOME,"EDUCATIONxINCOME :: College graduate/some postgrad | $75,000-$100,000",BETTERPOL1F1I_W36,3,"0.289667,0.477580,0.232754"
base,EDUCATIONxINCOME,"EDUCATIONxINCOME :: College graduate/some postgrad | Less than $30,000",BETTERPOL1F1I_W36,3,"0.287542,0.474077,0.238381"
base,EDUCATIONxINCOME,EDUCATIONxINCOME :: College graduate/some postgrad | Refused,BETTERPOL1F1I_W36,3,"0.274189,0.424673,0.301138"
base,EDUCATIONxINCOME,"EDUCATIONxINCOME :: High school graduate | $100,000 or more",BETTERPOL1F1I_W36,3,"0.337716,0.407363,0.254921"
base,EDUCATIONxINCOME,"EDUCATIONxINCOME :: High school graduate | $30,000-$50,000",BETTERPOL1F1I_W36,3,"0.306225,0.431847,0.261928"
base,EDUCATIONxINCOME,"EDUCATIONxINCOME :: High school graduate | $50,000-$75,000",BETTERPOL1F1I_W36,3,"0.303700,0.428286,0.268014"
base,EDUCATIONxINCOME,"EDUCATIONxINCOME :: High school graduate | $75,000-$100,000",BETTERPOL1F1I_W36,3,"0.315422,0.431130,0.253448"
base,EDUCATIONxINCOME,"EDUCATIONxINCOME :: High school graduate | Less than $30,000",BETTERPOL1F1I_W36,3,"0.310349,0.424196,0.265455"
base,EDUCATIONxINCOME,"EDUCATIONxINCOME :: Less than high school | Less than $30,000",BETTERPOL1F1I_W36,3,"0.333404,0.414929,0.251667"
base,EDUCATIONxINCOME,"EDUCATIONxINCOME :: Postgraduate | $100,000 or more",BETTERPOL1F1I_W36,3,"0.306888,0.446520,0.246592"
base,EDUCATIONxINCOME,"EDUCATIONxINCOME :: Postgraduate | $30,000-$50,000",BETTERPOL1F1I_W36,3,"0.264075,0.463467,0.272458"
base,EDUCATIONxINCOME,"EDUCATIONxINCOME :: Postgraduate | $50,000-$75,000",BETTERPOL1F1I_W36,3,"0.267895,0.455705,0.276399"
base,EDUCATIONxINCOME,"EDUCATIONxINCOME :: Postgraduate | $75,000-$100,000",BETTERPOL1F1I_W36,3,"0.268508,0.471246,0.260247"
base,EDUCATIONxINCOME,"EDUCATIONxINCOME :: Postgraduate | Less than $30,000",BETTERPOL1F1I_W36,3,"0.274069,0.451863,0.274069"
base,EDUCATIONxINCOME,EDUCATIONxINCOME :: Postgraduate | Refused,BETTERPOL1F1I_W36,3,"0.263619,0.408301,0.328079"
base,EDUCATIONxINCOME,"EDUCATIONxINCOME :: Some college, no degree | $100,000 or more",BETTERPOL1F1I_W36,3,"0.313575,0.442212,0.244213"
base,EDUCATIONxINCOME,"EDUCATIONxINCOME :: Some college, no degree | $30,000-$50,000",BETTERPOL1F1I_W36,3,"0.285022,0.455463,0.259515"
base,EDUCATIONxINCOME,"EDUCATIONxINCOME :: Some college, no degree | $50,000-$75,000",BETTERPOL1F1I_W36,3,"0.282693,0.451742,0.265565"
base,EDUCATIONxINCOME,"EDUCATIONxINCOME :: Some college, no degree | $75,000-$100,000",BETTERPOL1F1I_W36,3,"0.291432,0.451379,0.257188"
base,EDUCATIONxINCOME,"EDUCATIONxINCOME :: Some college, no degree | Less than $30,000",BETTERPOL1F1I_W36,3,"0.277933,0.444135,0.277933"
base,EDUCATIONxINCOME,"EDUCATIONxINCOME :: Some college, no degree | Refused",BETTERPOL1F1I_W36,3,"0.261372,0.392366,0.346262"
base,EDUCATIONxINCOME,"EDUCATIONxINCOME :: Associate's degree | $100,000 or more",CONFf_W42,4,"0.242221,0.311018,0.375160,0.071600"
base,EDUCATIONxINCOME,"EDUCATIONxINCOME :: Associate's degree | $30,000-$50,000",CONFf_W42,4,"0.147106,0.311423,0.467502,0.073969"
base,EDUCATIONxINCOME,"EDUCATIONxINCOME :: Associate's degree | $50,000-$75,000",CONFf_W42,4,"0.169306,0.347394,0.419038,0.064261"
base,EDUCATIONxINCOME,"EDUCATIONxINCOME :: Associate's degree | $75,000-$100,000",CONFf_W42,4,"0.195295,0.364860,0.376442,0.063403"
base,EDUCATIONxINCOME,"EDUCATIONxINCOME :: Associate's degree | Less than $30,000",CONFf_W42,4,"0.153043,0.252325,0.501808,0.092825"
base,EDUCATIONxINCOME,"EDUCATIONxINCOME :: College graduate/some postgrad | $100,000 or more",CONFf_W42,4,"0.255186,0.338066,0.338066,0.068682"
base,EDUCATIONxINCOME,"EDUCATIONxINCOME :: College graduate/some postgrad | $30,000-$50,000",CONFf_W42,4,"0.149869,0.327345,0.447427,0.075359"
base,EDUCATIONxINCOME,"EDUCATIONxINCOME :: College graduate/some postgrad | $50,000-$75,000",CONFf_W42,4,"0.178075,0.365385,0.388951,0.067589"
base,EDUCATIONxINCOME,"EDUCATIONxINCOME :: College graduate/some postgrad | $75,000-$100,000",CONFf_W42,4,"0.196770,0.367614,0.367614,0.068002"
base,EDUCATIONxINCOME,"EDUCATIONxINCOME :: College graduate/some postgrad | Less than $30,000",CONFf_W42,4,"0.135338,0.252844,0.518802,0.093016"
base,EDUCATIONxINCOME,"EDUCATIONxINCOME :: High school graduate | $100,000 or more",CONFf_W42,4,"0.188174,0.257203,0.465735,0.088887"
base,EDUCATIONxINCOME,"EDUCATIONxINCOME :: High school graduate | $30,000-$50,000",CONFf_W42,4,"0.120990,0.248255,0.542238,0.088518"
base,EDUCATIONxINCOME,"EDUCATIONxINCOME :: High school graduate | $50,000-$75,000",CONFf_W42,4,"0.140328,0.297075,0.489795,0.072801"
base,EDUCATIONxINCOME,"EDUCATIONxINCOME :: High school graduate | $75,000-$100,000",CONFf_W42,4,"0.161174,0.310670,0.452023,0.076133"
base,EDUCATIONxINCOME,"EDUCATIONxINCOME :: High school graduate | Less than $30,000",CONFf_W42,4,"0.121626,0.194357,0.562391,0.121626"
base,EDUCATIONxINCOME,EDUCATIONxINCOME :: High school graduate | Refused,CONFf_W42,4,"0.147797,0.167476,0.532238,0.152489"
base,EDUCATIONxINCOME,"EDUCATIONxINCOME :: Less than high school | $30,000-$50,000",CONFf_W42,4,"0.112385,0.197242,0.570739,0.119633"
base,EDUCATIONxINCOME,"EDUCATIONxINCOME :: Less than high school | Less than $30,000",CONFf_W42,4,"0.116057,0.149021,0.571255,0.163667"
base,EDUCATIONxINCOME,"EDUCATIONxINCOME :: Postgraduate | $100,000 or more",CONFf_W42,4,"0.302845,0.302845,0.322377,0.071932"
base,EDUCATIONxINCOME,"EDUCATIONxINCOME :: Postgraduate | $30,000-$50,000",CONFf_W42,4,"0.201358,0.321768,0.400447,0.076427"
base,EDUCATIONxINCOME,"EDUCATIONxINCOME :: Postgraduate | $50,000-$75,000",CONFf_W42,4,"0.219698,0.351077,0.362221,0.067004"
base,EDUCATIONxINCOME,"EDUCATIONxINCOME :: Postgraduate | $75,000-$100,000",CONFf_W42,4,"0.258786,0.353718,0.322064,0.065431"
base,EDUCATIONxINCOME,"EDUCATIONxINCOME :: Postgraduate | Less than $30,000",CONFf_W42,4,"0.173577,0.252553,0.471830,0.102040"
base,EDUCATIONxINCOME,"EDUCATIONxINCOME :: Some college, no degree | $100,000 or more",CONFf_W42,4,"0.187714,0.290737,0.450302,0.071248"
base,EDUCATIONxINCOME,"EDUCATIONxINCOME :: Some college, no degree | $30,000-$50,000",CONFf_W42,4,"0.123384,0.253168,0.535956,0.087492"
base,EDUCATIONxINCOME,"EDUCATIONxINCOME :: Some college, no degree | $50,000-$75,000",CONFf_W42,4,"0.142476,0.301621,0.481988,0.073915"
base,EDUCATIONxINCOME,"EDUCATIONxINCOME :: Some college, no degree | $75,000-$100,000",CONFf_W42,4,"0.157725,0.313673,0.456391,0.072212"
base,EDUCATIONxINCOME,"EDUCATIONxINCOME :: Some college, no degree | Less than $30,000",CONFf_W42,4,"0.130930,0.215867,0.551235,0.101968"
base,EDUCATIONxINCOME,"EDUCATIONxINCOME :: Some college, no degree | Refused",CONFf_W42,4,"0.160596,0.187756,0.526575,0.125073"
base,EDUCATIONxINCOME,"EDUCATIONxINCOME :: Associate's degree | $100,000 or more",EAT3I_W34,2,"0.665411,0.334589"
base,EDUCATIONxINCOME,"EDUCATIONxINCOME :: Associate's degree | $30,000-$50,000",EAT3I_W34,2,"0.651355,0.348645"
base,EDUCATIONxINCOME,"EDUCATIONxINCOME :: Associate's degree | $50,000-$75,000",EAT3I_W34,2,"0.685949,0.314051"
base,EDUCATIONxINCOME,"EDUCATIONxINCOME :: Associate's degree | $75,000-$100,000",EAT3I_W34,2,"0.699254,0.300746"
base,EDUCATIONxINCOME,"EDUCATIONxINCOME :: Associate's degree | Less than $30,000",EAT3I_W34,2,"0.665411,0.334589"
base,EDUCATIONxINCOME,"EDUCATIONxINCOME :: College graduate/some postgrad | $100,000 or more",EAT3I_W34,2,"0.658418,0.341583"
base,EDUCATIONxINCOME,"EDUCATIONxINCOME :: College graduate/some postgrad | $30,000-$50,000",EAT3I_W34,2,"0.622459,0.377541"
base,EDUCATIONxINCOME,"EDUCATIONxINCOME :: College graduate/some postgrad | $50,000-$75,000",EAT3I_W34,2,"0.658418,0.341583"
base,EDUCATIONxINCOME,"EDUCATIONxINCOME :: College graduate/some postgrad | $75,000-$100,000",EAT3I_W34,2,"0.665411,0.334589"
base,EDUCATIONxINCOME,"EDUCATIONxINCOME :: College graduate/some postgrad | Less than $30,000",EAT3I_W34,2,"0.629775,0.370225"
base,EDUCATIONxINCOME,"EDUCATIONxINCOME :: High school graduate | $100,000 or more",EAT3I_W34,2,"0.685949,0.314051"
base,EDUCATIONxINCOME,"EDUCATIONxINCOME :: High school graduate | $30,000-$50,000",EAT3I_W34,2,"0.679179,0.320821"
base,EDUCATIONxINCOME,"EDUCATIONxINCOME :: High school graduate | $50,000-$75,000",EAT3I_W34,2,"0.699254,0.300746"
base,EDUCATIONxINCOME,"EDUCATIONxINCOME :: High school graduate | $75,000-$100,000",EAT3I_W34,2,"0.712232,0.287768"
base,EDUCATIONxINCOME,"EDUCATIONxINCOME :: High school graduate | Less than $30,000",EAT3I_W34,2,"0.692642,0.307358"
base,EDUCATIONxINCOME,"EDUCATIONxINCOME :: Less than high school | Less than $30,000",EAT3I_W34,2,"0.592667,0.407333"
base,EDUCATIONxINCOME,"EDUCATIONxINCOME :: Postgraduate | $100,000 or more",EAT3I_W34,2,"0.665411,0.334589"
base,EDUCATIONxINCOME,"EDUCATIONxINCOME :: Postgraduate | $30,000-$50,000",EAT3I_W34,2,"0.658418,0.341583"
base,EDUCATIONxINCOME,"EDUCATIONxINCOME :: Postgraduate | $50,000-$75,000",EAT3I_W34,2,"0.679179,0.320821"
base,EDUCATIONxINCOME,"EDUCATIONxINCOME :: Postgraduate | $75,000-$100,000",EAT3I_W34,2,"0.692642,0.307358"
base,EDUCATIONxINCOME,"EDUCATIONxINCOME :: Postgraduate | Less than $30,000",EAT3I_W34,2,"0.658418,0.341583"
base,EDUCATIONxINCOME,"EDUCATIONxINCOME :: Some college, no degree | $100,000 or more",EAT3I_W34,2,"0.672332,0.327668"
base,EDUCATIONxINCOME,"EDUCATIONxINCOME :: Some college, no degree | $30,000-$50,000",EAT3I_W34,2,"0.651355,0.348645"
base,EDUCATIONxINCOME,"EDUCATIONxINCOME :: Some college, no degree | $50,000-$75,000",EAT3I_W34,2,"0.679179,0.320821"
base,EDUCATIONxINCOME,"EDUCATIONxINCOME :: Some college, no degree | $75,000-$100,000",EAT3I_W34,2,"0.692642,0.307358"
base,EDUCATIONxINCOME,"EDUCATIONxINCOME :: Some college, no degree | Less than $30,000",EAT3I_W34,2,"0.658418,0.341583"
base,EDUCATIONxINCOME,"EDUCATIONxINCOME :: Associate's degree | $100,000 or more",EAT5A_W34,4,"0.069655,0.440234,0.426689,0.063422"
base,EDUCATIONxINCOME,"EDUCATIONxINCOME :: Associate's degree | $30,000-$50,000",EAT5A_W34,4,"0.067531,0.483635,0.400948,0.047886"
base,EDUCATIONxINCOME,"EDUCATIONxINCOME :: Associate's degree | $50,000-$75,000",EAT5A_W34,4,"0.062824,0.494151,0.397061,0.045963"
base,EDUCATIONxINCOME,"EDUCATIONxINCOME :: Associate's degree | $75,000-$100,000",EAT5A_W34,4,"0.062913,0.494851,0.397624,0.044612"
base,EDUCATIONxINCOME,"EDUCATIONxINCOME :: Associate's degree | Less than $30,000",EAT5A_W34,4,"0.065422,0.468532,0.413478,0.052568"
base,EDUCATIONxINCOME,"EDUCATIONxINCOME :: College graduate/some postgrad | $100,000 or more",EAT5A_W34,4,"0.079971,0.489882,0.369782,0.060365"
base,EDUCATIONxINCOME,"EDUCATIONxINCOME :: College graduate/some postgrad | $30,000-$50,000",EAT5A_W34,4,"0.073423,0.525834,0.350281,0.050463"
base,EDUCATIONxINCOME,"EDUCATIONxINCOME :: College graduate/some postgrad | $50,000-$75,000",EAT5A_W34,4,"0.068347,0.537587,0.347092,0.046974"
base,EDUCATIONxINCOME,"EDUCATIONxINCOME :: College graduate/some postgrad | $75,000-$100,000",EAT5A_W34,4,"0.070363,0.536423,0.346341,0.046872"
base,EDUCATIONxINCOME,"EDUCATIONxINCOME :: College graduate/some postgrad | Less than $30,000",EAT5A_W34,4,"0.072597,0.503924,0.368679,0.054799"
base,EDUCATIONxINCOME,"EDUCATIONxINCOME :: High school graduate | $100,000 or more",EAT5A_W34,4,"0.085472,0.420710,0.420710,0.073108"
base,EDUCATIONxINCOME,"EDUCATIONxINCOME :: High school graduate | $30,000-$50,000",EAT5A_W34,4,"0.079702,0.473213,0.392307,0.054778"
base,EDUCATIONxINCOME,"EDUCATIONxINCOME :: High school graduate | $50,000-$75,000",EAT5A_W34,4,"0.073336,0.478211,0.396450,0.052003"
base,EDUCATIONxINCOME,"EDUCATIONxINCOME :: High school graduate | $75,000-$100,000",EAT5A_W34,4,"0.074362,0.484901,0.389629,0.051108"
base,EDUCATIONxINCOME,"EDUCATIONxINCOME :: High school graduate | Less than $30,000",EAT5A_W34,4,"0.078139,0.449657,0.409418,0.062786"
base,EDUCATIONxINCOME,"EDUCATIONxINCOME :: Less than high school | Less than $30,000",EAT5A_W34,4,"0.080096,0.446740,0.406762,0.066402"
base,EDUCATIONxINCOME,"EDUCATIONxINCOME :: Postgraduate | $100,000 or more",EAT5A_W34,4,"0.077186,0.458275,0.404426,0.060113"
base,EDUCATIONxINCOME,"EDUCATIONxINCOME :: Postgraduate | $30,000-$50,000",EAT5A_W34,4,"0.075501,0.492327,0.383425,0.048747"
base,EDUCATIONxINCOME,"EDUCATIONxINCOME :: Postgraduate | $50,000-$75,000",EAT5A_W34,4,"0.069517,0.497863,0.387736,0.044884"
base,EDUCATIONxINCOME,"EDUCATIONxINCOME :: Postgraduate | $75,000-$100,000",EAT5A_W34,4,"0.072428,0.502751,0.379496,0.045324"
base,EDUCATIONxINCOME,"EDUCATIONxINCOME :: Postgraduate | Less than $30,000",EAT5A_W34,4,"0.070353,0.473322,0.404854,0.051471"
base,EDUCATIONxINCOME,"EDUCATIONxINCOME :: Some college, no degree | $100,000 or more",EAT5A_W34,4,"0.082088,0.472383,0.379570,0.065959"
base,EDUCATIONxINCOME,"EDUCATIONxINCOME :: Some college, no degree | $30,000-$50,000",EAT5A_W34,4,"0.073556,0.510577,0.362053,0.053814"
base,EDUCATIONxINCOME,"EDUCATIONxINCOME :: Some college, no degree | $50,000-$75,000",EAT5A_W34,4,"0.069636,0.514548,0.364869,0.050947"
base,EDUCATIONxINCOME,"EDUCATIONxINCOME :: Some college, no degree | $75,000-$100,000",EAT5A_W34,4,"0.071688,0.513413,0.364064,0.050835"
base,EDUCATIONxINCOME,"EDUCATIONxINCOME :: Some college, no degree | Less than $30,000",EAT5A_W34,4,"0.076026,0.480497,0.386090,0.057387"
base,EDUCATIONxINCOME,"EDUCATIONxINCOME :: Associate's degree | $100,000 or more",ECON3_i_W54,4,"0.243491,0.228739,0.401449,0.126321"
base,EDUCATIONxINCOME,"EDUCATIONxINCOME :: Associate's degree | $30,000-$50,000",ECON3_i_W54,4,"0.198895,0.263493,0.434427,0.103185"
base,EDUCATIONxINCOME,"EDUCATIONxINCOME :: Associate's degree | $50,000-$75,000",ECON3_i_W54,4,"0.201767,0.275783,0.427141,0.095308"
base,EDUCATIONxINCOME,"EDUCATIONxINCOME :: Associate's degree | $75,000-$100,000",ECON3_i_W54,4,"0.217580,0.279378,0.406492,0.096550"
base,EDUCATIONxINCOME,"EDUCATIONxINCOME :: Associate's degree | Less than $30,000",ECON3_i_W54,4,"0.215624,0.229531,0.415627,0.139218"
base,EDUCATIONxINCOME,EDUCATIONxINCOME :: Associate's degree | Refused,ECON3_i_W54,4,"0.237810,0.191086,0.380019,0.191086"
base,EDUCATIONxINCOME,"EDUCATIONxINCOME :: College graduate/some postgrad | $100,000 or more",ECON3_i_W54,4,"0.253490,0.253490,0.380534,0.112486"
base,EDUCATIONxINCOME,"EDUCATIONxINCOME :: College graduate/some postgrad | $30,000-$50,000",ECON3_i_W54,4,"0.203829,0.278602,0.418231,0.099338"
base,EDUCATIONxINCOME,"EDUCATIONxINCOME :: College graduate/some postgrad | $50,000-$75,000",ECON3_i_W54,4,"0.209737,0.295777,0.404279,0.090207"
base,EDUCATIONxINCOME,"EDUCATIONxINCOME :: College graduate/some postgrad | $75,000-$100,000",ECON3_i_W54,4,"0.232705,0.289607,0.383666,0.094022"
base,EDUCATIONxINCOME,"EDUCATIONxINCOME :: College graduate/some postgrad | Less than $30,000",ECON3_i_W54,4,"0.213380,0.241791,0.411300,0.133530"
base,EDUCATIONxINCOME,EDUCATIONxINCOME :: College graduate/some postgrad | Refused,ECON3_i_W54,4,"0.212948,0.200046,0.410467,0.176540"
base,EDUCATIONxINCOME,"EDUCATIONxINCOME :: High school graduate | $100,000 or more",ECON3_i_W54,4,"0.230040,0.209454,0.416550,0.143956"
base,EDUCATIONxINCOME,"EDUCATIONxINCOME :: High school graduate | $30,000-$50,000",ECON3_i_W54,4,"0.185024,0.237576,0.457939,0.119461"
base,EDUCATIONxINCOME,"EDUCATIONxINCOME :: High school graduate | $50,000-$75,000",ECON3_i_W54,4,"0.194910,0.258214,0.439237,0.107640"
base,EDUCATIONxINCOME,"EDUCATIONxINCOME :: High school graduate | $75,000-$100,000",ECON3_i_W54,4,"0.210435,0.261891,0.418501,0.109172"
base,EDUCATIONxINCOME,"EDUCATIONxINCOME :: High school graduate | Less than $30,000",ECON3_i_W54,4,"0.204880,0.204880,0.420387,0.169852"
base,EDUCATIONxINCOME,EDUCATIONxINCOME :: High school graduate | Refused,ECON3_i_W54,4,"0.218378,0.181042,0.395432,0.205147"
base,EDUCATIONxINCOME,"EDUCATIONxINCOME :: Less than high school | $30,000-$50,000",ECON3_i_W54,4,"0.203071,0.223030,0.429901,0.143999"
base,EDUCATIONxINCOME,"EDUCATIONxINCOME :: Less than high school | Less than $30,000",ECON3_i_W54,4,"0.222574,0.190377,0.390629,0.196420"
base,EDUCATIONxINCOME,"EDUCATIONxINCOME :: Postgraduate | $100,000 or more",ECON3_i_W54,4,"0.270777,0.238959,0.370108,0.120156"
base,EDUCATIONxINCOME,"EDUCATIONxINCOME :: Postgraduate | $30,000-$50,000",ECON3_i_W54,4,"0.213495,0.274133,0.411523,0.100848"
base,EDUCATIONxINCOME,"EDUCATIONxINCOME :: Postgraduate | $50,000-$75,000",ECON3_i_W54,4,"0.221648,0.284602,0.401353,0.092397"
base,EDUCATIONxINCOME,"EDUCATIONxINCOME :: Postgraduate | $75,000-$100,000",ECON3_i_W54,4,"0.238332,0.287483,0.380853,0.093332"
base,EDUCATIONxINCOME,"EDUCATIONxINCOME :: Postgraduate | Less than $30,000",ECON3_i_W54,4,"0.229274,0.229274,0.402389,0.139062"
base,EDUCATIONxINCOME,EDUCATIONxINCOME :: Postgraduate | Refused,ECON3_i_W54,4,"0.240242,0.187100,0.360645,0.212013"
base,EDUCATIONxINCOME,"EDUCATIONxINCOME :: Some college, no degree | $100,000 or more",ECON3_i_W54,4,"0.233083,0.233083,0.409074,0.124760"
base,EDUCATIONxINCOME,"EDUCATIONxINCOME :: Some college, no degree | $30,000-$50,000",ECON3_i_W54,4,"0.194246,0.257335,0.437741,0.110678"
base,EDUCATIONxINCOME,"EDUCATIONxINCOME :: Some college, no degree | $50,000-$75,000",ECON3_i_W54,4,"0.197245,0.269602,0.430823,0.102329"
base,EDUCATIONxINCOME,"EDUCATIONxINCOME :: Some college, no degree | $75,000-$100,000",ECON3_i_W54,4,"0.218790,0.272288,0.408753,0.100169"
base,EDUCATIONxINCOME,"EDUCATIONxINCOME :: Some college, no degree | Less than $30,000",ECON3_i_W54,4,"0.198906,0.211735,0.434451,0.154908"
base,EDUCATIONxINCOME,"EDUCATIONxINCOME :: Some college, no degree | Refused",ECON3_i_W54,4,"0.208781,0.178580,0.428391,0.184249"
base,EDUCATIONxINCOME,"EDUCATIONxINCOME :: Associate's degree | $100,000 or more",EVERSHOT_W26,2,"0.600188,0.399812"
base,EDUCATIONxINCOME,"EDUCATIONxINCOME :: Associate's degree | $30,000-$50,000",EVERSHOT_W26,2,"0.562177,0.437824"
base,EDUCATIONxINCOME,"EDUCATIONxINCOME :: Associate's degree | $50,000-$75,000",EVERSHOT_W26,2,"0.592667,0.407333"
base,EDUCATIONxINCOME,"EDUCATIONxINCOME :: Associate's degree | $75,000-$100,000",EVERSHOT_W26,2,"0.622459,0.377541"
base,EDUCATIONxINCOME,"EDUCATIONxINCOME :: Associate's degree | Less than $30,000",EVERSHOT_W26,2,"0.507812,0.492188"
base,EDUCATIONxINCOME,"EDUCATIONxINCOME :: College graduate/some postgrad | $100,000 or more",EVERSHOT_W26,2,"0.672332,0.327668"
base,EDUCATIONxINCOME,"EDUCATIONxINCOME :: College graduate/some postgrad | $30,000-$50,000",EVERSHOT_W26,2,"0.629775,0.370225"
base,EDUCATIONxINCOME,"EDUCATIONxINCOME :: College graduate/some postgrad | $50,000-$75,000",EVERSHOT_W26,2,"0.651355,0.348645"
base,EDUCATIONxINCOME,"EDUCATIONxINCOME :: College graduate/some postgrad | $75,000-$100,000",EVERSHOT_W26,2,"0.685949,0.314051"
base,EDUCATIONxINCOME,"EDUCATIONxINCOME :: College graduate/some postgrad | Less than $30,000",EVERSHOT_W26,2,"0.562177,0.437824"
base,EDUCATIONxINCOME,"EDUCATIONxINCOME :: High school graduate | $100,000 or more",EVERSHOT_W26,2,"0.554470,0.445530"
base,EDUCATIONxINCOME,"EDUCATIONxINCOME :: High school graduate | $30,000-$50,000",EVERSHOT_W26,2,"0.538983,0.461017"
base,EDUCATIONxINCOME,"EDUCATIONxINCOME :: High school graduate | $50,000-$75,000",EVERSHOT_W26,2,"0.554470,0.445530"
base,EDUCATIONxINCOME,"EDUCATIONxINCOME :: High school graduate | $75,000-$100,000",EVERSHOT_W26,2,"0.607663,0.392337"
base,EDUCATIONxINCOME,"EDUCATIONxINCOME :: High school graduate | Less than $30,000",EVERSHOT_W26,2,"0.468791,0.531209"
base,EDUCATIONxINCOME,"EDUCATIONxINCOME :: Less than high school | Less than $30,000",EVERSHOT_W26,2,"0.430147,0.569853"
base,EDUCATIONxINCOME,"EDUCATIONxINCOME :: Postgraduate | $100,000 or more",EVERSHOT_W26,2,"0.644225,0.355775"
base,EDUCATIONxINCOME,"EDUCATIONxINCOME :: Postgraduate | $30,000-$50,000",EVERSHOT_W26,2,"0.622459,0.377541"
base,EDUCATIONxINCOME,"EDUCATIONxINCOME :: Postgraduate | $50,000-$75,000",EVERSHOT_W26,2,"0.637031,0.362969"
base,EDUCATIONxINCOME,"EDUCATIONxINCOME :: Postgraduate | $75,000-$100,000",EVERSHOT_W26,2,"0.672332,0.327668"
base,EDUCATIONxINCOME,"EDUCATIONxINCOME :: Postgraduate | Less than $30,000",EVERSHOT_W26,2,"0.546738,0.453262"
base,EDUCATIONxINCOME,"EDUCATIONxINCOME :: Some college, no degree | $100,000 or more",EVERSHOT_W26,2,"0.585101,0.414899"
base,EDUCATIONxINCOME,"EDUCATIONxINCOME :: Some college, no degree | $30,000-$50,000",EVERSHOT_W26,2,"0.569853,0.430147"
base,EDUCATIONxINCOME,"EDUCATIONxINCOME :: Some college, no degree | $50,000-$75,000",EVERSHOT_W26,2,"0.592667,0.407333"
base,EDUCATIONxINCOME,"EDUCATIONxINCOME :: Some college, no degree | $75,000-$100,000",EVERSHOT_W26,2,"0.629775,0.370225"
base,EDUCATIONxINCOME,"EDUCATIONxINCOME :: Some college, no degree | Less than $30,000",EVERSHOT_W26,2,"0.515620,0.484380"
base,EDUCATIONxINCOME,"EDUCATIONxINCOME :: Associate's degree | $100,000 or more",FAMSURV29_W50,4,"0.355456,0.344520,0.215595,0.084428"
base,EDUCATIONxINCOME,"EDUCATIONxINCOME :: Associate's degree | $30,000-$50,000",FAMSURV29_W50,4,"0.190189,0.485664,0.251959,0.072188"
base,EDUCATIONxINCOME,"EDUCATIONxINCOME :: Associate's degree | $50,000-$75,000",FAMSURV29_W50,4,"0.214652,0.499080,0.228496,0.057773"
base,EDUCATIONxINCOME,"EDUCATIONxINCOME :: Associate's degree | $75,000-$100,000",FAMSURV29_W50,4,"0.262172,0.460125,0.217348,0.060355"
base,EDUCATIONxINCOME,"EDUCATIONxINCOME :: Associate's degree | Less than $30,000",FAMSURV29_W50,4,"0.193874,0.423460,0.282085,0.100581"
base,EDUCATIONxINCOME,EDUCATIONxINCOME :: Associate's degree | Refused,FAMSURV29_W50,4,"0.212969,0.340324,0.300335,0.146372"
base,EDUCATIONxINCOME,"EDUCATIONxINCOME :: College graduate/some postgrad | $100,000 or more",FAMSURV29_W50,4,"0.402564,0.344332,0.178637,0.074467"
base,EDUCATIONxINCOME,"EDUCATIONxINCOME :: College graduate/some postgrad | $30,000-$50,000",FAMSURV29_W50,4,"0.236232,0.469803,0.221919,0.072047"
base,EDUCATIONxINCOME,"EDUCATIONxINCOME :: College graduate/some postgrad | $50,000-$75,000",FAMSURV29_W50,4,"0.270056,0.473963,0.197577,0.058404"
base,EDUCATIONxINCOME,"EDUCATIONxINCOME :: College graduate/some postgrad | $75,000-$100,000",FAMSURV29_W50,4,"0.311759,0.439650,0.189091,0.059500"
base,EDUCATIONxINCOME,"EDUCATIONxINCOME :: College graduate/some postgrad | Less than $30,000",FAMSURV29_W50,4,"0.212512,0.422630,0.264475,0.100383"
base,EDUCATIONxINCOME,EDUCATIONxINCOME :: College graduate/some postgrad | Refused,FAMSURV29_W50,4,"0.243847,0.366058,0.259574,0.130522"
base,EDUCATIONxINCOME,"EDUCATIONxINCOME :: High school graduate | $100,000 or more",FAMSURV29_W50,4,"0.322467,0.343264,0.235922,0.098347"
base,EDUCATIONxINCOME,"EDUCATIONxINCOME :: High school graduate | $30,000-$50,000",FAMSURV29_W50,4,"0.170215,0.477379,0.272002,0.080404"
base,EDUCATIONxINCOME,"EDUCATIONxINCOME :: High school graduate | $50,000-$75,000",FAMSURV29_W50,4,"0.202850,0.486611,0.244683,0.065856"
base,EDUCATIONxINCOME,"EDUCATIONxINCOME :: High school graduate | $75,000-$100,000",FAMSURV29_W50,4,"0.245789,0.459195,0.230898,0.064118"
base,EDUCATIONxINCOME,"EDUCATIONxINCOME :: High school graduate | Less than $30,000",FAMSURV29_W50,4,"0.169475,0.381917,0.316621,0.131987"
base,EDUCATIONxINCOME,EDUCATIONxINCOME :: High school graduate | Refused,FAMSURV29_W50,4,"0.207994,0.332374,0.302630,0.157002"
base,EDUCATIONxINCOME,"EDUCATIONxINCOME :: Less than high school | $30,000-$50,000",FAMSURV29_W50,4,"0.151355,0.398767,0.320418,0.129461"
base,EDUCATIONxINCOME,"EDUCATIONxINCOME :: Less than high school | Less than $30,000",FAMSURV29_W50,4,"0.144596,0.270140,0.346867,0.238398"
base,EDUCATIONxINCOME,"EDUCATIONxINCOME :: Postgraduate | $100,000 or more",FAMSURV29_W50,4,"0.425843,0.292677,0.194965,0.086515"
base,EDUCATIONxINCOME,"EDUCATIONxINCOME :: Postgraduate | $30,000-$50,000",FAMSURV29_W50,4,"0.266086,0.425204,0.234820,0.073889"
base,EDUCATIONxINCOME,"EDUCATIONxINCOME :: Postgraduate | $50,000-$75,000",FAMSURV29_W50,4,"0.293869,0.427577,0.214999,0.063554"
base,EDUCATIONxINCOME,"EDUCATIONxINCOME :: Postgraduate | $75,000-$100,000",FAMSURV29_W50,4,"0.347620,0.393905,0.198068,0.060407"
base,EDUCATIONxINCOME,"EDUCATIONxINCOME :: Postgraduate | Less than $30,000",FAMSURV29_W50,4,"0.235047,0.375603,0.274797,0.114553"
base,EDUCATIONxINCOME,EDUCATIONxINCOME :: Postgraduate | Refused,FAMSURV29_W50,4,"0.228751,0.293722,0.293722,0.183806"
base,EDUCATIONxINCOME,"EDUCATIONxINCOME :: Some college, no degree | $100,000 or more",FAMSURV29_W50,4,"0.268592,0.367122,0.252319,0.111966"
base,EDUCATIONxINCOME,"EDUCATIONxINCOME :: Some college, no degree | $30,000-$50,000",FAMSURV29_W50,4,"0.164598,0.461626,0.279991,0.093785"
base,EDUCATIONxINCOME,"EDUCATIONxINCOME :: Some college, no degree | $50,000-$75,000",FAMSURV29_W50,4,"0.196088,0.470390,0.251781,0.081741"
base,EDUCATIONxINCOME,"EDUCATIONxINCOME :: Some college, no degree | $75,000-$100,000",FAMSURV29_W50,4,"0.227334,0.452107,0.241995,0.078564"
base,EDUCATIONxINCOME,"EDUCATIONxINCOME :: Some college, no degree | Less than $30,000",FAMSURV29_W50,4,"0.146905,0.375135,0.331055,0.146905"
base,EDUCATIONxINCOME,"EDUCATIONxINCOME :: Some college, no degree | Refused",FAMSURV29_W50,4,"0.189985,0.333435,0.303596,0.172984"
base,EDUCATIONxINCOME,"EDUCATIONxINCOME :: Associate's degree | $100,000 or more",FAMSURV30d_W50,3,"0.227326,0.452092,0.320581"
base,EDUCATIONxINCOME,"EDUCATIONxINCOME :: Associate's degree | $30,000-$50,000",FAMSURV30d_W50,3,"0.208415,0.532207,0.259377"
base,EDUCATIONxINCOME,"EDUCATIONxINCOME :: Associate's degree | $50,000-$75,000",FAMSURV30d_W50,3,"0.194956,0.546769,0.258275"
base,EDUCATIONxINCOME,"EDUCATIONxINCOME :: Associate's degree | $75,000-$100,000",FAMSURV30d_W50,3,"0.196652,0.534556,0.268792"
base,EDUCATIONxINCOME,"EDUCATIONxINCOME :: Associate's degree | Less than $30,000",FAMSURV30d_W50,3,"0.253555,0.459129,0.287316"
base,EDUCATIONxINCOME,EDUCATIONxINCOME :: Associate's degree | Refused,FAMSURV30d_W50,3,"0.263619,0.408301,0.328079"
base,EDUCATIONxINCOME,"EDUCATIONxINCOME :: College graduate/some postgrad | $100,000 or more",FAMSURV30d_W50,3,"0.225135,0.476610,0.298255"
base,EDUCATIONxINCOME,"EDUCATIONxINCOME :: College graduate/some postgrad | $30,000-$50,000",FAMSURV30d_W50,3,"0.213368,0.544854,0.241778"
base,EDUCATIONxINCOME,"EDUCATIONxINCOME :: College graduate/some postgrad | $50,000-$75,000",FAMSURV30d_W50,3,"0.198056,0.555460,0.246484"
base,EDUCATIONxINCOME,"EDUCATIONxINCOME :: College graduate/some postgrad | $75,000-$100,000",FAMSURV30d_W50,3,"0.196518,0.551148,0.252334"
base,EDUCATIONxINCOME,"EDUCATIONxINCOME :: College graduate/some postgrad | Less than $30,000",FAMSURV30d_W50,3,"0.250498,0.482848,0.266654"
base,EDUCATIONxINCOME,EDUCATIONxINCOME :: College graduate/some postgrad | Refused,FAMSURV30d_W50,3,"0.277819,0.417056,0.305125"
base,EDUCATIONxINCOME,"EDUCATIONxINCOME :: High school graduate | $100,000 or more",FAMSURV30d_W50,3,"0.246592,0.446520,0.306888"
base,EDUCATIONxINCOME,"EDUCATIONxINCOME :: High school graduate | $30,000-$50,000",FAMSURV30d_W50,3,"0.220652,0.529317,0.250031"
base,EDUCATIONxINCOME,"EDUCATIONxINCOME :: High school graduate | $50,000-$75,000",FAMSURV30d_W50,3,"0.199569,0.559705,0.240726"
base,EDUCATIONxINCOME,"EDUCATIONxINCOME :: High school graduate | $75,000-$100,000",FAMSURV30d_W50,3,"0.210092,0.536489,0.253419"
base,EDUCATIONxINCOME,"EDUCATIONxINCOME :: High school graduate | Less than $30,000",FAMSURV30d_W50,3,"0.270193,0.459614,0.270193"
base,EDUCATIONxINCOME,EDUCATIONxINCOME :: High school graduate | Refused,FAMSURV30d_W50,3,"0.268966,0.416582,0.314453"
base,EDUCATIONxINCOME,"EDUCATIONxINCOME :: Less than high school | $30,000-$50,000",FAMSURV30d_W50,3,"0.256411,0.479039,0.264550"
base,EDUCATIONxINCOME,"EDUCATIONxINCOME :: Less than high school | Less than $30,000",FAMSURV30d_W50,3,"0.309091,0.409479,0.281430"
base,EDUCATIONxINCOME,"EDUCATIONxINCOME :: Postgraduate | $100,000 or more",FAMSURV30d_W50,3,"0.233728,0.436662,0.329610"
base,EDUCATIONxINCOME,"EDUCATIONxINCOME :: Postgraduate | $30,000-$50,000",FAMSURV30d_W50,3,"0.216962,0.504453,0.278585"
base,EDUCATIONxINCOME,"EDUCATIONxINCOME :: Postgraduate | $50,000-$75,000",FAMSURV30d_W50,3,"0.199941,0.526773,0.273286"
base,EDUCATIONxINCOME,"EDUCATIONxINCOME :: Postgraduate | $75,000-$100,000",FAMSURV30d_W50,3,"0.201458,0.514441,0.284101"
base,EDUCATIONxINCOME,"EDUCATIONxINCOME :: Postgraduate | Less than $30,000",FAMSURV30d_W50,3,"0.258386,0.439530,0.302084"
base,EDUCATIONxINCOME,"EDUCATIONxINCOME :: Some college, no degree | $100,000 or more",FAMSURV30d_W50,3,"0.259515,0.455463,0.285022"
base,EDUCATIONxINCOME,"EDUCATIONxINCOME :: Some college, no degree | $30,000-$50,000",FAMSURV30d_W50,3,"0.248292,0.525635,0.226073"
base,EDUCATIONxINCOME,"EDUCATIONxINCOME :: Some college, no degree | $50,000-$75,000",FAMSURV30d_W50,3,"0.236811,0.533663,0.229526"
base,EDUCATIONxINCOME,"EDUCATIONxINCOME :: Some college, no degree | $75,000-$100,000",FAMSURV30d_W50,3,"0.233357,0.525878,0.240765"
base,EDUCATIONxINCOME,"EDUCATIONxINCOME :: Some college, no degree | Less than $30,000",FAMSURV30d_W50,3,"0.297927,0.447242,0.254831"
base,EDUCATIONxINCOME,"EDUCATIONxINCOME :: Associate's degree | $100,000 or more",FEDSHAREB_W32,3,"0.382426,0.370660,0.246913"
base,EDUCATIONxINCOME,"EDUCATIONxINCOME :: Associate's degree | $30,000-$50,000",FEDSHAREB_W32,3,"0.358992,0.394276,0.246732"
base,EDUCATIONxINCOME,"EDUCATIONxINCOME :: Associate's degree | $50,000-$75,000",FEDSHAREB_W32,3,"0.353369,0.388100,0.258530"
base,EDUCATIONxINCOME,"EDUCATIONxINCOME :: Associate's degree | $75,000-$100,000",FEDSHAREB_W32,3,"0.357640,0.380706,0.261655"
base,EDUCATIONxINCOME,"EDUCATIONxINCOME :: Associate's degree | Less than $30,000",FEDSHAREB_W32,3,"0.379611,0.404094,0.216296"
base,EDUCATIONxINCOME,"EDUCATIONxINCOME :: College graduate/some postgrad | $100,000 or more",FEDSHAREB_W32,3,"0.395682,0.371709,0.232609"
base,EDUCATIONxINCOME,"EDUCATIONxINCOME :: College graduate/some postgrad | $30,000-$50,000",FEDSHAREB_W32,3,"0.373498,0.385354,0.241148"
base,EDUCATIONxINCOME,"EDUCATIONxINCOME :: College graduate/some postgrad | $50,000-$75,000",FEDSHAREB_W32,3,"0.370660,0.382426,0.246913"
base,EDUCATIONxINCOME,"EDUCATIONxINCOME :: College graduate/some postgrad | $75,000-$100,000",FEDSHAREB_W32,3,"0.377979,0.377979,0.244042"
base,EDUCATIONxINCOME,"EDUCATIONxINCOME :: College graduate/some postgrad | Less than $30,000",FEDSHAREB_W32,3,"0.404520,0.392074,0.203405"
base,EDUCATIONxINCOME,EDUCATIONxINCOME :: College graduate/some postgrad | Refused,FEDSHAREB_W32,3,"0.418166,0.336006,0.245827"
base,EDUCATIONxINCOME,"EDUCATIONxINCOME :: High school graduate | $100,000 or more",FEDSHAREB_W32,3,"0.403178,0.367098,0.229724"
base,EDUCATIONxINCOME,"EDUCATIONxINCOME :: High school graduate | $30,000-$50,000",FEDSHAREB_W32,3,"0.379036,0.391068,0.229897"
base,EDUCATIONxINCOME,"EDUCATIONxINCOME :: High school graduate | $50,000-$75,000",FEDSHAREB_W32,3,"0.383652,0.383652,0.232697"
base,EDUCATIONxINCOME,"EDUCATIONxINCOME :: High school graduate | $75,000-$100,000",FEDSHAREB_W32,3,"0.385354,0.373498,0.241148"
base,EDUCATIONxINCOME,"EDUCATIONxINCOME :: High school graduate | Less than $30,000",FEDSHAREB_W32,3,"0.402033,0.402033,0.195935"
base,EDUCATIONxINCOME,"EDUCATIONxINCOME :: Less than high school | $30,000-$50,000",FEDSHAREB_W32,3,"0.394437,0.394437,0.211127"
base,EDUCATIONxINCOME,"EDUCATIONxINCOME :: Less than high school | Less than $30,000",FEDSHAREB_W32,3,"0.412020,0.399343,0.188637"
base,EDUCATIONxINCOME,"EDUCATIONxINCOME :: Postgraduate | $100,000 or more",FEDSHAREB_W32,3,"0.406194,0.347436,0.246369"
base,EDUCATIONxINCOME,"EDUCATIONxINCOME :: Postgraduate | $30,000-$50,000",FEDSHAREB_W32,3,"0.386838,0.363401,0.249761"
base,EDUCATIONxINCOME,"EDUCATIONxINCOME :: Postgraduate | $50,000-$75,000",FEDSHAREB_W32,3,"0.376432,0.364850,0.258718"
base,EDUCATIONxINCOME,"EDUCATIONxINCOME :: Postgraduate | $75,000-$100,000",FEDSHAREB_W32,3,"0.388100,0.353369,0.258530"
base,EDUCATIONxINCOME,"EDUCATIONxINCOME :: Postgraduate | Less than $30,000",FEDSHAREB_W32,3,"0.404094,0.379611,0.216296"
base,EDUCATIONxINCOME,EDUCATIONxINCOME :: Postgraduate | Refused,FEDSHAREB_W32,3,"0.408301,0.328079,0.263619"
base,EDUCATIONxINCOME,"EDUCATIONxINCOME :: Some college, no degree | $100,000 or more",FEDSHAREB_W32,3,"0.386418,0.386418,0.227164"
base,EDUCATIONxINCOME,"EDUCATIONxINCOME :: Some college, no degree | $30,000-$50,000",FEDSHAREB_W32,3,"0.376290,0.388234,0.235476"
base,EDUCATIONxINCOME,"EDUCATIONxINCOME :: Some college, no degree | $50,000-$75,000",FEDSHAREB_W32,3,"0.373498,0.385354,0.241148"
base,EDUCATIONxINCOME,"EDUCATIONxINCOME :: Some college, no degree | $75,000-$100,000",FEDSHAREB_W32,3,"0.377979,0.377979,0.244042"
base,EDUCATIONxINCOME,"EDUCATIONxINCOME :: Some college, no degree | Less than $30,000",FEDSHAREB_W32,3,"0.386998,0.399282,0.213720"
base,EDUCATIONxINCOME,"EDUCATIONxINCOME :: Some college, no degree | Refused",FEDSHAREB_W32,3,"0.395547,0.349069,0.255384"
base,EDUCATIONxINCOME,"EDUCATIONxINCOME :: Associate's degree | $100,000 or more",FINANCEb_W54,2,"0.658418,0.341583"
base,EDUCATIONxINCOME,"EDUCATIONxINCOME :: Associate's degree | $30,000-$50,000",FINANCEb_W54,2,"0.538983,0.461017"
base,EDUCATIONxINCOME,"EDUCATIONxINCOME :: Associate's degree | $50,000-$75,000",FINANCEb_W54,2,"0.622459,0.377541"
base,EDUCATIONxINCOME,"EDUCATIONxINCOME :: Associate's degree | $75,000-$100,000",FINANCEb_W54,2,"0.685949,0.314051"
base,EDUCATIONxINCOME,"EDUCATIONxINCOME :: Associate's degree | Less than $30,000",FINANCEb_W54,2,"0.437824,0.562177"
base,EDUCATIONxINCOME,EDUCATIONxINCOME :: Associate's degree | Refused,FINANCEb_W54,2,"0.341583,0.658418"
base,EDUCATIONxINCOME,"EDUCATIONxINCOME :: College graduate/some postgrad | $100,000 or more",FINANCEb_W54,2,"0.718594,0.281406"
base,EDUCATIONxINCOME,"EDUCATIONxINCOME :: College graduate/some postgrad | $30,000-$50,000",FINANCEb_W54,2,"0.607663,0.392337"
base,EDUCATIONxINCOME,"EDUCATIONxINCOME :: College graduate/some postgrad | $50,000-$75,000",FINANCEb_W54,2,"0.692642,0.307358"
base,EDUCATIONxINCOME,"EDUCATIONxINCOME :: College graduate/some postgrad | $75,000-$100,000",FINANCEb_W54,2,"0.737158,0.262842"
base,EDUCATIONxINCOME,"EDUCATIONxINCOME :: College graduate/some postgrad | Less than $30,000",FINANCEb_W54,2,"0.461017,0.538983"
base,EDUCATIONxINCOME,EDUCATIONxINCOME :: College graduate/some postgrad | Refused,FINANCEb_W54,2,"0.348645,0.651355"
base,EDUCATIONxINCOME,"EDUCATIONxINCOME :: High school graduate | $100,000 or more",FINANCEb_W54,2,"0.538983,0.461017"
base,EDUCATIONxINCOME,"EDUCATIONxINCOME :: High school graduate | $30,000-$50,000",FINANCEb_W54,2,"0.453262,0.546738"
base,EDUCATIONxINCOME,"EDUCATIONxINCOME :: High school graduate | $50,000-$75,000",FINANCEb_W54,2,"0.515620,0.484380"
base,EDUCATIONxINCOME,"EDUCATIONxINCOME :: High school graduate | $75,000-$100,000",FINANCEb_W54,2,"0.577495,0.422505"
base,EDUCATIONxINCOME,"EDUCATIONxINCOME :: High school graduate | Less than $30,000",FINANCEb_W54,2,"0.355775,0.644225"
base,EDUCATIONxINCOME,EDUCATIONxINCOME :: High school graduate | Refused,FINANCEb_W54,2,"0.287768,0.712232"
base,EDUCATIONxINCOME,"EDUCATIONxINCOME :: Less than high school | $30,000-$50,000",FINANCEb_W54,2,"0.370225,0.629775"
base,EDUCATIONxINCOME,"EDUCATIONxINCOME :: Less than high school | Less than $30,000",FINANCEb_W54,2,"0.275130,0.724870"
base,EDUCATIONxINCOME,"EDUCATIONxINCOME :: Postgraduate | $100,000 or more",FINANCEb_W54,2,"0.672332,0.327668"
base,EDUCATIONxINCOME,"EDUCATIONxINCOME :: Postgraduate | $30,000-$50,000",FINANCEb_W54,2,"0.600188,0.399812"
base,EDUCATIONxINCOME,"EDUCATIONxINCOME :: Postgraduate | $50,000-$75,000",FINANCEb_W54,2,"0.665411,0.334589"
base,EDUCATIONxINCOME,"EDUCATIONxINCOME :: Postgraduate | $75,000-$100,000",FINANCEb_W54,2,"0.718594,0.281406"
base,EDUCATIONxINCOME,"EDUCATIONxINCOME :: Postgraduate | Less than $30,000",FINANCEb_W54,2,"0.453262,0.546738"
base,EDUCATIONxINCOME,EDUCATIONxINCOME :: Postgraduate | Refused,FINANCEb_W54,2,"0.327668,0.672332"
base,EDUCATIONxINCOME,"EDUCATIONxINCOME :: Some college, no degree | $100,000 or more",FINANCEb_W54,2,"0.569853,0.430147"
base,EDUCATIONxINCOME,"EDUCATIONxINCOME :: Some college, no degree | $30,000-$50,000",FINANCEb_W54,2,"0.468791,0.531209"
base,EDUCATIONxINCOME,"EDUCATIONxINCOME :: Some college, no degree | $50,000-$75,000",FINANCEb_W54,2,"0.538983,0.461017"
base,EDUCATIONxINCOME,"EDUCATIONxINCOME :: Some college, no degree | $75,000-$100,000",FINANCEb_W54,2,"0.600188,0.399812"
base,EDUCATIONxINCOME,"EDUCATIONxINCOME :: Some college, no degree | Less than $30,000",FINANCEb_W54,2,"0.348645,0.651355"
base,EDUCATIONxINCOME,"EDUCATIONxINCOME :: Some college, no degree | Refused",FINANCEb_W54,2,"0.256832,0.743168"
base,EDUCATIONxINCOME,"EDUCATIONxINCOME :: Associate's degree | $100,000 or more",FUTURE_W42,3,"0.652797,0.218660,0.128543"
base,EDUCATIONxINCOME,"EDUCATIONxINCOME :: Associate's degree | $30,000-$50,000",FUTURE_W42,3,"0.610864,0.224724,0.164412"
base,EDUCATIONxINCOME,"EDUCATIONxINCOME :: Associate's degree | $50,000-$75,000",FUTURE_W42,3,"0.650282,0.204620,0.145098"
base,EDUCATIONxINCOME,"EDUCATIONxINCOME :: Associate's degree | $75,000-$100,000",FUTURE_W42,3,"0.653198,0.205538,0.141264"
base,EDUCATIONxINCOME,"EDUCATIONxINCOME :: Associate's degree | Less than $30,000",FUTURE_W42,3,"0.533233,0.276637,0.190130"
base,EDUCATIONxINCOME,"EDUCATIONxINCOME :: College graduate/some postgrad | $100,000 or more",FUTURE_W42,3,"0.703357,0.195315,0.101328"
base,EDUCATIONxINCOME,"EDUCATIONxINCOME :: College graduate/some postgrad | $30,000-$50,000",FUTURE_W42,3,"0.644653,0.215932,0.139416"
base,EDUCATIONxINCOME,"EDUCATIONxINCOME :: College graduate/some postgrad | $50,000-$75,000",FUTURE_W42,3,"0.682224,0.195460,0.122316"
base,EDUCATIONxINCOME,"EDUCATIONxINCOME :: College graduate/some postgrad | $75,000-$100,000",FUTURE_W42,3,"0.671157,0.204691,0.124152"
base,EDUCATIONxINCOME,"EDUCATIONxINCOME :: College graduate/some postgrad | Less than $30,000",FUTURE_W42,3,"0.585554,0.251844,0.162602"
base,EDUCATIONxINCOME,"EDUCATIONxINCOME :: High school graduate | $100,000 or more",FUTURE_W42,3,"0.598909,0.249663,0.151428"
base,EDUCATIONxINCOME,"EDUCATIONxINCOME :: High school graduate | $30,000-$50,000",FUTURE_W42,3,"0.553304,0.261362,0.185334"
base,EDUCATIONxINCOME,"EDUCATIONxINCOME :: High school graduate | $50,000-$75,000",FUTURE_W42,3,"0.599055,0.234593,0.166352"
base,EDUCATIONxINCOME,"EDUCATIONxINCOME :: High school graduate | $75,000-$100,000",FUTURE_W42,3,"0.602137,0.235800,0.162063"
base,EDUCATIONxINCOME,"EDUCATIONxINCOME :: High school graduate | Less than $30,000",FUTURE_W42,3,"0.489561,0.306360,0.204079"
base,EDUCATIONxINCOME,EDUCATIONxINCOME :: High school graduate | Refused,FUTURE_W42,3,"0.424673,0.301138,0.274189"
base,EDUCATIONxINCOME,"EDUCATIONxINCOME :: Less than high school | $30,000-$50,000",FUTURE_W42,3,"0.489561,0.306360,0.204079"
base,EDUCATIONxINCOME,"EDUCATIONxINCOME :: Less than high school | Less than $30,000",FUTURE_W42,3,"0.450658,0.329709,0.219633"
base,EDUCATIONxINCOME,"EDUCATIONxINCOME :: Postgraduate | $100,000 or more",FUTURE_W42,3,"0.678017,0.200421,0.121562"
base,EDUCATIONxINCOME,"EDUCATIONxINCOME :: Postgraduate | $30,000-$50,000",FUTURE_W42,3,"0.647301,0.203682,0.149017"
base,EDUCATIONxINCOME,"EDUCATIONxINCOME :: Postgraduate | $50,000-$75,000",FUTURE_W42,3,"0.671291,0.192328,0.136381"
base,EDUCATIONxINCOME,"EDUCATIONxINCOME :: Postgraduate | $75,000-$100,000",FUTURE_W42,3,"0.690400,0.185819,0.123782"
base,EDUCATIONxINCOME,"EDUCATIONxINCOME :: Postgraduate | Less than $30,000",FUTURE_W42,3,"0.537810,0.270428,0.191762"
base,EDUCATIONxINCOME,"EDUCATIONxINCOME :: Some college, no degree | $100,000 or more",FUTURE_W42,3,"0.625746,0.230199,0.144055"
base,EDUCATIONxINCOME,"EDUCATIONxINCOME :: Some college, no degree | $30,000-$50,000",FUTURE_W42,3,"0.580772,0.242102,0.177126"
base,EDUCATIONxINCOME,"EDUCATIONxINCOME :: Some college, no degree | $50,000-$75,000",FUTURE_W42,3,"0.613970,0.225867,0.160164"
base,EDUCATIONxINCOME,"EDUCATIONxINCOME :: Some college, no degree | $75,000-$100,000",FUTURE_W42,3,"0.617010,0.226985,0.156005"
base,EDUCATIONxINCOME,"EDUCATIONxINCOME :: Some college, no degree | Less than $30,000",FUTURE_W42,3,"0.542322,0.264307,0.193371"
base,EDUCATIONxINCOME,"EDUCATIONxINCOME :: Some college, no degree | Refused",FUTURE_W42,3,"0.451742,0.282693,0.265565"
base,EDUCATIONxINCOME,"EDUCATIONxINCOME :: Associate's degree | $100,000 or more",GLBLZE_W92,2,"0.749087,0.250913"
base,EDUCATIONxINCOME,"EDUCATIONxINCOME :: Associate's degree | $30,000-$50,000",GLBLZE_W92,2,"0.692642,0.307358"
base,EDUCATIONxINCOME,"EDUCATIONxINCOME :: Associate's degree | $50,000-$75,000",GLBLZE_W92,2,"0.731059,0.268941"
base,EDUCATIONxINCOME,"EDUCATIONxINCOME :: Associate's degree | $75,000-$100,000",GLBLZE_W92,2,"0.754915,0.245085"
base,EDUCATIONxINCOME,"EDUCATIONxINCOME :: Associate's degree | Less than $30,000",GLBLZE_W92,2,"0.665411,0.334589"
base,EDUCATIONxINCOME,EDUCATIONxINCOME :: Associate's degree | Refused,GLBLZE_W92,2,"0.615088,0.384912"
base,EDUCATIONxINCOME,"EDUCATIONxINCOME :: College graduate/some postgrad | $100,000 or more",GLBLZE_W92,2,"0.777300,0.222700"
base,EDUCATIONxINCOME,"EDUCATIONxINCOME :: College graduate/some postgrad | $30,000-$50,000",GLBLZE_W92,2,"0.724870,0.275130"
base,EDUCATIONxINCOME,"EDUCATIONxINCOME :: College graduate/some postgrad | $50,000-$75,000",GLBLZE_W92,2,"0.760651,0.239349"
base,EDUCATIONxINCOME,"EDUCATIONxINCOME :: College graduate/some postgrad | $75,000-$100,000",GLBLZE_W92,2,"0.771843,0.228156"
base,EDUCATIONxINCOME,"EDUCATIONxINCOME :: College graduate/some postgrad | Less than $30,000",GLBLZE_W92,2,"0.672332,0.327668"
base,EDUCATIONxINCOME,EDUCATIONxINCOME :: College graduate/some postgrad | Refused,GLBLZE_W92,2,"0.629775,0.370225"
base,EDUCATIONxINCOME,"EDUCATIONxINCOME :: High school graduate | $100,000 or more",GLBLZE_W92,2,"0.705785,0.294215"
base,EDUCATIONxINCOME,"EDUCATIONxINCOME :: High school graduate | $30,000-$50,000",GLBLZE_W92,2,"0.665411,0.334589"
base,EDUCATIONxINCOME,"EDUCATIONxINCOME :: High school graduate | $50,000-$75,000",GLBLZE_W92,2,"0.705785,0.294215"
base,EDUCATIONxINCOME,"EDUCATIONxINCOME :: High school graduate | $75,000-$100,000",GLBLZE_W92,2,"0.731059,0.268941"
base,EDUCATIONxINCOME,"EDUCATIONxINCOME :: High school graduate | Less than $30,000",GLBLZE_W92,2,"0.629775,0.370225"
base,EDUCATIONxINCOME,EDUCATIONxINCOME :: High school graduate | Refused,GLBLZE_W92,2,"0.600188,0.399812"
base,EDUCATIONxINCOME,"EDUCATIONxINCOME :: Less than high school | $30,000-$50,000",GLBLZE_W92,2,"0.615088,0.384912"
base,EDUCATIONxINCOME,"EDUCATIONxINCOME :: Less than high school | $50,000-$75,000",GLBLZE_W92,2,"0.644225,0.355775"
base,EDUCATIONxINCOME,"EDUCATIONxINCOME :: Less than high school | Less than $30,000",GLBLZE_W92,2,"0.592667,0.407333"
base,EDUCATIONxINCOME,"EDUCATIONxINCOME :: Postgraduate | $100,000 or more",GLBLZE_W92,2,"0.749087,0.250913"
base,EDUCATIONxINCOME,"EDUCATIONxINCOME :: Postgraduate | $30,000-$50,000",GLBLZE_W92,2,"0.705785,0.294215"
base,EDUCATIONxINCOME,"EDUCATIONxINCOME :: Postgraduate | $50,000-$75,000",GLBLZE_W92,2,"0.737158,0.262842"
base,EDUCATIONxINCOME,"EDUCATIONxINCOME :: Postgraduate | $75,000-$100,000",GLBLZE_W92,2,"0.760651,0.239349"
base,EDUCATIONxINCOME,"EDUCATIONxINCOME :: Postgraduate | Less than $30,000",GLBLZE_W92,2,"0.651355,0.348645"
base,EDUCATIONxINCOME,EDUCATIONxINCOME :: Postgraduate | Refused,GLBLZE_W92,2,"0.615088,0.384912"
base,EDUCATIONxINCOME,"EDUCATIONxINCOME :: Some college, no degree | $100,000 or more",GLBLZE_W92,2,"0.718594,0.281406"
base,EDUCATIONxINCOME,"EDUCATIONxINCOME :: Some college, no degree | $30,000-$50,000",GLBLZE_W92,2,"0.672332,0.327668"
base,EDUCATIONxINCOME,"EDUCATIONxINCOME :: Some college, no degree | $50,000-$75,000",GLBLZE_W92,2,"0.712232,0.287768"
base,EDUCATIONxINCOME,"EDUCATIONxINCOME :: Some college, no degree | $75,000-$100,000",GLBLZE_W92,2,"0.731059,0.268941"
base,EDUCATIONxINCOME,"EDUCATIONxINCOME :: Some college, no degree | Less than $30,000",GLBLZE_W92,2,"0.644225,0.355775"
base,EDUCATIONxINCOME,"EDUCATIONxINCOME :: Some college, no degree | Refused",GLBLZE_W92,2,"0.637031,0.362969"
base,EDUCATIONxINCOME,"EDUCATIONxINCOME :: Associate's degree | $100,000 or more",GUNCONTRIBE_W26,4,"0.135103,0.202814,0.471557,0.190526"
base,EDUCATIONxINCOME,"EDUCATIONxINCOME :: Associate's degree | $30,000-$50,000",GUNCONTRIBE_W26,4,"0.122830,0.236761,0.501224,0.139185"
base,EDUCATIONxINCOME,"EDUCATIONxINCOME :: Associate's degree | $50,000-$75,000",GUNCONTRIBE_W26,4,"0.116835,0.247339,0.507508,0.128318"
base,EDUCATIONxINCOME,"EDUCATIONxINCOME :: Associate's degree | $75,000-$100,000",GUNCONTRIBE_W26,4,"0.122434,0.243490,0.499608,0.134468"
base,EDUCATIONxINCOME,"EDUCATIONxINCOME :: Associate's degree | Less than $30,000",GUNCONTRIBE_W26,4,"0.143444,0.222171,0.455865,0.178519"
base,EDUCATIONxINCOME,"EDUCATIONxINCOME :: College graduate/some postgrad | $100,000 or more",GUNCONTRIBE_W26,4,"0.130531,0.222040,0.484981,0.162448"
base,EDUCATIONxINCOME,"EDUCATIONxINCOME :: College graduate/some postgrad | $30,000-$50,000",GUNCONTRIBE_W26,4,"0.115458,0.252184,0.501527,0.130831"
base,EDUCATIONxINCOME,"EDUCATIONxINCOME :: College graduate/some postgrad | $50,000-$75,000",GUNCONTRIBE_W26,4,"0.110106,0.256004,0.509124,0.124766"
base,EDUCATIONxINCOME,"EDUCATIONxINCOME :: College graduate/some postgrad | $75,000-$100,000",GUNCONTRIBE_W26,4,"0.121034,0.256230,0.493896,0.128840"
base,EDUCATIONxINCOME,"EDUCATIONxINCOME :: College graduate/some postgrad | Less than $30,000",GUNCONTRIBE_W26,4,"0.131818,0.224230,0.474695,0.169258"
base,EDUCATIONxINCOME,"EDUCATIONxINCOME :: High school graduate | $100,000 or more",GUNCONTRIBE_W26,4,"0.142170,0.194324,0.480956,0.182550"
base,EDUCATIONxINCOME,"EDUCATIONxINCOME :: High school graduate | $30,000-$50,000",GUNCONTRIBE_W26,4,"0.126598,0.229240,0.500707,0.143455"
base,EDUCATIONxINCOME,"EDUCATIONxINCOME :: High school graduate | $50,000-$75,000",GUNCONTRIBE_W26,4,"0.118612,0.235889,0.515229,0.130270"
base,EDUCATIONxINCOME,"EDUCATIONxINCOME :: High school graduate | $75,000-$100,000",GUNCONTRIBE_W26,4,"0.129310,0.241582,0.495694,0.133414"
base,EDUCATIONxINCOME,"EDUCATIONxINCOME :: High school graduate | Less than $30,000",GUNCONTRIBE_W26,4,"0.151588,0.207197,0.452560,0.188655"
base,EDUCATIONxINCOME,"EDUCATIONxINCOME :: Less than high school | Less than $30,000",GUNCONTRIBE_W26,4,"0.163750,0.179844,0.418151,0.238255"
base,EDUCATIONxINCOME,"EDUCATIONxINCOME :: Postgraduate | $100,000 or more",GUNCONTRIBE_W26,4,"0.143724,0.209118,0.456755,0.190404"
base,EDUCATIONxINCOME,"EDUCATIONxINCOME :: Postgraduate | $30,000-$50,000",GUNCONTRIBE_W26,4,"0.129587,0.242100,0.481473,0.146841"
base,EDUCATIONxINCOME,"EDUCATIONxINCOME :: Postgraduate | $50,000-$75,000",GUNCONTRIBE_W26,4,"0.123894,0.254213,0.490009,0.131884"
base,EDUCATIONxINCOME,"EDUCATIONxINCOME :: Postgraduate | $75,000-$100,000",GUNCONTRIBE_W26,4,"0.129177,0.248996,0.479953,0.141874"
base,EDUCATIONxINCOME,"EDUCATIONxINCOME :: Postgraduate | Less than $30,000",GUNCONTRIBE_W26,4,"0.153609,0.216623,0.444481,0.185287"
base,EDUCATIONxINCOME,"EDUCATIONxINCOME :: Some college, no degree | $100,000 or more",GUNCONTRIBE_W26,4,"0.133784,0.207208,0.481774,0.177235"
base,EDUCATIONxINCOME,"EDUCATIONxINCOME :: Some college, no degree | $30,000-$50,000",GUNCONTRIBE_W26,4,"0.126237,0.235842,0.499277,0.138644"
base,EDUCATIONxINCOME,"EDUCATIONxINCOME :: Some college, no degree | $50,000-$75,000",GUNCONTRIBE_W26,4,"0.119613,0.245430,0.503589,0.131369"
base,EDUCATIONxINCOME,"EDUCATIONxINCOME :: Some college, no degree | $75,000-$100,000",GUNCONTRIBE_W26,4,"0.128325,0.247354,0.491922,0.132399"
base,EDUCATIONxINCOME,"EDUCATIONxINCOME :: Some college, no degree | Less than $30,000",GUNCONTRIBE_W26,4,"0.131518,0.197433,0.473616,0.197433"
base,EDUCATIONxINCOME,"EDUCATIONxINCOME :: Associate's degree | $100,000 or more",GUNCONTRIBF_W26,4,"0.298935,0.289738,0.328316,0.083011"
base,EDUCATIONxINCOME,"EDUCATIONxINCOME :: Associate's degree | $30,000-$50,000",GUNCONTRIBF_W26,4,"0.249209,0.330148,0.351441,0.069203"
base,EDUCATIONxINCOME,"EDUCATIONxINCOME :: Associate's degree | $50,000-$75,000",GUNCONTRIBF_W26,4,"0.245019,0.345532,0.345532,0.063917"
base,EDUCATIONxINCOME,"EDUCATIONxINCOME :: Associate's degree | $75,000-$100,000",GUNCONTRIBF_W26,4,"0.270577,0.336738,0.326378,0.066308"
base,EDUCATIONxINCOME,"EDUCATIONxINCOME :: Associate's degree | Less than $30,000",GUNCONTRIBF_W26,4,"0.269763,0.296276,0.346382,0.087579"
base,EDUCATIONxINCOME,"EDUCATIONxINCOME :: College graduate/some postgrad | $100,000 or more",GUNCONTRIBF_W26,4,"0.322377,0.302845,0.302845,0.071932"
base,EDUCATIONxINCOME,"EDUCATIONxINCOME :: College graduate/some postgrad | $30,000-$50,000",GUNCONTRIBF_W26,4,"0.271130,0.337426,0.327045,0.064399"
base,EDUCATIONxINCOME,"EDUCATIONxINCOME :: College graduate/some postgrad | $50,000-$75,000",GUNCONTRIBF_W26,4,"0.265871,0.352221,0.320701,0.061207"
base,EDUCATIONxINCOME,"EDUCATIONxINCOME :: College graduate/some postgrad | $75,000-$100,000",GUNCONTRIBF_W26,4,"0.295969,0.346023,0.295969,0.062039"
base,EDUCATIONxINCOME,"EDUCATIONxINCOME :: College graduate/some postgrad | Less than $30,000",GUNCONTRIBF_W26,4,"0.277047,0.304276,0.334182,0.084495"
base,EDUCATIONxINCOME,"EDUCATIONxINCOME :: High school graduate | $100,000 or more",GUNCONTRIBF_W26,4,"0.273929,0.265501,0.362897,0.097672"
base,EDUCATIONxINCOME,"EDUCATIONxINCOME :: High school graduate | $30,000-$50,000",GUNCONTRIBF_W26,4,"0.230911,0.296496,0.392793,0.079801"
base,EDUCATIONxINCOME,"EDUCATIONxINCOME :: High school graduate | $50,000-$75,000",GUNCONTRIBF_W26,4,"0.236532,0.313354,0.377977,0.072138"
base,EDUCATIONxINCOME,"EDUCATIONxINCOME :: High school graduate | $75,000-$100,000",GUNCONTRIBF_W26,4,"0.259096,0.312529,0.354142,0.074232"
base,EDUCATIONxINCOME,"EDUCATIONxINCOME :: High school graduate | Less than $30,000",GUNCONTRIBF_W26,4,"0.251880,0.276636,0.366484,0.104999"
base,EDUCATIONxINCOME,"EDUCATIONxINCOME :: Less than high school | Less than $30,000",GUNCONTRIBF_W26,4,"0.268455,0.229622,0.366935,0.134988"
base,EDUCATIONxINCOME,"EDUCATIONxINCOME :: Postgraduate | $100,000 or more",GUNCONTRIBF_W26,4,"0.347079,0.287739,0.287739,0.077444"
base,EDUCATIONxINCOME,"EDUCATIONxINCOME :: Postgraduate | $30,000-$50,000",GUNCONTRIBF_W26,4,"0.291728,0.330571,0.310542,0.067159"
base,EDUCATIONxINCOME,"EDUCATIONxINCOME :: Postgraduate | $50,000-$75,000",GUNCONTRIBF_W26,4,"0.289865,0.338887,0.308560,0.062688"
base,EDUCATIONxINCOME,"EDUCATIONxINCOME :: Postgraduate | $75,000-$100,000",GUNCONTRIBF_W26,4,"0.315267,0.335600,0.287054,0.062080"
base,EDUCATIONxINCOME,"EDUCATIONxINCOME :: Postgraduate | Less than $30,000",GUNCONTRIBF_W26,4,"0.304730,0.286267,0.324383,0.084620"
base,EDUCATIONxINCOME,"EDUCATIONxINCOME :: Some college, no degree | $100,000 or more",GUNCONTRIBF_W26,4,"0.283204,0.283204,0.352453,0.081139"
base,EDUCATIONxINCOME,"EDUCATIONxINCOME :: Some college, no degree | $30,000-$50,000",GUNCONTRIBF_W26,4,"0.236532,0.313354,0.377977,0.072138"
base,EDUCATIONxINCOME,"EDUCATIONxINCOME :: Some college, no degree | $50,000-$75,000",GUNCONTRIBF_W26,4,"0.240702,0.329000,0.361336,0.068962"
base,EDUCATIONxINCOME,"EDUCATIONxINCOME :: Some college, no degree | $75,000-$100,000",GUNCONTRIBF_W26,4,"0.258420,0.331817,0.342350,0.067413"
base,EDUCATIONxINCOME,"EDUCATIONxINCOME :: Some college, no degree | Less than $30,000",GUNCONTRIBF_W26,4,"0.251318,0.276019,0.377273,0.095390"
base,EDUCATIONxINCOME,"EDUCATIONxINCOME :: Associate's degree | $100,000 or more",HAPPENg_W41,2,"0.672332,0.327668"
base,EDUCATIONxINCOME,"EDUCATIONxINCOME :: Associate's degree | $30,000-$50,000",HAPPENg_W41,2,"0.665411,0.334589"
base,EDUCATIONxINCOME,"EDUCATIONxINCOME :: Associate's degree | $50,000-$75,000",HAPPENg_W41,2,"0.651355,0.348645"
base,EDUCATIONxINCOME,"EDUCATIONxINCOME :: Associate's degree | Less than $30,000",HAPPENg_W41,2,"0.699254,0.300746"
base,EDUCATIONxINCOME,"EDUCATIONxINCOME :: College graduate/some postgrad | $100,000 or more",HAPPENg_W41,2,"0.685949,0.314051"
base,EDUCATIONxINCOME,"EDUCATIONxINCOME :: College graduate/some postgrad | $30,000-$50,000",HAPPENg_W41,2,"0.665411,0.334589"
base,EDUCATIONxINCOME,"EDUCATIONxINCOME :: College graduate/some postgrad | $50,000-$75,000",HAPPENg_W41,2,"0.658418,0.341583"
base,EDUCATIONxINCOME,"EDUCATIONxINCOME :: College graduate/some postgrad | $75,000-$100,000",HAPPENg_W41,2,"0.651355,0.348645"
base,EDUCATIONxINCOME,"EDUCATIONxINCOME :: College graduate/some postgrad | Less than $30,000",HAPPENg_W41,2,"0.712232,0.287768"
base,EDUCATIONxINCOME,"EDUCATIONxINCOME :: High school graduate | $100,000 or more",HAPPENg_W41,2,"0.699254,0.300746"
base,EDUCATIONxINCOME,"EDUCATIONxINCOME :: High school graduate | $30,000-$50,000",HAPPENg_W41,2,"0.685949,0.314051"
base,EDUCATIONxINCOME,"EDUCATIONxINCOME :: High school graduate | $50,000-$75,000",HAPPENg_W41,2,"0.672332,0.327668"
base,EDUCATIONxINCOME,"EDUCATIONxINCOME :: High school graduate | $75,000-$100,000",HAPPENg_W41,2,"0.665411,0.334589"
base,EDUCATIONxINCOME,"EDUCATIONxINCOME :: High school graduate | Less than $30,000",HAPPENg_W41,2,"0.718594,0.281406"
base,EDUCATIONxINCOME,EDUCATIONxINCOME :: High school graduate | Refused,HAPPENg_W41,2,"0.644225,0.355775"
base,EDUCATIONxINCOME,"EDUCATIONxINCOME :: Less than high school | Less than $30,000",HAPPENg_W41,2,"0.760651,0.239349"
base,EDUCATIONxINCOME,"EDUCATIONxINCOME :: Postgraduate | $100,000 or more",HAPPENg_W41,2,"0.685949,0.314051"
base,EDUCATIONxINCOME,"EDUCATIONxINCOME :: Postgraduate | $30,000-$50,000",HAPPENg_W41,2,"0.658418,0.341583"
base,EDUCATIONxINCOME,"EDUCATIONxINCOME :: Postgraduate | $50,000-$75,000",HAPPENg_W41,2,"0.651355,0.348645"
base,EDUCATIONxINCOME,"EDUCATIONxINCOME :: Postgraduate | $75,000-$100,000",HAPPENg_W41,2,"0.651355,0.348645"
base,EDUCATIONxINCOME,"EDUCATIONxINCOME :: Some college, no degree | $100,000 or more",HAPPENg_W41,2,"0.699254,0.300746"
base,EDUCATIONxINCOME,"EDUCATIONxINCOME :: Some college, no degree | $30,000-$50,000",HAPPENg_W41,2,"0.692642,0.307358"
base,EDUCATIONxINCOME,"EDUCATIONxINCOME :: Some college, no degree | $50,000-$75,000",HAPPENg_W41,2,"0.679179,0.320821"
base,EDUCATIONxINCOME,"EDUCATIONxINCOME :: Some college, no degree | $75,000-$100,000",HAPPENg_W41,2,"0.665411,0.334589"
base,EDUCATIONxINCOME,"EDUCATIONxINCOME :: Some college, no degree | Less than $30,000",HAPPENg_W41,2,"0.737158,0.262842"
base,EDUCATIONxINCOME,"EDUCATIONxINCOME :: Associate's degree | $100,000 or more",HARASS2F1_W32,3,"0.814214,0.097244,0.088542"
base,EDUCATIONxINCOME,"EDUCATIONxINCOME :: Associate's degree | $30,000-$50,000",HARASS2F1_W32,3,"0.781617,0.105780,0.112603"
base,EDUCATIONxINCOME,"EDUCATIONxINCOME :: Associate's degree | $50,000-$75,000",HARASS2F1_W32,3,"0.802202,0.095809,0.101989"
base,EDUCATIONxINCOME,"EDUCATIONxINCOME :: Associate's degree | $75,000-$100,000",HARASS2F1_W32,3,"0.812007,0.093997,0.093997"
base,EDUCATIONxINCOME,"EDUCATIONxINCOME :: Associate's degree | Less than $30,000",HARASS2F1_W32,3,"0.738875,0.136678,0.124447"
base,EDUCATIONxINCOME,"EDUCATIONxINCOME :: College graduate/some postgrad | $100,000 or more",HARASS2F1_W32,3,"0.821075,0.095046,0.083878"
base,EDUCATIONxINCOME,"EDUCATIONxINCOME :: College graduate/some postgrad | $30,000-$50,000",HARASS2F1_W32,3,"0.781700,0.109150,0.109150"
base,EDUCATIONxINCOME,"EDUCATIONxINCOME :: College graduate/some postgrad | $50,000-$75,000",HARASS2F1_W32,3,"0.804727,0.096111,0.099162"
base,EDUCATIONxINCOME,"EDUCATIONxINCOME :: College graduate/some postgrad | $75,000-$100,000",HARASS2F1_W32,3,"0.804727,0.099162,0.096111"
base,EDUCATIONxINCOME,"EDUCATIONxINCOME :: College graduate/some postgrad | Less than $30,000",HARASS2F1_W32,3,"0.738499,0.140945,0.120557"
base,EDUCATIONxINCOME,EDUCATIONxINCOME :: College graduate/some postgrad | Refused,HARASS2F1_W32,3,"0.619296,0.166681,0.214023"
base,EDUCATIONxINCOME,"EDUCATIONxINCOME :: High school graduate | $100,000 or more",HARASS2F1_W32,3,"0.764930,0.124871,0.110199"
base,EDUCATIONxINCOME,"EDUCATIONxINCOME :: High school graduate | $30,000-$50,000",HARASS2F1_W32,3,"0.736062,0.131969,0.131969"
base,EDUCATIONxINCOME,"EDUCATIONxINCOME :: High school graduate | $50,000-$75,000",HARASS2F1_W32,3,"0.765193,0.113736,0.121071"
base,EDUCATIONxINCOME,"EDUCATIONxINCOME :: High school graduate | $75,000-$100,000",HARASS2F1_W32,3,"0.779001,0.112226,0.108773"
base,EDUCATIONxINCOME,"EDUCATIONxINCOME :: High school graduate | Less than $30,000",HARASS2F1_W32,3,"0.697140,0.165585,0.137275"
base,EDUCATIONxINCOME,"EDUCATIONxINCOME :: Less than high school | $30,000-$50,000",HARASS2F1_W32,3,"0.694736,0.155017,0.150247"
base,EDUCATIONxINCOME,"EDUCATIONxINCOME :: Less than high school | Less than $30,000",HARASS2F1_W32,3,"0.676988,0.176603,0.146409"
base,EDUCATIONxINCOME,"EDUCATIONxINCOME :: Postgraduate | $100,000 or more",HARASS2F1_W32,3,"0.816073,0.100560,0.083367"
base,EDUCATIONxINCOME,"EDUCATIONxINCOME :: Postgraduate | $30,000-$50,000",HARASS2F1_W32,3,"0.789573,0.106857,0.103569"
base,EDUCATIONxINCOME,"EDUCATIONxINCOME :: Postgraduate | $50,000-$75,000",HARASS2F1_W32,3,"0.814362,0.094269,0.091369"
base,EDUCATIONxINCOME,"EDUCATIONxINCOME :: Postgraduate | $75,000-$100,000",HARASS2F1_W32,3,"0.821290,0.092146,0.086563"
base,EDUCATIONxINCOME,"EDUCATIONxINCOME :: Postgraduate | Less than $30,000",HARASS2F1_W32,3,"0.743932,0.141982,0.114086"
base,EDUCATIONxINCOME,EDUCATIONxINCOME :: Postgraduate | Refused,HARASS2F1_W32,3,"0.596959,0.176461,0.226580"
base,EDUCATIONxINCOME,"EDUCATIONxINCOME :: Some college, no degree | $100,000 or more",HARASS2F1_W32,3,"0.794559,0.107532,0.097909"
base,EDUCATIONxINCOME,"EDUCATIONxINCOME :: Some college, no degree | $30,000-$50,000",HARASS2F1_W32,3,"0.747932,0.122097,0.129971"
base,EDUCATIONxINCOME,"EDUCATIONxINCOME :: Some college, no degree | $50,000-$75,000",HARASS2F1_W32,3,"0.776236,0.108387,0.115377"
base,EDUCATIONxINCOME,"EDUCATIONxINCOME :: Some college, no degree | $75,000-$100,000",HARASS2F1_W32,3,"0.781700,0.109150,0.109150"
base,EDUCATIONxINCOME,"EDUCATIONxINCOME :: Some college, no degree | Less than $30,000",HARASS2F1_W32,3,"0.767880,0.121496,0.110624"
base,EDUCATIONxINCOME,"EDUCATIONxINCOME :: Some college, no degree | Refused",HARASS2F1_W32,3,"0.618266,0.161284,0.220450"
base,EDUCATIONxINCOME,"EDUCATIONxINCOME :: Associate's degree | $100,000 or more",INC_W32,2,"0.592667,0.407333"
base,EDUCATIONxINCOME,"EDUCATIONxINCOME :: Associate's degree | $30,000-$50,000",INC_W32,2,"0.327668,0.672332"
base,EDUCATIONxINCOME,"EDUCATIONxINCOME :: Associate's degree | $50,000-$75,000",INC_W32,2,"0.507812,0.492188"
base,EDUCATIONxINCOME,"EDUCATIONxINCOME :: Associate's degree | $75,000-$100,000",INC_W32,2,"0.554470,0.445530"
base,EDUCATIONxINCOME,"EDUCATIONxINCOME :: Associate's degree | Less than $30,000",INC_W32,2,"0.275130,0.724870"
base,EDUCATIONxINCOME,"EDUCATIONxINCOME :: College graduate/some postgrad | $100,000 or more",INC_W32,2,"0.637031,0.362969"
base,EDUCATIONxINCOME,"EDUCATIONxINCOME :: College graduate/some postgrad | $30,000-$50,000",INC_W32,2,"0.384912,0.615088"
base,EDUCATIONxINCOME,"EDUCATIONxINCOME :: College graduate/some postgrad | $50,000-$75,000",INC_W32,2,"0.546738,0.453262"
base,EDUCATIONxINCOME,"EDUCATIONxINCOME :: College graduate/some postgrad | $75,000-$100,000",INC_W32,2,"0.577495,0.422505"
base,EDUCATIONxINCOME,"EDUCATIONxINCOME :: College graduate/some postgrad | Less than $30,000",INC_W32,2,"0.307358,0.692642"
base,EDUCATIONxINCOME,EDUCATIONxINCOME :: College graduate/some postgrad | Refused,INC_W32,2,"0.414899,0.585101"
base,EDUCATIONxINCOME,"EDUCATIONxINCOME :: High school graduate | $100,000 or more",INC_W32,2,"0.500000,0.500000"
base,EDUCATIONxINCOME,"EDUCATIONxINCOME :: High school graduate | $30,000-$50,000",INC_W32,2,"0.327668,0.672332"
base,EDUCATIONxINCOME,"EDUCATIONxINCOME :: High school graduate | $50,000-$75,000",INC_W32,2,"0.453262,0.546738"
base,EDUCATIONxINCOME,"EDUCATIONxINCOME :: High school graduate | $75,000-$100,000",INC_W32,2,"0.507812,0.492188"
base,EDUCATIONxINCOME,"EDUCATIONxINCOME :: High school graduate | Less than $30,000",INC_W32,2,"0.275130,0.724870"
base,EDUCATIONxINCOME,"EDUCATIONxINCOME :: Less than high school | $30,000-$50,000",INC_W32,2,"0.275130,0.724870"
base,EDUCATIONxINCOME,"EDUCATIONxINCOME :: Less than high school | Less than $30,000",INC_W32,2,"0.212069,0.787931"
base,EDUCATIONxINCOME,"EDUCATIONxINCOME :: Postgraduate | $100,000 or more",INC_W32,2,"0.644225,0.355775"
base,EDUCATIONxINCOME,"EDUCATIONxINCOME :: Postgraduate | $30,000-$50,000",INC_W32,2,"0.414899,0.585101"
base,EDUCATIONxINCOME,"EDUCATIONxINCOME :: Postgraduate | $50,000-$75,000",INC_W32,2,"0.554470,0.445530"
base,EDUCATIONxINCOME,"EDUCATIONxINCOME :: Postgraduate | $75,000-$100,000",INC_W32,2,"0.607663,0.392337"
base,EDUCATIONxINCOME,"EDUCATIONxINCOME :: Postgraduate | Less than $30,000",INC_W32,2,"0.294215,0.705785"
base,EDUCATIONxINCOME,EDUCATIONxINCOME :: Postgraduate | Refused,INC_W32,2,"0.320821,0.679179"
base,EDUCATIONxINCOME,"EDUCATIONxINCOME :: Some college, no degree | $100,000 or more",INC_W32,2,"0.453262,0.546738"
base,EDUCATIONxINCOME,"EDUCATIONxINCOME :: Some college, no degree | $30,000-$50,000",INC_W32,2,"0.294215,0.705785"
base,EDUCATIONxINCOME,"EDUCATIONxINCOME :: Some college, no degree | $50,000-$75,000",INC_W32,2,"0.407333,0.592667"
base,EDUCATIONxINCOME,"EDUCATIONxINCOME :: Some college, no degree | $75,000-$100,000",INC_W32,2,"0.468791,0.531209"
base,EDUCATIONxINCOME,"EDUCATIONxINCOME :: Some college, no degree | Less than $30,000",INC_W32,2,"0.222700,0.777300"
base,EDUCATIONxINCOME,"EDUCATIONxINCOME :: Some college, no degree | Refused",INC_W32,2,"0.262842,0.737158"
base,EDUCATIONxINCOME,"EDUCATIONxINCOME :: Associate's degree | $100,000 or more",INSTN_K12_W92,2,"0.585101,0.414899"
base,EDUCATIONxINCOME,"EDUCATIONxINCOME :: Associate's degree | $30,000-$50,000",INSTN_K12_W92,2,"0.554470,0.445530"
base,EDUCATIONxINCOME,"EDUCATIONxINCOME :: Associate's degree | $50,000-$75,000",INSTN_K12_W92,2,"0.585101,0.414899"
base,EDUCATIONxINCOME,"EDUCATIONxINCOME :: Associate's degree | $75,000-$100,000",INSTN_K12_W92,2,"0.585101,0.414899"
base,EDUCATIONxINCOME,"EDUCATIONxINCOME :: Associate's degree | Less than $30,000",INSTN_K12_W92,2,"0.546738,0.453262"
base,EDUCATIONxINCOME,EDUCATIONxINCOME :: Associate's degree | Refused,INSTN_K12_W92,2,"0.492188,0.507812"
base,EDUCATIONxINCOME,"EDUCATIONxINCOME :: College graduate/some postgrad | $100,000 or more",INSTN_K12_W92,2,"0.569853,0.430147"
base,EDUCATIONxINCOME,"EDUCATIONxINCOME :: College graduate/some postgrad | $30,000-$50,000",INSTN_K12_W92,2,"0.538983,0.461017"
base,EDUCATIONxINCOME,"EDUCATIONxINCOME :: College graduate/some postgrad | $50,000-$75,000",INSTN_K12_W92,2,"0.569853,0.430147"
base,EDUCATIONxINCOME,"EDUCATIONxINCOME :: College graduate/some postgrad | $75,000-$100,000",INSTN_K12_W92,2,"0.562177,0.437824"
base,EDUCATIONxINCOME,"EDUCATIONxINCOME :: College graduate/some postgrad | Less than $30,000",INSTN_K12_W92,2,"0.538983,0.461017"
base,EDUCATIONxINCOME,EDUCATIONxINCOME :: College graduate/some postgrad | Refused,INSTN_K12_W92,2,"0.476580,0.523420"
base,EDUCATIONxINCOME,"EDUCATIONxINCOME :: High school graduate | $100,000 or more",INSTN_K12_W92,2,"0.600188,0.399812"
base,EDUCATIONxINCOME,"EDUCATIONxINCOME :: High school graduate | $30,000-$50,000",INSTN_K12_W92,2,"0.562177,0.437824"
base,EDUCATIONxINCOME,"EDUCATIONxINCOME :: High school graduate | $50,000-$75,000",INSTN_K12_W92,2,"0.592667,0.407333"
base,EDUCATIONxINCOME,"EDUCATIONxINCOME :: High school graduate | $75,000-$100,000",INSTN_K12_W92,2,"0.600188,0.399812"
base,EDUCATIONxINCOME,"EDUCATIONxINCOME :: High school graduate | Less than $30,000",INSTN_K12_W92,2,"0.546738,0.453262"
base,EDUCATIONxINCOME,EDUCATIONxINCOME :: High school graduate | Refused,INSTN_K12_W92,2,"0.476580,0.523420"
base,EDUCATIONxINCOME,"EDUCATIONxINCOME :: Less than high school | $30,000-$50,000",INSTN_K12_W92,2,"0.523420,0.476580"
base,EDUCATIONxINCOME,"EDUCATIONxINCOME :: Less than high school | $50,000-$75,000",INSTN_K12_W92,2,"0.546738,0.453262"
base,EDUCATIONxINCOME,"EDUCATIONxINCOME :: Less than high school | Less than $30,000",INSTN_K12_W92,2,"0.507812,0.492188"
base,EDUCATIONxINCOME,"EDUCATIONxINCOME :: Postgraduate | $100,000 or more",INSTN_K12_W92,2,"0.600188,0.399812"
base,EDUCATIONxINCOME,"EDUCATIONxINCOME :: Postgraduate | $30,000-$50,000",INSTN_K12_W92,2,"0.600188,0.399812"
base,EDUCATIONxINCOME,"EDUCATIONxINCOME :: Postgraduate | $50,000-$75,000",INSTN_K12_W92,2,"0.615088,0.384912"
base,EDUCATIONxINCOME,"EDUCATIONxINCOME :: Postgraduate | $75,000-$100,000",INSTN_K12_W92,2,"0.629775,0.370225"
base,EDUCATIONxINCOME,"EDUCATIONxINCOME :: Postgraduate | Less than $30,000",INSTN_K12_W92,2,"0.569853,0.430147"
base,EDUCATIONxINCOME,EDUCATIONxINCOME :: Postgraduate | Refused,INSTN_K12_W92,2,"0.538983,0.461017"
base,EDUCATIONxINCOME,"EDUCATIONxINCOME :: Some college, no degree | $100,000 or more",INSTN_K12_W92,2,"0.569853,0.430147"
base,EDUCATIONxINCOME,"EDUCATIONxINCOME :: Some college, no degree | $30,000-$50,000",INSTN_K12_W92,2,"0.538983,0.461017"
base,EDUCATIONxINCOME,"EDUCATIONxINCOME :: Some college, no degree | $50,000-$75,000",INSTN_K12_W92,2,"0.562177,0.437824"
base,EDUCATIONxINCOME,"EDUCATIONxINCOME :: Some college, no degree | $75,000-$100,000",INSTN_K12_W92,2,"0.577495,0.422505"
base,EDUCATIONxINCOME,"EDUCATIONxINCOME :: Some college, no degree | Less than $30,000",INSTN_K12_W92,2,"0.523420,0.476580"
base,EDUCATIONxINCOME,"EDUCATIONxINCOME :: Some college, no degree | Refused",INSTN_K12_W92,2,"0.461017,0.538983"
base,EDUCATIONxINCOME,"EDUCATIONxINCOME :: Associate's degree | $100,000 or more",LOCALPROBF_W32,3,"0.217358,0.445990,0.336651"
base,EDUCATIONxINCOME,"EDUCATIONxINCOME :: Associate's degree | $30,000-$50,000",LOCALPROBF_W32,3,"0.261362,0.553304,0.185334"
base,EDUCATIONxINCOME,"EDUCATIONxINCOME :: Associate's degree | $50,000-$75,000",LOCALPROBF_W32,3,"0.214698,0.583611,0.201691"
base,EDUCATIONxINCOME,"EDUCATIONxINCOME :: Associate's degree | $75,000-$100,000",LOCALPROBF_W32,3,"0.199569,0.559705,0.240726"
base,EDUCATIONxINCOME,"EDUCATIONxINCOME :: Associate's degree | Less than $30,000",LOCALPROBF_W32,3,"0.311045,0.481755,0.207200"
base,EDUCATIONxINCOME,"EDUCATIONxINCOME :: College graduate/some postgrad | $100,000 or more",LOCALPROBF_W32,3,"0.185611,0.445258,0.369132"
base,EDUCATIONxINCOME,"EDUCATIONxINCOME :: College graduate/some postgrad | $30,000-$50,000",LOCALPROBF_W32,3,"0.226529,0.560666,0.212805"
base,EDUCATIONxINCOME,"EDUCATIONxINCOME :: College graduate/some postgrad | $50,000-$75,000",LOCALPROBF_W32,3,"0.185014,0.569883,0.245103"
base,EDUCATIONxINCOME,"EDUCATIONxINCOME :: College graduate/some postgrad | $75,000-$100,000",LOCALPROBF_W32,3,"0.180662,0.556477,0.262861"
base,EDUCATIONxINCOME,"EDUCATIONxINCOME :: College graduate/some postgrad | Less than $30,000",LOCALPROBF_W32,3,"0.289360,0.492219,0.218421"
base,EDUCATIONxINCOME,EDUCATIONxINCOME :: College graduate/some postgrad | Refused,LOCALPROBF_W32,3,"0.286677,0.444014,0.269308"
base,EDUCATIONxINCOME,"EDUCATIONxINCOME :: High school graduate | $100,000 or more",LOCALPROBF_W32,3,"0.222721,0.442934,0.334344"
base,EDUCATIONxINCOME,"EDUCATIONxINCOME :: High school graduate | $30,000-$50,000",LOCALPROBF_W32,3,"0.279861,0.539447,0.180692"
base,EDUCATIONxINCOME,"EDUCATIONxINCOME :: High school graduate | $50,000-$75,000",LOCALPROBF_W32,3,"0.228174,0.582663,0.189163"
base,EDUCATIONxINCOME,"EDUCATIONxINCOME :: High school graduate | $75,000-$100,000",LOCALPROBF_W32,3,"0.209084,0.568348,0.222568"
base,EDUCATIONxINCOME,"EDUCATIONxINCOME :: High school graduate | Less than $30,000",LOCALPROBF_W32,3,"0.338443,0.462597,0.198960"
base,EDUCATIONxINCOME,"EDUCATIONxINCOME :: Less than high school | $30,000-$50,000",LOCALPROBF_W32,3,"0.344578,0.470982,0.184439"
base,EDUCATIONxINCOME,"EDUCATIONxINCOME :: Less than high school | Less than $30,000",LOCALPROBF_W32,3,"0.399547,0.399547,0.200905"
base,EDUCATIONxINCOME,"EDUCATIONxINCOME :: Postgraduate | $100,000 or more",LOCALPROBF_W32,3,"0.218518,0.421205,0.360276"
base,EDUCATIONxINCOME,"EDUCATIONxINCOME :: Postgraduate | $30,000-$50,000",LOCALPROBF_W32,3,"0.258316,0.513722,0.227963"
base,EDUCATIONxINCOME,"EDUCATIONxINCOME :: Postgraduate | $50,000-$75,000",LOCALPROBF_W32,3,"0.224046,0.537458,0.238496"
base,EDUCATIONxINCOME,"EDUCATIONxINCOME :: Postgraduate | $75,000-$100,000",LOCALPROBF_W32,3,"0.213543,0.512263,0.274194"
base,EDUCATIONxINCOME,"EDUCATIONxINCOME :: Postgraduate | Less than $30,000",LOCALPROBF_W32,3,"0.322839,0.455277,0.221884"
base,EDUCATIONxINCOME,EDUCATIONxINCOME :: Postgraduate | Refused,LOCALPROBF_W32,3,"0.318535,0.409007,0.272458"
base,EDUCATIONxINCOME,"EDUCATIONxINCOME :: Some college, no degree | $100,000 or more",LOCALPROBF_W32,3,"0.217655,0.475402,0.306943"
base,EDUCATIONxINCOME,"EDUCATIONxINCOME :: Some college, no degree | $30,000-$50,000",LOCALPROBF_W32,3,"0.273607,0.544132,0.182261"
base,EDUCATIONxINCOME,"EDUCATIONxINCOME :: Some college, no degree | $50,000-$75,000",LOCALPROBF_W32,3,"0.225424,0.575640,0.198936"
base,EDUCATIONxINCOME,"EDUCATIONxINCOME :: Some college, no degree | $75,000-$100,000",LOCALPROBF_W32,3,"0.202523,0.567989,0.229488"
base,EDUCATIONxINCOME,"EDUCATIONxINCOME :: Some college, no degree | Less than $30,000",LOCALPROBF_W32,3,"0.333545,0.470374,0.196081"
base,EDUCATIONxINCOME,"EDUCATIONxINCOME :: Some college, no degree | Refused",LOCALPROBF_W32,3,"0.320341,0.437854,0.241806"
base,EDUCATIONxINCOME,"EDUCATIONxINCOME :: Associate's degree | $100,000 or more",MED6E_W34,4,"0.490394,0.326673,0.149562,0.033372"
base,EDUCATIONxINCOME,"EDUCATIONxINCOME :: Associate's degree | $30,000-$50,000",MED6E_W34,4,"0.372750,0.384582,0.199519,0.043149"
base,EDUCATIONxINCOME,"EDUCATIONxINCOME :: Associate's degree | $50,000-$75,000",MED6E_W34,4,"0.426608,0.364897,0.172365,0.036130"
base,EDUCATIONxINCOME,"EDUCATIONxINCOME :: Associate's degree | $75,000-$100,000",MED6E_W34,4,"0.462961,0.349461,0.155073,0.032505"
base,EDUCATIONxINCOME,"EDUCATIONxINCOME :: Associate's degree | Less than $30,000",MED6E_W34,4,"0.358214,0.369585,0.217268,0.054934"
base,EDUCATIONxINCOME,"EDUCATIONxINCOME :: College graduate/some postgrad | $100,000 or more",MED6E_W34,4,"0.593714,0.280450,0.103172,0.022664"
base,EDUCATIONxINCOME,"EDUCATIONxINCOME :: College graduate/some postgrad | $30,000-$50,000",MED6E_W34,4,"0.457882,0.356599,0.153371,0.032148"
base,EDUCATIONxINCOME,"EDUCATIONxINCOME :: College graduate/some postgrad | $50,000-$75,000",MED6E_W34,4,"0.504620,0.336149,0.131638,0.027593"
base,EDUCATIONxINCOME,"EDUCATIONxINCOME :: College graduate/some postgrad | $75,000-$100,000",MED6E_W34,4,"0.511534,0.330271,0.129336,0.028859"
base,EDUCATIONxINCOME,"EDUCATIONxINCOME :: College graduate/some postgrad | Less than $30,000",MED6E_W34,4,"0.394234,0.358954,0.198233,0.048579"
base,EDUCATIONxINCOME,"EDUCATIONxINCOME :: High school graduate | $100,000 or more",MED6E_W34,4,"0.427530,0.343530,0.183878,0.045061"
base,EDUCATIONxINCOME,"EDUCATIONxINCOME :: High school graduate | $30,000-$50,000",MED6E_W34,4,"0.307900,0.395351,0.239793,0.056956"
base,EDUCATIONxINCOME,"EDUCATIONxINCOME :: High school graduate | $50,000-$75,000",MED6E_W34,4,"0.359255,0.382425,0.211195,0.047124"
base,EDUCATIONxINCOME,"EDUCATIONxINCOME :: High school graduate | $75,000-$100,000",MED6E_W34,4,"0.415186,0.366400,0.178569,0.039844"
base,EDUCATIONxINCOME,"EDUCATIONxINCOME :: High school graduate | Less than $30,000",MED6E_W34,4,"0.299261,0.360977,0.264097,0.075665"
base,EDUCATIONxINCOME,"EDUCATIONxINCOME :: Less than high school | Less than $30,000",MED6E_W34,4,"0.277707,0.345612,0.286522,0.090158"
base,EDUCATIONxINCOME,"EDUCATIONxINCOME :: Postgraduate | $100,000 or more",MED6E_W34,4,"0.559777,0.290408,0.121060,0.028754"
base,EDUCATIONxINCOME,"EDUCATIONxINCOME :: Postgraduate | $30,000-$50,000",MED6E_W34,4,"0.487068,0.334757,0.143977,0.034198"
base,EDUCATIONxINCOME,"EDUCATIONxINCOME :: Postgraduate | $50,000-$75,000",MED6E_W34,4,"0.508007,0.327994,0.132522,0.031477"
base,EDUCATIONxINCOME,"EDUCATIONxINCOME :: Postgraduate | $75,000-$100,000",MED6E_W34,4,"0.541738,0.308673,0.120878,0.028711"
base,EDUCATIONxINCOME,"EDUCATIONxINCOME :: Postgraduate | Less than $30,000",MED6E_W34,4,"0.425645,0.342015,0.183068,0.049272"
base,EDUCATIONxINCOME,"EDUCATIONxINCOME :: Some college, no degree | $100,000 or more",MED6E_W34,4,"0.429345,0.344988,0.178978,0.046689"
base,EDUCATIONxINCOME,"EDUCATIONxINCOME :: Some college, no degree | $30,000-$50,000",MED6E_W34,4,"0.326590,0.393942,0.224462,0.055007"
base,EDUCATIONxINCOME,"EDUCATIONxINCOME :: Some college, no degree | $50,000-$75,000",MED6E_W34,4,"0.378499,0.378499,0.196363,0.046640"
base,EDUCATIONxINCOME,"EDUCATIONxINCOME :: Some college, no degree | $75,000-$100,000",MED6E_W34,4,"0.424566,0.363150,0.171540,0.040744"
base,EDUCATIONxINCOME,"EDUCATIONxINCOME :: Some college, no degree | Less than $30,000",MED6E_W34,4,"0.318971,0.361442,0.248415,0.071172"
base,EDUCATIONxINCOME,"EDUCATIONxINCOME :: Associate's degree | $100,000 or more",MOREWMN3F2_W36,3,"0.814881,0.052094,0.133026"
base,EDUCATIONxINCOME,"EDUCATIONxINCOME :: Associate's degree | $30,000-$50,000",MOREWMN3F2_W36,3,"0.743187,0.062941,0.193872"
base,EDUCATIONxINCOME,"EDUCATIONxINCOME :: Associate's degree | $50,000-$75,000",MOREWMN3F2_W36,3,"0.766312,0.057274,0.176415"
base,EDUCATIONxINCOME,"EDUCATIONxINCOME :: Associate's degree | $75,000-$100,000",MOREWMN3F2_W36,3,"0.775973,0.056211,0.167816"
base,EDUCATIONxINCOME,"EDUCATIONxINCOME :: Associate's degree | Less than $30,000",MOREWMN3F2_W36,3,"0.727513,0.076679,0.195808"
base,EDUCATIONxINCOME,"EDUCATIONxINCOME :: College graduate/some postgrad | $100,000 or more",MOREWMN3F2_W36,3,"0.821502,0.052517,0.125981"
base,EDUCATIONxINCOME,"EDUCATIONxINCOME :: College graduate/some postgrad | $30,000-$50,000",MOREWMN3F2_W36,3,"0.789190,0.055410,0.155401"
base,EDUCATIONxINCOME,"EDUCATIONxINCOME :: College graduate/some postgrad | $50,000-$75,000",MOREWMN3F2_W36,3,"0.807949,0.051650,0.140400"
base,EDUCATIONxINCOME,"EDUCATIONxINCOME :: College graduate/some postgrad | $75,000-$100,000",MOREWMN3F2_W36,3,"0.803053,0.052967,0.143980"
base,EDUCATIONxINCOME,"EDUCATIONxINCOME :: College graduate/some postgrad | Less than $30,000",MOREWMN3F2_W36,3,"0.776486,0.065761,0.157753"
base,EDUCATIONxINCOME,EDUCATIONxINCOME :: College graduate/some postgrad | Refused,MOREWMN3F2_W36,3,"0.625578,0.105364,0.269058"
base,EDUCATIONxINCOME,"EDUCATIONxINCOME :: High school graduate | $100,000 or more",MOREWMN3F2_W36,3,"0.795924,0.061375,0.142701"
base,EDUCATIONxINCOME,"EDUCATIONxINCOME :: High school graduate | $30,000-$50,000",MOREWMN3F2_W36,3,"0.732564,0.064011,0.203426"
base,EDUCATIONxINCOME,"EDUCATIONxINCOME :: High school graduate | $50,000-$75,000",MOREWMN3F2_W36,3,"0.764921,0.058984,0.176095"
base,EDUCATIONxINCOME,"EDUCATIONxINCOME :: High school graduate | $75,000-$100,000",MOREWMN3F2_W36,3,"0.770494,0.057586,0.171920"
base,EDUCATIONxINCOME,"EDUCATIONxINCOME :: High school graduate | Less than $30,000",MOREWMN3F2_W36,3,"0.736248,0.077600,0.186153"
base,EDUCATIONxINCOME,"EDUCATIONxINCOME :: Less than high school | Less than $30,000",MOREWMN3F2_W36,3,"0.750543,0.076673,0.172785"
base,EDUCATIONxINCOME,"EDUCATIONxINCOME :: Postgraduate | $100,000 or more",MOREWMN3F2_W36,3,"0.826038,0.051182,0.122780"
base,EDUCATIONxINCOME,"EDUCATIONxINCOME :: Postgraduate | $30,000-$50,000",MOREWMN3F2_W36,3,"0.777168,0.059929,0.162903"
base,EDUCATIONxINCOME,"EDUCATIONxINCOME :: Postgraduate | $50,000-$75,000",MOREWMN3F2_W36,3,"0.801705,0.054557,0.143738"
base,EDUCATIONxINCOME,"EDUCATIONxINCOME :: Postgraduate | $75,000-$100,000",MOREWMN3F2_W36,3,"0.806627,0.053203,0.140171"
base,EDUCATIONxINCOME,"EDUCATIONxINCOME :: Postgraduate | Less than $30,000",MOREWMN3F2_W36,3,"0.765944,0.073505,0.160551"
base,EDUCATIONxINCOME,EDUCATIONxINCOME :: Postgraduate | Refused,MOREWMN3F2_W36,3,"0.635945,0.107111,0.256945"
base,EDUCATIONxINCOME,"EDUCATIONxINCOME :: Some college, no degree | $100,000 or more",MOREWMN3F2_W36,3,"0.826603,0.046634,0.126764"
base,EDUCATIONxINCOME,"EDUCATIONxINCOME :: Some college, no degree | $30,000-$50,000",MOREWMN3F2_W36,3,"0.789210,0.050452,0.160338"
base,EDUCATIONxINCOME,"EDUCATIONxINCOME :: Some college, no degree | $50,000-$75,000",MOREWMN3F2_W36,3,"0.815239,0.047453,0.137309"
base,EDUCATIONxINCOME,"EDUCATIONxINCOME :: Some college, no degree | $75,000-$100,000",MOREWMN3F2_W36,3,"0.818697,0.047654,0.133649"
base,EDUCATIONxINCOME,"EDUCATIONxINCOME :: Some college, no degree | Less than $30,000",MOREWMN3F2_W36,3,"0.777168,0.059929,0.162903"
base,EDUCATIONxINCOME,"EDUCATIONxINCOME :: Some college, no degree | Refused",MOREWMN3F2_W36,3,"0.654767,0.080683,0.264550"
base,EDUCATIONxINCOME,"EDUCATIONxINCOME :: Associate's degree | $100,000 or more",PAR2_W50,3,"0.292629,0.177488,0.529883"
base,EDUCATIONxINCOME,"EDUCATIONxINCOME :: Associate's degree | $30,000-$50,000",PAR2_W50,3,"0.289342,0.170095,0.540562"
base,EDUCATIONxINCOME,"EDUCATIONxINCOME :: Associate's degree | $50,000-$75,000",PAR2_W50,3,"0.276117,0.157327,0.566556"
base,EDUCATIONxINCOME,"EDUCATIONxINCOME :: Associate's degree | $75,000-$100,000",PAR2_W50,3,"0.271239,0.154547,0.574213"
base,EDUCATIONxINCOME,"EDUCATIONxINCOME :: Associate's degree | Less than $30,000",PAR2_W50,3,"0.311045,0.207200,0.481755"
base,EDUCATIONxINCOME,EDUCATIONxINCOME :: Associate's degree | Refused,PAR2_W50,3,"0.266200,0.220687,0.513113"
base,EDUCATIONxINCOME,"EDUCATIONxINCOME :: College graduate/some postgrad | $100,000 or more",PAR2_W50,3,"0.310703,0.177033,0.512263"
base,EDUCATIONxINCOME,"EDUCATIONxINCOME :: College graduate/some postgrad | $30,000-$50,000",PAR2_W50,3,"0.304051,0.178742,0.517207"
base,EDUCATIONxINCOME,"EDUCATIONxINCOME :: College graduate/some postgrad | $50,000-$75,000",PAR2_W50,3,"0.284461,0.167226,0.548313"
base,EDUCATIONxINCOME,"EDUCATIONxINCOME :: College graduate/some postgrad | $75,000-$100,000",PAR2_W50,3,"0.290864,0.165730,0.543406"
base,EDUCATIONxINCOME,"EDUCATIONxINCOME :: College graduate/some postgrad | Less than $30,000",PAR2_W50,3,"0.327239,0.211281,0.461480"
base,EDUCATIONxINCOME,EDUCATIONxINCOME :: College graduate/some postgrad | Refused,PAR2_W50,3,"0.287368,0.223802,0.488830"
base,EDUCATIONxINCOME,"EDUCATIONxINCOME :: High school graduate | $100,000 or more",PAR2_W50,3,"0.319799,0.200125,0.480076"
base,EDUCATIONxINCOME,"EDUCATIONxINCOME :: High school graduate | $30,000-$50,000",PAR2_W50,3,"0.324594,0.203125,0.472281"
base,EDUCATIONxINCOME,"EDUCATIONxINCOME :: High school graduate | $50,000-$75,000",PAR2_W50,3,"0.305390,0.191108,0.503502"
base,EDUCATIONxINCOME,"EDUCATIONxINCOME :: High school graduate | $75,000-$100,000",PAR2_W50,3,"0.302335,0.183376,0.514289"
base,EDUCATIONxINCOME,"EDUCATIONxINCOME :: High school graduate | Less than $30,000",PAR2_W50,3,"0.354555,0.243682,0.401763"
base,EDUCATIONxINCOME,EDUCATIONxINCOME :: High school graduate | Refused,PAR2_W50,3,"0.287542,0.238381,0.474077"
base,EDUCATIONxINCOME,"EDUCATIONxINCOME :: Less than high school | $30,000-$50,000",PAR2_W50,3,"0.348395,0.218020,0.433585"
base,EDUCATIONxINCOME,"EDUCATIONxINCOME :: Less than high school | Less than $30,000",PAR2_W50,3,"0.373498,0.241148,0.385354"
base,EDUCATIONxINCOME,"EDUCATIONxINCOME :: Postgraduate | $100,000 or more",PAR2_W50,3,"0.300767,0.171372,0.527862"
base,EDUCATIONxINCOME,"EDUCATIONxINCOME :: Postgraduate | $30,000-$50,000",PAR2_W50,3,"0.297352,0.164213,0.538435"
base,EDUCATIONxINCOME,"EDUCATIONxINCOME :: Postgraduate | $50,000-$75,000",PAR2_W50,3,"0.285932,0.162919,0.551149"
base,EDUCATIONxINCOME,"EDUCATIONxINCOME :: Postgraduate | $75,000-$100,000",PAR2_W50,3,"0.283769,0.151890,0.564341"
base,EDUCATIONxINCOME,"EDUCATIONxINCOME :: Postgraduate | Less than $30,000",PAR2_W50,3,"0.334155,0.209109,0.456736"
base,EDUCATIONxINCOME,EDUCATIONxINCOME :: Postgraduate | Refused,PAR2_W50,3,"0.282977,0.220383,0.496640"
base,EDUCATIONxINCOME,"EDUCATIONxINCOME :: Some college, no degree | $100,000 or more",PAR2_W50,3,"0.316921,0.192222,0.490857"
base,EDUCATIONxINCOME,"EDUCATIONxINCOME :: Some college, no degree | $30,000-$50,000",PAR2_W50,3,"0.318806,0.187417,0.493777"
base,EDUCATIONxINCOME,"EDUCATIONxINCOME :: Some college, no degree | $50,000-$75,000",PAR2_W50,3,"0.300767,0.171372,0.527862"
base,EDUCATIONxINCOME,"EDUCATIONxINCOME :: Some college, no degree | $75,000-$100,000",PAR2_W50,3,"0.300767,0.171372,0.527862"
base,EDUCATIONxINCOME,"EDUCATIONxINCOME :: Some college, no degree | Less than $30,000",PAR2_W50,3,"0.322514,0.208231,0.469255"
base,EDUCATIONxINCOME,"EDUCATIONxINCOME :: Some college, no degree | Refused",PAR2_W50,3,"0.278585,0.216962,0.504453"
base,EDUCATIONxINCOME,"EDUCATIONxINCOME :: Associate's degree | $100,000 or more",POLICY3MOD_W92,3,"0.579336,0.110568,0.310096"
base,EDUCATIONxINCOME,"EDUCATIONxINCOME :: Associate's degree | $30,000-$50,000",POLICY3MOD_W92,3,"0.539008,0.112982,0.348010"
base,EDUCATIONxINCOME,"EDUCATIONxINCOME :: Associate's degree | $50,000-$75,000",POLICY3MOD_W92,3,"0.558188,0.103254,0.338558"
base,EDUCATIONxINCOME,"EDUCATIONxINCOME :: Associate's degree | $75,000-$100,000",POLICY3MOD_W92,3,"0.569877,0.105417,0.324706"
base,EDUCATIONxINCOME,"EDUCATIONxINCOME :: Associate's degree | Less than $30,000",POLICY3MOD_W92,3,"0.517557,0.148283,0.334160"
base,EDUCATIONxINCOME,EDUCATIONxINCOME :: Associate's degree | Refused,POLICY3MOD_W92,3,"0.538794,0.124037,0.337169"
base,EDUCATIONxINCOME,"EDUCATIONxINCOME :: College graduate/some postgrad | $100,000 or more",POLICY3MOD_W92,3,"0.670288,0.090714,0.238999"
base,EDUCATIONxINCOME,"EDUCATIONxINCOME :: College graduate/some postgrad | $30,000-$50,000",POLICY3MOD_W92,3,"0.618790,0.097907,0.283303"
base,EDUCATIONxINCOME,"EDUCATIONxINCOME :: College graduate/some postgrad | $50,000-$75,000",POLICY3MOD_W92,3,"0.637054,0.088953,0.273993"
base,EDUCATIONxINCOME,"EDUCATIONxINCOME :: College graduate/some postgrad | $75,000-$100,000",POLICY3MOD_W92,3,"0.640646,0.092294,0.267061"
base,EDUCATIONxINCOME,"EDUCATIONxINCOME :: College graduate/some postgrad | Less than $30,000",POLICY3MOD_W92,3,"0.566940,0.138935,0.294125"
base,EDUCATIONxINCOME,EDUCATIONxINCOME :: College graduate/some postgrad | Refused,POLICY3MOD_W92,3,"0.589285,0.123521,0.287194"
base,EDUCATIONxINCOME,"EDUCATIONxINCOME :: High school graduate | $100,000 or more",POLICY3MOD_W92,3,"0.579750,0.137703,0.282548"
base,EDUCATIONxINCOME,"EDUCATIONxINCOME :: High school graduate | $30,000-$50,000",POLICY3MOD_W92,3,"0.563259,0.125680,0.311061"
base,EDUCATIONxINCOME,"EDUCATIONxINCOME :: High school graduate | $50,000-$75,000",POLICY3MOD_W92,3,"0.577309,0.113679,0.309012"
base,EDUCATIONxINCOME,"EDUCATIONxINCOME :: High school graduate | $75,000-$100,000",POLICY3MOD_W92,3,"0.588324,0.115848,0.295828"
base,EDUCATIONxINCOME,"EDUCATIONxINCOME :: High school graduate | Less than $30,000",POLICY3MOD_W92,3,"0.517207,0.178742,0.304051"
base,EDUCATIONxINCOME,EDUCATIONxINCOME :: High school graduate | Refused,POLICY3MOD_W92,3,"0.556386,0.136348,0.307266"
base,EDUCATIONxINCOME,"EDUCATIONxINCOME :: Less than high school | $30,000-$50,000",POLICY3MOD_W92,3,"0.541280,0.150308,0.308412"
base,EDUCATIONxINCOME,"EDUCATIONxINCOME :: Less than high school | $50,000-$75,000",POLICY3MOD_W92,3,"0.553988,0.140070,0.305941"
base,EDUCATIONxINCOME,"EDUCATIONxINCOME :: Less than high school | Less than $30,000",POLICY3MOD_W92,3,"0.527862,0.171372,0.300767"
base,EDUCATIONxINCOME,"EDUCATIONxINCOME :: Postgraduate | $100,000 or more",POLICY3MOD_W92,3,"0.626507,0.112326,0.261167"
base,EDUCATIONxINCOME,"EDUCATIONxINCOME :: Postgraduate | $30,000-$50,000",POLICY3MOD_W92,3,"0.584916,0.111633,0.303451"
base,EDUCATIONxINCOME,"EDUCATIONxINCOME :: Postgraduate | $50,000-$75,000",POLICY3MOD_W92,3,"0.596443,0.103646,0.299910"
base,EDUCATIONxINCOME,"EDUCATIONxINCOME :: Postgraduate | $75,000-$100,000",POLICY3MOD_W92,3,"0.607482,0.105564,0.286954"
base,EDUCATIONxINCOME,"EDUCATIONxINCOME :: Postgraduate | Less than $30,000",POLICY3MOD_W92,3,"0.551587,0.153170,0.295243"
base,EDUCATIONxINCOME,EDUCATIONxINCOME :: Postgraduate | Refused,POLICY3MOD_W92,3,"0.583961,0.122405,0.293634"
base,EDUCATIONxINCOME,"EDUCATIONxINCOME :: Some college, no degree | $100,000 or more",POLICY3MOD_W92,3,"0.579336,0.110568,0.310096"
base,EDUCATIONxINCOME,"EDUCATIONxINCOME :: Some college, no degree | $30,000-$50,000",POLICY3MOD_W92,3,"0.571702,0.112575,0.315724"
base,EDUCATIONxINCOME,"EDUCATIONxINCOME :: Some college, no degree | $50,000-$75,000",POLICY3MOD_W92,3,"0.577520,0.103544,0.318937"
base,EDUCATIONxINCOME,"EDUCATIONxINCOME :: Some college, no degree | $75,000-$100,000",POLICY3MOD_W92,3,"0.590819,0.102669,0.306513"
base,EDUCATIONxINCOME,"EDUCATIONxINCOME :: Some college, no degree | Less than $30,000",POLICY3MOD_W92,3,"0.507324,0.154725,0.337951"
base,EDUCATIONxINCOME,"EDUCATIONxINCOME :: Some college, no degree | Refused",POLICY3MOD_W92,3,"0.548608,0.118645,0.332747"
base,EDUCATIONxINCOME,"EDUCATIONxINCOME :: Associate's degree | $100,000 or more",PP5d_W49,4,"0.122808,0.313602,0.415455,0.148135"
base,EDUCATIONxINCOME,"EDUCATIONxINCOME :: Associate's degree | $30,000-$50,000",PP5d_W49,4,"0.069851,0.303417,0.500250,0.126483"
base,EDUCATIONxINCOME,"EDUCATIONxINCOME :: Associate's degree | $50,000-$75,000",PP5d_W49,4,"0.074375,0.343908,0.470066,0.111651"
base,EDUCATIONxINCOME,"EDUCATIONxINCOME :: Associate's degree | $75,000-$100,000",PP5d_W49,4,"0.081379,0.353494,0.453895,0.111232"
base,EDUCATIONxINCOME,"EDUCATIONxINCOME :: Associate's degree | Less than $30,000",PP5d_W49,4,"0.079291,0.276752,0.470771,0.173187"
base,EDUCATIONxINCOME,"EDUCATIONxINCOME :: College graduate/some postgrad | $100,000 or more",PP5d_W49,4,"0.118680,0.322606,0.401489,0.157225"
base,EDUCATIONxINCOME,"EDUCATIONxINCOME :: College graduate/some postgrad | $30,000-$50,000",PP5d_W49,4,"0.069733,0.322440,0.469148,0.138680"
base,EDUCATIONxINCOME,"EDUCATIONxINCOME :: College graduate/some postgrad | $50,000-$75,000",PP5d_W49,4,"0.077355,0.357687,0.445148,0.119810"
base,EDUCATIONxINCOME,"EDUCATIONxINCOME :: College graduate/some postgrad | $75,000-$100,000",PP5d_W49,4,"0.081499,0.365252,0.427022,0.126228"
base,EDUCATIONxINCOME,"EDUCATIONxINCOME :: College graduate/some postgrad | Less than $30,000",PP5d_W49,4,"0.071445,0.265449,0.480666,0.182440"
base,EDUCATIONxINCOME,"EDUCATIONxINCOME :: High school graduate | $100,000 or more",PP5d_W49,4,"0.113676,0.281351,0.449597,0.155377"
base,EDUCATIONxINCOME,"EDUCATIONxINCOME :: High school graduate | $30,000-$50,000",PP5d_W49,4,"0.063638,0.285204,0.516438,0.134721"
base,EDUCATIONxINCOME,"EDUCATIONxINCOME :: High school graduate | $50,000-$75,000",PP5d_W49,4,"0.069713,0.312433,0.499267,0.118586"
base,EDUCATIONxINCOME,"EDUCATIONxINCOME :: High school graduate | $75,000-$100,000",PP5d_W49,4,"0.077097,0.334893,0.472275,0.115736"
base,EDUCATIONxINCOME,"EDUCATIONxINCOME :: High school graduate | Less than $30,000",PP5d_W49,4,"0.071941,0.235885,0.484005,0.208168"
base,EDUCATIONxINCOME,EDUCATIONxINCOME :: High school graduate | Refused,PP5d_W49,4,"0.108786,0.237610,0.443914,0.209690"
base,EDUCATIONxINCOME,"EDUCATIONxINCOME :: Less than high school | $30,000-$50,000",PP5d_W49,4,"0.063305,0.227969,0.513735,0.194992"
base,EDUCATIONxINCOME,"EDUCATIONxINCOME :: Less than high school | Less than $30,000",PP5d_W49,4,"0.066651,0.181177,0.462652,0.289520"
base,EDUCATIONxINCOME,"EDUCATIONxINCOME :: Postgraduate | $100,000 or more",PP5d_W49,4,"0.130051,0.302377,0.400584,0.166988"
base,EDUCATIONxINCOME,"EDUCATIONxINCOME :: Postgraduate | $30,000-$50,000",PP5d_W49,4,"0.077152,0.314828,0.472613,0.135406"
base,EDUCATIONxINCOME,"EDUCATIONxINCOME :: Postgraduate | $50,000-$75,000",PP5d_W49,4,"0.077114,0.345602,0.457848,0.119437"
base,EDUCATIONxINCOME,"EDUCATIONxINCOME :: Postgraduate | $75,000-$100,000",PP5d_W49,4,"0.090150,0.356549,0.430081,0.123220"
base,EDUCATIONxINCOME,"EDUCATIONxINCOME :: Postgraduate | Less than $30,000",PP5d_W49,4,"0.079946,0.262132,0.460055,0.197867"
base,EDUCATIONxINCOME,"EDUCATIONxINCOME :: Some college, no degree | $100,000 or more",PP5d_W49,4,"0.096802,0.271488,0.461817,0.169893"
base,EDUCATIONxINCOME,"EDUCATIONxINCOME :: Some college, no degree | $30,000-$50,000",PP5d_W49,4,"0.060945,0.273138,0.510288,0.155629"
base,EDUCATIONxINCOME,"EDUCATIONxINCOME :: Some college, no degree | $50,000-$75,000",PP5d_W49,4,"0.070359,0.305628,0.488391,0.135621"
base,EDUCATIONxINCOME,"EDUCATIONxINCOME :: Some college, no degree | $75,000-$100,000",PP5d_W49,4,"0.072394,0.324448,0.472069,0.131089"
base,EDUCATIONxINCOME,"EDUCATIONxINCOME :: Some college, no degree | Less than $30,000",PP5d_W49,4,"0.066511,0.225005,0.476336,0.232148"
base,EDUCATIONxINCOME,"EDUCATIONxINCOME :: Some college, no degree | Refused",PP5d_W49,4,"0.092626,0.229252,0.455923,0.222199"
base,EDUCATIONxINCOME,"EDUCATIONxINCOME :: Associate's degree | $100,000 or more",PQ3_F2Bc_W42,2,"0.445530,0.554470"
base,EDUCATIONxINCOME,"EDUCATIONxINCOME :: Associate's degree | $30,000-$50,000",PQ3_F2Bc_W42,2,"0.430147,0.569853"
base,EDUCATIONxINCOME,"EDUCATIONxINCOME :: Associate's degree | $50,000-$75,000",PQ3_F2Bc_W42,2,"0.430147,0.569853"
base,EDUCATIONxINCOME,"EDUCATIONxINCOME :: Associate's degree | $75,000-$100,000",PQ3_F2Bc_W42,2,"0.453262,0.546738"
base,EDUCATIONxINCOME,"EDUCATIONxINCOME :: Associate's degree | Less than $30,000",PQ3_F2Bc_W42,2,"0.430147,0.569853"
base,EDUCATIONxINCOME,"EDUCATIONxINCOME :: College graduate/some postgrad | $100,000 or more",PQ3_F2Bc_W42,2,"0.437824,0.562177"
base,EDUCATIONxINCOME,"EDUCATIONxINCOME :: College graduate/some postgrad | $30,000-$50,000",PQ3_F2Bc_W42,2,"0.414899,0.585101"
base,EDUCATIONxINCOME,"EDUCATIONxINCOME :: College graduate/some postgrad | $50,000-$75,000",PQ3_F2Bc_W42,2,"0.430147,0.569853"
base,EDUCATIONxINCOME,"EDUCATIONxINCOME :: College graduate/some postgrad | $75,000-$100,000",PQ3_F2Bc_W42,2,"0.437824,0.562177"
base,EDUCATIONxINCOME,"EDUCATIONxINCOME :: College graduate/some postgrad | Less than $30,000",PQ3_F2Bc_W42,2,"0.414899,0.585101"
base,EDUCATIONxINCOME,"EDUCATIONxINCOME :: High school graduate | $100,000 or more",PQ3_F2Bc_W42,2,"0.414899,0.585101"
base,EDUCATIONxINCOME,"EDUCATIONxINCOME :: High school graduate | $30,000-$50,000",PQ3_F2Bc_W42,2,"0.384912,0.615088"
base,EDUCATIONxINCOME,"EDUCATIONxINCOME :: High school graduate | $50,000-$75,000",PQ3_F2Bc_W42,2,"0.399812,0.600188"
base,EDUCATIONxINCOME,"EDUCATIONxINCOME :: High school graduate | $75,000-$100,000",PQ3_F2Bc_W42,2,"0.414899,0.585101"
base,EDUCATIONxINCOME,"EDUCATIONxINCOME :: High school graduate | Less than $30,000",PQ3_F2Bc_W42,2,"0.392337,0.607663"
base,EDUCATIONxINCOME,EDUCATIONxINCOME :: High school graduate | Refused,PQ3_F2Bc_W42,2,"0.355775,0.644225"
base,EDUCATIONxINCOME,"EDUCATIONxINCOME :: Less than high school | $30,000-$50,000",PQ3_F2Bc_W42,2,"0.377541,0.622459"
base,EDUCATIONxINCOME,"EDUCATIONxINCOME :: Less than high school | Less than $30,000",PQ3_F2Bc_W42,2,"0.392337,0.607663"
base,EDUCATIONxINCOME,"EDUCATIONxINCOME :: Postgraduate | $100,000 or more",PQ3_F2Bc_W42,2,"0.492188,0.507812"
base,EDUCATIONxINCOME,"EDUCATIONxINCOME :: Postgraduate | $30,000-$50,000",PQ3_F2Bc_W42,2,"0.468791,0.531209"
base,EDUCATIONxINCOME,"EDUCATIONxINCOME :: Postgraduate | $50,000-$75,000",PQ3_F2Bc_W42,2,"0.476580,0.523420"
base,EDUCATIONxINCOME,"EDUCATIONxINCOME :: Postgraduate | $75,000-$100,000",PQ3_F2Bc_W42,2,"0.492188,0.507812"
base,EDUCATIONxINCOME,"EDUCATIONxINCOME :: Postgraduate | Less than $30,000",PQ3_F2Bc_W42,2,"0.461017,0.538983"
base,EDUCATIONxINCOME,"EDUCATIONxINCOME :: Some college, no degree | $100,000 or more",PQ3_F2Bc_W42,2,"0.392337,0.607663"
base,EDUCATIONxINCOME,"EDUCATIONxINCOME :: Some college, no degree | $30,000-$50,000",PQ3_F2Bc_W42,2,"0.362969,0.637031"
base,EDUCATIONxINCOME,"EDUCATIONxINCOME :: Some college, no degree | $50,000-$75,000",PQ3_F2Bc_W42,2,"0.384912,0.615088"
base,EDUCATIONxINCOME,"EDUCATIONxINCOME :: Some college, no degree | $75,000-$100,000",PQ3_F2Bc_W42,2,"0.392337,0.607663"
base,EDUCATIONxINCOME,"EDUCATIONxINCOME :: Some college, no degree | Less than $30,000",PQ3_F2Bc_W42,2,"0.370225,0.629775"
base,EDUCATIONxINCOME,"EDUCATIONxINCOME :: Some college, no degree | Refused",PQ3_F2Bc_W42,2,"0.320821,0.679179"
base,EDUCATIONxINCOME,"EDUCATIONxINCOME :: Associate's degree | $100,000 or more",PQ6_F2A_W42,2,"0.538983,0.461017"
base,EDUCATIONxINCOME,"EDUCATIONxINCOME :: Associate's degree | $30,000-$50,000",PQ6_F2A_W42,2,"0.531209,0.468791"
base,EDUCATIONxINCOME,"EDUCATIONxINCOME :: Associate's degree | $50,000-$75,000",PQ6_F2A_W42,2,"0.531209,0.468791"
base,EDUCATIONxINCOME,"EDUCATIONxINCOME :: Associate's degree | $75,000-$100,000",PQ6_F2A_W42,2,"0.515620,0.484380"
base,EDUCATIONxINCOME,"EDUCATIONxINCOME :: Associate's degree | Less than $30,000",PQ6_F2A_W42,2,"0.546738,0.453262"
base,EDUCATIONxINCOME,"EDUCATIONxINCOME :: College graduate/some postgrad | $100,000 or more",PQ6_F2A_W42,2,"0.562177,0.437824"
base,EDUCATIONxINCOME,"EDUCATIONxINCOME :: College graduate/some postgrad | $30,000-$50,000",PQ6_F2A_W42,2,"0.554470,0.445530"
base,EDUCATIONxINCOME,"EDUCATIONxINCOME :: College graduate/some postgrad | $50,000-$75,000",PQ6_F2A_W42,2,"0.554470,0.445530"
base,EDUCATIONxINCOME,"EDUCATIONxINCOME :: College graduate/some postgrad | $75,000-$100,000",PQ6_F2A_W42,2,"0.538983,0.461017"
base,EDUCATIONxINCOME,"EDUCATIONxINCOME :: College graduate/some postgrad | Less than $30,000",PQ6_F2A_W42,2,"0.569853,0.430147"
base,EDUCATIONxINCOME,"EDUCATIONxINCOME :: High school graduate | $100,000 or more",PQ6_F2A_W42,2,"0.592667,0.407333"
base,EDUCATIONxINCOME,"EDUCATIONxINCOME :: High school graduate | $30,000-$50,000",PQ6_F2A_W42,2,"0.592667,0.407333"
base,EDUCATIONxINCOME,"EDUCATIONxINCOME :: High school graduate | $50,000-$75,000",PQ6_F2A_W42,2,"0.592667,0.407333"
base,EDUCATIONxINCOME,"EDUCATIONxINCOME :: High school graduate | $75,000-$100,000",PQ6_F2A_W42,2,"0.569853,0.430147"
base,EDUCATIONxINCOME,"EDUCATIONxINCOME :: High school graduate | Less than $30,000",PQ6_F2A_W42,2,"0.592667,0.407333"
base,EDUCATIONxINCOME,EDUCATIONxINCOME :: High school graduate | Refused,PQ6_F2A_W42,2,"0.554470,0.445530"
base,EDUCATIONxINCOME,"EDUCATIONxINCOME :: Less than high school | $30,000-$50,000",PQ6_F2A_W42,2,"0.585101,0.414899"
base,EDUCATIONxINCOME,"EDUCATIONxINCOME :: Less than high school | Less than $30,000",PQ6_F2A_W42,2,"0.592667,0.407333"
base,EDUCATIONxINCOME,"EDUCATIONxINCOME :: Postgraduate | $100,000 or more",PQ6_F2A_W42,2,"0.523420,0.476580"
base,EDUCATIONxINCOME,"EDUCATIONxINCOME :: Postgraduate | $30,000-$50,000",PQ6_F2A_W42,2,"0.523420,0.476580"
base,EDUCATIONxINCOME,"EDUCATIONxINCOME :: Postgraduate | $50,000-$75,000",PQ6_F2A_W42,2,"0.523420,0.476580"
base,EDUCATIONxINCOME,"EDUCATIONxINCOME :: Postgraduate | $75,000-$100,000",PQ6_F2A_W42,2,"0.507812,0.492188"
base,EDUCATIONxINCOME,"EDUCATIONxINCOME :: Postgraduate | Less than $30,000",PQ6_F2A_W42,2,"0.546738,0.453262"
base,EDUCATIONxINCOME,"EDUCATIONxINCOME :: Some college, no degree | $100,000 or more",PQ6_F2A_W42,2,"0.569853,0.430147"
base,EDUCATIONxINCOME,"EDUCATIONxINCOME :: Some college, no degree | $30,000-$50,000",PQ6_F2A_W42,2,"0.577495,0.422505"
base,EDUCATIONxINCOME,"EDUCATIONxINCOME :: Some college, no degree | $50,000-$75,000",PQ6_F2A_W42,2,"0.569853,0.430147"
base,EDUCATIONxINCOME,"EDUCATIONxINCOME :: Some college, no degree | $75,000-$100,000",PQ6_F2A_W42,2,"0.554470,0.445530"
base,EDUCATIONxINCOME,"EDUCATIONxINCOME :: Some college, no degree | Less than $30,000",PQ6_F2A_W42,2,"0.592667,0.407333"
base,EDUCATIONxINCOME,"EDUCATIONxINCOME :: Some college, no degree | Refused",PQ6_F2A_W42,2,"0.585101,0.414899"
base,EDUCATIONxINCOME,"EDUCATIONxINCOME :: Associate's degree | $100,000 or more",RACESURV29c_W43,4,"0.209280,0.471620,0.237145,0.081955"
base,EDUCATIONxINCOME,"EDUCATIONxINCOME :: Associate's degree | $30,000-$50,000",RACESURV29c_W43,4,"0.159938,0.524417,0.240096,0.075549"
base,EDUCATIONxINCOME,"EDUCATIONxINCOME :: Associate's degree | $50,000-$75,000",RACESURV29c_W43,4,"0.161029,0.544756,0.227088,0.067127"
base,EDUCATIONxINCOME,"EDUCATIONxINCOME :: Associate's degree | $75,000-$100,000",RACESURV29c_W43,4,"0.174101,0.536268,0.223550,0.066081"
base,EDUCATIONxINCOME,"EDUCATIONxINCOME :: Associate's degree | Less than $30,000",RACESURV29c_W43,4,"0.171203,0.480152,0.257007,0.091639"
base,EDUCATIONxINCOME,"EDUCATIONxINCOME :: College graduate/some postgrad | $100,000 or more",RACESURV29c_W43,4,"0.214102,0.497803,0.214102,0.073992"
base,EDUCATIONxINCOME,"EDUCATIONxINCOME :: College graduate/some postgrad | $30,000-$50,000",RACESURV29c_W43,4,"0.170100,0.540578,0.218413,0.070908"
base,EDUCATIONxINCOME,"EDUCATIONxINCOME :: College graduate/some postgrad | $50,000-$75,000",RACESURV29c_W43,4,"0.170853,0.560206,0.206088,0.062853"
base,EDUCATIONxINCOME,"EDUCATIONxINCOME :: College graduate/some postgrad | $75,000-$100,000",RACESURV29c_W43,4,"0.184546,0.550954,0.202685,0.061815"
base,EDUCATIONxINCOME,"EDUCATIONxINCOME :: College graduate/some postgrad | Less than $30,000",RACESURV29c_W43,4,"0.179453,0.487805,0.245284,0.087459"
base,EDUCATIONxINCOME,EDUCATIONxINCOME :: College graduate/some postgrad | Refused,RACESURV29c_W43,4,"0.175100,0.461327,0.246931,0.116642"
base,EDUCATIONxINCOME,"EDUCATIONxINCOME :: High school graduate | $100,000 or more",RACESURV29c_W43,4,"0.194658,0.452593,0.257880,0.094869"
base,EDUCATIONxINCOME,"EDUCATIONxINCOME :: High school graduate | $30,000-$50,000",RACESURV29c_W43,4,"0.151074,0.511077,0.256985,0.080864"
base,EDUCATIONxINCOME,"EDUCATIONxINCOME :: High school graduate | $50,000-$75,000",RACESURV29c_W43,4,"0.150911,0.526731,0.248810,0.073548"
base,EDUCATIONxINCOME,"EDUCATIONxINCOME :: High school graduate | $75,000-$100,000",RACESURV29c_W43,4,"0.169282,0.521425,0.238726,0.070567"
base,EDUCATIONxINCOME,"EDUCATIONxINCOME :: High school graduate | Less than $30,000",RACESURV29c_W43,4,"0.162321,0.441235,0.284883,0.111562"
base,EDUCATIONxINCOME,EDUCATIONxINCOME :: High school graduate | Refused,RACESURV29c_W43,4,"0.173108,0.415265,0.268115,0.143512"
base,EDUCATIONxINCOME,"EDUCATIONxINCOME :: Less than high school | $30,000-$50,000",RACESURV29c_W43,4,"0.159377,0.461172,0.279715,0.099736"
base,EDUCATIONxINCOME,"EDUCATIONxINCOME :: Less than high school | Less than $30,000",RACESURV29c_W43,4,"0.169392,0.406351,0.288146,0.136111"
base,EDUCATIONxINCOME,"EDUCATIONxINCOME :: Postgraduate | $100,000 or more",RACESURV29c_W43,4,"0.224644,0.460939,0.231775,0.082642"
base,EDUCATIONxINCOME,"EDUCATIONxINCOME :: Postgraduate | $30,000-$50,000",RACESURV29c_W43,4,"0.184968,0.502795,0.237503,0.074734"
base,EDUCATIONxINCOME,"EDUCATIONxINCOME :: Postgraduate | $50,000-$75,000",RACESURV29c_W43,4,"0.181236,0.524423,0.225552,0.068789"
base,EDUCATIONxINCOME,"EDUCATIONxINCOME :: Postgraduate | $75,000-$100,000",RACESURV29c_W43,4,"0.205585,0.508827,0.218844,0.066744"
base,EDUCATIONxINCOME,"EDUCATIONxINCOME :: Postgraduate | Less than $30,000",RACESURV29c_W43,4,"0.185559,0.445132,0.269986,0.099322"
base,EDUCATIONxINCOME,"EDUCATIONxINCOME :: Some college, no degree | $100,000 or more",RACESURV29c_W43,4,"0.193174,0.493287,0.233012,0.080527"
base,EDUCATIONxINCOME,"EDUCATIONxINCOME :: Some college, no degree | $30,000-$50,000",RACESURV29c_W43,4,"0.161128,0.528320,0.234440,0.076112"
base,EDUCATIONxINCOME,"EDUCATIONxINCOME :: Some college, no degree | $50,000-$75,000",RACESURV29c_W43,4,"0.162233,0.531943,0.236048,0.069776"
base,EDUCATIONxINCOME,"EDUCATIONxINCOME :: Some college, no degree | $75,000-$100,000",RACESURV29c_W43,4,"0.178640,0.533321,0.222321,0.065718"
base,EDUCATIONxINCOME,"EDUCATIONxINCOME :: Some college, no degree | Less than $30,000",RACESURV29c_W43,4,"0.171687,0.481509,0.257733,0.089070"
base,EDUCATIONxINCOME,"EDUCATIONxINCOME :: Some college, no degree | Refused",RACESURV29c_W43,4,"0.174359,0.459375,0.253691,0.112575"
base,EDUCATIONxINCOME,"EDUCATIONxINCOME :: Associate's degree | $100,000 or more",RACESURV53d_W43,2,"0.422505,0.577495"
base,EDUCATIONxINCOME,"EDUCATIONxINCOME :: Associate's degree | $30,000-$50,000",RACESURV53d_W43,2,"0.422505,0.577495"
base,EDUCATIONxINCOME,"EDUCATIONxINCOME :: Associate's degree | $50,000-$75,000",RACESURV53d_W43,2,"0.399812,0.600188"
base,EDUCATIONxINCOME,"EDUCATIONxINCOME :: Associate's degree | $75,000-$100,000",RACESURV53d_W43,2,"0.392337,0.607663"
base,EDUCATIONxINCOME,"EDUCATIONxINCOME :: Associate's degree | Less than $30,000",RACESURV53d_W43,2,"0.422505,0.577495"
base,EDUCATIONxINCOME,"EDUCATIONxINCOME :: College graduate/some postgrad | $100,000 or more",RACESURV53d_W43,2,"0.422505,0.577495"
base,EDUCATIONxINCOME,"EDUCATIONxINCOME :: College graduate/some postgrad | $30,000-$50,000",RACESURV53d_W43,2,"0.445530,0.554470"
base,EDUCATIONxINCOME,"EDUCATIONxINCOME :: College graduate/some postgrad | $50,000-$75,000",RACESURV53d_W43,2,"0.414899,0.585101"
base,EDUCATIONxINCOME,"EDUCATIONxINCOME :: College graduate/some postgrad | $75,000-$100,000",RACESURV53d_W43,2,"0.414899,0.585101"
base,EDUCATIONxINCOME,"EDUCATIONxINCOME :: College graduate/some postgrad | Less than $30,000",RACESURV53d_W43,2,"0.453262,0.546738"
base,EDUCATIONxINCOME,EDUCATIONxINCOME :: College graduate/some postgrad | Refused,RACESURV53d_W43,2,"0.422505,0.577495"
base,EDUCATIONxINCOME,"EDUCATIONxINCOME :: High school graduate | $100,000 or more",RACESURV53d_W43,2,"0.414899,0.585101"
base,EDUCATIONxINCOME,"EDUCATIONxINCOME :: High school graduate | $30,000-$50,000",RACESURV53d_W43,2,"0.430147,0.569853"
base,EDUCATIONxINCOME,"EDUCATIONxINCOME :: High school graduate | $50,000-$75,000",RACESURV53d_W43,2,"0.399812,0.600188"
base,EDUCATIONxINCOME,"EDUCATIONxINCOME :: High school graduate | $75,000-$100,000",RACESURV53d_W43,2,"0.407333,0.592667"
base,EDUCATIONxINCOME,"EDUCATIONxINCOME :: High school graduate | Less than $30,000",RACESURV53d_W43,2,"0.437824,0.562177"
base,EDUCATIONxINCOME,EDUCATIONxINCOME :: High school graduate | Refused,RACESURV53d_W43,2,"0.430147,0.569853"
base,EDUCATIONxINCOME,"EDUCATIONxINCOME :: Less than high school | $30,000-$50,000",RACESURV53d_W43,2,"0.476580,0.523420"
base,EDUCATIONxINCOME,"EDUCATIONxINCOME :: Less than high school | Less than $30,000",RACESURV53d_W43,2,"0.492188,0.507812"
base,EDUCATIONxINCOME,"EDUCATIONxINCOME :: Postgraduate | $100,000 or more",RACESURV53d_W43,2,"0.461017,0.538983"
base,EDUCATIONxINCOME,"EDUCATIONxINCOME :: Postgraduate | $30,000-$50,000",RACESURV53d_W43,2,"0.461017,0.538983"
base,EDUCATIONxINCOME,"EDUCATIONxINCOME :: Postgraduate | $50,000-$75,000",RACESURV53d_W43,2,"0.437824,0.562177"
base,EDUCATIONxINCOME,"EDUCATIONxINCOME :: Postgraduate | $75,000-$100,000",RACESURV53d_W43,2,"0.437824,0.562177"
base,EDUCATIONxINCOME,"EDUCATIONxINCOME :: Postgraduate | Less than $30,000",RACESURV53d_W43,2,"0.461017,0.538983"
base,EDUCATIONxINCOME,"EDUCATIONxINCOME :: Some college, no degree | $100,000 or more",RACESURV53d_W43,2,"0.430147,0.569853"
base,EDUCATIONxINCOME,"EDUCATIONxINCOME :: Some college, no degree | $30,000-$50,000",RACESURV53d_W43,2,"0.461017,0.538983"
base,EDUCATIONxINCOME,"EDUCATIONxINCOME :: Some college, no degree | $50,000-$75,000",RACESURV53d_W43,2,"0.430147,0.569853"
base,EDUCATIONxINCOME,"EDUCATIONxINCOME :: Some college, no degree | $75,000-$100,000",RACESURV53d_W43,2,"0.422505,0.577495"
base,EDUCATIONxINCOME,"EDUCATIONxINCOME :: Some college, no degree | Less than $30,000",RACESURV53d_W43,2,"0.445530,0.554470"
base,EDUCATIONxINCOME,"EDUCATIONxINCOME :: Some college, no degree | Refused",RACESURV53d_W43,2,"0.377541,0.622459"
base,EDUCATIONxINCOME,"EDUCATIONxINCOME :: Associate's degree | $100,000 or more",RACESURV5b_W43,5,"0.130657,0.126638,0.294441,0.415229,0.033035"
base,EDUCATIONxINCOME,"EDUCATIONxINCOME :: Associate's degree | $30,000-$50,000",RACESURV5b_W43,5,"0.120075,0.127820,0.306623,0.419104,0.026377"
base,EDUCATIONxINCOME,"EDUCATIONxINCOME :: Associate's degree | $50,000-$75,000",RACESURV5b_W43,5,"0.120686,0.136755,0.308183,0.408276,0.026100"
base,EDUCATIONxINCOME,"EDUCATIONxINCOME :: Associate's degree | $75,000-$100,000",RACESURV5b_W43,5,"0.131199,0.135364,0.305047,0.404121,0.024269"
base,EDUCATIONxINCOME,"EDUCATIONxINCOME :: Associate's degree | Less than $30,000",RACESURV5b_W43,5,"0.138490,0.138490,0.312092,0.376455,0.034473"
base,EDUCATIONxINCOME,"EDUCATIONxINCOME :: College graduate/some postgrad | $100,000 or more",RACESURV5b_W43,5,"0.124207,0.128149,0.297956,0.420186,0.029502"
base,EDUCATIONxINCOME,"EDUCATIONxINCOME :: College graduate/some postgrad | $30,000-$50,000",RACESURV5b_W43,5,"0.128154,0.145218,0.307426,0.394743,0.024459"
base,EDUCATIONxINCOME,"EDUCATIONxINCOME :: College graduate/some postgrad | $50,000-$75,000",RACESURV5b_W43,5,"0.123835,0.154116,0.316225,0.381440,0.024385"
base,EDUCATIONxINCOME,"EDUCATIONxINCOME :: College graduate/some postgrad | $75,000-$100,000",RACESURV5b_W43,5,"0.123847,0.144792,0.316255,0.393585,0.021521"
base,EDUCATIONxINCOME,"EDUCATIONxINCOME :: College graduate/some postgrad | Less than $30,000",RACESURV5b_W43,5,"0.141155,0.145635,0.308310,0.371893,0.033007"
base,EDUCATIONxINCOME,EDUCATIONxINCOME :: College graduate/some postgrad | Refused,RACESURV5b_W43,5,"0.136004,0.109282,0.297060,0.406033,0.051621"
base,EDUCATIONxINCOME,"EDUCATIONxINCOME :: High school graduate | $100,000 or more",RACESURV5b_W43,5,"0.131075,0.135236,0.314434,0.379279,0.039976"
base,EDUCATIONxINCOME,"EDUCATIONxINCOME :: High school graduate | $30,000-$50,000",RACESURV5b_W43,5,"0.122934,0.130862,0.313922,0.403083,0.029199"
base,EDUCATIONxINCOME,"EDUCATIONxINCOME :: High school graduate | $50,000-$75,000",RACESURV5b_W43,5,"0.130038,0.142819,0.321848,0.376279,0.029015"
base,EDUCATIONxINCOME,"EDUCATIONxINCOME :: High school graduate | $75,000-$100,000",RACESURV5b_W43,5,"0.138997,0.143409,0.313234,0.377832,0.026528"
base,EDUCATIONxINCOME,"EDUCATIONxINCOME :: High school graduate | Less than $30,000",RACESURV5b_W43,5,"0.145569,0.145569,0.317953,0.349203,0.041706"
base,EDUCATIONxINCOME,EDUCATIONxINCOME :: High school graduate | Refused,RACESURV5b_W43,5,"0.147312,0.114727,0.302265,0.376175,0.059520"
base,EDUCATIONxINCOME,"EDUCATIONxINCOME :: Less than high school | $30,000-$50,000",RACESURV5b_W43,5,"0.135786,0.123634,0.287458,0.418249,0.034873"
base,EDUCATIONxINCOME,"EDUCATIONxINCOME :: Less than high school | Less than $30,000",RACESURV5b_W43,5,"0.148392,0.123021,0.295112,0.390960,0.042515"
base,EDUCATIONxINCOME,"EDUCATIONxINCOME :: Postgraduate | $100,000 or more",RACESURV5b_W43,5,"0.142381,0.138000,0.283159,0.399318,0.037142"
base,EDUCATIONxINCOME,"EDUCATIONxINCOME :: Postgraduate | $30,000-$50,000",RACESURV5b_W43,5,"0.145057,0.149662,0.279605,0.394306,0.031371"
base,EDUCATIONxINCOME,"EDUCATIONxINCOME :: Postgraduate | $50,000-$75,000",RACESURV5b_W43,5,"0.137533,0.155845,0.291157,0.385721,0.029744"
base,EDUCATIONxINCOME,"EDUCATIONxINCOME :: Postgraduate | $75,000-$100,000",RACESURV5b_W43,5,"0.152067,0.147388,0.284098,0.388317,0.028130"
base,EDUCATIONxINCOME,"EDUCATIONxINCOME :: Postgraduate | Less than $30,000",RACESURV5b_W43,5,"0.144561,0.140113,0.306035,0.369148,0.040143"
base,EDUCATIONxINCOME,"EDUCATIONxINCOME :: Some college, no degree | $100,000 or more",RACESURV5b_W43,5,"0.121224,0.113879,0.290801,0.436543,0.037553"
base,EDUCATIONxINCOME,"EDUCATIONxINCOME :: Some college, no degree | $30,000-$50,000",RACESURV5b_W43,5,"0.128600,0.132682,0.299003,0.408689,0.031026"
base,EDUCATIONxINCOME,"EDUCATIONxINCOME :: Some college, no degree | $50,000-$75,000",RACESURV5b_W43,5,"0.130845,0.143705,0.304223,0.390630,0.030597"
base,EDUCATIONxINCOME,"EDUCATIONxINCOME :: Some college, no degree | $75,000-$100,000",RACESURV5b_W43,5,"0.128310,0.140921,0.307799,0.395222,0.027749"
base,EDUCATIONxINCOME,"EDUCATIONxINCOME :: Some college, no degree | Less than $30,000",RACESURV5b_W43,5,"0.137112,0.124842,0.299481,0.396748,0.041817"
base,EDUCATIONxINCOME,"EDUCATIONxINCOME :: Some college, no degree | Refused",RACESURV5b_W43,5,"0.113827,0.091462,0.309413,0.436342,0.048956"
base,EDUCATIONxINCOME,"EDUCATIONxINCOME :: Associate's degree | $100,000 or more",RACESURV5f_W43,5,"0.248500,0.256388,0.256388,0.124953,0.113771"
base,EDUCATIONxINCOME,"EDUCATIONxINCOME :: Associate's degree | $30,000-$50,000",RACESURV5f_W43,5,"0.220111,0.300856,0.273932,0.121557,0.083545"
base,EDUCATIONxINCOME,"EDUCATIONxINCOME :: Associate's degree | $50,000-$75,000",RACESURV5f_W43,5,"0.229784,0.314078,0.260380,0.108542,0.087216"
base,EDUCATIONxINCOME,"EDUCATIONxINCOME :: Associate's degree | $75,000-$100,000",RACESURV5f_W43,5,"0.229008,0.294052,0.276236,0.108176,0.092528"
base,EDUCATIONxINCOME,"EDUCATIONxINCOME :: Associate's degree | Less than $30,000",RACESURV5f_W43,5,"0.185818,0.246169,0.316087,0.149309,0.102618"
base,EDUCATIONxINCOME,"EDUCATIONxINCOME :: College graduate/some postgrad | $100,000 or more",RACESURV5f_W43,5,"0.270700,0.270700,0.238892,0.120122,0.099585"
base,EDUCATIONxINCOME,"EDUCATIONxINCOME :: College graduate/some postgrad | $30,000-$50,000",RACESURV5f_W43,5,"0.229115,0.303528,0.267863,0.115206,0.084287"
base,EDUCATIONxINCOME,"EDUCATIONxINCOME :: College graduate/some postgrad | $50,000-$75,000",RACESURV5f_W43,5,"0.234571,0.320621,0.257626,0.100888,0.086294"
base,EDUCATIONxINCOME,"EDUCATIONxINCOME :: College graduate/some postgrad | $75,000-$100,000",RACESURV5f_W43,5,"0.238439,0.306162,0.261874,0.105807,0.087717"
base,EDUCATIONxINCOME,"EDUCATIONxINCOME :: College graduate/some postgrad | Less than $30,000",RACESURV5f_W43,5,"0.189714,0.251330,0.312785,0.147749,0.098422"
base,EDUCATIONxINCOME,EDUCATIONxINCOME :: College graduate/some postgrad | Refused,RACESURV5f_W43,5,"0.219242,0.205959,0.290448,0.128886,0.155466"
base,EDUCATIONxINCOME,"EDUCATIONxINCOME :: High school graduate | $100,000 or more",RACESURV5f_W43,5,"0.212227,0.240484,0.281154,0.141373,0.124762"
base,EDUCATIONxINCOME,"EDUCATIONxINCOME :: High school graduate | $30,000-$50,000",RACESURV5f_W43,5,"0.197197,0.278093,0.296028,0.135532,0.093149"
base,EDUCATIONxINCOME,"EDUCATIONxINCOME :: High school graduate | $50,000-$75,000",RACESURV5f_W43,5,"0.209232,0.285987,0.285987,0.123001,0.095793"
base,EDUCATIONxINCOME,"EDUCATIONxINCOME :: High school graduate | $75,000-$100,000",RACESURV5f_W43,5,"0.205184,0.271825,0.298541,0.124451,0.099999"
base,EDUCATIONxINCOME,"EDUCATIONxINCOME :: High school graduate | Less than $30,000",RACESURV5f_W43,5,"0.167784,0.215439,0.333678,0.167784,0.115316"
base,EDUCATIONxINCOME,EDUCATIONxINCOME :: High school graduate | Refused,RACESURV5f_W43,5,"0.205904,0.187478,0.309098,0.137162,0.160358"
base,EDUCATIONxINCOME,"EDUCATIONxINCOME :: Less than high school | $30,000-$50,000",RACESURV5f_W43,5,"0.191091,0.237816,0.305362,0.163448,0.102283"
base,EDUCATIONxINCOME,"EDUCATIONxINCOME :: Less than high school | Less than $30,000",RACESURV5f_W43,5,"0.163484,0.185251,0.335446,0.203459,0.112360"
base,EDUCATIONxINCOME,"EDUCATIONxINCOME :: Postgraduate | $100,000 or more",RACESURV5f_W43,5,"0.290477,0.248458,0.226224,0.121089,0.113752"
base,EDUCATIONxINCOME,"EDUCATIONxINCOME :: Postgraduate | $30,000-$50,000",RACESURV5f_W43,5,"0.265859,0.283006,0.234620,0.121719,0.094795"
base,EDUCATIONxINCOME,"EDUCATIONxINCOME :: Postgraduate | $50,000-$75,000",RACESURV5f_W43,5,"0.270032,0.296573,0.230971,0.109103,0.093321"
base,EDUCATIONxINCOME,"EDUCATIONxINCOME :: Postgraduate | $75,000-$100,000",RACESURV5f_W43,5,"0.279549,0.279549,0.231754,0.109473,0.099676"
base,EDUCATIONxINCOME,"EDUCATIONxINCOME :: Postgraduate | Less than $30,000",RACESURV5f_W43,5,"0.209300,0.237168,0.295161,0.153127,0.105243"
base,EDUCATIONxINCOME,"EDUCATIONxINCOME :: Some college, no degree | $100,000 or more",RACESURV5f_W43,5,"0.216751,0.245611,0.269751,0.144387,0.123501"
base,EDUCATIONxINCOME,"EDUCATIONxINCOME :: Some college, no degree | $30,000-$50,000",RACESURV5f_W43,5,"0.203023,0.277500,0.286309,0.131082,0.102087"
base,EDUCATIONxINCOME,"EDUCATIONxINCOME :: Some college, no degree | $50,000-$75,000",RACESURV5f_W43,5,"0.207315,0.292360,0.274647,0.118124,0.107553"
base,EDUCATIONxINCOME,"EDUCATIONxINCOME :: Some college, no degree | $75,000-$100,000",RACESURV5f_W43,5,"0.215197,0.285090,0.276319,0.115187,0.108208"
base,EDUCATIONxINCOME,"EDUCATIONxINCOME :: Some college, no degree | Less than $30,000",RACESURV5f_W43,5,"0.177252,0.220593,0.311086,0.161389,0.129680"
base,EDUCATIONxINCOME,"EDUCATIONxINCOME :: Some college, no degree | Refused",RACESURV5f_W43,5,"0.203249,0.173848,0.277809,0.135393,0.209701"
base,EDUCATIONxINCOME,"EDUCATIONxINCOME :: Associate's degree | $100,000 or more",REASONGUND_W26,3,"0.195628,0.377082,0.427290"
base,EDUCATIONxINCOME,"EDUCATIONxINCOME :: Associate's degree | $30,000-$50,000",REASONGUND_W26,3,"0.138202,0.364114,0.497684"
base,EDUCATIONxINCOME,"EDUCATIONxINCOME :: Associate's degree | $50,000-$75,000",REASONGUND_W26,3,"0.140821,0.382790,0.476390"
base,EDUCATIONxINCOME,"EDUCATIONxINCOME :: Associate's degree | $75,000-$100,000",REASONGUND_W26,3,"0.157020,0.388628,0.454352"
base,EDUCATIONxINCOME,"EDUCATIONxINCOME :: Associate's degree | Less than $30,000",REASONGUND_W26,3,"0.153083,0.344978,0.501939"
base,EDUCATIONxINCOME,"EDUCATIONxINCOME :: College graduate/some postgrad | $100,000 or more",REASONGUND_W26,3,"0.240970,0.397292,0.361738"
base,EDUCATIONxINCOME,"EDUCATIONxINCOME :: College graduate/some postgrad | $30,000-$50,000",REASONGUND_W26,3,"0.174705,0.419095,0.406201"
base,EDUCATIONxINCOME,"EDUCATIONxINCOME :: College graduate/some postgrad | $50,000-$75,000",REASONGUND_W26,3,"0.188189,0.437553,0.374259"
base,EDUCATIONxINCOME,"EDUCATIONxINCOME :: College graduate/some postgrad | $75,000-$100,000",REASONGUND_W26,3,"0.202932,0.429606,0.367462"
base,EDUCATIONxINCOME,"EDUCATIONxINCOME :: College graduate/some postgrad | Less than $30,000",REASONGUND_W26,3,"0.174283,0.380669,0.445048"
base,EDUCATIONxINCOME,"EDUCATIONxINCOME :: High school graduate | $100,000 or more",REASONGUND_W26,3,"0.202932,0.367462,0.429606"
base,EDUCATIONxINCOME,"EDUCATIONxINCOME :: High school graduate | $30,000-$50,000",REASONGUND_W26,3,"0.138202,0.364114,0.497684"
base,EDUCATIONxINCOME,"EDUCATIONxINCOME :: High school graduate | $50,000-$75,000",REASONGUND_W26,3,"0.145006,0.394167,0.460828"
base,EDUCATIONxINCOME,"EDUCATIONxINCOME :: High school graduate | $75,000-$100,000",REASONGUND_W26,3,"0.152928,0.390515,0.456558"
base,EDUCATIONxINCOME,"EDUCATIONxINCOME :: High school graduate | Less than $30,000",REASONGUND_W26,3,"0.153083,0.344978,0.501939"
base,EDUCATIONxINCOME,"EDUCATIONxINCOME :: Less than high school | Less than $30,000",REASONGUND_W26,3,"0.167387,0.332888,0.499725"
base,EDUCATIONxINCOME,"EDUCATIONxINCOME :: Postgraduate | $100,000 or more",REASONGUND_W26,3,"0.261749,0.369125,0.369125"
base,EDUCATIONxINCOME,"EDUCATIONxINCOME :: Postgraduate | $30,000-$50,000",REASONGUND_W26,3,"0.186201,0.394188,0.419611"
base,EDUCATIONxINCOME,"EDUCATIONxINCOME :: Postgraduate | $50,000-$75,000",REASONGUND_W26,3,"0.186275,0.406862,0.406862"
base,EDUCATIONxINCOME,"EDUCATIONxINCOME :: Postgraduate | $75,000-$100,000",REASONGUND_W26,3,"0.213720,0.399282,0.386998"
base,EDUCATIONxINCOME,"EDUCATIONxINCOME :: Postgraduate | Less than $30,000",REASONGUND_W26,3,"0.183024,0.363987,0.452989"
base,EDUCATIONxINCOME,"EDUCATIONxINCOME :: Some college, no degree | $100,000 or more",REASONGUND_W26,3,"0.192555,0.359740,0.447704"
base,EDUCATIONxINCOME,"EDUCATIONxINCOME :: Some college, no degree | $30,000-$50,000",REASONGUND_W26,3,"0.148553,0.379345,0.472102"
base,EDUCATIONxINCOME,"EDUCATIONxINCOME :: Some college, no degree | $50,000-$75,000",REASONGUND_W26,3,"0.157020,0.388628,0.454352"
base,EDUCATIONxINCOME,"EDUCATIONxINCOME :: Some college, no degree | $75,000-$100,000",REASONGUND_W26,3,"0.174564,0.393386,0.432050"
base,EDUCATIONxINCOME,"EDUCATIONxINCOME :: Some college, no degree | Less than $30,000",REASONGUND_W26,3,"0.141320,0.349769,0.508911"
base,EDUCATIONxINCOME,"EDUCATIONxINCOME :: Associate's degree | $100,000 or more",REASONGUNE_W26,3,"0.326318,0.347364,0.326318"
base,EDUCATIONxINCOME,"EDUCATIONxINCOME :: Associate's degree | $30,000-$50,000",REASONGUNE_W26,3,"0.299150,0.372298,0.328552"
base,EDUCATIONxINCOME,"EDUCATIONxINCOME :: Associate's degree | $50,000-$75,000",REASONGUNE_W26,3,"0.298639,0.383461,0.317900"
base,EDUCATIONxINCOME,"EDUCATIONxINCOME :: Associate's degree | $75,000-$100,000",REASONGUNE_W26,3,"0.342485,0.364573,0.292943"
base,EDUCATIONxINCOME,"EDUCATIONxINCOME :: Associate's degree | Less than $30,000",REASONGUNE_W26,3,"0.273908,0.351705,0.374388"
base,EDUCATIONxINCOME,"EDUCATIONxINCOME :: College graduate/some postgrad | $100,000 or more",REASONGUNE_W26,3,"0.375185,0.341610,0.283205"
base,EDUCATIONxINCOME,"EDUCATIONxINCOME :: College graduate/some postgrad | $30,000-$50,000",REASONGUNE_W26,3,"0.330637,0.386554,0.282809"
base,EDUCATIONxINCOME,"EDUCATIONxINCOME :: College graduate/some postgrad | $50,000-$75,000",REASONGUNE_W26,3,"0.343413,0.389137,0.267450"
base,EDUCATIONxINCOME,"EDUCATIONxINCOME :: College graduate/some postgrad | $75,000-$100,000",REASONGUNE_W26,3,"0.389834,0.366215,0.243952"
base,EDUCATIONxINCOME,"EDUCATIONxINCOME :: College graduate/some postgrad | Less than $30,000",REASONGUNE_W26,3,"0.299559,0.350220,0.350220"
base,EDUCATIONxINCOME,"EDUCATIONxINCOME :: High school graduate | $100,000 or more",REASONGUNE_W26,3,"0.322973,0.333225,0.343803"
base,EDUCATIONxINCOME,"EDUCATIONxINCOME :: High school graduate | $30,000-$50,000",REASONGUNE_W26,3,"0.308835,0.372526,0.318639"
base,EDUCATIONxINCOME,"EDUCATIONxINCOME :: High school graduate | $50,000-$75,000",REASONGUNE_W26,3,"0.305226,0.379860,0.314915"
base,EDUCATIONxINCOME,"EDUCATIONxINCOME :: High school graduate | $75,000-$100,000",REASONGUNE_W26,3,"0.345599,0.367889,0.286512"
base,EDUCATIONxINCOME,"EDUCATIONxINCOME :: High school graduate | Less than $30,000",REASONGUNE_W26,3,"0.261372,0.346262,0.392366"
base,EDUCATIONxINCOME,"EDUCATIONxINCOME :: Less than high school | Less than $30,000",REASONGUNE_W26,3,"0.250936,0.322208,0.426856"
base,EDUCATIONxINCOME,"EDUCATIONxINCOME :: Postgraduate | $100,000 or more",REASONGUNE_W26,3,"0.361664,0.319168,0.319168"
base,EDUCATIONxINCOME,"EDUCATIONxINCOME :: Postgraduate | $30,000-$50,000",REASONGUNE_W26,3,"0.350220,0.350220,0.299559"
base,EDUCATIONxINCOME,"EDUCATIONxINCOME :: Postgraduate | $50,000-$75,000",REASONGUNE_W26,3,"0.339329,0.361214,0.299457"
base,EDUCATIONxINCOME,"EDUCATIONxINCOME :: Postgraduate | $75,000-$100,000",REASONGUNE_W26,3,"0.393293,0.336401,0.270306"
base,EDUCATIONxINCOME,"EDUCATIONxINCOME :: Postgraduate | Less than $30,000",REASONGUNE_W26,3,"0.302616,0.332359,0.365025"
base,EDUCATIONxINCOME,"EDUCATIONxINCOME :: Some college, no degree | $100,000 or more",REASONGUNE_W26,3,"0.319168,0.319168,0.361664"
base,EDUCATIONxINCOME,"EDUCATIONxINCOME :: Some college, no degree | $30,000-$50,000",REASONGUNE_W26,3,"0.312730,0.354370,0.332900"
base,EDUCATIONxINCOME,"EDUCATIONxINCOME :: Some college, no degree | $50,000-$75,000",REASONGUNE_W26,3,"0.319168,0.361664,0.319168"
base,EDUCATIONxINCOME,"EDUCATIONxINCOME :: Some college, no degree | $75,000-$100,000",REASONGUNE_W26,3,"0.354035,0.343143,0.302822"
base,EDUCATIONxINCOME,"EDUCATIONxINCOME :: Some college, no degree | Less than $30,000",REASONGUNE_W26,3,"0.257598,0.330762,0.411640"
base,EDUCATIONxINCOME,"EDUCATIONxINCOME :: Associate's degree | $100,000 or more",ROBJOB2_W27,4,"0.349360,0.360450,0.225564,0.064625"
base,EDUCATIONxINCOME,"EDUCATIONxINCOME :: Associate's degree | $30,000-$50,000",ROBJOB2_W27,4,"0.271477,0.433819,0.232207,0.062498"
base,EDUCATIONxINCOME,"EDUCATIONxINCOME :: Associate's degree | $50,000-$75,000",ROBJOB2_W27,4,"0.281253,0.435613,0.225993,0.057140"
base,EDUCATIONxINCOME,"EDUCATIONxINCOME :: Associate's degree | $75,000-$100,000",ROBJOB2_W27,4,"0.304015,0.415540,0.222422,0.058022"
base,EDUCATIONxINCOME,"EDUCATIONxINCOME :: Associate's degree | Less than $30,000",ROBJOB2_W27,4,"0.275130,0.400311,0.250509,0.074050"
base,EDUCATIONxINCOME,"EDUCATIONxINCOME :: College graduate/some postgrad | $100,000 or more",ROBJOB2_W27,4,"0.365117,0.365117,0.214641,0.055124"
base,EDUCATIONxINCOME,"EDUCATIONxINCOME :: College graduate/some postgrad | $30,000-$50,000",ROBJOB2_W27,4,"0.294058,0.427853,0.221967,0.056122"
base,EDUCATIONxINCOME,"EDUCATIONxINCOME :: College graduate/some postgrad | $50,000-$75,000",ROBJOB2_W27,4,"0.304158,0.428932,0.215681,0.051229"
base,EDUCATIONxINCOME,"EDUCATIONxINCOME :: College graduate/some postgrad | $75,000-$100,000",ROBJOB2_W27,4,"0.328042,0.408255,0.211800,0.051904"
base,EDUCATIONxINCOME,"EDUCATIONxINCOME :: College graduate/some postgrad | Less than $30,000",ROBJOB2_W27,4,"0.291879,0.398951,0.241976,0.067194"
base,EDUCATIONxINCOME,"EDUCATIONxINCOME :: High school graduate | $100,000 or more",ROBJOB2_W27,4,"0.328282,0.360547,0.240176,0.070996"
base,EDUCATIONxINCOME,"EDUCATIONxINCOME :: High school graduate | $30,000-$50,000",ROBJOB2_W27,4,"0.266413,0.425727,0.242572,0.065287"
base,EDUCATIONxINCOME,"EDUCATIONxINCOME :: High school graduate | $50,000-$75,000",ROBJOB2_W27,4,"0.276209,0.427802,0.236254,0.059734"
base,EDUCATIONxINCOME,"EDUCATIONxINCOME :: High school graduate | $75,000-$100,000",ROBJOB2_W27,4,"0.294795,0.415727,0.229586,0.059891"
base,EDUCATIONxINCOME,"EDUCATIONxINCOME :: High school graduate | Less than $30,000",ROBJOB2_W27,4,"0.265276,0.385975,0.265276,0.083473"
base,EDUCATIONxINCOME,"EDUCATIONxINCOME :: Less than high school | Less than $30,000",ROBJOB2_W27,4,"0.281792,0.350696,0.273123,0.094389"
base,EDUCATIONxINCOME,"EDUCATIONxINCOME :: Postgraduate | $100,000 or more",ROBJOB2_W27,4,"0.384403,0.328797,0.225979,0.060821"
base,EDUCATIONxINCOME,"EDUCATIONxINCOME :: Postgraduate | $30,000-$50,000",ROBJOB2_W27,4,"0.309045,0.396821,0.233279,0.060855"
base,EDUCATIONxINCOME,"EDUCATIONxINCOME :: Postgraduate | $50,000-$75,000",ROBJOB2_W27,4,"0.315766,0.405451,0.223911,0.054872"
base,EDUCATIONxINCOME,"EDUCATIONxINCOME :: Postgraduate | $75,000-$100,000",ROBJOB2_W27,4,"0.344571,0.378438,0.222472,0.054519"
base,EDUCATIONxINCOME,"EDUCATIONxINCOME :: Postgraduate | Less than $30,000",ROBJOB2_W27,4,"0.300984,0.363055,0.257445,0.078516"
base,EDUCATIONxINCOME,"EDUCATIONxINCOME :: Some college, no degree | $100,000 or more",ROBJOB2_W27,4,"0.315390,0.380432,0.238069,0.066109"
base,EDUCATIONxINCOME,"EDUCATIONxINCOME :: Some college, no degree | $30,000-$50,000",ROBJOB2_W27,4,"0.269949,0.418105,0.245791,0.066154"
base,EDUCATIONxINCOME,"EDUCATIONxINCOME :: Some college, no degree | $50,000-$75,000",ROBJOB2_W27,4,"0.279357,0.419364,0.238946,0.062333"
base,EDUCATIONxINCOME,"EDUCATIONxINCOME :: Some college, no degree | $75,000-$100,000",ROBJOB2_W27,4,"0.298614,0.408157,0.232561,0.060667"
base,EDUCATIONxINCOME,"EDUCATIONxINCOME :: Some college, no degree | Less than $30,000",ROBJOB2_W27,4,"0.257363,0.398612,0.265533,0.078491"
base,EDUCATIONxINCOME,"EDUCATIONxINCOME :: Associate's degree | $100,000 or more",ROMRELSER_W50,4,"0.327250,0.382594,0.204788,0.085368"
base,EDUCATIONxINCOME,"EDUCATIONxINCOME :: Associate's degree | $30,000-$50,000",ROMRELSER_W50,4,"0.165991,0.465534,0.282360,0.086115"
base,EDUCATIONxINCOME,"EDUCATIONxINCOME :: Associate's degree | $50,000-$75,000",ROMRELSER_W50,4,"0.193574,0.494308,0.240906,0.071212"
base,EDUCATIONxINCOME,"EDUCATIONxINCOME :: Associate's degree | $75,000-$100,000",ROMRELSER_W50,4,"0.251575,0.470003,0.208563,0.069860"
base,EDUCATIONxINCOME,"EDUCATIONxINCOME :: Associate's degree | Less than $30,000",ROMRELSER_W50,4,"0.167737,0.389999,0.323321,0.118943"
base,EDUCATIONxINCOME,EDUCATIONxINCOME :: Associate's degree | Refused,ROMRELSER_W50,4,"0.207351,0.352716,0.283416,0.156517"
base,EDUCATIONxINCOME,"EDUCATIONxINCOME :: College graduate/some postgrad | $100,000 or more",ROMRELSER_W50,4,"0.371369,0.383158,0.170025,0.075448"
base,EDUCATIONxINCOME,"EDUCATIONxINCOME :: College graduate/some postgrad | $30,000-$50,000",ROMRELSER_W50,4,"0.179008,0.486594,0.252442,0.081956"
base,EDUCATIONxINCOME,"EDUCATIONxINCOME :: College graduate/some postgrad | $50,000-$75,000",ROMRELSER_W50,4,"0.223762,0.504256,0.203738,0.068244"
base,EDUCATIONxINCOME,"EDUCATIONxINCOME :: College graduate/some postgrad | $75,000-$100,000",ROMRELSER_W50,4,"0.277414,0.471897,0.184798,0.065892"
base,EDUCATIONxINCOME,"EDUCATIONxINCOME :: College graduate/some postgrad | Less than $30,000",ROMRELSER_W50,4,"0.176931,0.411378,0.300970,0.110721"
base,EDUCATIONxINCOME,EDUCATIONxINCOME :: College graduate/some postgrad | Refused,ROMRELSER_W50,4,"0.208854,0.366550,0.285469,0.139127"
base,EDUCATIONxINCOME,"EDUCATIONxINCOME :: High school graduate | $100,000 or more",ROMRELSER_W50,4,"0.266027,0.375158,0.257842,0.100972"
base,EDUCATIONxINCOME,"EDUCATIONxINCOME :: High school graduate | $30,000-$50,000",ROMRELSER_W50,4,"0.146729,0.438051,0.320485,0.094735"
base,EDUCATIONxINCOME,"EDUCATIONxINCOME :: High school graduate | $50,000-$75,000",ROMRELSER_W50,4,"0.165372,0.463796,0.290236,0.080596"
base,EDUCATIONxINCOME,"EDUCATIONxINCOME :: High school graduate | $75,000-$100,000",ROMRELSER_W50,4,"0.212320,0.463749,0.248227,0.075705"
base,EDUCATIONxINCOME,"EDUCATIONxINCOME :: High school graduate | Less than $30,000",ROMRELSER_W50,4,"0.144473,0.346573,0.368925,0.140028"
base,EDUCATIONxINCOME,EDUCATIONxINCOME :: High school graduate | Refused,ROMRELSER_W50,4,"0.188694,0.352528,0.292256,0.166522"
base,EDUCATIONxINCOME,"EDUCATIONxINCOME :: Less than high school | $30,000-$50,000",ROMRELSER_W50,4,"0.141973,0.374050,0.362541,0.121436"
base,EDUCATIONxINCOME,"EDUCATIONxINCOME :: Less than high school | Less than $30,000",ROMRELSER_W50,4,"0.130697,0.276686,0.390189,0.202428"
base,EDUCATIONxINCOME,"EDUCATIONxINCOME :: Postgraduate | $100,000 or more",ROMRELSER_W50,4,"0.383527,0.338461,0.186916,0.091096"
base,EDUCATIONxINCOME,"EDUCATIONxINCOME :: Postgraduate | $30,000-$50,000",ROMRELSER_W50,4,"0.206408,0.436966,0.265033,0.091593"
base,EDUCATIONxINCOME,"EDUCATIONxINCOME :: Postgraduate | $50,000-$75,000",ROMRELSER_W50,4,"0.236886,0.456610,0.229598,0.076906"
base,EDUCATIONxINCOME,"EDUCATIONxINCOME :: Postgraduate | $75,000-$100,000",ROMRELSER_W50,4,"0.316303,0.419033,0.191847,0.072817"
base,EDUCATIONxINCOME,"EDUCATIONxINCOME :: Postgraduate | Less than $30,000",ROMRELSER_W50,4,"0.194841,0.364011,0.311355,0.129792"
base,EDUCATIONxINCOME,EDUCATIONxINCOME :: Postgraduate | Refused,ROMRELSER_W50,4,"0.221680,0.343345,0.251196,0.183779"
base,EDUCATIONxINCOME,"EDUCATIONxINCOME :: Some college, no degree | $100,000 or more",ROMRELSER_W50,4,"0.216915,0.405250,0.278524,0.099311"
base,EDUCATIONxINCOME,"EDUCATIONxINCOME :: Some college, no degree | $30,000-$50,000",ROMRELSER_W50,4,"0.142859,0.440038,0.321938,0.095165"
base,EDUCATIONxINCOME,"EDUCATIONxINCOME :: Some college, no degree | $50,000-$75,000",ROMRELSER_W50,4,"0.154232,0.475069,0.288144,0.082555"
base,EDUCATIONxINCOME,"EDUCATIONxINCOME :: Some college, no degree | $75,000-$100,000",ROMRELSER_W50,4,"0.191693,0.474445,0.253952,0.079910"
base,EDUCATIONxINCOME,"EDUCATIONxINCOME :: Some college, no degree | Less than $30,000",ROMRELSER_W50,4,"0.124542,0.338540,0.395793,0.141125"
base,EDUCATIONxINCOME,"EDUCATIONxINCOME :: Some college, no degree | Refused",ROMRELSER_W50,4,"0.137214,0.319033,0.372987,0.170766"
base,EDUCATIONxINCOME,"EDUCATIONxINCOME :: Associate's degree | $100,000 or more",RQ2_F1B_W42,3,"0.324112,0.517929,0.157959"
base,EDUCATIONxINCOME,"EDUCATIONxINCOME :: Associate's degree | $30,000-$50,000",RQ2_F1B_W42,3,"0.219327,0.615117,0.165556"
base,EDUCATIONxINCOME,"EDUCATIONxINCOME :: Associate's degree | $50,000-$75,000",RQ2_F1B_W42,3,"0.240378,0.613826,0.145796"
base,EDUCATIONxINCOME,"EDUCATIONxINCOME :: Associate's degree | $75,000-$100,000",RQ2_F1B_W42,3,"0.276256,0.584834,0.138910"
base,EDUCATIONxINCOME,"EDUCATIONxINCOME :: Associate's degree | Less than $30,000",RQ2_F1B_W42,3,"0.255375,0.557789,0.186836"
base,EDUCATIONxINCOME,"EDUCATIONxINCOME :: College graduate/some postgrad | $100,000 or more",RQ2_F1B_W42,3,"0.330241,0.527724,0.142035"
base,EDUCATIONxINCOME,"EDUCATIONxINCOME :: College graduate/some postgrad | $30,000-$50,000",RQ2_F1B_W42,3,"0.240378,0.613826,0.145796"
base,EDUCATIONxINCOME,"EDUCATIONxINCOME :: College graduate/some postgrad | $50,000-$75,000",RQ2_F1B_W42,3,"0.267316,0.602405,0.130279"
base,EDUCATIONxINCOME,"EDUCATIONxINCOME :: College graduate/some postgrad | $75,000-$100,000",RQ2_F1B_W42,3,"0.304404,0.568702,0.126894"
base,EDUCATIONxINCOME,"EDUCATIONxINCOME :: College graduate/some postgrad | Less than $30,000",RQ2_F1B_W42,3,"0.237719,0.588361,0.173919"
base,EDUCATIONxINCOME,"EDUCATIONxINCOME :: High school graduate | $100,000 or more",RQ2_F1B_W42,3,"0.284585,0.531674,0.183742"
base,EDUCATIONxINCOME,"EDUCATIONxINCOME :: High school graduate | $30,000-$50,000",RQ2_F1B_W42,3,"0.200372,0.617188,0.182440"
base,EDUCATIONxINCOME,"EDUCATIONxINCOME :: High school graduate | $50,000-$75,000",RQ2_F1B_W42,3,"0.221549,0.621349,0.157102"
base,EDUCATIONxINCOME,"EDUCATIONxINCOME :: High school graduate | $75,000-$100,000",RQ2_F1B_W42,3,"0.256749,0.596960,0.146291"
base,EDUCATIONxINCOME,"EDUCATIONxINCOME :: High school graduate | Less than $30,000",RQ2_F1B_W42,3,"0.232052,0.556663,0.211285"
base,EDUCATIONxINCOME,EDUCATIONxINCOME :: High school graduate | Refused,RQ2_F1B_W42,3,"0.254171,0.521524,0.224305"
base,EDUCATIONxINCOME,"EDUCATIONxINCOME :: Less than high school | $30,000-$50,000",RQ2_F1B_W42,3,"0.191815,0.590831,0.217355"
base,EDUCATIONxINCOME,"EDUCATIONxINCOME :: Less than high school | Less than $30,000",RQ2_F1B_W42,3,"0.213618,0.528710,0.257672"
base,EDUCATIONxINCOME,"EDUCATIONxINCOME :: Postgraduate | $100,000 or more",RQ2_F1B_W42,3,"0.384936,0.464321,0.150743"
base,EDUCATIONxINCOME,"EDUCATIONxINCOME :: Postgraduate | $30,000-$50,000",RQ2_F1B_W42,3,"0.282407,0.561633,0.155960"
base,EDUCATIONxINCOME,"EDUCATIONxINCOME :: Postgraduate | $50,000-$75,000",RQ2_F1B_W42,3,"0.304587,0.551536,0.143877"
base,EDUCATIONxINCOME,"EDUCATIONxINCOME :: Postgraduate | $75,000-$100,000",RQ2_F1B_W42,3,"0.347134,0.521109,0.131757"
base,EDUCATIONxINCOME,"EDUCATIONxINCOME :: Postgraduate | Less than $30,000",RQ2_F1B_W42,3,"0.289317,0.523886,0.186797"
base,EDUCATIONxINCOME,"EDUCATIONxINCOME :: Some college, no degree | $100,000 or more",RQ2_F1B_W42,3,"0.227817,0.600218,0.171965"
base,EDUCATIONxINCOME,"EDUCATIONxINCOME :: Some college, no degree | $30,000-$50,000",RQ2_F1B_W42,3,"0.174964,0.650071,0.174964"
base,EDUCATIONxINCOME,"EDUCATIONxINCOME :: Some college, no degree | $50,000-$75,000",RQ2_F1B_W42,3,"0.188898,0.659318,0.151784"
base,EDUCATIONxINCOME,"EDUCATIONxINCOME :: Some college, no degree | $75,000-$100,000",RQ2_F1B_W42,3,"0.224708,0.630209,0.145082"
base,EDUCATIONxINCOME,"EDUCATIONxINCOME :: Some college, no degree | Less than $30,000",RQ2_F1B_W42,3,"0.176695,0.616727,0.206578"
base,EDUCATIONxINCOME,"EDUCATIONxINCOME :: Some college, no degree | Refused",RQ2_F1B_W42,3,"0.240151,0.541189,0.218660"
base,EDUCATIONxINCOME,"EDUCATIONxINCOME :: Associate's degree | $100,000 or more",RQ3_F1Bd_W42,2,"0.672332,0.327668"
base,EDUCATIONxINCOME,"EDUCATIONxINCOME :: Associate's degree | $30,000-$50,000",RQ3_F1Bd_W42,2,"0.699254,0.300746"
base,EDUCATIONxINCOME,"EDUCATIONxINCOME :: Associate's degree | $50,000-$75,000",RQ3_F1Bd_W42,2,"0.712232,0.287768"
base,EDUCATIONxINCOME,"EDUCATIONxINCOME :: Associate's degree | $75,000-$100,000",RQ3_F1Bd_W42,2,"0.718594,0.281406"
base,EDUCATIONxINCOME,"EDUCATIONxINCOME :: Associate's degree | Less than $30,000",RQ3_F1Bd_W42,2,"0.644225,0.355775"
base,EDUCATIONxINCOME,"EDUCATIONxINCOME :: College graduate/some postgrad | $100,000 or more",RQ3_F1Bd_W42,2,"0.731059,0.268941"
base,EDUCATIONxINCOME,"EDUCATIONxINCOME :: College graduate/some postgrad | $30,000-$50,000",RQ3_F1Bd_W42,2,"0.718594,0.281406"
base,EDUCATIONxINCOME,"EDUCATIONxINCOME :: College graduate/some postgrad | $50,000-$75,000",RQ3_F1Bd_W42,2,"0.737158,0.262842"
base,EDUCATIONxINCOME,"EDUCATIONxINCOME :: College graduate/some postgrad | $75,000-$100,000",RQ3_F1Bd_W42,2,"0.749087,0.250913"
base,EDUCATIONxINCOME,"EDUCATIONxINCOME :: College graduate/some postgrad | Less than $30,000",RQ3_F1Bd_W42,2,"0.672332,0.327668"
base,EDUCATIONxINCOME,"EDUCATIONxINCOME :: High school graduate | $100,000 or more",RQ3_F1Bd_W42,2,"0.644225,0.355775"
base,EDUCATIONxINCOME,"EDUCATIONxINCOME :: High school graduate | $30,000-$50,000",RQ3_F1Bd_W42,2,"0.679179,0.320821"
base,EDUCATIONxINCOME,"EDUCATIONxINCOME :: High school graduate | $50,000-$75,000",RQ3_F1Bd_W42,2,"0.685949,0.314051"
base,EDUCATIONxINCOME,"EDUCATIONxINCOME :: High school graduate | $75,000-$100,000",RQ3_F1Bd_W42,2,"0.699254,0.300746"
base,EDUCATIONxINCOME,"EDUCATIONxINCOME :: High school graduate | Less than $30,000",RQ3_F1Bd_W42,2,"0.600188,0.399812"
base,EDUCATIONxINCOME,EDUCATIONxINCOME :: High school graduate | Refused,RQ3_F1Bd_W42,2,"0.585101,0.414899"
base,EDUCATIONxINCOME,"EDUCATIONxINCOME :: Less than high school | $30,000-$50,000",RQ3_F1Bd_W42,2,"0.651355,0.348645"
base,EDUCATIONxINCOME,"EDUCATIONxINCOME :: Less than high school | Less than $30,000",RQ3_F1Bd_W42,2,"0.600188,0.399812"
base,EDUCATIONxINCOME,"EDUCATIONxINCOME :: Postgraduate | $100,000 or more",RQ3_F1Bd_W42,2,"0.705785,0.294215"
base,EDUCATIONxINCOME,"EDUCATIONxINCOME :: Postgraduate | $30,000-$50,000",RQ3_F1Bd_W42,2,"0.724870,0.275130"
base,EDUCATIONxINCOME,"EDUCATIONxINCOME :: Postgraduate | $50,000-$75,000",RQ3_F1Bd_W42,2,"0.737158,0.262842"
base,EDUCATIONxINCOME,"EDUCATIONxINCOME :: Postgraduate | $75,000-$100,000",RQ3_F1Bd_W42,2,"0.749087,0.250913"
base,EDUCATIONxINCOME,"EDUCATIONxINCOME :: Postgraduate | Less than $30,000",RQ3_F1Bd_W42,2,"0.658418,0.341583"
base,EDUCATIONxINCOME,"EDUCATIONxINCOME :: Some college, no degree | $100,000 or more",RQ3_F1Bd_W42,2,"0.712232,0.287768"
base,EDUCATIONxINCOME,"EDUCATIONxINCOME :: Some college, no degree | $30,000-$50,000",RQ3_F1Bd_W42,2,"0.705785,0.294215"
base,EDUCATIONxINCOME,"EDUCATIONxINCOME :: Some college, no degree | $50,000-$75,000",RQ3_F1Bd_W42,2,"0.712232,0.287768"
base,EDUCATIONxINCOME,"EDUCATIONxINCOME :: Some college, no degree | $75,000-$100,000",RQ3_F1Bd_W42,2,"0.731059,0.268941"
base,EDUCATIONxINCOME,"EDUCATIONxINCOME :: Some college, no degree | Less than $30,000",RQ3_F1Bd_W42,2,"0.665411,0.334589"
base,EDUCATIONxINCOME,"EDUCATIONxINCOME :: Some college, no degree | Refused",RQ3_F1Bd_W42,2,"0.600188,0.399812"
base,EDUCATIONxINCOME,"EDUCATIONxINCOME :: Associate's degree | $100,000 or more",RQ4_F1Ac_W42,4,"0.236177,0.427661,0.243674,0.092488"
base,EDUCATIONxINCOME,"EDUCATIONxINCOME :: Associate's degree | $30,000-$50,000",RQ4_F1Ac_W42,4,"0.203935,0.459576,0.245993,0.090496"
base,EDUCATIONxINCOME,"EDUCATIONxINCOME :: Associate's degree | $50,000-$75,000",RQ4_F1Ac_W42,4,"0.203075,0.472164,0.237419,0.087342"
base,EDUCATIONxINCOME,"EDUCATIONxINCOME :: Associate's degree | $75,000-$100,000",RQ4_F1Ac_W42,4,"0.223453,0.458496,0.230546,0.087505"
base,EDUCATIONxINCOME,"EDUCATIONxINCOME :: Associate's degree | Less than $30,000",RQ4_F1Ac_W42,4,"0.202532,0.415568,0.276828,0.105072"
base,EDUCATIONxINCOME,"EDUCATIONxINCOME :: College graduate/some postgrad | $100,000 or more",RQ4_F1Ac_W42,4,"0.249933,0.452570,0.213779,0.083717"
base,EDUCATIONxINCOME,"EDUCATIONxINCOME :: College graduate/some postgrad | $30,000-$50,000",RQ4_F1Ac_W42,4,"0.210596,0.489651,0.217281,0.082471"
base,EDUCATIONxINCOME,"EDUCATIONxINCOME :: College graduate/some postgrad | $50,000-$75,000",RQ4_F1Ac_W42,4,"0.214492,0.498708,0.207893,0.078907"
base,EDUCATIONxINCOME,"EDUCATIONxINCOME :: College graduate/some postgrad | $75,000-$100,000",RQ4_F1Ac_W42,4,"0.235139,0.482474,0.201125,0.081262"
base,EDUCATIONxINCOME,"EDUCATIONxINCOME :: College graduate/some postgrad | Less than $30,000",RQ4_F1Ac_W42,4,"0.196190,0.442120,0.259909,0.101782"
base,EDUCATIONxINCOME,"EDUCATIONxINCOME :: High school graduate | $100,000 or more",RQ4_F1Ac_W42,4,"0.202666,0.403050,0.285805,0.108479"
base,EDUCATIONxINCOME,"EDUCATIONxINCOME :: High school graduate | $30,000-$50,000",RQ4_F1Ac_W42,4,"0.174233,0.444918,0.278423,0.102426"
base,EDUCATIONxINCOME,"EDUCATIONxINCOME :: High school graduate | $50,000-$75,000",RQ4_F1Ac_W42,4,"0.178348,0.455427,0.267732,0.098493"
base,EDUCATIONxINCOME,"EDUCATIONxINCOME :: High school graduate | $75,000-$100,000",RQ4_F1Ac_W42,4,"0.194074,0.451234,0.257106,0.097586"
base,EDUCATIONxINCOME,"EDUCATIONxINCOME :: High school graduate | Less than $30,000",RQ4_F1Ac_W42,4,"0.175566,0.395643,0.308127,0.120664"
base,EDUCATIONxINCOME,EDUCATIONxINCOME :: High school graduate | Refused,RQ4_F1Ac_W42,4,"0.185938,0.347378,0.326331,0.140353"
base,EDUCATIONxINCOME,"EDUCATIONxINCOME :: Less than high school | $30,000-$50,000",RQ4_F1Ac_W42,4,"0.178463,0.428111,0.285183,0.108243"
base,EDUCATIONxINCOME,"EDUCATIONxINCOME :: Less than high school | Less than $30,000",RQ4_F1Ac_W42,4,"0.174213,0.368810,0.325474,0.131503"
base,EDUCATIONxINCOME,"EDUCATIONxINCOME :: Postgraduate | $100,000 or more",RQ4_F1Ac_W42,4,"0.276292,0.414763,0.222007,0.086939"
base,EDUCATIONxINCOME,"EDUCATIONxINCOME :: Postgraduate | $30,000-$50,000",RQ4_F1Ac_W42,4,"0.243502,0.440925,0.228749,0.086823"
base,EDUCATIONxINCOME,"EDUCATIONxINCOME :: Postgraduate | $50,000-$75,000",RQ4_F1Ac_W42,4,"0.242463,0.452980,0.220765,0.083793"
base,EDUCATIONxINCOME,"EDUCATIONxINCOME :: Postgraduate | $75,000-$100,000",RQ4_F1Ac_W42,4,"0.271608,0.434028,0.211528,0.082836"
base,EDUCATIONxINCOME,"EDUCATIONxINCOME :: Postgraduate | Less than $30,000",RQ4_F1Ac_W42,4,"0.215534,0.402671,0.276752,0.105043"
base,EDUCATIONxINCOME,"EDUCATIONxINCOME :: Some college, no degree | $100,000 or more",RQ4_F1Ac_W42,4,"0.189743,0.427592,0.267580,0.115085"
base,EDUCATIONxINCOME,"EDUCATIONxINCOME :: Some college, no degree | $30,000-$50,000",RQ4_F1Ac_W42,4,"0.172711,0.455034,0.267500,0.104755"
base,EDUCATIONxINCOME,"EDUCATIONxINCOME :: Some college, no degree | $50,000-$75,000",RQ4_F1Ac_W42,4,"0.176134,0.464050,0.256273,0.103544"
base,EDUCATIONxINCOME,"EDUCATIONxINCOME :: Some college, no degree | $75,000-$100,000",RQ4_F1Ac_W42,4,"0.196526,0.456937,0.244581,0.101956"
base,EDUCATIONxINCOME,"EDUCATIONxINCOME :: Some college, no degree | Less than $30,000",RQ4_F1Ac_W42,4,"0.169908,0.407588,0.298197,0.124307"
base,EDUCATIONxINCOME,"EDUCATIONxINCOME :: Some college, no degree | Refused",RQ4_F1Ac_W42,4,"0.178475,0.354940,0.323176,0.143409"
base,EDUCATIONxINCOME,"EDUCATIONxINCOME :: Associate's degree | $100,000 or more",SMLIKESf_W45,3,"0.363401,0.386838,0.249761"
base,EDUCATIONxINCOME,"EDUCATIONxINCOME :: Associate's degree | $30,000-$50,000",SMLIKESf_W45,3,"0.279011,0.489680,0.231309"
base,EDUCATIONxINCOME,"EDUCATIONxINCOME :: Associate's degree | $50,000-$75,000",SMLIKESf_W45,3,"0.282977,0.496640,0.220383"
base,EDUCATIONxINCOME,"EDUCATIONxINCOME :: Associate's degree | $75,000-$100,000",SMLIKESf_W45,3,"0.297812,0.491008,0.211180"
base,EDUCATIONxINCOME,"EDUCATIONxINCOME :: Associate's degree | Less than $30,000",SMLIKESf_W45,3,"0.310228,0.398340,0.291432"
base,EDUCATIONxINCOME,"EDUCATIONxINCOME :: College graduate/some postgrad | $100,000 or more",SMLIKESf_W45,3,"0.382154,0.406801,0.211045"
base,EDUCATIONxINCOME,"EDUCATIONxINCOME :: College graduate/some postgrad | $30,000-$50,000",SMLIKESf_W45,3,"0.301671,0.497372,0.200956"
base,EDUCATIONxINCOME,"EDUCATIONxINCOME :: College graduate/some postgrad | $50,000-$75,000",SMLIKESf_W45,3,"0.305390,0.503502,0.191108"
base,EDUCATIONxINCOME,"EDUCATIONxINCOME :: College graduate/some postgrad | $75,000-$100,000",SMLIKESf_W45,3,"0.325631,0.488830,0.185539"
base,EDUCATIONxINCOME,"EDUCATIONxINCOME :: College graduate/some postgrad | Less than $30,000",SMLIKESf_W45,3,"0.323882,0.415872,0.260246"
base,EDUCATIONxINCOME,EDUCATIONxINCOME :: College graduate/some postgrad | Refused,SMLIKESf_W45,3,"0.353369,0.388100,0.258530"
base,EDUCATIONxINCOME,"EDUCATIONxINCOME :: High school graduate | $100,000 or more",SMLIKESf_W45,3,"0.320848,0.387017,0.292135"
base,EDUCATIONxINCOME,"EDUCATIONxINCOME :: High school graduate | $30,000-$50,000",SMLIKESf_W45,3,"0.266654,0.482848,0.250498"
base,EDUCATIONxINCOME,"EDUCATIONxINCOME :: High school graduate | $50,000-$75,000",SMLIKESf_W45,3,"0.260548,0.502220,0.237232"
base,EDUCATIONxINCOME,"EDUCATIONxINCOME :: High school graduate | $75,000-$100,000",SMLIKESf_W45,3,"0.287368,0.488830,0.223802"
base,EDUCATIONxINCOME,"EDUCATIONxINCOME :: High school graduate | Less than $30,000",SMLIKESf_W45,3,"0.272458,0.409007,0.318535"
base,EDUCATIONxINCOME,EDUCATIONxINCOME :: High school graduate | Refused,SMLIKESf_W45,3,"0.288590,0.394456,0.316954"
base,EDUCATIONxINCOME,"EDUCATIONxINCOME :: Less than high school | $30,000-$50,000",SMLIKESf_W45,3,"0.283052,0.424911,0.292037"
base,EDUCATIONxINCOME,"EDUCATIONxINCOME :: Less than high school | Less than $30,000",SMLIKESf_W45,3,"0.280265,0.359867,0.359867"
base,EDUCATIONxINCOME,"EDUCATIONxINCOME :: Postgraduate | $100,000 or more",SMLIKESf_W45,3,"0.369125,0.369125,0.261749"
base,EDUCATIONxINCOME,"EDUCATIONxINCOME :: Postgraduate | $30,000-$50,000",SMLIKESf_W45,3,"0.304880,0.457679,0.237441"
base,EDUCATIONxINCOME,"EDUCATIONxINCOME :: Postgraduate | $50,000-$75,000",SMLIKESf_W45,3,"0.309330,0.464359,0.226311"
base,EDUCATIONxINCOME,"EDUCATIONxINCOME :: Postgraduate | $75,000-$100,000",SMLIKESf_W45,3,"0.322839,0.455277,0.221884"
base,EDUCATIONxINCOME,"EDUCATIONxINCOME :: Postgraduate | Less than $30,000",SMLIKESf_W45,3,"0.314915,0.379860,0.305226"
base,EDUCATIONxINCOME,EDUCATIONxINCOME :: Postgraduate | Refused,SMLIKESf_W45,3,"0.359867,0.359867,0.280265"
base,EDUCATIONxINCOME,"EDUCATIONxINCOME :: Some college, no degree | $100,000 or more",SMLIKESf_W45,3,"0.323758,0.390527,0.285715"
base,EDUCATIONxINCOME,"EDUCATIONxINCOME :: Some college, no degree | $30,000-$50,000",SMLIKESf_W45,3,"0.280960,0.463224,0.255817"
base,EDUCATIONxINCOME,"EDUCATIONxINCOME :: Some college, no degree | $50,000-$75,000",SMLIKESf_W45,3,"0.291798,0.466292,0.241909"
base,EDUCATIONxINCOME,"EDUCATIONxINCOME :: Some college, no degree | $75,000-$100,000",SMLIKESf_W45,3,"0.307124,0.461047,0.231829"
base,EDUCATIONxINCOME,"EDUCATIONxINCOME :: Some college, no degree | Less than $30,000",SMLIKESf_W45,3,"0.269730,0.404913,0.325357"
base,EDUCATIONxINCOME,"EDUCATIONxINCOME :: Some college, no degree | Refused",SMLIKESf_W45,3,"0.226821,0.410720,0.362459"
base,EDUCATIONxINCOME,"EDUCATIONxINCOME :: Associate's degree | $100,000 or more",TRACKCO1a_W49,5,"0.214771,0.293557,0.322410,0.114959,0.054303"
base,EDUCATIONxINCOME,"EDUCATIONxINCOME :: Associate's degree | $30,000-$50,000",TRACKCO1a_W49,5,"0.157198,0.312625,0.377098,0.108040,0.045038"
base,EDUCATIONxINCOME,"EDUCATIONxINCOME :: Associate's degree | $50,000-$75,000",TRACKCO1a_W49,5,"0.144795,0.326301,0.381485,0.105934,0.041485"
base,EDUCATIONxINCOME,"EDUCATIONxINCOME :: Associate's degree | $75,000-$100,000",TRACKCO1a_W49,5,"0.156287,0.330859,0.363377,0.107414,0.042064"
base,EDUCATIONxINCOME,"EDUCATIONxINCOME :: Associate's degree | Less than $30,000",TRACKCO1a_W49,5,"0.178439,0.276372,0.354869,0.130549,0.059770"
base,EDUCATIONxINCOME,"EDUCATIONxINCOME :: College graduate/some postgrad | $100,000 or more",TRACKCO1a_W49,5,"0.221023,0.321587,0.302103,0.104404,0.050882"
base,EDUCATIONxINCOME,"EDUCATIONxINCOME :: College graduate/some postgrad | $30,000-$50,000",TRACKCO1a_W49,5,"0.171581,0.330731,0.352061,0.100867,0.044760"
base,EDUCATIONxINCOME,"EDUCATIONxINCOME :: College graduate/some postgrad | $50,000-$75,000",TRACKCO1a_W49,5,"0.162111,0.343190,0.354084,0.098326,0.042289"
base,EDUCATIONxINCOME,"EDUCATIONxINCOME :: College graduate/some postgrad | $75,000-$100,000",TRACKCO1a_W49,5,"0.176916,0.341014,0.341014,0.097702,0.043355"
base,EDUCATIONxINCOME,"EDUCATIONxINCOME :: College graduate/some postgrad | Less than $30,000",TRACKCO1a_W49,5,"0.180587,0.288578,0.348091,0.124116,0.058628"
base,EDUCATIONxINCOME,"EDUCATIONxINCOME :: High school graduate | $100,000 or more",TRACKCO1a_W49,5,"0.215092,0.267686,0.322891,0.134601,0.059729"
base,EDUCATIONxINCOME,"EDUCATIONxINCOME :: High school graduate | $30,000-$50,000",TRACKCO1a_W49,5,"0.162016,0.302686,0.365109,0.122296,0.047892"
base,EDUCATIONxINCOME,"EDUCATIONxINCOME :: High school graduate | $50,000-$75,000",TRACKCO1a_W49,5,"0.150707,0.309230,0.373003,0.121096,0.045963"
base,EDUCATIONxINCOME,"EDUCATIONxINCOME :: High school graduate | $75,000-$100,000",TRACKCO1a_W49,5,"0.160709,0.309775,0.362163,0.121309,0.046044"
base,EDUCATIONxINCOME,"EDUCATIONxINCOME :: High school graduate | Less than $30,000",TRACKCO1a_W49,5,"0.182636,0.257558,0.341208,0.151410,0.067188"
base,EDUCATIONxINCOME,EDUCATIONxINCOME :: High school graduate | Refused,TRACKCO1a_W49,5,"0.214390,0.228217,0.293036,0.177736,0.086621"
base,EDUCATIONxINCOME,"EDUCATIONxINCOME :: Less than high school | $30,000-$50,000",TRACKCO1a_W49,5,"0.196299,0.285614,0.344516,0.119061,0.054510"
base,EDUCATIONxINCOME,"EDUCATIONxINCOME :: Less than high school | Less than $30,000",TRACKCO1a_W49,5,"0.222761,0.244655,0.314143,0.143825,0.074616"
base,EDUCATIONxINCOME,"EDUCATIONxINCOME :: Postgraduate | $100,000 or more",TRACKCO1a_W49,5,"0.238502,0.287688,0.306243,0.112660,0.054906"
base,EDUCATIONxINCOME,"EDUCATIONxINCOME :: Postgraduate | $30,000-$50,000",TRACKCO1a_W49,5,"0.174512,0.306278,0.358076,0.112674,0.048460"
base,EDUCATIONxINCOME,"EDUCATIONxINCOME :: Postgraduate | $50,000-$75,000",TRACKCO1a_W49,5,"0.169490,0.316650,0.358811,0.109431,0.045618"
base,EDUCATIONxINCOME,"EDUCATIONxINCOME :: Postgraduate | $75,000-$100,000",TRACKCO1a_W49,5,"0.181051,0.317754,0.348984,0.106434,0.045777"
base,EDUCATIONxINCOME,"EDUCATIONxINCOME :: Postgraduate | Less than $30,000",TRACKCO1a_W49,5,"0.193946,0.273508,0.340386,0.129196,0.062965"
base,EDUCATIONxINCOME,"EDUCATIONxINCOME :: Some college, no degree | $100,000 or more",TRACKCO1a_W49,5,"0.193428,0.264385,0.350253,0.132941,0.058992"
base,EDUCATIONxINCOME,"EDUCATIONxINCOME :: Some college, no degree | $30,000-$50,000",TRACKCO1a_W49,5,"0.156153,0.282757,0.386482,0.125472,0.049136"
base,EDUCATIONxINCOME,"EDUCATIONxINCOME :: Some college, no degree | $50,000-$75,000",TRACKCO1a_W49,5,"0.141365,0.290062,0.396468,0.124754,0.047351"
base,EDUCATIONxINCOME,"EDUCATIONxINCOME :: Some college, no degree | $75,000-$100,000",TRACKCO1a_W49,5,"0.150139,0.298586,0.383392,0.120640,0.047243"
base,EDUCATIONxINCOME,"EDUCATIONxINCOME :: Some college, no degree | Less than $30,000",TRACKCO1a_W49,5,"0.170869,0.226365,0.373212,0.160517,0.069037"
base,EDUCATIONxINCOME,"EDUCATIONxINCOME :: Some college, no degree | Refused",TRACKCO1a_W49,5,"0.198869,0.198869,0.338288,0.181073,0.082901"
base,RACExPOLIDEOLOGY,RACExPOLIDEOLOGY :: Asian | Conservative,ALLIES_W92,2,"0.422505,0.577495"
base,RACExPOLIDEOLOGY,RACExPOLIDEOLOGY :: Asian | Liberal,ALLIES_W92,2,"0.679179,0.320821"
base,RACExPOLIDEOLOGY,RACExPOLIDEOLOGY :: Asian | Moderate,ALLIES_W92,2,"0.615088,0.384912"
base,RACExPOLIDEOLOGY,RACExPOLIDEOLOGY :: Black | Conservative,ALLIES_W92,2,"0.355775,0.644225"
base,RACExPOLIDEOLOGY,RACExPOLIDEOLOGY :: Black | Liberal,ALLIES_W92,2,"0.665411,0.334589"
base,RACExPOLIDEOLOGY,RACExPOLIDEOLOGY :: Black | Moderate,ALLIES_W92,2,"0.585101,0.414899"
base,RACExPOLIDEOLOGY,RACExPOLIDEOLOGY :: Black | Very conservative,ALLIES_W92,2,"0.348645,0.651355"
base,RACExPOLIDEOLOGY,RACExPOLIDEOLOGY :: Black | Very liberal,ALLIES_W92,2,"0.644225,0.355775"
base,RACExPOLIDEOLOGY,RACExPOLIDEOLOGY :: Hispanic | Conservative,ALLIES_W92,2,"0.362969,0.637031"
base,RACExPOLIDEOLOGY,RACExPOLIDEOLOGY :: Hispanic | Liberal,ALLIES_W92,2,"0.658418,0.341583"
base,RACExPOLIDEOLOGY,RACExPOLIDEOLOGY :: Hispanic | Moderate,ALLIES_W92,2,"0.600188,0.399812"
base,RACExPOLIDEOLOGY,RACExPOLIDEOLOGY :: Hispanic | Very conservative,ALLIES_W92,2,"0.370225,0.629775"
base,RACExPOLIDEOLOGY,RACExPOLIDEOLOGY :: Hispanic | Very liberal,ALLIES_W92,2,"0.644225,0.355775"
base,RACExPOLIDEOLOGY,RACExPOLIDEOLOGY :: Mixed Race | Conservative,ALLIES_W92,2,"0.414899,0.585101"
base,RACExPOLIDEOLOGY,RACExPOLIDEOLOGY :: Mixed Race | Liberal,ALLIES_W92,2,"0.658418,0.341583"
base,RACExPOLIDEOLOGY,RACExPOLIDEOLOGY :: Mixed Race | Moderate,ALLIES_W92,2,"0.592667,0.407333"
base,RACExPOLIDEOLOGY,RACExPOLIDEOLOGY :: Refused | Conservative,ALLIES_W92,2,"0.414899,0.585101"
base,RACExPOLIDEOLOGY,RACExPOLIDEOLOGY :: Refused | Moderate,ALLIES_W92,2,"0.562177,0.437824"
base,RACExPOLIDEOLOGY,RACExPOLIDEOLOGY :: White | Conservative,ALLIES_W92,2,"0.355775,0.644225"
base,RACExPOLIDEOLOGY,RACExPOLIDEOLOGY :: White | Liberal,ALLIES_W92,2,"0.665411,0.334589"
base,RACExPOLIDEOLOGY,RACExPOLIDEOLOGY :: White | Moderate,ALLIES_W92,2,"0.569853,0.430147"
base,RACExPOLIDEOLOGY,RACExPOLIDEOLOGY :: White | Refused,ALLIES_W92,2,"0.538983,0.461017"
base,RACExPOLIDEOLOGY,RACExPOLIDEOLOGY :: White | Very conservative,ALLIES_W92,2,"0.314051,0.685949"
base,RACExPOLIDEOLOGY,RACExPOLIDEOLOGY :: White | Very liberal,ALLIES_W92,2,"0.644225,0.355775"
base,RACExPOLIDEOLOGY,RACExPOLIDEOLOGY :: Asian | Liberal,DNA3c_W50,2,"0.531209,0.468791"
base,RACExPOLIDEOLOGY,RACExPOLIDEOLOGY :: Asian | Moderate,DNA3c_W50,2,"0.515620,0.484380"
base,RACExPOLIDEOLOGY,RACExPOLIDEOLOGY :: Black | Liberal,DNA3c_W50,2,"0.538983,0.461017"
base,RACExPOLIDEOLOGY,RACExPOLIDEOLOGY :: Black | Moderate,DNA3c_W50,2,"0.531209,0.468791"
base,RACExPOLIDEOLOGY,RACExPOLIDEOLOGY :: Black | Very liberal,DNA3c_W50,2,"0.554470,0.445530"
base,RACExPOLIDEOLOGY,RACExPOLIDEOLOGY :: Hispanic | Conservative,DNA3c_W50,2,"0.554470,0.445530"
base,RACExPOLIDEOLOGY,RACExPOLIDEOLOGY :: Hispanic | Liberal,DNA3c_W50,2,"0.546738,0.453262"
base,RACExPOLIDEOLOGY,RACExPOLIDEOLOGY :: Hispanic | Moderate,DNA3c_W50,2,"0.531209,0.468791"
base,RACExPOLIDEOLOGY,RACExPOLIDEOLOGY :: Hispanic | Very liberal,DNA3c_W50,2,"0.562177,0.437824"
base,RACExPOLIDEOLOGY,RACExPOLIDEOLOGY :: Mixed Race | Liberal,DNA3c_W50,2,"0.562177,0.437824"
base,RACExPOLIDEOLOGY,RACExPOLIDEOLOGY :: Mixed Race | Moderate,DNA3c_W50,2,"0.554470,0.445530"
base,RACExPOLIDEOLOGY,RACExPOLIDEOLOGY :: Refused | Moderate,DNA3c_W50,2,"0.523420,0.476580"
base,RACExPOLIDEOLOGY,RACExPOLIDEOLOGY :: White | Conservative,DNA3c_W50,2,"0.531209,0.468791"
base,RACExPOLIDEOLOGY,RACExPOLIDEOLOGY :: White | Liberal,DNA3c_W50,2,"0.523420,0.476580"
base,RACExPOLIDEOLOGY,RACExPOLIDEOLOGY :: White | Moderate,DNA3c_W50,2,"0.507812,0.492188"
base,RACExPOLIDEOLOGY,RACExPOLIDEOLOGY :: White | Refused,DNA3c_W50,2,"0.476580,0.523420"
base,RACExPOLIDEOLOGY,RACExPOLIDEOLOGY :: White | Very conservative,DNA3c_W50,2,"0.554470,0.445530"
base,RACExPOLIDEOLOGY,RACExPOLIDEOLOGY :: White | Very liberal,DNA3c_W50,2,"0.546738,0.453262"
base,RACExPOLIDEOLOGY,RACExPOLIDEOLOGY :: Asian | Liberal,ECIMPe_W54,3,"0.173009,0.567274,0.259717"
base,RACExPOLIDEOLOGY,RACExPOLIDEOLOGY :: Asian | Moderate,ECIMPe_W54,3,"0.150534,0.559303,0.290163"
base,RACExPOLIDEOLOGY,RACExPOLIDEOLOGY :: Black | Conservative,ECIMPe_W54,3,"0.229510,0.586074,0.184416"
base,RACExPOLIDEOLOGY,RACExPOLIDEOLOGY :: Black | Liberal,ECIMPe_W54,3,"0.190749,0.606200,0.203051"
base,RACExPOLIDEOLOGY,RACExPOLIDEOLOGY :: Black | Moderate,ECIMPe_W54,3,"0.162063,0.602137,0.235800"
base,RACExPOLIDEOLOGY,RACExPOLIDEOLOGY :: Black | Very conservative,ECIMPe_W54,3,"0.251974,0.604455,0.143571"
base,RACExPOLIDEOLOGY,RACExPOLIDEOLOGY :: Black | Very liberal,ECIMPe_W54,3,"0.212896,0.616036,0.171067"
base,RACExPOLIDEOLOGY,RACExPOLIDEOLOGY :: Hispanic | Conservative,ECIMPe_W54,3,"0.226529,0.560666,0.212805"
base,RACExPOLIDEOLOGY,RACExPOLIDEOLOGY :: Hispanic | Liberal,ECIMPe_W54,3,"0.197523,0.571550,0.230927"
base,RACExPOLIDEOLOGY,RACExPOLIDEOLOGY :: Hispanic | Moderate,ECIMPe_W54,3,"0.167197,0.565622,0.267181"
base,RACExPOLIDEOLOGY,RACExPOLIDEOLOGY :: Mixed Race | Liberal,ECIMPe_W54,3,"0.201499,0.547731,0.250770"
base,RACExPOLIDEOLOGY,RACExPOLIDEOLOGY :: Mixed Race | Moderate,ECIMPe_W54,3,"0.178742,0.517207,0.304051"
base,RACExPOLIDEOLOGY,RACExPOLIDEOLOGY :: Refused | Moderate,ECIMPe_W54,3,"0.194115,0.495690,0.310195"
base,RACExPOLIDEOLOGY,RACExPOLIDEOLOGY :: White | Conservative,ECIMPe_W54,3,"0.220288,0.545217,0.234495"
base,RACExPOLIDEOLOGY,RACExPOLIDEOLOGY :: White | Liberal,ECIMPe_W54,3,"0.185014,0.569883,0.245103"
base,RACExPOLIDEOLOGY,RACExPOLIDEOLOGY :: White | Moderate,ECIMPe_W54,3,"0.158466,0.536083,0.305451"
base,RACExPOLIDEOLOGY,RACExPOLIDEOLOGY :: White | Refused,ECIMPe_W54,3,"0.174456,0.489273,0.336272"
base,RACExPOLIDEOLOGY,RACExPOLIDEOLOGY :: White | Very conservative,ECIMPe_W54,3,"0.253754,0.571844,0.174402"
base,RACExPOLIDEOLOGY,RACExPOLIDEOLOGY :: White | Very liberal,ECIMPe_W54,3,"0.203032,0.587492,0.209477"
base,RACExPOLIDEOLOGY,RACExPOLIDEOLOGY :: Asian | Liberal,ECON3_c_W54,4,"0.279052,0.287910,0.336601,0.096438"
base,RACExPOLIDEOLOGY,RACExPOLIDEOLOGY :: Asian | Moderate,ECON3_c_W54,4,"0.249781,0.274331,0.374966,0.100921"
base,RACExPOLIDEOLOGY,RACExPOLIDEOLOGY :: Black | Conservative,ECON3_c_W54,4,"0.333477,0.285238,0.294292,0.086993"
base,RACExPOLIDEOLOGY,RACExPOLIDEOLOGY :: Black | Liberal,ECON3_c_W54,4,"0.297611,0.297611,0.316805,0.087974"
base,RACExPOLIDEOLOGY,RACExPOLIDEOLOGY :: Black | Moderate,ECON3_c_W54,4,"0.284802,0.284802,0.343537,0.086860"
base,RACExPOLIDEOLOGY,RACExPOLIDEOLOGY :: Black | Very conservative,ECON3_c_W54,4,"0.328564,0.281036,0.299161,0.091239"
base,RACExPOLIDEOLOGY,RACExPOLIDEOLOGY :: Black | Very liberal,ECON3_c_W54,4,"0.327453,0.288976,0.298149,0.085421"
base,RACExPOLIDEOLOGY,RACExPOLIDEOLOGY :: Hispanic | Conservative,ECON3_c_W54,4,"0.337602,0.279882,0.288767,0.093749"
base,RACExPOLIDEOLOGY,RACExPOLIDEOLOGY :: Hispanic | Liberal,ECON3_c_W54,4,"0.314927,0.286744,0.305237,0.093092"
base,RACExPOLIDEOLOGY,RACExPOLIDEOLOGY :: Hispanic | Moderate,ECON3_c_W54,4,"0.284006,0.275268,0.342576,0.098150"
base,RACExPOLIDEOLOGY,RACExPOLIDEOLOGY :: Mixed Race | Liberal,ECON3_c_W54,4,"0.274397,0.310932,0.330985,0.083686"
base,RACExPOLIDEOLOGY,RACExPOLIDEOLOGY :: Mixed Race | Moderate,ECON3_c_W54,4,"0.259026,0.302833,0.354047,0.084094"
base,RACExPOLIDEOLOGY,RACExPOLIDEOLOGY :: Refused | Moderate,ECON3_c_W54,4,"0.258214,0.227873,0.375700,0.138212"
base,RACExPOLIDEOLOGY,RACExPOLIDEOLOGY :: White | Conservative,ECON3_c_W54,4,"0.305754,0.278392,0.325473,0.090381"
base,RACExPOLIDEOLOGY,RACExPOLIDEOLOGY :: White | Liberal,ECON3_c_W54,4,"0.276915,0.285705,0.344626,0.092755"
base,RACExPOLIDEOLOGY,RACExPOLIDEOLOGY :: White | Moderate,ECON3_c_W54,4,"0.263260,0.271616,0.371256,0.093868"
base,RACExPOLIDEOLOGY,RACExPOLIDEOLOGY :: White | Refused,ECON3_c_W54,4,"0.259371,0.195784,0.377383,0.167463"
base,RACExPOLIDEOLOGY,RACExPOLIDEOLOGY :: White | Very conservative,ECON3_c_W54,4,"0.304879,0.277596,0.324542,0.092983"
base,RACExPOLIDEOLOGY,RACExPOLIDEOLOGY :: White | Very liberal,ECON3_c_W54,4,"0.303913,0.285500,0.323514,0.087073"
base,RACExPOLIDEOLOGY,RACExPOLIDEOLOGY :: Asian | Liberal,ECON5_d_W54,5,"0.113392,0.132569,0.360360,0.349273,0.044405"
base,RACExPOLIDEOLOGY,RACExPOLIDEOLOGY :: Asian | Moderate,ECON5_d_W54,5,"0.109738,0.145379,0.407726,0.280226,0.056931"
base,RACExPOLIDEOLOGY,RACExPOLIDEOLOGY :: Black | Conservative,ECON5_d_W54,5,"0.137019,0.145856,0.308777,0.360996,0.047352"
base,RACExPOLIDEOLOGY,RACExPOLIDEOLOGY :: Black | Liberal,ECON5_d_W54,5,"0.133888,0.151715,0.301721,0.375497,0.037179"
base,RACExPOLIDEOLOGY,RACExPOLIDEOLOGY :: Black | Moderate,ECON5_d_W54,5,"0.115769,0.153368,0.367912,0.314692,0.048260"
base,RACExPOLIDEOLOGY,RACExPOLIDEOLOGY :: Black | Very conservative,ECON5_d_W54,5,"0.117546,0.113929,0.319522,0.397652,0.051352"
base,RACExPOLIDEOLOGY,RACExPOLIDEOLOGY :: Black | Very liberal,ECON5_d_W54,5,"0.142117,0.121559,0.291606,0.398578,0.046139"
base,RACExPOLIDEOLOGY,RACExPOLIDEOLOGY :: Hispanic | Conservative,ECON5_d_W54,5,"0.136335,0.145128,0.297784,0.370598,0.050155"
base,RACExPOLIDEOLOGY,RACExPOLIDEOLOGY :: Hispanic | Liberal,ECON5_d_W54,5,"0.123457,0.135591,0.315259,0.380275,0.045417"
base,RACExPOLIDEOLOGY,RACExPOLIDEOLOGY :: Hispanic | Moderate,ECON5_d_W54,5,"0.117045,0.155059,0.371968,0.298885,0.057043"
base,RACExPOLIDEOLOGY,RACExPOLIDEOLOGY :: Mixed Race | Liberal,ECON5_d_W54,5,"0.152302,0.195560,0.302889,0.312504,0.036745"
base,RACExPOLIDEOLOGY,RACExPOLIDEOLOGY :: Mixed Race | Moderate,ECON5_d_W54,5,"0.118655,0.195629,0.377086,0.259167,0.049463"
base,RACExPOLIDEOLOGY,RACExPOLIDEOLOGY :: Refused | Moderate,ECON5_d_W54,5,"0.142705,0.142705,0.331799,0.275071,0.107719"
base,RACExPOLIDEOLOGY,RACExPOLIDEOLOGY :: White | Conservative,ECON5_d_W54,5,"0.142997,0.152219,0.312334,0.343032,0.049418"
base,RACExPOLIDEOLOGY,RACExPOLIDEOLOGY :: White | Liberal,ECON5_d_W54,5,"0.139537,0.158117,0.304778,0.356321,0.041247"
base,RACExPOLIDEOLOGY,RACExPOLIDEOLOGY :: White | Moderate,ECON5_d_W54,5,"0.117016,0.165020,0.383682,0.280708,0.053574"
base,RACExPOLIDEOLOGY,RACExPOLIDEOLOGY :: White | Refused,ECON5_d_W54,5,"0.144444,0.127471,0.296380,0.287261,0.144444"
base,RACExPOLIDEOLOGY,RACExPOLIDEOLOGY :: White | Very conservative,ECON5_d_W54,5,"0.127870,0.123936,0.326527,0.370004,0.051664"
base,RACExPOLIDEOLOGY,RACExPOLIDEOLOGY :: White | Very liberal,ECON5_d_W54,5,"0.157638,0.130686,0.285445,0.378154,0.048077"
base,RACExPOLIDEOLOGY,RACExPOLIDEOLOGY :: Asian | Liberal,ECON5_h_W54,5,"0.108063,0.101516,0.332857,0.401502,0.056062"
base,RACExPOLIDEOLOGY,RACExPOLIDEOLOGY :: Asian | Moderate,ECON5_h_W54,5,"0.123266,0.139678,0.379685,0.277784,0.079586"
base,RACExPOLIDEOLOGY,RACExPOLIDEOLOGY :: Black | Conservative,ECON5_h_W54,5,"0.149102,0.140068,0.278558,0.380744,0.051528"
base,RACExPOLIDEOLOGY,RACExPOLIDEOLOGY :: Black | Liberal,ECON5_h_W54,5,"0.165450,0.150644,0.264389,0.372848,0.046667"
base,RACExPOLIDEOLOGY,RACExPOLIDEOLOGY :: Black | Moderate,ECON5_h_W54,5,"0.133947,0.161570,0.331521,0.321321,0.051641"
base,RACExPOLIDEOLOGY,RACExPOLIDEOLOGY :: Black | Very conservative,ECON5_h_W54,5,"0.133386,0.121450,0.291342,0.398218,0.055604"
base,RACExPOLIDEOLOGY,RACExPOLIDEOLOGY :: Black | Very liberal,ECON5_h_W54,5,"0.175003,0.132099,0.246793,0.394375,0.051731"
base,RACExPOLIDEOLOGY,RACExPOLIDEOLOGY :: Hispanic | Conservative,ECON5_h_W54,5,"0.148540,0.139541,0.304785,0.334741,0.072393"
base,RACExPOLIDEOLOGY,RACExPOLIDEOLOGY :: Hispanic | Liberal,ECON5_h_W54,5,"0.174678,0.149410,0.262223,0.347389,0.066300"
base,RACExPOLIDEOLOGY,RACExPOLIDEOLOGY :: Hispanic | Moderate,ECON5_h_W54,5,"0.148998,0.158607,0.325441,0.287201,0.079753"
base,RACExPOLIDEOLOGY,RACExPOLIDEOLOGY :: Mixed Race | Liberal,ECON5_h_W54,5,"0.147793,0.162319,0.276114,0.365792,0.047981"
base,RACExPOLIDEOLOGY,RACExPOLIDEOLOGY :: Mixed Race | Moderate,ECON5_h_W54,5,"0.135823,0.197622,0.336166,0.270117,0.060271"
base,RACExPOLIDEOLOGY,RACExPOLIDEOLOGY :: Refused | Moderate,ECON5_h_W54,5,"0.147166,0.133996,0.311550,0.292674,0.114613"
base,RACExPOLIDEOLOGY,RACExPOLIDEOLOGY :: White | Conservative,ECON5_h_W54,5,"0.126063,0.122185,0.312009,0.376355,0.063388"
base,RACExPOLIDEOLOGY,RACExPOLIDEOLOGY :: White | Liberal,ECON5_h_W54,5,"0.135252,0.127058,0.277520,0.403789,0.056382"
base,RACExPOLIDEOLOGY,RACExPOLIDEOLOGY :: White | Moderate,ECON5_h_W54,5,"0.121867,0.147000,0.352634,0.311198,0.067301"
base,RACExPOLIDEOLOGY,RACExPOLIDEOLOGY :: White | Refused,ECON5_h_W54,5,"0.117762,0.083506,0.265381,0.320111,0.213240"
base,RACExPOLIDEOLOGY,RACExPOLIDEOLOGY :: White | Very conservative,ECON5_h_W54,5,"0.114708,0.107758,0.311808,0.400369,0.065358"
base,RACExPOLIDEOLOGY,RACExPOLIDEOLOGY :: White | Very liberal,ECON5_h_W54,5,"0.153107,0.119240,0.260444,0.403384,0.063825"
base,RACExPOLIDEOLOGY,RACExPOLIDEOLOGY :: Asian | Liberal,ECON5_j_W54,5,"0.175416,0.175416,0.317637,0.289211,0.042321"
base,RACExPOLIDEOLOGY,RACExPOLIDEOLOGY :: Asian | Moderate,ECON5_j_W54,5,"0.156362,0.194596,0.363552,0.234727,0.050763"
base,RACExPOLIDEOLOGY,RACExPOLIDEOLOGY :: Black | Conservative,ECON5_j_W54,5,"0.185164,0.179467,0.286787,0.305284,0.043298"
base,RACExPOLIDEOLOGY,RACExPOLIDEOLOGY :: Black | Liberal,ECON5_j_W54,5,"0.165705,0.176392,0.309577,0.309577,0.038748"
base,RACExPOLIDEOLOGY,RACExPOLIDEOLOGY :: Black | Moderate,ECON5_j_W54,5,"0.158213,0.196899,0.324632,0.277673,0.042582"
base,RACExPOLIDEOLOGY,RACExPOLIDEOLOGY :: Black | Very conservative,ECON5_j_W54,5,"0.170334,0.155091,0.298946,0.328328,0.047300"
base,RACExPOLIDEOLOGY,RACExPOLIDEOLOGY :: Black | Very liberal,ECON5_j_W54,5,"0.195916,0.167576,0.285056,0.303441,0.048011"
base,RACExPOLIDEOLOGY,RACExPOLIDEOLOGY :: Hispanic | Conservative,ECON5_j_W54,5,"0.199493,0.187406,0.281330,0.281330,0.050440"
base,RACExPOLIDEOLOGY,RACExPOLIDEOLOGY :: Hispanic | Liberal,ECON5_j_W54,5,"0.184963,0.179272,0.295570,0.295570,0.044624"
base,RACExPOLIDEOLOGY,RACExPOLIDEOLOGY :: Hispanic | Moderate,ECON5_j_W54,5,"0.169812,0.198530,0.327321,0.254918,0.049418"
base,RACExPOLIDEOLOGY,RACExPOLIDEOLOGY :: Mixed Race | Liberal,ECON5_j_W54,5,"0.182872,0.213799,0.292229,0.274523,0.036577"
base,RACExPOLIDEOLOGY,RACExPOLIDEOLOGY :: Mixed Race | Moderate,ECON5_j_W54,5,"0.169769,0.232046,0.317170,0.239412,0.041604"
base,RACExPOLIDEOLOGY,RACExPOLIDEOLOGY :: Refused | Moderate,ECON5_j_W54,5,"0.183540,0.183540,0.312212,0.228419,0.092290"
base,RACExPOLIDEOLOGY,RACExPOLIDEOLOGY :: White | Conservative,ECON5_j_W54,5,"0.204526,0.192134,0.279554,0.279554,0.044232"
base,RACExPOLIDEOLOGY,RACExPOLIDEOLOGY :: White | Liberal,ECON5_j_W54,5,"0.176551,0.182156,0.300324,0.300324,0.040644"
base,RACExPOLIDEOLOGY,RACExPOLIDEOLOGY :: White | Moderate,ECON5_j_W54,5,"0.171446,0.213368,0.320304,0.249453,0.045429"
base,RACExPOLIDEOLOGY,RACExPOLIDEOLOGY :: White | Refused,ECON5_j_W54,5,"0.186060,0.164198,0.279310,0.246490,0.123943"
base,RACExPOLIDEOLOGY,RACExPOLIDEOLOGY :: White | Very conservative,ECON5_j_W54,5,"0.182333,0.160908,0.291368,0.320005,0.045386"
base,RACExPOLIDEOLOGY,RACExPOLIDEOLOGY :: White | Very liberal,ECON5_j_W54,5,"0.214535,0.172383,0.275468,0.284212,0.053402"
base,RACExPOLIDEOLOGY,RACExPOLIDEOLOGY :: Asian | Liberal,ECONFAIR_W53,2,"0.870597,0.129403"
base,RACExPOLIDEOLOGY,RACExPOLIDEOLOGY :: Asian | Moderate,ECONFAIR_W53,2,"0.766294,0.233706"
base,RACExPOLIDEOLOGY,RACExPOLIDEOLOGY :: Black | Conservative,ECONFAIR_W53,2,"0.749087,0.250913"
base,RACExPOLIDEOLOGY,RACExPOLIDEOLOGY :: Black | Liberal,ECONFAIR_W53,2,"0.896251,0.103749"
base,RACExPOLIDEOLOGY,RACExPOLIDEOLOGY :: Black | Moderate,ECONFAIR_W53,2,"0.843895,0.156105"
base,RACExPOLIDEOLOGY,RACExPOLIDEOLOGY :: Black | Very conservative,ECONFAIR_W53,2,"0.777300,0.222700"
base,RACExPOLIDEOLOGY,RACExPOLIDEOLOGY :: Black | Very liberal,ECONFAIR_W53,2,"0.938124,0.061876"
base,RACExPOLIDEOLOGY,RACExPOLIDEOLOGY :: Hispanic | Conservative,ECONFAIR_W53,2,"0.718594,0.281406"
base,RACExPOLIDEOLOGY,RACExPOLIDEOLOGY :: Hispanic | Liberal,ECONFAIR_W53,2,"0.884039,0.115961"
base,RACExPOLIDEOLOGY,RACExPOLIDEOLOGY :: Hispanic | Moderate,ECONFAIR_W53,2,"0.787931,0.212069"
base,RACExPOLIDEOLOGY,RACExPOLIDEOLOGY :: Mixed Race | Liberal,ECONFAIR_W53,2,"0.904651,0.095349"
base,RACExPOLIDEOLOGY,RACExPOLIDEOLOGY :: Mixed Race | Moderate,ECONFAIR_W53,2,"0.831143,0.168857"
base,RACExPOLIDEOLOGY,RACExPOLIDEOLOGY :: Refused | Moderate,ECONFAIR_W53,2,"0.817574,0.182426"
base,RACExPOLIDEOLOGY,RACExPOLIDEOLOGY :: White | Conservative,ECONFAIR_W53,2,"0.665411,0.334589"
base,RACExPOLIDEOLOGY,RACExPOLIDEOLOGY :: White | Liberal,ECONFAIR_W53,2,"0.887205,0.112795"
base,RACExPOLIDEOLOGY,RACExPOLIDEOLOGY :: White | Moderate,ECONFAIR_W53,2,"0.766294,0.233706"
base,RACExPOLIDEOLOGY,RACExPOLIDEOLOGY :: White | Refused,ECONFAIR_W53,2,"0.760651,0.239349"
base,RACExPOLIDEOLOGY,RACExPOLIDEOLOGY :: White | Very conservative,ECONFAIR_W53,2,"0.718594,0.281406"
base,RACExPOLIDEOLOGY,RACExPOLIDEOLOGY :: White | Very liberal,ECONFAIR_W53,2,"0.936285,0.063715"
base,RACExPOLIDEOLOGY,RACExPOLIDEOLOGY :: Asian | Liberal,FAMSURV27b_W50,4,"0.144295,0.368471,0.296074,0.191160"
base,RACExPOLIDEOLOGY,RACExPOLIDEOLOGY :: Asian | Moderate,FAMSURV27b_W50,4,"0.151657,0.363805,0.301605,0.182933"
base,RACExPOLIDEOLOGY,RACExPOLIDEOLOGY :: Black | Conservative,FAMSURV27b_W50,4,"0.185134,0.379869,0.261080,0.173917"
base,RACExPOLIDEOLOGY,RACExPOLIDEOLOGY :: Black | Liberal,FAMSURV27b_W50,4,"0.153132,0.379006,0.277286,0.190576"
base,RACExPOLIDEOLOGY,RACExPOLIDEOLOGY :: Black | Moderate,FAMSURV27b_W50,4,"0.153554,0.380049,0.286876,0.179522"
base,RACExPOLIDEOLOGY,RACExPOLIDEOLOGY :: Black | Refused,FAMSURV27b_W50,4,"0.223532,0.269631,0.261335,0.245502"
base,RACExPOLIDEOLOGY,RACExPOLIDEOLOGY :: Black | Very conservative,FAMSURV27b_W50,4,"0.195942,0.366069,0.259581,0.178408"
base,RACExPOLIDEOLOGY,RACExPOLIDEOLOGY :: Black | Very liberal,FAMSURV27b_W50,4,"0.158475,0.368465,0.269575,0.203486"
base,RACExPOLIDEOLOGY,RACExPOLIDEOLOGY :: Hispanic | Liberal,FAMSURV27b_W50,4,"0.165078,0.372008,0.263793,0.199121"
base,RACExPOLIDEOLOGY,RACExPOLIDEOLOGY :: Hispanic | Moderate,FAMSURV27b_W50,4,"0.162316,0.365785,0.276109,0.195790"
base,RACExPOLIDEOLOGY,RACExPOLIDEOLOGY :: Hispanic | Very liberal,FAMSURV27b_W50,4,"0.169195,0.358185,0.262054,0.210566"
base,RACExPOLIDEOLOGY,RACExPOLIDEOLOGY :: Mixed Race | Conservative,FAMSURV27b_W50,4,"0.162221,0.389148,0.275947,0.172683"
base,RACExPOLIDEOLOGY,RACExPOLIDEOLOGY :: Mixed Race | Liberal,FAMSURV27b_W50,4,"0.134756,0.389929,0.285278,0.190036"
base,RACExPOLIDEOLOGY,RACExPOLIDEOLOGY :: Mixed Race | Moderate,FAMSURV27b_W50,4,"0.136326,0.394471,0.288601,0.180602"
base,RACExPOLIDEOLOGY,RACExPOLIDEOLOGY :: Refused | Moderate,FAMSURV27b_W50,4,"0.178649,0.313539,0.285480,0.222332"
base,RACExPOLIDEOLOGY,RACExPOLIDEOLOGY :: White | Conservative,FAMSURV27b_W50,4,"0.157130,0.365339,0.275772,0.201759"
base,RACExPOLIDEOLOGY,RACExPOLIDEOLOGY :: White | Liberal,FAMSURV27b_W50,4,"0.129755,0.363907,0.292408,0.213930"
base,RACExPOLIDEOLOGY,RACExPOLIDEOLOGY :: White | Moderate,FAMSURV27b_W50,4,"0.134828,0.355225,0.294492,0.215455"
base,RACExPOLIDEOLOGY,RACExPOLIDEOLOGY :: White | Very conservative,FAMSURV27b_W50,4,"0.167449,0.354491,0.276077,0.201983"
base,RACExPOLIDEOLOGY,RACExPOLIDEOLOGY :: White | Very liberal,FAMSURV27b_W50,4,"0.136864,0.349495,0.280827,0.232814"
base,RACExPOLIDEOLOGY,RACExPOLIDEOLOGY :: Asian | Conservative,FAMSURV38a_W50,3,"0.461480,0.327239,0.211281"
base,RACExPOLIDEOLOGY,RACExPOLIDEOLOGY :: Asian | Liberal,FAMSURV38a_W50,3,"0.444364,0.325103,0.230533"
base,RACExPOLIDEOLOGY,RACExPOLIDEOLOGY :: Asian | Moderate,FAMSURV38a_W50,3,"0.422535,0.329070,0.248395"
base,RACExPOLIDEOLOGY,RACExPOLIDEOLOGY :: Asian | Very liberal,FAMSURV38a_W50,3,"0.452715,0.352575,0.194710"
base,RACExPOLIDEOLOGY,RACExPOLIDEOLOGY :: Black | Conservative,FAMSURV38a_W50,3,"0.491636,0.327500,0.180863"
base,RACExPOLIDEOLOGY,RACExPOLIDEOLOGY :: Black | Liberal,FAMSURV38a_W50,3,"0.480076,0.319799,0.200125"
base,RACExPOLIDEOLOGY,RACExPOLIDEOLOGY :: Black | Moderate,FAMSURV38a_W50,3,"0.470815,0.313630,0.215555"
base,RACExPOLIDEOLOGY,RACExPOLIDEOLOGY :: Black | Refused,FAMSURV38a_W50,3,"0.398340,0.291432,0.310228"
base,RACExPOLIDEOLOGY,RACExPOLIDEOLOGY :: Black | Very conservative,FAMSURV38a_W50,3,"0.486318,0.355798,0.157884"
base,RACExPOLIDEOLOGY,RACExPOLIDEOLOGY :: Black | Very liberal,FAMSURV38a_W50,3,"0.481467,0.341411,0.177122"
base,RACExPOLIDEOLOGY,RACExPOLIDEOLOGY :: Hispanic | Conservative,FAMSURV38a_W50,3,"0.480076,0.319799,0.200125"
base,RACExPOLIDEOLOGY,RACExPOLIDEOLOGY :: Hispanic | Liberal,FAMSURV38a_W50,3,"0.470815,0.313630,0.215555"
base,RACExPOLIDEOLOGY,RACExPOLIDEOLOGY :: Hispanic | Moderate,FAMSURV38a_W50,3,"0.456596,0.313813,0.229591"
base,RACExPOLIDEOLOGY,RACExPOLIDEOLOGY :: Hispanic | Very liberal,FAMSURV38a_W50,3,"0.473229,0.335569,0.191202"
base,RACExPOLIDEOLOGY,RACExPOLIDEOLOGY :: Mixed Race | Conservative,FAMSURV38a_W50,3,"0.498668,0.312059,0.189273"
base,RACExPOLIDEOLOGY,RACExPOLIDEOLOGY :: Mixed Race | Liberal,FAMSURV38a_W50,3,"0.491008,0.297812,0.211180"
base,RACExPOLIDEOLOGY,RACExPOLIDEOLOGY :: Mixed Race | Moderate,FAMSURV38a_W50,3,"0.479935,0.300335,0.219730"
base,RACExPOLIDEOLOGY,RACExPOLIDEOLOGY :: Refused | Moderate,FAMSURV38a_W50,3,"0.440251,0.284247,0.275502"
base,RACExPOLIDEOLOGY,RACExPOLIDEOLOGY :: White | Conservative,FAMSURV38a_W50,3,"0.505184,0.296983,0.197833"
base,RACExPOLIDEOLOGY,RACExPOLIDEOLOGY :: White | Liberal,FAMSURV38a_W50,3,"0.491008,0.297812,0.211180"
base,RACExPOLIDEOLOGY,RACExPOLIDEOLOGY :: White | Moderate,FAMSURV38a_W50,3,"0.481024,0.291756,0.227220"
base,RACExPOLIDEOLOGY,RACExPOLIDEOLOGY :: White | Refused,FAMSURV38a_W50,3,"0.393990,0.279381,0.326629"
base,RACExPOLIDEOLOGY,RACExPOLIDEOLOGY :: White | Very conservative,FAMSURV38a_W50,3,"0.512706,0.320843,0.166451"
base,RACExPOLIDEOLOGY,RACExPOLIDEOLOGY :: White | Very liberal,FAMSURV38a_W50,3,"0.498668,0.312059,0.189273"
base,RACExPOLIDEOLOGY,RACExPOLIDEOLOGY :: Asian | Conservative,FAMSURV3_W50,3,"0.534088,0.378725,0.087187"
base,RACExPOLIDEOLOGY,RACExPOLIDEOLOGY :: Asian | Liberal,FAMSURV3_W50,3,"0.590350,0.358066,0.051584"
base,RACExPOLIDEOLOGY,RACExPOLIDEOLOGY :: Asian | Moderate,FAMSURV3_W50,3,"0.564480,0.376025,0.059496"
base,RACExPOLIDEOLOGY,RACExPOLIDEOLOGY :: Asian | Very liberal,FAMSURV3_W50,3,"0.601396,0.342665,0.055939"
base,RACExPOLIDEOLOGY,RACExPOLIDEOLOGY :: Black | Conservative,FAMSURV3_W50,3,"0.540384,0.371400,0.088215"
base,RACExPOLIDEOLOGY,RACExPOLIDEOLOGY :: Black | Liberal,FAMSURV3_W50,3,"0.588393,0.356878,0.054729"
base,RACExPOLIDEOLOGY,RACExPOLIDEOLOGY :: Black | Moderate,FAMSURV3_W50,3,"0.564480,0.376025,0.059496"
base,RACExPOLIDEOLOGY,RACExPOLIDEOLOGY :: Black | Refused,FAMSURV3_W50,3,"0.490857,0.316921,0.192222"
base,RACExPOLIDEOLOGY,RACExPOLIDEOLOGY :: Black | Very conservative,FAMSURV3_W50,3,"0.525303,0.349927,0.124770"
base,RACExPOLIDEOLOGY,RACExPOLIDEOLOGY :: Black | Very liberal,FAMSURV3_W50,3,"0.598108,0.340792,0.061101"
base,RACExPOLIDEOLOGY,RACExPOLIDEOLOGY :: Hispanic | Conservative,FAMSURV3_W50,3,"0.540384,0.371400,0.088215"
base,RACExPOLIDEOLOGY,RACExPOLIDEOLOGY :: Hispanic | Liberal,FAMSURV3_W50,3,"0.586323,0.355623,0.058054"
base,RACExPOLIDEOLOGY,RACExPOLIDEOLOGY :: Hispanic | Moderate,FAMSURV3_W50,3,"0.562322,0.374587,0.063091"
base,RACExPOLIDEOLOGY,RACExPOLIDEOLOGY :: Hispanic | Very liberal,FAMSURV3_W50,3,"0.600799,0.331793,0.067408"
base,RACExPOLIDEOLOGY,RACExPOLIDEOLOGY :: Mixed Race | Conservative,FAMSURV3_W50,3,"0.571087,0.368721,0.060192"
base,RACExPOLIDEOLOGY,RACExPOLIDEOLOGY :: Mixed Race | Liberal,FAMSURV3_W50,3,"0.626835,0.335521,0.037644"
base,RACExPOLIDEOLOGY,RACExPOLIDEOLOGY :: Mixed Race | Moderate,FAMSURV3_W50,3,"0.603894,0.355011,0.041095"
base,RACExPOLIDEOLOGY,RACExPOLIDEOLOGY :: Refused | Moderate,FAMSURV3_W50,3,"0.557752,0.317797,0.124451"
base,RACExPOLIDEOLOGY,RACExPOLIDEOLOGY :: White | Conservative,FAMSURV3_W50,3,"0.540384,0.371400,0.088215"
base,RACExPOLIDEOLOGY,RACExPOLIDEOLOGY :: White | Liberal,FAMSURV3_W50,3,"0.589385,0.357480,0.053135"
base,RACExPOLIDEOLOGY,RACExPOLIDEOLOGY :: White | Moderate,FAMSURV3_W50,3,"0.564480,0.376025,0.059496"
base,RACExPOLIDEOLOGY,RACExPOLIDEOLOGY :: White | Refused,FAMSURV3_W50,3,"0.498668,0.312059,0.189273"
base,RACExPOLIDEOLOGY,RACExPOLIDEOLOGY :: White | Very conservative,FAMSURV3_W50,3,"0.535109,0.345492,0.119399"
base,RACExPOLIDEOLOGY,RACExPOLIDEOLOGY :: White | Very liberal,FAMSURV3_W50,3,"0.606715,0.335060,0.058225"
base,RACExPOLIDEOLOGY,RACExPOLIDEOLOGY :: Asian | Conservative,FAMSURV5d_W50,3,"0.528591,0.282934,0.188475"
base,RACExPOLIDEOLOGY,RACExPOLIDEOLOGY :: Asian | Liberal,FAMSURV5d_W50,3,"0.571550,0.230927,0.197523"
base,RACExPOLIDEOLOGY,RACExPOLIDEOLOGY :: Asian | Moderate,FAMSURV5d_W50,3,"0.529681,0.242506,0.227813"
base,RACExPOLIDEOLOGY,RACExPOLIDEOLOGY :: Asian | Very liberal,FAMSURV5d_W50,3,"0.586782,0.222717,0.190500"
base,RACExPOLIDEOLOGY,RACExPOLIDEOLOGY :: Black | Conservative,FAMSURV5d_W50,3,"0.523146,0.317304,0.159550"
base,RACExPOLIDEOLOGY,RACExPOLIDEOLOGY :: Black | Liberal,FAMSURV5d_W50,3,"0.565622,0.267181,0.167197"
base,RACExPOLIDEOLOGY,RACExPOLIDEOLOGY :: Black | Moderate,FAMSURV5d_W50,3,"0.523886,0.289317,0.186797"
base,RACExPOLIDEOLOGY,RACExPOLIDEOLOGY :: Black | Refused,FAMSURV5d_W50,3,"0.490289,0.270763,0.238948"
base,RACExPOLIDEOLOGY,RACExPOLIDEOLOGY :: Black | Very conservative,FAMSURV5d_W50,3,"0.546465,0.301787,0.151748"
base,RACExPOLIDEOLOGY,RACExPOLIDEOLOGY :: Black | Very liberal,FAMSURV5d_W50,3,"0.580910,0.257777,0.161313"
base,RACExPOLIDEOLOGY,RACExPOLIDEOLOGY :: Hispanic | Conservative,FAMSURV5d_W50,3,"0.543406,0.290864,0.165729"
base,RACExPOLIDEOLOGY,RACExPOLIDEOLOGY :: Hispanic | Liberal,FAMSURV5d_W50,3,"0.571844,0.253754,0.174402"
base,RACExPOLIDEOLOGY,RACExPOLIDEOLOGY :: Hispanic | Moderate,FAMSURV5d_W50,3,"0.539014,0.262694,0.198292"
base,RACExPOLIDEOLOGY,RACExPOLIDEOLOGY :: Hispanic | Very liberal,FAMSURV5d_W50,3,"0.583955,0.243429,0.172617"
base,RACExPOLIDEOLOGY,RACExPOLIDEOLOGY :: Mixed Race | Conservative,FAMSURV5d_W50,3,"0.541002,0.272033,0.186965"
base,RACExPOLIDEOLOGY,RACExPOLIDEOLOGY :: Mixed Race | Liberal,FAMSURV5d_W50,3,"0.575998,0.218624,0.205378"
base,RACExPOLIDEOLOGY,RACExPOLIDEOLOGY :: Mixed Race | Moderate,FAMSURV5d_W50,3,"0.522011,0.238994,0.238994"
base,RACExPOLIDEOLOGY,RACExPOLIDEOLOGY :: Refused | Moderate,FAMSURV5d_W50,3,"0.518081,0.244724,0.237195"
base,RACExPOLIDEOLOGY,RACExPOLIDEOLOGY :: White | Conservative,FAMSURV5d_W50,3,"0.533400,0.303922,0.162678"
base,RACExPOLIDEOLOGY,RACExPOLIDEOLOGY :: White | Liberal,FAMSURV5d_W50,3,"0.574928,0.255123,0.169949"
base,RACExPOLIDEOLOGY,RACExPOLIDEOLOGY :: White | Moderate,FAMSURV5d_W50,3,"0.533233,0.276637,0.190130"
base,RACExPOLIDEOLOGY,RACExPOLIDEOLOGY :: White | Refused,FAMSURV5d_W50,3,"0.486842,0.252570,0.260588"
base,RACExPOLIDEOLOGY,RACExPOLIDEOLOGY :: White | Very conservative,FAMSURV5d_W50,3,"0.559303,0.290163,0.150534"
base,RACExPOLIDEOLOGY,RACExPOLIDEOLOGY :: White | Very liberal,FAMSURV5d_W50,3,"0.587073,0.244728,0.168199"
base,RACExPOLIDEOLOGY,RACExPOLIDEOLOGY :: Asian | Liberal,FEELC_W32,4,"0.174461,0.489289,0.253840,0.082410"
base,RACExPOLIDEOLOGY,RACExPOLIDEOLOGY :: Asian | Moderate,FEELC_W32,4,"0.129572,0.512467,0.274304,0.083658"
base,RACExPOLIDEOLOGY,RACExPOLIDEOLOGY :: Black | Conservative,FEELC_W32,4,"0.137385,0.494744,0.281897,0.085974"
base,RACExPOLIDEOLOGY,RACExPOLIDEOLOGY :: Black | Liberal,FEELC_W32,4,"0.152278,0.515150,0.251064,0.081509"
base,RACExPOLIDEOLOGY,RACExPOLIDEOLOGY :: Black | Moderate,FEELC_W32,4,"0.121014,0.525662,0.272710,0.080613"
base,RACExPOLIDEOLOGY,RACExPOLIDEOLOGY :: Black | Very conservative,FEELC_W32,4,"0.115092,0.469646,0.322783,0.092479"
base,RACExPOLIDEOLOGY,RACExPOLIDEOLOGY :: Black | Very liberal,FEELC_W32,4,"0.159266,0.506145,0.254506,0.080084"
base,RACExPOLIDEOLOGY,RACExPOLIDEOLOGY :: Hispanic | Conservative,FEELC_W32,4,"0.171378,0.465852,0.273860,0.088909"
base,RACExPOLIDEOLOGY,RACExPOLIDEOLOGY :: Hispanic | Liberal,FEELC_W32,4,"0.180409,0.490403,0.246590,0.082597"
base,RACExPOLIDEOLOGY,RACExPOLIDEOLOGY :: Hispanic | Moderate,FEELC_W32,4,"0.140517,0.506022,0.270854,0.082606"
base,RACExPOLIDEOLOGY,RACExPOLIDEOLOGY :: Hispanic | Very liberal,FEELC_W32,4,"0.187895,0.479807,0.248920,0.083378"
base,RACExPOLIDEOLOGY,RACExPOLIDEOLOGY :: Mixed Race | Moderate,FEELC_W32,4,"0.131924,0.573052,0.224410,0.070614"
base,RACExPOLIDEOLOGY,RACExPOLIDEOLOGY :: Other | Conservative,FEELC_W32,4,"0.143341,0.469996,0.294116,0.092548"
base,RACExPOLIDEOLOGY,RACExPOLIDEOLOGY :: Other | Moderate,FEELC_W32,4,"0.134266,0.514693,0.267019,0.084021"
base,RACExPOLIDEOLOGY,RACExPOLIDEOLOGY :: White | Conservative,FEELC_W32,4,"0.175337,0.491744,0.255114,0.077805"
base,RACExPOLIDEOLOGY,RACExPOLIDEOLOGY :: White | Liberal,FEELC_W32,4,"0.191114,0.503518,0.230527,0.074841"
base,RACExPOLIDEOLOGY,RACExPOLIDEOLOGY :: White | Moderate,FEELC_W32,4,"0.145455,0.523803,0.255281,0.075461"
base,RACExPOLIDEOLOGY,RACExPOLIDEOLOGY :: White | Refused,FEELC_W32,4,"0.137932,0.411790,0.320702,0.129575"
base,RACExPOLIDEOLOGY,RACExPOLIDEOLOGY :: White | Very conservative,FEELC_W32,4,"0.138622,0.483838,0.293462,0.084078"
base,RACExPOLIDEOLOGY,RACExPOLIDEOLOGY :: White | Very liberal,FEELC_W32,4,"0.201421,0.498521,0.228240,0.071819"
base,RACExPOLIDEOLOGY,RACExPOLIDEOLOGY :: Asian | Conservative,FREECOLL_W92,4,"0.182068,0.273316,0.373579,0.171037"
base,RACExPOLIDEOLOGY,RACExPOLIDEOLOGY :: Asian | Liberal,FREECOLL_W92,4,"0.510337,0.329498,0.129033,0.031131"
base,RACExPOLIDEOLOGY,RACExPOLIDEOLOGY :: Asian | Moderate,FREECOLL_W92,4,"0.244301,0.415571,0.285617,0.054511"
base,RACExPOLIDEOLOGY,RACExPOLIDEOLOGY :: Black | Conservative,FREECOLL_W92,4,"0.154093,0.254056,0.405980,0.185871"
base,RACExPOLIDEOLOGY,RACExPOLIDEOLOGY :: Black | Liberal,FREECOLL_W92,4,"0.573818,0.297693,0.102880,0.025609"
base,RACExPOLIDEOLOGY,RACExPOLIDEOLOGY :: Black | Moderate,FREECOLL_W92,4,"0.252269,0.403124,0.294932,0.049675"
base,RACExPOLIDEOLOGY,RACExPOLIDEOLOGY :: Black | Very conservative,FREECOLL_W92,4,"0.112921,0.192084,0.406642,0.288353"
base,RACExPOLIDEOLOGY,RACExPOLIDEOLOGY :: Black | Very liberal,FREECOLL_W92,4,"0.646109,0.245235,0.084751,0.023905"
base,RACExPOLIDEOLOGY,RACExPOLIDEOLOGY :: Hispanic | Conservative,FREECOLL_W92,4,"0.181796,0.272908,0.384862,0.160434"
base,RACExPOLIDEOLOGY,RACExPOLIDEOLOGY :: Hispanic | Liberal,FREECOLL_W92,4,"0.462838,0.338619,0.159952,0.038590"
base,RACExPOLIDEOLOGY,RACExPOLIDEOLOGY :: Hispanic | Moderate,FREECOLL_W92,4,"0.226402,0.385123,0.329414,0.059061"
base,RACExPOLIDEOLOGY,RACExPOLIDEOLOGY :: Hispanic | Very conservative,FREECOLL_W92,4,"0.139584,0.216191,0.391472,0.252753"
base,RACExPOLIDEOLOGY,RACExPOLIDEOLOGY :: Hispanic | Very liberal,FREECOLL_W92,4,"0.548766,0.284696,0.130343,0.036195"
base,RACExPOLIDEOLOGY,RACExPOLIDEOLOGY :: Mixed Race | Conservative,FREECOLL_W92,4,"0.181235,0.318077,0.383674,0.117014"
base,RACExPOLIDEOLOGY,RACExPOLIDEOLOGY :: Mixed Race | Liberal,FREECOLL_W92,4,"0.474415,0.369475,0.131740,0.024370"
base,RACExPOLIDEOLOGY,RACExPOLIDEOLOGY :: Mixed Race | Moderate,FREECOLL_W92,4,"0.248371,0.449741,0.264389,0.037498"
base,RACExPOLIDEOLOGY,RACExPOLIDEOLOGY :: Refused | Conservative,FREECOLL_W92,4,"0.212292,0.240558,0.396613,0.150537"
base,RACExPOLIDEOLOGY,RACExPOLIDEOLOGY :: Refused | Moderate,FREECOLL_W92,4,"0.227525,0.310990,0.375126,0.086359"
base,RACExPOLIDEOLOGY,RACExPOLIDEOLOGY :: White | Conservative,FREECOLL_W92,4,"0.152996,0.252248,0.415886,0.178870"
base,RACExPOLIDEOLOGY,RACExPOLIDEOLOGY :: White | Liberal,FREECOLL_W92,4,"0.576754,0.299216,0.100225,0.023805"
base,RACExPOLIDEOLOGY,RACExPOLIDEOLOGY :: White | Moderate,FREECOLL_W92,4,"0.233822,0.410371,0.309764,0.046042"
base,RACExPOLIDEOLOGY,RACExPOLIDEOLOGY :: White | Refused,FREECOLL_W92,4,"0.168538,0.197041,0.503163,0.131258"
base,RACExPOLIDEOLOGY,RACExPOLIDEOLOGY :: White | Very conservative,FREECOLL_W92,4,"0.106067,0.180425,0.406595,0.306914"
base,RACExPOLIDEOLOGY,RACExPOLIDEOLOGY :: White | Very liberal,FREECOLL_W92,4,"0.666705,0.237721,0.074802,0.020772"
base,RACExPOLIDEOLOGY,RACExPOLIDEOLOGY :: Asian | Liberal,GOVPRIORITYd_W54,4,"0.503874,0.380344,0.070357,0.045426"
base,RACExPOLIDEOLOGY,RACExPOLIDEOLOGY :: Asian | Moderate,GOVPRIORITYd_W54,4,"0.333788,0.485659,0.108365,0.072187"
base,RACExPOLIDEOLOGY,RACExPOLIDEOLOGY :: Black | Conservative,GOVPRIORITYd_W54,4,"0.301605,0.438832,0.133836,0.125727"
base,RACExPOLIDEOLOGY,RACExPOLIDEOLOGY :: Black | Liberal,GOVPRIORITYd_W54,4,"0.527369,0.362455,0.071372,0.038804"
base,RACExPOLIDEOLOGY,RACExPOLIDEOLOGY :: Black | Moderate,GOVPRIORITYd_W54,4,"0.387583,0.453130,0.104316,0.054971"
base,RACExPOLIDEOLOGY,RACExPOLIDEOLOGY :: Black | Very conservative,GOVPRIORITYd_W54,4,"0.213575,0.452138,0.133652,0.200635"
base,RACExPOLIDEOLOGY,RACExPOLIDEOLOGY :: Black | Very liberal,GOVPRIORITYd_W54,4,"0.514387,0.376333,0.069615,0.039665"
base,RACExPOLIDEOLOGY,RACExPOLIDEOLOGY :: Hispanic | Conservative,GOVPRIORITYd_W54,4,"0.334339,0.403290,0.122997,0.139373"
base,RACExPOLIDEOLOGY,RACExPOLIDEOLOGY :: Hispanic | Liberal,GOVPRIORITYd_W54,4,"0.519651,0.357151,0.074863,0.048335"
base,RACExPOLIDEOLOGY,RACExPOLIDEOLOGY :: Hispanic | Moderate,GOVPRIORITYd_W54,4,"0.386081,0.437487,0.107211,0.069221"
base,RACExPOLIDEOLOGY,RACExPOLIDEOLOGY :: Mixed Race | Liberal,GOVPRIORITYd_W54,4,"0.585683,0.323445,0.059831,0.031040"
base,RACExPOLIDEOLOGY,RACExPOLIDEOLOGY :: Mixed Race | Moderate,GOVPRIORITYd_W54,4,"0.452137,0.424744,0.081064,0.042055"
base,RACExPOLIDEOLOGY,RACExPOLIDEOLOGY :: Refused | Moderate,GOVPRIORITYd_W54,4,"0.365097,0.365097,0.147513,0.122292"
base,RACExPOLIDEOLOGY,RACExPOLIDEOLOGY :: White | Conservative,GOVPRIORITYd_W54,4,"0.317720,0.448057,0.124421,0.109801"
base,RACExPOLIDEOLOGY,RACExPOLIDEOLOGY :: White | Liberal,GOVPRIORITYd_W54,4,"0.570345,0.335289,0.060114,0.034252"
base,RACExPOLIDEOLOGY,RACExPOLIDEOLOGY :: White | Moderate,GOVPRIORITYd_W54,4,"0.399706,0.452926,0.094938,0.052430"
base,RACExPOLIDEOLOGY,RACExPOLIDEOLOGY :: White | Refused,GOVPRIORITYd_W54,4,"0.378977,0.314183,0.162996,0.143844"
base,RACExPOLIDEOLOGY,RACExPOLIDEOLOGY :: White | Very conservative,GOVPRIORITYd_W54,4,"0.221809,0.469569,0.130395,0.178228"
base,RACExPOLIDEOLOGY,RACExPOLIDEOLOGY :: White | Very liberal,GOVPRIORITYd_W54,4,"0.559577,0.350174,0.057164,0.033084"
base,RACExPOLIDEOLOGY,RACExPOLIDEOLOGY :: Asian | Liberal,GOVRESP_c_W54,2,"0.831143,0.168857"
base,RACExPOLIDEOLOGY,RACExPOLIDEOLOGY :: Asian | Moderate,GOVRESP_c_W54,2,"0.692642,0.307358"
base,RACExPOLIDEOLOGY,RACExPOLIDEOLOGY :: Black | Conservative,GOVRESP_c_W54,2,"0.500000,0.500000"
base,RACExPOLIDEOLOGY,RACExPOLIDEOLOGY :: Black | Liberal,GOVRESP_c_W54,2,"0.812867,0.187133"
base,RACExPOLIDEOLOGY,RACExPOLIDEOLOGY :: Black | Moderate,GOVRESP_c_W54,2,"0.712232,0.287768"
base,RACExPOLIDEOLOGY,RACExPOLIDEOLOGY :: Black | Very conservative,GOVRESP_c_W54,2,"0.392337,0.607663"
base,RACExPOLIDEOLOGY,RACExPOLIDEOLOGY :: Black | Very liberal,GOVRESP_c_W54,2,"0.808067,0.191933"
base,RACExPOLIDEOLOGY,RACExPOLIDEOLOGY :: Hispanic | Conservative,GOVRESP_c_W54,2,"0.546738,0.453262"
base,RACExPOLIDEOLOGY,RACExPOLIDEOLOGY :: Hispanic | Liberal,GOVRESP_c_W54,2,"0.787931,0.212069"
base,RACExPOLIDEOLOGY,RACExPOLIDEOLOGY :: Hispanic | Moderate,GOVRESP_c_W54,2,"0.685949,0.314051"
base,RACExPOLIDEOLOGY,RACExPOLIDEOLOGY :: Mixed Race | Liberal,GOVRESP_c_W54,2,"0.843895,0.156105"
base,RACExPOLIDEOLOGY,RACExPOLIDEOLOGY :: Mixed Race | Moderate,GOVRESP_c_W54,2,"0.771843,0.228156"
base,RACExPOLIDEOLOGY,RACExPOLIDEOLOGY :: Refused | Moderate,GOVRESP_c_W54,2,"0.637031,0.362969"
base,RACExPOLIDEOLOGY,RACExPOLIDEOLOGY :: White | Conservative,GOVRESP_c_W54,2,"0.546738,0.453262"
base,RACExPOLIDEOLOGY,RACExPOLIDEOLOGY :: White | Liberal,GOVRESP_c_W54,2,"0.826712,0.173288"
base,RACExPOLIDEOLOGY,RACExPOLIDEOLOGY :: White | Moderate,GOVRESP_c_W54,2,"0.718594,0.281406"
base,RACExPOLIDEOLOGY,RACExPOLIDEOLOGY :: White | Refused,GOVRESP_c_W54,2,"0.515620,0.484380"
base,RACExPOLIDEOLOGY,RACExPOLIDEOLOGY :: White | Very conservative,GOVRESP_c_W54,2,"0.414899,0.585101"
base,RACExPOLIDEOLOGY,RACExPOLIDEOLOGY :: White | Very liberal,GOVRESP_c_W54,2,"0.822189,0.177811"
base,RACExPOLIDEOLOGY,RACExPOLIDEOLOGY :: Asian | Liberal,GOVRESP_d_W54,2,"0.692642,0.307358"
base,RACExPOLIDEOLOGY,RACExPOLIDEOLOGY :: Asian | Moderate,GOVRESP_d_W54,2,"0.492188,0.507812"
base,RACExPOLIDEOLOGY,RACExPOLIDEOLOGY :: Black | Conservative,GOVRESP_d_W54,2,"0.314051,0.685949"
base,RACExPOLIDEOLOGY,RACExPOLIDEOLOGY :: Black | Liberal,GOVRESP_d_W54,2,"0.705785,0.294215"
base,RACExPOLIDEOLOGY,RACExPOLIDEOLOGY :: Black | Moderate,GOVRESP_d_W54,2,"0.515620,0.484380"
base,RACExPOLIDEOLOGY,RACExPOLIDEOLOGY :: Black | Very conservative,GOVRESP_d_W54,2,"0.228156,0.771843"
base,RACExPOLIDEOLOGY,RACExPOLIDEOLOGY :: Black | Very liberal,GOVRESP_d_W54,2,"0.685949,0.314051"
base,RACExPOLIDEOLOGY,RACExPOLIDEOLOGY :: Hispanic | Conservative,GOVRESP_d_W54,2,"0.341583,0.658418"
base,RACExPOLIDEOLOGY,RACExPOLIDEOLOGY :: Hispanic | Liberal,GOVRESP_d_W54,2,"0.644225,0.355775"
base,RACExPOLIDEOLOGY,RACExPOLIDEOLOGY :: Hispanic | Moderate,GOVRESP_d_W54,2,"0.492188,0.507812"
base,RACExPOLIDEOLOGY,RACExPOLIDEOLOGY :: Mixed Race | Liberal,GOVRESP_d_W54,2,"0.699254,0.300746"
base,RACExPOLIDEOLOGY,RACExPOLIDEOLOGY :: Mixed Race | Moderate,GOVRESP_d_W54,2,"0.569853,0.430147"
base,RACExPOLIDEOLOGY,RACExPOLIDEOLOGY :: Refused | Moderate,GOVRESP_d_W54,2,"0.468791,0.531209"
base,RACExPOLIDEOLOGY,RACExPOLIDEOLOGY :: White | Conservative,GOVRESP_d_W54,2,"0.327668,0.672332"
base,RACExPOLIDEOLOGY,RACExPOLIDEOLOGY :: White | Liberal,GOVRESP_d_W54,2,"0.705785,0.294215"
base,RACExPOLIDEOLOGY,RACExPOLIDEOLOGY :: White | Moderate,GOVRESP_d_W54,2,"0.507812,0.492188"
base,RACExPOLIDEOLOGY,RACExPOLIDEOLOGY :: White | Refused,GOVRESP_d_W54,2,"0.392337,0.607663"
base,RACExPOLIDEOLOGY,RACExPOLIDEOLOGY :: White | Very conservative,GOVRESP_d_W54,2,"0.233706,0.766294"
base,RACExPOLIDEOLOGY,RACExPOLIDEOLOGY :: White | Very liberal,GOVRESP_d_W54,2,"0.692642,0.307358"
base,RACExPOLIDEOLOGY,RACExPOLIDEOLOGY :: Asian | Conservative,GOVSIZE2_W92,2,"0.307358,0.692642"
base,RACExPOLIDEOLOGY,RACExPOLIDEOLOGY :: Asian | Liberal,GOVSIZE2_W92,2,"0.287768,0.712232"
base,RACExPOLIDEOLOGY,RACExPOLIDEOLOGY :: Asian | Moderate,GOVSIZE2_W92,2,"0.250913,0.749087"
base,RACExPOLIDEOLOGY,RACExPOLIDEOLOGY :: Black | Conservative,GOVSIZE2_W92,2,"0.300746,0.699254"
base,RACExPOLIDEOLOGY,RACExPOLIDEOLOGY :: Black | Liberal,GOVSIZE2_W92,2,"0.294215,0.705785"
base,RACExPOLIDEOLOGY,RACExPOLIDEOLOGY :: Black | Moderate,GOVSIZE2_W92,2,"0.268941,0.731059"
base,RACExPOLIDEOLOGY,RACExPOLIDEOLOGY :: Black | Very conservative,GOVSIZE2_W92,2,"0.320821,0.679179"
base,RACExPOLIDEOLOGY,RACExPOLIDEOLOGY :: Black | Very liberal,GOVSIZE2_W92,2,"0.300746,0.699254"
base,RACExPOLIDEOLOGY,RACExPOLIDEOLOGY :: Hispanic | Conservative,GOVSIZE2_W92,2,"0.327668,0.672332"
base,RACExPOLIDEOLOGY,RACExPOLIDEOLOGY :: Hispanic | Liberal,GOVSIZE2_W92,2,"0.314051,0.685949"
base,RACExPOLIDEOLOGY,RACExPOLIDEOLOGY :: Hispanic | Moderate,GOVSIZE2_W92,2,"0.287768,0.712232"
base,RACExPOLIDEOLOGY,RACExPOLIDEOLOGY :: Hispanic | Very conservative,GOVSIZE2_W92,2,"0.334589,0.665411"
base,RACExPOLIDEOLOGY,RACExPOLIDEOLOGY :: Hispanic | Very liberal,GOVSIZE2_W92,2,"0.314051,0.685949"
base,RACExPOLIDEOLOGY,RACExPOLIDEOLOGY :: Mixed Race | Conservative,GOVSIZE2_W92,2,"0.334589,0.665411"
base,RACExPOLIDEOLOGY,RACExPOLIDEOLOGY :: Mixed Race | Liberal,GOVSIZE2_W92,2,"0.327668,0.672332"
base,RACExPOLIDEOLOGY,RACExPOLIDEOLOGY :: Mixed Race | Moderate,GOVSIZE2_W92,2,"0.294215,0.705785"
base,RACExPOLIDEOLOGY,RACExPOLIDEOLOGY :: Refused | Conservative,GOVSIZE2_W92,2,"0.370225,0.629775"
base,RACExPOLIDEOLOGY,RACExPOLIDEOLOGY :: Refused | Moderate,GOVSIZE2_W92,2,"0.341583,0.658418"
base,RACExPOLIDEOLOGY,RACExPOLIDEOLOGY :: White | Conservative,GOVSIZE2_W92,2,"0.320821,0.679179"
base,RACExPOLIDEOLOGY,RACExPOLIDEOLOGY :: White | Liberal,GOVSIZE2_W92,2,"0.320821,0.679179"
base,RACExPOLIDEOLOGY,RACExPOLIDEOLOGY :: White | Moderate,GOVSIZE2_W92,2,"0.287768,0.712232"
base,RACExPOLIDEOLOGY,RACExPOLIDEOLOGY :: White | Refused,GOVSIZE2_W92,2,"0.341583,0.658418"
base,RACExPOLIDEOLOGY,RACExPOLIDEOLOGY :: White | Very conservative,GOVSIZE2_W92,2,"0.334589,0.665411"
base,RACExPOLIDEOLOGY,RACExPOLIDEOLOGY :: White | Very liberal,GOVSIZE2_W92,2,"0.307358,0.692642"
base,RACExPOLIDEOLOGY,RACExPOLIDEOLOGY :: Asian | Liberal,INEQ2_W54,2,"0.658418,0.341583"
base,RACExPOLIDEOLOGY,RACExPOLIDEOLOGY :: Asian | Moderate,INEQ2_W54,2,"0.731059,0.268941"
base,RACExPOLIDEOLOGY,RACExPOLIDEOLOGY :: Black | Conservative,INEQ2_W54,2,"0.743168,0.256832"
base,RACExPOLIDEOLOGY,RACExPOLIDEOLOGY :: Black | Liberal,INEQ2_W54,2,"0.637031,0.362969"
base,RACExPOLIDEOLOGY,RACExPOLIDEOLOGY :: Black | Moderate,INEQ2_W54,2,"0.712232,0.287768"
base,RACExPOLIDEOLOGY,RACExPOLIDEOLOGY :: Black | Very conservative,INEQ2_W54,2,"0.749087,0.250913"
base,RACExPOLIDEOLOGY,RACExPOLIDEOLOGY :: Black | Very liberal,INEQ2_W54,2,"0.607663,0.392337"
base,RACExPOLIDEOLOGY,RACExPOLIDEOLOGY :: Hispanic | Conservative,INEQ2_W54,2,"0.731059,0.268941"
base,RACExPOLIDEOLOGY,RACExPOLIDEOLOGY :: Hispanic | Liberal,INEQ2_W54,2,"0.644225,0.355775"
base,RACExPOLIDEOLOGY,RACExPOLIDEOLOGY :: Hispanic | Moderate,INEQ2_W54,2,"0.712232,0.287768"
base,RACExPOLIDEOLOGY,RACExPOLIDEOLOGY :: Mixed Race | Liberal,INEQ2_W54,2,"0.679179,0.320821"
base,RACExPOLIDEOLOGY,RACExPOLIDEOLOGY :: Mixed Race | Moderate,INEQ2_W54,2,"0.731059,0.268941"
base,RACExPOLIDEOLOGY,RACExPOLIDEOLOGY :: Refused | Moderate,INEQ2_W54,2,"0.699254,0.300746"
base,RACExPOLIDEOLOGY,RACExPOLIDEOLOGY :: White | Conservative,INEQ2_W54,2,"0.760651,0.239349"
base,RACExPOLIDEOLOGY,RACExPOLIDEOLOGY :: White | Liberal,INEQ2_W54,2,"0.651355,0.348645"
base,RACExPOLIDEOLOGY,RACExPOLIDEOLOGY :: White | Moderate,INEQ2_W54,2,"0.737158,0.262842"
base,RACExPOLIDEOLOGY,RACExPOLIDEOLOGY :: White | Refused,INEQ2_W54,2,"0.651355,0.348645"
base,RACExPOLIDEOLOGY,RACExPOLIDEOLOGY :: White | Very conservative,INEQ2_W54,2,"0.760651,0.239349"
base,RACExPOLIDEOLOGY,RACExPOLIDEOLOGY :: White | Very liberal,INEQ2_W54,2,"0.607663,0.392337"
base,RACExPOLIDEOLOGY,RACExPOLIDEOLOGY :: Asian | Liberal,INEQ4_c_W54,4,"0.486327,0.355805,0.089962,0.067907"
base,RACExPOLIDEOLOGY,RACExPOLIDEOLOGY :: Asian | Moderate,INEQ4_c_W54,4,"0.324235,0.457244,0.143878,0.074643"
base,RACExPOLIDEOLOGY,RACExPOLIDEOLOGY :: Black | Conservative,INEQ4_c_W54,4,"0.299714,0.397056,0.199652,0.103578"
base,RACExPOLIDEOLOGY,RACExPOLIDEOLOGY :: Black | Liberal,INEQ4_c_W54,4,"0.512426,0.341349,0.081078,0.065148"
base,RACExPOLIDEOLOGY,RACExPOLIDEOLOGY :: Black | Moderate,INEQ4_c_W54,4,"0.381226,0.431986,0.116268,0.070520"
base,RACExPOLIDEOLOGY,RACExPOLIDEOLOGY :: Black | Very conservative,INEQ4_c_W54,4,"0.234495,0.352018,0.291833,0.121654"
base,RACExPOLIDEOLOGY,RACExPOLIDEOLOGY :: Black | Very liberal,INEQ4_c_W54,4,"0.579142,0.282251,0.073630,0.064978"
base,RACExPOLIDEOLOGY,RACExPOLIDEOLOGY :: Hispanic | Conservative,INEQ4_c_W54,4,"0.297725,0.394421,0.198327,0.109527"
base,RACExPOLIDEOLOGY,RACExPOLIDEOLOGY :: Hispanic | Liberal,INEQ4_c_W54,4,"0.481736,0.352446,0.091941,0.073877"
base,RACExPOLIDEOLOGY,RACExPOLIDEOLOGY :: Hispanic | Moderate,INEQ4_c_W54,4,"0.340320,0.436980,0.141867,0.080833"
base,RACExPOLIDEOLOGY,RACExPOLIDEOLOGY :: Mixed Race | Liberal,INEQ4_c_W54,4,"0.498902,0.365004,0.076509,0.059585"
base,RACExPOLIDEOLOGY,RACExPOLIDEOLOGY :: Mixed Race | Moderate,INEQ4_c_W54,4,"0.354054,0.469045,0.111408,0.065493"
base,RACExPOLIDEOLOGY,RACExPOLIDEOLOGY :: Refused | Moderate,INEQ4_c_W54,4,"0.296693,0.393055,0.197640,0.112612"
base,RACExPOLIDEOLOGY,RACExPOLIDEOLOGY :: White | Conservative,INEQ4_c_W54,4,"0.311022,0.399360,0.188644,0.100974"
base,RACExPOLIDEOLOGY,RACExPOLIDEOLOGY :: White | Liberal,INEQ4_c_W54,4,"0.526969,0.329769,0.078327,0.064935"
base,RACExPOLIDEOLOGY,RACExPOLIDEOLOGY :: White | Moderate,INEQ4_c_W54,4,"0.364385,0.439532,0.122054,0.074029"
base,RACExPOLIDEOLOGY,RACExPOLIDEOLOGY :: White | Refused,INEQ4_c_W54,4,"0.257246,0.300751,0.241660,0.200343"
base,RACExPOLIDEOLOGY,RACExPOLIDEOLOGY :: White | Very conservative,INEQ4_c_W54,4,"0.254288,0.358603,0.270688,0.116421"
base,RACExPOLIDEOLOGY,RACExPOLIDEOLOGY :: White | Very liberal,INEQ4_c_W54,4,"0.601807,0.267050,0.069664,0.061478"
base,RACExPOLIDEOLOGY,RACExPOLIDEOLOGY :: Asian | Liberal,INEQ7_W54,4,"0.454042,0.302457,0.189273,0.054228"
base,RACExPOLIDEOLOGY,RACExPOLIDEOLOGY :: Asian | Moderate,INEQ7_W54,4,"0.417709,0.305602,0.223583,0.053106"
base,RACExPOLIDEOLOGY,RACExPOLIDEOLOGY :: Black | Conservative,INEQ7_W54,4,"0.496429,0.282857,0.171561,0.049153"
base,RACExPOLIDEOLOGY,RACExPOLIDEOLOGY :: Black | Liberal,INEQ7_W54,4,"0.494599,0.290760,0.165670,0.048972"
base,RACExPOLIDEOLOGY,RACExPOLIDEOLOGY :: Black | Moderate,INEQ7_W54,4,"0.469741,0.293956,0.189792,0.046511"
base,RACExPOLIDEOLOGY,RACExPOLIDEOLOGY :: Black | Very conservative,INEQ7_W54,4,"0.508208,0.272024,0.170228,0.049539"
base,RACExPOLIDEOLOGY,RACExPOLIDEOLOGY :: Black | Very liberal,INEQ7_W54,4,"0.524533,0.280762,0.150281,0.044423"
base,RACExPOLIDEOLOGY,RACExPOLIDEOLOGY :: Hispanic | Conservative,INEQ7_W54,4,"0.494454,0.281731,0.170879,0.052936"
base,RACExPOLIDEOLOGY,RACExPOLIDEOLOGY :: Hispanic | Liberal,INEQ7_W54,4,"0.500041,0.284915,0.162340,0.052704"
base,RACExPOLIDEOLOGY,RACExPOLIDEOLOGY :: Hispanic | Moderate,INEQ7_W54,4,"0.464071,0.290408,0.193454,0.052067"
base,RACExPOLIDEOLOGY,RACExPOLIDEOLOGY :: Mixed Race | Liberal,INEQ7_W54,4,"0.457106,0.324137,0.173498,0.045260"
base,RACExPOLIDEOLOGY,RACExPOLIDEOLOGY :: Mixed Race | Moderate,INEQ7_W54,4,"0.431393,0.325632,0.197506,0.045468"
base,RACExPOLIDEOLOGY,RACExPOLIDEOLOGY :: Refused | Moderate,INEQ7_W54,4,"0.445470,0.246012,0.231107,0.077411"
base,RACExPOLIDEOLOGY,RACExPOLIDEOLOGY :: White | Conservative,INEQ7_W54,4,"0.457051,0.295094,0.196575,0.051280"
base,RACExPOLIDEOLOGY,RACExPOLIDEOLOGY :: White | Liberal,INEQ7_W54,4,"0.462560,0.298651,0.186891,0.051898"
base,RACExPOLIDEOLOGY,RACExPOLIDEOLOGY :: White | Moderate,INEQ7_W54,4,"0.426016,0.302090,0.221014,0.050880"
base,RACExPOLIDEOLOGY,RACExPOLIDEOLOGY :: White | Refused,INEQ7_W54,4,"0.439714,0.228120,0.242833,0.089333"
base,RACExPOLIDEOLOGY,RACExPOLIDEOLOGY :: White | Very conservative,INEQ7_W54,4,"0.479645,0.281969,0.187832,0.050554"
base,RACExPOLIDEOLOGY,RACExPOLIDEOLOGY :: White | Very liberal,INEQ7_W54,4,"0.500923,0.285418,0.167788,0.045871"
base,RACExPOLIDEOLOGY,RACExPOLIDEOLOGY :: Asian | Liberal,INEQ8_h_W54,4,"0.112324,0.173971,0.444252,0.269452"
base,RACExPOLIDEOLOGY,RACExPOLIDEOLOGY :: Asian | Moderate,INEQ8_h_W54,4,"0.110485,0.187942,0.495160,0.206413"
base,RACExPOLIDEOLOGY,RACExPOLIDEOLOGY :: Black | Conservative,INEQ8_h_W54,4,"0.120963,0.187352,0.435606,0.256079"
base,RACExPOLIDEOLOGY,RACExPOLIDEOLOGY :: Black | Liberal,INEQ8_h_W54,4,"0.103519,0.165423,0.449665,0.281393"
base,RACExPOLIDEOLOGY,RACExPOLIDEOLOGY :: Black | Moderate,INEQ8_h_W54,4,"0.108693,0.179204,0.502591,0.209511"
base,RACExPOLIDEOLOGY,RACExPOLIDEOLOGY :: Black | Very conservative,INEQ8_h_W54,4,"0.104415,0.172151,0.439604,0.283830"
base,RACExPOLIDEOLOGY,RACExPOLIDEOLOGY :: Black | Very liberal,INEQ8_h_W54,4,"0.103127,0.154812,0.434181,0.307880"
base,RACExPOLIDEOLOGY,RACExPOLIDEOLOGY :: Hispanic | Conservative,INEQ8_h_W54,4,"0.161030,0.213330,0.398552,0.227088"
base,RACExPOLIDEOLOGY,RACExPOLIDEOLOGY :: Hispanic | Liberal,INEQ8_h_W54,4,"0.144520,0.191458,0.418184,0.245837"
base,RACExPOLIDEOLOGY,RACExPOLIDEOLOGY :: Hispanic | Moderate,INEQ8_h_W54,4,"0.142493,0.207326,0.467216,0.182965"
base,RACExPOLIDEOLOGY,RACExPOLIDEOLOGY :: Mixed Race | Liberal,INEQ8_h_W54,4,"0.116291,0.191732,0.445789,0.246188"
base,RACExPOLIDEOLOGY,RACExPOLIDEOLOGY :: Mixed Race | Moderate,INEQ8_h_W54,4,"0.121081,0.212503,0.478883,0.187533"
base,RACExPOLIDEOLOGY,RACExPOLIDEOLOGY :: Refused | Moderate,INEQ8_h_W54,4,"0.134872,0.178677,0.442229,0.244222"
base,RACExPOLIDEOLOGY,RACExPOLIDEOLOGY :: White | Conservative,INEQ8_h_W54,4,"0.122224,0.195314,0.454118,0.228345"
base,RACExPOLIDEOLOGY,RACExPOLIDEOLOGY :: White | Liberal,INEQ8_h_W54,4,"0.107059,0.171079,0.465042,0.256820"
base,RACExPOLIDEOLOGY,RACExPOLIDEOLOGY :: White | Moderate,INEQ8_h_W54,4,"0.110131,0.187340,0.509242,0.193287"
base,RACExPOLIDEOLOGY,RACExPOLIDEOLOGY :: White | Refused,INEQ8_h_W54,4,"0.111035,0.147098,0.399854,0.342013"
base,RACExPOLIDEOLOGY,RACExPOLIDEOLOGY :: White | Very conservative,INEQ8_h_W54,4,"0.101303,0.177792,0.454008,0.266897"
base,RACExPOLIDEOLOGY,RACExPOLIDEOLOGY :: White | Very liberal,INEQ8_h_W54,4,"0.102172,0.153378,0.457902,0.286548"
base,RACExPOLIDEOLOGY,RACExPOLIDEOLOGY :: Asian | Liberal,INEQ8_i_W54,4,"0.569418,0.314463,0.087323,0.028796"
base,RACExPOLIDEOLOGY,RACExPOLIDEOLOGY :: Asian | Moderate,INEQ8_i_W54,4,"0.427011,0.354005,0.178005,0.040979"
base,RACExPOLIDEOLOGY,RACExPOLIDEOLOGY :: Black | Conservative,INEQ8_i_W54,4,"0.307232,0.307232,0.316984,0.068553"
base,RACExPOLIDEOLOGY,RACExPOLIDEOLOGY :: Black | Liberal,INEQ8_i_W54,4,"0.586939,0.304500,0.081955,0.026607"
base,RACExPOLIDEOLOGY,RACExPOLIDEOLOGY :: Black | Moderate,INEQ8_i_W54,4,"0.475991,0.337528,0.149777,0.036704"
base,RACExPOLIDEOLOGY,RACExPOLIDEOLOGY :: Black | Very conservative,INEQ8_i_W54,4,"0.242280,0.274539,0.399452,0.083730"
base,RACExPOLIDEOLOGY,RACExPOLIDEOLOGY :: Black | Very liberal,INEQ8_i_W54,4,"0.618983,0.274672,0.081193,0.025152"
base,RACExPOLIDEOLOGY,RACExPOLIDEOLOGY :: Hispanic | Conservative,INEQ8_i_W54,4,"0.308161,0.308161,0.308161,0.075518"
base,RACExPOLIDEOLOGY,RACExPOLIDEOLOGY :: Hispanic | Liberal,INEQ8_i_W54,4,"0.555290,0.316395,0.096495,0.031821"
base,RACExPOLIDEOLOGY,RACExPOLIDEOLOGY :: Hispanic | Moderate,INEQ8_i_W54,4,"0.438536,0.341532,0.177184,0.042748"
base,RACExPOLIDEOLOGY,RACExPOLIDEOLOGY :: Mixed Race | Liberal,INEQ8_i_W54,4,"0.572609,0.326263,0.077494,0.023634"
base,RACExPOLIDEOLOGY,RACExPOLIDEOLOGY :: Mixed Race | Moderate,INEQ8_i_W54,4,"0.456725,0.366989,0.143715,0.032572"
base,RACExPOLIDEOLOGY,RACExPOLIDEOLOGY :: Refused | Moderate,INEQ8_i_W54,4,"0.372465,0.290076,0.264117,0.073343"
base,RACExPOLIDEOLOGY,RACExPOLIDEOLOGY :: White | Conservative,INEQ8_i_W54,4,"0.278114,0.305449,0.346119,0.070318"
base,RACExPOLIDEOLOGY,RACExPOLIDEOLOGY :: White | Liberal,INEQ8_i_W54,4,"0.562247,0.320359,0.088960,0.028433"
base,RACExPOLIDEOLOGY,RACExPOLIDEOLOGY :: White | Moderate,INEQ8_i_W54,4,"0.434674,0.349271,0.175624,0.040431"
base,RACExPOLIDEOLOGY,RACExPOLIDEOLOGY :: White | Refused,INEQ8_i_W54,4,"0.288082,0.262302,0.336802,0.112815"
base,RACExPOLIDEOLOGY,RACExPOLIDEOLOGY :: White | Very conservative,INEQ8_i_W54,4,"0.222140,0.267952,0.428187,0.081721"
base,RACExPOLIDEOLOGY,RACExPOLIDEOLOGY :: White | Very liberal,INEQ8_i_W54,4,"0.617392,0.273966,0.083555,0.025088"
base,RACExPOLIDEOLOGY,RACExPOLIDEOLOGY :: Asian | Liberal,MADEUPIMPe_W45,4,"0.235540,0.364812,0.332165,0.067483"
base,RACExPOLIDEOLOGY,RACExPOLIDEOLOGY :: Asian | Moderate,MADEUPIMPe_W45,4,"0.236499,0.389921,0.303671,0.069909"
base,RACExPOLIDEOLOGY,RACExPOLIDEOLOGY :: Black | Conservative,MADEUPIMPe_W45,4,"0.283358,0.352645,0.292353,0.071644"
base,RACExPOLIDEOLOGY,RACExPOLIDEOLOGY :: Black | Liberal,MADEUPIMPe_W45,4,"0.253014,0.368133,0.314881,0.063972"
base,RACExPOLIDEOLOGY,RACExPOLIDEOLOGY :: Black | Moderate,MADEUPIMPe_W45,4,"0.253624,0.392821,0.287394,0.066162"
base,RACExPOLIDEOLOGY,RACExPOLIDEOLOGY :: Black | Very liberal,MADEUPIMPe_W45,4,"0.270603,0.358490,0.306633,0.064274"
base,RACExPOLIDEOLOGY,RACExPOLIDEOLOGY :: Hispanic | Conservative,MADEUPIMPe_W45,4,"0.290844,0.340032,0.290844,0.078280"
base,RACExPOLIDEOLOGY,RACExPOLIDEOLOGY :: Hispanic | Liberal,MADEUPIMPe_W45,4,"0.265742,0.352051,0.310684,0.071523"
base,RACExPOLIDEOLOGY,RACExPOLIDEOLOGY :: Hispanic | Moderate,MADEUPIMPe_W45,4,"0.255048,0.382872,0.289007,0.073072"
base,RACExPOLIDEOLOGY,RACExPOLIDEOLOGY :: Mixed Race | Conservative,MADEUPIMPe_W45,4,"0.270052,0.357760,0.306009,0.066179"
base,RACExPOLIDEOLOGY,RACExPOLIDEOLOGY :: Mixed Race | Liberal,MADEUPIMPe_W45,4,"0.256975,0.373896,0.309971,0.059159"
base,RACExPOLIDEOLOGY,RACExPOLIDEOLOGY :: Mixed Race | Moderate,MADEUPIMPe_W45,4,"0.246026,0.431789,0.261893,0.060291"
base,RACExPOLIDEOLOGY,RACExPOLIDEOLOGY :: Refused | Moderate,MADEUPIMPe_W45,4,"0.272302,0.328459,0.299065,0.100174"
base,RACExPOLIDEOLOGY,RACExPOLIDEOLOGY :: White | Conservative,MADEUPIMPe_W45,4,"0.265742,0.352051,0.310684,0.071523"
base,RACExPOLIDEOLOGY,RACExPOLIDEOLOGY :: White | Liberal,MADEUPIMPe_W45,4,"0.238472,0.369353,0.325953,0.066221"
base,RACExPOLIDEOLOGY,RACExPOLIDEOLOGY :: White | Moderate,MADEUPIMPe_W45,4,"0.234105,0.398226,0.300597,0.067072"
base,RACExPOLIDEOLOGY,RACExPOLIDEOLOGY :: White | Refused,MADEUPIMPe_W45,4,"0.246075,0.306245,0.315966,0.131714"
base,RACExPOLIDEOLOGY,RACExPOLIDEOLOGY :: White | Very conservative,MADEUPIMPe_W45,4,"0.288451,0.326858,0.307055,0.077636"
base,RACExPOLIDEOLOGY,RACExPOLIDEOLOGY :: White | Very liberal,MADEUPIMPe_W45,4,"0.258786,0.353718,0.322064,0.065431"
base,RACExPOLIDEOLOGY,RACExPOLIDEOLOGY :: Asian | Liberal,MADEUPSMFOL1_W45,2,"0.569853,0.430147"
base,RACExPOLIDEOLOGY,RACExPOLIDEOLOGY :: Asian | Moderate,MADEUPSMFOL1_W45,2,"0.515620,0.484380"
base,RACExPOLIDEOLOGY,RACExPOLIDEOLOGY :: Black | Conservative,MADEUPSMFOL1_W45,2,"0.607663,0.392337"
base,RACExPOLIDEOLOGY,RACExPOLIDEOLOGY :: Black | Liberal,MADEUPSMFOL1_W45,2,"0.569853,0.430147"
base,RACExPOLIDEOLOGY,RACExPOLIDEOLOGY :: Black | Moderate,MADEUPSMFOL1_W45,2,"0.531209,0.468791"
base,RACExPOLIDEOLOGY,RACExPOLIDEOLOGY :: Black | Very liberal,MADEUPSMFOL1_W45,2,"0.577495,0.422505"
base,RACExPOLIDEOLOGY,RACExPOLIDEOLOGY :: Hispanic | Conservative,MADEUPSMFOL1_W45,2,"0.615088,0.384912"
base,RACExPOLIDEOLOGY,RACExPOLIDEOLOGY :: Hispanic | Liberal,MADEUPSMFOL1_W45,2,"0.577495,0.422505"
base,RACExPOLIDEOLOGY,RACExPOLIDEOLOGY :: Hispanic | Moderate,MADEUPSMFOL1_W45,2,"0.523420,0.476580"
base,RACExPOLIDEOLOGY,RACExPOLIDEOLOGY :: Mixed Race | Conservative,MADEUPSMFOL1_W45,2,"0.607663,0.392337"
base,RACExPOLIDEOLOGY,RACExPOLIDEOLOGY :: Mixed Race | Liberal,MADEUPSMFOL1_W45,2,"0.585101,0.414899"
base,RACExPOLIDEOLOGY,RACExPOLIDEOLOGY :: Mixed Race | Moderate,MADEUPSMFOL1_W45,2,"0.538983,0.461017"
base,RACExPOLIDEOLOGY,RACExPOLIDEOLOGY :: Refused | Moderate,MADEUPSMFOL1_W45,2,"0.507812,0.492188"
base,RACExPOLIDEOLOGY,RACExPOLIDEOLOGY :: White | Conservative,MADEUPSMFOL1_W45,2,"0.592667,0.407333"
base,RACExPOLIDEOLOGY,RACExPOLIDEOLOGY :: White | Liberal,MADEUPSMFOL1_W45,2,"0.569853,0.430147"
base,RACExPOLIDEOLOGY,RACExPOLIDEOLOGY :: White | Moderate,MADEUPSMFOL1_W45,2,"0.507812,0.492188"
base,RACExPOLIDEOLOGY,RACExPOLIDEOLOGY :: White | Refused,MADEUPSMFOL1_W45,2,"0.484380,0.515620"
base,RACExPOLIDEOLOGY,RACExPOLIDEOLOGY :: White | Very conservative,MADEUPSMFOL1_W45,2,"0.600188,0.399812"
base,RACExPOLIDEOLOGY,RACExPOLIDEOLOGY :: White | Very liberal,MADEUPSMFOL1_W45,2,"0.562177,0.437824"
base,RACExPOLIDEOLOGY,RACExPOLIDEOLOGY :: Asian | Liberal,MADEUPSMFOL2_W45,2,"0.629775,0.370225"
base,RACExPOLIDEOLOGY,RACExPOLIDEOLOGY :: Asian | Moderate,MADEUPSMFOL2_W45,2,"0.592667,0.407333"
base,RACExPOLIDEOLOGY,RACExPOLIDEOLOGY :: Black | Conservative,MADEUPSMFOL2_W45,2,"0.665411,0.334589"
base,RACExPOLIDEOLOGY,RACExPOLIDEOLOGY :: Black | Liberal,MADEUPSMFOL2_W45,2,"0.637031,0.362969"
base,RACExPOLIDEOLOGY,RACExPOLIDEOLOGY :: Black | Moderate,MADEUPSMFOL2_W45,2,"0.600188,0.399812"
base,RACExPOLIDEOLOGY,RACExPOLIDEOLOGY :: Black | Very liberal,MADEUPSMFOL2_W45,2,"0.644225,0.355775"
base,RACExPOLIDEOLOGY,RACExPOLIDEOLOGY :: Hispanic | Conservative,MADEUPSMFOL2_W45,2,"0.672332,0.327668"
base,RACExPOLIDEOLOGY,RACExPOLIDEOLOGY :: Hispanic | Liberal,MADEUPSMFOL2_W45,2,"0.644225,0.355775"
base,RACExPOLIDEOLOGY,RACExPOLIDEOLOGY :: Hispanic | Moderate,MADEUPSMFOL2_W45,2,"0.600188,0.399812"
base,RACExPOLIDEOLOGY,RACExPOLIDEOLOGY :: Mixed Race | Conservative,MADEUPSMFOL2_W45,2,"0.665411,0.334589"
base,RACExPOLIDEOLOGY,RACExPOLIDEOLOGY :: Mixed Race | Liberal,MADEUPSMFOL2_W45,2,"0.651355,0.348645"
base,RACExPOLIDEOLOGY,RACExPOLIDEOLOGY :: Mixed Race | Moderate,MADEUPSMFOL2_W45,2,"0.615088,0.384912"
base,RACExPOLIDEOLOGY,RACExPOLIDEOLOGY :: Refused | Moderate,MADEUPSMFOL2_W45,2,"0.569853,0.430147"
base,RACExPOLIDEOLOGY,RACExPOLIDEOLOGY :: White | Conservative,MADEUPSMFOL2_W45,2,"0.637031,0.362969"
base,RACExPOLIDEOLOGY,RACExPOLIDEOLOGY :: White | Liberal,MADEUPSMFOL2_W45,2,"0.622459,0.377541"
base,RACExPOLIDEOLOGY,RACExPOLIDEOLOGY :: White | Moderate,MADEUPSMFOL2_W45,2,"0.577495,0.422505"
base,RACExPOLIDEOLOGY,RACExPOLIDEOLOGY :: White | Refused,MADEUPSMFOL2_W45,2,"0.531209,0.468791"
base,RACExPOLIDEOLOGY,RACExPOLIDEOLOGY :: White | Very conservative,MADEUPSMFOL2_W45,2,"0.644225,0.355775"
base,RACExPOLIDEOLOGY,RACExPOLIDEOLOGY :: White | Very liberal,MADEUPSMFOL2_W45,2,"0.637031,0.362969"
base,RACExPOLIDEOLOGY,RACExPOLIDEOLOGY :: Asian | Liberal,NEIGHSAMEA_W32,5,"0.122893,0.236882,0.222530,0.294804,0.122893"
base,RACExPOLIDEOLOGY,RACExPOLIDEOLOGY :: Asian | Moderate,NEIGHSAMEA_W32,5,"0.109642,0.232113,0.247083,0.298039,0.113123"
base,RACExPOLIDEOLOGY,RACExPOLIDEOLOGY :: Black | Conservative,NEIGHSAMEA_W32,5,"0.122115,0.283926,0.214318,0.275190,0.104450"
base,RACExPOLIDEOLOGY,RACExPOLIDEOLOGY :: Black | Liberal,NEIGHSAMEA_W32,5,"0.111810,0.268218,0.229419,0.285517,0.105036"
base,RACExPOLIDEOLOGY,RACExPOLIDEOLOGY :: Black | Moderate,NEIGHSAMEA_W32,5,"0.098696,0.260029,0.260029,0.285586,0.095659"
base,RACExPOLIDEOLOGY,RACExPOLIDEOLOGY :: Black | Very conservative,NEIGHSAMEA_W32,5,"0.129521,0.282900,0.200606,0.282900,0.104073"
base,RACExPOLIDEOLOGY,RACExPOLIDEOLOGY :: Black | Very liberal,NEIGHSAMEA_W32,5,"0.116453,0.262432,0.210870,0.297374,0.112871"
base,RACExPOLIDEOLOGY,RACExPOLIDEOLOGY :: Hispanic | Conservative,NEIGHSAMEA_W32,5,"0.139136,0.259941,0.208869,0.276706,0.115348"
base,RACExPOLIDEOLOGY,RACExPOLIDEOLOGY :: Hispanic | Liberal,NEIGHSAMEA_W32,5,"0.128326,0.247355,0.218290,0.289187,0.116842"
base,RACExPOLIDEOLOGY,RACExPOLIDEOLOGY :: Hispanic | Moderate,NEIGHSAMEA_W32,5,"0.118862,0.243889,0.243889,0.285135,0.108225"
base,RACExPOLIDEOLOGY,RACExPOLIDEOLOGY :: Hispanic | Very liberal,NEIGHSAMEA_W32,5,"0.131406,0.245498,0.203525,0.296127,0.123444"
base,RACExPOLIDEOLOGY,RACExPOLIDEOLOGY :: Mixed Race | Moderate,NEIGHSAMEA_W32,5,"0.087717,0.238439,0.261874,0.306162,0.105807"
base,RACExPOLIDEOLOGY,RACExPOLIDEOLOGY :: Other | Conservative,NEIGHSAMEA_W32,5,"0.122499,0.259330,0.221817,0.284818,0.111536"
base,RACExPOLIDEOLOGY,RACExPOLIDEOLOGY :: Other | Moderate,NEIGHSAMEA_W32,5,"0.101237,0.242855,0.258518,0.292939,0.104451"
base,RACExPOLIDEOLOGY,RACExPOLIDEOLOGY :: White | Conservative,NEIGHSAMEA_W32,5,"0.139777,0.305302,0.216492,0.245317,0.093112"
base,RACExPOLIDEOLOGY,RACExPOLIDEOLOGY :: White | Liberal,NEIGHSAMEA_W32,5,"0.120980,0.281286,0.233194,0.264244,0.100296"
base,RACExPOLIDEOLOGY,RACExPOLIDEOLOGY :: White | Moderate,NEIGHSAMEA_W32,5,"0.106849,0.272849,0.264454,0.264454,0.091393"
base,RACExPOLIDEOLOGY,RACExPOLIDEOLOGY :: White | Refused,NEIGHSAMEA_W32,5,"0.140865,0.211463,0.239619,0.271524,0.136531"
base,RACExPOLIDEOLOGY,RACExPOLIDEOLOGY :: White | Very conservative,NEIGHSAMEA_W32,5,"0.142957,0.312246,0.201601,0.250897,0.092300"
base,RACExPOLIDEOLOGY,RACExPOLIDEOLOGY :: White | Very liberal,NEIGHSAMEA_W32,5,"0.126186,0.275616,0.214650,0.275616,0.107933"
base,RACExPOLIDEOLOGY,RACExPOLIDEOLOGY :: Asian | Liberal,NEWSPREFV2_W45,5,"0.315548,0.087625,0.127493,0.153786,0.315548"
base,RACExPOLIDEOLOGY,RACExPOLIDEOLOGY :: Asian | Moderate,NEWSPREFV2_W45,5,"0.340085,0.094438,0.141768,0.141768,0.281940"
base,RACExPOLIDEOLOGY,RACExPOLIDEOLOGY :: Black | Conservative,NEWSPREFV2_W45,5,"0.379224,0.127024,0.148506,0.148506,0.196739"
base,RACExPOLIDEOLOGY,RACExPOLIDEOLOGY :: Black | Liberal,NEWSPREFV2_W45,5,"0.309799,0.097483,0.125170,0.176518,0.291030"
base,RACExPOLIDEOLOGY,RACExPOLIDEOLOGY :: Black | Moderate,NEWSPREFV2_W45,5,"0.339128,0.106711,0.145857,0.160193,0.248111"
base,RACExPOLIDEOLOGY,RACExPOLIDEOLOGY :: Black | Very liberal,NEWSPREFV2_W45,5,"0.317908,0.103210,0.124495,0.164929,0.289459"
base,RACExPOLIDEOLOGY,RACExPOLIDEOLOGY :: Hispanic | Conservative,NEWSPREFV2_W45,5,"0.388352,0.130082,0.152081,0.134211,0.195275"
base,RACExPOLIDEOLOGY,RACExPOLIDEOLOGY :: Hispanic | Liberal,NEWSPREFV2_W45,5,"0.348173,0.102920,0.136346,0.149747,0.262814"
base,RACExPOLIDEOLOGY,RACExPOLIDEOLOGY :: Hispanic | Moderate,NEWSPREFV2_W45,5,"0.366320,0.108284,0.152705,0.143453,0.229237"
base,RACExPOLIDEOLOGY,RACExPOLIDEOLOGY :: Mixed Race | Conservative,NEWSPREFV2_W45,5,"0.338518,0.103242,0.145595,0.164980,0.247665"
base,RACExPOLIDEOLOGY,RACExPOLIDEOLOGY :: Mixed Race | Liberal,NEWSPREFV2_W45,5,"0.264599,0.075809,0.110301,0.187628,0.361663"
base,RACExPOLIDEOLOGY,RACExPOLIDEOLOGY :: Mixed Race | Moderate,NEWSPREFV2_W45,5,"0.291131,0.088790,0.137521,0.182185,0.300373"
base,RACExPOLIDEOLOGY,RACExPOLIDEOLOGY :: Refused | Moderate,NEWSPREFV2_W45,5,"0.356549,0.119429,0.153350,0.173768,0.196905"
base,RACExPOLIDEOLOGY,RACExPOLIDEOLOGY :: White | Conservative,NEWSPREFV2_W45,5,"0.398223,0.110583,0.141991,0.129284,0.219920"
base,RACExPOLIDEOLOGY,RACExPOLIDEOLOGY :: White | Liberal,NEWSPREFV2_W45,5,"0.326361,0.087839,0.120061,0.149419,0.316320"
base,RACExPOLIDEOLOGY,RACExPOLIDEOLOGY :: White | Moderate,NEWSPREFV2_W45,5,"0.365315,0.098323,0.138658,0.138658,0.259047"
base,RACExPOLIDEOLOGY,RACExPOLIDEOLOGY :: White | Refused,NEWSPREFV2_W45,5,"0.309354,0.117417,0.146128,0.193589,0.233512"
base,RACExPOLIDEOLOGY,RACExPOLIDEOLOGY :: White | Very conservative,NEWSPREFV2_W45,5,"0.427418,0.118690,0.143167,0.115038,0.195686"
base,RACExPOLIDEOLOGY,RACExPOLIDEOLOGY :: White | Very liberal,NEWSPREFV2_W45,5,"0.329352,0.091458,0.113821,0.146149,0.319219"
base,RACExPOLIDEOLOGY,RACExPOLIDEOLOGY :: Asian | Liberal,NEWSPROBc_W45,4,"0.208764,0.313391,0.355119,0.122726"
base,RACExPOLIDEOLOGY,RACExPOLIDEOLOGY :: Asian | Moderate,NEWSPROBc_W45,4,"0.186960,0.328124,0.360374,0.124542"
base,RACExPOLIDEOLOGY,RACExPOLIDEOLOGY :: Black | Conservative,NEWSPROBc_W45,4,"0.254899,0.317227,0.307467,0.120406"
base,RACExPOLIDEOLOGY,RACExPOLIDEOLOGY :: Black | Liberal,NEWSPROBc_W45,4,"0.232136,0.327365,0.327365,0.113134"
base,RACExPOLIDEOLOGY,RACExPOLIDEOLOGY :: Black | Moderate,NEWSPROBc_W45,4,"0.221966,0.333211,0.333211,0.111612"
base,RACExPOLIDEOLOGY,RACExPOLIDEOLOGY :: Black | Very liberal,NEWSPROBc_W45,4,"0.266305,0.311342,0.311342,0.111012"
base,RACExPOLIDEOLOGY,RACExPOLIDEOLOGY :: Hispanic | Conservative,NEWSPROBc_W45,4,"0.262805,0.307250,0.297797,0.132147"
base,RACExPOLIDEOLOGY,RACExPOLIDEOLOGY :: Hispanic | Liberal,NEWSPROBc_W45,4,"0.248054,0.318508,0.308708,0.124729"
base,RACExPOLIDEOLOGY,RACExPOLIDEOLOGY :: Hispanic | Moderate,NEWSPROBc_W45,4,"0.228691,0.322507,0.322507,0.126295"
base,RACExPOLIDEOLOGY,RACExPOLIDEOLOGY :: Mixed Race | Conservative,NEWSPROBc_W45,4,"0.224422,0.336898,0.306749,0.131931"
base,RACExPOLIDEOLOGY,RACExPOLIDEOLOGY :: Mixed Race | Liberal,NEWSPROBc_W45,4,"0.214181,0.342260,0.321523,0.122036"
base,RACExPOLIDEOLOGY,RACExPOLIDEOLOGY :: Mixed Race | Moderate,NEWSPROBc_W45,4,"0.199790,0.361774,0.309441,0.128994"
base,RACExPOLIDEOLOGY,RACExPOLIDEOLOGY :: Refused | Moderate,NEWSPROBc_W45,4,"0.280882,0.272240,0.318281,0.128597"
base,RACExPOLIDEOLOGY,RACExPOLIDEOLOGY :: White | Conservative,NEWSPROBc_W45,4,"0.219509,0.319383,0.319383,0.141725"
base,RACExPOLIDEOLOGY,RACExPOLIDEOLOGY :: White | Liberal,NEWSPROBc_W45,4,"0.205233,0.327962,0.338373,0.128432"
base,RACExPOLIDEOLOGY,RACExPOLIDEOLOGY :: White | Moderate,NEWSPROBc_W45,4,"0.192404,0.337679,0.337679,0.132237"
base,RACExPOLIDEOLOGY,RACExPOLIDEOLOGY :: White | Refused,NEWSPROBc_W45,4,"0.295896,0.245306,0.305289,0.153509"
base,RACExPOLIDEOLOGY,RACExPOLIDEOLOGY :: White | Very conservative,NEWSPROBc_W45,4,"0.242930,0.311928,0.302331,0.142811"
base,RACExPOLIDEOLOGY,RACExPOLIDEOLOGY :: White | Very liberal,NEWSPROBc_W45,4,"0.235634,0.312164,0.322073,0.130129"
base,RACExPOLIDEOLOGY,RACExPOLIDEOLOGY :: Asian | Conservative,OPENIDEN_W92,2,"0.362969,0.637031"
base,RACExPOLIDEOLOGY,RACExPOLIDEOLOGY :: Asian | Liberal,OPENIDEN_W92,2,"0.831143,0.168857"
base,RACExPOLIDEOLOGY,RACExPOLIDEOLOGY :: Asian | Moderate,OPENIDEN_W92,2,"0.705785,0.294215"
base,RACExPOLIDEOLOGY,RACExPOLIDEOLOGY :: Black | Conservative,OPENIDEN_W92,2,"0.245085,0.754915"
base,RACExPOLIDEOLOGY,RACExPOLIDEOLOGY :: Black | Liberal,OPENIDEN_W92,2,"0.754915,0.245085"
base,RACExPOLIDEOLOGY,RACExPOLIDEOLOGY :: Black | Moderate,OPENIDEN_W92,2,"0.569853,0.430147"
base,RACExPOLIDEOLOGY,RACExPOLIDEOLOGY :: Black | Very conservative,OPENIDEN_W92,2,"0.212069,0.787931"
base,RACExPOLIDEOLOGY,RACExPOLIDEOLOGY :: Black | Very liberal,OPENIDEN_W92,2,"0.766294,0.233706"
base,RACExPOLIDEOLOGY,RACExPOLIDEOLOGY :: Hispanic | Conservative,OPENIDEN_W92,2,"0.281406,0.718594"
base,RACExPOLIDEOLOGY,RACExPOLIDEOLOGY :: Hispanic | Liberal,OPENIDEN_W92,2,"0.798187,0.201813"
base,RACExPOLIDEOLOGY,RACExPOLIDEOLOGY :: Hispanic | Moderate,OPENIDEN_W92,2,"0.637031,0.362969"
base,RACExPOLIDEOLOGY,RACExPOLIDEOLOGY :: Hispanic | Very conservative,OPENIDEN_W92,2,"0.222700,0.777300"
base,RACExPOLIDEOLOGY,RACExPOLIDEOLOGY :: Hispanic | Very liberal,OPENIDEN_W92,2,"0.803174,0.196826"
base,RACExPOLIDEOLOGY,RACExPOLIDEOLOGY :: Mixed Race | Conservative,OPENIDEN_W92,2,"0.430147,0.569853"
base,RACExPOLIDEOLOGY,RACExPOLIDEOLOGY :: Mixed Race | Liberal,OPENIDEN_W92,2,"0.782663,0.217338"
base,RACExPOLIDEOLOGY,RACExPOLIDEOLOGY :: Mixed Race | Moderate,OPENIDEN_W92,2,"0.651355,0.348645"
base,RACExPOLIDEOLOGY,RACExPOLIDEOLOGY :: Refused | Conservative,OPENIDEN_W92,2,"0.307358,0.692642"
base,RACExPOLIDEOLOGY,RACExPOLIDEOLOGY :: Refused | Moderate,OPENIDEN_W92,2,"0.546738,0.453262"
base,RACExPOLIDEOLOGY,RACExPOLIDEOLOGY :: White | Conservative,OPENIDEN_W92,2,"0.262842,0.737158"
base,RACExPOLIDEOLOGY,RACExPOLIDEOLOGY :: White | Liberal,OPENIDEN_W92,2,"0.808067,0.191933"
base,RACExPOLIDEOLOGY,RACExPOLIDEOLOGY :: White | Moderate,OPENIDEN_W92,2,"0.637031,0.362969"
base,RACExPOLIDEOLOGY,RACExPOLIDEOLOGY :: White | Refused,OPENIDEN_W92,2,"0.546738,0.453262"
base,RACExPOLIDEOLOGY,RACExPOLIDEOLOGY :: White | Very conservative,OPENIDEN_W92,2,"0.228156,0.771843"
base,RACExPOLIDEOLOGY,RACExPOLIDEOLOGY :: White | Very liberal,OPENIDEN_W92,2,"0.826712,0.173288"
base,RACExPOLIDEOLOGY,RACExPOLIDEOLOGY :: Asian | Conservative,ORIENTATIONMOD_W50,4,"0.184182,0.485255,0.157539,0.173023"
base,RACExPOLIDEOLOGY,RACExPOLIDEOLOGY :: Asian | Liberal,ORIENTATIONMOD_W50,4,"0.253270,0.357167,0.209968,0.179595"
base,RACExPOLIDEOLOGY,RACExPOLIDEOLOGY :: Asian | Moderate,ORIENTATIONMOD_W50,4,"0.193237,0.449289,0.175944,0.181529"
base,RACExPOLIDEOLOGY,RACExPOLIDEOLOGY :: Asian | Very liberal,ORIENTATIONMOD_W50,4,"0.239155,0.370411,0.198267,0.192167"
base,RACExPOLIDEOLOGY,RACExPOLIDEOLOGY :: Black | Conservative,ORIENTATIONMOD_W50,4,"0.196975,0.518961,0.148685,0.135379"
base,RACExPOLIDEOLOGY,RACExPOLIDEOLOGY :: Black | Liberal,ORIENTATIONMOD_W50,4,"0.281139,0.384271,0.193224,0.141366"
base,RACExPOLIDEOLOGY,RACExPOLIDEOLOGY :: Black | Moderate,ORIENTATIONMOD_W50,4,"0.219066,0.478485,0.165360,0.137088"
base,RACExPOLIDEOLOGY,RACExPOLIDEOLOGY :: Black | Refused,ORIENTATIONMOD_W50,4,"0.206898,0.291773,0.227233,0.274096"
base,RACExPOLIDEOLOGY,RACExPOLIDEOLOGY :: Black | Very conservative,ORIENTATIONMOD_W50,4,"0.170580,0.542101,0.145904,0.141415"
base,RACExPOLIDEOLOGY,RACExPOLIDEOLOGY :: Black | Very liberal,ORIENTATIONMOD_W50,4,"0.270670,0.393823,0.186029,0.149478"
base,RACExPOLIDEOLOGY,RACExPOLIDEOLOGY :: Hispanic | Conservative,ORIENTATIONMOD_W50,4,"0.228094,0.468019,0.151943,0.151943"
base,RACExPOLIDEOLOGY,RACExPOLIDEOLOGY :: Hispanic | Liberal,ORIENTATIONMOD_W50,4,"0.297826,0.370650,0.186375,0.145149"
base,RACExPOLIDEOLOGY,RACExPOLIDEOLOGY :: Hispanic | Moderate,ORIENTATIONMOD_W50,4,"0.230229,0.457866,0.163257,0.148647"
base,RACExPOLIDEOLOGY,RACExPOLIDEOLOGY :: Hispanic | Very liberal,ORIENTATIONMOD_W50,4,"0.284063,0.376322,0.177762,0.161854"
base,RACExPOLIDEOLOGY,RACExPOLIDEOLOGY :: Mixed Race | Conservative,ORIENTATIONMOD_W50,4,"0.227462,0.452363,0.194559,0.125617"
base,RACExPOLIDEOLOGY,RACExPOLIDEOLOGY :: Mixed Race | Liberal,ORIENTATIONMOD_W50,4,"0.313493,0.303847,0.259894,0.122765"
base,RACExPOLIDEOLOGY,RACExPOLIDEOLOGY :: Mixed Race | Moderate,ORIENTATIONMOD_W50,4,"0.263317,0.383125,0.225227,0.128331"
base,RACExPOLIDEOLOGY,RACExPOLIDEOLOGY :: Refused | Moderate,ORIENTATIONMOD_W50,4,"0.222321,0.390186,0.178640,0.208852"
base,RACExPOLIDEOLOGY,RACExPOLIDEOLOGY :: White | Conservative,ORIENTATIONMOD_W50,4,"0.170333,0.576228,0.132655,0.120784"
base,RACExPOLIDEOLOGY,RACExPOLIDEOLOGY :: White | Liberal,ORIENTATIONMOD_W50,4,"0.221161,0.468199,0.172241,0.138399"
base,RACExPOLIDEOLOGY,RACExPOLIDEOLOGY :: White | Moderate,ORIENTATIONMOD_W50,4,"0.166193,0.562223,0.142152,0.129431"
base,RACExPOLIDEOLOGY,RACExPOLIDEOLOGY :: White | Refused,ORIENTATIONMOD_W50,4,"0.185550,0.325651,0.210256,0.278544"
base,RACExPOLIDEOLOGY,RACExPOLIDEOLOGY :: White | Very conservative,ORIENTATIONMOD_W50,4,"0.146661,0.598467,0.129427,0.125445"
base,RACExPOLIDEOLOGY,RACExPOLIDEOLOGY :: White | Very liberal,ORIENTATIONMOD_W50,4,"0.204512,0.490599,0.164330,0.140559"
base,RACExPOLIDEOLOGY,RACExPOLIDEOLOGY :: Asian | Conservative,RACESURV14_W43,4,"0.389023,0.322511,0.162169,0.126297"
base,RACExPOLIDEOLOGY,RACExPOLIDEOLOGY :: Asian | Liberal,RACESURV14_W43,4,"0.328088,0.371772,0.175613,0.124528"
base,RACExPOLIDEOLOGY,RACExPOLIDEOLOGY :: Asian | Moderate,RACESURV14_W43,4,"0.335954,0.380686,0.174291,0.109068"
base,RACExPOLIDEOLOGY,RACExPOLIDEOLOGY :: Asian | Very liberal,RACESURV14_W43,4,"0.277843,0.379767,0.173870,0.168520"
base,RACExPOLIDEOLOGY,RACExPOLIDEOLOGY :: Black | Conservative,RACESURV14_W43,4,"0.411946,0.320824,0.156357,0.110874"
base,RACExPOLIDEOLOGY,RACExPOLIDEOLOGY :: Black | Liberal,RACESURV14_W43,4,"0.335013,0.367940,0.173803,0.123244"
base,RACExPOLIDEOLOGY,RACExPOLIDEOLOGY :: Black | Moderate,RACESURV14_W43,4,"0.348855,0.371354,0.170018,0.109772"
base,RACExPOLIDEOLOGY,RACExPOLIDEOLOGY :: Black | Very conservative,RACESURV14_W43,4,"0.351990,0.330664,0.161153,0.156194"
base,RACExPOLIDEOLOGY,RACExPOLIDEOLOGY :: Black | Very liberal,RACESURV14_W43,4,"0.299481,0.384541,0.165389,0.150589"
base,RACExPOLIDEOLOGY,RACExPOLIDEOLOGY :: Hispanic | Conservative,RACESURV14_W43,4,"0.382033,0.337143,0.164310,0.116514"
base,RACExPOLIDEOLOGY,RACExPOLIDEOLOGY :: Hispanic | Liberal,RACESURV14_W43,4,"0.334436,0.367306,0.179011,0.119247"
base,RACExPOLIDEOLOGY,RACExPOLIDEOLOGY :: Hispanic | Moderate,RACESURV14_W43,4,"0.354097,0.365337,0.172573,0.107993"
base,RACExPOLIDEOLOGY,RACExPOLIDEOLOGY :: Hispanic | Refused,RACESURV14_W43,4,"0.231113,0.296755,0.336268,0.135864"
base,RACExPOLIDEOLOGY,RACExPOLIDEOLOGY :: Hispanic | Very conservative,RACESURV14_W43,4,"0.339536,0.339536,0.165477,0.155451"
base,RACExPOLIDEOLOGY,RACExPOLIDEOLOGY :: Hispanic | Very liberal,RACESURV14_W43,4,"0.297917,0.382533,0.169748,0.149802"
base,RACExPOLIDEOLOGY,RACExPOLIDEOLOGY :: Other | Conservative,RACESURV14_W43,4,"0.346097,0.335449,0.191133,0.127322"
base,RACExPOLIDEOLOGY,RACExPOLIDEOLOGY :: Other | Liberal,RACESURV14_W43,4,"0.301557,0.363747,0.200880,0.133815"
base,RACExPOLIDEOLOGY,RACExPOLIDEOLOGY :: Other | Moderate,RACESURV14_W43,4,"0.321796,0.364643,0.195179,0.118382"
base,RACExPOLIDEOLOGY,RACExPOLIDEOLOGY :: White | Conservative,RACESURV14_W43,4,"0.406417,0.316518,0.164207,0.112858"
base,RACExPOLIDEOLOGY,RACExPOLIDEOLOGY :: White | Liberal,RACESURV14_W43,4,"0.340729,0.351545,0.182379,0.125347"
base,RACExPOLIDEOLOGY,RACExPOLIDEOLOGY :: White | Moderate,RACESURV14_W43,4,"0.362112,0.350971,0.176479,0.110438"
base,RACExPOLIDEOLOGY,RACExPOLIDEOLOGY :: White | Refused,RACESURV14_W43,4,"0.235704,0.293338,0.332395,0.138563"
base,RACExPOLIDEOLOGY,RACExPOLIDEOLOGY :: White | Very conservative,RACESURV14_W43,4,"0.351880,0.330561,0.166217,0.151342"
base,RACExPOLIDEOLOGY,RACExPOLIDEOLOGY :: White | Very liberal,RACESURV14_W43,4,"0.302878,0.376937,0.172574,0.147611"
base,RACExPOLIDEOLOGY,RACExPOLIDEOLOGY :: Asian | Conservative,RACESURV16_W43,2,"0.592667,0.407333"
base,RACExPOLIDEOLOGY,RACExPOLIDEOLOGY :: Asian | Liberal,RACESURV16_W43,2,"0.585101,0.414899"
base,RACExPOLIDEOLOGY,RACExPOLIDEOLOGY :: Asian | Moderate,RACESURV16_W43,2,"0.569853,0.430147"
base,RACExPOLIDEOLOGY,RACExPOLIDEOLOGY :: Asian | Very liberal,RACESURV16_W43,2,"0.577495,0.422505"
base,RACExPOLIDEOLOGY,RACExPOLIDEOLOGY :: Black | Conservative,RACESURV16_W43,2,"0.607663,0.392337"
base,RACExPOLIDEOLOGY,RACExPOLIDEOLOGY :: Black | Liberal,RACESURV16_W43,2,"0.607663,0.392337"
base,RACExPOLIDEOLOGY,RACExPOLIDEOLOGY :: Black | Moderate,RACESURV16_W43,2,"0.600188,0.399812"
base,RACExPOLIDEOLOGY,RACExPOLIDEOLOGY :: Black | Very conservative,RACESURV16_W43,2,"0.600188,0.399812"
base,RACExPOLIDEOLOGY,RACExPOLIDEOLOGY :: Black | Very liberal,RACESURV16_W43,2,"0.607663,0.392337"
base,RACExPOLIDEOLOGY,RACExPOLIDEOLOGY :: Hispanic | Conservative,RACESURV16_W43,2,"0.607663,0.392337"
base,RACExPOLIDEOLOGY,RACExPOLIDEOLOGY :: Hispanic | Liberal,RACESURV16_W43,2,"0.615088,0.384912"
base,RACExPOLIDEOLOGY,RACExPOLIDEOLOGY :: Hispanic | Moderate,RACESURV16_W43,2,"0.592667,0.407333"
base,RACExPOLIDEOLOGY,RACExPOLIDEOLOGY :: Hispanic | Refused,RACESURV16_W43,2,"0.592667,0.407333"
base,RACExPOLIDEOLOGY,RACExPOLIDEOLOGY :: Hispanic | Very conservative,RACESURV16_W43,2,"0.592667,0.407333"
base,RACExPOLIDEOLOGY,RACExPOLIDEOLOGY :: Hispanic | Very liberal,RACESURV16_W43,2,"0.600188,0.399812"
base,RACExPOLIDEOLOGY,RACExPOLIDEOLOGY :: Other | Conservative,RACESURV16_W43,2,"0.622459,0.377541"
base,RACExPOLIDEOLOGY,RACExPOLIDEOLOGY :: Other | Liberal,RACESURV16_W43,2,"0.629775,0.370225"
base,RACExPOLIDEOLOGY,RACExPOLIDEOLOGY :: Other | Moderate,RACESURV16_W43,2,"0.615088,0.384912"
base,RACExPOLIDEOLOGY,RACExPOLIDEOLOGY :: White | Conservative,RACESURV16_W43,2,"0.607663,0.392337"
base,RACExPOLIDEOLOGY,RACExPOLIDEOLOGY :: White | Liberal,RACESURV16_W43,2,"0.607663,0.392337"
base,RACExPOLIDEOLOGY,RACExPOLIDEOLOGY :: White | Moderate,RACESURV16_W43,2,"0.600188,0.399812"
base,RACExPOLIDEOLOGY,RACExPOLIDEOLOGY :: White | Refused,RACESURV16_W43,2,"0.585101,0.414899"
base,RACExPOLIDEOLOGY,RACExPOLIDEOLOGY :: White | Very conservative,RACESURV16_W43,2,"0.607663,0.392337"
base,RACExPOLIDEOLOGY,RACExPOLIDEOLOGY :: White | Very liberal,RACESURV16_W43,2,"0.607663,0.392337"
base,RACExPOLIDEOLOGY,RACExPOLIDEOLOGY :: Asian | Conservative,RACESURV21_W43,4,"0.229078,0.402045,0.276321,0.092556"
base,RACExPOLIDEOLOGY,RACExPOLIDEOLOGY :: Asian | Liberal,RACESURV21_W43,4,"0.225106,0.420553,0.271529,0.082812"
base,RACExPOLIDEOLOGY,RACExPOLIDEOLOGY :: Asian | Moderate,RACESURV21_W43,4,"0.205178,0.408045,0.298532,0.088246"
base,RACExPOLIDEOLOGY,RACExPOLIDEOLOGY :: Asian | Very liberal,RACESURV21_W43,4,"0.223910,0.418319,0.270087,0.087684"
base,RACExPOLIDEOLOGY,RACExPOLIDEOLOGY :: Black | Conservative,RACESURV21_W43,4,"0.238760,0.419038,0.262227,0.079975"
base,RACExPOLIDEOLOGY,RACExPOLIDEOLOGY :: Black | Liberal,RACESURV21_W43,4,"0.231693,0.432859,0.262542,0.072905"
base,RACExPOLIDEOLOGY,RACExPOLIDEOLOGY :: Black | Moderate,RACESURV21_W43,4,"0.208917,0.428670,0.285556,0.076856"
base,RACExPOLIDEOLOGY,RACExPOLIDEOLOGY :: Black | Very conservative,RACESURV21_W43,4,"0.224249,0.406063,0.279083,0.090605"
base,RACExPOLIDEOLOGY,RACExPOLIDEOLOGY :: Black | Very liberal,RACESURV21_W43,4,"0.240548,0.435576,0.248184,0.075692"
base,RACExPOLIDEOLOGY,RACExPOLIDEOLOGY :: Hispanic | Conservative,RACESURV21_W43,4,"0.235947,0.401359,0.267363,0.095331"
base,RACExPOLIDEOLOGY,RACExPOLIDEOLOGY :: Hispanic | Liberal,RACESURV21_W43,4,"0.240622,0.409311,0.264271,0.085796"
base,RACExPOLIDEOLOGY,RACExPOLIDEOLOGY :: Hispanic | Moderate,RACESURV21_W43,4,"0.211663,0.407992,0.289310,0.091035"
base,RACExPOLIDEOLOGY,RACExPOLIDEOLOGY :: Hispanic | Refused,RACESURV21_W43,4,"0.198290,0.288510,0.326925,0.186276"
base,RACExPOLIDEOLOGY,RACExPOLIDEOLOGY :: Hispanic | Very conservative,RACESURV21_W43,4,"0.229089,0.389693,0.276334,0.104884"
base,RACExPOLIDEOLOGY,RACExPOLIDEOLOGY :: Hispanic | Very liberal,RACESURV21_W43,4,"0.243862,0.414823,0.251603,0.089712"
base,RACExPOLIDEOLOGY,RACExPOLIDEOLOGY :: Other | Conservative,RACESURV21_W43,4,"0.201234,0.375955,0.311678,0.111132"
base,RACExPOLIDEOLOGY,RACExPOLIDEOLOGY :: Other | Liberal,RACESURV21_W43,4,"0.200913,0.399563,0.301606,0.097917"
base,RACExPOLIDEOLOGY,RACExPOLIDEOLOGY :: Other | Moderate,RACESURV21_W43,4,"0.183761,0.389023,0.322511,0.104704"
base,RACExPOLIDEOLOGY,RACExPOLIDEOLOGY :: White | Conservative,RACESURV21_W43,4,"0.191584,0.393105,0.306150,0.109161"
base,RACExPOLIDEOLOGY,RACExPOLIDEOLOGY :: White | Liberal,RACESURV21_W43,4,"0.198241,0.419677,0.288439,0.093643"
base,RACExPOLIDEOLOGY,RACExPOLIDEOLOGY :: White | Moderate,RACESURV21_W43,4,"0.175266,0.407505,0.317365,0.099863"
base,RACExPOLIDEOLOGY,RACExPOLIDEOLOGY :: White | Refused,RACESURV21_W43,4,"0.179795,0.269905,0.346565,0.203735"
base,RACExPOLIDEOLOGY,RACExPOLIDEOLOGY :: White | Very conservative,RACESURV21_W43,4,"0.182342,0.386018,0.310174,0.121466"
base,RACExPOLIDEOLOGY,RACExPOLIDEOLOGY :: White | Very liberal,RACESURV21_W43,4,"0.199418,0.422168,0.281225,0.097189"
base,RACExPOLIDEOLOGY,RACExPOLIDEOLOGY :: Asian | Conservative,RACESURV5l_W43,5,"0.468438,0.207868,0.167027,0.122199,0.034468"
base,RACExPOLIDEOLOGY,RACExPOLIDEOLOGY :: Asian | Liberal,RACESURV5l_W43,5,"0.401778,0.236193,0.202027,0.130438,0.029563"
base,RACExPOLIDEOLOGY,RACExPOLIDEOLOGY :: Asian | Moderate,RACESURV5l_W43,5,"0.388532,0.258818,0.195366,0.122257,0.035027"
base,RACExPOLIDEOLOGY,RACExPOLIDEOLOGY :: Asian | Very liberal,RACESURV5l_W43,5,"0.435162,0.218813,0.187161,0.120840,0.038024"
base,RACExPOLIDEOLOGY,RACExPOLIDEOLOGY :: Black | Conservative,RACESURV5l_W43,5,"0.416114,0.196558,0.184650,0.173462,0.029216"
base,RACExPOLIDEOLOGY,RACExPOLIDEOLOGY :: Black | Liberal,RACESURV5l_W43,5,"0.368559,0.203538,0.209999,0.191206,0.026698"
base,RACExPOLIDEOLOGY,RACExPOLIDEOLOGY :: Black | Moderate,RACESURV5l_W43,5,"0.378028,0.222231,0.196118,0.173074,0.030549"
base,RACExPOLIDEOLOGY,RACExPOLIDEOLOGY :: Black | Very conservative,RACESURV5l_W43,5,"0.398459,0.182428,0.194193,0.194193,0.030726"
base,RACExPOLIDEOLOGY,RACExPOLIDEOLOGY :: Black | Very liberal,RACESURV5l_W43,5,"0.381609,0.191885,0.204261,0.191885,0.030361"
base,RACExPOLIDEOLOGY,RACExPOLIDEOLOGY :: Hispanic | Conservative,RACESURV5l_W43,5,"0.399870,0.207450,0.188885,0.171982,0.031813"
base,RACExPOLIDEOLOGY,RACExPOLIDEOLOGY :: Hispanic | Liberal,RACESURV5l_W43,5,"0.350342,0.226198,0.212493,0.181755,0.029211"
base,RACExPOLIDEOLOGY,RACExPOLIDEOLOGY :: Hispanic | Moderate,RACESURV5l_W43,5,"0.348132,0.239268,0.204656,0.175052,0.032891"
base,RACExPOLIDEOLOGY,RACExPOLIDEOLOGY :: Hispanic | Refused,RACESURV5l_W43,5,"0.352334,0.182788,0.213701,0.156347,0.094829"
base,RACExPOLIDEOLOGY,RACExPOLIDEOLOGY :: Hispanic | Very conservative,RACESURV5l_W43,5,"0.387536,0.188870,0.194865,0.194865,0.033863"
base,RACExPOLIDEOLOGY,RACExPOLIDEOLOGY :: Hispanic | Very liberal,RACESURV5l_W43,5,"0.363833,0.207306,0.207306,0.188754,0.032801"
base,RACExPOLIDEOLOGY,RACExPOLIDEOLOGY :: Other | Conservative,RACESURV5l_W43,5,"0.423503,0.187928,0.171111,0.182147,0.035311"
base,RACExPOLIDEOLOGY,RACExPOLIDEOLOGY :: Other | Liberal,RACESURV5l_W43,5,"0.385748,0.193966,0.187999,0.200124,0.032163"
base,RACExPOLIDEOLOGY,RACExPOLIDEOLOGY :: Other | Moderate,RACESURV5l_W43,5,"0.395491,0.218411,0.175498,0.175498,0.035102"
base,RACExPOLIDEOLOGY,RACExPOLIDEOLOGY :: White | Conservative,RACESURV5l_W43,5,"0.486871,0.179110,0.148487,0.158064,0.027467"
base,RACExPOLIDEOLOGY,RACExPOLIDEOLOGY :: White | Liberal,RACESURV5l_W43,5,"0.407851,0.198770,0.180983,0.186728,0.025669"
base,RACExPOLIDEOLOGY,RACExPOLIDEOLOGY :: White | Moderate,RACESURV5l_W43,5,"0.434444,0.211731,0.164896,0.159823,0.029106"
base,RACExPOLIDEOLOGY,RACExPOLIDEOLOGY :: White | Refused,RACESURV5l_W43,5,"0.371599,0.192783,0.205217,0.154906,0.075495"
base,RACExPOLIDEOLOGY,RACExPOLIDEOLOGY :: White | Very conservative,RACESURV5l_W43,5,"0.494497,0.160540,0.146173,0.170893,0.027898"
base,RACExPOLIDEOLOGY,RACExPOLIDEOLOGY :: White | Very liberal,RACESURV5l_W43,5,"0.431058,0.191281,0.174163,0.174163,0.029334"
base,RACExPOLIDEOLOGY,RACExPOLIDEOLOGY :: Asian | Liberal,SMLIKESb_W45,3,"0.431998,0.418707,0.149295"
base,RACExPOLIDEOLOGY,RACExPOLIDEOLOGY :: Asian | Moderate,SMLIKESb_W45,3,"0.363987,0.452989,0.183024"
base,RACExPOLIDEOLOGY,RACExPOLIDEOLOGY :: Black | Conservative,SMLIKESb_W45,3,"0.489873,0.369776,0.140351"
base,RACExPOLIDEOLOGY,RACExPOLIDEOLOGY :: Black | Liberal,SMLIKESb_W45,3,"0.490276,0.381828,0.127896"
base,RACExPOLIDEOLOGY,RACExPOLIDEOLOGY :: Black | Moderate,SMLIKESb_W45,3,"0.433992,0.420639,0.145369"
base,RACExPOLIDEOLOGY,RACExPOLIDEOLOGY :: Black | Very liberal,SMLIKESb_W45,3,"0.449403,0.409186,0.141411"
base,RACExPOLIDEOLOGY,RACExPOLIDEOLOGY :: Hispanic | Conservative,SMLIKESb_W45,3,"0.449797,0.384732,0.165471"
base,RACExPOLIDEOLOGY,RACExPOLIDEOLOGY :: Hispanic | Liberal,SMLIKESb_W45,3,"0.456558,0.390515,0.152928"
base,RACExPOLIDEOLOGY,RACExPOLIDEOLOGY :: Hispanic | Moderate,SMLIKESb_W45,3,"0.393386,0.432050,0.174564"
base,RACExPOLIDEOLOGY,RACExPOLIDEOLOGY :: Mixed Race | Conservative,SMLIKESb_W45,3,"0.546549,0.331499,0.121952"
base,RACExPOLIDEOLOGY,RACExPOLIDEOLOGY :: Mixed Race | Liberal,SMLIKESb_W45,3,"0.552580,0.335157,0.112263"
base,RACExPOLIDEOLOGY,RACExPOLIDEOLOGY :: Mixed Race | Moderate,SMLIKESb_W45,3,"0.513709,0.364274,0.122017"
base,RACExPOLIDEOLOGY,RACExPOLIDEOLOGY :: Refused | Moderate,SMLIKESb_W45,3,"0.365006,0.413606,0.221387"
base,RACExPOLIDEOLOGY,RACExPOLIDEOLOGY :: White | Conservative,SMLIKESb_W45,3,"0.488294,0.380284,0.131423"
base,RACExPOLIDEOLOGY,RACExPOLIDEOLOGY :: White | Liberal,SMLIKESb_W45,3,"0.495953,0.386248,0.117799"
base,RACExPOLIDEOLOGY,RACExPOLIDEOLOGY :: White | Moderate,SMLIKESb_W45,3,"0.437848,0.424377,0.137775"
base,RACExPOLIDEOLOGY,RACExPOLIDEOLOGY :: White | Refused,SMLIKESb_W45,3,"0.391811,0.391811,0.216378"
base,RACExPOLIDEOLOGY,RACExPOLIDEOLOGY :: White | Very conservative,SMLIKESb_W45,3,"0.414714,0.427878,0.157408"
base,RACExPOLIDEOLOGY,RACExPOLIDEOLOGY :: White | Very liberal,SMLIKESb_W45,3,"0.453287,0.412722,0.133991"
base,RACExPOLIDEOLOGY,RACExPOLIDEOLOGY :: Asian | Conservative,SOCIETY_WHT_W92,5,"0.112023,0.202848,0.334440,0.268730,0.081958"
base,RACExPOLIDEOLOGY,RACExPOLIDEOLOGY :: Asian | Liberal,SOCIETY_WHT_W92,5,"0.106891,0.206038,0.361608,0.264558,0.060905"
base,RACExPOLIDEOLOGY,RACExPOLIDEOLOGY :: Asian | Moderate,SOCIETY_WHT_W92,5,"0.086804,0.183764,0.414119,0.267375,0.047938"
base,RACExPOLIDEOLOGY,RACExPOLIDEOLOGY :: Black | Conservative,SOCIETY_WHT_W92,5,"0.108938,0.223527,0.278183,0.287014,0.102338"
base,RACExPOLIDEOLOGY,RACExPOLIDEOLOGY :: Black | Liberal,SOCIETY_WHT_W92,5,"0.115895,0.230485,0.295949,0.278018,0.079653"
base,RACExPOLIDEOLOGY,RACExPOLIDEOLOGY :: Black | Moderate,SOCIETY_WHT_W92,5,"0.092491,0.221875,0.333073,0.284893,0.067668"
base,RACExPOLIDEOLOGY,RACExPOLIDEOLOGY :: Black | Very conservative,SOCIETY_WHT_W92,5,"0.108640,0.173606,0.237292,0.345257,0.135205"
base,RACExPOLIDEOLOGY,RACExPOLIDEOLOGY :: Black | Very liberal,SOCIETY_WHT_W92,5,"0.144769,0.204157,0.238683,0.306476,0.105915"
base,RACExPOLIDEOLOGY,RACExPOLIDEOLOGY :: Hispanic | Conservative,SOCIETY_WHT_W92,5,"0.109657,0.204866,0.317302,0.271403,0.096772"
base,RACExPOLIDEOLOGY,RACExPOLIDEOLOGY :: Hispanic | Liberal,SOCIETY_WHT_W92,5,"0.111782,0.208837,0.323452,0.276663,0.079265"
base,RACExPOLIDEOLOGY,RACExPOLIDEOLOGY :: Hispanic | Moderate,SOCIETY_WHT_W92,5,"0.090180,0.196972,0.379673,0.269228,0.063947"
base,RACExPOLIDEOLOGY,RACExPOLIDEOLOGY :: Hispanic | Very conservative,SOCIETY_WHT_W92,5,"0.118224,0.172014,0.266421,0.321365,0.121976"
base,RACExPOLIDEOLOGY,RACExPOLIDEOLOGY :: Hispanic | Very liberal,SOCIETY_WHT_W92,5,"0.145863,0.187291,0.264123,0.299291,0.103432"
base,RACExPOLIDEOLOGY,RACExPOLIDEOLOGY :: Mixed Race | Conservative,SOCIETY_WHT_W92,5,"0.123371,0.245353,0.295952,0.253141,0.082183"
base,RACExPOLIDEOLOGY,RACExPOLIDEOLOGY :: Mixed Race | Liberal,SOCIETY_WHT_W92,5,"0.135229,0.260660,0.295366,0.244867,0.063877"
base,RACExPOLIDEOLOGY,RACExPOLIDEOLOGY :: Mixed Race | Moderate,SOCIETY_WHT_W92,5,"0.096201,0.238100,0.357430,0.253456,0.054814"
base,RACExPOLIDEOLOGY,RACExPOLIDEOLOGY :: Refused | Conservative,SOCIETY_WHT_W92,5,"0.114995,0.152344,0.401372,0.235955,0.095334"
base,RACExPOLIDEOLOGY,RACExPOLIDEOLOGY :: Refused | Moderate,SOCIETY_WHT_W92,5,"0.094172,0.128718,0.493428,0.218957,0.064724"
base,RACExPOLIDEOLOGY,RACExPOLIDEOLOGY :: White | Conservative,SOCIETY_WHT_W92,5,"0.114257,0.213460,0.291765,0.282789,0.097729"
base,RACExPOLIDEOLOGY,RACExPOLIDEOLOGY :: White | Liberal,SOCIETY_WHT_W92,5,"0.115303,0.229307,0.294436,0.276597,0.084357"
base,RACExPOLIDEOLOGY,RACExPOLIDEOLOGY :: White | Moderate,SOCIETY_WHT_W92,5,"0.092427,0.214898,0.365554,0.267445,0.059675"
base,RACExPOLIDEOLOGY,RACExPOLIDEOLOGY :: White | Refused,SOCIETY_WHT_W92,5,"0.101738,0.101738,0.516669,0.190072,0.089784"
base,RACExPOLIDEOLOGY,RACExPOLIDEOLOGY :: White | Very conservative,SOCIETY_WHT_W92,5,"0.114567,0.177444,0.242538,0.331510,0.133942"
base,RACExPOLIDEOLOGY,RACExPOLIDEOLOGY :: White | Very liberal,SOCIETY_WHT_W92,5,"0.155542,0.206059,0.240907,0.290590,0.106902"
base,RACExPOLIDEOLOGY,RACExPOLIDEOLOGY :: Asian | Liberal,SUCCESSIMPA_W32,3,"0.459600,0.474189,0.066212"
base,RACExPOLIDEOLOGY,RACExPOLIDEOLOGY :: Asian | Moderate,SUCCESSIMPA_W32,3,"0.356175,0.569166,0.074658"
base,RACExPOLIDEOLOGY,RACExPOLIDEOLOGY :: Black | Conservative,SUCCESSIMPA_W32,3,"0.397735,0.510702,0.091564"
base,RACExPOLIDEOLOGY,RACExPOLIDEOLOGY :: Black | Liberal,SUCCESSIMPA_W32,3,"0.474189,0.459600,0.066212"
base,RACExPOLIDEOLOGY,RACExPOLIDEOLOGY :: Black | Moderate,SUCCESSIMPA_W32,3,"0.392753,0.536830,0.070417"
base,RACExPOLIDEOLOGY,RACExPOLIDEOLOGY :: Black | Very conservative,SUCCESSIMPA_W32,3,"0.338654,0.524517,0.136829"
base,RACExPOLIDEOLOGY,RACExPOLIDEOLOGY :: Black | Very liberal,SUCCESSIMPA_W32,3,"0.472173,0.457645,0.070182"
base,RACExPOLIDEOLOGY,RACExPOLIDEOLOGY :: Hispanic | Conservative,SUCCESSIMPA_W32,3,"0.404084,0.502891,0.093025"
base,RACExPOLIDEOLOGY,RACExPOLIDEOLOGY :: Hispanic | Liberal,SUCCESSIMPA_W32,3,"0.479967,0.450887,0.069146"
base,RACExPOLIDEOLOGY,RACExPOLIDEOLOGY :: Hispanic | Moderate,SUCCESSIMPA_W32,3,"0.382645,0.539616,0.077739"
base,RACExPOLIDEOLOGY,RACExPOLIDEOLOGY :: Hispanic | Very liberal,SUCCESSIMPA_W32,3,"0.477836,0.448885,0.073279"
base,RACExPOLIDEOLOGY,RACExPOLIDEOLOGY :: Mixed Race | Moderate,SUCCESSIMPA_W32,3,"0.436235,0.510010,0.053755"
base,RACExPOLIDEOLOGY,RACExPOLIDEOLOGY :: Other | Conservative,SUCCESSIMPA_W32,3,"0.396582,0.509221,0.094196"
base,RACExPOLIDEOLOGY,RACExPOLIDEOLOGY :: Other | Moderate,SUCCESSIMPA_W32,3,"0.374356,0.544684,0.080960"
base,RACExPOLIDEOLOGY,RACExPOLIDEOLOGY :: White | Conservative,SUCCESSIMPA_W32,3,"0.464392,0.464392,0.071217"
base,RACExPOLIDEOLOGY,RACExPOLIDEOLOGY :: White | Liberal,SUCCESSIMPA_W32,3,"0.538504,0.406484,0.055012"
base,RACExPOLIDEOLOGY,RACExPOLIDEOLOGY :: White | Moderate,SUCCESSIMPA_W32,3,"0.439990,0.498574,0.061436"
base,RACExPOLIDEOLOGY,RACExPOLIDEOLOGY :: White | Refused,SUCCESSIMPA_W32,3,"0.315724,0.473958,0.210318"
base,RACExPOLIDEOLOGY,RACExPOLIDEOLOGY :: White | Very conservative,SUCCESSIMPA_W32,3,"0.409207,0.493598,0.097195"
base,RACExPOLIDEOLOGY,RACExPOLIDEOLOGY :: White | Very liberal,SUCCESSIMPA_W32,3,"0.538504,0.406484,0.055012"
base,RACExPOLIDEOLOGY,RACExPOLIDEOLOGY :: Asian | Liberal,WANTMOVE_W32,2,"0.515620,0.484380"
base,RACExPOLIDEOLOGY,RACExPOLIDEOLOGY :: Asian | Moderate,WANTMOVE_W32,2,"0.507812,0.492188"
base,RACExPOLIDEOLOGY,RACExPOLIDEOLOGY :: Black | Conservative,WANTMOVE_W32,2,"0.507812,0.492188"
base,RACExPOLIDEOLOGY,RACExPOLIDEOLOGY :: Black | Liberal,WANTMOVE_W32,2,"0.515620,0.484380"
base,RACExPOLIDEOLOGY,RACExPOLIDEOLOGY :: Black | Moderate,WANTMOVE_W32,2,"0.500000,0.500000"
base,RACExPOLIDEOLOGY,RACExPOLIDEOLOGY :: Black | Very conservative,WANTMOVE_W32,2,"0.515620,0.484380"
base,RACExPOLIDEOLOGY,RACExPOLIDEOLOGY :: Black | Very liberal,WANTMOVE_W32,2,"0.515620,0.484380"
base,RACExPOLIDEOLOGY,RACExPOLIDEOLOGY :: Hispanic | Conservative,WANTMOVE_W32,2,"0.515620,0.484380"
base,RACExPOLIDEOLOGY,RACExPOLIDEOLOGY :: Hispanic | Liberal,WANTMOVE_W32,2,"0.507812,0.492188"
base,RACExPOLIDEOLOGY,RACExPOLIDEOLOGY :: Hispanic | Moderate,WANTMOVE_W32,2,"0.500000,0.500000"
base,RACExPOLIDEOLOGY,RACExPOLIDEOLOGY :: Hispanic | Very liberal,WANTMOVE_W32,2,"0.515620,0.484380"
base,RACExPOLIDEOLOGY,RACExPOLIDEOLOGY :: Mixed Race | Moderate,WANTMOVE_W32,2,"0.531209,0.468791"
base,RACExPOLIDEOLOGY,RACExPOLIDEOLOGY :: Other | Conservative,WANTMOVE_W32,2,"0.523420,0.476580"
base,RACExPOLIDEOLOGY,RACExPOLIDEOLOGY :: Other | Moderate,WANTMOVE_W32,2,"0.523420,0.476580"
base,RACExPOLIDEOLOGY,RACExPOLIDEOLOGY :: White | Conservative,WANTMOVE_W32,2,"0.492188,0.507812"
base,RACExPOLIDEOLOGY,RACExPOLIDEOLOGY :: White | Liberal,WANTMOVE_W32,2,"0.500000,0.500000"
base,RACExPOLIDEOLOGY,RACExPOLIDEOLOGY :: White | Moderate,WANTMOVE_W32,2,"0.484380,0.515620"
base,RACExPOLIDEOLOGY,RACExPOLIDEOLOGY :: White | Refused,WANTMOVE_W32,2,"0.430147,0.569853"
base,RACExPOLIDEOLOGY,RACExPOLIDEOLOGY :: White | Very conservative,WANTMOVE_W32,2,"0.500000,0.500000"
base,RACExPOLIDEOLOGY,RACExPOLIDEOLOGY :: White | Very liberal,WANTMOVE_W32,2,"0.500000,0.500000"
base,RACExPOLIDEOLOGY,RACExPOLIDEOLOGY :: Asian | Liberal,WORRY2c_W54,5,"0.117907,0.166275,0.438076,0.220279,0.057463"
base,RACExPOLIDEOLOGY,RACExPOLIDEOLOGY :: Asian | Moderate,WORRY2c_W54,5,"0.110282,0.141605,0.450020,0.240879,0.057214"
base,RACExPOLIDEOLOGY,RACExPOLIDEOLOGY :: Black | Conservative,WORRY2c_W54,5,"0.136996,0.199328,0.408995,0.199328,0.055352"
base,RACExPOLIDEOLOGY,RACExPOLIDEOLOGY :: Black | Liberal,WORRY2c_W54,5,"0.123183,0.190790,0.429952,0.203095,0.052980"
base,RACExPOLIDEOLOGY,RACExPOLIDEOLOGY :: Black | Moderate,WORRY2c_W54,5,"0.118695,0.172700,0.441005,0.214929,0.052671"
base,RACExPOLIDEOLOGY,RACExPOLIDEOLOGY :: Black | Very conservative,WORRY2c_W54,5,"0.143655,0.190312,0.390496,0.215652,0.059884"
base,RACExPOLIDEOLOGY,RACExPOLIDEOLOGY :: Black | Very liberal,WORRY2c_W54,5,"0.130695,0.178639,0.415349,0.215480,0.059837"
base,RACExPOLIDEOLOGY,RACExPOLIDEOLOGY :: Hispanic | Conservative,WORRY2c_W54,5,"0.147630,0.195578,0.388953,0.208191,0.059648"
base,RACExPOLIDEOLOGY,RACExPOLIDEOLOGY :: Hispanic | Liberal,WORRY2c_W54,5,"0.139305,0.190408,0.403093,0.209122,0.058071"
base,RACExPOLIDEOLOGY,RACExPOLIDEOLOGY :: Hispanic | Moderate,WORRY2c_W54,5,"0.128604,0.165131,0.421677,0.225708,0.058879"
base,RACExPOLIDEOLOGY,RACExPOLIDEOLOGY :: Mixed Race | Liberal,WORRY2c_W54,5,"0.115436,0.178791,0.456559,0.196364,0.052851"
base,RACExPOLIDEOLOGY,RACExPOLIDEOLOGY :: Mixed Race | Moderate,WORRY2c_W54,5,"0.109726,0.164719,0.476630,0.198689,0.050236"
base,RACExPOLIDEOLOGY,RACExPOLIDEOLOGY :: Refused | Moderate,WORRY2c_W54,5,"0.152425,0.157263,0.414334,0.208340,0.067638"
base,RACExPOLIDEOLOGY,RACExPOLIDEOLOGY :: White | Conservative,WORRY2c_W54,5,"0.120851,0.181419,0.421811,0.218833,0.057086"
base,RACExPOLIDEOLOGY,RACExPOLIDEOLOGY :: White | Liberal,WORRY2c_W54,5,"0.114642,0.177560,0.439466,0.214179,0.054153"
base,RACExPOLIDEOLOGY,RACExPOLIDEOLOGY :: White | Moderate,WORRY2c_W54,5,"0.109175,0.153961,0.459644,0.224012,0.053208"
base,RACExPOLIDEOLOGY,RACExPOLIDEOLOGY :: White | Refused,WORRY2c_W54,5,"0.166150,0.166150,0.386310,0.200415,0.080975"
base,RACExPOLIDEOLOGY,RACExPOLIDEOLOGY :: White | Very conservative,WORRY2c_W54,5,"0.131270,0.173904,0.404340,0.230386,0.060100"
base,RACExPOLIDEOLOGY,RACExPOLIDEOLOGY :: White | Very liberal,WORRY2c_W54,5,"0.126672,0.162650,0.428526,0.222316,0.059836"
base,RACExPOLPARTY,RACExPOLPARTY :: Asian | Democrat,ALLIES_W92,2,"0.651355,0.348645"
base,RACExPOLPARTY,RACExPOLPARTY :: Asian | Independent,ALLIES_W92,2,"0.554470,0.445530"
base,RACExPOLPARTY,RACExPOLPARTY :: Asian | Other,ALLIES_W92,2,"0.554470,0.445530"
base,RACExPOLPARTY,RACExPOLPARTY :: Asian | Republican,ALLIES_W92,2,"0.392337,0.607663"
base,RACExPOLPARTY,RACExPOLPARTY :: Black | Democrat,ALLIES_W92,2,"0.637031,0.362969"
base,RACExPOLPARTY,RACExPOLPARTY :: Black | Independent,ALLIES_W92,2,"0.531209,0.468791"
base,RACExPOLPARTY,RACExPOLPARTY :: Black | Other,ALLIES_W92,2,"0.546738,0.453262"
base,RACExPOLPARTY,RACExPOLPARTY :: Black | Republican,ALLIES_W92,2,"0.362969,0.637031"
base,RACExPOLPARTY,RACExPOLPARTY :: Hispanic | Democrat,ALLIES_W92,2,"0.629775,0.370225"
base,RACExPOLPARTY,RACExPOLPARTY :: Hispanic | Independent,ALLIES_W92,2,"0.531209,0.468791"
base,RACExPOLPARTY,RACExPOLPARTY :: Hispanic | Other,ALLIES_W92,2,"0.554470,0.445530"
base,RACExPOLPARTY,RACExPOLPARTY :: Hispanic | Republican,ALLIES_W92,2,"0.370225,0.629775"
base,RACExPOLPARTY,RACExPOLPARTY :: Mixed Race | Democrat,ALLIES_W92,2,"0.644225,0.355775"
base,RACExPOLPARTY,RACExPOLPARTY :: Mixed Race | Independent,ALLIES_W92,2,"0.554470,0.445530"
base,RACExPOLPARTY,RACExPOLPARTY :: Mixed Race | Other,ALLIES_W92,2,"0.562177,0.437824"
base,RACExPOLPARTY,RACExPOLPARTY :: Mixed Race | Republican,ALLIES_W92,2,"0.430147,0.569853"
base,RACExPOLPARTY,RACExPOLPARTY :: Refused | Independent,ALLIES_W92,2,"0.531209,0.468791"
base,RACExPOLPARTY,RACExPOLPARTY :: White | Democrat,ALLIES_W92,2,"0.629775,0.370225"
base,RACExPOLPARTY,RACExPOLPARTY :: White | Independent,ALLIES_W92,2,"0.523420,0.476580"
base,RACExPOLPARTY,RACExPOLPARTY :: White | Other,ALLIES_W92,2,"0.531209,0.468791"
base,RACExPOLPARTY,RACExPOLPARTY :: White | Refused,ALLIES_W92,2,"0.546738,0.453262"
base,RACExPOLPARTY,RACExPOLPARTY :: White | Republican,ALLIES_W92,2,"0.362969,0.637031"
base,RACExPOLPARTY,RACExPOLPARTY :: Asian | Democrat,CLASS_W32,5,"0.124547,0.263666,0.383632,0.170236,0.057920"
base,RACExPOLPARTY,RACExPOLPARTY :: Asian | Independent,CLASS_W32,5,"0.126730,0.236762,0.390355,0.184391,0.061763"
base,RACExPOLPARTY,RACExPOLPARTY :: Black | Democrat,CLASS_W32,5,"0.115056,0.243573,0.401584,0.178202,0.061585"
base,RACExPOLPARTY,RACExPOLPARTY :: Black | Independent,CLASS_W32,5,"0.109521,0.231857,0.406921,0.186302,0.065398"
base,RACExPOLPARTY,RACExPOLPARTY :: Black | Other,CLASS_W32,5,"0.122444,0.228756,0.377156,0.201877,0.069767"
base,RACExPOLPARTY,RACExPOLPARTY :: Hispanic | Democrat,CLASS_W32,5,"0.125264,0.241453,0.398089,0.171216,0.063979"
base,RACExPOLPARTY,RACExPOLPARTY :: Hispanic | Independent,CLASS_W32,5,"0.127787,0.224273,0.393612,0.185929,0.068399"
base,RACExPOLPARTY,RACExPOLPARTY :: Hispanic | Other,CLASS_W32,5,"0.137173,0.219202,0.372875,0.199586,0.071164"
base,RACExPOLPARTY,RACExPOLPARTY :: Hispanic | Republican,CLASS_W32,5,"0.130004,0.250590,0.388121,0.166929,0.064357"
base,RACExPOLPARTY,RACExPOLPARTY :: Mixed Race | Democrat,CLASS_W32,5,"0.105677,0.269856,0.405102,0.163676,0.055688"
base,RACExPOLPARTY,RACExPOLPARTY :: Mixed Race | Independent,CLASS_W32,5,"0.110984,0.258046,0.399669,0.171896,0.059406"
base,RACExPOLPARTY,RACExPOLPARTY :: Other | Independent,CLASS_W32,5,"0.116414,0.210798,0.406325,0.198027,0.068436"
base,RACExPOLPARTY,RACExPOLPARTY :: Other | Republican,CLASS_W32,5,"0.126097,0.235580,0.388405,0.183470,0.066448"
base,RACExPOLPARTY,RACExPOLPARTY :: White | Democrat,CLASS_W32,5,"0.106977,0.248730,0.423104,0.165690,0.055499"
base,RACExPOLPARTY,RACExPOLPARTY :: White | Independent,CLASS_W32,5,"0.104970,0.236553,0.428341,0.173066,0.057071"
base,RACExPOLPARTY,RACExPOLPARTY :: White | Other,CLASS_W32,5,"0.116881,0.232447,0.395405,0.192705,0.062562"
base,RACExPOLPARTY,RACExPOLPARTY :: White | Refused,CLASS_W32,5,"0.127443,0.185429,0.368769,0.230770,0.087590"
base,RACExPOLPARTY,RACExPOLPARTY :: White | Republican,CLASS_W32,5,"0.113435,0.255629,0.421462,0.155047,0.054427"
base,RACExPOLPARTY,RACExPOLPARTY :: Asian | Democrat,DNA2b_W50,2,"0.577495,0.422505"
base,RACExPOLPARTY,RACExPOLPARTY :: Asian | Independent,DNA2b_W50,2,"0.546738,0.453262"
base,RACExPOLPARTY,RACExPOLPARTY :: Asian | Republican,DNA2b_W50,2,"0.546738,0.453262"
base,RACExPOLPARTY,RACExPOLPARTY :: Black | Democrat,DNA2b_W50,2,"0.585101,0.414899"
base,RACExPOLPARTY,RACExPOLPARTY :: Black | Independent,DNA2b_W50,2,"0.562177,0.437824"
base,RACExPOLPARTY,RACExPOLPARTY :: Black | Other,DNA2b_W50,2,"0.531209,0.468791"
base,RACExPOLPARTY,RACExPOLPARTY :: Black | Republican,DNA2b_W50,2,"0.554470,0.445530"
base,RACExPOLPARTY,RACExPOLPARTY :: Hispanic | Democrat,DNA2b_W50,2,"0.600188,0.399812"
base,RACExPOLPARTY,RACExPOLPARTY :: Hispanic | Independent,DNA2b_W50,2,"0.577495,0.422505"
base,RACExPOLPARTY,RACExPOLPARTY :: Hispanic | Other,DNA2b_W50,2,"0.538983,0.461017"
base,RACExPOLPARTY,RACExPOLPARTY :: Hispanic | Republican,DNA2b_W50,2,"0.577495,0.422505"
base,RACExPOLPARTY,RACExPOLPARTY :: Mixed Race | Democrat,DNA2b_W50,2,"0.615088,0.384912"
base,RACExPOLPARTY,RACExPOLPARTY :: Mixed Race | Independent,DNA2b_W50,2,"0.592667,0.407333"
base,RACExPOLPARTY,RACExPOLPARTY :: Mixed Race | Other,DNA2b_W50,2,"0.569853,0.430147"
base,RACExPOLPARTY,RACExPOLPARTY :: Mixed Race | Republican,DNA2b_W50,2,"0.592667,0.407333"
base,RACExPOLPARTY,RACExPOLPARTY :: Refused | Democrat,DNA2b_W50,2,"0.523420,0.476580"
base,RACExPOLPARTY,RACExPOLPARTY :: Refused | Independent,DNA2b_W50,2,"0.492188,0.507812"
base,RACExPOLPARTY,RACExPOLPARTY :: White | Democrat,DNA2b_W50,2,"0.577495,0.422505"
base,RACExPOLPARTY,RACExPOLPARTY :: White | Independent,DNA2b_W50,2,"0.546738,0.453262"
base,RACExPOLPARTY,RACExPOLPARTY :: White | Other,DNA2b_W50,2,"0.515620,0.484380"
base,RACExPOLPARTY,RACExPOLPARTY :: White | Refused,DNA2b_W50,2,"0.430147,0.569853"
base,RACExPOLPARTY,RACExPOLPARTY :: White | Republican,DNA2b_W50,2,"0.562177,0.437824"
base,RACExPOLPARTY,RACExPOLPARTY :: Asian | Democrat,DNA5_W50,2,"0.523420,0.476580"
base,RACExPOLPARTY,RACExPOLPARTY :: Asian | Independent,DNA5_W50,2,"0.507812,0.492188"
base,RACExPOLPARTY,RACExPOLPARTY :: Asian | Republican,DNA5_W50,2,"0.531209,0.468791"
base,RACExPOLPARTY,RACExPOLPARTY :: Black | Democrat,DNA5_W50,2,"0.531209,0.468791"
base,RACExPOLPARTY,RACExPOLPARTY :: Black | Independent,DNA5_W50,2,"0.507812,0.492188"
base,RACExPOLPARTY,RACExPOLPARTY :: Black | Other,DNA5_W50,2,"0.507812,0.492188"
base,RACExPOLPARTY,RACExPOLPARTY :: Black | Republican,DNA5_W50,2,"0.538983,0.461017"
base,RACExPOLPARTY,RACExPOLPARTY :: Hispanic | Democrat,DNA5_W50,2,"0.538983,0.461017"
base,RACExPOLPARTY,RACExPOLPARTY :: Hispanic | Independent,DNA5_W50,2,"0.523420,0.476580"
base,RACExPOLPARTY,RACExPOLPARTY :: Hispanic | Other,DNA5_W50,2,"0.507812,0.492188"
base,RACExPOLPARTY,RACExPOLPARTY :: Hispanic | Republican,DNA5_W50,2,"0.546738,0.453262"
base,RACExPOLPARTY,RACExPOLPARTY :: Mixed Race | Democrat,DNA5_W50,2,"0.592667,0.407333"
base,RACExPOLPARTY,RACExPOLPARTY :: Mixed Race | Independent,DNA5_W50,2,"0.585101,0.414899"
base,RACExPOLPARTY,RACExPOLPARTY :: Mixed Race | Other,DNA5_W50,2,"0.569853,0.430147"
base,RACExPOLPARTY,RACExPOLPARTY :: Mixed Race | Republican,DNA5_W50,2,"0.592667,0.407333"
base,RACExPOLPARTY,RACExPOLPARTY :: Refused | Democrat,DNA5_W50,2,"0.484380,0.515620"
base,RACExPOLPARTY,RACExPOLPARTY :: Refused | Independent,DNA5_W50,2,"0.453262,0.546738"
base,RACExPOLPARTY,RACExPOLPARTY :: White | Democrat,DNA5_W50,2,"0.468791,0.531209"
base,RACExPOLPARTY,RACExPOLPARTY :: White | Independent,DNA5_W50,2,"0.445530,0.554470"
base,RACExPOLPARTY,RACExPOLPARTY :: White | Other,DNA5_W50,2,"0.453262,0.546738"
base,RACExPOLPARTY,RACExPOLPARTY :: White | Refused,DNA5_W50,2,"0.414899,0.585101"
base,RACExPOLPARTY,RACExPOLPARTY :: White | Republican,DNA5_W50,2,"0.476580,0.523420"
base,RACExPOLPARTY,RACExPOLPARTY :: Asian | Democrat,ECIMPd_W54,3,"0.656706,0.160933,0.182361"
base,RACExPOLPARTY,RACExPOLPARTY :: Asian | Independent,ECIMPd_W54,3,"0.613287,0.181287,0.205425"
base,RACExPOLPARTY,RACExPOLPARTY :: Asian | Republican,ECIMPd_W54,3,"0.653590,0.170499,0.175911"
base,RACExPOLPARTY,RACExPOLPARTY :: Black | Democrat,ECIMPd_W54,3,"0.690501,0.169215,0.140284"
base,RACExPOLPARTY,RACExPOLPARTY :: Black | Independent,ECIMPd_W54,3,"0.652927,0.187067,0.160007"
base,RACExPOLPARTY,RACExPOLPARTY :: Black | Other,ECIMPd_W54,3,"0.605850,0.209376,0.184774"
base,RACExPOLPARTY,RACExPOLPARTY :: Hispanic | Democrat,ECIMPd_W54,3,"0.704509,0.143130,0.152361"
base,RACExPOLPARTY,RACExPOLPARTY :: Hispanic | Independent,ECIMPd_W54,3,"0.660631,0.167034,0.172336"
base,RACExPOLPARTY,RACExPOLPARTY :: Hispanic | Other,ECIMPd_W54,3,"0.606200,0.190749,0.203051"
base,RACExPOLPARTY,RACExPOLPARTY :: Hispanic | Republican,ECIMPd_W54,3,"0.704509,0.152361,0.143130"
base,RACExPOLPARTY,RACExPOLPARTY :: Mixed Race | Democrat,ECIMPd_W54,3,"0.664043,0.162731,0.173226"
base,RACExPOLPARTY,RACExPOLPARTY :: Mixed Race | Independent,ECIMPd_W54,3,"0.624086,0.173303,0.202611"
base,RACExPOLPARTY,RACExPOLPARTY :: Mixed Race | Other,ECIMPd_W54,3,"0.613287,0.181287,0.205425"
base,RACExPOLPARTY,RACExPOLPARTY :: Refused | Independent,ECIMPd_W54,3,"0.604454,0.173179,0.222366"
base,RACExPOLPARTY,RACExPOLPARTY :: White | Democrat,ECIMPd_W54,3,"0.649072,0.159062,0.191865"
base,RACExPOLPARTY,RACExPOLPARTY :: White | Independent,ECIMPd_W54,3,"0.600218,0.171965,0.227817"
base,RACExPOLPARTY,RACExPOLPARTY :: White | Other,ECIMPd_W54,3,"0.567391,0.196085,0.236524"
base,RACExPOLPARTY,RACExPOLPARTY :: White | Refused,ECIMPd_W54,3,"0.528710,0.213618,0.257672"
base,RACExPOLPARTY,RACExPOLPARTY :: White | Republican,ECIMPd_W54,3,"0.674285,0.155229,0.170486"
base,RACExPOLPARTY,RACExPOLPARTY :: Asian | Democrat,ECON4_c_W54,4,"0.487979,0.269487,0.179517,0.063017"
base,RACExPOLPARTY,RACExPOLPARTY :: Asian | Independent,ECON4_c_W54,4,"0.477117,0.263489,0.192773,0.066621"
base,RACExPOLPARTY,RACExPOLPARTY :: Asian | Republican,ECON4_c_W54,4,"0.497342,0.258018,0.177333,0.067308"
base,RACExPOLPARTY,RACExPOLPARTY :: Black | Democrat,ECON4_c_W54,4,"0.522681,0.262820,0.159409,0.055090"
base,RACExPOLPARTY,RACExPOLPARTY :: Black | Independent,ECON4_c_W54,4,"0.505472,0.262236,0.174687,0.057606"
base,RACExPOLPARTY,RACExPOLPARTY :: Black | Other,ECON4_c_W54,4,"0.512680,0.249860,0.177178,0.060282"
base,RACExPOLPARTY,RACExPOLPARTY :: Hispanic | Democrat,ECON4_c_W54,4,"0.522905,0.262933,0.154570,0.059592"
base,RACExPOLPARTY,RACExPOLPARTY :: Hispanic | Independent,ECON4_c_W54,4,"0.517747,0.252330,0.168088,0.061836"
base,RACExPOLPARTY,RACExPOLPARTY :: Hispanic | Other,ECON4_c_W54,4,"0.516940,0.244185,0.173153,0.065722"
base,RACExPOLPARTY,RACExPOLPARTY :: Hispanic | Republican,ECON4_c_W54,4,"0.534991,0.244937,0.158143,0.061930"
base,RACExPOLPARTY,RACExPOLPARTY :: Mixed Race | Democrat,ECON4_c_W54,4,"0.510077,0.273025,0.165598,0.051300"
base,RACExPOLPARTY,RACExPOLPARTY :: Mixed Race | Independent,ECON4_c_W54,4,"0.481430,0.274310,0.188531,0.055730"
base,RACExPOLPARTY,RACExPOLPARTY :: Mixed Race | Other,ECON4_c_W54,4,"0.495319,0.265125,0.182218,0.057337"
base,RACExPOLPARTY,RACExPOLPARTY :: Refused | Independent,ECON4_c_W54,4,"0.490321,0.210885,0.210885,0.087910"
base,RACExPOLPARTY,RACExPOLPARTY :: White | Democrat,ECON4_c_W54,4,"0.483774,0.267165,0.189449,0.059613"
base,RACExPOLPARTY,RACExPOLPARTY :: White | Independent,ECON4_c_W54,4,"0.461415,0.262906,0.211251,0.064428"
base,RACExPOLPARTY,RACExPOLPARTY :: White | Other,ECON4_c_W54,4,"0.475699,0.246789,0.211090,0.066422"
base,RACExPOLPARTY,RACExPOLPARTY :: White | Refused,ECON4_c_W54,4,"0.449662,0.212405,0.240687,0.097246"
base,RACExPOLPARTY,RACExPOLPARTY :: White | Republican,ECON4_c_W54,4,"0.501521,0.252180,0.184499,0.061799"
base,RACExPOLPARTY,RACExPOLPARTY :: Asian | Democrat,ECON4_g_W54,4,"0.295550,0.216229,0.379494,0.108727"
base,RACExPOLPARTY,RACExPOLPARTY :: Asian | Independent,ECON4_g_W54,4,"0.267503,0.195709,0.414316,0.122472"
base,RACExPOLPARTY,RACExPOLPARTY :: Asian | Republican,ECON4_g_W54,4,"0.309027,0.212391,0.361289,0.117293"
base,RACExPOLPARTY,RACExPOLPARTY :: Black | Democrat,ECON4_g_W54,4,"0.299911,0.226385,0.373246,0.100458"
base,RACExPOLPARTY,RACExPOLPARTY :: Black | Independent,ECON4_g_W54,4,"0.283010,0.207054,0.399108,0.110828"
base,RACExPOLPARTY,RACExPOLPARTY :: Black | Other,ECON4_g_W54,4,"0.282790,0.200528,0.398798,0.117884"
base,RACExPOLPARTY,RACExPOLPARTY :: Hispanic | Democrat,ECON4_g_W54,4,"0.331945,0.221123,0.342482,0.104451"
base,RACExPOLPARTY,RACExPOLPARTY :: Hispanic | Independent,ECON4_g_W54,4,"0.306374,0.204089,0.369558,0.119978"
base,RACExPOLPARTY,RACExPOLPARTY :: Hispanic | Other,ECON4_g_W54,4,"0.310674,0.200586,0.363215,0.125524"
base,RACExPOLPARTY,RACExPOLPARTY :: Hispanic | Republican,ECON4_g_W54,4,"0.348360,0.211291,0.327254,0.113096"
base,RACExPOLPARTY,RACExPOLPARTY :: Mixed Race | Democrat,ECON4_g_W54,4,"0.281498,0.233370,0.384762,0.100371"
base,RACExPOLPARTY,RACExPOLPARTY :: Mixed Race | Independent,ECON4_g_W54,4,"0.253305,0.216663,0.417629,0.112403"
base,RACExPOLPARTY,RACExPOLPARTY :: Mixed Race | Other,ECON4_g_W54,4,"0.263428,0.211671,0.408006,0.116896"
base,RACExPOLPARTY,RACExPOLPARTY :: Refused | Independent,ECON4_g_W54,4,"0.301655,0.161464,0.375416,0.161464"
base,RACExPOLPARTY,RACExPOLPARTY :: White | Democrat,ECON4_g_W54,4,"0.260987,0.209709,0.417056,0.112249"
base,RACExPOLPARTY,RACExPOLPARTY :: White | Independent,ECON4_g_W54,4,"0.231079,0.185677,0.459556,0.123688"
base,RACExPOLPARTY,RACExPOLPARTY :: White | Other,ECON4_g_W54,4,"0.239502,0.180785,0.447448,0.132265"
base,RACExPOLPARTY,RACExPOLPARTY :: White | Refused,ECON4_g_W54,4,"0.257939,0.146969,0.412185,0.182906"
base,RACExPOLPARTY,RACExPOLPARTY :: White | Republican,ECON4_g_W54,4,"0.279255,0.198021,0.406313,0.116411"
base,RACExPOLPARTY,RACExPOLPARTY :: Asian | Democrat,ECON5_e_W54,5,"0.186842,0.170121,0.280483,0.289386,0.073168"
base,RACExPOLPARTY,RACExPOLPARTY :: Asian | Independent,ECON5_e_W54,5,"0.181307,0.170323,0.298926,0.263801,0.085644"
base,RACExPOLPARTY,RACExPOLPARTY :: Asian | Republican,ECON5_e_W54,5,"0.192638,0.164772,0.280287,0.289185,0.073117"
base,RACExPOLPARTY,RACExPOLPARTY :: Black | Democrat,ECON5_e_W54,5,"0.177630,0.172165,0.275119,0.311750,0.063336"
base,RACExPOLPARTY,RACExPOLPARTY :: Black | Independent,ECON5_e_W54,5,"0.172603,0.183735,0.293608,0.275819,0.074236"
base,RACExPOLPARTY,RACExPOLPARTY :: Black | Other,ECON5_e_W54,5,"0.182462,0.182462,0.291574,0.257313,0.086189"
base,RACExPOLPARTY,RACExPOLPARTY :: Hispanic | Democrat,ECON5_e_W54,5,"0.180850,0.180850,0.271487,0.298171,0.068643"
base,RACExPOLPARTY,RACExPOLPARTY :: Hispanic | Independent,ECON5_e_W54,5,"0.187320,0.181556,0.281200,0.264163,0.085761"
base,RACExPOLPARTY,RACExPOLPARTY :: Hispanic | Other,ECON5_e_W54,5,"0.188537,0.188537,0.283028,0.242086,0.097812"
base,RACExPOLPARTY,RACExPOLPARTY :: Hispanic | Republican,ECON5_e_W54,5,"0.187968,0.171147,0.273492,0.300372,0.067022"
base,RACExPOLPARTY,RACExPOLPARTY :: Mixed Race | Democrat,ECON5_e_W54,5,"0.179237,0.190797,0.277608,0.286420,0.065938"
base,RACExPOLPARTY,RACExPOLPARTY :: Mixed Race | Independent,ECON5_e_W54,5,"0.173528,0.202875,0.286099,0.260496,0.077003"
base,RACExPOLPARTY,RACExPOLPARTY :: Mixed Race | Other,ECON5_e_W54,5,"0.176539,0.200045,0.291064,0.248960,0.083391"
base,RACExPOLPARTY,RACExPOLPARTY :: Refused | Independent,ECON5_e_W54,5,"0.185358,0.163578,0.253354,0.253354,0.144357"
base,RACExPOLPARTY,RACExPOLPARTY :: White | Democrat,ECON5_e_W54,5,"0.175170,0.180730,0.288806,0.288806,0.066487"
base,RACExPOLPARTY,RACExPOLPARTY :: White | Independent,ECON5_e_W54,5,"0.191527,0.197607,0.287516,0.238360,0.084990"
base,RACExPOLPARTY,RACExPOLPARTY :: White | Other,ECON5_e_W54,5,"0.188815,0.188815,0.292443,0.234984,0.094942"
base,RACExPOLPARTY,RACExPOLPARTY :: White | Refused,ECON5_e_W54,5,"0.186177,0.149598,0.254474,0.217663,0.192087"
base,RACExPOLPARTY,RACExPOLPARTY :: White | Republican,ECON5_e_W54,5,"0.198495,0.175171,0.279923,0.279923,0.066488"
base,RACExPOLPARTY,RACExPOLPARTY :: Asian | Democrat,ELECT_CONF3_PRVFR_W92,4,"0.194652,0.283217,0.375201,0.146931"
base,RACExPOLPARTY,RACExPOLPARTY :: Asian | Independent,ELECT_CONF3_PRVFR_W92,4,"0.183580,0.275587,0.388640,0.152193"
base,RACExPOLPARTY,RACExPOLPARTY :: Asian | Other,ELECT_CONF3_PRVFR_W92,4,"0.176750,0.273756,0.398312,0.151182"
base,RACExPOLPARTY,RACExPOLPARTY :: Asian | Republican,ELECT_CONF3_PRVFR_W92,4,"0.218851,0.281011,0.349724,0.150414"
base,RACExPOLPARTY,RACExPOLPARTY :: Black | Democrat,ELECT_CONF3_PRVFR_W92,4,"0.196038,0.294289,0.366248,0.143425"
base,RACExPOLPARTY,RACExPOLPARTY :: Black | Independent,ELECT_CONF3_PRVFR_W92,4,"0.177417,0.292511,0.387514,0.142558"
base,RACExPOLPARTY,RACExPOLPARTY :: Black | Other,ELECT_CONF3_PRVFR_W92,4,"0.178214,0.284785,0.389256,0.147745"
base,RACExPOLPARTY,RACExPOLPARTY :: Black | Republican,ELECT_CONF3_PRVFR_W92,4,"0.204211,0.287984,0.358401,0.149404"
base,RACExPOLPARTY,RACExPOLPARTY :: Hispanic | Democrat,ELECT_CONF3_PRVFR_W92,4,"0.207452,0.292554,0.352888,0.147106"
base,RACExPOLPARTY,RACExPOLPARTY :: Hispanic | Independent,ELECT_CONF3_PRVFR_W92,4,"0.191122,0.286909,0.368398,0.153571"
base,RACExPOLPARTY,RACExPOLPARTY :: Hispanic | Other,ELECT_CONF3_PRVFR_W92,4,"0.188007,0.282232,0.373897,0.155863"
base,RACExPOLPARTY,RACExPOLPARTY :: Hispanic | Republican,ELECT_CONF3_PRVFR_W92,4,"0.219255,0.290465,0.339588,0.150691"
base,RACExPOLPARTY,RACExPOLPARTY :: Mixed Race | Democrat,ELECT_CONF3_PRVFR_W92,4,"0.172459,0.312282,0.376684,0.138574"
base,RACExPOLPARTY,RACExPOLPARTY :: Mixed Race | Independent,ELECT_CONF3_PRVFR_W92,4,"0.165326,0.308869,0.384394,0.141411"
base,RACExPOLPARTY,RACExPOLPARTY :: Mixed Race | Other,ELECT_CONF3_PRVFR_W92,4,"0.163395,0.295869,0.391963,0.148773"
base,RACExPOLPARTY,RACExPOLPARTY :: Mixed Race | Republican,ELECT_CONF3_PRVFR_W92,4,"0.193224,0.308771,0.360989,0.137016"
base,RACExPOLPARTY,RACExPOLPARTY :: Refused | Independent,ELECT_CONF3_PRVFR_W92,4,"0.187362,0.240578,0.372614,0.199446"
base,RACExPOLPARTY,RACExPOLPARTY :: White | Democrat,ELECT_CONF3_PRVFR_W92,4,"0.200880,0.301557,0.363747,0.133815"
base,RACExPOLPARTY,RACExPOLPARTY :: White | Independent,ELECT_CONF3_PRVFR_W92,4,"0.185823,0.296944,0.381283,0.135951"
base,RACExPOLPARTY,RACExPOLPARTY :: White | Other,ELECT_CONF3_PRVFR_W92,4,"0.179824,0.287358,0.392771,0.140047"
base,RACExPOLPARTY,RACExPOLPARTY :: White | Refused,ELECT_CONF3_PRVFR_W92,4,"0.173807,0.237565,0.391679,0.196949"
base,RACExPOLPARTY,RACExPOLPARTY :: White | Republican,ELECT_CONF3_PRVFR_W92,4,"0.224141,0.296938,0.347156,0.131765"
base,RACExPOLPARTY,RACExPOLPARTY :: Asian | Democrat,ELECT_IMPT3_PRVFR_W92,4,"0.318910,0.290371,0.290371,0.100349"
base,RACExPOLPARTY,RACExPOLPARTY :: Asian | Independent,ELECT_IMPT3_PRVFR_W92,4,"0.299488,0.281343,0.308994,0.110175"
base,RACExPOLPARTY,RACExPOLPARTY :: Asian | Other,ELECT_IMPT3_PRVFR_W92,4,"0.291344,0.291344,0.310134,0.107179"
base,RACExPOLPARTY,RACExPOLPARTY :: Asian | Republican,ELECT_IMPT3_PRVFR_W92,4,"0.338157,0.280342,0.271717,0.109784"
base,RACExPOLPARTY,RACExPOLPARTY :: Black | Democrat,ELECT_IMPT3_PRVFR_W92,4,"0.347709,0.316593,0.254390,0.081308"
base,RACExPOLPARTY,RACExPOLPARTY :: Black | Independent,ELECT_IMPT3_PRVFR_W92,4,"0.333803,0.313579,0.268219,0.084399"
base,RACExPOLPARTY,RACExPOLPARTY :: Black | Other,ELECT_IMPT3_PRVFR_W92,4,"0.324102,0.314131,0.277220,0.084547"
base,RACExPOLPARTY,RACExPOLPARTY :: Black | Republican,ELECT_IMPT3_PRVFR_W92,4,"0.367309,0.295141,0.244680,0.092870"
base,RACExPOLPARTY,RACExPOLPARTY :: Hispanic | Democrat,ELECT_IMPT3_PRVFR_W92,4,"0.327338,0.307506,0.271373,0.093784"
base,RACExPOLPARTY,RACExPOLPARTY :: Hispanic | Independent,ELECT_IMPT3_PRVFR_W92,4,"0.316785,0.307039,0.279562,0.096614"
base,RACExPOLPARTY,RACExPOLPARTY :: Hispanic | Other,ELECT_IMPT3_PRVFR_W92,4,"0.313999,0.304338,0.285899,0.095764"
base,RACExPOLPARTY,RACExPOLPARTY :: Hispanic | Republican,ELECT_IMPT3_PRVFR_W92,4,"0.351229,0.291179,0.256964,0.100629"
base,RACExPOLPARTY,RACExPOLPARTY :: Mixed Race | Democrat,ELECT_IMPT3_PRVFR_W92,4,"0.341930,0.321213,0.266295,0.070561"
base,RACExPOLPARTY,RACExPOLPARTY :: Mixed Race | Independent,ELECT_IMPT3_PRVFR_W92,4,"0.313744,0.323703,0.285667,0.076886"
base,RACExPOLPARTY,RACExPOLPARTY :: Mixed Race | Other,ELECT_IMPT3_PRVFR_W92,4,"0.306300,0.326055,0.287742,0.079903"
base,RACExPOLPARTY,RACExPOLPARTY :: Mixed Race | Republican,ELECT_IMPT3_PRVFR_W92,4,"0.360482,0.308337,0.255620,0.075561"
base,RACExPOLPARTY,RACExPOLPARTY :: Refused | Independent,ELECT_IMPT3_PRVFR_W92,4,"0.311030,0.257853,0.301461,0.129657"
base,RACExPOLPARTY,RACExPOLPARTY :: White | Democrat,ELECT_IMPT3_PRVFR_W92,4,"0.313657,0.313657,0.285588,0.087099"
base,RACExPOLPARTY,RACExPOLPARTY :: White | Independent,ELECT_IMPT3_PRVFR_W92,4,"0.296871,0.306294,0.306294,0.090540"
base,RACExPOLPARTY,RACExPOLPARTY :: White | Other,ELECT_IMPT3_PRVFR_W92,4,"0.285899,0.304338,0.313999,0.095764"
base,RACExPOLPARTY,RACExPOLPARTY :: White | Refused,ELECT_IMPT3_PRVFR_W92,4,"0.287699,0.246082,0.326006,0.140213"
base,RACExPOLPARTY,RACExPOLPARTY :: White | Republican,ELECT_IMPT3_PRVFR_W92,4,"0.336414,0.296885,0.270317,0.096384"
base,RACExPOLPARTY,RACExPOLPARTY :: Asian | Democrat,ELECT_IMPT3_PRVSUP_W92,4,"0.623713,0.229451,0.105050,0.041786"
base,RACExPOLPARTY,RACExPOLPARTY :: Asian | Independent,ELECT_IMPT3_PRVSUP_W92,4,"0.610025,0.231539,0.112843,0.045593"
base,RACExPOLPARTY,RACExPOLPARTY :: Asian | Other,ELECT_IMPT3_PRVSUP_W92,4,"0.592237,0.246881,0.116618,0.044263"
base,RACExPOLPARTY,RACExPOLPARTY :: Asian | Republican,ELECT_IMPT3_PRVSUP_W92,4,"0.582777,0.235463,0.130035,0.051724"
base,RACExPOLPARTY,RACExPOLPARTY :: Black | Democrat,ELECT_IMPT3_PRVSUP_W92,4,"0.680239,0.207461,0.079983,0.032316"
base,RACExPOLPARTY,RACExPOLPARTY :: Black | Independent,ELECT_IMPT3_PRVSUP_W92,4,"0.679383,0.207200,0.081141,0.032276"
base,RACExPOLPARTY,RACExPOLPARTY :: Black | Other,ELECT_IMPT3_PRVSUP_W92,4,"0.643311,0.229380,0.092678,0.034631"
base,RACExPOLPARTY,RACExPOLPARTY :: Black | Republican,ELECT_IMPT3_PRVSUP_W92,4,"0.637860,0.220439,0.100924,0.040777"
base,RACExPOLPARTY,RACExPOLPARTY :: Hispanic | Democrat,ELECT_IMPT3_PRVSUP_W92,4,"0.627708,0.230921,0.099318,0.042054"
base,RACExPOLPARTY,RACExPOLPARTY :: Hispanic | Independent,ELECT_IMPT3_PRVSUP_W92,4,"0.627708,0.230921,0.099318,0.042054"
base,RACExPOLPARTY,RACExPOLPARTY :: Hispanic | Other,ELECT_IMPT3_PRVSUP_W92,4,"0.597271,0.248979,0.110484,0.043266"
base,RACExPOLPARTY,RACExPOLPARTY :: Hispanic | Republican,ELECT_IMPT3_PRVSUP_W92,4,"0.595430,0.233174,0.120969,0.050427"
base,RACExPOLPARTY,RACExPOLPARTY :: Mixed Race | Democrat,ELECT_IMPT3_PRVSUP_W92,4,"0.729916,0.184552,0.062791,0.022741"
base,RACExPOLPARTY,RACExPOLPARTY :: Mixed Race | Independent,ELECT_IMPT3_PRVSUP_W92,4,"0.701430,0.200963,0.071656,0.025952"
base,RACExPOLPARTY,RACExPOLPARTY :: Mixed Race | Other,ELECT_IMPT3_PRVSUP_W92,4,"0.688752,0.210058,0.074898,0.026292"
base,RACExPOLPARTY,RACExPOLPARTY :: Mixed Race | Republican,ELECT_IMPT3_PRVSUP_W92,4,"0.693050,0.198562,0.080226,0.028162"
base,RACExPOLPARTY,RACExPOLPARTY :: Refused | Independent,ELECT_IMPT3_PRVSUP_W92,4,"0.530034,0.242667,0.156678,0.070620"
base,RACExPOLPARTY,RACExPOLPARTY :: White | Democrat,ELECT_IMPT3_PRVSUP_W92,4,"0.678688,0.206988,0.081058,0.033266"
base,RACExPOLPARTY,RACExPOLPARTY :: White | Independent,ELECT_IMPT3_PRVSUP_W92,4,"0.671836,0.211402,0.082786,0.033975"
base,RACExPOLPARTY,RACExPOLPARTY :: White | Other,ELECT_IMPT3_PRVSUP_W92,4,"0.637705,0.227381,0.097795,0.037119"
base,RACExPOLPARTY,RACExPOLPARTY :: White | Refused,ELECT_IMPT3_PRVSUP_W92,4,"0.533405,0.244211,0.157674,0.064709"
base,RACExPOLPARTY,RACExPOLPARTY :: White | Republican,ELECT_IMPT3_PRVSUP_W92,4,"0.654912,0.212619,0.094349,0.038120"
base,RACExPOLPARTY,RACExPOLPARTY :: Asian | Democrat,FAMSURV10b_W50,4,"0.332410,0.376670,0.228462,0.062458"
base,RACExPOLPARTY,RACExPOLPARTY :: Asian | Independent,FAMSURV10b_W50,4,"0.289658,0.383735,0.255623,0.070984"
base,RACExPOLPARTY,RACExPOLPARTY :: Asian | Republican,FAMSURV10b_W50,4,"0.352547,0.352547,0.227621,0.067285"
base,RACExPOLPARTY,RACExPOLPARTY :: Black | Democrat,FAMSURV10b_W50,4,"0.340982,0.386383,0.213381,0.059254"
base,RACExPOLPARTY,RACExPOLPARTY :: Black | Independent,FAMSURV10b_W50,4,"0.319004,0.384792,0.233388,0.062816"
base,RACExPOLPARTY,RACExPOLPARTY :: Black | Other,FAMSURV10b_W50,4,"0.298456,0.383225,0.247429,0.070890"
base,RACExPOLPARTY,RACExPOLPARTY :: Black | Republican,FAMSURV10b_W50,4,"0.358961,0.358961,0.217721,0.064358"
base,RACExPOLPARTY,RACExPOLPARTY :: Hispanic | Democrat,FAMSURV10b_W50,4,"0.346045,0.380056,0.209887,0.064012"
base,RACExPOLPARTY,RACExPOLPARTY :: Hispanic | Independent,FAMSURV10b_W50,4,"0.322255,0.388714,0.221483,0.067548"
base,RACExPOLPARTY,RACExPOLPARTY :: Hispanic | Other,FAMSURV10b_W50,4,"0.303665,0.377917,0.244002,0.074416"
base,RACExPOLPARTY,RACExPOLPARTY :: Hispanic | Republican,FAMSURV10b_W50,4,"0.367876,0.356558,0.209610,0.065957"
base,RACExPOLPARTY,RACExPOLPARTY :: Mixed Race | Democrat,FAMSURV10b_W50,4,"0.327063,0.382375,0.231922,0.058639"
base,RACExPOLPARTY,RACExPOLPARTY :: Mixed Race | Independent,FAMSURV10b_W50,4,"0.296126,0.392303,0.245497,0.066075"
base,RACExPOLPARTY,RACExPOLPARTY :: Mixed Race | Other,FAMSURV10b_W50,4,"0.292599,0.387630,0.250273,0.069498"
base,RACExPOLPARTY,RACExPOLPARTY :: Mixed Race | Republican,FAMSURV10b_W50,4,"0.350056,0.361168,0.226013,0.062762"
base,RACExPOLPARTY,RACExPOLPARTY :: Refused | Democrat,FAMSURV10b_W50,4,"0.317894,0.338396,0.255435,0.088276"
base,RACExPOLPARTY,RACExPOLPARTY :: Refused | Independent,FAMSURV10b_W50,4,"0.292861,0.342389,0.266653,0.098096"
base,RACExPOLPARTY,RACExPOLPARTY :: White | Democrat,FAMSURV10b_W50,4,"0.346709,0.392873,0.203820,0.056599"
base,RACExPOLPARTY,RACExPOLPARTY :: White | Independent,FAMSURV10b_W50,4,"0.313475,0.402510,0.222287,0.061727"
base,RACExPOLPARTY,RACExPOLPARTY :: White | Other,FAMSURV10b_W50,4,"0.294215,0.389772,0.243913,0.072101"
base,RACExPOLPARTY,RACExPOLPARTY :: White | Refused,FAMSURV10b_W50,4,"0.278879,0.336392,0.278879,0.105850"
base,RACExPOLPARTY,RACExPOLPARTY :: White | Republican,FAMSURV10b_W50,4,"0.382913,0.359713,0.198652,0.058722"
base,RACExPOLPARTY,RACExPOLPARTY :: Asian | Democrat,FAMSURV35c_W50,2,"0.718594,0.281406"
base,RACExPOLPARTY,RACExPOLPARTY :: Asian | Independent,FAMSURV35c_W50,2,"0.712232,0.287768"
base,RACExPOLPARTY,RACExPOLPARTY :: Asian | Republican,FAMSURV35c_W50,2,"0.718594,0.281406"
base,RACExPOLPARTY,RACExPOLPARTY :: Black | Democrat,FAMSURV35c_W50,2,"0.749087,0.250913"
base,RACExPOLPARTY,RACExPOLPARTY :: Black | Independent,FAMSURV35c_W50,2,"0.743168,0.256832"
base,RACExPOLPARTY,RACExPOLPARTY :: Black | Other,FAMSURV35c_W50,2,"0.712232,0.287768"
base,RACExPOLPARTY,RACExPOLPARTY :: Black | Republican,FAMSURV35c_W50,2,"0.749087,0.250913"
base,RACExPOLPARTY,RACExPOLPARTY :: Hispanic | Democrat,FAMSURV35c_W50,2,"0.749087,0.250913"
base,RACExPOLPARTY,RACExPOLPARTY :: Hispanic | Independent,FAMSURV35c_W50,2,"0.731059,0.268941"
base,RACExPOLPARTY,RACExPOLPARTY :: Hispanic | Other,FAMSURV35c_W50,2,"0.712232,0.287768"
base,RACExPOLPARTY,RACExPOLPARTY :: Hispanic | Republican,FAMSURV35c_W50,2,"0.754915,0.245085"
base,RACExPOLPARTY,RACExPOLPARTY :: Mixed Race | Democrat,FAMSURV35c_W50,2,"0.777300,0.222700"
base,RACExPOLPARTY,RACExPOLPARTY :: Mixed Race | Independent,FAMSURV35c_W50,2,"0.766294,0.233706"
base,RACExPOLPARTY,RACExPOLPARTY :: Mixed Race | Other,FAMSURV35c_W50,2,"0.760651,0.239349"
base,RACExPOLPARTY,RACExPOLPARTY :: Mixed Race | Republican,FAMSURV35c_W50,2,"0.771843,0.228156"
base,RACExPOLPARTY,RACExPOLPARTY :: Refused | Democrat,FAMSURV35c_W50,2,"0.737158,0.262842"
base,RACExPOLPARTY,RACExPOLPARTY :: Refused | Independent,FAMSURV35c_W50,2,"0.718594,0.281406"
base,RACExPOLPARTY,RACExPOLPARTY :: White | Democrat,FAMSURV35c_W50,2,"0.724870,0.275130"
base,RACExPOLPARTY,RACExPOLPARTY :: White | Independent,FAMSURV35c_W50,2,"0.705785,0.294215"
base,RACExPOLPARTY,RACExPOLPARTY :: White | Other,FAMSURV35c_W50,2,"0.679179,0.320821"
base,RACExPOLPARTY,RACExPOLPARTY :: White | Refused,FAMSURV35c_W50,2,"0.651355,0.348645"
base,RACExPOLPARTY,RACExPOLPARTY :: White | Republican,FAMSURV35c_W50,2,"0.731059,0.268941"
base,RACExPOLPARTY,RACExPOLPARTY :: Asian | Democrat,FAMSURV36a_W50,2,"0.615088,0.384912"
base,RACExPOLPARTY,RACExPOLPARTY :: Asian | Independent,FAMSURV36a_W50,2,"0.592667,0.407333"
base,RACExPOLPARTY,RACExPOLPARTY :: Asian | Republican,FAMSURV36a_W50,2,"0.600188,0.399812"
base,RACExPOLPARTY,RACExPOLPARTY :: Black | Democrat,FAMSURV36a_W50,2,"0.658418,0.341583"
base,RACExPOLPARTY,RACExPOLPARTY :: Black | Independent,FAMSURV36a_W50,2,"0.629775,0.370225"
base,RACExPOLPARTY,RACExPOLPARTY :: Black | Other,FAMSURV36a_W50,2,"0.600188,0.399812"
base,RACExPOLPARTY,RACExPOLPARTY :: Black | Republican,FAMSURV36a_W50,2,"0.651355,0.348645"
base,RACExPOLPARTY,RACExPOLPARTY :: Hispanic | Democrat,FAMSURV36a_W50,2,"0.665411,0.334589"
base,RACExPOLPARTY,RACExPOLPARTY :: Hispanic | Independent,FAMSURV36a_W50,2,"0.629775,0.370225"
base,RACExPOLPARTY,RACExPOLPARTY :: Hispanic | Other,FAMSURV36a_W50,2,"0.600188,0.399812"
base,RACExPOLPARTY,RACExPOLPARTY :: Hispanic | Republican,FAMSURV36a_W50,2,"0.658418,0.341583"
base,RACExPOLPARTY,RACExPOLPARTY :: Mixed Race | Democrat,FAMSURV36a_W50,2,"0.685949,0.314051"
base,RACExPOLPARTY,RACExPOLPARTY :: Mixed Race | Independent,FAMSURV36a_W50,2,"0.665411,0.334589"
base,RACExPOLPARTY,RACExPOLPARTY :: Mixed Race | Other,FAMSURV36a_W50,2,"0.651355,0.348645"
base,RACExPOLPARTY,RACExPOLPARTY :: Mixed Race | Republican,FAMSURV36a_W50,2,"0.672332,0.327668"
base,RACExPOLPARTY,RACExPOLPARTY :: Refused | Democrat,FAMSURV36a_W50,2,"0.644225,0.355775"
base,RACExPOLPARTY,RACExPOLPARTY :: Refused | Independent,FAMSURV36a_W50,2,"0.615088,0.384912"
base,RACExPOLPARTY,RACExPOLPARTY :: White | Democrat,FAMSURV36a_W50,2,"0.600188,0.399812"
base,RACExPOLPARTY,RACExPOLPARTY :: White | Independent,FAMSURV36a_W50,2,"0.562177,0.437824"
base,RACExPOLPARTY,RACExPOLPARTY :: White | Other,FAMSURV36a_W50,2,"0.538983,0.461017"
base,RACExPOLPARTY,RACExPOLPARTY :: White | Refused,FAMSURV36a_W50,2,"0.538983,0.461017"
base,RACExPOLPARTY,RACExPOLPARTY :: White | Republican,FAMSURV36a_W50,2,"0.600188,0.399812"
base,RACExPOLPARTY,RACExPOLPARTY :: Asian | Democrat,FAMSURV36b_W50,2,"0.622459,0.377541"
base,RACExPOLPARTY,RACExPOLPARTY :: Asian | Independent,FAMSURV36b_W50,2,"0.600188,0.399812"
base,RACExPOLPARTY,RACExPOLPARTY :: Asian | Republican,FAMSURV36b_W50,2,"0.615088,0.384912"
base,RACExPOLPARTY,RACExPOLPARTY :: Black | Democrat,FAMSURV36b_W50,2,"0.665411,0.334589"
base,RACExPOLPARTY,RACExPOLPARTY :: Black | Independent,FAMSURV36b_W50,2,"0.644225,0.355775"
base,RACExPOLPARTY,RACExPOLPARTY :: Black | Other,FAMSURV36b_W50,2,"0.607663,0.392337"
base,RACExPOLPARTY,RACExPOLPARTY :: Black | Republican,FAMSURV36b_W50,2,"0.658418,0.341583"
base,RACExPOLPARTY,RACExPOLPARTY :: Hispanic | Democrat,FAMSURV36b_W50,2,"0.672332,0.327668"
base,RACExPOLPARTY,RACExPOLPARTY :: Hispanic | Independent,FAMSURV36b_W50,2,"0.644225,0.355775"
base,RACExPOLPARTY,RACExPOLPARTY :: Hispanic | Other,FAMSURV36b_W50,2,"0.607663,0.392337"
base,RACExPOLPARTY,RACExPOLPARTY :: Hispanic | Republican,FAMSURV36b_W50,2,"0.665411,0.334589"
base,RACExPOLPARTY,RACExPOLPARTY :: Mixed Race | Democrat,FAMSURV36b_W50,2,"0.692642,0.307358"
base,RACExPOLPARTY,RACExPOLPARTY :: Mixed Race | Independent,FAMSURV36b_W50,2,"0.672332,0.327668"
base,RACExPOLPARTY,RACExPOLPARTY :: Mixed Race | Other,FAMSURV36b_W50,2,"0.658418,0.341583"
base,RACExPOLPARTY,RACExPOLPARTY :: Mixed Race | Republican,FAMSURV36b_W50,2,"0.679179,0.320821"
base,RACExPOLPARTY,RACExPOLPARTY :: Refused | Democrat,FAMSURV36b_W50,2,"0.644225,0.355775"
base,RACExPOLPARTY,RACExPOLPARTY :: Refused | Independent,FAMSURV36b_W50,2,"0.607663,0.392337"
base,RACExPOLPARTY,RACExPOLPARTY :: White | Democrat,FAMSURV36b_W50,2,"0.615088,0.384912"
base,RACExPOLPARTY,RACExPOLPARTY :: White | Independent,FAMSURV36b_W50,2,"0.577495,0.422505"
base,RACExPOLPARTY,RACExPOLPARTY :: White | Other,FAMSURV36b_W50,2,"0.546738,0.453262"
base,RACExPOLPARTY,RACExPOLPARTY :: White | Refused,FAMSURV36b_W50,2,"0.531209,0.468791"
base,RACExPOLPARTY,RACExPOLPARTY :: White | Republican,FAMSURV36b_W50,2,"0.615088,0.384912"
base,RACExPOLPARTY,RACExPOLPARTY :: Asian | Democrat,FAMSURV5d_W50,3,"0.548455,0.243375,0.208170"
base,RACExPOLPARTY,RACExPOLPARTY :: Asian | Independent,FAMSURV5d_W50,3,"0.517837,0.229789,0.252374"
base,RACExPOLPARTY,RACExPOLPARTY :: Asian | Republican,FAMSURV5d_W50,3,"0.531240,0.267124,0.201636"
base,RACExPOLPARTY,RACExPOLPARTY :: Black | Democrat,FAMSURV5d_W50,3,"0.557929,0.271913,0.170159"
base,RACExPOLPARTY,RACExPOLPARTY :: Black | Independent,FAMSURV5d_W50,3,"0.543406,0.256687,0.199908"
base,RACExPOLPARTY,RACExPOLPARTY :: Black | Other,FAMSURV5d_W50,3,"0.528710,0.257672,0.213618"
base,RACExPOLPARTY,RACExPOLPARTY :: Black | Republican,FAMSURV5d_W50,3,"0.551149,0.285932,0.162919"
base,RACExPOLPARTY,RACExPOLPARTY :: Hispanic | Democrat,FAMSURV5d_W50,3,"0.550068,0.259834,0.190098"
base,RACExPOLPARTY,RACExPOLPARTY :: Hispanic | Independent,FAMSURV5d_W50,3,"0.537094,0.245900,0.217006"
base,RACExPOLPARTY,RACExPOLPARTY :: Hispanic | Other,FAMSURV5d_W50,3,"0.525635,0.248292,0.226073"
base,RACExPOLPARTY,RACExPOLPARTY :: Hispanic | Republican,FAMSURV5d_W50,3,"0.541002,0.272033,0.186965"
base,RACExPOLPARTY,RACExPOLPARTY :: Mixed Race | Democrat,FAMSURV5d_W50,3,"0.564361,0.228022,0.207617"
base,RACExPOLPARTY,RACExPOLPARTY :: Mixed Race | Independent,FAMSURV5d_W50,3,"0.540704,0.211743,0.247553"
base,RACExPOLPARTY,RACExPOLPARTY :: Mixed Race | Other,FAMSURV5d_W50,3,"0.540704,0.211743,0.247553"
base,RACExPOLPARTY,RACExPOLPARTY :: Mixed Race | Republican,FAMSURV5d_W50,3,"0.554501,0.253869,0.191630"
base,RACExPOLPARTY,RACExPOLPARTY :: Refused | Democrat,FAMSURV5d_W50,3,"0.513722,0.258316,0.227963"
base,RACExPOLPARTY,RACExPOLPARTY :: Refused | Independent,FAMSURV5d_W50,3,"0.493920,0.233311,0.272769"
base,RACExPOLPARTY,RACExPOLPARTY :: White | Democrat,FAMSURV5d_W50,3,"0.567274,0.259717,0.173009"
base,RACExPOLPARTY,RACExPOLPARTY :: White | Independent,FAMSURV5d_W50,3,"0.544250,0.249176,0.206574"
base,RACExPOLPARTY,RACExPOLPARTY :: White | Other,FAMSURV5d_W50,3,"0.533420,0.244217,0.222363"
base,RACExPOLPARTY,RACExPOLPARTY :: White | Refused,FAMSURV5d_W50,3,"0.498466,0.242933,0.258601"
base,RACExPOLPARTY,RACExPOLPARTY :: White | Republican,FAMSURV5d_W50,3,"0.548313,0.284461,0.167226"
base,RACExPOLPARTY,RACExPOLPARTY :: Asian | Democrat,FEELC_W32,4,"0.181448,0.449089,0.281032,0.088431"
base,RACExPOLPARTY,RACExPOLPARTY :: Asian | Independent,FEELC_W32,4,"0.165477,0.449814,0.290422,0.094286"
base,RACExPOLPARTY,RACExPOLPARTY :: Black | Democrat,FEELC_W32,4,"0.153829,0.473827,0.287391,0.084953"
base,RACExPOLPARTY,RACExPOLPARTY :: Black | Independent,FEELC_W32,4,"0.138253,0.482550,0.292681,0.086516"
base,RACExPOLPARTY,RACExPOLPARTY :: Black | Other,FEELC_W32,4,"0.150736,0.479039,0.281612,0.088613"
base,RACExPOLPARTY,RACExPOLPARTY :: Hispanic | Democrat,FEELC_W32,4,"0.178898,0.456832,0.277082,0.087188"
base,RACExPOLPARTY,RACExPOLPARTY :: Hispanic | Independent,FEELC_W32,4,"0.158926,0.459868,0.287778,0.093428"
base,RACExPOLPARTY,RACExPOLPARTY :: Hispanic | Other,FEELC_W32,4,"0.166969,0.453870,0.284024,0.095136"
base,RACExPOLPARTY,RACExPOLPARTY :: Hispanic | Republican,FEELC_W32,4,"0.185436,0.431152,0.287209,0.096203"
base,RACExPOLPARTY,RACExPOLPARTY :: Mixed Race | Democrat,FEELC_W32,4,"0.155511,0.509900,0.256394,0.078196"
base,RACExPOLPARTY,RACExPOLPARTY :: Mixed Race | Independent,FEELC_W32,4,"0.151833,0.497841,0.266475,0.083850"
base,RACExPOLPARTY,RACExPOLPARTY :: Other | Independent,FEELC_W32,4,"0.147639,0.469197,0.293616,0.089548"
base,RACExPOLPARTY,RACExPOLPARTY :: Other | Republican,FEELC_W32,4,"0.164439,0.446990,0.297760,0.090812"
base,RACExPOLPARTY,RACExPOLPARTY :: White | Democrat,FEELC_W32,4,"0.170215,0.477379,0.272002,0.080404"
base,RACExPOLPARTY,RACExPOLPARTY :: White | Independent,FEELC_W32,4,"0.161153,0.481113,0.274130,0.083605"
base,RACExPOLPARTY,RACExPOLPARTY :: White | Other,FEELC_W32,4,"0.164539,0.476110,0.271279,0.088072"
base,RACExPOLPARTY,RACExPOLPARTY :: White | Refused,FEELC_W32,4,"0.144784,0.418947,0.316238,0.120030"
base,RACExPOLPARTY,RACExPOLPARTY :: White | Republican,FEELC_W32,4,"0.193596,0.450125,0.273014,0.083265"
base,RACExPOLPARTY,RACExPOLPARTY :: Asian | Democrat,GOVSIZE2_W92,2,"0.320821,0.679179"
base,RACExPOLPARTY,RACExPOLPARTY :: Asian | Independent,GOVSIZE2_W92,2,"0.334589,0.665411"
base,RACExPOLPARTY,RACExPOLPARTY :: Asian | Other,GOVSIZE2_W92,2,"0.334589,0.665411"
base,RACExPOLPARTY,RACExPOLPARTY :: Asian | Republican,GOVSIZE2_W92,2,"0.341583,0.658418"
base,RACExPOLPARTY,RACExPOLPARTY :: Black | Democrat,GOVSIZE2_W92,2,"0.320821,0.679179"
base,RACExPOLPARTY,RACExPOLPARTY :: Black | Independent,GOVSIZE2_W92,2,"0.314051,0.685949"
base,RACExPOLPARTY,RACExPOLPARTY :: Black | Other,GOVSIZE2_W92,2,"0.320821,0.679179"
base,RACExPOLPARTY,RACExPOLPARTY :: Black | Republican,GOVSIZE2_W92,2,"0.341583,0.658418"
base,RACExPOLPARTY,RACExPOLPARTY :: Hispanic | Democrat,GOVSIZE2_W92,2,"0.334589,0.665411"
base,RACExPOLPARTY,RACExPOLPARTY :: Hispanic | Independent,GOVSIZE2_W92,2,"0.334589,0.665411"
base,RACExPOLPARTY,RACExPOLPARTY :: Hispanic | Other,GOVSIZE2_W92,2,"0.348645,0.651355"
base,RACExPOLPARTY,RACExPOLPARTY :: Hispanic | Republican,GOVSIZE2_W92,2,"0.341583,0.658418"
base,RACExPOLPARTY,RACExPOLPARTY :: Mixed Race | Democrat,GOVSIZE2_W92,2,"0.341583,0.658418"
base,RACExPOLPARTY,RACExPOLPARTY :: Mixed Race | Independent,GOVSIZE2_W92,2,"0.348645,0.651355"
base,RACExPOLPARTY,RACExPOLPARTY :: Mixed Race | Other,GOVSIZE2_W92,2,"0.355775,0.644225"
base,RACExPOLPARTY,RACExPOLPARTY :: Mixed Race | Republican,GOVSIZE2_W92,2,"0.355775,0.644225"
base,RACExPOLPARTY,RACExPOLPARTY :: Refused | Independent,GOVSIZE2_W92,2,"0.384912,0.615088"
base,RACExPOLPARTY,RACExPOLPARTY :: White | Democrat,GOVSIZE2_W92,2,"0.334589,0.665411"
base,RACExPOLPARTY,RACExPOLPARTY :: White | Independent,GOVSIZE2_W92,2,"0.327668,0.672332"
base,RACExPOLPARTY,RACExPOLPARTY :: White | Other,GOVSIZE2_W92,2,"0.334589,0.665411"
base,RACExPOLPARTY,RACExPOLPARTY :: White | Refused,GOVSIZE2_W92,2,"0.370225,0.629775"
base,RACExPOLPARTY,RACExPOLPARTY :: White | Republican,GOVSIZE2_W92,2,"0.341583,0.658418"
base,RACExPOLPARTY,RACExPOLPARTY :: Asian | Democrat,GROWUPNEAR_W32,2,"0.484380,0.515620"
base,RACExPOLPARTY,RACExPOLPARTY :: Asian | Independent,GROWUPNEAR_W32,2,"0.492188,0.507812"
base,RACExPOLPARTY,RACExPOLPARTY :: Black | Democrat,GROWUPNEAR_W32,2,"0.492188,0.507812"
base,RACExPOLPARTY,RACExPOLPARTY :: Black | Independent,GROWUPNEAR_W32,2,"0.507812,0.492188"
base,RACExPOLPARTY,RACExPOLPARTY :: Black | Other,GROWUPNEAR_W32,2,"0.484380,0.515620"
base,RACExPOLPARTY,RACExPOLPARTY :: Hispanic | Democrat,GROWUPNEAR_W32,2,"0.500000,0.500000"
base,RACExPOLPARTY,RACExPOLPARTY :: Hispanic | Independent,GROWUPNEAR_W32,2,"0.507812,0.492188"
base,RACExPOLPARTY,RACExPOLPARTY :: Hispanic | Other,GROWUPNEAR_W32,2,"0.500000,0.500000"
base,RACExPOLPARTY,RACExPOLPARTY :: Hispanic | Republican,GROWUPNEAR_W32,2,"0.492188,0.507812"
base,RACExPOLPARTY,RACExPOLPARTY :: Mixed Race | Democrat,GROWUPNEAR_W32,2,"0.523420,0.476580"
base,RACExPOLPARTY,RACExPOLPARTY :: Mixed Race | Independent,GROWUPNEAR_W32,2,"0.531209,0.468791"
base,RACExPOLPARTY,RACExPOLPARTY :: Other | Independent,GROWUPNEAR_W32,2,"0.492188,0.507812"
base,RACExPOLPARTY,RACExPOLPARTY :: Other | Republican,GROWUPNEAR_W32,2,"0.484380,0.515620"
base,RACExPOLPARTY,RACExPOLPARTY :: White | Democrat,GROWUPNEAR_W32,2,"0.523420,0.476580"
base,RACExPOLPARTY,RACExPOLPARTY :: White | Independent,GROWUPNEAR_W32,2,"0.531209,0.468791"
base,RACExPOLPARTY,RACExPOLPARTY :: White | Other,GROWUPNEAR_W32,2,"0.507812,0.492188"
base,RACExPOLPARTY,RACExPOLPARTY :: White | Refused,GROWUPNEAR_W32,2,"0.430147,0.569853"
base,RACExPOLPARTY,RACExPOLPARTY :: White | Republican,GROWUPNEAR_W32,2,"0.531209,0.468791"
base,RACExPOLPARTY,RACExPOLPARTY :: Asian | Democrat,HARASS4_W32,2,"0.262842,0.737158"
base,RACExPOLPARTY,RACExPOLPARTY :: Asian | Independent,HARASS4_W32,2,"0.239349,0.760651"
base,RACExPOLPARTY,RACExPOLPARTY :: Black | Democrat,HARASS4_W32,2,"0.355775,0.644225"
base,RACExPOLPARTY,RACExPOLPARTY :: Black | Independent,HARASS4_W32,2,"0.320821,0.679179"
base,RACExPOLPARTY,RACExPOLPARTY :: Black | Other,HARASS4_W32,2,"0.341583,0.658418"
base,RACExPOLPARTY,RACExPOLPARTY :: Hispanic | Democrat,HARASS4_W32,2,"0.362969,0.637031"
base,RACExPOLPARTY,RACExPOLPARTY :: Hispanic | Independent,HARASS4_W32,2,"0.327668,0.672332"
base,RACExPOLPARTY,RACExPOLPARTY :: Hispanic | Other,HARASS4_W32,2,"0.348645,0.651355"
base,RACExPOLPARTY,RACExPOLPARTY :: Hispanic | Republican,HARASS4_W32,2,"0.355775,0.644225"
base,RACExPOLPARTY,RACExPOLPARTY :: Mixed Race | Democrat,HARASS4_W32,2,"0.362969,0.637031"
base,RACExPOLPARTY,RACExPOLPARTY :: Mixed Race | Independent,HARASS4_W32,2,"0.355775,0.644225"
base,RACExPOLPARTY,RACExPOLPARTY :: Other | Independent,HARASS4_W32,2,"0.294215,0.705785"
base,RACExPOLPARTY,RACExPOLPARTY :: Other | Republican,HARASS4_W32,2,"0.307358,0.692642"
base,RACExPOLPARTY,RACExPOLPARTY :: White | Democrat,HARASS4_W32,2,"0.206894,0.793106"
base,RACExPOLPARTY,RACExPOLPARTY :: White | Independent,HARASS4_W32,2,"0.177811,0.822189"
base,RACExPOLPARTY,RACExPOLPARTY :: White | Other,HARASS4_W32,2,"0.206894,0.793106"
base,RACExPOLPARTY,RACExPOLPARTY :: White | Refused,HARASS4_W32,2,"0.222700,0.777300"
base,RACExPOLPARTY,RACExPOLPARTY :: White | Republican,HARASS4_W32,2,"0.191933,0.808067"
base,RACExPOLPARTY,RACExPOLPARTY :: Asian | Democrat,INEQ3_W54,3,"0.373744,0.479896,0.146360"
base,RACExPOLPARTY,RACExPOLPARTY :: Asian | Independent,INEQ3_W54,3,"0.388484,0.468601,0.142915"
base,RACExPOLPARTY,RACExPOLPARTY :: Asian | Republican,INEQ3_W54,3,"0.420639,0.433992,0.145369"
base,RACExPOLPARTY,RACExPOLPARTY :: Black | Democrat,INEQ3_W54,3,"0.330241,0.527724,0.142035"
base,RACExPOLPARTY,RACExPOLPARTY :: Black | Independent,INEQ3_W54,3,"0.356909,0.503323,0.139768"
base,RACExPOLPARTY,RACExPOLPARTY :: Black | Other,INEQ3_W54,3,"0.348207,0.506638,0.145154"
base,RACExPOLPARTY,RACExPOLPARTY :: Hispanic | Democrat,INEQ3_W54,3,"0.358451,0.505497,0.136053"
base,RACExPOLPARTY,RACExPOLPARTY :: Hispanic | Independent,INEQ3_W54,3,"0.378704,0.486265,0.135031"
base,RACExPOLPARTY,RACExPOLPARTY :: Hispanic | Other,INEQ3_W54,3,"0.369776,0.489873,0.140351"
base,RACExPOLPARTY,RACExPOLPARTY :: Hispanic | Republican,INEQ3_W54,3,"0.390200,0.470671,0.139130"
base,RACExPOLPARTY,RACExPOLPARTY :: Mixed Race | Democrat,INEQ3_W54,3,"0.335692,0.519929,0.144379"
base,RACExPOLPARTY,RACExPOLPARTY :: Mixed Race | Independent,INEQ3_W54,3,"0.346610,0.504315,0.149075"
base,RACExPOLPARTY,RACExPOLPARTY :: Mixed Race | Other,INEQ3_W54,3,"0.344978,0.501939,0.153083"
base,RACExPOLPARTY,RACExPOLPARTY :: Refused | Independent,INEQ3_W54,3,"0.379316,0.457542,0.163142"
base,RACExPOLPARTY,RACExPOLPARTY :: White | Democrat,INEQ3_W54,3,"0.367188,0.501887,0.130925"
base,RACExPOLPARTY,RACExPOLPARTY :: White | Independent,INEQ3_W54,3,"0.395119,0.476605,0.128276"
base,RACExPOLPARTY,RACExPOLPARTY :: White | Other,INEQ3_W54,3,"0.384456,0.478463,0.137082"
base,RACExPOLPARTY,RACExPOLPARTY :: White | Refused,INEQ3_W54,3,"0.411121,0.437636,0.151243"
base,RACExPOLPARTY,RACExPOLPARTY :: White | Republican,INEQ3_W54,3,"0.425351,0.452784,0.121865"
base,RACExPOLPARTY,RACExPOLPARTY :: Asian | Democrat,INEQ5_l_W54,4,"0.225860,0.240427,0.408980,0.124732"
base,RACExPOLPARTY,RACExPOLPARTY :: Asian | Independent,INEQ5_l_W54,4,"0.208516,0.229010,0.427847,0.134628"
base,RACExPOLPARTY,RACExPOLPARTY :: Asian | Republican,INEQ5_l_W54,4,"0.270669,0.231515,0.369961,0.127855"
base,RACExPOLPARTY,RACExPOLPARTY :: Black | Democrat,INEQ5_l_W54,4,"0.235965,0.251183,0.401390,0.111462"
base,RACExPOLPARTY,RACExPOLPARTY :: Black | Independent,INEQ5_l_W54,4,"0.216781,0.245645,0.417856,0.119718"
base,RACExPOLPARTY,RACExPOLPARTY :: Black | Other,INEQ5_l_W54,4,"0.208181,0.243389,0.414018,0.134412"
base,RACExPOLPARTY,RACExPOLPARTY :: Hispanic | Democrat,INEQ5_l_W54,4,"0.239161,0.254586,0.382178,0.124075"
base,RACExPOLPARTY,RACExPOLPARTY :: Hispanic | Independent,INEQ5_l_W54,4,"0.217755,0.239157,0.406820,0.136268"
base,RACExPOLPARTY,RACExPOLPARTY :: Hispanic | Other,INEQ5_l_W54,4,"0.212850,0.233770,0.397656,0.155724"
base,RACExPOLPARTY,RACExPOLPARTY :: Hispanic | Republican,INEQ5_l_W54,4,"0.301326,0.242122,0.330941,0.125611"
base,RACExPOLPARTY,RACExPOLPARTY :: Mixed Race | Democrat,INEQ5_l_W54,4,"0.212145,0.255896,0.421900,0.110059"
base,RACExPOLPARTY,RACExPOLPARTY :: Mixed Race | Independent,INEQ5_l_W54,4,"0.207130,0.249847,0.425004,0.118019"
base,RACExPOLPARTY,RACExPOLPARTY :: Mixed Race | Other,INEQ5_l_W54,4,"0.205566,0.247959,0.421793,0.124682"
base,RACExPOLPARTY,RACExPOLPARTY :: Refused | Independent,INEQ5_l_W54,4,"0.208057,0.195451,0.401040,0.195451"
base,RACExPOLPARTY,RACExPOLPARTY :: White | Democrat,INEQ5_l_W54,4,"0.197069,0.245256,0.430438,0.127237"
base,RACExPOLPARTY,RACExPOLPARTY :: White | Independent,INEQ5_l_W54,4,"0.186046,0.231538,0.446301,0.136114"
base,RACExPOLPARTY,RACExPOLPARTY :: White | Other,INEQ5_l_W54,4,"0.182734,0.227417,0.438357,0.151492"
base,RACExPOLPARTY,RACExPOLPARTY :: White | Refused,INEQ5_l_W54,4,"0.189158,0.183338,0.413159,0.214344"
base,RACExPOLPARTY,RACExPOLPARTY :: White | Republican,INEQ5_l_W54,4,"0.249561,0.234441,0.386528,0.129471"
base,RACExPOLPARTY,RACExPOLPARTY :: Asian | Democrat,INEQ8_a_W54,4,"0.319270,0.329404,0.273086,0.078240"
base,RACExPOLPARTY,RACExPOLPARTY :: Asian | Independent,INEQ8_a_W54,4,"0.258167,0.301828,0.342016,0.097989"
base,RACExPOLPARTY,RACExPOLPARTY :: Asian | Republican,INEQ8_a_W54,4,"0.221222,0.284055,0.376311,0.118412"
base,RACExPOLPARTY,RACExPOLPARTY :: Black | Democrat,INEQ8_a_W54,4,"0.334477,0.345094,0.252476,0.067953"
base,RACExPOLPARTY,RACExPOLPARTY :: Black | Independent,INEQ8_a_W54,4,"0.284257,0.322106,0.312196,0.081441"
base,RACExPOLPARTY,RACExPOLPARTY :: Black | Other,INEQ8_a_W54,4,"0.294012,0.303345,0.312974,0.089669"
base,RACExPOLPARTY,RACExPOLPARTY :: Hispanic | Democrat,INEQ8_a_W54,4,"0.315191,0.335519,0.269597,0.079693"
base,RACExPOLPARTY,RACExPOLPARTY :: Hispanic | Independent,INEQ8_a_W54,4,"0.264444,0.309166,0.329106,0.097284"
base,RACExPOLPARTY,RACExPOLPARTY :: Hispanic | Other,INEQ8_a_W54,4,"0.280211,0.289106,0.327600,0.103084"
base,RACExPOLPARTY,RACExPOLPARTY :: Hispanic | Republican,INEQ8_a_W54,4,"0.234427,0.291749,0.363088,0.110736"
base,RACExPOLPARTY,RACExPOLPARTY :: Mixed Race | Democrat,INEQ8_a_W54,4,"0.318783,0.350115,0.264281,0.066821"
base,RACExPOLPARTY,RACExPOLPARTY :: Mixed Race | Independent,INEQ8_a_W54,4,"0.271715,0.327750,0.317667,0.082868"
base,RACExPOLPARTY,RACExPOLPARTY :: Mixed Race | Other,INEQ8_a_W54,4,"0.279255,0.316437,0.316437,0.087871"
base,RACExPOLPARTY,RACExPOLPARTY :: Refused | Independent,INEQ8_a_W54,4,"0.217005,0.238334,0.380856,0.163804"
base,RACExPOLPARTY,RACExPOLPARTY :: White | Democrat,INEQ8_a_W54,4,"0.298043,0.337727,0.288873,0.075357"
base,RACExPOLPARTY,RACExPOLPARTY :: White | Independent,INEQ8_a_W54,4,"0.248594,0.309380,0.350574,0.091453"
base,RACExPOLPARTY,RACExPOLPARTY :: White | Other,INEQ8_a_W54,4,"0.263786,0.289712,0.349460,0.097041"
base,RACExPOLPARTY,RACExPOLPARTY :: White | Refused,INEQ8_a_W54,4,"0.169818,0.211342,0.420303,0.198537"
base,RACExPOLPARTY,RACExPOLPARTY :: White | Republican,INEQ8_a_W54,4,"0.202666,0.285805,0.403050,0.108479"
base,RACExPOLPARTY,RACExPOLPARTY :: Asian | Democrat,INEQ8_f_W54,4,"0.406814,0.316827,0.217752,0.058607"
base,RACExPOLPARTY,RACExPOLPARTY :: Asian | Independent,INEQ8_f_W54,4,"0.359611,0.298128,0.271449,0.070812"
base,RACExPOLPARTY,RACExPOLPARTY :: Asian | Republican,INEQ8_f_W54,4,"0.318410,0.289915,0.308613,0.083062"
base,RACExPOLPARTY,RACExPOLPARTY :: Black | Democrat,INEQ8_f_W54,4,"0.433110,0.316870,0.198292,0.051728"
base,RACExPOLPARTY,RACExPOLPARTY :: Black | Independent,INEQ8_f_W54,4,"0.383525,0.308171,0.247622,0.060682"
base,RACExPOLPARTY,RACExPOLPARTY :: Black | Other,INEQ8_f_W54,4,"0.386188,0.291510,0.257257,0.065045"
base,RACExPOLPARTY,RACExPOLPARTY :: Hispanic | Democrat,INEQ8_f_W54,4,"0.399295,0.320843,0.220512,0.059350"
base,RACExPOLPARTY,RACExPOLPARTY :: Hispanic | Independent,INEQ8_f_W54,4,"0.356240,0.304708,0.268904,0.070148"
base,RACExPOLPARTY,RACExPOLPARTY :: Hispanic | Other,INEQ8_f_W54,4,"0.365390,0.284566,0.275811,0.074233"
base,RACExPOLPARTY,RACExPOLPARTY :: Hispanic | Republican,INEQ8_f_W54,4,"0.319319,0.299972,0.299972,0.080736"
base,RACExPOLPARTY,RACExPOLPARTY :: Mixed Race | Democrat,INEQ8_f_W54,4,"0.414883,0.333368,0.202198,0.049551"
base,RACExPOLPARTY,RACExPOLPARTY :: Mixed Race | Independent,INEQ8_f_W54,4,"0.368747,0.325418,0.245639,0.060196"
base,RACExPOLPARTY,RACExPOLPARTY :: Mixed Race | Other,INEQ8_f_W54,4,"0.372475,0.308792,0.255998,0.062735"
base,RACExPOLPARTY,RACExPOLPARTY :: Refused | Independent,INEQ8_f_W54,4,"0.303472,0.251587,0.333299,0.111641"
base,RACExPOLPARTY,RACExPOLPARTY :: White | Democrat,INEQ8_f_W54,4,"0.393942,0.326590,0.224462,0.055007"
base,RACExPOLPARTY,RACExPOLPARTY :: White | Independent,INEQ8_f_W54,4,"0.347600,0.306756,0.279304,0.066341"
base,RACExPOLPARTY,RACExPOLPARTY :: White | Other,INEQ8_f_W54,4,"0.352645,0.283358,0.292353,0.071644"
base,RACExPOLPARTY,RACExPOLPARTY :: White | Refused,INEQ8_f_W54,4,"0.264544,0.233460,0.373067,0.128929"
base,RACExPOLPARTY,RACExPOLPARTY :: White | Republican,INEQ8_f_W54,4,"0.294636,0.294636,0.333867,0.076860"
base,RACExPOLPARTY,RACExPOLPARTY :: Asian | Democrat,INSTN_CLGS_W92,2,"0.658418,0.341583"
base,RACExPOLPARTY,RACExPOLPARTY :: Asian | Independent,INSTN_CLGS_W92,2,"0.600188,0.399812"
base,RACExPOLPARTY,RACExPOLPARTY :: Asian | Other,INSTN_CLGS_W92,2,"0.600188,0.399812"
base,RACExPOLPARTY,RACExPOLPARTY :: Asian | Republican,INSTN_CLGS_W92,2,"0.468791,0.531209"
base,RACExPOLPARTY,RACExPOLPARTY :: Black | Democrat,INSTN_CLGS_W92,2,"0.592667,0.407333"
base,RACExPOLPARTY,RACExPOLPARTY :: Black | Independent,INSTN_CLGS_W92,2,"0.523420,0.476580"
base,RACExPOLPARTY,RACExPOLPARTY :: Black | Other,INSTN_CLGS_W92,2,"0.531209,0.468791"
base,RACExPOLPARTY,RACExPOLPARTY :: Black | Republican,INSTN_CLGS_W92,2,"0.362969,0.637031"
base,RACExPOLPARTY,RACExPOLPARTY :: Hispanic | Democrat,INSTN_CLGS_W92,2,"0.622459,0.377541"
base,RACExPOLPARTY,RACExPOLPARTY :: Hispanic | Independent,INSTN_CLGS_W92,2,"0.562177,0.437824"
base,RACExPOLPARTY,RACExPOLPARTY :: Hispanic | Other,INSTN_CLGS_W92,2,"0.562177,0.437824"
base,RACExPOLPARTY,RACExPOLPARTY :: Hispanic | Republican,INSTN_CLGS_W92,2,"0.468791,0.531209"
base,RACExPOLPARTY,RACExPOLPARTY :: Mixed Race | Democrat,INSTN_CLGS_W92,2,"0.600188,0.399812"
base,RACExPOLPARTY,RACExPOLPARTY :: Mixed Race | Independent,INSTN_CLGS_W92,2,"0.546738,0.453262"
base,RACExPOLPARTY,RACExPOLPARTY :: Mixed Race | Other,INSTN_CLGS_W92,2,"0.562177,0.437824"
base,RACExPOLPARTY,RACExPOLPARTY :: Mixed Race | Republican,INSTN_CLGS_W92,2,"0.476580,0.523420"
base,RACExPOLPARTY,RACExPOLPARTY :: Refused | Independent,INSTN_CLGS_W92,2,"0.523420,0.476580"
base,RACExPOLPARTY,RACExPOLPARTY :: White | Democrat,INSTN_CLGS_W92,2,"0.622459,0.377541"
base,RACExPOLPARTY,RACExPOLPARTY :: White | Independent,INSTN_CLGS_W92,2,"0.585101,0.414899"
base,RACExPOLPARTY,RACExPOLPARTY :: White | Other,INSTN_CLGS_W92,2,"0.577495,0.422505"
base,RACExPOLPARTY,RACExPOLPARTY :: White | Refused,INSTN_CLGS_W92,2,"0.523420,0.476580"
base,RACExPOLPARTY,RACExPOLPARTY :: White | Republican,INSTN_CLGS_W92,2,"0.492188,0.507812"
base,RACExPOLPARTY,RACExPOLPARTY :: Asian | Democrat,LOCALPROBA_W32,3,"0.303700,0.428286,0.268014"
base,RACExPOLPARTY,RACExPOLPARTY :: Asian | Independent,LOCALPROBA_W32,3,"0.285618,0.428764,0.285618"
base,RACExPOLPARTY,RACExPOLPARTY :: Black | Democrat,LOCALPROBA_W32,3,"0.331604,0.425789,0.242607"
base,RACExPOLPARTY,RACExPOLPARTY :: Black | Independent,LOCALPROBA_W32,3,"0.315422,0.431130,0.253448"
base,RACExPOLPARTY,RACExPOLPARTY :: Black | Other,LOCALPROBA_W32,3,"0.295537,0.443653,0.260810"
base,RACExPOLPARTY,RACExPOLPARTY :: Hispanic | Democrat,LOCALPROBA_W32,3,"0.347436,0.406194,0.246369"
base,RACExPOLPARTY,RACExPOLPARTY :: Hispanic | Independent,LOCALPROBA_W32,3,"0.326496,0.419229,0.254275"
base,RACExPOLPARTY,RACExPOLPARTY :: Hispanic | Other,LOCALPROBA_W32,3,"0.299627,0.435954,0.264419"
base,RACExPOLPARTY,RACExPOLPARTY :: Hispanic | Republican,LOCALPROBA_W32,3,"0.356203,0.391212,0.252585"
base,RACExPOLPARTY,RACExPOLPARTY :: Mixed Race | Democrat,LOCALPROBA_W32,3,"0.315422,0.431130,0.253448"
base,RACExPOLPARTY,RACExPOLPARTY :: Mixed Race | Independent,LOCALPROBA_W32,3,"0.294603,0.428644,0.276753"
base,RACExPOLPARTY,RACExPOLPARTY :: Other | Independent,LOCALPROBA_W32,3,"0.297133,0.432325,0.270542"
base,RACExPOLPARTY,RACExPOLPARTY :: Other | Republican,LOCALPROBA_W32,3,"0.330762,0.411640,0.257598"
base,RACExPOLPARTY,RACExPOLPARTY :: White | Democrat,LOCALPROBA_W32,3,"0.269308,0.444014,0.286677"
base,RACExPOLPARTY,RACExPOLPARTY :: White | Independent,LOCALPROBA_W32,3,"0.258386,0.439530,0.302084"
base,RACExPOLPARTY,RACExPOLPARTY :: White | Other,LOCALPROBA_W32,3,"0.254831,0.447242,0.297927"
base,RACExPOLPARTY,RACExPOLPARTY :: White | Refused,LOCALPROBA_W32,3,"0.270884,0.370254,0.358862"
base,RACExPOLPARTY,RACExPOLPARTY :: White | Republican,LOCALPROBA_W32,3,"0.286801,0.417293,0.295905"
base,RACExPOLPARTY,RACExPOLPARTY :: Asian | Democrat,LOCALPROBB_W32,3,"0.336299,0.504845,0.158856"
base,RACExPOLPARTY,RACExPOLPARTY :: Asian | Independent,LOCALPROBB_W32,3,"0.308967,0.509401,0.181632"
base,RACExPOLPARTY,RACExPOLPARTY :: Black | Democrat,LOCALPROBB_W32,3,"0.380284,0.488294,0.131423"
base,RACExPOLPARTY,RACExPOLPARTY :: Black | Independent,LOCALPROBB_W32,3,"0.353721,0.498826,0.147453"
base,RACExPOLPARTY,RACExPOLPARTY :: Black | Other,LOCALPROBB_W32,3,"0.330995,0.512655,0.156351"
base,RACExPOLPARTY,RACExPOLPARTY :: Hispanic | Democrat,LOCALPROBB_W32,3,"0.390200,0.470671,0.139130"
base,RACExPOLPARTY,RACExPOLPARTY :: Hispanic | Independent,LOCALPROBB_W32,3,"0.355798,0.486318,0.157884"
base,RACExPOLPARTY,RACExPOLPARTY :: Hispanic | Other,LOCALPROBB_W32,3,"0.332888,0.499725,0.167387"
base,RACExPOLPARTY,RACExPOLPARTY :: Hispanic | Republican,LOCALPROBB_W32,3,"0.397977,0.450967,0.151055"
base,RACExPOLPARTY,RACExPOLPARTY :: Mixed Race | Democrat,LOCALPROBB_W32,3,"0.365668,0.499810,0.134522"
base,RACExPOLPARTY,RACExPOLPARTY :: Mixed Race | Independent,LOCALPROBB_W32,3,"0.339864,0.494499,0.165637"
base,RACExPOLPARTY,RACExPOLPARTY :: Other | Independent,LOCALPROBB_W32,3,"0.339864,0.494499,0.165637"
base,RACExPOLPARTY,RACExPOLPARTY :: Other | Republican,LOCALPROBB_W32,3,"0.377564,0.469886,0.152550"
base,RACExPOLPARTY,RACExPOLPARTY :: White | Democrat,LOCALPROBB_W32,3,"0.329360,0.510123,0.160517"
base,RACExPOLPARTY,RACExPOLPARTY :: White | Independent,LOCALPROBB_W32,3,"0.310703,0.512263,0.177033"
base,RACExPOLPARTY,RACExPOLPARTY :: White | Other,LOCALPROBB_W32,3,"0.297479,0.522091,0.180430"
base,RACExPOLPARTY,RACExPOLPARTY :: White | Refused,LOCALPROBB_W32,3,"0.274069,0.451863,0.274069"
base,RACExPOLPARTY,RACExPOLPARTY :: White | Republican,LOCALPROBB_W32,3,"0.338086,0.491913,0.170001"
base,RACExPOLPARTY,RACExPOLPARTY :: Asian | Democrat,LOCALPROBJ_W32,3,"0.278265,0.536370,0.185365"
base,RACExPOLPARTY,RACExPOLPARTY :: Asian | Independent,LOCALPROBJ_W32,3,"0.264307,0.542322,0.193371"
base,RACExPOLPARTY,RACExPOLPARTY :: Black | Democrat,LOCALPROBJ_W32,3,"0.321900,0.530723,0.147377"
base,RACExPOLPARTY,RACExPOLPARTY :: Black | Independent,LOCALPROBJ_W32,3,"0.313635,0.533511,0.152854"
base,RACExPOLPARTY,RACExPOLPARTY :: Black | Other,LOCALPROBJ_W32,3,"0.298862,0.541169,0.159969"
base,RACExPOLPARTY,RACExPOLPARTY :: Hispanic | Democrat,LOCALPROBJ_W32,3,"0.318869,0.525726,0.155404"
base,RACExPOLPARTY,RACExPOLPARTY :: Hispanic | Independent,LOCALPROBJ_W32,3,"0.308993,0.525615,0.165392"
base,RACExPOLPARTY,RACExPOLPARTY :: Hispanic | Other,LOCALPROBJ_W32,3,"0.294236,0.532792,0.172972"
base,RACExPOLPARTY,RACExPOLPARTY :: Hispanic | Republican,LOCALPROBJ_W32,3,"0.332888,0.499725,0.167387"
base,RACExPOLPARTY,RACExPOLPARTY :: Mixed Race | Democrat,LOCALPROBJ_W32,3,"0.298862,0.541169,0.159969"
base,RACExPOLPARTY,RACExPOLPARTY :: Mixed Race | Independent,LOCALPROBJ_W32,3,"0.292629,0.529883,0.177488"
base,RACExPOLPARTY,RACExPOLPARTY :: Other | Independent,LOCALPROBJ_W32,3,"0.294236,0.532792,0.172972"
base,RACExPOLPARTY,RACExPOLPARTY :: Other | Republican,LOCALPROBJ_W32,3,"0.320843,0.512706,0.166451"
base,RACExPOLPARTY,RACExPOLPARTY :: White | Democrat,LOCALPROBJ_W32,3,"0.273607,0.544132,0.182261"
base,RACExPOLPARTY,RACExPOLPARTY :: White | Independent,LOCALPROBJ_W32,3,"0.259834,0.550068,0.190098"
base,RACExPOLPARTY,RACExPOLPARTY :: White | Other,LOCALPROBJ_W32,3,"0.259834,0.550068,0.190098"
base,RACExPOLPARTY,RACExPOLPARTY :: White | Refused,LOCALPROBJ_W32,3,"0.274690,0.467263,0.258047"
base,RACExPOLPARTY,RACExPOLPARTY :: White | Republican,LOCALPROBJ_W32,3,"0.289317,0.523886,0.186797"
base,RACExPOLPARTY,RACExPOLPARTY :: Asian | Democrat,LOCALPROBM_F2_W32,3,"0.337555,0.476029,0.186416"
base,RACExPOLPARTY,RACExPOLPARTY :: Asian | Independent,LOCALPROBM_F2_W32,3,"0.317780,0.477045,0.205175"
base,RACExPOLPARTY,RACExPOLPARTY :: Black | Democrat,LOCALPROBM_F2_W32,3,"0.370249,0.475409,0.154343"
base,RACExPOLPARTY,RACExPOLPARTY :: Black | Independent,LOCALPROBM_F2_W32,3,"0.357507,0.473619,0.168874"
base,RACExPOLPARTY,RACExPOLPARTY :: Black | Other,LOCALPROBM_F2_W32,3,"0.338086,0.491913,0.170001"
base,RACExPOLPARTY,RACExPOLPARTY :: Hispanic | Democrat,LOCALPROBM_F2_W32,3,"0.383103,0.462110,0.154787"
base,RACExPOLPARTY,RACExPOLPARTY :: Hispanic | Independent,LOCALPROBM_F2_W32,3,"0.362793,0.465836,0.171371"
base,RACExPOLPARTY,RACExPOLPARTY :: Hispanic | Other,LOCALPROBM_F2_W32,3,"0.334420,0.486578,0.179002"
base,RACExPOLPARTY,RACExPOLPARTY :: Hispanic | Republican,LOCALPROBM_F2_W32,3,"0.390131,0.442076,0.167793"
base,RACExPOLPARTY,RACExPOLPARTY :: Mixed Race | Democrat,LOCALPROBM_F2_W32,3,"0.352211,0.481416,0.166373"
base,RACExPOLPARTY,RACExPOLPARTY :: Mixed Race | Independent,LOCALPROBM_F2_W32,3,"0.337555,0.476029,0.186416"
base,RACExPOLPARTY,RACExPOLPARTY :: Other | Independent,LOCALPROBM_F2_W32,3,"0.346545,0.473670,0.179785"
base,RACExPOLPARTY,RACExPOLPARTY :: Other | Republican,LOCALPROBM_F2_W32,3,"0.377362,0.455185,0.167453"
base,RACExPOLPARTY,RACExPOLPARTY :: White | Democrat,LOCALPROBM_F2_W32,3,"0.325631,0.488830,0.185539"
base,RACExPOLPARTY,RACExPOLPARTY :: White | Independent,LOCALPROBM_F2_W32,3,"0.308295,0.492654,0.199050"
base,RACExPOLPARTY,RACExPOLPARTY :: White | Other,LOCALPROBM_F2_W32,3,"0.308295,0.492654,0.199050"
base,RACExPOLPARTY,RACExPOLPARTY :: White | Refused,LOCALPROBM_F2_W32,3,"0.298540,0.421008,0.280452"
base,RACExPOLPARTY,RACExPOLPARTY :: White | Republican,LOCALPROBM_F2_W32,3,"0.335569,0.473229,0.191202"
base,RACExPOLPARTY,RACExPOLPARTY :: Asian | Democrat,MADEUPIMPa_W45,4,"0.256719,0.340097,0.329633,0.073551"
base,RACExPOLPARTY,RACExPOLPARTY :: Asian | Independent,MADEUPIMPa_W45,4,"0.250212,0.331478,0.342000,0.076310"
base,RACExPOLPARTY,RACExPOLPARTY :: Asian | Republican,MADEUPIMPa_W45,4,"0.273086,0.329404,0.319270,0.078240"
base,RACExPOLPARTY,RACExPOLPARTY :: Black | Democrat,MADEUPIMPa_W45,4,"0.307317,0.337522,0.288698,0.066462"
base,RACExPOLPARTY,RACExPOLPARTY :: Black | Independent,MADEUPIMPa_W45,4,"0.287466,0.336082,0.306006,0.070447"
base,RACExPOLPARTY,RACExPOLPARTY :: Black | Other,MADEUPIMPa_W45,4,"0.296015,0.335429,0.296015,0.072542"
base,RACExPOLPARTY,RACExPOLPARTY :: Hispanic | Democrat,MADEUPIMPa_W45,4,"0.301880,0.331550,0.292592,0.073979"
base,RACExPOLPARTY,RACExPOLPARTY :: Hispanic | Independent,MADEUPIMPa_W45,4,"0.280662,0.328127,0.308247,0.082964"
base,RACExPOLPARTY,RACExPOLPARTY :: Hispanic | Other,MADEUPIMPa_W45,4,"0.287014,0.325230,0.305525,0.082231"
base,RACExPOLPARTY,RACExPOLPARTY :: Hispanic | Republican,MADEUPIMPa_W45,4,"0.329404,0.319270,0.273086,0.078240"
base,RACExPOLPARTY,RACExPOLPARTY :: Mixed Race | Democrat,MADEUPIMPa_W45,4,"0.312241,0.342930,0.284299,0.060531"
base,RACExPOLPARTY,RACExPOLPARTY :: Mixed Race | Independent,MADEUPIMPa_W45,4,"0.285043,0.343827,0.303426,0.067704"
base,RACExPOLPARTY,RACExPOLPARTY :: Mixed Race | Other,MADEUPIMPa_W45,4,"0.291454,0.340744,0.300706,0.067096"
base,RACExPOLPARTY,RACExPOLPARTY :: Mixed Race | Republican,MADEUPIMPa_W45,4,"0.316796,0.337228,0.279572,0.066404"
base,RACExPOLPARTY,RACExPOLPARTY :: White | Democrat,MADEUPIMPa_W45,4,"0.275444,0.342795,0.312118,0.069643"
base,RACExPOLPARTY,RACExPOLPARTY :: White | Independent,MADEUPIMPa_W45,4,"0.253475,0.335799,0.335799,0.074927"
base,RACExPOLPARTY,RACExPOLPARTY :: White | Other,MADEUPIMPa_W45,4,"0.258196,0.331530,0.331530,0.078745"
base,RACExPOLPARTY,RACExPOLPARTY :: White | Refused,MADEUPIMPa_W45,4,"0.268894,0.304697,0.324348,0.102061"
base,RACExPOLPARTY,RACExPOLPARTY :: White | Republican,MADEUPIMPa_W45,4,"0.308506,0.328403,0.289815,0.073277"
base,RACExPOLPARTY,RACExPOLPARTY :: Asian | Democrat,MADEUPLEVELa_W45,4,"0.384951,0.350502,0.199710,0.064836"
base,RACExPOLPARTY,RACExPOLPARTY :: Asian | Independent,MADEUPLEVELa_W45,4,"0.389148,0.343422,0.201887,0.065543"
base,RACExPOLPARTY,RACExPOLPARTY :: Asian | Republican,MADEUPLEVELa_W45,4,"0.415883,0.323890,0.196449,0.063778"
base,RACExPOLPARTY,RACExPOLPARTY :: Black | Democrat,MADEUPLEVELa_W45,4,"0.406960,0.348092,0.186320,0.058628"
base,RACExPOLPARTY,RACExPOLPARTY :: Black | Independent,MADEUPLEVELa_W45,4,"0.404567,0.346045,0.191104,0.058283"
base,RACExPOLPARTY,RACExPOLPARTY :: Black | Other,MADEUPLEVELa_W45,4,"0.391968,0.356891,0.191030,0.060110"
base,RACExPOLPARTY,RACExPOLPARTY :: Hispanic | Democrat,MADEUPLEVELa_W45,4,"0.428212,0.333492,0.178505,0.059792"
base,RACExPOLPARTY,RACExPOLPARTY :: Hispanic | Independent,MADEUPLEVELa_W45,4,"0.414939,0.333413,0.189973,0.061675"
base,RACExPOLPARTY,RACExPOLPARTY :: Hispanic | Other,MADEUPLEVELa_W45,4,"0.402263,0.344074,0.190016,0.063647"
base,RACExPOLPARTY,RACExPOLPARTY :: Hispanic | Republican,MADEUPLEVELa_W45,4,"0.447218,0.317125,0.175133,0.060524"
base,RACExPOLPARTY,RACExPOLPARTY :: Mixed Race | Democrat,MADEUPLEVELa_W45,4,"0.384546,0.361248,0.193362,0.060844"
base,RACExPOLPARTY,RACExPOLPARTY :: Mixed Race | Independent,MADEUPLEVELa_W45,4,"0.381468,0.358356,0.197903,0.062273"
base,RACExPOLPARTY,RACExPOLPARTY :: Mixed Race | Other,MADEUPLEVELa_W45,4,"0.377893,0.366267,0.196048,0.059791"
base,RACExPOLPARTY,RACExPOLPARTY :: Mixed Race | Republican,MADEUPLEVELa_W45,4,"0.393905,0.347620,0.198068,0.060407"
base,RACExPOLPARTY,RACExPOLPARTY :: White | Democrat,MADEUPLEVELa_W45,4,"0.364490,0.364490,0.207680,0.063339"
base,RACExPOLPARTY,RACExPOLPARTY :: White | Independent,MADEUPLEVELa_W45,4,"0.357283,0.368624,0.210036,0.064057"
base,RACExPOLPARTY,RACExPOLPARTY :: White | Other,MADEUPLEVELa_W45,4,"0.350139,0.372721,0.212370,0.064769"
base,RACExPOLPARTY,RACExPOLPARTY :: White | Refused,MADEUPLEVELa_W45,4,"0.368710,0.325386,0.223634,0.082270"
base,RACExPOLPARTY,RACExPOLPARTY :: White | Republican,MADEUPLEVELa_W45,4,"0.389934,0.344116,0.202295,0.063655"
base,RACExPOLPARTY,RACExPOLPARTY :: Asian | Democrat,MADEUPRESe_W45,2,"0.600188,0.399812"
base,RACExPOLPARTY,RACExPOLPARTY :: Asian | Independent,MADEUPRESe_W45,2,"0.577495,0.422505"
base,RACExPOLPARTY,RACExPOLPARTY :: Asian | Republican,MADEUPRESe_W45,2,"0.585101,0.414899"
base,RACExPOLPARTY,RACExPOLPARTY :: Black | Democrat,MADEUPRESe_W45,2,"0.600188,0.399812"
base,RACExPOLPARTY,RACExPOLPARTY :: Black | Independent,MADEUPRESe_W45,2,"0.585101,0.414899"
base,RACExPOLPARTY,RACExPOLPARTY :: Black | Other,MADEUPRESe_W45,2,"0.569853,0.430147"
base,RACExPOLPARTY,RACExPOLPARTY :: Hispanic | Democrat,MADEUPRESe_W45,2,"0.607663,0.392337"
base,RACExPOLPARTY,RACExPOLPARTY :: Hispanic | Independent,MADEUPRESe_W45,2,"0.600188,0.399812"
base,RACExPOLPARTY,RACExPOLPARTY :: Hispanic | Other,MADEUPRESe_W45,2,"0.577495,0.422505"
base,RACExPOLPARTY,RACExPOLPARTY :: Hispanic | Republican,MADEUPRESe_W45,2,"0.607663,0.392337"
base,RACExPOLPARTY,RACExPOLPARTY :: Mixed Race | Democrat,MADEUPRESe_W45,2,"0.622459,0.377541"
base,RACExPOLPARTY,RACExPOLPARTY :: Mixed Race | Independent,MADEUPRESe_W45,2,"0.600188,0.399812"
base,RACExPOLPARTY,RACExPOLPARTY :: Mixed Race | Other,MADEUPRESe_W45,2,"0.600188,0.399812"
base,RACExPOLPARTY,RACExPOLPARTY :: Mixed Race | Republican,MADEUPRESe_W45,2,"0.615088,0.384912"
base,RACExPOLPARTY,RACExPOLPARTY :: White | Democrat,MADEUPRESe_W45,2,"0.592667,0.407333"
base,RACExPOLPARTY,RACExPOLPARTY :: White | Independent,MADEUPRESe_W45,2,"0.569853,0.430147"
base,RACExPOLPARTY,RACExPOLPARTY :: White | Other,MADEUPRESe_W45,2,"0.554470,0.445530"
base,RACExPOLPARTY,RACExPOLPARTY :: White | Refused,MADEUPRESe_W45,2,"0.507812,0.492188"
base,RACExPOLPARTY,RACExPOLPARTY :: White | Republican,MADEUPRESe_W45,2,"0.585101,0.414899"
base,RACExPOLPARTY,RACExPOLPARTY :: Asian | Democrat,MADEUPTOPICf_W45,4,"0.313898,0.390653,0.229653,0.065797"
base,RACExPOLPARTY,RACExPOLPARTY :: Asian | Independent,MADEUPTOPICf_W45,4,"0.319325,0.385180,0.226436,0.069059"
base,RACExPOLPARTY,RACExPOLPARTY :: Asian | Republican,MADEUPTOPICf_W45,4,"0.337685,0.370874,0.224947,0.066494"
base,RACExPOLPARTY,RACExPOLPARTY :: Black | Democrat,MADEUPTOPICf_W45,4,"0.339684,0.384912,0.212569,0.062835"
base,RACExPOLPARTY,RACExPOLPARTY :: Black | Independent,MADEUPTOPICf_W45,4,"0.339008,0.384146,0.212146,0.064701"
base,RACExPOLPARTY,RACExPOLPARTY :: Black | Other,MADEUPTOPICf_W45,4,"0.327999,0.395642,0.211772,0.064587"
base,RACExPOLPARTY,RACExPOLPARTY :: Hispanic | Democrat,MADEUPTOPICf_W45,4,"0.352442,0.375173,0.207190,0.065195"
base,RACExPOLPARTY,RACExPOLPARTY :: Hispanic | Independent,MADEUPTOPICf_W45,4,"0.342351,0.375999,0.214238,0.067413"
base,RACExPOLPARTY,RACExPOLPARTY :: Hispanic | Other,MADEUPTOPICf_W45,4,"0.330646,0.386565,0.213481,0.069307"
base,RACExPOLPARTY,RACExPOLPARTY :: Hispanic | Republican,MADEUPTOPICf_W45,4,"0.370264,0.358872,0.204479,0.066385"
base,RACExPOLPARTY,RACExPOLPARTY :: Mixed Race | Democrat,MADEUPTOPICf_W45,4,"0.323579,0.390311,0.222393,0.063717"
base,RACExPOLPARTY,RACExPOLPARTY :: Mixed Race | Independent,MADEUPTOPICf_W45,4,"0.325147,0.392202,0.216594,0.066058"
base,RACExPOLPARTY,RACExPOLPARTY :: Mixed Race | Other,MADEUPTOPICf_W45,4,"0.325809,0.393000,0.217035,0.064156"
base,RACExPOLPARTY,RACExPOLPARTY :: Mixed Race | Republican,MADEUPTOPICf_W45,4,"0.333756,0.378195,0.222329,0.065720"
base,RACExPOLPARTY,RACExPOLPARTY :: White | Democrat,MADEUPTOPICf_W45,4,"0.303408,0.401951,0.229025,0.065617"
base,RACExPOLPARTY,RACExPOLPARTY :: White | Independent,MADEUPTOPICf_W45,4,"0.294068,0.401943,0.236290,0.067698"
base,RACExPOLPARTY,RACExPOLPARTY :: White | Other,MADEUPTOPICf_W45,4,"0.296222,0.404887,0.230698,0.068194"
base,RACExPOLPARTY,RACExPOLPARTY :: White | Refused,MADEUPTOPICf_W45,4,"0.323544,0.355344,0.236710,0.084402"
base,RACExPOLPARTY,RACExPOLPARTY :: White | Republican,MADEUPTOPICf_W45,4,"0.326843,0.382119,0.224636,0.066402"
base,RACExPOLPARTY,RACExPOLPARTY :: Asian | Democrat,MOVESUBURB_W32,3,"0.434904,0.383801,0.181295"
base,RACExPOLPARTY,RACExPOLPARTY :: Asian | Independent,MOVESUBURB_W32,3,"0.429606,0.367462,0.202932"
base,RACExPOLPARTY,RACExPOLPARTY :: Black | Democrat,MOVESUBURB_W32,3,"0.440101,0.376438,0.183461"
base,RACExPOLPARTY,RACExPOLPARTY :: Black | Independent,MOVESUBURB_W32,3,"0.424056,0.362715,0.213229"
base,RACExPOLPARTY,RACExPOLPARTY :: Black | Other,MOVESUBURB_W32,3,"0.426857,0.365110,0.208033"
base,RACExPOLPARTY,RACExPOLPARTY :: Hispanic | Democrat,MOVESUBURB_W32,3,"0.445258,0.369132,0.185611"
base,RACExPOLPARTY,RACExPOLPARTY :: Hispanic | Independent,MOVESUBURB_W32,3,"0.431706,0.357897,0.210397"
base,RACExPOLPARTY,RACExPOLPARTY :: Hispanic | Other,MOVESUBURB_W32,3,"0.426857,0.365110,0.208033"
base,RACExPOLPARTY,RACExPOLPARTY :: Hispanic | Republican,MOVESUBURB_W32,3,"0.428842,0.355523,0.215635"
base,RACExPOLPARTY,RACExPOLPARTY :: Mixed Race | Democrat,MOVESUBURB_W32,3,"0.432306,0.369771,0.197924"
base,RACExPOLPARTY,RACExPOLPARTY :: Mixed Race | Independent,MOVESUBURB_W32,3,"0.413606,0.365006,0.221388"
base,RACExPOLPARTY,RACExPOLPARTY :: Other | Independent,MOVESUBURB_W32,3,"0.418304,0.357794,0.223902"
base,RACExPOLPARTY,RACExPOLPARTY :: Other | Republican,MOVESUBURB_W32,3,"0.416873,0.345600,0.237527"
base,RACExPOLPARTY,RACExPOLPARTY :: White | Democrat,MOVESUBURB_W32,3,"0.481467,0.341411,0.177122"
base,RACExPOLPARTY,RACExPOLPARTY :: White | Independent,MOVESUBURB_W32,3,"0.470374,0.333545,0.196081"
base,RACExPOLPARTY,RACExPOLPARTY :: White | Other,MOVESUBURB_W32,3,"0.473229,0.335569,0.191202"
base,RACExPOLPARTY,RACExPOLPARTY :: White | Refused,MOVESUBURB_W32,3,"0.432141,0.336551,0.231308"
base,RACExPOLPARTY,RACExPOLPARTY :: White | Republican,MOVESUBURB_W32,3,"0.483050,0.321781,0.195170"
base,RACExPOLPARTY,RACExPOLPARTY :: Asian | Democrat,PROBURBAN_W32,4,"0.157924,0.416074,0.324039,0.101963"
base,RACExPOLPARTY,RACExPOLPARTY :: Asian | Independent,PROBURBAN_W32,4,"0.138629,0.388794,0.354001,0.118576"
base,RACExPOLPARTY,RACExPOLPARTY :: Black | Democrat,PROBURBAN_W32,4,"0.159940,0.434761,0.308291,0.097008"
base,RACExPOLPARTY,RACExPOLPARTY :: Black | Independent,PROBURBAN_W32,4,"0.137665,0.410993,0.340725,0.110617"
base,RACExPOLPARTY,RACExPOLPARTY :: Black | Other,PROBURBAN_W32,4,"0.140674,0.394531,0.348172,0.116623"
base,RACExPOLPARTY,RACExPOLPARTY :: Hispanic | Democrat,PROBURBAN_W32,4,"0.165338,0.409215,0.318697,0.106750"
base,RACExPOLPARTY,RACExPOLPARTY :: Hispanic | Independent,PROBURBAN_W32,4,"0.141871,0.385646,0.351134,0.121349"
base,RACExPOLPARTY,RACExPOLPARTY :: Hispanic | Other,PROBURBAN_W32,4,"0.142497,0.363879,0.363879,0.129745"
base,RACExPOLPARTY,RACExPOLPARTY :: Hispanic | Republican,PROBURBAN_W32,4,"0.151992,0.364610,0.353392,0.130006"
base,RACExPOLPARTY,RACExPOLPARTY :: Mixed Race | Democrat,PROBURBAN_W32,4,"0.147281,0.439700,0.311794,0.101225"
base,RACExPOLPARTY,RACExPOLPARTY :: Mixed Race | Independent,PROBURBAN_W32,4,"0.135423,0.417132,0.335175,0.112270"
base,RACExPOLPARTY,RACExPOLPARTY :: Other | Independent,PROBURBAN_W32,4,"0.118758,0.377412,0.377412,0.126417"
base,RACExPOLPARTY,RACExPOLPARTY :: Other | Republican,PROBURBAN_W32,4,"0.120908,0.349859,0.396442,0.132791"
base,RACExPOLPARTY,RACExPOLPARTY :: White | Democrat,PROBURBAN_W32,4,"0.142002,0.423941,0.330165,0.103891"
base,RACExPOLPARTY,RACExPOLPARTY :: White | Independent,PROBURBAN_W32,4,"0.126693,0.402631,0.355320,0.115356"
base,RACExPOLPARTY,RACExPOLPARTY :: White | Other,PROBURBAN_W32,4,"0.125456,0.374544,0.374544,0.125456"
base,RACExPOLPARTY,RACExPOLPARTY :: White | Refused,PROBURBAN_W32,4,"0.129365,0.300782,0.398472,0.171381"
base,RACExPOLPARTY,RACExPOLPARTY :: White | Republican,PROBURBAN_W32,4,"0.127416,0.368692,0.380395,0.123496"
base,RACExPOLPARTY,RACExPOLPARTY :: Asian | Democrat,RACESURV18e_W43,4,"0.158777,0.380887,0.315767,0.144569"
base,RACExPOLPARTY,RACExPOLPARTY :: Asian | Independent,RACESURV18e_W43,4,"0.149608,0.358890,0.337146,0.154357"
base,RACExPOLPARTY,RACExPOLPARTY :: Asian | Other,RACESURV18e_W43,4,"0.144281,0.346113,0.346113,0.163492"
base,RACExPOLPARTY,RACExPOLPARTY :: Asian | Republican,RACESURV18e_W43,4,"0.165257,0.360955,0.318542,0.155245"
base,RACExPOLPARTY,RACExPOLPARTY :: Black | Democrat,RACESURV18e_W43,4,"0.150168,0.371668,0.327996,0.150168"
base,RACExPOLPARTY,RACExPOLPARTY :: Black | Independent,RACESURV18e_W43,4,"0.143427,0.354985,0.344064,0.157524"
base,RACExPOLPARTY,RACExPOLPARTY :: Black | Other,RACESURV18e_W43,4,"0.143537,0.344326,0.344326,0.167811"
base,RACExPOLPARTY,RACExPOLPARTY :: Black | Refused,RACESURV18e_W43,4,"0.149404,0.287984,0.358401,0.204211"
base,RACExPOLPARTY,RACExPOLPARTY :: Black | Republican,RACESURV18e_W43,4,"0.153691,0.357342,0.325364,0.163603"
base,RACExPOLPARTY,RACExPOLPARTY :: Hispanic | Democrat,RACESURV18e_W43,4,"0.164429,0.382309,0.316945,0.136317"
base,RACExPOLPARTY,RACExPOLPARTY :: Hispanic | Independent,RACESURV18e_W43,4,"0.162528,0.366263,0.323226,0.147984"
base,RACExPOLPARTY,RACExPOLPARTY :: Hispanic | Other,RACESURV18e_W43,4,"0.157734,0.355460,0.333924,0.152882"
base,RACExPOLPARTY,RACExPOLPARTY :: Hispanic | Refused,RACESURV18e_W43,4,"0.160770,0.300358,0.362301,0.176571"
base,RACExPOLPARTY,RACExPOLPARTY :: Hispanic | Republican,RACESURV18e_W43,4,"0.164161,0.369942,0.316428,0.149470"
base,RACExPOLPARTY,RACExPOLPARTY :: Other | Democrat,RACESURV18e_W43,4,"0.150624,0.372797,0.339435,0.137144"
base,RACExPOLPARTY,RACExPOLPARTY :: Other | Independent,RACESURV18e_W43,4,"0.148722,0.356766,0.345789,0.148722"
base,RACExPOLPARTY,RACExPOLPARTY :: White | Democrat,RACESURV18e_W43,4,"0.151950,0.388019,0.321679,0.138352"
base,RACExPOLPARTY,RACExPOLPARTY :: White | Independent,RACESURV18e_W43,4,"0.146905,0.375135,0.331055,0.146905"
base,RACExPOLPARTY,RACExPOLPARTY :: White | Other,RACESURV18e_W43,4,"0.146374,0.362278,0.340329,0.151020"
base,RACExPOLPARTY,RACExPOLPARTY :: White | Republican,RACESURV18e_W43,4,"0.149097,0.380734,0.325659,0.144510"
base,RACExPOLPARTY,RACExPOLPARTY :: Asian | Democrat,RACESURV22_W43,4,"0.196936,0.391655,0.295636,0.115773"
base,RACExPOLPARTY,RACExPOLPARTY :: Asian | Independent,RACESURV22_W43,4,"0.192616,0.371276,0.307799,0.128310"
base,RACExPOLPARTY,RACExPOLPARTY :: Asian | Other,RACESURV22_W43,4,"0.199790,0.361774,0.309441,0.128994"
base,RACExPOLPARTY,RACExPOLPARTY :: Asian | Republican,RACESURV22_W43,4,"0.200426,0.374444,0.291618,0.133512"
base,RACExPOLPARTY,RACExPOLPARTY :: Black | Democrat,RACESURV22_W43,4,"0.177536,0.412784,0.301999,0.107681"
base,RACExPOLPARTY,RACExPOLPARTY :: Black | Independent,RACESURV22_W43,4,"0.166702,0.399897,0.311440,0.121962"
base,RACExPOLPARTY,RACExPOLPARTY :: Black | Other,RACESURV22_W43,4,"0.174624,0.381414,0.316204,0.127758"
base,RACExPOLPARTY,RACExPOLPARTY :: Black | Refused,RACESURV22_W43,4,"0.171125,0.282137,0.340322,0.206416"
base,RACExPOLPARTY,RACExPOLPARTY :: Black | Republican,RACESURV22_W43,4,"0.180191,0.381464,0.306515,0.131830"
base,RACExPOLPARTY,RACExPOLPARTY :: Hispanic | Democrat,RACESURV22_W43,4,"0.194831,0.399768,0.283478,0.121922"
base,RACExPOLPARTY,RACExPOLPARTY :: Hispanic | Independent,RACESURV22_W43,4,"0.185520,0.368951,0.296460,0.149069"
base,RACExPOLPARTY,RACExPOLPARTY :: Hispanic | Other,RACESURV22_W43,4,"0.190656,0.356193,0.304668,0.148483"
base,RACExPOLPARTY,RACExPOLPARTY :: Hispanic | Refused,RACESURV22_W43,4,"0.183068,0.274817,0.321294,0.220822"
base,RACExPOLPARTY,RACExPOLPARTY :: Hispanic | Republican,RACESURV22_W43,4,"0.199597,0.372897,0.281477,0.146029"
base,RACExPOLPARTY,RACExPOLPARTY :: Other | Democrat,RACESURV22_W43,4,"0.168328,0.367662,0.324461,0.139549"
base,RACExPOLPARTY,RACExPOLPARTY :: Other | Independent,RACESURV22_W43,4,"0.164610,0.348479,0.327366,0.159545"
base,RACExPOLPARTY,RACExPOLPARTY :: White | Democrat,RACESURV22_W43,4,"0.175566,0.395643,0.308127,0.120664"
base,RACExPOLPARTY,RACExPOLPARTY :: White | Independent,RACESURV22_W43,4,"0.163998,0.369576,0.326150,0.140275"
base,RACExPOLPARTY,RACExPOLPARTY :: White | Other,RACESURV22_W43,4,"0.174714,0.358490,0.326409,0.140387"
base,RACExPOLPARTY,RACExPOLPARTY :: White | Republican,RACESURV22_W43,4,"0.180775,0.370927,0.307509,0.140788"
base,RACExPOLPARTY,RACExPOLPARTY :: Asian | Democrat,SATLIFEd_W50,4,"0.320190,0.398483,0.200370,0.080957"
base,RACExPOLPARTY,RACExPOLPARTY :: Asian | Independent,SATLIFEd_W50,4,"0.303204,0.389321,0.215004,0.092472"
base,RACExPOLPARTY,RACExPOLPARTY :: Asian | Republican,SATLIFEd_W50,4,"0.340267,0.362212,0.200033,0.097488"
base,RACExPOLPARTY,RACExPOLPARTY :: Black | Democrat,SATLIFEd_W50,4,"0.310244,0.411006,0.200308,0.078442"
base,RACExPOLPARTY,RACExPOLPARTY :: Black | Independent,SATLIFEd_W50,4,"0.288180,0.406400,0.217530,0.087890"
base,RACExPOLPARTY,RACExPOLPARTY :: Black | Other,SATLIFEd_W50,4,"0.271871,0.395570,0.232544,0.100016"
base,RACExPOLPARTY,RACExPOLPARTY :: Black | Republican,SATLIFEd_W50,4,"0.315351,0.368682,0.216737,0.099230"
base,RACExPOLPARTY,RACExPOLPARTY :: Hispanic | Democrat,SATLIFEd_W50,4,"0.346253,0.380285,0.191219,0.082242"
base,RACExPOLPARTY,RACExPOLPARTY :: Hispanic | Independent,SATLIFEd_W50,4,"0.316770,0.382098,0.204522,0.096609"
base,RACExPOLPARTY,RACExPOLPARTY :: Hispanic | Other,SATLIFEd_W50,4,"0.293535,0.376907,0.221572,0.107986"
base,RACExPOLPARTY,RACExPOLPARTY :: Hispanic | Republican,SATLIFEd_W50,4,"0.354434,0.354434,0.195737,0.095395"
base,RACExPOLPARTY,RACExPOLPARTY :: Mixed Race | Democrat,SATLIFEd_W50,4,"0.274822,0.425652,0.227835,0.071691"
base,RACExPOLPARTY,RACExPOLPARTY :: Mixed Race | Independent,SATLIFEd_W50,4,"0.258929,0.413768,0.243241,0.084062"
base,RACExPOLPARTY,RACExPOLPARTY :: Mixed Race | Other,SATLIFEd_W50,4,"0.258090,0.399737,0.250149,0.092025"
base,RACExPOLPARTY,RACExPOLPARTY :: Mixed Race | Republican,SATLIFEd_W50,4,"0.294172,0.402086,0.222053,0.081689"
base,RACExPOLPARTY,RACExPOLPARTY :: Refused | Democrat,SATLIFEd_W50,4,"0.292842,0.353234,0.242774,0.111150"
base,RACExPOLPARTY,RACExPOLPARTY :: Refused | Independent,SATLIFEd_W50,4,"0.287167,0.335732,0.245627,0.131475"
base,RACExPOLPARTY,RACExPOLPARTY :: White | Democrat,SATLIFEd_W50,4,"0.343642,0.414511,0.178279,0.063567"
base,RACExPOLPARTY,RACExPOLPARTY :: White | Independent,SATLIFEd_W50,4,"0.329225,0.409728,0.187587,0.073460"
base,RACExPOLPARTY,RACExPOLPARTY :: White | Other,SATLIFEd_W50,4,"0.300346,0.397894,0.212977,0.088782"
base,RACExPOLPARTY,RACExPOLPARTY :: White | Refused,SATLIFEd_W50,4,"0.274136,0.330671,0.265701,0.129492"
base,RACExPOLPARTY,RACExPOLPARTY :: White | Republican,SATLIFEd_W50,4,"0.407599,0.359705,0.159618,0.073078"
base,RACExPOLPARTY,RACExPOLPARTY :: Asian | Democrat,SUBURBNEAR_W32,3,"0.234950,0.352701,0.412349"
base,RACExPOLPARTY,RACExPOLPARTY :: Asian | Independent,SUBURBNEAR_W32,3,"0.237527,0.345600,0.416873"
base,RACExPOLPARTY,RACExPOLPARTY :: Black | Democrat,SUBURBNEAR_W32,3,"0.235300,0.364440,0.400259"
base,RACExPOLPARTY,RACExPOLPARTY :: Black | Independent,SUBURBNEAR_W32,3,"0.234950,0.352701,0.412349"
base,RACExPOLPARTY,RACExPOLPARTY :: Black | Other,SUBURBNEAR_W32,3,"0.243682,0.354555,0.401763"
base,RACExPOLPARTY,RACExPOLPARTY :: Hispanic | Democrat,SUBURBNEAR_W32,3,"0.246732,0.358992,0.394276"
base,RACExPOLPARTY,RACExPOLPARTY :: Hispanic | Independent,SUBURBNEAR_W32,3,"0.246369,0.347436,0.406194"
base,RACExPOLPARTY,RACExPOLPARTY :: Hispanic | Other,SUBURBNEAR_W32,3,"0.246369,0.347436,0.406194"
base,RACExPOLPARTY,RACExPOLPARTY :: Hispanic | Republican,SUBURBNEAR_W32,3,"0.243682,0.354555,0.401763"
base,RACExPOLPARTY,RACExPOLPARTY :: Mixed Race | Democrat,SUBURBNEAR_W32,3,"0.241148,0.373498,0.385354"
base,RACExPOLPARTY,RACExPOLPARTY :: Mixed Race | Independent,SUBURBNEAR_W32,3,"0.249761,0.363401,0.386838"
base,RACExPOLPARTY,RACExPOLPARTY :: Other | Independent,SUBURBNEAR_W32,3,"0.243233,0.343014,0.413753"
base,RACExPOLPARTY,RACExPOLPARTY :: Other | Republican,SUBURBNEAR_W32,3,"0.240080,0.338567,0.421353"
base,RACExPOLPARTY,RACExPOLPARTY :: White | Democrat,SUBURBNEAR_W32,3,"0.229379,0.355269,0.415352"
base,RACExPOLPARTY,RACExPOLPARTY :: White | Independent,SUBURBNEAR_W32,3,"0.226394,0.350646,0.422960"
base,RACExPOLPARTY,RACExPOLPARTY :: White | Other,SUBURBNEAR_W32,3,"0.231914,0.348144,0.419942"
base,RACExPOLPARTY,RACExPOLPARTY :: White | Refused,SUBURBNEAR_W32,3,"0.250027,0.311163,0.438810"
base,RACExPOLPARTY,RACExPOLPARTY :: White | Republican,SUBURBNEAR_W32,3,"0.228863,0.343564,0.427573"
base,RACExPOLPARTY,RACExPOLPARTY :: Asian | Democrat,VALUESUBURB_W32,4,"0.307390,0.348319,0.254835,0.089456"
base,RACExPOLPARTY,RACExPOLPARTY :: Asian | Independent,VALUESUBURB_W32,4,"0.280188,0.359769,0.263212,0.096830"
base,RACExPOLPARTY,RACExPOLPARTY :: Black | Democrat,VALUESUBURB_W32,4,"0.314942,0.345896,0.253063,0.086100"
base,RACExPOLPARTY,RACExPOLPARTY :: Black | Independent,VALUESUBURB_W32,4,"0.293825,0.354420,0.259299,0.092456"
base,RACExPOLPARTY,RACExPOLPARTY :: Black | Other,VALUESUBURB_W32,4,"0.276185,0.365886,0.259452,0.098477"
base,RACExPOLPARTY,RACExPOLPARTY :: Hispanic | Democrat,VALUESUBURB_W32,4,"0.330850,0.352188,0.234608,0.082355"
base,RACExPOLPARTY,RACExPOLPARTY :: Hispanic | Independent,VALUESUBURB_W32,4,"0.303374,0.365939,0.243768,0.086918"
base,RACExPOLPARTY,RACExPOLPARTY :: Hispanic | Other,VALUESUBURB_W32,4,"0.282307,0.373996,0.249135,0.094561"
base,RACExPOLPARTY,RACExPOLPARTY :: Hispanic | Republican,VALUESUBURB_W32,4,"0.336704,0.336704,0.238759,0.087834"
base,RACExPOLPARTY,RACExPOLPARTY :: Mixed Race | Democrat,VALUESUBURB_W32,4,"0.272403,0.372331,0.264022,0.091244"
base,RACExPOLPARTY,RACExPOLPARTY :: Mixed Race | Independent,VALUESUBURB_W32,4,"0.255683,0.372017,0.272173,0.100127"
base,RACExPOLPARTY,RACExPOLPARTY :: Other | Independent,VALUESUBURB_W32,4,"0.276345,0.366097,0.267842,0.089716"
base,RACExPOLPARTY,RACExPOLPARTY :: Other | Republican,VALUESUBURB_W32,4,"0.301148,0.341245,0.265762,0.091845"
base,RACExPOLPARTY,RACExPOLPARTY :: White | Democrat,VALUESUBURB_W32,4,"0.303618,0.354966,0.259698,0.081718"
base,RACExPOLPARTY,RACExPOLPARTY :: White | Independent,VALUESUBURB_W32,4,"0.295301,0.367509,0.252585,0.084605"
base,RACExPOLPARTY,RACExPOLPARTY :: White | Other,VALUESUBURB_W32,4,"0.283131,0.375088,0.249862,0.091919"
base,RACExPOLPARTY,RACExPOLPARTY :: White | Refused,VALUESUBURB_W32,4,"0.263982,0.338960,0.272362,0.124696"
base,RACExPOLPARTY,RACExPOLPARTY :: White | Republican,VALUESUBURB_W32,4,"0.327121,0.348218,0.239327,0.085335"
base,RACExRELIG,RACExRELIG :: Asian | Agnostic,BILLION_W92,3,"0.514289,0.302335,0.183376"
base,RACExRELIG,RACExRELIG :: Asian | Hindu,BILLION_W92,3,"0.566556,0.276117,0.157327"
base,RACExRELIG,RACExRELIG :: Asian | Nothing in particular,BILLION_W92,3,"0.502032,0.295129,0.202839"
base,RACExRELIG,RACExRELIG :: Asian | Protestant,BILLION_W92,3,"0.579641,0.273803,0.146556"
base,RACExRELIG,RACExRELIG :: Asian | Roman Catholic,BILLION_W92,3,"0.574213,0.271239,0.154547"
base,RACExRELIG,RACExRELIG :: Black | Nothing in particular,BILLION_W92,3,"0.491636,0.327500,0.180863"
base,RACExRELIG,RACExRELIG :: Black | Protestant,BILLION_W92,3,"0.579387,0.291334,0.129279"
base,RACExRELIG,RACExRELIG :: Black | Roman Catholic,BILLION_W92,3,"0.577019,0.290143,0.132837"
base,RACExRELIG,RACExRELIG :: Hispanic | Nothing in particular,BILLION_W92,3,"0.485968,0.323724,0.190308"
base,RACExRELIG,RACExRELIG :: Hispanic | Protestant,BILLION_W92,3,"0.561696,0.300654,0.137650"
base,RACExRELIG,RACExRELIG :: Hispanic | Roman Catholic,BILLION_W92,3,"0.572118,0.287679,0.140203"
base,RACExRELIG,RACExRELIG :: Mixed Race | Nothing in particular,BILLION_W92,3,"0.503502,0.305390,0.191108"
base,RACExRELIG,RACExRELIG :: Mixed Race | Protestant,BILLION_W92,3,"0.564341,0.283769,0.151890"
base,RACExRELIG,RACExRELIG :: Other | Protestant,BILLION_W92,3,"0.554198,0.296641,0.149160"
base,RACExRELIG,RACExRELIG :: Refused | Protestant,BILLION_W92,3,"0.508278,0.298801,0.192921"
base,RACExRELIG,RACExRELIG :: White | Agnostic,BILLION_W92,3,"0.523146,0.317304,0.159550"
base,RACExRELIG,RACExRELIG :: White | Atheist,BILLION_W92,3,"0.494499,0.339864,0.165637"
base,RACExRELIG,RACExRELIG :: White | Buddhist,BILLION_W92,3,"0.576957,0.272535,0.150508"
base,RACExRELIG,RACExRELIG :: White | Jewish,BILLION_W92,3,"0.582217,0.283750,0.134034"
base,RACExRELIG,RACExRELIG :: White | Mormon,BILLION_W92,3,"0.614626,0.264347,0.121027"
base,RACExRELIG,RACExRELIG :: White | Nothing in particular,BILLION_W92,3,"0.527862,0.300767,0.171372"
base,RACExRELIG,RACExRELIG :: White | Orthodox,BILLION_W92,3,"0.587344,0.277442,0.135214"
base,RACExRELIG,RACExRELIG :: White | Other,BILLION_W92,3,"0.541280,0.308412,0.150308"
base,RACExRELIG,RACExRELIG :: White | Protestant,BILLION_W92,3,"0.609511,0.270469,0.120020"
base,RACExRELIG,RACExRELIG :: White | Roman Catholic,BILLION_W92,3,"0.607198,0.269442,0.123360"
base,RACExRELIG,RACExRELIG :: Asian | Agnostic,CANQUALPOL_W92,4,"0.240161,0.395959,0.263766,0.100114"
base,RACExRELIG,RACExRELIG :: Asian | Hindu,CANQUALPOL_W92,4,"0.280584,0.383512,0.247614,0.088290"
base,RACExRELIG,RACExRELIG :: Asian | Nothing in particular,CANQUALPOL_W92,4,"0.252151,0.402936,0.252151,0.092761"
base,RACExRELIG,RACExRELIG :: Asian | Protestant,CANQUALPOL_W92,4,"0.302938,0.377012,0.235928,0.084123"
base,RACExRELIG,RACExRELIG :: Asian | Roman Catholic,CANQUALPOL_W92,4,"0.301683,0.363899,0.242409,0.092008"
base,RACExRELIG,RACExRELIG :: Black | Nothing in particular,CANQUALPOL_W92,4,"0.234181,0.411000,0.257197,0.097621"
base,RACExRELIG,RACExRELIG :: Black | Protestant,CANQUALPOL_W92,4,"0.287709,0.381153,0.246091,0.085047"
base,RACExRELIG,RACExRELIG :: Black | Roman Catholic,CANQUALPOL_W92,4,"0.301303,0.374977,0.234655,0.089065"
base,RACExRELIG,RACExRELIG :: Hispanic | Nothing in particular,CANQUALPOL_W92,4,"0.254856,0.407258,0.247015,0.090872"
base,RACExRELIG,RACExRELIG :: Hispanic | Protestant,CANQUALPOL_W92,4,"0.311148,0.375316,0.234866,0.078670"
base,RACExRELIG,RACExRELIG :: Hispanic | Roman Catholic,CANQUALPOL_W92,4,"0.326211,0.369646,0.224202,0.079942"
base,RACExRELIG,RACExRELIG :: Mixed Race | Nothing in particular,CANQUALPOL_W92,4,"0.256267,0.409513,0.248382,0.085839"
base,RACExRELIG,RACExRELIG :: Mixed Race | Protestant,CANQUALPOL_W92,4,"0.297936,0.394701,0.232033,0.075330"
base,RACExRELIG,RACExRELIG :: Other | Protestant,CANQUALPOL_W92,4,"0.270315,0.393306,0.253937,0.082441"
base,RACExRELIG,RACExRELIG :: Refused | Protestant,CANQUALPOL_W92,4,"0.250793,0.342794,0.284186,0.122227"
base,RACExRELIG,RACExRELIG :: White | Agnostic,CANQUALPOL_W92,4,"0.228407,0.400867,0.275512,0.095214"
base,RACExRELIG,RACExRELIG :: White | Atheist,CANQUALPOL_W92,4,"0.205211,0.395554,0.289394,0.109841"
base,RACExRELIG,RACExRELIG :: White | Buddhist,CANQUALPOL_W92,4,"0.280903,0.372136,0.255765,0.091196"
base,RACExRELIG,RACExRELIG :: White | Jewish,CANQUALPOL_W92,4,"0.300686,0.374209,0.241608,0.083497"
base,RACExRELIG,RACExRELIG :: White | Mormon,CANQUALPOL_W92,4,"0.342495,0.364584,0.221131,0.071791"
base,RACExRELIG,RACExRELIG :: White | Nothing in particular,CANQUALPOL_W92,4,"0.248382,0.409513,0.256267,0.085839"
base,RACExRELIG,RACExRELIG :: White | Orthodox,CANQUALPOL_W92,4,"0.275073,0.387915,0.250457,0.086556"
base,RACExRELIG,RACExRELIG :: White | Other,CANQUALPOL_W92,4,"0.258822,0.400872,0.250859,0.089447"
base,RACExRELIG,RACExRELIG :: White | Protestant,CANQUALPOL_W92,4,"0.300065,0.385291,0.241109,0.073534"
base,RACExRELIG,RACExRELIG :: White | Roman Catholic,CANQUALPOL_W92,4,"0.318648,0.372538,0.233128,0.075686"
base,RACExRELIG,RACExRELIG :: Asian | Hindu,ECIMPc_W54,3,"0.264075,0.463467,0.272458"
base,RACExRELIG,RACExRELIG :: Asian | Nothing in particular,ECIMPc_W54,3,"0.204698,0.506632,0.288670"
base,RACExRELIG,RACExRELIG :: Black | Nothing in particular,ECIMPc_W54,3,"0.226073,0.525635,0.248292"
base,RACExRELIG,RACExRELIG :: Black | Protestant,ECIMPc_W54,3,"0.276978,0.486111,0.236912"
base,RACExRELIG,RACExRELIG :: Black | Roman Catholic,ECIMPc_W54,3,"0.287542,0.474077,0.238381"
base,RACExRELIG,RACExRELIG :: Hispanic | Nothing in particular,ECIMPc_W54,3,"0.235286,0.498100,0.266614"
base,RACExRELIG,RACExRELIG :: Hispanic | Protestant,ECIMPc_W54,3,"0.287316,0.459129,0.253555"
base,RACExRELIG,RACExRELIG :: Hispanic | Roman Catholic,ECIMPc_W54,3,"0.304505,0.443052,0.252443"
base,RACExRELIG,RACExRELIG :: Mixed Race | Nothing in particular,ECIMPc_W54,3,"0.240955,0.494408,0.264637"
base,RACExRELIG,RACExRELIG :: Mixed Race | Protestant,ECIMPc_W54,3,"0.266654,0.482848,0.250498"
base,RACExRELIG,RACExRELIG :: Refused | Protestant,ECIMPc_W54,3,"0.301138,0.424673,0.274189"
base,RACExRELIG,RACExRELIG :: White | Agnostic,ECIMPc_W54,3,"0.242607,0.482482,0.274910"
base,RACExRELIG,RACExRELIG :: White | Atheist,ECIMPc_W54,3,"0.244724,0.518081,0.237195"
base,RACExRELIG,RACExRELIG :: White | Jewish,ECIMPc_W54,3,"0.285383,0.470517,0.244101"
base,RACExRELIG,RACExRELIG :: White | Mormon,ECIMPc_W54,3,"0.293757,0.454980,0.251264"
base,RACExRELIG,RACExRELIG :: White | Nothing in particular,ECIMPc_W54,3,"0.215061,0.500031,0.284909"
base,RACExRELIG,RACExRELIG :: White | Orthodox,ECIMPc_W54,3,"0.285022,0.455463,0.259515"
base,RACExRELIG,RACExRELIG :: White | Other,ECIMPc_W54,3,"0.240955,0.494408,0.264637"
base,RACExRELIG,RACExRELIG :: White | Protestant,ECIMPc_W54,3,"0.261811,0.459493,0.278696"
base,RACExRELIG,RACExRELIG :: White | Roman Catholic,ECIMPc_W54,3,"0.274069,0.451863,0.274069"
base,RACExRELIG,RACExRELIG :: Asian | Hindu,ECON3_e_W54,4,"0.278797,0.246038,0.369346,0.105819"
base,RACExRELIG,RACExRELIG :: Asian | Nothing in particular,ECON3_e_W54,4,"0.236958,0.244480,0.403079,0.115484"
base,RACExRELIG,RACExRELIG :: Black | Nothing in particular,ECON3_e_W54,4,"0.236958,0.244480,0.403079,0.115484"
base,RACExRELIG,RACExRELIG :: Black | Protestant,ECON3_e_W54,4,"0.301858,0.250249,0.352908,0.094984"
base,RACExRELIG,RACExRELIG :: Black | Roman Catholic,ECON3_e_W54,4,"0.308454,0.255717,0.338770,0.097059"
base,RACExRELIG,RACExRELIG :: Hispanic | Nothing in particular,ECON3_e_W54,4,"0.259589,0.243862,0.377700,0.118849"
base,RACExRELIG,RACExRELIG :: Hispanic | Protestant,ECON3_e_W54,4,"0.335485,0.253238,0.315159,0.096118"
base,RACExRELIG,RACExRELIG :: Hispanic | Roman Catholic,ECON3_e_W54,4,"0.342016,0.258167,0.301828,0.097989"
base,RACExRELIG,RACExRELIG :: Mixed Race | Nothing in particular,ECON3_e_W54,4,"0.242699,0.258352,0.387833,0.111116"
base,RACExRELIG,RACExRELIG :: Mixed Race | Protestant,ECON3_e_W54,4,"0.288852,0.254911,0.359483,0.096753"
base,RACExRELIG,RACExRELIG :: Refused | Protestant,ECON3_e_W54,4,"0.308318,0.211903,0.338621,0.141158"
base,RACExRELIG,RACExRELIG :: White | Agnostic,ECON3_e_W54,4,"0.253283,0.245490,0.392292,0.108936"
base,RACExRELIG,RACExRELIG :: White | Atheist,ECON3_e_W54,4,"0.249293,0.226984,0.398370,0.125353"
base,RACExRELIG,RACExRELIG :: White | Jewish,ECON3_e_W54,4,"0.304611,0.237231,0.356126,0.102032"
base,RACExRELIG,RACExRELIG :: White | Mormon,ECON3_e_W54,4,"0.321034,0.242329,0.341739,0.094898"
base,RACExRELIG,RACExRELIG :: White | Nothing in particular,ECON3_e_W54,4,"0.246202,0.238627,0.405919,0.109252"
base,RACExRELIG,RACExRELIG :: White | Orthodox,ECON3_e_W54,4,"0.303627,0.236465,0.354976,0.104931"
base,RACExRELIG,RACExRELIG :: White | Other,ECON3_e_W54,4,"0.274797,0.235047,0.375603,0.114553"
base,RACExRELIG,RACExRELIG :: White | Protestant,ECON3_e_W54,4,"0.304201,0.244432,0.355646,0.095721"
base,RACExRELIG,RACExRELIG :: White | Roman Catholic,ECON3_e_W54,4,"0.310900,0.249815,0.341457,0.097829"
base,RACExRELIG,RACExRELIG :: Asian | Hindu,ECON4_i_W54,4,"0.399737,0.258090,0.250149,0.092025"
base,RACExRELIG,RACExRELIG :: Asian | Nothing in particular,ECON4_i_W54,4,"0.357653,0.261665,0.287383,0.093299"
base,RACExRELIG,RACExRELIG :: Black | Nothing in particular,ECON4_i_W54,4,"0.378496,0.260136,0.276914,0.084454"
base,RACExRELIG,RACExRELIG :: Black | Protestant,ECON4_i_W54,4,"0.435368,0.255940,0.233036,0.075656"
base,RACExRELIG,RACExRELIG :: Black | Roman Catholic,ECON4_i_W54,4,"0.437454,0.257166,0.226948,0.078431"
base,RACExRELIG,RACExRELIG :: Hispanic | Nothing in particular,ECON4_i_W54,4,"0.400872,0.250859,0.258822,0.089447"
base,RACExRELIG,RACExRELIG :: Hispanic | Protestant,ECON4_i_W54,4,"0.454878,0.251207,0.214869,0.079046"
base,RACExRELIG,RACExRELIG :: Hispanic | Roman Catholic,ECON4_i_W54,4,"0.461495,0.247021,0.211288,0.080196"
base,RACExRELIG,RACExRELIG :: Mixed Race | Nothing in particular,ECON4_i_W54,4,"0.365390,0.275811,0.284566,0.074233"
base,RACExRELIG,RACExRELIG :: Mixed Race | Protestant,ECON4_i_W54,4,"0.412209,0.266142,0.250017,0.071631"
base,RACExRELIG,RACExRELIG :: Refused | Protestant,ECON4_i_W54,4,"0.429512,0.215972,0.252497,0.102018"
base,RACExRELIG,RACExRELIG :: White | Agnostic,ECON4_i_W54,4,"0.367901,0.260881,0.286522,0.084696"
base,RACExRELIG,RACExRELIG :: White | Atheist,ECON4_i_W54,4,"0.378384,0.252058,0.276831,0.092727"
base,RACExRELIG,RACExRELIG :: White | Jewish,ECON4_i_W54,4,"0.417090,0.252978,0.245195,0.084737"
base,RACExRELIG,RACExRELIG :: White | Mormon,ECON4_i_W54,4,"0.418180,0.253639,0.245836,0.082345"
base,RACExRELIG,RACExRELIG :: White | Nothing in particular,ECON4_i_W54,4,"0.349751,0.255884,0.308655,0.085710"
base,RACExRELIG,RACExRELIG :: White | Orthodox,ECON4_i_W54,4,"0.417090,0.252978,0.245195,0.084737"
base,RACExRELIG,RACExRELIG :: White | Other,ECON4_i_W54,4,"0.372791,0.248333,0.290330,0.088546"
base,RACExRELIG,RACExRELIG :: White | Protestant,ECON4_i_W54,4,"0.401896,0.259483,0.259483,0.079138"
base,RACExRELIG,RACExRELIG :: White | Roman Catholic,ECON4_i_W54,4,"0.411654,0.257606,0.249681,0.081059"
base,RACExRELIG,RACExRELIG :: Asian | Hindu,ECON5_f_W54,5,"0.199349,0.199349,0.299259,0.218942,0.083101"
base,RACExRELIG,RACExRELIG :: Asian | Nothing in particular,ECON5_f_W54,5,"0.171113,0.171113,0.300312,0.256871,0.100592"
base,RACExRELIG,RACExRELIG :: Black | Nothing in particular,ECON5_f_W54,5,"0.154618,0.169814,0.307494,0.279976,0.088098"
base,RACExRELIG,RACExRELIG :: Black | Protestant,ECON5_f_W54,5,"0.183755,0.195606,0.302960,0.243435,0.074244"
base,RACExRELIG,RACExRELIG :: Black | Roman Catholic,ECON5_f_W54,5,"0.184518,0.190375,0.294859,0.260212,0.070035"
base,RACExRELIG,RACExRELIG :: Hispanic | Nothing in particular,ECON5_f_W54,5,"0.167429,0.172744,0.293848,0.267552,0.098427"
base,RACExRELIG,RACExRELIG :: Hispanic | Protestant,ECON5_f_W54,5,"0.218171,0.204953,0.271518,0.225097,0.080261"
base,RACExRELIG,RACExRELIG :: Hispanic | Roman Catholic,ECON5_f_W54,5,"0.210704,0.185945,0.270549,0.262225,0.070577"
base,RACExRELIG,RACExRELIG :: Mixed Race | Nothing in particular,ECON5_f_W54,5,"0.162375,0.195862,0.303357,0.251492,0.086913"
base,RACExRELIG,RACExRELIG :: Mixed Race | Protestant,ECON5_f_W54,5,"0.174454,0.210432,0.306177,0.238451,0.070486"
base,RACExRELIG,RACExRELIG :: Refused | Protestant,ECON5_f_W54,5,"0.216387,0.185086,0.269298,0.209729,0.119500"
base,RACExRELIG,RACExRELIG :: White | Agnostic,ECON5_f_W54,5,"0.182187,0.200093,0.300376,0.233933,0.083411"
base,RACExRELIG,RACExRELIG :: White | Atheist,ECON5_f_W54,5,"0.156080,0.166147,0.300853,0.300853,0.076067"
base,RACExRELIG,RACExRELIG :: White | Jewish,ECON5_f_W54,5,"0.195558,0.195558,0.293567,0.243376,0.071942"
base,RACExRELIG,RACExRELIG :: White | Mormon,ECON5_f_W54,5,"0.219781,0.200113,0.265106,0.241382,0.073617"
base,RACExRELIG,RACExRELIG :: White | Nothing in particular,ECON5_f_W54,5,"0.163940,0.180053,0.306280,0.261976,0.087751"
base,RACExRELIG,RACExRELIG :: White | Orthodox,ECON5_f_W54,5,"0.189110,0.201306,0.292899,0.235351,0.081335"
base,RACExRELIG,RACExRELIG :: White | Other,ECON5_f_W54,5,"0.185378,0.197334,0.296234,0.230707,0.090346"
base,RACExRELIG,RACExRELIG :: White | Protestant,ECON5_f_W54,5,"0.205156,0.218387,0.289316,0.211668,0.075473"
base,RACExRELIG,RACExRELIG :: White | Roman Catholic,ECON5_f_W54,5,"0.204084,0.204084,0.287805,0.231258,0.072769"
base,RACExRELIG,RACExRELIG :: Asian | Agnostic,ELECT_CONF3_PRVFR_W92,4,"0.165944,0.282280,0.385832,0.165944"
base,RACExRELIG,RACExRELIG :: Asian | Hindu,ELECT_CONF3_PRVFR_W92,4,"0.187750,0.273175,0.373386,0.165689"
base,RACExRELIG,RACExRELIG :: Asian | Nothing in particular,ELECT_CONF3_PRVFR_W92,4,"0.165307,0.290122,0.384350,0.160221"
base,RACExRELIG,RACExRELIG :: Asian | Protestant,ELECT_CONF3_PRVFR_W92,4,"0.199597,0.281477,0.372897,0.146029"
base,RACExRELIG,RACExRELIG :: Asian | Roman Catholic,ELECT_CONF3_PRVFR_W92,4,"0.196773,0.277495,0.367621,0.158112"
base,RACExRELIG,RACExRELIG :: Black | Nothing in particular,ELECT_CONF3_PRVFR_W92,4,"0.164470,0.288654,0.382405,0.164470"
base,RACExRELIG,RACExRELIG :: Black | Protestant,ELECT_CONF3_PRVFR_W92,4,"0.199597,0.281477,0.372897,0.146029"
base,RACExRELIG,RACExRELIG :: Black | Roman Catholic,ELECT_CONF3_PRVFR_W92,4,"0.197735,0.278851,0.369418,0.153996"
base,RACExRELIG,RACExRELIG :: Hispanic | Nothing in particular,ELECT_CONF3_PRVFR_W92,4,"0.174369,0.287486,0.369140,0.169005"
base,RACExRELIG,RACExRELIG :: Hispanic | Protestant,ELECT_CONF3_PRVFR_W92,4,"0.206488,0.291195,0.351248,0.151070"
base,RACExRELIG,RACExRELIG :: Hispanic | Roman Catholic,ELECT_CONF3_PRVFR_W92,4,"0.210652,0.287927,0.347306,0.154116"
base,RACExRELIG,RACExRELIG :: Mixed Race | Nothing in particular,ELECT_CONF3_PRVFR_W92,4,"0.154988,0.308231,0.371797,0.164984"
base,RACExRELIG,RACExRELIG :: Mixed Race | Protestant,ELECT_CONF3_PRVFR_W92,4,"0.179971,0.306141,0.369277,0.144611"
base,RACExRELIG,RACExRELIG :: Other | Protestant,ELECT_CONF3_PRVFR_W92,4,"0.202836,0.286044,0.367288,0.143832"
base,RACExRELIG,RACExRELIG :: Refused | Protestant,ELECT_CONF3_PRVFR_W92,4,"0.222941,0.252625,0.345297,0.179138"
base,RACExRELIG,RACExRELIG :: White | Agnostic,ELECT_CONF3_PRVFR_W92,4,"0.170534,0.299296,0.384304,0.145865"
base,RACExRELIG,RACExRELIG :: White | Atheist,ELECT_CONF3_PRVFR_W92,4,"0.164767,0.280279,0.395256,0.159698"
base,RACExRELIG,RACExRELIG :: White | Buddhist,ELECT_CONF3_PRVFR_W92,4,"0.191881,0.279185,0.369860,0.159075"
base,RACExRELIG,RACExRELIG :: White | Jewish,ELECT_CONF3_PRVFR_W92,4,"0.200105,0.291151,0.362344,0.146400"
base,RACExRELIG,RACExRELIG :: White | Mormon,ELECT_CONF3_PRVFR_W92,4,"0.206978,0.291886,0.363258,0.137877"
base,RACExRELIG,RACExRELIG :: White | Nothing in particular,ELECT_CONF3_PRVFR_W92,4,"0.169748,0.297917,0.382533,0.149802"
base,RACExRELIG,RACExRELIG :: White | Orthodox,ELECT_CONF3_PRVFR_W92,4,"0.199180,0.289804,0.360667,0.150349"
base,RACExRELIG,RACExRELIG :: White | Other,ELECT_CONF3_PRVFR_W92,4,"0.182698,0.274262,0.386771,0.156270"
base,RACExRELIG,RACExRELIG :: White | Protestant,ELECT_CONF3_PRVFR_W92,4,"0.207860,0.293130,0.364806,0.134205"
base,RACExRELIG,RACExRELIG :: White | Roman Catholic,ELECT_CONF3_PRVFR_W92,4,"0.211236,0.288726,0.359325,0.140714"
base,RACExRELIG,RACExRELIG :: Asian | Agnostic,FAMSURV10c_W50,4,"0.193663,0.309473,0.350679,0.146185"
base,RACExRELIG,RACExRELIG :: Asian | Hindu,FAMSURV10c_W50,4,"0.191904,0.336801,0.326439,0.144856"
base,RACExRELIG,RACExRELIG :: Asian | Nothing in particular,FAMSURV10c_W50,4,"0.163712,0.335916,0.346579,0.153793"
base,RACExRELIG,RACExRELIG :: Asian | Protestant,FAMSURV10c_W50,4,"0.201402,0.342596,0.321839,0.134163"
base,RACExRELIG,RACExRELIG :: Black | Nothing in particular,FAMSURV10c_W50,4,"0.163780,0.325716,0.346723,0.163780"
base,RACExRELIG,RACExRELIG :: Black | Protestant,FAMSURV10c_W50,4,"0.205605,0.338985,0.318447,0.136962"
base,RACExRELIG,RACExRELIG :: Black | Roman Catholic,FAMSURV10c_W50,4,"0.205605,0.338985,0.318447,0.136962"
base,RACExRELIG,RACExRELIG :: Hispanic | Nothing in particular,FAMSURV10c_W50,4,"0.163798,0.325750,0.336091,0.174362"
base,RACExRELIG,RACExRELIG :: Hispanic | Protestant,FAMSURV10c_W50,4,"0.206811,0.340974,0.300909,0.151306"
base,RACExRELIG,RACExRELIG :: Hispanic | Roman Catholic,FAMSURV10c_W50,4,"0.206811,0.340974,0.300909,0.151306"
base,RACExRELIG,RACExRELIG :: Mixed Race | Nothing in particular,FAMSURV10c_W50,4,"0.167224,0.332564,0.343121,0.157092"
base,RACExRELIG,RACExRELIG :: Mixed Race | Protestant,FAMSURV10c_W50,4,"0.206542,0.330053,0.330053,0.133353"
base,RACExRELIG,RACExRELIG :: Mixed Race | Roman Catholic,FAMSURV10c_W50,4,"0.209529,0.334826,0.324525,0.131120"
base,RACExRELIG,RACExRELIG :: Refused | Protestant,FAMSURV10c_W50,4,"0.210762,0.288077,0.326434,0.174727"
base,RACExRELIG,RACExRELIG :: White | Agnostic,FAMSURV10c_W50,4,"0.193850,0.319605,0.340218,0.146326"
base,RACExRELIG,RACExRELIG :: White | Atheist,FAMSURV10c_W50,4,"0.182504,0.320304,0.320304,0.176889"
base,RACExRELIG,RACExRELIG :: White | Buddhist,FAMSURV10c_W50,4,"0.194986,0.331682,0.321477,0.151855"
base,RACExRELIG,RACExRELIG :: White | Jewish,FAMSURV10c_W50,4,"0.210756,0.336787,0.316382,0.136074"
base,RACExRELIG,RACExRELIG :: White | Mormon,FAMSURV10c_W50,4,"0.229908,0.334515,0.304579,0.130998"
base,RACExRELIG,RACExRELIG :: White | Nothing in particular,FAMSURV10c_W50,4,"0.168036,0.344787,0.334179,0.152998"
base,RACExRELIG,RACExRELIG :: White | Orthodox,FAMSURV10c_W50,4,"0.219440,0.329419,0.309460,0.141681"
base,RACExRELIG,RACExRELIG :: White | Other,FAMSURV10c_W50,4,"0.181553,0.339185,0.328750,0.150513"
base,RACExRELIG,RACExRELIG :: White | Protestant,FAMSURV10c_W50,4,"0.211439,0.348604,0.307642,0.132315"
base,RACExRELIG,RACExRELIG :: White | Roman Catholic,FAMSURV10c_W50,4,"0.211439,0.348604,0.307642,0.132315"
base,RACExRELIG,RACExRELIG :: Asian | Agnostic,FAMSURV11M_W50,3,"0.514447,0.342696,0.142857"
base,RACExRELIG,RACExRELIG :: Asian | Hindu,FAMSURV11M_W50,3,"0.555557,0.316547,0.127896"
base,RACExRELIG,RACExRELIG :: Asian | Nothing in particular,FAMSURV11M_W50,3,"0.540910,0.317985,0.141105"
base,RACExRELIG,RACExRELIG :: Asian | Protestant,FAMSURV11M_W50,3,"0.583243,0.312187,0.104570"
base,RACExRELIG,RACExRELIG :: Black | Nothing in particular,FAMSURV11M_W50,3,"0.535505,0.324800,0.139695"
base,RACExRELIG,RACExRELIG :: Black | Protestant,FAMSURV11M_W50,3,"0.579336,0.310096,0.110568"
base,RACExRELIG,RACExRELIG :: Black | Roman Catholic,FAMSURV11M_W50,3,"0.573108,0.306762,0.120130"
base,RACExRELIG,RACExRELIG :: Hispanic | Nothing in particular,FAMSURV11M_W50,3,"0.561021,0.309825,0.129154"
base,RACExRELIG,RACExRELIG :: Hispanic | Protestant,FAMSURV11M_W50,3,"0.601998,0.293390,0.104612"
base,RACExRELIG,RACExRELIG :: Hispanic | Roman Catholic,FAMSURV11M_W50,3,"0.601243,0.284007,0.114749"
base,RACExRELIG,RACExRELIG :: Mixed Race | Nothing in particular,FAMSURV11M_W50,3,"0.496502,0.352073,0.151425"
base,RACExRELIG,RACExRELIG :: Mixed Race | Protestant,FAMSURV11M_W50,3,"0.537082,0.346766,0.116152"
base,RACExRELIG,RACExRELIG :: Mixed Race | Roman Catholic,FAMSURV11M_W50,3,"0.538794,0.337169,0.124037"
base,RACExRELIG,RACExRELIG :: Refused | Protestant,FAMSURV11M_W50,3,"0.553925,0.287373,0.158702"
base,RACExRELIG,RACExRELIG :: White | Agnostic,FAMSURV11M_W50,3,"0.544442,0.330221,0.125338"
base,RACExRELIG,RACExRELIG :: White | Atheist,FAMSURV11M_W50,3,"0.482067,0.375434,0.142499"
base,RACExRELIG,RACExRELIG :: White | Buddhist,FAMSURV11M_W50,3,"0.559895,0.319019,0.121086"
base,RACExRELIG,RACExRELIG :: White | Jewish,FAMSURV11M_W50,3,"0.588324,0.295828,0.115848"
base,RACExRELIG,RACExRELIG :: White | Mormon,FAMSURV11M_W50,3,"0.608711,0.278688,0.112600"
base,RACExRELIG,RACExRELIG :: White | Nothing in particular,FAMSURV11M_W50,3,"0.580735,0.301281,0.117983"
base,RACExRELIG,RACExRELIG :: White | Orthodox,FAMSURV11M_W50,3,"0.568702,0.304404,0.126894"
base,RACExRELIG,RACExRELIG :: White | Other,FAMSURV11M_W50,3,"0.591533,0.288290,0.120177"
base,RACExRELIG,RACExRELIG :: White | Protestant,FAMSURV11M_W50,3,"0.626134,0.277845,0.096021"
base,RACExRELIG,RACExRELIG :: White | Roman Catholic,FAMSURV11M_W50,3,"0.612893,0.280603,0.106505"
base,RACExRELIG,RACExRELIG :: Asian | Agnostic,FAMSURV22d_W50,3,"0.252217,0.403042,0.344740"
base,RACExRELIG,RACExRELIG :: Asian | Hindu,FAMSURV22d_W50,3,"0.294240,0.402179,0.303581"
base,RACExRELIG,RACExRELIG :: Asian | Nothing in particular,FAMSURV22d_W50,3,"0.255384,0.395547,0.349069"
base,RACExRELIG,RACExRELIG :: Asian | Protestant,FAMSURV22d_W50,3,"0.302457,0.413410,0.284132"
base,RACExRELIG,RACExRELIG :: Black | Nothing in particular,FAMSURV22d_W50,3,"0.285715,0.390527,0.323758"
base,RACExRELIG,RACExRELIG :: Black | Protestant,FAMSURV22d_W50,3,"0.350090,0.409297,0.240613"
base,RACExRELIG,RACExRELIG :: Black | Roman Catholic,FAMSURV22d_W50,3,"0.361738,0.397292,0.240970"
base,RACExRELIG,RACExRELIG :: Hispanic | Nothing in particular,FAMSURV22d_W50,3,"0.302205,0.376100,0.321695"
base,RACExRELIG,RACExRELIG :: Hispanic | Protestant,FAMSURV22d_W50,3,"0.356203,0.391212,0.252585"
base,RACExRELIG,RACExRELIG :: Hispanic | Roman Catholic,FAMSURV22d_W50,3,"0.368984,0.392782,0.238234"
base,RACExRELIG,RACExRELIG :: Mixed Race | Nothing in particular,FAMSURV22d_W50,3,"0.305226,0.379860,0.314915"
base,RACExRELIG,RACExRELIG :: Mixed Race | Protestant,FAMSURV22d_W50,3,"0.374388,0.398534,0.227078"
base,RACExRELIG,RACExRELIG :: Mixed Race | Roman Catholic,FAMSURV22d_W50,3,"0.381736,0.393853,0.224411"
base,RACExRELIG,RACExRELIG :: Refused | Protestant,FAMSURV22d_W50,3,"0.332900,0.312730,0.354370"
base,RACExRELIG,RACExRELIG :: White | Agnostic,FAMSURV22d_W50,3,"0.268966,0.416582,0.314453"
base,RACExRELIG,RACExRELIG :: White | Atheist,FAMSURV22d_W50,3,"0.276514,0.389947,0.333539"
base,RACExRELIG,RACExRELIG :: White | Buddhist,FAMSURV22d_W50,3,"0.294240,0.402179,0.303581"
base,RACExRELIG,RACExRELIG :: White | Jewish,FAMSURV22d_W50,3,"0.330762,0.411640,0.257598"
base,RACExRELIG,RACExRELIG :: White | Mormon,FAMSURV22d_W50,3,"0.404094,0.379611,0.216296"
base,RACExRELIG,RACExRELIG :: White | Nothing in particular,FAMSURV22d_W50,3,"0.275930,0.401476,0.322595"
base,RACExRELIG,RACExRELIG :: White | Orthodox,FAMSURV22d_W50,3,"0.344740,0.403042,0.252217"
base,RACExRELIG,RACExRELIG :: White | Other,FAMSURV22d_W50,3,"0.320848,0.387017,0.292135"
base,RACExRELIG,RACExRELIG :: White | Protestant,FAMSURV22d_W50,3,"0.352701,0.412349,0.234950"
base,RACExRELIG,RACExRELIG :: White | Roman Catholic,FAMSURV22d_W50,3,"0.359868,0.407784,0.232348"
base,RACExRELIG,RACExRELIG :: Asian | Agnostic,FAMSURV26b_W50,4,"0.128768,0.350029,0.308899,0.212303"
base,RACExRELIG,RACExRELIG :: Asian | Hindu,FAMSURV26b_W50,4,"0.157125,0.401233,0.284517,0.157125"
base,RACExRELIG,RACExRELIG :: Asian | Nothing in particular,FAMSURV26b_W50,4,"0.115497,0.344809,0.323918,0.215776"
base,RACExRELIG,RACExRELIG :: Asian | Protestant,FAMSURV26b_W50,4,"0.128141,0.394703,0.307395,0.169760"
base,RACExRELIG,RACExRELIG :: Black | Nothing in particular,FAMSURV26b_W50,4,"0.122415,0.343322,0.312598,0.221665"
base,RACExRELIG,RACExRELIG :: Black | Protestant,FAMSURV26b_W50,4,"0.144374,0.404907,0.287122,0.163597"
base,RACExRELIG,RACExRELIG :: Black | Roman Catholic,FAMSURV26b_W50,4,"0.151488,0.399118,0.283017,0.166377"
base,RACExRELIG,RACExRELIG :: Hispanic | Nothing in particular,FAMSURV26b_W50,4,"0.125938,0.353202,0.292815,0.228045"
base,RACExRELIG,RACExRELIG :: Hispanic | Protestant,FAMSURV26b_W50,4,"0.158498,0.392286,0.269614,0.179602"
base,RACExRELIG,RACExRELIG :: Hispanic | Roman Catholic,FAMSURV26b_W50,4,"0.167239,0.401187,0.259026,0.172548"
base,RACExRELIG,RACExRELIG :: Mixed Race | Nothing in particular,FAMSURV26b_W50,4,"0.114711,0.342463,0.321715,0.221111"
base,RACExRELIG,RACExRELIG :: Mixed Race | Protestant,FAMSURV26b_W50,4,"0.145080,0.382235,0.297685,0.175000"
base,RACExRELIG,RACExRELIG :: Mixed Race | Roman Catholic,FAMSURV26b_W50,4,"0.145865,0.384304,0.299296,0.170534"
base,RACExRELIG,RACExRELIG :: Refused | Protestant,FAMSURV26b_W50,4,"0.198526,0.337704,0.271353,0.192418"
base,RACExRELIG,RACExRELIG :: White | Agnostic,FAMSURV26b_W50,4,"0.115042,0.343452,0.312717,0.228789"
base,RACExRELIG,RACExRELIG :: White | Atheist,FAMSURV26b_W50,4,"0.117597,0.300294,0.291055,0.291055"
base,RACExRELIG,RACExRELIG :: White | Buddhist,FAMSURV26b_W50,4,"0.123097,0.356193,0.304668,0.216042"
base,RACExRELIG,RACExRELIG :: White | Jewish,FAMSURV26b_W50,4,"0.129536,0.374826,0.301181,0.194457"
base,RACExRELIG,RACExRELIG :: White | Mormon,FAMSURV26b_W50,4,"0.148222,0.378499,0.276916,0.196363"
base,RACExRELIG,RACExRELIG :: White | Nothing in particular,FAMSURV26b_W50,4,"0.103551,0.318959,0.329084,0.248406"
base,RACExRELIG,RACExRELIG :: White | Orthodox,FAMSURV26b_W50,4,"0.146066,0.384832,0.281549,0.187552"
base,RACExRELIG,RACExRELIG :: White | Other,FAMSURV26b_W50,4,"0.133182,0.350887,0.309656,0.206276"
base,RACExRELIG,RACExRELIG :: White | Protestant,FAMSURV26b_W50,4,"0.123335,0.391957,0.305257,0.179451"
base,RACExRELIG,RACExRELIG :: White | Roman Catholic,FAMSURV26b_W50,4,"0.130253,0.388864,0.302848,0.178035"
base,RACExRELIG,RACExRELIG :: Asian | Agnostic,FAMSURV27c_W50,4,"0.151214,0.340767,0.273814,0.234205"
base,RACExRELIG,RACExRELIG :: Asian | Hindu,FAMSURV27c_W50,4,"0.149343,0.369626,0.270424,0.210607"
base,RACExRELIG,RACExRELIG :: Asian | Nothing in particular,FAMSURV27c_W50,4,"0.129579,0.320711,0.292011,0.257699"
base,RACExRELIG,RACExRELIG :: Black | Nothing in particular,FAMSURV27c_W50,4,"0.135084,0.334337,0.285973,0.244606"
base,RACExRELIG,RACExRELIG :: Black | Protestant,FAMSURV27c_W50,4,"0.154450,0.382267,0.271068,0.192216"
base,RACExRELIG,RACExRELIG :: Black | Roman Catholic,FAMSURV27c_W50,4,"0.154796,0.383124,0.263317,0.198762"
base,RACExRELIG,RACExRELIG :: Hispanic | Nothing in particular,FAMSURV27c_W50,4,"0.134418,0.322452,0.267322,0.275808"
base,RACExRELIG,RACExRELIG :: Hispanic | Protestant,FAMSURV27c_W50,4,"0.163208,0.367795,0.252782,0.216215"
base,RACExRELIG,RACExRELIG :: Hispanic | Roman Catholic,FAMSURV27c_W50,4,"0.166874,0.376056,0.242800,0.214270"
base,RACExRELIG,RACExRELIG :: Mixed Race | Nothing in particular,FAMSURV27c_W50,4,"0.137659,0.320067,0.300675,0.241599"
base,RACExRELIG,RACExRELIG :: Mixed Race | Protestant,FAMSURV27c_W50,4,"0.162721,0.355415,0.285584,0.196279"
base,RACExRELIG,RACExRELIG :: Refused | Protestant,FAMSURV27c_W50,4,"0.210717,0.316324,0.262242,0.210717"
base,RACExRELIG,RACExRELIG :: White | Agnostic,FAMSURV27c_W50,4,"0.133666,0.341327,0.282970,0.242037"
base,RACExRELIG,RACExRELIG :: White | Atheist,FAMSURV27c_W50,4,"0.138336,0.302155,0.266651,0.292858"
base,RACExRELIG,RACExRELIG :: White | Jewish,FAMSURV27c_W50,4,"0.143856,0.356047,0.277289,0.222808"
base,RACExRELIG,RACExRELIG :: White | Mormon,FAMSURV27c_W50,4,"0.161909,0.364867,0.258730,0.214494"
base,RACExRELIG,RACExRELIG :: White | Nothing in particular,FAMSURV27c_W50,4,"0.122900,0.313837,0.294823,0.268439"
base,RACExRELIG,RACExRELIG :: White | Orthodox,FAMSURV27c_W50,4,"0.153019,0.355781,0.268558,0.222642"
base,RACExRELIG,RACExRELIG :: White | Other,FAMSURV27c_W50,4,"0.145117,0.327026,0.288600,0.239257"
base,RACExRELIG,RACExRELIG :: White | Protestant,FAMSURV27c_W50,4,"0.142912,0.364938,0.284214,0.207936"
base,RACExRELIG,RACExRELIG :: White | Roman Catholic,FAMSURV27c_W50,4,"0.144173,0.368158,0.277900,0.209770"
base,RACExRELIG,RACExRELIG :: Asian | Agnostic,FAMSURV27d_W50,4,"0.145824,0.360919,0.281084,0.212173"
base,RACExRELIG,RACExRELIG :: Asian | Hindu,FAMSURV27d_W50,4,"0.154450,0.382267,0.271068,0.192216"
base,RACExRELIG,RACExRELIG :: Asian | Nothing in particular,FAMSURV27d_W50,4,"0.125229,0.340406,0.300408,0.233958"
base,RACExRELIG,RACExRELIG :: Black | Nothing in particular,FAMSURV27d_W50,4,"0.132032,0.347859,0.288385,0.231724"
base,RACExRELIG,RACExRELIG :: Black | Protestant,FAMSURV27d_W50,4,"0.159571,0.407479,0.263088,0.169862"
base,RACExRELIG,RACExRELIG :: Black | Roman Catholic,FAMSURV27d_W50,4,"0.155848,0.410604,0.256949,0.176599"
base,RACExRELIG,RACExRELIG :: Hispanic | Nothing in particular,FAMSURV27d_W50,4,"0.130222,0.343089,0.275680,0.251009"
base,RACExRELIG,RACExRELIG :: Hispanic | Protestant,FAMSURV27d_W50,4,"0.161210,0.386722,0.257612,0.194456"
base,RACExRELIG,RACExRELIG :: Hispanic | Roman Catholic,FAMSURV27d_W50,4,"0.160511,0.397270,0.248605,0.193614"
base,RACExRELIG,RACExRELIG :: Mixed Race | Nothing in particular,FAMSURV27d_W50,4,"0.126136,0.342874,0.302586,0.228404"
base,RACExRELIG,RACExRELIG :: Mixed Race | Protestant,FAMSURV27d_W50,4,"0.156770,0.376072,0.283874,0.183283"
base,RACExRELIG,RACExRELIG :: Refused | Protestant,FAMSURV27d_W50,4,"0.207825,0.332103,0.258642,0.201431"
base,RACExRELIG,RACExRELIG :: White | Agnostic,FAMSURV27d_W50,4,"0.129647,0.352417,0.283175,0.234760"
base,RACExRELIG,RACExRELIG :: White | Atheist,FAMSURV27d_W50,4,"0.128710,0.308759,0.272479,0.290052"
base,RACExRELIG,RACExRELIG :: White | Jewish,FAMSURV27d_W50,4,"0.139127,0.366550,0.285469,0.208854"
base,RACExRELIG,RACExRELIG :: White | Mormon,FAMSURV27d_W50,4,"0.158929,0.381251,0.262030,0.197790"
base,RACExRELIG,RACExRELIG :: White | Nothing in particular,FAMSURV27d_W50,4,"0.117064,0.328313,0.298933,0.255691"
base,RACExRELIG,RACExRELIG :: White | Orthodox,FAMSURV27d_W50,4,"0.151273,0.374404,0.273920,0.200404"
base,RACExRELIG,RACExRELIG :: White | Other,FAMSURV27d_W50,4,"0.142866,0.342717,0.293142,0.221275"
base,RACExRELIG,RACExRELIG :: White | Protestant,FAMSURV27d_W50,4,"0.138441,0.388268,0.284063,0.189227"
base,RACExRELIG,RACExRELIG :: White | Roman Catholic,FAMSURV27d_W50,4,"0.137615,0.385950,0.282367,0.194068"
base,RACExRELIG,RACExRELIG :: Asian | Agnostic,FAMSURV28_W50,2,"0.737158,0.262842"
base,RACExRELIG,RACExRELIG :: Asian | Hindu,FAMSURV28_W50,2,"0.766294,0.233706"
base,RACExRELIG,RACExRELIG :: Asian | Nothing in particular,FAMSURV28_W50,2,"0.749087,0.250913"
base,RACExRELIG,RACExRELIG :: Asian | Protestant,FAMSURV28_W50,2,"0.766294,0.233706"
base,RACExRELIG,RACExRELIG :: Black | Nothing in particular,FAMSURV28_W50,2,"0.731059,0.268941"
base,RACExRELIG,RACExRELIG :: Black | Protestant,FAMSURV28_W50,2,"0.749087,0.250913"
base,RACExRELIG,RACExRELIG :: Black | Roman Catholic,FAMSURV28_W50,2,"0.766294,0.233706"
base,RACExRELIG,RACExRELIG :: Hispanic | Nothing in particular,FAMSURV28_W50,2,"0.743168,0.256832"
base,RACExRELIG,RACExRELIG :: Hispanic | Protestant,FAMSURV28_W50,2,"0.749087,0.250913"
base,RACExRELIG,RACExRELIG :: Hispanic | Roman Catholic,FAMSURV28_W50,2,"0.777300,0.222700"
base,RACExRELIG,RACExRELIG :: Mixed Race | Nothing in particular,FAMSURV28_W50,2,"0.754915,0.245085"
base,RACExRELIG,RACExRELIG :: Mixed Race | Protestant,FAMSURV28_W50,2,"0.782663,0.217338"
base,RACExRELIG,RACExRELIG :: Mixed Race | Roman Catholic,FAMSURV28_W50,2,"0.798187,0.201813"
base,RACExRELIG,RACExRELIG :: Refused | Protestant,FAMSURV28_W50,2,"0.718594,0.281406"
base,RACExRELIG,RACExRELIG :: White | Agnostic,FAMSURV28_W50,2,"0.771843,0.228156"
base,RACExRELIG,RACExRELIG :: White | Atheist,FAMSURV28_W50,2,"0.718594,0.281406"
base,RACExRELIG,RACExRELIG :: White | Buddhist,FAMSURV28_W50,2,"0.787931,0.212069"
base,RACExRELIG,RACExRELIG :: White | Jewish,FAMSURV28_W50,2,"0.798187,0.201813"
base,RACExRELIG,RACExRELIG :: White | Mormon,FAMSURV28_W50,2,"0.812867,0.187133"
base,RACExRELIG,RACExRELIG :: White | Nothing in particular,FAMSURV28_W50,2,"0.793106,0.206894"
base,RACExRELIG,RACExRELIG :: White | Orthodox,FAMSURV28_W50,2,"0.777300,0.222700"
base,RACExRELIG,RACExRELIG :: White | Other,FAMSURV28_W50,2,"0.782663,0.217338"
base,RACExRELIG,RACExRELIG :: White | Protestant,FAMSURV28_W50,2,"0.803174,0.196826"
base,RACExRELIG,RACExRELIG :: White | Roman Catholic,FAMSURV28_W50,2,"0.822189,0.177811"
base,RACExRELIG,RACExRELIG :: Asian | Agnostic,FAMSURV2Mb_W50,3,"0.282959,0.545418,0.171623"
base,RACExRELIG,RACExRELIG :: Asian | Hindu,FAMSURV2Mb_W50,3,"0.336318,0.554495,0.109187"
base,RACExRELIG,RACExRELIG :: Asian | Nothing in particular,FAMSURV2Mb_W50,3,"0.265770,0.562636,0.171594"
base,RACExRELIG,RACExRELIG :: Asian | Protestant,FAMSURV2Mb_W50,3,"0.358721,0.538504,0.102775"
base,RACExRELIG,RACExRELIG :: Black | Nothing in particular,FAMSURV2Mb_W50,3,"0.312121,0.530935,0.156944"
base,RACExRELIG,RACExRELIG :: Black | Protestant,FAMSURV2Mb_W50,3,"0.404084,0.502891,0.093025"
base,RACExRELIG,RACExRELIG :: Black | Roman Catholic,FAMSURV2Mb_W50,3,"0.410434,0.495078,0.094487"
base,RACExRELIG,RACExRELIG :: Hispanic | Nothing in particular,FAMSURV2Mb_W50,3,"0.331691,0.530040,0.138269"
base,RACExRELIG,RACExRELIG :: Hispanic | Protestant,FAMSURV2Mb_W50,3,"0.422649,0.494127,0.083225"
base,RACExRELIG,RACExRELIG :: Hispanic | Roman Catholic,FAMSURV2Mb_W50,3,"0.436846,0.479781,0.083373"
base,RACExRELIG,RACExRELIG :: Mixed Race | Nothing in particular,FAMSURV2Mb_W50,3,"0.313635,0.533511,0.152854"
base,RACExRELIG,RACExRELIG :: Mixed Race | Protestant,FAMSURV2Mb_W50,3,"0.395400,0.507703,0.096897"
base,RACExRELIG,RACExRELIG :: Mixed Race | Roman Catholic,FAMSURV2Mb_W50,3,"0.402894,0.501410,0.095696"
base,RACExRELIG,RACExRELIG :: Refused | Protestant,FAMSURV2Mb_W50,3,"0.426332,0.426332,0.147336"
base,RACExRELIG,RACExRELIG :: White | Agnostic,FAMSURV2Mb_W50,3,"0.323366,0.533141,0.143493"
base,RACExRELIG,RACExRELIG :: White | Atheist,FAMSURV2Mb_W50,3,"0.318806,0.493777,0.187417"
base,RACExRELIG,RACExRELIG :: White | Buddhist,FAMSURV2Mb_W50,3,"0.378867,0.501917,0.119216"
base,RACExRELIG,RACExRELIG :: White | Jewish,FAMSURV2Mb_W50,3,"0.416783,0.487268,0.095949"
base,RACExRELIG,RACExRELIG :: White | Mormon,FAMSURV2Mb_W50,3,"0.437969,0.481015,0.081016"
base,RACExRELIG,RACExRELIG :: White | Nothing in particular,FAMSURV2Mb_W50,3,"0.326202,0.537817,0.135981"
base,RACExRELIG,RACExRELIG :: White | Orthodox,FAMSURV2Mb_W50,3,"0.424398,0.480906,0.094696"
base,RACExRELIG,RACExRELIG :: White | Other,FAMSURV2Mb_W50,3,"0.358429,0.521512,0.120059"
base,RACExRELIG,RACExRELIG :: White | Protestant,FAMSURV2Mb_W50,3,"0.415042,0.500637,0.084321"
base,RACExRELIG,RACExRELIG :: White | Roman Catholic,FAMSURV2Mb_W50,3,"0.429173,0.486317,0.084509"
base,RACExRELIG,RACExRELIG :: Asian | Agnostic,FAMSURV32e_W50,4,"0.325458,0.380499,0.203666,0.090376"
base,RACExRELIG,RACExRELIG :: Asian | Hindu,FAMSURV32e_W50,4,"0.348214,0.370672,0.198406,0.082708"
base,RACExRELIG,RACExRELIG :: Asian | Nothing in particular,FAMSURV32e_W50,4,"0.318776,0.384518,0.199485,0.097221"
base,RACExRELIG,RACExRELIG :: Asian | Protestant,FAMSURV32e_W50,4,"0.357110,0.368445,0.197215,0.077230"
base,RACExRELIG,RACExRELIG :: Black | Nothing in particular,FAMSURV32e_W50,4,"0.312974,0.389503,0.202071,0.095452"
base,RACExRELIG,RACExRELIG :: Black | Protestant,FAMSURV32e_W50,4,"0.341536,0.375104,0.207152,0.076207"
base,RACExRELIG,RACExRELIG :: Black | Roman Catholic,FAMSURV32e_W50,4,"0.357110,0.368445,0.197215,0.077230"
base,RACExRELIG,RACExRELIG :: Hispanic | Nothing in particular,FAMSURV32e_W50,4,"0.307283,0.394560,0.198397,0.099760"
base,RACExRELIG,RACExRELIG :: Hispanic | Protestant,FAMSURV32e_W50,4,"0.345032,0.378944,0.196593,0.079431"
base,RACExRELIG,RACExRELIG :: Hispanic | Roman Catholic,FAMSURV32e_W50,4,"0.355111,0.378014,0.190077,0.076798"
base,RACExRELIG,RACExRELIG :: Mixed Race | Nothing in particular,FAMSURV32e_W50,4,"0.362126,0.385482,0.176486,0.075906"
base,RACExRELIG,RACExRELIG :: Mixed Race | Protestant,FAMSURV32e_W50,4,"0.407712,0.359804,0.169959,0.062525"
base,RACExRELIG,RACExRELIG :: Mixed Race | Roman Catholic,FAMSURV32e_W50,4,"0.425053,0.352381,0.161332,0.061235"
base,RACExRELIG,RACExRELIG :: Refused | Protestant,FAMSURV32e_W50,4,"0.307090,0.347979,0.224672,0.120258"
base,RACExRELIG,RACExRELIG :: White | Agnostic,FAMSURV32e_W50,4,"0.363148,0.374675,0.188399,0.073778"
base,RACExRELIG,RACExRELIG :: White | Atheist,FAMSURV32e_W50,4,"0.344210,0.366410,0.202351,0.087030"
base,RACExRELIG,RACExRELIG :: White | Buddhist,FAMSURV32e_W50,4,"0.376860,0.365265,0.183667,0.074208"
base,RACExRELIG,RACExRELIG :: White | Jewish,FAMSURV32e_W50,4,"0.422693,0.339644,0.170783,0.066880"
base,RACExRELIG,RACExRELIG :: White | Mormon,FAMSURV32e_W50,4,"0.482978,0.321733,0.142768,0.052521"
base,RACExRELIG,RACExRELIG :: White | Nothing in particular,FAMSURV32e_W50,4,"0.386951,0.375045,0.166425,0.071579"
base,RACExRELIG,RACExRELIG :: White | Orthodox,FAMSURV32e_W50,4,"0.435670,0.339300,0.160274,0.064757"
base,RACExRELIG,RACExRELIG :: White | Other,FAMSURV32e_W50,4,"0.380723,0.369009,0.179841,0.070427"
base,RACExRELIG,RACExRELIG :: White | Protestant,FAMSURV32e_W50,4,"0.407712,0.359804,0.169959,0.062525"
base,RACExRELIG,RACExRELIG :: White | Roman Catholic,FAMSURV32e_W50,4,"0.419868,0.348083,0.169642,0.062408"
base,RACExRELIG,RACExRELIG :: Asian | Hindu,FINANCEa_W54,2,"0.592667,0.407333"
base,RACExRELIG,RACExRELIG :: Asian | Nothing in particular,FINANCEa_W54,2,"0.554470,0.445530"
base,RACExRELIG,RACExRELIG :: Black | Nothing in particular,FINANCEa_W54,2,"0.523420,0.476580"
base,RACExRELIG,RACExRELIG :: Black | Protestant,FINANCEa_W54,2,"0.600188,0.399812"
base,RACExRELIG,RACExRELIG :: Black | Roman Catholic,FINANCEa_W54,2,"0.600188,0.399812"
base,RACExRELIG,RACExRELIG :: Hispanic | Nothing in particular,FINANCEa_W54,2,"0.523420,0.476580"
base,RACExRELIG,RACExRELIG :: Hispanic | Protestant,FINANCEa_W54,2,"0.585101,0.414899"
base,RACExRELIG,RACExRELIG :: Hispanic | Roman Catholic,FINANCEa_W54,2,"0.600188,0.399812"
base,RACExRELIG,RACExRELIG :: Mixed Race | Nothing in particular,FINANCEa_W54,2,"0.577495,0.422505"
base,RACExRELIG,RACExRELIG :: Mixed Race | Protestant,FINANCEa_W54,2,"0.622459,0.377541"
base,RACExRELIG,RACExRELIG :: Refused | Protestant,FINANCEa_W54,2,"0.538983,0.461017"
base,RACExRELIG,RACExRELIG :: White | Agnostic,FINANCEa_W54,2,"0.600188,0.399812"
base,RACExRELIG,RACExRELIG :: White | Atheist,FINANCEa_W54,2,"0.592667,0.407333"
base,RACExRELIG,RACExRELIG :: White | Jewish,FINANCEa_W54,2,"0.644225,0.355775"
base,RACExRELIG,RACExRELIG :: White | Mormon,FINANCEa_W54,2,"0.685949,0.314051"
base,RACExRELIG,RACExRELIG :: White | Nothing in particular,FINANCEa_W54,2,"0.592667,0.407333"
base,RACExRELIG,RACExRELIG :: White | Orthodox,FINANCEa_W54,2,"0.615088,0.384912"
base,RACExRELIG,RACExRELIG :: White | Other,FINANCEa_W54,2,"0.585101,0.414899"
base,RACExRELIG,RACExRELIG :: White | Protestant,FINANCEa_W54,2,"0.658418,0.341583"
base,RACExRELIG,RACExRELIG :: White | Roman Catholic,FINANCEa_W54,2,"0.665411,0.334589"
base,RACExRELIG,RACExRELIG :: Asian | Hindu,FINANCEc_W54,2,"0.476580,0.523420"
base,RACExRELIG,RACExRELIG :: Asian | Nothing in particular,FINANCEc_W54,2,"0.422505,0.577495"
base,RACExRELIG,RACExRELIG :: Black | Nothing in particular,FINANCEc_W54,2,"0.392337,0.607663"
base,RACExRELIG,RACExRELIG :: Black | Protestant,FINANCEc_W54,2,"0.476580,0.523420"
base,RACExRELIG,RACExRELIG :: Black | Roman Catholic,FINANCEc_W54,2,"0.476580,0.523420"
base,RACExRELIG,RACExRELIG :: Hispanic | Nothing in particular,FINANCEc_W54,2,"0.392337,0.607663"
base,RACExRELIG,RACExRELIG :: Hispanic | Protestant,FINANCEc_W54,2,"0.468791,0.531209"
base,RACExRELIG,RACExRELIG :: Hispanic | Roman Catholic,FINANCEc_W54,2,"0.484380,0.515620"
base,RACExRELIG,RACExRELIG :: Mixed Race | Nothing in particular,FINANCEc_W54,2,"0.437824,0.562177"
base,RACExRELIG,RACExRELIG :: Mixed Race | Protestant,FINANCEc_W54,2,"0.476580,0.523420"
base,RACExRELIG,RACExRELIG :: Refused | Protestant,FINANCEc_W54,2,"0.437824,0.562177"
base,RACExRELIG,RACExRELIG :: White | Agnostic,FINANCEc_W54,2,"0.445530,0.554470"
base,RACExRELIG,RACExRELIG :: White | Atheist,FINANCEc_W54,2,"0.445530,0.554470"
base,RACExRELIG,RACExRELIG :: White | Jewish,FINANCEc_W54,2,"0.507812,0.492188"
base,RACExRELIG,RACExRELIG :: White | Mormon,FINANCEc_W54,2,"0.538983,0.461017"
base,RACExRELIG,RACExRELIG :: White | Nothing in particular,FINANCEc_W54,2,"0.430147,0.569853"
base,RACExRELIG,RACExRELIG :: White | Orthodox,FINANCEc_W54,2,"0.468791,0.531209"
base,RACExRELIG,RACExRELIG :: White | Other,FINANCEc_W54,2,"0.468791,0.531209"
base,RACExRELIG,RACExRELIG :: White | Protestant,FINANCEc_W54,2,"0.500000,0.500000"
base,RACExRELIG,RACExRELIG :: White | Roman Catholic,FINANCEc_W54,2,"0.500000,0.500000"
base,RACExRELIG,RACExRELIG :: Asian | Agnostic,GOVSIZE1_W92,2,"0.644225,0.355775"
base,RACExRELIG,RACExRELIG :: Asian | Hindu,GOVSIZE1_W92,2,"0.629775,0.370225"
base,RACExRELIG,RACExRELIG :: Asian | Nothing in particular,GOVSIZE1_W92,2,"0.651355,0.348645"
base,RACExRELIG,RACExRELIG :: Asian | Protestant,GOVSIZE1_W92,2,"0.622459,0.377541"
base,RACExRELIG,RACExRELIG :: Asian | Roman Catholic,GOVSIZE1_W92,2,"0.637031,0.362969"
base,RACExRELIG,RACExRELIG :: Black | Nothing in particular,GOVSIZE1_W92,2,"0.637031,0.362969"
base,RACExRELIG,RACExRELIG :: Black | Protestant,GOVSIZE1_W92,2,"0.607663,0.392337"
base,RACExRELIG,RACExRELIG :: Black | Roman Catholic,GOVSIZE1_W92,2,"0.622459,0.377541"
base,RACExRELIG,RACExRELIG :: Hispanic | Nothing in particular,GOVSIZE1_W92,2,"0.651355,0.348645"
base,RACExRELIG,RACExRELIG :: Hispanic | Protestant,GOVSIZE1_W92,2,"0.629775,0.370225"
base,RACExRELIG,RACExRELIG :: Hispanic | Roman Catholic,GOVSIZE1_W92,2,"0.622459,0.377541"
base,RACExRELIG,RACExRELIG :: Mixed Race | Nothing in particular,GOVSIZE1_W92,2,"0.629775,0.370225"
base,RACExRELIG,RACExRELIG :: Mixed Race | Protestant,GOVSIZE1_W92,2,"0.615088,0.384912"
base,RACExRELIG,RACExRELIG :: Other | Protestant,GOVSIZE1_W92,2,"0.637031,0.362969"
base,RACExRELIG,RACExRELIG :: Refused | Protestant,GOVSIZE1_W92,2,"0.651355,0.348645"
base,RACExRELIG,RACExRELIG :: White | Agnostic,GOVSIZE1_W92,2,"0.637031,0.362969"
base,RACExRELIG,RACExRELIG :: White | Atheist,GOVSIZE1_W92,2,"0.637031,0.362969"
base,RACExRELIG,RACExRELIG :: White | Buddhist,GOVSIZE1_W92,2,"0.644225,0.355775"
base,RACExRELIG,RACExRELIG :: White | Jewish,GOVSIZE1_W92,2,"0.629775,0.370225"
base,RACExRELIG,RACExRELIG :: White | Mormon,GOVSIZE1_W92,2,"0.622459,0.377541"
base,RACExRELIG,RACExRELIG :: White | Nothing in particular,GOVSIZE1_W92,2,"0.651355,0.348645"
base,RACExRELIG,RACExRELIG :: White | Orthodox,GOVSIZE1_W92,2,"0.629775,0.370225"
base,RACExRELIG,RACExRELIG :: White | Other,GOVSIZE1_W92,2,"0.637031,0.362969"
base,RACExRELIG,RACExRELIG :: White | Protestant,GOVSIZE1_W92,2,"0.629775,0.370225"
base,RACExRELIG,RACExRELIG :: White | Roman Catholic,GOVSIZE1_W92,2,"0.637031,0.362969"
base,RACExRELIG,RACExRELIG :: Asian | Agnostic,IDIMPORT_W43,5,"0.172612,0.302944,0.251149,0.183745,0.089550"
base,RACExRELIG,RACExRELIG :: Asian | Hindu,IDIMPORT_W43,5,"0.190144,0.323445,0.244149,0.167801,0.074461"
base,RACExRELIG,RACExRELIG :: Asian | Nothing in particular,IDIMPORT_W43,5,"0.163611,0.278312,0.245610,0.210081,0.102385"
base,RACExRELIG,RACExRELIG :: Asian | Protestant,IDIMPORT_W43,5,"0.170165,0.317911,0.271923,0.170165,0.069836"
base,RACExRELIG,RACExRELIG :: Asian | Roman Catholic,IDIMPORT_W43,5,"0.164810,0.317680,0.263366,0.181009,0.073134"
base,RACExRELIG,RACExRELIG :: Black | Nothing in particular,IDIMPORT_W43,5,"0.175771,0.308488,0.240251,0.187107,0.088383"
base,RACExRELIG,RACExRELIG :: Black | Protestant,IDIMPORT_W43,5,"0.193307,0.339264,0.264219,0.141426,0.061785"
base,RACExRELIG,RACExRELIG :: Black | Roman Catholic,IDIMPORT_W43,5,"0.183014,0.341915,0.258091,0.151724,0.065256"
base,RACExRELIG,RACExRELIG :: Hispanic | Agnostic,IDIMPORT_W43,5,"0.173813,0.295667,0.237575,0.196956,0.095989"
base,RACExRELIG,RACExRELIG :: Hispanic | Atheist,IDIMPORT_W43,5,"0.174631,0.270473,0.224230,0.210645,0.120022"
base,RACExRELIG,RACExRELIG :: Hispanic | Nothing in particular,IDIMPORT_W43,5,"0.169437,0.254355,0.224467,0.231593,0.120149"
base,RACExRELIG,RACExRELIG :: Hispanic | Protestant,IDIMPORT_W43,5,"0.180687,0.297902,0.254809,0.186422,0.080179"
base,RACExRELIG,RACExRELIG :: Hispanic | Roman Catholic,IDIMPORT_W43,5,"0.187252,0.318527,0.248069,0.170495,0.075657"
base,RACExRELIG,RACExRELIG :: Other | Nothing in particular,IDIMPORT_W43,5,"0.155360,0.226048,0.248265,0.233223,0.137105"
base,RACExRELIG,RACExRELIG :: Other | Protestant,IDIMPORT_W43,5,"0.171871,0.258009,0.283368,0.194756,0.091996"
base,RACExRELIG,RACExRELIG :: White | Agnostic,IDIMPORT_W43,5,"0.151689,0.292389,0.266223,0.194773,0.094925"
base,RACExRELIG,RACExRELIG :: White | Atheist,IDIMPORT_W43,5,"0.150099,0.263431,0.247471,0.218392,0.120608"
base,RACExRELIG,RACExRELIG :: White | Jewish,IDIMPORT_W43,5,"0.173601,0.304679,0.260606,0.179111,0.082003"
base,RACExRELIG,RACExRELIG :: White | Mormon,IDIMPORT_W43,5,"0.164268,0.306893,0.270832,0.180413,0.077595"
base,RACExRELIG,RACExRELIG :: White | Nothing in particular,IDIMPORT_W43,5,"0.146761,0.257574,0.257574,0.227309,0.110781"
base,RACExRELIG,RACExRELIG :: White | Other,IDIMPORT_W43,5,"0.166571,0.283347,0.266180,0.194742,0.089159"
base,RACExRELIG,RACExRELIG :: White | Protestant,IDIMPORT_W43,5,"0.157633,0.303846,0.285437,0.178622,0.074461"
base,RACExRELIG,RACExRELIG :: White | Roman Catholic,IDIMPORT_W43,5,"0.155077,0.318198,0.272169,0.181303,0.073253"
base,RACExRELIG,RACExRELIG :: Asian | Hindu,INEQ10_W54,2,"0.615088,0.384912"
base,RACExRELIG,RACExRELIG :: Asian | Nothing in particular,INEQ10_W54,2,"0.569853,0.430147"
base,RACExRELIG,RACExRELIG :: Black | Nothing in particular,INEQ10_W54,2,"0.585101,0.414899"
base,RACExRELIG,RACExRELIG :: Black | Protestant,INEQ10_W54,2,"0.629775,0.370225"
base,RACExRELIG,RACExRELIG :: Black | Roman Catholic,INEQ10_W54,2,"0.637031,0.362969"
base,RACExRELIG,RACExRELIG :: Hispanic | Nothing in particular,INEQ10_W54,2,"0.569853,0.430147"
base,RACExRELIG,RACExRELIG :: Hispanic | Protestant,INEQ10_W54,2,"0.607663,0.392337"
base,RACExRELIG,RACExRELIG :: Hispanic | Roman Catholic,INEQ10_W54,2,"0.629775,0.370225"
base,RACExRELIG,RACExRELIG :: Mixed Race | Nothing in particular,INEQ10_W54,2,"0.600188,0.399812"
base,RACExRELIG,RACExRELIG :: Mixed Race | Protestant,INEQ10_W54,2,"0.622459,0.377541"
base,RACExRELIG,RACExRELIG :: Refused | Protestant,INEQ10_W54,2,"0.585101,0.414899"
base,RACExRELIG,RACExRELIG :: White | Agnostic,INEQ10_W54,2,"0.577495,0.422505"
base,RACExRELIG,RACExRELIG :: White | Atheist,INEQ10_W54,2,"0.538983,0.461017"
base,RACExRELIG,RACExRELIG :: White | Jewish,INEQ10_W54,2,"0.622459,0.377541"
base,RACExRELIG,RACExRELIG :: White | Mormon,INEQ10_W54,2,"0.615088,0.384912"
base,RACExRELIG,RACExRELIG :: White | Nothing in particular,INEQ10_W54,2,"0.569853,0.430147"
base,RACExRELIG,RACExRELIG :: White | Orthodox,INEQ10_W54,2,"0.600188,0.399812"
base,RACExRELIG,RACExRELIG :: White | Other,INEQ10_W54,2,"0.615088,0.384912"
base,RACExRELIG,RACExRELIG :: White | Protestant,INEQ10_W54,2,"0.615088,0.384912"
base,RACExRELIG,RACExRELIG :: White | Roman Catholic,INEQ10_W54,2,"0.622459,0.377541"
base,RACExRELIG,RACExRELIG :: Asian | Hindu,INEQ2_W54,2,"0.718594,0.281406"
base,RACExRELIG,RACExRELIG :: Asian | Nothing in particular,INEQ2_W54,2,"0.685949,0.314051"
base,RACExRELIG,RACExRELIG :: Black | Nothing in particular,INEQ2_W54,2,"0.685949,0.314051"
base,RACExRELIG,RACExRELIG :: Black | Protestant,INEQ2_W54,2,"0.712232,0.287768"
base,RACExRELIG,RACExRELIG :: Black | Roman Catholic,INEQ2_W54,2,"0.705785,0.294215"
base,RACExRELIG,RACExRELIG :: Hispanic | Nothing in particular,INEQ2_W54,2,"0.692642,0.307358"
base,RACExRELIG,RACExRELIG :: Hispanic | Protestant,INEQ2_W54,2,"0.712232,0.287768"
base,RACExRELIG,RACExRELIG :: Hispanic | Roman Catholic,INEQ2_W54,2,"0.712232,0.287768"
base,RACExRELIG,RACExRELIG :: Mixed Race | Nothing in particular,INEQ2_W54,2,"0.705785,0.294215"
base,RACExRELIG,RACExRELIG :: Mixed Race | Protestant,INEQ2_W54,2,"0.731059,0.268941"
base,RACExRELIG,RACExRELIG :: Refused | Protestant,INEQ2_W54,2,"0.705785,0.294215"
base,RACExRELIG,RACExRELIG :: White | Agnostic,INEQ2_W54,2,"0.705785,0.294215"
base,RACExRELIG,RACExRELIG :: White | Atheist,INEQ2_W54,2,"0.679179,0.320821"
base,RACExRELIG,RACExRELIG :: White | Jewish,INEQ2_W54,2,"0.718594,0.281406"
base,RACExRELIG,RACExRELIG :: White | Mormon,INEQ2_W54,2,"0.731059,0.268941"
base,RACExRELIG,RACExRELIG :: White | Nothing in particular,INEQ2_W54,2,"0.712232,0.287768"
base,RACExRELIG,RACExRELIG :: White | Orthodox,INEQ2_W54,2,"0.718594,0.281406"
base,RACExRELIG,RACExRELIG :: White | Other,INEQ2_W54,2,"0.712232,0.287768"
base,RACExRELIG,RACExRELIG :: White | Protestant,INEQ2_W54,2,"0.743168,0.256832"
base,RACExRELIG,RACExRELIG :: White | Roman Catholic,INEQ2_W54,2,"0.743168,0.256832"
base,RACExRELIG,RACExRELIG :: Asian | Hindu,INEQ5_k_W54,4,"0.398405,0.300732,0.241645,0.059218"
base,RACExRELIG,RACExRELIG :: Asian | Nothing in particular,INEQ5_k_W54,4,"0.337228,0.316796,0.279572,0.066404"
base,RACExRELIG,RACExRELIG :: Black | Nothing in particular,INEQ5_k_W54,4,"0.386967,0.320807,0.234708,0.057518"
base,RACExRELIG,RACExRELIG :: Black | Protestant,INEQ5_k_W54,4,"0.417006,0.305088,0.223207,0.054699"
base,RACExRELIG,RACExRELIG :: Black | Roman Catholic,INEQ5_k_W54,4,"0.412297,0.311218,0.220687,0.055798"
base,RACExRELIG,RACExRELIG :: Hispanic | Nothing in particular,INEQ5_k_W54,4,"0.345725,0.314786,0.269251,0.070238"
base,RACExRELIG,RACExRELIG :: Hispanic | Protestant,INEQ5_k_W54,4,"0.392376,0.305583,0.237988,0.064054"
base,RACExRELIG,RACExRELIG :: Hispanic | Roman Catholic,INEQ5_k_W54,4,"0.395270,0.307837,0.232367,0.064526"
base,RACExRELIG,RACExRELIG :: Mixed Race | Nothing in particular,INEQ5_k_W54,4,"0.404047,0.334967,0.209617,0.051369"
base,RACExRELIG,RACExRELIG :: Mixed Race | Protestant,INEQ5_k_W54,4,"0.420010,0.317040,0.211194,0.051755"
base,RACExRELIG,RACExRELIG :: Refused | Protestant,INEQ5_k_W54,4,"0.336042,0.261710,0.305970,0.096278"
base,RACExRELIG,RACExRELIG :: White | Agnostic,INEQ5_k_W54,4,"0.324080,0.324080,0.285999,0.065841"
base,RACExRELIG,RACExRELIG :: White | Atheist,INEQ5_k_W54,4,"0.331358,0.311282,0.283425,0.073936"
base,RACExRELIG,RACExRELIG :: White | Jewish,INEQ5_k_W54,4,"0.380534,0.305767,0.253490,0.060209"
base,RACExRELIG,RACExRELIG :: White | Mormon,INEQ5_k_W54,4,"0.359505,0.298040,0.279983,0.062473"
base,RACExRELIG,RACExRELIG :: White | Nothing in particular,INEQ5_k_W54,4,"0.337426,0.327045,0.271130,0.064399"
base,RACExRELIG,RACExRELIG :: White | Orthodox,INEQ5_k_W54,4,"0.378343,0.313657,0.244277,0.063723"
base,RACExRELIG,RACExRELIG :: White | Other,INEQ5_k_W54,4,"0.342795,0.312118,0.275444,0.069643"
base,RACExRELIG,RACExRELIG :: White | Protestant,INEQ5_k_W54,4,"0.354319,0.312685,0.267454,0.065542"
base,RACExRELIG,RACExRELIG :: White | Roman Catholic,INEQ5_k_W54,4,"0.368133,0.314881,0.253014,0.063972"
base,RACExRELIG,RACExRELIG :: Asian | Hindu,INEQ9_W54,2,"0.554470,0.445530"
base,RACExRELIG,RACExRELIG :: Asian | Nothing in particular,INEQ9_W54,2,"0.523420,0.476580"
base,RACExRELIG,RACExRELIG :: Black | Nothing in particular,INEQ9_W54,2,"0.531209,0.468791"
base,RACExRELIG,RACExRELIG :: Black | Protestant,INEQ9_W54,2,"0.562177,0.437824"
base,RACExRELIG,RACExRELIG :: Black | Roman Catholic,INEQ9_W54,2,"0.562177,0.437824"
base,RACExRELIG,RACExRELIG :: Hispanic | Nothing in particular,INEQ9_W54,2,"0.531209,0.468791"
base,RACExRELIG,RACExRELIG :: Hispanic | Protestant,INEQ9_W54,2,"0.562177,0.437824"
base,RACExRELIG,RACExRELIG :: Hispanic | Roman Catholic,INEQ9_W54,2,"0.562177,0.437824"
base,RACExRELIG,RACExRELIG :: Mixed Race | Nothing in particular,INEQ9_W54,2,"0.531209,0.468791"
base,RACExRELIG,RACExRELIG :: Mixed Race | Protestant,INEQ9_W54,2,"0.546738,0.453262"
base,RACExRELIG,RACExRELIG :: Refused | Protestant,INEQ9_W54,2,"0.562177,0.437824"
base,RACExRELIG,RACExRELIG :: White | Agnostic,INEQ9_W54,2,"0.531209,0.468791"
base,RACExRELIG,RACExRELIG :: White | Atheist,INEQ9_W54,2,"0.538983,0.461017"
base,RACExRELIG,RACExRELIG :: White | Jewish,INEQ9_W54,2,"0.554470,0.445530"
base,RACExRELIG,RACExRELIG :: White | Mormon,INEQ9_W54,2,"0.538983,0.461017"
base,RACExRELIG,RACExRELIG :: White | Nothing in particular,INEQ9_W54,2,"0.523420,0.476580"
base,RACExRELIG,RACExRELIG :: White | Orthodox,INEQ9_W54,2,"0.546738,0.453262"
base,RACExRELIG,RACExRELIG :: White | Other,INEQ9_W54,2,"0.554470,0.445530"
base,RACExRELIG,RACExRELIG :: White | Protestant,INEQ9_W54,2,"0.562177,0.437824"
base,RACExRELIG,RACExRELIG :: White | Roman Catholic,INEQ9_W54,2,"0.562177,0.437824"
base,RACExRELIG,RACExRELIG :: Asian | Agnostic,INSTN_K12_W92,2,"0.453262,0.546738"
base,RACExRELIG,RACExRELIG :: Asian | Hindu,INSTN_K12_W92,2,"0.507812,0.492188"
base,RACExRELIG,RACExRELIG :: Asian | Nothing in particular,INSTN_K12_W92,2,"0.500000,0.500000"
base,RACExRELIG,RACExRELIG :: Asian | Protestant,INSTN_K12_W92,2,"0.523420,0.476580"
base,RACExRELIG,RACExRELIG :: Asian | Roman Catholic,INSTN_K12_W92,2,"0.507812,0.492188"
base,RACExRELIG,RACExRELIG :: Black | Nothing in particular,INSTN_K12_W92,2,"0.422505,0.577495"
base,RACExRELIG,RACExRELIG :: Black | Protestant,INSTN_K12_W92,2,"0.461017,0.538983"
base,RACExRELIG,RACExRELIG :: Black | Roman Catholic,INSTN_K12_W92,2,"0.476580,0.523420"
base,RACExRELIG,RACExRELIG :: Hispanic | Nothing in particular,INSTN_K12_W92,2,"0.468791,0.531209"
base,RACExRELIG,RACExRELIG :: Hispanic | Protestant,INSTN_K12_W92,2,"0.492188,0.507812"
base,RACExRELIG,RACExRELIG :: Hispanic | Roman Catholic,INSTN_K12_W92,2,"0.515620,0.484380"
base,RACExRELIG,RACExRELIG :: Mixed Race | Nothing in particular,INSTN_K12_W92,2,"0.437824,0.562177"
base,RACExRELIG,RACExRELIG :: Mixed Race | Protestant,INSTN_K12_W92,2,"0.484380,0.515620"
base,RACExRELIG,RACExRELIG :: Other | Protestant,INSTN_K12_W92,2,"0.500000,0.500000"
base,RACExRELIG,RACExRELIG :: Refused | Protestant,INSTN_K12_W92,2,"0.523420,0.476580"
base,RACExRELIG,RACExRELIG :: White | Agnostic,INSTN_K12_W92,2,"0.453262,0.546738"
base,RACExRELIG,RACExRELIG :: White | Atheist,INSTN_K12_W92,2,"0.414899,0.585101"
base,RACExRELIG,RACExRELIG :: White | Buddhist,INSTN_K12_W92,2,"0.507812,0.492188"
base,RACExRELIG,RACExRELIG :: White | Jewish,INSTN_K12_W92,2,"0.492188,0.507812"
base,RACExRELIG,RACExRELIG :: White | Mormon,INSTN_K12_W92,2,"0.507812,0.492188"
base,RACExRELIG,RACExRELIG :: White | Nothing in particular,INSTN_K12_W92,2,"0.476580,0.523420"
base,RACExRELIG,RACExRELIG :: White | Orthodox,INSTN_K12_W92,2,"0.468791,0.531209"
base,RACExRELIG,RACExRELIG :: White | Other,INSTN_K12_W92,2,"0.500000,0.500000"
base,RACExRELIG,RACExRELIG :: White | Protestant,INSTN_K12_W92,2,"0.531209,0.468791"
base,RACExRELIG,RACExRELIG :: White | Roman Catholic,INSTN_K12_W92,2,"0.546738,0.453262"
base,RACExRELIG,RACExRELIG :: Asian | Agnostic,PAR2CHILDa_W92,3,"0.461480,0.211281,0.327239"
base,RACExRELIG,RACExRELIG :: Asian | Hindu,PAR2CHILDa_W92,3,"0.554931,0.174617,0.270452"
base,RACExRELIG,RACExRELIG :: Asian | Nothing in particular,PAR2CHILDa_W92,3,"0.491637,0.180863,0.327501"
base,RACExRELIG,RACExRELIG :: Asian | Protestant,PAR2CHILDa_W92,3,"0.568546,0.162891,0.268562"
base,RACExRELIG,RACExRELIG :: Asian | Roman Catholic,PAR2CHILDa_W92,3,"0.548313,0.167226,0.284461"
base,RACExRELIG,RACExRELIG :: Black | Nothing in particular,PAR2CHILDa_W92,3,"0.505184,0.197833,0.296983"
base,RACExRELIG,RACExRELIG :: Black | Protestant,PAR2CHILDa_W92,3,"0.583955,0.172617,0.243429"
base,RACExRELIG,RACExRELIG :: Black | Roman Catholic,PAR2CHILDa_W92,3,"0.588361,0.173919,0.237719"
base,RACExRELIG,RACExRELIG :: Hispanic | Nothing in particular,PAR2CHILDa_W92,3,"0.499448,0.178084,0.322468"
base,RACExRELIG,RACExRELIG :: Hispanic | Protestant,PAR2CHILDa_W92,3,"0.577950,0.165586,0.256464"
base,RACExRELIG,RACExRELIG :: Hispanic | Roman Catholic,PAR2CHILDa_W92,3,"0.593117,0.159635,0.247248"
base,RACExRELIG,RACExRELIG :: Mixed Race | Nothing in particular,PAR2CHILDa_W92,3,"0.459844,0.224110,0.316046"
base,RACExRELIG,RACExRELIG :: Mixed Race | Protestant,PAR2CHILDa_W92,3,"0.542322,0.193371,0.264307"
base,RACExRELIG,RACExRELIG :: Other | Protestant,PAR2CHILDa_W92,3,"0.507260,0.175304,0.317435"
base,RACExRELIG,RACExRELIG :: Refused | Protestant,PAR2CHILDa_W92,3,"0.478166,0.193196,0.328638"
base,RACExRELIG,RACExRELIG :: White | Agnostic,PAR2CHILDa_W92,3,"0.477580,0.232754,0.289667"
base,RACExRELIG,RACExRELIG :: White | Atheist,PAR2CHILDa_W92,3,"0.465445,0.234041,0.300514"
base,RACExRELIG,RACExRELIG :: White | Buddhist,PAR2CHILDa_W92,3,"0.550208,0.173131,0.276662"
base,RACExRELIG,RACExRELIG :: White | Jewish,PAR2CHILDa_W92,3,"0.561014,0.182135,0.256851"
base,RACExRELIG,RACExRELIG :: White | Mormon,PAR2CHILDa_W92,3,"0.635272,0.170981,0.193747"
base,RACExRELIG,RACExRELIG :: White | Nothing in particular,PAR2CHILDa_W92,3,"0.517649,0.196478,0.285873"
base,RACExRELIG,RACExRELIG :: White | Orthodox,PAR2CHILDa_W92,3,"0.571844,0.174402,0.253754"
base,RACExRELIG,RACExRELIG :: White | Other,PAR2CHILDa_W92,3,"0.503361,0.209832,0.286807"
base,RACExRELIG,RACExRELIG :: White | Protestant,PAR2CHILDa_W92,3,"0.582547,0.166903,0.250550"
base,RACExRELIG,RACExRELIG :: White | Roman Catholic,PAR2CHILDa_W92,3,"0.591527,0.169475,0.238998"
base,RACExRELIG,RACExRELIG :: Asian | Agnostic,RACESURV11_W43,3,"0.490289,0.270763,0.238948"
base,RACExRELIG,RACExRELIG :: Asian | Hindu,RACESURV11_W43,3,"0.502464,0.252655,0.244881"
base,RACExRELIG,RACExRELIG :: Asian | Nothing in particular,RACESURV11_W43,3,"0.479039,0.256411,0.264550"
base,RACExRELIG,RACExRELIG :: Asian | Protestant,RACESURV11_W43,3,"0.521890,0.246523,0.231587"
base,RACExRELIG,RACExRELIG :: Asian | Roman Catholic,RACESURV11_W43,3,"0.522011,0.238994,0.238994"
base,RACExRELIG,RACExRELIG :: Black | Nothing in particular,RACESURV11_W43,3,"0.481874,0.283279,0.234847"
base,RACExRELIG,RACExRELIG :: Black | Protestant,RACESURV11_W43,3,"0.532207,0.259377,0.208415"
base,RACExRELIG,RACExRELIG :: Black | Roman Catholic,RACESURV11_W43,3,"0.535642,0.261051,0.203307"
base,RACExRELIG,RACExRELIG :: Hispanic | Agnostic,RACESURV11_W43,3,"0.473228,0.296139,0.230633"
base,RACExRELIG,RACExRELIG :: Hispanic | Atheist,RACESURV11_W43,3,"0.478607,0.309012,0.212381"
base,RACExRELIG,RACExRELIG :: Hispanic | Nothing in particular,RACESURV11_W43,3,"0.470517,0.285383,0.244101"
base,RACExRELIG,RACExRELIG :: Hispanic | Protestant,RACESURV11_W43,3,"0.516621,0.268019,0.215360"
base,RACExRELIG,RACExRELIG :: Hispanic | Roman Catholic,RACESURV11_W43,3,"0.527861,0.265425,0.206713"
base,RACExRELIG,RACExRELIG :: Other | Nothing in particular,RACESURV11_W43,3,"0.475049,0.270675,0.254276"
base,RACExRELIG,RACExRELIG :: Other | Protestant,RACESURV11_W43,3,"0.514087,0.250546,0.235366"
base,RACExRELIG,RACExRELIG :: White | Agnostic,RACESURV11_W43,3,"0.509544,0.264348,0.226109"
base,RACExRELIG,RACExRELIG :: White | Atheist,RACESURV11_W43,3,"0.503361,0.286807,0.209832"
base,RACExRELIG,RACExRELIG :: White | Jewish,RACESURV11_W43,3,"0.556182,0.239211,0.204608"
base,RACExRELIG,RACExRELIG :: White | Mormon,RACESURV11_W43,3,"0.595044,0.205642,0.199315"
base,RACExRELIG,RACExRELIG :: White | Nothing in particular,RACESURV11_W43,3,"0.510275,0.248688,0.241037"
base,RACExRELIG,RACExRELIG :: White | Other,RACESURV11_W43,3,"0.513113,0.266200,0.220687"
base,RACExRELIG,RACExRELIG :: White | Protestant,RACESURV11_W43,3,"0.548938,0.236095,0.214967"
base,RACExRELIG,RACExRELIG :: White | Roman Catholic,RACESURV11_W43,3,"0.564361,0.228022,0.207617"
base,RACExRELIG,RACExRELIG :: Asian | Agnostic,RACESURV25_W43,4,"0.238897,0.393874,0.270706,0.096523"
base,RACExRELIG,RACExRELIG :: Asian | Hindu,RACESURV25_W43,4,"0.268142,0.390145,0.251896,0.089816"
base,RACExRELIG,RACExRELIG :: Asian | Nothing in particular,RACESURV25_W43,4,"0.219654,0.397741,0.282041,0.100565"
base,RACExRELIG,RACExRELIG :: Asian | Protestant,RACESURV25_W43,4,"0.265276,0.385975,0.265276,0.083473"
base,RACExRELIG,RACExRELIG :: Asian | Roman Catholic,RACESURV25_W43,4,"0.272903,0.384855,0.256369,0.085873"
base,RACExRELIG,RACExRELIG :: Black | Nothing in particular,RACESURV25_W43,4,"0.348294,0.382526,0.204752,0.064428"
base,RACExRELIG,RACExRELIG :: Black | Protestant,RACESURV25_W43,4,"0.404612,0.357069,0.185245,0.053074"
base,RACExRELIG,RACExRELIG :: Black | Roman Catholic,RACESURV25_W43,4,"0.410774,0.351354,0.182280,0.055592"
base,RACExRELIG,RACExRELIG :: Hispanic | Agnostic,RACESURV25_W43,4,"0.278995,0.381341,0.246212,0.093452"
base,RACExRELIG,RACExRELIG :: Hispanic | Atheist,RACESURV25_W43,4,"0.271661,0.359892,0.255202,0.113245"
base,RACExRELIG,RACExRELIG :: Hispanic | Nothing in particular,RACESURV25_W43,4,"0.263355,0.395343,0.247399,0.093902"
base,RACExRELIG,RACExRELIG :: Hispanic | Protestant,RACESURV25_W43,4,"0.314782,0.368018,0.237610,0.079589"
base,RACExRELIG,RACExRELIG :: Hispanic | Roman Catholic,RACESURV25_W43,4,"0.323092,0.366111,0.229106,0.081690"
base,RACExRELIG,RACExRELIG :: Other | Nothing in particular,RACESURV25_W43,4,"0.284717,0.377188,0.251262,0.086834"
base,RACExRELIG,RACExRELIG :: Other | Protestant,RACESURV25_W43,4,"0.334463,0.356034,0.237170,0.072333"
base,RACExRELIG,RACExRELIG :: White | Agnostic,RACESURV25_W43,4,"0.253992,0.393390,0.262054,0.090564"
base,RACExRELIG,RACExRELIG :: White | Atheist,RACESURV25_W43,4,"0.253191,0.368391,0.269521,0.108896"
base,RACExRELIG,RACExRELIG :: White | Jewish,RACESURV25_W43,4,"0.283934,0.376151,0.250571,0.089344"
base,RACExRELIG,RACExRELIG :: White | Mormon,RACESURV25_W43,4,"0.266254,0.375478,0.266254,0.092015"
base,RACExRELIG,RACExRELIG :: White | Nothing in particular,RACESURV25_W43,4,"0.248815,0.397605,0.264862,0.088718"
base,RACExRELIG,RACExRELIG :: White | Other,RACESURV25_W43,4,"0.299891,0.373220,0.240969,0.085920"
base,RACExRELIG,RACExRELIG :: White | Protestant,RACESURV25_W43,4,"0.289916,0.384076,0.247978,0.078030"
base,RACExRELIG,RACExRELIG :: White | Roman Catholic,RACESURV25_W43,4,"0.301460,0.375173,0.242230,0.081137"
base,RACExRELIG,RACExRELIG :: Asian | Agnostic,RACESURV28e_W43,3,"0.656049,0.137515,0.206435"
base,RACExRELIG,RACExRELIG :: Asian | Hindu,RACESURV28e_W43,3,"0.800344,0.084356,0.115300"
base,RACExRELIG,RACExRELIG :: Asian | Nothing in particular,RACESURV28e_W43,3,"0.715869,0.103131,0.181000"
base,RACExRELIG,RACExRELIG :: Asian | Protestant,RACESURV28e_W43,3,"0.782683,0.093478,0.123838"
base,RACExRELIG,RACExRELIG :: Asian | Roman Catholic,RACESURV28e_W43,3,"0.775475,0.089768,0.134757"
base,RACExRELIG,RACExRELIG :: Black | Nothing in particular,RACESURV28e_W43,3,"0.807334,0.079937,0.112729"
base,RACExRELIG,RACExRELIG :: Black | Protestant,RACESURV28e_W43,3,"0.860498,0.064313,0.075189"
base,RACExRELIG,RACExRELIG :: Black | Roman Catholic,RACESURV28e_W43,3,"0.854609,0.065900,0.079491"
base,RACExRELIG,RACExRELIG :: Hispanic | Agnostic,RACESURV28e_W43,3,"0.654402,0.146017,0.199581"
base,RACExRELIG,RACExRELIG :: Hispanic | Atheist,RACESURV28e_W43,3,"0.616036,0.171067,0.212896"
base,RACExRELIG,RACExRELIG :: Hispanic | Nothing in particular,RACESURV28e_W43,3,"0.698133,0.113967,0.187900"
base,RACExRELIG,RACExRELIG :: Hispanic | Protestant,RACESURV28e_W43,3,"0.754938,0.105413,0.139649"
base,RACExRELIG,RACExRELIG :: Hispanic | Roman Catholic,RACESURV28e_W43,3,"0.759790,0.099663,0.140547"
base,RACExRELIG,RACExRELIG :: Other | Nothing in particular,RACESURV28e_W43,3,"0.751711,0.095569,0.152719"
base,RACExRELIG,RACExRELIG :: Other | Protestant,RACESURV28e_W43,3,"0.789286,0.085831,0.124883"
base,RACExRELIG,RACExRELIG :: White | Agnostic,RACESURV28e_W43,3,"0.672742,0.128395,0.198862"
base,RACExRELIG,RACExRELIG :: White | Atheist,RACESURV28e_W43,3,"0.661435,0.143045,0.195520"
base,RACExRELIG,RACExRELIG :: White | Jewish,RACESURV28e_W43,3,"0.798206,0.086801,0.114993"
base,RACExRELIG,RACExRELIG :: White | Mormon,RACESURV28e_W43,3,"0.775475,0.089768,0.134757"
base,RACExRELIG,RACExRELIG :: White | Nothing in particular,RACESURV28e_W43,3,"0.740595,0.094156,0.165249"
base,RACExRELIG,RACExRELIG :: White | Other,RACESURV28e_W43,3,"0.775475,0.089768,0.134757"
base,RACExRELIG,RACExRELIG :: White | Protestant,RACESURV28e_W43,3,"0.792330,0.086162,0.121508"
base,RACExRELIG,RACExRELIG :: White | Roman Catholic,RACESURV28e_W43,3,"0.782980,0.085145,0.131875"
base,RACExRELIG,RACExRELIG :: Asian | Agnostic,RACESURV47f_W43,4,"0.138807,0.322736,0.172748,0.365708"
base,RACExRELIG,RACExRELIG :: Asian | Hindu,RACESURV47f_W43,4,"0.117308,0.281408,0.165431,0.435853"
base,RACExRELIG,RACExRELIG :: Asian | Nothing in particular,RACESURV47f_W43,4,"0.142728,0.331853,0.172163,0.353256"
base,RACExRELIG,RACExRELIG :: Asian | Protestant,RACESURV47f_W43,4,"0.131830,0.306515,0.180191,0.381464"
base,RACExRELIG,RACExRELIG :: Asian | Roman Catholic,RACESURV47f_W43,4,"0.134886,0.313619,0.173197,0.378297"
base,RACExRELIG,RACExRELIG :: Black | Nothing in particular,RACESURV47f_W43,4,"0.162068,0.343099,0.172521,0.322312"
base,RACExRELIG,RACExRELIG :: Black | Protestant,RACESURV47f_W43,4,"0.147290,0.321712,0.177666,0.353331"
base,RACExRELIG,RACExRELIG :: Black | Roman Catholic,RACESURV47f_W43,4,"0.155416,0.329015,0.176109,0.339459"
base,RACExRELIG,RACExRELIG :: Hispanic | Agnostic,RACESURV47f_W43,4,"0.171490,0.341048,0.176934,0.310528"
base,RACExRELIG,RACExRELIG :: Hispanic | Atheist,RACESURV47f_W43,4,"0.187996,0.340416,0.171172,0.300416"
base,RACExRELIG,RACExRELIG :: Hispanic | Nothing in particular,RACESURV47f_W43,4,"0.180326,0.347588,0.174778,0.297308"
base,RACExRELIG,RACExRELIG :: Hispanic | Protestant,RACESURV47f_W43,4,"0.170640,0.328917,0.181645,0.318797"
base,RACExRELIG,RACExRELIG :: Hispanic | Roman Catholic,RACESURV47f_W43,4,"0.169816,0.337719,0.175207,0.317258"
base,RACExRELIG,RACExRELIG :: Other | Nothing in particular,RACESURV47f_W43,4,"0.183179,0.364294,0.177543,0.274984"
base,RACExRELIG,RACExRELIG :: Other | Protestant,RACESURV47f_W43,4,"0.167759,0.344220,0.184248,0.303773"
base,RACExRELIG,RACExRELIG :: White | Agnostic,RACESURV47f_W43,4,"0.167285,0.376983,0.162138,0.293594"
base,RACExRELIG,RACExRELIG :: White | Atheist,RACESURV47f_W43,4,"0.180755,0.370885,0.159515,0.288845"
base,RACExRELIG,RACExRELIG :: White | Jewish,RACESURV47f_W43,4,"0.162509,0.366219,0.167667,0.303606"
base,RACExRELIG,RACExRELIG :: White | Mormon,RACESURV47f_W43,4,"0.175281,0.371069,0.164661,0.288989"
base,RACExRELIG,RACExRELIG :: White | Nothing in particular,RACESURV47f_W43,4,"0.181796,0.384862,0.160434,0.272908"
base,RACExRELIG,RACExRELIG :: White | Other,RACESURV47f_W43,4,"0.174978,0.370429,0.174978,0.279614"
base,RACExRELIG,RACExRELIG :: White | Protestant,RACESURV47f_W43,4,"0.165928,0.362420,0.171195,0.300457"
base,RACExRELIG,RACExRELIG :: White | Roman Catholic,RACESURV47f_W43,4,"0.173687,0.367696,0.163164,0.295452"
base,RACExRELIG,RACExRELIG :: Asian | Agnostic,RACESURV50_W43,2,"0.749087,0.250913"
base,RACExRELIG,RACExRELIG :: Asian | Hindu,RACESURV50_W43,2,"0.766294,0.233706"
base,RACExRELIG,RACExRELIG :: Asian | Nothing in particular,RACESURV50_W43,2,"0.737158,0.262842"
base,RACExRELIG,RACExRELIG :: Asian | Protestant,RACESURV50_W43,2,"0.777300,0.222700"
base,RACExRELIG,RACExRELIG :: Asian | Roman Catholic,RACESURV50_W43,2,"0.771843,0.228156"
base,RACExRELIG,RACExRELIG :: Black | Nothing in particular,RACESURV50_W43,2,"0.724870,0.275130"
base,RACExRELIG,RACExRELIG :: Black | Protestant,RACESURV50_W43,2,"0.787931,0.212069"
base,RACExRELIG,RACExRELIG :: Black | Roman Catholic,RACESURV50_W43,2,"0.782663,0.217338"
base,RACExRELIG,RACExRELIG :: Hispanic | Agnostic,RACESURV50_W43,2,"0.743168,0.256832"
base,RACExRELIG,RACExRELIG :: Hispanic | Atheist,RACESURV50_W43,2,"0.737158,0.262842"
base,RACExRELIG,RACExRELIG :: Hispanic | Nothing in particular,RACESURV50_W43,2,"0.731059,0.268941"
base,RACExRELIG,RACExRELIG :: Hispanic | Protestant,RACESURV50_W43,2,"0.782663,0.217338"
base,RACExRELIG,RACExRELIG :: Hispanic | Roman Catholic,RACESURV50_W43,2,"0.782663,0.217338"
base,RACExRELIG,RACExRELIG :: Other | Nothing in particular,RACESURV50_W43,2,"0.737158,0.262842"
base,RACExRELIG,RACExRELIG :: Other | Protestant,RACESURV50_W43,2,"0.777300,0.222700"
base,RACExRELIG,RACExRELIG :: White | Agnostic,RACESURV50_W43,2,"0.737158,0.262842"
base,RACExRELIG,RACExRELIG :: White | Atheist,RACESURV50_W43,2,"0.731059,0.268941"
base,RACExRELIG,RACExRELIG :: White | Jewish,RACESURV50_W43,2,"0.782663,0.217338"
base,RACExRELIG,RACExRELIG :: White | Mormon,RACESURV50_W43,2,"0.782663,0.217338"
base,RACExRELIG,RACExRELIG :: White | Nothing in particular,RACESURV50_W43,2,"0.731059,0.268941"
base,RACExRELIG,RACExRELIG :: White | Other,RACESURV50_W43,2,"0.760651,0.239349"
base,RACExRELIG,RACExRELIG :: White | Protestant,RACESURV50_W43,2,"0.777300,0.222700"
base,RACExRELIG,RACExRELIG :: White | Roman Catholic,RACESURV50_W43,2,"0.782663,0.217338"
base,RACExRELIG,RACExRELIG :: Asian | Agnostic,RACESURV5a_W43,5,"0.310756,0.242017,0.265804,0.097784,0.083639"
base,RACExRELIG,RACExRELIG :: Asian | Hindu,RACESURV5a_W43,5,"0.265318,0.213189,0.310188,0.110601,0.100703"
base,RACExRELIG,RACExRELIG :: Asian | Nothing in particular,RACESURV5a_W43,5,"0.326564,0.238919,0.231569,0.093562,0.109385"
base,RACExRELIG,RACExRELIG :: Asian | Protestant,RACESURV5a_W43,5,"0.362183,0.241266,0.226649,0.091574,0.078328"
base,RACExRELIG,RACExRELIG :: Asian | Roman Catholic,RACESURV5a_W43,5,"0.323444,0.244148,0.251898,0.108340,0.072170"
base,RACExRELIG,RACExRELIG :: Black | Nothing in particular,RACESURV5a_W43,5,"0.323553,0.215533,0.244231,0.134877,0.081807"
base,RACExRELIG,RACExRELIG :: Black | Protestant,RACESURV5a_W43,5,"0.383627,0.225523,0.218584,0.117000,0.055267"
base,RACExRELIG,RACExRELIG :: Black | Roman Catholic,RACESURV5a_W43,5,"0.371551,0.225357,0.218424,0.136686,0.047981"
base,RACExRELIG,RACExRELIG :: Hispanic | Agnostic,RACESURV5a_W43,5,"0.312053,0.235550,0.258701,0.114798,0.078899"
base,RACExRELIG,RACExRELIG :: Hispanic | Atheist,RACESURV5a_W43,5,"0.241110,0.199888,0.319419,0.150883,0.088700"
base,RACExRELIG,RACExRELIG :: Hispanic | Nothing in particular,RACESURV5a_W43,5,"0.331424,0.207400,0.227784,0.125794,0.107598"
base,RACExRELIG,RACExRELIG :: Hispanic | Protestant,RACESURV5a_W43,5,"0.350888,0.226550,0.233742,0.117533,0.071287"
base,RACExRELIG,RACExRELIG :: Hispanic | Roman Catholic,RACESURV5a_W43,5,"0.355023,0.215332,0.229220,0.134752,0.065673"
base,RACExRELIG,RACExRELIG :: Other | Nothing in particular,RACESURV5a_W43,5,"0.402491,0.208810,0.178604,0.108329,0.101766"
base,RACExRELIG,RACExRELIG :: Other | Protestant,RACESURV5a_W43,5,"0.422714,0.212554,0.187578,0.110271,0.066883"
base,RACExRELIG,RACExRELIG :: White | Agnostic,RACESURV5a_W43,5,"0.381587,0.246371,0.210732,0.112797,0.048513"
base,RACExRELIG,RACExRELIG :: White | Atheist,RACESURV5a_W43,5,"0.352187,0.227389,0.227389,0.142297,0.050737"
base,RACExRELIG,RACExRELIG :: White | Jewish,RACESURV5a_W43,5,"0.560701,0.212818,0.117529,0.078291,0.030659"
base,RACExRELIG,RACExRELIG :: White | Mormon,RACESURV5a_W43,5,"0.601135,0.195160,0.101248,0.069586,0.032870"
base,RACExRELIG,RACExRELIG :: White | Nothing in particular,RACESURV5a_W43,5,"0.534475,0.209303,0.119257,0.087251,0.049714"
base,RACExRELIG,RACExRELIG :: White | Other,RACESURV5a_W43,5,"0.492343,0.205239,0.145536,0.120654,0.036227"
base,RACExRELIG,RACExRELIG :: White | Protestant,RACESURV5a_W43,5,"0.574936,0.205000,0.113212,0.075415,0.031438"
base,RACExRELIG,RACExRELIG :: White | Roman Catholic,RACESURV5a_W43,5,"0.517842,0.222721,0.130931,0.098832,0.029675"
base,RACExRELIG,RACExRELIG :: Asian | Agnostic,RACESURV5j_W43,5,"0.191873,0.224322,0.393698,0.127815,0.062292"
base,RACExRELIG,RACExRELIG :: Asian | Hindu,RACESURV5j_W43,5,"0.298720,0.263620,0.255509,0.113381,0.068769"
base,RACExRELIG,RACExRELIG :: Asian | Nothing in particular,RACESURV5j_W43,5,"0.294033,0.243762,0.251500,0.126462,0.084242"
base,RACExRELIG,RACExRELIG :: Asian | Protestant,RACESURV5j_W43,5,"0.302274,0.266756,0.258549,0.114730,0.057690"
base,RACExRELIG,RACExRELIG :: Asian | Roman Catholic,RACESURV5j_W43,5,"0.312008,0.266875,0.242992,0.122184,0.055940"
base,RACExRELIG,RACExRELIG :: Black | Nothing in particular,RACESURV5j_W43,5,"0.252741,0.216181,0.295484,0.163182,0.072412"
base,RACExRELIG,RACExRELIG :: Black | Protestant,RACESURV5j_W43,5,"0.280506,0.239929,0.280506,0.145524,0.053535"
base,RACExRELIG,RACExRELIG :: Black | Roman Catholic,RACESURV5j_W43,5,"0.298761,0.240061,0.263656,0.145605,0.051917"
base,RACExRELIG,RACExRELIG :: Hispanic | Agnostic,RACESURV5j_W43,5,"0.238956,0.224478,0.326614,0.149535,0.060417"
base,RACExRELIG,RACExRELIG :: Hispanic | Atheist,RACESURV5j_W43,5,"0.203460,0.209918,0.357083,0.163485,0.066054"
base,RACExRELIG,RACExRELIG :: Hispanic | Nothing in particular,RACESURV5j_W43,5,"0.269950,0.223797,0.269950,0.140048,0.096254"
base,RACExRELIG,RACExRELIG :: Hispanic | Protestant,RACESURV5j_W43,5,"0.287748,0.253936,0.270314,0.127687,0.060315"
base,RACExRELIG,RACExRELIG :: Hispanic | Roman Catholic,RACESURV5j_W43,5,"0.319510,0.248835,0.241179,0.133192,0.057285"
base,RACExRELIG,RACExRELIG :: Other | Nothing in particular,RACESURV5j_W43,5,"0.271178,0.211194,0.271178,0.149759,0.096692"
base,RACExRELIG,RACExRELIG :: Other | Protestant,RACESURV5j_W43,5,"0.281354,0.233251,0.281354,0.132902,0.071138"
base,RACExRELIG,RACExRELIG :: White | Agnostic,RACESURV5j_W43,5,"0.194611,0.227523,0.387030,0.125650,0.065186"
base,RACExRELIG,RACExRELIG :: White | Atheist,RACESURV5j_W43,5,"0.196219,0.196219,0.366586,0.173163,0.067812"
base,RACExRELIG,RACExRELIG :: White | Jewish,RACESURV5j_W43,5,"0.289162,0.239723,0.280265,0.128315,0.062536"
base,RACExRELIG,RACExRELIG :: White | Mormon,RACESURV5j_W43,5,"0.281623,0.240885,0.281623,0.133029,0.062839"
base,RACExRELIG,RACExRELIG :: White | Nothing in particular,RACESURV5j_W43,5,"0.257457,0.234417,0.282761,0.133567,0.091799"
base,RACExRELIG,RACExRELIG :: White | Other,RACESURV5j_W43,5,"0.282799,0.213468,0.274098,0.137825,0.091811"
base,RACExRELIG,RACExRELIG :: White | Protestant,RACESURV5j_W43,5,"0.293613,0.251140,0.267337,0.122396,0.065514"
base,RACExRELIG,RACExRELIG :: White | Roman Catholic,RACESURV5j_W43,5,"0.310480,0.249478,0.249478,0.129427,0.061137"
base,RACExRELIG,RACExRELIG :: Asian | Agnostic,RACESURV5l_W43,5,"0.411248,0.249435,0.182490,0.110686,0.046141"
base,RACExRELIG,RACExRELIG :: Asian | Hindu,RACESURV5l_W43,5,"0.466944,0.257871,0.142410,0.097877,0.034899"
base,RACExRELIG,RACExRELIG :: Asian | Nothing in particular,RACESURV5l_W43,5,"0.486449,0.229782,0.135082,0.095788,0.052899"
base,RACExRELIG,RACExRELIG :: Asian | Protestant,RACESURV5l_W43,5,"0.517105,0.222404,0.130745,0.098691,0.031055"
base,RACExRELIG,RACExRELIG :: Asian | Roman Catholic,RACESURV5l_W43,5,"0.501713,0.229701,0.130880,0.108503,0.029203"
base,RACExRELIG,RACExRELIG :: Black | Nothing in particular,RACESURV5l_W43,5,"0.446721,0.217714,0.159283,0.132050,0.044231"
base,RACExRELIG,RACExRELIG :: Black | Protestant,RACESURV5l_W43,5,"0.497080,0.207214,0.142416,0.125682,0.027609"
base,RACExRELIG,RACExRELIG :: Black | Roman Catholic,RACESURV5l_W43,5,"0.496262,0.206873,0.137807,0.133567,0.025492"
base,RACExRELIG,RACExRELIG :: Hispanic | Agnostic,RACESURV5l_W43,5,"0.398072,0.241443,0.182250,0.137570,0.040666"
base,RACExRELIG,RACExRELIG :: Hispanic | Atheist,RACESURV5l_W43,5,"0.343543,0.228849,0.208370,0.172744,0.046494"
base,RACExRELIG,RACExRELIG :: Hispanic | Nothing in particular,RACESURV5l_W43,5,"0.454955,0.214906,0.147702,0.134485,0.047952"
base,RACExRELIG,RACExRELIG :: Hispanic | Protestant,RACESURV5l_W43,5,"0.488985,0.216986,0.140097,0.123635,0.030298"
base,RACExRELIG,RACExRELIG :: Hispanic | Roman Catholic,RACESURV5l_W43,5,"0.510645,0.199971,0.129111,0.133210,0.027063"
base,RACExRELIG,RACExRELIG :: Other | Nothing in particular,RACESURV5l_W43,5,"0.470214,0.202236,0.138995,0.138995,0.049560"
base,RACExRELIG,RACExRELIG :: Other | Protestant,RACESURV5l_W43,5,"0.489542,0.204072,0.140256,0.131759,0.034371"
base,RACExRELIG,RACExRELIG :: White | Agnostic,RACESURV5l_W43,5,"0.442634,0.229636,0.162836,0.126817,0.038077"
base,RACExRELIG,RACExRELIG :: White | Atheist,RACESURV5l_W43,5,"0.369490,0.224107,0.191689,0.174535,0.040180"
base,RACExRELIG,RACExRELIG :: White | Jewish,RACESURV5l_W43,5,"0.499570,0.214862,0.138726,0.118658,0.028184"
base,RACExRELIG,RACExRELIG :: White | Mormon,RACESURV5l_W43,5,"0.543093,0.193646,0.125027,0.110336,0.027897"
base,RACExRELIG,RACExRELIG :: White | Nothing in particular,RACESURV5l_W43,5,"0.517676,0.196488,0.122959,0.122959,0.039919"
base,RACExRELIG,RACExRELIG :: White | Other,RACESURV5l_W43,5,"0.456886,0.202742,0.148329,0.157896,0.034147"
base,RACExRELIG,RACExRELIG :: White | Protestant,RACESURV5l_W43,5,"0.551489,0.190589,0.119268,0.112042,0.026612"
base,RACExRELIG,RACExRELIG :: White | Roman Catholic,RACESURV5l_W43,5,"0.548558,0.189577,0.114984,0.122400,0.024482"
base,RACExRELIG,RACExRELIG :: Asian | Agnostic,RACESURV8_W43,4,"0.379872,0.345877,0.197075,0.077176"
base,RACExRELIG,RACExRELIG :: Asian | Hindu,RACESURV8_W43,4,"0.386040,0.330198,0.200275,0.083487"
base,RACExRELIG,RACExRELIG :: Asian | Nothing in particular,RACESURV8_W43,4,"0.380237,0.357200,0.185313,0.077250"
base,RACExRELIG,RACExRELIG :: Asian | Protestant,RACESURV8_W43,4,"0.377214,0.332890,0.208317,0.081578"
base,RACExRELIG,RACExRELIG :: Asian | Roman Catholic,RACESURV8_W43,4,"0.345887,0.356867,0.209791,0.087454"
base,RACExRELIG,RACExRELIG :: Black | Nothing in particular,RACESURV8_W43,4,"0.326794,0.358913,0.217692,0.096600"
base,RACExRELIG,RACExRELIG :: Black | Protestant,RACESURV8_W43,4,"0.353040,0.342178,0.220927,0.083854"
base,RACExRELIG,RACExRELIG :: Black | Roman Catholic,RACESURV8_W43,4,"0.371336,0.338106,0.205071,0.085486"
base,RACExRELIG,RACExRELIG :: Hispanic | Agnostic,RACESURV8_W43,4,"0.330443,0.351755,0.220123,0.097679"
base,RACExRELIG,RACExRELIG :: Hispanic | Atheist,RACESURV8_W43,4,"0.303764,0.344210,0.229293,0.122732"
base,RACExRELIG,RACExRELIG :: Hispanic | Nothing in particular,RACESURV8_W43,4,"0.327985,0.360221,0.211763,0.100030"
base,RACExRELIG,RACExRELIG :: Hispanic | Protestant,RACESURV8_W43,4,"0.349142,0.338400,0.218488,0.093970"
base,RACExRELIG,RACExRELIG :: Hispanic | Roman Catholic,RACESURV8_W43,4,"0.358661,0.336931,0.210846,0.093562"
base,RACExRELIG,RACExRELIG :: Other | Nothing in particular,RACESURV8_W43,4,"0.302619,0.353798,0.235680,0.107902"
base,RACExRELIG,RACExRELIG :: Other | Protestant,RACESURV8_W43,4,"0.324400,0.345322,0.237336,0.092942"
base,RACExRELIG,RACExRELIG :: White | Agnostic,RACESURV8_W43,4,"0.379273,0.345332,0.203010,0.072385"
base,RACExRELIG,RACExRELIG :: White | Atheist,RACESURV8_W43,4,"0.347388,0.347388,0.217390,0.087834"
base,RACExRELIG,RACExRELIG :: White | Jewish,RACESURV8_W43,4,"0.445498,0.306186,0.179997,0.068319"
base,RACExRELIG,RACExRELIG :: White | Mormon,RACESURV8_W43,4,"0.447349,0.307458,0.180745,0.064447"
base,RACExRELIG,RACExRELIG :: White | Nothing in particular,RACESURV8_W43,4,"0.379872,0.345877,0.197075,0.077176"
base,RACExRELIG,RACExRELIG :: White | Other,RACESURV8_W43,4,"0.376240,0.332030,0.207779,0.083950"
base,RACExRELIG,RACExRELIG :: White | Protestant,RACESURV8_W43,4,"0.402310,0.323265,0.202294,0.072130"
base,RACExRELIG,RACExRELIG :: White | Roman Catholic,RACESURV8_W43,4,"0.431047,0.315361,0.185391,0.068202"
base,RACExRELIG,RACExRELIG :: Asian | Agnostic,RACESURV9_W43,5,"0.241563,0.374141,0.206620,0.067080,0.110596"
base,RACExRELIG,RACExRELIG :: Asian | Hindu,RACESURV9_W43,5,"0.250815,0.353705,0.214533,0.069649,0.111298"
base,RACExRELIG,RACExRELIG :: Asian | Nothing in particular,RACESURV9_W43,5,"0.234664,0.363455,0.200719,0.071568,0.129594"
base,RACExRELIG,RACExRELIG :: Asian | Protestant,RACESURV9_W43,5,"0.247370,0.371346,0.211587,0.066579,0.103119"
base,RACExRELIG,RACExRELIG :: Asian | Roman Catholic,RACESURV9_W43,5,"0.246302,0.358368,0.224261,0.068396,0.102674"
base,RACExRELIG,RACExRELIG :: Black | Nothing in particular,RACESURV9_W43,5,"0.229802,0.378879,0.209237,0.070086,0.111996"
base,RACExRELIG,RACExRELIG :: Black | Protestant,RACESURV9_W43,5,"0.237165,0.391019,0.215941,0.065858,0.090018"
base,RACExRELIG,RACExRELIG :: Black | Roman Catholic,RACESURV9_W43,5,"0.234064,0.385906,0.226862,0.067060,0.086107"
base,RACExRELIG,RACExRELIG :: Hispanic | Agnostic,RACESURV9_W43,5,"0.235650,0.376567,0.214562,0.071869,0.101352"
base,RACExRELIG,RACExRELIG :: Hispanic | Atheist,RACESURV9_W43,5,"0.247193,0.359664,0.211436,0.075390,0.106317"
base,RACExRELIG,RACExRELIG :: Hispanic | Nothing in particular,RACESURV9_W43,5,"0.238003,0.368626,0.197311,0.072587,0.123474"
base,RACExRELIG,RACExRELIG :: Hispanic | Protestant,RACESURV9_W43,5,"0.240228,0.372073,0.218730,0.068827,0.100142"
base,RACExRELIG,RACExRELIG :: Hispanic | Roman Catholic,RACESURV9_W43,5,"0.240714,0.372825,0.226130,0.068966,0.091365"
base,RACExRELIG,RACExRELIG :: Other | Nothing in particular,RACESURV9_W43,5,"0.242857,0.364571,0.195141,0.067439,0.129992"
base,RACExRELIG,RACExRELIG :: Other | Protestant,RACESURV9_W43,5,"0.245298,0.391985,0.197103,0.060113,0.105501"
base,RACExRELIG,RACExRELIG :: White | Agnostic,RACESURV9_W43,5,"0.253073,0.404409,0.185152,0.058261,0.099105"
base,RACExRELIG,RACExRELIG :: White | Atheist,RACESURV9_W43,5,"0.265803,0.386741,0.188482,0.061191,0.097783"
base,RACExRELIG,RACExRELIG :: White | Jewish,RACESURV9_W43,5,"0.262856,0.394593,0.186393,0.062434,0.093724"
base,RACExRELIG,RACExRELIG :: White | Mormon,RACESURV9_W43,5,"0.285420,0.402506,0.167790,0.054473,0.089811"
base,RACExRELIG,RACExRELIG :: White | Nothing in particular,RACESURV9_W43,5,"0.251549,0.389607,0.178375,0.061645,0.118823"
base,RACExRELIG,RACExRELIG :: White | Other,RACESURV9_W43,5,"0.245013,0.391530,0.190817,0.063916,0.108724"
base,RACExRELIG,RACExRELIG :: White | Protestant,RACESURV9_W43,5,"0.265068,0.397915,0.182179,0.057325,0.097513"
base,RACExRELIG,RACExRELIG :: White | Roman Catholic,RACESURV9_W43,5,"0.259058,0.401237,0.189531,0.057804,0.092370"
base,RACExRELIG,RACExRELIG :: Asian | Agnostic,RELIG_GOV_W92,2,"0.839734,0.160266"
base,RACExRELIG,RACExRELIG :: Asian | Hindu,RELIG_GOV_W92,2,"0.760651,0.239349"
base,RACExRELIG,RACExRELIG :: Asian | Nothing in particular,RELIG_GOV_W92,2,"0.817574,0.182426"
base,RACExRELIG,RACExRELIG :: Asian | Protestant,RELIG_GOV_W92,2,"0.731059,0.268941"
base,RACExRELIG,RACExRELIG :: Asian | Roman Catholic,RELIG_GOV_W92,2,"0.731059,0.268941"
base,RACExRELIG,RACExRELIG :: Black | Nothing in particular,RELIG_GOV_W92,2,"0.812867,0.187133"
base,RACExRELIG,RACExRELIG :: Black | Protestant,RELIG_GOV_W92,2,"0.665411,0.334589"
base,RACExRELIG,RACExRELIG :: Black | Roman Catholic,RELIG_GOV_W92,2,"0.699254,0.300746"
base,RACExRELIG,RACExRELIG :: Hispanic | Nothing in particular,RELIG_GOV_W92,2,"0.782663,0.217338"
base,RACExRELIG,RACExRELIG :: Hispanic | Protestant,RELIG_GOV_W92,2,"0.658418,0.341583"
base,RACExRELIG,RACExRELIG :: Hispanic | Roman Catholic,RELIG_GOV_W92,2,"0.637031,0.362969"
base,RACExRELIG,RACExRELIG :: Mixed Race | Nothing in particular,RELIG_GOV_W92,2,"0.793106,0.206894"
base,RACExRELIG,RACExRELIG :: Mixed Race | Protestant,RELIG_GOV_W92,2,"0.731059,0.268941"
base,RACExRELIG,RACExRELIG :: Other | Protestant,RELIG_GOV_W92,2,"0.724870,0.275130"
base,RACExRELIG,RACExRELIG :: Refused | Protestant,RELIG_GOV_W92,2,"0.712232,0.287768"
base,RACExRELIG,RACExRELIG :: White | Agnostic,RELIG_GOV_W92,2,"0.847968,0.152032"
base,RACExRELIG,RACExRELIG :: White | Atheist,RELIG_GOV_W92,2,"0.847968,0.152032"
base,RACExRELIG,RACExRELIG :: White | Buddhist,RELIG_GOV_W92,2,"0.817574,0.182426"
base,RACExRELIG,RACExRELIG :: White | Jewish,RELIG_GOV_W92,2,"0.754915,0.245085"
base,RACExRELIG,RACExRELIG :: White | Mormon,RELIG_GOV_W92,2,"0.658418,0.341583"
base,RACExRELIG,RACExRELIG :: White | Nothing in particular,RELIG_GOV_W92,2,"0.843895,0.156105"
base,RACExRELIG,RACExRELIG :: White | Orthodox,RELIG_GOV_W92,2,"0.651355,0.348645"
base,RACExRELIG,RACExRELIG :: White | Other,RELIG_GOV_W92,2,"0.760651,0.239349"
base,RACExRELIG,RACExRELIG :: White | Protestant,RELIG_GOV_W92,2,"0.724870,0.275130"
base,RACExRELIG,RACExRELIG :: White | Roman Catholic,RELIG_GOV_W92,2,"0.718594,0.281406"
base,RACExRELIG,RACExRELIG :: Asian | Agnostic,SUPERPWR_W92,2,"0.492188,0.507812"
base,RACExRELIG,RACExRELIG :: Asian | Hindu,SUPERPWR_W92,2,"0.476580,0.523420"
base,RACExRELIG,RACExRELIG :: Asian | Nothing in particular,SUPERPWR_W92,2,"0.453262,0.546738"
base,RACExRELIG,RACExRELIG :: Asian | Protestant,SUPERPWR_W92,2,"0.500000,0.500000"
base,RACExRELIG,RACExRELIG :: Asian | Roman Catholic,SUPERPWR_W92,2,"0.476580,0.523420"
base,RACExRELIG,RACExRELIG :: Black | Nothing in particular,SUPERPWR_W92,2,"0.437824,0.562177"
base,RACExRELIG,RACExRELIG :: Black | Protestant,SUPERPWR_W92,2,"0.507812,0.492188"
base,RACExRELIG,RACExRELIG :: Black | Roman Catholic,SUPERPWR_W92,2,"0.468791,0.531209"
base,RACExRELIG,RACExRELIG :: Hispanic | Nothing in particular,SUPERPWR_W92,2,"0.461017,0.538983"
base,RACExRELIG,RACExRELIG :: Hispanic | Protestant,SUPERPWR_W92,2,"0.515620,0.484380"
base,RACExRELIG,RACExRELIG :: Hispanic | Roman Catholic,SUPERPWR_W92,2,"0.492188,0.507812"
base,RACExRELIG,RACExRELIG :: Mixed Race | Nothing in particular,SUPERPWR_W92,2,"0.453262,0.546738"
base,RACExRELIG,RACExRELIG :: Mixed Race | Protestant,SUPERPWR_W92,2,"0.500000,0.500000"
base,RACExRELIG,RACExRELIG :: Other | Protestant,SUPERPWR_W92,2,"0.562177,0.437824"
base,RACExRELIG,RACExRELIG :: Refused | Protestant,SUPERPWR_W92,2,"0.577495,0.422505"
base,RACExRELIG,RACExRELIG :: White | Agnostic,SUPERPWR_W92,2,"0.500000,0.500000"
base,RACExRELIG,RACExRELIG :: White | Atheist,SUPERPWR_W92,2,"0.523420,0.476580"
base,RACExRELIG,RACExRELIG :: White | Buddhist,SUPERPWR_W92,2,"0.484380,0.515620"
base,RACExRELIG,RACExRELIG :: White | Jewish,SUPERPWR_W92,2,"0.507812,0.492188"
base,RACExRELIG,RACExRELIG :: White | Mormon,SUPERPWR_W92,2,"0.507812,0.492188"
base,RACExRELIG,RACExRELIG :: White | Nothing in particular,SUPERPWR_W92,2,"0.461017,0.538983"
base,RACExRELIG,RACExRELIG :: White | Orthodox,SUPERPWR_W92,2,"0.507812,0.492188"
base,RACExRELIG,RACExRELIG :: White | Other,SUPERPWR_W92,2,"0.523420,0.476580"
base,RACExRELIG,RACExRELIG :: White | Protestant,SUPERPWR_W92,2,"0.531209,0.468791"
base,RACExRELIG,RACExRELIG :: White | Roman Catholic,SUPERPWR_W92,2,"0.507812,0.492188"
base,RACExRELIG,RACExRELIG :: Asian | Agnostic,UNIMMIGCOMM_W92,4,"0.341849,0.283403,0.227721,0.147027"
base,RACExRELIG,RACExRELIG :: Asian | Hindu,UNIMMIGCOMM_W92,4,"0.377819,0.267914,0.215275,0.138992"
base,RACExRELIG,RACExRELIG :: Asian | Nothing in particular,UNIMMIGCOMM_W92,4,"0.344922,0.285950,0.229767,0.139361"
base,RACExRELIG,RACExRELIG :: Asian | Protestant,UNIMMIGCOMM_W92,4,"0.363834,0.274637,0.227682,0.133847"
base,RACExRELIG,RACExRELIG :: Asian | Roman Catholic,UNIMMIGCOMM_W92,4,"0.377788,0.276395,0.215257,0.130560"
base,RACExRELIG,RACExRELIG :: Black | Nothing in particular,UNIMMIGCOMM_W92,4,"0.326869,0.279586,0.239143,0.154402"
base,RACExRELIG,RACExRELIG :: Black | Protestant,UNIMMIGCOMM_W92,4,"0.349774,0.264023,0.240396,0.145807"
base,RACExRELIG,RACExRELIG :: Black | Roman Catholic,UNIMMIGCOMM_W92,4,"0.367958,0.269204,0.223178,0.139661"
base,RACExRELIG,RACExRELIG :: Hispanic | Nothing in particular,UNIMMIGCOMM_W92,4,"0.359177,0.279727,0.224767,0.136328"
base,RACExRELIG,RACExRELIG :: Hispanic | Protestant,UNIMMIGCOMM_W92,4,"0.382578,0.271288,0.217986,0.128148"
base,RACExRELIG,RACExRELIG :: Hispanic | Roman Catholic,UNIMMIGCOMM_W92,4,"0.401619,0.267536,0.208357,0.122487"
base,RACExRELIG,RACExRELIG :: Mixed Race | Nothing in particular,UNIMMIGCOMM_W92,4,"0.320186,0.291533,0.241689,0.146592"
base,RACExRELIG,RACExRELIG :: Mixed Race | Protestant,UNIMMIGCOMM_W92,4,"0.340927,0.282638,0.234315,0.142119"
base,RACExRELIG,RACExRELIG :: Other | Protestant,UNIMMIGCOMM_W92,4,"0.352891,0.266376,0.242538,0.138194"
base,RACExRELIG,RACExRELIG :: Refused | Protestant,UNIMMIGCOMM_W92,4,"0.345788,0.216389,0.269300,0.168524"
base,RACExRELIG,RACExRELIG :: White | Agnostic,UNIMMIGCOMM_W92,4,"0.335696,0.269739,0.245600,0.148964"
base,RACExRELIG,RACExRELIG :: White | Atheist,UNIMMIGCOMM_W92,4,"0.331868,0.258459,0.242800,0.166874"
base,RACExRELIG,RACExRELIG :: White | Buddhist,UNIMMIGCOMM_W92,4,"0.373618,0.264935,0.219638,0.141809"
base,RACExRELIG,RACExRELIG :: White | Jewish,UNIMMIGCOMM_W92,4,"0.368399,0.261234,0.230538,0.139829"
base,RACExRELIG,RACExRELIG :: White | Mormon,UNIMMIGCOMM_W92,4,"0.351950,0.274099,0.227236,0.146715"
base,RACExRELIG,RACExRELIG :: White | Nothing in particular,UNIMMIGCOMM_W92,4,"0.335423,0.286902,0.237850,0.139825"
base,RACExRELIG,RACExRELIG :: White | Orthodox,UNIMMIGCOMM_W92,4,"0.350745,0.264756,0.233646,0.150853"
base,RACExRELIG,RACExRELIG :: White | Other,UNIMMIGCOMM_W92,4,"0.361158,0.264229,0.233181,0.141432"
base,RACExRELIG,RACExRELIG :: White | Protestant,UNIMMIGCOMM_W92,4,"0.360060,0.263425,0.239852,0.136663"
base,RACExRELIG,RACExRELIG :: White | Roman Catholic,UNIMMIGCOMM_W92,4,"0.379949,0.269424,0.223360,0.127267"
base,RACExRELIG,RACExRELIG :: Asian | Hindu,WORRY2b_W54,5,"0.145533,0.170146,0.408159,0.205235,0.070927"
base,RACExRELIG,RACExRELIG :: Asian | Nothing in particular,WORRY2b_W54,5,"0.134152,0.161818,0.413218,0.214374,0.076438"
base,RACExRELIG,RACExRELIG :: Black | Nothing in particular,WORRY2b_W54,5,"0.137287,0.181876,0.409863,0.199751,0.071223"
base,RACExRELIG,RACExRELIG :: Black | Protestant,WORRY2b_W54,5,"0.155301,0.205741,0.396576,0.181566,0.060817"
base,RACExRELIG,RACExRELIG :: Black | Roman Catholic,WORRY2b_W54,5,"0.152388,0.208289,0.401488,0.178159,0.059676"
base,RACExRELIG,RACExRELIG :: Hispanic | Nothing in particular,WORRY2b_W54,5,"0.149019,0.179751,0.392613,0.203685,0.074932"
base,RACExRELIG,RACExRELIG :: Hispanic | Protestant,WORRY2b_W54,5,"0.170124,0.198895,0.371584,0.192775,0.066621"
base,RACExRELIG,RACExRELIG :: Hispanic | Roman Catholic,WORRY2b_W54,5,"0.170408,0.205551,0.372205,0.187156,0.064680"
base,RACExRELIG,RACExRELIG :: Mixed Race | Nothing in particular,WORRY2b_W54,5,"0.137463,0.182109,0.423417,0.187890,0.069121"
base,RACExRELIG,RACExRELIG :: Mixed Race | Protestant,WORRY2b_W54,5,"0.145380,0.186672,0.420672,0.186672,0.060604"
base,RACExRELIG,RACExRELIG :: Refused | Protestant,WORRY2b_W54,5,"0.187090,0.187090,0.372073,0.175755,0.077991"
base,RACExRELIG,RACExRELIG :: White | Agnostic,WORRY2b_W54,5,"0.130417,0.195779,0.414464,0.195779,0.063560"
base,RACExRELIG,RACExRELIG :: White | Atheist,WORRY2b_W54,5,"0.138775,0.195704,0.401558,0.189683,0.074281"
base,RACExRELIG,RACExRELIG :: White | Jewish,WORRY2b_W54,5,"0.140282,0.191743,0.405920,0.197829,0.064226"
base,RACExRELIG,RACExRELIG :: White | Mormon,WORRY2b_W54,5,"0.141115,0.186946,0.408329,0.199003,0.064607"
base,RACExRELIG,RACExRELIG :: White | Nothing in particular,WORRY2b_W54,5,"0.121471,0.160923,0.423975,0.219955,0.073676"
base,RACExRELIG,RACExRELIG :: White | Orthodox,WORRY2b_W54,5,"0.144346,0.185344,0.404828,0.197298,0.068184"
base,RACExRELIG,RACExRELIG :: White | Other,WORRY2b_W54,5,"0.140301,0.174607,0.418860,0.197856,0.068377"
base,RACExRELIG,RACExRELIG :: White | Protestant,WORRY2b_W54,5,"0.141984,0.188098,0.410844,0.194069,0.065005"
base,RACExRELIG,RACExRELIG :: White | Roman Catholic,WORRY2b_W54,5,"0.139583,0.184917,0.416717,0.196843,0.061939"
base,RELIGxPOLPARTY,RELIGxPOLPARTY :: Agnostic | Democrat,AMNTWMNP2F1_W36,3,"0.347253,0.316178,0.336569"
base,RELIGxPOLPARTY,RELIGxPOLPARTY :: Agnostic | Independent,AMNTWMNP2F1_W36,3,"0.365251,0.322333,0.312416"
base,RELIGxPOLPARTY,RELIGxPOLPARTY :: Agnostic | Other,AMNTWMNP2F1_W36,3,"0.390527,0.323758,0.285715"
base,RELIGxPOLPARTY,RELIGxPOLPARTY :: Atheist | Democrat,AMNTWMNP2F1_W36,3,"0.358037,0.315967,0.325996"
base,RELIGxPOLPARTY,RELIGxPOLPARTY :: Atheist | Independent,AMNTWMNP2F1_W36,3,"0.376100,0.321695,0.302205"
base,RELIGxPOLPARTY,RELIGxPOLPARTY :: Jewish | Democrat,AMNTWMNP2F1_W36,3,"0.387248,0.311163,0.301589"
base,RELIGxPOLPARTY,RELIGxPOLPARTY :: Jewish | Independent,AMNTWMNP2F1_W36,3,"0.409007,0.318535,0.272458"
base,RELIGxPOLPARTY,RELIGxPOLPARTY :: Mormon | Republican,AMNTWMNP2F1_W36,3,"0.497372,0.301671,0.200956"
base,RELIGxPOLPARTY,RELIGxPOLPARTY :: Nothing in particular | Democrat,AMNTWMNP2F1_W36,3,"0.394689,0.297927,0.307384"
base,RELIGxPOLPARTY,RELIGxPOLPARTY :: Nothing in particular | Independent,AMNTWMNP2F1_W36,3,"0.405853,0.306354,0.287793"
base,RELIGxPOLPARTY,RELIGxPOLPARTY :: Nothing in particular | Other,AMNTWMNP2F1_W36,3,"0.435954,0.299627,0.264419"
base,RELIGxPOLPARTY,RELIGxPOLPARTY :: Nothing in particular | Republican,AMNTWMNP2F1_W36,3,"0.474077,0.287542,0.238381"
base,RELIGxPOLPARTY,RELIGxPOLPARTY :: Other | Democrat,AMNTWMNP2F1_W36,3,"0.436434,0.281783,0.281783"
base,RELIGxPOLPARTY,RELIGxPOLPARTY :: Other | Independent,AMNTWMNP2F1_W36,3,"0.435954,0.299627,0.264419"
base,RELIGxPOLPARTY,RELIGxPOLPARTY :: Protestant | Democrat,AMNTWMNP2F1_W36,3,"0.436434,0.281783,0.281783"
base,RELIGxPOLPARTY,RELIGxPOLPARTY :: Protestant | Independent,AMNTWMNP2F1_W36,3,"0.432325,0.297133,0.270542"
base,RELIGxPOLPARTY,RELIGxPOLPARTY :: Protestant | Other,AMNTWMNP2F1_W36,3,"0.458524,0.296045,0.245430"
base,RELIGxPOLPARTY,RELIGxPOLPARTY :: Protestant | Republican,AMNTWMNP2F1_W36,3,"0.524420,0.263695,0.211885"
base,RELIGxPOLPARTY,RELIGxPOLPARTY :: Roman Catholic | Democrat,AMNTWMNP2F1_W36,3,"0.421127,0.289436,0.289436"
base,RELIGxPOLPARTY,RELIGxPOLPARTY :: Roman Catholic | Independent,AMNTWMNP2F1_W36,3,"0.424673,0.301138,0.274189"
base,RELIGxPOLPARTY,RELIGxPOLPARTY :: Roman Catholic | Other,AMNTWMNP2F1_W36,3,"0.458524,0.296045,0.245430"
base,RELIGxPOLPARTY,RELIGxPOLPARTY :: Roman Catholic | Republican,AMNTWMNP2F1_W36,3,"0.512263,0.274194,0.213543"
base,RELIGxPOLPARTY,RELIGxPOLPARTY :: Agnostic | Democrat,BENEFITGOV_W49,4,"0.178576,0.428382,0.294422,0.098619"
base,RELIGxPOLPARTY,RELIGxPOLPARTY :: Agnostic | Independent,BENEFITGOV_W49,4,"0.186145,0.419485,0.288307,0.106062"
base,RELIGxPOLPARTY,RELIGxPOLPARTY :: Atheist | Democrat,BENEFITGOV_W49,4,"0.180248,0.406196,0.297179,0.116377"
base,RELIGxPOLPARTY,RELIGxPOLPARTY :: Atheist | Independent,BENEFITGOV_W49,4,"0.189668,0.401528,0.293764,0.115040"
base,RELIGxPOLPARTY,RELIGxPOLPARTY :: Atheist | Other,BENEFITGOV_W49,4,"0.189636,0.414204,0.284678,0.111482"
base,RELIGxPOLPARTY,RELIGxPOLPARTY :: Jewish | Democrat,BENEFITGOV_W49,4,"0.220769,0.412450,0.274751,0.092030"
base,RELIGxPOLPARTY,RELIGxPOLPARTY :: Mormon | Republican,BENEFITGOV_W49,4,"0.220335,0.398976,0.282916,0.097773"
base,RELIGxPOLPARTY,RELIGxPOLPARTY :: Nothing in particular | Democrat,BENEFITGOV_W49,4,"0.176858,0.398557,0.310396,0.114188"
base,RELIGxPOLPARTY,RELIGxPOLPARTY :: Nothing in particular | Independent,BENEFITGOV_W49,4,"0.184796,0.391213,0.304677,0.119313"
base,RELIGxPOLPARTY,RELIGxPOLPARTY :: Nothing in particular | Other,BENEFITGOV_W49,4,"0.187239,0.396384,0.299206,0.117171"
base,RELIGxPOLPARTY,RELIGxPOLPARTY :: Nothing in particular | Republican,BENEFITGOV_W49,4,"0.187745,0.385228,0.309539,0.117488"
base,RELIGxPOLPARTY,RELIGxPOLPARTY :: Other | Independent,BENEFITGOV_W49,4,"0.198329,0.406945,0.288567,0.106158"
base,RELIGxPOLPARTY,RELIGxPOLPARTY :: Protestant | Democrat,BENEFITGOV_W49,4,"0.208363,0.414379,0.284798,0.092460"
base,RELIGxPOLPARTY,RELIGxPOLPARTY :: Protestant | Independent,BENEFITGOV_W49,4,"0.206486,0.410647,0.282233,0.100633"
base,RELIGxPOLPARTY,RELIGxPOLPARTY :: Protestant | Other,BENEFITGOV_W49,4,"0.212307,0.409232,0.281261,0.097201"
base,RELIGxPOLPARTY,RELIGxPOLPARTY :: Protestant | Republican,BENEFITGOV_W49,4,"0.222946,0.403704,0.277461,0.095888"
base,RELIGxPOLPARTY,RELIGxPOLPARTY :: Roman Catholic | Democrat,BENEFITGOV_W49,4,"0.219466,0.410017,0.273130,0.097387"
base,RELIGxPOLPARTY,RELIGxPOLPARTY :: Roman Catholic | Independent,BENEFITGOV_W49,4,"0.216233,0.403977,0.277649,0.102141"
base,RELIGxPOLPARTY,RELIGxPOLPARTY :: Roman Catholic | Other,BENEFITGOV_W49,4,"0.218790,0.408753,0.272288,0.100169"
base,RELIGxPOLPARTY,RELIGxPOLPARTY :: Roman Catholic | Republican,BENEFITGOV_W49,4,"0.215014,0.401699,0.284847,0.098441"
base,RELIGxPOLPARTY,RELIGxPOLPARTY :: Agnostic | Democrat,BETTERBIZ1F2F_W36,3,"0.234495,0.545217,0.220288"
base,RELIGxPOLPARTY,RELIGxPOLPARTY :: Agnostic | Independent,BETTERBIZ1F2F_W36,3,"0.244677,0.486598,0.268725"
base,RELIGxPOLPARTY,RELIGxPOLPARTY :: Agnostic | Other,BETTERBIZ1F2F_W36,3,"0.237232,0.502220,0.260548"
base,RELIGxPOLPARTY,RELIGxPOLPARTY :: Atheist | Democrat,BETTERBIZ1F2F_W36,3,"0.250031,0.529317,0.220652"
base,RELIGxPOLPARTY,RELIGxPOLPARTY :: Atheist | Independent,BETTERBIZ1F2F_W36,3,"0.254612,0.490777,0.254612"
base,RELIGxPOLPARTY,RELIGxPOLPARTY :: Jewish | Democrat,BETTERBIZ1F2F_W36,3,"0.261107,0.570310,0.168583"
base,RELIGxPOLPARTY,RELIGxPOLPARTY :: Jewish | Independent,BETTERBIZ1F2F_W36,3,"0.286807,0.503361,0.209832"
base,RELIGxPOLPARTY,RELIGxPOLPARTY :: Mormon | Republican,BETTERBIZ1F2F_W36,3,"0.310703,0.512263,0.177033"
base,RELIGxPOLPARTY,RELIGxPOLPARTY :: Nothing in particular | Democrat,BETTERBIZ1F2F_W36,3,"0.233357,0.525878,0.240765"
base,RELIGxPOLPARTY,RELIGxPOLPARTY :: Nothing in particular | Independent,BETTERBIZ1F2F_W36,3,"0.246263,0.474684,0.279053"
base,RELIGxPOLPARTY,RELIGxPOLPARTY :: Nothing in particular | Other,BETTERBIZ1F2F_W36,3,"0.232754,0.477580,0.289667"
base,RELIGxPOLPARTY,RELIGxPOLPARTY :: Nothing in particular | Republican,BETTERBIZ1F2F_W36,3,"0.291798,0.466292,0.241909"
base,RELIGxPOLPARTY,RELIGxPOLPARTY :: Other | Democrat,BETTERBIZ1F2F_W36,3,"0.261362,0.553304,0.185334"
base,RELIGxPOLPARTY,RELIGxPOLPARTY :: Other | Independent,BETTERBIZ1F2F_W36,3,"0.276680,0.501002,0.222318"
base,RELIGxPOLPARTY,RELIGxPOLPARTY :: Protestant | Democrat,BETTERBIZ1F2F_W36,3,"0.268961,0.551872,0.179167"
base,RELIGxPOLPARTY,RELIGxPOLPARTY :: Protestant | Independent,BETTERBIZ1F2F_W36,3,"0.282977,0.496640,0.220383"
base,RELIGxPOLPARTY,RELIGxPOLPARTY :: Protestant | Other,BETTERBIZ1F2F_W36,3,"0.270469,0.505303,0.224227"
base,RELIGxPOLPARTY,RELIGxPOLPARTY :: Protestant | Republican,BETTERBIZ1F2F_W36,3,"0.348472,0.476305,0.175223"
base,RELIGxPOLPARTY,RELIGxPOLPARTY :: Roman Catholic | Democrat,BETTERBIZ1F2F_W36,3,"0.267440,0.548751,0.183809"
base,RELIGxPOLPARTY,RELIGxPOLPARTY :: Roman Catholic | Independent,BETTERBIZ1F2F_W36,3,"0.282977,0.496640,0.220383"
base,RELIGxPOLPARTY,RELIGxPOLPARTY :: Roman Catholic | Other,BETTERBIZ1F2F_W36,3,"0.262464,0.505912,0.231624"
base,RELIGxPOLPARTY,RELIGxPOLPARTY :: Roman Catholic | Republican,BETTERBIZ1F2F_W36,3,"0.329333,0.494388,0.176279"
base,RELIGxPOLPARTY,RELIGxPOLPARTY :: Agnostic | Democrat,BETTERPOL2F1B_W36,3,"0.146556,0.579641,0.273803"
base,RELIGxPOLPARTY,RELIGxPOLPARTY :: Agnostic | Independent,BETTERPOL2F1B_W36,3,"0.177122,0.481467,0.341411"
base,RELIGxPOLPARTY,RELIGxPOLPARTY :: Agnostic | Other,BETTERPOL2F1B_W36,3,"0.189186,0.468241,0.342572"
base,RELIGxPOLPARTY,RELIGxPOLPARTY :: Atheist | Democrat,BETTERPOL2F1B_W36,3,"0.162891,0.568546,0.268562"
base,RELIGxPOLPARTY,RELIGxPOLPARTY :: Atheist | Independent,BETTERPOL2F1B_W36,3,"0.189186,0.468241,0.342572"
base,RELIGxPOLPARTY,RELIGxPOLPARTY :: Jewish | Democrat,BETTERPOL2F1B_W36,3,"0.168586,0.646258,0.185156"
base,RELIGxPOLPARTY,RELIGxPOLPARTY :: Jewish | Independent,BETTERPOL2F1B_W36,3,"0.201499,0.547731,0.250770"
base,RELIGxPOLPARTY,RELIGxPOLPARTY :: Mormon | Republican,BETTERPOL2F1B_W36,3,"0.325631,0.488830,0.185539"
base,RELIGxPOLPARTY,RELIGxPOLPARTY :: Nothing in particular | Democrat,BETTERPOL2F1B_W36,3,"0.153228,0.569312,0.277460"
base,RELIGxPOLPARTY,RELIGxPOLPARTY :: Nothing in particular | Independent,BETTERPOL2F1B_W36,3,"0.187151,0.463204,0.349645"
base,RELIGxPOLPARTY,RELIGxPOLPARTY :: Nothing in particular | Other,BETTERPOL2F1B_W36,3,"0.207553,0.439389,0.353059"
base,RELIGxPOLPARTY,RELIGxPOLPARTY :: Nothing in particular | Republican,BETTERPOL2F1B_W36,3,"0.266308,0.467385,0.266308"
base,RELIGxPOLPARTY,RELIGxPOLPARTY :: Other | Democrat,BETTERPOL2F1B_W36,3,"0.188283,0.598364,0.213353"
base,RELIGxPOLPARTY,RELIGxPOLPARTY :: Other | Independent,BETTERPOL2F1B_W36,3,"0.225799,0.493190,0.281011"
base,RELIGxPOLPARTY,RELIGxPOLPARTY :: Protestant | Democrat,BETTERPOL2F1B_W36,3,"0.191948,0.610010,0.198041"
base,RELIGxPOLPARTY,RELIGxPOLPARTY :: Protestant | Independent,BETTERPOL2F1B_W36,3,"0.218914,0.525149,0.255937"
base,RELIGxPOLPARTY,RELIGxPOLPARTY :: Protestant | Other,BETTERPOL2F1B_W36,3,"0.242933,0.498466,0.258601"
base,RELIGxPOLPARTY,RELIGxPOLPARTY :: Protestant | Republican,BETTERPOL2F1B_W36,3,"0.321781,0.483050,0.195170"
base,RELIGxPOLPARTY,RELIGxPOLPARTY :: Roman Catholic | Democrat,BETTERPOL2F1B_W36,3,"0.183572,0.621016,0.195411"
base,RELIGxPOLPARTY,RELIGxPOLPARTY :: Roman Catholic | Independent,BETTERPOL2F1B_W36,3,"0.217006,0.537094,0.245900"
base,RELIGxPOLPARTY,RELIGxPOLPARTY :: Roman Catholic | Other,BETTERPOL2F1B_W36,3,"0.224305,0.521524,0.254171"
base,RELIGxPOLPARTY,RELIGxPOLPARTY :: Roman Catholic | Republican,BETTERPOL2F1B_W36,3,"0.301671,0.497372,0.200956"
base,RELIGxPOLPARTY,RELIGxPOLPARTY :: Agnostic | Democrat,COHABDUR_W50,6,"0.148670,0.173813,0.139663,0.163282,0.158258,0.216314"
base,RELIGxPOLPARTY,RELIGxPOLPARTY :: Agnostic | Independent,COHABDUR_W50,6,"0.153731,0.168841,0.131493,0.163646,0.158611,0.223678"
base,RELIGxPOLPARTY,RELIGxPOLPARTY :: Agnostic | Other,COHABDUR_W50,6,"0.152304,0.167274,0.134408,0.167274,0.157139,0.221601"
base,RELIGxPOLPARTY,RELIGxPOLPARTY :: Agnostic | Republican,COHABDUR_W50,6,"0.154377,0.169550,0.136237,0.169550,0.159277,0.211008"
base,RELIGxPOLPARTY,RELIGxPOLPARTY :: Atheist | Democrat,COHABDUR_W50,6,"0.157881,0.173398,0.135043,0.162892,0.168063,0.202723"
base,RELIGxPOLPARTY,RELIGxPOLPARTY :: Atheist | Independent,COHABDUR_W50,6,"0.170366,0.170366,0.128599,0.160044,0.165124,0.205501"
base,RELIGxPOLPARTY,RELIGxPOLPARTY :: Atheist | Other,COHABDUR_W50,6,"0.169701,0.164479,0.132163,0.164479,0.164479,0.204698"
base,RELIGxPOLPARTY,RELIGxPOLPARTY :: Buddhist | Democrat,COHABDUR_W50,6,"0.160292,0.176046,0.137105,0.165380,0.155360,0.205818"
base,RELIGxPOLPARTY,RELIGxPOLPARTY :: Jewish | Democrat,COHABDUR_W50,6,"0.142921,0.172395,0.130131,0.161950,0.156968,0.235636"
base,RELIGxPOLPARTY,RELIGxPOLPARTY :: Jewish | Independent,COHABDUR_W50,6,"0.155607,0.165643,0.129003,0.160547,0.155607,0.233594"
base,RELIGxPOLPARTY,RELIGxPOLPARTY :: Mormon | Independent,COHABDUR_W50,6,"0.147456,0.172394,0.134261,0.172394,0.152137,0.221358"
base,RELIGxPOLPARTY,RELIGxPOLPARTY :: Mormon | Republican,COHABDUR_W50,6,"0.143764,0.173413,0.135054,0.178917,0.153036,0.215816"
base,RELIGxPOLPARTY,RELIGxPOLPARTY :: Nothing in particular | Democrat,COHABDUR_W50,6,"0.169957,0.169957,0.132363,0.154747,0.154747,0.218229"
base,RELIGxPOLPARTY,RELIGxPOLPARTY :: Nothing in particular | Independent,COHABDUR_W50,6,"0.179711,0.158594,0.123513,0.153715,0.153715,0.230753"
base,RELIGxPOLPARTY,RELIGxPOLPARTY :: Nothing in particular | Other,COHABDUR_W50,6,"0.184948,0.158194,0.127113,0.153327,0.153327,0.223090"
base,RELIGxPOLPARTY,RELIGxPOLPARTY :: Nothing in particular | Republican,COHABDUR_W50,6,"0.183997,0.162376,0.126459,0.157381,0.147845,0.221942"
base,RELIGxPOLPARTY,RELIGxPOLPARTY :: Other | Democrat,COHABDUR_W50,6,"0.158648,0.174241,0.135699,0.158648,0.149036,0.223729"
base,RELIGxPOLPARTY,RELIGxPOLPARTY :: Other | Independent,COHABDUR_W50,6,"0.167573,0.167573,0.130506,0.157420,0.147883,0.229045"
base,RELIGxPOLPARTY,RELIGxPOLPARTY :: Other | Other,COHABDUR_W50,6,"0.170234,0.159920,0.124546,0.155000,0.150231,0.240069"
base,RELIGxPOLPARTY,RELIGxPOLPARTY :: Protestant | Democrat,COHABDUR_W50,6,"0.132347,0.175331,0.149968,0.180896,0.149968,0.211489"
base,RELIGxPOLPARTY,RELIGxPOLPARTY :: Protestant | Independent,COHABDUR_W50,6,"0.141472,0.170648,0.150596,0.176065,0.155377,0.205841"
base,RELIGxPOLPARTY,RELIGxPOLPARTY :: Protestant | Other,COHABDUR_W50,6,"0.147463,0.167098,0.147463,0.177875,0.152144,0.207957"
base,RELIGxPOLPARTY,RELIGxPOLPARTY :: Protestant | Refused,COHABDUR_W50,6,"0.176145,0.150665,0.137182,0.165473,0.137182,0.233354"
base,RELIGxPOLPARTY,RELIGxPOLPARTY :: Protestant | Republican,COHABDUR_W50,6,"0.139139,0.173161,0.148112,0.184329,0.152814,0.202446"
base,RELIGxPOLPARTY,RELIGxPOLPARTY :: Roman Catholic | Democrat,COHABDUR_W50,6,"0.149914,0.169875,0.128229,0.169875,0.149914,0.232192"
base,RELIGxPOLPARTY,RELIGxPOLPARTY :: Roman Catholic | Independent,COHABDUR_W50,6,"0.160522,0.160522,0.128983,0.165618,0.150797,0.233558"
base,RELIGxPOLPARTY,RELIGxPOLPARTY :: Roman Catholic | Other,COHABDUR_W50,6,"0.167409,0.162258,0.126367,0.167409,0.147738,0.228820"
base,RELIGxPOLPARTY,RELIGxPOLPARTY :: Roman Catholic | Republican,COHABDUR_W50,6,"0.156955,0.167077,0.130120,0.172381,0.152126,0.221342"
base,RELIGxPOLPARTY,RELIGxPOLPARTY :: Agnostic | Democrat,DATAUSEe_W49,2,"0.912436,0.087564"
base,RELIGxPOLPARTY,RELIGxPOLPARTY :: Agnostic | Independent,DATAUSEe_W49,2,"0.907312,0.092688"
base,RELIGxPOLPARTY,RELIGxPOLPARTY :: Atheist | Democrat,DATAUSEe_W49,2,"0.926304,0.073696"
base,RELIGxPOLPARTY,RELIGxPOLPARTY :: Atheist | Independent,DATAUSEe_W49,2,"0.926304,0.073696"
base,RELIGxPOLPARTY,RELIGxPOLPARTY :: Atheist | Other,DATAUSEe_W49,2,"0.930458,0.069542"
base,RELIGxPOLPARTY,RELIGxPOLPARTY :: Jewish | Democrat,DATAUSEe_W49,2,"0.932453,0.067547"
base,RELIGxPOLPARTY,RELIGxPOLPARTY :: Mormon | Republican,DATAUSEe_W49,2,"0.928409,0.071591"
base,RELIGxPOLPARTY,RELIGxPOLPARTY :: Nothing in particular | Democrat,DATAUSEe_W49,2,"0.907312,0.092688"
base,RELIGxPOLPARTY,RELIGxPOLPARTY :: Nothing in particular | Independent,DATAUSEe_W49,2,"0.909907,0.090093"
base,RELIGxPOLPARTY,RELIGxPOLPARTY :: Nothing in particular | Other,DATAUSEe_W49,2,"0.917303,0.082697"
base,RELIGxPOLPARTY,RELIGxPOLPARTY :: Nothing in particular | Republican,DATAUSEe_W49,2,"0.907312,0.092688"
base,RELIGxPOLPARTY,RELIGxPOLPARTY :: Other | Independent,DATAUSEe_W49,2,"0.924142,0.075858"
base,RELIGxPOLPARTY,RELIGxPOLPARTY :: Protestant | Democrat,DATAUSEe_W49,2,"0.936285,0.063715"
base,RELIGxPOLPARTY,RELIGxPOLPARTY :: Protestant | Independent,DATAUSEe_W49,2,"0.934395,0.065605"
base,RELIGxPOLPARTY,RELIGxPOLPARTY :: Protestant | Other,DATAUSEe_W49,2,"0.938124,0.061876"
base,RELIGxPOLPARTY,RELIGxPOLPARTY :: Protestant | Republican,DATAUSEe_W49,2,"0.934395,0.065605"
base,RELIGxPOLPARTY,RELIGxPOLPARTY :: Roman Catholic | Democrat,DATAUSEe_W49,2,"0.936285,0.063715"
base,RELIGxPOLPARTY,RELIGxPOLPARTY :: Roman Catholic | Independent,DATAUSEe_W49,2,"0.932453,0.067547"
base,RELIGxPOLPARTY,RELIGxPOLPARTY :: Roman Catholic | Other,DATAUSEe_W49,2,"0.938124,0.061876"
base,RELIGxPOLPARTY,RELIGxPOLPARTY :: Roman Catholic | Republican,DATAUSEe_W49,2,"0.932453,0.067547"
base,RELIGxPOLPARTY,RELIGxPOLPARTY :: Agnostic | Democrat,DIFF1A_W29,2,"0.430147,0.569853"
base,RELIGxPOLPARTY,RELIGxPOLPARTY :: Agnostic | Independent,DIFF1A_W29,2,"0.445530,0.554470"
base,RELIGxPOLPARTY,RELIGxPOLPARTY :: Agnostic | Other,DIFF1A_W29,2,"0.453262,0.546738"
base,RELIGxPOLPARTY,RELIGxPOLPARTY :: Atheist | Democrat,DIFF1A_W29,2,"0.437824,0.562177"
base,RELIGxPOLPARTY,RELIGxPOLPARTY :: Atheist | Independent,DIFF1A_W29,2,"0.461017,0.538983"
base,RELIGxPOLPARTY,RELIGxPOLPARTY :: Atheist | Other,DIFF1A_W29,2,"0.468791,0.531209"
base,RELIGxPOLPARTY,RELIGxPOLPARTY :: Jewish | Democrat,DIFF1A_W29,2,"0.414899,0.585101"
base,RELIGxPOLPARTY,RELIGxPOLPARTY :: Mormon | Independent,DIFF1A_W29,2,"0.461017,0.538983"
base,RELIGxPOLPARTY,RELIGxPOLPARTY :: Mormon | Republican,DIFF1A_W29,2,"0.399812,0.600188"
base,RELIGxPOLPARTY,RELIGxPOLPARTY :: Nothing in particular | Democrat,DIFF1A_W29,2,"0.437824,0.562177"
base,RELIGxPOLPARTY,RELIGxPOLPARTY :: Nothing in particular | Independent,DIFF1A_W29,2,"0.468791,0.531209"
base,RELIGxPOLPARTY,RELIGxPOLPARTY :: Nothing in particular | Other,DIFF1A_W29,2,"0.476580,0.523420"
base,RELIGxPOLPARTY,RELIGxPOLPARTY :: Nothing in particular | Republican,DIFF1A_W29,2,"0.407333,0.592667"
base,RELIGxPOLPARTY,RELIGxPOLPARTY :: Other | Democrat,DIFF1A_W29,2,"0.422505,0.577495"
base,RELIGxPOLPARTY,RELIGxPOLPARTY :: Other | Independent,DIFF1A_W29,2,"0.445530,0.554470"
base,RELIGxPOLPARTY,RELIGxPOLPARTY :: Protestant | Democrat,DIFF1A_W29,2,"0.422505,0.577495"
base,RELIGxPOLPARTY,RELIGxPOLPARTY :: Protestant | Independent,DIFF1A_W29,2,"0.445530,0.554470"
base,RELIGxPOLPARTY,RELIGxPOLPARTY :: Protestant | Other,DIFF1A_W29,2,"0.453262,0.546738"
base,RELIGxPOLPARTY,RELIGxPOLPARTY :: Protestant | Republican,DIFF1A_W29,2,"0.392337,0.607663"
base,RELIGxPOLPARTY,RELIGxPOLPARTY :: Roman Catholic | Democrat,DIFF1A_W29,2,"0.437824,0.562177"
base,RELIGxPOLPARTY,RELIGxPOLPARTY :: Roman Catholic | Independent,DIFF1A_W29,2,"0.461017,0.538983"
base,RELIGxPOLPARTY,RELIGxPOLPARTY :: Roman Catholic | Other,DIFF1A_W29,2,"0.468791,0.531209"
base,RELIGxPOLPARTY,RELIGxPOLPARTY :: Roman Catholic | Republican,DIFF1A_W29,2,"0.392337,0.607663"
base,RELIGxPOLPARTY,RELIGxPOLPARTY :: Agnostic | Democrat,DIFF1B_W29,2,"0.468791,0.531209"
base,RELIGxPOLPARTY,RELIGxPOLPARTY :: Agnostic | Independent,DIFF1B_W29,2,"0.468791,0.531209"
base,RELIGxPOLPARTY,RELIGxPOLPARTY :: Agnostic | Other,DIFF1B_W29,2,"0.468791,0.531209"
base,RELIGxPOLPARTY,RELIGxPOLPARTY :: Atheist | Democrat,DIFF1B_W29,2,"0.461017,0.538983"
base,RELIGxPOLPARTY,RELIGxPOLPARTY :: Atheist | Independent,DIFF1B_W29,2,"0.468791,0.531209"
base,RELIGxPOLPARTY,RELIGxPOLPARTY :: Atheist | Other,DIFF1B_W29,2,"0.476580,0.523420"
base,RELIGxPOLPARTY,RELIGxPOLPARTY :: Jewish | Democrat,DIFF1B_W29,2,"0.507812,0.492188"
base,RELIGxPOLPARTY,RELIGxPOLPARTY :: Mormon | Independent,DIFF1B_W29,2,"0.507812,0.492188"
base,RELIGxPOLPARTY,RELIGxPOLPARTY :: Mormon | Republican,DIFF1B_W29,2,"0.468791,0.531209"
base,RELIGxPOLPARTY,RELIGxPOLPARTY :: Nothing in particular | Democrat,DIFF1B_W29,2,"0.476580,0.523420"
base,RELIGxPOLPARTY,RELIGxPOLPARTY :: Nothing in particular | Independent,DIFF1B_W29,2,"0.492188,0.507812"
base,RELIGxPOLPARTY,RELIGxPOLPARTY :: Nothing in particular | Other,DIFF1B_W29,2,"0.492188,0.507812"
base,RELIGxPOLPARTY,RELIGxPOLPARTY :: Nothing in particular | Republican,DIFF1B_W29,2,"0.461017,0.538983"
base,RELIGxPOLPARTY,RELIGxPOLPARTY :: Other | Democrat,DIFF1B_W29,2,"0.468791,0.531209"
base,RELIGxPOLPARTY,RELIGxPOLPARTY :: Other | Independent,DIFF1B_W29,2,"0.476580,0.523420"
base,RELIGxPOLPARTY,RELIGxPOLPARTY :: Protestant | Democrat,DIFF1B_W29,2,"0.484380,0.515620"
base,RELIGxPOLPARTY,RELIGxPOLPARTY :: Protestant | Independent,DIFF1B_W29,2,"0.492188,0.507812"
base,RELIGxPOLPARTY,RELIGxPOLPARTY :: Protestant | Other,DIFF1B_W29,2,"0.492188,0.507812"
base,RELIGxPOLPARTY,RELIGxPOLPARTY :: Protestant | Republican,DIFF1B_W29,2,"0.453262,0.546738"
base,RELIGxPOLPARTY,RELIGxPOLPARTY :: Roman Catholic | Democrat,DIFF1B_W29,2,"0.507812,0.492188"
base,RELIGxPOLPARTY,RELIGxPOLPARTY :: Roman Catholic | Independent,DIFF1B_W29,2,"0.507812,0.492188"
base,RELIGxPOLPARTY,RELIGxPOLPARTY :: Roman Catholic | Other,DIFF1B_W29,2,"0.507812,0.492188"
base,RELIGxPOLPARTY,RELIGxPOLPARTY :: Roman Catholic | Republican,DIFF1B_W29,2,"0.468791,0.531209"
base,RELIGxPOLPARTY,RELIGxPOLPARTY :: Agnostic | Democrat,DNA3c_W50,2,"0.515620,0.484380"
base,RELIGxPOLPARTY,RELIGxPOLPARTY :: Agnostic | Independent,DNA3c_W50,2,"0.515620,0.484380"
base,RELIGxPOLPARTY,RELIGxPOLPARTY :: Agnostic | Other,DNA3c_W50,2,"0.492188,0.507812"
base,RELIGxPOLPARTY,RELIGxPOLPARTY :: Agnostic | Republican,DNA3c_W50,2,"0.523420,0.476580"
base,RELIGxPOLPARTY,RELIGxPOLPARTY :: Atheist | Democrat,DNA3c_W50,2,"0.507812,0.492188"
base,RELIGxPOLPARTY,RELIGxPOLPARTY :: Atheist | Independent,DNA3c_W50,2,"0.507812,0.492188"
base,RELIGxPOLPARTY,RELIGxPOLPARTY :: Atheist | Other,DNA3c_W50,2,"0.492188,0.507812"
base,RELIGxPOLPARTY,RELIGxPOLPARTY :: Buddhist | Democrat,DNA3c_W50,2,"0.546738,0.453262"
base,RELIGxPOLPARTY,RELIGxPOLPARTY :: Jewish | Democrat,DNA3c_W50,2,"0.562177,0.437824"
base,RELIGxPOLPARTY,RELIGxPOLPARTY :: Jewish | Independent,DNA3c_W50,2,"0.546738,0.453262"
base,RELIGxPOLPARTY,RELIGxPOLPARTY :: Jewish | Republican,DNA3c_W50,2,"0.577495,0.422505"
base,RELIGxPOLPARTY,RELIGxPOLPARTY :: Mormon | Democrat,DNA3c_W50,2,"0.538983,0.461017"
base,RELIGxPOLPARTY,RELIGxPOLPARTY :: Mormon | Independent,DNA3c_W50,2,"0.515620,0.484380"
base,RELIGxPOLPARTY,RELIGxPOLPARTY :: Mormon | Republican,DNA3c_W50,2,"0.531209,0.468791"
base,RELIGxPOLPARTY,RELIGxPOLPARTY :: Nothing in particular | Democrat,DNA3c_W50,2,"0.515620,0.484380"
base,RELIGxPOLPARTY,RELIGxPOLPARTY :: Nothing in particular | Independent,DNA3c_W50,2,"0.507812,0.492188"
base,RELIGxPOLPARTY,RELIGxPOLPARTY :: Nothing in particular | Other,DNA3c_W50,2,"0.492188,0.507812"
base,RELIGxPOLPARTY,RELIGxPOLPARTY :: Nothing in particular | Republican,DNA3c_W50,2,"0.523420,0.476580"
base,RELIGxPOLPARTY,RELIGxPOLPARTY :: Other | Democrat,DNA3c_W50,2,"0.538983,0.461017"
base,RELIGxPOLPARTY,RELIGxPOLPARTY :: Other | Independent,DNA3c_W50,2,"0.531209,0.468791"
base,RELIGxPOLPARTY,RELIGxPOLPARTY :: Other | Other,DNA3c_W50,2,"0.515620,0.484380"
base,RELIGxPOLPARTY,RELIGxPOLPARTY :: Protestant | Democrat,DNA3c_W50,2,"0.538983,0.461017"
base,RELIGxPOLPARTY,RELIGxPOLPARTY :: Protestant | Independent,DNA3c_W50,2,"0.515620,0.484380"
base,RELIGxPOLPARTY,RELIGxPOLPARTY :: Protestant | Other,DNA3c_W50,2,"0.500000,0.500000"
base,RELIGxPOLPARTY,RELIGxPOLPARTY :: Protestant | Republican,DNA3c_W50,2,"0.546738,0.453262"
base,RELIGxPOLPARTY,RELIGxPOLPARTY :: Roman Catholic | Democrat,DNA3c_W50,2,"0.546738,0.453262"
base,RELIGxPOLPARTY,RELIGxPOLPARTY :: Roman Catholic | Independent,DNA3c_W50,2,"0.523420,0.476580"
base,RELIGxPOLPARTY,RELIGxPOLPARTY :: Roman Catholic | Other,DNA3c_W50,2,"0.507812,0.492188"
base,RELIGxPOLPARTY,RELIGxPOLPARTY :: Roman Catholic | Republican,DNA3c_W50,2,"0.546738,0.453262"
base,RELIGxPOLPARTY,RELIGxPOLPARTY :: Agnostic | Democrat,ECON4_a_W54,4,"0.514114,0.242850,0.177673,0.065362"
base,RELIGxPOLPARTY,RELIGxPOLPARTY :: Agnostic | Independent,ECON4_a_W54,4,"0.490188,0.238898,0.198054,0.072860"
base,RELIGxPOLPARTY,RELIGxPOLPARTY :: Agnostic | Other,ECON4_a_W54,4,"0.494935,0.233791,0.199972,0.071302"
base,RELIGxPOLPARTY,RELIGxPOLPARTY :: Agnostic | Republican,ECON4_a_W54,4,"0.516353,0.236403,0.178447,0.068797"
base,RELIGxPOLPARTY,RELIGxPOLPARTY :: Atheist | Democrat,ECON4_a_W54,4,"0.500436,0.236389,0.189944,0.073230"
base,RELIGxPOLPARTY,RELIGxPOLPARTY :: Atheist | Independent,ECON4_a_W54,4,"0.484096,0.228671,0.208207,0.079026"
base,RELIGxPOLPARTY,RELIGxPOLPARTY :: Atheist | Other,ECON4_a_W54,4,"0.491904,0.225210,0.205056,0.077830"
base,RELIGxPOLPARTY,RELIGxPOLPARTY :: Jewish | Democrat,ECON4_a_W54,4,"0.568870,0.222773,0.148399,0.059958"
base,RELIGxPOLPARTY,RELIGxPOLPARTY :: Jewish | Independent,ECON4_a_W54,4,"0.538593,0.224519,0.169476,0.067413"
base,RELIGxPOLPARTY,RELIGxPOLPARTY :: Mormon | Independent,ECON4_a_W54,4,"0.537361,0.224005,0.174455,0.064179"
base,RELIGxPOLPARTY,RELIGxPOLPARTY :: Mormon | Republican,ECON4_a_W54,4,"0.569921,0.223184,0.148673,0.058221"
base,RELIGxPOLPARTY,RELIGxPOLPARTY :: Nothing in particular | Democrat,ECON4_a_W54,4,"0.522523,0.224734,0.186311,0.066431"
base,RELIGxPOLPARTY,RELIGxPOLPARTY :: Nothing in particular | Independent,ECON4_a_W54,4,"0.498708,0.214492,0.207893,0.078907"
base,RELIGxPOLPARTY,RELIGxPOLPARTY :: Nothing in particular | Other,ECON4_a_W54,4,"0.499319,0.214755,0.208147,0.077779"
base,RELIGxPOLPARTY,RELIGxPOLPARTY :: Nothing in particular | Republican,ECON4_a_W54,4,"0.535294,0.216278,0.179301,0.069127"
base,RELIGxPOLPARTY,RELIGxPOLPARTY :: Other | Democrat,ECON4_a_W54,4,"0.552863,0.230468,0.158398,0.058271"
base,RELIGxPOLPARTY,RELIGxPOLPARTY :: Other | Independent,ECON4_a_W54,4,"0.528656,0.220376,0.182699,0.068269"
base,RELIGxPOLPARTY,RELIGxPOLPARTY :: Protestant | Democrat,ECON4_a_W54,4,"0.544102,0.234015,0.160836,0.061047"
base,RELIGxPOLPARTY,RELIGxPOLPARTY :: Protestant | Independent,ECON4_a_W54,4,"0.514175,0.228164,0.189154,0.068507"
base,RELIGxPOLPARTY,RELIGxPOLPARTY :: Protestant | Other,ECON4_a_W54,4,"0.521944,0.217579,0.192013,0.068464"
base,RELIGxPOLPARTY,RELIGxPOLPARTY :: Protestant | Refused,ECON4_a_W54,4,"0.482493,0.188947,0.220901,0.107659"
base,RELIGxPOLPARTY,RELIGxPOLPARTY :: Protestant | Republican,ECON4_a_W54,4,"0.562417,0.220246,0.156178,0.061160"
base,RELIGxPOLPARTY,RELIGxPOLPARTY :: Roman Catholic | Democrat,ECON4_a_W54,4,"0.567789,0.222350,0.148117,0.061744"
base,RELIGxPOLPARTY,RELIGxPOLPARTY :: Roman Catholic | Independent,ECON4_a_W54,4,"0.551975,0.209506,0.168343,0.070176"
base,RELIGxPOLPARTY,RELIGxPOLPARTY :: Roman Catholic | Other,ECON4_a_W54,4,"0.537692,0.210563,0.180104,0.071641"
base,RELIGxPOLPARTY,RELIGxPOLPARTY :: Roman Catholic | Republican,ECON4_a_W54,4,"0.578214,0.212713,0.146195,0.062878"
base,RELIGxPOLPARTY,RELIGxPOLPARTY :: Agnostic | Democrat,ELECT_CONF3_PRVFR_W92,4,"0.174885,0.306932,0.381983,0.136200"
base,RELIGxPOLPARTY,RELIGxPOLPARTY :: Agnostic | Independent,ELECT_CONF3_PRVFR_W92,4,"0.175261,0.288956,0.394957,0.140826"
base,RELIGxPOLPARTY,RELIGxPOLPARTY :: Agnostic | Other,ELECT_CONF3_PRVFR_W92,4,"0.171537,0.291794,0.398835,0.137834"
base,RELIGxPOLPARTY,RELIGxPOLPARTY :: Agnostic | Republican,ELECT_CONF3_PRVFR_W92,4,"0.189783,0.293941,0.377428,0.138848"
base,RELIGxPOLPARTY,RELIGxPOLPARTY :: Atheist | Democrat,ELECT_CONF3_PRVFR_W92,4,"0.171303,0.300646,0.386037,0.142015"
base,RELIGxPOLPARTY,RELIGxPOLPARTY :: Atheist | Independent,ELECT_CONF3_PRVFR_W92,4,"0.172119,0.292784,0.387876,0.147221"
base,RELIGxPOLPARTY,RELIGxPOLPARTY :: Atheist | Other,ELECT_CONF3_PRVFR_W92,4,"0.167711,0.294343,0.389941,0.148005"
base,RELIGxPOLPARTY,RELIGxPOLPARTY :: Buddhist | Democrat,ELECT_CONF3_PRVFR_W92,4,"0.196363,0.276916,0.378499,0.148222"
base,RELIGxPOLPARTY,RELIGxPOLPARTY :: Jewish | Democrat,ELECT_CONF3_PRVFR_W92,4,"0.212303,0.308899,0.350029,0.128768"
base,RELIGxPOLPARTY,RELIGxPOLPARTY :: Jewish | Independent,ELECT_CONF3_PRVFR_W92,4,"0.202762,0.295016,0.367154,0.135068"
base,RELIGxPOLPARTY,RELIGxPOLPARTY :: Jewish | Republican,ELECT_CONF3_PRVFR_W92,4,"0.227493,0.301379,0.341507,0.129621"
base,RELIGxPOLPARTY,RELIGxPOLPARTY :: Mormon | Independent,ELECT_CONF3_PRVFR_W92,4,"0.197757,0.296868,0.369459,0.135916"
base,RELIGxPOLPARTY,RELIGxPOLPARTY :: Mormon | Republican,ELECT_CONF3_PRVFR_W92,4,"0.223818,0.305923,0.346656,0.123604"
base,RELIGxPOLPARTY,RELIGxPOLPARTY :: Nothing in particular | Democrat,ELECT_CONF3_PRVFR_W92,4,"0.177082,0.301227,0.374884,0.146807"
base,RELIGxPOLPARTY,RELIGxPOLPARTY :: Nothing in particular | Independent,ELECT_CONF3_PRVFR_W92,4,"0.172035,0.283638,0.387687,0.156640"
base,RELIGxPOLPARTY,RELIGxPOLPARTY :: Nothing in particular | Other,ELECT_CONF3_PRVFR_W92,4,"0.166796,0.283729,0.387812,0.161664"
base,RELIGxPOLPARTY,RELIGxPOLPARTY :: Nothing in particular | Republican,ELECT_CONF3_PRVFR_W92,4,"0.187650,0.299864,0.361705,0.150781"
base,RELIGxPOLPARTY,RELIGxPOLPARTY :: Other | Democrat,ELECT_CONF3_PRVFR_W92,4,"0.195077,0.302141,0.364452,0.138330"
base,RELIGxPOLPARTY,RELIGxPOLPARTY :: Other | Independent,ELECT_CONF3_PRVFR_W92,4,"0.189800,0.284923,0.377462,0.147816"
base,RELIGxPOLPARTY,RELIGxPOLPARTY :: Other | Other,ELECT_CONF3_PRVFR_W92,4,"0.183283,0.283874,0.376072,0.156770"
base,RELIGxPOLPARTY,RELIGxPOLPARTY :: Protestant | Democrat,ELECT_CONF3_PRVFR_W92,4,"0.200586,0.310674,0.363215,0.125524"
base,RELIGxPOLPARTY,RELIGxPOLPARTY :: Protestant | Independent,ELECT_CONF3_PRVFR_W92,4,"0.193154,0.289959,0.384133,0.132753"
base,RELIGxPOLPARTY,RELIGxPOLPARTY :: Protestant | Other,ELECT_CONF3_PRVFR_W92,4,"0.186049,0.288158,0.393865,0.131928"
base,RELIGxPOLPARTY,RELIGxPOLPARTY :: Protestant | Refused,ELECT_CONF3_PRVFR_W92,4,"0.190370,0.252199,0.378595,0.178836"
base,RELIGxPOLPARTY,RELIGxPOLPARTY :: Protestant | Republican,ELECT_CONF3_PRVFR_W92,4,"0.227666,0.301608,0.352615,0.118111"
base,RELIGxPOLPARTY,RELIGxPOLPARTY :: Roman Catholic | Democrat,ELECT_CONF3_PRVFR_W92,4,"0.213459,0.301026,0.351935,0.133579"
base,RELIGxPOLPARTY,RELIGxPOLPARTY :: Roman Catholic | Independent,ELECT_CONF3_PRVFR_W92,4,"0.202836,0.286044,0.367288,0.143832"
base,RELIGxPOLPARTY,RELIGxPOLPARTY :: Roman Catholic | Other,ELECT_CONF3_PRVFR_W92,4,"0.191515,0.287498,0.380872,0.140115"
base,RELIGxPOLPARTY,RELIGxPOLPARTY :: Roman Catholic | Republican,ELECT_CONF3_PRVFR_W92,4,"0.225053,0.298147,0.348569,0.128231"
base,RELIGxPOLPARTY,RELIGxPOLPARTY :: Agnostic | Democrat,ESSENBIZF2B_W36,3,"0.549916,0.377951,0.072133"
base,RELIGxPOLPARTY,RELIGxPOLPARTY :: Agnostic | Independent,ESSENBIZF2B_W36,3,"0.512360,0.386750,0.100890"
base,RELIGxPOLPARTY,RELIGxPOLPARTY :: Agnostic | Other,ESSENBIZF2B_W36,3,"0.496738,0.399140,0.104122"
base,RELIGxPOLPARTY,RELIGxPOLPARTY :: Atheist | Democrat,ESSENBIZF2B_W36,3,"0.549602,0.366114,0.084284"
base,RELIGxPOLPARTY,RELIGxPOLPARTY :: Atheist | Independent,ESSENBIZF2B_W36,3,"0.530729,0.364764,0.104507"
base,RELIGxPOLPARTY,RELIGxPOLPARTY :: Jewish | Democrat,ESSENBIZF2B_W36,3,"0.644873,0.304617,0.050510"
base,RELIGxPOLPARTY,RELIGxPOLPARTY :: Jewish | Independent,ESSENBIZF2B_W36,3,"0.590665,0.336551,0.072784"
base,RELIGxPOLPARTY,RELIGxPOLPARTY :: Mormon | Republican,ESSENBIZF2B_W36,3,"0.610718,0.326894,0.062389"
base,RELIGxPOLPARTY,RELIGxPOLPARTY :: Nothing in particular | Democrat,ESSENBIZF2B_W36,3,"0.501237,0.390363,0.108400"
base,RELIGxPOLPARTY,RELIGxPOLPARTY :: Nothing in particular | Independent,ESSENBIZF2B_W36,3,"0.470671,0.390200,0.139130"
base,RELIGxPOLPARTY,RELIGxPOLPARTY :: Nothing in particular | Other,ESSENBIZF2B_W36,3,"0.466485,0.386729,0.146786"
base,RELIGxPOLPARTY,RELIGxPOLPARTY :: Nothing in particular | Republican,ESSENBIZF2B_W36,3,"0.466485,0.386729,0.146786"
base,RELIGxPOLPARTY,RELIGxPOLPARTY :: Other | Democrat,ESSENBIZF2B_W36,3,"0.549916,0.377951,0.072133"
base,RELIGxPOLPARTY,RELIGxPOLPARTY :: Other | Independent,ESSENBIZF2B_W36,3,"0.527959,0.374379,0.097663"
base,RELIGxPOLPARTY,RELIGxPOLPARTY :: Protestant | Democrat,ESSENBIZF2B_W36,3,"0.601396,0.342665,0.055939"
base,RELIGxPOLPARTY,RELIGxPOLPARTY :: Protestant | Independent,ESSENBIZF2B_W36,3,"0.544684,0.374356,0.080960"
base,RELIGxPOLPARTY,RELIGxPOLPARTY :: Protestant | Other,ESSENBIZF2B_W36,3,"0.518507,0.391390,0.090103"
base,RELIGxPOLPARTY,RELIGxPOLPARTY :: Protestant | Republican,ESSENBIZF2B_W36,3,"0.583089,0.342780,0.074131"
base,RELIGxPOLPARTY,RELIGxPOLPARTY :: Roman Catholic | Democrat,ESSENBIZF2B_W36,3,"0.615757,0.329591,0.054652"
base,RELIGxPOLPARTY,RELIGxPOLPARTY :: Roman Catholic | Independent,ESSENBIZF2B_W36,3,"0.581720,0.341975,0.076305"
base,RELIGxPOLPARTY,RELIGxPOLPARTY :: Roman Catholic | Other,ESSENBIZF2B_W36,3,"0.540384,0.371400,0.088215"
base,RELIGxPOLPARTY,RELIGxPOLPARTY :: Roman Catholic | Republican,ESSENBIZF2B_W36,3,"0.566439,0.354468,0.079093"
base,RELIGxPOLPARTY,RELIGxPOLPARTY :: Agnostic | Democrat,FACE4c_W49,2,"0.615088,0.384912"
base,RELIGxPOLPARTY,RELIGxPOLPARTY :: Agnostic | Independent,FACE4c_W49,2,"0.651355,0.348645"
base,RELIGxPOLPARTY,RELIGxPOLPARTY :: Atheist | Democrat,FACE4c_W49,2,"0.585101,0.414899"
base,RELIGxPOLPARTY,RELIGxPOLPARTY :: Atheist | Independent,FACE4c_W49,2,"0.629775,0.370225"
base,RELIGxPOLPARTY,RELIGxPOLPARTY :: Atheist | Other,FACE4c_W49,2,"0.644225,0.355775"
base,RELIGxPOLPARTY,RELIGxPOLPARTY :: Jewish | Democrat,FACE4c_W49,2,"0.658418,0.341583"
base,RELIGxPOLPARTY,RELIGxPOLPARTY :: Mormon | Republican,FACE4c_W49,2,"0.679179,0.320821"
base,RELIGxPOLPARTY,RELIGxPOLPARTY :: Nothing in particular | Democrat,FACE4c_W49,2,"0.592667,0.407333"
base,RELIGxPOLPARTY,RELIGxPOLPARTY :: Nothing in particular | Independent,FACE4c_W49,2,"0.637031,0.362969"
base,RELIGxPOLPARTY,RELIGxPOLPARTY :: Nothing in particular | Other,FACE4c_W49,2,"0.651355,0.348645"
base,RELIGxPOLPARTY,RELIGxPOLPARTY :: Nothing in particular | Republican,FACE4c_W49,2,"0.607663,0.392337"
base,RELIGxPOLPARTY,RELIGxPOLPARTY :: Other | Independent,FACE4c_W49,2,"0.637031,0.362969"
base,RELIGxPOLPARTY,RELIGxPOLPARTY :: Protestant | Democrat,FACE4c_W49,2,"0.637031,0.362969"
base,RELIGxPOLPARTY,RELIGxPOLPARTY :: Protestant | Independent,FACE4c_W49,2,"0.679179,0.320821"
base,RELIGxPOLPARTY,RELIGxPOLPARTY :: Protestant | Other,FACE4c_W49,2,"0.699254,0.300746"
base,RELIGxPOLPARTY,RELIGxPOLPARTY :: Protestant | Republican,FACE4c_W49,2,"0.665411,0.334589"
base,RELIGxPOLPARTY,RELIGxPOLPARTY :: Roman Catholic | Democrat,FACE4c_W49,2,"0.637031,0.362969"
base,RELIGxPOLPARTY,RELIGxPOLPARTY :: Roman Catholic | Independent,FACE4c_W49,2,"0.679179,0.320821"
base,RELIGxPOLPARTY,RELIGxPOLPARTY :: Roman Catholic | Other,FACE4c_W49,2,"0.685949,0.314051"
base,RELIGxPOLPARTY,RELIGxPOLPARTY :: Roman Catholic | Republican,FACE4c_W49,2,"0.651355,0.348645"
base,RELIGxPOLPARTY,RELIGxPOLPARTY :: Agnostic | Democrat,FAMSURV32a_W50,4,"0.251081,0.401226,0.275758,0.071936"
base,RELIGxPOLPARTY,RELIGxPOLPARTY :: Agnostic | Independent,FAMSURV32a_W50,4,"0.243779,0.389558,0.285007,0.081656"
base,RELIGxPOLPARTY,RELIGxPOLPARTY :: Agnostic | Other,FAMSURV32a_W50,4,"0.246561,0.394003,0.279390,0.080047"
base,RELIGxPOLPARTY,RELIGxPOLPARTY :: Agnostic | Republican,FAMSURV32a_W50,4,"0.257048,0.385875,0.273626,0.083451"
base,RELIGxPOLPARTY,RELIGxPOLPARTY :: Atheist | Democrat,FAMSURV32a_W50,4,"0.264575,0.384955,0.264575,0.085895"
base,RELIGxPOLPARTY,RELIGxPOLPARTY :: Atheist | Independent,FAMSURV32a_W50,4,"0.263260,0.371256,0.271616,0.093868"
base,RELIGxPOLPARTY,RELIGxPOLPARTY :: Atheist | Other,FAMSURV32a_W50,4,"0.262478,0.370153,0.270810,0.096560"
base,RELIGxPOLPARTY,RELIGxPOLPARTY :: Buddhist | Democrat,FAMSURV32a_W50,4,"0.283018,0.374938,0.265871,0.076173"
base,RELIGxPOLPARTY,RELIGxPOLPARTY :: Jewish | Democrat,FAMSURV32a_W50,4,"0.287951,0.381473,0.262182,0.068394"
base,RELIGxPOLPARTY,RELIGxPOLPARTY :: Jewish | Independent,FAMSURV32a_W50,4,"0.300235,0.362153,0.256805,0.080807"
base,RELIGxPOLPARTY,RELIGxPOLPARTY :: Jewish | Republican,FAMSURV32a_W50,4,"0.302833,0.354047,0.259026,0.084094"
base,RELIGxPOLPARTY,RELIGxPOLPARTY :: Mormon | Democrat,FAMSURV32a_W50,4,"0.306344,0.381251,0.246154,0.066251"
base,RELIGxPOLPARTY,RELIGxPOLPARTY :: Mormon | Independent,FAMSURV32a_W50,4,"0.345447,0.356413,0.230117,0.068023"
base,RELIGxPOLPARTY,RELIGxPOLPARTY :: Mormon | Republican,FAMSURV32a_W50,4,"0.367685,0.345408,0.223012,0.063894"
base,RELIGxPOLPARTY,RELIGxPOLPARTY :: Nothing in particular | Democrat,FAMSURV32a_W50,4,"0.248344,0.384643,0.272752,0.094261"
base,RELIGxPOLPARTY,RELIGxPOLPARTY :: Nothing in particular | Independent,FAMSURV32a_W50,4,"0.243186,0.376654,0.275566,0.104593"
base,RELIGxPOLPARTY,RELIGxPOLPARTY :: Nothing in particular | Other,FAMSURV32a_W50,4,"0.246038,0.369346,0.278797,0.105819"
base,RELIGxPOLPARTY,RELIGxPOLPARTY :: Nothing in particular | Republican,FAMSURV32a_W50,4,"0.251880,0.366484,0.276636,0.104999"
base,RELIGxPOLPARTY,RELIGxPOLPARTY :: Other | Democrat,FAMSURV32a_W50,4,"0.213522,0.411574,0.301114,0.073791"
base,RELIGxPOLPARTY,RELIGxPOLPARTY :: Other | Independent,FAMSURV32a_W50,4,"0.221558,0.388846,0.302833,0.086763"
base,RELIGxPOLPARTY,RELIGxPOLPARTY :: Other | Other,FAMSURV32a_W50,4,"0.211135,0.394452,0.297748,0.096665"
base,RELIGxPOLPARTY,RELIGxPOLPARTY :: Protestant | Democrat,FAMSURV32a_W50,4,"0.250971,0.413781,0.275638,0.059611"
base,RELIGxPOLPARTY,RELIGxPOLPARTY :: Protestant | Independent,FAMSURV32a_W50,4,"0.272995,0.384985,0.272995,0.069024"
base,RELIGxPOLPARTY,RELIGxPOLPARTY :: Protestant | Other,FAMSURV32a_W50,4,"0.271156,0.382391,0.271156,0.075297"
base,RELIGxPOLPARTY,RELIGxPOLPARTY :: Protestant | Refused,FAMSURV32a_W50,4,"0.262977,0.359447,0.271325,0.106252"
base,RELIGxPOLPARTY,RELIGxPOLPARTY :: Protestant | Republican,FAMSURV32a_W50,4,"0.291510,0.386188,0.257257,0.065045"
base,RELIGxPOLPARTY,RELIGxPOLPARTY :: Roman Catholic | Democrat,FAMSURV32a_W50,4,"0.263589,0.395694,0.271956,0.068761"
base,RELIGxPOLPARTY,RELIGxPOLPARTY :: Roman Catholic | Independent,FAMSURV32a_W50,4,"0.275500,0.364978,0.275500,0.084023"
base,RELIGxPOLPARTY,RELIGxPOLPARTY :: Roman Catholic | Other,FAMSURV32a_W50,4,"0.284169,0.364880,0.266952,0.084000"
base,RELIGxPOLPARTY,RELIGxPOLPARTY :: Roman Catholic | Republican,FAMSURV32a_W50,4,"0.276909,0.366845,0.276909,0.079336"
base,RELIGxPOLPARTY,RELIGxPOLPARTY :: Agnostic | Democrat,FAMSURV32d_W50,4,"0.284729,0.365599,0.251272,0.098400"
base,RELIGxPOLPARTY,RELIGxPOLPARTY :: Agnostic | Independent,FAMSURV32d_W50,4,"0.286947,0.368448,0.245439,0.099166"
base,RELIGxPOLPARTY,RELIGxPOLPARTY :: Agnostic | Other,FAMSURV32d_W50,4,"0.279708,0.370552,0.246841,0.102899"
base,RELIGxPOLPARTY,RELIGxPOLPARTY :: Agnostic | Republican,FAMSURV32d_W50,4,"0.279791,0.359259,0.254753,0.106197"
base,RELIGxPOLPARTY,RELIGxPOLPARTY :: Atheist | Democrat,FAMSURV32d_W50,4,"0.276901,0.355548,0.252121,0.115430"
base,RELIGxPOLPARTY,RELIGxPOLPARTY :: Atheist | Independent,FAMSURV32d_W50,4,"0.285396,0.355181,0.244112,0.115310"
base,RELIGxPOLPARTY,RELIGxPOLPARTY :: Atheist | Other,FAMSURV32d_W50,4,"0.285396,0.355181,0.244112,0.115310"
base,RELIGxPOLPARTY,RELIGxPOLPARTY :: Buddhist | Democrat,FAMSURV32d_W50,4,"0.324400,0.345322,0.237336,0.092942"
base,RELIGxPOLPARTY,RELIGxPOLPARTY :: Jewish | Democrat,FAMSURV32d_W50,4,"0.349657,0.338900,0.225756,0.085687"
base,RELIGxPOLPARTY,RELIGxPOLPARTY :: Jewish | Independent,FAMSURV32d_W50,4,"0.327730,0.348867,0.232396,0.091007"
base,RELIGxPOLPARTY,RELIGxPOLPARTY :: Jewish | Republican,FAMSURV32d_W50,4,"0.347862,0.326786,0.231726,0.093626"
base,RELIGxPOLPARTY,RELIGxPOLPARTY :: Mormon | Democrat,FAMSURV32d_W50,4,"0.363755,0.341716,0.220628,0.073901"
base,RELIGxPOLPARTY,RELIGxPOLPARTY :: Mormon | Independent,FAMSURV32d_W50,4,"0.354843,0.343926,0.222055,0.079176"
base,RELIGxPOLPARTY,RELIGxPOLPARTY :: Mormon | Republican,FAMSURV32d_W50,4,"0.392269,0.325202,0.209966,0.072562"
base,RELIGxPOLPARTY,RELIGxPOLPARTY :: Nothing in particular | Democrat,FAMSURV32d_W50,4,"0.283289,0.352559,0.242310,0.121841"
base,RELIGxPOLPARTY,RELIGxPOLPARTY :: Nothing in particular | Independent,FAMSURV32d_W50,4,"0.282198,0.351201,0.241377,0.125225"
base,RELIGxPOLPARTY,RELIGxPOLPARTY :: Nothing in particular | Other,FAMSURV32d_W50,4,"0.275911,0.354277,0.243491,0.126321"
base,RELIGxPOLPARTY,RELIGxPOLPARTY :: Nothing in particular | Republican,FAMSURV32d_W50,4,"0.278952,0.347161,0.246174,0.127713"
base,RELIGxPOLPARTY,RELIGxPOLPARTY :: Other | Democrat,FAMSURV32d_W50,4,"0.276185,0.365886,0.259452,0.098477"
base,RELIGxPOLPARTY,RELIGxPOLPARTY :: Other | Independent,FAMSURV32d_W50,4,"0.274442,0.363577,0.257815,0.104167"
base,RELIGxPOLPARTY,RELIGxPOLPARTY :: Other | Other,FAMSURV32d_W50,4,"0.265522,0.362926,0.257353,0.114200"
base,RELIGxPOLPARTY,RELIGxPOLPARTY :: Protestant | Democrat,FAMSURV32d_W50,4,"0.314357,0.356213,0.244822,0.084608"
base,RELIGxPOLPARTY,RELIGxPOLPARTY :: Protestant | Independent,FAMSURV32d_W50,4,"0.312651,0.354280,0.243493,0.089576"
base,RELIGxPOLPARTY,RELIGxPOLPARTY :: Protestant | Other,FAMSURV32d_W50,4,"0.298514,0.360077,0.247477,0.093932"
base,RELIGxPOLPARTY,RELIGxPOLPARTY :: Protestant | Refused,FAMSURV32d_W50,4,"0.269489,0.325066,0.261198,0.144247"
base,RELIGxPOLPARTY,RELIGxPOLPARTY :: Protestant | Republican,FAMSURV32d_W50,4,"0.341023,0.341023,0.234382,0.083571"
base,RELIGxPOLPARTY,RELIGxPOLPARTY :: Roman Catholic | Democrat,FAMSURV32d_W50,4,"0.326237,0.347277,0.238680,0.087805"
base,RELIGxPOLPARTY,RELIGxPOLPARTY :: Roman Catholic | Independent,FAMSURV32d_W50,4,"0.316645,0.347767,0.239016,0.096571"
base,RELIGxPOLPARTY,RELIGxPOLPARTY :: Roman Catholic | Other,FAMSURV32d_W50,4,"0.305658,0.346356,0.245603,0.102383"
base,RELIGxPOLPARTY,RELIGxPOLPARTY :: Roman Catholic | Republican,FAMSURV32d_W50,4,"0.317634,0.338120,0.247374,0.096873"
base,RELIGxPOLPARTY,RELIGxPOLPARTY :: Agnostic | Democrat,FAMSURV44_W50,4,"0.277837,0.314830,0.190954,0.216379"
base,RELIGxPOLPARTY,RELIGxPOLPARTY :: Agnostic | Independent,FAMSURV44_W50,4,"0.245120,0.286575,0.223185,0.245120"
base,RELIGxPOLPARTY,RELIGxPOLPARTY :: Agnostic | Other,FAMSURV44_W50,4,"0.243418,0.275829,0.221635,0.259118"
base,RELIGxPOLPARTY,RELIGxPOLPARTY :: Agnostic | Republican,FAMSURV44_W50,4,"0.289925,0.289925,0.187189,0.232961"
base,RELIGxPOLPARTY,RELIGxPOLPARTY :: Atheist | Democrat,FAMSURV44_W50,4,"0.270483,0.279069,0.204171,0.246277"
base,RELIGxPOLPARTY,RELIGxPOLPARTY :: Atheist | Independent,FAMSURV44_W50,4,"0.241718,0.257307,0.227073,0.273902"
base,RELIGxPOLPARTY,RELIGxPOLPARTY :: Atheist | Other,FAMSURV44_W50,4,"0.243418,0.259118,0.221635,0.275829"
base,RELIGxPOLPARTY,RELIGxPOLPARTY :: Buddhist | Democrat,FAMSURV44_W50,4,"0.352711,0.292408,0.171898,0.182984"
base,RELIGxPOLPARTY,RELIGxPOLPARTY :: Jewish | Democrat,FAMSURV44_W50,4,"0.390260,0.303935,0.148126,0.157679"
base,RELIGxPOLPARTY,RELIGxPOLPARTY :: Jewish | Independent,FAMSURV44_W50,4,"0.352711,0.292408,0.171898,0.182984"
base,RELIGxPOLPARTY,RELIGxPOLPARTY :: Jewish | Republican,FAMSURV44_W50,4,"0.385269,0.281869,0.150874,0.181988"
base,RELIGxPOLPARTY,RELIGxPOLPARTY :: Mormon | Democrat,FAMSURV44_W50,4,"0.375494,0.311295,0.151713,0.161498"
base,RELIGxPOLPARTY,RELIGxPOLPARTY :: Mormon | Independent,FAMSURV44_W50,4,"0.351427,0.300592,0.171272,0.176709"
base,RELIGxPOLPARTY,RELIGxPOLPARTY :: Mormon | Republican,FAMSURV44_W50,4,"0.386331,0.300875,0.146635,0.166159"
base,RELIGxPOLPARTY,RELIGxPOLPARTY :: Nothing in particular | Democrat,FAMSURV44_W50,4,"0.294618,0.276768,0.184367,0.244247"
base,RELIGxPOLPARTY,RELIGxPOLPARTY :: Nothing in particular | Independent,FAMSURV44_W50,4,"0.272964,0.256426,0.206044,0.264566"
base,RELIGxPOLPARTY,RELIGxPOLPARTY :: Nothing in particular | Other,FAMSURV44_W50,4,"0.268108,0.244115,0.202378,0.285399"
base,RELIGxPOLPARTY,RELIGxPOLPARTY :: Nothing in particular | Republican,FAMSURV44_W50,4,"0.303086,0.267472,0.178175,0.251267"
base,RELIGxPOLPARTY,RELIGxPOLPARTY :: Other | Democrat,FAMSURV44_W50,4,"0.329381,0.290677,0.160527,0.219415"
base,RELIGxPOLPARTY,RELIGxPOLPARTY :: Other | Independent,FAMSURV44_W50,4,"0.301154,0.274204,0.182659,0.241984"
base,RELIGxPOLPARTY,RELIGxPOLPARTY :: Other | Other,FAMSURV44_W50,4,"0.297946,0.247006,0.175153,0.279894"
base,RELIGxPOLPARTY,RELIGxPOLPARTY :: Protestant | Democrat,FAMSURV44_W50,4,"0.371876,0.318082,0.155021,0.155021"
base,RELIGxPOLPARTY,RELIGxPOLPARTY :: Protestant | Independent,FAMSURV44_W50,4,"0.334784,0.295446,0.184885,0.184885"
base,RELIGxPOLPARTY,RELIGxPOLPARTY :: Protestant | Other,FAMSURV44_W50,4,"0.325839,0.278705,0.191551,0.203905"
base,RELIGxPOLPARTY,RELIGxPOLPARTY :: Protestant | Refused,FAMSURV44_W50,4,"0.311997,0.207835,0.177770,0.302398"
base,RELIGxPOLPARTY,RELIGxPOLPARTY :: Protestant | Republican,FAMSURV44_W50,4,"0.386508,0.301013,0.151359,0.161121"
base,RELIGxPOLPARTY,RELIGxPOLPARTY :: Roman Catholic | Democrat,FAMSURV44_W50,4,"0.384304,0.299296,0.145865,0.170534"
base,RELIGxPOLPARTY,RELIGxPOLPARTY :: Roman Catholic | Independent,FAMSURV44_W50,4,"0.347689,0.279376,0.174829,0.198107"
base,RELIGxPOLPARTY,RELIGxPOLPARTY :: Roman Catholic | Other,FAMSURV44_W50,4,"0.340154,0.264912,0.182071,0.212863"
base,RELIGxPOLPARTY,RELIGxPOLPARTY :: Roman Catholic | Republican,FAMSURV44_W50,4,"0.383617,0.289570,0.145605,0.181208"
base,RELIGxPOLPARTY,RELIGxPOLPARTY :: Agnostic | Democrat,FAMSURV9c_W50,4,"0.187824,0.319499,0.350901,0.141777"
base,RELIGxPOLPARTY,RELIGxPOLPARTY :: Agnostic | Independent,FAMSURV9c_W50,4,"0.173708,0.314544,0.367739,0.144009"
base,RELIGxPOLPARTY,RELIGxPOLPARTY :: Agnostic | Other,FAMSURV9c_W50,4,"0.162791,0.323749,0.378501,0.134959"
base,RELIGxPOLPARTY,RELIGxPOLPARTY :: Agnostic | Republican,FAMSURV9c_W50,4,"0.208527,0.313036,0.343803,0.134635"
base,RELIGxPOLPARTY,RELIGxPOLPARTY :: Atheist | Democrat,FAMSURV9c_W50,4,"0.180553,0.307131,0.337318,0.174998"
base,RELIGxPOLPARTY,RELIGxPOLPARTY :: Atheist | Independent,FAMSURV9c_W50,4,"0.170572,0.308866,0.349991,0.170572"
base,RELIGxPOLPARTY,RELIGxPOLPARTY :: Atheist | Other,FAMSURV9c_W50,4,"0.164360,0.307066,0.358996,0.169578"
base,RELIGxPOLPARTY,RELIGxPOLPARTY :: Buddhist | Democrat,FAMSURV9c_W50,4,"0.195077,0.302141,0.364452,0.138330"
base,RELIGxPOLPARTY,RELIGxPOLPARTY :: Jewish | Democrat,FAMSURV9c_W50,4,"0.219275,0.309228,0.350401,0.121095"
base,RELIGxPOLPARTY,RELIGxPOLPARTY :: Jewish | Independent,FAMSURV9c_W50,4,"0.204434,0.297450,0.370183,0.127932"
base,RELIGxPOLPARTY,RELIGxPOLPARTY :: Jewish | Republican,FAMSURV9c_W50,4,"0.254842,0.297941,0.337611,0.109606"
base,RELIGxPOLPARTY,RELIGxPOLPARTY :: Mormon | Democrat,FAMSURV9c_W50,4,"0.200880,0.301557,0.363747,0.133815"
base,RELIGxPOLPARTY,RELIGxPOLPARTY :: Mormon | Independent,FAMSURV9c_W50,4,"0.197069,0.295835,0.379860,0.127237"
base,RELIGxPOLPARTY,RELIGxPOLPARTY :: Mormon | Republican,FAMSURV9c_W50,4,"0.258410,0.311702,0.331806,0.098082"
base,RELIGxPOLPARTY,RELIGxPOLPARTY :: Nothing in particular | Democrat,FAMSURV9c_W50,4,"0.188830,0.311328,0.352781,0.147061"
base,RELIGxPOLPARTY,RELIGxPOLPARTY :: Nothing in particular | Independent,FAMSURV9c_W50,4,"0.170931,0.309516,0.373348,0.146205"
base,RELIGxPOLPARTY,RELIGxPOLPARTY :: Nothing in particular | Other,FAMSURV9c_W50,4,"0.163832,0.306078,0.380920,0.149170"
base,RELIGxPOLPARTY,RELIGxPOLPARTY :: Nothing in particular | Republican,FAMSURV9c_W50,4,"0.203610,0.305655,0.346353,0.144381"
base,RELIGxPOLPARTY,RELIGxPOLPARTY :: Other | Democrat,FAMSURV9c_W50,4,"0.203270,0.335136,0.345774,0.115820"
base,RELIGxPOLPARTY,RELIGxPOLPARTY :: Other | Independent,FAMSURV9c_W50,4,"0.186960,0.328124,0.360374,0.124542"
base,RELIGxPOLPARTY,RELIGxPOLPARTY :: Other | Other,FAMSURV9c_W50,4,"0.179799,0.315557,0.368924,0.135720"
base,RELIGxPOLPARTY,RELIGxPOLPARTY :: Protestant | Democrat,FAMSURV9c_W50,4,"0.202526,0.333908,0.344508,0.119059"
base,RELIGxPOLPARTY,RELIGxPOLPARTY :: Protestant | Independent,FAMSURV9c_W50,4,"0.189600,0.322521,0.365464,0.122415"
base,RELIGxPOLPARTY,RELIGxPOLPARTY :: Protestant | Other,FAMSURV9c_W50,4,"0.183400,0.321877,0.376312,0.118412"
base,RELIGxPOLPARTY,RELIGxPOLPARTY :: Protestant | Refused,FAMSURV9c_W50,4,"0.213329,0.273920,0.351721,0.161029"
base,RELIGxPOLPARTY,RELIGxPOLPARTY :: Protestant | Republican,FAMSURV9c_W50,4,"0.248406,0.329084,0.318959,0.103551"
base,RELIGxPOLPARTY,RELIGxPOLPARTY :: Roman Catholic | Democrat,FAMSURV9c_W50,4,"0.205233,0.327962,0.338373,0.128432"
base,RELIGxPOLPARTY,RELIGxPOLPARTY :: Roman Catholic | Independent,FAMSURV9c_W50,4,"0.191348,0.315480,0.357486,0.135686"
base,RELIGxPOLPARTY,RELIGxPOLPARTY :: Roman Catholic | Other,FAMSURV9c_W50,4,"0.184454,0.313767,0.366830,0.134949"
base,RELIGxPOLPARTY,RELIGxPOLPARTY :: Roman Catholic | Republican,FAMSURV9c_W50,4,"0.231306,0.326193,0.326193,0.116308"
base,RELIGxPOLPARTY,RELIGxPOLPARTY :: Agnostic | Democrat,FEM2AF2_W29,2,"0.515620,0.484380"
base,RELIGxPOLPARTY,RELIGxPOLPARTY :: Agnostic | Independent,FEM2AF2_W29,2,"0.500000,0.500000"
base,RELIGxPOLPARTY,RELIGxPOLPARTY :: Agnostic | Other,FEM2AF2_W29,2,"0.507812,0.492188"
base,RELIGxPOLPARTY,RELIGxPOLPARTY :: Atheist | Democrat,FEM2AF2_W29,2,"0.468791,0.531209"
base,RELIGxPOLPARTY,RELIGxPOLPARTY :: Atheist | Independent,FEM2AF2_W29,2,"0.461017,0.538983"
base,RELIGxPOLPARTY,RELIGxPOLPARTY :: Atheist | Other,FEM2AF2_W29,2,"0.461017,0.538983"
base,RELIGxPOLPARTY,RELIGxPOLPARTY :: Jewish | Democrat,FEM2AF2_W29,2,"0.600188,0.399812"
base,RELIGxPOLPARTY,RELIGxPOLPARTY :: Mormon | Independent,FEM2AF2_W29,2,"0.600188,0.399812"
base,RELIGxPOLPARTY,RELIGxPOLPARTY :: Mormon | Republican,FEM2AF2_W29,2,"0.658418,0.341583"
base,RELIGxPOLPARTY,RELIGxPOLPARTY :: Nothing in particular | Democrat,FEM2AF2_W29,2,"0.515620,0.484380"
base,RELIGxPOLPARTY,RELIGxPOLPARTY :: Nothing in particular | Independent,FEM2AF2_W29,2,"0.507812,0.492188"
base,RELIGxPOLPARTY,RELIGxPOLPARTY :: Nothing in particular | Other,FEM2AF2_W29,2,"0.515620,0.484380"
base,RELIGxPOLPARTY,RELIGxPOLPARTY :: Nothing in particular | Republican,FEM2AF2_W29,2,"0.507812,0.492188"
base,RELIGxPOLPARTY,RELIGxPOLPARTY :: Other | Democrat,FEM2AF2_W29,2,"0.554470,0.445530"
base,RELIGxPOLPARTY,RELIGxPOLPARTY :: Other | Independent,FEM2AF2_W29,2,"0.531209,0.468791"
base,RELIGxPOLPARTY,RELIGxPOLPARTY :: Protestant | Democrat,FEM2AF2_W29,2,"0.607663,0.392337"
base,RELIGxPOLPARTY,RELIGxPOLPARTY :: Protestant | Independent,FEM2AF2_W29,2,"0.585101,0.414899"
base,RELIGxPOLPARTY,RELIGxPOLPARTY :: Protestant | Other,FEM2AF2_W29,2,"0.592667,0.407333"
base,RELIGxPOLPARTY,RELIGxPOLPARTY :: Protestant | Republican,FEM2AF2_W29,2,"0.622459,0.377541"
base,RELIGxPOLPARTY,RELIGxPOLPARTY :: Roman Catholic | Democrat,FEM2AF2_W29,2,"0.622459,0.377541"
base,RELIGxPOLPARTY,RELIGxPOLPARTY :: Roman Catholic | Independent,FEM2AF2_W29,2,"0.592667,0.407333"
base,RELIGxPOLPARTY,RELIGxPOLPARTY :: Roman Catholic | Other,FEM2AF2_W29,2,"0.600188,0.399812"
base,RELIGxPOLPARTY,RELIGxPOLPARTY :: Roman Catholic | Republican,FEM2AF2_W29,2,"0.592667,0.407333"
base,RELIGxPOLPARTY,RELIGxPOLPARTY :: Agnostic | Democrat,HIGHEDWRNGD_W36,3,"0.286512,0.345599,0.367889"
base,RELIGxPOLPARTY,RELIGxPOLPARTY :: Agnostic | Independent,HIGHEDWRNGD_W36,3,"0.264187,0.339222,0.396591"
base,RELIGxPOLPARTY,RELIGxPOLPARTY :: Agnostic | Other,HIGHEDWRNGD_W36,3,"0.252217,0.344740,0.403042"
base,RELIGxPOLPARTY,RELIGxPOLPARTY :: Atheist | Democrat,HIGHEDWRNGD_W36,3,"0.319486,0.350887,0.329627"
base,RELIGxPOLPARTY,RELIGxPOLPARTY :: Atheist | Independent,HIGHEDWRNGD_W36,3,"0.302616,0.332359,0.365025"
base,RELIGxPOLPARTY,RELIGxPOLPARTY :: Jewish | Democrat,HIGHEDWRNGD_W36,3,"0.252770,0.367778,0.379452"
base,RELIGxPOLPARTY,RELIGxPOLPARTY :: Jewish | Independent,HIGHEDWRNGD_W36,3,"0.255384,0.349069,0.395547"
base,RELIGxPOLPARTY,RELIGxPOLPARTY :: Mormon | Republican,HIGHEDWRNGD_W36,3,"0.261749,0.369125,0.369125"
base,RELIGxPOLPARTY,RELIGxPOLPARTY :: Nothing in particular | Democrat,HIGHEDWRNGD_W36,3,"0.267737,0.354694,0.377569"
base,RELIGxPOLPARTY,RELIGxPOLPARTY :: Nothing in particular | Independent,HIGHEDWRNGD_W36,3,"0.242607,0.331604,0.425789"
base,RELIGxPOLPARTY,RELIGxPOLPARTY :: Nothing in particular | Other,HIGHEDWRNGD_W36,3,"0.234425,0.341086,0.424489"
base,RELIGxPOLPARTY,RELIGxPOLPARTY :: Nothing in particular | Republican,HIGHEDWRNGD_W36,3,"0.261372,0.346262,0.392366"
base,RELIGxPOLPARTY,RELIGxPOLPARTY :: Other | Democrat,HIGHEDWRNGD_W36,3,"0.315545,0.368910,0.315545"
base,RELIGxPOLPARTY,RELIGxPOLPARTY :: Other | Independent,HIGHEDWRNGD_W36,3,"0.299559,0.350220,0.350220"
base,RELIGxPOLPARTY,RELIGxPOLPARTY :: Protestant | Democrat,HIGHEDWRNGD_W36,3,"0.286213,0.379170,0.334617"
base,RELIGxPOLPARTY,RELIGxPOLPARTY :: Protestant | Independent,HIGHEDWRNGD_W36,3,"0.261655,0.357640,0.380706"
base,RELIGxPOLPARTY,RELIGxPOLPARTY :: Protestant | Other,HIGHEDWRNGD_W36,3,"0.255663,0.360542,0.383795"
base,RELIGxPOLPARTY,RELIGxPOLPARTY :: Protestant | Republican,HIGHEDWRNGD_W36,3,"0.283403,0.363897,0.352701"
base,RELIGxPOLPARTY,RELIGxPOLPARTY :: Roman Catholic | Democrat,HIGHEDWRNGD_W36,3,"0.261749,0.369125,0.369125"
base,RELIGxPOLPARTY,RELIGxPOLPARTY :: Roman Catholic | Independent,HIGHEDWRNGD_W36,3,"0.243233,0.343014,0.413753"
base,RELIGxPOLPARTY,RELIGxPOLPARTY :: Roman Catholic | Other,HIGHEDWRNGD_W36,3,"0.231914,0.348144,0.419942"
base,RELIGxPOLPARTY,RELIGxPOLPARTY :: Roman Catholic | Republican,HIGHEDWRNGD_W36,3,"0.252585,0.356203,0.391212"
base,RELIGxPOLPARTY,RELIGxPOLPARTY :: Agnostic | Democrat,HIRING7A_W27,3,"0.280603,0.612893,0.106505"
base,RELIGxPOLPARTY,RELIGxPOLPARTY :: Agnostic | Independent,HIRING7A_W27,3,"0.297828,0.574078,0.128094"
base,RELIGxPOLPARTY,RELIGxPOLPARTY :: Agnostic | Other,HIRING7A_W27,3,"0.296622,0.571753,0.131625"
base,RELIGxPOLPARTY,RELIGxPOLPARTY :: Atheist | Democrat,HIRING7A_W27,3,"0.269058,0.625578,0.105364"
base,RELIGxPOLPARTY,RELIGxPOLPARTY :: Atheist | Independent,HIRING7A_W27,3,"0.292498,0.581701,0.125802"
base,RELIGxPOLPARTY,RELIGxPOLPARTY :: Atheist | Other,HIRING7A_W27,3,"0.279733,0.592195,0.128071"
base,RELIGxPOLPARTY,RELIGxPOLPARTY :: Jewish | Democrat,HIRING7A_W27,3,"0.321920,0.582921,0.095159"
base,RELIGxPOLPARTY,RELIGxPOLPARTY :: Mormon | Republican,HIRING7A_W27,3,"0.352669,0.563564,0.083766"
base,RELIGxPOLPARTY,RELIGxPOLPARTY :: Nothing in particular | Democrat,HIRING7A_W27,3,"0.233812,0.655743,0.110445"
base,RELIGxPOLPARTY,RELIGxPOLPARTY :: Nothing in particular | Independent,HIRING7A_W27,3,"0.255254,0.612322,0.132424"
base,RELIGxPOLPARTY,RELIGxPOLPARTY :: Nothing in particular | Other,HIRING7A_W27,3,"0.259045,0.602298,0.138657"
base,RELIGxPOLPARTY,RELIGxPOLPARTY :: Nothing in particular | Republican,HIRING7A_W27,3,"0.246821,0.650288,0.102891"
base,RELIGxPOLPARTY,RELIGxPOLPARTY :: Other | Democrat,HIRING7A_W27,3,"0.257794,0.638047,0.104158"
base,RELIGxPOLPARTY,RELIGxPOLPARTY :: Other | Independent,HIRING7A_W27,3,"0.278601,0.589798,0.131602"
base,RELIGxPOLPARTY,RELIGxPOLPARTY :: Protestant | Democrat,HIRING7A_W27,3,"0.293390,0.601998,0.104612"
base,RELIGxPOLPARTY,RELIGxPOLPARTY :: Protestant | Independent,HIRING7A_W27,3,"0.301281,0.580735,0.117983"
base,RELIGxPOLPARTY,RELIGxPOLPARTY :: Protestant | Other,HIRING7A_W27,3,"0.299006,0.576349,0.124644"
base,RELIGxPOLPARTY,RELIGxPOLPARTY :: Protestant | Republican,HIRING7A_W27,3,"0.322865,0.584633,0.092502"
base,RELIGxPOLPARTY,RELIGxPOLPARTY :: Roman Catholic | Democrat,HIRING7A_W27,3,"0.302718,0.602027,0.095255"
base,RELIGxPOLPARTY,RELIGxPOLPARTY :: Roman Catholic | Independent,HIRING7A_W27,3,"0.309012,0.577309,0.113679"
base,RELIGxPOLPARTY,RELIGxPOLPARTY :: Roman Catholic | Other,HIRING7A_W27,3,"0.301281,0.580735,0.117983"
base,RELIGxPOLPARTY,RELIGxPOLPARTY :: Roman Catholic | Republican,HIRING7A_W27,3,"0.303608,0.603797,0.092595"
base,RELIGxPOLPARTY,RELIGxPOLPARTY :: Agnostic | Democrat,IL_IMM_PRI_W92,3,"0.523230,0.348547,0.128223"
base,RELIGxPOLPARTY,RELIGxPOLPARTY :: Agnostic | Independent,IL_IMM_PRI_W92,3,"0.581835,0.266384,0.151781"
base,RELIGxPOLPARTY,RELIGxPOLPARTY :: Agnostic | Other,IL_IMM_PRI_W92,3,"0.574213,0.271239,0.154547"
base,RELIGxPOLPARTY,RELIGxPOLPARTY :: Agnostic | Republican,IL_IMM_PRI_W92,3,"0.681093,0.207722,0.111185"
base,RELIGxPOLPARTY,RELIGxPOLPARTY :: Atheist | Democrat,IL_IMM_PRI_W92,3,"0.498088,0.375976,0.125936"
base,RELIGxPOLPARTY,RELIGxPOLPARTY :: Atheist | Independent,IL_IMM_PRI_W92,3,"0.577227,0.281318,0.141455"
base,RELIGxPOLPARTY,RELIGxPOLPARTY :: Atheist | Other,IL_IMM_PRI_W92,3,"0.561905,0.291513,0.146582"
base,RELIGxPOLPARTY,RELIGxPOLPARTY :: Buddhist | Democrat,IL_IMM_PRI_W92,3,"0.551012,0.313957,0.135031"
base,RELIGxPOLPARTY,RELIGxPOLPARTY :: Jewish | Democrat,IL_IMM_PRI_W92,3,"0.531020,0.342852,0.126128"
base,RELIGxPOLPARTY,RELIGxPOLPARTY :: Jewish | Independent,IL_IMM_PRI_W92,3,"0.635798,0.226701,0.137501"
base,RELIGxPOLPARTY,RELIGxPOLPARTY :: Jewish | Republican,IL_IMM_PRI_W92,3,"0.739864,0.160007,0.100130"
base,RELIGxPOLPARTY,RELIGxPOLPARTY :: Mormon | Independent,IL_IMM_PRI_W92,3,"0.617275,0.257318,0.125407"
base,RELIGxPOLPARTY,RELIGxPOLPARTY :: Mormon | Republican,IL_IMM_PRI_W92,3,"0.728408,0.173012,0.098579"
base,RELIGxPOLPARTY,RELIGxPOLPARTY :: Nothing in particular | Democrat,IL_IMM_PRI_W92,3,"0.553988,0.305941,0.140070"
base,RELIGxPOLPARTY,RELIGxPOLPARTY :: Nothing in particular | Independent,IL_IMM_PRI_W92,3,"0.602137,0.235800,0.162063"
base,RELIGxPOLPARTY,RELIGxPOLPARTY :: Nothing in particular | Other,IL_IMM_PRI_W92,3,"0.580772,0.242102,0.177126"
base,RELIGxPOLPARTY,RELIGxPOLPARTY :: Nothing in particular | Republican,IL_IMM_PRI_W92,3,"0.678149,0.188315,0.133536"
base,RELIGxPOLPARTY,RELIGxPOLPARTY :: Other | Democrat,IL_IMM_PRI_W92,3,"0.556334,0.327052,0.116614"
base,RELIGxPOLPARTY,RELIGxPOLPARTY :: Other | Independent,IL_IMM_PRI_W92,3,"0.619296,0.242520,0.138184"
base,RELIGxPOLPARTY,RELIGxPOLPARTY :: Other | Other,IL_IMM_PRI_W92,3,"0.621349,0.221549,0.157102"
base,RELIGxPOLPARTY,RELIGxPOLPARTY :: Protestant | Democrat,IL_IMM_PRI_W92,3,"0.557752,0.317797,0.124451"
base,RELIGxPOLPARTY,RELIGxPOLPARTY :: Protestant | Independent,IL_IMM_PRI_W92,3,"0.631255,0.232226,0.136519"
base,RELIGxPOLPARTY,RELIGxPOLPARTY :: Protestant | Other,IL_IMM_PRI_W92,3,"0.618399,0.234718,0.146883"
base,RELIGxPOLPARTY,RELIGxPOLPARTY :: Protestant | Refused,IL_IMM_PRI_W92,3,"0.611901,0.218180,0.169919"
base,RELIGxPOLPARTY,RELIGxPOLPARTY :: Protestant | Republican,IL_IMM_PRI_W92,3,"0.747106,0.151784,0.101110"
base,RELIGxPOLPARTY,RELIGxPOLPARTY :: Roman Catholic | Democrat,IL_IMM_PRI_W92,3,"0.547828,0.322051,0.130121"
base,RELIGxPOLPARTY,RELIGxPOLPARTY :: Roman Catholic | Independent,IL_IMM_PRI_W92,3,"0.621207,0.235783,0.143010"
base,RELIGxPOLPARTY,RELIGxPOLPARTY :: Roman Catholic | Other,IL_IMM_PRI_W92,3,"0.602137,0.235800,0.162063"
base,RELIGxPOLPARTY,RELIGxPOLPARTY :: Roman Catholic | Republican,IL_IMM_PRI_W92,3,"0.707470,0.173373,0.119157"
base,RELIGxPOLPARTY,RELIGxPOLPARTY :: Agnostic | Democrat,INFOKNOWe_W45,2,"0.562177,0.437824"
base,RELIGxPOLPARTY,RELIGxPOLPARTY :: Agnostic | Independent,INFOKNOWe_W45,2,"0.569853,0.430147"
base,RELIGxPOLPARTY,RELIGxPOLPARTY :: Agnostic | Other,INFOKNOWe_W45,2,"0.569853,0.430147"
base,RELIGxPOLPARTY,RELIGxPOLPARTY :: Atheist | Democrat,INFOKNOWe_W45,2,"0.546738,0.453262"
base,RELIGxPOLPARTY,RELIGxPOLPARTY :: Atheist | Independent,INFOKNOWe_W45,2,"0.546738,0.453262"
base,RELIGxPOLPARTY,RELIGxPOLPARTY :: Atheist | Other,INFOKNOWe_W45,2,"0.546738,0.453262"
base,RELIGxPOLPARTY,RELIGxPOLPARTY :: Jewish | Democrat,INFOKNOWe_W45,2,"0.577495,0.422505"
base,RELIGxPOLPARTY,RELIGxPOLPARTY :: Mormon | Republican,INFOKNOWe_W45,2,"0.554470,0.445530"
base,RELIGxPOLPARTY,RELIGxPOLPARTY :: Nothing in particular | Democrat,INFOKNOWe_W45,2,"0.554470,0.445530"
base,RELIGxPOLPARTY,RELIGxPOLPARTY :: Nothing in particular | Independent,INFOKNOWe_W45,2,"0.562177,0.437824"
base,RELIGxPOLPARTY,RELIGxPOLPARTY :: Nothing in particular | Other,INFOKNOWe_W45,2,"0.569853,0.430147"
base,RELIGxPOLPARTY,RELIGxPOLPARTY :: Nothing in particular | Republican,INFOKNOWe_W45,2,"0.546738,0.453262"
base,RELIGxPOLPARTY,RELIGxPOLPARTY :: Other | Democrat,INFOKNOWe_W45,2,"0.554470,0.445530"
base,RELIGxPOLPARTY,RELIGxPOLPARTY :: Other | Independent,INFOKNOWe_W45,2,"0.554470,0.445530"
base,RELIGxPOLPARTY,RELIGxPOLPARTY :: Protestant | Democrat,INFOKNOWe_W45,2,"0.554470,0.445530"
base,RELIGxPOLPARTY,RELIGxPOLPARTY :: Protestant | Independent,INFOKNOWe_W45,2,"0.554470,0.445530"
base,RELIGxPOLPARTY,RELIGxPOLPARTY :: Protestant | Other,INFOKNOWe_W45,2,"0.546738,0.453262"
base,RELIGxPOLPARTY,RELIGxPOLPARTY :: Protestant | Republican,INFOKNOWe_W45,2,"0.546738,0.453262"
base,RELIGxPOLPARTY,RELIGxPOLPARTY :: Roman Catholic | Democrat,INFOKNOWe_W45,2,"0.562177,0.437824"
base,RELIGxPOLPARTY,RELIGxPOLPARTY :: Roman Catholic | Independent,INFOKNOWe_W45,2,"0.562177,0.437824"
base,RELIGxPOLPARTY,RELIGxPOLPARTY :: Roman Catholic | Other,INFOKNOWe_W45,2,"0.562177,0.437824"
base,RELIGxPOLPARTY,RELIGxPOLPARTY :: Roman Catholic | Republican,INFOKNOWe_W45,2,"0.546738,0.453262"
base,RELIGxPOLPARTY,RELIGxPOLPARTY :: Agnostic | Democrat,INFOOWNb_W45,2,"0.546738,0.453262"
base,RELIGxPOLPARTY,RELIGxPOLPARTY :: Agnostic | Independent,INFOOWNb_W45,2,"0.562177,0.437824"
base,RELIGxPOLPARTY,RELIGxPOLPARTY :: Agnostic | Other,INFOOWNb_W45,2,"0.569853,0.430147"
base,RELIGxPOLPARTY,RELIGxPOLPARTY :: Atheist | Democrat,INFOOWNb_W45,2,"0.538983,0.461017"
base,RELIGxPOLPARTY,RELIGxPOLPARTY :: Atheist | Independent,INFOOWNb_W45,2,"0.562177,0.437824"
base,RELIGxPOLPARTY,RELIGxPOLPARTY :: Atheist | Other,INFOOWNb_W45,2,"0.562177,0.437824"
base,RELIGxPOLPARTY,RELIGxPOLPARTY :: Jewish | Democrat,INFOOWNb_W45,2,"0.615088,0.384912"
base,RELIGxPOLPARTY,RELIGxPOLPARTY :: Mormon | Republican,INFOOWNb_W45,2,"0.600188,0.399812"
base,RELIGxPOLPARTY,RELIGxPOLPARTY :: Nothing in particular | Democrat,INFOOWNb_W45,2,"0.500000,0.500000"
base,RELIGxPOLPARTY,RELIGxPOLPARTY :: Nothing in particular | Independent,INFOOWNb_W45,2,"0.538983,0.461017"
base,RELIGxPOLPARTY,RELIGxPOLPARTY :: Nothing in particular | Other,INFOOWNb_W45,2,"0.546738,0.453262"
base,RELIGxPOLPARTY,RELIGxPOLPARTY :: Nothing in particular | Republican,INFOOWNb_W45,2,"0.500000,0.500000"
base,RELIGxPOLPARTY,RELIGxPOLPARTY :: Other | Democrat,INFOOWNb_W45,2,"0.538983,0.461017"
base,RELIGxPOLPARTY,RELIGxPOLPARTY :: Other | Independent,INFOOWNb_W45,2,"0.569853,0.430147"
base,RELIGxPOLPARTY,RELIGxPOLPARTY :: Protestant | Democrat,INFOOWNb_W45,2,"0.585101,0.414899"
base,RELIGxPOLPARTY,RELIGxPOLPARTY :: Protestant | Independent,INFOOWNb_W45,2,"0.607663,0.392337"
base,RELIGxPOLPARTY,RELIGxPOLPARTY :: Protestant | Other,INFOOWNb_W45,2,"0.592667,0.407333"
base,RELIGxPOLPARTY,RELIGxPOLPARTY :: Protestant | Republican,INFOOWNb_W45,2,"0.600188,0.399812"
base,RELIGxPOLPARTY,RELIGxPOLPARTY :: Roman Catholic | Democrat,INFOOWNb_W45,2,"0.546738,0.453262"
base,RELIGxPOLPARTY,RELIGxPOLPARTY :: Roman Catholic | Independent,INFOOWNb_W45,2,"0.577495,0.422505"
base,RELIGxPOLPARTY,RELIGxPOLPARTY :: Roman Catholic | Other,INFOOWNb_W45,2,"0.562177,0.437824"
base,RELIGxPOLPARTY,RELIGxPOLPARTY :: Roman Catholic | Republican,INFOOWNb_W45,2,"0.531209,0.468791"
base,RELIGxPOLPARTY,RELIGxPOLPARTY :: Agnostic | Democrat,INSTN_CHR_W92,2,"0.644225,0.355775"
base,RELIGxPOLPARTY,RELIGxPOLPARTY :: Agnostic | Independent,INSTN_CHR_W92,2,"0.658418,0.341583"
base,RELIGxPOLPARTY,RELIGxPOLPARTY :: Agnostic | Other,INSTN_CHR_W92,2,"0.705785,0.294215"
base,RELIGxPOLPARTY,RELIGxPOLPARTY :: Agnostic | Republican,INSTN_CHR_W92,2,"0.629775,0.370225"
base,RELIGxPOLPARTY,RELIGxPOLPARTY :: Atheist | Democrat,INSTN_CHR_W92,2,"0.531209,0.468791"
base,RELIGxPOLPARTY,RELIGxPOLPARTY :: Atheist | Independent,INSTN_CHR_W92,2,"0.569853,0.430147"
base,RELIGxPOLPARTY,RELIGxPOLPARTY :: Atheist | Other,INSTN_CHR_W92,2,"0.629775,0.370225"
base,RELIGxPOLPARTY,RELIGxPOLPARTY :: Buddhist | Democrat,INSTN_CHR_W92,2,"0.843895,0.156105"
base,RELIGxPOLPARTY,RELIGxPOLPARTY :: Jewish | Democrat,INSTN_CHR_W92,2,"0.798187,0.201813"
base,RELIGxPOLPARTY,RELIGxPOLPARTY :: Jewish | Independent,INSTN_CHR_W92,2,"0.787931,0.212069"
base,RELIGxPOLPARTY,RELIGxPOLPARTY :: Jewish | Republican,INSTN_CHR_W92,2,"0.766294,0.233706"
base,RELIGxPOLPARTY,RELIGxPOLPARTY :: Mormon | Independent,INSTN_CHR_W92,2,"0.835484,0.164516"
base,RELIGxPOLPARTY,RELIGxPOLPARTY :: Mormon | Republican,INSTN_CHR_W92,2,"0.874077,0.125923"
base,RELIGxPOLPARTY,RELIGxPOLPARTY :: Nothing in particular | Democrat,INSTN_CHR_W92,2,"0.672332,0.327668"
base,RELIGxPOLPARTY,RELIGxPOLPARTY :: Nothing in particular | Independent,INSTN_CHR_W92,2,"0.699254,0.300746"
base,RELIGxPOLPARTY,RELIGxPOLPARTY :: Nothing in particular | Other,INSTN_CHR_W92,2,"0.737158,0.262842"
base,RELIGxPOLPARTY,RELIGxPOLPARTY :: Nothing in particular | Republican,INSTN_CHR_W92,2,"0.658418,0.341583"
base,RELIGxPOLPARTY,RELIGxPOLPARTY :: Other | Democrat,INSTN_CHR_W92,2,"0.760651,0.239349"
base,RELIGxPOLPARTY,RELIGxPOLPARTY :: Other | Independent,INSTN_CHR_W92,2,"0.754915,0.245085"
base,RELIGxPOLPARTY,RELIGxPOLPARTY :: Other | Other,INSTN_CHR_W92,2,"0.771843,0.228156"
base,RELIGxPOLPARTY,RELIGxPOLPARTY :: Protestant | Democrat,INSTN_CHR_W92,2,"0.863392,0.136608"
base,RELIGxPOLPARTY,RELIGxPOLPARTY :: Protestant | Independent,INSTN_CHR_W92,2,"0.863392,0.136608"
base,RELIGxPOLPARTY,RELIGxPOLPARTY :: Protestant | Other,INSTN_CHR_W92,2,"0.855851,0.144149"
base,RELIGxPOLPARTY,RELIGxPOLPARTY :: Protestant | Refused,INSTN_CHR_W92,2,"0.754915,0.245085"
base,RELIGxPOLPARTY,RELIGxPOLPARTY :: Protestant | Republican,INSTN_CHR_W92,2,"0.880797,0.119203"
base,RELIGxPOLPARTY,RELIGxPOLPARTY :: Roman Catholic | Democrat,INSTN_CHR_W92,2,"0.867036,0.132964"
base,RELIGxPOLPARTY,RELIGxPOLPARTY :: Roman Catholic | Independent,INSTN_CHR_W92,2,"0.859664,0.140336"
base,RELIGxPOLPARTY,RELIGxPOLPARTY :: Roman Catholic | Other,INSTN_CHR_W92,2,"0.851953,0.148047"
base,RELIGxPOLPARTY,RELIGxPOLPARTY :: Roman Catholic | Republican,INSTN_CHR_W92,2,"0.847968,0.152032"
base,RELIGxPOLPARTY,RELIGxPOLPARTY :: Agnostic | Democrat,MOVERURAL_W32,3,"0.289792,0.360652,0.349556"
base,RELIGxPOLPARTY,RELIGxPOLPARTY :: Agnostic | Independent,MOVERURAL_W32,3,"0.299457,0.361214,0.339329"
base,RELIGxPOLPARTY,RELIGxPOLPARTY :: Agnostic | Other,MOVERURAL_W32,3,"0.299150,0.372298,0.328552"
base,RELIGxPOLPARTY,RELIGxPOLPARTY :: Atheist | Democrat,MOVERURAL_W32,3,"0.305743,0.368796,0.325461"
base,RELIGxPOLPARTY,RELIGxPOLPARTY :: Atheist | Independent,MOVERURAL_W32,3,"0.332359,0.365025,0.302616"
base,RELIGxPOLPARTY,RELIGxPOLPARTY :: Atheist | Other,MOVERURAL_W32,3,"0.317900,0.383461,0.298639"
base,RELIGxPOLPARTY,RELIGxPOLPARTY :: Jewish | Democrat,MOVERURAL_W32,3,"0.295656,0.379630,0.324714"
base,RELIGxPOLPARTY,RELIGxPOLPARTY :: Mormon | Republican,MOVERURAL_W32,3,"0.333333,0.333333,0.333333"
base,RELIGxPOLPARTY,RELIGxPOLPARTY :: Nothing in particular | Democrat,MOVERURAL_W32,3,"0.311893,0.376215,0.311893"
base,RELIGxPOLPARTY,RELIGxPOLPARTY :: Nothing in particular | Independent,MOVERURAL_W32,3,"0.325461,0.368796,0.305743"
base,RELIGxPOLPARTY,RELIGxPOLPARTY :: Nothing in particular | Other,MOVERURAL_W32,3,"0.317900,0.383461,0.298639"
base,RELIGxPOLPARTY,RELIGxPOLPARTY :: Nothing in particular | Republican,MOVERURAL_W32,3,"0.322333,0.365251,0.312416"
base,RELIGxPOLPARTY,RELIGxPOLPARTY :: Other | Democrat,MOVERURAL_W32,3,"0.311163,0.387248,0.301589"
base,RELIGxPOLPARTY,RELIGxPOLPARTY :: Other | Independent,MOVERURAL_W32,3,"0.328552,0.372298,0.299150"
base,RELIGxPOLPARTY,RELIGxPOLPARTY :: Protestant | Democrat,MOVERURAL_W32,3,"0.302616,0.365025,0.332359"
base,RELIGxPOLPARTY,RELIGxPOLPARTY :: Protestant | Independent,MOVERURAL_W32,3,"0.315967,0.358037,0.325996"
base,RELIGxPOLPARTY,RELIGxPOLPARTY :: Protestant | Other,MOVERURAL_W32,3,"0.315545,0.368910,0.315545"
base,RELIGxPOLPARTY,RELIGxPOLPARTY :: Protestant | Republican,MOVERURAL_W32,3,"0.336569,0.347253,0.316178"
base,RELIGxPOLPARTY,RELIGxPOLPARTY :: Roman Catholic | Democrat,MOVERURAL_W32,3,"0.315967,0.358037,0.325996"
base,RELIGxPOLPARTY,RELIGxPOLPARTY :: Roman Catholic | Independent,MOVERURAL_W32,3,"0.336569,0.347253,0.316178"
base,RELIGxPOLPARTY,RELIGxPOLPARTY :: Roman Catholic | Other,MOVERURAL_W32,3,"0.325996,0.358037,0.315967"
base,RELIGxPOLPARTY,RELIGxPOLPARTY :: Roman Catholic | Republican,MOVERURAL_W32,3,"0.326318,0.347364,0.326318"
base,RELIGxPOLPARTY,RELIGxPOLPARTY :: Agnostic | Democrat,PREDICTB_W27,4,"0.222134,0.470257,0.243966,0.063642"
base,RELIGxPOLPARTY,RELIGxPOLPARTY :: Agnostic | Independent,PREDICTB_W27,4,"0.229739,0.471395,0.237032,0.061834"
base,RELIGxPOLPARTY,RELIGxPOLPARTY :: Agnostic | Other,PREDICTB_W27,4,"0.222134,0.470257,0.243966,0.063642"
base,RELIGxPOLPARTY,RELIGxPOLPARTY :: Atheist | Democrat,PREDICTB_W27,4,"0.246446,0.446255,0.238863,0.068435"
base,RELIGxPOLPARTY,RELIGxPOLPARTY :: Atheist | Independent,PREDICTB_W27,4,"0.259372,0.455213,0.221853,0.063562"
base,RELIGxPOLPARTY,RELIGxPOLPARTY :: Atheist | Other,PREDICTB_W27,4,"0.242258,0.466965,0.227580,0.063197"
base,RELIGxPOLPARTY,RELIGxPOLPARTY :: Jewish | Democrat,PREDICTB_W27,4,"0.259684,0.414974,0.259684,0.065658"
base,RELIGxPOLPARTY,RELIGxPOLPARTY :: Mormon | Republican,PREDICTB_W27,4,"0.319114,0.422757,0.206035,0.052094"
base,RELIGxPOLPARTY,RELIGxPOLPARTY :: Nothing in particular | Democrat,PREDICTB_W27,4,"0.255206,0.447900,0.232368,0.064526"
base,RELIGxPOLPARTY,RELIGxPOLPARTY :: Nothing in particular | Independent,PREDICTB_W27,4,"0.253415,0.458875,0.223638,0.064073"
base,RELIGxPOLPARTY,RELIGxPOLPARTY :: Nothing in particular | Other,PREDICTB_W27,4,"0.252900,0.457943,0.223184,0.065973"
base,RELIGxPOLPARTY,RELIGxPOLPARTY :: Nothing in particular | Republican,PREDICTB_W27,4,"0.276677,0.442129,0.215477,0.065717"
base,RELIGxPOLPARTY,RELIGxPOLPARTY :: Other | Democrat,PREDICTB_W27,4,"0.243702,0.441287,0.251438,0.063573"
base,RELIGxPOLPARTY,RELIGxPOLPARTY :: Other | Independent,PREDICTB_W27,4,"0.243211,0.440398,0.250931,0.065459"
base,RELIGxPOLPARTY,RELIGxPOLPARTY :: Protestant | Democrat,PREDICTB_W27,4,"0.240275,0.435083,0.263891,0.060751"
base,RELIGxPOLPARTY,RELIGxPOLPARTY :: Protestant | Independent,PREDICTB_W27,4,"0.235615,0.440186,0.258772,0.065428"
base,RELIGxPOLPARTY,RELIGxPOLPARTY :: Protestant | Other,PREDICTB_W27,4,"0.231274,0.432077,0.270387,0.066261"
base,RELIGxPOLPARTY,RELIGxPOLPARTY :: Protestant | Republican,PREDICTB_W27,4,"0.273638,0.423819,0.241485,0.061057"
base,RELIGxPOLPARTY,RELIGxPOLPARTY :: Roman Catholic | Democrat,PREDICTB_W27,4,"0.250396,0.425939,0.258345,0.065320"
base,RELIGxPOLPARTY,RELIGxPOLPARTY :: Roman Catholic | Independent,PREDICTB_W27,4,"0.249346,0.424152,0.257261,0.069241"
base,RELIGxPOLPARTY,RELIGxPOLPARTY :: Roman Catholic | Other,PREDICTB_W27,4,"0.234624,0.438336,0.257685,0.069355"
base,RELIGxPOLPARTY,RELIGxPOLPARTY :: Roman Catholic | Republican,PREDICTB_W27,4,"0.272006,0.421291,0.240045,0.066658"
base,RELIGxPOLPARTY,RELIGxPOLPARTY :: Agnostic | Democrat,RACATTN_W43,3,"0.192222,0.490857,0.316921"
base,RELIGxPOLPARTY,RELIGxPOLPARTY :: Agnostic | Independent,RACATTN_W43,3,"0.213430,0.466174,0.320396"
base,RELIGxPOLPARTY,RELIGxPOLPARTY :: Agnostic | Other,RACATTN_W43,3,"0.216536,0.458406,0.325058"
base,RELIGxPOLPARTY,RELIGxPOLPARTY :: Atheist | Democrat,RACATTN_W43,3,"0.208342,0.515651,0.276008"
base,RELIGxPOLPARTY,RELIGxPOLPARTY :: Atheist | Independent,RACATTN_W43,3,"0.236912,0.486111,0.276978"
base,RELIGxPOLPARTY,RELIGxPOLPARTY :: Atheist | Other,RACATTN_W43,3,"0.240509,0.478308,0.281183"
base,RELIGxPOLPARTY,RELIGxPOLPARTY :: Jewish | Democrat,RACATTN_W43,3,"0.232754,0.477580,0.289667"
base,RELIGxPOLPARTY,RELIGxPOLPARTY :: Mormon | Republican,RACATTN_W43,3,"0.281783,0.436434,0.281783"
base,RELIGxPOLPARTY,RELIGxPOLPARTY :: Nothing in particular | Democrat,RACATTN_W43,3,"0.239689,0.462013,0.298298"
base,RELIGxPOLPARTY,RELIGxPOLPARTY :: Nothing in particular | Independent,RACATTN_W43,3,"0.264419,0.435954,0.299627"
base,RELIGxPOLPARTY,RELIGxPOLPARTY :: Nothing in particular | Other,RACATTN_W43,3,"0.264419,0.435954,0.299627"
base,RELIGxPOLPARTY,RELIGxPOLPARTY :: Nothing in particular | Republican,RACATTN_W43,3,"0.305125,0.417056,0.277819"
base,RELIGxPOLPARTY,RELIGxPOLPARTY :: Other | Democrat,RACATTN_W43,3,"0.246263,0.474684,0.279053"
base,RELIGxPOLPARTY,RELIGxPOLPARTY :: Other | Independent,RACATTN_W43,3,"0.269308,0.444014,0.286677"
base,RELIGxPOLPARTY,RELIGxPOLPARTY :: Protestant | Democrat,RACATTN_W43,3,"0.234847,0.481874,0.283279"
base,RELIGxPOLPARTY,RELIGxPOLPARTY :: Protestant | Independent,RACATTN_W43,3,"0.237441,0.457679,0.304880"
base,RELIGxPOLPARTY,RELIGxPOLPARTY :: Protestant | Other,RACATTN_W43,3,"0.243145,0.454255,0.302599"
base,RELIGxPOLPARTY,RELIGxPOLPARTY :: Protestant | Refused,RACATTN_W43,3,"0.276514,0.389947,0.333539"
base,RELIGxPOLPARTY,RELIGxPOLPARTY :: Protestant | Republican,RACATTN_W43,3,"0.308713,0.435355,0.255932"
base,RELIGxPOLPARTY,RELIGxPOLPARTY :: Roman Catholic | Democrat,RACATTN_W43,3,"0.261811,0.459493,0.278696"
base,RELIGxPOLPARTY,RELIGxPOLPARTY :: Roman Catholic | Independent,RACATTN_W43,3,"0.258386,0.439530,0.302084"
base,RELIGxPOLPARTY,RELIGxPOLPARTY :: Roman Catholic | Other,RACATTN_W43,3,"0.252443,0.443052,0.304505"
base,RELIGxPOLPARTY,RELIGxPOLPARTY :: Roman Catholic | Republican,RACATTN_W43,3,"0.329070,0.422535,0.248395"
base,RELIGxPOLPARTY,RELIGxPOLPARTY :: Agnostic | Democrat,RACESURV26_W43,4,"0.283360,0.412286,0.234914,0.069440"
base,RELIGxPOLPARTY,RELIGxPOLPARTY :: Agnostic | Independent,RACESURV26_W43,4,"0.258250,0.412683,0.250305,0.078762"
base,RELIGxPOLPARTY,RELIGxPOLPARTY :: Agnostic | Other,RACESURV26_W43,4,"0.273761,0.410964,0.241593,0.073682"
base,RELIGxPOLPARTY,RELIGxPOLPARTY :: Atheist | Democrat,RACESURV26_W43,4,"0.269609,0.392279,0.253275,0.084836"
base,RELIGxPOLPARTY,RELIGxPOLPARTY :: Atheist | Independent,RACESURV26_W43,4,"0.242332,0.399539,0.266150,0.091979"
base,RELIGxPOLPARTY,RELIGxPOLPARTY :: Atheist | Other,RACESURV26_W43,4,"0.257481,0.398794,0.257481,0.086245"
base,RELIGxPOLPARTY,RELIGxPOLPARTY :: Jewish | Democrat,RACESURV26_W43,4,"0.309639,0.385351,0.233727,0.071283"
base,RELIGxPOLPARTY,RELIGxPOLPARTY :: Mormon | Republican,RACESURV26_W43,4,"0.302998,0.389058,0.235975,0.071968"
base,RELIGxPOLPARTY,RELIGxPOLPARTY :: Nothing in particular | Democrat,RACESURV26_W43,4,"0.287105,0.392426,0.245574,0.074896"
base,RELIGxPOLPARTY,RELIGxPOLPARTY :: Nothing in particular | Independent,RACESURV26_W43,4,"0.260679,0.391325,0.260679,0.087317"
base,RELIGxPOLPARTY,RELIGxPOLPARTY :: Nothing in particular | Other,RACESURV26_W43,4,"0.272903,0.384855,0.256369,0.085873"
base,RELIGxPOLPARTY,RELIGxPOLPARTY :: Nothing in particular | Republican,RACESURV26_W43,4,"0.267459,0.389151,0.259230,0.084160"
base,RELIGxPOLPARTY,RELIGxPOLPARTY :: Other | Democrat,RACESURV26_W43,4,"0.316132,0.393432,0.224171,0.066265"
base,RELIGxPOLPARTY,RELIGxPOLPARTY :: Other | Independent,RACESURV26_W43,4,"0.291417,0.386065,0.241594,0.080924"
base,RELIGxPOLPARTY,RELIGxPOLPARTY :: Protestant | Democrat,RACESURV26_W43,4,"0.313898,0.390653,0.229653,0.065797"
base,RELIGxPOLPARTY,RELIGxPOLPARTY :: Protestant | Independent,RACESURV26_W43,4,"0.280751,0.395923,0.247762,0.075563"
base,RELIGxPOLPARTY,RELIGxPOLPARTY :: Protestant | Other,RACESURV26_W43,4,"0.287768,0.393332,0.246141,0.072759"
base,RELIGxPOLPARTY,RELIGxPOLPARTY :: Protestant | Refused,RACESURV26_W43,4,"0.280342,0.338157,0.271717,0.109784"
base,RELIGxPOLPARTY,RELIGxPOLPARTY :: Protestant | Republican,RACESURV26_W43,4,"0.302998,0.389058,0.235975,0.071968"
base,RELIGxPOLPARTY,RELIGxPOLPARTY :: Roman Catholic | Democrat,RACESURV26_W43,4,"0.369865,0.369865,0.197975,0.062295"
base,RELIGxPOLPARTY,RELIGxPOLPARTY :: Roman Catholic | Independent,RACESURV26_W43,4,"0.331614,0.375768,0.220902,0.071716"
base,RELIGxPOLPARTY,RELIGxPOLPARTY :: Roman Catholic | Other,RACESURV26_W43,4,"0.341620,0.375196,0.213780,0.069404"
base,RELIGxPOLPARTY,RELIGxPOLPARTY :: Roman Catholic | Republican,RACESURV26_W43,4,"0.334626,0.379181,0.216051,0.070141"
base,RELIGxPOLPARTY,RELIGxPOLPARTY :: Agnostic | Democrat,RACESURV47d_W43,4,"0.220591,0.529171,0.166511,0.083727"
base,RELIGxPOLPARTY,RELIGxPOLPARTY :: Agnostic | Independent,RACESURV47d_W43,4,"0.217650,0.522115,0.169506,0.090730"
base,RELIGxPOLPARTY,RELIGxPOLPARTY :: Agnostic | Other,RACESURV47d_W43,4,"0.228164,0.530496,0.151990,0.089350"
base,RELIGxPOLPARTY,RELIGxPOLPARTY :: Atheist | Democrat,RACESURV47d_W43,4,"0.227833,0.513429,0.166686,0.092053"
base,RELIGxPOLPARTY,RELIGxPOLPARTY :: Atheist | Independent,RACESURV47d_W43,4,"0.225790,0.508825,0.165191,0.100194"
base,RELIGxPOLPARTY,RELIGxPOLPARTY :: Atheist | Other,RACESURV47d_W43,4,"0.238005,0.519851,0.148940,0.093204"
base,RELIGxPOLPARTY,RELIGxPOLPARTY :: Jewish | Democrat,RACESURV47d_W43,4,"0.234552,0.496547,0.177049,0.091852"
base,RELIGxPOLPARTY,RELIGxPOLPARTY :: Mormon | Republican,RACESURV47d_W43,4,"0.227169,0.511933,0.166200,0.094698"
base,RELIGxPOLPARTY,RELIGxPOLPARTY :: Nothing in particular | Democrat,RACESURV47d_W43,4,"0.237095,0.501931,0.168126,0.092848"
base,RELIGxPOLPARTY,RELIGxPOLPARTY :: Nothing in particular | Independent,RACESURV47d_W43,4,"0.233715,0.494775,0.170990,0.100520"
base,RELIGxPOLPARTY,RELIGxPOLPARTY :: Nothing in particular | Other,RACESURV47d_W43,4,"0.245745,0.504236,0.153783,0.096235"
base,RELIGxPOLPARTY,RELIGxPOLPARTY :: Nothing in particular | Republican,RACESURV47d_W43,4,"0.241360,0.495238,0.165884,0.097518"
base,RELIGxPOLPARTY,RELIGxPOLPARTY :: Other | Democrat,RACESURV47d_W43,4,"0.234345,0.511857,0.156108,0.097690"
base,RELIGxPOLPARTY,RELIGxPOLPARTY :: Other | Independent,RACESURV47d_W43,4,"0.236162,0.499955,0.162312,0.101572"
base,RELIGxPOLPARTY,RELIGxPOLPARTY :: Protestant | Democrat,RACESURV47d_W43,4,"0.228506,0.514946,0.172485,0.084063"
base,RELIGxPOLPARTY,RELIGxPOLPARTY :: Protestant | Independent,RACESURV47d_W43,4,"0.233241,0.493772,0.181648,0.091339"
base,RELIGxPOLPARTY,RELIGxPOLPARTY :: Protestant | Other,RACESURV47d_W43,4,"0.245425,0.503579,0.163488,0.087509"
base,RELIGxPOLPARTY,RELIGxPOLPARTY :: Protestant | Refused,RACESURV47d_W43,4,"0.266897,0.454008,0.177792,0.101303"
base,RELIGxPOLPARTY,RELIGxPOLPARTY :: Protestant | Republican,RACESURV47d_W43,4,"0.237775,0.503369,0.168607,0.090249"
base,RELIGxPOLPARTY,RELIGxPOLPARTY :: Roman Catholic | Democrat,RACESURV47d_W43,4,"0.234035,0.511180,0.165956,0.088830"
base,RELIGxPOLPARTY,RELIGxPOLPARTY :: Roman Catholic | Independent,RACESURV47d_W43,4,"0.238076,0.488500,0.174180,0.099245"
base,RELIGxPOLPARTY,RELIGxPOLPARTY :: Roman Catholic | Other,RACESURV47d_W43,4,"0.244551,0.501787,0.157894,0.095768"
base,RELIGxPOLPARTY,RELIGxPOLPARTY :: Roman Catholic | Republican,RACESURV47d_W43,4,"0.232702,0.508268,0.165010,0.094020"
base,RELIGxPOLPARTY,RELIGxPOLPARTY :: Agnostic | Democrat,RACESURV5h_W43,5,"0.194545,0.200720,0.374995,0.104132,0.125608"
base,RELIGxPOLPARTY,RELIGxPOLPARTY :: Agnostic | Independent,RACESURV5h_W43,5,"0.203872,0.203872,0.346798,0.096302,0.149156"
base,RELIGxPOLPARTY,RELIGxPOLPARTY :: Agnostic | Other,RACESURV5h_W43,5,"0.194803,0.200987,0.352743,0.094939,0.156529"
base,RELIGxPOLPARTY,RELIGxPOLPARTY :: Atheist | Democrat,RACESURV5h_W43,5,"0.190989,0.197051,0.379826,0.123312,0.108822"
base,RELIGxPOLPARTY,RELIGxPOLPARTY :: Atheist | Independent,RACESURV5h_W43,5,"0.191042,0.197106,0.368243,0.112308,0.131301"
base,RELIGxPOLPARTY,RELIGxPOLPARTY :: Atheist | Other,RACESURV5h_W43,5,"0.188525,0.194509,0.374926,0.104113,0.137928"
base,RELIGxPOLPARTY,RELIGxPOLPARTY :: Jewish | Democrat,RACESURV5h_W43,5,"0.233855,0.226660,0.340257,0.110465,0.088761"
base,RELIGxPOLPARTY,RELIGxPOLPARTY :: Mormon | Republican,RACESURV5h_W43,5,"0.515062,0.243298,0.134362,0.067561,0.039717"
base,RELIGxPOLPARTY,RELIGxPOLPARTY :: Nothing in particular | Democrat,RACESURV5h_W43,5,"0.220994,0.207605,0.311652,0.098066,0.161683"
base,RELIGxPOLPARTY,RELIGxPOLPARTY :: Nothing in particular | Independent,RACESURV5h_W43,5,"0.222078,0.215246,0.294206,0.095515,0.172955"
base,RELIGxPOLPARTY,RELIGxPOLPARTY :: Nothing in particular | Other,RACESURV5h_W43,5,"0.209486,0.216135,0.304800,0.095910,0.173670"
base,RELIGxPOLPARTY,RELIGxPOLPARTY :: Nothing in particular | Republican,RACESURV5h_W43,5,"0.294713,0.244325,0.244325,0.089882,0.126754"
base,RELIGxPOLPARTY,RELIGxPOLPARTY :: Other | Democrat,RACESURV5h_W43,5,"0.203720,0.223742,0.346539,0.123562,0.102437"
base,RELIGxPOLPARTY,RELIGxPOLPARTY :: Other | Independent,RACESURV5h_W43,5,"0.228635,0.235893,0.312507,0.114965,0.108000"
base,RELIGxPOLPARTY,RELIGxPOLPARTY :: Protestant | Democrat,RACESURV5h_W43,5,"0.295880,0.269401,0.269401,0.108848,0.056470"
base,RELIGxPOLPARTY,RELIGxPOLPARTY :: Protestant | Independent,RACESURV5h_W43,5,"0.309526,0.281826,0.248711,0.088681,0.071257"
base,RELIGxPOLPARTY,RELIGxPOLPARTY :: Protestant | Other,RACESURV5h_W43,5,"0.281000,0.272355,0.272355,0.091227,0.083063"
base,RELIGxPOLPARTY,RELIGxPOLPARTY :: Protestant | Refused,RACESURV5h_W43,5,"0.239070,0.204488,0.297528,0.099659,0.159255"
base,RELIGxPOLPARTY,RELIGxPOLPARTY :: Protestant | Republican,RACESURV5h_W43,5,"0.504362,0.230914,0.149089,0.077346,0.038289"
base,RELIGxPOLPARTY,RELIGxPOLPARTY :: Roman Catholic | Democrat,RACESURV5h_W43,5,"0.253309,0.253309,0.305549,0.105595,0.082237"
base,RELIGxPOLPARTY,RELIGxPOLPARTY :: Roman Catholic | Independent,RACESURV5h_W43,5,"0.246938,0.254777,0.297864,0.090843,0.109578"
base,RELIGxPOLPARTY,RELIGxPOLPARTY :: Roman Catholic | Other,RACESURV5h_W43,5,"0.224912,0.247018,0.317177,0.082741,0.128151"
base,RELIGxPOLPARTY,RELIGxPOLPARTY :: Roman Catholic | Republican,RACESURV5h_W43,5,"0.389100,0.275913,0.195652,0.084149,0.055186"
base,RELIGxPOLPARTY,RELIGxPOLPARTY :: Agnostic | Democrat,RACESURV5k_W43,5,"0.109672,0.109672,0.263090,0.491516,0.026049"
base,RELIGxPOLPARTY,RELIGxPOLPARTY :: Agnostic | Independent,RACESURV5k_W43,5,"0.111178,0.114707,0.275167,0.468075,0.030873"
base,RELIGxPOLPARTY,RELIGxPOLPARTY :: Agnostic | Other,RACESURV5k_W43,5,"0.112105,0.105313,0.277463,0.471980,0.033138"
base,RELIGxPOLPARTY,RELIGxPOLPARTY :: Atheist | Democrat,RACESURV5k_W43,5,"0.098882,0.095840,0.277321,0.502163,0.025795"
base,RELIGxPOLPARTY,RELIGxPOLPARTY :: Atheist | Independent,RACESURV5k_W43,5,"0.097918,0.097918,0.292330,0.481970,0.029863"
base,RELIGxPOLPARTY,RELIGxPOLPARTY :: Atheist | Other,RACESURV5k_W43,5,"0.102641,0.093455,0.297001,0.474606,0.032297"
base,RELIGxPOLPARTY,RELIGxPOLPARTY :: Jewish | Democrat,RACESURV5k_W43,5,"0.136613,0.124388,0.255227,0.462157,0.021615"
base,RELIGxPOLPARTY,RELIGxPOLPARTY :: Mormon | Republican,RACESURV5k_W43,5,"0.142783,0.134132,0.250592,0.453764,0.018729"
base,RELIGxPOLPARTY,RELIGxPOLPARTY :: Nothing in particular | Democrat,RACESURV5k_W43,5,"0.146078,0.117377,0.248487,0.449952,0.038107"
base,RELIGxPOLPARTY,RELIGxPOLPARTY :: Nothing in particular | Independent,RACESURV5k_W43,5,"0.142572,0.121948,0.266359,0.425640,0.043482"
base,RELIGxPOLPARTY,RELIGxPOLPARTY :: Nothing in particular | Other,RACESURV5k_W43,5,"0.140283,0.119990,0.262083,0.432101,0.045543"
base,RELIGxPOLPARTY,RELIGxPOLPARTY :: Nothing in particular | Republican,RACESURV5k_W43,5,"0.147823,0.126439,0.259437,0.427739,0.038562"
base,RELIGxPOLPARTY,RELIGxPOLPARTY :: Other | Democrat,RACESURV5k_W43,5,"0.141654,0.106926,0.226363,0.494422,0.030635"
base,RELIGxPOLPARTY,RELIGxPOLPARTY :: Other | Independent,RACESURV5k_W43,5,"0.137493,0.107079,0.241307,0.479896,0.034225"
base,RELIGxPOLPARTY,RELIGxPOLPARTY :: Protestant | Democrat,RACESURV5k_W43,5,"0.144500,0.123598,0.238241,0.473798,0.019864"
base,RELIGxPOLPARTY,RELIGxPOLPARTY :: Protestant | Independent,RACESURV5k_W43,5,"0.134501,0.126352,0.259257,0.455010,0.024880"
base,RELIGxPOLPARTY,RELIGxPOLPARTY :: Protestant | Other,RACESURV5k_W43,5,"0.134891,0.126718,0.268263,0.442291,0.027836"
base,RELIGxPOLPARTY,RELIGxPOLPARTY :: Protestant | Refused,RACESURV5k_W43,5,"0.157871,0.130880,0.285868,0.378714,0.046667"
base,RELIGxPOLPARTY,RELIGxPOLPARTY :: Protestant | Republican,RACESURV5k_W43,5,"0.144948,0.127916,0.246565,0.460645,0.019926"
base,RELIGxPOLPARTY,RELIGxPOLPARTY :: Roman Catholic | Democrat,RACESURV5k_W43,5,"0.150423,0.120868,0.232979,0.478043,0.017687"
base,RELIGxPOLPARTY,RELIGxPOLPARTY :: Roman Catholic | Independent,RACESURV5k_W43,5,"0.149252,0.127662,0.253886,0.445584,0.023615"
base,RELIGxPOLPARTY,RELIGxPOLPARTY :: Roman Catholic | Other,RACESURV5k_W43,5,"0.149500,0.127874,0.262380,0.432592,0.027655"
base,RELIGxPOLPARTY,RELIGxPOLPARTY :: Roman Catholic | Republican,RACESURV5k_W43,5,"0.148955,0.127408,0.245586,0.458815,0.019236"
base,RELIGxPOLPARTY,RELIGxPOLPARTY :: Agnostic | Democrat,RQ3_F1Ad_W42,2,"0.749087,0.250913"
base,RELIGxPOLPARTY,RELIGxPOLPARTY :: Agnostic | Independent,RQ3_F1Ad_W42,2,"0.749087,0.250913"
base,RELIGxPOLPARTY,RELIGxPOLPARTY :: Atheist | Democrat,RQ3_F1Ad_W42,2,"0.749087,0.250913"
base,RELIGxPOLPARTY,RELIGxPOLPARTY :: Atheist | Independent,RQ3_F1Ad_W42,2,"0.754915,0.245085"
base,RELIGxPOLPARTY,RELIGxPOLPARTY :: Atheist | Other,RQ3_F1Ad_W42,2,"0.737158,0.262842"
base,RELIGxPOLPARTY,RELIGxPOLPARTY :: Jewish | Democrat,RQ3_F1Ad_W42,2,"0.777300,0.222700"
base,RELIGxPOLPARTY,RELIGxPOLPARTY :: Mormon | Republican,RQ3_F1Ad_W42,2,"0.766294,0.233706"
base,RELIGxPOLPARTY,RELIGxPOLPARTY :: Nothing in particular | Democrat,RQ3_F1Ad_W42,2,"0.743168,0.256832"
base,RELIGxPOLPARTY,RELIGxPOLPARTY :: Nothing in particular | Independent,RQ3_F1Ad_W42,2,"0.737158,0.262842"
base,RELIGxPOLPARTY,RELIGxPOLPARTY :: Nothing in particular | Other,RQ3_F1Ad_W42,2,"0.737158,0.262842"
base,RELIGxPOLPARTY,RELIGxPOLPARTY :: Nothing in particular | Republican,RQ3_F1Ad_W42,2,"0.731059,0.268941"
base,RELIGxPOLPARTY,RELIGxPOLPARTY :: Other | Independent,RQ3_F1Ad_W42,2,"0.724870,0.275130"
base,RELIGxPOLPARTY,RELIGxPOLPARTY :: Protestant | Democrat,RQ3_F1Ad_W42,2,"0.760651,0.239349"
base,RELIGxPOLPARTY,RELIGxPOLPARTY :: Protestant | Independent,RQ3_F1Ad_W42,2,"0.749087,0.250913"
base,RELIGxPOLPARTY,RELIGxPOLPARTY :: Protestant | Other,RQ3_F1Ad_W42,2,"0.724870,0.275130"
base,RELIGxPOLPARTY,RELIGxPOLPARTY :: Protestant | Refused,RQ3_F1Ad_W42,2,"0.679179,0.320821"
base,RELIGxPOLPARTY,RELIGxPOLPARTY :: Protestant | Republican,RQ3_F1Ad_W42,2,"0.760651,0.239349"
base,RELIGxPOLPARTY,RELIGxPOLPARTY :: Roman Catholic | Democrat,RQ3_F1Ad_W42,2,"0.777300,0.222700"
base,RELIGxPOLPARTY,RELIGxPOLPARTY :: Roman Catholic | Independent,RQ3_F1Ad_W42,2,"0.766294,0.233706"
base,RELIGxPOLPARTY,RELIGxPOLPARTY :: Roman Catholic | Other,RQ3_F1Ad_W42,2,"0.749087,0.250913"
base,RELIGxPOLPARTY,RELIGxPOLPARTY :: Roman Catholic | Republican,RQ3_F1Ad_W42,2,"0.760651,0.239349"
base,RELIGxPOLPARTY,RELIGxPOLPARTY :: Agnostic | Democrat,RQ7_F1B_W42,2,"0.917303,0.082697"
base,RELIGxPOLPARTY,RELIGxPOLPARTY :: Agnostic | Independent,RQ7_F1B_W42,2,"0.907312,0.092688"
base,RELIGxPOLPARTY,RELIGxPOLPARTY :: Atheist | Democrat,RQ7_F1B_W42,2,"0.884039,0.115961"
base,RELIGxPOLPARTY,RELIGxPOLPARTY :: Atheist | Independent,RQ7_F1B_W42,2,"0.874077,0.125923"
base,RELIGxPOLPARTY,RELIGxPOLPARTY :: Atheist | Other,RQ7_F1B_W42,2,"0.887205,0.112795"
base,RELIGxPOLPARTY,RELIGxPOLPARTY :: Jewish | Democrat,RQ7_F1B_W42,2,"0.943348,0.056652"
base,RELIGxPOLPARTY,RELIGxPOLPARTY :: Mormon | Republican,RQ7_F1B_W42,2,"0.928409,0.071591"
base,RELIGxPOLPARTY,RELIGxPOLPARTY :: Nothing in particular | Democrat,RQ7_F1B_W42,2,"0.923039,0.076961"
base,RELIGxPOLPARTY,RELIGxPOLPARTY :: Nothing in particular | Independent,RQ7_F1B_W42,2,"0.919643,0.080357"
base,RELIGxPOLPARTY,RELIGxPOLPARTY :: Nothing in particular | Other,RQ7_F1B_W42,2,"0.930458,0.069542"
base,RELIGxPOLPARTY,RELIGxPOLPARTY :: Nothing in particular | Republican,RQ7_F1B_W42,2,"0.904651,0.095349"
base,RELIGxPOLPARTY,RELIGxPOLPARTY :: Other | Independent,RQ7_F1B_W42,2,"0.928409,0.071591"
base,RELIGxPOLPARTY,RELIGxPOLPARTY :: Protestant | Democrat,RQ7_F1B_W42,2,"0.944995,0.055005"
base,RELIGxPOLPARTY,RELIGxPOLPARTY :: Protestant | Independent,RQ7_F1B_W42,2,"0.936285,0.063715"
base,RELIGxPOLPARTY,RELIGxPOLPARTY :: Protestant | Other,RQ7_F1B_W42,2,"0.938124,0.061876"
base,RELIGxPOLPARTY,RELIGxPOLPARTY :: Protestant | Refused,RQ7_F1B_W42,2,"0.932453,0.067547"
base,RELIGxPOLPARTY,RELIGxPOLPARTY :: Protestant | Republican,RQ7_F1B_W42,2,"0.929440,0.070560"
base,RELIGxPOLPARTY,RELIGxPOLPARTY :: Roman Catholic | Democrat,RQ7_F1B_W42,2,"0.946597,0.053403"
base,RELIGxPOLPARTY,RELIGxPOLPARTY :: Roman Catholic | Independent,RQ7_F1B_W42,2,"0.941654,0.058346"
base,RELIGxPOLPARTY,RELIGxPOLPARTY :: Roman Catholic | Other,RQ7_F1B_W42,2,"0.944177,0.055823"
base,RELIGxPOLPARTY,RELIGxPOLPARTY :: Roman Catholic | Republican,RQ7_F1B_W42,2,"0.933431,0.066569"
base,RELIGxPOLPARTY,RELIGxPOLPARTY :: Agnostic | Democrat,SCM2_W42,2,"0.859664,0.140336"
base,RELIGxPOLPARTY,RELIGxPOLPARTY :: Agnostic | Independent,SCM2_W42,2,"0.835484,0.164516"
base,RELIGxPOLPARTY,RELIGxPOLPARTY :: Atheist | Democrat,SCM2_W42,2,"0.851953,0.148047"
base,RELIGxPOLPARTY,RELIGxPOLPARTY :: Atheist | Independent,SCM2_W42,2,"0.839734,0.160266"
base,RELIGxPOLPARTY,RELIGxPOLPARTY :: Atheist | Other,SCM2_W42,2,"0.817574,0.182426"
base,RELIGxPOLPARTY,RELIGxPOLPARTY :: Jewish | Democrat,SCM2_W42,2,"0.887205,0.112795"
base,RELIGxPOLPARTY,RELIGxPOLPARTY :: Mormon | Republican,SCM2_W42,2,"0.887205,0.112795"
base,RELIGxPOLPARTY,RELIGxPOLPARTY :: Nothing in particular | Democrat,SCM2_W42,2,"0.835484,0.164516"
base,RELIGxPOLPARTY,RELIGxPOLPARTY :: Nothing in particular | Independent,SCM2_W42,2,"0.831143,0.168857"
base,RELIGxPOLPARTY,RELIGxPOLPARTY :: Nothing in particular | Other,SCM2_W42,2,"0.817574,0.182426"
base,RELIGxPOLPARTY,RELIGxPOLPARTY :: Nothing in particular | Republican,SCM2_W42,2,"0.826712,0.173288"
base,RELIGxPOLPARTY,RELIGxPOLPARTY :: Other | Independent,SCM2_W42,2,"0.826712,0.173288"
base,RELIGxPOLPARTY,RELIGxPOLPARTY :: Protestant | Democrat,SCM2_W42,2,"0.874077,0.125923"
base,RELIGxPOLPARTY,RELIGxPOLPARTY :: Protestant | Independent,SCM2_W42,2,"0.855851,0.144149"
base,RELIGxPOLPARTY,RELIGxPOLPARTY :: Protestant | Other,SCM2_W42,2,"0.826712,0.173288"
base,RELIGxPOLPARTY,RELIGxPOLPARTY :: Protestant | Refused,SCM2_W42,2,"0.793106,0.206894"
base,RELIGxPOLPARTY,RELIGxPOLPARTY :: Protestant | Republican,SCM2_W42,2,"0.863392,0.136608"
base,RELIGxPOLPARTY,RELIGxPOLPARTY :: Roman Catholic | Democrat,SCM2_W42,2,"0.880797,0.119203"
base,RELIGxPOLPARTY,RELIGxPOLPARTY :: Roman Catholic | Independent,SCM2_W42,2,"0.867036,0.132964"
base,RELIGxPOLPARTY,RELIGxPOLPARTY :: Roman Catholic | Other,SCM2_W42,2,"0.839734,0.160266"
base,RELIGxPOLPARTY,RELIGxPOLPARTY :: Roman Catholic | Republican,SCM2_W42,2,"0.870597,0.129403"
base,RELIGxPOLPARTY,RELIGxPOLPARTY :: Agnostic | Democrat,SEEK_W45,2,"0.531209,0.468791"
base,RELIGxPOLPARTY,RELIGxPOLPARTY :: Agnostic | Independent,SEEK_W45,2,"0.546738,0.453262"
base,RELIGxPOLPARTY,RELIGxPOLPARTY :: Agnostic | Other,SEEK_W45,2,"0.554470,0.445530"
base,RELIGxPOLPARTY,RELIGxPOLPARTY :: Atheist | Democrat,SEEK_W45,2,"0.531209,0.468791"
base,RELIGxPOLPARTY,RELIGxPOLPARTY :: Atheist | Independent,SEEK_W45,2,"0.546738,0.453262"
base,RELIGxPOLPARTY,RELIGxPOLPARTY :: Atheist | Other,SEEK_W45,2,"0.554470,0.445530"
base,RELIGxPOLPARTY,RELIGxPOLPARTY :: Jewish | Democrat,SEEK_W45,2,"0.562177,0.437824"
base,RELIGxPOLPARTY,RELIGxPOLPARTY :: Mormon | Republican,SEEK_W45,2,"0.577495,0.422505"
base,RELIGxPOLPARTY,RELIGxPOLPARTY :: Nothing in particular | Democrat,SEEK_W45,2,"0.507812,0.492188"
base,RELIGxPOLPARTY,RELIGxPOLPARTY :: Nothing in particular | Independent,SEEK_W45,2,"0.531209,0.468791"
base,RELIGxPOLPARTY,RELIGxPOLPARTY :: Nothing in particular | Other,SEEK_W45,2,"0.523420,0.476580"
base,RELIGxPOLPARTY,RELIGxPOLPARTY :: Nothing in particular | Republican,SEEK_W45,2,"0.523420,0.476580"
base,RELIGxPOLPARTY,RELIGxPOLPARTY :: Other | Democrat,SEEK_W45,2,"0.523420,0.476580"
base,RELIGxPOLPARTY,RELIGxPOLPARTY :: Other | Independent,SEEK_W45,2,"0.546738,0.453262"
base,RELIGxPOLPARTY,RELIGxPOLPARTY :: Protestant | Democrat,SEEK_W45,2,"0.531209,0.468791"
base,RELIGxPOLPARTY,RELIGxPOLPARTY :: Protestant | Independent,SEEK_W45,2,"0.538983,0.461017"
base,RELIGxPOLPARTY,RELIGxPOLPARTY :: Protestant | Other,SEEK_W45,2,"0.531209,0.468791"
base,RELIGxPOLPARTY,RELIGxPOLPARTY :: Protestant | Republican,SEEK_W45,2,"0.562177,0.437824"
base,RELIGxPOLPARTY,RELIGxPOLPARTY :: Roman Catholic | Democrat,SEEK_W45,2,"0.531209,0.468791"
base,RELIGxPOLPARTY,RELIGxPOLPARTY :: Roman Catholic | Independent,SEEK_W45,2,"0.546738,0.453262"
base,RELIGxPOLPARTY,RELIGxPOLPARTY :: Roman Catholic | Other,SEEK_W45,2,"0.538983,0.461017"
base,RELIGxPOLPARTY,RELIGxPOLPARTY :: Roman Catholic | Republican,SEEK_W45,2,"0.546738,0.453262"
base,RELIGxPOLPARTY,RELIGxPOLPARTY :: Agnostic | Democrat,TRAITPOLMF1A_W36,3,"0.642818,0.173012,0.184170"
base,RELIGxPOLPARTY,RELIGxPOLPARTY :: Agnostic | Independent,TRAITPOLMF1A_W36,3,"0.623401,0.167786,0.208813"
base,RELIGxPOLPARTY,RELIGxPOLPARTY :: Agnostic | Other,TRAITPOLMF1A_W36,3,"0.607692,0.168750,0.223558"
base,RELIGxPOLPARTY,RELIGxPOLPARTY :: Atheist | Democrat,TRAITPOLMF1A_W36,3,"0.598715,0.206910,0.194374"
base,RELIGxPOLPARTY,RELIGxPOLPARTY :: Atheist | Independent,TRAITPOLMF1A_W36,3,"0.598715,0.194374,0.206910"
base,RELIGxPOLPARTY,RELIGxPOLPARTY :: Jewish | Democrat,TRAITPOLMF1A_W36,3,"0.786659,0.113329,0.100012"
base,RELIGxPOLPARTY,RELIGxPOLPARTY :: Jewish | Independent,TRAITPOLMF1A_W36,3,"0.735683,0.123909,0.140408"
base,RELIGxPOLPARTY,RELIGxPOLPARTY :: Mormon | Republican,TRAITPOLMF1A_W36,3,"0.833628,0.093530,0.072842"
base,RELIGxPOLPARTY,RELIGxPOLPARTY :: Nothing in particular | Democrat,TRAITPOLMF1A_W36,3,"0.635724,0.182138,0.182138"
base,RELIGxPOLPARTY,RELIGxPOLPARTY :: Nothing in particular | Independent,TRAITPOLMF1A_W36,3,"0.620098,0.172195,0.207707"
base,RELIGxPOLPARTY,RELIGxPOLPARTY :: Nothing in particular | Other,TRAITPOLMF1A_W36,3,"0.607692,0.168750,0.223558"
base,RELIGxPOLPARTY,RELIGxPOLPARTY :: Nothing in particular | Republican,TRAITPOLMF1A_W36,3,"0.684310,0.167697,0.147992"
base,RELIGxPOLPARTY,RELIGxPOLPARTY :: Other | Democrat,TRAITPOLMF1A_W36,3,"0.709470,0.163329,0.127201"
base,RELIGxPOLPARTY,RELIGxPOLPARTY :: Other | Independent,TRAITPOLMF1A_W36,3,"0.677947,0.161027,0.161027"
base,RELIGxPOLPARTY,RELIGxPOLPARTY :: Protestant | Democrat,TRAITPOLMF1A_W36,3,"0.773403,0.118605,0.107991"
base,RELIGxPOLPARTY,RELIGxPOLPARTY :: Protestant | Independent,TRAITPOLMF1A_W36,3,"0.722182,0.121635,0.156183"
base,RELIGxPOLPARTY,RELIGxPOLPARTY :: Protestant | Other,TRAITPOLMF1A_W36,3,"0.684932,0.130721,0.184347"
base,RELIGxPOLPARTY,RELIGxPOLPARTY :: Protestant | Republican,TRAITPOLMF1A_W36,3,"0.828630,0.098966,0.072405"
base,RELIGxPOLPARTY,RELIGxPOLPARTY :: Roman Catholic | Democrat,TRAITPOLMF1A_W36,3,"0.773061,0.122316,0.104622"
base,RELIGxPOLPARTY,RELIGxPOLPARTY :: Roman Catholic | Independent,TRAITPOLMF1A_W36,3,"0.729081,0.122797,0.148122"
base,RELIGxPOLPARTY,RELIGxPOLPARTY :: Roman Catholic | Other,TRAITPOLMF1A_W36,3,"0.695497,0.128654,0.175849"
base,RELIGxPOLPARTY,RELIGxPOLPARTY :: Roman Catholic | Republican,TRAITPOLMF1A_W36,3,"0.810144,0.109641,0.080215"
base,RELIGxPOLPARTY,RELIGxPOLPARTY :: Agnostic | Democrat,TRAITPOLMF1C_W36,3,"0.630709,0.204761,0.164530"
base,RELIGxPOLPARTY,RELIGxPOLPARTY :: Agnostic | Independent,TRAITPOLMF1C_W36,3,"0.606200,0.203051,0.190749"
base,RELIGxPOLPARTY,RELIGxPOLPARTY :: Agnostic | Other,TRAITPOLMF1C_W36,3,"0.583730,0.208135,0.208135"
base,RELIGxPOLPARTY,RELIGxPOLPARTY :: Atheist | Democrat,TRAITPOLMF1C_W36,3,"0.603410,0.229029,0.167561"
base,RELIGxPOLPARTY,RELIGxPOLPARTY :: Atheist | Independent,TRAITPOLMF1C_W36,3,"0.590242,0.224031,0.185728"
base,RELIGxPOLPARTY,RELIGxPOLPARTY :: Jewish | Democrat,TRAITPOLMF1C_W36,3,"0.743524,0.155851,0.100625"
base,RELIGxPOLPARTY,RELIGxPOLPARTY :: Jewish | Independent,TRAITPOLMF1C_W36,3,"0.694529,0.159890,0.145581"
base,RELIGxPOLPARTY,RELIGxPOLPARTY :: Mormon | Republican,TRAITPOLMF1C_W36,3,"0.787040,0.132559,0.080401"
base,RELIGxPOLPARTY,RELIGxPOLPARTY :: Nothing in particular | Democrat,TRAITPOLMF1C_W36,3,"0.631667,0.218298,0.150034"
base,RELIGxPOLPARTY,RELIGxPOLPARTY :: Nothing in particular | Independent,TRAITPOLMF1C_W36,3,"0.605850,0.209376,0.184774"
base,RELIGxPOLPARTY,RELIGxPOLPARTY :: Nothing in particular | Other,TRAITPOLMF1C_W36,3,"0.602551,0.201829,0.195620"
base,RELIGxPOLPARTY,RELIGxPOLPARTY :: Nothing in particular | Republican,TRAITPOLMF1C_W36,3,"0.656049,0.206435,0.137515"
base,RELIGxPOLPARTY,RELIGxPOLPARTY :: Other | Democrat,TRAITPOLMF1C_W36,3,"0.696421,0.193389,0.110190"
base,RELIGxPOLPARTY,RELIGxPOLPARTY :: Other | Independent,TRAITPOLMF1C_W36,3,"0.665438,0.190651,0.143911"
base,RELIGxPOLPARTY,RELIGxPOLPARTY :: Protestant | Democrat,TRAITPOLMF1C_W36,3,"0.742150,0.160501,0.097349"
base,RELIGxPOLPARTY,RELIGxPOLPARTY :: Protestant | Independent,TRAITPOLMF1C_W36,3,"0.694529,0.159890,0.145581"
base,RELIGxPOLPARTY,RELIGxPOLPARTY :: Protestant | Other,TRAITPOLMF1C_W36,3,"0.660631,0.167034,0.172336"
base,RELIGxPOLPARTY,RELIGxPOLPARTY :: Protestant | Republican,TRAITPOLMF1C_W36,3,"0.790892,0.133208,0.075900"
base,RELIGxPOLPARTY,RELIGxPOLPARTY :: Roman Catholic | Democrat,TRAITPOLMF1C_W36,3,"0.742150,0.160501,0.097349"
base,RELIGxPOLPARTY,RELIGxPOLPARTY :: Roman Catholic | Independent,TRAITPOLMF1C_W36,3,"0.691022,0.164132,0.144846"
base,RELIGxPOLPARTY,RELIGxPOLPARTY :: Roman Catholic | Other,TRAITPOLMF1C_W36,3,"0.664152,0.167924,0.167924"
base,RELIGxPOLPARTY,RELIGxPOLPARTY :: Roman Catholic | Republican,TRAITPOLMF1C_W36,3,"0.767430,0.146467,0.086103"
base,RELIGxPOLPARTY,RELIGxPOLPARTY :: Agnostic | Democrat,VTRS_VALS_W92,2,"0.793106,0.206894"
base,RELIGxPOLPARTY,RELIGxPOLPARTY :: Agnostic | Independent,VTRS_VALS_W92,2,"0.766294,0.233706"
base,RELIGxPOLPARTY,RELIGxPOLPARTY :: Agnostic | Other,VTRS_VALS_W92,2,"0.760651,0.239349"
base,RELIGxPOLPARTY,RELIGxPOLPARTY :: Agnostic | Republican,VTRS_VALS_W92,2,"0.718594,0.281406"
base,RELIGxPOLPARTY,RELIGxPOLPARTY :: Atheist | Democrat,VTRS_VALS_W92,2,"0.771843,0.228156"
base,RELIGxPOLPARTY,RELIGxPOLPARTY :: Atheist | Independent,VTRS_VALS_W92,2,"0.743168,0.256832"
base,RELIGxPOLPARTY,RELIGxPOLPARTY :: Atheist | Other,VTRS_VALS_W92,2,"0.731059,0.268941"
base,RELIGxPOLPARTY,RELIGxPOLPARTY :: Buddhist | Democrat,VTRS_VALS_W92,2,"0.793106,0.206894"
base,RELIGxPOLPARTY,RELIGxPOLPARTY :: Jewish | Democrat,VTRS_VALS_W92,2,"0.812867,0.187133"
base,RELIGxPOLPARTY,RELIGxPOLPARTY :: Jewish | Independent,VTRS_VALS_W92,2,"0.777300,0.222700"
base,RELIGxPOLPARTY,RELIGxPOLPARTY :: Jewish | Republican,VTRS_VALS_W92,2,"0.718594,0.281406"
base,RELIGxPOLPARTY,RELIGxPOLPARTY :: Mormon | Independent,VTRS_VALS_W92,2,"0.777300,0.222700"
base,RELIGxPOLPARTY,RELIGxPOLPARTY :: Mormon | Republican,VTRS_VALS_W92,2,"0.760651,0.239349"
base,RELIGxPOLPARTY,RELIGxPOLPARTY :: Nothing in particular | Democrat,VTRS_VALS_W92,2,"0.743168,0.256832"
base,RELIGxPOLPARTY,RELIGxPOLPARTY :: Nothing in particular | Independent,VTRS_VALS_W92,2,"0.724870,0.275130"
base,RELIGxPOLPARTY,RELIGxPOLPARTY :: Nothing in particular | Other,VTRS_VALS_W92,2,"0.718594,0.281406"
base,RELIGxPOLPARTY,RELIGxPOLPARTY :: Nothing in particular | Republican,VTRS_VALS_W92,2,"0.699254,0.300746"
base,RELIGxPOLPARTY,RELIGxPOLPARTY :: Other | Democrat,VTRS_VALS_W92,2,"0.743168,0.256832"
base,RELIGxPOLPARTY,RELIGxPOLPARTY :: Other | Independent,VTRS_VALS_W92,2,"0.718594,0.281406"
base,RELIGxPOLPARTY,RELIGxPOLPARTY :: Other | Other,VTRS_VALS_W92,2,"0.685949,0.314051"
base,RELIGxPOLPARTY,RELIGxPOLPARTY :: Protestant | Democrat,VTRS_VALS_W92,2,"0.793106,0.206894"
base,RELIGxPOLPARTY,RELIGxPOLPARTY :: Protestant | Independent,VTRS_VALS_W92,2,"0.782663,0.217338"
base,RELIGxPOLPARTY,RELIGxPOLPARTY :: Protestant | Other,VTRS_VALS_W92,2,"0.760651,0.239349"
base,RELIGxPOLPARTY,RELIGxPOLPARTY :: Protestant | Refused,VTRS_VALS_W92,2,"0.743168,0.256832"
base,RELIGxPOLPARTY,RELIGxPOLPARTY :: Protestant | Republican,VTRS_VALS_W92,2,"0.749087,0.250913"
base,RELIGxPOLPARTY,RELIGxPOLPARTY :: Roman Catholic | Democrat,VTRS_VALS_W92,2,"0.793106,0.206894"
base,RELIGxPOLPARTY,RELIGxPOLPARTY :: Roman Catholic | Independent,VTRS_VALS_W92,2,"0.777300,0.222700"
base,RELIGxPOLPARTY,RELIGxPOLPARTY :: Roman Catholic | Other,VTRS_VALS_W92,2,"0.771843,0.228156"
base,RELIGxPOLPARTY,RELIGxPOLPARTY :: Roman Catholic | Republican,VTRS_VALS_W92,2,"0.743168,0.256832"
base,RELIGxPOLPARTY,RELIGxPOLPARTY :: Agnostic | Democrat,WHYNOTBIZF2D_W36,3,"0.194027,0.340527,0.465446"
base,RELIGxPOLPARTY,RELIGxPOLPARTY :: Agnostic | Independent,WHYNOTBIZF2D_W36,3,"0.211281,0.327239,0.461480"
base,RELIGxPOLPARTY,RELIGxPOLPARTY :: Agnostic | Other,WHYNOTBIZF2D_W36,3,"0.206121,0.329380,0.464500"
base,RELIGxPOLPARTY,RELIGxPOLPARTY :: Atheist | Democrat,WHYNOTBIZF2D_W36,3,"0.209109,0.334155,0.456736"
base,RELIGxPOLPARTY,RELIGxPOLPARTY :: Atheist | Independent,WHYNOTBIZF2D_W36,3,"0.229591,0.313813,0.456596"
base,RELIGxPOLPARTY,RELIGxPOLPARTY :: Jewish | Democrat,WHYNOTBIZF2D_W36,3,"0.221388,0.365006,0.413606"
base,RELIGxPOLPARTY,RELIGxPOLPARTY :: Jewish | Independent,WHYNOTBIZF2D_W36,3,"0.240613,0.350090,0.409297"
base,RELIGxPOLPARTY,RELIGxPOLPARTY :: Mormon | Republican,WHYNOTBIZF2D_W36,3,"0.258718,0.364850,0.376432"
base,RELIGxPOLPARTY,RELIGxPOLPARTY :: Nothing in particular | Democrat,WHYNOTBIZF2D_W36,3,"0.188372,0.330603,0.481025"
base,RELIGxPOLPARTY,RELIGxPOLPARTY :: Nothing in particular | Independent,WHYNOTBIZF2D_W36,3,"0.205175,0.317780,0.477045"
base,RELIGxPOLPARTY,RELIGxPOLPARTY :: Nothing in particular | Other,WHYNOTBIZF2D_W36,3,"0.200125,0.319799,0.480076"
base,RELIGxPOLPARTY,RELIGxPOLPARTY :: Nothing in particular | Republican,WHYNOTBIZF2D_W36,3,"0.228178,0.331997,0.439825"
base,RELIGxPOLPARTY,RELIGxPOLPARTY :: Other | Democrat,WHYNOTBIZF2D_W36,3,"0.226394,0.350646,0.422960"
base,RELIGxPOLPARTY,RELIGxPOLPARTY :: Other | Independent,WHYNOTBIZF2D_W36,3,"0.248395,0.329070,0.422535"
base,RELIGxPOLPARTY,RELIGxPOLPARTY :: Protestant | Democrat,WHYNOTBIZF2D_W36,3,"0.224411,0.381736,0.393853"
base,RELIGxPOLPARTY,RELIGxPOLPARTY :: Protestant | Independent,WHYNOTBIZF2D_W36,3,"0.240970,0.361738,0.397292"
base,RELIGxPOLPARTY,RELIGxPOLPARTY :: Protestant | Other,WHYNOTBIZF2D_W36,3,"0.246913,0.370660,0.382426"
base,RELIGxPOLPARTY,RELIGxPOLPARTY :: Protestant | Republican,WHYNOTBIZF2D_W36,3,"0.280167,0.371160,0.348673"
base,RELIGxPOLPARTY,RELIGxPOLPARTY :: Roman Catholic | Democrat,WHYNOTBIZF2D_W36,3,"0.221388,0.365006,0.413606"
base,RELIGxPOLPARTY,RELIGxPOLPARTY :: Roman Catholic | Independent,WHYNOTBIZF2D_W36,3,"0.234950,0.352701,0.412349"
base,RELIGxPOLPARTY,RELIGxPOLPARTY :: Roman Catholic | Other,WHYNOTBIZF2D_W36,3,"0.237969,0.357233,0.404798"
base,RELIGxPOLPARTY,RELIGxPOLPARTY :: Roman Catholic | Republican,WHYNOTBIZF2D_W36,3,"0.264756,0.361878,0.373366"
base,RELIGxPOLPARTY,RELIGxPOLPARTY :: Agnostic | Democrat,WHYNOTPOLF1I_W36,3,"0.261372,0.392366,0.346262"
base,RELIGxPOLPARTY,RELIGxPOLPARTY :: Agnostic | Independent,WHYNOTPOLF1I_W36,3,"0.279872,0.382539,0.337590"
base,RELIGxPOLPARTY,RELIGxPOLPARTY :: Agnostic | Other,WHYNOTPOLF1I_W36,3,"0.289190,0.383115,0.327695"
base,RELIGxPOLPARTY,RELIGxPOLPARTY :: Atheist | Democrat,WHYNOTPOLF1I_W36,3,"0.277100,0.367097,0.355803"
base,RELIGxPOLPARTY,RELIGxPOLPARTY :: Atheist | Independent,WHYNOTPOLF1I_W36,3,"0.299150,0.372298,0.328552"
base,RELIGxPOLPARTY,RELIGxPOLPARTY :: Jewish | Democrat,WHYNOTPOLF1I_W36,3,"0.273133,0.397406,0.329461"
base,RELIGxPOLPARTY,RELIGxPOLPARTY :: Jewish | Independent,WHYNOTPOLF1I_W36,3,"0.304504,0.390991,0.304504"
base,RELIGxPOLPARTY,RELIGxPOLPARTY :: Mormon | Republican,WHYNOTPOLF1I_W36,3,"0.291432,0.398340,0.310228"
base,RELIGxPOLPARTY,RELIGxPOLPARTY :: Nothing in particular | Democrat,WHYNOTPOLF1I_W36,3,"0.241148,0.373498,0.385354"
base,RELIGxPOLPARTY,RELIGxPOLPARTY :: Nothing in particular | Independent,WHYNOTPOLF1I_W36,3,"0.261749,0.369125,0.369125"
base,RELIGxPOLPARTY,RELIGxPOLPARTY :: Nothing in particular | Other,WHYNOTPOLF1I_W36,3,"0.264756,0.373366,0.361878"
base,RELIGxPOLPARTY,RELIGxPOLPARTY :: Nothing in particular | Republican,WHYNOTPOLF1I_W36,3,"0.280265,0.359867,0.359867"
base,RELIGxPOLPARTY,RELIGxPOLPARTY :: Other | Democrat,WHYNOTPOLF1I_W36,3,"0.275930,0.401476,0.322595"
base,RELIGxPOLPARTY,RELIGxPOLPARTY :: Other | Independent,WHYNOTPOLF1I_W36,3,"0.304504,0.390991,0.304504"
base,RELIGxPOLPARTY,RELIGxPOLPARTY :: Protestant | Democrat,WHYNOTPOLF1I_W36,3,"0.266973,0.400774,0.332253"
base,RELIGxPOLPARTY,RELIGxPOLPARTY :: Protestant | Independent,WHYNOTPOLF1I_W36,3,"0.285021,0.401944,0.313035"
base,RELIGxPOLPARTY,RELIGxPOLPARTY :: Protestant | Other,WHYNOTPOLF1I_W36,3,"0.294240,0.402179,0.303581"
base,RELIGxPOLPARTY,RELIGxPOLPARTY :: Protestant | Republican,WHYNOTPOLF1I_W36,3,"0.314077,0.390875,0.295048"
base,RELIGxPOLPARTY,RELIGxPOLPARTY :: Roman Catholic | Democrat,WHYNOTPOLF1I_W36,3,"0.267450,0.389137,0.343413"
base,RELIGxPOLPARTY,RELIGxPOLPARTY :: Roman Catholic | Independent,WHYNOTPOLF1I_W36,3,"0.289190,0.383115,0.327695"
base,RELIGxPOLPARTY,RELIGxPOLPARTY :: Roman Catholic | Other,WHYNOTPOLF1I_W36,3,"0.298639,0.383461,0.317900"
base,RELIGxPOLPARTY,RELIGxPOLPARTY :: Roman Catholic | Republican,WHYNOTPOLF1I_W36,3,"0.302205,0.376100,0.321695"
