ty,gk,qk,n_opt,mouth_pred
AGExPOLPARTY,AGExPOLPARTY :: 18-29 | Independent,CANDEXP_W92,4,"0.364941,0.282005,0.214538,0.138516"
AGExPOLPARTY,AGExPOLPARTY :: 30-49 | Other,CANDEXP_W92,4,"0.327808,0.310363,0.232451,0.129378"
AGExPOLPARTY,AGExPOLPARTY :: 50-64 | Refused,CANDEXP_W92,4,"0.344496,0.294663,0.199379,0.161462"
AGExPOLPARTY,AGExPOLPARTY :: 18-29 | Independent,CANQUALPOL_W92,4,"0.106959,0.141697,0.490723,0.260621"
AGExPOLPARTY,AGExPOLPARTY :: 30-49 | Other,CANQUALPOL_W92,4,"0.107869,0.163201,0.498781,0.230150"
AGExPOLPARTY,AGExPOLPARTY :: 50-64 | Refused,CANQUALPOL_W92,4,"0.120225,0.158032,0.409904,0.311839"
AGExPOLPARTY,AGExPOLPARTY :: 18-29 | Independent,COHABDUR_W50,6,"0.231433,0.184514,0.187420,0.131866,0.132901,0.131866"
AGExPOLPARTY,AGExPOLPARTY :: 18-29 | Other,COHABDUR_W50,6,"0.231929,0.176442,0.182043,0.127087,0.138491,0.144008"
AGExPOLPARTY,AGExPOLPARTY :: 18-29 | Republican,COHABDUR_W50,6,"0.212813,0.176429,0.169670,0.134220,0.133175,0.173693"
AGExPOLPARTY,AGExPOLPARTY :: 30-49 | Refused,COHABDUR_W50,6,"0.179864,0.192966,0.189974,0.140078,0.145658,0.151460"
AGExPOLPARTY,AGExPOLPARTY :: 30-49 | Republican,COHABDUR_W50,6,"0.176261,0.183282,0.173528,0.143860,0.138349,0.184720"
AGExPOLPARTY,AGExPOLPARTY :: 50-64 | Democrat,COHABDUR_W50,6,"0.172394,0.183513,0.186403,0.155745,0.148613,0.153331"
AGExPOLPARTY,AGExPOLPARTY :: 50-64 | Independent,COHABDUR_W50,6,"0.177415,0.185929,0.191831,0.151751,0.143675,0.149398"
AGExPOLPARTY,AGExPOLPARTY :: 50-64 | Other,COHABDUR_W50,6,"0.180681,0.177880,0.190837,0.139619,0.145181,0.165802"
AGExPOLPARTY,AGExPOLPARTY :: 50-64 | Republican,COHABDUR_W50,6,"0.165487,0.170740,0.170740,0.144905,0.143778,0.204349"
AGExPOLPARTY,AGExPOLPARTY :: 65+ | Independent,COHABDUR_W50,6,"0.183128,0.181703,0.174742,0.144866,0.144866,0.170694"
AGExPOLPARTY,AGExPOLPARTY :: 18-29 | Independent,COMMYRS_W32,5,"0.128348,0.150054,0.179591,0.257253,0.284753"
AGExPOLPARTY,AGExPOLPARTY :: 18-29 | Other,COMMYRS_W32,5,"0.131399,0.151239,0.181010,0.249351,0.287001"
AGExPOLPARTY,AGExPOLPARTY :: 50-64 | Independent,COMMYRS_W32,5,"0.114829,0.137433,0.165775,0.264908,0.317054"
AGExPOLPARTY,AGExPOLPARTY :: 65+ | Independent,COMMYRS_W32,5,"0.120731,0.136806,0.145629,0.241985,0.354848"
AGExPOLPARTY,AGExPOLPARTY :: 18-29 | Independent,ECON5_e_W54,5,"0.171759,0.175832,0.200807,0.229329,0.222273"
AGExPOLPARTY,AGExPOLPARTY :: 50-64 | Democrat,ECON5_e_W54,5,"0.154728,0.173966,0.221638,0.257105,0.192563"
AGExPOLPARTY,AGExPOLPARTY :: 18-29 | Independent,EVOTWO_W34,2,"0.924688,0.075312"
AGExPOLPARTY,AGExPOLPARTY :: 50-64 | Independent,EVOTWO_W34,2,"0.912436,0.087564"
AGExPOLPARTY,AGExPOLPARTY :: 18-29 | Independent,FAMSURV25_W50,4,"0.352117,0.289643,0.220349,0.137891"
AGExPOLPARTY,AGExPOLPARTY :: 30-49 | Refused,FAMSURV25_W50,4,"0.308541,0.299048,0.231087,0.161324"
AGExPOLPARTY,AGExPOLPARTY :: 30-49 | Republican,FAMSURV25_W50,4,"0.361747,0.295249,0.201342,0.141662"
AGExPOLPARTY,AGExPOLPARTY :: 50-64 | Democrat,FAMSURV25_W50,4,"0.319759,0.295729,0.224979,0.159534"
AGExPOLPARTY,AGExPOLPARTY :: 50-64 | Independent,FAMSURV25_W50,4,"0.326290,0.301769,0.226015,0.145926"
AGExPOLPARTY,AGExPOLPARTY :: 50-64 | Other,FAMSURV25_W50,4,"0.293096,0.309572,0.239218,0.158114"
AGExPOLPARTY,AGExPOLPARTY :: 50-64 | Republican,FAMSURV25_W50,4,"0.355150,0.294430,0.197671,0.152748"
AGExPOLPARTY,AGExPOLPARTY :: 18-29 | Independent,FAMSURV26b_W50,4,"0.216530,0.235961,0.298283,0.249225"
AGExPOLPARTY,AGExPOLPARTY :: 18-29 | Other,FAMSURV26b_W50,4,"0.215656,0.242468,0.299408,0.242468"
AGExPOLPARTY,AGExPOLPARTY :: 18-29 | Republican,FAMSURV26b_W50,4,"0.239650,0.237785,0.269445,0.253120"
AGExPOLPARTY,AGExPOLPARTY :: 30-49 | Republican,FAMSURV26b_W50,4,"0.236936,0.258198,0.277006,0.227859"
AGExPOLPARTY,AGExPOLPARTY :: 50-64 | Democrat,FAMSURV26b_W50,4,"0.222425,0.254018,0.281172,0.242385"
AGExPOLPARTY,AGExPOLPARTY :: 50-64 | Independent,FAMSURV26b_W50,4,"0.208223,0.241543,0.302963,0.247271"
AGExPOLPARTY,AGExPOLPARTY :: 50-64 | Other,FAMSURV26b_W50,4,"0.217644,0.254451,0.299817,0.228089"
AGExPOLPARTY,AGExPOLPARTY :: 50-64 | Republican,FAMSURV26b_W50,4,"0.233006,0.244188,0.276702,0.246104"
AGExPOLPARTY,AGExPOLPARTY :: 65+ | Independent,FAMSURV26b_W50,4,"0.215082,0.232559,0.274022,0.278337"
AGExPOLPARTY,AGExPOLPARTY :: 18-29 | Independent,FAMSURV26d_W50,4,"0.211394,0.259005,0.302808,0.226793"
AGExPOLPARTY,AGExPOLPARTY :: 18-29 | Other,FAMSURV26d_W50,4,"0.211265,0.258847,0.304997,0.224891"
AGExPOLPARTY,AGExPOLPARTY :: 18-29 | Republican,FAMSURV26d_W50,4,"0.238038,0.259399,0.271848,0.230714"
AGExPOLPARTY,AGExPOLPARTY :: 50-64 | Democrat,FAMSURV26d_W50,4,"0.222419,0.268289,0.283370,0.225922"
AGExPOLPARTY,AGExPOLPARTY :: 50-64 | Independent,FAMSURV26d_W50,4,"0.205192,0.261421,0.308029,0.225359"
AGExPOLPARTY,AGExPOLPARTY :: 50-64 | Other,FAMSURV26d_W50,4,"0.214489,0.271140,0.304851,0.209521"
AGExPOLPARTY,AGExPOLPARTY :: 65+ | Independent,FAMSURV26d_W50,4,"0.211493,0.249199,0.280182,0.259126"
AGExPOLPARTY,AGExPOLPARTY :: 18-29 | Independent,FAMSURV30d_W50,3,"0.377870,0.323210,0.298920"
AGExPOLPARTY,AGExPOLPARTY :: 30-49 | Refused,FAMSURV30d_W50,3,"0.356956,0.335329,0.307715"
AGExPOLPARTY,AGExPOLPARTY :: 30-49 | Republican,FAMSURV30d_W50,3,"0.370382,0.332008,0.297610"
AGExPOLPARTY,AGExPOLPARTY :: 50-64 | Democrat,FAMSURV30d_W50,3,"0.360466,0.335991,0.303543"
AGExPOLPARTY,AGExPOLPARTY :: 50-64 | Independent,FAMSURV30d_W50,3,"0.343720,0.338391,0.317889"
AGExPOLPARTY,AGExPOLPARTY :: 50-64 | Republican,FAMSURV30d_W50,3,"0.357953,0.331052,0.310995"
AGExPOLPARTY,AGExPOLPARTY :: 18-29 | Independent,GAP21Q19_a_W82,4,"0.266597,0.268688,0.266597,0.198118"
AGExPOLPARTY,AGExPOLPARTY :: 50-64 | Democrat,GAP21Q19_a_W82,4,"0.253710,0.265885,0.270072,0.210333"
AGExPOLPARTY,AGExPOLPARTY :: 65+ | Republican,GAP21Q19_a_W82,4,"0.274437,0.225746,0.227516,0.272301"
AGExPOLPARTY,AGExPOLPARTY :: 18-29 | Independent,GAP21Q33_s_W82,3,"0.366076,0.357596,0.276329"
AGExPOLPARTY,AGExPOLPARTY :: 50-64 | Independent,GAP21Q33_s_W82,3,"0.346647,0.374815,0.278539"
AGExPOLPARTY,AGExPOLPARTY :: 18-29 | Independent,GAP21Q34_a_W82,4,"0.264537,0.297427,0.260435,0.177601"
AGExPOLPARTY,AGExPOLPARTY :: 18-29 | Republican,GAP21Q34_a_W82,4,"0.290160,0.281233,0.236822,0.191784"
AGExPOLPARTY,AGExPOLPARTY :: 50-64 | Democrat,GAP21Q34_a_W82,4,"0.243540,0.293765,0.275967,0.186728"
AGExPOLPARTY,AGExPOLPARTY :: 50-64 | Other,GAP21Q34_a_W82,4,"0.229322,0.287634,0.308586,0.174459"
AGExPOLPARTY,AGExPOLPARTY :: 65+ | Republican,GAP21Q34_a_W82,4,"0.274350,0.261787,0.232838,0.231026"
AGExPOLPARTY,AGExPOLPARTY :: 18-29 | Independent,GAP21Q34_b_W82,4,"0.323020,0.305829,0.218566,0.152584"
AGExPOLPARTY,AGExPOLPARTY :: 50-64 | Democrat,GAP21Q34_b_W82,4,"0.292602,0.304258,0.235112,0.168027"
AGExPOLPARTY,AGExPOLPARTY :: 65+ | Republican,GAP21Q34_b_W82,4,"0.320452,0.271965,0.197425,0.210158"
AGExPOLPARTY,AGExPOLPARTY :: 18-29 | Independent,GAP21Q34_c_W82,4,"0.253404,0.273995,0.278310,0.194291"
AGExPOLPARTY,AGExPOLPARTY :: 18-29 | Republican,GAP21Q34_c_W82,4,"0.276409,0.259662,0.253647,0.210281"
AGExPOLPARTY,AGExPOLPARTY :: 50-64 | Democrat,GAP21Q34_c_W82,4,"0.236154,0.271812,0.291612,0.200422"
AGExPOLPARTY,AGExPOLPARTY :: 50-64 | Other,GAP21Q34_c_W82,4,"0.218712,0.265887,0.328326,0.187075"
AGExPOLPARTY,AGExPOLPARTY :: 65+ | Republican,GAP21Q34_c_W82,4,"0.264401,0.240739,0.244531,0.250329"
AGExPOLPARTY,AGExPOLPARTY :: 18-29 | Independent,GAP21Q34_d_W82,4,"0.269464,0.305343,0.234114,0.191079"
AGExPOLPARTY,AGExPOLPARTY :: 50-64 | Democrat,GAP21Q34_d_W82,4,"0.249293,0.300705,0.251248,0.198754"
AGExPOLPARTY,AGExPOLPARTY :: 65+ | Republican,GAP21Q34_d_W82,4,"0.275814,0.275814,0.204967,0.243405"
AGExPOLPARTY,AGExPOLPARTY :: 18-29 | Independent,GAP21Q34_f_W82,4,"0.265074,0.298031,0.258933,0.177962"
AGExPOLPARTY,AGExPOLPARTY :: 50-64 | Democrat,GAP21Q34_f_W82,4,"0.244265,0.292347,0.274635,0.188753"
AGExPOLPARTY,AGExPOLPARTY :: 65+ | Republican,GAP21Q34_f_W82,4,"0.284136,0.262783,0.224770,0.228310"
AGExPOLPARTY,AGExPOLPARTY :: 18-29 | Independent,GAP21Q47_W82,4,"0.173537,0.148434,0.283888,0.394140"
AGExPOLPARTY,AGExPOLPARTY :: 18-29 | Other,GAP21Q47_W82,4,"0.177306,0.165267,0.299260,0.358167"
AGExPOLPARTY,AGExPOLPARTY :: 50-64 | Independent,GAP21Q47_W82,4,"0.184734,0.161758,0.286121,0.367387"
AGExPOLPARTY,AGExPOLPARTY :: 65+ | Independent,GAP21Q47_W82,4,"0.189726,0.154850,0.247449,0.407975"
AGExPOLPARTY,AGExPOLPARTY :: 18-29 | Independent,GODMORALIMP_W92,4,"0.360409,0.341228,0.188444,0.109919"
AGExPOLPARTY,AGExPOLPARTY :: 30-49 | Other,GODMORALIMP_W92,4,"0.333103,0.343677,0.216754,0.106466"
AGExPOLPARTY,AGExPOLPARTY :: 50-64 | Refused,GODMORALIMP_W92,4,"0.341350,0.315697,0.191480,0.151473"
AGExPOLPARTY,AGExPOLPARTY :: 18-29 | Independent,GOVPRIOmF2_W41,4,"0.404728,0.300769,0.183856,0.110647"
AGExPOLPARTY,AGExPOLPARTY :: 50-64 | Democrat,GOVPRIOmF2_W41,4,"0.386514,0.305757,0.189849,0.117880"
AGExPOLPARTY,AGExPOLPARTY :: 18-29 | Independent,HAVEKIDS1_W50,4,"0.352373,0.289854,0.215401,0.142372"
AGExPOLPARTY,AGExPOLPARTY :: 18-29 | Republican,HAVEKIDS1_W50,4,"0.381880,0.279389,0.183228,0.155503"
AGExPOLPARTY,AGExPOLPARTY :: 30-49 | Republican,HAVEKIDS1_W50,4,"0.355797,0.290393,0.199584,0.154226"
AGExPOLPARTY,AGExPOLPARTY :: 50-64 | Democrat,HAVEKIDS1_W50,4,"0.317683,0.287003,0.225271,0.170043"
AGExPOLPARTY,AGExPOLPARTY :: 50-64 | Independent,HAVEKIDS1_W50,4,"0.306794,0.295041,0.235227,0.162937"
AGExPOLPARTY,AGExPOLPARTY :: 50-64 | Other,HAVEKIDS1_W50,4,"0.281915,0.286354,0.256686,0.175045"
AGExPOLPARTY,AGExPOLPARTY :: 50-64 | Republican,HAVEKIDS1_W50,4,"0.350161,0.279173,0.202658,0.168009"
AGExPOLPARTY,AGExPOLPARTY :: 18-29 | Independent,IDIMPORT_W43,5,"0.207495,0.177480,0.215761,0.235123,0.164142"
AGExPOLPARTY,AGExPOLPARTY :: 30-49 | Other,IDIMPORT_W43,5,"0.191742,0.190250,0.238627,0.227700,0.151681"
AGExPOLPARTY,AGExPOLPARTY :: 30-49 | Refused,IDIMPORT_W43,5,"0.201374,0.195178,0.217737,0.226411,0.159300"
AGExPOLPARTY,AGExPOLPARTY :: 50-64 | Other,IDIMPORT_W43,5,"0.193709,0.186288,0.233658,0.228245,0.158101"
AGExPOLPARTY,AGExPOLPARTY :: 50-64 | Refused,IDIMPORT_W43,5,"0.197139,0.189587,0.213158,0.234108,0.166008"
AGExPOLPARTY,AGExPOLPARTY :: 18-29 | Independent,LOCALELECT_W29,4,"0.326564,0.306778,0.226204,0.140453"
AGExPOLPARTY,AGExPOLPARTY :: 18-29 | Other,LOCALELECT_W29,4,"0.284316,0.324699,0.230246,0.160738"
AGExPOLPARTY,AGExPOLPARTY :: 50-64 | Democrat,LOCALELECT_W29,4,"0.329155,0.302050,0.210865,0.157930"
AGExPOLPARTY,AGExPOLPARTY :: 50-64 | Independent,LOCALELECT_W29,4,"0.315045,0.315045,0.223400,0.146510"
AGExPOLPARTY,AGExPOLPARTY :: 65+ | Independent,LOCALELECT_W29,4,"0.308355,0.287418,0.218656,0.185571"
AGExPOLPARTY,AGExPOLPARTY :: 18-29 | Independent,MARRDUR_W50,6,"0.127606,0.157573,0.174417,0.173060,0.175785,0.191560"
AGExPOLPARTY,AGExPOLPARTY :: 18-29 | Other,MARRDUR_W50,6,"0.130308,0.148816,0.173984,0.162171,0.178110,0.206611"
AGExPOLPARTY,AGExPOLPARTY :: 18-29 | Republican,MARRDUR_W50,6,"0.117501,0.134190,0.142844,0.155663,0.172303,0.277499"
AGExPOLPARTY,AGExPOLPARTY :: 30-49 | Refused,MARRDUR_W50,6,"0.110761,0.153776,0.168890,0.167576,0.176995,0.222002"
AGExPOLPARTY,AGExPOLPARTY :: 30-49 | Republican,MARRDUR_W50,6,"0.104455,0.137303,0.145021,0.159275,0.172217,0.281728"
AGExPOLPARTY,AGExPOLPARTY :: 50-64 | Democrat,MARRDUR_W50,6,"0.112793,0.142584,0.162836,0.174698,0.184518,0.222571"
AGExPOLPARTY,AGExPOLPARTY :: 50-64 | Independent,MARRDUR_W50,6,"0.105223,0.143823,0.162973,0.169465,0.183236,0.235279"
AGExPOLPARTY,AGExPOLPARTY :: 50-64 | Other,MARRDUR_W50,6,"0.106554,0.130553,0.168948,0.153829,0.178445,0.261672"
AGExPOLPARTY,AGExPOLPARTY :: 50-64 | Republican,MARRDUR_W50,6,"0.093846,0.113200,0.130293,0.145352,0.176703,0.340605"
AGExPOLPARTY,AGExPOLPARTY :: 65+ | Independent,MARRDUR_W50,6,"0.108416,0.139209,0.141401,0.156517,0.173248,0.281209"
AGExPOLPARTY,AGExPOLPARTY :: 18-29 | Independent,MOVERURAL_W32,3,"0.226397,0.275229,0.498375"
AGExPOLPARTY,AGExPOLPARTY :: 50-64 | Independent,MOVERURAL_W32,3,"0.222318,0.276680,0.501002"
AGExPOLPARTY,AGExPOLPARTY :: 18-29 | Independent,NEIGHINTERB_W32,6,"0.147410,0.180611,0.184894,0.158148,0.161899,0.167038"
AGExPOLPARTY,AGExPOLPARTY :: 50-64 | Democrat,NEIGHINTERB_W32,6,"0.156134,0.172825,0.183971,0.162354,0.161090,0.163627"
AGExPOLPARTY,AGExPOLPARTY :: 18-29 | Independent,NEWS_PLATFORMg_W45,4,"0.424790,0.308364,0.179867,0.086978"
AGExPOLPARTY,AGExPOLPARTY :: 18-29 | Other,NEWS_PLATFORMg_W45,4,"0.372121,0.313357,0.210378,0.104145"
AGExPOLPARTY,AGExPOLPARTY :: 50-64 | Independent,NEWS_PLATFORMg_W45,4,"0.381616,0.323873,0.193393,0.101118"
AGExPOLPARTY,AGExPOLPARTY :: 65+ | Independent,NEWS_PLATFORMg_W45,4,"0.377520,0.300985,0.186886,0.134609"
AGExPOLPARTY,AGExPOLPARTY :: 18-29 | Independent,PROG_RNEED2b_W92,2,"0.470737,0.529263"
AGExPOLPARTY,AGExPOLPARTY :: 30-49 | Other,PROG_RNEED2b_W92,2,"0.439747,0.560253"
AGExPOLPARTY,AGExPOLPARTY :: 50-64 | Refused,PROG_RNEED2b_W92,2,"0.447460,0.552540"
AGExPOLPARTY,AGExPOLPARTY :: 18-29 | Independent,RACESURV38_W43,4,"0.299083,0.236594,0.240320,0.224003"
AGExPOLPARTY,AGExPOLPARTY :: 30-49 | Other,RACESURV38_W43,4,"0.248594,0.254489,0.268794,0.228123"
AGExPOLPARTY,AGExPOLPARTY :: 50-64 | Refused,RACESURV38_W43,4,"0.255929,0.231213,0.240423,0.272435"
AGExPOLPARTY,AGExPOLPARTY :: 18-29 | Independent,RACESURV47a_W43,4,"0.137662,0.213215,0.303040,0.346083"
AGExPOLPARTY,AGExPOLPARTY :: 30-49 | Refused,RACESURV47a_W43,4,"0.152862,0.238614,0.274643,0.333881"
AGExPOLPARTY,AGExPOLPARTY :: 50-64 | Other,RACESURV47a_W43,4,"0.134521,0.211631,0.310337,0.343511"
AGExPOLPARTY,AGExPOLPARTY :: 50-64 | Refused,RACESURV47a_W43,4,"0.150168,0.227197,0.276201,0.346434"
AGExPOLPARTY,AGExPOLPARTY :: 18-29 | Independent,RACESURV47b_W43,4,"0.193105,0.257829,0.280966,0.268100"
AGExPOLPARTY,AGExPOLPARTY :: 18-29 | Republican,RACESURV47b_W43,4,"0.207882,0.248802,0.254702,0.288615"
AGExPOLPARTY,AGExPOLPARTY :: 30-49 | Other,RACESURV47b_W43,4,"0.182117,0.279873,0.291022,0.246987"
AGExPOLPARTY,AGExPOLPARTY :: 30-49 | Refused,RACESURV47b_W43,4,"0.195615,0.275862,0.263229,0.265294"
AGExPOLPARTY,AGExPOLPARTY :: 50-64 | Independent,RACESURV47b_W43,4,"0.170490,0.259967,0.299220,0.270323"
AGExPOLPARTY,AGExPOLPARTY :: 50-64 | Other,RACESURV47b_W43,4,"0.181094,0.265557,0.293944,0.259405"
AGExPOLPARTY,AGExPOLPARTY :: 50-64 | Refused,RACESURV47b_W43,4,"0.191970,0.266523,0.266523,0.274984"
AGExPOLPARTY,AGExPOLPARTY :: 18-29 | Independent,RACESURV47d_W43,4,"0.210566,0.375374,0.236746,0.177314"
AGExPOLPARTY,AGExPOLPARTY :: 30-49 | Refused,RACESURV47d_W43,4,"0.205548,0.360748,0.232917,0.200787"
AGExPOLPARTY,AGExPOLPARTY :: 50-64 | Refused,RACESURV47d_W43,4,"0.199455,0.352800,0.238717,0.209027"
AGExPOLPARTY,AGExPOLPARTY :: 18-29 | Independent,RACESURV48_W43,4,"0.828894,0.104562,0.040312,0.026232"
AGExPOLPARTY,AGExPOLPARTY :: 30-49 | Other,RACESURV48_W43,4,"0.735230,0.159005,0.070009,0.035757"
AGExPOLPARTY,AGExPOLPARTY :: 30-49 | Refused,RACESURV48_W43,4,"0.752794,0.141446,0.054532,0.051228"
AGExPOLPARTY,AGExPOLPARTY :: 50-64 | Refused,RACESURV48_W43,4,"0.755173,0.137527,0.054279,0.053021"
AGExPOLPARTY,AGExPOLPARTY :: 18-29 | Independent,RACESURV52MOD_W92,4,"0.233748,0.203084,0.322001,0.241168"
AGExPOLPARTY,AGExPOLPARTY :: 30-49 | Other,RACESURV52MOD_W92,4,"0.235057,0.227825,0.316303,0.220815"
AGExPOLPARTY,AGExPOLPARTY :: 50-64 | Refused,RACESURV52MOD_W92,4,"0.247423,0.220063,0.287016,0.245498"
AGExPOLPARTY,AGExPOLPARTY :: 18-29 | Independent,RACESURV5e_W43,5,"0.195392,0.182125,0.169759,0.193871,0.258852"
AGExPOLPARTY,AGExPOLPARTY :: 30-49 | Refused,RACESURV5e_W43,5,"0.194792,0.190279,0.182990,0.193276,0.238664"
AGExPOLPARTY,AGExPOLPARTY :: 50-64 | Refused,RACESURV5e_W43,5,"0.190851,0.187893,0.179288,0.196910,0.245058"
AGExPOLPARTY,AGExPOLPARTY :: 18-29 | Independent,RACESURV5g_W43,5,"0.160145,0.158898,0.169146,0.224083,0.287728"
AGExPOLPARTY,AGExPOLPARTY :: 30-49 | Other,RACESURV5g_W43,5,"0.151113,0.163392,0.197089,0.214775,0.273631"
AGExPOLPARTY,AGExPOLPARTY :: 30-49 | Refused,RACESURV5g_W43,5,"0.164309,0.166897,0.186187,0.228121,0.254487"
AGExPOLPARTY,AGExPOLPARTY :: 50-64 | Refused,RACESURV5g_W43,5,"0.158300,0.162054,0.186523,0.232131,0.260992"
AGExPOLPARTY,AGExPOLPARTY :: 18-29 | Independent,RACESURV5k_W43,5,"0.088932,0.118740,0.261386,0.430953,0.099989"
AGExPOLPARTY,AGExPOLPARTY :: 30-49 | Other,RACESURV5k_W43,5,"0.091738,0.127366,0.271748,0.398492,0.110657"
AGExPOLPARTY,AGExPOLPARTY :: 30-49 | Refused,RACESURV5k_W43,5,"0.099162,0.132399,0.275944,0.380129,0.112366"
AGExPOLPARTY,AGExPOLPARTY :: 50-64 | Democrat,RACESURV5k_W43,5,"0.087475,0.127275,0.253117,0.451231,0.080901"
AGExPOLPARTY,AGExPOLPARTY :: 50-64 | Refused,RACESURV5k_W43,5,"0.092024,0.131819,0.264208,0.406030,0.105919"
AGExPOLPARTY,AGExPOLPARTY :: 18-29 | Independent,RACESURV5l_W43,5,"0.205837,0.183075,0.201069,0.252197,0.157821"
AGExPOLPARTY,AGExPOLPARTY :: 50-64 | Refused,RACESURV5l_W43,5,"0.202613,0.197919,0.199472,0.248246,0.151750"
AGExPOLPARTY,AGExPOLPARTY :: 18-29 | Independent,REPRSNTDEM_W92,4,"0.196665,0.281709,0.302230,0.219396"
AGExPOLPARTY,AGExPOLPARTY :: 50-64 | Democrat,REPRSNTDEM_W92,4,"0.228144,0.275194,0.266728,0.229934"
AGExPOLPARTY,AGExPOLPARTY :: 65+ | Republican,REPRSNTDEM_W92,4,"0.244658,0.202829,0.268705,0.283808"
AGExPOLPARTY,AGExPOLPARTY :: 18-29 | Independent,ROMRELDUR_W50,6,"0.176694,0.144213,0.191051,0.157155,0.159629,0.171257"
AGExPOLPARTY,AGExPOLPARTY :: 18-29 | Other,ROMRELDUR_W50,6,"0.175278,0.146451,0.185131,0.151099,0.158351,0.183690"
AGExPOLPARTY,AGExPOLPARTY :: 30-49 | Refused,ROMRELDUR_W50,6,"0.144993,0.154344,0.190589,0.155554,0.166885,0.187634"
AGExPOLPARTY,AGExPOLPARTY :: 30-49 | Republican,ROMRELDUR_W50,6,"0.144250,0.143128,0.173999,0.162185,0.154758,0.221680"
AGExPOLPARTY,AGExPOLPARTY :: 50-64 | Democrat,ROMRELDUR_W50,6,"0.144249,0.144249,0.178124,0.167332,0.167332,0.198712"
AGExPOLPARTY,AGExPOLPARTY :: 50-64 | Independent,ROMRELDUR_W50,6,"0.140393,0.143722,0.185990,0.168028,0.165423,0.196445"
AGExPOLPARTY,AGExPOLPARTY :: 50-64 | Other,ROMRELDUR_W50,6,"0.142246,0.142246,0.186979,0.153805,0.161186,0.213537"
AGExPOLPARTY,AGExPOLPARTY :: 50-64 | Republican,ROMRELDUR_W50,6,"0.134565,0.134565,0.163590,0.157323,0.158557,0.251401"
AGExPOLPARTY,AGExPOLPARTY :: 65+ | Independent,ROMRELDUR_W50,6,"0.144906,0.143778,0.173430,0.160396,0.161654,0.215836"
AGExPOLPARTY,AGExPOLPARTY :: 18-29 | Independent,SOCIETY_GUNS_W92,5,"0.138251,0.166762,0.288140,0.227937,0.178910"
AGExPOLPARTY,AGExPOLPARTY :: 18-29 | Republican,SOCIETY_GUNS_W92,5,"0.190094,0.167757,0.197666,0.222242,0.222242"
AGExPOLPARTY,AGExPOLPARTY :: 50-64 | Democrat,SOCIETY_GUNS_W92,5,"0.148193,0.170569,0.238669,0.246245,0.196324"
AGExPOLPARTY,AGExPOLPARTY :: 50-64 | Other,SOCIETY_GUNS_W92,5,"0.134782,0.162578,0.323325,0.200757,0.178557"
AGExPOLPARTY,AGExPOLPARTY :: 65+ | Republican,SOCIETY_GUNS_W92,5,"0.212094,0.169096,0.160097,0.208806,0.249908"
AGExPOLPARTY,AGExPOLPARTY :: 18-29 | Independent,SOCIETY_RELG_W92,5,"0.128506,0.163721,0.377701,0.197486,0.132586"
AGExPOLPARTY,AGExPOLPARTY :: 30-49 | Other,SOCIETY_RELG_W92,5,"0.117725,0.155960,0.410900,0.188124,0.127291"
AGExPOLPARTY,AGExPOLPARTY :: 50-64 | Independent,SOCIETY_RELG_W92,5,"0.129541,0.167639,0.369028,0.202211,0.131581"
AGExPOLPARTY,AGExPOLPARTY :: 50-64 | Refused,SOCIETY_RELG_W92,5,"0.135067,0.168094,0.361458,0.190475,0.144906"
AGExPOLPARTY,AGExPOLPARTY :: 18-29 | Independent,SOCIETY_RHIST_W92,5,"0.244790,0.240995,0.195163,0.168241,0.150811"
AGExPOLPARTY,AGExPOLPARTY :: 30-49 | Other,SOCIETY_RHIST_W92,5,"0.210825,0.227957,0.258309,0.159139,0.143770"
AGExPOLPARTY,AGExPOLPARTY :: 50-64 | Democrat,SOCIETY_RHIST_W92,5,"0.246377,0.235095,0.181667,0.180254,0.156607"
AGExPOLPARTY,AGExPOLPARTY :: 50-64 | Refused,SOCIETY_RHIST_W92,5,"0.227231,0.232620,0.210154,0.168864,0.161131"
AGExPOLPARTY,AGExPOLPARTY :: 65+ | Republican,SOCIETY_RHIST_W92,5,"0.249652,0.199040,0.151422,0.192916,0.206969"
AGExPOLPARTY,AGExPOLPARTY :: 18-29 | Independent,SOCIETY_SSM_W92,5,"0.157759,0.225980,0.336595,0.157759,0.121907"
AGExPOLPARTY,AGExPOLPARTY :: 18-29 | Other,SOCIETY_SSM_W92,5,"0.130702,0.177258,0.408930,0.156430,0.126681"
AGExPOLPARTY,AGExPOLPARTY :: 30-49 | Other,SOCIETY_SSM_W92,5,"0.134952,0.193310,0.396647,0.154120,0.120970"
AGExPOLPARTY,AGExPOLPARTY :: 50-64 | Democrat,SOCIETY_SSM_W92,5,"0.173686,0.221282,0.300103,0.169663,0.135267"
AGExPOLPARTY,AGExPOLPARTY :: 50-64 | Independent,SOCIETY_SSM_W92,5,"0.157957,0.228038,0.331793,0.159196,0.123017"
AGExPOLPARTY,AGExPOLPARTY :: 50-64 | Refused,SOCIETY_SSM_W92,5,"0.162464,0.215229,0.328186,0.156240,0.137881"
AGExPOLPARTY,AGExPOLPARTY :: 65+ | Independent,SOCIETY_SSM_W92,5,"0.174654,0.227792,0.299427,0.157787,0.140339"
AGExPOLPARTY,AGExPOLPARTY :: 65+ | Republican,SOCIETY_SSM_W92,5,"0.216726,0.205192,0.230704,0.164877,0.182502"
AGExPOLPARTY,AGExPOLPARTY :: 18-29 | Independent,SOCIETY_TRANS_W92,5,"0.193974,0.252989,0.298094,0.145280,0.109663"
AGExPOLPARTY,AGExPOLPARTY :: 30-49 | Other,SOCIETY_TRANS_W92,5,"0.153285,0.235564,0.373502,0.136334,0.101315"
AGExPOLPARTY,AGExPOLPARTY :: 50-64 | Democrat,SOCIETY_TRANS_W92,5,"0.201465,0.264821,0.252694,0.156901,0.124119"
AGExPOLPARTY,AGExPOLPARTY :: 50-64 | Refused,SOCIETY_TRANS_W92,5,"0.181918,0.246718,0.307045,0.137319,0.126999"
AGExPOLPARTY,AGExPOLPARTY :: 65+ | Republican,SOCIETY_TRANS_W92,5,"0.223822,0.216936,0.229130,0.162477,0.167635"
AGExPOLPARTY,AGExPOLPARTY :: 18-29 | Independent,TALK_CPS_W29,6,"0.239521,0.213034,0.169846,0.114029,0.134359,0.129212"
AGExPOLPARTY,AGExPOLPARTY :: 18-29 | Other,TALK_CPS_W29,6,"0.227804,0.193335,0.176033,0.115445,0.145937,0.141447"
AGExPOLPARTY,AGExPOLPARTY :: 50-64 | Democrat,TALK_CPS_W29,6,"0.244477,0.197983,0.162856,0.118221,0.140391,0.136072"
AGExPOLPARTY,AGExPOLPARTY :: 50-64 | Independent,TALK_CPS_W29,6,"0.218237,0.218237,0.178120,0.119584,0.135507,0.130315"
AGExPOLPARTY,AGExPOLPARTY :: 65+ | Independent,TALK_CPS_W29,6,"0.227683,0.202506,0.160195,0.115384,0.141372,0.152859"
AGExPOLPARTY,AGExPOLPARTY :: 18-29 | Independent,USMILSIZ_W92,5,"0.167801,0.184293,0.344305,0.213784,0.089817"
AGExPOLPARTY,AGExPOLPARTY :: 30-49 | Other,USMILSIZ_W92,5,"0.172262,0.199827,0.324352,0.206171,0.097388"
AGExPOLPARTY,AGExPOLPARTY :: 50-64 | Refused,USMILSIZ_W92,5,"0.178811,0.197926,0.321265,0.191836,0.110162"
AGExPOLPARTY,AGExPOLPARTY :: 18-29 | Independent,WILLMOVE_W32,4,"0.316303,0.323804,0.235056,0.124837"
AGExPOLPARTY,AGExPOLPARTY :: 50-64 | Democrat,WILLMOVE_W32,4,"0.285093,0.330714,0.241955,0.142238"
AGExPOLPARTY,AGExPOLPARTY :: 50-64 | Independent,WILLMOVE_W32,4,"0.283421,0.331353,0.248172,0.137054"
AGExPOLPARTY,AGExPOLPARTY :: 18-29 | Other,E5MOD_W50,3,"0.300186,0.334881,0.364933"
AGExPOLPARTY,AGExPOLPARTY :: 65+ | Independent,E5MOD_W50,3,"0.334617,0.286213,0.379170"
AGExPOLPARTY,AGExPOLPARTY :: 18-29 | Other,E5_W36,3,"0.322255,0.298037,0.379709"
AGExPOLPARTY,AGExPOLPARTY :: 65+ | Independent,E5_W36,3,"0.351146,0.250953,0.397901"
AGExPOLPARTY,AGExPOLPARTY :: 18-29 | Other,FAMSURV1_W50,3,"0.375434,0.252054,0.372512"
AGExPOLPARTY,AGExPOLPARTY :: 65+ | Independent,FAMSURV1_W50,3,"0.397292,0.240970,0.361738"
AGExPOLPARTY,AGExPOLPARTY :: 18-29 | Other,FAMSURV30b_W50,3,"0.306361,0.306361,0.387277"
AGExPOLPARTY,AGExPOLPARTY :: 30-49 | Republican,FAMSURV30b_W50,3,"0.326184,0.321127,0.352689"
AGExPOLPARTY,AGExPOLPARTY :: 50-64 | Republican,FAMSURV30b_W50,3,"0.313723,0.313723,0.372555"
AGExPOLPARTY,AGExPOLPARTY :: 65+ | Independent,FAMSURV30b_W50,3,"0.303977,0.323582,0.372441"
AGExPOLPARTY,AGExPOLPARTY :: 18-29 | Other,FREECOLL_W92,4,"0.305479,0.315176,0.213259,0.166086"
AGExPOLPARTY,AGExPOLPARTY :: 30-49 | Other,FREECOLL_W92,4,"0.282342,0.319935,0.230441,0.167282"
AGExPOLPARTY,AGExPOLPARTY :: 50-64 | Democrat,FREECOLL_W92,4,"0.326149,0.321092,0.188761,0.163998"
AGExPOLPARTY,AGExPOLPARTY :: 50-64 | Refused,FREECOLL_W92,4,"0.286555,0.314719,0.217999,0.180728"
AGExPOLPARTY,AGExPOLPARTY :: 65+ | Independent,FREECOLL_W92,4,"0.284228,0.297868,0.217925,0.199979"
AGExPOLPARTY,AGExPOLPARTY :: 65+ | Republican,FREECOLL_W92,4,"0.304298,0.285862,0.188943,0.220897"
AGExPOLPARTY,AGExPOLPARTY :: 18-29 | Other,GUNCONTRIBC_W26,4,"0.253752,0.203895,0.270117,0.272236"
AGExPOLPARTY,AGExPOLPARTY :: 30-49 | Republican,GUNCONTRIBC_W26,4,"0.305195,0.209757,0.234001,0.251047"
AGExPOLPARTY,AGExPOLPARTY :: 50-64 | Republican,GUNCONTRIBC_W26,4,"0.297577,0.193637,0.233571,0.275214"
AGExPOLPARTY,AGExPOLPARTY :: 65+ | Independent,GUNCONTRIBC_W26,4,"0.261752,0.200692,0.247822,0.289733"
AGExPOLPARTY,AGExPOLPARTY :: 18-29 | Other,WORRY2a_W54,5,"0.239532,0.178005,0.256981,0.165919,0.159563"
AGExPOLPARTY,AGExPOLPARTY :: 65+ | Independent,WORRY2a_W54,5,"0.241318,0.177936,0.235727,0.176552,0.168467"
AGExPOLPARTY,AGExPOLPARTY :: 18-29 | Other,WORRY2c_W54,5,"0.246167,0.175928,0.252005,0.171852,0.154048"
AGExPOLPARTY,AGExPOLPARTY :: 65+ | Independent,WORRY2c_W54,5,"0.242864,0.176301,0.231743,0.184762,0.164330"
AGExPOLPARTY,AGExPOLPARTY :: 18-29 | Other,WORRY2e_W54,5,"0.224441,0.160400,0.270727,0.178940,0.165492"
AGExPOLPARTY,AGExPOLPARTY :: 65+ | Independent,WORRY2e_W54,5,"0.235068,0.160302,0.242530,0.187412,0.174688"
AGExPOLPARTY,AGExPOLPARTY :: 18-29 | Republican,CAREREL_W27,5,"0.382920,0.148787,0.077795,0.082812,0.307685"
AGExPOLPARTY,AGExPOLPARTY :: 50-64 | Other,CAREREL_W27,5,"0.353367,0.170877,0.117442,0.085254,0.273061"
AGExPOLPARTY,AGExPOLPARTY :: 18-29 | Republican,CONCERNGOV_W49,4,"0.497985,0.248454,0.148359,0.105202"
AGExPOLPARTY,AGExPOLPARTY :: 50-64 | Other,CONCERNGOV_W49,4,"0.399532,0.294597,0.204061,0.101810"
AGExPOLPARTY,AGExPOLPARTY :: 18-29 | Republican,DATAUSEe_W49,2,"0.724870,0.275130"
AGExPOLPARTY,AGExPOLPARTY :: 50-64 | Other,DATAUSEe_W49,2,"0.660172,0.339828"
AGExPOLPARTY,AGExPOLPARTY :: 18-29 | Republican,FAMSURV23d_W50,3,"0.419357,0.314084,0.266559"
AGExPOLPARTY,AGExPOLPARTY :: 50-64 | Other,FAMSURV23d_W50,3,"0.311720,0.326679,0.361601"
AGExPOLPARTY,AGExPOLPARTY :: 18-29 | Republican,FAMSURV29_W50,4,"0.273154,0.262690,0.221207,0.242949"
AGExPOLPARTY,AGExPOLPARTY :: 30-49 | Refused,FAMSURV29_W50,4,"0.209075,0.268457,0.258173,0.264295"
AGExPOLPARTY,AGExPOLPARTY :: 30-49 | Republican,FAMSURV29_W50,4,"0.257749,0.276524,0.231044,0.234683"
AGExPOLPARTY,AGExPOLPARTY :: 50-64 | Democrat,FAMSURV29_W50,4,"0.238230,0.272068,0.247720,0.241982"
AGExPOLPARTY,AGExPOLPARTY :: 50-64 | Other,FAMSURV29_W50,4,"0.194013,0.267265,0.269361,0.269361"
AGExPOLPARTY,AGExPOLPARTY :: 50-64 | Republican,FAMSURV29_W50,4,"0.253038,0.263118,0.226822,0.257023"
AGExPOLPARTY,AGExPOLPARTY :: 18-29 | Republican,FAMSURV30e_W50,3,"0.342841,0.297865,0.359294"
AGExPOLPARTY,AGExPOLPARTY :: 50-64 | Other,FAMSURV30e_W50,3,"0.286397,0.300141,0.413462"
AGExPOLPARTY,AGExPOLPARTY :: 18-29 | Republican,INEQ5_k_W54,4,"0.484771,0.223685,0.153736,0.137808"
AGExPOLPARTY,AGExPOLPARTY :: 50-64 | Other,INEQ5_k_W54,4,"0.413334,0.254648,0.196776,0.135242"
AGExPOLPARTY,AGExPOLPARTY :: 18-29 | Republican,INEQ8_a_W54,4,"0.556423,0.304895,0.093717,0.044966"
AGExPOLPARTY,AGExPOLPARTY :: 50-64 | Other,INEQ8_a_W54,4,"0.430024,0.364957,0.148612,0.056407"
AGExPOLPARTY,AGExPOLPARTY :: 18-29 | Republican,RACESURV13_W43,4,"0.337025,0.260433,0.198127,0.204416"
AGExPOLPARTY,AGExPOLPARTY :: 30-49 | Refused,RACESURV13_W43,4,"0.293193,0.277589,0.221313,0.207905"
AGExPOLPARTY,AGExPOLPARTY :: 50-64 | Other,RACESURV13_W43,4,"0.268767,0.281665,0.254464,0.195104"
AGExPOLPARTY,AGExPOLPARTY :: 50-64 | Refused,RACESURV13_W43,4,"0.284631,0.273727,0.223409,0.218234"
AGExPOLPARTY,AGExPOLPARTY :: 18-29 | Republican,RACESURV14_W43,4,"0.126404,0.069264,0.104793,0.699539"
AGExPOLPARTY,AGExPOLPARTY :: 50-64 | Democrat,RACESURV14_W43,4,"0.147366,0.123129,0.181973,0.547532"
AGExPOLPARTY,AGExPOLPARTY :: 50-64 | Other,RACESURV14_W43,4,"0.135798,0.112581,0.218707,0.532913"
AGExPOLPARTY,AGExPOLPARTY :: 65+ | Republican,RACESURV14_W43,4,"0.116604,0.064900,0.092965,0.725532"
AGExPOLPARTY,AGExPOLPARTY :: 18-29 | Republican,ROMRELSER_W50,4,"0.451226,0.257101,0.173963,0.117709"
AGExPOLPARTY,AGExPOLPARTY :: 30-49 | Refused,ROMRELSER_W50,4,"0.356196,0.295297,0.214363,0.134145"
AGExPOLPARTY,AGExPOLPARTY :: 50-64 | Other,ROMRELSER_W50,4,"0.341702,0.294565,0.233020,0.130713"
AGExPOLPARTY,AGExPOLPARTY :: 30-49 | Other,RACESURV47c_W43,4,"0.118264,0.149499,0.299647,0.432590"
AGExPOLPARTY,AGExPOLPARTY :: 30-49 | Refused,RACESURV47c_W43,4,"0.132151,0.159405,0.250779,0.457664"
AGExPOLPARTY,AGExPOLPARTY :: 50-64 | Refused,RACESURV47c_W43,4,"0.124913,0.138267,0.238903,0.497917"
AGExPOLPARTY,AGExPOLPARTY :: 30-49 | Other,RACESURV5h_W43,5,"0.233326,0.199574,0.193434,0.157876,0.215791"
AGExPOLPARTY,AGExPOLPARTY :: 30-49 | Refused,RACESURV5h_W43,5,"0.249546,0.198955,0.182572,0.163656,0.205271"
AGExPOLPARTY,AGExPOLPARTY :: 50-64 | Refused,RACESURV5h_W43,5,"0.247108,0.198557,0.177985,0.163329,0.213021"
AGExPOLPARTY,AGExPOLPARTY :: 30-49 | Other,USEXCEPT_W92,3,"0.291270,0.340529,0.368200"
AGExPOLPARTY,AGExPOLPARTY :: 50-64 | Refused,USEXCEPT_W92,3,"0.302848,0.348576,0.348576"
AGExPOLPARTY,AGExPOLPARTY :: 30-49 | Refused,CONFd_F1_W42,4,"0.342261,0.353126,0.193497,0.111116"
AGExPOLPARTY,AGExPOLPARTY :: 50-64 | Democrat,CONFd_F1_W42,4,"0.356893,0.359692,0.186606,0.096810"
AGExPOLPARTY,AGExPOLPARTY :: 30-49 | Refused,ECON3_d_W54,4,"0.336610,0.285678,0.225990,0.151722"
AGExPOLPARTY,AGExPOLPARTY :: 50-64 | Democrat,ECON3_d_W54,4,"0.360279,0.269836,0.218520,0.151365"
AGExPOLPARTY,AGExPOLPARTY :: 30-49 | Refused,ECON4_d_W54,4,"0.361438,0.268598,0.210825,0.159139"
AGExPOLPARTY,AGExPOLPARTY :: 50-64 | Democrat,ECON4_d_W54,4,"0.383382,0.255388,0.198896,0.162334"
AGExPOLPARTY,AGExPOLPARTY :: 30-49 | Refused,FAMSURV23b_W50,3,"0.434966,0.313295,0.251739"
AGExPOLPARTY,AGExPOLPARTY :: 50-64 | Democrat,FAMSURV23b_W50,3,"0.466597,0.306002,0.227401"
AGExPOLPARTY,AGExPOLPARTY :: 50-64 | Other,FAMSURV23b_W50,3,"0.406764,0.307042,0.286194"
AGExPOLPARTY,AGExPOLPARTY :: 30-49 | Refused,FAMSURV23f_W50,3,"0.380505,0.325463,0.294032"
AGExPOLPARTY,AGExPOLPARTY :: 50-64 | Democrat,FAMSURV23f_W50,3,"0.392983,0.328350,0.278667"
AGExPOLPARTY,AGExPOLPARTY :: 50-64 | Other,FAMSURV23f_W50,3,"0.347336,0.321233,0.331430"
AGExPOLPARTY,AGExPOLPARTY :: 30-49 | Refused,FAMSURV27b_W50,4,"0.213688,0.261816,0.289804,0.234691"
AGExPOLPARTY,AGExPOLPARTY :: 30-49 | Republican,FAMSURV27b_W50,4,"0.217761,0.254589,0.288487,0.239164"
AGExPOLPARTY,AGExPOLPARTY :: 50-64 | Democrat,FAMSURV27b_W50,4,"0.207739,0.254527,0.292958,0.244776"
AGExPOLPARTY,AGExPOLPARTY :: 50-64 | Republican,FAMSURV27b_W50,4,"0.209473,0.239226,0.288562,0.262739"
AGExPOLPARTY,AGExPOLPARTY :: 30-49 | Refused,FAMSURV27d_W50,4,"0.204643,0.264828,0.293138,0.237390"
AGExPOLPARTY,AGExPOLPARTY :: 30-49 | Republican,FAMSURV27d_W50,4,"0.210011,0.261363,0.296164,0.232461"
AGExPOLPARTY,AGExPOLPARTY :: 50-64 | Democrat,FAMSURV27d_W50,4,"0.202624,0.258149,0.294816,0.244411"
AGExPOLPARTY,AGExPOLPARTY :: 50-64 | Republican,FAMSURV27d_W50,4,"0.201364,0.244797,0.295281,0.258557"
AGExPOLPARTY,AGExPOLPARTY :: 30-49 | Refused,FAMSURV30f_W50,3,"0.287529,0.287529,0.424941"
AGExPOLPARTY,AGExPOLPARTY :: 30-49 | Republican,FAMSURV30f_W50,3,"0.290424,0.283697,0.425879"
AGExPOLPARTY,AGExPOLPARTY :: 50-64 | Other,FAMSURV30f_W50,3,"0.257492,0.276249,0.466259"
AGExPOLPARTY,AGExPOLPARTY :: 50-64 | Republican,FAMSURV30f_W50,3,"0.280108,0.275765,0.444127"
AGExPOLPARTY,AGExPOLPARTY :: 30-49 | Refused,INEQ4_e_W54,4,"0.452014,0.265726,0.142233,0.140028"
AGExPOLPARTY,AGExPOLPARTY :: 50-64 | Democrat,INEQ4_e_W54,4,"0.541152,0.257627,0.122649,0.078572"
AGExPOLPARTY,AGExPOLPARTY :: 50-64 | Other,INEQ4_e_W54,4,"0.472291,0.288706,0.150953,0.088050"
AGExPOLPARTY,AGExPOLPARTY :: 30-49 | Refused,INEQ5_l_W54,4,"0.307544,0.247118,0.233967,0.211371"
AGExPOLPARTY,AGExPOLPARTY :: 50-64 | Democrat,INEQ5_l_W54,4,"0.300723,0.236040,0.239758,0.223479"
AGExPOLPARTY,AGExPOLPARTY :: 30-49 | Refused,INEQ8_i_W54,4,"0.365105,0.329845,0.195426,0.109624"
AGExPOLPARTY,AGExPOLPARTY :: 50-64 | Other,INEQ8_i_W54,4,"0.343389,0.332824,0.214887,0.108900"
AGExPOLPARTY,AGExPOLPARTY :: 30-49 | Refused,POP2_W42,4,"0.227243,0.274108,0.305790,0.192859"
AGExPOLPARTY,AGExPOLPARTY :: 50-64 | Other,POP2_W42,4,"0.196479,0.246440,0.387705,0.169376"
AGExPOLPARTY,AGExPOLPARTY :: 30-49 | Refused,RACESURV11_W43,3,"0.281015,0.352472,0.366513"
AGExPOLPARTY,AGExPOLPARTY :: 50-64 | Refused,RACESURV11_W43,3,"0.268418,0.350083,0.381499"
AGExPOLPARTY,AGExPOLPARTY :: 30-49 | Refused,RACESURV17_W43,4,"0.423849,0.226870,0.172594,0.176687"
AGExPOLPARTY,AGExPOLPARTY :: 50-64 | Democrat,RACESURV17_W43,4,"0.479046,0.201262,0.161719,0.157973"
AGExPOLPARTY,AGExPOLPARTY :: 50-64 | Refused,RACESURV17_W43,4,"0.428605,0.218910,0.165242,0.187244"
AGExPOLPARTY,AGExPOLPARTY :: 30-49 | Refused,RACESURV19d_W43,3,"0.405853,0.306354,0.287793"
AGExPOLPARTY,AGExPOLPARTY :: 50-64 | Refused,RACESURV19d_W43,3,"0.385396,0.312103,0.302501"
AGExPOLPARTY,AGExPOLPARTY :: 30-49 | Refused,RACESURV29a_W43,4,"0.284906,0.315362,0.239915,0.159818"
AGExPOLPARTY,AGExPOLPARTY :: 50-64 | Democrat,RACESURV29a_W43,4,"0.294241,0.320646,0.243935,0.141178"
AGExPOLPARTY,AGExPOLPARTY :: 50-64 | Other,RACESURV29a_W43,4,"0.266923,0.324496,0.269017,0.139564"
AGExPOLPARTY,AGExPOLPARTY :: 50-64 | Refused,RACESURV29a_W43,4,"0.276602,0.313431,0.242200,0.167767"
AGExPOLPARTY,AGExPOLPARTY :: 30-49 | Refused,RACESURV29b_W43,4,"0.242567,0.328970,0.264334,0.164129"
AGExPOLPARTY,AGExPOLPARTY :: 50-64 | Democrat,RACESURV29b_W43,4,"0.235132,0.329009,0.279227,0.156632"
AGExPOLPARTY,AGExPOLPARTY :: 50-64 | Other,RACESURV29b_W43,4,"0.224784,0.332209,0.300126,0.142881"
AGExPOLPARTY,AGExPOLPARTY :: 50-64 | Refused,RACESURV29b_W43,4,"0.235596,0.319516,0.271170,0.173718"
AGExPOLPARTY,AGExPOLPARTY :: 30-49 | Refused,RACESURV34d_W43,5,"0.262479,0.212562,0.181814,0.165543,0.177602"
AGExPOLPARTY,AGExPOLPARTY :: 50-64 | Refused,RACESURV34d_W43,5,"0.257538,0.213506,0.174259,0.166279,0.188419"
AGExPOLPARTY,AGExPOLPARTY :: 30-49 | Refused,RACESURV34e_W43,5,"0.239481,0.203245,0.187971,0.173845,0.195459"
AGExPOLPARTY,AGExPOLPARTY :: 50-64 | Refused,RACESURV34e_W43,5,"0.233004,0.204025,0.181464,0.175881,0.205626"
AGExPOLPARTY,AGExPOLPARTY :: 30-49 | Refused,RACESURV44_W43,4,"0.255341,0.269694,0.251382,0.223584"
AGExPOLPARTY,AGExPOLPARTY :: 50-64 | Refused,RACESURV44_W43,4,"0.256003,0.262073,0.256003,0.225921"
AGExPOLPARTY,AGExPOLPARTY :: 30-49 | Refused,RACESURV47e_W43,4,"0.219452,0.321805,0.252587,0.206156"
AGExPOLPARTY,AGExPOLPARTY :: 50-64 | Refused,RACESURV47e_W43,4,"0.214443,0.314460,0.256655,0.214443"
AGExPOLPARTY,AGExPOLPARTY :: 30-49 | Refused,RACESURV5f_W43,5,"0.204279,0.194924,0.160340,0.176100,0.264357"
AGExPOLPARTY,AGExPOLPARTY :: 50-64 | Refused,RACESURV5f_W43,5,"0.201196,0.191983,0.154263,0.177555,0.275003"
AGExPOLPARTY,AGExPOLPARTY :: 30-49 | Refused,RACESURV5j_W43,5,"0.207499,0.201115,0.186001,0.202692,0.202692"
AGExPOLPARTY,AGExPOLPARTY :: 50-64 | Refused,RACESURV5j_W43,5,"0.203126,0.203126,0.177863,0.207943,0.207943"
AGExPOLPARTY,AGExPOLPARTY :: 30-49 | Refused,RQ4_F1Ab_W42,4,"0.390172,0.249954,0.194664,0.165209"
AGExPOLPARTY,AGExPOLPARTY :: 50-64 | Other,RQ4_F1Ab_W42,4,"0.354404,0.261321,0.245488,0.138787"
AGExPOLPARTY,AGExPOLPARTY :: 30-49 | Refused,RQ4_F1Ac_W42,4,"0.324278,0.290680,0.219417,0.165625"
AGExPOLPARTY,AGExPOLPARTY :: 50-64 | Other,RQ4_F1Ac_W42,4,"0.303314,0.289424,0.259438,0.147823"
AGExPOLPARTY,AGExPOLPARTY :: 30-49 | Refused,RQ8_F1B_W42,4,"0.265734,0.249634,0.229077,0.255554"
AGExPOLPARTY,AGExPOLPARTY :: 50-64 | Democrat,RQ8_F1B_W42,4,"0.267793,0.249610,0.253541,0.229055"
AGExPOLPARTY,AGExPOLPARTY :: 50-64 | Other,RQ8_F1B_W42,4,"0.249256,0.251211,0.284660,0.214872"
AGExPOLPARTY,AGExPOLPARTY :: 30-49 | Republican,EVOTHREE_W34,2,"0.752013,0.247987"
AGExPOLPARTY,AGExPOLPARTY :: 50-64 | Republican,EVOTHREE_W34,2,"0.737158,0.262842"
AGExPOLPARTY,AGExPOLPARTY :: 30-49 | Republican,FAMSURV30a_W50,3,"0.313572,0.311132,0.375296"
AGExPOLPARTY,AGExPOLPARTY :: 50-64 | Republican,FAMSURV30a_W50,3,"0.297261,0.299593,0.403146"
AGExPOLPARTY,AGExPOLPARTY :: 30-49 | Republican,GOVPRIOfF1_W41,4,"0.386398,0.308063,0.183953,0.121586"
AGExPOLPARTY,AGExPOLPARTY :: 50-64 | Republican,GOVPRIOfF1_W41,4,"0.371421,0.307918,0.188227,0.132434"
AGExPOLPARTY,AGExPOLPARTY :: 30-49 | Republican,GOVPRIOhF1_W41,4,"0.329390,0.221142,0.231755,0.217713"
AGExPOLPARTY,AGExPOLPARTY :: 50-64 | Republican,GOVPRIOhF1_W41,4,"0.318524,0.217215,0.231224,0.233037"
AGExPOLPARTY,AGExPOLPARTY :: 30-49 | Republican,GUNLOCKED2_W26,2,"0.571767,0.428233"
AGExPOLPARTY,AGExPOLPARTY :: 50-64 | Republican,GUNLOCKED2_W26,2,"0.571767,0.428233"
AGExPOLPARTY,AGExPOLPARTY :: 30-49 | Republican,ROBJOB8F_W27,4,"0.295699,0.254908,0.241342,0.208050"
AGExPOLPARTY,AGExPOLPARTY :: 50-64 | Republican,ROBJOB8F_W27,4,"0.284901,0.251425,0.241793,0.221881"
AGExPOLPARTY,AGExPOLPARTY :: 30-49 | Republican,WHYNOTBIZF2A_W36,3,"0.513216,0.240540,0.246244"
AGExPOLPARTY,AGExPOLPARTY :: 50-64 | Republican,WHYNOTBIZF2A_W36,3,"0.494408,0.240955,0.264637"
AGExPOLPARTY,AGExPOLPARTY :: 50-64 | Democrat,GAP21Q24_W82,4,"0.395861,0.335963,0.162461,0.105715"
AGExPOLPARTY,AGExPOLPARTY :: 65+ | Republican,GAP21Q24_W82,4,"0.403837,0.293155,0.149729,0.153279"
AGExPOLPARTY,AGExPOLPARTY :: 50-64 | Democrat,GAP21Q32_W82,4,"0.331281,0.294647,0.225914,0.148158"
AGExPOLPARTY,AGExPOLPARTY :: 65+ | Republican,GAP21Q32_W82,4,"0.339269,0.266296,0.215653,0.178782"
AGExPOLPARTY,AGExPOLPARTY :: 50-64 | Democrat,GAP21Q34_e_W82,4,"0.278193,0.338197,0.220069,0.163541"
AGExPOLPARTY,AGExPOLPARTY :: 65+ | Republican,GAP21Q34_e_W82,4,"0.308916,0.299411,0.176015,0.215658"
AGExPOLPARTY,AGExPOLPARTY :: 50-64 | Democrat,GAP21Q38_c_W82,4,"0.296844,0.232995,0.224069,0.246092"
AGExPOLPARTY,AGExPOLPARTY :: 65+ | Republican,GAP21Q38_c_W82,4,"0.323049,0.189911,0.192901,0.294139"
AGExPOLPARTY,AGExPOLPARTY :: 50-64 | Democrat,INEQ8_d_W54,4,"0.455609,0.328163,0.152610,0.063617"
AGExPOLPARTY,AGExPOLPARTY :: 65+ | Republican,INEQ8_d_W54,4,"0.505317,0.292455,0.119089,0.083138"
AGExPOLPARTY,AGExPOLPARTY :: 50-64 | Democrat,REPRSNTREP_W92,4,"0.171950,0.180203,0.334043,0.313804"
AGExPOLPARTY,AGExPOLPARTY :: 65+ | Republican,REPRSNTREP_W92,4,"0.267611,0.157320,0.271825,0.303243"
AGExPOLPARTY,AGExPOLPARTY :: 50-64 | Democrat,WHADVANT_W92,4,"0.387313,0.213895,0.196281,0.202511"
AGExPOLPARTY,AGExPOLPARTY :: 65+ | Republican,WHADVANT_W92,4,"0.442568,0.185937,0.143681,0.227814"
RELIGxPOLPARTY,RELIGxPOLPARTY :: Agnostic | Other,CARS3A_W27,4,"0.364526,0.314241,0.215975,0.105258"
RELIGxPOLPARTY,RELIGxPOLPARTY :: Protestant | Independent,CARS3A_W27,4,"0.386461,0.322901,0.189823,0.100814"
RELIGxPOLPARTY,RELIGxPOLPARTY :: Agnostic | Other,COMMIMPH_W32,4,"0.272783,0.224385,0.323937,0.178895"
RELIGxPOLPARTY,RELIGxPOLPARTY :: Atheist | Independent,COMMIMPH_W32,4,"0.259377,0.261411,0.310433,0.168780"
RELIGxPOLPARTY,RELIGxPOLPARTY :: Protestant | Independent,COMMIMPH_W32,4,"0.256859,0.248956,0.300298,0.193887"
RELIGxPOLPARTY,RELIGxPOLPARTY :: Protestant | Other,COMMIMPH_W32,4,"0.264677,0.252557,0.302271,0.180494"
RELIGxPOLPARTY,RELIGxPOLPARTY :: Agnostic | Other,COMMYRS_W32,5,"0.154317,0.160464,0.207656,0.210926,0.266636"
RELIGxPOLPARTY,RELIGxPOLPARTY :: Protestant | Independent,COMMYRS_W32,5,"0.134242,0.160667,0.155723,0.224813,0.324555"
RELIGxPOLPARTY,RELIGxPOLPARTY :: Agnostic | Other,FAMSURV25_W50,4,"0.294226,0.259653,0.257633,0.188488"
RELIGxPOLPARTY,RELIGxPOLPARTY :: Agnostic | Republican,FAMSURV25_W50,4,"0.327666,0.232350,0.221710,0.218273"
RELIGxPOLPARTY,RELIGxPOLPARTY :: Buddhist | Democrat,FAMSURV25_W50,4,"0.313839,0.268440,0.233225,0.184496"
RELIGxPOLPARTY,RELIGxPOLPARTY :: Mormon | Republican,FAMSURV25_W50,4,"0.323784,0.254141,0.233213,0.188862"
RELIGxPOLPARTY,RELIGxPOLPARTY :: Nothing in particular | Other,FAMSURV25_W50,4,"0.259355,0.296193,0.267588,0.176865"
RELIGxPOLPARTY,RELIGxPOLPARTY :: Other | Democrat,FAMSURV25_W50,4,"0.299563,0.272755,0.229683,0.197999"
RELIGxPOLPARTY,RELIGxPOLPARTY :: Other | Independent,FAMSURV25_W50,4,"0.293283,0.282048,0.233826,0.190843"
RELIGxPOLPARTY,RELIGxPOLPARTY :: Protestant | Independent,FAMSURV25_W50,4,"0.316727,0.273036,0.221111,0.189126"
RELIGxPOLPARTY,RELIGxPOLPARTY :: Roman Catholic | Democrat,FAMSURV25_W50,4,"0.352232,0.263810,0.205455,0.178503"
RELIGxPOLPARTY,RELIGxPOLPARTY :: Roman Catholic | Independent,FAMSURV25_W50,4,"0.334692,0.275310,0.209445,0.180553"
RELIGxPOLPARTY,RELIGxPOLPARTY :: Agnostic | Other,FAMSURV30a_W50,3,"0.303471,0.278480,0.418049"
RELIGxPOLPARTY,RELIGxPOLPARTY :: Protestant | Independent,FAMSURV30a_W50,3,"0.286808,0.314997,0.398194"
RELIGxPOLPARTY,RELIGxPOLPARTY :: Agnostic | Other,FAMSURV6_W50,4,"0.358632,0.264438,0.229748,0.147182"
RELIGxPOLPARTY,RELIGxPOLPARTY :: Atheist | Independent,FAMSURV6_W50,4,"0.378766,0.297297,0.184596,0.139340"
RELIGxPOLPARTY,RELIGxPOLPARTY :: Atheist | Other,FAMSURV6_W50,4,"0.333116,0.287164,0.230742,0.148978"
RELIGxPOLPARTY,RELIGxPOLPARTY :: Nothing in particular | Democrat,FAMSURV6_W50,4,"0.343214,0.295869,0.209802,0.151115"
RELIGxPOLPARTY,RELIGxPOLPARTY :: Protestant | Independent,FAMSURV6_W50,4,"0.323154,0.291945,0.211929,0.172972"
RELIGxPOLPARTY,RELIGxPOLPARTY :: Protestant | Other,FAMSURV6_W50,4,"0.294388,0.274400,0.249844,0.181367"
RELIGxPOLPARTY,RELIGxPOLPARTY :: Protestant | Refused,FAMSURV6_W50,4,"0.285809,0.260232,0.227866,0.226093"
RELIGxPOLPARTY,RELIGxPOLPARTY :: Agnostic | Other,FREECOLL_W92,4,"0.359151,0.297746,0.204638,0.138465"
RELIGxPOLPARTY,RELIGxPOLPARTY :: Agnostic | Republican,FREECOLL_W92,4,"0.418358,0.283075,0.155112,0.143455"
RELIGxPOLPARTY,RELIGxPOLPARTY :: Atheist | Other,FREECOLL_W92,4,"0.336125,0.325784,0.202284,0.135807"
RELIGxPOLPARTY,RELIGxPOLPARTY :: Mormon | Republican,FREECOLL_W92,4,"0.396103,0.298994,0.162560,0.142343"
RELIGxPOLPARTY,RELIGxPOLPARTY :: Nothing in particular | Democrat,FREECOLL_W92,4,"0.348135,0.327043,0.186343,0.138479"
RELIGxPOLPARTY,RELIGxPOLPARTY :: Other | Independent,FREECOLL_W92,4,"0.332940,0.327778,0.192691,0.146591"
RELIGxPOLPARTY,RELIGxPOLPARTY :: Protestant | Independent,FREECOLL_W92,4,"0.336274,0.311003,0.190112,0.162611"
RELIGxPOLPARTY,RELIGxPOLPARTY :: Agnostic | Other,GAYMARR2_W32,4,"0.264534,0.264534,0.290534,0.180397"
RELIGxPOLPARTY,RELIGxPOLPARTY :: Atheist | Independent,GAYMARR2_W32,4,"0.241374,0.314811,0.263034,0.180781"
RELIGxPOLPARTY,RELIGxPOLPARTY :: Atheist | Other,GAYMARR2_W32,4,"0.212881,0.290974,0.309740,0.186405"
RELIGxPOLPARTY,RELIGxPOLPARTY :: Mormon | Republican,GAYMARR2_W32,4,"0.283927,0.254511,0.250565,0.210997"
RELIGxPOLPARTY,RELIGxPOLPARTY :: Nothing in particular | Democrat,GAYMARR2_W32,4,"0.278307,0.303282,0.245605,0.172805"
RELIGxPOLPARTY,RELIGxPOLPARTY :: Protestant | Independent,GAYMARR2_W32,4,"0.238456,0.280969,0.276613,0.203962"
RELIGxPOLPARTY,RELIGxPOLPARTY :: Protestant | Other,GAYMARR2_W32,4,"0.225573,0.267875,0.305923,0.200629"
RELIGxPOLPARTY,RELIGxPOLPARTY :: Agnostic | Other,GODMORALIMP_W92,4,"0.268494,0.347457,0.242564,0.141486"
RELIGxPOLPARTY,RELIGxPOLPARTY :: Atheist | Independent,GODMORALIMP_W92,4,"0.296941,0.381280,0.207298,0.114481"
RELIGxPOLPARTY,RELIGxPOLPARTY :: Atheist | Other,GODMORALIMP_W92,4,"0.267198,0.362374,0.245195,0.125233"
RELIGxPOLPARTY,RELIGxPOLPARTY :: Mormon | Republican,GODMORALIMP_W92,4,"0.341529,0.306144,0.200774,0.151552"
RELIGxPOLPARTY,RELIGxPOLPARTY :: Nothing in particular | Democrat,GODMORALIMP_W92,4,"0.251302,0.389224,0.221773,0.137702"
RELIGxPOLPARTY,RELIGxPOLPARTY :: Other | Democrat,GODMORALIMP_W92,4,"0.264635,0.367409,0.215989,0.151967"
RELIGxPOLPARTY,RELIGxPOLPARTY :: Protestant | Independent,GODMORALIMP_W92,4,"0.294534,0.355276,0.212145,0.138045"
RELIGxPOLPARTY,RELIGxPOLPARTY :: Protestant | Other,GODMORALIMP_W92,4,"0.277210,0.337002,0.240845,0.144943"
RELIGxPOLPARTY,RELIGxPOLPARTY :: Protestant | Refused,GODMORALIMP_W92,4,"0.301714,0.311291,0.202561,0.184434"
RELIGxPOLPARTY,RELIGxPOLPARTY :: Roman Catholic | Democrat,GODMORALIMP_W92,4,"0.278082,0.374201,0.203449,0.144267"
RELIGxPOLPARTY,RELIGxPOLPARTY :: Agnostic | Other,GUNCONTRIBE_W26,4,"0.244216,0.156450,0.283295,0.316039"
RELIGxPOLPARTY,RELIGxPOLPARTY :: Atheist | Independent,GUNCONTRIBE_W26,4,"0.245712,0.185473,0.267762,0.301053"
RELIGxPOLPARTY,RELIGxPOLPARTY :: Mormon | Republican,GUNCONTRIBE_W26,4,"0.273662,0.154714,0.249172,0.322452"
RELIGxPOLPARTY,RELIGxPOLPARTY :: Protestant | Independent,GUNCONTRIBE_W26,4,"0.236617,0.181421,0.266036,0.315926"
RELIGxPOLPARTY,RELIGxPOLPARTY :: Protestant | Other,GUNCONTRIBE_W26,4,"0.244110,0.182830,0.283172,0.289888"
RELIGxPOLPARTY,RELIGxPOLPARTY :: Roman Catholic | Independent,GUNCONTRIBE_W26,4,"0.236009,0.171324,0.249275,0.343391"
RELIGxPOLPARTY,RELIGxPOLPARTY :: Agnostic | Other,INEQ5_l_W54,4,"0.312252,0.214607,0.256851,0.216290"
RELIGxPOLPARTY,RELIGxPOLPARTY :: Atheist | Independent,INEQ5_l_W54,4,"0.324613,0.233810,0.231991,0.209586"
RELIGxPOLPARTY,RELIGxPOLPARTY :: Protestant | Independent,INEQ5_l_W54,4,"0.313493,0.232968,0.232968,0.220570"
RELIGxPOLPARTY,RELIGxPOLPARTY :: Protestant | Other,INEQ5_l_W54,4,"0.297670,0.228231,0.254611,0.219488"
RELIGxPOLPARTY,RELIGxPOLPARTY :: Agnostic | Other,LOCALELECT_W29,4,"0.310878,0.283058,0.238358,0.167706"
RELIGxPOLPARTY,RELIGxPOLPARTY :: Protestant | Independent,LOCALELECT_W29,4,"0.353597,0.295441,0.195275,0.155687"
RELIGxPOLPARTY,RELIGxPOLPARTY :: Agnostic | Other,RACESURV47a_W43,4,"0.136438,0.179345,0.324751,0.359466"
RELIGxPOLPARTY,RELIGxPOLPARTY :: Nothing in particular | Democrat,RACESURV47a_W43,4,"0.166289,0.255548,0.269913,0.308250"
RELIGxPOLPARTY,RELIGxPOLPARTY :: Protestant | Independent,RACESURV47a_W43,4,"0.139522,0.224704,0.271044,0.364730"
RELIGxPOLPARTY,RELIGxPOLPARTY :: Protestant | Refused,RACESURV47a_W43,4,"0.151248,0.205123,0.251322,0.392308"
RELIGxPOLPARTY,RELIGxPOLPARTY :: Agnostic | Other,ROBJOB3A_W27,4,"0.290259,0.254159,0.262227,0.193354"
RELIGxPOLPARTY,RELIGxPOLPARTY :: Protestant | Independent,ROBJOB3A_W27,4,"0.279782,0.262831,0.241187,0.216199"
RELIGxPOLPARTY,RELIGxPOLPARTY :: Agnostic | Other,ROMRELDUR_W50,6,"0.200713,0.141220,0.194538,0.143443,0.145702,0.174383"
RELIGxPOLPARTY,RELIGxPOLPARTY :: Agnostic | Republican,ROMRELDUR_W50,6,"0.209779,0.137576,0.167250,0.137576,0.152283,0.195535"
RELIGxPOLPARTY,RELIGxPOLPARTY :: Atheist | Independent,ROMRELDUR_W50,6,"0.186492,0.157042,0.185041,0.146380,0.149851,0.175193"
RELIGxPOLPARTY,RELIGxPOLPARTY :: Atheist | Other,ROMRELDUR_W50,6,"0.174833,0.153089,0.196570,0.149543,0.148379,0.177586"
RELIGxPOLPARTY,RELIGxPOLPARTY :: Mormon | Democrat,ROMRELDUR_W50,6,"0.187768,0.148537,0.176392,0.152059,0.153252,0.181991"
RELIGxPOLPARTY,RELIGxPOLPARTY :: Nothing in particular | Democrat,ROMRELDUR_W50,6,"0.195040,0.146078,0.174833,0.150715,0.147224,0.186109"
RELIGxPOLPARTY,RELIGxPOLPARTY :: Other | Democrat,ROMRELDUR_W50,6,"0.207060,0.147979,0.170323,0.143426,0.141203,0.190009"
RELIGxPOLPARTY,RELIGxPOLPARTY :: Other | Independent,ROMRELDUR_W50,6,"0.188486,0.153837,0.175688,0.144517,0.144517,0.192955"
RELIGxPOLPARTY,RELIGxPOLPARTY :: Protestant | Independent,ROMRELDUR_W50,6,"0.174366,0.150313,0.174366,0.152680,0.149143,0.199132"
RELIGxPOLPARTY,RELIGxPOLPARTY :: Protestant | Other,ROMRELDUR_W50,6,"0.164973,0.145588,0.189883,0.151388,0.144455,0.203714"
RELIGxPOLPARTY,RELIGxPOLPARTY :: Protestant | Refused,ROMRELDUR_W50,6,"0.167620,0.144497,0.170259,0.153817,0.150253,0.213553"
RELIGxPOLPARTY,RELIGxPOLPARTY :: Roman Catholic | Democrat,ROMRELDUR_W50,6,"0.181320,0.137941,0.165094,0.155091,0.155091,0.205463"
RELIGxPOLPARTY,RELIGxPOLPARTY :: Roman Catholic | Other,ROMRELDUR_W50,6,"0.164765,0.146545,0.188167,0.151197,0.144273,0.205053"
RELIGxPOLPARTY,RELIGxPOLPARTY :: Agnostic | Other,SOCIETY_RELG_W92,5,"0.134616,0.154943,0.411421,0.181146,0.117874"
RELIGxPOLPARTY,RELIGxPOLPARTY :: Atheist | Independent,SOCIETY_RELG_W92,5,"0.140726,0.182113,0.370764,0.187894,0.118503"
RELIGxPOLPARTY,RELIGxPOLPARTY :: Atheist | Other,SOCIETY_RELG_W92,5,"0.127595,0.167720,0.405495,0.190052,0.109138"
RELIGxPOLPARTY,RELIGxPOLPARTY :: Mormon | Republican,SOCIETY_RELG_W92,5,"0.167525,0.161107,0.327997,0.179728,0.163644"
RELIGxPOLPARTY,RELIGxPOLPARTY :: Nothing in particular | Democrat,SOCIETY_RELG_W92,5,"0.142862,0.172325,0.388340,0.187789,0.108684"
RELIGxPOLPARTY,RELIGxPOLPARTY :: Protestant | Independent,SOCIETY_RELG_W92,5,"0.133862,0.171883,0.375426,0.202527,0.116302"
RELIGxPOLPARTY,RELIGxPOLPARTY :: Protestant | Other,SOCIETY_RELG_W92,5,"0.129660,0.161365,0.396274,0.194643,0.118057"
RELIGxPOLPARTY,RELIGxPOLPARTY :: Protestant | Refused,SOCIETY_RELG_W92,5,"0.139538,0.161867,0.367633,0.199879,0.131084"
RELIGxPOLPARTY,RELIGxPOLPARTY :: Agnostic | Other,SOCIETY_SSM_W92,5,"0.142843,0.156882,0.416571,0.155661,0.128043"
RELIGxPOLPARTY,RELIGxPOLPARTY :: Atheist | Independent,SOCIETY_SSM_W92,5,"0.168398,0.226604,0.312161,0.152135,0.140702"
RELIGxPOLPARTY,RELIGxPOLPARTY :: Atheist | Other,SOCIETY_SSM_W92,5,"0.134193,0.177776,0.400625,0.159358,0.128048"
RELIGxPOLPARTY,RELIGxPOLPARTY :: Mormon | Republican,SOCIETY_SSM_W92,5,"0.193068,0.151541,0.272269,0.167740,0.215383"
RELIGxPOLPARTY,RELIGxPOLPARTY :: Nothing in particular | Democrat,SOCIETY_SSM_W92,5,"0.178703,0.205685,0.318572,0.165273,0.131767"
RELIGxPOLPARTY,RELIGxPOLPARTY :: Other | Democrat,SOCIETY_SSM_W92,5,"0.181965,0.198294,0.319358,0.168290,0.132092"
RELIGxPOLPARTY,RELIGxPOLPARTY :: Protestant | Independent,SOCIETY_SSM_W92,5,"0.160106,0.194639,0.338944,0.170432,0.135880"
RELIGxPOLPARTY,RELIGxPOLPARTY :: Protestant | Other,SOCIETY_SSM_W92,5,"0.142093,0.168739,0.383242,0.171396,0.134530"
RELIGxPOLPARTY,RELIGxPOLPARTY :: Protestant | Refused,SOCIETY_SSM_W92,5,"0.152402,0.162231,0.354345,0.180982,0.150039"
RELIGxPOLPARTY,RELIGxPOLPARTY :: Roman Catholic | Democrat,SOCIETY_SSM_W92,5,"0.186620,0.175313,0.332685,0.163410,0.141973"
RELIGxPOLPARTY,RELIGxPOLPARTY :: Agnostic | Other,SOCIETY_TRANS_W92,5,"0.183996,0.195863,0.365919,0.139977,0.114246"
RELIGxPOLPARTY,RELIGxPOLPARTY :: Agnostic | Republican,SOCIETY_TRANS_W92,5,"0.229858,0.183259,0.270839,0.154319,0.161725"
RELIGxPOLPARTY,RELIGxPOLPARTY :: Atheist | Independent,SOCIETY_TRANS_W92,5,"0.215395,0.253798,0.263908,0.141260,0.125639"
RELIGxPOLPARTY,RELIGxPOLPARTY :: Atheist | Other,SOCIETY_TRANS_W92,5,"0.184864,0.233690,0.329556,0.140637,0.111253"
RELIGxPOLPARTY,RELIGxPOLPARTY :: Mormon | Republican,SOCIETY_TRANS_W92,5,"0.207914,0.183484,0.260783,0.165764,0.182056"
RELIGxPOLPARTY,RELIGxPOLPARTY :: Nothing in particular | Democrat,SOCIETY_TRANS_W92,5,"0.203687,0.241885,0.282792,0.153751,0.117885"
RELIGxPOLPARTY,RELIGxPOLPARTY :: Nothing in particular | Other,SOCIETY_TRANS_W92,5,"0.151302,0.221870,0.392449,0.136690,0.097688"
RELIGxPOLPARTY,RELIGxPOLPARTY :: Other | Democrat,SOCIETY_TRANS_W92,5,"0.210624,0.233140,0.279032,0.155305,0.121900"
RELIGxPOLPARTY,RELIGxPOLPARTY :: Other | Independent,SOCIETY_TRANS_W92,5,"0.189535,0.245276,0.310058,0.141955,0.113176"
RELIGxPOLPARTY,RELIGxPOLPARTY :: Protestant | Independent,SOCIETY_TRANS_W92,5,"0.214877,0.230530,0.278072,0.151185,0.125337"
RELIGxPOLPARTY,RELIGxPOLPARTY :: Protestant | Other,SOCIETY_TRANS_W92,5,"0.184752,0.206106,0.331940,0.153165,0.124037"
RELIGxPOLPARTY,RELIGxPOLPARTY :: Protestant | Refused,SOCIETY_TRANS_W92,5,"0.194729,0.196256,0.301602,0.162702,0.144710"
RELIGxPOLPARTY,RELIGxPOLPARTY :: Roman Catholic | Democrat,SOCIETY_TRANS_W92,5,"0.238878,0.220926,0.264414,0.144887,0.130894"
RELIGxPOLPARTY,RELIGxPOLPARTY :: Agnostic | Other,TALK_CPS_W29,6,"0.257744,0.178534,0.170358,0.115270,0.137960,0.140133"
RELIGxPOLPARTY,RELIGxPOLPARTY :: Nothing in particular | Other,TALK_CPS_W29,6,"0.209173,0.187501,0.174770,0.114617,0.147171,0.166767"
RELIGxPOLPARTY,RELIGxPOLPARTY :: Other | Democrat,TALK_CPS_W29,6,"0.264416,0.183156,0.138253,0.114616,0.140430,0.159128"
RELIGxPOLPARTY,RELIGxPOLPARTY :: Protestant | Independent,TALK_CPS_W29,6,"0.257140,0.200261,0.148821,0.115000,0.133403,0.145374"
RELIGxPOLPARTY,RELIGxPOLPARTY :: Agnostic | Other,WHYNOTPOLF1G_W36,3,"0.477784,0.234680,0.287536"
RELIGxPOLPARTY,RELIGxPOLPARTY :: Protestant | Independent,WHYNOTPOLF1G_W36,3,"0.488550,0.267703,0.243747"
RELIGxPOLPARTY,RELIGxPOLPARTY :: Agnostic | Republican,ECON5_f_W54,5,"0.166464,0.150388,0.220529,0.253827,0.208793"
RELIGxPOLPARTY,RELIGxPOLPARTY :: Other | Independent,ECON5_f_W54,5,"0.143692,0.166686,0.202638,0.240639,0.246345"
RELIGxPOLPARTY,RELIGxPOLPARTY :: Agnostic | Republican,FAMSURV26b_W50,4,"0.259235,0.191148,0.226994,0.322623"
RELIGxPOLPARTY,RELIGxPOLPARTY :: Atheist | Other,FAMSURV26b_W50,4,"0.210611,0.238653,0.294698,0.256038"
RELIGxPOLPARTY,RELIGxPOLPARTY :: Mormon | Republican,FAMSURV26b_W50,4,"0.252517,0.228130,0.250551,0.268802"
RELIGxPOLPARTY,RELIGxPOLPARTY :: Other | Independent,FAMSURV26b_W50,4,"0.206276,0.231923,0.275415,0.286386"
RELIGxPOLPARTY,RELIGxPOLPARTY :: Roman Catholic | Independent,FAMSURV26b_W50,4,"0.221980,0.220253,0.249579,0.308189"
RELIGxPOLPARTY,RELIGxPOLPARTY :: Agnostic | Republican,FAMSURV30b_W50,3,"0.320912,0.270235,0.408853"
RELIGxPOLPARTY,RELIGxPOLPARTY :: Buddhist | Democrat,FAMSURV30b_W50,3,"0.308212,0.308212,0.383576"
RELIGxPOLPARTY,RELIGxPOLPARTY :: Mormon | Republican,FAMSURV30b_W50,3,"0.320347,0.287157,0.392497"
RELIGxPOLPARTY,RELIGxPOLPARTY :: Nothing in particular | Other,FAMSURV30b_W50,3,"0.267377,0.305355,0.427268"
RELIGxPOLPARTY,RELIGxPOLPARTY :: Other | Democrat,FAMSURV30b_W50,3,"0.305434,0.305434,0.389133"
RELIGxPOLPARTY,RELIGxPOLPARTY :: Other | Independent,FAMSURV30b_W50,3,"0.281848,0.314424,0.403728"
RELIGxPOLPARTY,RELIGxPOLPARTY :: Roman Catholic | Democrat,FAMSURV30b_W50,3,"0.287321,0.301110,0.411569"
RELIGxPOLPARTY,RELIGxPOLPARTY :: Roman Catholic | Independent,FAMSURV30b_W50,3,"0.274695,0.306445,0.418860"
RELIGxPOLPARTY,RELIGxPOLPARTY :: Agnostic | Republican,FAMSURV30c_W50,3,"0.368434,0.271666,0.359899"
RELIGxPOLPARTY,RELIGxPOLPARTY :: Other | Democrat,FAMSURV30c_W50,3,"0.332900,0.312730,0.354370"
RELIGxPOLPARTY,RELIGxPOLPARTY :: Other | Independent,FAMSURV30c_W50,3,"0.315782,0.320755,0.363463"
RELIGxPOLPARTY,RELIGxPOLPARTY :: Roman Catholic | Democrat,FAMSURV30c_W50,3,"0.323902,0.309069,0.367029"
RELIGxPOLPARTY,RELIGxPOLPARTY :: Agnostic | Republican,FAMSURV30e_W50,3,"0.320855,0.263928,0.415217"
RELIGxPOLPARTY,RELIGxPOLPARTY :: Other | Independent,FAMSURV30e_W50,3,"0.279797,0.300178,0.420025"
RELIGxPOLPARTY,RELIGxPOLPARTY :: Agnostic | Republican,INEQ5_e_W54,4,"0.614529,0.148262,0.143701,0.093508"
RELIGxPOLPARTY,RELIGxPOLPARTY :: Mormon | Republican,INEQ5_e_W54,4,"0.557129,0.186615,0.157146,0.099110"
RELIGxPOLPARTY,RELIGxPOLPARTY :: Nothing in particular | Democrat,INEQ5_e_W54,4,"0.472344,0.248908,0.183533,0.095216"
RELIGxPOLPARTY,RELIGxPOLPARTY :: Other | Independent,INEQ5_e_W54,4,"0.498348,0.233571,0.172224,0.095857"
RELIGxPOLPARTY,RELIGxPOLPARTY :: Agnostic | Republican,INEQ5_k_W54,4,"0.496735,0.171667,0.170331,0.161266"
RELIGxPOLPARTY,RELIGxPOLPARTY :: Mormon | Republican,INEQ5_k_W54,4,"0.447901,0.205064,0.180968,0.166066"
RELIGxPOLPARTY,RELIGxPOLPARTY :: Nothing in particular | Democrat,INEQ5_k_W54,4,"0.409306,0.250204,0.197928,0.142562"
RELIGxPOLPARTY,RELIGxPOLPARTY :: Other | Independent,INEQ5_k_W54,4,"0.427196,0.235920,0.188092,0.148793"
RELIGxPOLPARTY,RELIGxPOLPARTY :: Roman Catholic | Independent,INEQ5_k_W54,4,"0.443170,0.219385,0.181877,0.155567"
RELIGxPOLPARTY,RELIGxPOLPARTY :: Agnostic | Republican,INEQ8_a_W54,4,"0.651239,0.209781,0.099871,0.039110"
RELIGxPOLPARTY,RELIGxPOLPARTY :: Mormon | Republican,INEQ8_a_W54,4,"0.593351,0.259216,0.108905,0.038529"
RELIGxPOLPARTY,RELIGxPOLPARTY :: Nothing in particular | Democrat,INEQ8_a_W54,4,"0.471807,0.339830,0.146159,0.042204"
RELIGxPOLPARTY,RELIGxPOLPARTY :: Other | Independent,INEQ8_a_W54,4,"0.517699,0.311557,0.129876,0.040867"
RELIGxPOLPARTY,RELIGxPOLPARTY :: Agnostic | Republican,INEQ8_b_W54,4,"0.598122,0.243559,0.113265,0.045054"
RELIGxPOLPARTY,RELIGxPOLPARTY :: Atheist | Other,INEQ8_b_W54,4,"0.467706,0.331653,0.159129,0.041511"
RELIGxPOLPARTY,RELIGxPOLPARTY :: Mormon | Republican,INEQ8_b_W54,4,"0.568733,0.272881,0.115545,0.042840"
RELIGxPOLPARTY,RELIGxPOLPARTY :: Nothing in particular | Democrat,INEQ8_b_W54,4,"0.453748,0.350629,0.149630,0.045993"
RELIGxPOLPARTY,RELIGxPOLPARTY :: Other | Independent,INEQ8_b_W54,4,"0.487166,0.332218,0.134228,0.046388"
RELIGxPOLPARTY,RELIGxPOLPARTY :: Agnostic | Republican,INEQ8_c_W54,4,"0.790673,0.111269,0.060496,0.037563"
RELIGxPOLPARTY,RELIGxPOLPARTY :: Atheist | Other,INEQ8_c_W54,4,"0.643354,0.217187,0.102592,0.036867"
RELIGxPOLPARTY,RELIGxPOLPARTY :: Mormon | Republican,INEQ8_c_W54,4,"0.753955,0.145023,0.064354,0.036668"
RELIGxPOLPARTY,RELIGxPOLPARTY :: Nothing in particular | Democrat,INEQ8_c_W54,4,"0.611212,0.239354,0.103752,0.045682"
RELIGxPOLPARTY,RELIGxPOLPARTY :: Other | Independent,INEQ8_c_W54,4,"0.672541,0.201933,0.084178,0.041347"
RELIGxPOLPARTY,RELIGxPOLPARTY :: Roman Catholic | Independent,INEQ8_c_W54,4,"0.681383,0.187741,0.082661,0.048216"
RELIGxPOLPARTY,RELIGxPOLPARTY :: Agnostic | Republican,INEQ8_i_W54,4,"0.464115,0.235202,0.174787,0.125895"
RELIGxPOLPARTY,RELIGxPOLPARTY :: Other | Independent,INEQ8_i_W54,4,"0.387983,0.309327,0.196620,0.106069"
RELIGxPOLPARTY,RELIGxPOLPARTY :: Agnostic | Republican,PROG_RNEED_W92,3,"0.590209,0.212096,0.197695"
RELIGxPOLPARTY,RELIGxPOLPARTY :: Other | Independent,PROG_RNEED_W92,3,"0.543355,0.273216,0.183429"
RELIGxPOLPARTY,RELIGxPOLPARTY :: Agnostic | Republican,REPRSNTDEM_W92,4,"0.240723,0.184569,0.272775,0.301934"
RELIGxPOLPARTY,RELIGxPOLPARTY :: Buddhist | Democrat,REPRSNTDEM_W92,4,"0.259993,0.276761,0.255962,0.207284"
RELIGxPOLPARTY,RELIGxPOLPARTY :: Mormon | Republican,REPRSNTDEM_W92,4,"0.227580,0.190150,0.296820,0.285449"
RELIGxPOLPARTY,RELIGxPOLPARTY :: Nothing in particular | Democrat,REPRSNTDEM_W92,4,"0.258645,0.290802,0.250687,0.199865"
RELIGxPOLPARTY,RELIGxPOLPARTY :: Nothing in particular | Other,REPRSNTDEM_W92,4,"0.166002,0.234100,0.379982,0.219917"
RELIGxPOLPARTY,RELIGxPOLPARTY :: Other | Independent,REPRSNTDEM_W92,4,"0.189455,0.282192,0.305122,0.223232"
RELIGxPOLPARTY,RELIGxPOLPARTY :: Protestant | Refused,REPRSNTDEM_W92,4,"0.213032,0.219794,0.271409,0.295765"
RELIGxPOLPARTY,RELIGxPOLPARTY :: Agnostic | Republican,SOCIETY_GUNS_W92,5,"0.211198,0.150936,0.221334,0.186382,0.230150"
RELIGxPOLPARTY,RELIGxPOLPARTY :: Atheist | Other,SOCIETY_GUNS_W92,5,"0.143502,0.170413,0.315895,0.191600,0.178591"
RELIGxPOLPARTY,RELIGxPOLPARTY :: Buddhist | Democrat,SOCIETY_GUNS_W92,5,"0.169501,0.173521,0.264588,0.207677,0.184712"
RELIGxPOLPARTY,RELIGxPOLPARTY :: Mormon | Republican,SOCIETY_GUNS_W92,5,"0.218229,0.160912,0.191088,0.172634,0.257137"
RELIGxPOLPARTY,RELIGxPOLPARTY :: Nothing in particular | Democrat,SOCIETY_GUNS_W92,5,"0.168217,0.179066,0.270918,0.201329,0.180470"
RELIGxPOLPARTY,RELIGxPOLPARTY :: Nothing in particular | Other,SOCIETY_GUNS_W92,5,"0.122610,0.161168,0.374727,0.184060,0.157435"
RELIGxPOLPARTY,RELIGxPOLPARTY :: Other | Democrat,SOCIETY_GUNS_W92,5,"0.171363,0.175427,0.271707,0.201915,0.179587"
RELIGxPOLPARTY,RELIGxPOLPARTY :: Other | Independent,SOCIETY_GUNS_W92,5,"0.139374,0.172104,0.316548,0.201210,0.170765"
RELIGxPOLPARTY,RELIGxPOLPARTY :: Roman Catholic | Independent,SOCIETY_GUNS_W92,5,"0.163331,0.179384,0.273528,0.200118,0.183638"
RELIGxPOLPARTY,RELIGxPOLPARTY :: Agnostic | Republican,UNIMMIGCOMM_W92,4,"0.208645,0.132623,0.369056,0.289675"
RELIGxPOLPARTY,RELIGxPOLPARTY :: Other | Independent,UNIMMIGCOMM_W92,4,"0.167968,0.202608,0.439092,0.190332"
RELIGxPOLPARTY,RELIGxPOLPARTY :: Agnostic | Republican,WHADVANT_W92,4,"0.393869,0.172069,0.181741,0.252322"
RELIGxPOLPARTY,RELIGxPOLPARTY :: Other | Independent,WHADVANT_W92,4,"0.315787,0.232847,0.225683,0.225683"
RELIGxPOLPARTY,RELIGxPOLPARTY :: Atheist | Independent,ELECT_CONF3_PRVFR_W92,4,"0.270395,0.274653,0.254012,0.200940"
RELIGxPOLPARTY,RELIGxPOLPARTY :: Buddhist | Democrat,ELECT_CONF3_PRVFR_W92,4,"0.279737,0.264849,0.250754,0.204660"
RELIGxPOLPARTY,RELIGxPOLPARTY :: Nothing in particular | Other,ELECT_CONF3_PRVFR_W92,4,"0.205755,0.274719,0.326237,0.193289"
RELIGxPOLPARTY,RELIGxPOLPARTY :: Protestant | Other,ELECT_CONF3_PRVFR_W92,4,"0.269977,0.255609,0.265792,0.208622"
RELIGxPOLPARTY,RELIGxPOLPARTY :: Atheist | Independent,EVOPERS3_W34,3,"0.756589,0.186864,0.056547"
RELIGxPOLPARTY,RELIGxPOLPARTY :: Protestant | Other,EVOPERS3_W34,3,"0.623394,0.263961,0.112645"
RELIGxPOLPARTY,RELIGxPOLPARTY :: Atheist | Independent,FTRWORRYf_W41,4,"0.366815,0.299385,0.215639,0.118161"
RELIGxPOLPARTY,RELIGxPOLPARTY :: Protestant | Other,FTRWORRYf_W41,4,"0.315824,0.278713,0.247893,0.157570"
RELIGxPOLPARTY,RELIGxPOLPARTY :: Atheist | Independent,GOVPRIOjF1_W41,4,"0.319580,0.262879,0.207955,0.209586"
RELIGxPOLPARTY,RELIGxPOLPARTY :: Protestant | Other,GOVPRIOjF1_W41,4,"0.288756,0.264977,0.223133,0.223133"
RELIGxPOLPARTY,RELIGxPOLPARTY :: Atheist | Independent,GOVPRIOkF2_W41,4,"0.149156,0.127580,0.263830,0.459433"
RELIGxPOLPARTY,RELIGxPOLPARTY :: Protestant | Other,GOVPRIOkF2_W41,4,"0.165125,0.173049,0.280887,0.380939"
RELIGxPOLPARTY,RELIGxPOLPARTY :: Atheist | Independent,GOVPRIOnF2_W41,4,"0.368118,0.291205,0.216405,0.124271"
RELIGxPOLPARTY,RELIGxPOLPARTY :: Protestant | Other,GOVPRIOnF2_W41,4,"0.317683,0.293809,0.236082,0.152426"
RELIGxPOLPARTY,RELIGxPOLPARTY :: Atheist | Independent,GUNRESPNOKIDSD_W26,4,"0.441436,0.285013,0.163669,0.109882"
RELIGxPOLPARTY,RELIGxPOLPARTY :: Protestant | Other,GUNRESPNOKIDSD_W26,4,"0.365525,0.296011,0.205041,0.133423"
RELIGxPOLPARTY,RELIGxPOLPARTY :: Atheist | Independent,INEQ5_m_W54,4,"0.307904,0.225267,0.239796,0.227034"
RELIGxPOLPARTY,RELIGxPOLPARTY :: Protestant | Other,INEQ5_m_W54,4,"0.289484,0.220228,0.259492,0.230797"
RELIGxPOLPARTY,RELIGxPOLPARTY :: Atheist | Independent,INEQ8_h_W54,4,"0.303433,0.206924,0.335870,0.153773"
RELIGxPOLPARTY,RELIGxPOLPARTY :: Protestant | Other,INEQ8_h_W54,4,"0.285468,0.220593,0.323478,0.170461"
RELIGxPOLPARTY,RELIGxPOLPARTY :: Atheist | Independent,SOLVPROBc_W41,4,"0.303073,0.310260,0.253227,0.133441"
RELIGxPOLPARTY,RELIGxPOLPARTY :: Protestant | Other,SOLVPROBc_W41,4,"0.288783,0.291048,0.269175,0.150994"
RELIGxPOLPARTY,RELIGxPOLPARTY :: Atheist | Other,COHABDUR_W50,6,"0.204409,0.183231,0.190530,0.133011,0.141590,0.147230"
RELIGxPOLPARTY,RELIGxPOLPARTY :: Buddhist | Democrat,COHABDUR_W50,6,"0.214253,0.181834,0.179015,0.142723,0.143843,0.138332"
RELIGxPOLPARTY,RELIGxPOLPARTY :: Mormon | Republican,COHABDUR_W50,6,"0.210580,0.170533,0.164000,0.126729,0.158954,0.169205"
RELIGxPOLPARTY,RELIGxPOLPARTY :: Nothing in particular | Democrat,COHABDUR_W50,6,"0.220578,0.181443,0.171787,0.139117,0.142416,0.144659"
RELIGxPOLPARTY,RELIGxPOLPARTY :: Nothing in particular | Other,COHABDUR_W50,6,"0.197590,0.178508,0.187075,0.129583,0.143435,0.163808"
RELIGxPOLPARTY,RELIGxPOLPARTY :: Other | Democrat,COHABDUR_W50,6,"0.228678,0.180899,0.166003,0.133387,0.138700,0.152333"
RELIGxPOLPARTY,RELIGxPOLPARTY :: Protestant | Refused,COHABDUR_W50,6,"0.196331,0.171913,0.165327,0.144765,0.147045,0.174620"
RELIGxPOLPARTY,RELIGxPOLPARTY :: Roman Catholic | Democrat,COHABDUR_W50,6,"0.199501,0.174689,0.166689,0.147103,0.152963,0.159056"
RELIGxPOLPARTY,RELIGxPOLPARTY :: Roman Catholic | Independent,COHABDUR_W50,6,"0.198658,0.188085,0.169921,0.141974,0.144210,0.157151"
RELIGxPOLPARTY,RELIGxPOLPARTY :: Atheist | Other,CONFe_W42,4,"0.146687,0.153727,0.414621,0.284965"
RELIGxPOLPARTY,RELIGxPOLPARTY :: Mormon | Republican,CONFe_W42,4,"0.165199,0.138029,0.352469,0.344304"
RELIGxPOLPARTY,RELIGxPOLPARTY :: Protestant | Refused,CONFe_W42,4,"0.172043,0.169375,0.316435,0.342147"
RELIGxPOLPARTY,RELIGxPOLPARTY :: Atheist | Other,ECON5_d_W54,5,"0.129934,0.153100,0.214225,0.295107,0.207634"
RELIGxPOLPARTY,RELIGxPOLPARTY :: Mormon | Republican,ECON5_d_W54,5,"0.159667,0.143125,0.182346,0.269489,0.245373"
RELIGxPOLPARTY,RELIGxPOLPARTY :: Atheist | Other,FAMSURV21_W50,2,"0.546738,0.453262"
RELIGxPOLPARTY,RELIGxPOLPARTY :: Protestant | Refused,FAMSURV21_W50,2,"0.533154,0.466846"
RELIGxPOLPARTY,RELIGxPOLPARTY :: Atheist | Other,FAMSURV23c_W50,3,"0.264744,0.295343,0.439913"
RELIGxPOLPARTY,RELIGxPOLPARTY :: Nothing in particular | Democrat,FAMSURV23c_W50,3,"0.293906,0.291619,0.414474"
RELIGxPOLPARTY,RELIGxPOLPARTY :: Protestant | Refused,FAMSURV23c_W50,3,"0.284607,0.278014,0.437378"
RELIGxPOLPARTY,RELIGxPOLPARTY :: Atheist | Other,FAMSURV23d_W50,3,"0.302070,0.319049,0.378881"
RELIGxPOLPARTY,RELIGxPOLPARTY :: Buddhist | Democrat,FAMSURV23d_W50,3,"0.349982,0.318662,0.331356"
RELIGxPOLPARTY,RELIGxPOLPARTY :: Nothing in particular | Democrat,FAMSURV23d_W50,3,"0.335737,0.317869,0.346394"
RELIGxPOLPARTY,RELIGxPOLPARTY :: Nothing in particular | Other,FAMSURV23d_W50,3,"0.269174,0.317165,0.413661"
RELIGxPOLPARTY,RELIGxPOLPARTY :: Protestant | Refused,FAMSURV23d_W50,3,"0.319801,0.300425,0.379773"
RELIGxPOLPARTY,RELIGxPOLPARTY :: Atheist | Other,FAMSURV23f_W50,3,"0.330449,0.317790,0.351761"
RELIGxPOLPARTY,RELIGxPOLPARTY :: Buddhist | Democrat,FAMSURV23f_W50,3,"0.352668,0.318609,0.328723"
RELIGxPOLPARTY,RELIGxPOLPARTY :: Mormon | Republican,FAMSURV23f_W50,3,"0.359294,0.297865,0.342841"
RELIGxPOLPARTY,RELIGxPOLPARTY :: Nothing in particular | Democrat,FAMSURV23f_W50,3,"0.352689,0.321127,0.326184"
RELIGxPOLPARTY,RELIGxPOLPARTY :: Nothing in particular | Other,FAMSURV23f_W50,3,"0.310923,0.328400,0.360677"
RELIGxPOLPARTY,RELIGxPOLPARTY :: Protestant | Refused,FAMSURV23f_W50,3,"0.337879,0.305249,0.356872"
RELIGxPOLPARTY,RELIGxPOLPARTY :: Roman Catholic | Independent,FAMSURV23f_W50,3,"0.342948,0.327243,0.329809"
RELIGxPOLPARTY,RELIGxPOLPARTY :: Atheist | Other,FAMSURV23g_W50,3,"0.266307,0.321228,0.412465"
RELIGxPOLPARTY,RELIGxPOLPARTY :: Protestant | Refused,FAMSURV23g_W50,3,"0.282295,0.300501,0.417204"
RELIGxPOLPARTY,RELIGxPOLPARTY :: Atheist | Other,FAMSURV26a_W50,4,"0.198239,0.226396,0.302279,0.273086"
RELIGxPOLPARTY,RELIGxPOLPARTY :: Buddhist | Democrat,FAMSURV26a_W50,4,"0.218256,0.223432,0.278066,0.280246"
RELIGxPOLPARTY,RELIGxPOLPARTY :: Mormon | Republican,FAMSURV26a_W50,4,"0.237804,0.218221,0.257128,0.286847"
RELIGxPOLPARTY,RELIGxPOLPARTY :: Nothing in particular | Democrat,FAMSURV26a_W50,4,"0.216157,0.226530,0.275391,0.281922"
RELIGxPOLPARTY,RELIGxPOLPARTY :: Nothing in particular | Other,FAMSURV26a_W50,4,"0.184560,0.220889,0.323912,0.270639"
RELIGxPOLPARTY,RELIGxPOLPARTY :: Roman Catholic | Independent,FAMSURV26a_W50,4,"0.203431,0.213194,0.253174,0.330201"
RELIGxPOLPARTY,RELIGxPOLPARTY :: Atheist | Other,FAMSURV29_W50,4,"0.196360,0.254109,0.276912,0.272619"
RELIGxPOLPARTY,RELIGxPOLPARTY :: Mormon | Republican,FAMSURV29_W50,4,"0.236331,0.229060,0.238184,0.296425"
RELIGxPOLPARTY,RELIGxPOLPARTY :: Nothing in particular | Democrat,FAMSURV29_W50,4,"0.230586,0.249322,0.239771,0.280321"
RELIGxPOLPARTY,RELIGxPOLPARTY :: Roman Catholic | Independent,FAMSURV29_W50,4,"0.240316,0.259844,0.227527,0.272314"
RELIGxPOLPARTY,RELIGxPOLPARTY :: Atheist | Other,FAMSURV39_W50,4,"0.273296,0.262826,0.260781,0.203096"
RELIGxPOLPARTY,RELIGxPOLPARTY :: Buddhist | Democrat,FAMSURV39_W50,4,"0.287439,0.245860,0.249731,0.216970"
RELIGxPOLPARTY,RELIGxPOLPARTY :: Mormon | Democrat,FAMSURV39_W50,4,"0.287672,0.244144,0.244144,0.224039"
RELIGxPOLPARTY,RELIGxPOLPARTY :: Nothing in particular | Democrat,FAMSURV39_W50,4,"0.286629,0.254933,0.247090,0.211347"
RELIGxPOLPARTY,RELIGxPOLPARTY :: Nothing in particular | Other,FAMSURV39_W50,4,"0.263544,0.265611,0.271910,0.198934"
RELIGxPOLPARTY,RELIGxPOLPARTY :: Other | Democrat,FAMSURV39_W50,4,"0.289134,0.251204,0.239700,0.219962"
RELIGxPOLPARTY,RELIGxPOLPARTY :: Protestant | Refused,FAMSURV39_W50,4,"0.279649,0.235488,0.228243,0.256620"
RELIGxPOLPARTY,RELIGxPOLPARTY :: Roman Catholic | Democrat,FAMSURV39_W50,4,"0.306077,0.245939,0.229241,0.218743"
RELIGxPOLPARTY,RELIGxPOLPARTY :: Roman Catholic | Other,FAMSURV39_W50,4,"0.278003,0.249200,0.251154,0.221643"
RELIGxPOLPARTY,RELIGxPOLPARTY :: Atheist | Other,FAMSURV3_W50,3,"0.432385,0.311435,0.256180"
RELIGxPOLPARTY,RELIGxPOLPARTY :: Mormon | Republican,FAMSURV3_W50,3,"0.476098,0.267067,0.256836"
RELIGxPOLPARTY,RELIGxPOLPARTY :: Roman Catholic | Independent,FAMSURV3_W50,3,"0.433607,0.307474,0.258919"
RELIGxPOLPARTY,RELIGxPOLPARTY :: Atheist | Other,HAVEKIDS1_W50,4,"0.270766,0.277187,0.264493,0.187554"
RELIGxPOLPARTY,RELIGxPOLPARTY :: Buddhist | Democrat,HAVEKIDS1_W50,4,"0.309276,0.264538,0.237130,0.189057"
RELIGxPOLPARTY,RELIGxPOLPARTY :: Mormon | Democrat,HAVEKIDS1_W50,4,"0.311730,0.264562,0.231658,0.192051"
RELIGxPOLPARTY,RELIGxPOLPARTY :: Nothing in particular | Other,HAVEKIDS1_W50,4,"0.250144,0.279056,0.283450,0.187349"
RELIGxPOLPARTY,RELIGxPOLPARTY :: Protestant | Refused,HAVEKIDS1_W50,4,"0.283886,0.246645,0.222825,0.246645"
RELIGxPOLPARTY,RELIGxPOLPARTY :: Roman Catholic | Other,HAVEKIDS1_W50,4,"0.287295,0.267788,0.253537,0.191380"
RELIGxPOLPARTY,RELIGxPOLPARTY :: Atheist | Other,INEQ5_f_W54,4,"0.323169,0.243941,0.245854,0.187036"
RELIGxPOLPARTY,RELIGxPOLPARTY :: Mormon | Republican,INEQ5_f_W54,4,"0.362304,0.208053,0.223209,0.206434"
RELIGxPOLPARTY,RELIGxPOLPARTY :: Protestant | Refused,INEQ5_f_W54,4,"0.330039,0.225067,0.221578,0.223316"
RELIGxPOLPARTY,RELIGxPOLPARTY :: Atheist | Other,INEQ8_d_W54,4,"0.480779,0.307998,0.166153,0.045070"
RELIGxPOLPARTY,RELIGxPOLPARTY :: Mormon | Republican,INEQ8_d_W54,4,"0.573666,0.256559,0.121190,0.048584"
RELIGxPOLPARTY,RELIGxPOLPARTY :: Nothing in particular | Democrat,INEQ8_d_W54,4,"0.463078,0.323281,0.160036,0.053605"
RELIGxPOLPARTY,RELIGxPOLPARTY :: Roman Catholic | Independent,INEQ8_d_W54,4,"0.506020,0.292862,0.141619,0.059499"
RELIGxPOLPARTY,RELIGxPOLPARTY :: Atheist | Other,RACESURV19e_W43,3,"0.501287,0.260064,0.238648"
RELIGxPOLPARTY,RELIGxPOLPARTY :: Nothing in particular | Democrat,RACESURV19e_W43,3,"0.487161,0.275416,0.237423"
RELIGxPOLPARTY,RELIGxPOLPARTY :: Protestant | Refused,RACESURV19e_W43,3,"0.501470,0.254133,0.244397"
RELIGxPOLPARTY,RELIGxPOLPARTY :: Atheist | Other,RACESURV36_W43,4,"0.188740,0.260000,0.299259,0.252001"
RELIGxPOLPARTY,RELIGxPOLPARTY :: Protestant | Refused,RACESURV36_W43,4,"0.207132,0.208756,0.247904,0.336208"
RELIGxPOLPARTY,RELIGxPOLPARTY :: Atheist | Other,RACESURV47b_W43,4,"0.175650,0.287344,0.298790,0.238216"
RELIGxPOLPARTY,RELIGxPOLPARTY :: Nothing in particular | Democrat,RACESURV47b_W43,4,"0.201693,0.305151,0.261010,0.232147"
RELIGxPOLPARTY,RELIGxPOLPARTY :: Protestant | Refused,RACESURV47b_W43,4,"0.193257,0.254031,0.258031,0.294681"
RELIGxPOLPARTY,RELIGxPOLPARTY :: Atheist | Other,REPRSNTREP_W92,4,"0.137586,0.129250,0.410757,0.322407"
RELIGxPOLPARTY,RELIGxPOLPARTY :: Mormon | Republican,REPRSNTREP_W92,4,"0.276525,0.127595,0.306085,0.289795"
RELIGxPOLPARTY,RELIGxPOLPARTY :: Nothing in particular | Democrat,REPRSNTREP_W92,4,"0.199137,0.185616,0.292015,0.323231"
RELIGxPOLPARTY,RELIGxPOLPARTY :: Atheist | Other,SOCIETY_RHIST_W92,5,"0.211459,0.225097,0.261117,0.154706,0.147622"
RELIGxPOLPARTY,RELIGxPOLPARTY :: Buddhist | Democrat,SOCIETY_RHIST_W92,5,"0.243938,0.218664,0.216963,0.168971,0.151464"
RELIGxPOLPARTY,RELIGxPOLPARTY :: Nothing in particular | Democrat,SOCIETY_RHIST_W92,5,"0.234385,0.225406,0.220184,0.167507,0.152517"
RELIGxPOLPARTY,RELIGxPOLPARTY :: Nothing in particular | Other,SOCIETY_RHIST_W92,5,"0.186371,0.221321,0.302510,0.154507,0.135291"
RELIGxPOLPARTY,RELIGxPOLPARTY :: Other | Democrat,SOCIETY_RHIST_W92,5,"0.239345,0.219635,0.223094,0.165789,0.152137"
RELIGxPOLPARTY,RELIGxPOLPARTY :: Protestant | Refused,SOCIETY_RHIST_W92,5,"0.215569,0.197817,0.248118,0.173214,0.165282"
RELIGxPOLPARTY,RELIGxPOLPARTY :: Roman Catholic | Democrat,SOCIETY_RHIST_W92,5,"0.259168,0.206627,0.214858,0.158426,0.160921"
RELIGxPOLPARTY,RELIGxPOLPARTY :: Atheist | Other,USMILSIZ_W92,5,"0.185683,0.213720,0.336228,0.171729,0.092641"
RELIGxPOLPARTY,RELIGxPOLPARTY :: Mormon | Republican,USMILSIZ_W92,5,"0.231603,0.164231,0.242717,0.192005,0.169444"
RELIGxPOLPARTY,RELIGxPOLPARTY :: Protestant | Refused,USMILSIZ_W92,5,"0.199687,0.199687,0.311707,0.186129,0.102790"
RELIGxPOLPARTY,RELIGxPOLPARTY :: Buddhist | Democrat,FAMSURV23b_W50,3,"0.467809,0.283740,0.248451"
RELIGxPOLPARTY,RELIGxPOLPARTY :: Nothing in particular | Other,FAMSURV23b_W50,3,"0.404807,0.310376,0.284817"
RELIGxPOLPARTY,RELIGxPOLPARTY :: Other | Democrat,FAMSURV23b_W50,3,"0.448734,0.287470,0.263797"
RELIGxPOLPARTY,RELIGxPOLPARTY :: Roman Catholic | Democrat,FAMSURV23b_W50,3,"0.508322,0.267867,0.223811"
RELIGxPOLPARTY,RELIGxPOLPARTY :: Buddhist | Democrat,FAMSURV26d_W50,4,"0.221575,0.241459,0.277918,0.259048"
RELIGxPOLPARTY,RELIGxPOLPARTY :: Nothing in particular | Other,FAMSURV26d_W50,4,"0.188665,0.247996,0.328541,0.234798"
RELIGxPOLPARTY,RELIGxPOLPARTY :: Buddhist | Democrat,FAMSURV30d_W50,3,"0.353573,0.327001,0.319426"
RELIGxPOLPARTY,RELIGxPOLPARTY :: Mormon | Republican,FAMSURV30d_W50,3,"0.382565,0.300278,0.317157"
RELIGxPOLPARTY,RELIGxPOLPARTY :: Nothing in particular | Other,FAMSURV30d_W50,3,"0.314491,0.337399,0.348110"
RELIGxPOLPARTY,RELIGxPOLPARTY :: Other | Democrat,FAMSURV30d_W50,3,"0.346477,0.328038,0.325485"
RELIGxPOLPARTY,RELIGxPOLPARTY :: Roman Catholic | Democrat,FAMSURV30d_W50,3,"0.337672,0.327283,0.335045"
RELIGxPOLPARTY,RELIGxPOLPARTY :: Roman Catholic | Independent,FAMSURV30d_W50,3,"0.327243,0.329809,0.342948"
RELIGxPOLPARTY,RELIGxPOLPARTY :: Buddhist | Democrat,FAMSURV32a_W50,4,"0.265706,0.261587,0.257531,0.215175"
RELIGxPOLPARTY,RELIGxPOLPARTY :: Nothing in particular | Other,FAMSURV32a_W50,4,"0.217306,0.292417,0.292417,0.197859"
RELIGxPOLPARTY,RELIGxPOLPARTY :: Buddhist | Democrat,FAMSURV40_W50,4,"0.255997,0.190241,0.217262,0.336501"
RELIGxPOLPARTY,RELIGxPOLPARTY :: Mormon | Democrat,FAMSURV40_W50,4,"0.259342,0.189738,0.210021,0.340898"
RELIGxPOLPARTY,RELIGxPOLPARTY :: Nothing in particular | Other,FAMSURV40_W50,4,"0.228045,0.174848,0.229834,0.367273"
RELIGxPOLPARTY,RELIGxPOLPARTY :: Other | Democrat,FAMSURV40_W50,4,"0.267547,0.191207,0.200383,0.340863"
RELIGxPOLPARTY,RELIGxPOLPARTY :: Roman Catholic | Democrat,FAMSURV40_W50,4,"0.285581,0.175942,0.185831,0.352646"
RELIGxPOLPARTY,RELIGxPOLPARTY :: Roman Catholic | Other,FAMSURV40_W50,4,"0.260480,0.181844,0.212597,0.345079"
RELIGxPOLPARTY,RELIGxPOLPARTY :: Buddhist | Democrat,FAMSURV43_W50,4,"0.348009,0.266828,0.219486,0.165677"
RELIGxPOLPARTY,RELIGxPOLPARTY :: Nothing in particular | Other,FAMSURV43_W50,4,"0.301735,0.294745,0.248200,0.155320"
RELIGxPOLPARTY,RELIGxPOLPARTY :: Buddhist | Democrat,FAMSURV9c_W50,4,"0.286015,0.260420,0.264521,0.189044"
RELIGxPOLPARTY,RELIGxPOLPARTY :: Nothing in particular | Other,FAMSURV9c_W50,4,"0.252297,0.283665,0.297279,0.166758"
RELIGxPOLPARTY,RELIGxPOLPARTY :: Buddhist | Democrat,MARRDUR_W50,6,"0.150530,0.158992,0.175988,0.167929,0.175988,0.170573"
RELIGxPOLPARTY,RELIGxPOLPARTY :: Mormon | Democrat,MARRDUR_W50,6,"0.145717,0.157558,0.167720,0.167720,0.181348,0.179937"
RELIGxPOLPARTY,RELIGxPOLPARTY :: Nothing in particular | Other,MARRDUR_W50,6,"0.121596,0.148982,0.181116,0.154917,0.178308,0.215081"
RELIGxPOLPARTY,RELIGxPOLPARTY :: Other | Democrat,MARRDUR_W50,6,"0.160691,0.165792,0.164502,0.156969,0.167092,0.184954"
RELIGxPOLPARTY,RELIGxPOLPARTY :: Roman Catholic | Other,MARRDUR_W50,6,"0.125583,0.146821,0.177100,0.162517,0.174355,0.213624"
RELIGxPOLPARTY,RELIGxPOLPARTY :: Mormon | Democrat,DNA3c_W50,2,"0.605799,0.394201"
RELIGxPOLPARTY,RELIGxPOLPARTY :: Roman Catholic | Other,DNA3c_W50,2,"0.560253,0.439747"
RELIGxPOLPARTY,RELIGxPOLPARTY :: Mormon | Democrat,DNATEST_W50,2,"0.627951,0.372049"
RELIGxPOLPARTY,RELIGxPOLPARTY :: Roman Catholic | Other,DNATEST_W50,2,"0.598312,0.401688"
RELIGxPOLPARTY,RELIGxPOLPARTY :: Mormon | Democrat,E5MOD_W50,3,"0.355081,0.306099,0.338820"
RELIGxPOLPARTY,RELIGxPOLPARTY :: Roman Catholic | Other,E5MOD_W50,3,"0.323902,0.309069,0.367029"
RELIGxPOLPARTY,RELIGxPOLPARTY :: Mormon | Democrat,FAMSURV11W_W50,3,"0.299843,0.277310,0.422847"
RELIGxPOLPARTY,RELIGxPOLPARTY :: Roman Catholic | Other,FAMSURV11W_W50,3,"0.294182,0.294182,0.411635"
RELIGxPOLPARTY,RELIGxPOLPARTY :: Mormon | Democrat,FAMSURV18A_W50,2,"0.626124,0.373876"
RELIGxPOLPARTY,RELIGxPOLPARTY :: Roman Catholic | Other,FAMSURV18A_W50,2,"0.613237,0.386763"
RELIGxPOLPARTY,RELIGxPOLPARTY :: Mormon | Democrat,FAMSURV2Ma_W50,3,"0.331559,0.399936,0.268505"
RELIGxPOLPARTY,RELIGxPOLPARTY :: Roman Catholic | Other,FAMSURV2Ma_W50,3,"0.303727,0.408710,0.287563"
RELIGxPOLPARTY,RELIGxPOLPARTY :: Mormon | Democrat,FAMSURV32b_W50,4,"0.296910,0.292307,0.244232,0.166551"
RELIGxPOLPARTY,RELIGxPOLPARTY :: Roman Catholic | Other,FAMSURV32b_W50,4,"0.261984,0.294556,0.270300,0.173161"
RELIGxPOLPARTY,RELIGxPOLPARTY :: Mormon | Democrat,FAMSURV32e_W50,4,"0.320349,0.312928,0.228943,0.137780"
RELIGxPOLPARTY,RELIGxPOLPARTY :: Roman Catholic | Other,FAMSURV32e_W50,4,"0.282255,0.309996,0.259011,0.148738"
RELIGxPOLPARTY,RELIGxPOLPARTY :: Mormon | Democrat,FAMSURV33a_W50,4,"0.458171,0.273586,0.179422,0.088820"
RELIGxPOLPARTY,RELIGxPOLPARTY :: Roman Catholic | Other,FAMSURV33a_W50,4,"0.412532,0.274806,0.212353,0.100309"
RELIGxPOLPARTY,RELIGxPOLPARTY :: Mormon | Democrat,FAMSURV34A_W50,3,"0.106829,0.591210,0.301961"
RELIGxPOLPARTY,RELIGxPOLPARTY :: Roman Catholic | Other,FAMSURV34A_W50,3,"0.124356,0.480443,0.395201"
RELIGxPOLPARTY,RELIGxPOLPARTY :: Mormon | Democrat,FAMSURV35b_W50,2,"0.867036,0.132964"
RELIGxPOLPARTY,RELIGxPOLPARTY :: Roman Catholic | Other,FAMSURV35b_W50,2,"0.769080,0.230920"
RELIGxPOLPARTY,RELIGxPOLPARTY :: Mormon | Democrat,FAMSURV9a_W50,4,"0.402231,0.251710,0.207051,0.139007"
RELIGxPOLPARTY,RELIGxPOLPARTY :: Roman Catholic | Other,FAMSURV9a_W50,4,"0.392523,0.249503,0.220186,0.137789"
RELIGxPOLPARTY,RELIGxPOLPARTY :: Mormon | Democrat,PAR2_W50,3,"0.217685,0.199759,0.582556"
RELIGxPOLPARTY,RELIGxPOLPARTY :: Roman Catholic | Other,PAR2_W50,3,"0.175192,0.193919,0.630889"
RELIGxPOLPARTY,RELIGxPOLPARTY :: Mormon | Democrat,ROMRELSER_W50,4,"0.362507,0.269393,0.218161,0.149940"
RELIGxPOLPARTY,RELIGxPOLPARTY :: Roman Catholic | Other,ROMRELSER_W50,4,"0.337384,0.262755,0.239241,0.160619"
RELIGxPOLPARTY,RELIGxPOLPARTY :: Mormon | Democrat,SATLIFEd_W50,4,"0.316693,0.302190,0.219367,0.161751"
RELIGxPOLPARTY,RELIGxPOLPARTY :: Roman Catholic | Other,SATLIFEd_W50,4,"0.275922,0.305418,0.247335,0.171324"
RELIGxPOLPARTY,RELIGxPOLPARTY :: Mormon | Republican,FAMSURV27b_W50,4,"0.214937,0.216622,0.253257,0.315184"
RELIGxPOLPARTY,RELIGxPOLPARTY :: Nothing in particular | Democrat,FAMSURV27b_W50,4,"0.204879,0.223265,0.271421,0.300435"
RELIGxPOLPARTY,RELIGxPOLPARTY :: Roman Catholic | Independent,FAMSURV27b_W50,4,"0.204350,0.214157,0.244575,0.336917"
RELIGxPOLPARTY,RELIGxPOLPARTY :: Mormon | Republican,FAMSURV27d_W50,4,"0.195766,0.215007,0.261382,0.327846"
RELIGxPOLPARTY,RELIGxPOLPARTY :: Nothing in particular | Democrat,FAMSURV27d_W50,4,"0.192369,0.224902,0.277717,0.305012"
RELIGxPOLPARTY,RELIGxPOLPARTY :: Roman Catholic | Independent,FAMSURV27d_W50,4,"0.191516,0.215327,0.251743,0.341414"
RELIGxPOLPARTY,RELIGxPOLPARTY :: Mormon | Republican,GROWUPGUN7_W26,4,"0.282512,0.237899,0.243541,0.236048"
RELIGxPOLPARTY,RELIGxPOLPARTY :: Roman Catholic | Independent,GROWUPGUN7_W26,4,"0.262348,0.254276,0.242632,0.240744"
RELIGxPOLPARTY,RELIGxPOLPARTY :: Mormon | Republican,MOVEURBAN_W32,3,"0.257664,0.349445,0.392891"
RELIGxPOLPARTY,RELIGxPOLPARTY :: Roman Catholic | Independent,MOVEURBAN_W32,3,"0.265821,0.392858,0.341321"
RELIGxPOLPARTY,RELIGxPOLPARTY :: Mormon | Republican,RACESURV14_W43,4,"0.103391,0.068873,0.110059,0.717676"
RELIGxPOLPARTY,RELIGxPOLPARTY :: Nothing in particular | Democrat,RACESURV14_W43,4,"0.143722,0.117303,0.161591,0.577384"
RELIGxPOLPARTY,RELIGxPOLPARTY :: Protestant | Refused,RACESURV14_W43,4,"0.124278,0.096035,0.158335,0.621352"
RELIGxPOLPARTY,RELIGxPOLPARTY :: Mormon | Republican,WHADVANT_W32,4,"0.379135,0.173580,0.196692,0.250593"
RELIGxPOLPARTY,RELIGxPOLPARTY :: Nothing in particular | Democrat,WHADVANT_W32,4,"0.287852,0.218986,0.233110,0.260052"
RELIGxPOLPARTY,RELIGxPOLPARTY :: Mormon | Republican,WHYNOTBIZF2B_W36,3,"0.603426,0.192867,0.203708"
RELIGxPOLPARTY,RELIGxPOLPARTY :: Roman Catholic | Independent,WHYNOTBIZF2B_W36,3,"0.583366,0.219698,0.196936"
RELIGxPOLPARTY,RELIGxPOLPARTY :: Mormon | Republican,WHYNOTBIZF2O_W36,3,"0.473223,0.263388,0.263388"
RELIGxPOLPARTY,RELIGxPOLPARTY :: Roman Catholic | Independent,WHYNOTBIZF2O_W36,3,"0.431215,0.301037,0.267748"
RELIGxPOLPARTY,RELIGxPOLPARTY :: Nothing in particular | Democrat,FAMSURV23e_W50,3,"0.346436,0.333164,0.320401"
RELIGxPOLPARTY,RELIGxPOLPARTY :: Protestant | Refused,FAMSURV23e_W50,3,"0.335655,0.315319,0.349026"
RELIGxPOLPARTY,RELIGxPOLPARTY :: Nothing in particular | Democrat,FAMSURV27a_W50,4,"0.213737,0.232918,0.270189,0.283156"
RELIGxPOLPARTY,RELIGxPOLPARTY :: Nothing in particular | Other,FAMSURV27a_W50,4,"0.185842,0.233098,0.306402,0.274657"
RELIGxPOLPARTY,RELIGxPOLPARTY :: Other | Democrat,FAMSURV27a_W50,4,"0.224133,0.234890,0.262038,0.278938"
RELIGxPOLPARTY,RELIGxPOLPARTY :: Protestant | Refused,FAMSURV27a_W50,4,"0.222775,0.228058,0.244670,0.304497"
RELIGxPOLPARTY,RELIGxPOLPARTY :: Nothing in particular | Democrat,RACESURV17_W43,4,"0.395333,0.225254,0.192670,0.186742"
RELIGxPOLPARTY,RELIGxPOLPARTY :: Protestant | Refused,RACESURV17_W43,4,"0.370807,0.214607,0.187916,0.226670"
RELIGxPOLPARTY,RELIGxPOLPARTY :: Nothing in particular | Other,GUNCONTRIBA_W26,4,"0.407905,0.282548,0.192681,0.116867"
RELIGxPOLPARTY,RELIGxPOLPARTY :: Other | Democrat,GUNCONTRIBA_W26,4,"0.437904,0.249510,0.176929,0.135656"
RELIGxPOLPARTY,RELIGxPOLPARTY :: Nothing in particular | Other,GUNCONTRIBD_W26,4,"0.323118,0.265789,0.253618,0.157475"
RELIGxPOLPARTY,RELIGxPOLPARTY :: Other | Democrat,GUNCONTRIBD_W26,4,"0.344520,0.246217,0.227714,0.181549"
RELIGxPOLPARTY,RELIGxPOLPARTY :: Roman Catholic | Democrat,GUNCONTRIBD_W26,4,"0.380062,0.230519,0.209890,0.179529"
RELIGxPOLPARTY,RELIGxPOLPARTY :: Nothing in particular | Other,NEIGHINTERB_W32,6,"0.159452,0.169736,0.189354,0.152150,0.148626,0.180683"
RELIGxPOLPARTY,RELIGxPOLPARTY :: Other | Democrat,NEIGHINTERB_W32,6,"0.195827,0.168814,0.157352,0.151324,0.152511,0.174173"
RELIGxPOLPARTY,RELIGxPOLPARTY :: Roman Catholic | Democrat,NEIGHINTERB_W32,6,"0.210269,0.168956,0.155043,0.147943,0.151451,0.166337"
RELIGxPOLPARTY,RELIGxPOLPARTY :: Nothing in particular | Other,RACESURV47e_W43,4,"0.187930,0.367949,0.282116,0.162006"
RELIGxPOLPARTY,RELIGxPOLPARTY :: Other | Democrat,RACESURV47e_W43,4,"0.243722,0.338375,0.243722,0.174180"
RELIGxPOLPARTY,RELIGxPOLPARTY :: Nothing in particular | Other,RACESURV47f_W43,4,"0.137382,0.244911,0.350818,0.266889"
RELIGxPOLPARTY,RELIGxPOLPARTY :: Other | Democrat,RACESURV47f_W43,4,"0.188806,0.244333,0.283431,0.283431"
RELIGxPOLPARTY,RELIGxPOLPARTY :: Nothing in particular | Other,RACESURV48_W43,4,"0.638788,0.234997,0.089894,0.036321"
RELIGxPOLPARTY,RELIGxPOLPARTY :: Other | Democrat,RACESURV48_W43,4,"0.672762,0.192750,0.084206,0.050282"
RELIGxPOLPARTY,RELIGxPOLPARTY :: Nothing in particular | Other,S12_W29,6,"0.272898,0.205995,0.153082,0.094311,0.123005,0.150709"
RELIGxPOLPARTY,RELIGxPOLPARTY :: Other | Democrat,S12_W29,6,"0.349388,0.184114,0.110802,0.085621,0.119805,0.150270"
RELIGxPOLPARTY,RELIGxPOLPARTY :: Roman Catholic | Democrat,S12_W29,6,"0.442663,0.169334,0.089233,0.066312,0.099546,0.132912"
RELIGxPOLPARTY,RELIGxPOLPARTY :: Nothing in particular | Other,SEENFEM_W29,4,"0.257337,0.296193,0.291601,0.154868"
RELIGxPOLPARTY,RELIGxPOLPARTY :: Other | Democrat,SEENFEM_W29,4,"0.300319,0.279928,0.243205,0.176548"
RELIGxPOLPARTY,RELIGxPOLPARTY :: Nothing in particular | Other,SHOOTFREQ_W26,4,"0.205719,0.231296,0.268308,0.294678"
RELIGxPOLPARTY,RELIGxPOLPARTY :: Other | Democrat,SHOOTFREQ_W26,4,"0.265821,0.227369,0.223844,0.282965"
RELIGxPOLPARTY,RELIGxPOLPARTY :: Other | Democrat,FAMSURV10c_W50,4,"0.303326,0.267684,0.253438,0.175552"
RELIGxPOLPARTY,RELIGxPOLPARTY :: Roman Catholic | Democrat,FAMSURV10c_W50,4,"0.338292,0.259378,0.236166,0.166164"
RELIGxPOLPARTY,RELIGxPOLPARTY :: Other | Democrat,FAMSURV30f_W50,3,"0.288123,0.292660,0.419217"
RELIGxPOLPARTY,RELIGxPOLPARTY :: Roman Catholic | Democrat,FAMSURV30f_W50,3,"0.274554,0.283269,0.442177"
RELIGxPOLPARTY,RELIGxPOLPARTY :: Other | Democrat,NEIGHINTERC_W32,6,"0.214603,0.171097,0.148651,0.141844,0.148651,0.175154"
RELIGxPOLPARTY,RELIGxPOLPARTY :: Roman Catholic | Democrat,NEIGHINTERC_W32,6,"0.239205,0.170952,0.142836,0.135234,0.147370,0.164403"
RELIGxPOLPARTY,RELIGxPOLPARTY :: Other | Democrat,REASONGUNB_W26,3,"0.493190,0.225799,0.281011"
RELIGxPOLPARTY,RELIGxPOLPARTY :: Roman Catholic | Democrat,REASONGUNB_W26,3,"0.564390,0.189047,0.246564"
RACExRELIG,RACExRELIG :: Asian | Hindu,COHABDUR_W50,6,"0.213685,0.193049,0.185653,0.145721,0.140138,0.121754"
RACExRELIG,RACExRELIG :: Black | Roman Catholic,COHABDUR_W50,6,"0.203405,0.198693,0.175346,0.143113,0.128286,0.151158"
RACExRELIG,RACExRELIG :: Mixed Race | Protestant,COHABDUR_W50,6,"0.202992,0.187737,0.172277,0.145072,0.136282,0.155639"
RACExRELIG,RACExRELIG :: Mixed Race | Roman Catholic,COHABDUR_W50,6,"0.202057,0.188338,0.166208,0.144404,0.131481,0.167511"
RACExRELIG,RACExRELIG :: White | Agnostic,COHABDUR_W50,6,"0.247401,0.183852,0.170036,0.127351,0.122472,0.148888"
RACExRELIG,RACExRELIG :: White | Jewish,COHABDUR_W50,6,"0.203156,0.190848,0.163241,0.131168,0.125161,0.186427"
RACExRELIG,RACExRELIG :: Asian | Hindu,DNA2c_W50,2,"0.594551,0.405449"
RACExRELIG,RACExRELIG :: Black | Roman Catholic,DNA2c_W50,2,"0.544801,0.455199"
RACExRELIG,RACExRELIG :: Asian | Hindu,ECON3_d_W54,4,"0.337906,0.259082,0.239611,0.163401"
RACExRELIG,RACExRELIG :: Black | Roman Catholic,ECON3_d_W54,4,"0.332746,0.265288,0.235952,0.166013"
RACExRELIG,RACExRELIG :: Asian | Hindu,FAMSURV23f_W50,3,"0.358037,0.325996,0.315967"
RACExRELIG,RACExRELIG :: Black | Roman Catholic,FAMSURV23f_W50,3,"0.322144,0.337604,0.340252"
RACExRELIG,RACExRELIG :: Mixed Race | Roman Catholic,FAMSURV23f_W50,3,"0.319532,0.332261,0.348207"
RACExRELIG,RACExRELIG :: White | Jewish,FAMSURV23f_W50,3,"0.307813,0.343390,0.348797"
RACExRELIG,RACExRELIG :: Asian | Hindu,FAMSURV23g_W50,3,"0.299041,0.325877,0.375082"
RACExRELIG,RACExRELIG :: Black | Roman Catholic,FAMSURV23g_W50,3,"0.258926,0.327313,0.413762"
RACExRELIG,RACExRELIG :: White | Atheist,FAMSURV23g_W50,3,"0.259400,0.322829,0.417771"
RACExRELIG,RACExRELIG :: White | Orthodox,FAMSURV23g_W50,3,"0.261355,0.317726,0.420919"
RACExRELIG,RACExRELIG :: Asian | Hindu,FAMSURV26a_W50,4,"0.218921,0.242323,0.276742,0.262014"
RACExRELIG,RACExRELIG :: Black | Roman Catholic,FAMSURV26a_W50,4,"0.211833,0.230843,0.267782,0.289542"
RACExRELIG,RACExRELIG :: Asian | Hindu,FAMSURV26d_W50,4,"0.224251,0.268394,0.270499,0.236857"
RACExRELIG,RACExRELIG :: Black | Roman Catholic,FAMSURV26d_W50,4,"0.225426,0.261499,0.263550,0.249524"
RACExRELIG,RACExRELIG :: Mixed Race | Roman Catholic,FAMSURV26d_W50,4,"0.233745,0.254721,0.250772,0.260762"
RACExRELIG,RACExRELIG :: White | Atheist,FAMSURV26d_W50,4,"0.219077,0.264257,0.268419,0.248247"
RACExRELIG,RACExRELIG :: White | Jewish,FAMSURV26d_W50,4,"0.219393,0.275181,0.262579,0.242846"
RACExRELIG,RACExRELIG :: White | Orthodox,FAMSURV26d_W50,4,"0.236991,0.262325,0.246431,0.254254"
RACExRELIG,RACExRELIG :: Asian | Hindu,FAMSURV27a_W50,4,"0.216193,0.250789,0.284181,0.248837"
RACExRELIG,RACExRELIG :: Asian | Nothing in particular,FAMSURV27a_W50,4,"0.194302,0.238064,0.284925,0.282708"
RACExRELIG,RACExRELIG :: Black | Roman Catholic,FAMSURV27a_W50,4,"0.206514,0.237696,0.277895,0.277895"
RACExRELIG,RACExRELIG :: White | Atheist,FAMSURV27a_W50,4,"0.207591,0.248454,0.281535,0.262420"
RACExRELIG,RACExRELIG :: Asian | Hindu,FAMSURV27b_W50,4,"0.209999,0.249380,0.289286,0.251336"
RACExRELIG,RACExRELIG :: Asian | Nothing in particular,FAMSURV27b_W50,4,"0.192574,0.235947,0.289088,0.282391"
RACExRELIG,RACExRELIG :: Black | Roman Catholic,FAMSURV27b_W50,4,"0.203751,0.232691,0.280679,0.282880"
RACExRELIG,RACExRELIG :: Hispanic | Roman Catholic,FAMSURV27b_W50,4,"0.202322,0.229260,0.285319,0.283099"
RACExRELIG,RACExRELIG :: Mixed Race | Protestant,FAMSURV27b_W50,4,"0.214421,0.239204,0.271053,0.275322"
RACExRELIG,RACExRELIG :: White | Agnostic,FAMSURV27b_W50,4,"0.225070,0.234036,0.273616,0.267278"
RACExRELIG,RACExRELIG :: White | Jewish,FAMSURV27b_W50,4,"0.202545,0.250110,0.279017,0.268328"
RACExRELIG,RACExRELIG :: White | Nothing in particular,FAMSURV27b_W50,4,"0.195042,0.237111,0.275054,0.292793"
RACExRELIG,RACExRELIG :: Asian | Hindu,FAMSURV27c_W50,4,"0.208628,0.253627,0.291922,0.245823"
RACExRELIG,RACExRELIG :: Black | Roman Catholic,FAMSURV27c_W50,4,"0.201385,0.239151,0.288471,0.270993"
RACExRELIG,RACExRELIG :: White | Atheist,FAMSURV27c_W50,4,"0.202833,0.250466,0.288284,0.258416"
RACExRELIG,RACExRELIG :: White | Orthodox,FAMSURV27c_W50,4,"0.219993,0.249284,0.265362,0.265362"
RACExRELIG,RACExRELIG :: Asian | Hindu,FAMSURV27d_W50,4,"0.200730,0.253746,0.289787,0.255736"
RACExRELIG,RACExRELIG :: Black | Roman Catholic,FAMSURV27d_W50,4,"0.195226,0.241072,0.284053,0.279649"
RACExRELIG,RACExRELIG :: White | Atheist,FAMSURV27d_W50,4,"0.197057,0.251057,0.286716,0.265169"
RACExRELIG,RACExRELIG :: White | Orthodox,FAMSURV27d_W50,4,"0.217715,0.248638,0.260571,0.273076"
RACExRELIG,RACExRELIG :: Asian | Hindu,FAMSURV40_W50,4,"0.249128,0.195543,0.230406,0.324924"
RACExRELIG,RACExRELIG :: Black | Roman Catholic,FAMSURV40_W50,4,"0.252951,0.185063,0.193944,0.368042"
RACExRELIG,RACExRELIG :: Mixed Race | Roman Catholic,FAMSURV40_W50,4,"0.257766,0.178549,0.191556,0.372129"
RACExRELIG,RACExRELIG :: White | Jewish,FAMSURV40_W50,4,"0.239496,0.189457,0.200107,0.370939"
RACExRELIG,RACExRELIG :: Asian | Hindu,FAMSURV43_W50,4,"0.322809,0.284878,0.232511,0.159802"
RACExRELIG,RACExRELIG :: Black | Roman Catholic,FAMSURV43_W50,4,"0.312447,0.300478,0.219834,0.167241"
RACExRELIG,RACExRELIG :: Mixed Race | Nothing in particular,FAMSURV43_W50,4,"0.290496,0.304437,0.231604,0.173463"
RACExRELIG,RACExRELIG :: White | Agnostic,FAMSURV43_W50,4,"0.318816,0.268470,0.229634,0.183080"
RACExRELIG,RACExRELIG :: Asian | Hindu,INEQ8_b_W54,4,"0.520720,0.310936,0.121764,0.046579"
RACExRELIG,RACExRELIG :: Black | Roman Catholic,INEQ8_b_W54,4,"0.465893,0.332959,0.140984,0.060164"
RACExRELIG,RACExRELIG :: Asian | Hindu,INEQ8_i_W54,4,"0.383432,0.300959,0.200482,0.115127"
RACExRELIG,RACExRELIG :: Black | Roman Catholic,INEQ8_i_W54,4,"0.350122,0.304191,0.204224,0.141462"
RACExRELIG,RACExRELIG :: Asian | Hindu,RACESURV13_W43,4,"0.333645,0.259843,0.222256,0.184256"
RACExRELIG,RACExRELIG :: Black | Nothing in particular,RACESURV13_W43,4,"0.310983,0.285374,0.222249,0.181395"
RACExRELIG,RACExRELIG :: Black | Roman Catholic,RACESURV13_W43,4,"0.330168,0.263233,0.219939,0.186660"
RACExRELIG,RACExRELIG :: Other | Nothing in particular,RACESURV13_W43,4,"0.288888,0.269273,0.232128,0.209710"
RACExRELIG,RACExRELIG :: Asian | Hindu,RACESURV25_W43,4,"0.315571,0.296451,0.240073,0.147905"
RACExRELIG,RACExRELIG :: Black | Nothing in particular,RACESURV25_W43,4,"0.289550,0.330676,0.241928,0.137846"
RACExRELIG,RACExRELIG :: Black | Protestant,RACESURV25_W43,4,"0.299426,0.306527,0.235022,0.159024"
RACExRELIG,RACExRELIG :: Black | Roman Catholic,RACESURV25_W43,4,"0.315898,0.306179,0.227533,0.150390"
RACExRELIG,RACExRELIG :: Other | Nothing in particular,RACESURV25_W43,4,"0.292568,0.311437,0.236929,0.159066"
RACExRELIG,RACExRELIG :: Asian | Hindu,RACESURV47d_W43,4,"0.233938,0.373833,0.233938,0.158291"
RACExRELIG,RACExRELIG :: Black | Roman Catholic,RACESURV47d_W43,4,"0.207651,0.376008,0.231652,0.184689"
RACExRELIG,RACExRELIG :: Asian | Hindu,ROMRELDUR_W50,6,"0.188219,0.158496,0.183859,0.159739,0.152424,0.157263"
RACExRELIG,RACExRELIG :: Asian | Nothing in particular,ROMRELDUR_W50,6,"0.200703,0.153885,0.177120,0.147989,0.144561,0.175742"
RACExRELIG,RACExRELIG :: Black | Roman Catholic,ROMRELDUR_W50,6,"0.174028,0.154784,0.172674,0.159697,0.143152,0.195665"
RACExRELIG,RACExRELIG :: Mixed Race | Nothing in particular,ROMRELDUR_W50,6,"0.187106,0.156333,0.174402,0.152711,0.142343,0.187106"
RACExRELIG,RACExRELIG :: Mixed Race | Roman Catholic,ROMRELDUR_W50,6,"0.175458,0.152440,0.162272,0.156055,0.138799,0.214976"
RACExRELIG,RACExRELIG :: White | Agnostic,ROMRELDUR_W50,6,"0.229405,0.157668,0.165234,0.132770,0.134860,0.180062"
RACExRELIG,RACExRELIG :: White | Atheist,ROMRELDUR_W50,6,"0.193589,0.165585,0.177647,0.149594,0.142743,0.170842"
RACExRELIG,RACExRELIG :: White | Jewish,ROMRELDUR_W50,6,"0.174086,0.157273,0.156049,0.142084,0.139882,0.230626"
RACExRELIG,RACExRELIG :: Asian | Hindu,ROMRELSER_W50,4,"0.403431,0.256436,0.206052,0.134081"
RACExRELIG,RACExRELIG :: Black | Roman Catholic,ROMRELSER_W50,4,"0.403922,0.266976,0.193804,0.135297"
RACExRELIG,RACExRELIG :: Asian | Nothing in particular,DNA3c_W50,2,"0.577495,0.422505"
RACExRELIG,RACExRELIG :: White | Atheist,DNA3c_W50,2,"0.525369,0.474631"
RACExRELIG,RACExRELIG :: Asian | Nothing in particular,ECON3_b_W54,4,"0.265290,0.239670,0.280202,0.214838"
RACExRELIG,RACExRELIG :: White | Atheist,ECON3_b_W54,4,"0.261397,0.251383,0.280438,0.206782"
RACExRELIG,RACExRELIG :: Asian | Nothing in particular,ECON4_f_W54,4,"0.279203,0.235112,0.254217,0.231467"
RACExRELIG,RACExRELIG :: White | Atheist,ECON4_f_W54,4,"0.262589,0.246680,0.262589,0.228142"
RACExRELIG,RACExRELIG :: Asian | Nothing in particular,FAMSURV25_W50,4,"0.313610,0.294609,0.217231,0.174550"
RACExRELIG,RACExRELIG :: Hispanic | Roman Catholic,FAMSURV25_W50,4,"0.324221,0.290630,0.214297,0.170852"
RACExRELIG,RACExRELIG :: Mixed Race | Roman Catholic,FAMSURV25_W50,4,"0.318182,0.282997,0.210305,0.188516"
RACExRELIG,RACExRELIG :: White | Atheist,FAMSURV25_W50,4,"0.290153,0.287895,0.233145,0.188806"
RACExRELIG,RACExRELIG :: White | Jewish,FAMSURV25_W50,4,"0.296644,0.292045,0.225675,0.185635"
RACExRELIG,RACExRELIG :: White | Nothing in particular,FAMSURV25_W50,4,"0.291868,0.291868,0.220313,0.195951"
RACExRELIG,RACExRELIG :: White | Orthodox,FAMSURV25_W50,4,"0.298105,0.280044,0.223270,0.198581"
RACExRELIG,RACExRELIG :: Asian | Nothing in particular,FAMSURV26b_W50,4,"0.211182,0.235590,0.269052,0.284176"
RACExRELIG,RACExRELIG :: Mixed Race | Roman Catholic,FAMSURV26b_W50,4,"0.234237,0.236074,0.249344,0.280345"
RACExRELIG,RACExRELIG :: White | Atheist,FAMSURV26b_W50,4,"0.219505,0.246796,0.266850,0.266850"
RACExRELIG,RACExRELIG :: White | Jewish,FAMSURV26b_W50,4,"0.217816,0.254652,0.262736,0.264796"
RACExRELIG,RACExRELIG :: White | Orthodox,FAMSURV26b_W50,4,"0.238327,0.247821,0.245893,0.267959"
RACExRELIG,RACExRELIG :: Asian | Nothing in particular,FAMSURV29_W50,4,"0.207528,0.256263,0.250327,0.285882"
RACExRELIG,RACExRELIG :: White | Jewish,FAMSURV29_W50,4,"0.215816,0.264423,0.242648,0.277113"
RACExRELIG,RACExRELIG :: Asian | Nothing in particular,FAMSURV30b_W50,3,"0.274483,0.313469,0.412048"
RACExRELIG,RACExRELIG :: White | Atheist,FAMSURV30b_W50,3,"0.267510,0.327760,0.404730"
RACExRELIG,RACExRELIG :: White | Jewish,FAMSURV30b_W50,3,"0.266664,0.326723,0.406613"
RACExRELIG,RACExRELIG :: Asian | Nothing in particular,FAMSURV30e_W50,3,"0.276115,0.296229,0.427656"
RACExRELIG,RACExRELIG :: White | Atheist,FAMSURV30e_W50,3,"0.274266,0.310784,0.414951"
RACExRELIG,RACExRELIG :: White | Jewish,FAMSURV30e_W50,3,"0.271827,0.310436,0.417737"
RACExRELIG,RACExRELIG :: White | Orthodox,FAMSURV30e_W50,3,"0.274037,0.308108,0.417856"
RACExRELIG,RACExRELIG :: Asian | Nothing in particular,FIN_SITGROWUP_W54,4,"0.267303,0.305269,0.271512,0.155916"
RACExRELIG,RACExRELIG :: White | Jewish,FIN_SITGROWUP_W54,4,"0.261870,0.292137,0.270182,0.175811"
RACExRELIG,RACExRELIG :: Asian | Nothing in particular,GAP21Q15_a_W82,5,"0.081086,0.171658,0.243976,0.313271,0.190009"
RACExRELIG,RACExRELIG :: White | Jewish,GAP21Q15_a_W82,5,"0.099635,0.168166,0.201268,0.297455,0.233475"
RACExRELIG,RACExRELIG :: Asian | Nothing in particular,GAP21Q19_b_W82,4,"0.232290,0.249210,0.305339,0.213161"
RACExRELIG,RACExRELIG :: White | Jewish,GAP21Q19_b_W82,4,"0.240469,0.255978,0.294629,0.208923"
RACExRELIG,RACExRELIG :: Asian | Nothing in particular,GAP21Q33_c_W82,3,"0.289728,0.418271,0.292000"
RACExRELIG,RACExRELIG :: White | Jewish,GAP21Q33_c_W82,3,"0.280178,0.423895,0.295927"
RACExRELIG,RACExRELIG :: Asian | Nothing in particular,GAP21Q43_a_W82,4,"0.493768,0.240643,0.183072,0.082517"
RACExRELIG,RACExRELIG :: White | Jewish,GAP21Q43_a_W82,4,"0.450378,0.268933,0.186284,0.094404"
RACExRELIG,RACExRELIG :: Asian | Nothing in particular,GAP21Q4_b_W82,4,"0.231395,0.355602,0.250197,0.162806"
RACExRELIG,RACExRELIG :: White | Jewish,GAP21Q4_b_W82,4,"0.231013,0.333506,0.259735,0.175746"
RACExRELIG,RACExRELIG :: Asian | Nothing in particular,GAP21Q4_e_W82,4,"0.225364,0.351788,0.255371,0.167476"
RACExRELIG,RACExRELIG :: White | Jewish,GAP21Q4_e_W82,4,"0.225908,0.331272,0.264113,0.178708"
RACExRELIG,RACExRELIG :: Asian | Nothing in particular,GAP21Q4_f_W82,4,"0.256169,0.369823,0.231429,0.142579"
RACExRELIG,RACExRELIG :: White | Jewish,GAP21Q4_f_W82,4,"0.247480,0.354498,0.245554,0.152468"
RACExRELIG,RACExRELIG :: Asian | Nothing in particular,GODMORALIMP_W92,4,"0.268197,0.339033,0.215502,0.177267"
RACExRELIG,RACExRELIG :: Hispanic | Nothing in particular,GODMORALIMP_W92,4,"0.250129,0.355505,0.227745,0.166622"
RACExRELIG,RACExRELIG :: Hispanic | Roman Catholic,GODMORALIMP_W92,4,"0.294061,0.320450,0.208520,0.176969"
RACExRELIG,RACExRELIG :: Mixed Race | Protestant,GODMORALIMP_W92,4,"0.266135,0.318522,0.220634,0.194709"
RACExRELIG,RACExRELIG :: White | Agnostic,GODMORALIMP_W92,4,"0.273298,0.302513,0.217892,0.206296"
RACExRELIG,RACExRELIG :: White | Atheist,GODMORALIMP_W92,4,"0.263742,0.315658,0.229143,0.191456"
RACExRELIG,RACExRELIG :: White | Nothing in particular,GODMORALIMP_W92,4,"0.263008,0.322244,0.214661,0.200086"
RACExRELIG,RACExRELIG :: White | Orthodox,GODMORALIMP_W92,4,"0.286816,0.298241,0.213143,0.201800"
RACExRELIG,RACExRELIG :: Asian | Nothing in particular,HAVEKIDS1_W50,4,"0.305728,0.289458,0.223676,0.181138"
RACExRELIG,RACExRELIG :: Mixed Race | Roman Catholic,HAVEKIDS1_W50,4,"0.311205,0.276792,0.217256,0.194747"
RACExRELIG,RACExRELIG :: White | Atheist,HAVEKIDS1_W50,4,"0.275657,0.277819,0.243267,0.203257"
RACExRELIG,RACExRELIG :: White | Jewish,HAVEKIDS1_W50,4,"0.281931,0.284143,0.235563,0.198363"
RACExRELIG,RACExRELIG :: White | Orthodox,HAVEKIDS1_W50,4,"0.289272,0.271746,0.230628,0.208355"
RACExRELIG,RACExRELIG :: Asian | Nothing in particular,IDIMPORT_W43,5,"0.191858,0.159056,0.201065,0.256164,0.191858"
RACExRELIG,RACExRELIG :: Black | Nothing in particular,IDIMPORT_W43,5,"0.176207,0.168138,0.214213,0.262460,0.178982"
RACExRELIG,RACExRELIG :: Black | Protestant,IDIMPORT_W43,5,"0.194890,0.165401,0.205845,0.252206,0.181658"
RACExRELIG,RACExRELIG :: Hispanic | Nothing in particular,IDIMPORT_W43,5,"0.171954,0.162803,0.220794,0.268417,0.176032"
RACExRELIG,RACExRELIG :: Hispanic | Roman Catholic,IDIMPORT_W43,5,"0.196674,0.159271,0.201338,0.256511,0.186207"
RACExRELIG,RACExRELIG :: Other | Nothing in particular,IDIMPORT_W43,5,"0.183727,0.160877,0.194054,0.261128,0.200214"
RACExRELIG,RACExRELIG :: White | Atheist,IDIMPORT_W43,5,"0.198781,0.167391,0.195700,0.245462,0.192666"
RACExRELIG,RACExRELIG :: White | Jewish,IDIMPORT_W43,5,"0.207974,0.167112,0.192344,0.235665,0.196906"
RACExRELIG,RACExRELIG :: White | Nothing in particular,IDIMPORT_W43,5,"0.203698,0.157405,0.184026,0.249576,0.205295"
RACExRELIG,RACExRELIG :: Asian | Nothing in particular,MARRDUR_W50,6,"0.149560,0.177607,0.173492,0.161713,0.169474,0.168155"
RACExRELIG,RACExRELIG :: Mixed Race | Roman Catholic,MARRDUR_W50,6,"0.134517,0.157266,0.152428,0.168722,0.175443,0.211625"
RACExRELIG,RACExRELIG :: White | Jewish,MARRDUR_W50,6,"0.137870,0.161186,0.144487,0.145620,0.161186,0.249650"
RACExRELIG,RACExRELIG :: Asian | Nothing in particular,RACESURV21_W43,4,"0.223655,0.259444,0.261479,0.255422"
RACExRELIG,RACExRELIG :: Black | Protestant,RACESURV21_W43,4,"0.228109,0.268778,0.256469,0.246644"
RACExRELIG,RACExRELIG :: Hispanic | Nothing in particular,RACESURV21_W43,4,"0.196619,0.281644,0.275120,0.246616"
RACExRELIG,RACExRELIG :: Hispanic | Roman Catholic,RACESURV21_W43,4,"0.227527,0.272314,0.259844,0.240316"
RACExRELIG,RACExRELIG :: Other | Nothing in particular,RACESURV21_W43,4,"0.197232,0.273830,0.257239,0.271699"
RACExRELIG,RACExRELIG :: White | Atheist,RACESURV21_W43,4,"0.224093,0.257930,0.264046,0.253931"
RACExRELIG,RACExRELIG :: White | Nothing in particular,RACESURV21_W43,4,"0.218617,0.263702,0.247725,0.269956"
RACExRELIG,RACExRELIG :: Asian | Nothing in particular,RACESURV27_W43,4,"0.269277,0.327357,0.286643,0.116723"
RACExRELIG,RACExRELIG :: White | Atheist,RACESURV27_W43,4,"0.253190,0.298331,0.293706,0.154772"
RACExRELIG,RACExRELIG :: White | Jewish,RACESURV27_W43,4,"0.263801,0.310833,0.280815,0.144551"
RACExRELIG,RACExRELIG :: Asian | Nothing in particular,RACESURV34a_W43,5,"0.240304,0.160077,0.150378,0.163873,0.285368"
RACExRELIG,RACExRELIG :: Black | Nothing in particular,RACESURV34a_W43,5,"0.236549,0.169054,0.158811,0.175788,0.259798"
RACExRELIG,RACExRELIG :: Other | Nothing in particular,RACESURV34a_W43,5,"0.214562,0.155755,0.141817,0.160699,0.327167"
RACExRELIG,RACExRELIG :: White | Atheist,RACESURV34a_W43,5,"0.257622,0.170278,0.163754,0.166333,0.242013"
RACExRELIG,RACExRELIG :: White | Jewish,RACESURV34a_W43,5,"0.257582,0.163729,0.153809,0.161190,0.263690"
RACExRELIG,RACExRELIG :: Asian | Nothing in particular,RACESURV47b_W43,4,"0.173056,0.240264,0.301359,0.285321"
RACExRELIG,RACExRELIG :: Black | Nothing in particular,RACESURV47b_W43,4,"0.156805,0.252538,0.302249,0.288408"
RACExRELIG,RACExRELIG :: Black | Protestant,RACESURV47b_W43,4,"0.170107,0.232508,0.289361,0.308024"
RACExRELIG,RACExRELIG :: Other | Nothing in particular,RACESURV47b_W43,4,"0.164844,0.287060,0.282609,0.265487"
RACExRELIG,RACExRELIG :: White | Atheist,RACESURV47b_W43,4,"0.174682,0.242521,0.292537,0.290260"
RACExRELIG,RACExRELIG :: Asian | Nothing in particular,RACESURV47f_W43,4,"0.161805,0.193656,0.339876,0.304663"
RACExRELIG,RACExRELIG :: White | Atheist,RACESURV47f_W43,4,"0.156955,0.193813,0.329688,0.319544"
RACExRELIG,RACExRELIG :: White | Jewish,RACESURV47f_W43,4,"0.166073,0.191149,0.317623,0.325155"
RACExRELIG,RACExRELIG :: Asian | Nothing in particular,RACESURV5f_W43,5,"0.182999,0.144764,0.139219,0.171912,0.361106"
RACExRELIG,RACExRELIG :: Asian | Roman Catholic,RACESURV5f_W43,5,"0.219544,0.148551,0.135257,0.161882,0.334765"
RACExRELIG,RACExRELIG :: Black | Nothing in particular,RACESURV5f_W43,5,"0.179641,0.158533,0.145478,0.170081,0.346267"
RACExRELIG,RACExRELIG :: Hispanic | Roman Catholic,RACESURV5f_W43,5,"0.202548,0.158982,0.148187,0.166612,0.323671"
RACExRELIG,RACExRELIG :: Other | Nothing in particular,RACESURV5f_W43,5,"0.184058,0.149055,0.143344,0.174263,0.349281"
RACExRELIG,RACExRELIG :: White | Jewish,RACESURV5f_W43,5,"0.208900,0.171837,0.156459,0.170500,0.292304"
RACExRELIG,RACExRELIG :: Asian | Nothing in particular,REPRSNTREP_W92,4,"0.164346,0.155600,0.329405,0.350649"
RACExRELIG,RACExRELIG :: White | Atheist,REPRSNTREP_W92,4,"0.177208,0.185712,0.308589,0.328491"
RACExRELIG,RACExRELIG :: Asian | Nothing in particular,SOCIETY_RELG_W92,5,"0.112068,0.149631,0.391157,0.195156,0.151987"
RACExRELIG,RACExRELIG :: Hispanic | Nothing in particular,SOCIETY_RELG_W92,5,"0.106799,0.152982,0.406215,0.201091,0.132913"
RACExRELIG,RACExRELIG :: Mixed Race | Protestant,SOCIETY_RELG_W92,5,"0.131299,0.153504,0.348639,0.208182,0.158376"
RACExRELIG,RACExRELIG :: White | Agnostic,SOCIETY_RELG_W92,5,"0.151419,0.159931,0.330730,0.192913,0.165007"
RACExRELIG,RACExRELIG :: White | Atheist,SOCIETY_RELG_W92,5,"0.133318,0.172526,0.332552,0.203285,0.158319"
RACExRELIG,RACExRELIG :: White | Orthodox,SOCIETY_RELG_W92,5,"0.136536,0.160879,0.327533,0.195579,0.179473"
RACExRELIG,RACExRELIG :: Asian | Nothing in particular,SOCIETY_SSM_W92,5,"0.149314,0.212218,0.349889,0.150485,0.138093"
RACExRELIG,RACExRELIG :: Hispanic | Nothing in particular,SOCIETY_SSM_W92,5,"0.142280,0.218652,0.357691,0.158724,0.122653"
RACExRELIG,RACExRELIG :: Mixed Race | Protestant,SOCIETY_SSM_W92,5,"0.175027,0.203035,0.302420,0.170973,0.148544"
RACExRELIG,RACExRELIG :: White | Agnostic,SOCIETY_SSM_W92,5,"0.189884,0.198997,0.298730,0.156195,0.156195"
RACExRELIG,RACExRELIG :: White | Atheist,SOCIETY_SSM_W92,5,"0.174550,0.227657,0.285545,0.165261,0.146986"
RACExRELIG,RACExRELIG :: White | Orthodox,SOCIETY_SSM_W92,5,"0.177350,0.199400,0.283404,0.166605,0.173242"
RACExRELIG,RACExRELIG :: Asian | Roman Catholic,ADMISSIONc_W43,3,"0.258268,0.344833,0.396900"
RACExRELIG,RACExRELIG :: Hispanic | Roman Catholic,ADMISSIONc_W43,3,"0.243287,0.370968,0.385746"
RACExRELIG,RACExRELIG :: Asian | Roman Catholic,CANDEXP_W92,4,"0.373201,0.250556,0.201327,0.174916"
RACExRELIG,RACExRELIG :: Hispanic | Roman Catholic,CANDEXP_W92,4,"0.343747,0.276209,0.215112,0.164932"
RACExRELIG,RACExRELIG :: Asian | Roman Catholic,FREECOLL_W92,4,"0.378187,0.303882,0.163932,0.154000"
RACExRELIG,RACExRELIG :: Hispanic | Roman Catholic,FREECOLL_W92,4,"0.324954,0.330071,0.186605,0.158370"
RACExRELIG,RACExRELIG :: Asian | Roman Catholic,POLINTOL2_a_W92,4,"0.329756,0.223124,0.237514,0.209606"
RACExRELIG,RACExRELIG :: Hispanic | Roman Catholic,POLINTOL2_a_W92,4,"0.314486,0.244922,0.246843,0.193749"
RACExRELIG,RACExRELIG :: Asian | Roman Catholic,RACESURV14_W43,4,"0.144375,0.093947,0.158565,0.603113"
RACExRELIG,RACExRELIG :: Hispanic | Roman Catholic,RACESURV14_W43,4,"0.136073,0.100334,0.181682,0.581911"
RACExRELIG,RACExRELIG :: Asian | Roman Catholic,RACESURV19a_W43,3,"0.814339,0.090655,0.095006"
RACExRELIG,RACExRELIG :: Black | Nothing in particular,RACESURV19a_W43,3,"0.809027,0.117465,0.073508"
RACExRELIG,RACExRELIG :: Black | Protestant,RACESURV19a_W43,3,"0.784102,0.113847,0.102051"
RACExRELIG,RACExRELIG :: Hispanic | Roman Catholic,RACESURV19a_W43,3,"0.805014,0.091028,0.103958"
RACExRELIG,RACExRELIG :: Other | Nothing in particular,RACESURV19a_W43,3,"0.774778,0.130494,0.094728"
RACExRELIG,RACExRELIG :: Asian | Roman Catholic,RACESURV19c_W43,3,"0.511264,0.241504,0.247231"
RACExRELIG,RACExRELIG :: Black | Nothing in particular,RACESURV19c_W43,3,"0.496422,0.276300,0.227278"
RACExRELIG,RACExRELIG :: Black | Protestant,RACESURV19c_W43,3,"0.483928,0.261060,0.255012"
RACExRELIG,RACExRELIG :: Hispanic | Roman Catholic,RACESURV19c_W43,3,"0.485895,0.258057,0.256049"
RACExRELIG,RACExRELIG :: Other | Nothing in particular,RACESURV19c_W43,3,"0.469466,0.286979,0.243556"
RACExRELIG,RACExRELIG :: Asian | Roman Catholic,RACESURV19d_W43,3,"0.393990,0.279381,0.326629"
RACExRELIG,RACExRELIG :: Hispanic | Roman Catholic,RACESURV19d_W43,3,"0.365787,0.298547,0.335665"
RACExRELIG,RACExRELIG :: Asian | Roman Catholic,RACESURV24_W43,4,"0.269534,0.216577,0.286918,0.226971"
RACExRELIG,RACExRELIG :: Hispanic | Roman Catholic,RACESURV24_W43,4,"0.243910,0.243910,0.303551,0.208628"
RACExRELIG,RACExRELIG :: Asian | Roman Catholic,RACESURV26_W43,4,"0.285032,0.296387,0.263612,0.154969"
RACExRELIG,RACExRELIG :: Hispanic | Roman Catholic,RACESURV26_W43,4,"0.256849,0.324688,0.277721,0.140742"
RACExRELIG,RACExRELIG :: Asian | Roman Catholic,RACESURV29c_W43,4,"0.277518,0.334750,0.258675,0.129058"
RACExRELIG,RACExRELIG :: Hispanic | Roman Catholic,RACESURV29c_W43,4,"0.236895,0.369788,0.276958,0.116359"
RACExRELIG,RACExRELIG :: Asian | Roman Catholic,RACESURV29d_W43,4,"0.294400,0.344189,0.247910,0.113501"
RACExRELIG,RACExRELIG :: Hispanic | Roman Catholic,RACESURV29d_W43,4,"0.214685,0.365191,0.288890,0.131234"
RACExRELIG,RACExRELIG :: Asian | Roman Catholic,RACESURV47a_W43,4,"0.141197,0.153868,0.259702,0.445233"
RACExRELIG,RACExRELIG :: Black | Protestant,RACESURV47a_W43,4,"0.130559,0.197530,0.285167,0.386744"
RACExRELIG,RACExRELIG :: Hispanic | Roman Catholic,RACESURV47a_W43,4,"0.125838,0.181668,0.292582,0.399912"
RACExRELIG,RACExRELIG :: Other | Nothing in particular,RACESURV47a_W43,4,"0.125400,0.247447,0.291564,0.335588"
RACExRELIG,RACExRELIG :: Asian | Roman Catholic,RACESURV47e_W43,4,"0.263191,0.295913,0.235923,0.204973"
RACExRELIG,RACExRELIG :: Hispanic | Roman Catholic,RACESURV47e_W43,4,"0.227201,0.325451,0.251489,0.195860"
RACExRELIG,RACExRELIG :: Asian | Roman Catholic,RACESURV5b_W43,5,"0.161702,0.150723,0.222754,0.281588,0.183233"
RACExRELIG,RACExRELIG :: Black | Nothing in particular,RACESURV5b_W43,5,"0.138424,0.163103,0.244846,0.284027,0.169600"
RACExRELIG,RACExRELIG :: Black | Protestant,RACESURV5b_W43,5,"0.152016,0.166957,0.244826,0.281793,0.154410"
RACExRELIG,RACExRELIG :: Hispanic | Roman Catholic,RACESURV5b_W43,5,"0.147635,0.158390,0.243410,0.284575,0.165991"
RACExRELIG,RACExRELIG :: Other | Nothing in particular,RACESURV5b_W43,5,"0.152105,0.160655,0.209533,0.264875,0.212833"
RACExRELIG,RACExRELIG :: Asian | Roman Catholic,RACESURV5c_W43,5,"0.209245,0.177584,0.177584,0.189037,0.246551"
RACExRELIG,RACExRELIG :: Hispanic | Roman Catholic,RACESURV5c_W43,5,"0.193284,0.191780,0.194800,0.188806,0.231330"
RACExRELIG,RACExRELIG :: Asian | Roman Catholic,RACESURV5j_W43,5,"0.221854,0.179663,0.170101,0.215028,0.213355"
RACExRELIG,RACExRELIG :: Black | Nothing in particular,RACESURV5j_W43,5,"0.195458,0.195458,0.187970,0.214669,0.206445"
RACExRELIG,RACExRELIG :: Black | Protestant,RACESURV5j_W43,5,"0.211273,0.193875,0.189384,0.214600,0.190869"
RACExRELIG,RACExRELIG :: Hispanic | Roman Catholic,RACESURV5j_W43,5,"0.205667,0.191703,0.182924,0.217228,0.202478"
RACExRELIG,RACExRELIG :: Other | Nothing in particular,RACESURV5j_W43,5,"0.195737,0.186773,0.175457,0.214975,0.227058"
RACExRELIG,RACExRELIG :: Asian | Roman Catholic,SOCIETY_GUNS_W92,5,"0.136540,0.130288,0.293608,0.201793,0.237771"
RACExRELIG,RACExRELIG :: Hispanic | Roman Catholic,SOCIETY_GUNS_W92,5,"0.119514,0.138638,0.300458,0.223281,0.218109"
RACExRELIG,RACExRELIG :: Asian | Roman Catholic,UNIMMIGCOMM_W92,4,"0.205974,0.160413,0.347647,0.285967"
RACExRELIG,RACExRELIG :: Hispanic | Roman Catholic,UNIMMIGCOMM_W92,4,"0.184684,0.165549,0.378946,0.270821"
RACExRELIG,RACExRELIG :: Black | Nothing in particular,ADMISSIONa_W43,3,"0.173075,0.341523,0.485402"
RACExRELIG,RACExRELIG :: Other | Nothing in particular,ADMISSIONa_W43,3,"0.208933,0.341791,0.449276"
RACExRELIG,RACExRELIG :: Black | Nothing in particular,ADMISSIONh_W43,3,"0.324603,0.348248,0.327149"
RACExRELIG,RACExRELIG :: Black | Protestant,ADMISSIONh_W43,3,"0.342042,0.334119,0.323839"
RACExRELIG,RACExRELIG :: Other | Nothing in particular,ADMISSIONh_W43,3,"0.331572,0.339435,0.328992"
RACExRELIG,RACExRELIG :: Black | Nothing in particular,RACESURV17_W43,4,"0.392678,0.245732,0.191376,0.170213"
RACExRELIG,RACExRELIG :: Black | Protestant,RACESURV17_W43,4,"0.377860,0.234619,0.191490,0.196031"
RACExRELIG,RACExRELIG :: Other | Nothing in particular,RACESURV17_W43,4,"0.382562,0.233856,0.183555,0.200027"
RACExRELIG,RACExRELIG :: Black | Nothing in particular,RACESURV19f_W43,3,"0.393376,0.321064,0.285560"
RACExRELIG,RACExRELIG :: Other | Nothing in particular,RACESURV19f_W43,3,"0.399085,0.315702,0.285213"
RACExRELIG,RACExRELIG :: Black | Nothing in particular,RACESURV29b_W43,4,"0.239051,0.370250,0.266681,0.124018"
RACExRELIG,RACExRELIG :: Black | Protestant,RACESURV29b_W43,4,"0.248947,0.337623,0.267081,0.146349"
RACExRELIG,RACExRELIG :: Other | Nothing in particular,RACESURV29b_W43,4,"0.226833,0.354081,0.271483,0.147603"
RACExRELIG,RACExRELIG :: Black | Nothing in particular,RACESURV2_W43,5,"0.293191,0.252747,0.126100,0.131123,0.196839"
RACExRELIG,RACExRELIG :: Black | Protestant,RACESURV2_W43,5,"0.308576,0.234752,0.126639,0.136930,0.193102"
RACExRELIG,RACExRELIG :: Other | Nothing in particular,RACESURV2_W43,5,"0.266194,0.244273,0.130750,0.138100,0.220683"
RACExRELIG,RACExRELIG :: Black | Nothing in particular,RACESURV41_W43,4,"0.220709,0.260059,0.242401,0.276831"
RACExRELIG,RACExRELIG :: Black | Protestant,RACESURV41_W43,4,"0.228719,0.245380,0.243470,0.282431"
RACExRELIG,RACExRELIG :: Other | Nothing in particular,RACESURV41_W43,4,"0.223059,0.241184,0.235597,0.300159"
RACExRELIG,RACExRELIG :: Black | Nothing in particular,RACESURV48_W43,4,"0.852996,0.092037,0.032057,0.022910"
RACExRELIG,RACExRELIG :: Black | Protestant,RACESURV48_W43,4,"0.838582,0.089778,0.038613,0.033027"
RACExRELIG,RACExRELIG :: Other | Nothing in particular,RACESURV48_W43,4,"0.812138,0.113400,0.041717,0.032744"
RACExRELIG,RACExRELIG :: Black | Nothing in particular,RACESURV5a_W43,5,"0.185051,0.162036,0.216347,0.228508,0.208059"
RACExRELIG,RACExRELIG :: Black | Protestant,RACESURV5a_W43,5,"0.209366,0.161785,0.217706,0.226378,0.184765"
RACExRELIG,RACExRELIG :: Other | Nothing in particular,RACESURV5a_W43,5,"0.193724,0.155661,0.192216,0.224723,0.233675"
RACExRELIG,RACExRELIG :: Black | Nothing in particular,RACESURV5h_W43,5,"0.211333,0.177960,0.175201,0.176575,0.258931"
RACExRELIG,RACExRELIG :: Black | Protestant,RACESURV5h_W43,5,"0.254574,0.181936,0.184801,0.170913,0.207777"
RACExRELIG,RACExRELIG :: Other | Nothing in particular,RACESURV5h_W43,5,"0.210145,0.163661,0.161124,0.175583,0.289487"
RACExRELIG,RACExRELIG :: Black | Protestant,RACESURV18b_W43,4,"0.169702,0.312129,0.353689,0.164481"
RACExRELIG,RACExRELIG :: Other | Nothing in particular,RACESURV18b_W43,4,"0.157624,0.336306,0.357996,0.148074"
RACExRELIG,RACExRELIG :: Black | Protestant,RACESURV18e_W43,4,"0.199268,0.289933,0.344304,0.166495"
RACExRELIG,RACExRELIG :: Other | Nothing in particular,RACESURV18e_W43,4,"0.182218,0.305158,0.356765,0.155859"
RACExRELIG,RACExRELIG :: Black | Protestant,RACESURV7_W43,4,"0.206084,0.260515,0.268784,0.264617"
RACExRELIG,RACExRELIG :: Other | Nothing in particular,RACESURV7_W43,4,"0.181996,0.266880,0.264803,0.286320"
RACExRELIG,RACExRELIG :: Hispanic | Nothing in particular,ECON4_g_W54,4,"0.163043,0.147297,0.304604,0.385056"
RACExRELIG,RACExRELIG :: White | Atheist,ECON4_g_W54,4,"0.190187,0.188707,0.276721,0.344385"
RACExRELIG,RACExRELIG :: Hispanic | Nothing in particular,FAMSURV10c_W50,4,"0.262213,0.270537,0.281314,0.185937"
RACExRELIG,RACExRELIG :: White | Atheist,FAMSURV10c_W50,4,"0.275959,0.263322,0.269567,0.191151"
RACExRELIG,RACExRELIG :: Hispanic | Nothing in particular,FAMSURV9c_W50,4,"0.249958,0.281035,0.278848,0.190158"
RACExRELIG,RACExRELIG :: Mixed Race | Nothing in particular,FAMSURV9c_W50,4,"0.252778,0.277623,0.271191,0.198408"
RACExRELIG,RACExRELIG :: White | Agnostic,FAMSURV9c_W50,4,"0.274588,0.264069,0.262014,0.199330"
RACExRELIG,RACExRELIG :: White | Atheist,FAMSURV9c_W50,4,"0.261891,0.268101,0.272323,0.197685"
RACExRELIG,RACExRELIG :: Hispanic | Nothing in particular,GOVPRIOhF1_W41,4,"0.286453,0.254777,0.250827,0.207943"
RACExRELIG,RACExRELIG :: White | Atheist,GOVPRIOhF1_W41,4,"0.295986,0.241577,0.249246,0.213191"
RACExRELIG,RACExRELIG :: Hispanic | Nothing in particular,GOVPRIOjF1_W41,4,"0.322844,0.271862,0.218447,0.186848"
RACExRELIG,RACExRELIG :: Mixed Race | Protestant,GOVPRIOjF1_W41,4,"0.324422,0.256639,0.211106,0.207833"
RACExRELIG,RACExRELIG :: White | Agnostic,GOVPRIOjF1_W41,4,"0.338581,0.253585,0.211878,0.195956"
RACExRELIG,RACExRELIG :: White | Atheist,GOVPRIOjF1_W41,4,"0.322452,0.257081,0.223356,0.197111"
RACExRELIG,RACExRELIG :: Hispanic | Nothing in particular,GOVPRIOkF2_W41,4,"0.165094,0.173017,0.301291,0.360598"
RACExRELIG,RACExRELIG :: Mixed Race | Protestant,GOVPRIOkF2_W41,4,"0.196888,0.204732,0.260835,0.337545"
RACExRELIG,RACExRELIG :: White | Agnostic,GOVPRIOkF2_W41,4,"0.212897,0.195365,0.256803,0.334934"
RACExRELIG,RACExRELIG :: White | Atheist,GOVPRIOkF2_W41,4,"0.190025,0.193017,0.280838,0.336120"
RACExRELIG,RACExRELIG :: Hispanic | Nothing in particular,GOVPRIOnF2_W41,4,"0.328483,0.344248,0.213748,0.113521"
RACExRELIG,RACExRELIG :: Mixed Race | Protestant,GOVPRIOnF2_W41,4,"0.325961,0.311034,0.213770,0.149236"
RACExRELIG,RACExRELIG :: White | Agnostic,GOVPRIOnF2_W41,4,"0.328974,0.301883,0.220863,0.148280"
RACExRELIG,RACExRELIG :: White | Atheist,GOVPRIOnF2_W41,4,"0.325063,0.307763,0.225164,0.142009"
RACExRELIG,RACExRELIG :: Hispanic | Nothing in particular,INEQ5_d_W54,4,"0.301502,0.251915,0.244164,0.202419"
RACExRELIG,RACExRELIG :: White | Atheist,INEQ5_d_W54,4,"0.308029,0.241774,0.241774,0.208423"
RACExRELIG,RACExRELIG :: Hispanic | Nothing in particular,RQ4_F1Bb_W42,4,"0.372986,0.283753,0.209226,0.134035"
RACExRELIG,RACExRELIG :: White | Atheist,RQ4_F1Bb_W42,4,"0.345033,0.279416,0.212569,0.162982"
RACExRELIG,RACExRELIG :: Hispanic | Nothing in particular,RQ4_F1Ce_W42,4,"0.415597,0.279019,0.191767,0.113618"
RACExRELIG,RACExRELIG :: White | Atheist,RQ4_F1Ce_W42,4,"0.376154,0.275200,0.201341,0.147304"
RACExRELIG,RACExRELIG :: Hispanic | Nothing in particular,RQ5_F1B_W42,4,"0.269244,0.291122,0.267149,0.172484"
RACExRELIG,RACExRELIG :: White | Atheist,RQ5_F1B_W42,4,"0.282708,0.265580,0.257409,0.194303"
RACExRELIG,RACExRELIG :: Hispanic | Nothing in particular,RQ5_F1C_W42,4,"0.291288,0.300534,0.257060,0.151118"
RACExRELIG,RACExRELIG :: White | Atheist,RQ5_F1C_W42,4,"0.307383,0.271265,0.248926,0.172426"
RACExRELIG,RACExRELIG :: Hispanic | Nothing in particular,SOCIETY_TRANS_W92,5,"0.201463,0.262758,0.279704,0.147394,0.108681"
RACExRELIG,RACExRELIG :: Mixed Race | Protestant,SOCIETY_TRANS_W92,5,"0.224698,0.231830,0.246782,0.159335,0.137355"
RACExRELIG,RACExRELIG :: White | Agnostic,SOCIETY_TRANS_W92,5,"0.218449,0.215062,0.261449,0.154903,0.150137"
RACExRELIG,RACExRELIG :: White | Atheist,SOCIETY_TRANS_W92,5,"0.218377,0.245528,0.239841,0.158525,0.137729"
RACExRELIG,RACExRELIG :: White | Orthodox,SOCIETY_TRANS_W92,5,"0.211564,0.216581,0.247343,0.158454,0.166058"
RACExRELIG,RACExRELIG :: Hispanic | Nothing in particular,WORRY2a_W54,5,"0.213722,0.179972,0.240294,0.191579,0.174434"
RACExRELIG,RACExRELIG :: Mixed Race | Nothing in particular,WORRY2a_W54,5,"0.212294,0.177378,0.229544,0.196340,0.184444"
RACExRELIG,RACExRELIG :: White | Agnostic,WORRY2a_W54,5,"0.268586,0.156665,0.198043,0.181734,0.194972"
RACExRELIG,RACExRELIG :: White | Atheist,WORRY2a_W54,5,"0.243951,0.175711,0.211948,0.188511,0.179878"
RACExRELIG,RACExRELIG :: Hispanic | Nothing in particular,WORRY2c_W54,5,"0.210177,0.170206,0.236308,0.202125,0.181184"
RACExRELIG,RACExRELIG :: White | Atheist,WORRY2c_W54,5,"0.232888,0.170385,0.210397,0.199200,0.187131"
RACExRELIG,RACExRELIG :: Hispanic | Roman Catholic,FAMSURV30d_W50,3,"0.310189,0.332785,0.357026"
RACExRELIG,RACExRELIG :: White | Atheist,FAMSURV30d_W50,3,"0.308572,0.336263,0.355165"
RACExRELIG,RACExRELIG :: White | Nothing in particular,FAMSURV30d_W50,3,"0.300186,0.334881,0.364933"
RACExRELIG,RACExRELIG :: White | Orthodox,FAMSURV30d_W50,3,"0.300970,0.333143,0.365887"
RACExRELIG,RACExRELIG :: Hispanic | Roman Catholic,FAMSURV30f_W50,3,"0.257667,0.282992,0.459341"
RACExRELIG,RACExRELIG :: Mixed Race | Nothing in particular,FAMSURV30f_W50,3,"0.258406,0.295109,0.446485"
RACExRELIG,RACExRELIG :: White | Agnostic,FAMSURV30f_W50,3,"0.285618,0.285618,0.428764"
RACExRELIG,RACExRELIG :: White | Nothing in particular,FAMSURV30f_W50,3,"0.253555,0.287316,0.459129"
RACExRELIG,RACExRELIG :: Hispanic | Roman Catholic,GAP21Q34_b_W82,4,"0.306360,0.316085,0.225896,0.151659"
RACExRELIG,RACExRELIG :: White | Nothing in particular,GAP21Q34_b_W82,4,"0.268759,0.311766,0.239039,0.180436"
RACExRELIG,RACExRELIG :: Hispanic | Roman Catholic,GUNACCESS_W26,4,"0.295355,0.159332,0.242953,0.302360"
RACExRELIG,RACExRELIG :: White | Nothing in particular,GUNACCESS_W26,4,"0.281659,0.164290,0.244709,0.309342"
RACExRELIG,RACExRELIG :: Hispanic | Roman Catholic,GUNIDENTITY_W26,4,"0.331314,0.274669,0.248142,0.145875"
RACExRELIG,RACExRELIG :: White | Nothing in particular,GUNIDENTITY_W26,4,"0.296211,0.278264,0.251391,0.174133"
RACExRELIG,RACExRELIG :: Hispanic | Roman Catholic,GUNRESPKIDSD_W26,4,"0.435479,0.276807,0.173222,0.114492"
RACExRELIG,RACExRELIG :: Mixed Race | Protestant,GUNRESPKIDSD_W26,4,"0.413194,0.273105,0.170905,0.142796"
RACExRELIG,RACExRELIG :: White | Agnostic,GUNRESPKIDSD_W26,4,"0.413120,0.254516,0.186208,0.146156"
RACExRELIG,RACExRELIG :: White | Nothing in particular,GUNRESPKIDSD_W26,4,"0.393981,0.295078,0.178974,0.131967"
RACExRELIG,RACExRELIG :: Hispanic | Roman Catholic,HIRING3A_W27,4,"0.276629,0.249913,0.244124,0.229333"
RACExRELIG,RACExRELIG :: White | Nothing in particular,HIRING3A_W27,4,"0.258876,0.250911,0.243192,0.247021"
RACExRELIG,RACExRELIG :: Hispanic | Roman Catholic,MOVERURAL_W32,3,"0.164122,0.342059,0.493820"
RACExRELIG,RACExRELIG :: Mixed Race | Protestant,MOVERURAL_W32,3,"0.188856,0.347359,0.463785"
RACExRELIG,RACExRELIG :: White | Agnostic,MOVERURAL_W32,3,"0.235202,0.342217,0.422581"
RACExRELIG,RACExRELIG :: White | Nothing in particular,MOVERURAL_W32,3,"0.173732,0.342818,0.483451"
RACExRELIG,RACExRELIG :: Hispanic | Roman Catholic,SOLVPROBc_W41,4,"0.324022,0.302022,0.224444,0.149512"
RACExRELIG,RACExRELIG :: Mixed Race | Protestant,SOLVPROBc_W41,4,"0.307440,0.282123,0.233888,0.176548"
RACExRELIG,RACExRELIG :: White | Agnostic,SOLVPROBc_W41,4,"0.293028,0.262668,0.256584,0.187721"
RACExRELIG,RACExRELIG :: White | Nothing in particular,SOLVPROBc_W41,4,"0.275581,0.305040,0.250919,0.168459"
RACExRELIG,RACExRELIG :: Hispanic | Roman Catholic,SOLVPROBdF1_W41,4,"0.252726,0.246871,0.290886,0.209517"
RACExRELIG,RACExRELIG :: White | Nothing in particular,SOLVPROBdF1_W41,4,"0.231011,0.255706,0.301295,0.211988"
RACExRELIG,RACExRELIG :: Hispanic | Roman Catholic,SOLVPROBeF2_W41,4,"0.286831,0.291348,0.249203,0.172618"
RACExRELIG,RACExRELIG :: White | Nothing in particular,SOLVPROBeF2_W41,4,"0.261448,0.293954,0.263499,0.181100"
RACExRELIG,RACExRELIG :: Hispanic | Roman Catholic,SOLVPROBf_W41,4,"0.270490,0.268386,0.266297,0.194827"
RACExRELIG,RACExRELIG :: White | Nothing in particular,SOLVPROBf_W41,4,"0.248672,0.275255,0.273113,0.202960"
RACExRELIG,RACExRELIG :: Hispanic | Roman Catholic,WHYNOTBIZF2M_W36,3,"0.351302,0.302842,0.345856"
RACExRELIG,RACExRELIG :: White | Nothing in particular,WHYNOTBIZF2M_W36,3,"0.333743,0.296837,0.369420"
RACExRELIG,RACExRELIG :: Hispanic | Roman Catholic,WORRYB_W26,3,"0.323402,0.301444,0.375153"
RACExRELIG,RACExRELIG :: White | Nothing in particular,WORRYB_W26,3,"0.328552,0.299150,0.372298"
RACExRELIG,RACExRELIG :: Hispanic | Roman Catholic,WORRYC_W26,3,"0.366076,0.357596,0.276329"
RACExRELIG,RACExRELIG :: White | Nothing in particular,WORRYC_W26,3,"0.354453,0.351695,0.293852"
RACExRELIG,RACExRELIG :: Mixed Race | Nothing in particular,FAMSURV26c_W50,4,"0.193787,0.248828,0.281959,0.275427"
RACExRELIG,RACExRELIG :: Mixed Race | Roman Catholic,FAMSURV26c_W50,4,"0.219518,0.233676,0.262729,0.284077"
RACExRELIG,RACExRELIG :: White | Agnostic,FAMSURV26c_W50,4,"0.236389,0.238243,0.263710,0.261658"
RACExRELIG,RACExRELIG :: White | Atheist,FAMSURV26c_W50,4,"0.208907,0.248083,0.278927,0.264083"
RACExRELIG,RACExRELIG :: White | Jewish,FAMSURV26c_W50,4,"0.208134,0.253027,0.275733,0.263106"
RACExRELIG,RACExRELIG :: White | Orthodox,FAMSURV26c_W50,4,"0.228587,0.247161,0.257007,0.267245"
RACExRELIG,RACExRELIG :: Mixed Race | Nothing in particular,FAMSURV30c_W50,3,"0.301041,0.335835,0.363124"
RACExRELIG,RACExRELIG :: Mixed Race | Protestant,FAMSURV30c_W50,3,"0.317658,0.325191,0.357152"
RACExRELIG,RACExRELIG :: White | Agnostic,FAMSURV30c_W50,3,"0.312809,0.312809,0.374383"
RACExRELIG,RACExRELIG :: Mixed Race | Nothing in particular,GAYMARR2_W32,4,"0.235678,0.317139,0.254828,0.192355"
RACExRELIG,RACExRELIG :: Mixed Race | Protestant,GAYMARR2_W32,4,"0.256242,0.290361,0.252270,0.201127"
RACExRELIG,RACExRELIG :: White | Agnostic,GAYMARR2_W32,4,"0.284236,0.277652,0.241228,0.196884"
RACExRELIG,RACExRELIG :: Mixed Race | Nothing in particular,GOPDIRCT_W29,4,"0.225384,0.273997,0.298585,0.202033"
RACExRELIG,RACExRELIG :: White | Agnostic,GOPDIRCT_W29,4,"0.262685,0.248705,0.284030,0.204579"
RACExRELIG,RACExRELIG :: Mixed Race | Nothing in particular,HOOD_NHISA_W29,4,"0.556849,0.260990,0.096766,0.085396"
RACExRELIG,RACExRELIG :: White | Agnostic,HOOD_NHISA_W29,4,"0.522937,0.262949,0.123242,0.090873"
RACExRELIG,RACExRELIG :: Mixed Race | Nothing in particular,HOOD_NHISB_W29,4,"0.527252,0.245195,0.120436,0.107118"
RACExRELIG,RACExRELIG :: White | Agnostic,HOOD_NHISB_W29,4,"0.504259,0.243844,0.141126,0.110771"
RACExRELIG,RACExRELIG :: Mixed Race | Nothing in particular,MOVEURBAN_W32,3,"0.290055,0.381270,0.328675"
RACExRELIG,RACExRELIG :: White | Agnostic,MOVEURBAN_W32,3,"0.329006,0.336808,0.334187"
RACExRELIG,RACExRELIG :: Mixed Race | Nothing in particular,NEIGHSAMEA_W32,5,"0.147726,0.175429,0.228802,0.261300,0.186743"
RACExRELIG,RACExRELIG :: Mixed Race | Protestant,NEIGHSAMEA_W32,5,"0.169614,0.180554,0.209446,0.252640,0.187746"
RACExRELIG,RACExRELIG :: White | Agnostic,NEIGHSAMEA_W32,5,"0.204200,0.164079,0.191828,0.222524,0.217369"
RACExRELIG,RACExRELIG :: Mixed Race | Nothing in particular,PP2_W49,4,"0.112553,0.097027,0.257637,0.532783"
RACExRELIG,RACExRELIG :: White | Agnostic,PP2_W49,4,"0.167388,0.123424,0.236055,0.473133"
RACExRELIG,RACExRELIG :: Mixed Race | Nothing in particular,PP6a_W49,4,"0.279866,0.332349,0.232017,0.155769"
RACExRELIG,RACExRELIG :: White | Agnostic,PP6a_W49,4,"0.303393,0.301032,0.234444,0.161131"
RACExRELIG,RACExRELIG :: Mixed Race | Nothing in particular,PQ4_F2Be_W42,4,"0.567918,0.205686,0.130742,0.095653"
RACExRELIG,RACExRELIG :: Mixed Race | Protestant,PQ4_F2Be_W42,4,"0.554083,0.197564,0.135784,0.112569"
RACExRELIG,RACExRELIG :: White | Agnostic,PQ4_F2Be_W42,4,"0.532598,0.206945,0.151404,0.109052"
RACExRELIG,RACExRELIG :: Mixed Race | Nothing in particular,PQ4_F2Ce_W42,4,"0.650506,0.152113,0.118466,0.078915"
RACExRELIG,RACExRELIG :: White | Agnostic,PQ4_F2Ce_W42,4,"0.599389,0.167750,0.142367,0.090494"
RACExRELIG,RACExRELIG :: Mixed Race | Nothing in particular,PQ8_F2B_W42,4,"0.237336,0.239198,0.266844,0.256622"
RACExRELIG,RACExRELIG :: White | Agnostic,PQ8_F2B_W42,4,"0.267061,0.223137,0.248928,0.260874"
RACExRELIG,RACExRELIG :: Mixed Race | Nothing in particular,S12_W29,6,"0.331451,0.201035,0.119109,0.092763,0.124826,0.130816"
RACExRELIG,RACExRELIG :: White | Agnostic,S12_W29,6,"0.344100,0.175749,0.115259,0.090468,0.127580,0.146844"
RACExRELIG,RACExRELIG :: White | Atheist,S12_W29,6,"0.329165,0.199649,0.123965,0.094307,0.123000,0.129914"
RACExRELIG,RACExRELIG :: White | Orthodox,S12_W29,6,"0.308468,0.182761,0.120798,0.095559,0.128588,0.163826"
RACExRELIG,RACExRELIG :: Mixed Race | Nothing in particular,TRACKCO1a_W49,5,"0.179702,0.192792,0.274013,0.197364,0.156128"
RACExRELIG,RACExRELIG :: White | Agnostic,TRACKCO1a_W49,5,"0.255502,0.172881,0.213480,0.179768,0.178369"
RACExRELIG,RACExRELIG :: Mixed Race | Protestant,GUNRESPNOKIDSD_W26,4,"0.352459,0.292199,0.197712,0.157630"
RACExRELIG,RACExRELIG :: White | Agnostic,GUNRESPNOKIDSD_W26,4,"0.354084,0.265197,0.214763,0.165956"
RACExRELIG,RACExRELIG :: Mixed Race | Protestant,INEQ5_m_W54,4,"0.293882,0.215008,0.247473,0.243637"
RACExRELIG,RACExRELIG :: White | Agnostic,INEQ5_m_W54,4,"0.298327,0.216562,0.245397,0.239713"
RACExRELIG,RACExRELIG :: Mixed Race | Protestant,MOVESUBURB_W32,3,"0.348576,0.348576,0.302848"
RACExRELIG,RACExRELIG :: White | Agnostic,MOVESUBURB_W32,3,"0.338391,0.343720,0.317889"
RACExRELIG,RACExRELIG :: Mixed Race | Protestant,VALUERURAL_W32,4,"0.212180,0.234862,0.323536,0.229421"
RACExRELIG,RACExRELIG :: White | Agnostic,VALUERURAL_W32,4,"0.235384,0.233552,0.316744,0.214320"
RACExRELIG,RACExRELIG :: Mixed Race | Roman Catholic,FAMSURV19_W50,4,"0.400797,0.312141,0.165777,0.121285"
RACExRELIG,RACExRELIG :: White | Jewish,FAMSURV19_W50,4,"0.373443,0.329562,0.184868,0.112128"
RACExRELIG,RACExRELIG :: Mixed Race | Roman Catholic,FAMSURV32e_W50,4,"0.279154,0.336724,0.222561,0.161562"
RACExRELIG,RACExRELIG :: White | Jewish,FAMSURV32e_W50,4,"0.274866,0.339414,0.235105,0.150614"
RACExRELIG,RACExRELIG :: Mixed Race | Roman Catholic,FAMSURV33a_W50,4,"0.409816,0.288341,0.174888,0.126955"
RACExRELIG,RACExRELIG :: White | Jewish,FAMSURV33a_W50,4,"0.411285,0.293932,0.179677,0.115106"
RACExRELIG,RACExRELIG :: Mixed Race | Roman Catholic,FAMSURV36b_W50,2,"0.646014,0.353986"
RACExRELIG,RACExRELIG :: White | Jewish,FAMSURV36b_W50,2,"0.616936,0.383064"
RACExRELIG,RACExRELIG :: Mixed Race | Roman Catholic,FAMSURV39_W50,4,"0.279606,0.258594,0.231802,0.229998"
RACExRELIG,RACExRELIG :: White | Atheist,FAMSURV39_W50,4,"0.264810,0.266887,0.248766,0.219536"
RACExRELIG,RACExRELIG :: White | Jewish,FAMSURV39_W50,4,"0.266516,0.266516,0.240778,0.226190"
RACExRELIG,RACExRELIG :: White | Orthodox,FAMSURV39_W50,4,"0.273332,0.260815,0.237475,0.228378"
RACExRELIG,RACExRELIG :: Mixed Race | Roman Catholic,FAMSURV9a_W50,4,"0.389724,0.267853,0.199052,0.143371"
RACExRELIG,RACExRELIG :: White | Jewish,FAMSURV9a_W50,4,"0.382094,0.279546,0.209370,0.128989"
RACExRELIG,RACExRELIG :: Mixed Race | Roman Catholic,SATLIFEa_W50,4,"0.278409,0.351942,0.208519,0.161131"
RACExRELIG,RACExRELIG :: White | Jewish,SATLIFEa_W50,4,"0.289055,0.356935,0.213136,0.140874"
RACExRELIG,RACExRELIG :: Mixed Race | Roman Catholic,SATLIFEb_W50,4,"0.235882,0.340535,0.234046,0.189536"
RACExRELIG,RACExRELIG :: White | Jewish,SATLIFEb_W50,4,"0.243535,0.346133,0.241640,0.168692"
RACExRELIG,RACExRELIG :: Mixed Race | Roman Catholic,SATLIFEc_W50,4,"0.245996,0.318342,0.244081,0.191582"
RACExRELIG,RACExRELIG :: White | Jewish,SATLIFEc_W50,4,"0.252000,0.326112,0.250039,0.171849"
RACExRELIG,RACExRELIG :: Mixed Race | Roman Catholic,SIB_W50,3,"0.263486,0.340976,0.395539"
RACExRELIG,RACExRELIG :: White | Jewish,SIB_W50,3,"0.254594,0.347989,0.397416"
RACExRELIG,RACExRELIG :: White | Atheist,FAMSURV30a_W50,3,"0.261431,0.330480,0.408089"
RACExRELIG,RACExRELIG :: White | Orthodox,FAMSURV30a_W50,3,"0.265638,0.322934,0.411428"
RACExRELIG,RACExRELIG :: White | Atheist,INEQ5_f_W54,4,"0.305096,0.263009,0.239473,0.192422"
RACExRELIG,RACExRELIG :: White | Orthodox,INEQ5_f_W54,4,"0.314615,0.256782,0.230178,0.198425"
RACExRELIG,RACExRELIG :: White | Atheist,SOCIETY_RHIST_W92,5,"0.230938,0.225589,0.197532,0.171619,0.174322"
RACExRELIG,RACExRELIG :: White | Orthodox,SOCIETY_RHIST_W92,5,"0.219590,0.203087,0.211177,0.172358,0.193787"
RACExRELIG,RACExRELIG :: White | Atheist,WHADVANT_W92,4,"0.364476,0.226308,0.196620,0.212597"
RACExRELIG,RACExRELIG :: White | Orthodox,WHADVANT_W92,4,"0.369129,0.227414,0.181310,0.222146"
