ty,gk,qk,n_opt,mouth_pred
AGExPOLPARTY,AGExPOLPARTY :: 18-29 | Democrat,ADMISSIONe_W43,3,"0.451430,0.330273,0.218297"
AGExPOLPARTY,AGExPOLPARTY :: 18-29 | Independent,ADMISSIONe_W43,3,"0.411073,0.343464,0.245463"
AGExPOLPARTY,AGExPOLPARTY :: 18-29 | Other,ADMISSIONe_W43,3,"0.367316,0.353244,0.279439"
AGExPOLPARTY,AGExPOLPARTY :: 18-29 | Republican,ADMISSIONe_W43,3,"0.442934,0.334344,0.222721"
AGExPOLPARTY,AGExPOLPARTY :: 30-49 | Democrat,ADMISSIONe_W43,3,"0.404414,0.359693,0.235893"
AGExPOLPARTY,AGExPOLPARTY :: 30-49 | Independent,ADMISSIONe_W43,3,"0.415746,0.347369,0.236885"
AGExPOLPARTY,AGExPOLPARTY :: 30-49 | Other,ADMISSIONe_W43,3,"0.365052,0.359392,0.275556"
AGExPOLPARTY,AGExPOLPARTY :: 30-49 | Refused,ADMISSIONe_W43,3,"0.389170,0.351586,0.259243"
AGExPOLPARTY,AGExPOLPARTY :: 30-49 | Republican,ADMISSIONe_W43,3,"0.437526,0.340746,0.221728"
AGExPOLPARTY,AGExPOLPARTY :: 50-64 | Democrat,ADMISSIONe_W43,3,"0.388693,0.362301,0.249006"
AGExPOLPARTY,AGExPOLPARTY :: 50-64 | Independent,ADMISSIONe_W43,3,"0.392602,0.351926,0.255471"
AGExPOLPARTY,AGExPOLPARTY :: 50-64 | Other,ADMISSIONe_W43,3,"0.363693,0.355268,0.281040"
AGExPOLPARTY,AGExPOLPARTY :: 50-64 | Refused,ADMISSIONe_W43,3,"0.379407,0.353646,0.266946"
AGExPOLPARTY,AGExPOLPARTY :: 50-64 | Republican,ADMISSIONe_W43,3,"0.424835,0.338708,0.236456"
AGExPOLPARTY,AGExPOLPARTY :: 65+ | Democrat,ADMISSIONe_W43,3,"0.416435,0.342550,0.241014"
AGExPOLPARTY,AGExPOLPARTY :: 65+ | Independent,ADMISSIONe_W43,3,"0.410869,0.337972,0.251159"
AGExPOLPARTY,AGExPOLPARTY :: 65+ | Other,ADMISSIONe_W43,3,"0.375007,0.344126,0.280867"
AGExPOLPARTY,AGExPOLPARTY :: 65+ | Republican,ADMISSIONe_W43,3,"0.445805,0.321101,0.233094"
AGExPOLPARTY,AGExPOLPARTY :: 18-29 | Democrat,BENEFITSc_W54,2,"0.640636,0.359364"
AGExPOLPARTY,AGExPOLPARTY :: 18-29 | Independent,BENEFITSc_W54,2,"0.629775,0.370225"
AGExPOLPARTY,AGExPOLPARTY :: 18-29 | Other,BENEFITSc_W54,2,"0.603932,0.396068"
AGExPOLPARTY,AGExPOLPARTY :: 18-29 | Republican,BENEFITSc_W54,2,"0.615088,0.384912"
AGExPOLPARTY,AGExPOLPARTY :: 30-49 | Democrat,BENEFITSc_W54,2,"0.581303,0.418697"
AGExPOLPARTY,AGExPOLPARTY :: 30-49 | Independent,BENEFITSc_W54,2,"0.600188,0.399812"
AGExPOLPARTY,AGExPOLPARTY :: 30-49 | Other,BENEFITSc_W54,2,"0.569853,0.430147"
AGExPOLPARTY,AGExPOLPARTY :: 30-49 | Refused,BENEFITSc_W54,2,"0.573678,0.426322"
AGExPOLPARTY,AGExPOLPARTY :: 30-49 | Republican,BENEFITSc_W54,2,"0.581303,0.418697"
AGExPOLPARTY,AGExPOLPARTY :: 50-64 | Democrat,BENEFITSc_W54,2,"0.577495,0.422505"
AGExPOLPARTY,AGExPOLPARTY :: 50-64 | Independent,BENEFITSc_W54,2,"0.588889,0.411111"
AGExPOLPARTY,AGExPOLPARTY :: 50-64 | Other,BENEFITSc_W54,2,"0.573678,0.426322"
AGExPOLPARTY,AGExPOLPARTY :: 50-64 | Republican,BENEFITSc_W54,2,"0.581303,0.418697"
AGExPOLPARTY,AGExPOLPARTY :: 65+ | Democrat,BENEFITSc_W54,2,"0.596433,0.403567"
AGExPOLPARTY,AGExPOLPARTY :: 65+ | Independent,BENEFITSc_W54,2,"0.600188,0.399812"
AGExPOLPARTY,AGExPOLPARTY :: 65+ | Other,BENEFITSc_W54,2,"0.581303,0.418697"
AGExPOLPARTY,AGExPOLPARTY :: 65+ | Republican,BENEFITSc_W54,2,"0.592667,0.407333"
AGExPOLPARTY,AGExPOLPARTY :: 18-29 | Democrat,BETTERBIZ1F2C_W36,3,"0.233440,0.316592,0.449968"
AGExPOLPARTY,AGExPOLPARTY :: 18-29 | Independent,BETTERBIZ1F2C_W36,3,"0.201963,0.253318,0.544719"
AGExPOLPARTY,AGExPOLPARTY :: 18-29 | Other,BETTERBIZ1F2C_W36,3,"0.204819,0.247058,0.548123"
AGExPOLPARTY,AGExPOLPARTY :: 18-29 | Republican,BETTERBIZ1F2C_W36,3,"0.228256,0.273187,0.498557"
AGExPOLPARTY,AGExPOLPARTY :: 30-49 | Democrat,BETTERBIZ1F2C_W36,3,"0.224028,0.323422,0.452549"
AGExPOLPARTY,AGExPOLPARTY :: 30-49 | Independent,BETTERBIZ1F2C_W36,3,"0.206159,0.279592,0.514249"
AGExPOLPARTY,AGExPOLPARTY :: 30-49 | Other,BETTERBIZ1F2C_W36,3,"0.213622,0.265857,0.520522"
AGExPOLPARTY,AGExPOLPARTY :: 30-49 | Republican,BETTERBIZ1F2C_W36,3,"0.239264,0.288607,0.472129"
AGExPOLPARTY,AGExPOLPARTY :: 50-64 | Democrat,BETTERBIZ1F2C_W36,3,"0.219008,0.313715,0.467277"
AGExPOLPARTY,AGExPOLPARTY :: 50-64 | Independent,BETTERBIZ1F2C_W36,3,"0.208837,0.257879,0.533284"
AGExPOLPARTY,AGExPOLPARTY :: 50-64 | Other,BETTERBIZ1F2C_W36,3,"0.209212,0.252357,0.538431"
AGExPOLPARTY,AGExPOLPARTY :: 50-64 | Republican,BETTERBIZ1F2C_W36,3,"0.232813,0.274321,0.492866"
AGExPOLPARTY,AGExPOLPARTY :: 65+ | Democrat,BETTERBIZ1F2C_W36,3,"0.225763,0.311002,0.463235"
AGExPOLPARTY,AGExPOLPARTY :: 65+ | Independent,BETTERBIZ1F2C_W36,3,"0.209675,0.254900,0.535424"
AGExPOLPARTY,AGExPOLPARTY :: 65+ | Other,BETTERBIZ1F2C_W36,3,"0.217549,0.252361,0.530090"
AGExPOLPARTY,AGExPOLPARTY :: 65+ | Republican,BETTERBIZ1F2C_W36,3,"0.234795,0.268144,0.497061"
AGExPOLPARTY,AGExPOLPARTY :: 18-29 | Democrat,BETTERBIZ2F2B_W36,3,"0.275464,0.373585,0.350951"
AGExPOLPARTY,AGExPOLPARTY :: 18-29 | Independent,BETTERBIZ2F2B_W36,3,"0.248246,0.287970,0.463784"
AGExPOLPARTY,AGExPOLPARTY :: 18-29 | Other,BETTERBIZ2F2B_W36,3,"0.241768,0.284873,0.473359"
AGExPOLPARTY,AGExPOLPARTY :: 18-29 | Republican,BETTERBIZ2F2B_W36,3,"0.300855,0.312840,0.386305"
AGExPOLPARTY,AGExPOLPARTY :: 30-49 | Democrat,BETTERBIZ2F2B_W36,3,"0.273950,0.371532,0.354518"
AGExPOLPARTY,AGExPOLPARTY :: 30-49 | Independent,BETTERBIZ2F2B_W36,3,"0.259602,0.298800,0.441598"
AGExPOLPARTY,AGExPOLPARTY :: 30-49 | Other,BETTERBIZ2F2B_W36,3,"0.251735,0.285253,0.463012"
AGExPOLPARTY,AGExPOLPARTY :: 30-49 | Republican,BETTERBIZ2F2B_W36,3,"0.312652,0.310219,0.377130"
AGExPOLPARTY,AGExPOLPARTY :: 50-64 | Democrat,BETTERBIZ2F2B_W36,3,"0.264774,0.370485,0.364741"
AGExPOLPARTY,AGExPOLPARTY :: 50-64 | Independent,BETTERBIZ2F2B_W36,3,"0.257667,0.282992,0.459341"
AGExPOLPARTY,AGExPOLPARTY :: 50-64 | Other,BETTERBIZ2F2B_W36,3,"0.248633,0.279545,0.471822"
AGExPOLPARTY,AGExPOLPARTY :: 50-64 | Republican,BETTERBIZ2F2B_W36,3,"0.302641,0.302641,0.394718"
AGExPOLPARTY,AGExPOLPARTY :: 65+ | Democrat,BETTERBIZ2F2B_W36,3,"0.275537,0.367891,0.356572"
AGExPOLPARTY,AGExPOLPARTY :: 65+ | Independent,BETTERBIZ2F2B_W36,3,"0.261019,0.284443,0.454538"
AGExPOLPARTY,AGExPOLPARTY :: 65+ | Other,BETTERBIZ2F2B_W36,3,"0.257307,0.280397,0.462296"
AGExPOLPARTY,AGExPOLPARTY :: 65+ | Republican,BETTERBIZ2F2B_W36,3,"0.304292,0.301924,0.393783"
AGExPOLPARTY,AGExPOLPARTY :: 18-29 | Democrat,BETTERPOL1F1A_W36,3,"0.265035,0.314737,0.420229"
AGExPOLPARTY,AGExPOLPARTY :: 18-29 | Independent,BETTERPOL1F1A_W36,3,"0.226510,0.246837,0.526652"
AGExPOLPARTY,AGExPOLPARTY :: 18-29 | Other,BETTERPOL1F1A_W36,3,"0.224987,0.239497,0.535516"
AGExPOLPARTY,AGExPOLPARTY :: 18-29 | Republican,BETTERPOL1F1A_W36,3,"0.272458,0.264075,0.463467"
AGExPOLPARTY,AGExPOLPARTY :: 30-49 | Democrat,BETTERPOL1F1A_W36,3,"0.255154,0.317544,0.427302"
AGExPOLPARTY,AGExPOLPARTY :: 30-49 | Independent,BETTERPOL1F1A_W36,3,"0.232903,0.270173,0.496924"
AGExPOLPARTY,AGExPOLPARTY :: 30-49 | Other,BETTERPOL1F1A_W36,3,"0.233042,0.253955,0.513003"
AGExPOLPARTY,AGExPOLPARTY :: 30-49 | Republican,BETTERPOL1F1A_W36,3,"0.280710,0.274207,0.445083"
AGExPOLPARTY,AGExPOLPARTY :: 50-64 | Democrat,BETTERPOL1F1A_W36,3,"0.247710,0.310698,0.441591"
AGExPOLPARTY,AGExPOLPARTY :: 50-64 | Independent,BETTERPOL1F1A_W36,3,"0.233022,0.249996,0.516982"
AGExPOLPARTY,AGExPOLPARTY :: 50-64 | Other,BETTERPOL1F1A_W36,3,"0.232032,0.245075,0.522893"
AGExPOLPARTY,AGExPOLPARTY :: 50-64 | Republican,BETTERPOL1F1A_W36,3,"0.270484,0.262162,0.467354"
AGExPOLPARTY,AGExPOLPARTY :: 65+ | Democrat,BETTERPOL1F1A_W36,3,"0.257163,0.305388,0.437449"
AGExPOLPARTY,AGExPOLPARTY :: 65+ | Independent,BETTERPOL1F1A_W36,3,"0.232980,0.246076,0.520943"
AGExPOLPARTY,AGExPOLPARTY :: 65+ | Other,BETTERPOL1F1A_W36,3,"0.238098,0.241848,0.520054"
AGExPOLPARTY,AGExPOLPARTY :: 65+ | Republican,BETTERPOL1F1A_W36,3,"0.274782,0.254132,0.471086"
AGExPOLPARTY,AGExPOLPARTY :: 18-29 | Democrat,BETTERPOL1F1D_W36,3,"0.305743,0.325461,0.368796"
AGExPOLPARTY,AGExPOLPARTY :: 18-29 | Independent,BETTERPOL1F1D_W36,3,"0.267895,0.276399,0.455705"
AGExPOLPARTY,AGExPOLPARTY :: 18-29 | Other,BETTERPOL1F1D_W36,3,"0.256299,0.268599,0.475103"
AGExPOLPARTY,AGExPOLPARTY :: 18-29 | Republican,BETTERPOL1F1D_W36,3,"0.323034,0.287312,0.389653"
AGExPOLPARTY,AGExPOLPARTY :: 30-49 | Democrat,BETTERPOL1F1D_W36,3,"0.292532,0.328903,0.378565"
AGExPOLPARTY,AGExPOLPARTY :: 30-49 | Independent,BETTERPOL1F1D_W36,3,"0.276151,0.289403,0.434446"
AGExPOLPARTY,AGExPOLPARTY :: 30-49 | Other,BETTERPOL1F1D_W36,3,"0.262380,0.277129,0.460491"
AGExPOLPARTY,AGExPOLPARTY :: 30-49 | Republican,BETTERPOL1F1D_W36,3,"0.323525,0.292280,0.384195"
AGExPOLPARTY,AGExPOLPARTY :: 50-64 | Democrat,BETTERPOL1F1D_W36,3,"0.283402,0.326194,0.390403"
AGExPOLPARTY,AGExPOLPARTY :: 50-64 | Independent,BETTERPOL1F1D_W36,3,"0.272517,0.274654,0.452829"
AGExPOLPARTY,AGExPOLPARTY :: 50-64 | Other,BETTERPOL1F1D_W36,3,"0.262715,0.268945,0.468340"
AGExPOLPARTY,AGExPOLPARTY :: 50-64 | Republican,BETTERPOL1F1D_W36,3,"0.313035,0.285021,0.401944"
AGExPOLPARTY,AGExPOLPARTY :: 65+ | Democrat,BETTERPOL1F1D_W36,3,"0.291088,0.317210,0.391702"
AGExPOLPARTY,AGExPOLPARTY :: 65+ | Independent,BETTERPOL1F1D_W36,3,"0.270762,0.268655,0.460582"
AGExPOLPARTY,AGExPOLPARTY :: 65+ | Other,BETTERPOL1F1D_W36,3,"0.265335,0.265335,0.469330"
AGExPOLPARTY,AGExPOLPARTY :: 65+ | Republican,BETTERPOL1F1D_W36,3,"0.309447,0.277387,0.413166"
AGExPOLPARTY,AGExPOLPARTY :: 18-29 | Democrat,BETTERPOL2F1A_W36,3,"0.303314,0.265590,0.431096"
AGExPOLPARTY,AGExPOLPARTY :: 18-29 | Independent,BETTERPOL2F1A_W36,3,"0.249577,0.205296,0.545126"
AGExPOLPARTY,AGExPOLPARTY :: 18-29 | Other,BETTERPOL2F1A_W36,3,"0.238926,0.201196,0.559877"
AGExPOLPARTY,AGExPOLPARTY :: 18-29 | Republican,BETTERPOL2F1A_W36,3,"0.340106,0.212833,0.447061"
AGExPOLPARTY,AGExPOLPARTY :: 30-49 | Democrat,BETTERPOL2F1A_W36,3,"0.276977,0.266366,0.456657"
AGExPOLPARTY,AGExPOLPARTY :: 30-49 | Independent,BETTERPOL2F1A_W36,3,"0.258504,0.235370,0.506126"
AGExPOLPARTY,AGExPOLPARTY :: 30-49 | Other,BETTERPOL2F1A_W36,3,"0.243200,0.221436,0.535364"
AGExPOLPARTY,AGExPOLPARTY :: 30-49 | Republican,BETTERPOL2F1A_W36,3,"0.344607,0.233172,0.422221"
AGExPOLPARTY,AGExPOLPARTY :: 50-64 | Democrat,BETTERPOL2F1A_W36,3,"0.264127,0.250070,0.485803"
AGExPOLPARTY,AGExPOLPARTY :: 50-64 | Independent,BETTERPOL2F1A_W36,3,"0.245864,0.208662,0.545474"
AGExPOLPARTY,AGExPOLPARTY :: 50-64 | Other,BETTERPOL2F1A_W36,3,"0.238442,0.207162,0.554395"
AGExPOLPARTY,AGExPOLPARTY :: 50-64 | Republican,BETTERPOL2F1A_W36,3,"0.321023,0.215525,0.463452"
AGExPOLPARTY,AGExPOLPARTY :: 65+ | Democrat,BETTERPOL2F1A_W36,3,"0.279001,0.250095,0.470904"
AGExPOLPARTY,AGExPOLPARTY :: 65+ | Independent,BETTERPOL2F1A_W36,3,"0.249829,0.208740,0.541431"
AGExPOLPARTY,AGExPOLPARTY :: 65+ | Other,BETTERPOL2F1A_W36,3,"0.243375,0.208170,0.548455"
AGExPOLPARTY,AGExPOLPARTY :: 65+ | Republican,BETTERPOL2F1A_W36,3,"0.325667,0.218643,0.455690"
AGExPOLPARTY,AGExPOLPARTY :: 18-29 | Democrat,BETTERPOL2F1F_W36,3,"0.268713,0.295123,0.436164"
AGExPOLPARTY,AGExPOLPARTY :: 18-29 | Independent,BETTERPOL2F1F_W36,3,"0.226762,0.224997,0.548240"
AGExPOLPARTY,AGExPOLPARTY :: 18-29 | Other,BETTERPOL2F1F_W36,3,"0.223803,0.213555,0.562642"
AGExPOLPARTY,AGExPOLPARTY :: 18-29 | Republican,BETTERPOL2F1F_W36,3,"0.284352,0.239448,0.476200"
AGExPOLPARTY,AGExPOLPARTY :: 30-49 | Democrat,BETTERPOL2F1F_W36,3,"0.248582,0.290621,0.460797"
AGExPOLPARTY,AGExPOLPARTY :: 30-49 | Independent,BETTERPOL2F1F_W36,3,"0.223832,0.251661,0.524507"
AGExPOLPARTY,AGExPOLPARTY :: 30-49 | Other,BETTERPOL2F1F_W36,3,"0.222037,0.232693,0.545270"
AGExPOLPARTY,AGExPOLPARTY :: 30-49 | Republican,BETTERPOL2F1F_W36,3,"0.282541,0.255254,0.462205"
AGExPOLPARTY,AGExPOLPARTY :: 50-64 | Democrat,BETTERPOL2F1F_W36,3,"0.242085,0.276470,0.481444"
AGExPOLPARTY,AGExPOLPARTY :: 50-64 | Independent,BETTERPOL2F1F_W36,3,"0.223638,0.227160,0.549202"
AGExPOLPARTY,AGExPOLPARTY :: 50-64 | Other,BETTERPOL2F1F_W36,3,"0.223268,0.219806,0.556926"
AGExPOLPARTY,AGExPOLPARTY :: 50-64 | Republican,BETTERPOL2F1F_W36,3,"0.275416,0.237423,0.487161"
AGExPOLPARTY,AGExPOLPARTY :: 65+ | Democrat,BETTERPOL2F1F_W36,3,"0.252654,0.275327,0.472020"
AGExPOLPARTY,AGExPOLPARTY :: 65+ | Independent,BETTERPOL2F1F_W36,3,"0.225395,0.225395,0.549210"
AGExPOLPARTY,AGExPOLPARTY :: 65+ | Other,BETTERPOL2F1F_W36,3,"0.228734,0.218259,0.553007"
AGExPOLPARTY,AGExPOLPARTY :: 65+ | Republican,BETTERPOL2F1F_W36,3,"0.278545,0.236398,0.485057"
AGExPOLPARTY,AGExPOLPARTY :: 18-29 | Democrat,CAREGIV2_W27,4,"0.286144,0.295227,0.240958,0.177671"
AGExPOLPARTY,AGExPOLPARTY :: 18-29 | Independent,CAREGIV2_W27,4,"0.249572,0.296374,0.265668,0.188387"
AGExPOLPARTY,AGExPOLPARTY :: 18-29 | Other,CAREGIV2_W27,4,"0.233961,0.295754,0.277835,0.192451"
AGExPOLPARTY,AGExPOLPARTY :: 18-29 | Republican,CAREGIV2_W27,4,"0.281069,0.296868,0.225845,0.196218"
AGExPOLPARTY,AGExPOLPARTY :: 30-49 | Democrat,CAREGIV2_W27,4,"0.244259,0.308772,0.268266,0.178704"
AGExPOLPARTY,AGExPOLPARTY :: 30-49 | Independent,CAREGIV2_W27,4,"0.242830,0.321697,0.264621,0.170852"
AGExPOLPARTY,AGExPOLPARTY :: 30-49 | Other,CAREGIV2_W27,4,"0.224495,0.314125,0.283789,0.177590"
AGExPOLPARTY,AGExPOLPARTY :: 30-49 | Republican,CAREGIV2_W27,4,"0.267070,0.314685,0.237537,0.180708"
AGExPOLPARTY,AGExPOLPARTY :: 50-64 | Democrat,CAREGIV2_W27,4,"0.231823,0.297666,0.275296,0.195214"
AGExPOLPARTY,AGExPOLPARTY :: 50-64 | Independent,CAREGIV2_W27,4,"0.227359,0.301201,0.282953,0.188487"
AGExPOLPARTY,AGExPOLPARTY :: 50-64 | Other,CAREGIV2_W27,4,"0.225286,0.303156,0.284789,0.186769"
AGExPOLPARTY,AGExPOLPARTY :: 50-64 | Republican,CAREGIV2_W27,4,"0.261524,0.303373,0.243767,0.191335"
AGExPOLPARTY,AGExPOLPARTY :: 65+ | Democrat,CAREGIV2_W27,4,"0.241803,0.271866,0.257397,0.228934"
AGExPOLPARTY,AGExPOLPARTY :: 65+ | Independent,CAREGIV2_W27,4,"0.237494,0.271227,0.262882,0.228396"
AGExPOLPARTY,AGExPOLPARTY :: 65+ | Other,CAREGIV2_W27,4,"0.230358,0.271428,0.271428,0.226786"
AGExPOLPARTY,AGExPOLPARTY :: 65+ | Republican,CAREGIV2_W27,4,"0.276133,0.267637,0.221879,0.234351"
AGExPOLPARTY,AGExPOLPARTY :: 18-29 | Democrat,CAREGIV3A_W27,4,"0.352942,0.290323,0.210752,0.145983"
AGExPOLPARTY,AGExPOLPARTY :: 18-29 | Independent,CAREGIV3A_W27,4,"0.324404,0.300025,0.224708,0.150862"
AGExPOLPARTY,AGExPOLPARTY :: 18-29 | Other,CAREGIV3A_W27,4,"0.285406,0.301449,0.247965,0.165180"
AGExPOLPARTY,AGExPOLPARTY :: 18-29 | Republican,CAREGIV3A_W27,4,"0.344754,0.301877,0.197976,0.155393"
AGExPOLPARTY,AGExPOLPARTY :: 30-49 | Democrat,CAREGIV3A_W27,4,"0.310297,0.307883,0.230593,0.151227"
AGExPOLPARTY,AGExPOLPARTY :: 30-49 | Independent,CAREGIV3A_W27,4,"0.310523,0.317887,0.227183,0.144407"
AGExPOLPARTY,AGExPOLPARTY :: 30-49 | Other,CAREGIV3A_W27,4,"0.272323,0.311002,0.257830,0.158845"
AGExPOLPARTY,AGExPOLPARTY :: 30-49 | Republican,CAREGIV3A_W27,4,"0.324531,0.314546,0.211176,0.149746"
AGExPOLPARTY,AGExPOLPARTY :: 50-64 | Democrat,CAREGIV3A_W27,4,"0.295030,0.309189,0.231572,0.164209"
AGExPOLPARTY,AGExPOLPARTY :: 50-64 | Independent,CAREGIV3A_W27,4,"0.292912,0.309377,0.237208,0.160503"
AGExPOLPARTY,AGExPOLPARTY :: 50-64 | Other,CAREGIV3A_W27,4,"0.274439,0.308560,0.251840,0.165161"
AGExPOLPARTY,AGExPOLPARTY :: 50-64 | Republican,CAREGIV3A_W27,4,"0.320352,0.308079,0.211740,0.159829"
AGExPOLPARTY,AGExPOLPARTY :: 65+ | Democrat,CAREGIV3A_W27,4,"0.304698,0.290745,0.221187,0.183370"
AGExPOLPARTY,AGExPOLPARTY :: 65+ | Independent,CAREGIV3A_W27,4,"0.295712,0.295712,0.224965,0.183611"
AGExPOLPARTY,AGExPOLPARTY :: 65+ | Other,CAREGIV3A_W27,4,"0.273477,0.286601,0.249004,0.190918"
AGExPOLPARTY,AGExPOLPARTY :: 65+ | Republican,CAREGIV3A_W27,4,"0.328646,0.287772,0.197783,0.185800"
AGExPOLPARTY,AGExPOLPARTY :: 18-29 | Democrat,CAREGIV6C_W27,2,"0.851953,0.148047"
AGExPOLPARTY,AGExPOLPARTY :: 18-29 | Independent,CAREGIV6C_W27,2,"0.828939,0.171061"
AGExPOLPARTY,AGExPOLPARTY :: 18-29 | Other,CAREGIV6C_W27,2,"0.809276,0.190724"
AGExPOLPARTY,AGExPOLPARTY :: 18-29 | Republican,CAREGIV6C_W27,2,"0.840783,0.159217"
AGExPOLPARTY,AGExPOLPARTY :: 30-49 | Democrat,CAREGIV6C_W27,2,"0.801936,0.198064"
AGExPOLPARTY,AGExPOLPARTY :: 30-49 | Independent,CAREGIV6C_W27,2,"0.800692,0.199308"
AGExPOLPARTY,AGExPOLPARTY :: 30-49 | Other,CAREGIV6C_W27,2,"0.769080,0.230920"
AGExPOLPARTY,AGExPOLPARTY :: 30-49 | Republican,CAREGIV6C_W27,2,"0.801936,0.198064"
AGExPOLPARTY,AGExPOLPARTY :: 50-64 | Democrat,CAREGIV6C_W27,2,"0.798187,0.201813"
AGExPOLPARTY,AGExPOLPARTY :: 50-64 | Independent,CAREGIV6C_W27,2,"0.796925,0.203075"
AGExPOLPARTY,AGExPOLPARTY :: 50-64 | Other,CAREGIV6C_W27,2,"0.781331,0.218669"
AGExPOLPARTY,AGExPOLPARTY :: 50-64 | Republican,CAREGIV6C_W27,2,"0.809276,0.190724"
AGExPOLPARTY,AGExPOLPARTY :: 65+ | Democrat,CAREGIV6C_W27,2,"0.816406,0.183594"
AGExPOLPARTY,AGExPOLPARTY :: 65+ | Independent,CAREGIV6C_W27,2,"0.801936,0.198064"
AGExPOLPARTY,AGExPOLPARTY :: 65+ | Other,CAREGIV6C_W27,2,"0.779993,0.220007"
AGExPOLPARTY,AGExPOLPARTY :: 65+ | Republican,CAREGIV6C_W27,2,"0.811676,0.188324"
AGExPOLPARTY,AGExPOLPARTY :: 18-29 | Democrat,CARS2_W27,3,"0.319433,0.223000,0.457567"
AGExPOLPARTY,AGExPOLPARTY :: 18-29 | Independent,CARS2_W27,3,"0.302361,0.195219,0.502419"
AGExPOLPARTY,AGExPOLPARTY :: 18-29 | Other,CARS2_W27,3,"0.276008,0.208342,0.515651"
AGExPOLPARTY,AGExPOLPARTY :: 18-29 | Republican,CARS2_W27,3,"0.332166,0.203049,0.464784"
AGExPOLPARTY,AGExPOLPARTY :: 30-49 | Democrat,CARS2_W27,3,"0.299374,0.240554,0.460072"
AGExPOLPARTY,AGExPOLPARTY :: 30-49 | Independent,CARS2_W27,3,"0.302365,0.202998,0.494636"
AGExPOLPARTY,AGExPOLPARTY :: 30-49 | Other,CARS2_W27,3,"0.279992,0.213007,0.507001"
AGExPOLPARTY,AGExPOLPARTY :: 30-49 | Republican,CARS2_W27,3,"0.331873,0.210952,0.457175"
AGExPOLPARTY,AGExPOLPARTY :: 50-64 | Democrat,CARS2_W27,3,"0.286467,0.241229,0.472304"
AGExPOLPARTY,AGExPOLPARTY :: 50-64 | Independent,CARS2_W27,3,"0.296968,0.205704,0.497328"
AGExPOLPARTY,AGExPOLPARTY :: 50-64 | Other,CARS2_W27,3,"0.274896,0.207502,0.517601"
AGExPOLPARTY,AGExPOLPARTY :: 50-64 | Republican,CARS2_W27,3,"0.319758,0.211347,0.468894"
AGExPOLPARTY,AGExPOLPARTY :: 65+ | Democrat,CARS2_W27,3,"0.295604,0.232022,0.472374"
AGExPOLPARTY,AGExPOLPARTY :: 65+ | Independent,CARS2_W27,3,"0.298616,0.197373,0.504010"
AGExPOLPARTY,AGExPOLPARTY :: 65+ | Other,CARS2_W27,3,"0.280261,0.208272,0.511467"
AGExPOLPARTY,AGExPOLPARTY :: 65+ | Republican,CARS2_W27,3,"0.324077,0.204393,0.471530"
AGExPOLPARTY,AGExPOLPARTY :: 18-29 | Democrat,CARS8_W27,3,"0.248565,0.439666,0.311770"
AGExPOLPARTY,AGExPOLPARTY :: 18-29 | Independent,CARS8_W27,3,"0.222721,0.442934,0.334344"
AGExPOLPARTY,AGExPOLPARTY :: 18-29 | Other,CARS8_W27,3,"0.240991,0.429613,0.329396"
AGExPOLPARTY,AGExPOLPARTY :: 18-29 | Republican,CARS8_W27,3,"0.230153,0.457714,0.312134"
AGExPOLPARTY,AGExPOLPARTY :: 30-49 | Democrat,CARS8_W27,3,"0.243848,0.438115,0.318037"
AGExPOLPARTY,AGExPOLPARTY :: 30-49 | Independent,CARS8_W27,3,"0.250099,0.428769,0.321133"
AGExPOLPARTY,AGExPOLPARTY :: 30-49 | Other,CARS8_W27,3,"0.260597,0.409977,0.329426"
AGExPOLPARTY,AGExPOLPARTY :: 30-49 | Republican,CARS8_W27,3,"0.252968,0.437089,0.309943"
AGExPOLPARTY,AGExPOLPARTY :: 50-64 | Democrat,CARS8_W27,3,"0.240150,0.441703,0.318147"
AGExPOLPARTY,AGExPOLPARTY :: 50-64 | Independent,CARS8_W27,3,"0.244485,0.429085,0.326430"
AGExPOLPARTY,AGExPOLPARTY :: 50-64 | Other,CARS8_W27,3,"0.263928,0.415217,0.320855"
AGExPOLPARTY,AGExPOLPARTY :: 50-64 | Republican,CARS8_W27,3,"0.251494,0.437952,0.310554"
AGExPOLPARTY,AGExPOLPARTY :: 65+ | Democrat,CARS8_W27,3,"0.245515,0.434272,0.320212"
AGExPOLPARTY,AGExPOLPARTY :: 65+ | Independent,CARS8_W27,3,"0.248571,0.419543,0.331886"
AGExPOLPARTY,AGExPOLPARTY :: 65+ | Other,CARS8_W27,3,"0.269892,0.402003,0.328105"
AGExPOLPARTY,AGExPOLPARTY :: 65+ | Republican,CARS8_W27,3,"0.258772,0.426642,0.314586"
AGExPOLPARTY,AGExPOLPARTY :: 18-29 | Democrat,CARS9A_W27,4,"0.291187,0.267209,0.275691,0.165914"
AGExPOLPARTY,AGExPOLPARTY :: 18-29 | Independent,CARS9A_W27,4,"0.250526,0.273008,0.306951,0.169515"
AGExPOLPARTY,AGExPOLPARTY :: 18-29 | Other,CARS9A_W27,4,"0.237051,0.270720,0.321488,0.170741"
AGExPOLPARTY,AGExPOLPARTY :: 18-29 | Republican,CARS9A_W27,4,"0.273083,0.268849,0.281752,0.176316"
AGExPOLPARTY,AGExPOLPARTY :: 30-49 | Democrat,CARS9A_W27,4,"0.249256,0.282445,0.298321,0.169978"
AGExPOLPARTY,AGExPOLPARTY :: 30-49 | Independent,CARS9A_W27,4,"0.233710,0.293139,0.304816,0.168335"
AGExPOLPARTY,AGExPOLPARTY :: 30-49 | Other,CARS9A_W27,4,"0.226831,0.282296,0.324920,0.165953"
AGExPOLPARTY,AGExPOLPARTY :: 30-49 | Republican,CARS9A_W27,4,"0.257036,0.282299,0.286745,0.173920"
AGExPOLPARTY,AGExPOLPARTY :: 50-64 | Democrat,CARS9A_W27,4,"0.233810,0.271224,0.317093,0.177873"
AGExPOLPARTY,AGExPOLPARTY :: 50-64 | Independent,CARS9A_W27,4,"0.218872,0.270271,0.336357,0.174500"
AGExPOLPARTY,AGExPOLPARTY :: 50-64 | Other,CARS9A_W27,4,"0.215105,0.265620,0.346433,0.172842"
AGExPOLPARTY,AGExPOLPARTY :: 50-64 | Republican,CARS9A_W27,4,"0.244504,0.268535,0.306676,0.180286"
AGExPOLPARTY,AGExPOLPARTY :: 65+ | Democrat,CARS9A_W27,4,"0.244797,0.258557,0.295281,0.201364"
AGExPOLPARTY,AGExPOLPARTY :: 65+ | Independent,CARS9A_W27,4,"0.227448,0.261791,0.308465,0.202296"
AGExPOLPARTY,AGExPOLPARTY :: 65+ | Other,CARS9A_W27,4,"0.225841,0.257919,0.318487,0.197753"
AGExPOLPARTY,AGExPOLPARTY :: 65+ | Republican,CARS9A_W27,4,"0.256158,0.256158,0.276973,0.210710"
AGExPOLPARTY,AGExPOLPARTY :: 18-29 | Democrat,CITYSIZE_W32,3,"0.362269,0.335044,0.302687"
AGExPOLPARTY,AGExPOLPARTY :: 18-29 | Independent,CITYSIZE_W32,3,"0.320069,0.320069,0.359863"
AGExPOLPARTY,AGExPOLPARTY :: 18-29 | Other,CITYSIZE_W32,3,"0.306053,0.357813,0.336134"
AGExPOLPARTY,AGExPOLPARTY :: 18-29 | Republican,CITYSIZE_W32,3,"0.339422,0.326419,0.334160"
AGExPOLPARTY,AGExPOLPARTY :: 30-49 | Democrat,CITYSIZE_W32,3,"0.308455,0.360621,0.330924"
AGExPOLPARTY,AGExPOLPARTY :: 30-49 | Independent,CITYSIZE_W32,3,"0.298739,0.352000,0.349261"
AGExPOLPARTY,AGExPOLPARTY :: 30-49 | Other,CITYSIZE_W32,3,"0.288155,0.364263,0.347582"
AGExPOLPARTY,AGExPOLPARTY :: 30-49 | Republican,CITYSIZE_W32,3,"0.320440,0.338453,0.341107"
AGExPOLPARTY,AGExPOLPARTY :: 50-64 | Democrat,CITYSIZE_W32,3,"0.311720,0.361601,0.326679"
AGExPOLPARTY,AGExPOLPARTY :: 50-64 | Independent,CITYSIZE_W32,3,"0.306791,0.331720,0.361488"
AGExPOLPARTY,AGExPOLPARTY :: 50-64 | Other,CITYSIZE_W32,3,"0.292196,0.360813,0.346991"
AGExPOLPARTY,AGExPOLPARTY :: 50-64 | Republican,CITYSIZE_W32,3,"0.322993,0.335859,0.341148"
AGExPOLPARTY,AGExPOLPARTY :: 65+ | Democrat,CITYSIZE_W32,3,"0.327270,0.340307,0.332424"
AGExPOLPARTY,AGExPOLPARTY :: 65+ | Independent,CITYSIZE_W32,3,"0.312416,0.322333,0.365251"
AGExPOLPARTY,AGExPOLPARTY :: 65+ | Other,CITYSIZE_W32,3,"0.305249,0.337879,0.356872"
AGExPOLPARTY,AGExPOLPARTY :: 65+ | Republican,CITYSIZE_W32,3,"0.330125,0.310124,0.359750"
AGExPOLPARTY,AGExPOLPARTY :: 18-29 | Democrat,COMATTACH_W32,4,"0.424208,0.322721,0.172740,0.080331"
AGExPOLPARTY,AGExPOLPARTY :: 18-29 | Independent,COMATTACH_W32,4,"0.375354,0.352613,0.190220,0.081813"
AGExPOLPARTY,AGExPOLPARTY :: 18-29 | Other,COMATTACH_W32,4,"0.334573,0.356151,0.212667,0.096609"
AGExPOLPARTY,AGExPOLPARTY :: 18-29 | Republican,COMATTACH_W32,4,"0.396439,0.344432,0.167863,0.091265"
AGExPOLPARTY,AGExPOLPARTY :: 30-49 | Democrat,COMATTACH_W32,4,"0.375105,0.344215,0.191585,0.089095"
AGExPOLPARTY,AGExPOLPARTY :: 30-49 | Independent,COMATTACH_W32,4,"0.349502,0.386863,0.191511,0.072124"
AGExPOLPARTY,AGExPOLPARTY :: 30-49 | Other,COMATTACH_W32,4,"0.307923,0.374340,0.225282,0.092455"
AGExPOLPARTY,AGExPOLPARTY :: 30-49 | Republican,COMATTACH_W32,4,"0.370822,0.367936,0.176538,0.084704"
AGExPOLPARTY,AGExPOLPARTY :: 50-64 | Democrat,COMATTACH_W32,4,"0.368909,0.341185,0.191388,0.098518"
AGExPOLPARTY,AGExPOLPARTY :: 50-64 | Independent,COMATTACH_W32,4,"0.350080,0.366880,0.197917,0.085123"
AGExPOLPARTY,AGExPOLPARTY :: 50-64 | Other,COMATTACH_W32,4,"0.316790,0.370365,0.217727,0.095118"
AGExPOLPARTY,AGExPOLPARTY :: 50-64 | Republican,COMATTACH_W32,4,"0.376134,0.356117,0.176291,0.091458"
AGExPOLPARTY,AGExPOLPARTY :: 65+ | Democrat,COMATTACH_W32,4,"0.370750,0.319606,0.186425,0.123219"
AGExPOLPARTY,AGExPOLPARTY :: 65+ | Independent,COMATTACH_W32,4,"0.343426,0.343426,0.197213,0.115935"
AGExPOLPARTY,AGExPOLPARTY :: 65+ | Other,COMATTACH_W32,4,"0.311811,0.331921,0.221107,0.135160"
AGExPOLPARTY,AGExPOLPARTY :: 65+ | Republican,COMATTACH_W32,4,"0.376495,0.322033,0.172372,0.129101"
AGExPOLPARTY,AGExPOLPARTY :: 18-29 | Democrat,COMMIMPA_W32,4,"0.725284,0.172270,0.068524,0.033922"
AGExPOLPARTY,AGExPOLPARTY :: 18-29 | Independent,COMMIMPA_W32,4,"0.719925,0.177809,0.069631,0.032635"
AGExPOLPARTY,AGExPOLPARTY :: 18-29 | Other,COMMIMPA_W32,4,"0.662329,0.205180,0.093938,0.038552"
AGExPOLPARTY,AGExPOLPARTY :: 18-29 | Republican,COMMIMPA_W32,4,"0.761582,0.154725,0.050232,0.033462"
AGExPOLPARTY,AGExPOLPARTY :: 30-49 | Democrat,COMMIMPA_W32,4,"0.669307,0.210607,0.083774,0.036313"
AGExPOLPARTY,AGExPOLPARTY :: 30-49 | Independent,COMMIMPA_W32,4,"0.660962,0.230214,0.075917,0.032907"
AGExPOLPARTY,AGExPOLPARTY :: 30-49 | Other,COMMIMPA_W32,4,"0.594767,0.255806,0.108315,0.041112"
AGExPOLPARTY,AGExPOLPARTY :: 30-49 | Republican,COMMIMPA_W32,4,"0.704095,0.198599,0.060569,0.036737"
AGExPOLPARTY,AGExPOLPARTY :: 50-64 | Democrat,COMMIMPA_W32,4,"0.656450,0.216474,0.085437,0.041639"
AGExPOLPARTY,AGExPOLPARTY :: 50-64 | Independent,COMMIMPA_W32,4,"0.662544,0.218484,0.081006,0.037967"
AGExPOLPARTY,AGExPOLPARTY :: 50-64 | Other,COMMIMPA_W32,4,"0.607573,0.245482,0.101536,0.045410"
AGExPOLPARTY,AGExPOLPARTY :: 50-64 | Republican,COMMIMPA_W32,4,"0.705299,0.192818,0.061149,0.040734"
AGExPOLPARTY,AGExPOLPARTY :: 65+ | Democrat,COMMIMPA_W32,4,"0.669584,0.194860,0.081867,0.053690"
AGExPOLPARTY,AGExPOLPARTY :: 65+ | Independent,COMMIMPA_W32,4,"0.650886,0.214640,0.080205,0.054269"
AGExPOLPARTY,AGExPOLPARTY :: 65+ | Other,COMMIMPA_W32,4,"0.590443,0.233034,0.111811,0.064711"
AGExPOLPARTY,AGExPOLPARTY :: 65+ | Republican,COMMIMPA_W32,4,"0.697481,0.177734,0.061905,0.062880"
AGExPOLPARTY,AGExPOLPARTY :: 18-29 | Democrat,COMMIMPB_W32,4,"0.823711,0.110610,0.042312,0.023367"
AGExPOLPARTY,AGExPOLPARTY :: 18-29 | Independent,COMMIMPB_W32,4,"0.856482,0.088181,0.035351,0.019986"
AGExPOLPARTY,AGExPOLPARTY :: 18-29 | Other,COMMIMPB_W32,4,"0.811445,0.110678,0.053940,0.023936"
AGExPOLPARTY,AGExPOLPARTY :: 18-29 | Republican,COMMIMPB_W32,4,"0.879721,0.076869,0.025152,0.018258"
AGExPOLPARTY,AGExPOLPARTY :: 30-49 | Democrat,COMMIMPB_W32,4,"0.803483,0.122259,0.048631,0.025627"
AGExPOLPARTY,AGExPOLPARTY :: 30-49 | Independent,COMMIMPB_W32,4,"0.824215,0.117815,0.037656,0.020314"
AGExPOLPARTY,AGExPOLPARTY :: 30-49 | Other,COMMIMPB_W32,4,"0.768290,0.144357,0.060649,0.026703"
AGExPOLPARTY,AGExPOLPARTY :: 30-49 | Republican,COMMIMPB_W32,4,"0.846796,0.101135,0.030366,0.021702"
AGExPOLPARTY,AGExPOLPARTY :: 50-64 | Democrat,COMMIMPB_W32,4,"0.801110,0.121898,0.048488,0.028504"
AGExPOLPARTY,AGExPOLPARTY :: 50-64 | Independent,COMMIMPB_W32,4,"0.835343,0.102133,0.039376,0.023148"
AGExPOLPARTY,AGExPOLPARTY :: 50-64 | Other,COMMIMPB_W32,4,"0.778777,0.135331,0.057303,0.028589"
AGExPOLPARTY,AGExPOLPARTY :: 50-64 | Republican,COMMIMPB_W32,4,"0.849185,0.096776,0.030691,0.023348"
AGExPOLPARTY,AGExPOLPARTY :: 65+ | Democrat,COMMIMPB_W32,4,"0.802156,0.113770,0.047426,0.036648"
AGExPOLPARTY,AGExPOLPARTY :: 65+ | Independent,COMMIMPB_W32,4,"0.821888,0.106137,0.039352,0.032624"
AGExPOLPARTY,AGExPOLPARTY :: 65+ | Other,COMMIMPB_W32,4,"0.757963,0.135895,0.064696,0.041446"
AGExPOLPARTY,AGExPOLPARTY :: 65+ | Republican,COMMIMPB_W32,4,"0.830705,0.099214,0.032717,0.037364"
AGExPOLPARTY,AGExPOLPARTY :: 18-29 | Democrat,COMMIMPH_W32,4,"0.318474,0.253909,0.272405,0.155212"
AGExPOLPARTY,AGExPOLPARTY :: 18-29 | Independent,COMMIMPH_W32,4,"0.259498,0.234437,0.333202,0.172863"
AGExPOLPARTY,AGExPOLPARTY :: 18-29 | Other,COMMIMPH_W32,4,"0.257139,0.245364,0.330173,0.167324"
AGExPOLPARTY,AGExPOLPARTY :: 18-29 | Republican,COMMIMPH_W32,4,"0.317323,0.241406,0.271420,0.169851"
AGExPOLPARTY,AGExPOLPARTY :: 30-49 | Democrat,COMMIMPH_W32,4,"0.272658,0.266342,0.299456,0.161544"
AGExPOLPARTY,AGExPOLPARTY :: 30-49 | Independent,COMMIMPH_W32,4,"0.261595,0.261595,0.323027,0.153784"
AGExPOLPARTY,AGExPOLPARTY :: 30-49 | Other,COMMIMPH_W32,4,"0.250526,0.264608,0.329310,0.155555"
AGExPOLPARTY,AGExPOLPARTY :: 30-49 | Republican,COMMIMPH_W32,4,"0.315025,0.257116,0.269455,0.158404"
AGExPOLPARTY,AGExPOLPARTY :: 50-64 | Democrat,COMMIMPH_W32,4,"0.260558,0.262601,0.304623,0.172218"
AGExPOLPARTY,AGExPOLPARTY :: 50-64 | Independent,COMMIMPH_W32,4,"0.239697,0.241577,0.348756,0.169970"
AGExPOLPARTY,AGExPOLPARTY :: 50-64 | Other,COMMIMPH_W32,4,"0.251647,0.257614,0.330783,0.159956"
AGExPOLPARTY,AGExPOLPARTY :: 50-64 | Republican,COMMIMPH_W32,4,"0.314249,0.250541,0.270900,0.164309"
AGExPOLPARTY,AGExPOLPARTY :: 65+ | Democrat,COMMIMPH_W32,4,"0.270757,0.242705,0.283751,0.202788"
AGExPOLPARTY,AGExPOLPARTY :: 65+ | Independent,COMMIMPH_W32,4,"0.242007,0.222078,0.325656,0.210259"
AGExPOLPARTY,AGExPOLPARTY :: 65+ | Other,COMMIMPH_W32,4,"0.252428,0.235288,0.314151,0.198133"
AGExPOLPARTY,AGExPOLPARTY :: 65+ | Republican,COMMIMPH_W32,4,"0.329341,0.224591,0.244746,0.201322"
AGExPOLPARTY,AGExPOLPARTY :: 18-29 | Democrat,COMPROMISEVAL_W92,2,"0.449393,0.550607"
AGExPOLPARTY,AGExPOLPARTY :: 18-29 | Independent,COMPROMISEVAL_W92,2,"0.414899,0.585101"
AGExPOLPARTY,AGExPOLPARTY :: 18-29 | Other,COMPROMISEVAL_W92,2,"0.426322,0.573678"
AGExPOLPARTY,AGExPOLPARTY :: 18-29 | Republican,COMPROMISEVAL_W92,2,"0.437824,0.562177"
AGExPOLPARTY,AGExPOLPARTY :: 30-49 | Democrat,COMPROMISEVAL_W92,2,"0.449393,0.550607"
AGExPOLPARTY,AGExPOLPARTY :: 30-49 | Independent,COMPROMISEVAL_W92,2,"0.384912,0.615088"
AGExPOLPARTY,AGExPOLPARTY :: 30-49 | Other,COMPROMISEVAL_W92,2,"0.413004,0.586996"
AGExPOLPARTY,AGExPOLPARTY :: 30-49 | Republican,COMPROMISEVAL_W92,2,"0.422505,0.577495"
AGExPOLPARTY,AGExPOLPARTY :: 50-64 | Democrat,COMPROMISEVAL_W92,2,"0.453262,0.546738"
AGExPOLPARTY,AGExPOLPARTY :: 50-64 | Independent,COMPROMISEVAL_W92,2,"0.407333,0.592667"
AGExPOLPARTY,AGExPOLPARTY :: 50-64 | Other,COMPROMISEVAL_W92,2,"0.401688,0.598312"
AGExPOLPARTY,AGExPOLPARTY :: 50-64 | Refused,COMPROMISEVAL_W92,2,"0.418697,0.581303"
AGExPOLPARTY,AGExPOLPARTY :: 50-64 | Republican,COMPROMISEVAL_W92,2,"0.414899,0.585101"
AGExPOLPARTY,AGExPOLPARTY :: 65+ | Democrat,COMPROMISEVAL_W92,2,"0.461017,0.538983"
AGExPOLPARTY,AGExPOLPARTY :: 65+ | Independent,COMPROMISEVAL_W92,2,"0.411111,0.588889"
AGExPOLPARTY,AGExPOLPARTY :: 65+ | Other,COMPROMISEVAL_W92,2,"0.426322,0.573678"
AGExPOLPARTY,AGExPOLPARTY :: 65+ | Republican,COMPROMISEVAL_W92,2,"0.422505,0.577495"
AGExPOLPARTY,AGExPOLPARTY :: 18-29 | Democrat,COMTYPE2_W32,3,"0.372454,0.369555,0.257991"
AGExPOLPARTY,AGExPOLPARTY :: 18-29 | Independent,COMTYPE2_W32,3,"0.319379,0.385244,0.295377"
AGExPOLPARTY,AGExPOLPARTY :: 18-29 | Other,COMTYPE2_W32,3,"0.313783,0.384455,0.301762"
AGExPOLPARTY,AGExPOLPARTY :: 18-29 | Republican,COMTYPE2_W32,3,"0.343062,0.368051,0.288887"
AGExPOLPARTY,AGExPOLPARTY :: 30-49 | Democrat,COMTYPE2_W32,3,"0.303128,0.414326,0.282546"
AGExPOLPARTY,AGExPOLPARTY :: 30-49 | Independent,COMTYPE2_W32,3,"0.283073,0.431634,0.285293"
AGExPOLPARTY,AGExPOLPARTY :: 30-49 | Other,COMTYPE2_W32,3,"0.285717,0.402926,0.311357"
AGExPOLPARTY,AGExPOLPARTY :: 30-49 | Republican,COMTYPE2_W32,3,"0.302626,0.404059,0.293315"
AGExPOLPARTY,AGExPOLPARTY :: 50-64 | Democrat,COMTYPE2_W32,3,"0.309262,0.400214,0.290524"
AGExPOLPARTY,AGExPOLPARTY :: 50-64 | Independent,COMTYPE2_W32,3,"0.296087,0.398428,0.305485"
AGExPOLPARTY,AGExPOLPARTY :: 50-64 | Other,COMTYPE2_W32,3,"0.292280,0.384195,0.323525"
AGExPOLPARTY,AGExPOLPARTY :: 50-64 | Republican,COMTYPE2_W32,3,"0.307637,0.379881,0.312482"
AGExPOLPARTY,AGExPOLPARTY :: 65+ | Democrat,COMTYPE2_W32,3,"0.330125,0.359750,0.310124"
AGExPOLPARTY,AGExPOLPARTY :: 65+ | Independent,COMTYPE2_W32,3,"0.306713,0.364231,0.329055"
AGExPOLPARTY,AGExPOLPARTY :: 65+ | Other,COMTYPE2_W32,3,"0.306973,0.342453,0.350574"
AGExPOLPARTY,AGExPOLPARTY :: 65+ | Republican,COMTYPE2_W32,3,"0.324543,0.324543,0.350914"
AGExPOLPARTY,AGExPOLPARTY :: 18-29 | Democrat,CONCERNGOV_W49,4,"0.458505,0.255197,0.182381,0.103917"
AGExPOLPARTY,AGExPOLPARTY :: 18-29 | Independent,CONCERNGOV_W49,4,"0.446996,0.264836,0.192251,0.095917"
AGExPOLPARTY,AGExPOLPARTY :: 18-29 | Other,CONCERNGOV_W49,4,"0.420273,0.282158,0.198523,0.099047"
AGExPOLPARTY,AGExPOLPARTY :: 18-29 | Republican,CONCERNGOV_W49,4,"0.496608,0.249710,0.147948,0.105734"
AGExPOLPARTY,AGExPOLPARTY :: 30-49 | Democrat,CONCERNGOV_W49,4,"0.439358,0.270681,0.193447,0.096514"
AGExPOLPARTY,AGExPOLPARTY :: 30-49 | Independent,CONCERNGOV_W49,4,"0.414740,0.296401,0.200555,0.088303"
AGExPOLPARTY,AGExPOLPARTY :: 30-49 | Other,CONCERNGOV_W49,4,"0.384397,0.304083,0.217319,0.094201"
AGExPOLPARTY,AGExPOLPARTY :: 30-49 | Republican,CONCERNGOV_W49,4,"0.452521,0.276621,0.169095,0.101763"
AGExPOLPARTY,AGExPOLPARTY :: 50-64 | Democrat,CONCERNGOV_W49,4,"0.436429,0.270985,0.184796,0.107790"
AGExPOLPARTY,AGExPOLPARTY :: 50-64 | Independent,CONCERNGOV_W49,4,"0.427002,0.282231,0.192465,0.098302"
AGExPOLPARTY,AGExPOLPARTY :: 50-64 | Other,CONCERNGOV_W49,4,"0.397660,0.295515,0.204698,0.102127"
AGExPOLPARTY,AGExPOLPARTY :: 50-64 | Republican,CONCERNGOV_W49,4,"0.457307,0.268837,0.161789,0.112068"
AGExPOLPARTY,AGExPOLPARTY :: 65+ | Democrat,CONCERNGOV_W49,4,"0.448816,0.251763,0.175759,0.123662"
AGExPOLPARTY,AGExPOLPARTY :: 65+ | Independent,CONCERNGOV_W49,4,"0.429144,0.268551,0.183136,0.119169"
AGExPOLPARTY,AGExPOLPARTY :: 65+ | Other,CONCERNGOV_W49,4,"0.398768,0.276218,0.200513,0.124501"
AGExPOLPARTY,AGExPOLPARTY :: 65+ | Republican,CONCERNGOV_W49,4,"0.460655,0.244652,0.153099,0.141594"
AGExPOLPARTY,AGExPOLPARTY :: 18-29 | Democrat,CONFd_F2_W42,4,"0.335198,0.317359,0.213065,0.134378"
AGExPOLPARTY,AGExPOLPARTY :: 18-29 | Independent,CONFd_F2_W42,4,"0.303719,0.333570,0.231058,0.131653"
AGExPOLPARTY,AGExPOLPARTY :: 18-29 | Other,CONFd_F2_W42,4,"0.275998,0.320163,0.257258,0.146581"
AGExPOLPARTY,AGExPOLPARTY :: 18-29 | Republican,CONFd_F2_W42,4,"0.331535,0.313891,0.197968,0.156606"
AGExPOLPARTY,AGExPOLPARTY :: 30-49 | Democrat,CONFd_F2_W42,4,"0.301839,0.326365,0.231428,0.140368"
AGExPOLPARTY,AGExPOLPARTY :: 30-49 | Independent,CONFd_F2_W42,4,"0.292383,0.355448,0.233108,0.119060"
AGExPOLPARTY,AGExPOLPARTY :: 30-49 | Other,CONFd_F2_W42,4,"0.266842,0.337320,0.262705,0.133133"
AGExPOLPARTY,AGExPOLPARTY :: 30-49 | Refused,CONFd_F2_W42,4,"0.285540,0.326096,0.229437,0.158927"
AGExPOLPARTY,AGExPOLPARTY :: 30-49 | Republican,CONFd_F2_W42,4,"0.318442,0.328550,0.207214,0.145793"
AGExPOLPARTY,AGExPOLPARTY :: 50-64 | Democrat,CONFd_F2_W42,4,"0.286501,0.317128,0.239381,0.156990"
AGExPOLPARTY,AGExPOLPARTY :: 50-64 | Independent,CONFd_F2_W42,4,"0.282493,0.335469,0.245434,0.136605"
AGExPOLPARTY,AGExPOLPARTY :: 50-64 | Other,CONFd_F2_W42,4,"0.265794,0.328212,0.263725,0.142269"
AGExPOLPARTY,AGExPOLPARTY :: 50-64 | Republican,CONFd_F2_W42,4,"0.308828,0.316151,0.217287,0.157734"
AGExPOLPARTY,AGExPOLPARTY :: 65+ | Democrat,CONFd_F2_W42,4,"0.291950,0.296548,0.227371,0.184131"
AGExPOLPARTY,AGExPOLPARTY :: 65+ | Independent,CONFd_F2_W42,4,"0.281137,0.316090,0.234898,0.167874"
AGExPOLPARTY,AGExPOLPARTY :: 65+ | Other,CONFd_F2_W42,4,"0.266427,0.297221,0.260255,0.176097"
AGExPOLPARTY,AGExPOLPARTY :: 65+ | Republican,CONFd_F2_W42,4,"0.314069,0.292744,0.201200,0.191987"
AGExPOLPARTY,AGExPOLPARTY :: 18-29 | Democrat,CONFe_W42,4,"0.249007,0.245147,0.284375,0.221471"
AGExPOLPARTY,AGExPOLPARTY :: 18-29 | Independent,CONFe_W42,4,"0.217318,0.233149,0.328792,0.220741"
AGExPOLPARTY,AGExPOLPARTY :: 18-29 | Other,CONFe_W42,4,"0.209039,0.219071,0.352820,0.219071"
AGExPOLPARTY,AGExPOLPARTY :: 18-29 | Republican,CONFe_W42,4,"0.245740,0.223749,0.282845,0.247667"
AGExPOLPARTY,AGExPOLPARTY :: 30-49 | Democrat,CONFe_W42,4,"0.212795,0.231891,0.327018,0.228296"
AGExPOLPARTY,AGExPOLPARTY :: 30-49 | Independent,CONFe_W42,4,"0.216214,0.262850,0.327122,0.193813"
AGExPOLPARTY,AGExPOLPARTY :: 30-49 | Other,CONFe_W42,4,"0.207544,0.238882,0.358604,0.194970"
AGExPOLPARTY,AGExPOLPARTY :: 30-49 | Refused,CONFe_W42,4,"0.229137,0.255621,0.289657,0.225585"
AGExPOLPARTY,AGExPOLPARTY :: 30-49 | Republican,CONFe_W42,4,"0.242948,0.241058,0.293052,0.222942"
AGExPOLPARTY,AGExPOLPARTY :: 50-64 | Democrat,CONFe_W42,4,"0.202393,0.213770,0.341603,0.242233"
AGExPOLPARTY,AGExPOLPARTY :: 50-64 | Independent,CONFe_W42,4,"0.200388,0.220084,0.362857,0.216672"
AGExPOLPARTY,AGExPOLPARTY :: 50-64 | Other,CONFe_W42,4,"0.200409,0.221832,0.377350,0.200409"
AGExPOLPARTY,AGExPOLPARTY :: 50-64 | Republican,CONFe_W42,4,"0.233736,0.216170,0.314526,0.235569"
AGExPOLPARTY,AGExPOLPARTY :: 65+ | Democrat,CONFe_W42,4,"0.209282,0.206038,0.311725,0.272955"
AGExPOLPARTY,AGExPOLPARTY :: 65+ | Independent,CONFe_W42,4,"0.206797,0.218421,0.325337,0.249445"
AGExPOLPARTY,AGExPOLPARTY :: 65+ | Other,CONFe_W42,4,"0.205828,0.210709,0.344697,0.238765"
AGExPOLPARTY,AGExPOLPARTY :: 65+ | Republican,CONFe_W42,4,"0.247951,0.213747,0.268099,0.270202"
AGExPOLPARTY,AGExPOLPARTY :: 18-29 | Democrat,CONTROLGRPe_W49,4,"0.377832,0.265838,0.270025,0.086305"
AGExPOLPARTY,AGExPOLPARTY :: 18-29 | Independent,CONTROLGRPe_W49,4,"0.369405,0.274518,0.281028,0.075049"
AGExPOLPARTY,AGExPOLPARTY :: 18-29 | Other,CONTROLGRPe_W49,4,"0.333000,0.269671,0.305578,0.091751"
AGExPOLPARTY,AGExPOLPARTY :: 18-29 | Republican,CONTROLGRPe_W49,4,"0.387231,0.272451,0.264068,0.076250"
AGExPOLPARTY,AGExPOLPARTY :: 30-49 | Democrat,CONTROLGRPe_W49,4,"0.346920,0.292136,0.276589,0.084355"
AGExPOLPARTY,AGExPOLPARTY :: 30-49 | Independent,CONTROLGRPe_W49,4,"0.366381,0.289831,0.274407,0.069381"
AGExPOLPARTY,AGExPOLPARTY :: 30-49 | Other,CONTROLGRPe_W49,4,"0.334468,0.286085,0.297482,0.081965"
AGExPOLPARTY,AGExPOLPARTY :: 30-49 | Republican,CONTROLGRPe_W49,4,"0.383617,0.287316,0.257548,0.071519"
AGExPOLPARTY,AGExPOLPARTY :: 50-64 | Democrat,CONTROLGRPe_W49,4,"0.337835,0.288966,0.282272,0.090927"
AGExPOLPARTY,AGExPOLPARTY :: 50-64 | Independent,CONTROLGRPe_W49,4,"0.357393,0.287173,0.280521,0.074914"
AGExPOLPARTY,AGExPOLPARTY :: 50-64 | Other,CONTROLGRPe_W49,4,"0.331555,0.277024,0.304252,0.087170"
AGExPOLPARTY,AGExPOLPARTY :: 50-64 | Republican,CONTROLGRPe_W49,4,"0.379611,0.282103,0.262949,0.075336"
AGExPOLPARTY,AGExPOLPARTY :: 65+ | Democrat,CONTROLGRPe_W49,4,"0.334666,0.275288,0.275288,0.114757"
AGExPOLPARTY,AGExPOLPARTY :: 65+ | Independent,CONTROLGRPe_W49,4,"0.349270,0.274145,0.274145,0.102440"
AGExPOLPARTY,AGExPOLPARTY :: 65+ | Other,CONTROLGRPe_W49,4,"0.320699,0.263800,0.296598,0.118904"
AGExPOLPARTY,AGExPOLPARTY :: 65+ | Republican,CONTROLGRPe_W49,4,"0.365779,0.265527,0.261411,0.107283"
AGExPOLPARTY,AGExPOLPARTY :: 18-29 | Democrat,DATAUSEc_W49,2,"0.527317,0.472683"
AGExPOLPARTY,AGExPOLPARTY :: 18-29 | Independent,DATAUSEc_W49,2,"0.503906,0.496094"
AGExPOLPARTY,AGExPOLPARTY :: 18-29 | Other,DATAUSEc_W49,2,"0.480479,0.519521"
AGExPOLPARTY,AGExPOLPARTY :: 18-29 | Republican,DATAUSEc_W49,2,"0.492188,0.507812"
AGExPOLPARTY,AGExPOLPARTY :: 30-49 | Democrat,DATAUSEc_W49,2,"0.468791,0.531209"
AGExPOLPARTY,AGExPOLPARTY :: 30-49 | Independent,DATAUSEc_W49,2,"0.480479,0.519521"
AGExPOLPARTY,AGExPOLPARTY :: 30-49 | Other,DATAUSEc_W49,2,"0.472683,0.527317"
AGExPOLPARTY,AGExPOLPARTY :: 30-49 | Republican,DATAUSEc_W49,2,"0.480479,0.519521"
AGExPOLPARTY,AGExPOLPARTY :: 50-64 | Democrat,DATAUSEc_W49,2,"0.437824,0.562177"
AGExPOLPARTY,AGExPOLPARTY :: 50-64 | Independent,DATAUSEc_W49,2,"0.457137,0.542863"
AGExPOLPARTY,AGExPOLPARTY :: 50-64 | Other,DATAUSEc_W49,2,"0.449393,0.550607"
AGExPOLPARTY,AGExPOLPARTY :: 50-64 | Republican,DATAUSEc_W49,2,"0.457137,0.542863"
AGExPOLPARTY,AGExPOLPARTY :: 65+ | Democrat,DATAUSEc_W49,2,"0.437824,0.562177"
AGExPOLPARTY,AGExPOLPARTY :: 65+ | Independent,DATAUSEc_W49,2,"0.449393,0.550607"
AGExPOLPARTY,AGExPOLPARTY :: 65+ | Other,DATAUSEc_W49,2,"0.445530,0.554470"
AGExPOLPARTY,AGExPOLPARTY :: 65+ | Republican,DATAUSEc_W49,2,"0.453262,0.546738"
AGExPOLPARTY,AGExPOLPARTY :: 18-29 | Democrat,DB1b_W49,3,"0.596124,0.272925,0.130951"
AGExPOLPARTY,AGExPOLPARTY :: 18-29 | Independent,DB1b_W49,3,"0.593018,0.269391,0.137591"
AGExPOLPARTY,AGExPOLPARTY :: 18-29 | Other,DB1b_W49,3,"0.534809,0.277455,0.187736"
AGExPOLPARTY,AGExPOLPARTY :: 18-29 | Republican,DB1b_W49,3,"0.612503,0.269682,0.117815"
AGExPOLPARTY,AGExPOLPARTY :: 30-49 | Democrat,DB1b_W49,3,"0.521791,0.314020,0.164189"
AGExPOLPARTY,AGExPOLPARTY :: 30-49 | Independent,DB1b_W49,3,"0.546255,0.311246,0.142499"
AGExPOLPARTY,AGExPOLPARTY :: 30-49 | Other,DB1b_W49,3,"0.493419,0.308774,0.197808"
AGExPOLPARTY,AGExPOLPARTY :: 30-49 | Republican,DB1b_W49,3,"0.564298,0.306804,0.128898"
AGExPOLPARTY,AGExPOLPARTY :: 50-64 | Democrat,DB1b_W49,3,"0.512580,0.306076,0.181344"
AGExPOLPARTY,AGExPOLPARTY :: 50-64 | Independent,DB1b_W49,3,"0.536879,0.294185,0.168936"
AGExPOLPARTY,AGExPOLPARTY :: 50-64 | Other,DB1b_W49,3,"0.497675,0.294863,0.207462"
AGExPOLPARTY,AGExPOLPARTY :: 50-64 | Republican,DB1b_W49,3,"0.561860,0.296079,0.142060"
AGExPOLPARTY,AGExPOLPARTY :: 65+ | Democrat,DB1b_W49,3,"0.553603,0.282753,0.163645"
AGExPOLPARTY,AGExPOLPARTY :: 65+ | Independent,DB1b_W49,3,"0.565590,0.282183,0.152227"
AGExPOLPARTY,AGExPOLPARTY :: 65+ | Other,DB1b_W49,3,"0.511467,0.280261,0.208272"
AGExPOLPARTY,AGExPOLPARTY :: 65+ | Republican,DB1b_W49,3,"0.599814,0.272478,0.127708"
AGExPOLPARTY,AGExPOLPARTY :: 18-29 | Democrat,DIFF1A_W29,2,"0.459076,0.540924"
AGExPOLPARTY,AGExPOLPARTY :: 18-29 | Independent,DIFF1A_W29,2,"0.484380,0.515620"
AGExPOLPARTY,AGExPOLPARTY :: 18-29 | Other,DIFF1A_W29,2,"0.455199,0.544801"
AGExPOLPARTY,AGExPOLPARTY :: 18-29 | Republican,DIFF1A_W29,2,"0.464902,0.535098"
AGExPOLPARTY,AGExPOLPARTY :: 30-49 | Democrat,DIFF1A_W29,2,"0.449393,0.550607"
AGExPOLPARTY,AGExPOLPARTY :: 30-49 | Independent,DIFF1A_W29,2,"0.486332,0.513668"
AGExPOLPARTY,AGExPOLPARTY :: 30-49 | Other,DIFF1A_W29,2,"0.476580,0.523420"
AGExPOLPARTY,AGExPOLPARTY :: 30-49 | Republican,DIFF1A_W29,2,"0.480479,0.519521"
AGExPOLPARTY,AGExPOLPARTY :: 50-64 | Democrat,DIFF1A_W29,2,"0.435902,0.564098"
AGExPOLPARTY,AGExPOLPARTY :: 50-64 | Independent,DIFF1A_W29,2,"0.476580,0.523420"
AGExPOLPARTY,AGExPOLPARTY :: 50-64 | Other,DIFF1A_W29,2,"0.457137,0.542863"
AGExPOLPARTY,AGExPOLPARTY :: 50-64 | Republican,DIFF1A_W29,2,"0.466846,0.533154"
AGExPOLPARTY,AGExPOLPARTY :: 65+ | Democrat,DIFF1A_W29,2,"0.447460,0.552540"
AGExPOLPARTY,AGExPOLPARTY :: 65+ | Independent,DIFF1A_W29,2,"0.484380,0.515620"
AGExPOLPARTY,AGExPOLPARTY :: 65+ | Other,DIFF1A_W29,2,"0.474631,0.525369"
AGExPOLPARTY,AGExPOLPARTY :: 65+ | Republican,DIFF1A_W29,2,"0.472683,0.527317"
AGExPOLPARTY,AGExPOLPARTY :: 18-29 | Democrat,DIFF1B_W29,2,"0.435902,0.564098"
AGExPOLPARTY,AGExPOLPARTY :: 18-29 | Independent,DIFF1B_W29,2,"0.447460,0.552540"
AGExPOLPARTY,AGExPOLPARTY :: 18-29 | Other,DIFF1B_W29,2,"0.418697,0.581303"
AGExPOLPARTY,AGExPOLPARTY :: 18-29 | Republican,DIFF1B_W29,2,"0.428233,0.571767"
AGExPOLPARTY,AGExPOLPARTY :: 30-49 | Democrat,DIFF1B_W29,2,"0.430147,0.569853"
AGExPOLPARTY,AGExPOLPARTY :: 30-49 | Independent,DIFF1B_W29,2,"0.461017,0.538983"
AGExPOLPARTY,AGExPOLPARTY :: 30-49 | Other,DIFF1B_W29,2,"0.451327,0.548674"
AGExPOLPARTY,AGExPOLPARTY :: 30-49 | Republican,DIFF1B_W29,2,"0.451327,0.548674"
AGExPOLPARTY,AGExPOLPARTY :: 50-64 | Democrat,DIFF1B_W29,2,"0.413004,0.586996"
AGExPOLPARTY,AGExPOLPARTY :: 50-64 | Independent,DIFF1B_W29,2,"0.445530,0.554470"
AGExPOLPARTY,AGExPOLPARTY :: 50-64 | Other,DIFF1B_W29,2,"0.426322,0.573678"
AGExPOLPARTY,AGExPOLPARTY :: 50-64 | Republican,DIFF1B_W29,2,"0.433981,0.566019"
AGExPOLPARTY,AGExPOLPARTY :: 65+ | Democrat,DIFF1B_W29,2,"0.422505,0.577495"
AGExPOLPARTY,AGExPOLPARTY :: 65+ | Independent,DIFF1B_W29,2,"0.449393,0.550607"
AGExPOLPARTY,AGExPOLPARTY :: 65+ | Other,DIFF1B_W29,2,"0.445530,0.554470"
AGExPOLPARTY,AGExPOLPARTY :: 65+ | Republican,DIFF1B_W29,2,"0.443600,0.556400"
AGExPOLPARTY,AGExPOLPARTY :: 18-29 | Democrat,DIGWDOG_3_W45,3,"0.352790,0.513306,0.133904"
AGExPOLPARTY,AGExPOLPARTY :: 18-29 | Independent,DIGWDOG_3_W45,3,"0.311061,0.563259,0.125680"
AGExPOLPARTY,AGExPOLPARTY :: 18-29 | Other,DIGWDOG_3_W45,3,"0.284421,0.523130,0.192449"
AGExPOLPARTY,AGExPOLPARTY :: 18-29 | Republican,DIGWDOG_3_W45,3,"0.307049,0.573644,0.119307"
AGExPOLPARTY,AGExPOLPARTY :: 30-49 | Democrat,DIGWDOG_3_W45,3,"0.326473,0.521703,0.151824"
AGExPOLPARTY,AGExPOLPARTY :: 30-49 | Independent,DIGWDOG_3_W45,3,"0.310755,0.562704,0.126541"
AGExPOLPARTY,AGExPOLPARTY :: 30-49 | Other,DIGWDOG_3_W45,3,"0.283992,0.522342,0.193666"
AGExPOLPARTY,AGExPOLPARTY :: 30-49 | Republican,DIGWDOG_3_W45,3,"0.311969,0.564903,0.123127"
AGExPOLPARTY,AGExPOLPARTY :: 50-64 | Democrat,DIGWDOG_3_W45,3,"0.306508,0.513305,0.180187"
AGExPOLPARTY,AGExPOLPARTY :: 50-64 | Independent,DIGWDOG_3_W45,3,"0.297067,0.546390,0.156543"
AGExPOLPARTY,AGExPOLPARTY :: 50-64 | Other,DIGWDOG_3_W45,3,"0.293080,0.490817,0.216104"
AGExPOLPARTY,AGExPOLPARTY :: 50-64 | Republican,DIGWDOG_3_W45,3,"0.299064,0.545783,0.155153"
AGExPOLPARTY,AGExPOLPARTY :: 65+ | Democrat,DIGWDOG_3_W45,3,"0.305269,0.527457,0.167274"
AGExPOLPARTY,AGExPOLPARTY :: 65+ | Independent,DIGWDOG_3_W45,3,"0.298681,0.558010,0.143309"
AGExPOLPARTY,AGExPOLPARTY :: 65+ | Other,DIGWDOG_3_W45,3,"0.284742,0.503656,0.211602"
AGExPOLPARTY,AGExPOLPARTY :: 65+ | Republican,DIGWDOG_3_W45,3,"0.294780,0.563782,0.141437"
AGExPOLPARTY,AGExPOLPARTY :: 18-29 | Democrat,DNATEST_W49,2,"0.642432,0.357568"
AGExPOLPARTY,AGExPOLPARTY :: 18-29 | Independent,DNATEST_W49,2,"0.665411,0.334589"
AGExPOLPARTY,AGExPOLPARTY :: 18-29 | Other,DNATEST_W49,2,"0.620622,0.379378"
AGExPOLPARTY,AGExPOLPARTY :: 18-29 | Republican,DNATEST_W49,2,"0.661923,0.338077"
AGExPOLPARTY,AGExPOLPARTY :: 30-49 | Democrat,DNATEST_W49,2,"0.586996,0.413004"
AGExPOLPARTY,AGExPOLPARTY :: 30-49 | Independent,DNATEST_W49,2,"0.629775,0.370225"
AGExPOLPARTY,AGExPOLPARTY :: 30-49 | Other,DNATEST_W49,2,"0.585101,0.414899"
AGExPOLPARTY,AGExPOLPARTY :: 30-49 | Republican,DNATEST_W49,2,"0.616936,0.383064"
AGExPOLPARTY,AGExPOLPARTY :: 50-64 | Democrat,DNATEST_W49,2,"0.596433,0.403567"
AGExPOLPARTY,AGExPOLPARTY :: 50-64 | Independent,DNATEST_W49,2,"0.627951,0.372049"
AGExPOLPARTY,AGExPOLPARTY :: 50-64 | Other,DNATEST_W49,2,"0.603932,0.396068"
AGExPOLPARTY,AGExPOLPARTY :: 50-64 | Republican,DNATEST_W49,2,"0.637031,0.362969"
AGExPOLPARTY,AGExPOLPARTY :: 65+ | Democrat,DNATEST_W49,2,"0.620622,0.379378"
AGExPOLPARTY,AGExPOLPARTY :: 65+ | Independent,DNATEST_W49,2,"0.642432,0.357568"
AGExPOLPARTY,AGExPOLPARTY :: 65+ | Other,DNATEST_W49,2,"0.611382,0.388618"
AGExPOLPARTY,AGExPOLPARTY :: 65+ | Republican,DNATEST_W49,2,"0.653127,0.346873"
AGExPOLPARTY,AGExPOLPARTY :: 18-29 | Democrat,DNATEST_W50,2,"0.642432,0.357568"
AGExPOLPARTY,AGExPOLPARTY :: 18-29 | Independent,DNATEST_W50,2,"0.665411,0.334589"
AGExPOLPARTY,AGExPOLPARTY :: 18-29 | Other,DNATEST_W50,2,"0.620622,0.379378"
AGExPOLPARTY,AGExPOLPARTY :: 18-29 | Republican,DNATEST_W50,2,"0.661923,0.338077"
AGExPOLPARTY,AGExPOLPARTY :: 30-49 | Democrat,DNATEST_W50,2,"0.586996,0.413004"
AGExPOLPARTY,AGExPOLPARTY :: 30-49 | Independent,DNATEST_W50,2,"0.629775,0.370225"
AGExPOLPARTY,AGExPOLPARTY :: 30-49 | Other,DNATEST_W50,2,"0.585101,0.414899"
AGExPOLPARTY,AGExPOLPARTY :: 30-49 | Refused,DNATEST_W50,2,"0.583203,0.416797"
AGExPOLPARTY,AGExPOLPARTY :: 30-49 | Republican,DNATEST_W50,2,"0.616936,0.383064"
AGExPOLPARTY,AGExPOLPARTY :: 50-64 | Democrat,DNATEST_W50,2,"0.596433,0.403567"
AGExPOLPARTY,AGExPOLPARTY :: 50-64 | Independent,DNATEST_W50,2,"0.627951,0.372049"
AGExPOLPARTY,AGExPOLPARTY :: 50-64 | Other,DNATEST_W50,2,"0.603932,0.396068"
AGExPOLPARTY,AGExPOLPARTY :: 50-64 | Republican,DNATEST_W50,2,"0.637031,0.362969"
AGExPOLPARTY,AGExPOLPARTY :: 65+ | Democrat,DNATEST_W50,2,"0.620622,0.379378"
AGExPOLPARTY,AGExPOLPARTY :: 65+ | Independent,DNATEST_W50,2,"0.642432,0.357568"
AGExPOLPARTY,AGExPOLPARTY :: 65+ | Other,DNATEST_W50,2,"0.611382,0.388618"
AGExPOLPARTY,AGExPOLPARTY :: 65+ | Republican,DNATEST_W50,2,"0.653127,0.346873"
AGExPOLPARTY,AGExPOLPARTY :: 18-29 | Democrat,DRONE4A_W27,3,"0.412581,0.381575,0.205844"
AGExPOLPARTY,AGExPOLPARTY :: 18-29 | Independent,DRONE4A_W27,3,"0.369423,0.390189,0.240388"
AGExPOLPARTY,AGExPOLPARTY :: 18-29 | Other,DRONE4A_W27,3,"0.332968,0.368562,0.298470"
AGExPOLPARTY,AGExPOLPARTY :: 18-29 | Republican,DRONE4A_W27,3,"0.386898,0.396073,0.217030"
AGExPOLPARTY,AGExPOLPARTY :: 30-49 | Democrat,DRONE4A_W27,3,"0.333338,0.424684,0.241978"
AGExPOLPARTY,AGExPOLPARTY :: 30-49 | Independent,DRONE4A_W27,3,"0.348010,0.416514,0.235476"
AGExPOLPARTY,AGExPOLPARTY :: 30-49 | Other,DRONE4A_W27,3,"0.316177,0.372548,0.311275"
AGExPOLPARTY,AGExPOLPARTY :: 30-49 | Republican,DRONE4A_W27,3,"0.360656,0.411882,0.227463"
AGExPOLPARTY,AGExPOLPARTY :: 50-64 | Democrat,DRONE4A_W27,3,"0.313537,0.428554,0.257909"
AGExPOLPARTY,AGExPOLPARTY :: 50-64 | Independent,DRONE4A_W27,3,"0.314453,0.416582,0.268966"
AGExPOLPARTY,AGExPOLPARTY :: 50-64 | Other,DRONE4A_W27,3,"0.307288,0.385425,0.307288"
AGExPOLPARTY,AGExPOLPARTY :: 50-64 | Republican,DRONE4A_W27,3,"0.350747,0.410065,0.239189"
AGExPOLPARTY,AGExPOLPARTY :: 65+ | Democrat,DRONE4A_W27,3,"0.325426,0.421132,0.253442"
AGExPOLPARTY,AGExPOLPARTY :: 65+ | Independent,DRONE4A_W27,3,"0.319155,0.416256,0.264589"
AGExPOLPARTY,AGExPOLPARTY :: 65+ | Other,DRONE4A_W27,3,"0.308065,0.371598,0.320337"
AGExPOLPARTY,AGExPOLPARTY :: 65+ | Republican,DRONE4A_W27,3,"0.365109,0.400994,0.233898"
AGExPOLPARTY,AGExPOLPARTY :: 18-29 | Democrat,EAT1_W34,5,"0.250424,0.238956,0.275037,0.154282,0.081301"
AGExPOLPARTY,AGExPOLPARTY :: 18-29 | Independent,EAT1_W34,5,"0.212334,0.246312,0.306540,0.160278,0.074536"
AGExPOLPARTY,AGExPOLPARTY :: 18-29 | Other,EAT1_W34,5,"0.200354,0.237927,0.312749,0.166100,0.082870"
AGExPOLPARTY,AGExPOLPARTY :: 18-29 | Republican,EAT1_W34,5,"0.249051,0.243282,0.277836,0.146409,0.083422"
AGExPOLPARTY,AGExPOLPARTY :: 30-49 | Democrat,EAT1_W34,5,"0.223040,0.241163,0.288635,0.165749,0.081413"
AGExPOLPARTY,AGExPOLPARTY :: 30-49 | Independent,EAT1_W34,5,"0.206889,0.257477,0.308160,0.151363,0.076110"
AGExPOLPARTY,AGExPOLPARTY :: 30-49 | Other,EAT1_W34,5,"0.191282,0.239922,0.320338,0.166189,0.082269"
AGExPOLPARTY,AGExPOLPARTY :: 30-49 | Republican,EAT1_W34,5,"0.233686,0.246821,0.286318,0.148540,0.084635"
AGExPOLPARTY,AGExPOLPARTY :: 50-64 | Democrat,EAT1_W34,5,"0.217919,0.245012,0.282008,0.171046,0.084015"
AGExPOLPARTY,AGExPOLPARTY :: 50-64 | Independent,EAT1_W34,5,"0.201653,0.250962,0.309896,0.163304,0.074184"
AGExPOLPARTY,AGExPOLPARTY :: 50-64 | Other,EAT1_W34,5,"0.193237,0.240487,0.321092,0.162721,0.082463"
AGExPOLPARTY,AGExPOLPARTY :: 50-64 | Republican,EAT1_W34,5,"0.233779,0.246920,0.284203,0.149765,0.085333"
AGExPOLPARTY,AGExPOLPARTY :: 65+ | Democrat,EAT1_W34,5,"0.228974,0.238095,0.267697,0.167521,0.097714"
AGExPOLPARTY,AGExPOLPARTY :: 65+ | Independent,EAT1_W34,5,"0.211037,0.244807,0.288453,0.165645,0.090059"
AGExPOLPARTY,AGExPOLPARTY :: 65+ | Republican,EAT1_W34,5,"0.246384,0.235101,0.256199,0.152983,0.109332"
AGExPOLPARTY,AGExPOLPARTY :: 18-29 | Democrat,EAT3J_W34,2,"0.304042,0.695958"
AGExPOLPARTY,AGExPOLPARTY :: 18-29 | Independent,EAT3J_W34,2,"0.346873,0.653127"
AGExPOLPARTY,AGExPOLPARTY :: 18-29 | Other,EAT3J_W34,2,"0.292595,0.707405"
AGExPOLPARTY,AGExPOLPARTY :: 18-29 | Republican,EAT3J_W34,2,"0.230920,0.769080"
AGExPOLPARTY,AGExPOLPARTY :: 30-49 | Democrat,EAT3J_W34,2,"0.279829,0.720172"
AGExPOLPARTY,AGExPOLPARTY :: 30-49 | Independent,EAT3J_W34,2,"0.348645,0.651355"
AGExPOLPARTY,AGExPOLPARTY :: 30-49 | Other,EAT3J_W34,2,"0.325950,0.674050"
AGExPOLPARTY,AGExPOLPARTY :: 30-49 | Republican,EAT3J_W34,2,"0.256832,0.743168"
AGExPOLPARTY,AGExPOLPARTY :: 50-64 | Democrat,EAT3J_W34,2,"0.258326,0.741674"
AGExPOLPARTY,AGExPOLPARTY :: 50-64 | Independent,EAT3J_W34,2,"0.329392,0.670608"
AGExPOLPARTY,AGExPOLPARTY :: 50-64 | Other,EAT3J_W34,2,"0.289372,0.710628"
AGExPOLPARTY,AGExPOLPARTY :: 50-64 | Republican,EAT3J_W34,2,"0.237930,0.762070"
AGExPOLPARTY,AGExPOLPARTY :: 65+ | Democrat,EAT3J_W34,2,"0.242206,0.757794"
AGExPOLPARTY,AGExPOLPARTY :: 65+ | Independent,EAT3J_W34,2,"0.319121,0.680879"
AGExPOLPARTY,AGExPOLPARTY :: 65+ | Republican,EAT3J_W34,2,"0.229535,0.770465"
AGExPOLPARTY,AGExPOLPARTY :: 18-29 | Democrat,EAT5C_W34,4,"0.246636,0.302185,0.281668,0.169511"
AGExPOLPARTY,AGExPOLPARTY :: 18-29 | Independent,EAT5C_W34,4,"0.211394,0.291207,0.324865,0.172534"
AGExPOLPARTY,AGExPOLPARTY :: 18-29 | Other,EAT5C_W34,4,"0.218310,0.312714,0.305470,0.163506"
AGExPOLPARTY,AGExPOLPARTY :: 18-29 | Republican,EAT5C_W34,4,"0.246445,0.299600,0.266470,0.187485"
AGExPOLPARTY,AGExPOLPARTY :: 30-49 | Democrat,EAT5C_W34,4,"0.231434,0.326374,0.288024,0.154168"
AGExPOLPARTY,AGExPOLPARTY :: 30-49 | Independent,EAT5C_W34,4,"0.208378,0.330396,0.320231,0.140996"
AGExPOLPARTY,AGExPOLPARTY :: 30-49 | Other,EAT5C_W34,4,"0.213160,0.327579,0.315030,0.144231"
AGExPOLPARTY,AGExPOLPARTY :: 30-49 | Republican,EAT5C_W34,4,"0.243299,0.319810,0.273548,0.163343"
AGExPOLPARTY,AGExPOLPARTY :: 50-64 | Democrat,EAT5C_W34,4,"0.231174,0.323470,0.278848,0.166508"
AGExPOLPARTY,AGExPOLPARTY :: 50-64 | Independent,EAT5C_W34,4,"0.212814,0.314518,0.314518,0.158150"
AGExPOLPARTY,AGExPOLPARTY :: 50-64 | Other,EAT5C_W34,4,"0.217202,0.326058,0.303920,0.152820"
AGExPOLPARTY,AGExPOLPARTY :: 50-64 | Republican,EAT5C_W34,4,"0.244163,0.315970,0.264003,0.175864"
AGExPOLPARTY,AGExPOLPARTY :: 65+ | Democrat,EAT5C_W34,4,"0.245595,0.310461,0.261434,0.182510"
AGExPOLPARTY,AGExPOLPARTY :: 65+ | Independent,EAT5C_W34,4,"0.225393,0.300939,0.293968,0.179699"
AGExPOLPARTY,AGExPOLPARTY :: 65+ | Republican,EAT5C_W34,4,"0.263575,0.294039,0.241870,0.200517"
AGExPOLPARTY,AGExPOLPARTY :: 18-29 | Democrat,EAT5D_W34,4,"0.217789,0.316881,0.304742,0.160588"
AGExPOLPARTY,AGExPOLPARTY :: 18-29 | Independent,EAT5D_W34,4,"0.186466,0.302664,0.353850,0.157020"
AGExPOLPARTY,AGExPOLPARTY :: 18-29 | Other,EAT5D_W34,4,"0.194272,0.325345,0.327897,0.152486"
AGExPOLPARTY,AGExPOLPARTY :: 18-29 | Republican,EAT5D_W34,4,"0.217231,0.313610,0.294609,0.174550"
AGExPOLPARTY,AGExPOLPARTY :: 30-49 | Democrat,EAT5D_W34,4,"0.206584,0.337948,0.310119,0.145350"
AGExPOLPARTY,AGExPOLPARTY :: 30-49 | Independent,EAT5D_W34,4,"0.184237,0.346900,0.344201,0.124661"
AGExPOLPARTY,AGExPOLPARTY :: 30-49 | Other,EAT5D_W34,4,"0.192085,0.342428,0.334496,0.130991"
AGExPOLPARTY,AGExPOLPARTY :: 30-49 | Republican,EAT5D_W34,4,"0.216677,0.338228,0.298485,0.146611"
AGExPOLPARTY,AGExPOLPARTY :: 50-64 | Democrat,EAT5D_W34,4,"0.207626,0.337010,0.297410,0.157953"
AGExPOLPARTY,AGExPOLPARTY :: 50-64 | Independent,EAT5D_W34,4,"0.192335,0.327174,0.337559,0.142932"
AGExPOLPARTY,AGExPOLPARTY :: 50-64 | Other,EAT5D_W34,4,"0.194174,0.340786,0.325181,0.139858"
AGExPOLPARTY,AGExPOLPARTY :: 50-64 | Republican,EAT5D_W34,4,"0.218283,0.332841,0.289177,0.159699"
AGExPOLPARTY,AGExPOLPARTY :: 65+ | Democrat,EAT5D_W34,4,"0.220788,0.323764,0.283498,0.171950"
AGExPOLPARTY,AGExPOLPARTY :: 65+ | Independent,EAT5D_W34,4,"0.202523,0.316133,0.318613,0.162731"
AGExPOLPARTY,AGExPOLPARTY :: 65+ | Republican,EAT5D_W34,4,"0.234226,0.315186,0.269593,0.180996"
AGExPOLPARTY,AGExPOLPARTY :: 18-29 | Democrat,ECIMPc_W54,3,"0.406799,0.334624,0.258577"
AGExPOLPARTY,AGExPOLPARTY :: 18-29 | Independent,ECIMPc_W54,3,"0.379824,0.317355,0.302822"
AGExPOLPARTY,AGExPOLPARTY :: 18-29 | Other,ECIMPc_W54,3,"0.364707,0.339944,0.295349"
AGExPOLPARTY,AGExPOLPARTY :: 18-29 | Republican,ECIMPc_W54,3,"0.413130,0.324269,0.262601"
AGExPOLPARTY,AGExPOLPARTY :: 30-49 | Democrat,ECIMPc_W54,3,"0.398205,0.348680,0.253115"
AGExPOLPARTY,AGExPOLPARTY :: 30-49 | Independent,ECIMPc_W54,3,"0.382435,0.322042,0.295523"
AGExPOLPARTY,AGExPOLPARTY :: 30-49 | Other,ECIMPc_W54,3,"0.357026,0.332785,0.310189"
AGExPOLPARTY,AGExPOLPARTY :: 30-49 | Refused,ECIMPc_W54,3,"0.369420,0.333743,0.296837"
AGExPOLPARTY,AGExPOLPARTY :: 30-49 | Republican,ECIMPc_W54,3,"0.411037,0.315153,0.273810"
AGExPOLPARTY,AGExPOLPARTY :: 50-64 | Democrat,ECIMPc_W54,3,"0.399122,0.354986,0.245892"
AGExPOLPARTY,AGExPOLPARTY :: 50-64 | Independent,ECIMPc_W54,3,"0.382435,0.322042,0.295523"
AGExPOLPARTY,AGExPOLPARTY :: 50-64 | Other,ECIMPc_W54,3,"0.369306,0.336257,0.294437"
AGExPOLPARTY,AGExPOLPARTY :: 50-64 | Republican,ECIMPc_W54,3,"0.410742,0.319886,0.269371"
AGExPOLPARTY,AGExPOLPARTY :: 65+ | Democrat,ECIMPc_W54,3,"0.414929,0.333404,0.251667"
AGExPOLPARTY,AGExPOLPARTY :: 65+ | Independent,ECIMPc_W54,3,"0.390045,0.308551,0.301404"
AGExPOLPARTY,AGExPOLPARTY :: 65+ | Other,ECIMPc_W54,3,"0.376150,0.319234,0.304616"
AGExPOLPARTY,AGExPOLPARTY :: 65+ | Republican,ECIMPc_W54,3,"0.414430,0.298503,0.287067"
AGExPOLPARTY,AGExPOLPARTY :: 18-29 | Democrat,ECON3_c_W54,4,"0.385416,0.264892,0.211190,0.138502"
AGExPOLPARTY,AGExPOLPARTY :: 18-29 | Independent,ECON3_c_W54,4,"0.355874,0.277155,0.229769,0.137202"
AGExPOLPARTY,AGExPOLPARTY :: 18-29 | Other,ECON3_c_W54,4,"0.335747,0.278344,0.238081,0.147828"
AGExPOLPARTY,AGExPOLPARTY :: 18-29 | Republican,ECON3_c_W54,4,"0.389822,0.270022,0.194490,0.145666"
AGExPOLPARTY,AGExPOLPARTY :: 30-49 | Democrat,ECON3_c_W54,4,"0.352308,0.287545,0.227467,0.132680"
AGExPOLPARTY,AGExPOLPARTY :: 30-49 | Independent,ECON3_c_W54,4,"0.343297,0.298261,0.234108,0.124334"
AGExPOLPARTY,AGExPOLPARTY :: 30-49 | Other,ECON3_c_W54,4,"0.320747,0.296643,0.247854,0.134756"
AGExPOLPARTY,AGExPOLPARTY :: 30-49 | Refused,ECON3_c_W54,4,"0.336652,0.294783,0.226018,0.142548"
AGExPOLPARTY,AGExPOLPARTY :: 30-49 | Republican,ECON3_c_W54,4,"0.372844,0.290371,0.205904,0.130881"
AGExPOLPARTY,AGExPOLPARTY :: 50-64 | Democrat,ECON3_c_W54,4,"0.349310,0.280678,0.225531,0.144481"
AGExPOLPARTY,AGExPOLPARTY :: 50-64 | Independent,ECON3_c_W54,4,"0.336737,0.290285,0.236924,0.136054"
AGExPOLPARTY,AGExPOLPARTY :: 50-64 | Other,ECON3_c_W54,4,"0.330345,0.284775,0.241686,0.143194"
AGExPOLPARTY,AGExPOLPARTY :: 50-64 | Republican,ECON3_c_W54,4,"0.373210,0.279522,0.204502,0.142766"
AGExPOLPARTY,AGExPOLPARTY :: 65+ | Democrat,ECON3_c_W54,4,"0.352628,0.270369,0.215557,0.161445"
AGExPOLPARTY,AGExPOLPARTY :: 65+ | Independent,ECON3_c_W54,4,"0.338779,0.278672,0.227445,0.155104"
AGExPOLPARTY,AGExPOLPARTY :: 65+ | Other,ECON3_c_W54,4,"0.329400,0.275224,0.233580,0.161796"
AGExPOLPARTY,AGExPOLPARTY :: 65+ | Republican,ECON3_c_W54,4,"0.377265,0.265439,0.191189,0.166107"
AGExPOLPARTY,AGExPOLPARTY :: 18-29 | Democrat,ECON3_e_W54,4,"0.330938,0.249805,0.242119,0.177138"
AGExPOLPARTY,AGExPOLPARTY :: 18-29 | Independent,ECON3_e_W54,4,"0.302309,0.256567,0.260607,0.180517"
AGExPOLPARTY,AGExPOLPARTY :: 18-29 | Other,ECON3_e_W54,4,"0.287295,0.253537,0.267788,0.191380"
AGExPOLPARTY,AGExPOLPARTY :: 18-29 | Republican,ECON3_e_W54,4,"0.333644,0.249888,0.229310,0.187157"
AGExPOLPARTY,AGExPOLPARTY :: 30-49 | Democrat,ECON3_e_W54,4,"0.301514,0.266085,0.257898,0.174503"
AGExPOLPARTY,AGExPOLPARTY :: 30-49 | Independent,ECON3_e_W54,4,"0.296404,0.276279,0.263627,0.163690"
AGExPOLPARTY,AGExPOLPARTY :: 30-49 | Other,ECON3_e_W54,4,"0.279748,0.271141,0.275411,0.173700"
AGExPOLPARTY,AGExPOLPARTY :: 30-49 | Refused,ECON3_e_W54,4,"0.291408,0.271623,0.253180,0.183789"
AGExPOLPARTY,AGExPOLPARTY :: 30-49 | Republican,ECON3_e_W54,4,"0.320293,0.269713,0.239888,0.170106"
AGExPOLPARTY,AGExPOLPARTY :: 50-64 | Democrat,ECON3_e_W54,4,"0.293355,0.258885,0.256870,0.190890"
AGExPOLPARTY,AGExPOLPARTY :: 50-64 | Independent,ECON3_e_W54,4,"0.287533,0.265924,0.268010,0.178533"
AGExPOLPARTY,AGExPOLPARTY :: 50-64 | Other,ECON3_e_W54,4,"0.283884,0.260506,0.270884,0.184727"
AGExPOLPARTY,AGExPOLPARTY :: 50-64 | Republican,ECON3_e_W54,4,"0.318720,0.258108,0.238711,0.184461"
AGExPOLPARTY,AGExPOLPARTY :: 65+ | Democrat,ECON3_e_W54,4,"0.300076,0.248771,0.244914,0.206239"
AGExPOLPARTY,AGExPOLPARTY :: 65+ | Independent,ECON3_e_W54,4,"0.290692,0.256535,0.254538,0.198235"
AGExPOLPARTY,AGExPOLPARTY :: 65+ | Other,ECON3_e_W54,4,"0.284961,0.251477,0.261495,0.202067"
AGExPOLPARTY,AGExPOLPARTY :: 65+ | Republican,ECON3_e_W54,4,"0.324385,0.244859,0.222947,0.207809"
AGExPOLPARTY,AGExPOLPARTY :: 18-29 | Democrat,ECON4_a_W54,4,"0.347800,0.239040,0.229882,0.183278"
AGExPOLPARTY,AGExPOLPARTY :: 18-29 | Independent,ECON4_a_W54,4,"0.304655,0.252568,0.256545,0.186232"
AGExPOLPARTY,AGExPOLPARTY :: 18-29 | Other,ECON4_a_W54,4,"0.289162,0.249273,0.267431,0.194134"
AGExPOLPARTY,AGExPOLPARTY :: 18-29 | Republican,ECON4_a_W54,4,"0.345643,0.239420,0.217995,0.196942"
AGExPOLPARTY,AGExPOLPARTY :: 30-49 | Democrat,ECON4_a_W54,4,"0.309265,0.260427,0.248501,0.181807"
AGExPOLPARTY,AGExPOLPARTY :: 30-49 | Independent,ECON4_a_W54,4,"0.298346,0.273778,0.259207,0.168669"
AGExPOLPARTY,AGExPOLPARTY :: 30-49 | Other,ECON4_a_W54,4,"0.280160,0.267330,0.275816,0.176694"
AGExPOLPARTY,AGExPOLPARTY :: 30-49 | Refused,ECON4_a_W54,4,"0.294747,0.266282,0.250149,0.188822"
AGExPOLPARTY,AGExPOLPARTY :: 30-49 | Republican,ECON4_a_W54,4,"0.333721,0.257880,0.231162,0.177238"
AGExPOLPARTY,AGExPOLPARTY :: 50-64 | Democrat,ECON4_a_W54,4,"0.303627,0.251716,0.243971,0.200685"
AGExPOLPARTY,AGExPOLPARTY :: 50-64 | Independent,ECON4_a_W54,4,"0.288795,0.260904,0.260904,0.189396"
AGExPOLPARTY,AGExPOLPARTY :: 50-64 | Other,ECON4_a_W54,4,"0.289899,0.251868,0.268113,0.190120"
AGExPOLPARTY,AGExPOLPARTY :: 50-64 | Republican,ECON4_a_W54,4,"0.334190,0.244498,0.227898,0.193414"
AGExPOLPARTY,AGExPOLPARTY :: 65+ | Democrat,ECON4_a_W54,4,"0.311138,0.242315,0.227634,0.218913"
AGExPOLPARTY,AGExPOLPARTY :: 65+ | Independent,ECON4_a_W54,4,"0.295839,0.249121,0.245259,0.209781"
AGExPOLPARTY,AGExPOLPARTY :: 65+ | Other,ECON4_a_W54,4,"0.290463,0.242691,0.254338,0.212507"
AGExPOLPARTY,AGExPOLPARTY :: 65+ | Republican,ECON4_a_W54,4,"0.344365,0.229397,0.205630,0.220609"
AGExPOLPARTY,AGExPOLPARTY :: 18-29 | Democrat,ECON4_c_W54,4,"0.390632,0.244451,0.205849,0.159068"
AGExPOLPARTY,AGExPOLPARTY :: 18-29 | Independent,ECON4_c_W54,4,"0.354235,0.257147,0.225165,0.163453"
AGExPOLPARTY,AGExPOLPARTY :: 18-29 | Other,ECON4_c_W54,4,"0.331976,0.258544,0.237253,0.172227"
AGExPOLPARTY,AGExPOLPARTY :: 18-29 | Republican,ECON4_c_W54,4,"0.390193,0.242276,0.191656,0.175874"
AGExPOLPARTY,AGExPOLPARTY :: 30-49 | Democrat,ECON4_c_W54,4,"0.347971,0.266799,0.224667,0.160562"
AGExPOLPARTY,AGExPOLPARTY :: 30-49 | Independent,ECON4_c_W54,4,"0.342561,0.279590,0.228195,0.149654"
AGExPOLPARTY,AGExPOLPARTY :: 30-49 | Other,ECON4_c_W54,4,"0.315725,0.276458,0.247815,0.160002"
AGExPOLPARTY,AGExPOLPARTY :: 30-49 | Refused,ECON4_c_W54,4,"0.332083,0.273164,0.226461,0.168292"
AGExPOLPARTY,AGExPOLPARTY :: 30-49 | Republican,ECON4_c_W54,4,"0.374386,0.261364,0.201966,0.162284"
AGExPOLPARTY,AGExPOLPARTY :: 50-64 | Democrat,ECON4_c_W54,4,"0.340449,0.261031,0.223272,0.175248"
AGExPOLPARTY,AGExPOLPARTY :: 50-64 | Independent,ECON4_c_W54,4,"0.328684,0.270368,0.233072,0.167875"
AGExPOLPARTY,AGExPOLPARTY :: 50-64 | Other,ECON4_c_W54,4,"0.327447,0.263111,0.239565,0.169877"
AGExPOLPARTY,AGExPOLPARTY :: 50-64 | Republican,ECON4_c_W54,4,"0.373787,0.250949,0.200074,0.175190"
AGExPOLPARTY,AGExPOLPARTY :: 65+ | Democrat,ECON4_c_W54,4,"0.353437,0.246738,0.206158,0.193667"
AGExPOLPARTY,AGExPOLPARTY :: 65+ | Independent,ECON4_c_W54,4,"0.337572,0.256811,0.216257,0.189361"
AGExPOLPARTY,AGExPOLPARTY :: 65+ | Other,ECON4_c_W54,4,"0.329301,0.250519,0.228100,0.192080"
AGExPOLPARTY,AGExPOLPARTY :: 65+ | Republican,ECON4_c_W54,4,"0.386230,0.230628,0.179613,0.203529"
AGExPOLPARTY,AGExPOLPARTY :: 18-29 | Democrat,ECON5_e_W54,5,"0.188577,0.173048,0.196089,0.238384,0.203901"
AGExPOLPARTY,AGExPOLPARTY :: 18-29 | Independent,ECON5_e_W54,5,"0.170956,0.176383,0.201436,0.228256,0.222969"
AGExPOLPARTY,AGExPOLPARTY :: 18-29 | Other,ECON5_e_W54,5,"0.163055,0.170880,0.206121,0.226379,0.233565"
AGExPOLPARTY,AGExPOLPARTY :: 18-29 | Republican,ECON5_e_W54,5,"0.176035,0.164083,0.194853,0.242499,0.222530"
AGExPOLPARTY,AGExPOLPARTY :: 30-49 | Democrat,ECON5_e_W54,5,"0.165724,0.182012,0.219549,0.244924,0.187790"
AGExPOLPARTY,AGExPOLPARTY :: 30-49 | Independent,ECON5_e_W54,5,"0.170368,0.191550,0.205503,0.222202,0.210377"
AGExPOLPARTY,AGExPOLPARTY :: 30-49 | Other,ECON5_e_W54,5,"0.165080,0.185604,0.213629,0.218695,0.216993"
AGExPOLPARTY,AGExPOLPARTY :: 30-49 | Refused,ECON5_e_W54,5,"0.182325,0.189589,0.203399,0.214832,0.209855"
AGExPOLPARTY,AGExPOLPARTY :: 30-49 | Republican,ECON5_e_W54,5,"0.181681,0.181681,0.205871,0.229666,0.201102"
AGExPOLPARTY,AGExPOLPARTY :: 50-64 | Democrat,ECON5_e_W54,5,"0.154460,0.173664,0.222989,0.256659,0.192228"
AGExPOLPARTY,AGExPOLPARTY :: 50-64 | Independent,ECON5_e_W54,5,"0.158520,0.178228,0.216671,0.239833,0.206749"
AGExPOLPARTY,AGExPOLPARTY :: 50-64 | Other,ECON5_e_W54,5,"0.153076,0.174818,0.220991,0.235244,0.215872"
AGExPOLPARTY,AGExPOLPARTY :: 50-64 | Republican,ECON5_e_W54,5,"0.171865,0.174572,0.210574,0.240483,0.202507"
AGExPOLPARTY,AGExPOLPARTY :: 65+ | Democrat,ECON5_e_W54,5,"0.163681,0.170201,0.203704,0.255502,0.206912"
AGExPOLPARTY,AGExPOLPARTY :: 65+ | Independent,ECON5_e_W54,5,"0.166556,0.174550,0.197791,0.240452,0.220651"
AGExPOLPARTY,AGExPOLPARTY :: 65+ | Other,ECON5_e_W54,5,"0.165582,0.173528,0.202875,0.231691,0.226324"
AGExPOLPARTY,AGExPOLPARTY :: 65+ | Republican,ECON5_e_W54,5,"0.185913,0.167958,0.183031,0.240589,0.222509"
AGExPOLPARTY,AGExPOLPARTY :: 18-29 | Democrat,ECON5_h_W54,5,"0.155594,0.161792,0.246703,0.311862,0.124050"
AGExPOLPARTY,AGExPOLPARTY :: 18-29 | Independent,ECON5_h_W54,5,"0.137863,0.158679,0.257562,0.305862,0.140034"
AGExPOLPARTY,AGExPOLPARTY :: 18-29 | Other,ECON5_h_W54,5,"0.131014,0.158033,0.262596,0.297560,0.150796"
AGExPOLPARTY,AGExPOLPARTY :: 18-29 | Republican,ECON5_h_W54,5,"0.131545,0.145607,0.265728,0.325576,0.131545"
AGExPOLPARTY,AGExPOLPARTY :: 30-49 | Democrat,ECON5_h_W54,5,"0.134899,0.165281,0.266190,0.313649,0.119981"
AGExPOLPARTY,AGExPOLPARTY :: 30-49 | Independent,ECON5_h_W54,5,"0.137651,0.172654,0.255166,0.289140,0.145389"
AGExPOLPARTY,AGExPOLPARTY :: 30-49 | Other,ECON5_h_W54,5,"0.134256,0.168395,0.260815,0.282008,0.154527"
AGExPOLPARTY,AGExPOLPARTY :: 30-49 | Refused,ECON5_h_W54,5,"0.149563,0.173496,0.246587,0.277245,0.153109"
AGExPOLPARTY,AGExPOLPARTY :: 30-49 | Republican,ECON5_h_W54,5,"0.138898,0.157392,0.263583,0.303382,0.136745"
AGExPOLPARTY,AGExPOLPARTY :: 50-64 | Democrat,ECON5_h_W54,5,"0.123426,0.156026,0.271703,0.332897,0.115948"
AGExPOLPARTY,AGExPOLPARTY :: 50-64 | Independent,ECON5_h_W54,5,"0.124974,0.155533,0.270845,0.316649,0.131999"
AGExPOLPARTY,AGExPOLPARTY :: 50-64 | Other,ECON5_h_W54,5,"0.120524,0.155970,0.280227,0.307769,0.135509"
AGExPOLPARTY,AGExPOLPARTY :: 50-64 | Republican,ECON5_h_W54,5,"0.126492,0.146733,0.276283,0.323008,0.127484"
AGExPOLPARTY,AGExPOLPARTY :: 65+ | Democrat,ECON5_h_W54,5,"0.130911,0.155461,0.248425,0.334293,0.130911"
AGExPOLPARTY,AGExPOLPARTY :: 65+ | Independent,ECON5_h_W54,5,"0.133496,0.157296,0.247462,0.312821,0.148925"
AGExPOLPARTY,AGExPOLPARTY :: 65+ | Other,ECON5_h_W54,5,"0.132422,0.158488,0.253264,0.296095,0.159731"
AGExPOLPARTY,AGExPOLPARTY :: 65+ | Republican,ECON5_h_W54,5,"0.138073,0.145834,0.242325,0.318530,0.155239"
AGExPOLPARTY,AGExPOLPARTY :: 18-29 | Democrat,ELDFINANCEF1_W41,3,"0.479935,0.219730,0.300335"
AGExPOLPARTY,AGExPOLPARTY :: 18-29 | Independent,ELDFINANCEF1_W41,3,"0.464612,0.216065,0.319323"
AGExPOLPARTY,AGExPOLPARTY :: 18-29 | Other,ELDFINANCEF1_W41,3,"0.443942,0.213006,0.343052"
AGExPOLPARTY,AGExPOLPARTY :: 18-29 | Republican,ELDFINANCEF1_W41,3,"0.441812,0.197591,0.360597"
AGExPOLPARTY,AGExPOLPARTY :: 30-49 | Democrat,ELDFINANCEF1_W41,3,"0.440039,0.243013,0.316948"
AGExPOLPARTY,AGExPOLPARTY :: 30-49 | Independent,ELDFINANCEF1_W41,3,"0.455965,0.225719,0.318315"
AGExPOLPARTY,AGExPOLPARTY :: 30-49 | Other,ELDFINANCEF1_W41,3,"0.431478,0.213597,0.354924"
AGExPOLPARTY,AGExPOLPARTY :: 30-49 | Republican,ELDFINANCEF1_W41,3,"0.430838,0.203514,0.365648"
AGExPOLPARTY,AGExPOLPARTY :: 50-64 | Democrat,ELDFINANCEF1_W41,3,"0.432093,0.244283,0.323623"
AGExPOLPARTY,AGExPOLPARTY :: 50-64 | Independent,ELDFINANCEF1_W41,3,"0.443638,0.216212,0.340149"
AGExPOLPARTY,AGExPOLPARTY :: 50-64 | Other,ELDFINANCEF1_W41,3,"0.430281,0.213004,0.356715"
AGExPOLPARTY,AGExPOLPARTY :: 50-64 | Republican,ELDFINANCEF1_W41,3,"0.423409,0.200004,0.376587"
AGExPOLPARTY,AGExPOLPARTY :: 65+ | Democrat,ELDFINANCEF1_W41,3,"0.436004,0.224436,0.339560"
AGExPOLPARTY,AGExPOLPARTY :: 65+ | Independent,ELDFINANCEF1_W41,3,"0.443953,0.204851,0.351196"
AGExPOLPARTY,AGExPOLPARTY :: 65+ | Republican,ELDFINANCEF1_W41,3,"0.414425,0.183900,0.401675"
AGExPOLPARTY,AGExPOLPARTY :: 18-29 | Democrat,ENVC_W41,3,"0.221433,0.671488,0.107078"
AGExPOLPARTY,AGExPOLPARTY :: 18-29 | Independent,ENVC_W41,3,"0.189115,0.675730,0.135155"
AGExPOLPARTY,AGExPOLPARTY :: 18-29 | Other,ENVC_W41,3,"0.168580,0.666746,0.164675"
AGExPOLPARTY,AGExPOLPARTY :: 18-29 | Republican,ENVC_W41,3,"0.143626,0.776434,0.079940"
AGExPOLPARTY,AGExPOLPARTY :: 30-49 | Democrat,ENVC_W41,3,"0.167765,0.723068,0.109167"
AGExPOLPARTY,AGExPOLPARTY :: 30-49 | Independent,ENVC_W41,3,"0.175243,0.698535,0.126223"
AGExPOLPARTY,AGExPOLPARTY :: 30-49 | Other,ENVC_W41,3,"0.168349,0.660651,0.171000"
AGExPOLPARTY,AGExPOLPARTY :: 30-49 | Republican,ENVC_W41,3,"0.141536,0.777186,0.081277"
AGExPOLPARTY,AGExPOLPARTY :: 50-64 | Democrat,ENVC_W41,3,"0.152370,0.732616,0.115015"
AGExPOLPARTY,AGExPOLPARTY :: 50-64 | Independent,ENVC_W41,3,"0.160773,0.703843,0.135384"
AGExPOLPARTY,AGExPOLPARTY :: 50-64 | Other,ENVC_W41,3,"0.152253,0.693096,0.154651"
AGExPOLPARTY,AGExPOLPARTY :: 50-64 | Republican,ENVC_W41,3,"0.128509,0.787213,0.084278"
AGExPOLPARTY,AGExPOLPARTY :: 65+ | Democrat,ENVC_W41,3,"0.144252,0.755827,0.099921"
AGExPOLPARTY,AGExPOLPARTY :: 65+ | Independent,ENVC_W41,3,"0.155276,0.717991,0.126733"
AGExPOLPARTY,AGExPOLPARTY :: 65+ | Republican,ENVC_W41,3,"0.118003,0.806402,0.075595"
AGExPOLPARTY,AGExPOLPARTY :: 18-29 | Democrat,ESSENPOLF1F_W36,3,"0.719931,0.184894,0.095175"
AGExPOLPARTY,AGExPOLPARTY :: 18-29 | Independent,ESSENPOLF1F_W36,3,"0.724590,0.180365,0.095045"
AGExPOLPARTY,AGExPOLPARTY :: 18-29 | Other,ESSENPOLF1F_W36,3,"0.662635,0.206885,0.130481"
AGExPOLPARTY,AGExPOLPARTY :: 18-29 | Republican,ESSENPOLF1F_W36,3,"0.789849,0.137255,0.072896"
AGExPOLPARTY,AGExPOLPARTY :: 30-49 | Democrat,ESSENPOLF1F_W36,3,"0.677167,0.211422,0.111411"
AGExPOLPARTY,AGExPOLPARTY :: 30-49 | Independent,ESSENPOLF1F_W36,3,"0.675753,0.224587,0.099660"
AGExPOLPARTY,AGExPOLPARTY :: 30-49 | Other,ESSENPOLF1F_W36,3,"0.593704,0.257352,0.148944"
AGExPOLPARTY,AGExPOLPARTY :: 30-49 | Republican,ESSENPOLF1F_W36,3,"0.729765,0.183077,0.087158"
AGExPOLPARTY,AGExPOLPARTY :: 50-64 | Democrat,ESSENPOLF1F_W36,3,"0.683887,0.205340,0.110773"
AGExPOLPARTY,AGExPOLPARTY :: 50-64 | Independent,ESSENPOLF1F_W36,3,"0.689050,0.205280,0.105669"
AGExPOLPARTY,AGExPOLPARTY :: 50-64 | Other,ESSENPOLF1F_W36,3,"0.631927,0.232473,0.135600"
AGExPOLPARTY,AGExPOLPARTY :: 50-64 | Republican,ESSENPOLF1F_W36,3,"0.743446,0.169819,0.086735"
AGExPOLPARTY,AGExPOLPARTY :: 65+ | Democrat,ESSENPOLF1F_W36,3,"0.708294,0.184770,0.106936"
AGExPOLPARTY,AGExPOLPARTY :: 65+ | Independent,ESSENPOLF1F_W36,3,"0.694612,0.202144,0.103245"
AGExPOLPARTY,AGExPOLPARTY :: 65+ | Other,ESSENPOLF1F_W36,3,"0.619220,0.231386,0.149394"
AGExPOLPARTY,AGExPOLPARTY :: 65+ | Republican,ESSENPOLF1F_W36,3,"0.746768,0.164043,0.089189"
AGExPOLPARTY,AGExPOLPARTY :: 18-29 | Democrat,EVOBIOA_W34,2,"0.966410,0.033590"
AGExPOLPARTY,AGExPOLPARTY :: 18-29 | Independent,EVOBIOA_W34,2,"0.973645,0.026355"
AGExPOLPARTY,AGExPOLPARTY :: 18-29 | Other,EVOBIOA_W34,2,"0.966914,0.033086"
AGExPOLPARTY,AGExPOLPARTY :: 18-29 | Republican,EVOBIOA_W34,2,"0.979668,0.020332"
AGExPOLPARTY,AGExPOLPARTY :: 30-49 | Democrat,EVOBIOA_W34,2,"0.966914,0.033086"
AGExPOLPARTY,AGExPOLPARTY :: 30-49 | Independent,EVOBIOA_W34,2,"0.975390,0.024610"
AGExPOLPARTY,AGExPOLPARTY :: 30-49 | Other,EVOBIOA_W34,2,"0.967410,0.032590"
AGExPOLPARTY,AGExPOLPARTY :: 30-49 | Republican,EVOBIOA_W34,2,"0.977883,0.022117"
AGExPOLPARTY,AGExPOLPARTY :: 50-64 | Democrat,EVOBIOA_W34,2,"0.970465,0.029535"
AGExPOLPARTY,AGExPOLPARTY :: 50-64 | Independent,EVOBIOA_W34,2,"0.974821,0.025179"
AGExPOLPARTY,AGExPOLPARTY :: 50-64 | Other,EVOBIOA_W34,2,"0.970465,0.029535"
AGExPOLPARTY,AGExPOLPARTY :: 50-64 | Republican,EVOBIOA_W34,2,"0.979036,0.020964"
AGExPOLPARTY,AGExPOLPARTY :: 65+ | Democrat,EVOBIOA_W34,2,"0.970909,0.029091"
AGExPOLPARTY,AGExPOLPARTY :: 65+ | Independent,EVOBIOA_W34,2,"0.974239,0.025761"
AGExPOLPARTY,AGExPOLPARTY :: 65+ | Republican,EVOBIOA_W34,2,"0.977543,0.022457"
AGExPOLPARTY,AGExPOLPARTY :: 18-29 | Democrat,EVOONE_W34,2,"0.965381,0.034619"
AGExPOLPARTY,AGExPOLPARTY :: 18-29 | Independent,EVOONE_W34,2,"0.971992,0.028008"
AGExPOLPARTY,AGExPOLPARTY :: 18-29 | Other,EVOONE_W34,2,"0.960657,0.039343"
AGExPOLPARTY,AGExPOLPARTY :: 18-29 | Republican,EVOONE_W34,2,"0.981595,0.018405"
AGExPOLPARTY,AGExPOLPARTY :: 30-49 | Democrat,EVOONE_W34,2,"0.956309,0.043691"
AGExPOLPARTY,AGExPOLPARTY :: 30-49 | Independent,EVOONE_W34,2,"0.969324,0.030676"
AGExPOLPARTY,AGExPOLPARTY :: 30-49 | Other,EVOONE_W34,2,"0.949669,0.050331"
AGExPOLPARTY,AGExPOLPARTY :: 30-49 | Republican,EVOONE_W34,2,"0.976129,0.023871"
AGExPOLPARTY,AGExPOLPARTY :: 50-64 | Democrat,EVOONE_W34,2,"0.960952,0.039048"
AGExPOLPARTY,AGExPOLPARTY :: 50-64 | Independent,EVOONE_W34,2,"0.969785,0.030215"
AGExPOLPARTY,AGExPOLPARTY :: 50-64 | Other,EVOONE_W34,2,"0.960952,0.039048"
AGExPOLPARTY,AGExPOLPARTY :: 50-64 | Republican,EVOONE_W34,2,"0.978875,0.021125"
AGExPOLPARTY,AGExPOLPARTY :: 65+ | Democrat,EVOONE_W34,2,"0.963780,0.036220"
AGExPOLPARTY,AGExPOLPARTY :: 65+ | Independent,EVOONE_W34,2,"0.970013,0.029987"
AGExPOLPARTY,AGExPOLPARTY :: 65+ | Republican,EVOONE_W34,2,"0.978549,0.021451"
AGExPOLPARTY,AGExPOLPARTY :: 18-29 | Democrat,FAMSURV12_W50,3,"0.312609,0.289116,0.398275"
AGExPOLPARTY,AGExPOLPARTY :: 18-29 | Independent,FAMSURV12_W50,3,"0.294503,0.270251,0.435247"
AGExPOLPARTY,AGExPOLPARTY :: 18-29 | Other,FAMSURV12_W50,3,"0.272895,0.304437,0.422668"
AGExPOLPARTY,AGExPOLPARTY :: 18-29 | Republican,FAMSURV12_W50,3,"0.290385,0.277087,0.432527"
AGExPOLPARTY,AGExPOLPARTY :: 30-49 | Democrat,FAMSURV12_W50,3,"0.285989,0.329171,0.384840"
AGExPOLPARTY,AGExPOLPARTY :: 30-49 | Independent,FAMSURV12_W50,3,"0.284661,0.284661,0.430678"
AGExPOLPARTY,AGExPOLPARTY :: 30-49 | Other,FAMSURV12_W50,3,"0.267864,0.310727,0.421409"
AGExPOLPARTY,AGExPOLPARTY :: 30-49 | Refused,FAMSURV12_W50,3,"0.278955,0.308775,0.412269"
AGExPOLPARTY,AGExPOLPARTY :: 30-49 | Republican,FAMSURV12_W50,3,"0.286233,0.290741,0.423026"
AGExPOLPARTY,AGExPOLPARTY :: 50-64 | Democrat,FAMSURV12_W50,3,"0.275902,0.338042,0.386056"
AGExPOLPARTY,AGExPOLPARTY :: 50-64 | Independent,FAMSURV12_W50,3,"0.277389,0.292982,0.429629"
AGExPOLPARTY,AGExPOLPARTY :: 50-64 | Other,FAMSURV12_W50,3,"0.263935,0.310991,0.425074"
AGExPOLPARTY,AGExPOLPARTY :: 50-64 | Republican,FAMSURV12_W50,3,"0.275826,0.293615,0.430558"
AGExPOLPARTY,AGExPOLPARTY :: 65+ | Democrat,FAMSURV12_W50,3,"0.280637,0.320497,0.398866"
AGExPOLPARTY,AGExPOLPARTY :: 65+ | Independent,FAMSURV12_W50,3,"0.280470,0.278288,0.441242"
AGExPOLPARTY,AGExPOLPARTY :: 65+ | Other,FAMSURV12_W50,3,"0.266484,0.304335,0.429181"
AGExPOLPARTY,AGExPOLPARTY :: 65+ | Republican,FAMSURV12_W50,3,"0.280108,0.275765,0.444127"
AGExPOLPARTY,AGExPOLPARTY :: 18-29 | Democrat,FAMSURV19_W50,4,"0.517201,0.264160,0.152884,0.065755"
AGExPOLPARTY,AGExPOLPARTY :: 18-29 | Independent,FAMSURV19_W50,4,"0.450389,0.309547,0.173640,0.066423"
AGExPOLPARTY,AGExPOLPARTY :: 18-29 | Other,FAMSURV19_W50,4,"0.380274,0.327817,0.208373,0.083535"
AGExPOLPARTY,AGExPOLPARTY :: 18-29 | Republican,FAMSURV19_W50,4,"0.493494,0.290110,0.143615,0.072781"
AGExPOLPARTY,AGExPOLPARTY :: 30-49 | Democrat,FAMSURV19_W50,4,"0.428465,0.311032,0.184281,0.076222"
AGExPOLPARTY,AGExPOLPARTY :: 30-49 | Independent,FAMSURV19_W50,4,"0.387404,0.366786,0.181572,0.064238"
AGExPOLPARTY,AGExPOLPARTY :: 30-49 | Other,FAMSURV19_W50,4,"0.323443,0.360826,0.229355,0.086376"
AGExPOLPARTY,AGExPOLPARTY :: 30-49 | Refused,FAMSURV19_W50,4,"0.332144,0.348084,0.212780,0.106992"
AGExPOLPARTY,AGExPOLPARTY :: 30-49 | Republican,FAMSURV19_W50,4,"0.426301,0.337232,0.161806,0.074661"
AGExPOLPARTY,AGExPOLPARTY :: 50-64 | Democrat,FAMSURV19_W50,4,"0.412905,0.306845,0.195042,0.085208"
AGExPOLPARTY,AGExPOLPARTY :: 50-64 | Independent,FAMSURV19_W50,4,"0.387249,0.339087,0.200902,0.072762"
AGExPOLPARTY,AGExPOLPARTY :: 50-64 | Other,FAMSURV19_W50,4,"0.331800,0.350451,0.229831,0.087918"
AGExPOLPARTY,AGExPOLPARTY :: 50-64 | Republican,FAMSURV19_W50,4,"0.423941,0.322517,0.172631,0.080911"
AGExPOLPARTY,AGExPOLPARTY :: 65+ | Democrat,FAMSURV19_W50,4,"0.411222,0.280429,0.183910,0.124440"
AGExPOLPARTY,AGExPOLPARTY :: 65+ | Independent,FAMSURV19_W50,4,"0.375458,0.313707,0.191765,0.119070"
AGExPOLPARTY,AGExPOLPARTY :: 65+ | Other,FAMSURV19_W50,4,"0.324280,0.309430,0.224622,0.141667"
AGExPOLPARTY,AGExPOLPARTY :: 65+ | Republican,FAMSURV19_W50,4,"0.415195,0.283139,0.162593,0.139073"
AGExPOLPARTY,AGExPOLPARTY :: 18-29 | Democrat,FAMSURV22f_W50,3,"0.392671,0.315520,0.291809"
AGExPOLPARTY,AGExPOLPARTY :: 18-29 | Independent,FAMSURV22f_W50,3,"0.333333,0.333333,0.333333"
AGExPOLPARTY,AGExPOLPARTY :: 18-29 | Other,FAMSURV22f_W50,3,"0.295523,0.322042,0.382435"
AGExPOLPARTY,AGExPOLPARTY :: 18-29 | Republican,FAMSURV22f_W50,3,"0.342948,0.329809,0.327243"
AGExPOLPARTY,AGExPOLPARTY :: 30-49 | Democrat,FAMSURV22f_W50,3,"0.329627,0.350887,0.319486"
AGExPOLPARTY,AGExPOLPARTY :: 30-49 | Independent,FAMSURV22f_W50,3,"0.315279,0.351719,0.333001"
AGExPOLPARTY,AGExPOLPARTY :: 30-49 | Other,FAMSURV22f_W50,3,"0.282287,0.337854,0.379859"
AGExPOLPARTY,AGExPOLPARTY :: 30-49 | Refused,FAMSURV22f_W50,3,"0.305326,0.345980,0.348694"
AGExPOLPARTY,AGExPOLPARTY :: 30-49 | Republican,FAMSURV22f_W50,3,"0.325485,0.346477,0.328038"
AGExPOLPARTY,AGExPOLPARTY :: 50-64 | Democrat,FAMSURV22f_W50,3,"0.311152,0.347115,0.341733"
AGExPOLPARTY,AGExPOLPARTY :: 50-64 | Independent,FAMSURV22f_W50,3,"0.297105,0.350075,0.352820"
AGExPOLPARTY,AGExPOLPARTY :: 50-64 | Other,FAMSURV22f_W50,3,"0.272429,0.331189,0.396382"
AGExPOLPARTY,AGExPOLPARTY :: 50-64 | Republican,FAMSURV22f_W50,3,"0.307761,0.338009,0.354230"
AGExPOLPARTY,AGExPOLPARTY :: 65+ | Democrat,FAMSURV22f_W50,3,"0.318742,0.339299,0.341960"
AGExPOLPARTY,AGExPOLPARTY :: 65+ | Independent,FAMSURV22f_W50,3,"0.296234,0.343637,0.360129"
AGExPOLPARTY,AGExPOLPARTY :: 65+ | Other,FAMSURV22f_W50,3,"0.273678,0.325000,0.401322"
AGExPOLPARTY,AGExPOLPARTY :: 65+ | Republican,FAMSURV22f_W50,3,"0.312599,0.327601,0.359800"
AGExPOLPARTY,AGExPOLPARTY :: 18-29 | Democrat,FAMSURV23g_W50,3,"0.392671,0.315520,0.291809"
AGExPOLPARTY,AGExPOLPARTY :: 18-29 | Independent,FAMSURV23g_W50,3,"0.317790,0.330449,0.351761"
AGExPOLPARTY,AGExPOLPARTY :: 18-29 | Other,FAMSURV23g_W50,3,"0.282921,0.318097,0.398982"
AGExPOLPARTY,AGExPOLPARTY :: 18-29 | Republican,FAMSURV23g_W50,3,"0.332383,0.324683,0.342934"
AGExPOLPARTY,AGExPOLPARTY :: 30-49 | Democrat,FAMSURV23g_W50,3,"0.329762,0.345588,0.324650"
AGExPOLPARTY,AGExPOLPARTY :: 30-49 | Independent,FAMSURV23g_W50,3,"0.296189,0.340912,0.362899"
AGExPOLPARTY,AGExPOLPARTY :: 30-49 | Other,FAMSURV23g_W50,3,"0.269044,0.327074,0.403882"
AGExPOLPARTY,AGExPOLPARTY :: 30-49 | Refused,FAMSURV23g_W50,3,"0.292639,0.331604,0.375757"
AGExPOLPARTY,AGExPOLPARTY :: 30-49 | Republican,FAMSURV23g_W50,3,"0.310242,0.335451,0.354307"
AGExPOLPARTY,AGExPOLPARTY :: 50-64 | Democrat,FAMSURV23g_W50,3,"0.308650,0.344324,0.347025"
AGExPOLPARTY,AGExPOLPARTY :: 50-64 | Independent,FAMSURV23g_W50,3,"0.280793,0.341358,0.377849"
AGExPOLPARTY,AGExPOLPARTY :: 50-64 | Other,FAMSURV23g_W50,3,"0.258992,0.317324,0.423683"
AGExPOLPARTY,AGExPOLPARTY :: 50-64 | Republican,FAMSURV23g_W50,3,"0.291666,0.327929,0.380405"
AGExPOLPARTY,AGExPOLPARTY :: 65+ | Democrat,FAMSURV23g_W50,3,"0.324710,0.337645,0.337645"
AGExPOLPARTY,AGExPOLPARTY :: 65+ | Independent,FAMSURV23g_W50,3,"0.287905,0.336595,0.375499"
AGExPOLPARTY,AGExPOLPARTY :: 65+ | Other,FAMSURV23g_W50,3,"0.267837,0.320558,0.411605"
AGExPOLPARTY,AGExPOLPARTY :: 65+ | Republican,FAMSURV23g_W50,3,"0.307293,0.322040,0.370666"
AGExPOLPARTY,AGExPOLPARTY :: 18-29 | Democrat,FAMSURV2Ma_W50,3,"0.369886,0.396830,0.233284"
AGExPOLPARTY,AGExPOLPARTY :: 18-29 | Independent,FAMSURV2Ma_W50,3,"0.313113,0.431331,0.255555"
AGExPOLPARTY,AGExPOLPARTY :: 18-29 | Other,FAMSURV2Ma_W50,3,"0.292982,0.429629,0.277389"
AGExPOLPARTY,AGExPOLPARTY :: 18-29 | Republican,FAMSURV2Ma_W50,3,"0.366594,0.405783,0.227623"
AGExPOLPARTY,AGExPOLPARTY :: 30-49 | Democrat,FAMSURV2Ma_W50,3,"0.324092,0.429352,0.246556"
AGExPOLPARTY,AGExPOLPARTY :: 30-49 | Independent,FAMSURV2Ma_W50,3,"0.315949,0.445560,0.238491"
AGExPOLPARTY,AGExPOLPARTY :: 30-49 | Other,FAMSURV2Ma_W50,3,"0.286452,0.440213,0.273335"
AGExPOLPARTY,AGExPOLPARTY :: 30-49 | Refused,FAMSURV2Ma_W50,3,"0.322383,0.430438,0.247180"
AGExPOLPARTY,AGExPOLPARTY :: 30-49 | Republican,FAMSURV2Ma_W50,3,"0.363197,0.414784,0.222018"
AGExPOLPARTY,AGExPOLPARTY :: 50-64 | Democrat,FAMSURV2Ma_W50,3,"0.308923,0.428897,0.262180"
AGExPOLPARTY,AGExPOLPARTY :: 50-64 | Independent,FAMSURV2Ma_W50,3,"0.296358,0.437989,0.265654"
AGExPOLPARTY,AGExPOLPARTY :: 50-64 | Other,FAMSURV2Ma_W50,3,"0.294876,0.432408,0.272716"
AGExPOLPARTY,AGExPOLPARTY :: 50-64 | Republican,FAMSURV2Ma_W50,3,"0.356276,0.410072,0.233652"
AGExPOLPARTY,AGExPOLPARTY :: 65+ | Democrat,FAMSURV2Ma_W50,3,"0.341617,0.402523,0.255859"
AGExPOLPARTY,AGExPOLPARTY :: 65+ | Independent,FAMSURV2Ma_W50,3,"0.322829,0.417771,0.259400"
AGExPOLPARTY,AGExPOLPARTY :: 65+ | Other,FAMSURV2Ma_W50,3,"0.312438,0.407495,0.280067"
AGExPOLPARTY,AGExPOLPARTY :: 65+ | Republican,FAMSURV2Ma_W50,3,"0.390364,0.378353,0.231283"
AGExPOLPARTY,AGExPOLPARTY :: 18-29 | Democrat,FAMSURV33a_W50,4,"0.483843,0.247123,0.175236,0.093797"
AGExPOLPARTY,AGExPOLPARTY :: 18-29 | Independent,FAMSURV33a_W50,4,"0.452347,0.270108,0.184198,0.093347"
AGExPOLPARTY,AGExPOLPARTY :: 18-29 | Other,FAMSURV33a_W50,4,"0.382549,0.277701,0.224889,0.114862"
AGExPOLPARTY,AGExPOLPARTY :: 18-29 | Republican,FAMSURV33a_W50,4,"0.474332,0.249956,0.163925,0.111787"
AGExPOLPARTY,AGExPOLPARTY :: 30-49 | Democrat,FAMSURV33a_W50,4,"0.420245,0.282139,0.195432,0.102184"
AGExPOLPARTY,AGExPOLPARTY :: 30-49 | Independent,FAMSURV33a_W50,4,"0.402458,0.310996,0.194616,0.091930"
AGExPOLPARTY,AGExPOLPARTY :: 30-49 | Other,FAMSURV33a_W50,4,"0.341779,0.308771,0.236743,0.112707"
AGExPOLPARTY,AGExPOLPARTY :: 30-49 | Refused,FAMSURV33a_W50,4,"0.352621,0.296937,0.215553,0.134890"
AGExPOLPARTY,AGExPOLPARTY :: 30-49 | Republican,FAMSURV33a_W50,4,"0.417620,0.289277,0.182445,0.110658"
AGExPOLPARTY,AGExPOLPARTY :: 50-64 | Democrat,FAMSURV33a_W50,4,"0.410532,0.271345,0.203228,0.114895"
AGExPOLPARTY,AGExPOLPARTY :: 50-64 | Independent,FAMSURV33a_W50,4,"0.402007,0.291826,0.203727,0.102440"
AGExPOLPARTY,AGExPOLPARTY :: 50-64 | Other,FAMSURV33a_W50,4,"0.345085,0.292870,0.240908,0.121136"
AGExPOLPARTY,AGExPOLPARTY :: 50-64 | Republican,FAMSURV33a_W50,4,"0.415802,0.268462,0.191861,0.123875"
AGExPOLPARTY,AGExPOLPARTY :: 65+ | Democrat,FAMSURV33a_W50,4,"0.396467,0.252010,0.196265,0.155259"
AGExPOLPARTY,AGExPOLPARTY :: 65+ | Independent,FAMSURV33a_W50,4,"0.384547,0.272684,0.197948,0.144822"
AGExPOLPARTY,AGExPOLPARTY :: 65+ | Other,FAMSURV33a_W50,4,"0.331014,0.265977,0.236565,0.166444"
AGExPOLPARTY,AGExPOLPARTY :: 65+ | Republican,FAMSURV33a_W50,4,"0.396835,0.242580,0.183109,0.177476"
AGExPOLPARTY,AGExPOLPARTY :: 18-29 | Democrat,FAMSURV34A_W50,3,"0.068313,0.845331,0.086356"
AGExPOLPARTY,AGExPOLPARTY :: 18-29 | Independent,FAMSURV34A_W50,3,"0.073414,0.801705,0.124881"
AGExPOLPARTY,AGExPOLPARTY :: 18-29 | Other,FAMSURV34A_W50,3,"0.074152,0.754781,0.171067"
AGExPOLPARTY,AGExPOLPARTY :: 18-29 | Republican,FAMSURV34A_W50,3,"0.054566,0.860257,0.085177"
AGExPOLPARTY,AGExPOLPARTY :: 30-49 | Democrat,FAMSURV34A_W50,3,"0.065289,0.827068,0.107643"
AGExPOLPARTY,AGExPOLPARTY :: 30-49 | Independent,FAMSURV34A_W50,3,"0.068924,0.813832,0.117244"
AGExPOLPARTY,AGExPOLPARTY :: 30-49 | Other,FAMSURV34A_W50,3,"0.080186,0.725948,0.193866"
AGExPOLPARTY,AGExPOLPARTY :: 30-49 | Refused,FAMSURV34A_W50,3,"0.074416,0.787640,0.137945"
AGExPOLPARTY,AGExPOLPARTY :: 30-49 | Republican,FAMSURV34A_W50,3,"0.060982,0.835283,0.103734"
AGExPOLPARTY,AGExPOLPARTY :: 50-64 | Democrat,FAMSURV34A_W50,3,"0.064781,0.820633,0.114586"
AGExPOLPARTY,AGExPOLPARTY :: 50-64 | Independent,FAMSURV34A_W50,3,"0.071705,0.795374,0.132920"
AGExPOLPARTY,AGExPOLPARTY :: 50-64 | Other,FAMSURV34A_W50,3,"0.071848,0.772442,0.155710"
AGExPOLPARTY,AGExPOLPARTY :: 50-64 | Republican,FAMSURV34A_W50,3,"0.059257,0.830898,0.109845"
AGExPOLPARTY,AGExPOLPARTY :: 65+ | Democrat,FAMSURV34A_W50,3,"0.062218,0.825995,0.111786"
AGExPOLPARTY,AGExPOLPARTY :: 65+ | Independent,FAMSURV34A_W50,3,"0.070375,0.792910,0.136715"
AGExPOLPARTY,AGExPOLPARTY :: 65+ | Republican,FAMSURV34A_W50,3,"0.060202,0.818185,0.121612"
AGExPOLPARTY,AGExPOLPARTY :: 18-29 | Democrat,FAMSURV35b_W50,2,"0.883236,0.116764"
AGExPOLPARTY,AGExPOLPARTY :: 18-29 | Independent,FAMSURV35b_W50,2,"0.855851,0.144149"
AGExPOLPARTY,AGExPOLPARTY :: 18-29 | Other,FAMSURV35b_W50,2,"0.831143,0.168857"
AGExPOLPARTY,AGExPOLPARTY :: 18-29 | Republican,FAMSURV35b_W50,2,"0.887205,0.112795"
AGExPOLPARTY,AGExPOLPARTY :: 30-49 | Democrat,FAMSURV35b_W50,2,"0.801936,0.198064"
AGExPOLPARTY,AGExPOLPARTY :: 30-49 | Independent,FAMSURV35b_W50,2,"0.796925,0.203075"
AGExPOLPARTY,AGExPOLPARTY :: 30-49 | Other,FAMSURV35b_W50,2,"0.760651,0.239349"
AGExPOLPARTY,AGExPOLPARTY :: 30-49 | Refused,FAMSURV35b_W50,2,"0.759225,0.240775"
AGExPOLPARTY,AGExPOLPARTY :: 30-49 | Republican,FAMSURV35b_W50,2,"0.822189,0.177811"
AGExPOLPARTY,AGExPOLPARTY :: 50-64 | Democrat,FAMSURV35b_W50,2,"0.808067,0.191933"
AGExPOLPARTY,AGExPOLPARTY :: 50-64 | Independent,FAMSURV35b_W50,2,"0.804406,0.195594"
AGExPOLPARTY,AGExPOLPARTY :: 50-64 | Other,FAMSURV35b_W50,2,"0.794385,0.205615"
AGExPOLPARTY,AGExPOLPARTY :: 50-64 | Republican,FAMSURV35b_W50,2,"0.841826,0.158174"
AGExPOLPARTY,AGExPOLPARTY :: 65+ | Democrat,FAMSURV35b_W50,2,"0.836555,0.163445"
AGExPOLPARTY,AGExPOLPARTY :: 65+ | Independent,FAMSURV35b_W50,2,"0.816406,0.183594"
AGExPOLPARTY,AGExPOLPARTY :: 65+ | Republican,FAMSURV35b_W50,2,"0.851953,0.148047"
AGExPOLPARTY,AGExPOLPARTY :: 18-29 | Democrat,FAMSURV35c_W50,2,"0.794385,0.205615"
AGExPOLPARTY,AGExPOLPARTY :: 18-29 | Independent,FAMSURV35c_W50,2,"0.746139,0.253861"
AGExPOLPARTY,AGExPOLPARTY :: 18-29 | Other,FAMSURV35c_W50,2,"0.721743,0.278257"
AGExPOLPARTY,AGExPOLPARTY :: 18-29 | Republican,FAMSURV35c_W50,2,"0.779993,0.220007"
AGExPOLPARTY,AGExPOLPARTY :: 30-49 | Democrat,FAMSURV35c_W50,2,"0.702530,0.297470"
AGExPOLPARTY,AGExPOLPARTY :: 30-49 | Independent,FAMSURV35c_W50,2,"0.687630,0.312370"
AGExPOLPARTY,AGExPOLPARTY :: 30-49 | Other,FAMSURV35c_W50,2,"0.656658,0.343342"
AGExPOLPARTY,AGExPOLPARTY :: 30-49 | Refused,FAMSURV35c_W50,2,"0.649579,0.350421"
AGExPOLPARTY,AGExPOLPARTY :: 30-49 | Republican,FAMSURV35c_W50,2,"0.710628,0.289372"
AGExPOLPARTY,AGExPOLPARTY :: 50-64 | Democrat,FAMSURV35c_W50,2,"0.707405,0.292595"
AGExPOLPARTY,AGExPOLPARTY :: 50-64 | Independent,FAMSURV35c_W50,2,"0.682574,0.317426"
AGExPOLPARTY,AGExPOLPARTY :: 50-64 | Other,FAMSURV35c_W50,2,"0.682574,0.317426"
AGExPOLPARTY,AGExPOLPARTY :: 50-64 | Republican,FAMSURV35c_W50,2,"0.721743,0.278257"
AGExPOLPARTY,AGExPOLPARTY :: 65+ | Democrat,FAMSURV35c_W50,2,"0.738669,0.261331"
AGExPOLPARTY,AGExPOLPARTY :: 65+ | Independent,FAMSURV35c_W50,2,"0.699254,0.300746"
AGExPOLPARTY,AGExPOLPARTY :: 65+ | Republican,FAMSURV35c_W50,2,"0.735642,0.264358"
AGExPOLPARTY,AGExPOLPARTY :: 18-29 | Democrat,FAMSURV36b_W50,2,"0.738669,0.261331"
AGExPOLPARTY,AGExPOLPARTY :: 18-29 | Independent,FAMSURV36b_W50,2,"0.674050,0.325950"
AGExPOLPARTY,AGExPOLPARTY :: 18-29 | Other,FAMSURV36b_W50,2,"0.656658,0.343342"
AGExPOLPARTY,AGExPOLPARTY :: 18-29 | Republican,FAMSURV36b_W50,2,"0.712232,0.287768"
AGExPOLPARTY,AGExPOLPARTY :: 30-49 | Democrat,FAMSURV36b_W50,2,"0.656658,0.343342"
AGExPOLPARTY,AGExPOLPARTY :: 30-49 | Independent,FAMSURV36b_W50,2,"0.631594,0.368406"
AGExPOLPARTY,AGExPOLPARTY :: 30-49 | Other,FAMSURV36b_W50,2,"0.609524,0.390476"
AGExPOLPARTY,AGExPOLPARTY :: 30-49 | Refused,FAMSURV36b_W50,2,"0.607663,0.392337"
AGExPOLPARTY,AGExPOLPARTY :: 30-49 | Republican,FAMSURV36b_W50,2,"0.660172,0.339828"
AGExPOLPARTY,AGExPOLPARTY :: 50-64 | Democrat,FAMSURV36b_W50,2,"0.663669,0.336331"
AGExPOLPARTY,AGExPOLPARTY :: 50-64 | Independent,FAMSURV36b_W50,2,"0.631594,0.368406"
AGExPOLPARTY,AGExPOLPARTY :: 50-64 | Other,FAMSURV36b_W50,2,"0.626124,0.373876"
AGExPOLPARTY,AGExPOLPARTY :: 50-64 | Republican,FAMSURV36b_W50,2,"0.672332,0.327668"
AGExPOLPARTY,AGExPOLPARTY :: 65+ | Democrat,FAMSURV36b_W50,2,"0.689306,0.310694"
AGExPOLPARTY,AGExPOLPARTY :: 65+ | Independent,FAMSURV36b_W50,2,"0.638835,0.361165"
AGExPOLPARTY,AGExPOLPARTY :: 65+ | Republican,FAMSURV36b_W50,2,"0.687630,0.312370"
AGExPOLPARTY,AGExPOLPARTY :: 30-49 | Democrat,FAMSURV44_W50,4,"0.300126,0.275411,0.250764,0.173699"
AGExPOLPARTY,AGExPOLPARTY :: 30-49 | Independent,FAMSURV44_W50,4,"0.287498,0.283041,0.253716,0.175744"
AGExPOLPARTY,AGExPOLPARTY :: 30-49 | Other,FAMSURV44_W50,4,"0.272035,0.265733,0.267817,0.194415"
AGExPOLPARTY,AGExPOLPARTY :: 30-49 | Refused,FAMSURV44_W50,4,"0.275038,0.258374,0.252389,0.214200"
AGExPOLPARTY,AGExPOLPARTY :: 30-49 | Republican,FAMSURV44_W50,4,"0.328221,0.267886,0.230932,0.172960"
AGExPOLPARTY,AGExPOLPARTY :: 50-64 | Democrat,FAMSURV44_W50,4,"0.283406,0.266236,0.246228,0.204130"
AGExPOLPARTY,AGExPOLPARTY :: 50-64 | Independent,FAMSURV44_W50,4,"0.264508,0.254374,0.258380,0.222738"
AGExPOLPARTY,AGExPOLPARTY :: 50-64 | Other,FAMSURV44_W50,4,"0.276845,0.252070,0.262111,0.208973"
AGExPOLPARTY,AGExPOLPARTY :: 50-64 | Republican,FAMSURV44_W50,4,"0.319580,0.248889,0.228394,0.203137"
AGExPOLPARTY,AGExPOLPARTY :: 65+ | Democrat,FAMSURV44_W50,4,"0.290340,0.250289,0.231480,0.227891"
AGExPOLPARTY,AGExPOLPARTY :: 65+ | Independent,FAMSURV44_W50,4,"0.270361,0.238593,0.233066,0.257980"
AGExPOLPARTY,AGExPOLPARTY :: 65+ | Other,FAMSURV44_W50,4,"0.271932,0.228990,0.249539,0.249539"
AGExPOLPARTY,AGExPOLPARTY :: 65+ | Republican,FAMSURV44_W50,4,"0.331064,0.220536,0.202375,0.246026"
AGExPOLPARTY,AGExPOLPARTY :: 18-29 | Democrat,FAMSURV5d_W50,3,"0.363441,0.346798,0.289761"
AGExPOLPARTY,AGExPOLPARTY :: 18-29 | Independent,FAMSURV5d_W50,3,"0.325431,0.349137,0.325431"
AGExPOLPARTY,AGExPOLPARTY :: 18-29 | Other,FAMSURV5d_W50,3,"0.305287,0.340573,0.354140"
AGExPOLPARTY,AGExPOLPARTY :: 18-29 | Republican,FAMSURV5d_W50,3,"0.316019,0.375282,0.308699"
AGExPOLPARTY,AGExPOLPARTY :: 30-49 | Democrat,FAMSURV5d_W50,3,"0.333455,0.360550,0.305995"
AGExPOLPARTY,AGExPOLPARTY :: 30-49 | Independent,FAMSURV5d_W50,3,"0.319267,0.358962,0.321771"
AGExPOLPARTY,AGExPOLPARTY :: 30-49 | Other,FAMSURV5d_W50,3,"0.304474,0.342330,0.353196"
AGExPOLPARTY,AGExPOLPARTY :: 30-49 | Refused,FAMSURV5d_W50,3,"0.313306,0.363442,0.323252"
AGExPOLPARTY,AGExPOLPARTY :: 30-49 | Republican,FAMSURV5d_W50,3,"0.316019,0.375282,0.308699"
AGExPOLPARTY,AGExPOLPARTY :: 50-64 | Democrat,FAMSURV5d_W50,3,"0.325755,0.363406,0.310838"
AGExPOLPARTY,AGExPOLPARTY :: 50-64 | Independent,FAMSURV5d_W50,3,"0.313477,0.358002,0.328521"
AGExPOLPARTY,AGExPOLPARTY :: 50-64 | Other,FAMSURV5d_W50,3,"0.305326,0.348694,0.345980"
AGExPOLPARTY,AGExPOLPARTY :: 50-64 | Republican,FAMSURV5d_W50,3,"0.312652,0.377130,0.310219"
AGExPOLPARTY,AGExPOLPARTY :: 65+ | Democrat,FAMSURV5d_W50,3,"0.333712,0.355234,0.311054"
AGExPOLPARTY,AGExPOLPARTY :: 65+ | Independent,FAMSURV5d_W50,3,"0.315319,0.349026,0.335655"
AGExPOLPARTY,AGExPOLPARTY :: 65+ | Other,FAMSURV5d_W50,3,"0.306053,0.336134,0.357813"
AGExPOLPARTY,AGExPOLPARTY :: 65+ | Republican,FAMSURV5d_W50,3,"0.314766,0.367999,0.317235"
AGExPOLPARTY,AGExPOLPARTY :: 18-29 | Democrat,FEDSHAREB_W32,3,"0.302129,0.306887,0.390984"
AGExPOLPARTY,AGExPOLPARTY :: 18-29 | Independent,FEDSHAREB_W32,3,"0.258572,0.254563,0.486865"
AGExPOLPARTY,AGExPOLPARTY :: 18-29 | Other,FEDSHAREB_W32,3,"0.263110,0.282276,0.454614"
AGExPOLPARTY,AGExPOLPARTY :: 18-29 | Republican,FEDSHAREB_W32,3,"0.287279,0.267774,0.444947"
AGExPOLPARTY,AGExPOLPARTY :: 30-49 | Democrat,FEDSHAREB_W32,3,"0.288661,0.334853,0.376485"
AGExPOLPARTY,AGExPOLPARTY :: 30-49 | Independent,FEDSHAREB_W32,3,"0.255817,0.280960,0.463224"
AGExPOLPARTY,AGExPOLPARTY :: 30-49 | Other,FEDSHAREB_W32,3,"0.257440,0.287195,0.455365"
AGExPOLPARTY,AGExPOLPARTY :: 30-49 | Republican,FEDSHAREB_W32,3,"0.289403,0.276151,0.434446"
AGExPOLPARTY,AGExPOLPARTY :: 50-64 | Democrat,FEDSHAREB_W32,3,"0.279132,0.339339,0.381529"
AGExPOLPARTY,AGExPOLPARTY :: 50-64 | Independent,FEDSHAREB_W32,3,"0.256554,0.275243,0.468203"
AGExPOLPARTY,AGExPOLPARTY :: 50-64 | Other,FEDSHAREB_W32,3,"0.262319,0.294933,0.442747"
AGExPOLPARTY,AGExPOLPARTY :: 50-64 | Republican,FEDSHAREB_W32,3,"0.283019,0.278632,0.438349"
AGExPOLPARTY,AGExPOLPARTY :: 65+ | Democrat,FEDSHAREB_W32,3,"0.290667,0.324262,0.385071"
AGExPOLPARTY,AGExPOLPARTY :: 65+ | Independent,FEDSHAREB_W32,3,"0.260792,0.266976,0.472232"
AGExPOLPARTY,AGExPOLPARTY :: 65+ | Other,FEDSHAREB_W32,3,"0.267438,0.284687,0.447875"
AGExPOLPARTY,AGExPOLPARTY :: 65+ | Republican,FEDSHAREB_W32,3,"0.286461,0.262872,0.450667"
AGExPOLPARTY,AGExPOLPARTY :: 18-29 | Democrat,FEM1F2_W29,3,"0.296552,0.187033,0.516415"
AGExPOLPARTY,AGExPOLPARTY :: 18-29 | Independent,FEM1F2_W29,3,"0.251397,0.154881,0.593721"
AGExPOLPARTY,AGExPOLPARTY :: 18-29 | Other,FEM1F2_W29,3,"0.225684,0.170355,0.603961"
AGExPOLPARTY,AGExPOLPARTY :: 18-29 | Republican,FEM1F2_W29,3,"0.261104,0.159610,0.579286"
AGExPOLPARTY,AGExPOLPARTY :: 30-49 | Democrat,FEM1F2_W29,3,"0.284087,0.209473,0.506440"
AGExPOLPARTY,AGExPOLPARTY :: 30-49 | Independent,FEM1F2_W29,3,"0.244555,0.164187,0.591258"
AGExPOLPARTY,AGExPOLPARTY :: 30-49 | Other,FEM1F2_W29,3,"0.231029,0.174390,0.594581"
AGExPOLPARTY,AGExPOLPARTY :: 30-49 | Republican,FEM1F2_W29,3,"0.271913,0.170159,0.557929"
AGExPOLPARTY,AGExPOLPARTY :: 50-64 | Democrat,FEM1F2_W29,3,"0.270249,0.208832,0.520919"
AGExPOLPARTY,AGExPOLPARTY :: 50-64 | Independent,FEM1F2_W29,3,"0.247248,0.159635,0.593117"
AGExPOLPARTY,AGExPOLPARTY :: 50-64 | Other,FEM1F2_W29,3,"0.218274,0.164762,0.616965"
AGExPOLPARTY,AGExPOLPARTY :: 50-64 | Republican,FEM1F2_W29,3,"0.248705,0.159326,0.591969"
AGExPOLPARTY,AGExPOLPARTY :: 65+ | Democrat,FEM1F2_W29,3,"0.277572,0.207892,0.514537"
AGExPOLPARTY,AGExPOLPARTY :: 65+ | Independent,FEM1F2_W29,3,"0.248911,0.163240,0.587849"
AGExPOLPARTY,AGExPOLPARTY :: 65+ | Other,FEM1F2_W29,3,"0.229644,0.174704,0.595652"
AGExPOLPARTY,AGExPOLPARTY :: 65+ | Republican,FEM1F2_W29,3,"0.253639,0.161223,0.585139"
AGExPOLPARTY,AGExPOLPARTY :: 18-29 | Democrat,FEM2_W29,4,"0.319736,0.271357,0.226727,0.182180"
AGExPOLPARTY,AGExPOLPARTY :: 18-29 | Independent,FEM2_W29,4,"0.269856,0.276256,0.259518,0.194370"
AGExPOLPARTY,AGExPOLPARTY :: 18-29 | Other,FEM2_W29,4,"0.247695,0.282877,0.257562,0.211865"
AGExPOLPARTY,AGExPOLPARTY :: 18-29 | Republican,FEM2_W29,4,"0.286447,0.269092,0.224835,0.219626"
AGExPOLPARTY,AGExPOLPARTY :: 30-49 | Democrat,FEM2_W29,4,"0.263413,0.287051,0.255308,0.194228"
AGExPOLPARTY,AGExPOLPARTY :: 30-49 | Independent,FEM2_W29,4,"0.251857,0.299088,0.261890,0.187164"
AGExPOLPARTY,AGExPOLPARTY :: 30-49 | Other,FEM2_W29,4,"0.230810,0.294059,0.269844,0.205287"
AGExPOLPARTY,AGExPOLPARTY :: 30-49 | Republican,FEM2_W29,4,"0.266966,0.284184,0.239307,0.209544"
AGExPOLPARTY,AGExPOLPARTY :: 50-64 | Democrat,FEM2_W29,4,"0.254929,0.284394,0.250977,0.209699"
AGExPOLPARTY,AGExPOLPARTY :: 50-64 | Independent,FEM2_W29,4,"0.243339,0.284492,0.267256,0.204912"
AGExPOLPARTY,AGExPOLPARTY :: 50-64 | Other,FEM2_W29,4,"0.233338,0.288134,0.264406,0.214123"
AGExPOLPARTY,AGExPOLPARTY :: 50-64 | Republican,FEM2_W29,4,"0.265045,0.277765,0.235736,0.221454"
AGExPOLPARTY,AGExPOLPARTY :: 65+ | Democrat,FEM2_W29,4,"0.265590,0.265590,0.238073,0.230748"
AGExPOLPARTY,AGExPOLPARTY :: 65+ | Independent,FEM2_W29,4,"0.252227,0.262274,0.252227,0.233272"
AGExPOLPARTY,AGExPOLPARTY :: 65+ | Other,FEM2_W29,4,"0.242632,0.262348,0.254276,0.240744"
AGExPOLPARTY,AGExPOLPARTY :: 65+ | Republican,FEM2_W29,4,"0.280357,0.247415,0.214958,0.257270"
AGExPOLPARTY,AGExPOLPARTY :: 18-29 | Democrat,FIN_SITGROWUP_W54,4,"0.320707,0.292007,0.259717,0.127569"
AGExPOLPARTY,AGExPOLPARTY :: 18-29 | Independent,FIN_SITGROWUP_W54,4,"0.282843,0.305826,0.282843,0.128487"
AGExPOLPARTY,AGExPOLPARTY :: 18-29 | Other,FIN_SITGROWUP_W54,4,"0.255817,0.306173,0.287623,0.150387"
AGExPOLPARTY,AGExPOLPARTY :: 18-29 | Republican,FIN_SITGROWUP_W54,4,"0.300562,0.300562,0.259101,0.139774"
AGExPOLPARTY,AGExPOLPARTY :: 30-49 | Democrat,FIN_SITGROWUP_W54,4,"0.277137,0.302007,0.281502,0.139353"
AGExPOLPARTY,AGExPOLPARTY :: 30-49 | Independent,FIN_SITGROWUP_W54,4,"0.274969,0.323992,0.283697,0.117342"
AGExPOLPARTY,AGExPOLPARTY :: 30-49 | Other,FIN_SITGROWUP_W54,4,"0.251841,0.313421,0.296741,0.137997"
AGExPOLPARTY,AGExPOLPARTY :: 30-49 | Refused,FIN_SITGROWUP_W54,4,"0.267617,0.300890,0.289363,0.142130"
AGExPOLPARTY,AGExPOLPARTY :: 30-49 | Republican,FIN_SITGROWUP_W54,4,"0.293901,0.308005,0.269698,0.128396"
AGExPOLPARTY,AGExPOLPARTY :: 50-64 | Democrat,FIN_SITGROWUP_W54,4,"0.266890,0.297737,0.279698,0.155675"
AGExPOLPARTY,AGExPOLPARTY :: 50-64 | Independent,FIN_SITGROWUP_W54,4,"0.263113,0.310023,0.293524,0.133339"
AGExPOLPARTY,AGExPOLPARTY :: 50-64 | Other,FIN_SITGROWUP_W54,4,"0.247060,0.298012,0.305079,0.149850"
AGExPOLPARTY,AGExPOLPARTY :: 50-64 | Republican,FIN_SITGROWUP_W54,4,"0.285075,0.296431,0.278471,0.140024"
AGExPOLPARTY,AGExPOLPARTY :: 65+ | Democrat,FIN_SITGROWUP_W54,4,"0.275968,0.267478,0.265396,0.191158"
AGExPOLPARTY,AGExPOLPARTY :: 65+ | Independent,FIN_SITGROWUP_W54,4,"0.271127,0.281928,0.273254,0.173691"
AGExPOLPARTY,AGExPOLPARTY :: 65+ | Other,FIN_SITGROWUP_W54,4,"0.254434,0.266644,0.283841,0.195081"
AGExPOLPARTY,AGExPOLPARTY :: 65+ | Republican,FIN_SITGROWUP_W54,4,"0.298673,0.255469,0.251508,0.194350"
AGExPOLPARTY,AGExPOLPARTY :: 18-29 | Democrat,FTRWORRYa_W41,4,"0.409333,0.262229,0.207440,0.120999"
AGExPOLPARTY,AGExPOLPARTY :: 18-29 | Independent,FTRWORRYa_W41,4,"0.335972,0.280715,0.249673,0.133640"
AGExPOLPARTY,AGExPOLPARTY :: 18-29 | Other,FTRWORRYa_W41,4,"0.321919,0.281882,0.256657,0.139542"
AGExPOLPARTY,AGExPOLPARTY :: 18-29 | Republican,FTRWORRYa_W41,4,"0.382562,0.269166,0.212928,0.135345"
AGExPOLPARTY,AGExPOLPARTY :: 30-49 | Democrat,FTRWORRYa_W41,4,"0.368551,0.289279,0.225291,0.116879"
AGExPOLPARTY,AGExPOLPARTY :: 30-49 | Independent,FTRWORRYa_W41,4,"0.320202,0.307936,0.249374,0.122488"
AGExPOLPARTY,AGExPOLPARTY :: 30-49 | Other,FTRWORRYa_W41,4,"0.297126,0.299456,0.270536,0.132883"
AGExPOLPARTY,AGExPOLPARTY :: 30-49 | Republican,FTRWORRYa_W41,4,"0.354804,0.294143,0.225527,0.125525"
AGExPOLPARTY,AGExPOLPARTY :: 50-64 | Democrat,FTRWORRYa_W41,4,"0.361201,0.285734,0.224275,0.128790"
AGExPOLPARTY,AGExPOLPARTY :: 50-64 | Independent,FTRWORRYa_W41,4,"0.319941,0.293594,0.253094,0.133371"
AGExPOLPARTY,AGExPOLPARTY :: 50-64 | Other,FTRWORRYa_W41,4,"0.313433,0.289878,0.261883,0.134806"
AGExPOLPARTY,AGExPOLPARTY :: 50-64 | Republican,FTRWORRYa_W41,4,"0.360948,0.281107,0.224118,0.133827"
AGExPOLPARTY,AGExPOLPARTY :: 65+ | Democrat,FTRWORRYa_W41,4,"0.372840,0.268547,0.209144,0.149469"
AGExPOLPARTY,AGExPOLPARTY :: 65+ | Independent,FTRWORRYa_W41,4,"0.324465,0.277530,0.237384,0.160622"
AGExPOLPARTY,AGExPOLPARTY :: 65+ | Republican,FTRWORRYa_W41,4,"0.369144,0.257704,0.205460,0.167691"
AGExPOLPARTY,AGExPOLPARTY :: 18-29 | Democrat,FTRWORRYe_W41,4,"0.368736,0.274021,0.215082,0.142160"
AGExPOLPARTY,AGExPOLPARTY :: 18-29 | Independent,FTRWORRYe_W41,4,"0.299480,0.285766,0.258168,0.156587"
AGExPOLPARTY,AGExPOLPARTY :: 18-29 | Other,FTRWORRYe_W41,4,"0.288637,0.284163,0.269040,0.158160"
AGExPOLPARTY,AGExPOLPARTY :: 18-29 | Republican,FTRWORRYe_W41,4,"0.342830,0.277632,0.221348,0.158190"
AGExPOLPARTY,AGExPOLPARTY :: 30-49 | Democrat,FTRWORRYe_W41,4,"0.324743,0.298001,0.237587,0.139670"
AGExPOLPARTY,AGExPOLPARTY :: 30-49 | Independent,FTRWORRYe_W41,4,"0.289243,0.310313,0.257258,0.143186"
AGExPOLPARTY,AGExPOLPARTY :: 30-49 | Other,FTRWORRYe_W41,4,"0.270975,0.297608,0.281770,0.149647"
AGExPOLPARTY,AGExPOLPARTY :: 30-49 | Republican,FTRWORRYe_W41,4,"0.323023,0.296422,0.232665,0.147891"
AGExPOLPARTY,AGExPOLPARTY :: 50-64 | Democrat,FTRWORRYe_W41,4,"0.321812,0.290733,0.235442,0.152013"
AGExPOLPARTY,AGExPOLPARTY :: 50-64 | Independent,FTRWORRYe_W41,4,"0.288227,0.295062,0.262434,0.154277"
AGExPOLPARTY,AGExPOLPARTY :: 50-64 | Other,FTRWORRYe_W41,4,"0.285922,0.292702,0.270705,0.150670"
AGExPOLPARTY,AGExPOLPARTY :: 50-64 | Republican,FTRWORRYe_W41,4,"0.328829,0.285692,0.231360,0.154119"
AGExPOLPARTY,AGExPOLPARTY :: 65+ | Democrat,FTRWORRYe_W41,4,"0.334667,0.275290,0.217772,0.172272"
AGExPOLPARTY,AGExPOLPARTY :: 65+ | Independent,FTRWORRYe_W41,4,"0.292971,0.281748,0.244787,0.180494"
AGExPOLPARTY,AGExPOLPARTY :: 65+ | Republican,FTRWORRYe_W41,4,"0.339251,0.264209,0.210646,0.185894"
AGExPOLPARTY,AGExPOLPARTY :: 18-29 | Democrat,FUTRCLASSc_W41,3,"0.471412,0.242662,0.285926"
AGExPOLPARTY,AGExPOLPARTY :: 18-29 | Independent,FUTRCLASSc_W41,3,"0.430066,0.252823,0.317111"
AGExPOLPARTY,AGExPOLPARTY :: 18-29 | Other,FUTRCLASSc_W41,3,"0.416495,0.256595,0.326910"
AGExPOLPARTY,AGExPOLPARTY :: 18-29 | Republican,FUTRCLASSc_W41,3,"0.461690,0.247125,0.291185"
AGExPOLPARTY,AGExPOLPARTY :: 30-49 | Democrat,FUTRCLASSc_W41,3,"0.450350,0.256602,0.293048"
AGExPOLPARTY,AGExPOLPARTY :: 30-49 | Independent,FUTRCLASSc_W41,3,"0.428554,0.257909,0.313537"
AGExPOLPARTY,AGExPOLPARTY :: 30-49 | Other,FUTRCLASSc_W41,3,"0.405976,0.260078,0.333947"
AGExPOLPARTY,AGExPOLPARTY :: 30-49 | Republican,FUTRCLASSc_W41,3,"0.451998,0.251575,0.296427"
AGExPOLPARTY,AGExPOLPARTY :: 50-64 | Democrat,FUTRCLASSc_W41,3,"0.439530,0.258386,0.302084"
AGExPOLPARTY,AGExPOLPARTY :: 50-64 | Independent,FUTRCLASSc_W41,3,"0.420297,0.254923,0.324780"
AGExPOLPARTY,AGExPOLPARTY :: 50-64 | Other,FUTRCLASSc_W41,3,"0.411141,0.253296,0.335563"
AGExPOLPARTY,AGExPOLPARTY :: 50-64 | Republican,FUTRCLASSc_W41,3,"0.444793,0.249506,0.305701"
AGExPOLPARTY,AGExPOLPARTY :: 65+ | Democrat,FUTRCLASSc_W41,3,"0.460465,0.244551,0.294985"
AGExPOLPARTY,AGExPOLPARTY :: 65+ | Independent,FUTRCLASSc_W41,3,"0.431520,0.247801,0.320679"
AGExPOLPARTY,AGExPOLPARTY :: 65+ | Republican,FUTRCLASSc_W41,3,"0.459853,0.238568,0.301579"
AGExPOLPARTY,AGExPOLPARTY :: 18-29 | Democrat,FUTR_K_W41,3,"0.200352,0.540374,0.259274"
AGExPOLPARTY,AGExPOLPARTY :: 18-29 | Independent,FUTR_K_W41,3,"0.182752,0.520612,0.296636"
AGExPOLPARTY,AGExPOLPARTY :: 18-29 | Other,FUTR_K_W41,3,"0.174726,0.525725,0.299549"
AGExPOLPARTY,AGExPOLPARTY :: 18-29 | Republican,FUTR_K_W41,3,"0.171044,0.587746,0.241210"
AGExPOLPARTY,AGExPOLPARTY :: 30-49 | Democrat,FUTR_K_W41,3,"0.162282,0.584400,0.253318"
AGExPOLPARTY,AGExPOLPARTY :: 30-49 | Independent,FUTR_K_W41,3,"0.173080,0.520773,0.306147"
AGExPOLPARTY,AGExPOLPARTY :: 30-49 | Other,FUTR_K_W41,3,"0.175304,0.507260,0.317435"
AGExPOLPARTY,AGExPOLPARTY :: 30-49 | Republican,FUTR_K_W41,3,"0.173359,0.568423,0.258218"
AGExPOLPARTY,AGExPOLPARTY :: 50-64 | Democrat,FUTR_K_W41,3,"0.153613,0.602824,0.243563"
AGExPOLPARTY,AGExPOLPARTY :: 50-64 | Independent,FUTR_K_W41,3,"0.165061,0.549738,0.285200"
AGExPOLPARTY,AGExPOLPARTY :: 50-64 | Other,FUTR_K_W41,3,"0.166678,0.533856,0.299466"
AGExPOLPARTY,AGExPOLPARTY :: 50-64 | Republican,FUTR_K_W41,3,"0.163240,0.587849,0.248911"
AGExPOLPARTY,AGExPOLPARTY :: 65+ | Democrat,FUTR_K_W41,3,"0.159121,0.586605,0.254274"
AGExPOLPARTY,AGExPOLPARTY :: 65+ | Independent,FUTR_K_W41,3,"0.170564,0.525373,0.304063"
AGExPOLPARTY,AGExPOLPARTY :: 65+ | Republican,FUTR_K_W41,3,"0.169384,0.564136,0.266479"
AGExPOLPARTY,AGExPOLPARTY :: 18-29 | Democrat,G1_W34,2,"0.558327,0.441673"
AGExPOLPARTY,AGExPOLPARTY :: 18-29 | Independent,G1_W34,2,"0.573678,0.426322"
AGExPOLPARTY,AGExPOLPARTY :: 18-29 | Other,G1_W34,2,"0.527317,0.472683"
AGExPOLPARTY,AGExPOLPARTY :: 18-29 | Republican,G1_W34,2,"0.531209,0.468791"
AGExPOLPARTY,AGExPOLPARTY :: 30-49 | Democrat,G1_W34,2,"0.503906,0.496094"
AGExPOLPARTY,AGExPOLPARTY :: 30-49 | Independent,G1_W34,2,"0.562177,0.437824"
AGExPOLPARTY,AGExPOLPARTY :: 30-49 | Other,G1_W34,2,"0.515620,0.484380"
AGExPOLPARTY,AGExPOLPARTY :: 30-49 | Republican,G1_W34,2,"0.515620,0.484380"
AGExPOLPARTY,AGExPOLPARTY :: 50-64 | Democrat,G1_W34,2,"0.496094,0.503906"
AGExPOLPARTY,AGExPOLPARTY :: 50-64 | Independent,G1_W34,2,"0.546738,0.453262"
AGExPOLPARTY,AGExPOLPARTY :: 50-64 | Other,G1_W34,2,"0.523420,0.476580"
AGExPOLPARTY,AGExPOLPARTY :: 50-64 | Republican,G1_W34,2,"0.523420,0.476580"
AGExPOLPARTY,AGExPOLPARTY :: 65+ | Democrat,G1_W34,2,"0.511717,0.488283"
AGExPOLPARTY,AGExPOLPARTY :: 65+ | Independent,G1_W34,2,"0.554470,0.445530"
AGExPOLPARTY,AGExPOLPARTY :: 65+ | Republican,G1_W34,2,"0.538983,0.461017"
AGExPOLPARTY,AGExPOLPARTY :: 18-29 | Democrat,G2_W34,2,"0.550607,0.449393"
AGExPOLPARTY,AGExPOLPARTY :: 18-29 | Independent,G2_W34,2,"0.535098,0.464902"
AGExPOLPARTY,AGExPOLPARTY :: 18-29 | Other,G2_W34,2,"0.480479,0.519521"
AGExPOLPARTY,AGExPOLPARTY :: 18-29 | Republican,G2_W34,2,"0.500000,0.500000"
AGExPOLPARTY,AGExPOLPARTY :: 30-49 | Democrat,G2_W34,2,"0.488283,0.511717"
AGExPOLPARTY,AGExPOLPARTY :: 30-49 | Independent,G2_W34,2,"0.538983,0.461017"
AGExPOLPARTY,AGExPOLPARTY :: 30-49 | Other,G2_W34,2,"0.480479,0.519521"
AGExPOLPARTY,AGExPOLPARTY :: 30-49 | Republican,G2_W34,2,"0.496094,0.503906"
AGExPOLPARTY,AGExPOLPARTY :: 50-64 | Democrat,G2_W34,2,"0.472683,0.527317"
AGExPOLPARTY,AGExPOLPARTY :: 50-64 | Independent,G2_W34,2,"0.511717,0.488283"
AGExPOLPARTY,AGExPOLPARTY :: 50-64 | Other,G2_W34,2,"0.472683,0.527317"
AGExPOLPARTY,AGExPOLPARTY :: 50-64 | Republican,G2_W34,2,"0.488283,0.511717"
AGExPOLPARTY,AGExPOLPARTY :: 65+ | Democrat,G2_W34,2,"0.492188,0.507812"
AGExPOLPARTY,AGExPOLPARTY :: 65+ | Independent,G2_W34,2,"0.515620,0.484380"
AGExPOLPARTY,AGExPOLPARTY :: 65+ | Republican,G2_W34,2,"0.496094,0.503906"
AGExPOLPARTY,AGExPOLPARTY :: 18-29 | Democrat,GAP21Q15_e_W82,5,"0.275277,0.307093,0.186262,0.112973,0.118395"
AGExPOLPARTY,AGExPOLPARTY :: 18-29 | Independent,GAP21Q15_e_W82,5,"0.255654,0.336051,0.197554,0.108251,0.102490"
AGExPOLPARTY,AGExPOLPARTY :: 18-29 | Other,GAP21Q15_e_W82,5,"0.238815,0.318860,0.227879,0.107642,0.106805"
AGExPOLPARTY,AGExPOLPARTY :: 18-29 | Republican,GAP21Q15_e_W82,5,"0.307837,0.296044,0.150028,0.098391,0.147702"
AGExPOLPARTY,AGExPOLPARTY :: 30-49 | Democrat,GAP21Q15_e_W82,5,"0.269904,0.305841,0.188423,0.116995,0.118837"
AGExPOLPARTY,AGExPOLPARTY :: 30-49 | Independent,GAP21Q15_e_W82,5,"0.253274,0.357173,0.191181,0.099961,0.098411"
AGExPOLPARTY,AGExPOLPARTY :: 30-49 | Other,GAP21Q15_e_W82,5,"0.233316,0.326468,0.231500,0.105989,0.102728"
AGExPOLPARTY,AGExPOLPARTY :: 30-49 | Republican,GAP21Q15_e_W82,5,"0.299985,0.304709,0.153217,0.098155,0.143934"
AGExPOLPARTY,AGExPOLPARTY :: 50-64 | Democrat,GAP21Q15_e_W82,5,"0.263463,0.298543,0.195789,0.119683,0.122522"
AGExPOLPARTY,AGExPOLPARTY :: 50-64 | Independent,GAP21Q15_e_W82,5,"0.245680,0.338438,0.206883,0.108171,0.100827"
AGExPOLPARTY,AGExPOLPARTY :: 50-64 | Other,GAP21Q15_e_W82,5,"0.234353,0.322835,0.230720,0.106460,0.105631"
AGExPOLPARTY,AGExPOLPARTY :: 50-64 | Republican,GAP21Q15_e_W82,5,"0.288382,0.292924,0.170861,0.102826,0.145008"
AGExPOLPARTY,AGExPOLPARTY :: 65+ | Democrat,GAP21Q15_e_W82,5,"0.270264,0.276673,0.180035,0.131716,0.141311"
AGExPOLPARTY,AGExPOLPARTY :: 65+ | Independent,GAP21Q15_e_W82,5,"0.253574,0.310686,0.191408,0.124552,0.119780"
AGExPOLPARTY,AGExPOLPARTY :: 65+ | Republican,GAP21Q15_e_W82,5,"0.287467,0.267949,0.153870,0.121721,0.168993"
AGExPOLPARTY,AGExPOLPARTY :: 18-29 | Democrat,GAP21Q17_W82,4,"0.262380,0.240773,0.250364,0.246483"
AGExPOLPARTY,AGExPOLPARTY :: 18-29 | Independent,GAP21Q17_W82,4,"0.246736,0.248672,0.270987,0.233605"
AGExPOLPARTY,AGExPOLPARTY :: 18-29 | Other,GAP21Q17_W82,4,"0.234567,0.238260,0.285160,0.242013"
AGExPOLPARTY,AGExPOLPARTY :: 18-29 | Republican,GAP21Q17_W82,4,"0.265936,0.229251,0.234688,0.270124"
AGExPOLPARTY,AGExPOLPARTY :: 30-49 | Democrat,GAP21Q17_W82,4,"0.240563,0.256078,0.268368,0.234991"
AGExPOLPARTY,AGExPOLPARTY :: 30-49 | Independent,GAP21Q17_W82,4,"0.252522,0.273042,0.266717,0.207719"
AGExPOLPARTY,AGExPOLPARTY :: 30-49 | Other,GAP21Q17_W82,4,"0.236489,0.261770,0.289753,0.211988"
AGExPOLPARTY,AGExPOLPARTY :: 30-49 | Republican,GAP21Q17_W82,4,"0.272532,0.252051,0.238637,0.236780"
AGExPOLPARTY,AGExPOLPARTY :: 50-64 | Democrat,GAP21Q17_W82,4,"0.228522,0.245168,0.271376,0.254934"
AGExPOLPARTY,AGExPOLPARTY :: 50-64 | Independent,GAP21Q17_W82,4,"0.233695,0.250719,0.281891,0.233695"
AGExPOLPARTY,AGExPOLPARTY :: 50-64 | Other,GAP21Q17_W82,4,"0.232452,0.241712,0.291560,0.234275"
AGExPOLPARTY,AGExPOLPARTY :: 50-64 | Republican,GAP21Q17_W82,4,"0.263245,0.232313,0.247296,0.257147"
AGExPOLPARTY,AGExPOLPARTY :: 65+ | Democrat,GAP21Q17_W82,4,"0.238057,0.232543,0.255398,0.274002"
AGExPOLPARTY,AGExPOLPARTY :: 65+ | Independent,GAP21Q17_W82,4,"0.244569,0.240777,0.260342,0.254311"
AGExPOLPARTY,AGExPOLPARTY :: 65+ | Republican,GAP21Q17_W82,4,"0.275764,0.219859,0.219859,0.284518"
AGExPOLPARTY,AGExPOLPARTY :: 18-29 | Democrat,GAP21Q18_W82,2,"0.786623,0.213377"
AGExPOLPARTY,AGExPOLPARTY :: 18-29 | Independent,GAP21Q18_W82,2,"0.763484,0.236516"
AGExPOLPARTY,AGExPOLPARTY :: 18-29 | Other,GAP21Q18_W82,2,"0.735642,0.264358"
AGExPOLPARTY,AGExPOLPARTY :: 18-29 | Republican,GAP21Q18_W82,2,"0.816406,0.183594"
AGExPOLPARTY,AGExPOLPARTY :: 30-49 | Democrat,GAP21Q18_W82,2,"0.787931,0.212069"
AGExPOLPARTY,AGExPOLPARTY :: 30-49 | Independent,GAP21Q18_W82,2,"0.735642,0.264358"
AGExPOLPARTY,AGExPOLPARTY :: 30-49 | Other,GAP21Q18_W82,2,"0.707405,0.292595"
AGExPOLPARTY,AGExPOLPARTY :: 30-49 | Republican,GAP21Q18_W82,2,"0.781331,0.218669"
AGExPOLPARTY,AGExPOLPARTY :: 50-64 | Democrat,GAP21Q18_W82,2,"0.785309,0.214691"
AGExPOLPARTY,AGExPOLPARTY :: 50-64 | Independent,GAP21Q18_W82,2,"0.743168,0.256832"
AGExPOLPARTY,AGExPOLPARTY :: 50-64 | Other,GAP21Q18_W82,2,"0.705785,0.294215"
AGExPOLPARTY,AGExPOLPARTY :: 50-64 | Republican,GAP21Q18_W82,2,"0.777300,0.222700"
AGExPOLPARTY,AGExPOLPARTY :: 65+ | Democrat,GAP21Q18_W82,2,"0.795658,0.204342"
AGExPOLPARTY,AGExPOLPARTY :: 65+ | Independent,GAP21Q18_W82,2,"0.741674,0.258326"
AGExPOLPARTY,AGExPOLPARTY :: 65+ | Republican,GAP21Q18_W82,2,"0.774583,0.225417"
AGExPOLPARTY,AGExPOLPARTY :: 18-29 | Democrat,GAP21Q1_W82,4,"0.124944,0.168130,0.387872,0.319055"
AGExPOLPARTY,AGExPOLPARTY :: 18-29 | Independent,GAP21Q1_W82,4,"0.083400,0.146371,0.465166,0.305063"
AGExPOLPARTY,AGExPOLPARTY :: 18-29 | Other,GAP21Q1_W82,4,"0.085875,0.139388,0.460621,0.314116"
AGExPOLPARTY,AGExPOLPARTY :: 18-29 | Republican,GAP21Q1_W82,4,"0.093721,0.124161,0.420030,0.362088"
AGExPOLPARTY,AGExPOLPARTY :: 30-49 | Democrat,GAP21Q1_W82,4,"0.106291,0.179400,0.413871,0.300438"
AGExPOLPARTY,AGExPOLPARTY :: 30-49 | Independent,GAP21Q1_W82,4,"0.090022,0.195097,0.464371,0.250509"
AGExPOLPARTY,AGExPOLPARTY :: 30-49 | Other,GAP21Q1_W82,4,"0.092034,0.170604,0.471053,0.266309"
AGExPOLPARTY,AGExPOLPARTY :: 30-49 | Republican,GAP21Q1_W82,4,"0.101165,0.153058,0.429261,0.316517"
AGExPOLPARTY,AGExPOLPARTY :: 50-64 | Democrat,GAP21Q1_W82,4,"0.102885,0.175013,0.410108,0.311994"
AGExPOLPARTY,AGExPOLPARTY :: 50-64 | Independent,GAP21Q1_W82,4,"0.085134,0.164100,0.482317,0.268450"
AGExPOLPARTY,AGExPOLPARTY :: 50-64 | Other,GAP21Q1_W82,4,"0.091344,0.161571,0.478609,0.268475"
AGExPOLPARTY,AGExPOLPARTY :: 50-64 | Republican,GAP21Q1_W82,4,"0.099030,0.141853,0.436939,0.322178"
AGExPOLPARTY,AGExPOLPARTY :: 65+ | Democrat,GAP21Q1_W82,4,"0.105139,0.169330,0.369850,0.355681"
AGExPOLPARTY,AGExPOLPARTY :: 65+ | Independent,GAP21Q1_W82,4,"0.087670,0.162514,0.421529,0.328287"
AGExPOLPARTY,AGExPOLPARTY :: 65+ | Republican,GAP21Q1_W82,4,"0.106617,0.139055,0.355090,0.399238"
AGExPOLPARTY,AGExPOLPARTY :: 18-29 | Democrat,GAP21Q21_a_W82,4,"0.334699,0.241074,0.221222,0.203005"
AGExPOLPARTY,AGExPOLPARTY :: 18-29 | Independent,GAP21Q21_a_W82,4,"0.309446,0.244792,0.250597,0.195165"
AGExPOLPARTY,AGExPOLPARTY :: 18-29 | Other,GAP21Q21_a_W82,4,"0.304205,0.252195,0.242533,0.201067"
AGExPOLPARTY,AGExPOLPARTY :: 18-29 | Republican,GAP21Q21_a_W82,4,"0.349800,0.249991,0.202449,0.197759"
AGExPOLPARTY,AGExPOLPARTY :: 30-49 | Democrat,GAP21Q21_a_W82,4,"0.316508,0.266527,0.235209,0.181756"
AGExPOLPARTY,AGExPOLPARTY :: 30-49 | Independent,GAP21Q21_a_W82,4,"0.302238,0.266724,0.250564,0.180474"
AGExPOLPARTY,AGExPOLPARTY :: 30-49 | Other,GAP21Q21_a_W82,4,"0.297112,0.270524,0.252156,0.180208"
AGExPOLPARTY,AGExPOLPARTY :: 30-49 | Republican,GAP21Q21_a_W82,4,"0.341421,0.272205,0.211993,0.174381"
AGExPOLPARTY,AGExPOLPARTY :: 50-64 | Democrat,GAP21Q21_a_W82,4,"0.311818,0.268804,0.231723,0.187655"
AGExPOLPARTY,AGExPOLPARTY :: 50-64 | Independent,GAP21Q21_a_W82,4,"0.302485,0.260758,0.254718,0.182039"
AGExPOLPARTY,AGExPOLPARTY :: 50-64 | Other,GAP21Q21_a_W82,4,"0.304677,0.264708,0.242910,0.187706"
AGExPOLPARTY,AGExPOLPARTY :: 50-64 | Republican,GAP21Q21_a_W82,4,"0.343599,0.265513,0.208404,0.182484"
AGExPOLPARTY,AGExPOLPARTY :: 65+ | Democrat,GAP21Q21_a_W82,4,"0.313179,0.257614,0.223819,0.205388"
AGExPOLPARTY,AGExPOLPARTY :: 65+ | Independent,GAP21Q21_a_W82,4,"0.299165,0.253898,0.246087,0.200850"
AGExPOLPARTY,AGExPOLPARTY :: 65+ | Republican,GAP21Q21_a_W82,4,"0.339764,0.254471,0.202882,0.202882"
AGExPOLPARTY,AGExPOLPARTY :: 18-29 | Democrat,GAP21Q22_W82,2,"0.472683,0.527317"
AGExPOLPARTY,AGExPOLPARTY :: 18-29 | Independent,GAP21Q22_W82,2,"0.441673,0.558327"
AGExPOLPARTY,AGExPOLPARTY :: 18-29 | Other,GAP21Q22_W82,2,"0.373876,0.626124"
AGExPOLPARTY,AGExPOLPARTY :: 18-29 | Republican,GAP21Q22_W82,2,"0.362969,0.637031"
AGExPOLPARTY,AGExPOLPARTY :: 30-49 | Democrat,GAP21Q22_W82,2,"0.468791,0.531209"
AGExPOLPARTY,AGExPOLPARTY :: 30-49 | Independent,GAP21Q22_W82,2,"0.426322,0.573678"
AGExPOLPARTY,AGExPOLPARTY :: 30-49 | Other,GAP21Q22_W82,2,"0.377541,0.622459"
AGExPOLPARTY,AGExPOLPARTY :: 30-49 | Republican,GAP21Q22_W82,2,"0.362969,0.637031"
AGExPOLPARTY,AGExPOLPARTY :: 50-64 | Democrat,GAP21Q22_W82,2,"0.433981,0.566019"
AGExPOLPARTY,AGExPOLPARTY :: 50-64 | Independent,GAP21Q22_W82,2,"0.418697,0.581303"
AGExPOLPARTY,AGExPOLPARTY :: 50-64 | Other,GAP21Q22_W82,2,"0.352202,0.647798"
AGExPOLPARTY,AGExPOLPARTY :: 50-64 | Republican,GAP21Q22_W82,2,"0.331120,0.668880"
AGExPOLPARTY,AGExPOLPARTY :: 65+ | Democrat,GAP21Q22_W82,2,"0.407333,0.592667"
AGExPOLPARTY,AGExPOLPARTY :: 65+ | Independent,GAP21Q22_W82,2,"0.381220,0.618780"
AGExPOLPARTY,AGExPOLPARTY :: 65+ | Republican,GAP21Q22_W82,2,"0.290981,0.709019"
AGExPOLPARTY,AGExPOLPARTY :: 18-29 | Democrat,GAP21Q26_a_W82,4,"0.169694,0.199949,0.334851,0.295505"
AGExPOLPARTY,AGExPOLPARTY :: 18-29 | Independent,GAP21Q26_a_W82,4,"0.143154,0.183813,0.386104,0.286928"
AGExPOLPARTY,AGExPOLPARTY :: 18-29 | Other,GAP21Q26_a_W82,4,"0.140392,0.183106,0.390676,0.285825"
AGExPOLPARTY,AGExPOLPARTY :: 18-29 | Republican,GAP21Q26_a_W82,4,"0.158506,0.170052,0.346209,0.325233"
AGExPOLPARTY,AGExPOLPARTY :: 30-49 | Democrat,GAP21Q26_a_W82,4,"0.152130,0.203120,0.364941,0.279810"
AGExPOLPARTY,AGExPOLPARTY :: 30-49 | Independent,GAP21Q26_a_W82,4,"0.153872,0.229192,0.369120,0.247816"
AGExPOLPARTY,AGExPOLPARTY :: 30-49 | Other,GAP21Q26_a_W82,4,"0.147345,0.212717,0.391247,0.248691"
AGExPOLPARTY,AGExPOLPARTY :: 30-49 | Republican,GAP21Q26_a_W82,4,"0.170077,0.198840,0.346259,0.284825"
AGExPOLPARTY,AGExPOLPARTY :: 50-64 | Democrat,GAP21Q26_a_W82,4,"0.144589,0.190059,0.366348,0.299004"
AGExPOLPARTY,AGExPOLPARTY :: 50-64 | Independent,GAP21Q26_a_W82,4,"0.143022,0.189473,0.391823,0.275682"
AGExPOLPARTY,AGExPOLPARTY :: 50-64 | Other,GAP21Q26_a_W82,4,"0.143604,0.197822,0.396502,0.262072"
AGExPOLPARTY,AGExPOLPARTY :: 50-64 | Republican,GAP21Q26_a_W82,4,"0.164009,0.184401,0.349931,0.301659"
AGExPOLPARTY,AGExPOLPARTY :: 65+ | Democrat,GAP21Q26_a_W82,4,"0.158231,0.182123,0.324670,0.334976"
AGExPOLPARTY,AGExPOLPARTY :: 65+ | Independent,GAP21Q26_a_W82,4,"0.155196,0.187202,0.341638,0.315964"
AGExPOLPARTY,AGExPOLPARTY :: 65+ | Republican,GAP21Q26_a_W82,4,"0.182551,0.179721,0.294003,0.343725"
AGExPOLPARTY,AGExPOLPARTY :: 18-29 | Democrat,GAP21Q27_W82,3,"0.403268,0.262411,0.334321"
AGExPOLPARTY,AGExPOLPARTY :: 18-29 | Independent,GAP21Q27_W82,3,"0.369849,0.242553,0.387598"
AGExPOLPARTY,AGExPOLPARTY :: 18-29 | Other,GAP21Q27_W82,3,"0.306296,0.248046,0.445658"
AGExPOLPARTY,AGExPOLPARTY :: 18-29 | Republican,GAP21Q27_W82,3,"0.364573,0.292943,0.342485"
AGExPOLPARTY,AGExPOLPARTY :: 30-49 | Democrat,GAP21Q27_W82,3,"0.349109,0.296285,0.354606"
AGExPOLPARTY,AGExPOLPARTY :: 30-49 | Independent,GAP21Q27_W82,3,"0.342694,0.268983,0.388323"
AGExPOLPARTY,AGExPOLPARTY :: 30-49 | Other,GAP21Q27_W82,3,"0.296138,0.259307,0.444555"
AGExPOLPARTY,AGExPOLPARTY :: 30-49 | Republican,GAP21Q27_W82,3,"0.348234,0.322064,0.329702"
AGExPOLPARTY,AGExPOLPARTY :: 50-64 | Democrat,GAP21Q27_W82,3,"0.330401,0.289309,0.380290"
AGExPOLPARTY,AGExPOLPARTY :: 50-64 | Independent,GAP21Q27_W82,3,"0.328430,0.249857,0.421713"
AGExPOLPARTY,AGExPOLPARTY :: 50-64 | Other,GAP21Q27_W82,3,"0.285022,0.259515,0.455463"
AGExPOLPARTY,AGExPOLPARTY :: 50-64 | Republican,GAP21Q27_W82,3,"0.331720,0.306791,0.361488"
AGExPOLPARTY,AGExPOLPARTY :: 65+ | Democrat,GAP21Q27_W82,3,"0.329875,0.293397,0.376729"
AGExPOLPARTY,AGExPOLPARTY :: 65+ | Independent,GAP21Q27_W82,3,"0.325983,0.261935,0.412082"
AGExPOLPARTY,AGExPOLPARTY :: 65+ | Republican,GAP21Q27_W82,3,"0.325084,0.315082,0.359835"
AGExPOLPARTY,AGExPOLPARTY :: 18-29 | Democrat,GAP21Q33_k_W82,3,"0.422228,0.387458,0.190313"
AGExPOLPARTY,AGExPOLPARTY :: 18-29 | Independent,GAP21Q33_k_W82,3,"0.383940,0.402365,0.213695"
AGExPOLPARTY,AGExPOLPARTY :: 18-29 | Other,GAP21Q33_k_W82,3,"0.347436,0.406194,0.246369"
AGExPOLPARTY,AGExPOLPARTY :: 18-29 | Republican,GAP21Q33_k_W82,3,"0.391452,0.407046,0.201502"
AGExPOLPARTY,AGExPOLPARTY :: 30-49 | Democrat,GAP21Q33_k_W82,3,"0.372401,0.418701,0.208898"
AGExPOLPARTY,AGExPOLPARTY :: 30-49 | Independent,GAP21Q33_k_W82,3,"0.363892,0.428769,0.207339"
AGExPOLPARTY,AGExPOLPARTY :: 30-49 | Other,GAP21Q33_k_W82,3,"0.326496,0.419229,0.254275"
AGExPOLPARTY,AGExPOLPARTY :: 30-49 | Republican,GAP21Q33_k_W82,3,"0.374810,0.421410,0.203781"
AGExPOLPARTY,AGExPOLPARTY :: 50-64 | Democrat,GAP21Q33_k_W82,3,"0.362109,0.423348,0.214543"
AGExPOLPARTY,AGExPOLPARTY :: 50-64 | Independent,GAP21Q33_k_W82,3,"0.362079,0.420019,0.217903"
AGExPOLPARTY,AGExPOLPARTY :: 50-64 | Other,GAP21Q33_k_W82,3,"0.332529,0.420356,0.247115"
AGExPOLPARTY,AGExPOLPARTY :: 50-64 | Republican,GAP21Q33_k_W82,3,"0.373007,0.419383,0.207610"
AGExPOLPARTY,AGExPOLPARTY :: 65+ | Democrat,GAP21Q33_k_W82,3,"0.377131,0.404602,0.218267"
AGExPOLPARTY,AGExPOLPARTY :: 65+ | Independent,GAP21Q33_k_W82,3,"0.364782,0.406944,0.228275"
AGExPOLPARTY,AGExPOLPARTY :: 65+ | Republican,GAP21Q33_k_W82,3,"0.378203,0.399462,0.222334"
AGExPOLPARTY,AGExPOLPARTY :: 18-29 | Democrat,GAP21Q33_r_W82,3,"0.523547,0.374162,0.102290"
AGExPOLPARTY,AGExPOLPARTY :: 18-29 | Independent,GAP21Q33_r_W82,3,"0.456225,0.421939,0.121836"
AGExPOLPARTY,AGExPOLPARTY :: 18-29 | Other,GAP21Q33_r_W82,3,"0.414714,0.427878,0.157408"
AGExPOLPARTY,AGExPOLPARTY :: 18-29 | Republican,GAP21Q33_r_W82,3,"0.495188,0.401015,0.103797"
AGExPOLPARTY,AGExPOLPARTY :: 30-49 | Democrat,GAP21Q33_r_W82,3,"0.455578,0.424645,0.119777"
AGExPOLPARTY,AGExPOLPARTY :: 30-49 | Independent,GAP21Q33_r_W82,3,"0.416100,0.456997,0.126903"
AGExPOLPARTY,AGExPOLPARTY :: 30-49 | Other,GAP21Q33_r_W82,3,"0.373077,0.446515,0.180408"
AGExPOLPARTY,AGExPOLPARTY :: 30-49 | Republican,GAP21Q33_r_W82,3,"0.449345,0.428768,0.121888"
AGExPOLPARTY,AGExPOLPARTY :: 50-64 | Democrat,GAP21Q33_r_W82,3,"0.447170,0.433412,0.119418"
AGExPOLPARTY,AGExPOLPARTY :: 50-64 | Independent,GAP21Q33_r_W82,3,"0.416328,0.453688,0.129984"
AGExPOLPARTY,AGExPOLPARTY :: 50-64 | Other,GAP21Q33_r_W82,3,"0.390295,0.445730,0.163975"
AGExPOLPARTY,AGExPOLPARTY :: 50-64 | Republican,GAP21Q33_r_W82,3,"0.450617,0.429982,0.119402"
AGExPOLPARTY,AGExPOLPARTY :: 65+ | Democrat,GAP21Q33_r_W82,3,"0.473715,0.408368,0.117917"
AGExPOLPARTY,AGExPOLPARTY :: 65+ | Independent,GAP21Q33_r_W82,3,"0.426286,0.436396,0.137318"
AGExPOLPARTY,AGExPOLPARTY :: 65+ | Republican,GAP21Q33_r_W82,3,"0.464926,0.403935,0.131139"
AGExPOLPARTY,AGExPOLPARTY :: 18-29 | Democrat,GAP21Q34_a_W82,4,"0.308559,0.283150,0.231100,0.177191"
AGExPOLPARTY,AGExPOLPARTY :: 18-29 | Independent,GAP21Q34_a_W82,4,"0.264537,0.297427,0.260435,0.177601"
AGExPOLPARTY,AGExPOLPARTY :: 18-29 | Other,GAP21Q34_a_W82,4,"0.241541,0.280192,0.295942,0.182325"
AGExPOLPARTY,AGExPOLPARTY :: 18-29 | Republican,GAP21Q34_a_W82,4,"0.288986,0.282292,0.237714,0.191008"
AGExPOLPARTY,AGExPOLPARTY :: 30-49 | Democrat,GAP21Q34_a_W82,4,"0.264828,0.304815,0.256680,0.173678"
AGExPOLPARTY,AGExPOLPARTY :: 30-49 | Independent,GAP21Q34_a_W82,4,"0.256939,0.324801,0.254939,0.163320"
AGExPOLPARTY,AGExPOLPARTY :: 30-49 | Other,GAP21Q34_a_W82,4,"0.233402,0.304414,0.292752,0.169432"
AGExPOLPARTY,AGExPOLPARTY :: 30-49 | Republican,GAP21Q34_a_W82,4,"0.280311,0.305466,0.236046,0.178177"
AGExPOLPARTY,AGExPOLPARTY :: 50-64 | Democrat,GAP21Q34_a_W82,4,"0.243540,0.293765,0.275967,0.186728"
AGExPOLPARTY,AGExPOLPARTY :: 50-64 | Independent,GAP21Q34_a_W82,4,"0.233640,0.302353,0.286262,0.177744"
AGExPOLPARTY,AGExPOLPARTY :: 50-64 | Other,GAP21Q34_a_W82,4,"0.228805,0.289237,0.307891,0.174066"
AGExPOLPARTY,AGExPOLPARTY :: 50-64 | Republican,GAP21Q34_a_W82,4,"0.268373,0.290181,0.254091,0.187355"
AGExPOLPARTY,AGExPOLPARTY :: 65+ | Democrat,GAP21Q34_a_W82,4,"0.247809,0.270047,0.261738,0.220406"
AGExPOLPARTY,AGExPOLPARTY :: 65+ | Independent,GAP21Q34_a_W82,4,"0.235942,0.280188,0.267357,0.216513"
AGExPOLPARTY,AGExPOLPARTY :: 65+ | Republican,GAP21Q34_a_W82,4,"0.274350,0.261787,0.232838,0.231026"
AGExPOLPARTY,AGExPOLPARTY :: 18-29 | Democrat,GAP21Q37_W82,2,"0.864310,0.135690"
AGExPOLPARTY,AGExPOLPARTY :: 18-29 | Independent,GAP21Q37_W82,2,"0.860604,0.139396"
AGExPOLPARTY,AGExPOLPARTY :: 18-29 | Other,GAP21Q37_W82,2,"0.805632,0.194368"
AGExPOLPARTY,AGExPOLPARTY :: 18-29 | Republican,GAP21Q37_W82,2,"0.853913,0.146087"
AGExPOLPARTY,AGExPOLPARTY :: 30-49 | Democrat,GAP21Q37_W82,2,"0.828939,0.171061"
AGExPOLPARTY,AGExPOLPARTY :: 30-49 | Independent,GAP21Q37_W82,2,"0.805632,0.194368"
AGExPOLPARTY,AGExPOLPARTY :: 30-49 | Other,GAP21Q37_W82,2,"0.740174,0.259826"
AGExPOLPARTY,AGExPOLPARTY :: 30-49 | Republican,GAP21Q37_W82,2,"0.805632,0.194368"
AGExPOLPARTY,AGExPOLPARTY :: 50-64 | Democrat,GAP21Q37_W82,2,"0.831143,0.168857"
AGExPOLPARTY,AGExPOLPARTY :: 50-64 | Independent,GAP21Q37_W82,2,"0.827828,0.172172"
AGExPOLPARTY,AGExPOLPARTY :: 50-64 | Other,GAP21Q37_W82,2,"0.754915,0.245085"
AGExPOLPARTY,AGExPOLPARTY :: 50-64 | Republican,GAP21Q37_W82,2,"0.812867,0.187133"
AGExPOLPARTY,AGExPOLPARTY :: 65+ | Democrat,GAP21Q37_W82,2,"0.832237,0.167763"
AGExPOLPARTY,AGExPOLPARTY :: 65+ | Independent,GAP21Q37_W82,2,"0.809276,0.190724"
AGExPOLPARTY,AGExPOLPARTY :: 65+ | Republican,GAP21Q37_W82,2,"0.785309,0.214691"
AGExPOLPARTY,AGExPOLPARTY :: 18-29 | Democrat,GAP21Q43_b_W82,4,"0.494108,0.222712,0.169430,0.113750"
AGExPOLPARTY,AGExPOLPARTY :: 18-29 | Independent,GAP21Q43_b_W82,4,"0.469293,0.228715,0.195630,0.106362"
AGExPOLPARTY,AGExPOLPARTY :: 18-29 | Other,GAP21Q43_b_W82,4,"0.435051,0.245956,0.205504,0.113490"
AGExPOLPARTY,AGExPOLPARTY :: 18-29 | Republican,GAP21Q43_b_W82,4,"0.531817,0.209896,0.147680,0.110607"
AGExPOLPARTY,AGExPOLPARTY :: 30-49 | Democrat,GAP21Q43_b_W82,4,"0.478933,0.235244,0.184645,0.101177"
AGExPOLPARTY,AGExPOLPARTY :: 30-49 | Independent,GAP21Q43_b_W82,4,"0.483495,0.235637,0.186404,0.094465"
AGExPOLPARTY,AGExPOLPARTY :: 30-49 | Other,GAP21Q43_b_W82,4,"0.441822,0.251743,0.207078,0.099357"
AGExPOLPARTY,AGExPOLPARTY :: 30-49 | Republican,GAP21Q43_b_W82,4,"0.539448,0.212908,0.148633,0.099011"
AGExPOLPARTY,AGExPOLPARTY :: 50-64 | Democrat,GAP21Q43_b_W82,4,"0.462838,0.243899,0.179840,0.113423"
AGExPOLPARTY,AGExPOLPARTY :: 50-64 | Independent,GAP21Q43_b_W82,4,"0.470260,0.240185,0.187056,0.102498"
AGExPOLPARTY,AGExPOLPARTY :: 50-64 | Other,GAP21Q43_b_W82,4,"0.444412,0.249293,0.195672,0.110623"
AGExPOLPARTY,AGExPOLPARTY :: 50-64 | Republican,GAP21Q43_b_W82,4,"0.532800,0.215271,0.144526,0.107403"
AGExPOLPARTY,AGExPOLPARTY :: 65+ | Democrat,GAP21Q43_b_W82,4,"0.486168,0.222584,0.165410,0.125838"
AGExPOLPARTY,AGExPOLPARTY :: 65+ | Independent,GAP21Q43_b_W82,4,"0.475363,0.226307,0.176248,0.122083"
AGExPOLPARTY,AGExPOLPARTY :: 65+ | Republican,GAP21Q43_b_W82,4,"0.534296,0.196557,0.136151,0.132997"
AGExPOLPARTY,AGExPOLPARTY :: 18-29 | Democrat,GAP21Q43_d_W82,4,"0.462601,0.232610,0.186908,0.117881"
AGExPOLPARTY,AGExPOLPARTY :: 18-29 | Independent,GAP21Q43_d_W82,4,"0.390301,0.251997,0.234887,0.122814"
AGExPOLPARTY,AGExPOLPARTY :: 18-29 | Other,GAP21Q43_d_W82,4,"0.368600,0.261377,0.243630,0.126393"
AGExPOLPARTY,AGExPOLPARTY :: 18-29 | Republican,GAP21Q43_d_W82,4,"0.439225,0.242563,0.190390,0.127822"
AGExPOLPARTY,AGExPOLPARTY :: 30-49 | Democrat,GAP21Q43_d_W82,4,"0.397581,0.262785,0.223023,0.116610"
AGExPOLPARTY,AGExPOLPARTY :: 30-49 | Independent,GAP21Q43_d_W82,4,"0.383996,0.265986,0.232905,0.117112"
AGExPOLPARTY,AGExPOLPARTY :: 30-49 | Other,GAP21Q43_d_W82,4,"0.350782,0.275332,0.252659,0.121227"
AGExPOLPARTY,AGExPOLPARTY :: 30-49 | Republican,GAP21Q43_d_W82,4,"0.424298,0.253360,0.198864,0.123478"
AGExPOLPARTY,AGExPOLPARTY :: 50-64 | Democrat,GAP21Q43_d_W82,4,"0.378907,0.268685,0.224495,0.127913"
AGExPOLPARTY,AGExPOLPARTY :: 50-64 | Independent,GAP21Q43_d_W82,4,"0.363348,0.270017,0.242042,0.124593"
AGExPOLPARTY,AGExPOLPARTY :: 50-64 | Other,GAP21Q43_d_W82,4,"0.358350,0.270497,0.244374,0.126779"
AGExPOLPARTY,AGExPOLPARTY :: 50-64 | Republican,GAP21Q43_d_W82,4,"0.426669,0.248874,0.195343,0.129114"
AGExPOLPARTY,AGExPOLPARTY :: 65+ | Democrat,GAP21Q43_d_W82,4,"0.400150,0.248459,0.207595,0.143797"
AGExPOLPARTY,AGExPOLPARTY :: 65+ | Independent,GAP21Q43_d_W82,4,"0.370638,0.254736,0.228344,0.146282"
AGExPOLPARTY,AGExPOLPARTY :: 65+ | Republican,GAP21Q43_d_W82,4,"0.437493,0.226968,0.179547,0.155993"
AGExPOLPARTY,AGExPOLPARTY :: 18-29 | Democrat,GAP21Q47_W82,4,"0.207599,0.168118,0.220988,0.403295"
AGExPOLPARTY,AGExPOLPARTY :: 18-29 | Independent,GAP21Q47_W82,4,"0.173537,0.148434,0.283888,0.394140"
AGExPOLPARTY,AGExPOLPARTY :: 18-29 | Other,GAP21Q47_W82,4,"0.177306,0.165267,0.299260,0.358167"
AGExPOLPARTY,AGExPOLPARTY :: 18-29 | Republican,GAP21Q47_W82,4,"0.216946,0.165044,0.222091,0.395920"
AGExPOLPARTY,AGExPOLPARTY :: 30-49 | Democrat,GAP21Q47_W82,4,"0.194502,0.182718,0.253679,0.369101"
AGExPOLPARTY,AGExPOLPARTY :: 30-49 | Independent,GAP21Q47_W82,4,"0.190258,0.164013,0.278996,0.366733"
AGExPOLPARTY,AGExPOLPARTY :: 30-49 | Other,GAP21Q47_W82,4,"0.188519,0.179886,0.308397,0.323197"
AGExPOLPARTY,AGExPOLPARTY :: 30-49 | Republican,GAP21Q47_W82,4,"0.232124,0.175217,0.230318,0.362341"
AGExPOLPARTY,AGExPOLPARTY :: 50-64 | Democrat,GAP21Q47_W82,4,"0.185550,0.187005,0.249685,0.377761"
AGExPOLPARTY,AGExPOLPARTY :: 50-64 | Independent,GAP21Q47_W82,4,"0.184734,0.161758,0.286121,0.367387"
AGExPOLPARTY,AGExPOLPARTY :: 50-64 | Other,GAP21Q47_W82,4,"0.182320,0.172617,0.293632,0.351431"
AGExPOLPARTY,AGExPOLPARTY :: 50-64 | Republican,GAP21Q47_W82,4,"0.220443,0.177131,0.227440,0.374986"
AGExPOLPARTY,AGExPOLPARTY :: 65+ | Democrat,GAP21Q47_W82,4,"0.191871,0.174700,0.220842,0.412587"
AGExPOLPARTY,AGExPOLPARTY :: 65+ | Independent,GAP21Q47_W82,4,"0.189726,0.154850,0.247449,0.407975"
AGExPOLPARTY,AGExPOLPARTY :: 65+ | Republican,GAP21Q47_W82,4,"0.225755,0.161340,0.197678,0.415227"
AGExPOLPARTY,AGExPOLPARTY :: 18-29 | Democrat,GAP21Q4_a_W82,4,"0.436832,0.327172,0.148625,0.087372"
AGExPOLPARTY,AGExPOLPARTY :: 18-29 | Independent,GAP21Q4_a_W82,4,"0.413973,0.343196,0.154691,0.088140"
AGExPOLPARTY,AGExPOLPARTY :: 18-29 | Other,GAP21Q4_a_W82,4,"0.348105,0.379343,0.169653,0.102900"
AGExPOLPARTY,AGExPOLPARTY :: 18-29 | Republican,GAP21Q4_a_W82,4,"0.468129,0.334556,0.112062,0.085253"
AGExPOLPARTY,AGExPOLPARTY :: 30-49 | Democrat,GAP21Q4_a_W82,4,"0.394983,0.345859,0.160839,0.098319"
AGExPOLPARTY,AGExPOLPARTY :: 30-49 | Independent,GAP21Q4_a_W82,4,"0.376699,0.373768,0.160756,0.088778"
AGExPOLPARTY,AGExPOLPARTY :: 30-49 | Other,GAP21Q4_a_W82,4,"0.317420,0.385884,0.189540,0.107156"
AGExPOLPARTY,AGExPOLPARTY :: 30-49 | Republican,GAP21Q4_a_W82,4,"0.423878,0.354163,0.130289,0.091670"
AGExPOLPARTY,AGExPOLPARTY :: 50-64 | Democrat,GAP21Q4_a_W82,4,"0.387723,0.347553,0.160369,0.104354"
AGExPOLPARTY,AGExPOLPARTY :: 50-64 | Independent,GAP21Q4_a_W82,4,"0.382692,0.356708,0.164594,0.096007"
AGExPOLPARTY,AGExPOLPARTY :: 50-64 | Other,GAP21Q4_a_W82,4,"0.322992,0.383563,0.186934,0.106512"
AGExPOLPARTY,AGExPOLPARTY :: 50-64 | Republican,GAP21Q4_a_W82,4,"0.421247,0.349226,0.132551,0.096976"
AGExPOLPARTY,AGExPOLPARTY :: 65+ | Democrat,GAP21Q4_a_W82,4,"0.391673,0.314718,0.158250,0.135359"
AGExPOLPARTY,AGExPOLPARTY :: 65+ | Independent,GAP21Q4_a_W82,4,"0.380153,0.330283,0.162229,0.127335"
AGExPOLPARTY,AGExPOLPARTY :: 65+ | Republican,GAP21Q4_a_W82,4,"0.418528,0.308603,0.133770,0.139098"
AGExPOLPARTY,AGExPOLPARTY :: 18-29 | Democrat,GIRLSF2A_W29,3,"0.211867,0.310683,0.477450"
AGExPOLPARTY,AGExPOLPARTY :: 18-29 | Independent,GIRLSF2A_W29,3,"0.194191,0.265427,0.540383"
AGExPOLPARTY,AGExPOLPARTY :: 18-29 | Other,GIRLSF2A_W29,3,"0.204746,0.300241,0.495013"
AGExPOLPARTY,AGExPOLPARTY :: 18-29 | Republican,GIRLSF2A_W29,3,"0.206159,0.279592,0.514249"
AGExPOLPARTY,AGExPOLPARTY :: 30-49 | Democrat,GIRLSF2A_W29,3,"0.211527,0.340670,0.447803"
AGExPOLPARTY,AGExPOLPARTY :: 30-49 | Independent,GIRLSF2A_W29,3,"0.204698,0.288670,0.506632"
AGExPOLPARTY,AGExPOLPARTY :: 30-49 | Other,GIRLSF2A_W29,3,"0.213610,0.301238,0.485152"
AGExPOLPARTY,AGExPOLPARTY :: 30-49 | Republican,GIRLSF2A_W29,3,"0.216741,0.287135,0.496124"
AGExPOLPARTY,AGExPOLPARTY :: 50-64 | Democrat,GIRLSF2A_W29,3,"0.210398,0.344189,0.445413"
AGExPOLPARTY,AGExPOLPARTY :: 50-64 | Independent,GIRLSF2A_W29,3,"0.208272,0.280261,0.511467"
AGExPOLPARTY,AGExPOLPARTY :: 50-64 | Other,GIRLSF2A_W29,3,"0.214112,0.299596,0.486292"
AGExPOLPARTY,AGExPOLPARTY :: 50-64 | Republican,GIRLSF2A_W29,3,"0.213267,0.286982,0.499750"
AGExPOLPARTY,AGExPOLPARTY :: 65+ | Democrat,GIRLSF2A_W29,3,"0.221324,0.324550,0.454127"
AGExPOLPARTY,AGExPOLPARTY :: 65+ | Independent,GIRLSF2A_W29,3,"0.210583,0.264131,0.525286"
AGExPOLPARTY,AGExPOLPARTY :: 65+ | Other,GIRLSF2A_W29,3,"0.223802,0.287368,0.488830"
AGExPOLPARTY,AGExPOLPARTY :: 65+ | Republican,GIRLSF2A_W29,3,"0.217594,0.260426,0.521980"
AGExPOLPARTY,AGExPOLPARTY :: 18-29 | Democrat,GIRLSF2D_W29,3,"0.225154,0.230493,0.544353"
AGExPOLPARTY,AGExPOLPARTY :: 18-29 | Independent,GIRLSF2D_W29,3,"0.199218,0.187148,0.613634"
AGExPOLPARTY,AGExPOLPARTY :: 18-29 | Other,GIRLSF2D_W29,3,"0.214870,0.223429,0.561701"
AGExPOLPARTY,AGExPOLPARTY :: 18-29 | Republican,GIRLSF2D_W29,3,"0.215030,0.191252,0.593718"
AGExPOLPARTY,AGExPOLPARTY :: 30-49 | Democrat,GIRLSF2D_W29,3,"0.232570,0.259451,0.507979"
AGExPOLPARTY,AGExPOLPARTY :: 30-49 | Independent,GIRLSF2D_W29,3,"0.214808,0.214808,0.570383"
AGExPOLPARTY,AGExPOLPARTY :: 30-49 | Other,GIRLSF2D_W29,3,"0.225291,0.234265,0.540444"
AGExPOLPARTY,AGExPOLPARTY :: 30-49 | Republican,GIRLSF2D_W29,3,"0.231043,0.210367,0.558590"
AGExPOLPARTY,AGExPOLPARTY :: 50-64 | Democrat,GIRLSF2D_W29,3,"0.228422,0.256822,0.514757"
AGExPOLPARTY,AGExPOLPARTY :: 50-64 | Independent,GIRLSF2D_W29,3,"0.211740,0.203628,0.584632"
AGExPOLPARTY,AGExPOLPARTY :: 50-64 | Other,GIRLSF2D_W29,3,"0.222679,0.226186,0.551136"
AGExPOLPARTY,AGExPOLPARTY :: 50-64 | Republican,GIRLSF2D_W29,3,"0.221305,0.204674,0.574021"
AGExPOLPARTY,AGExPOLPARTY :: 65+ | Democrat,GIRLSF2D_W29,3,"0.239066,0.242830,0.518104"
AGExPOLPARTY,AGExPOLPARTY :: 65+ | Independent,GIRLSF2D_W29,3,"0.215703,0.193355,0.590941"
AGExPOLPARTY,AGExPOLPARTY :: 65+ | Other,GIRLSF2D_W29,3,"0.233684,0.222983,0.543332"
AGExPOLPARTY,AGExPOLPARTY :: 65+ | Republican,GIRLSF2D_W29,3,"0.227136,0.188302,0.584561"
AGExPOLPARTY,AGExPOLPARTY :: 18-29 | Democrat,GODMORALIMP_W92,4,"0.398489,0.312778,0.175452,0.113281"
AGExPOLPARTY,AGExPOLPARTY :: 18-29 | Independent,GODMORALIMP_W92,4,"0.360409,0.341228,0.188444,0.109919"
AGExPOLPARTY,AGExPOLPARTY :: 18-29 | Other,GODMORALIMP_W92,4,"0.337930,0.332690,0.209825,0.119555"
AGExPOLPARTY,AGExPOLPARTY :: 18-29 | Republican,GODMORALIMP_W92,4,"0.430631,0.295968,0.154750,0.118651"
AGExPOLPARTY,AGExPOLPARTY :: 30-49 | Democrat,GODMORALIMP_W92,4,"0.373443,0.321928,0.190736,0.113894"
AGExPOLPARTY,AGExPOLPARTY :: 30-49 | Independent,GODMORALIMP_W92,4,"0.377170,0.351561,0.179560,0.091710"
AGExPOLPARTY,AGExPOLPARTY :: 30-49 | Other,GODMORALIMP_W92,4,"0.333379,0.343962,0.216934,0.105725"
AGExPOLPARTY,AGExPOLPARTY :: 30-49 | Republican,GODMORALIMP_W92,4,"0.430328,0.307542,0.158309,0.103821"
AGExPOLPARTY,AGExPOLPARTY :: 50-64 | Democrat,GODMORALIMP_W92,4,"0.354340,0.320120,0.194163,0.131377"
AGExPOLPARTY,AGExPOLPARTY :: 50-64 | Independent,GODMORALIMP_W92,4,"0.352374,0.338875,0.196126,0.112626"
AGExPOLPARTY,AGExPOLPARTY :: 50-64 | Other,GODMORALIMP_W92,4,"0.347674,0.329171,0.207605,0.115550"
AGExPOLPARTY,AGExPOLPARTY :: 50-64 | Refused,GODMORALIMP_W92,4,"0.341350,0.315697,0.191480,0.151473"
AGExPOLPARTY,AGExPOLPARTY :: 50-64 | Republican,GODMORALIMP_W92,4,"0.426081,0.295137,0.160463,0.118318"
AGExPOLPARTY,AGExPOLPARTY :: 65+ | Democrat,GODMORALIMP_W92,4,"0.367651,0.295416,0.184866,0.152067"
AGExPOLPARTY,AGExPOLPARTY :: 65+ | Independent,GODMORALIMP_W92,4,"0.359352,0.317127,0.184979,0.138543"
AGExPOLPARTY,AGExPOLPARTY :: 65+ | Other,GODMORALIMP_W92,4,"0.339839,0.304630,0.209369,0.146163"
AGExPOLPARTY,AGExPOLPARTY :: 65+ | Republican,GODMORALIMP_W92,4,"0.435333,0.266114,0.149276,0.149276"
AGExPOLPARTY,AGExPOLPARTY :: 18-29 | Independent,GOPDIRCT_W29,4,"0.263279,0.280259,0.325107,0.131355"
AGExPOLPARTY,AGExPOLPARTY :: 18-29 | Other,GOPDIRCT_W29,4,"0.237589,0.262988,0.348402,0.151021"
AGExPOLPARTY,AGExPOLPARTY :: 18-29 | Republican,GOPDIRCT_W29,4,"0.361416,0.290406,0.226169,0.122009"
AGExPOLPARTY,AGExPOLPARTY :: 30-49 | Independent,GOPDIRCT_W29,4,"0.271811,0.310418,0.300867,0.116904"
AGExPOLPARTY,AGExPOLPARTY :: 30-49 | Other,GOPDIRCT_W29,4,"0.244222,0.285525,0.336430,0.133823"
AGExPOLPARTY,AGExPOLPARTY :: 30-49 | Republican,GOPDIRCT_W29,4,"0.373352,0.297662,0.219482,0.109504"
AGExPOLPARTY,AGExPOLPARTY :: 50-64 | Independent,GOPDIRCT_W29,4,"0.259174,0.291397,0.325077,0.124353"
AGExPOLPARTY,AGExPOLPARTY :: 50-64 | Other,GOPDIRCT_W29,4,"0.240225,0.283054,0.338771,0.137950"
AGExPOLPARTY,AGExPOLPARTY :: 50-64 | Republican,GOPDIRCT_W29,4,"0.356306,0.302393,0.224719,0.116583"
AGExPOLPARTY,AGExPOLPARTY :: 65+ | Independent,GOPDIRCT_W29,4,"0.253702,0.247825,0.315738,0.182735"
AGExPOLPARTY,AGExPOLPARTY :: 65+ | Other,GOPDIRCT_W29,4,"0.237113,0.237113,0.329199,0.196574"
AGExPOLPARTY,AGExPOLPARTY :: 65+ | Republican,GOPDIRCT_W29,4,"0.340771,0.245448,0.234208,0.179574"
AGExPOLPARTY,AGExPOLPARTY :: 18-29 | Democrat,GOVPRIORITYa_W54,4,"0.867514,0.068482,0.038415,0.025590"
AGExPOLPARTY,AGExPOLPARTY :: 18-29 | Independent,GOVPRIORITYa_W54,4,"0.888832,0.060015,0.030893,0.020260"
AGExPOLPARTY,AGExPOLPARTY :: 18-29 | Other,GOVPRIORITYa_W54,4,"0.833628,0.080628,0.055850,0.029894"
AGExPOLPARTY,AGExPOLPARTY :: 18-29 | Republican,GOVPRIORITYa_W54,4,"0.899656,0.049968,0.026956,0.023420"
AGExPOLPARTY,AGExPOLPARTY :: 30-49 | Democrat,GOVPRIORITYa_W54,4,"0.836197,0.088826,0.046808,0.028169"
AGExPOLPARTY,AGExPOLPARTY :: 30-49 | Independent,GOVPRIORITYa_W54,4,"0.878593,0.071001,0.030064,0.020342"
AGExPOLPARTY,AGExPOLPARTY :: 30-49 | Other,GOVPRIORITYa_W54,4,"0.810986,0.098384,0.059673,0.030958"
AGExPOLPARTY,AGExPOLPARTY :: 30-49 | Refused,GOVPRIORITYa_W54,4,"0.833758,0.081911,0.042495,0.041836"
AGExPOLPARTY,AGExPOLPARTY :: 30-49 | Republican,GOVPRIORITYa_W54,4,"0.883959,0.062550,0.028415,0.025076"
AGExPOLPARTY,AGExPOLPARTY :: 50-64 | Democrat,GOVPRIORITYa_W54,4,"0.818384,0.095478,0.053141,0.032996"
AGExPOLPARTY,AGExPOLPARTY :: 50-64 | Independent,GOVPRIORITYa_W54,4,"0.856717,0.079067,0.039141,0.025075"
AGExPOLPARTY,AGExPOLPARTY :: 50-64 | Other,GOVPRIORITYa_W54,4,"0.810808,0.093858,0.061074,0.034260"
AGExPOLPARTY,AGExPOLPARTY :: 50-64 | Republican,GOVPRIORITYa_W54,4,"0.873353,0.065274,0.033079,0.028294"
AGExPOLPARTY,AGExPOLPARTY :: 65+ | Democrat,GOVPRIORITYa_W54,4,"0.823907,0.082218,0.049868,0.044008"
AGExPOLPARTY,AGExPOLPARTY :: 65+ | Independent,GOVPRIORITYa_W54,4,"0.849353,0.076571,0.037906,0.036170"
AGExPOLPARTY,AGExPOLPARTY :: 65+ | Other,GOVPRIORITYa_W54,4,"0.780692,0.097715,0.069290,0.052303"
AGExPOLPARTY,AGExPOLPARTY :: 65+ | Republican,GOVPRIORITYa_W54,4,"0.858762,0.061724,0.034355,0.045159"
AGExPOLPARTY,AGExPOLPARTY :: 18-29 | Democrat,GOVPRIORITYb_W54,4,"0.700017,0.122599,0.100062,0.077322"
AGExPOLPARTY,AGExPOLPARTY :: 18-29 | Independent,GOVPRIORITYb_W54,4,"0.719707,0.122169,0.092218,0.065905"
AGExPOLPARTY,AGExPOLPARTY :: 18-29 | Other,GOVPRIORITYb_W54,4,"0.656978,0.132434,0.124411,0.086177"
AGExPOLPARTY,AGExPOLPARTY :: 18-29 | Republican,GOVPRIORITYb_W54,4,"0.787427,0.079194,0.066169,0.067211"
AGExPOLPARTY,AGExPOLPARTY :: 30-49 | Democrat,GOVPRIORITYb_W54,4,"0.660595,0.146252,0.113014,0.080139"
AGExPOLPARTY,AGExPOLPARTY :: 30-49 | Independent,GOVPRIORITYb_W54,4,"0.714346,0.132141,0.090112,0.063402"
AGExPOLPARTY,AGExPOLPARTY :: 30-49 | Other,GOVPRIORITYb_W54,4,"0.643082,0.146894,0.127624,0.082400"
AGExPOLPARTY,AGExPOLPARTY :: 30-49 | Refused,GOVPRIORITYb_W54,4,"0.656000,0.132237,0.102987,0.108776"
AGExPOLPARTY,AGExPOLPARTY :: 30-49 | Republican,GOVPRIORITYb_W54,4,"0.784805,0.085344,0.064926,0.064926"
AGExPOLPARTY,AGExPOLPARTY :: 50-64 | Democrat,GOVPRIORITYb_W54,4,"0.638037,0.152736,0.118025,0.091203"
AGExPOLPARTY,AGExPOLPARTY :: 50-64 | Independent,GOVPRIORITYb_W54,4,"0.696050,0.135994,0.097953,0.070004"
AGExPOLPARTY,AGExPOLPARTY :: 50-64 | Other,GOVPRIORITYb_W54,4,"0.646262,0.140860,0.123341,0.089536"
AGExPOLPARTY,AGExPOLPARTY :: 50-64 | Republican,GOVPRIORITYb_W54,4,"0.774945,0.086946,0.068245,0.069863"
AGExPOLPARTY,AGExPOLPARTY :: 65+ | Democrat,GOVPRIORITYb_W54,4,"0.625864,0.140745,0.114872,0.118519"
AGExPOLPARTY,AGExPOLPARTY :: 65+ | Independent,GOVPRIORITYb_W54,4,"0.660527,0.138454,0.101295,0.099725"
AGExPOLPARTY,AGExPOLPARTY :: 65+ | Other,GOVPRIORITYb_W54,4,"0.597231,0.145219,0.134305,0.123245"
AGExPOLPARTY,AGExPOLPARTY :: 65+ | Republican,GOVPRIORITYb_W54,4,"0.729338,0.089173,0.073927,0.107563"
AGExPOLPARTY,AGExPOLPARTY :: 18-29 | Democrat,GOVPRIORITYc_W54,4,"0.892943,0.046591,0.035722,0.024744"
AGExPOLPARTY,AGExPOLPARTY :: 18-29 | Independent,GOVPRIORITYc_W54,4,"0.910212,0.040940,0.028581,0.020267"
AGExPOLPARTY,AGExPOLPARTY :: 18-29 | Other,GOVPRIORITYc_W54,4,"0.870713,0.049896,0.050287,0.029104"
AGExPOLPARTY,AGExPOLPARTY :: 18-29 | Republican,GOVPRIORITYc_W54,4,"0.921639,0.031784,0.024561,0.022016"
AGExPOLPARTY,AGExPOLPARTY :: 30-49 | Democrat,GOVPRIORITYc_W54,4,"0.864410,0.062130,0.045456,0.028004"
AGExPOLPARTY,AGExPOLPARTY :: 30-49 | Independent,GOVPRIORITYc_W54,4,"0.896196,0.052165,0.029723,0.021916"
AGExPOLPARTY,AGExPOLPARTY :: 30-49 | Other,GOVPRIORITYc_W54,4,"0.843418,0.067628,0.056505,0.032448"
AGExPOLPARTY,AGExPOLPARTY :: 30-49 | Refused,GOVPRIORITYc_W54,4,"0.859705,0.057597,0.039896,0.042802"
AGExPOLPARTY,AGExPOLPARTY :: 30-49 | Republican,GOVPRIORITYc_W54,4,"0.902019,0.043869,0.028324,0.025789"
AGExPOLPARTY,AGExPOLPARTY :: 50-64 | Democrat,GOVPRIORITYc_W54,4,"0.853555,0.064294,0.050073,0.032078"
AGExPOLPARTY,AGExPOLPARTY :: 50-64 | Independent,GOVPRIORITYc_W54,4,"0.879706,0.056679,0.037462,0.026153"
AGExPOLPARTY,AGExPOLPARTY :: 50-64 | Other,GOVPRIORITYc_W54,4,"0.844462,0.063114,0.057019,0.035404"
AGExPOLPARTY,AGExPOLPARTY :: 50-64 | Republican,GOVPRIORITYc_W54,4,"0.894508,0.044884,0.032077,0.028530"
AGExPOLPARTY,AGExPOLPARTY :: 65+ | Democrat,GOVPRIORITYc_W54,4,"0.860671,0.054168,0.044907,0.040254"
AGExPOLPARTY,AGExPOLPARTY :: 65+ | Independent,GOVPRIORITYc_W54,4,"0.874697,0.054197,0.034720,0.036386"
AGExPOLPARTY,AGExPOLPARTY :: 65+ | Other,GOVPRIORITYc_W54,4,"0.819588,0.065717,0.062708,0.051987"
AGExPOLPARTY,AGExPOLPARTY :: 65+ | Republican,GOVPRIORITYc_W54,4,"0.884329,0.041685,0.030978,0.043008"
AGExPOLPARTY,AGExPOLPARTY :: 18-29 | Democrat,GOVPRIORITYf_W54,4,"0.853754,0.065322,0.045960,0.034964"
AGExPOLPARTY,AGExPOLPARTY :: 18-29 | Independent,GOVPRIORITYf_W54,4,"0.862053,0.066474,0.041275,0.030197"
AGExPOLPARTY,AGExPOLPARTY :: 18-29 | Other,GOVPRIORITYf_W54,4,"0.808741,0.081337,0.066385,0.043537"
AGExPOLPARTY,AGExPOLPARTY :: 18-29 | Republican,GOVPRIORITYf_W54,4,"0.880792,0.052484,0.033623,0.033101"
AGExPOLPARTY,AGExPOLPARTY :: 30-49 | Democrat,GOVPRIORITYf_W54,4,"0.817014,0.088155,0.056917,0.037915"
AGExPOLPARTY,AGExPOLPARTY :: 30-49 | Independent,GOVPRIORITYf_W54,4,"0.839062,0.085049,0.043100,0.032789"
AGExPOLPARTY,AGExPOLPARTY :: 30-49 | Other,GOVPRIORITYf_W54,4,"0.767939,0.108069,0.076036,0.047955"
AGExPOLPARTY,AGExPOLPARTY :: 30-49 | Refused,GOVPRIORITYf_W54,4,"0.783957,0.095105,0.059052,0.061886"
AGExPOLPARTY,AGExPOLPARTY :: 30-49 | Republican,GOVPRIORITYf_W54,4,"0.851317,0.072099,0.038592,0.037993"
AGExPOLPARTY,AGExPOLPARTY :: 50-64 | Democrat,GOVPRIORITYf_W54,4,"0.802340,0.092878,0.060911,0.043872"
AGExPOLPARTY,AGExPOLPARTY :: 50-64 | Independent,GOVPRIORITYf_W54,4,"0.822103,0.089400,0.050938,0.037560"
AGExPOLPARTY,AGExPOLPARTY :: 50-64 | Other,GOVPRIORITYf_W54,4,"0.775743,0.099398,0.073292,0.051567"
AGExPOLPARTY,AGExPOLPARTY :: 50-64 | Republican,GOVPRIORITYf_W54,4,"0.844553,0.072652,0.041721,0.041074"
AGExPOLPARTY,AGExPOLPARTY :: 65+ | Democrat,GOVPRIORITYf_W54,4,"0.803851,0.081479,0.058231,0.056439"
AGExPOLPARTY,AGExPOLPARTY :: 65+ | Independent,GOVPRIORITYf_W54,4,"0.805100,0.090330,0.051468,0.053102"
AGExPOLPARTY,AGExPOLPARTY :: 65+ | Other,GOVPRIORITYf_W54,4,"0.734103,0.106587,0.084317,0.074993"
AGExPOLPARTY,AGExPOLPARTY :: 65+ | Republican,GOVPRIORITYf_W54,4,"0.821692,0.071240,0.043209,0.063859"
AGExPOLPARTY,AGExPOLPARTY :: 18-29 | Democrat,GOVPRIOb_W41,4,"0.734600,0.182856,0.057990,0.024554"
AGExPOLPARTY,AGExPOLPARTY :: 18-29 | Independent,GOVPRIOb_W41,4,"0.727540,0.191279,0.058337,0.022845"
AGExPOLPARTY,AGExPOLPARTY :: 18-29 | Other,GOVPRIOb_W41,4,"0.650480,0.239298,0.081417,0.028804"
AGExPOLPARTY,AGExPOLPARTY :: 18-29 | Republican,GOVPRIOb_W41,4,"0.733180,0.195797,0.048358,0.022665"
AGExPOLPARTY,AGExPOLPARTY :: 30-49 | Democrat,GOVPRIOb_W41,4,"0.683111,0.218335,0.071439,0.027115"
AGExPOLPARTY,AGExPOLPARTY :: 30-49 | Independent,GOVPRIOb_W41,4,"0.707619,0.210812,0.059000,0.022569"
AGExPOLPARTY,AGExPOLPARTY :: 30-49 | Other,GOVPRIOb_W41,4,"0.621665,0.257132,0.090970,0.030234"
AGExPOLPARTY,AGExPOLPARTY :: 30-49 | Republican,GOVPRIOb_W41,4,"0.708636,0.212771,0.053378,0.025214"
AGExPOLPARTY,AGExPOLPARTY :: 50-64 | Democrat,GOVPRIOb_W41,4,"0.665305,0.233544,0.071227,0.029925"
AGExPOLPARTY,AGExPOLPARTY :: 50-64 | Independent,GOVPRIOb_W41,4,"0.684577,0.223993,0.064678,0.026752"
AGExPOLPARTY,AGExPOLPARTY :: 50-64 | Other,GOVPRIOb_W41,4,"0.622569,0.257506,0.086930,0.032995"
AGExPOLPARTY,AGExPOLPARTY :: 50-64 | Republican,GOVPRIOb_W41,4,"0.686622,0.229990,0.055488,0.027901"
AGExPOLPARTY,AGExPOLPARTY :: 65+ | Democrat,GOVPRIOb_W41,4,"0.666768,0.223339,0.071384,0.038509"
AGExPOLPARTY,AGExPOLPARTY :: 65+ | Independent,GOVPRIOb_W41,4,"0.665056,0.231640,0.066366,0.036938"
AGExPOLPARTY,AGExPOLPARTY :: 65+ | Republican,GOVPRIOb_W41,4,"0.670990,0.230083,0.058630,0.040296"
AGExPOLPARTY,AGExPOLPARTY :: 18-29 | Democrat,GOVPRIOjF1_W41,4,"0.347228,0.240518,0.218994,0.193261"
AGExPOLPARTY,AGExPOLPARTY :: 18-29 | Independent,GOVPRIOjF1_W41,4,"0.338103,0.249302,0.228772,0.183823"
AGExPOLPARTY,AGExPOLPARTY :: 18-29 | Other,GOVPRIOjF1_W41,4,"0.309077,0.256234,0.235134,0.199555"
AGExPOLPARTY,AGExPOLPARTY :: 18-29 | Republican,GOVPRIOjF1_W41,4,"0.361792,0.235423,0.198246,0.204539"
AGExPOLPARTY,AGExPOLPARTY :: 30-49 | Democrat,GOVPRIOjF1_W41,4,"0.309914,0.263020,0.237619,0.189447"
AGExPOLPARTY,AGExPOLPARTY :: 30-49 | Independent,GOVPRIOjF1_W41,4,"0.338565,0.261623,0.225533,0.174278"
AGExPOLPARTY,AGExPOLPARTY :: 30-49 | Other,GOVPRIOjF1_W41,4,"0.307194,0.271097,0.241119,0.180590"
AGExPOLPARTY,AGExPOLPARTY :: 30-49 | Republican,GOVPRIOjF1_W41,4,"0.365754,0.245556,0.200417,0.188274"
AGExPOLPARTY,AGExPOLPARTY :: 50-64 | Democrat,GOVPRIOjF1_W41,4,"0.295546,0.258789,0.239341,0.206324"
AGExPOLPARTY,AGExPOLPARTY :: 50-64 | Independent,GOVPRIOjF1_W41,4,"0.319147,0.256441,0.235324,0.189088"
AGExPOLPARTY,AGExPOLPARTY :: 50-64 | Other,GOVPRIOjF1_W41,4,"0.304571,0.258486,0.237200,0.199743"
AGExPOLPARTY,AGExPOLPARTY :: 50-64 | Republican,GOVPRIOjF1_W41,4,"0.354306,0.243511,0.201877,0.200306"
AGExPOLPARTY,AGExPOLPARTY :: 65+ | Democrat,GOVPRIOjF1_W41,4,"0.299034,0.245979,0.227493,0.227493"
AGExPOLPARTY,AGExPOLPARTY :: 65+ | Independent,GOVPRIOjF1_W41,4,"0.315304,0.249426,0.223584,0.211685"
AGExPOLPARTY,AGExPOLPARTY :: 65+ | Republican,GOVPRIOjF1_W41,4,"0.350840,0.231891,0.190749,0.226520"
AGExPOLPARTY,AGExPOLPARTY :: 18-29 | Democrat,GOVRESP_c_W54,2,"0.790530,0.209470"
AGExPOLPARTY,AGExPOLPARTY :: 18-29 | Independent,GOVRESP_c_W54,2,"0.777300,0.222700"
AGExPOLPARTY,AGExPOLPARTY :: 18-29 | Other,GOVRESP_c_W54,2,"0.723310,0.276691"
AGExPOLPARTY,AGExPOLPARTY :: 18-29 | Republican,GOVRESP_c_W54,2,"0.753467,0.246533"
AGExPOLPARTY,AGExPOLPARTY :: 30-49 | Democrat,GOVRESP_c_W54,2,"0.756358,0.243642"
AGExPOLPARTY,AGExPOLPARTY :: 30-49 | Independent,GOVRESP_c_W54,2,"0.744656,0.255344"
AGExPOLPARTY,AGExPOLPARTY :: 30-49 | Other,GOVRESP_c_W54,2,"0.689306,0.310694"
AGExPOLPARTY,AGExPOLPARTY :: 30-49 | Refused,GOVRESP_c_W54,2,"0.705785,0.294215"
AGExPOLPARTY,AGExPOLPARTY :: 30-49 | Republican,GOVRESP_c_W54,2,"0.717012,0.282988"
AGExPOLPARTY,AGExPOLPARTY :: 50-64 | Democrat,GOVRESP_c_W54,2,"0.752013,0.247987"
AGExPOLPARTY,AGExPOLPARTY :: 50-64 | Independent,GOVRESP_c_W54,2,"0.732592,0.267408"
AGExPOLPARTY,AGExPOLPARTY :: 50-64 | Other,GOVRESP_c_W54,2,"0.694303,0.305697"
AGExPOLPARTY,AGExPOLPARTY :: 50-64 | Republican,GOVRESP_c_W54,2,"0.718594,0.281406"
AGExPOLPARTY,AGExPOLPARTY :: 65+ | Democrat,GOVRESP_c_W54,2,"0.764892,0.235108"
AGExPOLPARTY,AGExPOLPARTY :: 65+ | Independent,GOVRESP_c_W54,2,"0.737158,0.262842"
AGExPOLPARTY,AGExPOLPARTY :: 65+ | Other,GOVRESP_c_W54,2,"0.689306,0.310694"
AGExPOLPARTY,AGExPOLPARTY :: 65+ | Republican,GOVRESP_c_W54,2,"0.717012,0.282988"
AGExPOLPARTY,AGExPOLPARTY :: 18-29 | Democrat,GOVRESP_g_W54,2,"0.824462,0.175538"
AGExPOLPARTY,AGExPOLPARTY :: 18-29 | Independent,GOVRESP_g_W54,2,"0.806853,0.193147"
AGExPOLPARTY,AGExPOLPARTY :: 18-29 | Other,GOVRESP_g_W54,2,"0.750553,0.249447"
AGExPOLPARTY,AGExPOLPARTY :: 18-29 | Republican,GOVRESP_g_W54,2,"0.794385,0.205615"
AGExPOLPARTY,AGExPOLPARTY :: 30-49 | Democrat,GOVRESP_g_W54,2,"0.783988,0.216012"
AGExPOLPARTY,AGExPOLPARTY :: 30-49 | Independent,GOVRESP_g_W54,2,"0.766294,0.233706"
AGExPOLPARTY,AGExPOLPARTY :: 30-49 | Other,GOVRESP_g_W54,2,"0.705785,0.294215"
AGExPOLPARTY,AGExPOLPARTY :: 30-49 | Refused,GOVRESP_g_W54,2,"0.727975,0.272025"
AGExPOLPARTY,AGExPOLPARTY :: 30-49 | Republican,GOVRESP_g_W54,2,"0.749087,0.250913"
AGExPOLPARTY,AGExPOLPARTY :: 50-64 | Democrat,GOVRESP_g_W54,2,"0.782663,0.217338"
AGExPOLPARTY,AGExPOLPARTY :: 50-64 | Independent,GOVRESP_g_W54,2,"0.752013,0.247987"
AGExPOLPARTY,AGExPOLPARTY :: 50-64 | Other,GOVRESP_g_W54,2,"0.712232,0.287768"
AGExPOLPARTY,AGExPOLPARTY :: 50-64 | Republican,GOVRESP_g_W54,2,"0.747616,0.252384"
AGExPOLPARTY,AGExPOLPARTY :: 65+ | Democrat,GOVRESP_g_W54,2,"0.795658,0.204342"
AGExPOLPARTY,AGExPOLPARTY :: 65+ | Independent,GOVRESP_g_W54,2,"0.759225,0.240775"
AGExPOLPARTY,AGExPOLPARTY :: 65+ | Other,GOVRESP_g_W54,2,"0.707405,0.292595"
AGExPOLPARTY,AGExPOLPARTY :: 65+ | Republican,GOVRESP_g_W54,2,"0.746139,0.253861"
AGExPOLPARTY,AGExPOLPARTY :: 18-29 | Democrat,GOVRESP_h_W54,2,"0.799442,0.200558"
AGExPOLPARTY,AGExPOLPARTY :: 18-29 | Independent,GOVRESP_h_W54,2,"0.779993,0.220007"
AGExPOLPARTY,AGExPOLPARTY :: 18-29 | Other,GOVRESP_h_W54,2,"0.727975,0.272025"
AGExPOLPARTY,AGExPOLPARTY :: 18-29 | Republican,GOVRESP_h_W54,2,"0.763484,0.236516"
AGExPOLPARTY,AGExPOLPARTY :: 30-49 | Democrat,GOVRESP_h_W54,2,"0.759225,0.240775"
AGExPOLPARTY,AGExPOLPARTY :: 30-49 | Independent,GOVRESP_h_W54,2,"0.744656,0.255344"
AGExPOLPARTY,AGExPOLPARTY :: 30-49 | Other,GOVRESP_h_W54,2,"0.689306,0.310694"
AGExPOLPARTY,AGExPOLPARTY :: 30-49 | Refused,GOVRESP_h_W54,2,"0.710628,0.289372"
AGExPOLPARTY,AGExPOLPARTY :: 30-49 | Republican,GOVRESP_h_W54,2,"0.720172,0.279829"
AGExPOLPARTY,AGExPOLPARTY :: 50-64 | Democrat,GOVRESP_h_W54,2,"0.759225,0.240775"
AGExPOLPARTY,AGExPOLPARTY :: 50-64 | Independent,GOVRESP_h_W54,2,"0.732592,0.267408"
AGExPOLPARTY,AGExPOLPARTY :: 50-64 | Other,GOVRESP_h_W54,2,"0.695958,0.304042"
AGExPOLPARTY,AGExPOLPARTY :: 50-64 | Republican,GOVRESP_h_W54,2,"0.721743,0.278257"
AGExPOLPARTY,AGExPOLPARTY :: 65+ | Democrat,GOVRESP_h_W54,2,"0.773216,0.226784"
AGExPOLPARTY,AGExPOLPARTY :: 65+ | Independent,GOVRESP_h_W54,2,"0.737158,0.262842"
AGExPOLPARTY,AGExPOLPARTY :: 65+ | Other,GOVRESP_h_W54,2,"0.692642,0.307358"
AGExPOLPARTY,AGExPOLPARTY :: 65+ | Republican,GOVRESP_h_W54,2,"0.721743,0.278257"
AGExPOLPARTY,AGExPOLPARTY :: 18-29 | Democrat,GOVSIZE2_W92,2,"0.432063,0.567937"
AGExPOLPARTY,AGExPOLPARTY :: 18-29 | Independent,GOVSIZE2_W92,2,"0.397938,0.602062"
AGExPOLPARTY,AGExPOLPARTY :: 18-29 | Other,GOVSIZE2_W92,2,"0.375706,0.624294"
AGExPOLPARTY,AGExPOLPARTY :: 18-29 | Republican,GOVSIZE2_W92,2,"0.392337,0.607663"
AGExPOLPARTY,AGExPOLPARTY :: 30-49 | Democrat,GOVSIZE2_W92,2,"0.403567,0.596433"
AGExPOLPARTY,AGExPOLPARTY :: 30-49 | Independent,GOVSIZE2_W92,2,"0.399812,0.600188"
AGExPOLPARTY,AGExPOLPARTY :: 30-49 | Other,GOVSIZE2_W92,2,"0.383064,0.616936"
AGExPOLPARTY,AGExPOLPARTY :: 30-49 | Republican,GOVSIZE2_W92,2,"0.411111,0.588889"
AGExPOLPARTY,AGExPOLPARTY :: 50-64 | Democrat,GOVSIZE2_W92,2,"0.394201,0.605799"
AGExPOLPARTY,AGExPOLPARTY :: 50-64 | Independent,GOVSIZE2_W92,2,"0.396068,0.603932"
AGExPOLPARTY,AGExPOLPARTY :: 50-64 | Other,GOVSIZE2_W92,2,"0.375706,0.624294"
AGExPOLPARTY,AGExPOLPARTY :: 50-64 | Refused,GOVSIZE2_W92,2,"0.390476,0.609524"
AGExPOLPARTY,AGExPOLPARTY :: 50-64 | Republican,GOVSIZE2_W92,2,"0.396068,0.603932"
AGExPOLPARTY,AGExPOLPARTY :: 65+ | Democrat,GOVSIZE2_W92,2,"0.401688,0.598312"
AGExPOLPARTY,AGExPOLPARTY :: 65+ | Independent,GOVSIZE2_W92,2,"0.390476,0.609524"
AGExPOLPARTY,AGExPOLPARTY :: 65+ | Other,GOVSIZE2_W92,2,"0.379378,0.620622"
AGExPOLPARTY,AGExPOLPARTY :: 65+ | Republican,GOVSIZE2_W92,2,"0.386763,0.613237"
AGExPOLPARTY,AGExPOLPARTY :: 18-29 | Democrat,GOVTHC_W92,2,"0.753467,0.246533"
AGExPOLPARTY,AGExPOLPARTY :: 18-29 | Independent,GOVTHC_W92,2,"0.760651,0.239349"
AGExPOLPARTY,AGExPOLPARTY :: 18-29 | Other,GOVTHC_W92,2,"0.694303,0.305697"
AGExPOLPARTY,AGExPOLPARTY :: 18-29 | Republican,GOVTHC_W92,2,"0.734120,0.265880"
AGExPOLPARTY,AGExPOLPARTY :: 30-49 | Democrat,GOVTHC_W92,2,"0.702530,0.297470"
AGExPOLPARTY,AGExPOLPARTY :: 30-49 | Independent,GOVTHC_W92,2,"0.713831,0.286169"
AGExPOLPARTY,AGExPOLPARTY :: 30-49 | Other,GOVTHC_W92,2,"0.653127,0.346873"
AGExPOLPARTY,AGExPOLPARTY :: 30-49 | Republican,GOVTHC_W92,2,"0.682574,0.317426"
AGExPOLPARTY,AGExPOLPARTY :: 50-64 | Democrat,GOVTHC_W92,2,"0.702530,0.297470"
AGExPOLPARTY,AGExPOLPARTY :: 50-64 | Independent,GOVTHC_W92,2,"0.710628,0.289372"
AGExPOLPARTY,AGExPOLPARTY :: 50-64 | Other,GOVTHC_W92,2,"0.654895,0.345105"
AGExPOLPARTY,AGExPOLPARTY :: 50-64 | Refused,GOVTHC_W92,2,"0.653127,0.346873"
AGExPOLPARTY,AGExPOLPARTY :: 50-64 | Republican,GOVTHC_W92,2,"0.679179,0.320821"
AGExPOLPARTY,AGExPOLPARTY :: 65+ | Democrat,GOVTHC_W92,2,"0.721743,0.278257"
AGExPOLPARTY,AGExPOLPARTY :: 65+ | Independent,GOVTHC_W92,2,"0.718594,0.281406"
AGExPOLPARTY,AGExPOLPARTY :: 65+ | Other,GOVTHC_W92,2,"0.653127,0.346873"
AGExPOLPARTY,AGExPOLPARTY :: 65+ | Republican,GOVTHC_W92,2,"0.684264,0.315736"
AGExPOLPARTY,AGExPOLPARTY :: 18-29 | Democrat,GROWUPGUN4_W26,4,"0.307087,0.342580,0.250637,0.099696"
AGExPOLPARTY,AGExPOLPARTY :: 18-29 | Independent,GROWUPGUN4_W26,4,"0.247626,0.380545,0.274097,0.097732"
AGExPOLPARTY,AGExPOLPARTY :: 18-29 | Other,GROWUPGUN4_W26,4,"0.238048,0.365826,0.287140,0.108986"
AGExPOLPARTY,AGExPOLPARTY :: 18-29 | Republican,GROWUPGUN4_W26,4,"0.287179,0.365876,0.236227,0.110717"
AGExPOLPARTY,AGExPOLPARTY :: 30-49 | Democrat,GROWUPGUN4_W26,4,"0.252355,0.370054,0.270737,0.106854"
AGExPOLPARTY,AGExPOLPARTY :: 30-49 | Independent,GROWUPGUN4_W26,4,"0.221715,0.414219,0.273782,0.090284"
AGExPOLPARTY,AGExPOLPARTY :: 30-49 | Other,GROWUPGUN4_W26,4,"0.212499,0.384786,0.295026,0.107689"
AGExPOLPARTY,AGExPOLPARTY :: 30-49 | Republican,GROWUPGUN4_W26,4,"0.254274,0.390763,0.246451,0.108511"
AGExPOLPARTY,AGExPOLPARTY :: 50-64 | Democrat,GROWUPGUN4_W26,4,"0.249953,0.358041,0.276672,0.115334"
AGExPOLPARTY,AGExPOLPARTY :: 50-64 | Independent,GROWUPGUN4_W26,4,"0.222401,0.387289,0.290066,0.100244"
AGExPOLPARTY,AGExPOLPARTY :: 50-64 | Other,GROWUPGUN4_W26,4,"0.225638,0.372013,0.296595,0.105754"
AGExPOLPARTY,AGExPOLPARTY :: 50-64 | Republican,GROWUPGUN4_W26,4,"0.263546,0.368767,0.253449,0.114239"
AGExPOLPARTY,AGExPOLPARTY :: 65+ | Democrat,GROWUPGUN4_W26,4,"0.265514,0.335641,0.253355,0.145490"
AGExPOLPARTY,AGExPOLPARTY :: 65+ | Independent,GROWUPGUN4_W26,4,"0.237276,0.361803,0.266777,0.134144"
AGExPOLPARTY,AGExPOLPARTY :: 65+ | Other,GROWUPGUN4_W26,4,"0.239903,0.338318,0.273978,0.147800"
AGExPOLPARTY,AGExPOLPARTY :: 65+ | Republican,GROWUPGUN4_W26,4,"0.282816,0.338487,0.223726,0.154971"
AGExPOLPARTY,AGExPOLPARTY :: 18-29 | Democrat,GROWUPUSR_W32,3,"0.361088,0.355490,0.283421"
AGExPOLPARTY,AGExPOLPARTY :: 18-29 | Independent,GROWUPUSR_W32,3,"0.316780,0.376186,0.307034"
AGExPOLPARTY,AGExPOLPARTY :: 18-29 | Other,GROWUPUSR_W32,3,"0.312416,0.365251,0.322333"
AGExPOLPARTY,AGExPOLPARTY :: 18-29 | Republican,GROWUPUSR_W32,3,"0.324963,0.362523,0.312514"
AGExPOLPARTY,AGExPOLPARTY :: 30-49 | Democrat,GROWUPUSR_W32,3,"0.291432,0.398340,0.310228"
AGExPOLPARTY,AGExPOLPARTY :: 30-49 | Independent,GROWUPUSR_W32,3,"0.282031,0.420084,0.297884"
AGExPOLPARTY,AGExPOLPARTY :: 30-49 | Other,GROWUPUSR_W32,3,"0.286960,0.380160,0.332880"
AGExPOLPARTY,AGExPOLPARTY :: 30-49 | Republican,GROWUPUSR_W32,3,"0.290366,0.390730,0.318904"
AGExPOLPARTY,AGExPOLPARTY :: 50-64 | Democrat,GROWUPUSR_W32,3,"0.297897,0.382507,0.319596"
AGExPOLPARTY,AGExPOLPARTY :: 50-64 | Independent,GROWUPUSR_W32,3,"0.291402,0.386045,0.322553"
AGExPOLPARTY,AGExPOLPARTY :: 50-64 | Other,GROWUPUSR_W32,3,"0.292987,0.361790,0.345223"
AGExPOLPARTY,AGExPOLPARTY :: 50-64 | Republican,GROWUPUSR_W32,3,"0.294563,0.363737,0.341699"
AGExPOLPARTY,AGExPOLPARTY :: 65+ | Democrat,GROWUPUSR_W32,3,"0.318728,0.344627,0.336644"
AGExPOLPARTY,AGExPOLPARTY :: 65+ | Independent,GROWUPUSR_W32,3,"0.309480,0.347957,0.342563"
AGExPOLPARTY,AGExPOLPARTY :: 65+ | Other,GROWUPUSR_W32,3,"0.309850,0.322193,0.367956"
AGExPOLPARTY,AGExPOLPARTY :: 65+ | Republican,GROWUPUSR_W32,3,"0.320749,0.301316,0.377935"
AGExPOLPARTY,AGExPOLPARTY :: 18-29 | Democrat,GUNACCESS_W26,4,"0.323078,0.175654,0.249655,0.251613"
AGExPOLPARTY,AGExPOLPARTY :: 18-29 | Independent,GUNACCESS_W26,4,"0.263054,0.172515,0.282216,0.282216"
AGExPOLPARTY,AGExPOLPARTY :: 18-29 | Other,GUNACCESS_W26,4,"0.247255,0.168613,0.325011,0.259121"
AGExPOLPARTY,AGExPOLPARTY :: 18-29 | Republican,GUNACCESS_W26,4,"0.321096,0.160201,0.246193,0.272511"
AGExPOLPARTY,AGExPOLPARTY :: 30-49 | Democrat,GUNACCESS_W26,4,"0.272305,0.197673,0.270186,0.259836"
AGExPOLPARTY,AGExPOLPARTY :: 30-49 | Independent,GUNACCESS_W26,4,"0.260236,0.196436,0.272725,0.270603"
AGExPOLPARTY,AGExPOLPARTY :: 30-49 | Other,GUNACCESS_W26,4,"0.238614,0.185832,0.331282,0.244272"
AGExPOLPARTY,AGExPOLPARTY :: 30-49 | Republican,GUNACCESS_W26,4,"0.307261,0.179224,0.252746,0.260769"
AGExPOLPARTY,AGExPOLPARTY :: 50-64 | Democrat,GUNACCESS_W26,4,"0.262532,0.193579,0.275131,0.268758"
AGExPOLPARTY,AGExPOLPARTY :: 50-64 | Independent,GUNACCESS_W26,4,"0.243119,0.183516,0.297875,0.275490"
AGExPOLPARTY,AGExPOLPARTY :: 50-64 | Other,GUNACCESS_W26,4,"0.242936,0.174980,0.329470,0.252614"
AGExPOLPARTY,AGExPOLPARTY :: 50-64 | Republican,GUNACCESS_W26,4,"0.311696,0.169466,0.258405,0.260432"
AGExPOLPARTY,AGExPOLPARTY :: 65+ | Democrat,GUNACCESS_W26,4,"0.275997,0.182423,0.245477,0.296102"
AGExPOLPARTY,AGExPOLPARTY :: 65+ | Independent,GUNACCESS_W26,4,"0.254802,0.173760,0.256800,0.314638"
AGExPOLPARTY,AGExPOLPARTY :: 65+ | Other,GUNACCESS_W26,4,"0.248586,0.169521,0.304574,0.277318"
AGExPOLPARTY,AGExPOLPARTY :: 65+ | Republican,GUNACCESS_W26,4,"0.327217,0.149811,0.217973,0.304999"
AGExPOLPARTY,AGExPOLPARTY :: 18-29 | Democrat,GUNACTIVITYD_W26,4,"0.288810,0.248970,0.250922,0.211298"
AGExPOLPARTY,AGExPOLPARTY :: 18-29 | Independent,GUNACTIVITYD_W26,4,"0.223335,0.255057,0.280125,0.241483"
AGExPOLPARTY,AGExPOLPARTY :: 18-29 | Other,GUNACTIVITYD_W26,4,"0.212053,0.247915,0.292116,0.247915"
AGExPOLPARTY,AGExPOLPARTY :: 18-29 | Republican,GUNACTIVITYD_W26,4,"0.289891,0.244113,0.238458,0.227538"
AGExPOLPARTY,AGExPOLPARTY :: 30-49 | Democrat,GUNACTIVITYD_W26,4,"0.239740,0.261254,0.273792,0.225215"
AGExPOLPARTY,AGExPOLPARTY :: 30-49 | Independent,GUNACTIVITYD_W26,4,"0.214822,0.282379,0.284593,0.218205"
AGExPOLPARTY,AGExPOLPARTY :: 30-49 | Other,GUNACTIVITYD_W26,4,"0.204715,0.264921,0.300195,0.230168"
AGExPOLPARTY,AGExPOLPARTY :: 30-49 | Republican,GUNACTIVITYD_W26,4,"0.274379,0.261814,0.251784,0.212023"
AGExPOLPARTY,AGExPOLPARTY :: 50-64 | Democrat,GUNACTIVITYD_W26,4,"0.232109,0.254922,0.273491,0.239477"
AGExPOLPARTY,AGExPOLPARTY :: 50-64 | Independent,GUNACTIVITYD_W26,4,"0.207244,0.255912,0.294553,0.242292"
AGExPOLPARTY,AGExPOLPARTY :: 50-64 | Other,GUNACTIVITYD_W26,4,"0.209501,0.256686,0.300097,0.233716"
AGExPOLPARTY,AGExPOLPARTY :: 50-64 | Republican,GUNACTIVITYD_W26,4,"0.276497,0.249794,0.249794,0.223914"
AGExPOLPARTY,AGExPOLPARTY :: 65+ | Democrat,GUNACTIVITYD_W26,4,"0.243460,0.237820,0.249234,0.269486"
AGExPOLPARTY,AGExPOLPARTY :: 65+ | Independent,GUNACTIVITYD_W26,4,"0.213563,0.241999,0.263715,0.280723"
AGExPOLPARTY,AGExPOLPARTY :: 65+ | Other,GUNACTIVITYD_W26,4,"0.213051,0.237676,0.275709,0.273563"
AGExPOLPARTY,AGExPOLPARTY :: 65+ | Republican,GUNACTIVITYD_W26,4,"0.290652,0.222851,0.217688,0.268809"
AGExPOLPARTY,AGExPOLPARTY :: 18-29 | Democrat,GUNCONTRIBB_W26,4,"0.512621,0.231056,0.144591,0.111732"
AGExPOLPARTY,AGExPOLPARTY :: 18-29 | Independent,GUNCONTRIBB_W26,4,"0.473509,0.241845,0.164924,0.119722"
AGExPOLPARTY,AGExPOLPARTY :: 18-29 | Other,GUNCONTRIBB_W26,4,"0.435762,0.254178,0.180239,0.129821"
AGExPOLPARTY,AGExPOLPARTY :: 18-29 | Republican,GUNCONTRIBB_W26,4,"0.513359,0.226029,0.129797,0.130815"
AGExPOLPARTY,AGExPOLPARTY :: 30-49 | Democrat,GUNCONTRIBB_W26,4,"0.481086,0.249584,0.161144,0.108187"
AGExPOLPARTY,AGExPOLPARTY :: 30-49 | Independent,GUNCONTRIBB_W26,4,"0.456707,0.268484,0.168013,0.106796"
AGExPOLPARTY,AGExPOLPARTY :: 30-49 | Other,GUNCONTRIBB_W26,4,"0.416412,0.270965,0.195169,0.117454"
AGExPOLPARTY,AGExPOLPARTY :: 30-49 | Republican,GUNCONTRIBB_W26,4,"0.485149,0.253666,0.142294,0.118891"
AGExPOLPARTY,AGExPOLPARTY :: 50-64 | Democrat,GUNCONTRIBB_W26,4,"0.471991,0.246786,0.158097,0.123126"
AGExPOLPARTY,AGExPOLPARTY :: 50-64 | Independent,GUNCONTRIBB_W26,4,"0.448996,0.257836,0.170419,0.122749"
AGExPOLPARTY,AGExPOLPARTY :: 50-64 | Other,GUNCONTRIBB_W26,4,"0.427920,0.257527,0.184046,0.130508"
AGExPOLPARTY,AGExPOLPARTY :: 50-64 | Republican,GUNCONTRIBB_W26,4,"0.484046,0.239620,0.140865,0.135469"
AGExPOLPARTY,AGExPOLPARTY :: 65+ | Democrat,GUNCONTRIBB_W26,4,"0.476534,0.230437,0.149948,0.143081"
AGExPOLPARTY,AGExPOLPARTY :: 65+ | Independent,GUNCONTRIBB_W26,4,"0.445031,0.245769,0.162444,0.146756"
AGExPOLPARTY,AGExPOLPARTY :: 65+ | Other,GUNCONTRIBB_W26,4,"0.417854,0.245644,0.183979,0.152524"
AGExPOLPARTY,AGExPOLPARTY :: 65+ | Republican,GUNCONTRIBB_W26,4,"0.477399,0.223753,0.132569,0.166279"
AGExPOLPARTY,AGExPOLPARTY :: 18-29 | Democrat,GUNCOURSES_W26,2,"0.562177,0.437824"
AGExPOLPARTY,AGExPOLPARTY :: 18-29 | Independent,GUNCOURSES_W26,2,"0.607663,0.392337"
AGExPOLPARTY,AGExPOLPARTY :: 18-29 | Other,GUNCOURSES_W26,2,"0.554470,0.445530"
AGExPOLPARTY,AGExPOLPARTY :: 18-29 | Republican,GUNCOURSES_W26,2,"0.577495,0.422505"
AGExPOLPARTY,AGExPOLPARTY :: 30-49 | Democrat,GUNCOURSES_W26,2,"0.519521,0.480479"
AGExPOLPARTY,AGExPOLPARTY :: 30-49 | Independent,GUNCOURSES_W26,2,"0.588889,0.411111"
AGExPOLPARTY,AGExPOLPARTY :: 30-49 | Other,GUNCOURSES_W26,2,"0.538983,0.461017"
AGExPOLPARTY,AGExPOLPARTY :: 30-49 | Republican,GUNCOURSES_W26,2,"0.554470,0.445530"
AGExPOLPARTY,AGExPOLPARTY :: 50-64 | Democrat,GUNCOURSES_W26,2,"0.515620,0.484380"
AGExPOLPARTY,AGExPOLPARTY :: 50-64 | Independent,GUNCOURSES_W26,2,"0.585101,0.414899"
AGExPOLPARTY,AGExPOLPARTY :: 50-64 | Other,GUNCOURSES_W26,2,"0.542863,0.457137"
AGExPOLPARTY,AGExPOLPARTY :: 50-64 | Republican,GUNCOURSES_W26,2,"0.562177,0.437824"
AGExPOLPARTY,AGExPOLPARTY :: 65+ | Democrat,GUNCOURSES_W26,2,"0.527317,0.472683"
AGExPOLPARTY,AGExPOLPARTY :: 65+ | Independent,GUNCOURSES_W26,2,"0.577495,0.422505"
AGExPOLPARTY,AGExPOLPARTY :: 65+ | Other,GUNCOURSES_W26,2,"0.535098,0.464902"
AGExPOLPARTY,AGExPOLPARTY :: 65+ | Republican,GUNCOURSES_W26,2,"0.562177,0.437824"
AGExPOLPARTY,AGExPOLPARTY :: 18-29 | Democrat,GUNKILLF1_W26,2,"0.566019,0.433981"
AGExPOLPARTY,AGExPOLPARTY :: 18-29 | Independent,GUNKILLF1_W26,2,"0.600188,0.399812"
AGExPOLPARTY,AGExPOLPARTY :: 18-29 | Other,GUNKILLF1_W26,2,"0.569853,0.430147"
AGExPOLPARTY,AGExPOLPARTY :: 18-29 | Republican,GUNKILLF1_W26,2,"0.566019,0.433981"
AGExPOLPARTY,AGExPOLPARTY :: 30-49 | Democrat,GUNKILLF1_W26,2,"0.546738,0.453262"
AGExPOLPARTY,AGExPOLPARTY :: 30-49 | Independent,GUNKILLF1_W26,2,"0.607663,0.392337"
AGExPOLPARTY,AGExPOLPARTY :: 30-49 | Other,GUNKILLF1_W26,2,"0.577495,0.422505"
AGExPOLPARTY,AGExPOLPARTY :: 30-49 | Republican,GUNKILLF1_W26,2,"0.581303,0.418697"
AGExPOLPARTY,AGExPOLPARTY :: 50-64 | Democrat,GUNKILLF1_W26,2,"0.531209,0.468791"
AGExPOLPARTY,AGExPOLPARTY :: 50-64 | Independent,GUNKILLF1_W26,2,"0.588889,0.411111"
AGExPOLPARTY,AGExPOLPARTY :: 50-64 | Other,GUNKILLF1_W26,2,"0.566019,0.433981"
AGExPOLPARTY,AGExPOLPARTY :: 50-64 | Republican,GUNKILLF1_W26,2,"0.558327,0.441673"
AGExPOLPARTY,AGExPOLPARTY :: 65+ | Democrat,GUNKILLF1_W26,2,"0.538983,0.461017"
AGExPOLPARTY,AGExPOLPARTY :: 65+ | Independent,GUNKILLF1_W26,2,"0.596433,0.403567"
AGExPOLPARTY,AGExPOLPARTY :: 65+ | Other,GUNKILLF1_W26,2,"0.569853,0.430147"
AGExPOLPARTY,AGExPOLPARTY :: 65+ | Republican,GUNKILLF1_W26,2,"0.562177,0.437824"
AGExPOLPARTY,AGExPOLPARTY :: 18-29 | Democrat,GUNLOCKED1_W26,3,"0.317856,0.408135,0.274009"
AGExPOLPARTY,AGExPOLPARTY :: 18-29 | Independent,GUNLOCKED1_W26,3,"0.283269,0.442177,0.274554"
AGExPOLPARTY,AGExPOLPARTY :: 18-29 | Other,GUNLOCKED1_W26,3,"0.256284,0.439372,0.304344"
AGExPOLPARTY,AGExPOLPARTY :: 18-29 | Republican,GUNLOCKED1_W26,3,"0.305191,0.433764,0.261044"
AGExPOLPARTY,AGExPOLPARTY :: 30-49 | Democrat,GUNLOCKED1_W26,3,"0.282402,0.437393,0.280205"
AGExPOLPARTY,AGExPOLPARTY :: 30-49 | Independent,GUNLOCKED1_W26,3,"0.279121,0.456612,0.264267"
AGExPOLPARTY,AGExPOLPARTY :: 30-49 | Other,GUNLOCKED1_W26,3,"0.246032,0.452523,0.301445"
AGExPOLPARTY,AGExPOLPARTY :: 30-49 | Republican,GUNLOCKED1_W26,3,"0.298369,0.444420,0.257211"
AGExPOLPARTY,AGExPOLPARTY :: 50-64 | Democrat,GUNLOCKED1_W26,3,"0.269023,0.440093,0.290884"
AGExPOLPARTY,AGExPOLPARTY :: 50-64 | Independent,GUNLOCKED1_W26,3,"0.261240,0.458490,0.280270"
AGExPOLPARTY,AGExPOLPARTY :: 50-64 | Other,GUNLOCKED1_W26,3,"0.247771,0.448655,0.303575"
AGExPOLPARTY,AGExPOLPARTY :: 50-64 | Republican,GUNLOCKED1_W26,3,"0.290489,0.442943,0.266568"
AGExPOLPARTY,AGExPOLPARTY :: 65+ | Democrat,GUNLOCKED1_W26,3,"0.290388,0.419224,0.290388"
AGExPOLPARTY,AGExPOLPARTY :: 65+ | Independent,GUNLOCKED1_W26,3,"0.283019,0.438349,0.278632"
AGExPOLPARTY,AGExPOLPARTY :: 65+ | Other,GUNLOCKED1_W26,3,"0.261546,0.427861,0.310593"
AGExPOLPARTY,AGExPOLPARTY :: 65+ | Republican,GUNLOCKED1_W26,3,"0.312111,0.416723,0.271167"
AGExPOLPARTY,AGExPOLPARTY :: 18-29 | Democrat,GUNRESPKIDSA_W26,4,"0.729714,0.128802,0.082514,0.058970"
AGExPOLPARTY,AGExPOLPARTY :: 18-29 | Independent,GUNRESPKIDSA_W26,4,"0.723447,0.143572,0.078059,0.054921"
AGExPOLPARTY,AGExPOLPARTY :: 18-29 | Other,GUNRESPKIDSA_W26,4,"0.647562,0.177033,0.110785,0.064620"
AGExPOLPARTY,AGExPOLPARTY :: 18-29 | Republican,GUNRESPKIDSA_W26,4,"0.764725,0.111033,0.065273,0.058969"
AGExPOLPARTY,AGExPOLPARTY :: 30-49 | Democrat,GUNRESPKIDSA_W26,4,"0.668347,0.167670,0.099341,0.064642"
AGExPOLPARTY,AGExPOLPARTY :: 30-49 | Independent,GUNRESPKIDSA_W26,4,"0.686838,0.169637,0.083976,0.059548"
AGExPOLPARTY,AGExPOLPARTY :: 30-49 | Other,GUNRESPKIDSA_W26,4,"0.597264,0.211304,0.122293,0.069138"
AGExPOLPARTY,AGExPOLPARTY :: 30-49 | Republican,GUNRESPKIDSA_W26,4,"0.710237,0.144293,0.077840,0.067629"
AGExPOLPARTY,AGExPOLPARTY :: 50-64 | Democrat,GUNRESPKIDSA_W26,4,"0.652583,0.171572,0.104880,0.070965"
AGExPOLPARTY,AGExPOLPARTY :: 50-64 | Independent,GUNRESPKIDSA_W26,4,"0.677073,0.168537,0.090919,0.063472"
AGExPOLPARTY,AGExPOLPARTY :: 50-64 | Other,GUNRESPKIDSA_W26,4,"0.619802,0.189029,0.118291,0.072877"
AGExPOLPARTY,AGExPOLPARTY :: 50-64 | Republican,GUNRESPKIDSA_W26,4,"0.699453,0.144340,0.084193,0.072014"
AGExPOLPARTY,AGExPOLPARTY :: 65+ | Democrat,GUNRESPKIDSA_W26,4,"0.640696,0.159482,0.104591,0.095231"
AGExPOLPARTY,AGExPOLPARTY :: 65+ | Independent,GUNRESPKIDSA_W26,4,"0.650139,0.168279,0.092209,0.089372"
AGExPOLPARTY,AGExPOLPARTY :: 65+ | Other,GUNRESPKIDSA_W26,4,"0.577116,0.194826,0.127770,0.100288"
AGExPOLPARTY,AGExPOLPARTY :: 65+ | Republican,GUNRESPKIDSA_W26,4,"0.653783,0.143617,0.089873,0.112726"
AGExPOLPARTY,AGExPOLPARTY :: 18-29 | Democrat,GUNRESPKIDSH_W26,4,"0.873783,0.065306,0.038692,0.022219"
AGExPOLPARTY,AGExPOLPARTY :: 18-29 | Independent,GUNRESPKIDSH_W26,4,"0.886309,0.061264,0.032537,0.019889"
AGExPOLPARTY,AGExPOLPARTY :: 18-29 | Other,GUNRESPKIDSH_W26,4,"0.832271,0.083704,0.058893,0.025132"
AGExPOLPARTY,AGExPOLPARTY :: 18-29 | Republican,GUNRESPKIDSH_W26,4,"0.903532,0.050577,0.027284,0.018606"
AGExPOLPARTY,AGExPOLPARTY :: 30-49 | Democrat,GUNRESPKIDSH_W26,4,"0.836647,0.086815,0.049854,0.026685"
AGExPOLPARTY,AGExPOLPARTY :: 30-49 | Independent,GUNRESPKIDSH_W26,4,"0.874311,0.072331,0.033115,0.020243"
AGExPOLPARTY,AGExPOLPARTY :: 30-49 | Other,GUNRESPKIDSH_W26,4,"0.808061,0.101141,0.063789,0.027010"
AGExPOLPARTY,AGExPOLPARTY :: 30-49 | Republican,GUNRESPKIDSH_W26,4,"0.884624,0.063583,0.030988,0.020804"
AGExPOLPARTY,AGExPOLPARTY :: 50-64 | Democrat,GUNRESPKIDSH_W26,4,"0.822536,0.090855,0.056413,0.030196"
AGExPOLPARTY,AGExPOLPARTY :: 50-64 | Independent,GUNRESPKIDSH_W26,4,"0.858215,0.074990,0.042066,0.024729"
AGExPOLPARTY,AGExPOLPARTY :: 50-64 | Other,GUNRESPKIDSH_W26,4,"0.815764,0.090814,0.064397,0.029026"
AGExPOLPARTY,AGExPOLPARTY :: 50-64 | Republican,GUNRESPKIDSH_W26,4,"0.870792,0.067675,0.037962,0.023571"
AGExPOLPARTY,AGExPOLPARTY :: 65+ | Democrat,GUNRESPKIDSH_W26,4,"0.824052,0.082877,0.052680,0.040391"
AGExPOLPARTY,AGExPOLPARTY :: 65+ | Independent,GUNRESPKIDSH_W26,4,"0.848817,0.075337,0.039700,0.036147"
AGExPOLPARTY,AGExPOLPARTY :: 65+ | Other,GUNRESPKIDSH_W26,4,"0.784162,0.100477,0.071808,0.043554"
AGExPOLPARTY,AGExPOLPARTY :: 65+ | Republican,GUNRESPKIDSH_W26,4,"0.854598,0.068525,0.038439,0.038439"
AGExPOLPARTY,AGExPOLPARTY :: 18-29 | Democrat,GUNRESPNOKIDSB_W26,4,"0.380252,0.245509,0.221799,0.152440"
AGExPOLPARTY,AGExPOLPARTY :: 18-29 | Independent,GUNRESPNOKIDSB_W26,4,"0.316719,0.283905,0.248595,0.150781"
AGExPOLPARTY,AGExPOLPARTY :: 18-29 | Other,GUNRESPNOKIDSB_W26,4,"0.289858,0.289858,0.263918,0.156366"
AGExPOLPARTY,AGExPOLPARTY :: 18-29 | Republican,GUNRESPNOKIDSB_W26,4,"0.362516,0.251108,0.216468,0.169908"
AGExPOLPARTY,AGExPOLPARTY :: 30-49 | Democrat,GUNRESPNOKIDSB_W26,4,"0.320173,0.289253,0.241680,0.148894"
AGExPOLPARTY,AGExPOLPARTY :: 30-49 | Independent,GUNRESPNOKIDSB_W26,4,"0.290839,0.302425,0.254667,0.152069"
AGExPOLPARTY,AGExPOLPARTY :: 30-49 | Other,GUNRESPNOKIDSB_W26,4,"0.266983,0.309706,0.271188,0.152123"
AGExPOLPARTY,AGExPOLPARTY :: 30-49 | Republican,GUNRESPNOKIDSB_W26,4,"0.332392,0.275563,0.224908,0.167137"
AGExPOLPARTY,AGExPOLPARTY :: 50-64 | Democrat,GUNRESPNOKIDSB_W26,4,"0.300485,0.288973,0.247172,0.163371"
AGExPOLPARTY,AGExPOLPARTY :: 50-64 | Independent,GUNRESPNOKIDSB_W26,4,"0.275344,0.300053,0.262736,0.161867"
AGExPOLPARTY,AGExPOLPARTY :: 50-64 | Other,GUNRESPNOKIDSB_W26,4,"0.264078,0.296910,0.272460,0.166552"
AGExPOLPARTY,AGExPOLPARTY :: 50-64 | Republican,GUNRESPNOKIDSB_W26,4,"0.316207,0.270466,0.233157,0.180169"
AGExPOLPARTY,AGExPOLPARTY :: 65+ | Democrat,GUNRESPNOKIDSB_W26,4,"0.308629,0.261930,0.234792,0.194650"
AGExPOLPARTY,AGExPOLPARTY :: 65+ | Independent,GUNRESPNOKIDSB_W26,4,"0.279890,0.277712,0.247002,0.195395"
AGExPOLPARTY,AGExPOLPARTY :: 65+ | Other,GUNRESPNOKIDSB_W26,4,"0.268993,0.277532,0.256675,0.196800"
AGExPOLPARTY,AGExPOLPARTY :: 65+ | Republican,GUNRESPNOKIDSB_W26,4,"0.320730,0.238347,0.217017,0.223906"
AGExPOLPARTY,AGExPOLPARTY :: 18-29 | Democrat,GUNRESPNOKIDSF_W26,4,"0.423566,0.245141,0.200078,0.131215"
AGExPOLPARTY,AGExPOLPARTY :: 18-29 | Independent,GUNRESPNOKIDSF_W26,4,"0.373004,0.290496,0.212531,0.123968"
AGExPOLPARTY,AGExPOLPARTY :: 18-29 | Other,GUNRESPNOKIDSF_W26,4,"0.336791,0.294904,0.233288,0.135017"
AGExPOLPARTY,AGExPOLPARTY :: 18-29 | Republican,GUNRESPNOKIDSF_W26,4,"0.421660,0.251785,0.184210,0.142346"
AGExPOLPARTY,AGExPOLPARTY :: 30-49 | Democrat,GUNRESPNOKIDSF_W26,4,"0.364605,0.290688,0.217715,0.126992"
AGExPOLPARTY,AGExPOLPARTY :: 30-49 | Independent,GUNRESPNOKIDSF_W26,4,"0.343415,0.310250,0.220000,0.126335"
AGExPOLPARTY,AGExPOLPARTY :: 30-49 | Other,GUNRESPNOKIDSF_W26,4,"0.310754,0.315648,0.242016,0.131582"
AGExPOLPARTY,AGExPOLPARTY :: 30-49 | Republican,GUNRESPNOKIDSF_W26,4,"0.383760,0.276412,0.197543,0.142285"
AGExPOLPARTY,AGExPOLPARTY :: 50-64 | Democrat,GUNRESPNOKIDSF_W26,4,"0.343683,0.289410,0.223639,0.143268"
AGExPOLPARTY,AGExPOLPARTY :: 50-64 | Independent,GUNRESPNOKIDSF_W26,4,"0.329121,0.306774,0.227975,0.136130"
AGExPOLPARTY,AGExPOLPARTY :: 50-64 | Other,GUNRESPNOKIDSF_W26,4,"0.313140,0.301144,0.240093,0.145624"
AGExPOLPARTY,AGExPOLPARTY :: 50-64 | Republican,GUNRESPNOKIDSF_W26,4,"0.369626,0.272545,0.202538,0.155291"
AGExPOLPARTY,AGExPOLPARTY :: 65+ | Democrat,GUNRESPNOKIDSF_W26,4,"0.346847,0.259776,0.212023,0.181353"
AGExPOLPARTY,AGExPOLPARTY :: 65+ | Independent,GUNRESPNOKIDSF_W26,4,"0.329979,0.280049,0.214721,0.175250"
AGExPOLPARTY,AGExPOLPARTY :: 65+ | Other,GUNRESPNOKIDSF_W26,4,"0.306076,0.278686,0.231038,0.184200"
AGExPOLPARTY,AGExPOLPARTY :: 65+ | Republican,GUNRESPNOKIDSF_W26,4,"0.361399,0.240744,0.191938,0.205919"
AGExPOLPARTY,AGExPOLPARTY :: 18-29 | Democrat,GUNSAFETYKIDS_W26,3,"0.628876,0.244355,0.126770"
AGExPOLPARTY,AGExPOLPARTY :: 18-29 | Independent,GUNSAFETYKIDS_W26,3,"0.634424,0.226211,0.139365"
AGExPOLPARTY,AGExPOLPARTY :: 18-29 | Other,GUNSAFETYKIDS_W26,3,"0.536741,0.280642,0.182617"
AGExPOLPARTY,AGExPOLPARTY :: 18-29 | Republican,GUNSAFETYKIDS_W26,3,"0.640983,0.239518,0.119500"
AGExPOLPARTY,AGExPOLPARTY :: 30-49 | Democrat,GUNSAFETYKIDS_W26,3,"0.534697,0.286202,0.179101"
AGExPOLPARTY,AGExPOLPARTY :: 30-49 | Independent,GUNSAFETYKIDS_W26,3,"0.598443,0.251425,0.150133"
AGExPOLPARTY,AGExPOLPARTY :: 30-49 | Other,GUNSAFETYKIDS_W26,3,"0.505140,0.292353,0.202507"
AGExPOLPARTY,AGExPOLPARTY :: 30-49 | Republican,GUNSAFETYKIDS_W26,3,"0.593560,0.265457,0.140983"
AGExPOLPARTY,AGExPOLPARTY :: 50-64 | Democrat,GUNSAFETYKIDS_W26,3,"0.523766,0.293806,0.182428"
AGExPOLPARTY,AGExPOLPARTY :: 50-64 | Independent,GUNSAFETYKIDS_W26,3,"0.583657,0.252996,0.163347"
AGExPOLPARTY,AGExPOLPARTY :: 50-64 | Other,GUNSAFETYKIDS_W26,3,"0.511042,0.293467,0.195491"
AGExPOLPARTY,AGExPOLPARTY :: 50-64 | Republican,GUNSAFETYKIDS_W26,3,"0.584103,0.271633,0.144263"
AGExPOLPARTY,AGExPOLPARTY :: 65+ | Democrat,GUNSAFETYKIDS_W26,3,"0.540962,0.280647,0.178390"
AGExPOLPARTY,AGExPOLPARTY :: 65+ | Independent,GUNSAFETYKIDS_W26,3,"0.582501,0.254476,0.163023"
AGExPOLPARTY,AGExPOLPARTY :: 65+ | Republican,GUNSAFETYKIDS_W26,3,"0.594212,0.265748,0.140039"
AGExPOLPARTY,AGExPOLPARTY :: 18-29 | Democrat,HAPPEN2a_W41,4,"0.450769,0.273405,0.158235,0.117590"
AGExPOLPARTY,AGExPOLPARTY :: 18-29 | Independent,HAPPEN2a_W41,4,"0.432846,0.288337,0.160484,0.118333"
AGExPOLPARTY,AGExPOLPARTY :: 18-29 | Other,HAPPEN2a_W41,4,"0.392816,0.318112,0.172955,0.116116"
AGExPOLPARTY,AGExPOLPARTY :: 18-29 | Republican,HAPPEN2a_W41,4,"0.477793,0.278694,0.120805,0.122707"
AGExPOLPARTY,AGExPOLPARTY :: 30-49 | Democrat,HAPPEN2a_W41,4,"0.420777,0.289195,0.171343,0.118685"
AGExPOLPARTY,AGExPOLPARTY :: 30-49 | Independent,HAPPEN2a_W41,4,"0.442340,0.306400,0.147012,0.104247"
AGExPOLPARTY,AGExPOLPARTY :: 30-49 | Other,HAPPEN2a_W41,4,"0.392876,0.323171,0.175705,0.108249"
AGExPOLPARTY,AGExPOLPARTY :: 30-49 | Republican,HAPPEN2a_W41,4,"0.486225,0.283612,0.118227,0.111935"
AGExPOLPARTY,AGExPOLPARTY :: 50-64 | Democrat,HAPPEN2a_W41,4,"0.413260,0.293045,0.165673,0.128022"
AGExPOLPARTY,AGExPOLPARTY :: 50-64 | Independent,HAPPEN2a_W41,4,"0.434170,0.300741,0.150045,0.115044"
AGExPOLPARTY,AGExPOLPARTY :: 50-64 | Other,HAPPEN2a_W41,4,"0.409711,0.319083,0.159197,0.112009"
AGExPOLPARTY,AGExPOLPARTY :: 50-64 | Republican,HAPPEN2a_W41,4,"0.488407,0.280468,0.114208,0.116917"
AGExPOLPARTY,AGExPOLPARTY :: 65+ | Democrat,HAPPEN2a_W41,4,"0.431496,0.272141,0.156277,0.140086"
AGExPOLPARTY,AGExPOLPARTY :: 65+ | Independent,HAPPEN2a_W41,4,"0.437054,0.284396,0.145256,0.133294"
AGExPOLPARTY,AGExPOLPARTY :: 65+ | Republican,HAPPEN2a_W41,4,"0.485184,0.259700,0.111696,0.143420"
AGExPOLPARTY,AGExPOLPARTY :: 18-29 | Democrat,HAPPENhF1_W41,2,"0.626124,0.373876"
AGExPOLPARTY,AGExPOLPARTY :: 18-29 | Independent,HAPPENhF1_W41,2,"0.607663,0.392337"
AGExPOLPARTY,AGExPOLPARTY :: 18-29 | Other,HAPPENhF1_W41,2,"0.554470,0.445530"
AGExPOLPARTY,AGExPOLPARTY :: 18-29 | Republican,HAPPENhF1_W41,2,"0.588889,0.411111"
AGExPOLPARTY,AGExPOLPARTY :: 30-49 | Democrat,HAPPENhF1_W41,2,"0.613237,0.386763"
AGExPOLPARTY,AGExPOLPARTY :: 30-49 | Independent,HAPPENhF1_W41,2,"0.613237,0.386763"
AGExPOLPARTY,AGExPOLPARTY :: 30-49 | Other,HAPPENhF1_W41,2,"0.579400,0.420600"
AGExPOLPARTY,AGExPOLPARTY :: 30-49 | Republican,HAPPENhF1_W41,2,"0.600188,0.399812"
AGExPOLPARTY,AGExPOLPARTY :: 50-64 | Democrat,HAPPENhF1_W41,2,"0.585101,0.414899"
AGExPOLPARTY,AGExPOLPARTY :: 50-64 | Independent,HAPPENhF1_W41,2,"0.598312,0.401688"
AGExPOLPARTY,AGExPOLPARTY :: 50-64 | Other,HAPPENhF1_W41,2,"0.550607,0.449393"
AGExPOLPARTY,AGExPOLPARTY :: 50-64 | Republican,HAPPENhF1_W41,2,"0.579400,0.420600"
AGExPOLPARTY,AGExPOLPARTY :: 65+ | Democrat,HAPPENhF1_W41,2,"0.590779,0.409221"
AGExPOLPARTY,AGExPOLPARTY :: 65+ | Independent,HAPPENhF1_W41,2,"0.592667,0.407333"
AGExPOLPARTY,AGExPOLPARTY :: 65+ | Republican,HAPPENhF1_W41,2,"0.577495,0.422505"
AGExPOLPARTY,AGExPOLPARTY :: 18-29 | Democrat,HAPPYLIFE_W36,3,"0.417794,0.389426,0.192780"
AGExPOLPARTY,AGExPOLPARTY :: 18-29 | Independent,HAPPYLIFE_W36,3,"0.337751,0.417067,0.245181"
AGExPOLPARTY,AGExPOLPARTY :: 18-29 | Other,HAPPYLIFE_W36,3,"0.302626,0.404059,0.293315"
AGExPOLPARTY,AGExPOLPARTY :: 18-29 | Republican,HAPPYLIFE_W36,3,"0.357603,0.392750,0.249647"
AGExPOLPARTY,AGExPOLPARTY :: 30-49 | Democrat,HAPPYLIFE_W36,3,"0.340148,0.416759,0.243093"
AGExPOLPARTY,AGExPOLPARTY :: 30-49 | Independent,HAPPYLIFE_W36,3,"0.307824,0.440937,0.251239"
AGExPOLPARTY,AGExPOLPARTY :: 30-49 | Other,HAPPYLIFE_W36,3,"0.278281,0.411273,0.310445"
AGExPOLPARTY,AGExPOLPARTY :: 30-49 | Republican,HAPPYLIFE_W36,3,"0.323606,0.399600,0.276795"
AGExPOLPARTY,AGExPOLPARTY :: 50-64 | Democrat,HAPPYLIFE_W36,3,"0.317076,0.420058,0.262866"
AGExPOLPARTY,AGExPOLPARTY :: 50-64 | Independent,HAPPYLIFE_W36,3,"0.288483,0.423033,0.288483"
AGExPOLPARTY,AGExPOLPARTY :: 50-64 | Other,HAPPYLIFE_W36,3,"0.272284,0.399278,0.328437"
AGExPOLPARTY,AGExPOLPARTY :: 50-64 | Republican,HAPPYLIFE_W36,3,"0.312299,0.382637,0.305064"
AGExPOLPARTY,AGExPOLPARTY :: 65+ | Democrat,HAPPYLIFE_W36,3,"0.341321,0.392858,0.265821"
AGExPOLPARTY,AGExPOLPARTY :: 65+ | Independent,HAPPYLIFE_W36,3,"0.305934,0.402142,0.291924"
AGExPOLPARTY,AGExPOLPARTY :: 65+ | Other,HAPPYLIFE_W36,3,"0.285737,0.366894,0.347368"
AGExPOLPARTY,AGExPOLPARTY :: 65+ | Republican,HAPPYLIFE_W36,3,"0.331593,0.336815,0.331593"
AGExPOLPARTY,AGExPOLPARTY :: 18-29 | Democrat,HARASS1F1c_W41,3,"0.684541,0.207149,0.108310"
AGExPOLPARTY,AGExPOLPARTY :: 18-29 | Independent,HARASS1F1c_W41,3,"0.649910,0.231733,0.118357"
AGExPOLPARTY,AGExPOLPARTY :: 18-29 | Other,HARASS1F1c_W41,3,"0.595399,0.244351,0.160250"
AGExPOLPARTY,AGExPOLPARTY :: 18-29 | Republican,HARASS1F1c_W41,3,"0.681157,0.209371,0.109472"
AGExPOLPARTY,AGExPOLPARTY :: 30-49 | Democrat,HARASS1F1c_W41,3,"0.661014,0.230232,0.108754"
AGExPOLPARTY,AGExPOLPARTY :: 30-49 | Independent,HARASS1F1c_W41,3,"0.631883,0.249390,0.118727"
AGExPOLPARTY,AGExPOLPARTY :: 30-49 | Other,HARASS1F1c_W41,3,"0.563252,0.270251,0.166497"
AGExPOLPARTY,AGExPOLPARTY :: 30-49 | Republican,HARASS1F1c_W41,3,"0.642172,0.239962,0.117865"
AGExPOLPARTY,AGExPOLPARTY :: 50-64 | Democrat,HARASS1F1c_W41,3,"0.644570,0.237124,0.118306"
AGExPOLPARTY,AGExPOLPARTY :: 50-64 | Independent,HARASS1F1c_W41,3,"0.611113,0.260791,0.128096"
AGExPOLPARTY,AGExPOLPARTY :: 50-64 | Other,HARASS1F1c_W41,3,"0.568276,0.266346,0.165378"
AGExPOLPARTY,AGExPOLPARTY :: 50-64 | Republican,HARASS1F1c_W41,3,"0.623964,0.246264,0.129772"
AGExPOLPARTY,AGExPOLPARTY :: 65+ | Democrat,HARASS1F1c_W41,3,"0.683459,0.210078,0.106462"
AGExPOLPARTY,AGExPOLPARTY :: 65+ | Independent,HARASS1F1c_W41,3,"0.634336,0.246476,0.119188"
AGExPOLPARTY,AGExPOLPARTY :: 65+ | Republican,HARASS1F1c_W41,3,"0.649076,0.226074,0.124850"
AGExPOLPARTY,AGExPOLPARTY :: 18-29 | Democrat,HELPHURTA_W29,3,"0.385953,0.257100,0.356948"
AGExPOLPARTY,AGExPOLPARTY :: 18-29 | Independent,HELPHURTA_W29,3,"0.339293,0.248232,0.412475"
AGExPOLPARTY,AGExPOLPARTY :: 18-29 | Other,HELPHURTA_W29,3,"0.313737,0.254072,0.432191"
AGExPOLPARTY,AGExPOLPARTY :: 18-29 | Republican,HELPHURTA_W29,3,"0.370254,0.270884,0.358862"
AGExPOLPARTY,AGExPOLPARTY :: 30-49 | Democrat,HELPHURTA_W29,3,"0.349683,0.280978,0.369339"
AGExPOLPARTY,AGExPOLPARTY :: 30-49 | Independent,HELPHURTA_W29,3,"0.335690,0.271850,0.392461"
AGExPOLPARTY,AGExPOLPARTY :: 30-49 | Other,HELPHURTA_W29,3,"0.312023,0.264811,0.423166"
AGExPOLPARTY,AGExPOLPARTY :: 30-49 | Republican,HELPHURTA_W29,3,"0.363272,0.287372,0.349356"
AGExPOLPARTY,AGExPOLPARTY :: 50-64 | Democrat,HELPHURTA_W29,3,"0.338597,0.280707,0.380695"
AGExPOLPARTY,AGExPOLPARTY :: 50-64 | Independent,HELPHURTA_W29,3,"0.322829,0.259400,0.417771"
AGExPOLPARTY,AGExPOLPARTY :: 50-64 | Other,HELPHURTA_W29,3,"0.315769,0.265904,0.418326"
AGExPOLPARTY,AGExPOLPARTY :: 50-64 | Republican,HELPHURTA_W29,3,"0.360287,0.285011,0.354702"
AGExPOLPARTY,AGExPOLPARTY :: 65+ | Democrat,HELPHURTA_W29,3,"0.356046,0.279464,0.364490"
AGExPOLPARTY,AGExPOLPARTY :: 65+ | Independent,HELPHURTA_W29,3,"0.334682,0.264755,0.400562"
AGExPOLPARTY,AGExPOLPARTY :: 65+ | Other,HELPHURTA_W29,3,"0.323295,0.268021,0.408684"
AGExPOLPARTY,AGExPOLPARTY :: 65+ | Republican,HELPHURTA_W29,3,"0.371693,0.287222,0.341085"
AGExPOLPARTY,AGExPOLPARTY :: 18-29 | Democrat,HELPHURTC_W29,3,"0.433272,0.221294,0.345434"
AGExPOLPARTY,AGExPOLPARTY :: 18-29 | Independent,HELPHURTC_W29,3,"0.382004,0.217659,0.400337"
AGExPOLPARTY,AGExPOLPARTY :: 18-29 | Other,HELPHURTC_W29,3,"0.344092,0.231012,0.424896"
AGExPOLPARTY,AGExPOLPARTY :: 18-29 | Republican,HELPHURTC_W29,3,"0.412612,0.226093,0.361295"
AGExPOLPARTY,AGExPOLPARTY :: 30-49 | Democrat,HELPHURTC_W29,3,"0.387935,0.250470,0.361595"
AGExPOLPARTY,AGExPOLPARTY :: 30-49 | Independent,HELPHURTC_W29,3,"0.377161,0.239738,0.383101"
AGExPOLPARTY,AGExPOLPARTY :: 30-49 | Other,HELPHURTC_W29,3,"0.335548,0.243581,0.420871"
AGExPOLPARTY,AGExPOLPARTY :: 30-49 | Republican,HELPHURTC_W29,3,"0.396143,0.245971,0.357886"
AGExPOLPARTY,AGExPOLPARTY :: 50-64 | Democrat,HELPHURTC_W29,3,"0.374693,0.253530,0.371777"
AGExPOLPARTY,AGExPOLPARTY :: 50-64 | Independent,HELPHURTC_W29,3,"0.358070,0.233001,0.408929"
AGExPOLPARTY,AGExPOLPARTY :: 50-64 | Other,HELPHURTC_W29,3,"0.340148,0.243093,0.416759"
AGExPOLPARTY,AGExPOLPARTY :: 50-64 | Republican,HELPHURTC_W29,3,"0.390948,0.244649,0.364403"
AGExPOLPARTY,AGExPOLPARTY :: 65+ | Democrat,HELPHURTC_W29,3,"0.389030,0.251177,0.359794"
AGExPOLPARTY,AGExPOLPARTY :: 65+ | Independent,HELPHURTC_W29,3,"0.363769,0.236709,0.399522"
AGExPOLPARTY,AGExPOLPARTY :: 65+ | Other,HELPHURTC_W29,3,"0.341705,0.246121,0.412175"
AGExPOLPARTY,AGExPOLPARTY :: 65+ | Republican,HELPHURTC_W29,3,"0.396483,0.248113,0.355405"
AGExPOLPARTY,AGExPOLPARTY :: 18-29 | Democrat,HELPHURTD_W29,3,"0.351789,0.320308,0.327903"
AGExPOLPARTY,AGExPOLPARTY :: 18-29 | Independent,HELPHURTD_W29,3,"0.308387,0.310806,0.380807"
AGExPOLPARTY,AGExPOLPARTY :: 18-29 | Other,HELPHURTD_W29,3,"0.283432,0.313730,0.402838"
AGExPOLPARTY,AGExPOLPARTY :: 18-29 | Republican,HELPHURTD_W29,3,"0.326399,0.342063,0.331539"
AGExPOLPARTY,AGExPOLPARTY :: 30-49 | Democrat,HELPHURTD_W29,3,"0.312835,0.343582,0.343582"
AGExPOLPARTY,AGExPOLPARTY :: 30-49 | Independent,HELPHURTD_W29,3,"0.305924,0.330783,0.363294"
AGExPOLPARTY,AGExPOLPARTY :: 30-49 | Other,HELPHURTD_W29,3,"0.282217,0.319794,0.397990"
AGExPOLPARTY,AGExPOLPARTY :: 30-49 | Republican,HELPHURTD_W29,3,"0.321944,0.353587,0.324469"
AGExPOLPARTY,AGExPOLPARTY :: 50-64 | Democrat,HELPHURTD_W29,3,"0.303672,0.346804,0.349524"
AGExPOLPARTY,AGExPOLPARTY :: 50-64 | Independent,HELPHURTD_W29,3,"0.294487,0.318417,0.387096"
AGExPOLPARTY,AGExPOLPARTY :: 50-64 | Other,HELPHURTD_W29,3,"0.285715,0.323758,0.390527"
AGExPOLPARTY,AGExPOLPARTY :: 50-64 | Republican,HELPHURTD_W29,3,"0.318609,0.352668,0.328723"
AGExPOLPARTY,AGExPOLPARTY :: 65+ | Democrat,HELPHURTD_W29,3,"0.319592,0.340204,0.340204"
AGExPOLPARTY,AGExPOLPARTY :: 65+ | Independent,HELPHURTD_W29,3,"0.304616,0.319234,0.376150"
AGExPOLPARTY,AGExPOLPARTY :: 65+ | Other,HELPHURTD_W29,3,"0.291978,0.318180,0.389842"
AGExPOLPARTY,AGExPOLPARTY :: 65+ | Republican,HELPHURTD_W29,3,"0.329702,0.348234,0.322064"
AGExPOLPARTY,AGExPOLPARTY :: 18-29 | Democrat,HELPHURTF_W29,3,"0.393259,0.283254,0.323486"
AGExPOLPARTY,AGExPOLPARTY :: 18-29 | Independent,HELPHURTF_W29,3,"0.345891,0.280111,0.373998"
AGExPOLPARTY,AGExPOLPARTY :: 18-29 | Other,HELPHURTF_W29,3,"0.312742,0.282539,0.404719"
AGExPOLPARTY,AGExPOLPARTY :: 18-29 | Republican,HELPHURTF_W29,3,"0.368562,0.298470,0.332968"
AGExPOLPARTY,AGExPOLPARTY :: 30-49 | Democrat,HELPHURTF_W29,3,"0.351664,0.312776,0.335560"
AGExPOLPARTY,AGExPOLPARTY :: 30-49 | Independent,HELPHURTF_W29,3,"0.338684,0.303594,0.357722"
AGExPOLPARTY,AGExPOLPARTY :: 30-49 | Other,HELPHURTF_W29,3,"0.309520,0.293048,0.397432"
AGExPOLPARTY,AGExPOLPARTY :: 30-49 | Republican,HELPHURTF_W29,3,"0.358920,0.314281,0.326800"
AGExPOLPARTY,AGExPOLPARTY :: 50-64 | Democrat,HELPHURTF_W29,3,"0.339148,0.313661,0.347191"
AGExPOLPARTY,AGExPOLPARTY :: 50-64 | Independent,HELPHURTF_W29,3,"0.326210,0.292412,0.381378"
AGExPOLPARTY,AGExPOLPARTY :: 50-64 | Other,HELPHURTF_W29,3,"0.312869,0.291626,0.395504"
AGExPOLPARTY,AGExPOLPARTY :: 50-64 | Republican,HELPHURTF_W29,3,"0.355234,0.311054,0.333712"
AGExPOLPARTY,AGExPOLPARTY :: 65+ | Democrat,HELPHURTF_W29,3,"0.356956,0.307715,0.335329"
AGExPOLPARTY,AGExPOLPARTY :: 65+ | Independent,HELPHURTF_W29,3,"0.335837,0.289510,0.374653"
AGExPOLPARTY,AGExPOLPARTY :: 65+ | Other,HELPHURTF_W29,3,"0.317930,0.289479,0.392591"
AGExPOLPARTY,AGExPOLPARTY :: 65+ | Republican,HELPHURTF_W29,3,"0.365166,0.307501,0.327333"
AGExPOLPARTY,AGExPOLPARTY :: 18-29 | Democrat,HIGHEDWRNGB_W36,3,"0.767668,0.164728,0.067604"
AGExPOLPARTY,AGExPOLPARTY :: 18-29 | Independent,HIGHEDWRNGB_W36,3,"0.721430,0.189672,0.088898"
AGExPOLPARTY,AGExPOLPARTY :: 18-29 | Other,HIGHEDWRNGB_W36,3,"0.679458,0.210486,0.110055"
AGExPOLPARTY,AGExPOLPARTY :: 18-29 | Republican,HIGHEDWRNGB_W36,3,"0.790229,0.158056,0.051716"
AGExPOLPARTY,AGExPOLPARTY :: 30-49 | Democrat,HIGHEDWRNGB_W36,3,"0.707376,0.210740,0.081885"
AGExPOLPARTY,AGExPOLPARTY :: 30-49 | Independent,HIGHEDWRNGB_W36,3,"0.691601,0.212581,0.095818"
AGExPOLPARTY,AGExPOLPARTY :: 30-49 | Other,HIGHEDWRNGB_W36,3,"0.643825,0.231363,0.124811"
AGExPOLPARTY,AGExPOLPARTY :: 30-49 | Republican,HIGHEDWRNGB_W36,3,"0.758892,0.181666,0.059441"
AGExPOLPARTY,AGExPOLPARTY :: 50-64 | Democrat,HIGHEDWRNGB_W36,3,"0.699094,0.219980,0.080926"
AGExPOLPARTY,AGExPOLPARTY :: 50-64 | Independent,HIGHEDWRNGB_W36,3,"0.687805,0.219836,0.092360"
AGExPOLPARTY,AGExPOLPARTY :: 50-64 | Other,HIGHEDWRNGB_W36,3,"0.663989,0.225911,0.110100"
AGExPOLPARTY,AGExPOLPARTY :: 50-64 | Republican,HIGHEDWRNGB_W36,3,"0.755985,0.185262,0.058753"
AGExPOLPARTY,AGExPOLPARTY :: 65+ | Democrat,HIGHEDWRNGB_W36,3,"0.724636,0.196563,0.078801"
AGExPOLPARTY,AGExPOLPARTY :: 65+ | Independent,HIGHEDWRNGB_W36,3,"0.689933,0.213731,0.096336"
AGExPOLPARTY,AGExPOLPARTY :: 65+ | Other,HIGHEDWRNGB_W36,3,"0.651995,0.223570,0.124435"
AGExPOLPARTY,AGExPOLPARTY :: 65+ | Republican,HIGHEDWRNGB_W36,3,"0.758312,0.175943,0.065745"
AGExPOLPARTY,AGExPOLPARTY :: 18-29 | Democrat,HIRING6D_W27,3,"0.462417,0.227131,0.310452"
AGExPOLPARTY,AGExPOLPARTY :: 18-29 | Independent,HIRING6D_W27,3,"0.410412,0.230220,0.359368"
AGExPOLPARTY,AGExPOLPARTY :: 18-29 | Other,HIRING6D_W27,3,"0.390948,0.244649,0.364403"
AGExPOLPARTY,AGExPOLPARTY :: 18-29 | Republican,HIRING6D_W27,3,"0.452092,0.227326,0.320581"
AGExPOLPARTY,AGExPOLPARTY :: 30-49 | Democrat,HIRING6D_W27,3,"0.425780,0.250303,0.323917"
AGExPOLPARTY,AGExPOLPARTY :: 30-49 | Independent,HIRING6D_W27,3,"0.392436,0.241773,0.365791"
AGExPOLPARTY,AGExPOLPARTY :: 30-49 | Other,HIRING6D_W27,3,"0.373244,0.250584,0.376172"
AGExPOLPARTY,AGExPOLPARTY :: 30-49 | Republican,HIRING6D_W27,3,"0.425485,0.240548,0.333967"
AGExPOLPARTY,AGExPOLPARTY :: 50-64 | Democrat,HIRING6D_W27,3,"0.419229,0.254275,0.326496"
AGExPOLPARTY,AGExPOLPARTY :: 50-64 | Independent,HIRING6D_W27,3,"0.392436,0.241773,0.365791"
AGExPOLPARTY,AGExPOLPARTY :: 50-64 | Other,HIRING6D_W27,3,"0.371418,0.251314,0.377267"
AGExPOLPARTY,AGExPOLPARTY :: 50-64 | Republican,HIRING6D_W27,3,"0.425485,0.240548,0.333967"
AGExPOLPARTY,AGExPOLPARTY :: 65+ | Democrat,HIRING6D_W27,3,"0.432916,0.242844,0.324239"
AGExPOLPARTY,AGExPOLPARTY :: 65+ | Independent,HIRING6D_W27,3,"0.395377,0.236091,0.368532"
AGExPOLPARTY,AGExPOLPARTY :: 65+ | Other,HIRING6D_W27,3,"0.381318,0.246197,0.372485"
AGExPOLPARTY,AGExPOLPARTY :: 65+ | Republican,HIRING6D_W27,3,"0.429088,0.231476,0.339437"
AGExPOLPARTY,AGExPOLPARTY :: 18-29 | Democrat,IMMIMPACT_W32,3,"0.735772,0.124896,0.139332"
AGExPOLPARTY,AGExPOLPARTY :: 18-29 | Independent,IMMIMPACT_W32,3,"0.647922,0.131633,0.220444"
AGExPOLPARTY,AGExPOLPARTY :: 18-29 | Other,IMMIMPACT_W32,3,"0.510690,0.169728,0.319582"
AGExPOLPARTY,AGExPOLPARTY :: 18-29 | Republican,IMMIMPACT_W32,3,"0.695234,0.127605,0.177161"
AGExPOLPARTY,AGExPOLPARTY :: 30-49 | Democrat,IMMIMPACT_W32,3,"0.660630,0.154481,0.184889"
AGExPOLPARTY,AGExPOLPARTY :: 30-49 | Independent,IMMIMPACT_W32,3,"0.622925,0.151466,0.225609"
AGExPOLPARTY,AGExPOLPARTY :: 30-49 | Other,IMMIMPACT_W32,3,"0.472824,0.186613,0.340563"
AGExPOLPARTY,AGExPOLPARTY :: 30-49 | Republican,IMMIMPACT_W32,3,"0.649074,0.152969,0.197957"
AGExPOLPARTY,AGExPOLPARTY :: 50-64 | Democrat,IMMIMPACT_W32,3,"0.627661,0.163735,0.208604"
AGExPOLPARTY,AGExPOLPARTY :: 50-64 | Independent,IMMIMPACT_W32,3,"0.587834,0.153346,0.258820"
AGExPOLPARTY,AGExPOLPARTY :: 50-64 | Other,IMMIMPACT_W32,3,"0.479928,0.185029,0.335044"
AGExPOLPARTY,AGExPOLPARTY :: 50-64 | Republican,IMMIMPACT_W32,3,"0.626087,0.155846,0.218067"
AGExPOLPARTY,AGExPOLPARTY :: 65+ | Democrat,IMMIMPACT_W32,3,"0.643230,0.152781,0.203989"
AGExPOLPARTY,AGExPOLPARTY :: 65+ | Independent,IMMIMPACT_W32,3,"0.575428,0.154874,0.269698"
AGExPOLPARTY,AGExPOLPARTY :: 65+ | Other,IMMIMPACT_W32,3,"0.452830,0.191740,0.355430"
AGExPOLPARTY,AGExPOLPARTY :: 65+ | Republican,IMMIMPACT_W32,3,"0.614064,0.156477,0.229459"
AGExPOLPARTY,AGExPOLPARTY :: 18-29 | Democrat,INEQ11_W54,2,"0.550607,0.449393"
AGExPOLPARTY,AGExPOLPARTY :: 18-29 | Independent,INEQ11_W54,2,"0.492188,0.507812"
AGExPOLPARTY,AGExPOLPARTY :: 18-29 | Other,INEQ11_W54,2,"0.443600,0.556400"
AGExPOLPARTY,AGExPOLPARTY :: 18-29 | Republican,INEQ11_W54,2,"0.470737,0.529263"
AGExPOLPARTY,AGExPOLPARTY :: 30-49 | Democrat,INEQ11_W54,2,"0.519521,0.480479"
AGExPOLPARTY,AGExPOLPARTY :: 30-49 | Independent,INEQ11_W54,2,"0.484380,0.515620"
AGExPOLPARTY,AGExPOLPARTY :: 30-49 | Other,INEQ11_W54,2,"0.451327,0.548674"
AGExPOLPARTY,AGExPOLPARTY :: 30-49 | Refused,INEQ11_W54,2,"0.451327,0.548674"
AGExPOLPARTY,AGExPOLPARTY :: 30-49 | Republican,INEQ11_W54,2,"0.490236,0.509764"
AGExPOLPARTY,AGExPOLPARTY :: 50-64 | Democrat,INEQ11_W54,2,"0.480479,0.519521"
AGExPOLPARTY,AGExPOLPARTY :: 50-64 | Independent,INEQ11_W54,2,"0.462959,0.537041"
AGExPOLPARTY,AGExPOLPARTY :: 50-64 | Other,INEQ11_W54,2,"0.418697,0.581303"
AGExPOLPARTY,AGExPOLPARTY :: 50-64 | Republican,INEQ11_W54,2,"0.457137,0.542863"
AGExPOLPARTY,AGExPOLPARTY :: 65+ | Democrat,INEQ11_W54,2,"0.501953,0.498047"
AGExPOLPARTY,AGExPOLPARTY :: 65+ | Independent,INEQ11_W54,2,"0.468791,0.531209"
AGExPOLPARTY,AGExPOLPARTY :: 65+ | Other,INEQ11_W54,2,"0.445530,0.554470"
AGExPOLPARTY,AGExPOLPARTY :: 65+ | Republican,INEQ11_W54,2,"0.476580,0.523420"
AGExPOLPARTY,AGExPOLPARTY :: 18-29 | Democrat,INEQ4_d_W54,4,"0.462085,0.291433,0.154779,0.091703"
AGExPOLPARTY,AGExPOLPARTY :: 18-29 | Independent,INEQ4_d_W54,4,"0.407952,0.315241,0.176834,0.099973"
AGExPOLPARTY,AGExPOLPARTY :: 18-29 | Other,INEQ4_d_W54,4,"0.387891,0.316587,0.186112,0.109410"
AGExPOLPARTY,AGExPOLPARTY :: 18-29 | Republican,INEQ4_d_W54,4,"0.443241,0.292965,0.141668,0.122126"
AGExPOLPARTY,AGExPOLPARTY :: 30-49 | Democrat,INEQ4_d_W54,4,"0.421586,0.318230,0.169010,0.091174"
AGExPOLPARTY,AGExPOLPARTY :: 30-49 | Independent,INEQ4_d_W54,4,"0.384826,0.350388,0.177568,0.087218"
AGExPOLPARTY,AGExPOLPARTY :: 30-49 | Other,INEQ4_d_W54,4,"0.364422,0.337036,0.198133,0.100409"
AGExPOLPARTY,AGExPOLPARTY :: 30-49 | Refused,INEQ4_d_W54,4,"0.358461,0.301855,0.183084,0.156600"
AGExPOLPARTY,AGExPOLPARTY :: 30-49 | Republican,INEQ4_d_W54,4,"0.411988,0.320857,0.152751,0.114405"
AGExPOLPARTY,AGExPOLPARTY :: 50-64 | Democrat,INEQ4_d_W54,4,"0.410505,0.317214,0.172466,0.099816"
AGExPOLPARTY,AGExPOLPARTY :: 50-64 | Independent,INEQ4_d_W54,4,"0.379445,0.337486,0.186377,0.096691"
AGExPOLPARTY,AGExPOLPARTY :: 50-64 | Other,INEQ4_d_W54,4,"0.370748,0.332336,0.192341,0.104574"
AGExPOLPARTY,AGExPOLPARTY :: 50-64 | Republican,INEQ4_d_W54,4,"0.409906,0.314286,0.155583,0.120225"
AGExPOLPARTY,AGExPOLPARTY :: 65+ | Democrat,INEQ4_d_W54,4,"0.418949,0.292474,0.162786,0.125791"
AGExPOLPARTY,AGExPOLPARTY :: 65+ | Independent,INEQ4_d_W54,4,"0.379764,0.312386,0.176607,0.131243"
AGExPOLPARTY,AGExPOLPARTY :: 65+ | Other,INEQ4_d_W54,4,"0.366716,0.301652,0.190250,0.141382"
AGExPOLPARTY,AGExPOLPARTY :: 65+ | Republican,INEQ4_d_W54,4,"0.412355,0.279013,0.145885,0.162747"
AGExPOLPARTY,AGExPOLPARTY :: 18-29 | Democrat,INEQ5_h_W54,4,"0.335876,0.243820,0.241922,0.178382"
AGExPOLPARTY,AGExPOLPARTY :: 18-29 | Independent,INEQ5_h_W54,4,"0.307836,0.253219,0.249293,0.189652"
AGExPOLPARTY,AGExPOLPARTY :: 18-29 | Other,INEQ5_h_W54,4,"0.286180,0.260570,0.262613,0.190637"
AGExPOLPARTY,AGExPOLPARTY :: 18-29 | Republican,INEQ5_h_W54,4,"0.320001,0.245353,0.235954,0.198693"
AGExPOLPARTY,AGExPOLPARTY :: 30-49 | Democrat,INEQ5_h_W54,4,"0.304342,0.258292,0.248397,0.188970"
AGExPOLPARTY,AGExPOLPARTY :: 30-49 | Independent,INEQ5_h_W54,4,"0.305890,0.274198,0.249660,0.170253"
AGExPOLPARTY,AGExPOLPARTY :: 30-49 | Other,INEQ5_h_W54,4,"0.284318,0.273426,0.267092,0.175163"
AGExPOLPARTY,AGExPOLPARTY :: 30-49 | Refused,INEQ5_h_W54,4,"0.301630,0.268275,0.244267,0.185829"
AGExPOLPARTY,AGExPOLPARTY :: 30-49 | Republican,INEQ5_h_W54,4,"0.315740,0.261758,0.238333,0.184169"
AGExPOLPARTY,AGExPOLPARTY :: 50-64 | Democrat,INEQ5_h_W54,4,"0.293923,0.253378,0.247508,0.205191"
AGExPOLPARTY,AGExPOLPARTY :: 50-64 | Independent,INEQ5_h_W54,4,"0.294068,0.261549,0.251529,0.192854"
AGExPOLPARTY,AGExPOLPARTY :: 50-64 | Other,INEQ5_h_W54,4,"0.289297,0.263408,0.263408,0.183888"
AGExPOLPARTY,AGExPOLPARTY :: 50-64 | Republican,INEQ5_h_W54,4,"0.312272,0.252886,0.239427,0.195415"
AGExPOLPARTY,AGExPOLPARTY :: 65+ | Democrat,INEQ5_h_W54,4,"0.306619,0.242555,0.235093,0.215733"
AGExPOLPARTY,AGExPOLPARTY :: 65+ | Independent,INEQ5_h_W54,4,"0.302734,0.252944,0.239482,0.204840"
AGExPOLPARTY,AGExPOLPARTY :: 65+ | Other,INEQ5_h_W54,4,"0.291978,0.253675,0.253675,0.200673"
AGExPOLPARTY,AGExPOLPARTY :: 65+ | Republican,INEQ5_h_W54,4,"0.324122,0.237133,0.224513,0.214232"
AGExPOLPARTY,AGExPOLPARTY :: 18-29 | Democrat,INEQ5_k_W54,4,"0.490211,0.226195,0.170741,0.112853"
AGExPOLPARTY,AGExPOLPARTY :: 18-29 | Independent,INEQ5_k_W54,4,"0.459233,0.240116,0.177050,0.123601"
AGExPOLPARTY,AGExPOLPARTY :: 18-29 | Other,INEQ5_k_W54,4,"0.422693,0.256376,0.192017,0.128914"
AGExPOLPARTY,AGExPOLPARTY :: 18-29 | Republican,INEQ5_k_W54,4,"0.482820,0.224532,0.154318,0.138330"
AGExPOLPARTY,AGExPOLPARTY :: 30-49 | Democrat,INEQ5_k_W54,4,"0.460753,0.242800,0.176254,0.120194"
AGExPOLPARTY,AGExPOLPARTY :: 30-49 | Independent,INEQ5_k_W54,4,"0.436072,0.262433,0.183208,0.118288"
AGExPOLPARTY,AGExPOLPARTY :: 30-49 | Other,INEQ5_k_W54,4,"0.401549,0.269587,0.203495,0.125370"
AGExPOLPARTY,AGExPOLPARTY :: 30-49 | Refused,INEQ5_k_W54,4,"0.421793,0.259859,0.181411,0.136936"
AGExPOLPARTY,AGExPOLPARTY :: 30-49 | Republican,INEQ5_k_W54,4,"0.452801,0.246184,0.163994,0.137022"
AGExPOLPARTY,AGExPOLPARTY :: 50-64 | Democrat,INEQ5_k_W54,4,"0.458460,0.237846,0.171314,0.132381"
AGExPOLPARTY,AGExPOLPARTY :: 50-64 | Independent,INEQ5_k_W54,4,"0.438877,0.252026,0.177322,0.131775"
AGExPOLPARTY,AGExPOLPARTY :: 50-64 | Other,INEQ5_k_W54,4,"0.411441,0.255469,0.197411,0.135679"
AGExPOLPARTY,AGExPOLPARTY :: 50-64 | Republican,INEQ5_k_W54,4,"0.457365,0.233599,0.160550,0.148485"
AGExPOLPARTY,AGExPOLPARTY :: 65+ | Democrat,INEQ5_k_W54,4,"0.470464,0.218786,0.163863,0.146886"
AGExPOLPARTY,AGExPOLPARTY :: 65+ | Independent,INEQ5_k_W54,4,"0.443311,0.237287,0.170912,0.148491"
AGExPOLPARTY,AGExPOLPARTY :: 65+ | Other,INEQ5_k_W54,4,"0.413246,0.241044,0.193685,0.152025"
AGExPOLPARTY,AGExPOLPARTY :: 65+ | Republican,INEQ5_k_W54,4,"0.459982,0.213912,0.152876,0.173231"
AGExPOLPARTY,AGExPOLPARTY :: 18-29 | Democrat,INEQ5_l_W54,4,"0.324797,0.221492,0.233942,0.219769"
AGExPOLPARTY,AGExPOLPARTY :: 18-29 | Independent,INEQ5_l_W54,4,"0.296101,0.237924,0.249342,0.216632"
AGExPOLPARTY,AGExPOLPARTY :: 18-29 | Other,INEQ5_l_W54,4,"0.279671,0.237353,0.266863,0.216113"
AGExPOLPARTY,AGExPOLPARTY :: 18-29 | Republican,INEQ5_l_W54,4,"0.330591,0.218508,0.223689,0.227212"
AGExPOLPARTY,AGExPOLPARTY :: 30-49 | Democrat,INEQ5_l_W54,4,"0.309602,0.239242,0.244916,0.206240"
AGExPOLPARTY,AGExPOLPARTY :: 30-49 | Independent,INEQ5_l_W54,4,"0.300677,0.255182,0.245406,0.198736"
AGExPOLPARTY,AGExPOLPARTY :: 30-49 | Other,INEQ5_l_W54,4,"0.282347,0.251125,0.269418,0.197110"
AGExPOLPARTY,AGExPOLPARTY :: 30-49 | Refused,INEQ5_l_W54,4,"0.306473,0.246258,0.234981,0.212288"
AGExPOLPARTY,AGExPOLPARTY :: 30-49 | Republican,INEQ5_l_W54,4,"0.335556,0.232433,0.225282,0.206730"
AGExPOLPARTY,AGExPOLPARTY :: 50-64 | Democrat,INEQ5_l_W54,4,"0.300723,0.236040,0.239758,0.223479"
AGExPOLPARTY,AGExPOLPARTY :: 50-64 | Independent,INEQ5_l_W54,4,"0.293886,0.245551,0.245551,0.215012"
AGExPOLPARTY,AGExPOLPARTY :: 50-64 | Other,INEQ5_l_W54,4,"0.286432,0.237460,0.264906,0.211202"
AGExPOLPARTY,AGExPOLPARTY :: 50-64 | Republican,INEQ5_l_W54,4,"0.330039,0.223316,0.225067,0.221578"
AGExPOLPARTY,AGExPOLPARTY :: 65+ | Democrat,INEQ5_l_W54,4,"0.316369,0.226099,0.227872,0.229659"
AGExPOLPARTY,AGExPOLPARTY :: 65+ | Independent,INEQ5_l_W54,4,"0.307361,0.237510,0.232008,0.223120"
AGExPOLPARTY,AGExPOLPARTY :: 65+ | Other,INEQ5_l_W54,4,"0.294944,0.233320,0.254258,0.217478"
AGExPOLPARTY,AGExPOLPARTY :: 65+ | Republican,INEQ5_l_W54,4,"0.344221,0.210418,0.208781,0.236580"
AGExPOLPARTY,AGExPOLPARTY :: 18-29 | Democrat,INEQ7_W54,4,"0.465740,0.232367,0.160956,0.140937"
AGExPOLPARTY,AGExPOLPARTY :: 18-29 | Independent,INEQ7_W54,4,"0.444381,0.247335,0.167356,0.140928"
AGExPOLPARTY,AGExPOLPARTY :: 18-29 | Other,INEQ7_W54,4,"0.416046,0.250381,0.187527,0.146046"
AGExPOLPARTY,AGExPOLPARTY :: 18-29 | Republican,INEQ7_W54,4,"0.483271,0.224742,0.136313,0.155674"
AGExPOLPARTY,AGExPOLPARTY :: 30-49 | Democrat,INEQ7_W54,4,"0.429512,0.254477,0.177654,0.138357"
AGExPOLPARTY,AGExPOLPARTY :: 30-49 | Independent,INEQ7_W54,4,"0.431550,0.265870,0.173005,0.129575"
AGExPOLPARTY,AGExPOLPARTY :: 30-49 | Other,INEQ7_W54,4,"0.395191,0.265319,0.201844,0.137646"
AGExPOLPARTY,AGExPOLPARTY :: 30-49 | Refused,INEQ7_W54,4,"0.412041,0.261909,0.174469,0.151581"
AGExPOLPARTY,AGExPOLPARTY :: 30-49 | Republican,INEQ7_W54,4,"0.457399,0.246748,0.149660,0.146193"
AGExPOLPARTY,AGExPOLPARTY :: 50-64 | Democrat,INEQ7_W54,4,"0.426381,0.250656,0.170933,0.152031"
AGExPOLPARTY,AGExPOLPARTY :: 50-64 | Independent,INEQ7_W54,4,"0.424814,0.257663,0.172987,0.144536"
AGExPOLPARTY,AGExPOLPARTY :: 50-64 | Other,INEQ7_W54,4,"0.414149,0.251194,0.188136,0.146520"
AGExPOLPARTY,AGExPOLPARTY :: 50-64 | Republican,INEQ7_W54,4,"0.458196,0.235859,0.147597,0.158348"
AGExPOLPARTY,AGExPOLPARTY :: 65+ | Democrat,INEQ7_W54,4,"0.438879,0.233087,0.161455,0.166580"
AGExPOLPARTY,AGExPOLPARTY :: 65+ | Independent,INEQ7_W54,4,"0.429657,0.242906,0.164358,0.163079"
AGExPOLPARTY,AGExPOLPARTY :: 65+ | Other,INEQ7_W54,4,"0.407679,0.239662,0.186649,0.166009"
AGExPOLPARTY,AGExPOLPARTY :: 65+ | Republican,INEQ7_W54,4,"0.462688,0.216857,0.137843,0.182612"
AGExPOLPARTY,AGExPOLPARTY :: 18-29 | Democrat,INEQ8_c_W54,4,"0.680575,0.196517,0.079400,0.043508"
AGExPOLPARTY,AGExPOLPARTY :: 18-29 | Independent,INEQ8_c_W54,4,"0.633423,0.231210,0.089839,0.045528"
AGExPOLPARTY,AGExPOLPARTY :: 18-29 | Other,INEQ8_c_W54,4,"0.576795,0.262021,0.107533,0.053650"
AGExPOLPARTY,AGExPOLPARTY :: 18-29 | Republican,INEQ8_c_W54,4,"0.717269,0.181354,0.057964,0.043413"
AGExPOLPARTY,AGExPOLPARTY :: 30-49 | Democrat,INEQ8_c_W54,4,"0.624779,0.235294,0.092865,0.047062"
AGExPOLPARTY,AGExPOLPARTY :: 30-49 | Independent,INEQ8_c_W54,4,"0.602953,0.263410,0.088923,0.044714"
AGExPOLPARTY,AGExPOLPARTY :: 30-49 | Other,INEQ8_c_W54,4,"0.550591,0.283420,0.112737,0.053253"
AGExPOLPARTY,AGExPOLPARTY :: 30-49 | Refused,INEQ8_c_W54,4,"0.585158,0.257642,0.095524,0.061675"
AGExPOLPARTY,AGExPOLPARTY :: 30-49 | Republican,INEQ8_c_W54,4,"0.681167,0.209373,0.062376,0.047084"
AGExPOLPARTY,AGExPOLPARTY :: 50-64 | Democrat,INEQ8_c_W54,4,"0.616398,0.241385,0.091619,0.050597"
AGExPOLPARTY,AGExPOLPARTY :: 50-64 | Independent,INEQ8_c_W54,4,"0.600205,0.258145,0.092766,0.048884"
AGExPOLPARTY,AGExPOLPARTY :: 50-64 | Other,INEQ8_c_W54,4,"0.566960,0.267813,0.108206,0.057021"
AGExPOLPARTY,AGExPOLPARTY :: 50-64 | Republican,INEQ8_c_W54,4,"0.684027,0.203784,0.062638,0.049551"
AGExPOLPARTY,AGExPOLPARTY :: 65+ | Democrat,INEQ8_c_W54,4,"0.635692,0.221412,0.086032,0.056863"
AGExPOLPARTY,AGExPOLPARTY :: 65+ | Independent,INEQ8_c_W54,4,"0.603714,0.245835,0.089734,0.060717"
AGExPOLPARTY,AGExPOLPARTY :: 65+ | Other,INEQ8_c_W54,4,"0.559415,0.258127,0.111890,0.070568"
AGExPOLPARTY,AGExPOLPARTY :: 65+ | Republican,INEQ8_c_W54,4,"0.680440,0.190433,0.062798,0.066328"
AGExPOLPARTY,AGExPOLPARTY :: 18-29 | Democrat,INEQ9_W54,2,"0.795658,0.204342"
AGExPOLPARTY,AGExPOLPARTY :: 18-29 | Independent,INEQ9_W54,2,"0.785309,0.214691"
AGExPOLPARTY,AGExPOLPARTY :: 18-29 | Other,INEQ9_W54,2,"0.747616,0.252384"
AGExPOLPARTY,AGExPOLPARTY :: 18-29 | Republican,INEQ9_W54,2,"0.783988,0.216012"
AGExPOLPARTY,AGExPOLPARTY :: 30-49 | Democrat,INEQ9_W54,2,"0.746139,0.253861"
AGExPOLPARTY,AGExPOLPARTY :: 30-49 | Independent,INEQ9_W54,2,"0.760651,0.239349"
AGExPOLPARTY,AGExPOLPARTY :: 30-49 | Other,INEQ9_W54,2,"0.717012,0.282988"
AGExPOLPARTY,AGExPOLPARTY :: 30-49 | Refused,INEQ9_W54,2,"0.723310,0.276691"
AGExPOLPARTY,AGExPOLPARTY :: 30-49 | Republican,INEQ9_W54,2,"0.752013,0.247987"
AGExPOLPARTY,AGExPOLPARTY :: 50-64 | Democrat,INEQ9_W54,2,"0.759225,0.240775"
AGExPOLPARTY,AGExPOLPARTY :: 50-64 | Independent,INEQ9_W54,2,"0.766294,0.233706"
AGExPOLPARTY,AGExPOLPARTY :: 50-64 | Other,INEQ9_W54,2,"0.737158,0.262842"
AGExPOLPARTY,AGExPOLPARTY :: 50-64 | Republican,INEQ9_W54,2,"0.773216,0.226784"
AGExPOLPARTY,AGExPOLPARTY :: 65+ | Democrat,INEQ9_W54,2,"0.763484,0.236516"
AGExPOLPARTY,AGExPOLPARTY :: 65+ | Independent,INEQ9_W54,2,"0.760651,0.239349"
AGExPOLPARTY,AGExPOLPARTY :: 65+ | Other,INEQ9_W54,2,"0.724870,0.275130"
AGExPOLPARTY,AGExPOLPARTY :: 65+ | Republican,INEQ9_W54,2,"0.762070,0.237930"
AGExPOLPARTY,AGExPOLPARTY :: 18-29 | Democrat,INFOKNOWb_W45,2,"0.823328,0.176672"
AGExPOLPARTY,AGExPOLPARTY :: 18-29 | Independent,INFOKNOWb_W45,2,"0.790530,0.209470"
AGExPOLPARTY,AGExPOLPARTY :: 18-29 | Other,INFOKNOWb_W45,2,"0.766294,0.233706"
AGExPOLPARTY,AGExPOLPARTY :: 18-29 | Republican,INFOKNOWb_W45,2,"0.799442,0.200558"
AGExPOLPARTY,AGExPOLPARTY :: 30-49 | Democrat,INFOKNOWb_W45,2,"0.749087,0.250913"
AGExPOLPARTY,AGExPOLPARTY :: 30-49 | Independent,INFOKNOWb_W45,2,"0.771843,0.228156"
AGExPOLPARTY,AGExPOLPARTY :: 30-49 | Other,INFOKNOWb_W45,2,"0.734120,0.265880"
AGExPOLPARTY,AGExPOLPARTY :: 30-49 | Republican,INFOKNOWb_W45,2,"0.762070,0.237930"
AGExPOLPARTY,AGExPOLPARTY :: 50-64 | Democrat,INFOKNOWb_W45,2,"0.744656,0.255344"
AGExPOLPARTY,AGExPOLPARTY :: 50-64 | Independent,INFOKNOWb_W45,2,"0.757794,0.242206"
AGExPOLPARTY,AGExPOLPARTY :: 50-64 | Other,INFOKNOWb_W45,2,"0.747616,0.252384"
AGExPOLPARTY,AGExPOLPARTY :: 50-64 | Republican,INFOKNOWb_W45,2,"0.762070,0.237930"
AGExPOLPARTY,AGExPOLPARTY :: 65+ | Democrat,INFOKNOWb_W45,2,"0.750553,0.249447"
AGExPOLPARTY,AGExPOLPARTY :: 65+ | Independent,INFOKNOWb_W45,2,"0.750553,0.249447"
AGExPOLPARTY,AGExPOLPARTY :: 65+ | Other,INFOKNOWb_W45,2,"0.726426,0.273574"
AGExPOLPARTY,AGExPOLPARTY :: 65+ | Republican,INFOKNOWb_W45,2,"0.754915,0.245085"
AGExPOLPARTY,AGExPOLPARTY :: 18-29 | Democrat,INFOOWNb_W45,2,"0.779993,0.220007"
AGExPOLPARTY,AGExPOLPARTY :: 18-29 | Independent,INFOOWNb_W45,2,"0.741674,0.258326"
AGExPOLPARTY,AGExPOLPARTY :: 18-29 | Other,INFOOWNb_W45,2,"0.712232,0.287768"
AGExPOLPARTY,AGExPOLPARTY :: 18-29 | Republican,INFOOWNb_W45,2,"0.750553,0.249447"
AGExPOLPARTY,AGExPOLPARTY :: 30-49 | Democrat,INFOOWNb_W45,2,"0.679179,0.320821"
AGExPOLPARTY,AGExPOLPARTY :: 30-49 | Independent,INFOOWNb_W45,2,"0.697609,0.302391"
AGExPOLPARTY,AGExPOLPARTY :: 30-49 | Other,INFOOWNb_W45,2,"0.660172,0.339828"
AGExPOLPARTY,AGExPOLPARTY :: 30-49 | Republican,INFOOWNb_W45,2,"0.692642,0.307358"
AGExPOLPARTY,AGExPOLPARTY :: 50-64 | Democrat,INFOOWNb_W45,2,"0.679179,0.320821"
AGExPOLPARTY,AGExPOLPARTY :: 50-64 | Independent,INFOOWNb_W45,2,"0.687630,0.312370"
AGExPOLPARTY,AGExPOLPARTY :: 50-64 | Other,INFOOWNb_W45,2,"0.672332,0.327668"
AGExPOLPARTY,AGExPOLPARTY :: 50-64 | Republican,INFOOWNb_W45,2,"0.702530,0.297470"
AGExPOLPARTY,AGExPOLPARTY :: 65+ | Democrat,INFOOWNb_W45,2,"0.694303,0.305697"
AGExPOLPARTY,AGExPOLPARTY :: 65+ | Independent,INFOOWNb_W45,2,"0.685949,0.314051"
AGExPOLPARTY,AGExPOLPARTY :: 65+ | Other,INFOOWNb_W45,2,"0.663669,0.336331"
AGExPOLPARTY,AGExPOLPARTY :: 65+ | Republican,INFOOWNb_W45,2,"0.704160,0.295840"
AGExPOLPARTY,AGExPOLPARTY :: 18-29 | Democrat,INFORESTRICTb_W45,2,"0.831143,0.168857"
AGExPOLPARTY,AGExPOLPARTY :: 18-29 | Independent,INFORESTRICTb_W45,2,"0.801936,0.198064"
AGExPOLPARTY,AGExPOLPARTY :: 18-29 | Other,INFORESTRICTb_W45,2,"0.773216,0.226784"
AGExPOLPARTY,AGExPOLPARTY :: 18-29 | Republican,INFORESTRICTb_W45,2,"0.790530,0.209470"
AGExPOLPARTY,AGExPOLPARTY :: 30-49 | Democrat,INFORESTRICTb_W45,2,"0.773216,0.226784"
AGExPOLPARTY,AGExPOLPARTY :: 30-49 | Independent,INFORESTRICTb_W45,2,"0.771843,0.228156"
AGExPOLPARTY,AGExPOLPARTY :: 30-49 | Other,INFORESTRICTb_W45,2,"0.737158,0.262842"
AGExPOLPARTY,AGExPOLPARTY :: 30-49 | Republican,INFORESTRICTb_W45,2,"0.754915,0.245085"
AGExPOLPARTY,AGExPOLPARTY :: 50-64 | Democrat,INFORESTRICTb_W45,2,"0.769080,0.230920"
AGExPOLPARTY,AGExPOLPARTY :: 50-64 | Independent,INFORESTRICTb_W45,2,"0.774583,0.225417"
AGExPOLPARTY,AGExPOLPARTY :: 50-64 | Other,INFORESTRICTb_W45,2,"0.746139,0.253861"
AGExPOLPARTY,AGExPOLPARTY :: 50-64 | Republican,INFORESTRICTb_W45,2,"0.759225,0.240775"
AGExPOLPARTY,AGExPOLPARTY :: 65+ | Democrat,INFORESTRICTb_W45,2,"0.778649,0.221351"
AGExPOLPARTY,AGExPOLPARTY :: 65+ | Independent,INFORESTRICTb_W45,2,"0.770465,0.229535"
AGExPOLPARTY,AGExPOLPARTY :: 65+ | Other,INFORESTRICTb_W45,2,"0.738669,0.261331"
AGExPOLPARTY,AGExPOLPARTY :: 65+ | Republican,INFORESTRICTb_W45,2,"0.756358,0.243642"
AGExPOLPARTY,AGExPOLPARTY :: 18-29 | Democrat,INFORESTRICTc_W45,2,"0.795658,0.204342"
AGExPOLPARTY,AGExPOLPARTY :: 18-29 | Independent,INFORESTRICTc_W45,2,"0.757794,0.242206"
AGExPOLPARTY,AGExPOLPARTY :: 18-29 | Other,INFORESTRICTc_W45,2,"0.731059,0.268941"
AGExPOLPARTY,AGExPOLPARTY :: 18-29 | Republican,INFORESTRICTc_W45,2,"0.774583,0.225417"
AGExPOLPARTY,AGExPOLPARTY :: 30-49 | Democrat,INFORESTRICTc_W45,2,"0.752013,0.247987"
AGExPOLPARTY,AGExPOLPARTY :: 30-49 | Independent,INFORESTRICTc_W45,2,"0.738669,0.261331"
AGExPOLPARTY,AGExPOLPARTY :: 30-49 | Other,INFORESTRICTc_W45,2,"0.700895,0.299105"
AGExPOLPARTY,AGExPOLPARTY :: 30-49 | Republican,INFORESTRICTc_W45,2,"0.744656,0.255344"
AGExPOLPARTY,AGExPOLPARTY :: 50-64 | Democrat,INFORESTRICTc_W45,2,"0.746139,0.253861"
AGExPOLPARTY,AGExPOLPARTY :: 50-64 | Independent,INFORESTRICTc_W45,2,"0.731059,0.268941"
AGExPOLPARTY,AGExPOLPARTY :: 50-64 | Other,INFORESTRICTc_W45,2,"0.705785,0.294215"
AGExPOLPARTY,AGExPOLPARTY :: 50-64 | Republican,INFORESTRICTc_W45,2,"0.749087,0.250913"
AGExPOLPARTY,AGExPOLPARTY :: 65+ | Democrat,INFORESTRICTc_W45,2,"0.756358,0.243642"
AGExPOLPARTY,AGExPOLPARTY :: 65+ | Independent,INFORESTRICTc_W45,2,"0.726426,0.273574"
AGExPOLPARTY,AGExPOLPARTY :: 65+ | Other,INFORESTRICTc_W45,2,"0.700895,0.299105"
AGExPOLPARTY,AGExPOLPARTY :: 65+ | Republican,INFORESTRICTc_W45,2,"0.746139,0.253861"
AGExPOLPARTY,AGExPOLPARTY :: 18-29 | Democrat,JOBBENEFITS_W41,3,"0.292639,0.375757,0.331604"
AGExPOLPARTY,AGExPOLPARTY :: 18-29 | Independent,JOBBENEFITS_W41,3,"0.259767,0.344135,0.396097"
AGExPOLPARTY,AGExPOLPARTY :: 18-29 | Other,JOBBENEFITS_W41,3,"0.236885,0.375596,0.387519"
AGExPOLPARTY,AGExPOLPARTY :: 18-29 | Republican,JOBBENEFITS_W41,3,"0.248571,0.419543,0.331886"
AGExPOLPARTY,AGExPOLPARTY :: 30-49 | Democrat,JOBBENEFITS_W41,3,"0.238326,0.428195,0.333479"
AGExPOLPARTY,AGExPOLPARTY :: 30-49 | Independent,JOBBENEFITS_W41,3,"0.254266,0.375780,0.369954"
AGExPOLPARTY,AGExPOLPARTY :: 30-49 | Other,JOBBENEFITS_W41,3,"0.236902,0.378568,0.384530"
AGExPOLPARTY,AGExPOLPARTY :: 30-49 | Republican,JOBBENEFITS_W41,3,"0.244810,0.443294,0.311896"
AGExPOLPARTY,AGExPOLPARTY :: 50-64 | Democrat,JOBBENEFITS_W41,3,"0.221372,0.443703,0.334925"
AGExPOLPARTY,AGExPOLPARTY :: 50-64 | Independent,JOBBENEFITS_W41,3,"0.236902,0.384530,0.378568"
AGExPOLPARTY,AGExPOLPARTY :: 50-64 | Other,JOBBENEFITS_W41,3,"0.227078,0.398534,0.374388"
AGExPOLPARTY,AGExPOLPARTY :: 50-64 | Republican,JOBBENEFITS_W41,3,"0.234261,0.448035,0.317704"
AGExPOLPARTY,AGExPOLPARTY :: 65+ | Democrat,JOBBENEFITS_W41,3,"0.222905,0.439850,0.337245"
AGExPOLPARTY,AGExPOLPARTY :: 65+ | Independent,JOBBENEFITS_W41,3,"0.234072,0.388947,0.376980"
AGExPOLPARTY,AGExPOLPARTY :: 65+ | Republican,JOBBENEFITS_W41,3,"0.233094,0.445805,0.321101"
AGExPOLPARTY,AGExPOLPARTY :: 18-29 | Democrat,LEAD_W45,2,"0.615088,0.384912"
AGExPOLPARTY,AGExPOLPARTY :: 18-29 | Independent,LEAD_W45,2,"0.654895,0.345105"
AGExPOLPARTY,AGExPOLPARTY :: 18-29 | Other,LEAD_W45,2,"0.569853,0.430147"
AGExPOLPARTY,AGExPOLPARTY :: 18-29 | Republican,LEAD_W45,2,"0.542863,0.457137"
AGExPOLPARTY,AGExPOLPARTY :: 30-49 | Democrat,LEAD_W45,2,"0.573678,0.426322"
AGExPOLPARTY,AGExPOLPARTY :: 30-49 | Independent,LEAD_W45,2,"0.615088,0.384912"
AGExPOLPARTY,AGExPOLPARTY :: 30-49 | Other,LEAD_W45,2,"0.550607,0.449393"
AGExPOLPARTY,AGExPOLPARTY :: 30-49 | Republican,LEAD_W45,2,"0.531209,0.468791"
AGExPOLPARTY,AGExPOLPARTY :: 50-64 | Democrat,LEAD_W45,2,"0.569853,0.430147"
AGExPOLPARTY,AGExPOLPARTY :: 50-64 | Independent,LEAD_W45,2,"0.618780,0.381220"
AGExPOLPARTY,AGExPOLPARTY :: 50-64 | Other,LEAD_W45,2,"0.538983,0.461017"
AGExPOLPARTY,AGExPOLPARTY :: 50-64 | Republican,LEAD_W45,2,"0.515620,0.484380"
AGExPOLPARTY,AGExPOLPARTY :: 65+ | Democrat,LEAD_W45,2,"0.569853,0.430147"
AGExPOLPARTY,AGExPOLPARTY :: 65+ | Independent,LEAD_W45,2,"0.615088,0.384912"
AGExPOLPARTY,AGExPOLPARTY :: 65+ | Other,LEAD_W45,2,"0.535098,0.464902"
AGExPOLPARTY,AGExPOLPARTY :: 65+ | Republican,LEAD_W45,2,"0.503906,0.496094"
AGExPOLPARTY,AGExPOLPARTY :: 18-29 | Democrat,LOCALPROBK_W32,3,"0.514289,0.302335,0.183376"
AGExPOLPARTY,AGExPOLPARTY :: 18-29 | Independent,LOCALPROBK_W32,3,"0.425485,0.333967,0.240548"
AGExPOLPARTY,AGExPOLPARTY :: 18-29 | Other,LOCALPROBK_W32,3,"0.393837,0.329063,0.277099"
AGExPOLPARTY,AGExPOLPARTY :: 18-29 | Republican,LOCALPROBK_W32,3,"0.462920,0.313227,0.223853"
AGExPOLPARTY,AGExPOLPARTY :: 30-49 | Democrat,LOCALPROBK_W32,3,"0.461808,0.330039,0.208153"
AGExPOLPARTY,AGExPOLPARTY :: 30-49 | Independent,LOCALPROBK_W32,3,"0.406290,0.352991,0.240719"
AGExPOLPARTY,AGExPOLPARTY :: 30-49 | Other,LOCALPROBK_W32,3,"0.370701,0.342843,0.286456"
AGExPOLPARTY,AGExPOLPARTY :: 30-49 | Republican,LOCALPROBK_W32,3,"0.437901,0.333137,0.228962"
AGExPOLPARTY,AGExPOLPARTY :: 50-64 | Democrat,LOCALPROBK_W32,3,"0.443313,0.332026,0.224660"
AGExPOLPARTY,AGExPOLPARTY :: 50-64 | Independent,LOCALPROBK_W32,3,"0.392891,0.349445,0.257664"
AGExPOLPARTY,AGExPOLPARTY :: 50-64 | Other,LOCALPROBK_W32,3,"0.377333,0.335607,0.287060"
AGExPOLPARTY,AGExPOLPARTY :: 50-64 | Republican,LOCALPROBK_W32,3,"0.435104,0.320825,0.244071"
AGExPOLPARTY,AGExPOLPARTY :: 65+ | Democrat,LOCALPROBK_W32,3,"0.471014,0.306495,0.222491"
AGExPOLPARTY,AGExPOLPARTY :: 65+ | Independent,LOCALPROBK_W32,3,"0.403268,0.334321,0.262411"
AGExPOLPARTY,AGExPOLPARTY :: 65+ | Other,LOCALPROBK_W32,3,"0.385244,0.319379,0.295377"
AGExPOLPARTY,AGExPOLPARTY :: 65+ | Republican,LOCALPROBK_W32,3,"0.454821,0.295958,0.249221"
AGExPOLPARTY,AGExPOLPARTY :: 18-29 | Democrat,LOCALPROBM_F2_W32,3,"0.505495,0.311427,0.183078"
AGExPOLPARTY,AGExPOLPARTY :: 18-29 | Independent,LOCALPROBM_F2_W32,3,"0.422542,0.353047,0.224410"
AGExPOLPARTY,AGExPOLPARTY :: 18-29 | Other,LOCALPROBM_F2_W32,3,"0.395713,0.354715,0.249573"
AGExPOLPARTY,AGExPOLPARTY :: 18-29 | Republican,LOCALPROBM_F2_W32,3,"0.460424,0.336854,0.202722"
AGExPOLPARTY,AGExPOLPARTY :: 30-49 | Democrat,LOCALPROBM_F2_W32,3,"0.438435,0.349551,0.212013"
AGExPOLPARTY,AGExPOLPARTY :: 30-49 | Independent,LOCALPROBM_F2_W32,3,"0.410057,0.370456,0.219488"
AGExPOLPARTY,AGExPOLPARTY :: 30-49 | Other,LOCALPROBM_F2_W32,3,"0.369555,0.372454,0.257991"
AGExPOLPARTY,AGExPOLPARTY :: 30-49 | Republican,LOCALPROBM_F2_W32,3,"0.432414,0.358484,0.209102"
AGExPOLPARTY,AGExPOLPARTY :: 50-64 | Democrat,LOCALPROBM_F2_W32,3,"0.428271,0.349545,0.222184"
AGExPOLPARTY,AGExPOLPARTY :: 50-64 | Independent,LOCALPROBM_F2_W32,3,"0.389788,0.371939,0.238273"
AGExPOLPARTY,AGExPOLPARTY :: 50-64 | Other,LOCALPROBM_F2_W32,3,"0.384987,0.364498,0.250515"
AGExPOLPARTY,AGExPOLPARTY :: 50-64 | Republican,LOCALPROBM_F2_W32,3,"0.434592,0.351943,0.213464"
AGExPOLPARTY,AGExPOLPARTY :: 65+ | Democrat,LOCALPROBM_F2_W32,3,"0.458787,0.322797,0.218415"
AGExPOLPARTY,AGExPOLPARTY :: 65+ | Independent,LOCALPROBM_F2_W32,3,"0.404407,0.354111,0.241482"
AGExPOLPARTY,AGExPOLPARTY :: 65+ | Other,LOCALPROBM_F2_W32,3,"0.390996,0.342368,0.266636"
AGExPOLPARTY,AGExPOLPARTY :: 65+ | Republican,LOCALPROBM_F2_W32,3,"0.458003,0.322245,0.219752"
AGExPOLPARTY,AGExPOLPARTY :: 18-29 | Democrat,MADEUPRESa_W45,2,"0.626124,0.373876"
AGExPOLPARTY,AGExPOLPARTY :: 18-29 | Independent,MADEUPRESa_W45,2,"0.629775,0.370225"
AGExPOLPARTY,AGExPOLPARTY :: 18-29 | Other,MADEUPRESa_W45,2,"0.590779,0.409221"
AGExPOLPARTY,AGExPOLPARTY :: 18-29 | Republican,MADEUPRESa_W45,2,"0.629775,0.370225"
AGExPOLPARTY,AGExPOLPARTY :: 30-49 | Democrat,MADEUPRESa_W45,2,"0.585101,0.414899"
AGExPOLPARTY,AGExPOLPARTY :: 30-49 | Independent,MADEUPRESa_W45,2,"0.607663,0.392337"
AGExPOLPARTY,AGExPOLPARTY :: 30-49 | Other,MADEUPRESa_W45,2,"0.571767,0.428233"
AGExPOLPARTY,AGExPOLPARTY :: 30-49 | Republican,MADEUPRESa_W45,2,"0.603932,0.396068"
AGExPOLPARTY,AGExPOLPARTY :: 50-64 | Democrat,MADEUPRESa_W45,2,"0.581303,0.418697"
AGExPOLPARTY,AGExPOLPARTY :: 50-64 | Independent,MADEUPRESa_W45,2,"0.598312,0.401688"
AGExPOLPARTY,AGExPOLPARTY :: 50-64 | Other,MADEUPRESa_W45,2,"0.575588,0.424412"
AGExPOLPARTY,AGExPOLPARTY :: 50-64 | Republican,MADEUPRESa_W45,2,"0.607663,0.392337"
AGExPOLPARTY,AGExPOLPARTY :: 65+ | Democrat,MADEUPRESa_W45,2,"0.602062,0.397938"
AGExPOLPARTY,AGExPOLPARTY :: 65+ | Independent,MADEUPRESa_W45,2,"0.611382,0.388618"
AGExPOLPARTY,AGExPOLPARTY :: 65+ | Other,MADEUPRESa_W45,2,"0.590779,0.409221"
AGExPOLPARTY,AGExPOLPARTY :: 65+ | Republican,MADEUPRESa_W45,2,"0.629775,0.370225"
AGExPOLPARTY,AGExPOLPARTY :: 18-29 | Democrat,MADEUPRESe_W45,2,"0.651355,0.348645"
AGExPOLPARTY,AGExPOLPARTY :: 18-29 | Independent,MADEUPRESe_W45,2,"0.642432,0.357568"
AGExPOLPARTY,AGExPOLPARTY :: 18-29 | Other,MADEUPRESe_W45,2,"0.603932,0.396068"
AGExPOLPARTY,AGExPOLPARTY :: 18-29 | Republican,MADEUPRESe_W45,2,"0.638835,0.361165"
AGExPOLPARTY,AGExPOLPARTY :: 30-49 | Democrat,MADEUPRESe_W45,2,"0.605799,0.394201"
AGExPOLPARTY,AGExPOLPARTY :: 30-49 | Independent,MADEUPRESe_W45,2,"0.624294,0.375706"
AGExPOLPARTY,AGExPOLPARTY :: 30-49 | Other,MADEUPRESe_W45,2,"0.583203,0.416797"
AGExPOLPARTY,AGExPOLPARTY :: 30-49 | Republican,MADEUPRESe_W45,2,"0.616936,0.383064"
AGExPOLPARTY,AGExPOLPARTY :: 50-64 | Democrat,MADEUPRESe_W45,2,"0.598312,0.401688"
AGExPOLPARTY,AGExPOLPARTY :: 50-64 | Independent,MADEUPRESe_W45,2,"0.607663,0.392337"
AGExPOLPARTY,AGExPOLPARTY :: 50-64 | Other,MADEUPRESe_W45,2,"0.588889,0.411111"
AGExPOLPARTY,AGExPOLPARTY :: 50-64 | Republican,MADEUPRESe_W45,2,"0.616936,0.383064"
AGExPOLPARTY,AGExPOLPARTY :: 65+ | Democrat,MADEUPRESe_W45,2,"0.620622,0.379378"
AGExPOLPARTY,AGExPOLPARTY :: 65+ | Independent,MADEUPRESe_W45,2,"0.620622,0.379378"
AGExPOLPARTY,AGExPOLPARTY :: 65+ | Other,MADEUPRESe_W45,2,"0.596433,0.403567"
AGExPOLPARTY,AGExPOLPARTY :: 65+ | Republican,MADEUPRESe_W45,2,"0.633410,0.366590"
AGExPOLPARTY,AGExPOLPARTY :: 18-29 | Democrat,MADEUPSHARE1_W45,2,"0.721743,0.278257"
AGExPOLPARTY,AGExPOLPARTY :: 18-29 | Independent,MADEUPSHARE1_W45,2,"0.747616,0.252384"
AGExPOLPARTY,AGExPOLPARTY :: 18-29 | Other,MADEUPSHARE1_W45,2,"0.695958,0.304042"
AGExPOLPARTY,AGExPOLPARTY :: 18-29 | Republican,MADEUPSHARE1_W45,2,"0.717012,0.282988"
AGExPOLPARTY,AGExPOLPARTY :: 30-49 | Democrat,MADEUPSHARE1_W45,2,"0.667148,0.332852"
AGExPOLPARTY,AGExPOLPARTY :: 30-49 | Independent,MADEUPSHARE1_W45,2,"0.718594,0.281406"
AGExPOLPARTY,AGExPOLPARTY :: 30-49 | Other,MADEUPSHARE1_W45,2,"0.660172,0.339828"
AGExPOLPARTY,AGExPOLPARTY :: 30-49 | Republican,MADEUPSHARE1_W45,2,"0.675765,0.324235"
AGExPOLPARTY,AGExPOLPARTY :: 50-64 | Democrat,MADEUPSHARE1_W45,2,"0.665411,0.334589"
AGExPOLPARTY,AGExPOLPARTY :: 50-64 | Independent,MADEUPSHARE1_W45,2,"0.707405,0.292595"
AGExPOLPARTY,AGExPOLPARTY :: 50-64 | Other,MADEUPSHARE1_W45,2,"0.674050,0.325950"
AGExPOLPARTY,AGExPOLPARTY :: 50-64 | Republican,MADEUPSHARE1_W45,2,"0.675765,0.324235"
AGExPOLPARTY,AGExPOLPARTY :: 65+ | Democrat,MADEUPSHARE1_W45,2,"0.684264,0.315736"
AGExPOLPARTY,AGExPOLPARTY :: 65+ | Independent,MADEUPSHARE1_W45,2,"0.715424,0.284576"
AGExPOLPARTY,AGExPOLPARTY :: 65+ | Other,MADEUPSHARE1_W45,2,"0.663669,0.336331"
AGExPOLPARTY,AGExPOLPARTY :: 65+ | Republican,MADEUPSHARE1_W45,2,"0.682574,0.317426"
AGExPOLPARTY,AGExPOLPARTY :: 18-29 | Democrat,MADEUPSMCLICK_W45,5,"0.182000,0.204628,0.262748,0.219534,0.131090"
AGExPOLPARTY,AGExPOLPARTY :: 18-29 | Independent,MADEUPSMCLICK_W45,5,"0.144826,0.191863,0.294851,0.240651,0.127809"
AGExPOLPARTY,AGExPOLPARTY :: 18-29 | Other,MADEUPSMCLICK_W45,5,"0.139956,0.183969,0.284937,0.236221,0.154917"
AGExPOLPARTY,AGExPOLPARTY :: 18-29 | Republican,MADEUPSMCLICK_W45,5,"0.162694,0.185802,0.264078,0.240445,0.146981"
AGExPOLPARTY,AGExPOLPARTY :: 30-49 | Democrat,MADEUPSMCLICK_W45,5,"0.147247,0.210922,0.279427,0.233470,0.128934"
AGExPOLPARTY,AGExPOLPARTY :: 30-49 | Independent,MADEUPSMCLICK_W45,5,"0.142716,0.226285,0.290555,0.219323,0.121121"
AGExPOLPARTY,AGExPOLPARTY :: 30-49 | Other,MADEUPSMCLICK_W45,5,"0.141438,0.215667,0.281283,0.219064,0.142547"
AGExPOLPARTY,AGExPOLPARTY :: 30-49 | Republican,MADEUPSMCLICK_W45,5,"0.162095,0.216426,0.269346,0.219834,0.132298"
AGExPOLPARTY,AGExPOLPARTY :: 50-64 | Democrat,MADEUPSMCLICK_W45,5,"0.137017,0.193225,0.287808,0.248106,0.133843"
AGExPOLPARTY,AGExPOLPARTY :: 50-64 | Independent,MADEUPSMCLICK_W45,5,"0.133688,0.194515,0.306015,0.240194,0.125588"
AGExPOLPARTY,AGExPOLPARTY :: 50-64 | Other,MADEUPSMCLICK_W45,5,"0.132231,0.192395,0.300325,0.232073,0.142976"
AGExPOLPARTY,AGExPOLPARTY :: 50-64 | Republican,MADEUPSMCLICK_W45,5,"0.149651,0.195182,0.288461,0.233603,0.133103"
AGExPOLPARTY,AGExPOLPARTY :: 65+ | Democrat,MADEUPSMCLICK_W45,5,"0.144110,0.180754,0.252920,0.258918,0.163298"
AGExPOLPARTY,AGExPOLPARTY :: 65+ | Independent,MADEUPSMCLICK_W45,5,"0.136012,0.180187,0.266299,0.262171,0.155331"
AGExPOLPARTY,AGExPOLPARTY :: 65+ | Other,MADEUPSMCLICK_W45,5,"0.138963,0.177043,0.253603,0.247728,0.182663"
AGExPOLPARTY,AGExPOLPARTY :: 65+ | Republican,MADEUPSMCLICK_W45,5,"0.158332,0.175257,0.239548,0.256998,0.169865"
AGExPOLPARTY,AGExPOLPARTY :: 18-29 | Democrat,MAN1A_W29,4,"0.286380,0.277569,0.293171,0.142880"
AGExPOLPARTY,AGExPOLPARTY :: 18-29 | Independent,MAN1A_W29,4,"0.243300,0.282233,0.332552,0.141916"
AGExPOLPARTY,AGExPOLPARTY :: 18-29 | Other,MAN1A_W29,4,"0.237385,0.281902,0.332161,0.148552"
AGExPOLPARTY,AGExPOLPARTY :: 18-29 | Republican,MAN1A_W29,4,"0.289236,0.284752,0.291505,0.134507"
AGExPOLPARTY,AGExPOLPARTY :: 30-49 | Democrat,MAN1A_W29,4,"0.254349,0.295050,0.306804,0.143796"
AGExPOLPARTY,AGExPOLPARTY :: 30-49 | Independent,MAN1A_W29,4,"0.248827,0.317013,0.322005,0.112155"
AGExPOLPARTY,AGExPOLPARTY :: 30-49 | Other,MAN1A_W29,4,"0.236813,0.304074,0.331361,0.127751"
AGExPOLPARTY,AGExPOLPARTY :: 30-49 | Republican,MAN1A_W29,4,"0.286706,0.307591,0.288955,0.116748"
AGExPOLPARTY,AGExPOLPARTY :: 50-64 | Democrat,MAN1A_W29,4,"0.247209,0.286767,0.307656,0.158368"
AGExPOLPARTY,AGExPOLPARTY :: 50-64 | Independent,MAN1A_W29,4,"0.236415,0.296530,0.333398,0.133657"
AGExPOLPARTY,AGExPOLPARTY :: 50-64 | Other,MAN1A_W29,4,"0.239422,0.293346,0.335011,0.132221"
AGExPOLPARTY,AGExPOLPARTY :: 50-64 | Republican,MAN1A_W29,4,"0.281388,0.294892,0.294892,0.128829"
AGExPOLPARTY,AGExPOLPARTY :: 65+ | Democrat,MAN1A_W29,4,"0.255574,0.267840,0.289604,0.186982"
AGExPOLPARTY,AGExPOLPARTY :: 65+ | Independent,MAN1A_W29,4,"0.243062,0.277585,0.309669,0.169684"
AGExPOLPARTY,AGExPOLPARTY :: 65+ | Other,MAN1A_W29,4,"0.242726,0.270780,0.311666,0.174829"
AGExPOLPARTY,AGExPOLPARTY :: 65+ | Republican,MAN1A_W29,4,"0.293293,0.269141,0.269141,0.168424"
AGExPOLPARTY,AGExPOLPARTY :: 18-29 | Democrat,MAN1E_W29,4,"0.385631,0.286577,0.223186,0.104605"
AGExPOLPARTY,AGExPOLPARTY :: 18-29 | Independent,MAN1E_W29,4,"0.357354,0.298580,0.245605,0.098461"
AGExPOLPARTY,AGExPOLPARTY :: 18-29 | Other,MAN1E_W29,4,"0.335672,0.305633,0.251407,0.107287"
AGExPOLPARTY,AGExPOLPARTY :: 18-29 | Republican,MAN1E_W29,4,"0.395719,0.296380,0.210165,0.097736"
AGExPOLPARTY,AGExPOLPARTY :: 30-49 | Democrat,MAN1E_W29,4,"0.350203,0.306648,0.238818,0.104332"
AGExPOLPARTY,AGExPOLPARTY :: 30-49 | Independent,MAN1E_W29,4,"0.344274,0.331085,0.242227,0.082414"
AGExPOLPARTY,AGExPOLPARTY :: 30-49 | Other,MAN1E_W29,4,"0.320392,0.325438,0.259462,0.094708"
AGExPOLPARTY,AGExPOLPARTY :: 30-49 | Republican,MAN1E_W29,4,"0.377289,0.320201,0.214973,0.087538"
AGExPOLPARTY,AGExPOLPARTY :: 50-64 | Democrat,MAN1E_W29,4,"0.342986,0.302684,0.239443,0.114886"
AGExPOLPARTY,AGExPOLPARTY :: 50-64 | Independent,MAN1E_W29,4,"0.341223,0.315579,0.247701,0.095497"
AGExPOLPARTY,AGExPOLPARTY :: 50-64 | Other,MAN1E_W29,4,"0.327545,0.317467,0.255092,0.099896"
AGExPOLPARTY,AGExPOLPARTY :: 50-64 | Republican,MAN1E_W29,4,"0.377463,0.308077,0.216759,0.097701"
AGExPOLPARTY,AGExPOLPARTY :: 65+ | Democrat,MAN1E_W29,4,"0.352259,0.283048,0.225665,0.139028"
AGExPOLPARTY,AGExPOLPARTY :: 65+ | Independent,MAN1E_W29,4,"0.340910,0.298511,0.236141,0.124438"
AGExPOLPARTY,AGExPOLPARTY :: 65+ | Other,MAN1E_W29,4,"0.324836,0.295767,0.247122,0.132275"
AGExPOLPARTY,AGExPOLPARTY :: 65+ | Republican,MAN1E_W29,4,"0.381187,0.285496,0.205635,0.127682"
AGExPOLPARTY,AGExPOLPARTY :: 18-29 | Democrat,MARRFAM2_W32,2,"0.577495,0.422505"
AGExPOLPARTY,AGExPOLPARTY :: 18-29 | Independent,MARRFAM2_W32,2,"0.577495,0.422505"
AGExPOLPARTY,AGExPOLPARTY :: 18-29 | Other,MARRFAM2_W32,2,"0.546738,0.453262"
AGExPOLPARTY,AGExPOLPARTY :: 18-29 | Republican,MARRFAM2_W32,2,"0.640636,0.359364"
AGExPOLPARTY,AGExPOLPARTY :: 30-49 | Democrat,MARRFAM2_W32,2,"0.562177,0.437824"
AGExPOLPARTY,AGExPOLPARTY :: 30-49 | Independent,MARRFAM2_W32,2,"0.577495,0.422505"
AGExPOLPARTY,AGExPOLPARTY :: 30-49 | Other,MARRFAM2_W32,2,"0.538983,0.461017"
AGExPOLPARTY,AGExPOLPARTY :: 30-49 | Republican,MARRFAM2_W32,2,"0.640636,0.359364"
AGExPOLPARTY,AGExPOLPARTY :: 50-64 | Democrat,MARRFAM2_W32,2,"0.550607,0.449393"
AGExPOLPARTY,AGExPOLPARTY :: 50-64 | Independent,MARRFAM2_W32,2,"0.577495,0.422505"
AGExPOLPARTY,AGExPOLPARTY :: 50-64 | Other,MARRFAM2_W32,2,"0.546738,0.453262"
AGExPOLPARTY,AGExPOLPARTY :: 50-64 | Republican,MARRFAM2_W32,2,"0.638835,0.361165"
AGExPOLPARTY,AGExPOLPARTY :: 65+ | Democrat,MARRFAM2_W32,2,"0.566019,0.433981"
AGExPOLPARTY,AGExPOLPARTY :: 65+ | Independent,MARRFAM2_W32,2,"0.581303,0.418697"
AGExPOLPARTY,AGExPOLPARTY :: 65+ | Other,MARRFAM2_W32,2,"0.550607,0.449393"
AGExPOLPARTY,AGExPOLPARTY :: 65+ | Republican,MARRFAM2_W32,2,"0.633410,0.366590"
AGExPOLPARTY,AGExPOLPARTY :: 18-29 | Democrat,MASC1F1_W29,3,"0.417999,0.157420,0.424581"
AGExPOLPARTY,AGExPOLPARTY :: 18-29 | Independent,MASC1F1_W29,3,"0.363323,0.140073,0.496604"
AGExPOLPARTY,AGExPOLPARTY :: 18-29 | Other,MASC1F1_W29,3,"0.319143,0.166868,0.513989"
AGExPOLPARTY,AGExPOLPARTY :: 18-29 | Republican,MASC1F1_W29,3,"0.411064,0.130361,0.458575"
AGExPOLPARTY,AGExPOLPARTY :: 30-49 | Democrat,MASC1F1_W29,3,"0.399451,0.178645,0.421904"
AGExPOLPARTY,AGExPOLPARTY :: 30-49 | Independent,MASC1F1_W29,3,"0.361454,0.148341,0.490205"
AGExPOLPARTY,AGExPOLPARTY :: 30-49 | Other,MASC1F1_W29,3,"0.321707,0.168208,0.510085"
AGExPOLPARTY,AGExPOLPARTY :: 30-49 | Republican,MASC1F1_W29,3,"0.417215,0.138662,0.444123"
AGExPOLPARTY,AGExPOLPARTY :: 50-64 | Democrat,MASC1F1_W29,3,"0.382158,0.184800,0.433042"
AGExPOLPARTY,AGExPOLPARTY :: 50-64 | Independent,MASC1F1_W29,3,"0.351937,0.147860,0.500203"
AGExPOLPARTY,AGExPOLPARTY :: 50-64 | Other,MASC1F1_W29,3,"0.310262,0.166071,0.523667"
AGExPOLPARTY,AGExPOLPARTY :: 50-64 | Republican,MASC1F1_W29,3,"0.381516,0.143680,0.474804"
AGExPOLPARTY,AGExPOLPARTY :: 65+ | Democrat,MASC1F1_W29,3,"0.394395,0.179162,0.426443"
AGExPOLPARTY,AGExPOLPARTY :: 65+ | Independent,MASC1F1_W29,3,"0.352073,0.151425,0.496502"
AGExPOLPARTY,AGExPOLPARTY :: 65+ | Other,MASC1F1_W29,3,"0.316177,0.174610,0.509213"
AGExPOLPARTY,AGExPOLPARTY :: 65+ | Republican,MASC1F1_W29,3,"0.381516,0.143680,0.474804"
AGExPOLPARTY,AGExPOLPARTY :: 18-29 | Democrat,MASC2_W29,4,"0.307909,0.271728,0.237933,0.182430"
AGExPOLPARTY,AGExPOLPARTY :: 18-29 | Independent,MASC2_W29,4,"0.254553,0.283974,0.275237,0.186235"
AGExPOLPARTY,AGExPOLPARTY :: 18-29 | Other,MASC2_W29,4,"0.236100,0.287024,0.271749,0.205127"
AGExPOLPARTY,AGExPOLPARTY :: 18-29 | Republican,MASC2_W29,4,"0.293438,0.271386,0.230322,0.204853"
AGExPOLPARTY,AGExPOLPARTY :: 30-49 | Democrat,MASC2_W29,4,"0.252589,0.288465,0.266787,0.192159"
AGExPOLPARTY,AGExPOLPARTY :: 30-49 | Independent,MASC2_W29,4,"0.237935,0.312760,0.273862,0.175443"
AGExPOLPARTY,AGExPOLPARTY :: 30-49 | Other,MASC2_W29,4,"0.218912,0.301564,0.283293,0.196231"
AGExPOLPARTY,AGExPOLPARTY :: 30-49 | Republican,MASC2_W29,4,"0.270832,0.292840,0.242773,0.193555"
AGExPOLPARTY,AGExPOLPARTY :: 50-64 | Democrat,MASC2_W29,4,"0.241867,0.287224,0.265639,0.205270"
AGExPOLPARTY,AGExPOLPARTY :: 50-64 | Independent,MASC2_W29,4,"0.224861,0.295574,0.288727,0.190837"
AGExPOLPARTY,AGExPOLPARTY :: 50-64 | Other,MASC2_W29,4,"0.219847,0.300496,0.277913,0.201743"
AGExPOLPARTY,AGExPOLPARTY :: 50-64 | Republican,MASC2_W29,4,"0.267493,0.289229,0.239779,0.203498"
AGExPOLPARTY,AGExPOLPARTY :: 65+ | Democrat,MASC2_W29,4,"0.256673,0.260715,0.250727,0.231885"
AGExPOLPARTY,AGExPOLPARTY :: 65+ | Independent,MASC2_W29,4,"0.238421,0.263908,0.270167,0.227503"
AGExPOLPARTY,AGExPOLPARTY :: 65+ | Other,MASC2_W29,4,"0.233961,0.263050,0.267192,0.235796"
AGExPOLPARTY,AGExPOLPARTY :: 65+ | Republican,MASC2_W29,4,"0.289669,0.245839,0.218654,0.245839"
AGExPOLPARTY,AGExPOLPARTY :: 18-29 | Democrat,MED1_W34,2,"0.702530,0.297470"
AGExPOLPARTY,AGExPOLPARTY :: 18-29 | Independent,MED1_W34,2,"0.705785,0.294215"
AGExPOLPARTY,AGExPOLPARTY :: 18-29 | Other,MED1_W34,2,"0.633410,0.366590"
AGExPOLPARTY,AGExPOLPARTY :: 18-29 | Republican,MED1_W34,2,"0.689306,0.310694"
AGExPOLPARTY,AGExPOLPARTY :: 30-49 | Democrat,MED1_W34,2,"0.647798,0.352202"
AGExPOLPARTY,AGExPOLPARTY :: 30-49 | Independent,MED1_W34,2,"0.692642,0.307358"
AGExPOLPARTY,AGExPOLPARTY :: 30-49 | Other,MED1_W34,2,"0.626124,0.373876"
AGExPOLPARTY,AGExPOLPARTY :: 30-49 | Republican,MED1_W34,2,"0.690976,0.309024"
AGExPOLPARTY,AGExPOLPARTY :: 50-64 | Democrat,MED1_W34,2,"0.629775,0.370225"
AGExPOLPARTY,AGExPOLPARTY :: 50-64 | Independent,MED1_W34,2,"0.687630,0.312370"
AGExPOLPARTY,AGExPOLPARTY :: 50-64 | Other,MED1_W34,2,"0.615088,0.384912"
AGExPOLPARTY,AGExPOLPARTY :: 50-64 | Republican,MED1_W34,2,"0.682574,0.317426"
AGExPOLPARTY,AGExPOLPARTY :: 65+ | Democrat,MED1_W34,2,"0.629775,0.370225"
AGExPOLPARTY,AGExPOLPARTY :: 65+ | Independent,MED1_W34,2,"0.675765,0.324235"
AGExPOLPARTY,AGExPOLPARTY :: 65+ | Republican,MED1_W34,2,"0.667148,0.332852"
AGExPOLPARTY,AGExPOLPARTY :: 18-29 | Democrat,MED2C_W34,3,"0.623286,0.227510,0.149204"
AGExPOLPARTY,AGExPOLPARTY :: 18-29 | Independent,MED2C_W34,3,"0.582055,0.244540,0.173405"
AGExPOLPARTY,AGExPOLPARTY :: 18-29 | Other,MED2C_W34,3,"0.533662,0.254061,0.212276"
AGExPOLPARTY,AGExPOLPARTY :: 18-29 | Republican,MED2C_W34,3,"0.641065,0.218111,0.140823"
AGExPOLPARTY,AGExPOLPARTY :: 30-49 | Democrat,MED2C_W34,3,"0.568070,0.270442,0.161488"
AGExPOLPARTY,AGExPOLPARTY :: 30-49 | Independent,MED2C_W34,3,"0.568423,0.258218,0.173359"
AGExPOLPARTY,AGExPOLPARTY :: 30-49 | Other,MED2C_W34,3,"0.511847,0.269724,0.218429"
AGExPOLPARTY,AGExPOLPARTY :: 30-49 | Republican,MED2C_W34,3,"0.629665,0.229838,0.140497"
AGExPOLPARTY,AGExPOLPARTY :: 50-64 | Democrat,MED2C_W34,3,"0.547200,0.275150,0.177650"
AGExPOLPARTY,AGExPOLPARTY :: 50-64 | Independent,MED2C_W34,3,"0.546699,0.264367,0.188934"
AGExPOLPARTY,AGExPOLPARTY :: 50-64 | Other,MED2C_W34,3,"0.519301,0.259089,0.221610"
AGExPOLPARTY,AGExPOLPARTY :: 50-64 | Republican,MED2C_W34,3,"0.613647,0.227519,0.158834"
AGExPOLPARTY,AGExPOLPARTY :: 65+ | Democrat,MED2C_W34,3,"0.587849,0.248911,0.163240"
AGExPOLPARTY,AGExPOLPARTY :: 65+ | Independent,MED2C_W34,3,"0.571728,0.249770,0.178502"
AGExPOLPARTY,AGExPOLPARTY :: 65+ | Republican,MED2C_W34,3,"0.640892,0.208067,0.151041"
AGExPOLPARTY,AGExPOLPARTY :: 18-29 | Democrat,MED4C_W34,2,"0.685949,0.314051"
AGExPOLPARTY,AGExPOLPARTY :: 18-29 | Independent,MED4C_W34,2,"0.687630,0.312370"
AGExPOLPARTY,AGExPOLPARTY :: 18-29 | Other,MED4C_W34,2,"0.629775,0.370225"
AGExPOLPARTY,AGExPOLPARTY :: 18-29 | Republican,MED4C_W34,2,"0.642432,0.357568"
AGExPOLPARTY,AGExPOLPARTY :: 30-49 | Democrat,MED4C_W34,2,"0.642432,0.357568"
AGExPOLPARTY,AGExPOLPARTY :: 30-49 | Independent,MED4C_W34,2,"0.656658,0.343342"
AGExPOLPARTY,AGExPOLPARTY :: 30-49 | Other,MED4C_W34,2,"0.609524,0.390476"
AGExPOLPARTY,AGExPOLPARTY :: 30-49 | Republican,MED4C_W34,2,"0.622459,0.377541"
AGExPOLPARTY,AGExPOLPARTY :: 50-64 | Democrat,MED4C_W34,2,"0.633410,0.366590"
AGExPOLPARTY,AGExPOLPARTY :: 50-64 | Independent,MED4C_W34,2,"0.649579,0.350421"
AGExPOLPARTY,AGExPOLPARTY :: 50-64 | Other,MED4C_W34,2,"0.605799,0.394201"
AGExPOLPARTY,AGExPOLPARTY :: 50-64 | Republican,MED4C_W34,2,"0.609524,0.390476"
AGExPOLPARTY,AGExPOLPARTY :: 65+ | Democrat,MED4C_W34,2,"0.638835,0.361165"
AGExPOLPARTY,AGExPOLPARTY :: 65+ | Independent,MED4C_W34,2,"0.646014,0.353986"
AGExPOLPARTY,AGExPOLPARTY :: 65+ | Republican,MED4C_W34,2,"0.600188,0.399812"
AGExPOLPARTY,AGExPOLPARTY :: 18-29 | Democrat,MED6A_W34,4,"0.507045,0.221511,0.158307,0.113137"
AGExPOLPARTY,AGExPOLPARTY :: 18-29 | Independent,MED6A_W34,4,"0.453194,0.246397,0.183107,0.117303"
AGExPOLPARTY,AGExPOLPARTY :: 18-29 | Other,MED6A_W34,4,"0.435314,0.259938,0.194684,0.110065"
AGExPOLPARTY,AGExPOLPARTY :: 18-29 | Republican,MED6A_W34,4,"0.503554,0.226970,0.143148,0.126328"
AGExPOLPARTY,AGExPOLPARTY :: 30-49 | Democrat,MED6A_W34,4,"0.470631,0.253886,0.174493,0.100989"
AGExPOLPARTY,AGExPOLPARTY :: 30-49 | Independent,MED6A_W34,4,"0.442536,0.262194,0.181617,0.113653"
AGExPOLPARTY,AGExPOLPARTY :: 30-49 | Other,MED6A_W34,4,"0.413760,0.273479,0.204826,0.107936"
AGExPOLPARTY,AGExPOLPARTY :: 30-49 | Republican,MED6A_W34,4,"0.481047,0.241886,0.152555,0.124512"
AGExPOLPARTY,AGExPOLPARTY :: 50-64 | Democrat,MED6A_W34,4,"0.460375,0.258247,0.172030,0.109349"
AGExPOLPARTY,AGExPOLPARTY :: 50-64 | Independent,MED6A_W34,4,"0.429861,0.264830,0.187792,0.117517"
AGExPOLPARTY,AGExPOLPARTY :: 50-64 | Other,MED6A_W34,4,"0.425549,0.266302,0.191810,0.116339"
AGExPOLPARTY,AGExPOLPARTY :: 50-64 | Republican,MED6A_W34,4,"0.475020,0.238855,0.154216,0.131908"
AGExPOLPARTY,AGExPOLPARTY :: 65+ | Democrat,MED6A_W34,4,"0.458683,0.241709,0.166124,0.133484"
AGExPOLPARTY,AGExPOLPARTY :: 65+ | Independent,MED6A_W34,4,"0.420717,0.251221,0.183798,0.144264"
AGExPOLPARTY,AGExPOLPARTY :: 65+ | Republican,MED6A_W34,4,"0.454831,0.221667,0.153544,0.169958"
AGExPOLPARTY,AGExPOLPARTY :: 18-29 | Democrat,MESUM1_FC_W29,2,"0.717012,0.282988"
AGExPOLPARTY,AGExPOLPARTY :: 18-29 | Independent,MESUM1_FC_W29,2,"0.702530,0.297470"
AGExPOLPARTY,AGExPOLPARTY :: 18-29 | Other,MESUM1_FC_W29,2,"0.665411,0.334589"
AGExPOLPARTY,AGExPOLPARTY :: 18-29 | Republican,MESUM1_FC_W29,2,"0.687630,0.312370"
AGExPOLPARTY,AGExPOLPARTY :: 30-49 | Democrat,MESUM1_FC_W29,2,"0.647798,0.352202"
AGExPOLPARTY,AGExPOLPARTY :: 30-49 | Independent,MESUM1_FC_W29,2,"0.653127,0.346873"
AGExPOLPARTY,AGExPOLPARTY :: 30-49 | Other,MESUM1_FC_W29,2,"0.618780,0.381220"
AGExPOLPARTY,AGExPOLPARTY :: 30-49 | Republican,MESUM1_FC_W29,2,"0.638835,0.361165"
AGExPOLPARTY,AGExPOLPARTY :: 50-64 | Democrat,MESUM1_FC_W29,2,"0.633410,0.366590"
AGExPOLPARTY,AGExPOLPARTY :: 50-64 | Independent,MESUM1_FC_W29,2,"0.644225,0.355775"
AGExPOLPARTY,AGExPOLPARTY :: 50-64 | Other,MESUM1_FC_W29,2,"0.622459,0.377541"
AGExPOLPARTY,AGExPOLPARTY :: 50-64 | Republican,MESUM1_FC_W29,2,"0.640636,0.359364"
AGExPOLPARTY,AGExPOLPARTY :: 65+ | Democrat,MESUM1_FC_W29,2,"0.637031,0.362969"
AGExPOLPARTY,AGExPOLPARTY :: 65+ | Independent,MESUM1_FC_W29,2,"0.629775,0.370225"
AGExPOLPARTY,AGExPOLPARTY :: 65+ | Other,MESUM1_FC_W29,2,"0.600188,0.399812"
AGExPOLPARTY,AGExPOLPARTY :: 65+ | Republican,MESUM1_FC_W29,2,"0.626124,0.373876"
AGExPOLPARTY,AGExPOLPARTY :: 18-29 | Democrat,MESUM1_FE_W29,2,"0.785309,0.214691"
AGExPOLPARTY,AGExPOLPARTY :: 18-29 | Independent,MESUM1_FE_W29,2,"0.752013,0.247987"
AGExPOLPARTY,AGExPOLPARTY :: 18-29 | Other,MESUM1_FE_W29,2,"0.729520,0.270480"
AGExPOLPARTY,AGExPOLPARTY :: 18-29 | Republican,MESUM1_FE_W29,2,"0.778649,0.221351"
AGExPOLPARTY,AGExPOLPARTY :: 30-49 | Democrat,MESUM1_FE_W29,2,"0.697609,0.302391"
AGExPOLPARTY,AGExPOLPARTY :: 30-49 | Independent,MESUM1_FE_W29,2,"0.692642,0.307358"
AGExPOLPARTY,AGExPOLPARTY :: 30-49 | Other,MESUM1_FE_W29,2,"0.672332,0.327668"
AGExPOLPARTY,AGExPOLPARTY :: 30-49 | Republican,MESUM1_FE_W29,2,"0.723310,0.276691"
AGExPOLPARTY,AGExPOLPARTY :: 50-64 | Democrat,MESUM1_FE_W29,2,"0.684264,0.315736"
AGExPOLPARTY,AGExPOLPARTY :: 50-64 | Independent,MESUM1_FE_W29,2,"0.690976,0.309024"
AGExPOLPARTY,AGExPOLPARTY :: 50-64 | Other,MESUM1_FE_W29,2,"0.677474,0.322526"
AGExPOLPARTY,AGExPOLPARTY :: 50-64 | Republican,MESUM1_FE_W29,2,"0.720172,0.279829"
AGExPOLPARTY,AGExPOLPARTY :: 65+ | Democrat,MESUM1_FE_W29,2,"0.682574,0.317426"
AGExPOLPARTY,AGExPOLPARTY :: 65+ | Independent,MESUM1_FE_W29,2,"0.661923,0.338077"
AGExPOLPARTY,AGExPOLPARTY :: 65+ | Other,MESUM1_FE_W29,2,"0.644225,0.355775"
AGExPOLPARTY,AGExPOLPARTY :: 65+ | Republican,MESUM1_FE_W29,2,"0.684264,0.315736"
AGExPOLPARTY,AGExPOLPARTY :: 18-29 | Democrat,MESUM2_FD_W29,2,"0.852935,0.147065"
AGExPOLPARTY,AGExPOLPARTY :: 18-29 | Independent,MESUM2_FD_W29,2,"0.806853,0.193147"
AGExPOLPARTY,AGExPOLPARTY :: 18-29 | Other,MESUM2_FD_W29,2,"0.767690,0.232310"
AGExPOLPARTY,AGExPOLPARTY :: 18-29 | Republican,MESUM2_FD_W29,2,"0.803174,0.196826"
AGExPOLPARTY,AGExPOLPARTY :: 30-49 | Democrat,MESUM2_FD_W29,2,"0.779993,0.220007"
AGExPOLPARTY,AGExPOLPARTY :: 30-49 | Independent,MESUM2_FD_W29,2,"0.732592,0.267408"
AGExPOLPARTY,AGExPOLPARTY :: 30-49 | Other,MESUM2_FD_W29,2,"0.695958,0.304042"
AGExPOLPARTY,AGExPOLPARTY :: 30-49 | Republican,MESUM2_FD_W29,2,"0.732592,0.267408"
AGExPOLPARTY,AGExPOLPARTY :: 50-64 | Democrat,MESUM2_FD_W29,2,"0.777300,0.222700"
AGExPOLPARTY,AGExPOLPARTY :: 50-64 | Independent,MESUM2_FD_W29,2,"0.732592,0.267408"
AGExPOLPARTY,AGExPOLPARTY :: 50-64 | Other,MESUM2_FD_W29,2,"0.699254,0.300746"
AGExPOLPARTY,AGExPOLPARTY :: 50-64 | Republican,MESUM2_FD_W29,2,"0.732592,0.267408"
AGExPOLPARTY,AGExPOLPARTY :: 65+ | Democrat,MESUM2_FD_W29,2,"0.781331,0.218669"
AGExPOLPARTY,AGExPOLPARTY :: 65+ | Independent,MESUM2_FD_W29,2,"0.718594,0.281406"
AGExPOLPARTY,AGExPOLPARTY :: 65+ | Other,MESUM2_FD_W29,2,"0.685949,0.314051"
AGExPOLPARTY,AGExPOLPARTY :: 65+ | Republican,MESUM2_FD_W29,2,"0.720172,0.279829"
AGExPOLPARTY,AGExPOLPARTY :: 18-29 | Democrat,MISINFG_W32,2,"0.409221,0.590779"
AGExPOLPARTY,AGExPOLPARTY :: 18-29 | Independent,MISINFG_W32,2,"0.401688,0.598312"
AGExPOLPARTY,AGExPOLPARTY :: 18-29 | Other,MISINFG_W32,2,"0.390476,0.609524"
AGExPOLPARTY,AGExPOLPARTY :: 18-29 | Republican,MISINFG_W32,2,"0.390476,0.609524"
AGExPOLPARTY,AGExPOLPARTY :: 30-49 | Democrat,MISINFG_W32,2,"0.407333,0.592667"
AGExPOLPARTY,AGExPOLPARTY :: 30-49 | Independent,MISINFG_W32,2,"0.403567,0.596433"
AGExPOLPARTY,AGExPOLPARTY :: 30-49 | Other,MISINFG_W32,2,"0.405449,0.594551"
AGExPOLPARTY,AGExPOLPARTY :: 30-49 | Republican,MISINFG_W32,2,"0.413004,0.586996"
AGExPOLPARTY,AGExPOLPARTY :: 50-64 | Democrat,MISINFG_W32,2,"0.397938,0.602062"
AGExPOLPARTY,AGExPOLPARTY :: 50-64 | Independent,MISINFG_W32,2,"0.396068,0.603932"
AGExPOLPARTY,AGExPOLPARTY :: 50-64 | Other,MISINFG_W32,2,"0.383064,0.616936"
AGExPOLPARTY,AGExPOLPARTY :: 50-64 | Republican,MISINFG_W32,2,"0.396068,0.603932"
AGExPOLPARTY,AGExPOLPARTY :: 65+ | Democrat,MISINFG_W32,2,"0.401688,0.598312"
AGExPOLPARTY,AGExPOLPARTY :: 65+ | Independent,MISINFG_W32,2,"0.396068,0.603932"
AGExPOLPARTY,AGExPOLPARTY :: 65+ | Other,MISINFG_W32,2,"0.397938,0.602062"
AGExPOLPARTY,AGExPOLPARTY :: 65+ | Republican,MISINFG_W32,2,"0.409221,0.590779"
AGExPOLPARTY,AGExPOLPARTY :: 18-29 | Democrat,MOREWMN1F2_W36,3,"0.646633,0.162222,0.191144"
AGExPOLPARTY,AGExPOLPARTY :: 18-29 | Independent,MOREWMN1F2_W36,3,"0.581405,0.166575,0.252020"
AGExPOLPARTY,AGExPOLPARTY :: 18-29 | Other,MOREWMN1F2_W36,3,"0.477045,0.205175,0.317780"
AGExPOLPARTY,AGExPOLPARTY :: 18-29 | Republican,MOREWMN1F2_W36,3,"0.645331,0.159386,0.195283"
AGExPOLPARTY,AGExPOLPARTY :: 30-49 | Democrat,MOREWMN1F2_W36,3,"0.543944,0.214682,0.241374"
AGExPOLPARTY,AGExPOLPARTY :: 30-49 | Independent,MOREWMN1F2_W36,3,"0.566589,0.183945,0.249466"
AGExPOLPARTY,AGExPOLPARTY :: 30-49 | Other,MOREWMN1F2_W36,3,"0.440961,0.218291,0.340748"
AGExPOLPARTY,AGExPOLPARTY :: 30-49 | Republican,MOREWMN1F2_W36,3,"0.609314,0.180113,0.210573"
AGExPOLPARTY,AGExPOLPARTY :: 50-64 | Democrat,MOREWMN1F2_W36,3,"0.521821,0.229755,0.248424"
AGExPOLPARTY,AGExPOLPARTY :: 50-64 | Independent,MOREWMN1F2_W36,3,"0.533432,0.196239,0.270330"
AGExPOLPARTY,AGExPOLPARTY :: 50-64 | Other,MOREWMN1F2_W36,3,"0.468869,0.216347,0.314784"
AGExPOLPARTY,AGExPOLPARTY :: 50-64 | Republican,MOREWMN1F2_W36,3,"0.598364,0.188283,0.213353"
AGExPOLPARTY,AGExPOLPARTY :: 65+ | Democrat,MOREWMN1F2_W36,3,"0.541597,0.210442,0.247961"
AGExPOLPARTY,AGExPOLPARTY :: 65+ | Independent,MOREWMN1F2_W36,3,"0.533233,0.190130,0.276637"
AGExPOLPARTY,AGExPOLPARTY :: 65+ | Other,MOREWMN1F2_W36,3,"0.440207,0.219627,0.340166"
AGExPOLPARTY,AGExPOLPARTY :: 65+ | Republican,MOREWMN1F2_W36,3,"0.608995,0.177228,0.213777"
AGExPOLPARTY,AGExPOLPARTY :: 18-29 | Democrat,NEIGHSAMEC_W32,5,"0.192439,0.180780,0.218062,0.232126,0.176592"
AGExPOLPARTY,AGExPOLPARTY :: 18-29 | Independent,NEIGHSAMEC_W32,5,"0.138188,0.176056,0.270560,0.262235,0.152960"
AGExPOLPARTY,AGExPOLPARTY :: 18-29 | Other,NEIGHSAMEC_W32,5,"0.141467,0.157818,0.270563,0.258173,0.171980"
AGExPOLPARTY,AGExPOLPARTY :: 18-29 | Republican,NEIGHSAMEC_W32,5,"0.183454,0.156917,0.187805,0.248801,0.223024"
AGExPOLPARTY,AGExPOLPARTY :: 30-49 | Democrat,NEIGHSAMEC_W32,5,"0.164062,0.181600,0.236851,0.248218,0.169270"
AGExPOLPARTY,AGExPOLPARTY :: 30-49 | Independent,NEIGHSAMEC_W32,5,"0.135326,0.198442,0.275510,0.248902,0.141820"
AGExPOLPARTY,AGExPOLPARTY :: 30-49 | Other,NEIGHSAMEC_W32,5,"0.136436,0.173825,0.286588,0.250945,0.152206"
AGExPOLPARTY,AGExPOLPARTY :: 30-49 | Republican,NEIGHSAMEC_W32,5,"0.173807,0.176544,0.206400,0.243199,0.200050"
AGExPOLPARTY,AGExPOLPARTY :: 50-64 | Democrat,NEIGHSAMEC_W32,5,"0.157111,0.168556,0.230388,0.263112,0.180834"
AGExPOLPARTY,AGExPOLPARTY :: 50-64 | Independent,NEIGHSAMEC_W32,5,"0.131486,0.172835,0.278355,0.274040,0.143285"
AGExPOLPARTY,AGExPOLPARTY :: 50-64 | Other,NEIGHSAMEC_W32,5,"0.140109,0.160009,0.274320,0.261758,0.163804"
AGExPOLPARTY,AGExPOLPARTY :: 50-64 | Republican,NEIGHSAMEC_W32,5,"0.172620,0.154735,0.198684,0.259133,0.214829"
AGExPOLPARTY,AGExPOLPARTY :: 65+ | Democrat,NEIGHSAMEC_W32,5,"0.170867,0.161774,0.198209,0.256502,0.212648"
AGExPOLPARTY,AGExPOLPARTY :: 65+ | Independent,NEIGHSAMEC_W32,5,"0.142267,0.168946,0.238252,0.272092,0.178443"
AGExPOLPARTY,AGExPOLPARTY :: 65+ | Other,NEIGHSAMEC_W32,5,"0.147645,0.154731,0.237787,0.261158,0.198679"
AGExPOLPARTY,AGExPOLPARTY :: 65+ | Republican,NEIGHSAMEC_W32,5,"0.191456,0.144519,0.158723,0.251664,0.253638"
AGExPOLPARTY,AGExPOLPARTY :: 18-29 | Democrat,NEWSPREFV2_W45,5,"0.154368,0.051707,0.057683,0.135169,0.601072"
AGExPOLPARTY,AGExPOLPARTY :: 18-29 | Independent,NEWSPREFV2_W45,5,"0.121499,0.052666,0.049863,0.129335,0.646636"
AGExPOLPARTY,AGExPOLPARTY :: 18-29 | Other,NEWSPREFV2_W45,5,"0.122142,0.050127,0.073506,0.166948,0.587277"
AGExPOLPARTY,AGExPOLPARTY :: 18-29 | Republican,NEWSPREFV2_W45,5,"0.127512,0.038889,0.044761,0.120726,0.668113"
AGExPOLPARTY,AGExPOLPARTY :: 30-49 | Democrat,NEWSPREFV2_W45,5,"0.158040,0.066918,0.071793,0.147309,0.555940"
AGExPOLPARTY,AGExPOLPARTY :: 30-49 | Independent,NEWSPREFV2_W45,5,"0.122500,0.058776,0.051466,0.125405,0.641853"
AGExPOLPARTY,AGExPOLPARTY :: 30-49 | Other,NEWSPREFV2_W45,5,"0.124836,0.057602,0.077512,0.162816,0.577234"
AGExPOLPARTY,AGExPOLPARTY :: 30-49 | Republican,NEWSPREFV2_W45,5,"0.128859,0.046307,0.051257,0.119175,0.654402"
AGExPOLPARTY,AGExPOLPARTY :: 50-64 | Democrat,NEWSPREFV2_W45,5,"0.154575,0.064436,0.071325,0.148653,0.561011"
AGExPOLPARTY,AGExPOLPARTY :: 50-64 | Independent,NEWSPREFV2_W45,5,"0.123062,0.057229,0.055903,0.124027,0.639779"
AGExPOLPARTY,AGExPOLPARTY :: 50-64 | Other,NEWSPREFV2_W45,5,"0.122090,0.052102,0.076402,0.153135,0.596271"
AGExPOLPARTY,AGExPOLPARTY :: 50-64 | Republican,NEWSPREFV2_W45,5,"0.119310,0.040277,0.049736,0.114739,0.675937"
AGExPOLPARTY,AGExPOLPARTY :: 65+ | Democrat,NEWSPREFV2_W45,5,"0.158281,0.060077,0.062960,0.148691,0.569991"
AGExPOLPARTY,AGExPOLPARTY :: 65+ | Independent,NEWSPREFV2_W45,5,"0.124822,0.055390,0.048123,0.127782,0.643882"
AGExPOLPARTY,AGExPOLPARTY :: 65+ | Other,NEWSPREFV2_W45,5,"0.127142,0.053835,0.072443,0.163254,0.583325"
AGExPOLPARTY,AGExPOLPARTY :: 65+ | Republican,NEWSPREFV2_W45,5,"0.119063,0.036597,0.040194,0.113611,0.690535"
AGExPOLPARTY,AGExPOLPARTY :: 18-29 | Democrat,NEWS_PLATFORMh_W45,4,"0.559971,0.242729,0.131970,0.065330"
AGExPOLPARTY,AGExPOLPARTY :: 18-29 | Independent,NEWS_PLATFORMh_W45,4,"0.490883,0.286330,0.152069,0.070718"
AGExPOLPARTY,AGExPOLPARTY :: 18-29 | Other,NEWS_PLATFORMh_W45,4,"0.418329,0.298966,0.191525,0.091180"
AGExPOLPARTY,AGExPOLPARTY :: 18-29 | Republican,NEWS_PLATFORMh_W45,4,"0.550076,0.247939,0.122739,0.079246"
AGExPOLPARTY,AGExPOLPARTY :: 30-49 | Democrat,NEWS_PLATFORMh_W45,4,"0.471445,0.290449,0.162927,0.075179"
AGExPOLPARTY,AGExPOLPARTY :: 30-49 | Independent,NEWS_PLATFORMh_W45,4,"0.474483,0.303965,0.150474,0.071079"
AGExPOLPARTY,AGExPOLPARTY :: 30-49 | Other,NEWS_PLATFORMh_W45,4,"0.390305,0.316078,0.200912,0.092705"
AGExPOLPARTY,AGExPOLPARTY :: 30-49 | Republican,NEWS_PLATFORMh_W45,4,"0.518268,0.270983,0.130019,0.080731"
AGExPOLPARTY,AGExPOLPARTY :: 50-64 | Democrat,NEWS_PLATFORMh_W45,4,"0.444845,0.294025,0.172848,0.088282"
AGExPOLPARTY,AGExPOLPARTY :: 50-64 | Independent,NEWS_PLATFORMh_W45,4,"0.433768,0.307588,0.173894,0.084749"
AGExPOLPARTY,AGExPOLPARTY :: 50-64 | Other,NEWS_PLATFORMh_W45,4,"0.395807,0.305856,0.197476,0.100861"
AGExPOLPARTY,AGExPOLPARTY :: 50-64 | Republican,NEWS_PLATFORMh_W45,4,"0.503733,0.267531,0.137713,0.091023"
AGExPOLPARTY,AGExPOLPARTY :: 65+ | Democrat,NEWS_PLATFORMh_W45,4,"0.450155,0.268800,0.161766,0.119279"
AGExPOLPARTY,AGExPOLPARTY :: 65+ | Independent,NEWS_PLATFORMh_W45,4,"0.427388,0.286935,0.166065,0.119612"
AGExPOLPARTY,AGExPOLPARTY :: 65+ | Other,NEWS_PLATFORMh_W45,4,"0.376412,0.281919,0.199911,0.141758"
AGExPOLPARTY,AGExPOLPARTY :: 65+ | Republican,NEWS_PLATFORMh_W45,4,"0.503004,0.237602,0.128177,0.131217"
AGExPOLPARTY,AGExPOLPARTY :: 18-29 | Democrat,ONLINESOURCE_W45,2,"0.740174,0.259826"
AGExPOLPARTY,AGExPOLPARTY :: 18-29 | Independent,ONLINESOURCE_W45,2,"0.729520,0.270480"
AGExPOLPARTY,AGExPOLPARTY :: 18-29 | Other,ONLINESOURCE_W45,2,"0.675765,0.324235"
AGExPOLPARTY,AGExPOLPARTY :: 18-29 | Republican,ONLINESOURCE_W45,2,"0.726426,0.273574"
AGExPOLPARTY,AGExPOLPARTY :: 30-49 | Democrat,ONLINESOURCE_W45,2,"0.685949,0.314051"
AGExPOLPARTY,AGExPOLPARTY :: 30-49 | Independent,ONLINESOURCE_W45,2,"0.718594,0.281406"
AGExPOLPARTY,AGExPOLPARTY :: 30-49 | Other,ONLINESOURCE_W45,2,"0.654895,0.345105"
AGExPOLPARTY,AGExPOLPARTY :: 30-49 | Republican,ONLINESOURCE_W45,2,"0.702530,0.297470"
AGExPOLPARTY,AGExPOLPARTY :: 50-64 | Democrat,ONLINESOURCE_W45,2,"0.682574,0.317426"
AGExPOLPARTY,AGExPOLPARTY :: 50-64 | Independent,ONLINESOURCE_W45,2,"0.712232,0.287768"
AGExPOLPARTY,AGExPOLPARTY :: 50-64 | Other,ONLINESOURCE_W45,2,"0.667148,0.332852"
AGExPOLPARTY,AGExPOLPARTY :: 50-64 | Republican,ONLINESOURCE_W45,2,"0.699254,0.300746"
AGExPOLPARTY,AGExPOLPARTY :: 65+ | Democrat,ONLINESOURCE_W45,2,"0.684264,0.315736"
AGExPOLPARTY,AGExPOLPARTY :: 65+ | Independent,ONLINESOURCE_W45,2,"0.704160,0.295840"
AGExPOLPARTY,AGExPOLPARTY :: 65+ | Other,ONLINESOURCE_W45,2,"0.649579,0.350421"
AGExPOLPARTY,AGExPOLPARTY :: 65+ | Republican,ONLINESOURCE_W45,2,"0.690976,0.309024"
AGExPOLPARTY,AGExPOLPARTY :: 30-49 | Democrat,PAR1_W50,3,"0.328903,0.292532,0.378565"
AGExPOLPARTY,AGExPOLPARTY :: 30-49 | Independent,PAR1_W50,3,"0.309943,0.252968,0.437089"
AGExPOLPARTY,AGExPOLPARTY :: 30-49 | Other,PAR1_W50,3,"0.279121,0.264267,0.456612"
AGExPOLPARTY,AGExPOLPARTY :: 30-49 | Refused,PAR1_W50,3,"0.301415,0.270187,0.428398"
AGExPOLPARTY,AGExPOLPARTY :: 30-49 | Republican,PAR1_W50,3,"0.310811,0.257671,0.431518"
AGExPOLPARTY,AGExPOLPARTY :: 50-64 | Democrat,PAR1_W50,3,"0.301924,0.304292,0.393783"
AGExPOLPARTY,AGExPOLPARTY :: 50-64 | Independent,PAR1_W50,3,"0.292294,0.262011,0.445695"
AGExPOLPARTY,AGExPOLPARTY :: 50-64 | Other,PAR1_W50,3,"0.270484,0.262162,0.467354"
AGExPOLPARTY,AGExPOLPARTY :: 50-64 | Republican,PAR1_W50,3,"0.290846,0.258684,0.450471"
AGExPOLPARTY,AGExPOLPARTY :: 65+ | Democrat,PAR1_W50,3,"0.312869,0.291626,0.395504"
AGExPOLPARTY,AGExPOLPARTY :: 65+ | Independent,PAR1_W50,3,"0.298369,0.257211,0.444420"
AGExPOLPARTY,AGExPOLPARTY :: 65+ | Other,PAR1_W50,3,"0.270912,0.264636,0.464451"
AGExPOLPARTY,AGExPOLPARTY :: 65+ | Republican,PAR1_W50,3,"0.292800,0.246562,0.460638"
AGExPOLPARTY,AGExPOLPARTY :: 18-29 | Democrat,PARTICIPATEA_W29,2,"0.759225,0.240775"
AGExPOLPARTY,AGExPOLPARTY :: 18-29 | Independent,PARTICIPATEA_W29,2,"0.754915,0.245085"
AGExPOLPARTY,AGExPOLPARTY :: 18-29 | Other,PARTICIPATEA_W29,2,"0.699254,0.300746"
AGExPOLPARTY,AGExPOLPARTY :: 18-29 | Republican,PARTICIPATEA_W29,2,"0.729520,0.270480"
AGExPOLPARTY,AGExPOLPARTY :: 30-49 | Democrat,PARTICIPATEA_W29,2,"0.697609,0.302391"
AGExPOLPARTY,AGExPOLPARTY :: 30-49 | Independent,PARTICIPATEA_W29,2,"0.724870,0.275130"
AGExPOLPARTY,AGExPOLPARTY :: 30-49 | Other,PARTICIPATEA_W29,2,"0.672332,0.327668"
AGExPOLPARTY,AGExPOLPARTY :: 30-49 | Republican,PARTICIPATEA_W29,2,"0.697609,0.302391"
AGExPOLPARTY,AGExPOLPARTY :: 50-64 | Democrat,PARTICIPATEA_W29,2,"0.690976,0.309024"
AGExPOLPARTY,AGExPOLPARTY :: 50-64 | Independent,PARTICIPATEA_W29,2,"0.731059,0.268941"
AGExPOLPARTY,AGExPOLPARTY :: 50-64 | Other,PARTICIPATEA_W29,2,"0.684264,0.315736"
AGExPOLPARTY,AGExPOLPARTY :: 50-64 | Republican,PARTICIPATEA_W29,2,"0.699254,0.300746"
AGExPOLPARTY,AGExPOLPARTY :: 65+ | Democrat,PARTICIPATEA_W29,2,"0.697609,0.302391"
AGExPOLPARTY,AGExPOLPARTY :: 65+ | Independent,PARTICIPATEA_W29,2,"0.723310,0.276691"
AGExPOLPARTY,AGExPOLPARTY :: 65+ | Other,PARTICIPATEA_W29,2,"0.667148,0.332852"
AGExPOLPARTY,AGExPOLPARTY :: 65+ | Republican,PARTICIPATEA_W29,2,"0.697609,0.302391"
AGExPOLPARTY,AGExPOLPARTY :: 18-29 | Democrat,POL1JB_W92,2,"0.569853,0.430147"
AGExPOLPARTY,AGExPOLPARTY :: 18-29 | Independent,POL1JB_W92,2,"0.542863,0.457137"
AGExPOLPARTY,AGExPOLPARTY :: 18-29 | Other,POL1JB_W92,2,"0.480479,0.519521"
AGExPOLPARTY,AGExPOLPARTY :: 18-29 | Republican,POL1JB_W92,2,"0.515620,0.484380"
AGExPOLPARTY,AGExPOLPARTY :: 30-49 | Democrat,POL1JB_W92,2,"0.515620,0.484380"
AGExPOLPARTY,AGExPOLPARTY :: 30-49 | Independent,POL1JB_W92,2,"0.511717,0.488283"
AGExPOLPARTY,AGExPOLPARTY :: 30-49 | Other,POL1JB_W92,2,"0.464902,0.535098"
AGExPOLPARTY,AGExPOLPARTY :: 30-49 | Republican,POL1JB_W92,2,"0.492188,0.507812"
AGExPOLPARTY,AGExPOLPARTY :: 50-64 | Democrat,POL1JB_W92,2,"0.503906,0.496094"
AGExPOLPARTY,AGExPOLPARTY :: 50-64 | Independent,POL1JB_W92,2,"0.511717,0.488283"
AGExPOLPARTY,AGExPOLPARTY :: 50-64 | Other,POL1JB_W92,2,"0.457137,0.542863"
AGExPOLPARTY,AGExPOLPARTY :: 50-64 | Refused,POL1JB_W92,2,"0.486332,0.513668"
AGExPOLPARTY,AGExPOLPARTY :: 50-64 | Republican,POL1JB_W92,2,"0.488283,0.511717"
AGExPOLPARTY,AGExPOLPARTY :: 65+ | Democrat,POL1JB_W92,2,"0.519521,0.480479"
AGExPOLPARTY,AGExPOLPARTY :: 65+ | Independent,POL1JB_W92,2,"0.515620,0.484380"
AGExPOLPARTY,AGExPOLPARTY :: 65+ | Other,POL1JB_W92,2,"0.466846,0.533154"
AGExPOLPARTY,AGExPOLPARTY :: 65+ | Republican,POL1JB_W92,2,"0.500000,0.500000"
AGExPOLPARTY,AGExPOLPARTY :: 18-29 | Democrat,POLICY1_W42,2,"0.746139,0.253861"
AGExPOLPARTY,AGExPOLPARTY :: 18-29 | Independent,POLICY1_W42,2,"0.724870,0.275130"
AGExPOLPARTY,AGExPOLPARTY :: 18-29 | Other,POLICY1_W42,2,"0.682574,0.317426"
AGExPOLPARTY,AGExPOLPARTY :: 18-29 | Republican,POLICY1_W42,2,"0.734120,0.265880"
AGExPOLPARTY,AGExPOLPARTY :: 30-49 | Democrat,POLICY1_W42,2,"0.692642,0.307358"
AGExPOLPARTY,AGExPOLPARTY :: 30-49 | Independent,POLICY1_W42,2,"0.702530,0.297470"
AGExPOLPARTY,AGExPOLPARTY :: 30-49 | Other,POLICY1_W42,2,"0.654895,0.345105"
AGExPOLPARTY,AGExPOLPARTY :: 30-49 | Refused,POLICY1_W42,2,"0.658418,0.341583"
AGExPOLPARTY,AGExPOLPARTY :: 30-49 | Republican,POLICY1_W42,2,"0.712232,0.287768"
AGExPOLPARTY,AGExPOLPARTY :: 50-64 | Democrat,POLICY1_W42,2,"0.689306,0.310694"
AGExPOLPARTY,AGExPOLPARTY :: 50-64 | Independent,POLICY1_W42,2,"0.705785,0.294215"
AGExPOLPARTY,AGExPOLPARTY :: 50-64 | Other,POLICY1_W42,2,"0.672332,0.327668"
AGExPOLPARTY,AGExPOLPARTY :: 50-64 | Republican,POLICY1_W42,2,"0.715424,0.284576"
AGExPOLPARTY,AGExPOLPARTY :: 65+ | Democrat,POLICY1_W42,2,"0.699254,0.300746"
AGExPOLPARTY,AGExPOLPARTY :: 65+ | Independent,POLICY1_W42,2,"0.702530,0.297470"
AGExPOLPARTY,AGExPOLPARTY :: 65+ | Other,POLICY1_W42,2,"0.661923,0.338077"
AGExPOLPARTY,AGExPOLPARTY :: 65+ | Republican,POLICY1_W42,2,"0.709019,0.290981"
AGExPOLPARTY,AGExPOLPARTY :: 18-29 | Democrat,POLICY2_W42,2,"0.838680,0.161320"
AGExPOLPARTY,AGExPOLPARTY :: 18-29 | Independent,POLICY2_W42,2,"0.845942,0.154058"
AGExPOLPARTY,AGExPOLPARTY :: 18-29 | Other,POLICY2_W42,2,"0.794385,0.205615"
AGExPOLPARTY,AGExPOLPARTY :: 18-29 | Republican,POLICY2_W42,2,"0.826712,0.173288"
AGExPOLPARTY,AGExPOLPARTY :: 30-49 | Democrat,POLICY2_W42,2,"0.783988,0.216012"
AGExPOLPARTY,AGExPOLPARTY :: 30-49 | Independent,POLICY2_W42,2,"0.809276,0.190724"
AGExPOLPARTY,AGExPOLPARTY :: 30-49 | Other,POLICY2_W42,2,"0.749087,0.250913"
AGExPOLPARTY,AGExPOLPARTY :: 30-49 | Refused,POLICY2_W42,2,"0.746139,0.253861"
AGExPOLPARTY,AGExPOLPARTY :: 30-49 | Republican,POLICY2_W42,2,"0.779993,0.220007"
AGExPOLPARTY,AGExPOLPARTY :: 50-64 | Democrat,POLICY2_W42,2,"0.778649,0.221351"
AGExPOLPARTY,AGExPOLPARTY :: 50-64 | Independent,POLICY2_W42,2,"0.810479,0.189521"
AGExPOLPARTY,AGExPOLPARTY :: 50-64 | Other,POLICY2_W42,2,"0.756358,0.243642"
AGExPOLPARTY,AGExPOLPARTY :: 50-64 | Republican,POLICY2_W42,2,"0.773216,0.226784"
AGExPOLPARTY,AGExPOLPARTY :: 65+ | Democrat,POLICY2_W42,2,"0.771843,0.228156"
AGExPOLPARTY,AGExPOLPARTY :: 65+ | Independent,POLICY2_W42,2,"0.785309,0.214691"
AGExPOLPARTY,AGExPOLPARTY :: 65+ | Other,POLICY2_W42,2,"0.726426,0.273574"
AGExPOLPARTY,AGExPOLPARTY :: 65+ | Republican,POLICY2_W42,2,"0.737158,0.262842"
AGExPOLPARTY,AGExPOLPARTY :: 18-29 | Democrat,POORASSIST_W92,3,"0.439586,0.204426,0.355988"
AGExPOLPARTY,AGExPOLPARTY :: 18-29 | Independent,POORASSIST_W92,3,"0.299792,0.198151,0.502057"
AGExPOLPARTY,AGExPOLPARTY :: 18-29 | Other,POORASSIST_W92,3,"0.294408,0.223974,0.481619"
AGExPOLPARTY,AGExPOLPARTY :: 18-29 | Republican,POORASSIST_W92,3,"0.355889,0.201201,0.442910"
AGExPOLPARTY,AGExPOLPARTY :: 30-49 | Democrat,POORASSIST_W92,3,"0.404399,0.221593,0.374008"
AGExPOLPARTY,AGExPOLPARTY :: 30-49 | Independent,POORASSIST_W92,3,"0.296669,0.210370,0.492961"
AGExPOLPARTY,AGExPOLPARTY :: 30-49 | Other,POORASSIST_W92,3,"0.284677,0.223445,0.491878"
AGExPOLPARTY,AGExPOLPARTY :: 30-49 | Republican,POORASSIST_W92,3,"0.350954,0.198412,0.450634"
AGExPOLPARTY,AGExPOLPARTY :: 50-64 | Democrat,POORASSIST_W92,3,"0.388655,0.237580,0.373765"
AGExPOLPARTY,AGExPOLPARTY :: 50-64 | Independent,POORASSIST_W92,3,"0.292764,0.209229,0.498008"
AGExPOLPARTY,AGExPOLPARTY :: 50-64 | Other,POORASSIST_W92,3,"0.289107,0.230497,0.480396"
AGExPOLPARTY,AGExPOLPARTY :: 50-64 | Refused,POORASSIST_W92,3,"0.285269,0.225666,0.489065"
AGExPOLPARTY,AGExPOLPARTY :: 50-64 | Republican,POORASSIST_W92,3,"0.341232,0.210227,0.448541"
AGExPOLPARTY,AGExPOLPARTY :: 65+ | Democrat,POORASSIST_W92,3,"0.402031,0.220295,0.377674"
AGExPOLPARTY,AGExPOLPARTY :: 65+ | Independent,POORASSIST_W92,3,"0.297444,0.204430,0.498125"
AGExPOLPARTY,AGExPOLPARTY :: 65+ | Other,POORASSIST_W92,3,"0.293948,0.228927,0.477125"
AGExPOLPARTY,AGExPOLPARTY :: 65+ | Republican,POORASSIST_W92,3,"0.338050,0.192615,0.469335"
AGExPOLPARTY,AGExPOLPARTY :: 18-29 | Democrat,POOREASY_W53,2,"0.433981,0.566019"
AGExPOLPARTY,AGExPOLPARTY :: 18-29 | Independent,POOREASY_W53,2,"0.439747,0.560253"
AGExPOLPARTY,AGExPOLPARTY :: 18-29 | Other,POOREASY_W53,2,"0.439747,0.560253"
AGExPOLPARTY,AGExPOLPARTY :: 18-29 | Republican,POOREASY_W53,2,"0.439747,0.560253"
AGExPOLPARTY,AGExPOLPARTY :: 30-49 | Democrat,POOREASY_W53,2,"0.418697,0.581303"
AGExPOLPARTY,AGExPOLPARTY :: 30-49 | Independent,POOREASY_W53,2,"0.447460,0.552540"
AGExPOLPARTY,AGExPOLPARTY :: 30-49 | Other,POOREASY_W53,2,"0.457137,0.542863"
AGExPOLPARTY,AGExPOLPARTY :: 30-49 | Refused,POOREASY_W53,2,"0.459076,0.540924"
AGExPOLPARTY,AGExPOLPARTY :: 30-49 | Republican,POOREASY_W53,2,"0.461017,0.538983"
AGExPOLPARTY,AGExPOLPARTY :: 50-64 | Democrat,POOREASY_W53,2,"0.405449,0.594551"
AGExPOLPARTY,AGExPOLPARTY :: 50-64 | Independent,POOREASY_W53,2,"0.451327,0.548674"
AGExPOLPARTY,AGExPOLPARTY :: 50-64 | Other,POOREASY_W53,2,"0.445530,0.554470"
AGExPOLPARTY,AGExPOLPARTY :: 50-64 | Republican,POOREASY_W53,2,"0.447460,0.552540"
AGExPOLPARTY,AGExPOLPARTY :: 65+ | Democrat,POOREASY_W53,2,"0.416797,0.583203"
AGExPOLPARTY,AGExPOLPARTY :: 65+ | Independent,POOREASY_W53,2,"0.457137,0.542863"
AGExPOLPARTY,AGExPOLPARTY :: 65+ | Other,POOREASY_W53,2,"0.461017,0.538983"
AGExPOLPARTY,AGExPOLPARTY :: 65+ | Republican,POOREASY_W53,2,"0.453262,0.546738"
AGExPOLPARTY,AGExPOLPARTY :: 18-29 | Democrat,POP1_W42,2,"0.848972,0.151028"
AGExPOLPARTY,AGExPOLPARTY :: 18-29 | Independent,POP1_W42,2,"0.851953,0.148047"
AGExPOLPARTY,AGExPOLPARTY :: 18-29 | Other,POP1_W42,2,"0.822189,0.177811"
AGExPOLPARTY,AGExPOLPARTY :: 18-29 | Republican,POP1_W42,2,"0.888759,0.111241"
AGExPOLPARTY,AGExPOLPARTY :: 30-49 | Democrat,POP1_W42,2,"0.822189,0.177811"
AGExPOLPARTY,AGExPOLPARTY :: 30-49 | Independent,POP1_W42,2,"0.809276,0.190724"
AGExPOLPARTY,AGExPOLPARTY :: 30-49 | Other,POP1_W42,2,"0.783988,0.216012"
AGExPOLPARTY,AGExPOLPARTY :: 30-49 | Refused,POP1_W42,2,"0.791821,0.208179"
AGExPOLPARTY,AGExPOLPARTY :: 30-49 | Republican,POP1_W42,2,"0.857768,0.142232"
AGExPOLPARTY,AGExPOLPARTY :: 50-64 | Democrat,POP1_W42,2,"0.825590,0.174410"
AGExPOLPARTY,AGExPOLPARTY :: 50-64 | Independent,POP1_W42,2,"0.832237,0.167763"
AGExPOLPARTY,AGExPOLPARTY :: 50-64 | Other,POP1_W42,2,"0.801936,0.198064"
AGExPOLPARTY,AGExPOLPARTY :: 50-64 | Republican,POP1_W42,2,"0.863392,0.136608"
AGExPOLPARTY,AGExPOLPARTY :: 65+ | Democrat,POP1_W42,2,"0.846958,0.153042"
AGExPOLPARTY,AGExPOLPARTY :: 65+ | Independent,POP1_W42,2,"0.836555,0.163445"
AGExPOLPARTY,AGExPOLPARTY :: 65+ | Other,POP1_W42,2,"0.810479,0.189521"
AGExPOLPARTY,AGExPOLPARTY :: 65+ | Republican,POP1_W42,2,"0.865224,0.134776"
AGExPOLPARTY,AGExPOLPARTY :: 18-29 | Democrat,POSNEGCO_W49,2,"0.527317,0.472683"
AGExPOLPARTY,AGExPOLPARTY :: 18-29 | Independent,POSNEGCO_W49,2,"0.533154,0.466846"
AGExPOLPARTY,AGExPOLPARTY :: 18-29 | Other,POSNEGCO_W49,2,"0.480479,0.519521"
AGExPOLPARTY,AGExPOLPARTY :: 18-29 | Republican,POSNEGCO_W49,2,"0.503906,0.496094"
AGExPOLPARTY,AGExPOLPARTY :: 30-49 | Democrat,POSNEGCO_W49,2,"0.480479,0.519521"
AGExPOLPARTY,AGExPOLPARTY :: 30-49 | Independent,POSNEGCO_W49,2,"0.517571,0.482429"
AGExPOLPARTY,AGExPOLPARTY :: 30-49 | Other,POSNEGCO_W49,2,"0.478529,0.521471"
AGExPOLPARTY,AGExPOLPARTY :: 30-49 | Republican,POSNEGCO_W49,2,"0.501953,0.498047"
AGExPOLPARTY,AGExPOLPARTY :: 50-64 | Democrat,POSNEGCO_W49,2,"0.457137,0.542863"
AGExPOLPARTY,AGExPOLPARTY :: 50-64 | Independent,POSNEGCO_W49,2,"0.488283,0.511717"
AGExPOLPARTY,AGExPOLPARTY :: 50-64 | Other,POSNEGCO_W49,2,"0.451327,0.548674"
AGExPOLPARTY,AGExPOLPARTY :: 50-64 | Republican,POSNEGCO_W49,2,"0.474631,0.525369"
AGExPOLPARTY,AGExPOLPARTY :: 65+ | Democrat,POSNEGCO_W49,2,"0.472683,0.527317"
AGExPOLPARTY,AGExPOLPARTY :: 65+ | Independent,POSNEGCO_W49,2,"0.492188,0.507812"
AGExPOLPARTY,AGExPOLPARTY :: 65+ | Other,POSNEGCO_W49,2,"0.455199,0.544801"
AGExPOLPARTY,AGExPOLPARTY :: 65+ | Republican,POSNEGCO_W49,2,"0.480479,0.519521"
AGExPOLPARTY,AGExPOLPARTY :: 18-29 | Democrat,PP6b_W49,4,"0.345104,0.347810,0.190584,0.116502"
AGExPOLPARTY,AGExPOLPARTY :: 18-29 | Independent,PP6b_W49,4,"0.324315,0.356190,0.202951,0.116545"
AGExPOLPARTY,AGExPOLPARTY :: 18-29 | Other,PP6b_W49,4,"0.287626,0.369319,0.215422,0.127633"
AGExPOLPARTY,AGExPOLPARTY :: 18-29 | Republican,PP6b_W49,4,"0.353185,0.350436,0.169460,0.126920"
AGExPOLPARTY,AGExPOLPARTY :: 30-49 | Democrat,PP6b_W49,4,"0.311553,0.358595,0.205924,0.123927"
AGExPOLPARTY,AGExPOLPARTY :: 30-49 | Independent,PP6b_W49,4,"0.312676,0.371312,0.201879,0.114132"
AGExPOLPARTY,AGExPOLPARTY :: 30-49 | Other,PP6b_W49,4,"0.275020,0.370080,0.228000,0.126901"
AGExPOLPARTY,AGExPOLPARTY :: 30-49 | Republican,PP6b_W49,4,"0.332297,0.356503,0.182084,0.129117"
AGExPOLPARTY,AGExPOLPARTY :: 50-64 | Democrat,PP6b_W49,4,"0.300748,0.362772,0.205093,0.131387"
AGExPOLPARTY,AGExPOLPARTY :: 50-64 | Independent,PP6b_W49,4,"0.306271,0.366558,0.207233,0.119937"
AGExPOLPARTY,AGExPOLPARTY :: 50-64 | Other,PP6b_W49,4,"0.281548,0.372990,0.217563,0.127899"
AGExPOLPARTY,AGExPOLPARTY :: 50-64 | Republican,PP6b_W49,4,"0.327830,0.357249,0.182465,0.132455"
AGExPOLPARTY,AGExPOLPARTY :: 65+ | Democrat,PP6b_W49,4,"0.308371,0.338679,0.199099,0.153852"
AGExPOLPARTY,AGExPOLPARTY :: 65+ | Independent,PP6b_W49,4,"0.305445,0.346114,0.201887,0.146554"
AGExPOLPARTY,AGExPOLPARTY :: 65+ | Other,PP6b_W49,4,"0.281050,0.344349,0.220598,0.154003"
AGExPOLPARTY,AGExPOLPARTY :: 65+ | Republican,PP6b_W49,4,"0.335226,0.324912,0.173913,0.165949"
AGExPOLPARTY,AGExPOLPARTY :: 18-29 | Democrat,PQ2_F2A_W42,3,"0.412722,0.350272,0.237006"
AGExPOLPARTY,AGExPOLPARTY :: 18-29 | Independent,PQ2_F2A_W42,3,"0.399774,0.350054,0.250172"
AGExPOLPARTY,AGExPOLPARTY :: 18-29 | Other,PQ2_F2A_W42,3,"0.360416,0.363243,0.276341"
AGExPOLPARTY,AGExPOLPARTY :: 18-29 | Republican,PQ2_F2A_W42,3,"0.446392,0.329149,0.224460"
AGExPOLPARTY,AGExPOLPARTY :: 30-49 | Democrat,PQ2_F2A_W42,3,"0.380207,0.374313,0.245480"
AGExPOLPARTY,AGExPOLPARTY :: 30-49 | Independent,PQ2_F2A_W42,3,"0.390575,0.366911,0.242514"
AGExPOLPARTY,AGExPOLPARTY :: 30-49 | Other,PQ2_F2A_W42,3,"0.350951,0.373585,0.275464"
AGExPOLPARTY,AGExPOLPARTY :: 30-49 | Refused,PQ2_F2A_W42,3,"0.366553,0.369428,0.264018"
AGExPOLPARTY,AGExPOLPARTY :: 30-49 | Republican,PQ2_F2A_W42,3,"0.422210,0.350025,0.227765"
AGExPOLPARTY,AGExPOLPARTY :: 50-64 | Democrat,PQ2_F2A_W42,3,"0.374693,0.371777,0.253530"
AGExPOLPARTY,AGExPOLPARTY :: 50-64 | Independent,PQ2_F2A_W42,3,"0.379341,0.361970,0.258688"
AGExPOLPARTY,AGExPOLPARTY :: 50-64 | Other,PQ2_F2A_W42,3,"0.357840,0.363475,0.278686"
AGExPOLPARTY,AGExPOLPARTY :: 50-64 | Republican,PQ2_F2A_W42,3,"0.421803,0.341587,0.236610"
AGExPOLPARTY,AGExPOLPARTY :: 65+ | Democrat,PQ2_F2A_W42,3,"0.388100,0.353369,0.258530"
AGExPOLPARTY,AGExPOLPARTY :: 65+ | Independent,PQ2_F2A_W42,3,"0.384941,0.350493,0.264566"
AGExPOLPARTY,AGExPOLPARTY :: 65+ | Other,PQ2_F2A_W42,3,"0.358853,0.350540,0.290608"
AGExPOLPARTY,AGExPOLPARTY :: 65+ | Republican,PQ2_F2A_W42,3,"0.433438,0.319597,0.246965"
AGExPOLPARTY,AGExPOLPARTY :: 18-29 | Democrat,PQ3_F2Ad_W42,2,"0.763484,0.236516"
AGExPOLPARTY,AGExPOLPARTY :: 18-29 | Independent,PQ3_F2Ad_W42,2,"0.771843,0.228156"
AGExPOLPARTY,AGExPOLPARTY :: 18-29 | Other,PQ3_F2Ad_W42,2,"0.746139,0.253861"
AGExPOLPARTY,AGExPOLPARTY :: 18-29 | Republican,PQ3_F2Ad_W42,2,"0.779993,0.220007"
AGExPOLPARTY,AGExPOLPARTY :: 30-49 | Democrat,PQ3_F2Ad_W42,2,"0.702530,0.297470"
AGExPOLPARTY,AGExPOLPARTY :: 30-49 | Independent,PQ3_F2Ad_W42,2,"0.727975,0.272025"
AGExPOLPARTY,AGExPOLPARTY :: 30-49 | Other,PQ3_F2Ad_W42,2,"0.694303,0.305697"
AGExPOLPARTY,AGExPOLPARTY :: 30-49 | Refused,PQ3_F2Ad_W42,2,"0.689306,0.310694"
AGExPOLPARTY,AGExPOLPARTY :: 30-49 | Republican,PQ3_F2Ad_W42,2,"0.727975,0.272025"
AGExPOLPARTY,AGExPOLPARTY :: 50-64 | Democrat,PQ3_F2Ad_W42,2,"0.712232,0.287768"
AGExPOLPARTY,AGExPOLPARTY :: 50-64 | Independent,PQ3_F2Ad_W42,2,"0.726426,0.273574"
AGExPOLPARTY,AGExPOLPARTY :: 50-64 | Other,PQ3_F2Ad_W42,2,"0.707405,0.292595"
AGExPOLPARTY,AGExPOLPARTY :: 50-64 | Republican,PQ3_F2Ad_W42,2,"0.741674,0.258326"
AGExPOLPARTY,AGExPOLPARTY :: 65+ | Democrat,PQ3_F2Ad_W42,2,"0.734120,0.265880"
AGExPOLPARTY,AGExPOLPARTY :: 65+ | Independent,PQ3_F2Ad_W42,2,"0.743168,0.256832"
AGExPOLPARTY,AGExPOLPARTY :: 65+ | Other,PQ3_F2Ad_W42,2,"0.720172,0.279829"
AGExPOLPARTY,AGExPOLPARTY :: 65+ | Republican,PQ3_F2Ad_W42,2,"0.757794,0.242206"
AGExPOLPARTY,AGExPOLPARTY :: 18-29 | Democrat,PQ3_F2Bd_W42,2,"0.798187,0.201813"
AGExPOLPARTY,AGExPOLPARTY :: 18-29 | Independent,PQ3_F2Bd_W42,2,"0.795658,0.204342"
AGExPOLPARTY,AGExPOLPARTY :: 18-29 | Other,PQ3_F2Bd_W42,2,"0.766294,0.233706"
AGExPOLPARTY,AGExPOLPARTY :: 18-29 | Republican,PQ3_F2Bd_W42,2,"0.801936,0.198064"
AGExPOLPARTY,AGExPOLPARTY :: 30-49 | Democrat,PQ3_F2Bd_W42,2,"0.727975,0.272025"
AGExPOLPARTY,AGExPOLPARTY :: 30-49 | Independent,PQ3_F2Bd_W42,2,"0.752013,0.247987"
AGExPOLPARTY,AGExPOLPARTY :: 30-49 | Other,PQ3_F2Bd_W42,2,"0.713831,0.286169"
AGExPOLPARTY,AGExPOLPARTY :: 30-49 | Refused,PQ3_F2Bd_W42,2,"0.709019,0.290981"
AGExPOLPARTY,AGExPOLPARTY :: 30-49 | Republican,PQ3_F2Bd_W42,2,"0.747616,0.252384"
AGExPOLPARTY,AGExPOLPARTY :: 50-64 | Democrat,PQ3_F2Bd_W42,2,"0.741674,0.258326"
AGExPOLPARTY,AGExPOLPARTY :: 50-64 | Independent,PQ3_F2Bd_W42,2,"0.750553,0.249447"
AGExPOLPARTY,AGExPOLPARTY :: 50-64 | Other,PQ3_F2Bd_W42,2,"0.729520,0.270480"
AGExPOLPARTY,AGExPOLPARTY :: 50-64 | Republican,PQ3_F2Bd_W42,2,"0.763484,0.236516"
AGExPOLPARTY,AGExPOLPARTY :: 65+ | Democrat,PQ3_F2Bd_W42,2,"0.764892,0.235108"
AGExPOLPARTY,AGExPOLPARTY :: 65+ | Independent,PQ3_F2Bd_W42,2,"0.760651,0.239349"
AGExPOLPARTY,AGExPOLPARTY :: 65+ | Other,PQ3_F2Bd_W42,2,"0.737158,0.262842"
AGExPOLPARTY,AGExPOLPARTY :: 65+ | Republican,PQ3_F2Bd_W42,2,"0.774583,0.225417"
AGExPOLPARTY,AGExPOLPARTY :: 18-29 | Democrat,PQ3_F2Ca_W42,2,"0.782663,0.217338"
AGExPOLPARTY,AGExPOLPARTY :: 18-29 | Independent,PQ3_F2Ca_W42,2,"0.769080,0.230920"
AGExPOLPARTY,AGExPOLPARTY :: 18-29 | Other,PQ3_F2Ca_W42,2,"0.752013,0.247987"
AGExPOLPARTY,AGExPOLPARTY :: 18-29 | Republican,PQ3_F2Ca_W42,2,"0.791821,0.208179"
AGExPOLPARTY,AGExPOLPARTY :: 30-49 | Democrat,PQ3_F2Ca_W42,2,"0.718594,0.281406"
AGExPOLPARTY,AGExPOLPARTY :: 30-49 | Independent,PQ3_F2Ca_W42,2,"0.731059,0.268941"
AGExPOLPARTY,AGExPOLPARTY :: 30-49 | Other,PQ3_F2Ca_W42,2,"0.707405,0.292595"
AGExPOLPARTY,AGExPOLPARTY :: 30-49 | Refused,PQ3_F2Ca_W42,2,"0.689306,0.310694"
AGExPOLPARTY,AGExPOLPARTY :: 30-49 | Republican,PQ3_F2Ca_W42,2,"0.741674,0.258326"
AGExPOLPARTY,AGExPOLPARTY :: 50-64 | Democrat,PQ3_F2Ca_W42,2,"0.731059,0.268941"
AGExPOLPARTY,AGExPOLPARTY :: 50-64 | Independent,PQ3_F2Ca_W42,2,"0.732592,0.267408"
AGExPOLPARTY,AGExPOLPARTY :: 50-64 | Other,PQ3_F2Ca_W42,2,"0.723310,0.276691"
AGExPOLPARTY,AGExPOLPARTY :: 50-64 | Republican,PQ3_F2Ca_W42,2,"0.762070,0.237930"
AGExPOLPARTY,AGExPOLPARTY :: 65+ | Democrat,PQ3_F2Ca_W42,2,"0.750553,0.249447"
AGExPOLPARTY,AGExPOLPARTY :: 65+ | Independent,PQ3_F2Ca_W42,2,"0.741674,0.258326"
AGExPOLPARTY,AGExPOLPARTY :: 65+ | Other,PQ3_F2Ca_W42,2,"0.731059,0.268941"
AGExPOLPARTY,AGExPOLPARTY :: 65+ | Republican,PQ3_F2Ca_W42,2,"0.771843,0.228156"
AGExPOLPARTY,AGExPOLPARTY :: 18-29 | Democrat,PQ4_F2Ba_W42,4,"0.649747,0.159227,0.119256,0.071769"
AGExPOLPARTY,AGExPOLPARTY :: 18-29 | Independent,PQ4_F2Ba_W42,4,"0.601340,0.193707,0.133133,0.071820"
AGExPOLPARTY,AGExPOLPARTY :: 18-29 | Other,PQ4_F2Ba_W42,4,"0.502319,0.217739,0.189175,0.090767"
AGExPOLPARTY,AGExPOLPARTY :: 18-29 | Republican,PQ4_F2Ba_W42,4,"0.654822,0.156754,0.107735,0.080690"
AGExPOLPARTY,AGExPOLPARTY :: 30-49 | Democrat,PQ4_F2Ba_W42,4,"0.598312,0.186802,0.138819,0.076067"
AGExPOLPARTY,AGExPOLPARTY :: 30-49 | Independent,PQ4_F2Ba_W42,4,"0.568818,0.222752,0.137234,0.071196"
AGExPOLPARTY,AGExPOLPARTY :: 30-49 | Other,PQ4_F2Ba_W42,4,"0.466534,0.243933,0.199092,0.090442"
AGExPOLPARTY,AGExPOLPARTY :: 30-49 | Refused,PQ4_F2Ba_W42,4,"0.491792,0.226925,0.155963,0.125320"
AGExPOLPARTY,AGExPOLPARTY :: 30-49 | Republican,PQ4_F2Ba_W42,4,"0.617479,0.181106,0.117848,0.083567"
AGExPOLPARTY,AGExPOLPARTY :: 50-64 | Democrat,PQ4_F2Ba_W42,4,"0.580617,0.191467,0.142286,0.085629"
AGExPOLPARTY,AGExPOLPARTY :: 50-64 | Independent,PQ4_F2Ba_W42,4,"0.549803,0.218697,0.149138,0.082362"
AGExPOLPARTY,AGExPOLPARTY :: 50-64 | Other,PQ4_F2Ba_W42,4,"0.476340,0.232149,0.195489,0.096021"
AGExPOLPARTY,AGExPOLPARTY :: 50-64 | Republican,PQ4_F2Ba_W42,4,"0.607316,0.179522,0.121471,0.091691"
AGExPOLPARTY,AGExPOLPARTY :: 65+ | Democrat,PQ4_F2Ba_W42,4,"0.585084,0.179840,0.132606,0.102470"
AGExPOLPARTY,AGExPOLPARTY :: 65+ | Independent,PQ4_F2Ba_W42,4,"0.540371,0.216631,0.139867,0.103132"
AGExPOLPARTY,AGExPOLPARTY :: 65+ | Other,PQ4_F2Ba_W42,4,"0.453995,0.230073,0.193741,0.122191"
AGExPOLPARTY,AGExPOLPARTY :: 65+ | Republican,PQ4_F2Ba_W42,4,"0.597275,0.171122,0.113992,0.117610"
AGExPOLPARTY,AGExPOLPARTY :: 18-29 | Democrat,PQ5_F2B_W42,4,"0.356761,0.269298,0.218084,0.155857"
AGExPOLPARTY,AGExPOLPARTY :: 18-29 | Independent,PQ5_F2B_W42,4,"0.307085,0.264723,0.254582,0.173610"
AGExPOLPARTY,AGExPOLPARTY :: 18-29 | Other,PQ5_F2B_W42,4,"0.294262,0.276433,0.257664,0.171641"
AGExPOLPARTY,AGExPOLPARTY :: 18-29 | Republican,PQ5_F2B_W42,4,"0.352910,0.270586,0.212385,0.164119"
AGExPOLPARTY,AGExPOLPARTY :: 30-49 | Democrat,PQ5_F2B_W42,4,"0.321617,0.292836,0.237146,0.148402"
AGExPOLPARTY,AGExPOLPARTY :: 30-49 | Independent,PQ5_F2B_W42,4,"0.308726,0.285525,0.248068,0.157682"
AGExPOLPARTY,AGExPOLPARTY :: 30-49 | Other,PQ5_F2B_W42,4,"0.286236,0.293024,0.262665,0.158075"
AGExPOLPARTY,AGExPOLPARTY :: 30-49 | Refused,PQ5_F2B_W42,4,"0.301603,0.294616,0.242345,0.161436"
AGExPOLPARTY,AGExPOLPARTY :: 30-49 | Republican,PQ5_F2B_W42,4,"0.345449,0.288633,0.216176,0.149741"
AGExPOLPARTY,AGExPOLPARTY :: 50-64 | Democrat,PQ5_F2B_W42,4,"0.313115,0.291855,0.236351,0.158679"
AGExPOLPARTY,AGExPOLPARTY :: 50-64 | Independent,PQ5_F2B_W42,4,"0.295248,0.277360,0.256516,0.170876"
AGExPOLPARTY,AGExPOLPARTY :: 50-64 | Other,PQ5_F2B_W42,4,"0.296034,0.284694,0.253212,0.166060"
AGExPOLPARTY,AGExPOLPARTY :: 50-64 | Republican,PQ5_F2B_W42,4,"0.346093,0.284689,0.213222,0.155996"
AGExPOLPARTY,AGExPOLPARTY :: 65+ | Democrat,PQ5_F2B_W42,4,"0.328374,0.270113,0.218744,0.182768"
AGExPOLPARTY,AGExPOLPARTY :: 65+ | Independent,PQ5_F2B_W42,4,"0.301440,0.263950,0.238459,0.196151"
AGExPOLPARTY,AGExPOLPARTY :: 65+ | Other,PQ5_F2B_W42,4,"0.297155,0.268457,0.242531,0.191858"
AGExPOLPARTY,AGExPOLPARTY :: 65+ | Republican,PQ5_F2B_W42,4,"0.359903,0.259228,0.194153,0.186715"
AGExPOLPARTY,AGExPOLPARTY :: 18-29 | Democrat,PQ6_F2A_W42,2,"0.235108,0.764892"
AGExPOLPARTY,AGExPOLPARTY :: 18-29 | Independent,PQ6_F2A_W42,2,"0.230920,0.769080"
AGExPOLPARTY,AGExPOLPARTY :: 18-29 | Other,PQ6_F2A_W42,2,"0.204342,0.795658"
AGExPOLPARTY,AGExPOLPARTY :: 18-29 | Republican,PQ6_F2A_W42,2,"0.163445,0.836555"
AGExPOLPARTY,AGExPOLPARTY :: 30-49 | Democrat,PQ6_F2A_W42,2,"0.233706,0.766294"
AGExPOLPARTY,AGExPOLPARTY :: 30-49 | Independent,PQ6_F2A_W42,2,"0.239349,0.760651"
AGExPOLPARTY,AGExPOLPARTY :: 30-49 | Other,PQ6_F2A_W42,2,"0.245085,0.754915"
AGExPOLPARTY,AGExPOLPARTY :: 30-49 | Refused,PQ6_F2A_W42,2,"0.255344,0.744656"
AGExPOLPARTY,AGExPOLPARTY :: 30-49 | Republican,PQ6_F2A_W42,2,"0.199308,0.800692"
AGExPOLPARTY,AGExPOLPARTY :: 50-64 | Democrat,PQ6_F2A_W42,2,"0.205615,0.794385"
AGExPOLPARTY,AGExPOLPARTY :: 50-64 | Independent,PQ6_F2A_W42,2,"0.224055,0.775945"
AGExPOLPARTY,AGExPOLPARTY :: 50-64 | Other,PQ6_F2A_W42,2,"0.204342,0.795658"
AGExPOLPARTY,AGExPOLPARTY :: 50-64 | Republican,PQ6_F2A_W42,2,"0.156105,0.843895"
AGExPOLPARTY,AGExPOLPARTY :: 65+ | Democrat,PQ6_F2A_W42,2,"0.198064,0.801936"
AGExPOLPARTY,AGExPOLPARTY :: 65+ | Independent,PQ6_F2A_W42,2,"0.217338,0.782663"
AGExPOLPARTY,AGExPOLPARTY :: 65+ | Other,PQ6_F2A_W42,2,"0.209470,0.790530"
AGExPOLPARTY,AGExPOLPARTY :: 65+ | Republican,PQ6_F2A_W42,2,"0.151028,0.848972"
AGExPOLPARTY,AGExPOLPARTY :: 18-29 | Democrat,PQ7_F2A_W42,2,"0.653127,0.346873"
AGExPOLPARTY,AGExPOLPARTY :: 18-29 | Independent,PQ7_F2A_W42,2,"0.661923,0.338077"
AGExPOLPARTY,AGExPOLPARTY :: 18-29 | Other,PQ7_F2A_W42,2,"0.629775,0.370225"
AGExPOLPARTY,AGExPOLPARTY :: 18-29 | Republican,PQ7_F2A_W42,2,"0.622459,0.377541"
AGExPOLPARTY,AGExPOLPARTY :: 30-49 | Democrat,PQ7_F2A_W42,2,"0.620622,0.379378"
AGExPOLPARTY,AGExPOLPARTY :: 30-49 | Independent,PQ7_F2A_W42,2,"0.653127,0.346873"
AGExPOLPARTY,AGExPOLPARTY :: 30-49 | Other,PQ7_F2A_W42,2,"0.627951,0.372049"
AGExPOLPARTY,AGExPOLPARTY :: 30-49 | Refused,PQ7_F2A_W42,2,"0.631594,0.368406"
AGExPOLPARTY,AGExPOLPARTY :: 30-49 | Republican,PQ7_F2A_W42,2,"0.622459,0.377541"
AGExPOLPARTY,AGExPOLPARTY :: 50-64 | Democrat,PQ7_F2A_W42,2,"0.596433,0.403567"
AGExPOLPARTY,AGExPOLPARTY :: 50-64 | Independent,PQ7_F2A_W42,2,"0.627951,0.372049"
AGExPOLPARTY,AGExPOLPARTY :: 50-64 | Other,PQ7_F2A_W42,2,"0.600188,0.399812"
AGExPOLPARTY,AGExPOLPARTY :: 50-64 | Republican,PQ7_F2A_W42,2,"0.598312,0.401688"
AGExPOLPARTY,AGExPOLPARTY :: 65+ | Democrat,PQ7_F2A_W42,2,"0.609524,0.390476"
AGExPOLPARTY,AGExPOLPARTY :: 65+ | Independent,PQ7_F2A_W42,2,"0.633410,0.366590"
AGExPOLPARTY,AGExPOLPARTY :: 65+ | Other,PQ7_F2A_W42,2,"0.613237,0.386763"
AGExPOLPARTY,AGExPOLPARTY :: 65+ | Republican,PQ7_F2A_W42,2,"0.605799,0.394201"
AGExPOLPARTY,AGExPOLPARTY :: 18-29 | Democrat,PQ8_F2C_W42,4,"0.289849,0.238424,0.245992,0.225735"
AGExPOLPARTY,AGExPOLPARTY :: 18-29 | Independent,PQ8_F2C_W42,4,"0.258003,0.248119,0.266192,0.227686"
AGExPOLPARTY,AGExPOLPARTY :: 18-29 | Other,PQ8_F2C_W42,4,"0.243534,0.239758,0.282504,0.234204"
AGExPOLPARTY,AGExPOLPARTY :: 18-29 | Republican,PQ8_F2C_W42,4,"0.280308,0.236043,0.232383,0.251266"
AGExPOLPARTY,AGExPOLPARTY :: 30-49 | Democrat,PQ8_F2C_W42,4,"0.265322,0.253172,0.263257,0.218248"
AGExPOLPARTY,AGExPOLPARTY :: 30-49 | Independent,PQ8_F2C_W42,4,"0.258215,0.270607,0.268502,0.202676"
AGExPOLPARTY,AGExPOLPARTY :: 30-49 | Other,PQ8_F2C_W42,4,"0.241107,0.254660,0.293112,0.211121"
AGExPOLPARTY,AGExPOLPARTY :: 30-49 | Refused,PQ8_F2C_W42,4,"0.257100,0.237779,0.237779,0.267342"
AGExPOLPARTY,AGExPOLPARTY :: 30-49 | Republican,PQ8_F2C_W42,4,"0.277616,0.250805,0.244995,0.226584"
AGExPOLPARTY,AGExPOLPARTY :: 50-64 | Democrat,PQ8_F2C_W42,4,"0.257113,0.249202,0.263210,0.230475"
AGExPOLPARTY,AGExPOLPARTY :: 50-64 | Independent,PQ8_F2C_W42,4,"0.247358,0.253224,0.275948,0.223470"
AGExPOLPARTY,AGExPOLPARTY :: 50-64 | Other,PQ8_F2C_W42,4,"0.242484,0.248234,0.290215,0.219066"
AGExPOLPARTY,AGExPOLPARTY :: 50-64 | Republican,PQ8_F2C_W42,4,"0.275161,0.242829,0.246653,0.235358"
AGExPOLPARTY,AGExPOLPARTY :: 65+ | Democrat,PQ8_F2C_W42,4,"0.265899,0.238350,0.244003,0.251748"
AGExPOLPARTY,AGExPOLPARTY :: 65+ | Independent,PQ8_F2C_W42,4,"0.253906,0.246094,0.253906,0.246094"
AGExPOLPARTY,AGExPOLPARTY :: 65+ | Other,PQ8_F2C_W42,4,"0.244340,0.236823,0.272581,0.246256"
AGExPOLPARTY,AGExPOLPARTY :: 65+ | Republican,PQ8_F2C_W42,4,"0.282028,0.231990,0.223103,0.262879"
AGExPOLPARTY,AGExPOLPARTY :: 18-29 | Democrat,PREDICTD_W27,4,"0.354628,0.357409,0.172832,0.115131"
AGExPOLPARTY,AGExPOLPARTY :: 18-29 | Independent,PREDICTD_W27,4,"0.318468,0.387158,0.184315,0.110059"
AGExPOLPARTY,AGExPOLPARTY :: 18-29 | Other,PREDICTD_W27,4,"0.284476,0.404322,0.204901,0.106301"
AGExPOLPARTY,AGExPOLPARTY :: 18-29 | Republican,PREDICTD_W27,4,"0.344706,0.387563,0.144822,0.122909"
AGExPOLPARTY,AGExPOLPARTY :: 30-49 | Democrat,PREDICTD_W27,4,"0.305489,0.371380,0.203500,0.119631"
AGExPOLPARTY,AGExPOLPARTY :: 30-49 | Independent,PREDICTD_W27,4,"0.302332,0.391246,0.195200,0.111222"
AGExPOLPARTY,AGExPOLPARTY :: 30-49 | Other,PREDICTD_W27,4,"0.270316,0.390247,0.227629,0.111808"
AGExPOLPARTY,AGExPOLPARTY :: 30-49 | Republican,PREDICTD_W27,4,"0.326731,0.379014,0.164291,0.129965"
AGExPOLPARTY,AGExPOLPARTY :: 50-64 | Democrat,PREDICTD_W27,4,"0.304502,0.376010,0.190553,0.128934"
AGExPOLPARTY,AGExPOLPARTY :: 50-64 | Independent,PREDICTD_W27,4,"0.302900,0.388932,0.189550,0.118618"
AGExPOLPARTY,AGExPOLPARTY :: 50-64 | Other,PREDICTD_W27,4,"0.287445,0.389833,0.203829,0.118892"
AGExPOLPARTY,AGExPOLPARTY :: 50-64 | Republican,PREDICTD_W27,4,"0.334918,0.376558,0.152143,0.136380"
AGExPOLPARTY,AGExPOLPARTY :: 65+ | Democrat,PREDICTD_W27,4,"0.316862,0.356258,0.186274,0.140607"
AGExPOLPARTY,AGExPOLPARTY :: 65+ | Independent,PREDICTD_W27,4,"0.311756,0.367338,0.184709,0.136196"
AGExPOLPARTY,AGExPOLPARTY :: 65+ | Other,PREDICTD_W27,4,"0.286885,0.371256,0.211536,0.130323"
AGExPOLPARTY,AGExPOLPARTY :: 65+ | Republican,PREDICTD_W27,4,"0.342452,0.345138,0.153154,0.159255"
AGExPOLPARTY,AGExPOLPARTY :: 18-29 | Democrat,PRIVACYREG_W49,4,"0.205911,0.237002,0.387709,0.169378"
AGExPOLPARTY,AGExPOLPARTY :: 18-29 | Independent,PRIVACYREG_W49,4,"0.183959,0.230736,0.417809,0.167496"
AGExPOLPARTY,AGExPOLPARTY :: 18-29 | Other,PRIVACYREG_W49,4,"0.175728,0.216996,0.431547,0.175728"
AGExPOLPARTY,AGExPOLPARTY :: 18-29 | Republican,PRIVACYREG_W49,4,"0.214673,0.214673,0.379719,0.190934"
AGExPOLPARTY,AGExPOLPARTY :: 30-49 | Democrat,PRIVACYREG_W49,4,"0.178187,0.249328,0.398426,0.174059"
AGExPOLPARTY,AGExPOLPARTY :: 30-49 | Independent,PRIVACYREG_W49,4,"0.184094,0.267855,0.398968,0.149084"
AGExPOLPARTY,AGExPOLPARTY :: 30-49 | Other,PRIVACYREG_W49,4,"0.181370,0.249848,0.408724,0.160058"
AGExPOLPARTY,AGExPOLPARTY :: 30-49 | Republican,PRIVACYREG_W49,4,"0.218277,0.243506,0.365546,0.172671"
AGExPOLPARTY,AGExPOLPARTY :: 50-64 | Democrat,PRIVACYREG_W49,4,"0.171754,0.229322,0.408810,0.190114"
AGExPOLPARTY,AGExPOLPARTY :: 50-64 | Independent,PRIVACYREG_W49,4,"0.174268,0.230868,0.424632,0.170232"
AGExPOLPARTY,AGExPOLPARTY :: 50-64 | Other,PRIVACYREG_W49,4,"0.175624,0.225505,0.431290,0.167581"
AGExPOLPARTY,AGExPOLPARTY :: 50-64 | Republican,PRIVACYREG_W49,4,"0.213269,0.218327,0.380194,0.188210"
AGExPOLPARTY,AGExPOLPARTY :: 65+ | Democrat,PRIVACYREG_W49,4,"0.180353,0.210854,0.387820,0.220973"
AGExPOLPARTY,AGExPOLPARTY :: 65+ | Independent,PRIVACYREG_W49,4,"0.182781,0.217058,0.393042,0.207118"
AGExPOLPARTY,AGExPOLPARTY :: 65+ | Other,PRIVACYREG_W49,4,"0.184571,0.207519,0.393802,0.214107"
AGExPOLPARTY,AGExPOLPARTY :: 65+ | Republican,PRIVACYREG_W49,4,"0.228119,0.201314,0.342447,0.228119"
AGExPOLPARTY,AGExPOLPARTY :: 18-29 | Democrat,PROBOFF_b_W92,3,"0.592393,0.273345,0.134262"
AGExPOLPARTY,AGExPOLPARTY :: 18-29 | Independent,PROBOFF_b_W92,3,"0.537416,0.308612,0.153972"
AGExPOLPARTY,AGExPOLPARTY :: 18-29 | Other,PROBOFF_b_W92,3,"0.484079,0.312545,0.203377"
AGExPOLPARTY,AGExPOLPARTY :: 18-29 | Republican,PROBOFF_b_W92,3,"0.601004,0.273018,0.125977"
AGExPOLPARTY,AGExPOLPARTY :: 30-49 | Democrat,PROBOFF_b_W92,3,"0.578925,0.288836,0.132239"
AGExPOLPARTY,AGExPOLPARTY :: 30-49 | Independent,PROBOFF_b_W92,3,"0.526703,0.327037,0.146260"
AGExPOLPARTY,AGExPOLPARTY :: 30-49 | Other,PROBOFF_b_W92,3,"0.462557,0.330575,0.206868"
AGExPOLPARTY,AGExPOLPARTY :: 30-49 | Republican,PROBOFF_b_W92,3,"0.583401,0.293352,0.123247"
AGExPOLPARTY,AGExPOLPARTY :: 50-64 | Democrat,PROBOFF_b_W92,3,"0.563183,0.289902,0.146915"
AGExPOLPARTY,AGExPOLPARTY :: 50-64 | Independent,PROBOFF_b_W92,3,"0.515345,0.322495,0.162160"
AGExPOLPARTY,AGExPOLPARTY :: 50-64 | Other,PROBOFF_b_W92,3,"0.471963,0.321851,0.206186"
AGExPOLPARTY,AGExPOLPARTY :: 50-64 | Refused,PROBOFF_b_W92,3,"0.506564,0.316999,0.176437"
AGExPOLPARTY,AGExPOLPARTY :: 50-64 | Republican,PROBOFF_b_W92,3,"0.568288,0.290253,0.141458"
AGExPOLPARTY,AGExPOLPARTY :: 65+ | Democrat,PROBOFF_b_W92,3,"0.592379,0.269100,0.138521"
AGExPOLPARTY,AGExPOLPARTY :: 65+ | Independent,PROBOFF_b_W92,3,"0.527042,0.314711,0.158247"
AGExPOLPARTY,AGExPOLPARTY :: 65+ | Other,PROBOFF_b_W92,3,"0.471967,0.311951,0.216082"
AGExPOLPARTY,AGExPOLPARTY :: 65+ | Republican,PROBOFF_b_W92,3,"0.582266,0.275043,0.142691"
AGExPOLPARTY,AGExPOLPARTY :: 18-29 | Democrat,PROBURBAN_W32,4,"0.325267,0.273902,0.218374,0.182458"
AGExPOLPARTY,AGExPOLPARTY :: 18-29 | Independent,PROBURBAN_W32,4,"0.289041,0.289041,0.239623,0.182296"
AGExPOLPARTY,AGExPOLPARTY :: 18-29 | Other,PROBURBAN_W32,4,"0.264270,0.285744,0.258148,0.191839"
AGExPOLPARTY,AGExPOLPARTY :: 18-29 | Republican,PROBURBAN_W32,4,"0.314360,0.279597,0.207779,0.198264"
AGExPOLPARTY,AGExPOLPARTY :: 30-49 | Democrat,PROBURBAN_W32,4,"0.286198,0.288442,0.239127,0.186232"
AGExPOLPARTY,AGExPOLPARTY :: 30-49 | Independent,PROBURBAN_W32,4,"0.287082,0.305598,0.239866,0.167454"
AGExPOLPARTY,AGExPOLPARTY :: 30-49 | Other,PROBURBAN_W32,4,"0.256587,0.302333,0.264731,0.176349"
AGExPOLPARTY,AGExPOLPARTY :: 30-49 | Republican,PROBURBAN_W32,4,"0.303911,0.294561,0.217196,0.184332"
AGExPOLPARTY,AGExPOLPARTY :: 50-64 | Democrat,PROBURBAN_W32,4,"0.273916,0.287061,0.241730,0.197294"
AGExPOLPARTY,AGExPOLPARTY :: 50-64 | Independent,PROBURBAN_W32,4,"0.271056,0.297697,0.250686,0.180562"
AGExPOLPARTY,AGExPOLPARTY :: 50-64 | Other,PROBURBAN_W32,4,"0.256882,0.297988,0.262974,0.182156"
AGExPOLPARTY,AGExPOLPARTY :: 50-64 | Republican,PROBURBAN_W32,4,"0.297122,0.290239,0.220802,0.191836"
AGExPOLPARTY,AGExPOLPARTY :: 65+ | Democrat,PROBURBAN_W32,4,"0.279717,0.269002,0.226522,0.224759"
AGExPOLPARTY,AGExPOLPARTY :: 65+ | Independent,PROBURBAN_W32,4,"0.275291,0.281819,0.231818,0.211073"
AGExPOLPARTY,AGExPOLPARTY :: 65+ | Other,PROBURBAN_W32,4,"0.258010,0.274651,0.250072,0.217267"
AGExPOLPARTY,AGExPOLPARTY :: 65+ | Republican,PROBURBAN_W32,4,"0.305788,0.267757,0.197431,0.229024"
AGExPOLPARTY,AGExPOLPARTY :: 18-29 | Democrat,PWMAN_W49,2,"0.665411,0.334589"
AGExPOLPARTY,AGExPOLPARTY :: 18-29 | Independent,PWMAN_W49,2,"0.692642,0.307358"
AGExPOLPARTY,AGExPOLPARTY :: 18-29 | Other,PWMAN_W49,2,"0.629775,0.370225"
AGExPOLPARTY,AGExPOLPARTY :: 18-29 | Republican,PWMAN_W49,2,"0.658418,0.341583"
AGExPOLPARTY,AGExPOLPARTY :: 30-49 | Democrat,PWMAN_W49,2,"0.596433,0.403567"
AGExPOLPARTY,AGExPOLPARTY :: 30-49 | Independent,PWMAN_W49,2,"0.661923,0.338077"
AGExPOLPARTY,AGExPOLPARTY :: 30-49 | Other,PWMAN_W49,2,"0.600188,0.399812"
AGExPOLPARTY,AGExPOLPARTY :: 30-49 | Republican,PWMAN_W49,2,"0.618780,0.381220"
AGExPOLPARTY,AGExPOLPARTY :: 50-64 | Democrat,PWMAN_W49,2,"0.592667,0.407333"
AGExPOLPARTY,AGExPOLPARTY :: 50-64 | Independent,PWMAN_W49,2,"0.647798,0.352202"
AGExPOLPARTY,AGExPOLPARTY :: 50-64 | Other,PWMAN_W49,2,"0.607663,0.392337"
AGExPOLPARTY,AGExPOLPARTY :: 50-64 | Republican,PWMAN_W49,2,"0.615088,0.384912"
AGExPOLPARTY,AGExPOLPARTY :: 65+ | Democrat,PWMAN_W49,2,"0.603932,0.396068"
AGExPOLPARTY,AGExPOLPARTY :: 65+ | Independent,PWMAN_W49,2,"0.651355,0.348645"
AGExPOLPARTY,AGExPOLPARTY :: 65+ | Other,PWMAN_W49,2,"0.600188,0.399812"
AGExPOLPARTY,AGExPOLPARTY :: 65+ | Republican,PWMAN_W49,2,"0.622459,0.377541"
AGExPOLPARTY,AGExPOLPARTY :: 18-29 | Democrat,Q6F2_W42,3,"0.686258,0.102803,0.210939"
AGExPOLPARTY,AGExPOLPARTY :: 18-29 | Independent,Q6F2_W42,3,"0.654723,0.092859,0.252418"
AGExPOLPARTY,AGExPOLPARTY :: 18-29 | Other,Q6F2_W42,3,"0.556212,0.119353,0.324435"
AGExPOLPARTY,AGExPOLPARTY :: 18-29 | Republican,Q6F2_W42,3,"0.709662,0.085422,0.204916"
AGExPOLPARTY,AGExPOLPARTY :: 30-49 | Democrat,Q6F2_W42,3,"0.664583,0.111063,0.224353"
AGExPOLPARTY,AGExPOLPARTY :: 30-49 | Independent,Q6F2_W42,3,"0.658655,0.097139,0.244206"
AGExPOLPARTY,AGExPOLPARTY :: 30-49 | Other,Q6F2_W42,3,"0.539832,0.122350,0.337818"
AGExPOLPARTY,AGExPOLPARTY :: 30-49 | Refused,Q6F2_W42,3,"0.597843,0.126298,0.275859"
AGExPOLPARTY,AGExPOLPARTY :: 30-49 | Republican,Q6F2_W42,3,"0.694149,0.092486,0.213364"
AGExPOLPARTY,AGExPOLPARTY :: 50-64 | Democrat,Q6F2_W42,3,"0.655224,0.116561,0.228215"
AGExPOLPARTY,AGExPOLPARTY :: 50-64 | Independent,Q6F2_W42,3,"0.653367,0.098644,0.247990"
AGExPOLPARTY,AGExPOLPARTY :: 50-64 | Other,Q6F2_W42,3,"0.571732,0.119842,0.308426"
AGExPOLPARTY,AGExPOLPARTY :: 50-64 | Republican,Q6F2_W42,3,"0.695304,0.092640,0.212056"
AGExPOLPARTY,AGExPOLPARTY :: 65+ | Democrat,Q6F2_W42,3,"0.657504,0.109880,0.232616"
AGExPOLPARTY,AGExPOLPARTY :: 65+ | Independent,Q6F2_W42,3,"0.640302,0.098964,0.260734"
AGExPOLPARTY,AGExPOLPARTY :: 65+ | Other,Q6F2_W42,3,"0.534385,0.125940,0.339676"
AGExPOLPARTY,AGExPOLPARTY :: 65+ | Republican,Q6F2_W42,3,"0.682750,0.093855,0.223395"
AGExPOLPARTY,AGExPOLPARTY :: 18-29 | Democrat,Q7F1_W42,3,"0.612880,0.115157,0.271964"
AGExPOLPARTY,AGExPOLPARTY :: 18-29 | Independent,Q7F1_W42,3,"0.567947,0.110965,0.321088"
AGExPOLPARTY,AGExPOLPARTY :: 18-29 | Other,Q7F1_W42,3,"0.489655,0.134914,0.375431"
AGExPOLPARTY,AGExPOLPARTY :: 18-29 | Republican,Q7F1_W42,3,"0.619586,0.101145,0.279269"
AGExPOLPARTY,AGExPOLPARTY :: 30-49 | Democrat,Q7F1_W42,3,"0.577482,0.129864,0.292654"
AGExPOLPARTY,AGExPOLPARTY :: 30-49 | Independent,Q7F1_W42,3,"0.557243,0.117721,0.325037"
AGExPOLPARTY,AGExPOLPARTY :: 30-49 | Other,Q7F1_W42,3,"0.465233,0.143001,0.391766"
AGExPOLPARTY,AGExPOLPARTY :: 30-49 | Refused,Q7F1_W42,3,"0.502803,0.156983,0.340214"
AGExPOLPARTY,AGExPOLPARTY :: 30-49 | Republican,Q7F1_W42,3,"0.593457,0.115047,0.291496"
AGExPOLPARTY,AGExPOLPARTY :: 50-64 | Democrat,Q7F1_W42,3,"0.571888,0.133729,0.294383"
AGExPOLPARTY,AGExPOLPARTY :: 50-64 | Independent,Q7F1_W42,3,"0.551453,0.119260,0.329287"
AGExPOLPARTY,AGExPOLPARTY :: 50-64 | Other,Q7F1_W42,3,"0.491471,0.137547,0.370982"
AGExPOLPARTY,AGExPOLPARTY :: 50-64 | Republican,Q7F1_W42,3,"0.594806,0.115308,0.289885"
AGExPOLPARTY,AGExPOLPARTY :: 65+ | Democrat,Q7F1_W42,3,"0.576741,0.128688,0.294571"
AGExPOLPARTY,AGExPOLPARTY :: 65+ | Independent,Q7F1_W42,3,"0.545132,0.121635,0.333233"
AGExPOLPARTY,AGExPOLPARTY :: 65+ | Other,Q7F1_W42,3,"0.469838,0.146691,0.383471"
AGExPOLPARTY,AGExPOLPARTY :: 65+ | Republican,Q7F1_W42,3,"0.589682,0.116115,0.294203"
AGExPOLPARTY,AGExPOLPARTY :: 18-29 | Democrat,RACESURV11_W43,3,"0.318417,0.387096,0.294487"
AGExPOLPARTY,AGExPOLPARTY :: 18-29 | Independent,RACESURV11_W43,3,"0.284713,0.338105,0.377183"
AGExPOLPARTY,AGExPOLPARTY :: 18-29 | Other,RACESURV11_W43,3,"0.259314,0.354440,0.386247"
AGExPOLPARTY,AGExPOLPARTY :: 18-29 | Republican,RACESURV11_W43,3,"0.294778,0.381471,0.323750"
AGExPOLPARTY,AGExPOLPARTY :: 30-49 | Democrat,RACESURV11_W43,3,"0.279762,0.400740,0.319498"
AGExPOLPARTY,AGExPOLPARTY :: 30-49 | Independent,RACESURV11_W43,3,"0.285011,0.360287,0.354702"
AGExPOLPARTY,AGExPOLPARTY :: 30-49 | Other,RACESURV11_W43,3,"0.263900,0.355116,0.380984"
AGExPOLPARTY,AGExPOLPARTY :: 30-49 | Refused,RACESURV11_W43,3,"0.281015,0.352472,0.366513"
AGExPOLPARTY,AGExPOLPARTY :: 30-49 | Republican,RACESURV11_W43,3,"0.299036,0.390016,0.310948"
AGExPOLPARTY,AGExPOLPARTY :: 50-64 | Democrat,RACESURV11_W43,3,"0.260347,0.400096,0.339557"
AGExPOLPARTY,AGExPOLPARTY :: 50-64 | Independent,RACESURV11_W43,3,"0.266529,0.339567,0.393904"
AGExPOLPARTY,AGExPOLPARTY :: 50-64 | Other,RACESURV11_W43,3,"0.254837,0.356582,0.388581"
AGExPOLPARTY,AGExPOLPARTY :: 50-64 | Refused,RACESURV11_W43,3,"0.268418,0.350083,0.381499"
AGExPOLPARTY,AGExPOLPARTY :: 50-64 | Republican,RACESURV11_W43,3,"0.285364,0.381011,0.333625"
AGExPOLPARTY,AGExPOLPARTY :: 65+ | Democrat,RACESURV11_W43,3,"0.272819,0.403200,0.323981"
AGExPOLPARTY,AGExPOLPARTY :: 65+ | Independent,RACESURV11_W43,3,"0.273787,0.346099,0.380115"
AGExPOLPARTY,AGExPOLPARTY :: 65+ | Other,RACESURV11_W43,3,"0.263114,0.354058,0.382828"
AGExPOLPARTY,AGExPOLPARTY :: 65+ | Republican,RACESURV11_W43,3,"0.297897,0.382507,0.319596"
AGExPOLPARTY,AGExPOLPARTY :: 18-29 | Democrat,RACESURV18c_W43,4,"0.186169,0.240921,0.391053,0.181857"
AGExPOLPARTY,AGExPOLPARTY :: 18-29 | Independent,RACESURV18c_W43,4,"0.158474,0.249315,0.427425,0.164787"
AGExPOLPARTY,AGExPOLPARTY :: 18-29 | Other,RACESURV18c_W43,4,"0.147142,0.236976,0.456784,0.159098"
AGExPOLPARTY,AGExPOLPARTY :: 18-29 | Republican,RACESURV18c_W43,4,"0.152854,0.215558,0.445766,0.185823"
AGExPOLPARTY,AGExPOLPARTY :: 30-49 | Democrat,RACESURV18c_W43,4,"0.150306,0.232799,0.445240,0.171655"
AGExPOLPARTY,AGExPOLPARTY :: 30-49 | Independent,RACESURV18c_W43,4,"0.153550,0.284637,0.414145,0.147668"
AGExPOLPARTY,AGExPOLPARTY :: 30-49 | Other,RACESURV18c_W43,4,"0.145688,0.267962,0.441795,0.144555"
AGExPOLPARTY,AGExPOLPARTY :: 30-49 | Refused,RACESURV18c_W43,4,"0.163811,0.272197,0.386870,0.177122"
AGExPOLPARTY,AGExPOLPARTY :: 30-49 | Republican,RACESURV18c_W43,4,"0.150889,0.244917,0.433214,0.170980"
AGExPOLPARTY,AGExPOLPARTY :: 50-64 | Democrat,RACESURV18c_W43,4,"0.134316,0.218017,0.472486,0.175181"
AGExPOLPARTY,AGExPOLPARTY :: 50-64 | Independent,RACESURV18c_W43,4,"0.135566,0.247403,0.462210,0.154821"
AGExPOLPARTY,AGExPOLPARTY :: 50-64 | Other,RACESURV18c_W43,4,"0.129925,0.238968,0.482729,0.148379"
AGExPOLPARTY,AGExPOLPARTY :: 50-64 | Refused,RACESURV18c_W43,4,"0.151046,0.252954,0.413805,0.182196"
AGExPOLPARTY,AGExPOLPARTY :: 50-64 | Republican,RACESURV18c_W43,4,"0.137805,0.225434,0.462560,0.174202"
AGExPOLPARTY,AGExPOLPARTY :: 65+ | Democrat,RACESURV18c_W43,4,"0.142358,0.210392,0.438495,0.208755"
AGExPOLPARTY,AGExPOLPARTY :: 65+ | Independent,RACESURV18c_W43,4,"0.144380,0.241792,0.421055,0.192773"
AGExPOLPARTY,AGExPOLPARTY :: 65+ | Other,RACESURV18c_W43,4,"0.142946,0.235678,0.433478,0.187899"
AGExPOLPARTY,AGExPOLPARTY :: 65+ | Republican,RACESURV18c_W43,4,"0.154077,0.222437,0.402781,0.220706"
AGExPOLPARTY,AGExPOLPARTY :: 18-29 | Democrat,RACESURV18f_W43,4,"0.276357,0.360438,0.272073,0.091133"
AGExPOLPARTY,AGExPOLPARTY :: 18-29 | Independent,RACESURV18f_W43,4,"0.261511,0.392574,0.269812,0.076104"
AGExPOLPARTY,AGExPOLPARTY :: 18-29 | Other,RACESURV18f_W43,4,"0.229198,0.380847,0.303638,0.086317"
AGExPOLPARTY,AGExPOLPARTY :: 18-29 | Republican,RACESURV18f_W43,4,"0.244663,0.390971,0.272942,0.091424"
AGExPOLPARTY,AGExPOLPARTY :: 30-49 | Democrat,RACESURV18f_W43,4,"0.236687,0.384181,0.289995,0.089137"
AGExPOLPARTY,AGExPOLPARTY :: 30-49 | Independent,RACESURV18f_W43,4,"0.228967,0.408177,0.284954,0.077902"
AGExPOLPARTY,AGExPOLPARTY :: 30-49 | Other,RACESURV18f_W43,4,"0.208276,0.389110,0.315111,0.087503"
AGExPOLPARTY,AGExPOLPARTY :: 30-49 | Refused,RACESURV18f_W43,4,"0.225424,0.377515,0.287198,0.109863"
AGExPOLPARTY,AGExPOLPARTY :: 30-49 | Republican,RACESURV18f_W43,4,"0.220672,0.399586,0.285571,0.094171"
AGExPOLPARTY,AGExPOLPARTY :: 50-64 | Democrat,RACESURV18f_W43,4,"0.222430,0.372500,0.304026,0.101043"
AGExPOLPARTY,AGExPOLPARTY :: 50-64 | Independent,RACESURV18f_W43,4,"0.226129,0.393781,0.294928,0.085161"
AGExPOLPARTY,AGExPOLPARTY :: 50-64 | Other,RACESURV18f_W43,4,"0.201200,0.367183,0.334324,0.097294"
AGExPOLPARTY,AGExPOLPARTY :: 50-64 | Refused,RACESURV18f_W43,4,"0.215549,0.363807,0.301607,0.119037"
AGExPOLPARTY,AGExPOLPARTY :: 50-64 | Republican,RACESURV18f_W43,4,"0.209205,0.378821,0.306779,0.105195"
AGExPOLPARTY,AGExPOLPARTY :: 65+ | Democrat,RACESURV18f_W43,4,"0.228594,0.351298,0.295823,0.124285"
AGExPOLPARTY,AGExPOLPARTY :: 65+ | Independent,RACESURV18f_W43,4,"0.231357,0.369708,0.287929,0.111006"
AGExPOLPARTY,AGExPOLPARTY :: 65+ | Other,RACESURV18f_W43,4,"0.211437,0.345887,0.317404,0.125272"
AGExPOLPARTY,AGExPOLPARTY :: 65+ | Republican,RACESURV18f_W43,4,"0.219932,0.343309,0.293647,0.143112"
AGExPOLPARTY,AGExPOLPARTY :: 18-29 | Democrat,RACESURV19b_W43,3,"0.230724,0.257392,0.511884"
AGExPOLPARTY,AGExPOLPARTY :: 18-29 | Independent,RACESURV19b_W43,3,"0.180524,0.222918,0.596558"
AGExPOLPARTY,AGExPOLPARTY :: 18-29 | Other,RACESURV19b_W43,3,"0.203066,0.244944,0.551990"
AGExPOLPARTY,AGExPOLPARTY :: 18-29 | Republican,RACESURV19b_W43,3,"0.198671,0.208206,0.593123"
AGExPOLPARTY,AGExPOLPARTY :: 30-49 | Democrat,RACESURV19b_W43,3,"0.194901,0.254199,0.550900"
AGExPOLPARTY,AGExPOLPARTY :: 30-49 | Independent,RACESURV19b_W43,3,"0.175691,0.234579,0.589730"
AGExPOLPARTY,AGExPOLPARTY :: 30-49 | Other,RACESURV19b_W43,3,"0.202419,0.255881,0.541700"
AGExPOLPARTY,AGExPOLPARTY :: 30-49 | Refused,RACESURV19b_W43,3,"0.204608,0.239211,0.556182"
AGExPOLPARTY,AGExPOLPARTY :: 30-49 | Republican,RACESURV19b_W43,3,"0.205592,0.222298,0.572110"
AGExPOLPARTY,AGExPOLPARTY :: 50-64 | Democrat,RACESURV19b_W43,3,"0.186195,0.244748,0.569057"
AGExPOLPARTY,AGExPOLPARTY :: 50-64 | Independent,RACESURV19b_W43,3,"0.166923,0.217709,0.615368"
AGExPOLPARTY,AGExPOLPARTY :: 50-64 | Other,RACESURV19b_W43,3,"0.193634,0.237245,0.569121"
AGExPOLPARTY,AGExPOLPARTY :: 50-64 | Refused,RACESURV19b_W43,3,"0.196993,0.228516,0.574490"
AGExPOLPARTY,AGExPOLPARTY :: 50-64 | Republican,RACESURV19b_W43,3,"0.196784,0.211119,0.592097"
AGExPOLPARTY,AGExPOLPARTY :: 65+ | Democrat,RACESURV19b_W43,3,"0.197456,0.240045,0.562499"
AGExPOLPARTY,AGExPOLPARTY :: 65+ | Independent,RACESURV19b_W43,3,"0.177471,0.217442,0.605086"
AGExPOLPARTY,AGExPOLPARTY :: 65+ | Other,RACESURV19b_W43,3,"0.209857,0.241544,0.548598"
AGExPOLPARTY,AGExPOLPARTY :: 65+ | Republican,RACESURV19b_W43,3,"0.217208,0.210525,0.572267"
AGExPOLPARTY,AGExPOLPARTY :: 18-29 | Democrat,RACESURV19d_W43,3,"0.493155,0.270227,0.236618"
AGExPOLPARTY,AGExPOLPARTY :: 18-29 | Independent,RACESURV19d_W43,3,"0.410673,0.298117,0.291211"
AGExPOLPARTY,AGExPOLPARTY :: 18-29 | Other,RACESURV19d_W43,3,"0.387277,0.306361,0.306361"
AGExPOLPARTY,AGExPOLPARTY :: 18-29 | Republican,RACESURV19d_W43,3,"0.434446,0.276151,0.289403"
AGExPOLPARTY,AGExPOLPARTY :: 30-49 | Democrat,RACESURV19d_W43,3,"0.425074,0.310991,0.263935"
AGExPOLPARTY,AGExPOLPARTY :: 30-49 | Independent,RACESURV19d_W43,3,"0.412269,0.308775,0.278955"
AGExPOLPARTY,AGExPOLPARTY :: 30-49 | Other,RACESURV19d_W43,3,"0.383511,0.315468,0.301021"
AGExPOLPARTY,AGExPOLPARTY :: 30-49 | Refused,RACESURV19d_W43,3,"0.405853,0.306354,0.287793"
AGExPOLPARTY,AGExPOLPARTY :: 30-49 | Republican,RACESURV19d_W43,3,"0.438289,0.287437,0.274274"
AGExPOLPARTY,AGExPOLPARTY :: 50-64 | Democrat,RACESURV19d_W43,3,"0.397990,0.319794,0.282217"
AGExPOLPARTY,AGExPOLPARTY :: 50-64 | Independent,RACESURV19d_W43,3,"0.377985,0.318295,0.303720"
AGExPOLPARTY,AGExPOLPARTY :: 50-64 | Other,RACESURV19d_W43,3,"0.373467,0.314490,0.312043"
AGExPOLPARTY,AGExPOLPARTY :: 50-64 | Refused,RACESURV19d_W43,3,"0.385396,0.312103,0.302501"
AGExPOLPARTY,AGExPOLPARTY :: 50-64 | Republican,RACESURV19d_W43,3,"0.413521,0.290949,0.295530"
AGExPOLPARTY,AGExPOLPARTY :: 65+ | Democrat,RACESURV19d_W43,3,"0.413462,0.300141,0.286397"
AGExPOLPARTY,AGExPOLPARTY :: 65+ | Independent,RACESURV19d_W43,3,"0.380793,0.305976,0.313232"
AGExPOLPARTY,AGExPOLPARTY :: 65+ | Other,RACESURV19d_W43,3,"0.369732,0.306519,0.323749"
AGExPOLPARTY,AGExPOLPARTY :: 65+ | Republican,RACESURV19d_W43,3,"0.419757,0.273141,0.307101"
AGExPOLPARTY,AGExPOLPARTY :: 18-29 | Democrat,RACESURV1c_W43,3,"0.196187,0.129671,0.674142"
AGExPOLPARTY,AGExPOLPARTY :: 18-29 | Independent,RACESURV1c_W43,3,"0.155355,0.103489,0.741157"
AGExPOLPARTY,AGExPOLPARTY :: 18-29 | Other,RACESURV1c_W43,3,"0.163066,0.117452,0.719482"
AGExPOLPARTY,AGExPOLPARTY :: 18-29 | Republican,RACESURV1c_W43,3,"0.168007,0.096478,0.735514"
AGExPOLPARTY,AGExPOLPARTY :: 30-49 | Democrat,RACESURV1c_W43,3,"0.185453,0.146705,0.667842"
AGExPOLPARTY,AGExPOLPARTY :: 30-49 | Independent,RACESURV1c_W43,3,"0.152677,0.124611,0.722712"
AGExPOLPARTY,AGExPOLPARTY :: 30-49 | Other,RACESURV1c_W43,3,"0.169948,0.136557,0.693495"
AGExPOLPARTY,AGExPOLPARTY :: 30-49 | Refused,RACESURV1c_W43,3,"0.175314,0.131304,0.693381"
AGExPOLPARTY,AGExPOLPARTY :: 30-49 | Republican,RACESURV1c_W43,3,"0.168924,0.114300,0.716776"
AGExPOLPARTY,AGExPOLPARTY :: 50-64 | Democrat,RACESURV1c_W43,3,"0.179694,0.142149,0.678157"
AGExPOLPARTY,AGExPOLPARTY :: 50-64 | Independent,RACESURV1c_W43,3,"0.151499,0.114357,0.734143"
AGExPOLPARTY,AGExPOLPARTY :: 50-64 | Other,RACESURV1c_W43,3,"0.158375,0.126268,0.715357"
AGExPOLPARTY,AGExPOLPARTY :: 50-64 | Refused,RACESURV1c_W43,3,"0.166124,0.123453,0.710423"
AGExPOLPARTY,AGExPOLPARTY :: 50-64 | Republican,RACESURV1c_W43,3,"0.158327,0.103833,0.737839"
AGExPOLPARTY,AGExPOLPARTY :: 65+ | Democrat,RACESURV1c_W43,3,"0.181445,0.133789,0.684766"
AGExPOLPARTY,AGExPOLPARTY :: 65+ | Independent,RACESURV1c_W43,3,"0.153655,0.113298,0.733047"
AGExPOLPARTY,AGExPOLPARTY :: 65+ | Other,RACESURV1c_W43,3,"0.171018,0.131124,0.697859"
AGExPOLPARTY,AGExPOLPARTY :: 65+ | Republican,RACESURV1c_W43,3,"0.167516,0.104829,0.727655"
AGExPOLPARTY,AGExPOLPARTY :: 18-29 | Democrat,RACESURV22_W43,4,"0.254646,0.258656,0.256644,0.230054"
AGExPOLPARTY,AGExPOLPARTY :: 18-29 | Independent,RACESURV22_W43,4,"0.209438,0.260650,0.275301,0.254612"
AGExPOLPARTY,AGExPOLPARTY :: 18-29 | Other,RACESURV22_W43,4,"0.192662,0.255236,0.282520,0.269582"
AGExPOLPARTY,AGExPOLPARTY :: 18-29 | Republican,RACESURV22_W43,4,"0.232646,0.251551,0.243811,0.271991"
AGExPOLPARTY,AGExPOLPARTY :: 30-49 | Democrat,RACESURV22_W43,4,"0.213158,0.269457,0.275847,0.241539"
AGExPOLPARTY,AGExPOLPARTY :: 30-49 | Independent,RACESURV22_W43,4,"0.198422,0.286456,0.277642,0.237480"
AGExPOLPARTY,AGExPOLPARTY :: 30-49 | Other,RACESURV22_W43,4,"0.186537,0.273538,0.288913,0.251012"
AGExPOLPARTY,AGExPOLPARTY :: 30-49 | Refused,RACESURV22_W43,4,"0.203523,0.265444,0.271739,0.259295"
AGExPOLPARTY,AGExPOLPARTY :: 30-49 | Republican,RACESURV22_W43,4,"0.220419,0.272181,0.253700,0.253700"
AGExPOLPARTY,AGExPOLPARTY :: 50-64 | Democrat,RACESURV22_W43,4,"0.202626,0.256143,0.276957,0.264274"
AGExPOLPARTY,AGExPOLPARTY :: 50-64 | Independent,RACESURV22_W43,4,"0.189852,0.259497,0.285001,0.265650"
AGExPOLPARTY,AGExPOLPARTY :: 50-64 | Other,RACESURV22_W43,4,"0.181923,0.260593,0.290712,0.266772"
AGExPOLPARTY,AGExPOLPARTY :: 50-64 | Refused,RACESURV22_W43,4,"0.197155,0.253152,0.269479,0.280214"
AGExPOLPARTY,AGExPOLPARTY :: 50-64 | Republican,RACESURV22_W43,4,"0.214634,0.254885,0.254885,0.275596"
AGExPOLPARTY,AGExPOLPARTY :: 65+ | Democrat,RACESURV22_W43,4,"0.210330,0.240205,0.259723,0.289742"
AGExPOLPARTY,AGExPOLPARTY :: 65+ | Independent,RACESURV22_W43,4,"0.197675,0.246011,0.261877,0.294437"
AGExPOLPARTY,AGExPOLPARTY :: 65+ | Other,RACESURV22_W43,4,"0.190164,0.240389,0.270277,0.299170"
AGExPOLPARTY,AGExPOLPARTY :: 65+ | Republican,RACESURV22_W43,4,"0.228986,0.232592,0.225436,0.312987"
AGExPOLPARTY,AGExPOLPARTY :: 18-29 | Democrat,RACESURV28f_W43,3,"0.610923,0.198338,0.190739"
AGExPOLPARTY,AGExPOLPARTY :: 18-29 | Independent,RACESURV28f_W43,3,"0.481885,0.218906,0.299209"
AGExPOLPARTY,AGExPOLPARTY :: 18-29 | Other,RACESURV28f_W43,3,"0.444458,0.237901,0.317640"
AGExPOLPARTY,AGExPOLPARTY :: 18-29 | Republican,RACESURV28f_W43,3,"0.526865,0.233795,0.239339"
AGExPOLPARTY,AGExPOLPARTY :: 30-49 | Democrat,RACESURV28f_W43,3,"0.572177,0.207229,0.220594"
AGExPOLPARTY,AGExPOLPARTY :: 30-49 | Independent,RACESURV28f_W43,3,"0.471735,0.235357,0.292907"
AGExPOLPARTY,AGExPOLPARTY :: 30-49 | Other,RACESURV28f_W43,3,"0.426077,0.244676,0.329247"
AGExPOLPARTY,AGExPOLPARTY :: 30-49 | Refused,RACESURV28f_W43,3,"0.468411,0.243009,0.288580"
AGExPOLPARTY,AGExPOLPARTY :: 30-49 | Republican,RACESURV28f_W43,3,"0.504325,0.240095,0.255580"
AGExPOLPARTY,AGExPOLPARTY :: 50-64 | Democrat,RACESURV28f_W43,3,"0.551881,0.214438,0.233681"
AGExPOLPARTY,AGExPOLPARTY :: 50-64 | Independent,RACESURV28f_W43,3,"0.466597,0.227401,0.306002"
AGExPOLPARTY,AGExPOLPARTY :: 50-64 | Other,RACESURV28f_W43,3,"0.430438,0.247180,0.322383"
AGExPOLPARTY,AGExPOLPARTY :: 50-64 | Refused,RACESURV28f_W43,3,"0.467013,0.251934,0.281053"
AGExPOLPARTY,AGExPOLPARTY :: 50-64 | Republican,RACESURV28f_W43,3,"0.491705,0.249184,0.259111"
AGExPOLPARTY,AGExPOLPARTY :: 65+ | Democrat,RACESURV28f_W43,3,"0.571294,0.210167,0.218539"
AGExPOLPARTY,AGExPOLPARTY :: 65+ | Independent,RACESURV28f_W43,3,"0.469335,0.232338,0.298327"
AGExPOLPARTY,AGExPOLPARTY :: 65+ | Other,RACESURV28f_W43,3,"0.430066,0.252823,0.317111"
AGExPOLPARTY,AGExPOLPARTY :: 65+ | Republican,RACESURV28f_W43,3,"0.494682,0.252659,0.252659"
AGExPOLPARTY,AGExPOLPARTY :: 18-29 | Democrat,RACESURV29a_W43,4,"0.383043,0.293689,0.208257,0.115010"
AGExPOLPARTY,AGExPOLPARTY :: 18-29 | Independent,RACESURV29a_W43,4,"0.320464,0.313040,0.240016,0.126480"
AGExPOLPARTY,AGExPOLPARTY :: 18-29 | Other,RACESURV29a_W43,4,"0.280689,0.315587,0.263683,0.140041"
AGExPOLPARTY,AGExPOLPARTY :: 18-29 | Republican,RACESURV29a_W43,4,"0.370988,0.298098,0.195497,0.135417"
AGExPOLPARTY,AGExPOLPARTY :: 30-49 | Democrat,RACESURV29a_W43,4,"0.314949,0.319909,0.235886,0.129255"
AGExPOLPARTY,AGExPOLPARTY :: 30-49 | Independent,RACESURV29a_W43,4,"0.308492,0.338812,0.234688,0.118009"
AGExPOLPARTY,AGExPOLPARTY :: 30-49 | Other,RACESURV29a_W43,4,"0.266706,0.329337,0.268797,0.135160"
AGExPOLPARTY,AGExPOLPARTY :: 30-49 | Refused,RACESURV29a_W43,4,"0.284906,0.315362,0.239915,0.159818"
AGExPOLPARTY,AGExPOLPARTY :: 30-49 | Republican,RACESURV29a_W43,4,"0.346751,0.315720,0.203844,0.133684"
AGExPOLPARTY,AGExPOLPARTY :: 50-64 | Democrat,RACESURV29a_W43,4,"0.293355,0.319680,0.245107,0.141857"
AGExPOLPARTY,AGExPOLPARTY :: 50-64 | Independent,RACESURV29a_W43,4,"0.284556,0.330091,0.255074,0.130279"
AGExPOLPARTY,AGExPOLPARTY :: 50-64 | Other,RACESURV29a_W43,4,"0.266923,0.324496,0.269017,0.139564"
AGExPOLPARTY,AGExPOLPARTY :: 50-64 | Refused,RACESURV29a_W43,4,"0.275562,0.314701,0.241290,0.168447"
AGExPOLPARTY,AGExPOLPARTY :: 50-64 | Republican,RACESURV29a_W43,4,"0.336241,0.310972,0.210414,0.142373"
AGExPOLPARTY,AGExPOLPARTY :: 65+ | Democrat,RACESURV29a_W43,4,"0.301355,0.289811,0.227475,0.181359"
AGExPOLPARTY,AGExPOLPARTY :: 65+ | Independent,RACESURV29a_W43,4,"0.287596,0.301398,0.236570,0.174436"
AGExPOLPARTY,AGExPOLPARTY :: 65+ | Other,RACESURV29a_W43,4,"0.264397,0.290384,0.256263,0.188956"
AGExPOLPARTY,AGExPOLPARTY :: 65+ | Republican,RACESURV29a_W43,4,"0.346223,0.269639,0.185320,0.198819"
AGExPOLPARTY,AGExPOLPARTY :: 18-29 | Democrat,RACESURV29d_W43,4,"0.284948,0.333138,0.257429,0.124485"
AGExPOLPARTY,AGExPOLPARTY :: 18-29 | Independent,RACESURV29d_W43,4,"0.238651,0.341851,0.285627,0.133871"
AGExPOLPARTY,AGExPOLPARTY :: 18-29 | Other,RACESURV29d_W43,4,"0.223053,0.342783,0.297815,0.136350"
AGExPOLPARTY,AGExPOLPARTY :: 18-29 | Republican,RACESURV29d_W43,4,"0.273968,0.340958,0.249450,0.135624"
AGExPOLPARTY,AGExPOLPARTY :: 30-49 | Democrat,RACESURV29d_W43,4,"0.236880,0.350086,0.279113,0.133920"
AGExPOLPARTY,AGExPOLPARTY :: 30-49 | Independent,RACESURV29d_W43,4,"0.230094,0.364828,0.281917,0.123161"
AGExPOLPARTY,AGExPOLPARTY :: 30-49 | Other,RACESURV29d_W43,4,"0.214340,0.353387,0.302268,0.130004"
AGExPOLPARTY,AGExPOLPARTY :: 30-49 | Refused,RACESURV29d_W43,4,"0.230979,0.338709,0.276446,0.153865"
AGExPOLPARTY,AGExPOLPARTY :: 30-49 | Republican,RACESURV29d_W43,4,"0.259194,0.354277,0.255176,0.131353"
AGExPOLPARTY,AGExPOLPARTY :: 50-64 | Democrat,RACESURV29d_W43,4,"0.226868,0.343240,0.284556,0.145337"
AGExPOLPARTY,AGExPOLPARTY :: 50-64 | Independent,RACESURV29d_W43,4,"0.214550,0.350980,0.300209,0.134262"
AGExPOLPARTY,AGExPOLPARTY :: 50-64 | Other,RACESURV29d_W43,4,"0.215888,0.347693,0.304450,0.131969"
AGExPOLPARTY,AGExPOLPARTY :: 50-64 | Refused,RACESURV29d_W43,4,"0.227209,0.335792,0.278382,0.158617"
AGExPOLPARTY,AGExPOLPARTY :: 50-64 | Republican,RACESURV29d_W43,4,"0.255143,0.346025,0.261193,0.137639"
AGExPOLPARTY,AGExPOLPARTY :: 65+ | Democrat,RACESURV29d_W43,4,"0.237101,0.311664,0.266580,0.184655"
AGExPOLPARTY,AGExPOLPARTY :: 65+ | Independent,RACESURV29d_W43,4,"0.226789,0.317335,0.277868,0.178009"
AGExPOLPARTY,AGExPOLPARTY :: 65+ | Other,RACESURV29d_W43,4,"0.222788,0.309311,0.286066,0.181835"
AGExPOLPARTY,AGExPOLPARTY :: 65+ | Republican,RACESURV29d_W43,4,"0.273695,0.302953,0.232282,0.191070"
AGExPOLPARTY,AGExPOLPARTY :: 18-29 | Democrat,RACESURV34d_W43,5,"0.297681,0.199853,0.173636,0.166984,0.161846"
AGExPOLPARTY,AGExPOLPARTY :: 18-29 | Independent,RACESURV34d_W43,5,"0.282193,0.200105,0.175218,0.165893,0.176592"
AGExPOLPARTY,AGExPOLPARTY :: 18-29 | Other,RACESURV34d_W43,5,"0.252650,0.209454,0.176378,0.172292,0.189226"
AGExPOLPARTY,AGExPOLPARTY :: 18-29 | Republican,RACESURV34d_W43,5,"0.285287,0.208720,0.163826,0.166406,0.175760"
AGExPOLPARTY,AGExPOLPARTY :: 30-49 | Democrat,RACESURV34d_W43,5,"0.264237,0.210668,0.184467,0.181607,0.159021"
AGExPOLPARTY,AGExPOLPARTY :: 30-49 | Independent,RACESURV34d_W43,5,"0.272049,0.216896,0.178414,0.163722,0.168919"
AGExPOLPARTY,AGExPOLPARTY :: 30-49 | Other,RACESURV34d_W43,5,"0.246318,0.215683,0.184483,0.173306,0.180210"
AGExPOLPARTY,AGExPOLPARTY :: 30-49 | Refused,RACESURV34d_W43,5,"0.262817,0.212836,0.182048,0.164467,0.177831"
AGExPOLPARTY,AGExPOLPARTY :: 30-49 | Republican,RACESURV34d_W43,5,"0.276300,0.216870,0.174260,0.167584,0.164986"
AGExPOLPARTY,AGExPOLPARTY :: 50-64 | Democrat,RACESURV34d_W43,5,"0.252275,0.210783,0.178890,0.186016,0.172036"
AGExPOLPARTY,AGExPOLPARTY :: 50-64 | Independent,RACESURV34d_W43,5,"0.265676,0.210167,0.176979,0.170199,0.176979"
AGExPOLPARTY,AGExPOLPARTY :: 50-64 | Other,RACESURV34d_W43,5,"0.245946,0.215357,0.181349,0.171698,0.185650"
AGExPOLPARTY,AGExPOLPARTY :: 50-64 | Refused,RACESURV34d_W43,5,"0.257916,0.213820,0.174515,0.166523,0.187227"
AGExPOLPARTY,AGExPOLPARTY :: 50-64 | Republican,RACESURV34d_W43,5,"0.272487,0.217245,0.169191,0.167874,0.173203"
AGExPOLPARTY,AGExPOLPARTY :: 65+ | Democrat,RACESURV34d_W43,5,"0.251804,0.200756,0.174419,0.193065,0.179956"
AGExPOLPARTY,AGExPOLPARTY :: 65+ | Independent,RACESURV34d_W43,5,"0.258768,0.203109,0.171035,0.179243,0.187845"
AGExPOLPARTY,AGExPOLPARTY :: 65+ | Other,RACESURV34d_W43,5,"0.241603,0.203450,0.175385,0.182371,0.197191"
AGExPOLPARTY,AGExPOLPARTY :: 65+ | Republican,RACESURV34d_W43,5,"0.271015,0.201401,0.159322,0.180535,0.187727"
AGExPOLPARTY,AGExPOLPARTY :: 18-29 | Democrat,RACESURV37_W43,2,"0.660172,0.339828"
AGExPOLPARTY,AGExPOLPARTY :: 18-29 | Independent,RACESURV37_W43,2,"0.649579,0.350421"
AGExPOLPARTY,AGExPOLPARTY :: 18-29 | Other,RACESURV37_W43,2,"0.602062,0.397938"
AGExPOLPARTY,AGExPOLPARTY :: 18-29 | Republican,RACESURV37_W43,2,"0.644225,0.355775"
AGExPOLPARTY,AGExPOLPARTY :: 30-49 | Democrat,RACESURV37_W43,2,"0.600188,0.399812"
AGExPOLPARTY,AGExPOLPARTY :: 30-49 | Independent,RACESURV37_W43,2,"0.615088,0.384912"
AGExPOLPARTY,AGExPOLPARTY :: 30-49 | Other,RACESURV37_W43,2,"0.573678,0.426322"
AGExPOLPARTY,AGExPOLPARTY :: 30-49 | Refused,RACESURV37_W43,2,"0.566019,0.433981"
AGExPOLPARTY,AGExPOLPARTY :: 30-49 | Republican,RACESURV37_W43,2,"0.603932,0.396068"
AGExPOLPARTY,AGExPOLPARTY :: 50-64 | Democrat,RACESURV37_W43,2,"0.588889,0.411111"
AGExPOLPARTY,AGExPOLPARTY :: 50-64 | Independent,RACESURV37_W43,2,"0.602062,0.397938"
AGExPOLPARTY,AGExPOLPARTY :: 50-64 | Other,RACESURV37_W43,2,"0.581303,0.418697"
AGExPOLPARTY,AGExPOLPARTY :: 50-64 | Refused,RACESURV37_W43,2,"0.566019,0.433981"
AGExPOLPARTY,AGExPOLPARTY :: 50-64 | Republican,RACESURV37_W43,2,"0.605799,0.394201"
AGExPOLPARTY,AGExPOLPARTY :: 65+ | Democrat,RACESURV37_W43,2,"0.607663,0.392337"
AGExPOLPARTY,AGExPOLPARTY :: 65+ | Independent,RACESURV37_W43,2,"0.609524,0.390476"
AGExPOLPARTY,AGExPOLPARTY :: 65+ | Other,RACESURV37_W43,2,"0.583203,0.416797"
AGExPOLPARTY,AGExPOLPARTY :: 65+ | Republican,RACESURV37_W43,2,"0.615088,0.384912"
AGExPOLPARTY,AGExPOLPARTY :: 18-29 | Democrat,RACESURV3_W43,3,"0.216408,0.544050,0.239542"
AGExPOLPARTY,AGExPOLPARTY :: 18-29 | Independent,RACESURV3_W43,3,"0.198716,0.535963,0.265321"
AGExPOLPARTY,AGExPOLPARTY :: 18-29 | Other,RACESURV3_W43,3,"0.181047,0.515756,0.303197"
AGExPOLPARTY,AGExPOLPARTY :: 18-29 | Republican,RACESURV3_W43,3,"0.168310,0.630250,0.201440"
AGExPOLPARTY,AGExPOLPARTY :: 30-49 | Democrat,RACESURV3_W43,3,"0.184549,0.591096,0.224355"
AGExPOLPARTY,AGExPOLPARTY :: 30-49 | Independent,RACESURV3_W43,3,"0.189324,0.547826,0.262850"
AGExPOLPARTY,AGExPOLPARTY :: 30-49 | Other,RACESURV3_W43,3,"0.185427,0.504042,0.310531"
AGExPOLPARTY,AGExPOLPARTY :: 30-49 | Refused,RACESURV3_W43,3,"0.179764,0.603400,0.216836"
AGExPOLPARTY,AGExPOLPARTY :: 30-49 | Republican,RACESURV3_W43,3,"0.170508,0.628584,0.200908"
AGExPOLPARTY,AGExPOLPARTY :: 50-64 | Democrat,RACESURV3_W43,3,"0.171314,0.612125,0.216561"
AGExPOLPARTY,AGExPOLPARTY :: 50-64 | Independent,RACESURV3_W43,3,"0.189513,0.561378,0.249110"
AGExPOLPARTY,AGExPOLPARTY :: 50-64 | Other,RACESURV3_W43,3,"0.176512,0.547958,0.275531"
AGExPOLPARTY,AGExPOLPARTY :: 50-64 | Refused,RACESURV3_W43,3,"0.173028,0.623096,0.203876"
AGExPOLPARTY,AGExPOLPARTY :: 50-64 | Republican,RACESURV3_W43,3,"0.163426,0.636341,0.200233"
AGExPOLPARTY,AGExPOLPARTY :: 65+ | Democrat,RACESURV3_W43,3,"0.173544,0.610478,0.215979"
AGExPOLPARTY,AGExPOLPARTY :: 65+ | Independent,RACESURV3_W43,3,"0.190423,0.555329,0.254248"
AGExPOLPARTY,AGExPOLPARTY :: 65+ | Other,RACESURV3_W43,3,"0.189524,0.519220,0.291256"
AGExPOLPARTY,AGExPOLPARTY :: 65+ | Republican,RACESURV3_W43,3,"0.165075,0.627874,0.207051"
AGExPOLPARTY,AGExPOLPARTY :: 18-29 | Democrat,RACESURV47f_W43,4,"0.188864,0.176041,0.321269,0.313827"
AGExPOLPARTY,AGExPOLPARTY :: 18-29 | Independent,RACESURV47f_W43,4,"0.140747,0.159487,0.382589,0.317177"
AGExPOLPARTY,AGExPOLPARTY :: 18-29 | Other,RACESURV47f_W43,4,"0.141320,0.146950,0.393259,0.318471"
AGExPOLPARTY,AGExPOLPARTY :: 18-29 | Republican,RACESURV47f_W43,4,"0.155258,0.130740,0.344455,0.369546"
AGExPOLPARTY,AGExPOLPARTY :: 30-49 | Democrat,RACESURV47f_W43,4,"0.152393,0.164776,0.362726,0.320105"
AGExPOLPARTY,AGExPOLPARTY :: 30-49 | Independent,RACESURV47f_W43,4,"0.133851,0.187291,0.372472,0.306387"
AGExPOLPARTY,AGExPOLPARTY :: 30-49 | Other,RACESURV47f_W43,4,"0.135617,0.174136,0.389367,0.300880"
AGExPOLPARTY,AGExPOLPARTY :: 30-49 | Refused,RACESURV47f_W43,4,"0.145263,0.176595,0.340396,0.337747"
AGExPOLPARTY,AGExPOLPARTY :: 30-49 | Republican,RACESURV47f_W43,4,"0.151446,0.155037,0.338633,0.354884"
AGExPOLPARTY,AGExPOLPARTY :: 50-64 | Democrat,RACESURV47f_W43,4,"0.144644,0.155180,0.366486,0.333690"
AGExPOLPARTY,AGExPOLPARTY :: 50-64 | Independent,RACESURV47f_W43,4,"0.123797,0.151680,0.405916,0.318607"
AGExPOLPARTY,AGExPOLPARTY :: 50-64 | Other,RACESURV47f_W43,4,"0.131130,0.148589,0.400764,0.319517"
AGExPOLPARTY,AGExPOLPARTY :: 50-64 | Refused,RACESURV47f_W43,4,"0.143891,0.163050,0.347883,0.345176"
AGExPOLPARTY,AGExPOLPARTY :: 50-64 | Republican,RACESURV47f_W43,4,"0.147417,0.139571,0.348152,0.364860"
AGExPOLPARTY,AGExPOLPARTY :: 65+ | Democrat,RACESURV47f_W43,4,"0.145362,0.137626,0.348705,0.368306"
AGExPOLPARTY,AGExPOLPARTY :: 65+ | Independent,RACESURV47f_W43,4,"0.124136,0.137407,0.376439,0.362018"
AGExPOLPARTY,AGExPOLPARTY :: 65+ | Other,RACESURV47f_W43,4,"0.134112,0.136224,0.379076,0.350588"
AGExPOLPARTY,AGExPOLPARTY :: 65+ | Republican,RACESURV47f_W43,4,"0.152752,0.130656,0.310988,0.405604"
AGExPOLPARTY,AGExPOLPARTY :: 18-29 | Democrat,RACESURV4_W43,3,"0.769956,0.094139,0.135905"
AGExPOLPARTY,AGExPOLPARTY :: 18-29 | Independent,RACESURV4_W43,3,"0.747802,0.087928,0.164270"
AGExPOLPARTY,AGExPOLPARTY :: 18-29 | Other,RACESURV4_W43,3,"0.630457,0.114815,0.254728"
AGExPOLPARTY,AGExPOLPARTY :: 18-29 | Republican,RACESURV4_W43,3,"0.777850,0.085919,0.136230"
AGExPOLPARTY,AGExPOLPARTY :: 30-49 | Democrat,RACESURV4_W43,3,"0.735672,0.102723,0.161606"
AGExPOLPARTY,AGExPOLPARTY :: 30-49 | Independent,RACESURV4_W43,3,"0.730175,0.095033,0.174792"
AGExPOLPARTY,AGExPOLPARTY :: 30-49 | Other,RACESURV4_W43,3,"0.591920,0.124073,0.284006"
AGExPOLPARTY,AGExPOLPARTY :: 30-49 | Refused,RACESURV4_W43,3,"0.656160,0.122329,0.221510"
AGExPOLPARTY,AGExPOLPARTY :: 30-49 | Republican,RACESURV4_W43,3,"0.749908,0.095340,0.154752"
AGExPOLPARTY,AGExPOLPARTY :: 50-64 | Democrat,RACESURV4_W43,3,"0.725851,0.107049,0.167100"
AGExPOLPARTY,AGExPOLPARTY :: 50-64 | Independent,RACESURV4_W43,3,"0.725608,0.095179,0.179213"
AGExPOLPARTY,AGExPOLPARTY :: 50-64 | Other,RACESURV4_W43,3,"0.630649,0.118496,0.250855"
AGExPOLPARTY,AGExPOLPARTY :: 50-64 | Refused,RACESURV4_W43,3,"0.661597,0.125285,0.213118"
AGExPOLPARTY,AGExPOLPARTY :: 50-64 | Republican,RACESURV4_W43,3,"0.741364,0.099552,0.159084"
AGExPOLPARTY,AGExPOLPARTY :: 65+ | Democrat,RACESURV4_W43,3,"0.720077,0.106197,0.173727"
AGExPOLPARTY,AGExPOLPARTY :: 65+ | Independent,RACESURV4_W43,3,"0.703384,0.099761,0.196855"
AGExPOLPARTY,AGExPOLPARTY :: 65+ | Other,RACESURV4_W43,3,"0.587821,0.130140,0.282039"
AGExPOLPARTY,AGExPOLPARTY :: 65+ | Republican,RACESURV4_W43,3,"0.719878,0.103708,0.176414"
AGExPOLPARTY,AGExPOLPARTY :: 18-29 | Democrat,RACESURV51_W43,3,"0.702028,0.087185,0.210787"
AGExPOLPARTY,AGExPOLPARTY :: 18-29 | Independent,RACESURV51_W43,3,"0.616873,0.100702,0.282425"
AGExPOLPARTY,AGExPOLPARTY :: 18-29 | Other,RACESURV51_W43,3,"0.602550,0.110593,0.286857"
AGExPOLPARTY,AGExPOLPARTY :: 18-29 | Republican,RACESURV51_W43,3,"0.654246,0.093520,0.252234"
AGExPOLPARTY,AGExPOLPARTY :: 30-49 | Democrat,RACESURV51_W43,3,"0.655175,0.111215,0.233610"
AGExPOLPARTY,AGExPOLPARTY :: 30-49 | Independent,RACESURV51_W43,3,"0.580089,0.114226,0.305685"
AGExPOLPARTY,AGExPOLPARTY :: 30-49 | Other,RACESURV51_W43,3,"0.557485,0.127342,0.315173"
AGExPOLPARTY,AGExPOLPARTY :: 30-49 | Refused,RACESURV51_W43,3,"0.546365,0.134943,0.318692"
AGExPOLPARTY,AGExPOLPARTY :: 30-49 | Republican,RACESURV51_W43,3,"0.593728,0.116912,0.289360"
AGExPOLPARTY,AGExPOLPARTY :: 50-64 | Democrat,RACESURV51_W43,3,"0.642172,0.117865,0.239962"
AGExPOLPARTY,AGExPOLPARTY :: 50-64 | Independent,RACESURV51_W43,3,"0.567099,0.124575,0.308326"
AGExPOLPARTY,AGExPOLPARTY :: 50-64 | Other,RACESURV51_W43,3,"0.559308,0.131813,0.308879"
AGExPOLPARTY,AGExPOLPARTY :: 50-64 | Refused,RACESURV51_W43,3,"0.544924,0.142152,0.312924"
AGExPOLPARTY,AGExPOLPARTY :: 50-64 | Republican,RACESURV51_W43,3,"0.584926,0.125515,0.289559"
AGExPOLPARTY,AGExPOLPARTY :: 65+ | Democrat,RACESURV51_W43,3,"0.650245,0.108667,0.241088"
AGExPOLPARTY,AGExPOLPARTY :: 65+ | Independent,RACESURV51_W43,3,"0.570352,0.119552,0.310095"
AGExPOLPARTY,AGExPOLPARTY :: 65+ | Other,RACESURV51_W43,3,"0.552361,0.135362,0.312277"
AGExPOLPARTY,AGExPOLPARTY :: 65+ | Republican,RACESURV51_W43,3,"0.578294,0.119338,0.302368"
AGExPOLPARTY,AGExPOLPARTY :: 18-29 | Democrat,RACESURV53a_W43,2,"0.746139,0.253861"
AGExPOLPARTY,AGExPOLPARTY :: 18-29 | Independent,RACESURV53a_W43,2,"0.712232,0.287768"
AGExPOLPARTY,AGExPOLPARTY :: 18-29 | Other,RACESURV53a_W43,2,"0.682574,0.317426"
AGExPOLPARTY,AGExPOLPARTY :: 18-29 | Republican,RACESURV53a_W43,2,"0.743168,0.256832"
AGExPOLPARTY,AGExPOLPARTY :: 30-49 | Democrat,RACESURV53a_W43,2,"0.663669,0.336331"
AGExPOLPARTY,AGExPOLPARTY :: 30-49 | Independent,RACESURV53a_W43,2,"0.651355,0.348645"
AGExPOLPARTY,AGExPOLPARTY :: 30-49 | Other,RACESURV53a_W43,2,"0.622459,0.377541"
AGExPOLPARTY,AGExPOLPARTY :: 30-49 | Refused,RACESURV53a_W43,2,"0.635222,0.364778"
AGExPOLPARTY,AGExPOLPARTY :: 30-49 | Republican,RACESURV53a_W43,2,"0.674050,0.325950"
AGExPOLPARTY,AGExPOLPARTY :: 50-64 | Democrat,RACESURV53a_W43,2,"0.667148,0.332852"
AGExPOLPARTY,AGExPOLPARTY :: 50-64 | Independent,RACESURV53a_W43,2,"0.656658,0.343342"
AGExPOLPARTY,AGExPOLPARTY :: 50-64 | Other,RACESURV53a_W43,2,"0.644225,0.355775"
AGExPOLPARTY,AGExPOLPARTY :: 50-64 | Refused,RACESURV53a_W43,2,"0.647798,0.352202"
AGExPOLPARTY,AGExPOLPARTY :: 50-64 | Republican,RACESURV53a_W43,2,"0.690976,0.309024"
AGExPOLPARTY,AGExPOLPARTY :: 65+ | Democrat,RACESURV53a_W43,2,"0.699254,0.300746"
AGExPOLPARTY,AGExPOLPARTY :: 65+ | Independent,RACESURV53a_W43,2,"0.670608,0.329392"
AGExPOLPARTY,AGExPOLPARTY :: 65+ | Other,RACESURV53a_W43,2,"0.653127,0.346873"
AGExPOLPARTY,AGExPOLPARTY :: 65+ | Republican,RACESURV53a_W43,2,"0.710628,0.289372"
AGExPOLPARTY,AGExPOLPARTY :: 18-29 | Democrat,RACESURV5k_W43,5,"0.108408,0.126742,0.229500,0.438930,0.096420"
AGExPOLPARTY,AGExPOLPARTY :: 18-29 | Independent,RACESURV5k_W43,5,"0.088932,0.118740,0.261386,0.430953,0.099989"
AGExPOLPARTY,AGExPOLPARTY :: 18-29 | Other,RACESURV5k_W43,5,"0.086838,0.120563,0.255232,0.424107,0.113259"
AGExPOLPARTY,AGExPOLPARTY :: 18-29 | Republican,RACESURV5k_W43,5,"0.075667,0.097920,0.268263,0.478230,0.079920"
AGExPOLPARTY,AGExPOLPARTY :: 30-49 | Democrat,RACESURV5k_W43,5,"0.093753,0.124203,0.269172,0.430136,0.082737"
AGExPOLPARTY,AGExPOLPARTY :: 30-49 | Independent,RACESURV5k_W43,5,"0.089630,0.127390,0.271799,0.408018,0.103163"
AGExPOLPARTY,AGExPOLPARTY :: 30-49 | Other,RACESURV5k_W43,5,"0.091931,0.128635,0.272320,0.396223,0.110890"
AGExPOLPARTY,AGExPOLPARTY :: 30-49 | Refused,RACESURV5k_W43,5,"0.099146,0.133416,0.275899,0.380066,0.111473"
AGExPOLPARTY,AGExPOLPARTY :: 30-49 | Republican,RACESURV5k_W43,5,"0.084571,0.106076,0.281664,0.443119,0.084571"
AGExPOLPARTY,AGExPOLPARTY :: 50-64 | Democrat,RACESURV5k_W43,5,"0.087790,0.126740,0.252053,0.452856,0.080561"
AGExPOLPARTY,AGExPOLPARTY :: 50-64 | Independent,RACESURV5k_W43,5,"0.086742,0.119492,0.267185,0.437085,0.089496"
AGExPOLPARTY,AGExPOLPARTY :: 50-64 | Other,RACESURV5k_W43,5,"0.082319,0.119773,0.265729,0.431320,0.100859"
AGExPOLPARTY,AGExPOLPARTY :: 50-64 | Refused,RACESURV5k_W43,5,"0.091948,0.131709,0.263989,0.405693,0.106661"
AGExPOLPARTY,AGExPOLPARTY :: 50-64 | Republican,RACESURV5k_W43,5,"0.076645,0.103946,0.273860,0.465852,0.079698"
AGExPOLPARTY,AGExPOLPARTY :: 65+ | Democrat,RACESURV5k_W43,5,"0.092183,0.125019,0.240981,0.446708,0.095110"
AGExPOLPARTY,AGExPOLPARTY :: 65+ | Independent,RACESURV5k_W43,5,"0.092434,0.122455,0.251261,0.424083,0.109768"
AGExPOLPARTY,AGExPOLPARTY :: 65+ | Other,RACESURV5k_W43,5,"0.093084,0.127231,0.251060,0.404340,0.124284"
AGExPOLPARTY,AGExPOLPARTY :: 65+ | Republican,RACESURV5k_W43,5,"0.083242,0.103596,0.254407,0.453529,0.105227"
AGExPOLPARTY,AGExPOLPARTY :: 18-29 | Democrat,RACESURV8_W43,4,"0.264095,0.242347,0.274615,0.218942"
AGExPOLPARTY,AGExPOLPARTY :: 18-29 | Independent,RACESURV8_W43,4,"0.199728,0.244712,0.334481,0.221079"
AGExPOLPARTY,AGExPOLPARTY :: 18-29 | Other,RACESURV8_W43,4,"0.180424,0.229867,0.361631,0.228078"
AGExPOLPARTY,AGExPOLPARTY :: 18-29 | Republican,RACESURV8_W43,4,"0.229150,0.216955,0.294234,0.259661"
AGExPOLPARTY,AGExPOLPARTY :: 30-49 | Democrat,RACESURV8_W43,4,"0.216452,0.257043,0.310053,0.216452"
AGExPOLPARTY,AGExPOLPARTY :: 30-49 | Independent,RACESURV8_W43,4,"0.183674,0.269340,0.340477,0.206510"
AGExPOLPARTY,AGExPOLPARTY :: 30-49 | Other,RACESURV8_W43,4,"0.168027,0.254216,0.367004,0.210753"
AGExPOLPARTY,AGExPOLPARTY :: 30-49 | Refused,RACESURV8_W43,4,"0.187450,0.250279,0.328985,0.233286"
AGExPOLPARTY,AGExPOLPARTY :: 30-49 | Republican,RACESURV8_W43,4,"0.208691,0.236478,0.310845,0.243985"
AGExPOLPARTY,AGExPOLPARTY :: 50-64 | Democrat,RACESURV8_W43,4,"0.202899,0.244743,0.324232,0.228126"
AGExPOLPARTY,AGExPOLPARTY :: 50-64 | Independent,RACESURV8_W43,4,"0.175078,0.244979,0.362055,0.217888"
AGExPOLPARTY,AGExPOLPARTY :: 50-64 | Other,RACESURV8_W43,4,"0.158683,0.230882,0.386655,0.223779"
AGExPOLPARTY,AGExPOLPARTY :: 50-64 | Refused,RACESURV8_W43,4,"0.179785,0.236323,0.343848,0.240044"
AGExPOLPARTY,AGExPOLPARTY :: 50-64 | Republican,RACESURV8_W43,4,"0.198081,0.215856,0.331723,0.254341"
AGExPOLPARTY,AGExPOLPARTY :: 65+ | Democrat,RACESURV8_W43,4,"0.203734,0.210201,0.298755,0.287310"
AGExPOLPARTY,AGExPOLPARTY :: 65+ | Independent,RACESURV8_W43,4,"0.173418,0.210823,0.334273,0.281486"
AGExPOLPARTY,AGExPOLPARTY :: 65+ | Other,RACESURV8_W43,4,"0.164117,0.202657,0.347435,0.285792"
AGExPOLPARTY,AGExPOLPARTY :: 65+ | Republican,RACESURV8_W43,4,"0.199363,0.175937,0.285574,0.339127"
AGExPOLPARTY,AGExPOLPARTY :: 18-29 | Democrat,RACESURV9_W43,5,"0.153441,0.190960,0.298084,0.183644,0.173871"
AGExPOLPARTY,AGExPOLPARTY :: 18-29 | Independent,RACESURV9_W43,5,"0.132358,0.175346,0.327589,0.166014,0.198693"
AGExPOLPARTY,AGExPOLPARTY :: 18-29 | Other,RACESURV9_W43,5,"0.115444,0.181620,0.361194,0.161536,0.180206"
AGExPOLPARTY,AGExPOLPARTY :: 18-29 | Republican,RACESURV9_W43,5,"0.145971,0.178847,0.304229,0.166704,0.204250"
AGExPOLPARTY,AGExPOLPARTY :: 30-49 | Democrat,RACESURV9_W43,5,"0.142365,0.187135,0.299041,0.190082,0.181377"
AGExPOLPARTY,AGExPOLPARTY :: 30-49 | Independent,RACESURV9_W43,5,"0.140582,0.192153,0.326863,0.155610,0.184792"
AGExPOLPARTY,AGExPOLPARTY :: 30-49 | Other,RACESURV9_W43,5,"0.121306,0.186421,0.364994,0.152152,0.175126"
AGExPOLPARTY,AGExPOLPARTY :: 30-49 | Refused,RACESURV9_W43,5,"0.146521,0.197166,0.317541,0.153553,0.185220"
AGExPOLPARTY,AGExPOLPARTY :: 30-49 | Republican,RACESURV9_W43,5,"0.148094,0.187208,0.308653,0.155201,0.200845"
AGExPOLPARTY,AGExPOLPARTY :: 50-64 | Democrat,RACESURV9_W43,5,"0.135529,0.189639,0.293718,0.198740,0.182374"
AGExPOLPARTY,AGExPOLPARTY :: 50-64 | Independent,RACESURV9_W43,5,"0.139037,0.177137,0.323270,0.169025,0.191531"
AGExPOLPARTY,AGExPOLPARTY :: 50-64 | Other,RACESURV9_W43,5,"0.124528,0.191372,0.360335,0.156194,0.167571"
AGExPOLPARTY,AGExPOLPARTY :: 50-64 | Refused,RACESURV9_W43,5,"0.144130,0.201674,0.319767,0.152232,0.182197"
AGExPOLPARTY,AGExPOLPARTY :: 50-64 | Republican,RACESURV9_W43,5,"0.141245,0.188587,0.318301,0.158806,0.193060"
AGExPOLPARTY,AGExPOLPARTY :: 65+ | Democrat,RACESURV9_W43,5,"0.146476,0.188079,0.275800,0.197105,0.192539"
AGExPOLPARTY,AGExPOLPARTY :: 65+ | Independent,RACESURV9_W43,5,"0.148139,0.180091,0.296920,0.169180,0.205670"
AGExPOLPARTY,AGExPOLPARTY :: 65+ | Other,RACESURV9_W43,5,"0.134399,0.192518,0.324935,0.157128,0.191020"
AGExPOLPARTY,AGExPOLPARTY :: 65+ | Republican,RACESURV9_W43,5,"0.156582,0.184499,0.285758,0.164097,0.209065"
AGExPOLPARTY,AGExPOLPARTY :: 18-29 | Democrat,ROBIMPACTa_W41,2,"0.798187,0.201813"
AGExPOLPARTY,AGExPOLPARTY :: 18-29 | Independent,ROBIMPACTa_W41,2,"0.759225,0.240775"
AGExPOLPARTY,AGExPOLPARTY :: 18-29 | Other,ROBIMPACTa_W41,2,"0.729520,0.270480"
AGExPOLPARTY,AGExPOLPARTY :: 18-29 | Republican,ROBIMPACTa_W41,2,"0.770465,0.229535"
AGExPOLPARTY,AGExPOLPARTY :: 30-49 | Democrat,ROBIMPACTa_W41,2,"0.749087,0.250913"
AGExPOLPARTY,AGExPOLPARTY :: 30-49 | Independent,ROBIMPACTa_W41,2,"0.720172,0.279829"
AGExPOLPARTY,AGExPOLPARTY :: 30-49 | Other,ROBIMPACTa_W41,2,"0.685949,0.314051"
AGExPOLPARTY,AGExPOLPARTY :: 30-49 | Republican,ROBIMPACTa_W41,2,"0.715424,0.284576"
AGExPOLPARTY,AGExPOLPARTY :: 50-64 | Democrat,ROBIMPACTa_W41,2,"0.750553,0.249447"
AGExPOLPARTY,AGExPOLPARTY :: 50-64 | Independent,ROBIMPACTa_W41,2,"0.718594,0.281406"
AGExPOLPARTY,AGExPOLPARTY :: 50-64 | Other,ROBIMPACTa_W41,2,"0.702530,0.297470"
AGExPOLPARTY,AGExPOLPARTY :: 50-64 | Republican,ROBIMPACTa_W41,2,"0.721743,0.278257"
AGExPOLPARTY,AGExPOLPARTY :: 65+ | Democrat,ROBIMPACTa_W41,2,"0.773216,0.226784"
AGExPOLPARTY,AGExPOLPARTY :: 65+ | Independent,ROBIMPACTa_W41,2,"0.729520,0.270480"
AGExPOLPARTY,AGExPOLPARTY :: 65+ | Republican,ROBIMPACTa_W41,2,"0.737158,0.262842"
AGExPOLPARTY,AGExPOLPARTY :: 18-29 | Democrat,ROBIMPACTb_W41,2,"0.626124,0.373876"
AGExPOLPARTY,AGExPOLPARTY :: 18-29 | Independent,ROBIMPACTb_W41,2,"0.607663,0.392337"
AGExPOLPARTY,AGExPOLPARTY :: 18-29 | Other,ROBIMPACTb_W41,2,"0.573678,0.426322"
AGExPOLPARTY,AGExPOLPARTY :: 18-29 | Republican,ROBIMPACTb_W41,2,"0.603932,0.396068"
AGExPOLPARTY,AGExPOLPARTY :: 30-49 | Democrat,ROBIMPACTb_W41,2,"0.573678,0.426322"
AGExPOLPARTY,AGExPOLPARTY :: 30-49 | Independent,ROBIMPACTb_W41,2,"0.581303,0.418697"
AGExPOLPARTY,AGExPOLPARTY :: 30-49 | Other,ROBIMPACTb_W41,2,"0.556400,0.443600"
AGExPOLPARTY,AGExPOLPARTY :: 30-49 | Republican,ROBIMPACTb_W41,2,"0.579400,0.420600"
AGExPOLPARTY,AGExPOLPARTY :: 50-64 | Democrat,ROBIMPACTb_W41,2,"0.569853,0.430147"
AGExPOLPARTY,AGExPOLPARTY :: 50-64 | Independent,ROBIMPACTb_W41,2,"0.573678,0.426322"
AGExPOLPARTY,AGExPOLPARTY :: 50-64 | Other,ROBIMPACTb_W41,2,"0.554470,0.445530"
AGExPOLPARTY,AGExPOLPARTY :: 50-64 | Republican,ROBIMPACTb_W41,2,"0.577495,0.422505"
AGExPOLPARTY,AGExPOLPARTY :: 65+ | Democrat,ROBIMPACTb_W41,2,"0.579400,0.420600"
AGExPOLPARTY,AGExPOLPARTY :: 65+ | Independent,ROBIMPACTb_W41,2,"0.573678,0.426322"
AGExPOLPARTY,AGExPOLPARTY :: 65+ | Republican,ROBIMPACTb_W41,2,"0.586996,0.413004"
AGExPOLPARTY,AGExPOLPARTY :: 18-29 | Democrat,ROBJOB3A_W27,4,"0.326874,0.275255,0.222908,0.174963"
AGExPOLPARTY,AGExPOLPARTY :: 18-29 | Independent,ROBJOB3A_W27,4,"0.303149,0.276021,0.239811,0.181019"
AGExPOLPARTY,AGExPOLPARTY :: 18-29 | Other,ROBJOB3A_W27,4,"0.272791,0.281450,0.258273,0.187486"
AGExPOLPARTY,AGExPOLPARTY :: 18-29 | Republican,ROBJOB3A_W27,4,"0.319206,0.273031,0.212637,0.195127"
AGExPOLPARTY,AGExPOLPARTY :: 30-49 | Democrat,ROBJOB3A_W27,4,"0.286353,0.281913,0.246851,0.184883"
AGExPOLPARTY,AGExPOLPARTY :: 30-49 | Independent,ROBJOB3A_W27,4,"0.293878,0.296183,0.239856,0.170083"
AGExPOLPARTY,AGExPOLPARTY :: 30-49 | Other,ROBJOB3A_W27,4,"0.263806,0.289734,0.267960,0.178500"
AGExPOLPARTY,AGExPOLPARTY :: 30-49 | Republican,ROBJOB3A_W27,4,"0.308360,0.280765,0.223845,0.187030"
AGExPOLPARTY,AGExPOLPARTY :: 50-64 | Democrat,ROBJOB3A_W27,4,"0.272459,0.278920,0.246146,0.202474"
AGExPOLPARTY,AGExPOLPARTY :: 50-64 | Independent,ROBJOB3A_W27,4,"0.276513,0.278682,0.251768,0.193037"
AGExPOLPARTY,AGExPOLPARTY :: 50-64 | Other,ROBJOB3A_W27,4,"0.263635,0.282840,0.263635,0.189890"
AGExPOLPARTY,AGExPOLPARTY :: 50-64 | Republican,ROBJOB3A_W27,4,"0.303872,0.274526,0.222318,0.199284"
AGExPOLPARTY,AGExPOLPARTY :: 65+ | Democrat,ROBJOB3A_W27,4,"0.282713,0.267668,0.236216,0.213403"
AGExPOLPARTY,AGExPOLPARTY :: 65+ | Independent,ROBJOB3A_W27,4,"0.284582,0.269437,0.237777,0.208204"
AGExPOLPARTY,AGExPOLPARTY :: 65+ | Other,ROBJOB3A_W27,4,"0.268316,0.268316,0.256029,0.207339"
AGExPOLPARTY,AGExPOLPARTY :: 65+ | Republican,ROBJOB3A_W27,4,"0.315989,0.257902,0.207230,0.218879"
AGExPOLPARTY,AGExPOLPARTY :: 18-29 | Democrat,ROBJOB4B_W27,2,"0.824462,0.175538"
AGExPOLPARTY,AGExPOLPARTY :: 18-29 | Independent,ROBJOB4B_W27,2,"0.837620,0.162380"
AGExPOLPARTY,AGExPOLPARTY :: 18-29 | Other,ROBJOB4B_W27,2,"0.812867,0.187133"
AGExPOLPARTY,AGExPOLPARTY :: 18-29 | Republican,ROBJOB4B_W27,2,"0.827828,0.172172"
AGExPOLPARTY,AGExPOLPARTY :: 30-49 | Democrat,ROBJOB4B_W27,2,"0.774583,0.225417"
AGExPOLPARTY,AGExPOLPARTY :: 30-49 | Independent,ROBJOB4B_W27,2,"0.795658,0.204342"
AGExPOLPARTY,AGExPOLPARTY :: 30-49 | Other,ROBJOB4B_W27,2,"0.771843,0.228156"
AGExPOLPARTY,AGExPOLPARTY :: 30-49 | Republican,ROBJOB4B_W27,2,"0.782663,0.217338"
AGExPOLPARTY,AGExPOLPARTY :: 50-64 | Democrat,ROBJOB4B_W27,2,"0.781331,0.218669"
AGExPOLPARTY,AGExPOLPARTY :: 50-64 | Independent,ROBJOB4B_W27,2,"0.801936,0.198064"
AGExPOLPARTY,AGExPOLPARTY :: 50-64 | Other,ROBJOB4B_W27,2,"0.795658,0.204342"
AGExPOLPARTY,AGExPOLPARTY :: 50-64 | Republican,ROBJOB4B_W27,2,"0.794385,0.205615"
AGExPOLPARTY,AGExPOLPARTY :: 65+ | Democrat,ROBJOB4B_W27,2,"0.815233,0.184768"
AGExPOLPARTY,AGExPOLPARTY :: 65+ | Independent,ROBJOB4B_W27,2,"0.822189,0.177811"
AGExPOLPARTY,AGExPOLPARTY :: 65+ | Other,ROBJOB4B_W27,2,"0.800692,0.199308"
AGExPOLPARTY,AGExPOLPARTY :: 65+ | Republican,ROBJOB4B_W27,2,"0.817574,0.182426"
AGExPOLPARTY,AGExPOLPARTY :: 18-29 | Democrat,ROBJOB7_W27,2,"0.544801,0.455199"
AGExPOLPARTY,AGExPOLPARTY :: 18-29 | Independent,ROBJOB7_W27,2,"0.550607,0.449393"
AGExPOLPARTY,AGExPOLPARTY :: 18-29 | Other,ROBJOB7_W27,2,"0.488283,0.511717"
AGExPOLPARTY,AGExPOLPARTY :: 18-29 | Republican,ROBJOB7_W27,2,"0.498047,0.501953"
AGExPOLPARTY,AGExPOLPARTY :: 30-49 | Democrat,ROBJOB7_W27,2,"0.500000,0.500000"
AGExPOLPARTY,AGExPOLPARTY :: 30-49 | Independent,ROBJOB7_W27,2,"0.544801,0.455199"
AGExPOLPARTY,AGExPOLPARTY :: 30-49 | Other,ROBJOB7_W27,2,"0.496094,0.503906"
AGExPOLPARTY,AGExPOLPARTY :: 30-49 | Republican,ROBJOB7_W27,2,"0.513668,0.486332"
AGExPOLPARTY,AGExPOLPARTY :: 50-64 | Democrat,ROBJOB7_W27,2,"0.472683,0.527317"
AGExPOLPARTY,AGExPOLPARTY :: 50-64 | Independent,ROBJOB7_W27,2,"0.517571,0.482429"
AGExPOLPARTY,AGExPOLPARTY :: 50-64 | Other,ROBJOB7_W27,2,"0.466846,0.533154"
AGExPOLPARTY,AGExPOLPARTY :: 50-64 | Republican,ROBJOB7_W27,2,"0.482429,0.517571"
AGExPOLPARTY,AGExPOLPARTY :: 65+ | Democrat,ROBJOB7_W27,2,"0.472683,0.527317"
AGExPOLPARTY,AGExPOLPARTY :: 65+ | Independent,ROBJOB7_W27,2,"0.509764,0.490236"
AGExPOLPARTY,AGExPOLPARTY :: 65+ | Other,ROBJOB7_W27,2,"0.464902,0.535098"
AGExPOLPARTY,AGExPOLPARTY :: 65+ | Republican,ROBJOB7_W27,2,"0.472683,0.527317"
AGExPOLPARTY,AGExPOLPARTY :: 18-29 | Democrat,ROBJOB8A_W27,4,"0.360426,0.257585,0.222052,0.159938"
AGExPOLPARTY,AGExPOLPARTY :: 18-29 | Independent,ROBJOB8A_W27,4,"0.322923,0.269812,0.234417,0.172848"
AGExPOLPARTY,AGExPOLPARTY :: 18-29 | Other,ROBJOB8A_W27,4,"0.302126,0.281612,0.242765,0.173496"
AGExPOLPARTY,AGExPOLPARTY :: 18-29 | Republican,ROBJOB8A_W27,4,"0.345568,0.260849,0.212898,0.180685"
AGExPOLPARTY,AGExPOLPARTY :: 30-49 | Democrat,ROBJOB8A_W27,4,"0.320892,0.270218,0.238466,0.170424"
AGExPOLPARTY,AGExPOLPARTY :: 30-49 | Independent,ROBJOB8A_W27,4,"0.327361,0.282203,0.232134,0.158302"
AGExPOLPARTY,AGExPOLPARTY :: 30-49 | Other,ROBJOB8A_W27,4,"0.296828,0.289952,0.248009,0.165210"
AGExPOLPARTY,AGExPOLPARTY :: 30-49 | Republican,ROBJOB8A_W27,4,"0.337526,0.269099,0.219632,0.173743"
AGExPOLPARTY,AGExPOLPARTY :: 50-64 | Democrat,ROBJOB8A_W27,4,"0.306725,0.274947,0.235174,0.183154"
AGExPOLPARTY,AGExPOLPARTY :: 50-64 | Independent,ROBJOB8A_W27,4,"0.300849,0.278240,0.239858,0.181054"
AGExPOLPARTY,AGExPOLPARTY :: 50-64 | Other,ROBJOB8A_W27,4,"0.296515,0.287392,0.245819,0.170274"
AGExPOLPARTY,AGExPOLPARTY :: 50-64 | Republican,ROBJOB8A_W27,4,"0.329018,0.270643,0.215776,0.184563"
AGExPOLPARTY,AGExPOLPARTY :: 65+ | Democrat,ROBJOB8A_W27,4,"0.318558,0.264094,0.224133,0.193215"
AGExPOLPARTY,AGExPOLPARTY :: 65+ | Independent,ROBJOB8A_W27,4,"0.309307,0.270839,0.226294,0.193560"
AGExPOLPARTY,AGExPOLPARTY :: 65+ | Other,ROBJOB8A_W27,4,"0.297725,0.277510,0.235520,0.189245"
AGExPOLPARTY,AGExPOLPARTY :: 65+ | Republican,ROBJOB8A_W27,4,"0.341213,0.257561,0.203747,0.197479"
AGExPOLPARTY,AGExPOLPARTY :: 18-29 | Democrat,RQ3_F1Ad_W42,2,"0.783988,0.216012"
AGExPOLPARTY,AGExPOLPARTY :: 18-29 | Independent,RQ3_F1Ad_W42,2,"0.789234,0.210766"
AGExPOLPARTY,AGExPOLPARTY :: 18-29 | Other,RQ3_F1Ad_W42,2,"0.754915,0.245085"
AGExPOLPARTY,AGExPOLPARTY :: 18-29 | Republican,RQ3_F1Ad_W42,2,"0.790530,0.209470"
AGExPOLPARTY,AGExPOLPARTY :: 30-49 | Democrat,RQ3_F1Ad_W42,2,"0.718594,0.281406"
AGExPOLPARTY,AGExPOLPARTY :: 30-49 | Independent,RQ3_F1Ad_W42,2,"0.743168,0.256832"
AGExPOLPARTY,AGExPOLPARTY :: 30-49 | Other,RQ3_F1Ad_W42,2,"0.707405,0.292595"
AGExPOLPARTY,AGExPOLPARTY :: 30-49 | Refused,RQ3_F1Ad_W42,2,"0.702530,0.297470"
AGExPOLPARTY,AGExPOLPARTY :: 30-49 | Republican,RQ3_F1Ad_W42,2,"0.740174,0.259826"
AGExPOLPARTY,AGExPOLPARTY :: 50-64 | Democrat,RQ3_F1Ad_W42,2,"0.726426,0.273574"
AGExPOLPARTY,AGExPOLPARTY :: 50-64 | Independent,RQ3_F1Ad_W42,2,"0.741674,0.258326"
AGExPOLPARTY,AGExPOLPARTY :: 50-64 | Other,RQ3_F1Ad_W42,2,"0.717012,0.282988"
AGExPOLPARTY,AGExPOLPARTY :: 50-64 | Republican,RQ3_F1Ad_W42,2,"0.752013,0.247987"
AGExPOLPARTY,AGExPOLPARTY :: 65+ | Democrat,RQ3_F1Ad_W42,2,"0.749087,0.250913"
AGExPOLPARTY,AGExPOLPARTY :: 65+ | Independent,RQ3_F1Ad_W42,2,"0.754915,0.245085"
AGExPOLPARTY,AGExPOLPARTY :: 65+ | Other,RQ3_F1Ad_W42,2,"0.727975,0.272025"
AGExPOLPARTY,AGExPOLPARTY :: 65+ | Republican,RQ3_F1Ad_W42,2,"0.763484,0.236516"
AGExPOLPARTY,AGExPOLPARTY :: 18-29 | Democrat,RQ4_F1Cc_W42,4,"0.397216,0.237189,0.201299,0.164296"
AGExPOLPARTY,AGExPOLPARTY :: 18-29 | Independent,RQ4_F1Cc_W42,4,"0.343308,0.275856,0.219931,0.160905"
AGExPOLPARTY,AGExPOLPARTY :: 18-29 | Other,RQ4_F1Cc_W42,4,"0.305535,0.271749,0.251326,0.171390"
AGExPOLPARTY,AGExPOLPARTY :: 18-29 | Republican,RQ4_F1Cc_W42,4,"0.375138,0.251856,0.191602,0.181405"
AGExPOLPARTY,AGExPOLPARTY :: 30-49 | Democrat,RQ4_F1Cc_W42,4,"0.346380,0.267662,0.218459,0.167499"
AGExPOLPARTY,AGExPOLPARTY :: 30-49 | Independent,RQ4_F1Cc_W42,4,"0.314187,0.304520,0.224539,0.156754"
AGExPOLPARTY,AGExPOLPARTY :: 30-49 | Other,RQ4_F1Cc_W42,4,"0.278906,0.294583,0.259969,0.166542"
AGExPOLPARTY,AGExPOLPARTY :: 30-49 | Refused,RQ4_F1Cc_W42,4,"0.303460,0.285075,0.218574,0.192891"
AGExPOLPARTY,AGExPOLPARTY :: 30-49 | Republican,RQ4_F1Cc_W42,4,"0.341120,0.278414,0.202107,0.178359"
AGExPOLPARTY,AGExPOLPARTY :: 50-64 | Democrat,RQ4_F1Cc_W42,4,"0.333237,0.265680,0.225480,0.175604"
AGExPOLPARTY,AGExPOLPARTY :: 50-64 | Independent,RQ4_F1Cc_W42,4,"0.300629,0.293665,0.239682,0.166023"
AGExPOLPARTY,AGExPOLPARTY :: 50-64 | Other,RQ4_F1Cc_W42,4,"0.282346,0.284560,0.263175,0.169919"
AGExPOLPARTY,AGExPOLPARTY :: 50-64 | Republican,RQ4_F1Cc_W42,4,"0.334844,0.269055,0.211183,0.184918"
AGExPOLPARTY,AGExPOLPARTY :: 65+ | Democrat,RQ4_F1Cc_W42,4,"0.338137,0.253253,0.206699,0.201911"
AGExPOLPARTY,AGExPOLPARTY :: 65+ | Independent,RQ4_F1Cc_W42,4,"0.305013,0.279896,0.219693,0.195399"
AGExPOLPARTY,AGExPOLPARTY :: 65+ | Other,RQ4_F1Cc_W42,4,"0.282670,0.269726,0.245588,0.202015"
AGExPOLPARTY,AGExPOLPARTY :: 65+ | Republican,RQ4_F1Cc_W42,4,"0.342354,0.250471,0.186135,0.221040"
AGExPOLPARTY,AGExPOLPARTY :: 18-29 | Democrat,RQ6_F1A_W42,2,"0.226784,0.773216"
AGExPOLPARTY,AGExPOLPARTY :: 18-29 | Independent,RQ6_F1A_W42,2,"0.213377,0.786623"
AGExPOLPARTY,AGExPOLPARTY :: 18-29 | Other,RQ6_F1A_W42,2,"0.187133,0.812867"
AGExPOLPARTY,AGExPOLPARTY :: 18-29 | Republican,RQ6_F1A_W42,2,"0.144149,0.855851"
AGExPOLPARTY,AGExPOLPARTY :: 30-49 | Democrat,RQ6_F1A_W42,2,"0.228156,0.771843"
AGExPOLPARTY,AGExPOLPARTY :: 30-49 | Independent,RQ6_F1A_W42,2,"0.217338,0.782663"
AGExPOLPARTY,AGExPOLPARTY :: 30-49 | Other,RQ6_F1A_W42,2,"0.224055,0.775945"
AGExPOLPARTY,AGExPOLPARTY :: 30-49 | Refused,RQ6_F1A_W42,2,"0.235108,0.764892"
AGExPOLPARTY,AGExPOLPARTY :: 30-49 | Republican,RQ6_F1A_W42,2,"0.176672,0.823328"
AGExPOLPARTY,AGExPOLPARTY :: 50-64 | Democrat,RQ6_F1A_W42,2,"0.190724,0.809276"
AGExPOLPARTY,AGExPOLPARTY :: 50-64 | Independent,RQ6_F1A_W42,2,"0.201813,0.798187"
AGExPOLPARTY,AGExPOLPARTY :: 50-64 | Other,RQ6_F1A_W42,2,"0.176672,0.823328"
AGExPOLPARTY,AGExPOLPARTY :: 50-64 | Republican,RQ6_F1A_W42,2,"0.132964,0.867036"
AGExPOLPARTY,AGExPOLPARTY :: 65+ | Democrat,RQ6_F1A_W42,2,"0.183594,0.816406"
AGExPOLPARTY,AGExPOLPARTY :: 65+ | Independent,RQ6_F1A_W42,2,"0.193147,0.806853"
AGExPOLPARTY,AGExPOLPARTY :: 65+ | Other,RQ6_F1A_W42,2,"0.183594,0.816406"
AGExPOLPARTY,AGExPOLPARTY :: 65+ | Republican,RQ6_F1A_W42,2,"0.123366,0.876634"
AGExPOLPARTY,AGExPOLPARTY :: 18-29 | Democrat,RTDa_W49,2,"0.860604,0.139396"
AGExPOLPARTY,AGExPOLPARTY :: 18-29 | Independent,RTDa_W49,2,"0.827828,0.172172"
AGExPOLPARTY,AGExPOLPARTY :: 18-29 | Other,RTDa_W49,2,"0.796925,0.203075"
AGExPOLPARTY,AGExPOLPARTY :: 18-29 | Republican,RTDa_W49,2,"0.810479,0.189521"
AGExPOLPARTY,AGExPOLPARTY :: 30-49 | Democrat,RTDa_W49,2,"0.796925,0.203075"
AGExPOLPARTY,AGExPOLPARTY :: 30-49 | Independent,RTDa_W49,2,"0.778649,0.221351"
AGExPOLPARTY,AGExPOLPARTY :: 30-49 | Other,RTDa_W49,2,"0.743168,0.256832"
AGExPOLPARTY,AGExPOLPARTY :: 30-49 | Republican,RTDa_W49,2,"0.753467,0.246533"
AGExPOLPARTY,AGExPOLPARTY :: 50-64 | Democrat,RTDa_W49,2,"0.790530,0.209470"
AGExPOLPARTY,AGExPOLPARTY :: 50-64 | Independent,RTDa_W49,2,"0.763484,0.236516"
AGExPOLPARTY,AGExPOLPARTY :: 50-64 | Other,RTDa_W49,2,"0.746139,0.253861"
AGExPOLPARTY,AGExPOLPARTY :: 50-64 | Republican,RTDa_W49,2,"0.754915,0.245085"
AGExPOLPARTY,AGExPOLPARTY :: 65+ | Democrat,RTDa_W49,2,"0.811676,0.188324"
AGExPOLPARTY,AGExPOLPARTY :: 65+ | Independent,RTDa_W49,2,"0.775945,0.224055"
AGExPOLPARTY,AGExPOLPARTY :: 65+ | Other,RTDa_W49,2,"0.749087,0.250913"
AGExPOLPARTY,AGExPOLPARTY :: 65+ | Republican,RTDa_W49,2,"0.766294,0.233706"
AGExPOLPARTY,AGExPOLPARTY :: 18-29 | Democrat,SATLIFEd_W50,4,"0.340763,0.296060,0.220013,0.143165"
AGExPOLPARTY,AGExPOLPARTY :: 18-29 | Independent,SATLIFEd_W50,4,"0.316636,0.306894,0.228065,0.148404"
AGExPOLPARTY,AGExPOLPARTY :: 18-29 | Other,SATLIFEd_W50,4,"0.281209,0.321151,0.238659,0.158981"
AGExPOLPARTY,AGExPOLPARTY :: 18-29 | Republican,SATLIFEd_W50,4,"0.298639,0.330563,0.213427,0.157371"
AGExPOLPARTY,AGExPOLPARTY :: 30-49 | Democrat,SATLIFEd_W50,4,"0.292575,0.313887,0.236934,0.156604"
AGExPOLPARTY,AGExPOLPARTY :: 30-49 | Independent,SATLIFEd_W50,4,"0.289990,0.331179,0.233014,0.145816"
AGExPOLPARTY,AGExPOLPARTY :: 30-49 | Other,SATLIFEd_W50,4,"0.257614,0.330783,0.251647,0.159956"
AGExPOLPARTY,AGExPOLPARTY :: 30-49 | Refused,SATLIFEd_W50,4,"0.262927,0.327218,0.252854,0.157001"
AGExPOLPARTY,AGExPOLPARTY :: 30-49 | Republican,SATLIFEd_W50,4,"0.274868,0.339416,0.227873,0.157843"
AGExPOLPARTY,AGExPOLPARTY :: 50-64 | Democrat,SATLIFEd_W50,4,"0.285220,0.313253,0.236455,0.165072"
AGExPOLPARTY,AGExPOLPARTY :: 50-64 | Independent,SATLIFEd_W50,4,"0.286673,0.319806,0.237660,0.155861"
AGExPOLPARTY,AGExPOLPARTY :: 50-64 | Other,SATLIFEd_W50,4,"0.259433,0.330527,0.251451,0.158588"
AGExPOLPARTY,AGExPOLPARTY :: 50-64 | Republican,SATLIFEd_W50,4,"0.272524,0.336522,0.229488,0.161465"
AGExPOLPARTY,AGExPOLPARTY :: 65+ | Democrat,SATLIFEd_W50,4,"0.278715,0.294382,0.229265,0.197639"
AGExPOLPARTY,AGExPOLPARTY :: 65+ | Independent,SATLIFEd_W50,4,"0.275748,0.302850,0.230396,0.191005"
AGExPOLPARTY,AGExPOLPARTY :: 65+ | Other,SATLIFEd_W50,4,"0.252406,0.304460,0.246559,0.196574"
AGExPOLPARTY,AGExPOLPARTY :: 65+ | Republican,SATLIFEd_W50,4,"0.265873,0.313275,0.216999,0.203852"
AGExPOLPARTY,AGExPOLPARTY :: 18-29 | Democrat,SC1_W42,3,"0.767791,0.150010,0.082199"
AGExPOLPARTY,AGExPOLPARTY :: 18-29 | Independent,SC1_W42,3,"0.783619,0.124959,0.091422"
AGExPOLPARTY,AGExPOLPARTY :: 18-29 | Other,SC1_W42,3,"0.671059,0.167040,0.161901"
AGExPOLPARTY,AGExPOLPARTY :: 18-29 | Republican,SC1_W42,3,"0.766550,0.147446,0.086004"
AGExPOLPARTY,AGExPOLPARTY :: 30-49 | Democrat,SC1_W42,3,"0.713127,0.177511,0.109362"
AGExPOLPARTY,AGExPOLPARTY :: 30-49 | Independent,SC1_W42,3,"0.749498,0.159577,0.090924"
AGExPOLPARTY,AGExPOLPARTY :: 30-49 | Other,SC1_W42,3,"0.624622,0.195017,0.180361"
AGExPOLPARTY,AGExPOLPARTY :: 30-49 | Refused,SC1_W42,3,"0.656729,0.203445,0.139826"
AGExPOLPARTY,AGExPOLPARTY :: 30-49 | Republican,SC1_W42,3,"0.718310,0.184477,0.097213"
AGExPOLPARTY,AGExPOLPARTY :: 50-64 | Democrat,SC1_W42,3,"0.698649,0.178032,0.123319"
AGExPOLPARTY,AGExPOLPARTY :: 50-64 | Independent,SC1_W42,3,"0.739748,0.146808,0.113444"
AGExPOLPARTY,AGExPOLPARTY :: 50-64 | Other,SC1_W42,3,"0.641638,0.189668,0.168694"
AGExPOLPARTY,AGExPOLPARTY :: 50-64 | Republican,SC1_W42,3,"0.705483,0.185480,0.109038"
AGExPOLPARTY,AGExPOLPARTY :: 65+ | Democrat,SC1_W42,3,"0.715187,0.169872,0.114941"
AGExPOLPARTY,AGExPOLPARTY :: 65+ | Independent,SC1_W42,3,"0.739118,0.150161,0.110722"
AGExPOLPARTY,AGExPOLPARTY :: 65+ | Other,SC1_W42,3,"0.611896,0.194052,0.194052"
AGExPOLPARTY,AGExPOLPARTY :: 65+ | Republican,SC1_W42,3,"0.704616,0.188169,0.107215"
AGExPOLPARTY,AGExPOLPARTY :: 18-29 | Democrat,SCM4b_W42,4,"0.755808,0.153552,0.059199,0.031441"
AGExPOLPARTY,AGExPOLPARTY :: 18-29 | Independent,SCM4b_W42,4,"0.746506,0.167875,0.057564,0.028055"
AGExPOLPARTY,AGExPOLPARTY :: 18-29 | Other,SCM4b_W42,4,"0.687878,0.195547,0.081516,0.035060"
AGExPOLPARTY,AGExPOLPARTY :: 18-29 | Republican,SCM4b_W42,4,"0.807099,0.121854,0.042775,0.028272"
AGExPOLPARTY,AGExPOLPARTY :: 30-49 | Democrat,SCM4b_W42,4,"0.715989,0.183881,0.068177,0.031954"
AGExPOLPARTY,AGExPOLPARTY :: 30-49 | Independent,SCM4b_W42,4,"0.723243,0.197723,0.054479,0.024555"
AGExPOLPARTY,AGExPOLPARTY :: 30-49 | Other,SCM4b_W42,4,"0.638799,0.240574,0.087813,0.032813"
AGExPOLPARTY,AGExPOLPARTY :: 30-49 | Refused,SCM4b_W42,4,"0.668525,0.218741,0.068294,0.044440"
AGExPOLPARTY,AGExPOLPARTY :: 30-49 | Republican,SCM4b_W42,4,"0.770100,0.155238,0.046611,0.028051"
AGExPOLPARTY,AGExPOLPARTY :: 50-64 | Democrat,SCM4b_W42,4,"0.715845,0.176801,0.071434,0.035919"
AGExPOLPARTY,AGExPOLPARTY :: 50-64 | Independent,SCM4b_W42,4,"0.719844,0.186321,0.063890,0.029945"
AGExPOLPARTY,AGExPOLPARTY :: 50-64 | Other,SCM4b_W42,4,"0.679868,0.202545,0.081836,0.035751"
AGExPOLPARTY,AGExPOLPARTY :: 50-64 | Republican,SCM4b_W42,4,"0.780378,0.139914,0.048732,0.030976"
AGExPOLPARTY,AGExPOLPARTY :: 65+ | Democrat,SCM4b_W42,4,"0.724932,0.160495,0.066384,0.048189"
AGExPOLPARTY,AGExPOLPARTY :: 65+ | Independent,SCM4b_W42,4,"0.713586,0.181838,0.061386,0.043190"
AGExPOLPARTY,AGExPOLPARTY :: 65+ | Other,SCM4b_W42,4,"0.651920,0.203539,0.091028,0.053513"
AGExPOLPARTY,AGExPOLPARTY :: 65+ | Republican,SCM4b_W42,4,"0.770878,0.133959,0.048139,0.047024"
AGExPOLPARTY,AGExPOLPARTY :: 18-29 | Democrat,SCM5c_W42,2,"0.932453,0.067547"
AGExPOLPARTY,AGExPOLPARTY :: 18-29 | Independent,SCM5c_W42,2,"0.917893,0.082107"
AGExPOLPARTY,AGExPOLPARTY :: 18-29 | Other,SCM5c_W42,2,"0.899121,0.100879"
AGExPOLPARTY,AGExPOLPARTY :: 18-29 | Republican,SCM5c_W42,2,"0.919643,0.080357"
AGExPOLPARTY,AGExPOLPARTY :: 30-49 | Democrat,SCM5c_W42,2,"0.903294,0.096706"
AGExPOLPARTY,AGExPOLPARTY :: 30-49 | Independent,SCM5c_W42,2,"0.894789,0.105211"
AGExPOLPARTY,AGExPOLPARTY :: 30-49 | Other,SCM5c_W42,2,"0.862468,0.137532"
AGExPOLPARTY,AGExPOLPARTY :: 30-49 | Refused,SCM5c_W42,2,"0.847968,0.152032"
AGExPOLPARTY,AGExPOLPARTY :: 30-49 | Republican,SCM5c_W42,2,"0.886420,0.113580"
AGExPOLPARTY,AGExPOLPARTY :: 50-64 | Democrat,SCM5c_W42,2,"0.900530,0.099470"
AGExPOLPARTY,AGExPOLPARTY :: 50-64 | Independent,SCM5c_W42,2,"0.891055,0.108945"
AGExPOLPARTY,AGExPOLPARTY :: 50-64 | Other,SCM5c_W42,2,"0.874077,0.125923"
AGExPOLPARTY,AGExPOLPARTY :: 50-64 | Republican,SCM5c_W42,2,"0.887984,0.112016"
AGExPOLPARTY,AGExPOLPARTY :: 65+ | Democrat,SCM5c_W42,2,"0.901921,0.098079"
AGExPOLPARTY,AGExPOLPARTY :: 65+ | Independent,SCM5c_W42,2,"0.879147,0.120853"
AGExPOLPARTY,AGExPOLPARTY :: 65+ | Other,SCM5c_W42,2,"0.850965,0.149035"
AGExPOLPARTY,AGExPOLPARTY :: 65+ | Republican,SCM5c_W42,2,"0.863392,0.136608"
AGExPOLPARTY,AGExPOLPARTY :: 18-29 | Democrat,SMARTPHONE_W49,2,"0.732592,0.267408"
AGExPOLPARTY,AGExPOLPARTY :: 18-29 | Independent,SMARTPHONE_W49,2,"0.791821,0.208179"
AGExPOLPARTY,AGExPOLPARTY :: 18-29 | Other,SMARTPHONE_W49,2,"0.684264,0.315736"
AGExPOLPARTY,AGExPOLPARTY :: 18-29 | Republican,SMARTPHONE_W49,2,"0.759225,0.240775"
AGExPOLPARTY,AGExPOLPARTY :: 30-49 | Democrat,SMARTPHONE_W49,2,"0.644225,0.355775"
AGExPOLPARTY,AGExPOLPARTY :: 30-49 | Independent,SMARTPHONE_W49,2,"0.727975,0.272025"
AGExPOLPARTY,AGExPOLPARTY :: 30-49 | Other,SMARTPHONE_W49,2,"0.626124,0.373876"
AGExPOLPARTY,AGExPOLPARTY :: 30-49 | Republican,SMARTPHONE_W49,2,"0.685949,0.314051"
AGExPOLPARTY,AGExPOLPARTY :: 50-64 | Democrat,SMARTPHONE_W49,2,"0.654895,0.345105"
AGExPOLPARTY,AGExPOLPARTY :: 50-64 | Independent,SMARTPHONE_W49,2,"0.735642,0.264358"
AGExPOLPARTY,AGExPOLPARTY :: 50-64 | Other,SMARTPHONE_W49,2,"0.646014,0.353986"
AGExPOLPARTY,AGExPOLPARTY :: 50-64 | Republican,SMARTPHONE_W49,2,"0.704160,0.295840"
AGExPOLPARTY,AGExPOLPARTY :: 65+ | Democrat,SMARTPHONE_W49,2,"0.660172,0.339828"
AGExPOLPARTY,AGExPOLPARTY :: 65+ | Independent,SMARTPHONE_W49,2,"0.729520,0.270480"
AGExPOLPARTY,AGExPOLPARTY :: 65+ | Other,SMARTPHONE_W49,2,"0.627951,0.372049"
AGExPOLPARTY,AGExPOLPARTY :: 65+ | Republican,SMARTPHONE_W49,2,"0.692642,0.307358"
AGExPOLPARTY,AGExPOLPARTY :: 18-29 | Democrat,SMSHARE_W45,5,"0.309784,0.219670,0.183541,0.144063,0.142942"
AGExPOLPARTY,AGExPOLPARTY :: 18-29 | Independent,SMSHARE_W45,5,"0.280618,0.216844,0.202121,0.151382,0.149035"
AGExPOLPARTY,AGExPOLPARTY :: 18-29 | Other,SMSHARE_W45,5,"0.255421,0.221914,0.198922,0.154921,0.168823"
AGExPOLPARTY,AGExPOLPARTY :: 18-29 | Republican,SMSHARE_W45,5,"0.301261,0.211964,0.161253,0.153869,0.171653"
AGExPOLPARTY,AGExPOLPARTY :: 30-49 | Democrat,SMSHARE_W45,5,"0.273160,0.226458,0.199848,0.150854,0.149680"
AGExPOLPARTY,AGExPOLPARTY :: 30-49 | Independent,SMSHARE_W45,5,"0.287725,0.233006,0.200864,0.134854,0.143551"
AGExPOLPARTY,AGExPOLPARTY :: 30-49 | Other,SMSHARE_W45,5,"0.256874,0.230261,0.208023,0.144094,0.160748"
AGExPOLPARTY,AGExPOLPARTY :: 30-49 | Republican,SMSHARE_W45,5,"0.301249,0.222127,0.171646,0.141192,0.163786"
AGExPOLPARTY,AGExPOLPARTY :: 50-64 | Democrat,SMSHARE_W45,5,"0.263478,0.221871,0.191265,0.162324,0.161061"
AGExPOLPARTY,AGExPOLPARTY :: 50-64 | Independent,SMSHARE_W45,5,"0.271239,0.219656,0.199999,0.153345,0.155760"
AGExPOLPARTY,AGExPOLPARTY :: 50-64 | Other,SMSHARE_W45,5,"0.258737,0.221309,0.196836,0.152103,0.171014"
AGExPOLPARTY,AGExPOLPARTY :: 50-64 | Republican,SMSHARE_W45,5,"0.287959,0.219067,0.169282,0.151744,0.171948"
AGExPOLPARTY,AGExPOLPARTY :: 65+ | Democrat,SMSHARE_W45,5,"0.261644,0.203769,0.177037,0.167616,0.189933"
AGExPOLPARTY,AGExPOLPARTY :: 65+ | Independent,SMSHARE_W45,5,"0.265371,0.201883,0.183817,0.162218,0.186712"
AGExPOLPARTY,AGExPOLPARTY :: 65+ | Other,SMSHARE_W45,5,"0.245775,0.202169,0.185521,0.161183,0.205353"
AGExPOLPARTY,AGExPOLPARTY :: 65+ | Republican,SMSHARE_W45,5,"0.284610,0.194087,0.149979,0.164720,0.206605"
AGExPOLPARTY,AGExPOLPARTY :: 18-29 | Democrat,SOCTRUST4_W32,4,"0.356573,0.397786,0.176516,0.069125"
AGExPOLPARTY,AGExPOLPARTY :: 18-29 | Independent,SOCTRUST4_W32,4,"0.281283,0.474755,0.185917,0.058046"
AGExPOLPARTY,AGExPOLPARTY :: 18-29 | Other,SOCTRUST4_W32,4,"0.271239,0.420102,0.235656,0.073003"
AGExPOLPARTY,AGExPOLPARTY :: 18-29 | Republican,SOCTRUST4_W32,4,"0.350019,0.402870,0.176001,0.071111"
AGExPOLPARTY,AGExPOLPARTY :: 30-49 | Democrat,SOCTRUST4_W32,4,"0.312617,0.434025,0.185219,0.068138"
AGExPOLPARTY,AGExPOLPARTY :: 30-49 | Independent,SOCTRUST4_W32,4,"0.262276,0.489997,0.191885,0.055842"
AGExPOLPARTY,AGExPOLPARTY :: 30-49 | Other,SOCTRUST4_W32,4,"0.250969,0.433636,0.245156,0.070238"
AGExPOLPARTY,AGExPOLPARTY :: 30-49 | Republican,SOCTRUST4_W32,4,"0.318948,0.429192,0.186041,0.065819"
AGExPOLPARTY,AGExPOLPARTY :: 50-64 | Democrat,SOCTRUST4_W32,4,"0.305195,0.430394,0.192484,0.071926"
AGExPOLPARTY,AGExPOLPARTY :: 50-64 | Independent,SOCTRUST4_W32,4,"0.255496,0.477330,0.210165,0.057009"
AGExPOLPARTY,AGExPOLPARTY :: 50-64 | Other,SOCTRUST4_W32,4,"0.260004,0.415486,0.253981,0.070528"
AGExPOLPARTY,AGExPOLPARTY :: 50-64 | Republican,SOCTRUST4_W32,4,"0.325710,0.405353,0.200664,0.068273"
AGExPOLPARTY,AGExPOLPARTY :: 65+ | Democrat,SOCTRUST4_W32,4,"0.320905,0.381084,0.194639,0.103372"
AGExPOLPARTY,AGExPOLPARTY :: 65+ | Independent,SOCTRUST4_W32,4,"0.269746,0.424370,0.213387,0.092496"
AGExPOLPARTY,AGExPOLPARTY :: 65+ | Other,SOCTRUST4_W32,4,"0.272041,0.352047,0.261619,0.114293"
AGExPOLPARTY,AGExPOLPARTY :: 65+ | Republican,SOCTRUST4_W32,4,"0.348585,0.340510,0.198618,0.112288"
AGExPOLPARTY,AGExPOLPARTY :: 18-29 | Democrat,SOLVPROBi_W41,4,"0.389651,0.265719,0.188423,0.156208"
AGExPOLPARTY,AGExPOLPARTY :: 18-29 | Independent,SOLVPROBi_W41,4,"0.332797,0.291407,0.223430,0.152366"
AGExPOLPARTY,AGExPOLPARTY :: 18-29 | Other,SOLVPROBi_W41,4,"0.294465,0.296774,0.249909,0.158852"
AGExPOLPARTY,AGExPOLPARTY :: 18-29 | Republican,SOLVPROBi_W41,4,"0.346526,0.271991,0.197444,0.184038"
AGExPOLPARTY,AGExPOLPARTY :: 30-49 | Democrat,SOLVPROBi_W41,4,"0.339055,0.287753,0.215517,0.157675"
AGExPOLPARTY,AGExPOLPARTY :: 30-49 | Independent,SOLVPROBi_W41,4,"0.331426,0.304134,0.220777,0.143663"
AGExPOLPARTY,AGExPOLPARTY :: 30-49 | Other,SOLVPROBi_W41,4,"0.289335,0.303220,0.257340,0.150105"
AGExPOLPARTY,AGExPOLPARTY :: 30-49 | Republican,SOLVPROBi_W41,4,"0.339025,0.281062,0.204029,0.175884"
AGExPOLPARTY,AGExPOLPARTY :: 50-64 | Democrat,SOLVPROBi_W41,4,"0.318796,0.288009,0.222556,0.170639"
AGExPOLPARTY,AGExPOLPARTY :: 50-64 | Independent,SOLVPROBi_W41,4,"0.307285,0.300166,0.235603,0.156946"
AGExPOLPARTY,AGExPOLPARTY :: 50-64 | Other,SOLVPROBi_W41,4,"0.286608,0.295706,0.256914,0.160773"
AGExPOLPARTY,AGExPOLPARTY :: 50-64 | Republican,SOLVPROBi_W41,4,"0.327056,0.279746,0.211163,0.182034"
AGExPOLPARTY,AGExPOLPARTY :: 65+ | Democrat,SOLVPROBi_W41,4,"0.311773,0.262539,0.222814,0.202874"
AGExPOLPARTY,AGExPOLPARTY :: 65+ | Independent,SOLVPROBi_W41,4,"0.299305,0.272521,0.234928,0.193246"
AGExPOLPARTY,AGExPOLPARTY :: 65+ | Republican,SOLVPROBi_W41,4,"0.322916,0.251487,0.203660,0.221937"
AGExPOLPARTY,AGExPOLPARTY :: 18-29 | Democrat,SUCCESSIMPA_W32,3,"0.769348,0.153879,0.076773"
AGExPOLPARTY,AGExPOLPARTY :: 18-29 | Independent,SUCCESSIMPA_W32,3,"0.768643,0.159862,0.071495"
AGExPOLPARTY,AGExPOLPARTY :: 18-29 | Other,SUCCESSIMPA_W32,3,"0.682787,0.206618,0.110595"
AGExPOLPARTY,AGExPOLPARTY :: 18-29 | Republican,SUCCESSIMPA_W32,3,"0.794997,0.139233,0.065769"
AGExPOLPARTY,AGExPOLPARTY :: 30-49 | Democrat,SUCCESSIMPA_W32,3,"0.735421,0.177429,0.087150"
AGExPOLPARTY,AGExPOLPARTY :: 30-49 | Independent,SUCCESSIMPA_W32,3,"0.723281,0.199285,0.077434"
AGExPOLPARTY,AGExPOLPARTY :: 30-49 | Other,SUCCESSIMPA_W32,3,"0.619745,0.252364,0.127892"
AGExPOLPARTY,AGExPOLPARTY :: 30-49 | Republican,SUCCESSIMPA_W32,3,"0.743480,0.179373,0.077147"
AGExPOLPARTY,AGExPOLPARTY :: 50-64 | Democrat,SUCCESSIMPA_W32,3,"0.730782,0.176309,0.092909"
AGExPOLPARTY,AGExPOLPARTY :: 50-64 | Independent,SUCCESSIMPA_W32,3,"0.727589,0.186860,0.085551"
AGExPOLPARTY,AGExPOLPARTY :: 50-64 | Other,SUCCESSIMPA_W32,3,"0.646143,0.228596,0.125261"
AGExPOLPARTY,AGExPOLPARTY :: 50-64 | Republican,SUCCESSIMPA_W32,3,"0.737399,0.177906,0.084696"
AGExPOLPARTY,AGExPOLPARTY :: 65+ | Democrat,SUCCESSIMPA_W32,3,"0.753873,0.156791,0.089337"
AGExPOLPARTY,AGExPOLPARTY :: 65+ | Independent,SUCCESSIMPA_W32,3,"0.730190,0.184621,0.085189"
AGExPOLPARTY,AGExPOLPARTY :: 65+ | Other,SUCCESSIMPA_W32,3,"0.632172,0.228958,0.138870"
AGExPOLPARTY,AGExPOLPARTY :: 65+ | Republican,SUCCESSIMPA_W32,3,"0.745873,0.166427,0.087701"
AGExPOLPARTY,AGExPOLPARTY :: 18-29 | Democrat,TRAITBIZMF2A_W36,3,"0.583491,0.235752,0.180757"
AGExPOLPARTY,AGExPOLPARTY :: 18-29 | Independent,TRAITBIZMF2A_W36,3,"0.569636,0.231959,0.198405"
AGExPOLPARTY,AGExPOLPARTY :: 18-29 | Other,TRAITBIZMF2A_W36,3,"0.482901,0.264608,0.252491"
AGExPOLPARTY,AGExPOLPARTY :: 18-29 | Republican,TRAITBIZMF2A_W36,3,"0.587073,0.244728,0.168199"
AGExPOLPARTY,AGExPOLPARTY :: 30-49 | Democrat,TRAITBIZMF2A_W36,3,"0.543630,0.267022,0.189347"
AGExPOLPARTY,AGExPOLPARTY :: 30-49 | Independent,TRAITBIZMF2A_W36,3,"0.561378,0.249110,0.189513"
AGExPOLPARTY,AGExPOLPARTY :: 30-49 | Other,TRAITBIZMF2A_W36,3,"0.469208,0.273687,0.257105"
AGExPOLPARTY,AGExPOLPARTY :: 30-49 | Republican,TRAITBIZMF2A_W36,3,"0.568800,0.260416,0.170785"
AGExPOLPARTY,AGExPOLPARTY :: 50-64 | Democrat,TRAITBIZMF2A_W36,3,"0.524192,0.278396,0.197412"
AGExPOLPARTY,AGExPOLPARTY :: 50-64 | Independent,TRAITBIZMF2A_W36,3,"0.541700,0.255881,0.202419"
AGExPOLPARTY,AGExPOLPARTY :: 50-64 | Other,TRAITBIZMF2A_W36,3,"0.480403,0.278036,0.241562"
AGExPOLPARTY,AGExPOLPARTY :: 50-64 | Republican,TRAITBIZMF2A_W36,3,"0.553409,0.269710,0.176880"
AGExPOLPARTY,AGExPOLPARTY :: 65+ | Democrat,TRAITBIZMF2A_W36,3,"0.532612,0.269915,0.197474"
AGExPOLPARTY,AGExPOLPARTY :: 65+ | Independent,TRAITBIZMF2A_W36,3,"0.538038,0.256144,0.205818"
AGExPOLPARTY,AGExPOLPARTY :: 65+ | Other,TRAITBIZMF2A_W36,3,"0.461365,0.279832,0.258802"
AGExPOLPARTY,AGExPOLPARTY :: 65+ | Republican,TRAITBIZMF2A_W36,3,"0.548385,0.269358,0.182257"
AGExPOLPARTY,AGExPOLPARTY :: 18-29 | Democrat,TRAITBIZMF2F_W36,3,"0.396624,0.347296,0.256080"
AGExPOLPARTY,AGExPOLPARTY :: 18-29 | Independent,TRAITBIZMF2F_W36,3,"0.370858,0.340318,0.288824"
AGExPOLPARTY,AGExPOLPARTY :: 18-29 | Other,TRAITBIZMF2F_W36,3,"0.319585,0.342865,0.337549"
AGExPOLPARTY,AGExPOLPARTY :: 18-29 | Republican,TRAITBIZMF2F_W36,3,"0.372871,0.378743,0.248386"
AGExPOLPARTY,AGExPOLPARTY :: 30-49 | Democrat,TRAITBIZMF2F_W36,3,"0.355870,0.387806,0.256324"
AGExPOLPARTY,AGExPOLPARTY :: 30-49 | Independent,TRAITBIZMF2F_W36,3,"0.372325,0.355275,0.272399"
AGExPOLPARTY,AGExPOLPARTY :: 30-49 | Other,TRAITBIZMF2F_W36,3,"0.319566,0.345533,0.334902"
AGExPOLPARTY,AGExPOLPARTY :: 30-49 | Republican,TRAITBIZMF2F_W36,3,"0.371374,0.383163,0.245463"
AGExPOLPARTY,AGExPOLPARTY :: 50-64 | Democrat,TRAITBIZMF2F_W36,3,"0.338495,0.401972,0.259533"
AGExPOLPARTY,AGExPOLPARTY :: 50-64 | Independent,TRAITBIZMF2F_W36,3,"0.352701,0.363897,0.283403"
AGExPOLPARTY,AGExPOLPARTY :: 50-64 | Other,TRAITBIZMF2F_W36,3,"0.321665,0.361657,0.316678"
AGExPOLPARTY,AGExPOLPARTY :: 50-64 | Republican,TRAITBIZMF2F_W36,3,"0.358299,0.393514,0.248186"
AGExPOLPARTY,AGExPOLPARTY :: 65+ | Democrat,TRAITBIZMF2F_W36,3,"0.349445,0.392891,0.257664"
AGExPOLPARTY,AGExPOLPARTY :: 65+ | Independent,TRAITBIZMF2F_W36,3,"0.359288,0.356492,0.284220"
AGExPOLPARTY,AGExPOLPARTY :: 65+ | Other,TRAITBIZMF2F_W36,3,"0.322064,0.348234,0.329702"
AGExPOLPARTY,AGExPOLPARTY :: 65+ | Republican,TRAITBIZMF2F_W36,3,"0.364874,0.382385,0.252741"
AGExPOLPARTY,AGExPOLPARTY :: 18-29 | Democrat,TRAITBIZWF2B_W36,3,"0.540444,0.225291,0.234265"
AGExPOLPARTY,AGExPOLPARTY :: 18-29 | Independent,TRAITBIZWF2B_W36,3,"0.483825,0.233962,0.282213"
AGExPOLPARTY,AGExPOLPARTY :: 18-29 | Other,TRAITBIZWF2B_W36,3,"0.406799,0.258577,0.334624"
AGExPOLPARTY,AGExPOLPARTY :: 18-29 | Republican,TRAITBIZWF2B_W36,3,"0.477089,0.257370,0.265540"
AGExPOLPARTY,AGExPOLPARTY :: 30-49 | Democrat,TRAITBIZWF2B_W36,3,"0.493704,0.254137,0.252159"
AGExPOLPARTY,AGExPOLPARTY :: 30-49 | Independent,TRAITBIZWF2B_W36,3,"0.475824,0.248790,0.275386"
AGExPOLPARTY,AGExPOLPARTY :: 30-49 | Other,TRAITBIZWF2B_W36,3,"0.395771,0.265708,0.338521"
AGExPOLPARTY,AGExPOLPARTY :: 30-49 | Republican,TRAITBIZWF2B_W36,3,"0.463489,0.270351,0.266160"
AGExPOLPARTY,AGExPOLPARTY :: 50-64 | Democrat,TRAITBIZWF2B_W36,3,"0.470301,0.265884,0.263815"
AGExPOLPARTY,AGExPOLPARTY :: 50-64 | Independent,TRAITBIZWF2B_W36,3,"0.452285,0.255699,0.292017"
AGExPOLPARTY,AGExPOLPARTY :: 50-64 | Other,TRAITBIZWF2B_W36,3,"0.403882,0.269044,0.327074"
AGExPOLPARTY,AGExPOLPARTY :: 50-64 | Republican,TRAITBIZWF2B_W36,3,"0.447988,0.278162,0.273850"
AGExPOLPARTY,AGExPOLPARTY :: 65+ | Democrat,TRAITBIZWF2B_W36,3,"0.479069,0.260465,0.260465"
AGExPOLPARTY,AGExPOLPARTY :: 65+ | Independent,TRAITBIZWF2B_W36,3,"0.450350,0.256602,0.293048"
AGExPOLPARTY,AGExPOLPARTY :: 65+ | Other,TRAITBIZWF2B_W36,3,"0.387715,0.272791,0.339494"
AGExPOLPARTY,AGExPOLPARTY :: 65+ | Republican,TRAITBIZWF2B_W36,3,"0.448960,0.276596,0.274444"
AGExPOLPARTY,AGExPOLPARTY :: 18-29 | Democrat,TRAITPOLMF1C_W36,3,"0.518151,0.277346,0.204502"
AGExPOLPARTY,AGExPOLPARTY :: 18-29 | Independent,TRAITPOLMF1C_W36,3,"0.484707,0.282727,0.232565"
AGExPOLPARTY,AGExPOLPARTY :: 18-29 | Other,TRAITPOLMF1C_W36,3,"0.412491,0.301785,0.285724"
AGExPOLPARTY,AGExPOLPARTY :: 18-29 | Republican,TRAITPOLMF1C_W36,3,"0.507521,0.293731,0.198748"
AGExPOLPARTY,AGExPOLPARTY :: 30-49 | Democrat,TRAITPOLMF1C_W36,3,"0.479400,0.309524,0.211077"
AGExPOLPARTY,AGExPOLPARTY :: 30-49 | Independent,TRAITPOLMF1C_W36,3,"0.485787,0.296956,0.217257"
AGExPOLPARTY,AGExPOLPARTY :: 30-49 | Other,TRAITPOLMF1C_W36,3,"0.407738,0.305382,0.286880"
AGExPOLPARTY,AGExPOLPARTY :: 30-49 | Republican,TRAITPOLMF1C_W36,3,"0.496560,0.305922,0.197518"
AGExPOLPARTY,AGExPOLPARTY :: 50-64 | Democrat,TRAITPOLMF1C_W36,3,"0.459154,0.320541,0.220305"
AGExPOLPARTY,AGExPOLPARTY :: 50-64 | Independent,TRAITPOLMF1C_W36,3,"0.464351,0.302159,0.233490"
AGExPOLPARTY,AGExPOLPARTY :: 50-64 | Other,TRAITPOLMF1C_W36,3,"0.417737,0.310436,0.271827"
AGExPOLPARTY,AGExPOLPARTY :: 50-64 | Republican,TRAITPOLMF1C_W36,3,"0.480583,0.312721,0.206696"
AGExPOLPARTY,AGExPOLPARTY :: 65+ | Democrat,TRAITPOLMF1C_W36,3,"0.469222,0.312569,0.218209"
AGExPOLPARTY,AGExPOLPARTY :: 65+ | Independent,TRAITPOLMF1C_W36,3,"0.465680,0.298326,0.235995"
AGExPOLPARTY,AGExPOLPARTY :: 65+ | Other,TRAITPOLMF1C_W36,3,"0.403971,0.307325,0.288705"
AGExPOLPARTY,AGExPOLPARTY :: 65+ | Republican,TRAITPOLMF1C_W36,3,"0.480188,0.310033,0.209779"
AGExPOLPARTY,AGExPOLPARTY :: 18-29 | Democrat,TRAITPOLWF1F_W36,3,"0.472851,0.277975,0.249175"
AGExPOLPARTY,AGExPOLPARTY :: 18-29 | Independent,TRAITPOLWF1F_W36,3,"0.422078,0.290090,0.287832"
AGExPOLPARTY,AGExPOLPARTY :: 18-29 | Other,TRAITPOLWF1F_W36,3,"0.353085,0.302009,0.344906"
AGExPOLPARTY,AGExPOLPARTY :: 18-29 | Republican,TRAITPOLWF1F_W36,3,"0.413661,0.317165,0.269174"
AGExPOLPARTY,AGExPOLPARTY :: 30-49 | Democrat,TRAITPOLWF1F_W36,3,"0.434109,0.312677,0.253214"
AGExPOLPARTY,AGExPOLPARTY :: 30-49 | Independent,TRAITPOLWF1F_W36,3,"0.414164,0.307780,0.278056"
AGExPOLPARTY,AGExPOLPARTY :: 30-49 | Other,TRAITPOLWF1F_W36,3,"0.346187,0.310320,0.343493"
AGExPOLPARTY,AGExPOLPARTY :: 30-49 | Republican,TRAITPOLWF1F_W36,3,"0.402652,0.331212,0.266136"
AGExPOLPARTY,AGExPOLPARTY :: 50-64 | Democrat,TRAITPOLWF1F_W36,3,"0.411428,0.322934,0.265638"
AGExPOLPARTY,AGExPOLPARTY :: 50-64 | Independent,TRAITPOLWF1F_W36,3,"0.395504,0.312869,0.291626"
AGExPOLPARTY,AGExPOLPARTY :: 50-64 | Other,TRAITPOLWF1F_W36,3,"0.348165,0.317008,0.334827"
AGExPOLPARTY,AGExPOLPARTY :: 50-64 | Republican,TRAITPOLWF1F_W36,3,"0.387074,0.336296,0.276630"
AGExPOLPARTY,AGExPOLPARTY :: 65+ | Democrat,TRAITPOLWF1F_W36,3,"0.421577,0.320719,0.257705"
AGExPOLPARTY,AGExPOLPARTY :: 65+ | Independent,TRAITPOLWF1F_W36,3,"0.398275,0.312609,0.289116"
AGExPOLPARTY,AGExPOLPARTY :: 65+ | Other,TRAITPOLWF1F_W36,3,"0.342741,0.314517,0.342741"
AGExPOLPARTY,AGExPOLPARTY :: 65+ | Republican,TRAITPOLWF1F_W36,3,"0.388929,0.335278,0.275792"
AGExPOLPARTY,AGExPOLPARTY :: 18-29 | Democrat,TRAITSB_W29,4,"0.497067,0.231158,0.173129,0.098646"
AGExPOLPARTY,AGExPOLPARTY :: 18-29 | Independent,TRAITSB_W29,4,"0.419030,0.254154,0.205820,0.120996"
AGExPOLPARTY,AGExPOLPARTY :: 18-29 | Other,TRAITSB_W29,4,"0.387414,0.268354,0.224218,0.120015"
AGExPOLPARTY,AGExPOLPARTY :: 18-29 | Republican,TRAITSB_W29,4,"0.482842,0.244692,0.165567,0.106898"
AGExPOLPARTY,AGExPOLPARTY :: 30-49 | Democrat,TRAITSB_W29,4,"0.408791,0.266005,0.207165,0.118039"
AGExPOLPARTY,AGExPOLPARTY :: 30-49 | Independent,TRAITSB_W29,4,"0.394888,0.284427,0.204865,0.115820"
AGExPOLPARTY,AGExPOLPARTY :: 30-49 | Other,TRAITSB_W29,4,"0.352482,0.289944,0.234804,0.122770"
AGExPOLPARTY,AGExPOLPARTY :: 30-49 | Republican,TRAITSB_W29,4,"0.431560,0.270064,0.181312,0.117064"
AGExPOLPARTY,AGExPOLPARTY :: 50-64 | Democrat,TRAITSB_W29,4,"0.401025,0.265062,0.209681,0.124232"
AGExPOLPARTY,AGExPOLPARTY :: 50-64 | Independent,TRAITSB_W29,4,"0.376194,0.279563,0.221153,0.123090"
AGExPOLPARTY,AGExPOLPARTY :: 50-64 | Other,TRAITSB_W29,4,"0.359987,0.287007,0.232425,0.120581"
AGExPOLPARTY,AGExPOLPARTY :: 50-64 | Republican,TRAITSB_W29,4,"0.433153,0.266858,0.183408,0.116581"
AGExPOLPARTY,AGExPOLPARTY :: 65+ | Democrat,TRAITSB_W29,4,"0.402920,0.248232,0.199460,0.149389"
AGExPOLPARTY,AGExPOLPARTY :: 65+ | Independent,TRAITSB_W29,4,"0.368841,0.263599,0.210159,0.157402"
AGExPOLPARTY,AGExPOLPARTY :: 65+ | Other,TRAITSB_W29,4,"0.346688,0.267900,0.229147,0.156265"
AGExPOLPARTY,AGExPOLPARTY :: 65+ | Republican,TRAITSB_W29,4,"0.422123,0.244306,0.174598,0.158973"
AGExPOLPARTY,AGExPOLPARTY :: 18-29 | Democrat,TRANSGEND1_W29,2,"0.461017,0.538983"
AGExPOLPARTY,AGExPOLPARTY :: 18-29 | Independent,TRANSGEND1_W29,2,"0.464902,0.535098"
AGExPOLPARTY,AGExPOLPARTY :: 18-29 | Other,TRANSGEND1_W29,2,"0.414899,0.585101"
AGExPOLPARTY,AGExPOLPARTY :: 18-29 | Republican,TRANSGEND1_W29,2,"0.418697,0.581303"
AGExPOLPARTY,AGExPOLPARTY :: 30-49 | Democrat,TRANSGEND1_W29,2,"0.445530,0.554470"
AGExPOLPARTY,AGExPOLPARTY :: 30-49 | Independent,TRANSGEND1_W29,2,"0.457137,0.542863"
AGExPOLPARTY,AGExPOLPARTY :: 30-49 | Other,TRANSGEND1_W29,2,"0.422505,0.577495"
AGExPOLPARTY,AGExPOLPARTY :: 30-49 | Republican,TRANSGEND1_W29,2,"0.430147,0.569853"
AGExPOLPARTY,AGExPOLPARTY :: 50-64 | Democrat,TRANSGEND1_W29,2,"0.426322,0.573678"
AGExPOLPARTY,AGExPOLPARTY :: 50-64 | Independent,TRANSGEND1_W29,2,"0.449393,0.550607"
AGExPOLPARTY,AGExPOLPARTY :: 50-64 | Other,TRANSGEND1_W29,2,"0.403567,0.596433"
AGExPOLPARTY,AGExPOLPARTY :: 50-64 | Republican,TRANSGEND1_W29,2,"0.403567,0.596433"
AGExPOLPARTY,AGExPOLPARTY :: 65+ | Democrat,TRANSGEND1_W29,2,"0.430147,0.569853"
AGExPOLPARTY,AGExPOLPARTY :: 65+ | Independent,TRANSGEND1_W29,2,"0.449393,0.550607"
AGExPOLPARTY,AGExPOLPARTY :: 65+ | Other,TRANSGEND1_W29,2,"0.411111,0.588889"
AGExPOLPARTY,AGExPOLPARTY :: 65+ | Republican,TRANSGEND1_W29,2,"0.399812,0.600188"
AGExPOLPARTY,AGExPOLPARTY :: 18-29 | Democrat,VOICE5A_W27,3,"0.727736,0.164937,0.107327"
AGExPOLPARTY,AGExPOLPARTY :: 18-29 | Independent,VOICE5A_W27,3,"0.691043,0.183108,0.125848"
AGExPOLPARTY,AGExPOLPARTY :: 18-29 | Other,VOICE5A_W27,3,"0.620544,0.211129,0.168327"
AGExPOLPARTY,AGExPOLPARTY :: 18-29 | Republican,VOICE5A_W27,3,"0.708922,0.180649,0.110429"
AGExPOLPARTY,AGExPOLPARTY :: 30-49 | Democrat,VOICE5A_W27,3,"0.642888,0.213665,0.143448"
AGExPOLPARTY,AGExPOLPARTY :: 30-49 | Independent,VOICE5A_W27,3,"0.648594,0.208929,0.142477"
AGExPOLPARTY,AGExPOLPARTY :: 30-49 | Other,VOICE5A_W27,3,"0.579029,0.228530,0.192441"
AGExPOLPARTY,AGExPOLPARTY :: 30-49 | Republican,VOICE5A_W27,3,"0.659902,0.206031,0.134067"
AGExPOLPARTY,AGExPOLPARTY :: 50-64 | Democrat,VOICE5A_W27,3,"0.626588,0.223417,0.149995"
AGExPOLPARTY,AGExPOLPARTY :: 50-64 | Independent,VOICE5A_W27,3,"0.634128,0.214072,0.151800"
AGExPOLPARTY,AGExPOLPARTY :: 50-64 | Other,VOICE5A_W27,3,"0.587526,0.231883,0.180591"
AGExPOLPARTY,AGExPOLPARTY :: 50-64 | Republican,VOICE5A_W27,3,"0.652077,0.213359,0.134564"
AGExPOLPARTY,AGExPOLPARTY :: 65+ | Democrat,VOICE5A_W27,3,"0.637431,0.213513,0.149056"
AGExPOLPARTY,AGExPOLPARTY :: 65+ | Independent,VOICE5A_W27,3,"0.628977,0.215677,0.155346"
AGExPOLPARTY,AGExPOLPARTY :: 65+ | Other,VOICE5A_W27,3,"0.568437,0.235116,0.196447"
AGExPOLPARTY,AGExPOLPARTY :: 65+ | Republican,VOICE5A_W27,3,"0.643234,0.212116,0.144650"
AGExPOLPARTY,AGExPOLPARTY :: 18-29 | Democrat,WANTMOVE_W32,2,"0.674050,0.325950"
AGExPOLPARTY,AGExPOLPARTY :: 18-29 | Independent,WANTMOVE_W32,2,"0.677474,0.322526"
AGExPOLPARTY,AGExPOLPARTY :: 18-29 | Other,WANTMOVE_W32,2,"0.629775,0.370225"
AGExPOLPARTY,AGExPOLPARTY :: 18-29 | Republican,WANTMOVE_W32,2,"0.649579,0.350421"
AGExPOLPARTY,AGExPOLPARTY :: 30-49 | Democrat,WANTMOVE_W32,2,"0.620622,0.379378"
AGExPOLPARTY,AGExPOLPARTY :: 30-49 | Independent,WANTMOVE_W32,2,"0.633410,0.366590"
AGExPOLPARTY,AGExPOLPARTY :: 30-49 | Other,WANTMOVE_W32,2,"0.594551,0.405449"
AGExPOLPARTY,AGExPOLPARTY :: 30-49 | Republican,WANTMOVE_W32,2,"0.609524,0.390476"
AGExPOLPARTY,AGExPOLPARTY :: 50-64 | Democrat,WANTMOVE_W32,2,"0.624294,0.375706"
AGExPOLPARTY,AGExPOLPARTY :: 50-64 | Independent,WANTMOVE_W32,2,"0.627951,0.372049"
AGExPOLPARTY,AGExPOLPARTY :: 50-64 | Other,WANTMOVE_W32,2,"0.598312,0.401688"
AGExPOLPARTY,AGExPOLPARTY :: 50-64 | Republican,WANTMOVE_W32,2,"0.620622,0.379378"
AGExPOLPARTY,AGExPOLPARTY :: 65+ | Democrat,WANTMOVE_W32,2,"0.646014,0.353986"
AGExPOLPARTY,AGExPOLPARTY :: 65+ | Independent,WANTMOVE_W32,2,"0.638835,0.361165"
AGExPOLPARTY,AGExPOLPARTY :: 65+ | Other,WANTMOVE_W32,2,"0.611382,0.388618"
AGExPOLPARTY,AGExPOLPARTY :: 65+ | Republican,WANTMOVE_W32,2,"0.631594,0.368406"
AGExPOLPARTY,AGExPOLPARTY :: 18-29 | Democrat,WATCHDOG_1_W45,2,"0.245085,0.754915"
AGExPOLPARTY,AGExPOLPARTY :: 18-29 | Independent,WATCHDOG_1_W45,2,"0.233706,0.766294"
AGExPOLPARTY,AGExPOLPARTY :: 18-29 | Other,WATCHDOG_1_W45,2,"0.240775,0.759225"
AGExPOLPARTY,AGExPOLPARTY :: 18-29 | Republican,WATCHDOG_1_W45,2,"0.220007,0.779993"
AGExPOLPARTY,AGExPOLPARTY :: 30-49 | Democrat,WATCHDOG_1_W45,2,"0.268941,0.731059"
AGExPOLPARTY,AGExPOLPARTY :: 30-49 | Independent,WATCHDOG_1_W45,2,"0.258326,0.741674"
AGExPOLPARTY,AGExPOLPARTY :: 30-49 | Other,WATCHDOG_1_W45,2,"0.284576,0.715424"
AGExPOLPARTY,AGExPOLPARTY :: 30-49 | Republican,WATCHDOG_1_W45,2,"0.267408,0.732592"
AGExPOLPARTY,AGExPOLPARTY :: 50-64 | Democrat,WATCHDOG_1_W45,2,"0.253861,0.746139"
AGExPOLPARTY,AGExPOLPARTY :: 50-64 | Independent,WATCHDOG_1_W45,2,"0.255344,0.744656"
AGExPOLPARTY,AGExPOLPARTY :: 50-64 | Other,WATCHDOG_1_W45,2,"0.255344,0.744656"
AGExPOLPARTY,AGExPOLPARTY :: 50-64 | Republican,WATCHDOG_1_W45,2,"0.242206,0.757794"
AGExPOLPARTY,AGExPOLPARTY :: 65+ | Democrat,WATCHDOG_1_W45,2,"0.255344,0.744656"
AGExPOLPARTY,AGExPOLPARTY :: 65+ | Independent,WATCHDOG_1_W45,2,"0.259826,0.740174"
AGExPOLPARTY,AGExPOLPARTY :: 65+ | Other,WATCHDOG_1_W45,2,"0.275130,0.724870"
AGExPOLPARTY,AGExPOLPARTY :: 65+ | Republican,WATCHDOG_1_W45,2,"0.247987,0.752013"
AGExPOLPARTY,AGExPOLPARTY :: 18-29 | Democrat,WHYNOTBIZF2C_W36,3,"0.698530,0.186544,0.114926"
AGExPOLPARTY,AGExPOLPARTY :: 18-29 | Independent,WHYNOTBIZF2C_W36,3,"0.636362,0.221646,0.141992"
AGExPOLPARTY,AGExPOLPARTY :: 18-29 | Other,WHYNOTBIZF2C_W36,3,"0.560576,0.241101,0.198324"
AGExPOLPARTY,AGExPOLPARTY :: 18-29 | Republican,WHYNOTBIZF2C_W36,3,"0.648250,0.210456,0.141294"
AGExPOLPARTY,AGExPOLPARTY :: 30-49 | Democrat,WHYNOTBIZF2C_W36,3,"0.631599,0.236011,0.132390"
AGExPOLPARTY,AGExPOLPARTY :: 30-49 | Independent,WHYNOTBIZF2C_W36,3,"0.613365,0.242081,0.144553"
AGExPOLPARTY,AGExPOLPARTY :: 30-49 | Other,WHYNOTBIZF2C_W36,3,"0.533284,0.257879,0.208837"
AGExPOLPARTY,AGExPOLPARTY :: 30-49 | Republican,WHYNOTBIZF2C_W36,3,"0.626160,0.228559,0.145281"
AGExPOLPARTY,AGExPOLPARTY :: 50-64 | Democrat,WHYNOTBIZF2C_W36,3,"0.595318,0.248166,0.156516"
AGExPOLPARTY,AGExPOLPARTY :: 50-64 | Independent,WHYNOTBIZF2C_W36,3,"0.568014,0.256024,0.175962"
AGExPOLPARTY,AGExPOLPARTY :: 50-64 | Other,WHYNOTBIZF2C_W36,3,"0.525293,0.254015,0.220692"
AGExPOLPARTY,AGExPOLPARTY :: 50-64 | Republican,WHYNOTBIZF2C_W36,3,"0.597788,0.232275,0.169936"
AGExPOLPARTY,AGExPOLPARTY :: 65+ | Democrat,WHYNOTBIZF2C_W36,3,"0.610361,0.235315,0.154324"
AGExPOLPARTY,AGExPOLPARTY :: 65+ | Independent,WHYNOTBIZF2C_W36,3,"0.566778,0.253479,0.179743"
AGExPOLPARTY,AGExPOLPARTY :: 65+ | Other,WHYNOTBIZF2C_W36,3,"0.509007,0.257952,0.233040"
AGExPOLPARTY,AGExPOLPARTY :: 65+ | Republican,WHYNOTBIZF2C_W36,3,"0.598437,0.221879,0.179683"
AGExPOLPARTY,AGExPOLPARTY :: 18-29 | Democrat,WHYNOTBIZF2N_W36,3,"0.662172,0.195738,0.142090"
AGExPOLPARTY,AGExPOLPARTY :: 18-29 | Independent,WHYNOTBIZF2N_W36,3,"0.618015,0.216944,0.165042"
AGExPOLPARTY,AGExPOLPARTY :: 18-29 | Other,WHYNOTBIZF2N_W36,3,"0.546904,0.238925,0.214171"
AGExPOLPARTY,AGExPOLPARTY :: 18-29 | Republican,WHYNOTBIZF2N_W36,3,"0.624571,0.212500,0.162929"
AGExPOLPARTY,AGExPOLPARTY :: 30-49 | Democrat,WHYNOTBIZF2N_W36,3,"0.600604,0.235200,0.164196"
AGExPOLPARTY,AGExPOLPARTY :: 30-49 | Independent,WHYNOTBIZF2N_W36,3,"0.585665,0.238486,0.175849"
AGExPOLPARTY,AGExPOLPARTY :: 30-49 | Other,WHYNOTBIZF2N_W36,3,"0.520806,0.249886,0.229308"
AGExPOLPARTY,AGExPOLPARTY :: 30-49 | Republican,WHYNOTBIZF2N_W36,3,"0.599890,0.224163,0.175947"
AGExPOLPARTY,AGExPOLPARTY :: 50-64 | Democrat,WHYNOTBIZF2N_W36,3,"0.576343,0.247882,0.175775"
AGExPOLPARTY,AGExPOLPARTY :: 50-64 | Independent,WHYNOTBIZF2N_W36,3,"0.559707,0.248369,0.191924"
AGExPOLPARTY,AGExPOLPARTY :: 50-64 | Other,WHYNOTBIZF2N_W36,3,"0.515970,0.251464,0.232566"
AGExPOLPARTY,AGExPOLPARTY :: 50-64 | Republican,WHYNOTBIZF2N_W36,3,"0.582278,0.231614,0.186107"
AGExPOLPARTY,AGExPOLPARTY :: 65+ | Democrat,WHYNOTBIZF2N_W36,3,"0.582414,0.237162,0.180423"
AGExPOLPARTY,AGExPOLPARTY :: 65+ | Independent,WHYNOTBIZF2N_W36,3,"0.555460,0.246484,0.198056"
AGExPOLPARTY,AGExPOLPARTY :: 65+ | Other,WHYNOTBIZF2N_W36,3,"0.501470,0.254133,0.244397"
AGExPOLPARTY,AGExPOLPARTY :: 65+ | Republican,WHYNOTBIZF2N_W36,3,"0.568101,0.227747,0.204151"
AGExPOLPARTY,AGExPOLPARTY :: 18-29 | Democrat,WHYNOTPOLF1C_W36,3,"0.580941,0.245986,0.173073"
AGExPOLPARTY,AGExPOLPARTY :: 18-29 | Independent,WHYNOTPOLF1C_W36,3,"0.542058,0.260082,0.197860"
AGExPOLPARTY,AGExPOLPARTY :: 18-29 | Other,WHYNOTPOLF1C_W36,3,"0.469466,0.286979,0.243556"
AGExPOLPARTY,AGExPOLPARTY :: 18-29 | Republican,WHYNOTPOLF1C_W36,3,"0.548704,0.257172,0.194124"
AGExPOLPARTY,AGExPOLPARTY :: 30-49 | Democrat,WHYNOTPOLF1C_W36,3,"0.535974,0.280240,0.183786"
AGExPOLPARTY,AGExPOLPARTY :: 30-49 | Independent,WHYNOTPOLF1C_W36,3,"0.524516,0.276400,0.199084"
AGExPOLPARTY,AGExPOLPARTY :: 30-49 | Other,WHYNOTPOLF1C_W36,3,"0.461524,0.293362,0.245114"
AGExPOLPARTY,AGExPOLPARTY :: 30-49 | Republican,WHYNOTPOLF1C_W36,3,"0.541200,0.265829,0.192971"
AGExPOLPARTY,AGExPOLPARTY :: 50-64 | Democrat,WHYNOTPOLF1C_W36,3,"0.499281,0.295814,0.204905"
AGExPOLPARTY,AGExPOLPARTY :: 50-64 | Independent,WHYNOTPOLF1C_W36,3,"0.496963,0.287620,0.215417"
AGExPOLPARTY,AGExPOLPARTY :: 50-64 | Other,WHYNOTPOLF1C_W36,3,"0.447242,0.297927,0.254831"
AGExPOLPARTY,AGExPOLPARTY :: 50-64 | Republican,WHYNOTPOLF1C_W36,3,"0.508358,0.276390,0.215252"
AGExPOLPARTY,AGExPOLPARTY :: 65+ | Democrat,WHYNOTPOLF1C_W36,3,"0.510043,0.283881,0.206076"
AGExPOLPARTY,AGExPOLPARTY :: 65+ | Independent,WHYNOTPOLF1C_W36,3,"0.493830,0.283583,0.222587"
AGExPOLPARTY,AGExPOLPARTY :: 65+ | Other,WHYNOTPOLF1C_W36,3,"0.435954,0.299627,0.264419"
AGExPOLPARTY,AGExPOLPARTY :: 65+ | Republican,WHYNOTPOLF1C_W36,3,"0.506537,0.266926,0.226537"
AGExPOLPARTY,AGExPOLPARTY :: 18-29 | Democrat,WHYNOTPOLF1D_W36,3,"0.318904,0.290366,0.390730"
AGExPOLPARTY,AGExPOLPARTY :: 18-29 | Independent,WHYNOTPOLF1D_W36,3,"0.250639,0.277432,0.471928"
AGExPOLPARTY,AGExPOLPARTY :: 18-29 | Other,WHYNOTPOLF1D_W36,3,"0.246412,0.274892,0.478696"
AGExPOLPARTY,AGExPOLPARTY :: 18-29 | Republican,WHYNOTPOLF1D_W36,3,"0.276214,0.271931,0.451855"
AGExPOLPARTY,AGExPOLPARTY :: 30-49 | Democrat,WHYNOTPOLF1D_W36,3,"0.269625,0.312771,0.417604"
AGExPOLPARTY,AGExPOLPARTY :: 30-49 | Independent,WHYNOTPOLF1D_W36,3,"0.237637,0.293443,0.468920"
AGExPOLPARTY,AGExPOLPARTY :: 30-49 | Other,WHYNOTPOLF1D_W36,3,"0.241229,0.286467,0.472304"
AGExPOLPARTY,AGExPOLPARTY :: 30-49 | Republican,WHYNOTPOLF1D_W36,3,"0.279585,0.283988,0.436427"
AGExPOLPARTY,AGExPOLPARTY :: 50-64 | Democrat,WHYNOTPOLF1D_W36,3,"0.249169,0.310096,0.440735"
AGExPOLPARTY,AGExPOLPARTY :: 50-64 | Independent,WHYNOTPOLF1D_W36,3,"0.224804,0.284179,0.491017"
AGExPOLPARTY,AGExPOLPARTY :: 50-64 | Other,WHYNOTPOLF1D_W36,3,"0.223752,0.272014,0.504234"
AGExPOLPARTY,AGExPOLPARTY :: 50-64 | Republican,WHYNOTPOLF1D_W36,3,"0.251324,0.271746,0.476930"
AGExPOLPARTY,AGExPOLPARTY :: 65+ | Democrat,WHYNOTPOLF1D_W36,3,"0.258658,0.304774,0.436568"
AGExPOLPARTY,AGExPOLPARTY :: 65+ | Independent,WHYNOTPOLF1D_W36,3,"0.232927,0.285388,0.481684"
AGExPOLPARTY,AGExPOLPARTY :: 65+ | Other,WHYNOTPOLF1D_W36,3,"0.234991,0.279058,0.485951"
AGExPOLPARTY,AGExPOLPARTY :: 65+ | Republican,WHYNOTPOLF1D_W36,3,"0.269223,0.269223,0.461555"
AGExPOLPARTY,AGExPOLPARTY :: 18-29 | Democrat,WHYNOTPOLF1K_W36,3,"0.433237,0.297759,0.269003"
AGExPOLPARTY,AGExPOLPARTY :: 18-29 | Independent,WHYNOTPOLF1K_W36,3,"0.373424,0.307170,0.319406"
AGExPOLPARTY,AGExPOLPARTY :: 18-29 | Other,WHYNOTPOLF1K_W36,3,"0.349940,0.316145,0.333915"
AGExPOLPARTY,AGExPOLPARTY :: 18-29 | Republican,WHYNOTPOLF1K_W36,3,"0.390016,0.310948,0.299036"
AGExPOLPARTY,AGExPOLPARTY :: 30-49 | Democrat,WHYNOTPOLF1K_W36,3,"0.387551,0.328910,0.283538"
AGExPOLPARTY,AGExPOLPARTY :: 30-49 | Independent,WHYNOTPOLF1K_W36,3,"0.358058,0.318463,0.323479"
AGExPOLPARTY,AGExPOLPARTY :: 30-49 | Other,WHYNOTPOLF1K_W36,3,"0.340204,0.319592,0.340204"
AGExPOLPARTY,AGExPOLPARTY :: 30-49 | Republican,WHYNOTPOLF1K_W36,3,"0.386262,0.315258,0.298480"
AGExPOLPARTY,AGExPOLPARTY :: 50-64 | Democrat,WHYNOTPOLF1K_W36,3,"0.372526,0.341849,0.285625"
AGExPOLPARTY,AGExPOLPARTY :: 50-64 | Independent,WHYNOTPOLF1K_W36,3,"0.349137,0.325431,0.325431"
AGExPOLPARTY,AGExPOLPARTY :: 50-64 | Other,WHYNOTPOLF1K_W36,3,"0.340252,0.322144,0.337604"
AGExPOLPARTY,AGExPOLPARTY :: 50-64 | Republican,WHYNOTPOLF1K_W36,3,"0.374319,0.320172,0.305510"
AGExPOLPARTY,AGExPOLPARTY :: 65+ | Democrat,WHYNOTPOLF1K_W36,3,"0.380290,0.330401,0.289309"
AGExPOLPARTY,AGExPOLPARTY :: 65+ | Independent,WHYNOTPOLF1K_W36,3,"0.349109,0.320361,0.330530"
AGExPOLPARTY,AGExPOLPARTY :: 65+ | Other,WHYNOTPOLF1K_W36,3,"0.334902,0.319566,0.345533"
AGExPOLPARTY,AGExPOLPARTY :: 65+ | Republican,WHYNOTPOLF1K_W36,3,"0.377116,0.307793,0.315092"
AGExPOLPARTY,AGExPOLPARTY :: 18-29 | Democrat,WORK3D_W27,3,"0.554103,0.184157,0.261740"
AGExPOLPARTY,AGExPOLPARTY :: 18-29 | Independent,WORK3D_W27,3,"0.498668,0.189273,0.312059"
AGExPOLPARTY,AGExPOLPARTY :: 18-29 | Other,WORK3D_W27,3,"0.379112,0.204515,0.416373"
AGExPOLPARTY,AGExPOLPARTY :: 18-29 | Republican,WORK3D_W27,3,"0.513707,0.188982,0.297311"
AGExPOLPARTY,AGExPOLPARTY :: 30-49 | Democrat,WORK3D_W27,3,"0.464351,0.233490,0.302159"
AGExPOLPARTY,AGExPOLPARTY :: 30-49 | Independent,WORK3D_W27,3,"0.469667,0.210048,0.320285"
AGExPOLPARTY,AGExPOLPARTY :: 30-49 | Other,WORK3D_W27,3,"0.358477,0.219133,0.422390"
AGExPOLPARTY,AGExPOLPARTY :: 30-49 | Republican,WORK3D_W27,3,"0.473115,0.216608,0.310277"
AGExPOLPARTY,AGExPOLPARTY :: 50-64 | Democrat,WORK3D_W27,3,"0.436175,0.237144,0.326680"
AGExPOLPARTY,AGExPOLPARTY :: 50-64 | Independent,WORK3D_W27,3,"0.443202,0.214318,0.342480"
AGExPOLPARTY,AGExPOLPARTY :: 50-64 | Other,WORK3D_W27,3,"0.362079,0.217903,0.420019"
AGExPOLPARTY,AGExPOLPARTY :: 50-64 | Republican,WORK3D_W27,3,"0.458359,0.211498,0.330143"
AGExPOLPARTY,AGExPOLPARTY :: 65+ | Democrat,WORK3D_W27,3,"0.442756,0.233316,0.323927"
AGExPOLPARTY,AGExPOLPARTY :: 65+ | Independent,WORK3D_W27,3,"0.440532,0.216382,0.343086"
AGExPOLPARTY,AGExPOLPARTY :: 65+ | Other,WORK3D_W27,3,"0.334925,0.221372,0.443703"
AGExPOLPARTY,AGExPOLPARTY :: 65+ | Republican,WORK3D_W27,3,"0.457600,0.212804,0.329597"
AGExPOLPARTY,AGExPOLPARTY :: 18-29 | Democrat,WORK3E_W27,3,"0.654989,0.137293,0.207718"
AGExPOLPARTY,AGExPOLPARTY :: 18-29 | Independent,WORK3E_W27,3,"0.598838,0.145609,0.255553"
AGExPOLPARTY,AGExPOLPARTY :: 18-29 | Other,WORK3E_W27,3,"0.472363,0.171079,0.356558"
AGExPOLPARTY,AGExPOLPARTY :: 18-29 | Republican,WORK3E_W27,3,"0.616122,0.146342,0.237536"
AGExPOLPARTY,AGExPOLPARTY :: 30-49 | Democrat,WORK3E_W27,3,"0.556361,0.184907,0.258732"
AGExPOLPARTY,AGExPOLPARTY :: 30-49 | Independent,WORK3E_W27,3,"0.552882,0.171275,0.275843"
AGExPOLPARTY,AGExPOLPARTY :: 30-49 | Other,WORK3E_W27,3,"0.426030,0.195051,0.378919"
AGExPOLPARTY,AGExPOLPARTY :: 30-49 | Republican,WORK3E_W27,3,"0.553030,0.179542,0.267428"
AGExPOLPARTY,AGExPOLPARTY :: 50-64 | Democrat,WORK3E_W27,3,"0.534729,0.192159,0.273113"
AGExPOLPARTY,AGExPOLPARTY :: 50-64 | Independent,WORK3E_W27,3,"0.532752,0.179849,0.287398"
AGExPOLPARTY,AGExPOLPARTY :: 50-64 | Other,WORK3E_W27,3,"0.441243,0.195800,0.362957"
AGExPOLPARTY,AGExPOLPARTY :: 50-64 | Republican,WORK3E_W27,3,"0.544905,0.181100,0.273995"
AGExPOLPARTY,AGExPOLPARTY :: 65+ | Democrat,WORK3E_W27,3,"0.536370,0.185365,0.278265"
AGExPOLPARTY,AGExPOLPARTY :: 65+ | Independent,WORK3E_W27,3,"0.522562,0.182009,0.295430"
AGExPOLPARTY,AGExPOLPARTY :: 65+ | Other,WORK3E_W27,3,"0.412070,0.200827,0.387104"
AGExPOLPARTY,AGExPOLPARTY :: 65+ | Republican,WORK3E_W27,3,"0.536323,0.181055,0.282622"
AGExPOLPARTY,AGExPOLPARTY :: 18-29 | Democrat,WORK7_W27,2,"0.675765,0.324235"
AGExPOLPARTY,AGExPOLPARTY :: 18-29 | Independent,WORK7_W27,2,"0.660172,0.339828"
AGExPOLPARTY,AGExPOLPARTY :: 18-29 | Other,WORK7_W27,2,"0.629775,0.370225"
AGExPOLPARTY,AGExPOLPARTY :: 18-29 | Republican,WORK7_W27,2,"0.658418,0.341583"
AGExPOLPARTY,AGExPOLPARTY :: 30-49 | Democrat,WORK7_W27,2,"0.611382,0.388618"
AGExPOLPARTY,AGExPOLPARTY :: 30-49 | Independent,WORK7_W27,2,"0.622459,0.377541"
AGExPOLPARTY,AGExPOLPARTY :: 30-49 | Other,WORK7_W27,2,"0.592667,0.407333"
AGExPOLPARTY,AGExPOLPARTY :: 30-49 | Republican,WORK7_W27,2,"0.607663,0.392337"
AGExPOLPARTY,AGExPOLPARTY :: 50-64 | Democrat,WORK7_W27,2,"0.616936,0.383064"
AGExPOLPARTY,AGExPOLPARTY :: 50-64 | Independent,WORK7_W27,2,"0.626124,0.373876"
AGExPOLPARTY,AGExPOLPARTY :: 50-64 | Other,WORK7_W27,2,"0.613237,0.386763"
AGExPOLPARTY,AGExPOLPARTY :: 50-64 | Republican,WORK7_W27,2,"0.618780,0.381220"
AGExPOLPARTY,AGExPOLPARTY :: 65+ | Democrat,WORK7_W27,2,"0.631594,0.368406"
AGExPOLPARTY,AGExPOLPARTY :: 65+ | Independent,WORK7_W27,2,"0.633410,0.366590"
AGExPOLPARTY,AGExPOLPARTY :: 65+ | Other,WORK7_W27,2,"0.607663,0.392337"
AGExPOLPARTY,AGExPOLPARTY :: 65+ | Republican,WORK7_W27,2,"0.629775,0.370225"
AGExPOLPARTY,AGExPOLPARTY :: 18-29 | Democrat,WORRYA_W26,3,"0.605109,0.240696,0.154195"
AGExPOLPARTY,AGExPOLPARTY :: 18-29 | Independent,WORRYA_W26,3,"0.552241,0.271252,0.176507"
AGExPOLPARTY,AGExPOLPARTY :: 18-29 | Other,WORRYA_W26,3,"0.496675,0.289708,0.213617"
AGExPOLPARTY,AGExPOLPARTY :: 18-29 | Republican,WORRYA_W26,3,"0.597485,0.249069,0.153447"
AGExPOLPARTY,AGExPOLPARTY :: 30-49 | Democrat,WORRYA_W26,3,"0.531092,0.291014,0.177894"
AGExPOLPARTY,AGExPOLPARTY :: 30-49 | Independent,WORRYA_W26,3,"0.537659,0.287788,0.174552"
AGExPOLPARTY,AGExPOLPARTY :: 30-49 | Other,WORRYA_W26,3,"0.470366,0.310893,0.218741"
AGExPOLPARTY,AGExPOLPARTY :: 30-49 | Republican,WORRYA_W26,3,"0.566152,0.271643,0.162205"
AGExPOLPARTY,AGExPOLPARTY :: 50-64 | Democrat,WORRYA_W26,3,"0.506655,0.302537,0.190808"
AGExPOLPARTY,AGExPOLPARTY :: 50-64 | Independent,WORRYA_W26,3,"0.504702,0.303735,0.191563"
AGExPOLPARTY,AGExPOLPARTY :: 50-64 | Other,WORRYA_W26,3,"0.480440,0.303009,0.216551"
AGExPOLPARTY,AGExPOLPARTY :: 50-64 | Republican,WORRYA_W26,3,"0.559112,0.270369,0.170519"
AGExPOLPARTY,AGExPOLPARTY :: 65+ | Democrat,WORRYA_W26,3,"0.539476,0.275537,0.184987"
AGExPOLPARTY,AGExPOLPARTY :: 65+ | Independent,WORRYA_W26,3,"0.521181,0.285584,0.193236"
AGExPOLPARTY,AGExPOLPARTY :: 65+ | Other,WORRYA_W26,3,"0.478219,0.292329,0.229452"
AGExPOLPARTY,AGExPOLPARTY :: 65+ | Republican,WORRYA_W26,3,"0.581265,0.244208,0.174527"
AGExPOLPARTY,AGExPOLPARTY :: 18-29 | Democrat,WORRYD_W26,3,"0.646467,0.211523,0.142010"
AGExPOLPARTY,AGExPOLPARTY :: 18-29 | Independent,WORRYD_W26,3,"0.594513,0.236481,0.169005"
AGExPOLPARTY,AGExPOLPARTY :: 18-29 | Other,WORRYD_W26,3,"0.542555,0.256285,0.201160"
AGExPOLPARTY,AGExPOLPARTY :: 18-29 | Republican,WORRYD_W26,3,"0.622866,0.222090,0.155044"
AGExPOLPARTY,AGExPOLPARTY :: 30-49 | Democrat,WORRYD_W26,3,"0.566883,0.261573,0.171544"
AGExPOLPARTY,AGExPOLPARTY :: 30-49 | Independent,WORRYD_W26,3,"0.568800,0.260416,0.170785"
AGExPOLPARTY,AGExPOLPARTY :: 30-49 | Other,WORRYD_W26,3,"0.506728,0.282037,0.211236"
AGExPOLPARTY,AGExPOLPARTY :: 30-49 | Republican,WORRYD_W26,3,"0.584051,0.247303,0.168646"
AGExPOLPARTY,AGExPOLPARTY :: 50-64 | Democrat,WORRYD_W26,3,"0.542967,0.275162,0.181871"
AGExPOLPARTY,AGExPOLPARTY :: 50-64 | Independent,WORRYD_W26,3,"0.545293,0.272057,0.182650"
AGExPOLPARTY,AGExPOLPARTY :: 50-64 | Other,WORRYD_W26,3,"0.517027,0.278915,0.204059"
AGExPOLPARTY,AGExPOLPARTY :: 50-64 | Republican,WORRYD_W26,3,"0.577918,0.248559,0.173522"
AGExPOLPARTY,AGExPOLPARTY :: 65+ | Democrat,WORRYD_W26,3,"0.574247,0.245058,0.180695"
AGExPOLPARTY,AGExPOLPARTY :: 65+ | Independent,WORRYD_W26,3,"0.555045,0.256111,0.188844"
AGExPOLPARTY,AGExPOLPARTY :: 65+ | Other,WORRYD_W26,3,"0.512227,0.265740,0.222034"
AGExPOLPARTY,AGExPOLPARTY :: 65+ | Republican,WORRYD_W26,3,"0.594015,0.221967,0.184017"
AGExPOLPARTY,AGExPOLPARTY :: 18-29 | Democrat,WORRYF_W26,3,"0.659400,0.210757,0.129843"
AGExPOLPARTY,AGExPOLPARTY :: 18-29 | Independent,WORRYF_W26,3,"0.583241,0.254799,0.161960"
AGExPOLPARTY,AGExPOLPARTY :: 18-29 | Other,WORRYF_W26,3,"0.528954,0.263905,0.207141"
AGExPOLPARTY,AGExPOLPARTY :: 18-29 | Republican,WORRYF_W26,3,"0.643855,0.219061,0.137085"
AGExPOLPARTY,AGExPOLPARTY :: 30-49 | Democrat,WORRYF_W26,3,"0.563027,0.274398,0.162575"
AGExPOLPARTY,AGExPOLPARTY :: 30-49 | Independent,WORRYF_W26,3,"0.556283,0.275380,0.168337"
AGExPOLPARTY,AGExPOLPARTY :: 30-49 | Other,WORRYF_W26,3,"0.488579,0.289474,0.221947"
AGExPOLPARTY,AGExPOLPARTY :: 30-49 | Republican,WORRYF_W26,3,"0.599362,0.247907,0.152731"
AGExPOLPARTY,AGExPOLPARTY :: 50-64 | Democrat,WORRYF_W26,3,"0.542009,0.283396,0.174595"
AGExPOLPARTY,AGExPOLPARTY :: 50-64 | Independent,WORRYF_W26,3,"0.515658,0.296118,0.188224"
AGExPOLPARTY,AGExPOLPARTY :: 50-64 | Other,WORRYF_W26,3,"0.497493,0.283463,0.219043"
AGExPOLPARTY,AGExPOLPARTY :: 50-64 | Republican,WORRYF_W26,3,"0.585202,0.249734,0.165064"
AGExPOLPARTY,AGExPOLPARTY :: 65+ | Democrat,WORRYF_W26,3,"0.586342,0.248273,0.165385"
AGExPOLPARTY,AGExPOLPARTY :: 65+ | Independent,WORRYF_W26,3,"0.546069,0.272444,0.181487"
AGExPOLPARTY,AGExPOLPARTY :: 65+ | Other,WORRYF_W26,3,"0.499779,0.269611,0.230610"
AGExPOLPARTY,AGExPOLPARTY :: 65+ | Republican,WORRYF_W26,3,"0.623532,0.213810,0.162658"
