ty,gk,qk,n_opt,mouth_pred
RELIGxPOLPARTY,RELIGxPOLPARTY :: Agnostic | Democrat,ADMISSIONa_W43,3,"0.338125,0.310281,0.351594"
RELIGxPOLPARTY,RELIGxPOLPARTY :: Agnostic | Independent,ADMISSIONa_W43,3,"0.264967,0.324644,0.410389"
RELIGxPOLPARTY,RELIGxPOLPARTY :: Agnostic | Other,ADMISSIONa_W43,3,"0.269044,0.327074,0.403882"
RELIGxPOLPARTY,RELIGxPOLPARTY :: Atheist | Democrat,ADMISSIONa_W43,3,"0.269799,0.343732,0.386469"
RELIGxPOLPARTY,RELIGxPOLPARTY :: Atheist | Independent,ADMISSIONa_W43,3,"0.266529,0.339567,0.393904"
RELIGxPOLPARTY,RELIGxPOLPARTY :: Atheist | Other,ADMISSIONa_W43,3,"0.253573,0.341219,0.405208"
RELIGxPOLPARTY,RELIGxPOLPARTY :: Jewish | Democrat,ADMISSIONa_W43,3,"0.275172,0.339792,0.385035"
RELIGxPOLPARTY,RELIGxPOLPARTY :: Mormon | Republican,ADMISSIONa_W43,3,"0.292288,0.292288,0.415425"
RELIGxPOLPARTY,RELIGxPOLPARTY :: Nothing in particular | Democrat,ADMISSIONa_W43,3,"0.279132,0.339339,0.381529"
RELIGxPOLPARTY,RELIGxPOLPARTY :: Nothing in particular | Independent,ADMISSIONa_W43,3,"0.251297,0.340809,0.407895"
RELIGxPOLPARTY,RELIGxPOLPARTY :: Nothing in particular | Other,ADMISSIONa_W43,3,"0.254375,0.342299,0.403326"
RELIGxPOLPARTY,RELIGxPOLPARTY :: Nothing in particular | Republican,ADMISSIONa_W43,3,"0.279062,0.321199,0.399739"
RELIGxPOLPARTY,RELIGxPOLPARTY :: Other | Democrat,ADMISSIONa_W43,3,"0.283031,0.336108,0.380860"
RELIGxPOLPARTY,RELIGxPOLPARTY :: Other | Independent,ADMISSIONa_W43,3,"0.267940,0.336071,0.395989"
RELIGxPOLPARTY,RELIGxPOLPARTY :: Protestant | Democrat,ADMISSIONa_W43,3,"0.280609,0.335845,0.383547"
RELIGxPOLPARTY,RELIGxPOLPARTY :: Protestant | Independent,ADMISSIONa_W43,3,"0.275537,0.329775,0.394688"
RELIGxPOLPARTY,RELIGxPOLPARTY :: Protestant | Other,ADMISSIONa_W43,3,"0.278667,0.328350,0.392983"
RELIGxPOLPARTY,RELIGxPOLPARTY :: Protestant | Refused,ADMISSIONa_W43,3,"0.288216,0.311636,0.400148"
RELIGxPOLPARTY,RELIGxPOLPARTY :: Protestant | Republican,ADMISSIONa_W43,3,"0.290312,0.306630,0.403058"
RELIGxPOLPARTY,RELIGxPOLPARTY :: Roman Catholic | Democrat,ADMISSIONa_W43,3,"0.272429,0.331189,0.396382"
RELIGxPOLPARTY,RELIGxPOLPARTY :: Roman Catholic | Independent,ADMISSIONa_W43,3,"0.274687,0.328757,0.396556"
RELIGxPOLPARTY,RELIGxPOLPARTY :: Roman Catholic | Other,ADMISSIONa_W43,3,"0.278520,0.325623,0.395857"
RELIGxPOLPARTY,RELIGxPOLPARTY :: Roman Catholic | Republican,ADMISSIONa_W43,3,"0.289066,0.293618,0.417316"
RELIGxPOLPARTY,RELIGxPOLPARTY :: Agnostic | Democrat,ADMISSIONb_W43,3,"0.319049,0.302070,0.378881"
RELIGxPOLPARTY,RELIGxPOLPARTY :: Agnostic | Independent,ADMISSIONb_W43,3,"0.241137,0.304826,0.454037"
RELIGxPOLPARTY,RELIGxPOLPARTY :: Agnostic | Other,ADMISSIONb_W43,3,"0.255932,0.308713,0.435355"
RELIGxPOLPARTY,RELIGxPOLPARTY :: Atheist | Democrat,ADMISSIONb_W43,3,"0.258745,0.324539,0.416716"
RELIGxPOLPARTY,RELIGxPOLPARTY :: Atheist | Independent,ADMISSIONb_W43,3,"0.252407,0.321575,0.426018"
RELIGxPOLPARTY,RELIGxPOLPARTY :: Atheist | Other,ADMISSIONb_W43,3,"0.246348,0.321298,0.432354"
RELIGxPOLPARTY,RELIGxPOLPARTY :: Jewish | Democrat,ADMISSIONb_W43,3,"0.262213,0.318771,0.419016"
RELIGxPOLPARTY,RELIGxPOLPARTY :: Mormon | Republican,ADMISSIONb_W43,3,"0.282402,0.280205,0.437393"
RELIGxPOLPARTY,RELIGxPOLPARTY :: Nothing in particular | Democrat,ADMISSIONb_W43,3,"0.266112,0.318494,0.415394"
RELIGxPOLPARTY,RELIGxPOLPARTY :: Nothing in particular | Independent,ADMISSIONb_W43,3,"0.232933,0.311006,0.456061"
RELIGxPOLPARTY,RELIGxPOLPARTY :: Nothing in particular | Other,ADMISSIONb_W43,3,"0.244453,0.316345,0.439202"
RELIGxPOLPARTY,RELIGxPOLPARTY :: Nothing in particular | Republican,ADMISSIONb_W43,3,"0.268092,0.296751,0.435157"
RELIGxPOLPARTY,RELIGxPOLPARTY :: Other | Democrat,ADMISSIONb_W43,3,"0.271779,0.320233,0.407988"
RELIGxPOLPARTY,RELIGxPOLPARTY :: Other | Independent,ADMISSIONb_W43,3,"0.252354,0.311616,0.436029"
RELIGxPOLPARTY,RELIGxPOLPARTY :: Protestant | Democrat,ADMISSIONb_W43,3,"0.266112,0.318494,0.415394"
RELIGxPOLPARTY,RELIGxPOLPARTY :: Protestant | Independent,ADMISSIONb_W43,3,"0.256802,0.309762,0.433436"
RELIGxPOLPARTY,RELIGxPOLPARTY :: Protestant | Other,ADMISSIONb_W43,3,"0.267213,0.312403,0.420384"
RELIGxPOLPARTY,RELIGxPOLPARTY :: Protestant | Refused,ADMISSIONb_W43,3,"0.273637,0.295872,0.430491"
RELIGxPOLPARTY,RELIGxPOLPARTY :: Protestant | Republican,ADMISSIONb_W43,3,"0.276774,0.287799,0.435427"
RELIGxPOLPARTY,RELIGxPOLPARTY :: Roman Catholic | Democrat,ADMISSIONb_W43,3,"0.257045,0.312487,0.430469"
RELIGxPOLPARTY,RELIGxPOLPARTY :: Roman Catholic | Independent,ADMISSIONb_W43,3,"0.254797,0.304952,0.440250"
RELIGxPOLPARTY,RELIGxPOLPARTY :: Roman Catholic | Other,ADMISSIONb_W43,3,"0.269160,0.307391,0.423449"
RELIGxPOLPARTY,RELIGxPOLPARTY :: Roman Catholic | Republican,ADMISSIONb_W43,3,"0.273285,0.269048,0.457667"
RELIGxPOLPARTY,RELIGxPOLPARTY :: Agnostic | Democrat,BETTERBIZ1F2D_W36,3,"0.302683,0.267117,0.430200"
RELIGxPOLPARTY,RELIGxPOLPARTY :: Agnostic | Independent,BETTERBIZ1F2D_W36,3,"0.270592,0.258201,0.471208"
RELIGxPOLPARTY,RELIGxPOLPARTY :: Agnostic | Other,BETTERBIZ1F2D_W36,3,"0.261101,0.251098,0.487801"
RELIGxPOLPARTY,RELIGxPOLPARTY :: Atheist | Democrat,BETTERBIZ1F2D_W36,3,"0.287853,0.283391,0.428756"
RELIGxPOLPARTY,RELIGxPOLPARTY :: Atheist | Independent,BETTERBIZ1F2D_W36,3,"0.266721,0.268813,0.464467"
RELIGxPOLPARTY,RELIGxPOLPARTY :: Jewish | Democrat,BETTERBIZ1F2D_W36,3,"0.278535,0.276367,0.445098"
RELIGxPOLPARTY,RELIGxPOLPARTY :: Jewish | Independent,BETTERBIZ1F2D_W36,3,"0.264907,0.262845,0.472248"
RELIGxPOLPARTY,RELIGxPOLPARTY :: Mormon | Republican,BETTERBIZ1F2D_W36,3,"0.317544,0.255154,0.427302"
RELIGxPOLPARTY,RELIGxPOLPARTY :: Nothing in particular | Democrat,BETTERBIZ1F2D_W36,3,"0.270587,0.272710,0.456703"
RELIGxPOLPARTY,RELIGxPOLPARTY :: Nothing in particular | Independent,BETTERBIZ1F2D_W36,3,"0.251182,0.245364,0.503454"
RELIGxPOLPARTY,RELIGxPOLPARTY :: Nothing in particular | Other,BETTERBIZ1F2D_W36,3,"0.241002,0.244797,0.514202"
RELIGxPOLPARTY,RELIGxPOLPARTY :: Nothing in particular | Republican,BETTERBIZ1F2D_W36,3,"0.277814,0.256936,0.465250"
RELIGxPOLPARTY,RELIGxPOLPARTY :: Other | Democrat,BETTERBIZ1F2D_W36,3,"0.275406,0.277566,0.447028"
RELIGxPOLPARTY,RELIGxPOLPARTY :: Other | Independent,BETTERBIZ1F2D_W36,3,"0.262570,0.254491,0.482939"
RELIGxPOLPARTY,RELIGxPOLPARTY :: Protestant | Democrat,BETTERBIZ1F2D_W36,3,"0.290388,0.290388,0.419224"
RELIGxPOLPARTY,RELIGxPOLPARTY :: Protestant | Independent,BETTERBIZ1F2D_W36,3,"0.282050,0.277677,0.440273"
RELIGxPOLPARTY,RELIGxPOLPARTY :: Protestant | Other,BETTERBIZ1F2D_W36,3,"0.272891,0.277188,0.449921"
RELIGxPOLPARTY,RELIGxPOLPARTY :: Protestant | Republican,BETTERBIZ1F2D_W36,3,"0.317165,0.269174,0.413661"
RELIGxPOLPARTY,RELIGxPOLPARTY :: Roman Catholic | Democrat,BETTERBIZ1F2D_W36,3,"0.290732,0.279594,0.429674"
RELIGxPOLPARTY,RELIGxPOLPARTY :: Roman Catholic | Independent,BETTERBIZ1F2D_W36,3,"0.271705,0.280330,0.447966"
RELIGxPOLPARTY,RELIGxPOLPARTY :: Roman Catholic | Other,BETTERBIZ1F2D_W36,3,"0.265753,0.267837,0.466410"
RELIGxPOLPARTY,RELIGxPOLPARTY :: Roman Catholic | Republican,BETTERBIZ1F2D_W36,3,"0.312677,0.253214,0.434109"
RELIGxPOLPARTY,RELIGxPOLPARTY :: Agnostic | Democrat,BETTERBIZ1F2E_W36,3,"0.379094,0.244762,0.376144"
RELIGxPOLPARTY,RELIGxPOLPARTY :: Agnostic | Independent,BETTERBIZ1F2E_W36,3,"0.348104,0.244922,0.406975"
RELIGxPOLPARTY,RELIGxPOLPARTY :: Agnostic | Other,BETTERBIZ1F2E_W36,3,"0.322530,0.243458,0.434012"
RELIGxPOLPARTY,RELIGxPOLPARTY :: Atheist | Democrat,BETTERBIZ1F2E_W36,3,"0.364433,0.262491,0.373075"
RELIGxPOLPARTY,RELIGxPOLPARTY :: Atheist | Independent,BETTERBIZ1F2E_W36,3,"0.341894,0.252097,0.406009"
RELIGxPOLPARTY,RELIGxPOLPARTY :: Jewish | Democrat,BETTERBIZ1F2E_W36,3,"0.355870,0.256324,0.387806"
RELIGxPOLPARTY,RELIGxPOLPARTY :: Jewish | Independent,BETTERBIZ1F2E_W36,3,"0.330592,0.251501,0.417907"
RELIGxPOLPARTY,RELIGxPOLPARTY :: Mormon | Republican,BETTERBIZ1F2E_W36,3,"0.410278,0.224814,0.364909"
RELIGxPOLPARTY,RELIGxPOLPARTY :: Nothing in particular | Democrat,BETTERBIZ1F2E_W36,3,"0.332887,0.259252,0.407861"
RELIGxPOLPARTY,RELIGxPOLPARTY :: Nothing in particular | Independent,BETTERBIZ1F2E_W36,3,"0.311488,0.238826,0.449686"
RELIGxPOLPARTY,RELIGxPOLPARTY :: Nothing in particular | Other,BETTERBIZ1F2E_W36,3,"0.290214,0.238723,0.471063"
RELIGxPOLPARTY,RELIGxPOLPARTY :: Nothing in particular | Republican,BETTERBIZ1F2E_W36,3,"0.343014,0.243233,0.413753"
RELIGxPOLPARTY,RELIGxPOLPARTY :: Other | Democrat,BETTERBIZ1F2E_W36,3,"0.338170,0.263367,0.398462"
RELIGxPOLPARTY,RELIGxPOLPARTY :: Other | Independent,BETTERBIZ1F2E_W36,3,"0.323004,0.245729,0.431267"
RELIGxPOLPARTY,RELIGxPOLPARTY :: Protestant | Democrat,BETTERBIZ1F2E_W36,3,"0.377029,0.263208,0.359763"
RELIGxPOLPARTY,RELIGxPOLPARTY :: Protestant | Independent,BETTERBIZ1F2E_W36,3,"0.359437,0.260923,0.379641"
RELIGxPOLPARTY,RELIGxPOLPARTY :: Protestant | Other,BETTERBIZ1F2E_W36,3,"0.332584,0.263096,0.404320"
RELIGxPOLPARTY,RELIGxPOLPARTY :: Protestant | Republican,BETTERBIZ1F2E_W36,3,"0.411956,0.238422,0.349622"
RELIGxPOLPARTY,RELIGxPOLPARTY :: Roman Catholic | Democrat,BETTERBIZ1F2E_W36,3,"0.384560,0.254179,0.361261"
RELIGxPOLPARTY,RELIGxPOLPARTY :: Roman Catholic | Independent,BETTERBIZ1F2E_W36,3,"0.347266,0.268346,0.384388"
RELIGxPOLPARTY,RELIGxPOLPARTY :: Roman Catholic | Other,BETTERBIZ1F2E_W36,3,"0.323882,0.260246,0.415872"
RELIGxPOLPARTY,RELIGxPOLPARTY :: Roman Catholic | Republican,BETTERBIZ1F2E_W36,3,"0.416094,0.228001,0.355904"
RELIGxPOLPARTY,RELIGxPOLPARTY :: Agnostic | Democrat,BETTERBIZ1F2G_W36,3,"0.245315,0.243406,0.511280"
RELIGxPOLPARTY,RELIGxPOLPARTY :: Agnostic | Independent,BETTERBIZ1F2G_W36,3,"0.206077,0.215967,0.577957"
RELIGxPOLPARTY,RELIGxPOLPARTY :: Agnostic | Other,BETTERBIZ1F2G_W36,3,"0.213134,0.216490,0.570376"
RELIGxPOLPARTY,RELIGxPOLPARTY :: Atheist | Democrat,BETTERBIZ1F2G_W36,3,"0.228879,0.255333,0.515787"
RELIGxPOLPARTY,RELIGxPOLPARTY :: Atheist | Independent,BETTERBIZ1F2G_W36,3,"0.201793,0.232263,0.565944"
RELIGxPOLPARTY,RELIGxPOLPARTY :: Jewish | Democrat,BETTERBIZ1F2G_W36,3,"0.222861,0.246684,0.530455"
RELIGxPOLPARTY,RELIGxPOLPARTY :: Jewish | Independent,BETTERBIZ1F2G_W36,3,"0.207986,0.226650,0.565364"
RELIGxPOLPARTY,RELIGxPOLPARTY :: Mormon | Republican,BETTERBIZ1F2G_W36,3,"0.238226,0.229100,0.532674"
RELIGxPOLPARTY,RELIGxPOLPARTY :: Nothing in particular | Democrat,BETTERBIZ1F2G_W36,3,"0.225503,0.241930,0.532567"
RELIGxPOLPARTY,RELIGxPOLPARTY :: Nothing in particular | Independent,BETTERBIZ1F2G_W36,3,"0.192867,0.203708,0.603426"
RELIGxPOLPARTY,RELIGxPOLPARTY :: Nothing in particular | Other,BETTERBIZ1F2G_W36,3,"0.195000,0.204358,0.600642"
RELIGxPOLPARTY,RELIGxPOLPARTY :: Nothing in particular | Republican,BETTERBIZ1F2G_W36,3,"0.225961,0.227734,0.546305"
RELIGxPOLPARTY,RELIGxPOLPARTY :: Other | Democrat,BETTERBIZ1F2G_W36,3,"0.233963,0.251006,0.515031"
RELIGxPOLPARTY,RELIGxPOLPARTY :: Other | Independent,BETTERBIZ1F2G_W36,3,"0.209230,0.217564,0.573206"
RELIGxPOLPARTY,RELIGxPOLPARTY :: Protestant | Democrat,BETTERBIZ1F2G_W36,3,"0.228878,0.259352,0.511770"
RELIGxPOLPARTY,RELIGxPOLPARTY :: Protestant | Independent,BETTERBIZ1F2G_W36,3,"0.220510,0.242183,0.537307"
RELIGxPOLPARTY,RELIGxPOLPARTY :: Protestant | Other,BETTERBIZ1F2G_W36,3,"0.226011,0.244376,0.529613"
RELIGxPOLPARTY,RELIGxPOLPARTY :: Protestant | Republican,BETTERBIZ1F2G_W36,3,"0.241970,0.245780,0.512250"
RELIGxPOLPARTY,RELIGxPOLPARTY :: Roman Catholic | Democrat,BETTERBIZ1F2G_W36,3,"0.217328,0.240560,0.542111"
RELIGxPOLPARTY,RELIGxPOLPARTY :: Roman Catholic | Independent,BETTERBIZ1F2G_W36,3,"0.211553,0.239721,0.548726"
RELIGxPOLPARTY,RELIGxPOLPARTY :: Roman Catholic | Other,BETTERBIZ1F2G_W36,3,"0.219749,0.232101,0.548150"
RELIGxPOLPARTY,RELIGxPOLPARTY :: Roman Catholic | Republican,BETTERBIZ1F2G_W36,3,"0.231108,0.218808,0.550084"
RELIGxPOLPARTY,RELIGxPOLPARTY :: Agnostic | Democrat,BETTERBIZ1F2H_W36,3,"0.357966,0.263947,0.378087"
RELIGxPOLPARTY,RELIGxPOLPARTY :: Agnostic | Independent,BETTERBIZ1F2H_W36,3,"0.335686,0.259398,0.404915"
RELIGxPOLPARTY,RELIGxPOLPARTY :: Agnostic | Other,BETTERBIZ1F2H_W36,3,"0.313537,0.257909,0.428554"
RELIGxPOLPARTY,RELIGxPOLPARTY :: Atheist | Democrat,BETTERBIZ1F2H_W36,3,"0.344880,0.279292,0.375828"
RELIGxPOLPARTY,RELIGxPOLPARTY :: Atheist | Independent,BETTERBIZ1F2H_W36,3,"0.336071,0.267940,0.395989"
RELIGxPOLPARTY,RELIGxPOLPARTY :: Jewish | Democrat,BETTERBIZ1F2H_W36,3,"0.338465,0.271964,0.389571"
RELIGxPOLPARTY,RELIGxPOLPARTY :: Jewish | Independent,BETTERBIZ1F2H_W36,3,"0.326360,0.264294,0.409347"
RELIGxPOLPARTY,RELIGxPOLPARTY :: Mormon | Republican,BETTERBIZ1F2H_W36,3,"0.393923,0.244592,0.361484"
RELIGxPOLPARTY,RELIGxPOLPARTY :: Nothing in particular | Democrat,BETTERBIZ1F2H_W36,3,"0.319880,0.275754,0.404366"
RELIGxPOLPARTY,RELIGxPOLPARTY :: Nothing in particular | Independent,BETTERBIZ1F2H_W36,3,"0.313737,0.254072,0.432191"
RELIGxPOLPARTY,RELIGxPOLPARTY :: Nothing in particular | Other,BETTERBIZ1F2H_W36,3,"0.292017,0.255699,0.452285"
RELIGxPOLPARTY,RELIGxPOLPARTY :: Nothing in particular | Republican,BETTERBIZ1F2H_W36,3,"0.336748,0.260218,0.403034"
RELIGxPOLPARTY,RELIGxPOLPARTY :: Other | Democrat,BETTERBIZ1F2H_W36,3,"0.325623,0.278520,0.395857"
RELIGxPOLPARTY,RELIGxPOLPARTY :: Other | Independent,BETTERBIZ1F2H_W36,3,"0.321774,0.258553,0.419673"
RELIGxPOLPARTY,RELIGxPOLPARTY :: Protestant | Democrat,BETTERBIZ1F2H_W36,3,"0.352472,0.281015,0.366513"
RELIGxPOLPARTY,RELIGxPOLPARTY :: Protestant | Independent,BETTERBIZ1F2H_W36,3,"0.347869,0.273045,0.379086"
RELIGxPOLPARTY,RELIGxPOLPARTY :: Protestant | Other,BETTERBIZ1F2H_W36,3,"0.322595,0.275930,0.401476"
RELIGxPOLPARTY,RELIGxPOLPARTY :: Protestant | Republican,BETTERBIZ1F2H_W36,3,"0.392602,0.255471,0.351926"
RELIGxPOLPARTY,RELIGxPOLPARTY :: Roman Catholic | Democrat,BETTERBIZ1F2H_W36,3,"0.355275,0.272399,0.372325"
RELIGxPOLPARTY,RELIGxPOLPARTY :: Roman Catholic | Independent,BETTERBIZ1F2H_W36,3,"0.331085,0.278802,0.390113"
RELIGxPOLPARTY,RELIGxPOLPARTY :: Roman Catholic | Other,BETTERBIZ1F2H_W36,3,"0.312111,0.271167,0.416723"
RELIGxPOLPARTY,RELIGxPOLPARTY :: Roman Catholic | Republican,BETTERBIZ1F2H_W36,3,"0.392810,0.243901,0.363289"
RELIGxPOLPARTY,RELIGxPOLPARTY :: Agnostic | Democrat,BETTERBIZ2F2F_W36,3,"0.341653,0.268167,0.390180"
RELIGxPOLPARTY,RELIGxPOLPARTY :: Agnostic | Independent,BETTERBIZ2F2F_W36,3,"0.305104,0.250972,0.443924"
RELIGxPOLPARTY,RELIGxPOLPARTY :: Agnostic | Other,BETTERBIZ2F2F_W36,3,"0.291185,0.247125,0.461690"
RELIGxPOLPARTY,RELIGxPOLPARTY :: Atheist | Democrat,BETTERBIZ2F2F_W36,3,"0.327738,0.273835,0.398427"
RELIGxPOLPARTY,RELIGxPOLPARTY :: Atheist | Independent,BETTERBIZ2F2F_W36,3,"0.306851,0.260421,0.432729"
RELIGxPOLPARTY,RELIGxPOLPARTY :: Jewish | Democrat,BETTERBIZ2F2F_W36,3,"0.319527,0.266975,0.413498"
RELIGxPOLPARTY,RELIGxPOLPARTY :: Jewish | Independent,BETTERBIZ2F2F_W36,3,"0.297009,0.250107,0.452885"
RELIGxPOLPARTY,RELIGxPOLPARTY :: Mormon | Republican,BETTERBIZ2F2F_W36,3,"0.386380,0.236190,0.377430"
RELIGxPOLPARTY,RELIGxPOLPARTY :: Nothing in particular | Democrat,BETTERBIZ2F2F_W36,3,"0.307014,0.266739,0.426247"
RELIGxPOLPARTY,RELIGxPOLPARTY :: Nothing in particular | Independent,BETTERBIZ2F2F_W36,3,"0.279600,0.237294,0.483106"
RELIGxPOLPARTY,RELIGxPOLPARTY :: Nothing in particular | Other,BETTERBIZ2F2F_W36,3,"0.266123,0.236694,0.497183"
RELIGxPOLPARTY,RELIGxPOLPARTY :: Nothing in particular | Republican,BETTERBIZ2F2F_W36,3,"0.324092,0.246556,0.429352"
RELIGxPOLPARTY,RELIGxPOLPARTY :: Other | Democrat,BETTERBIZ2F2F_W36,3,"0.307755,0.271593,0.420652"
RELIGxPOLPARTY,RELIGxPOLPARTY :: Other | Independent,BETTERBIZ2F2F_W36,3,"0.287480,0.245894,0.466626"
RELIGxPOLPARTY,RELIGxPOLPARTY :: Protestant | Democrat,BETTERBIZ2F2F_W36,3,"0.332818,0.278079,0.389103"
RELIGxPOLPARTY,RELIGxPOLPARTY :: Protestant | Independent,BETTERBIZ2F2F_W36,3,"0.317076,0.262866,0.420058"
RELIGxPOLPARTY,RELIGxPOLPARTY :: Protestant | Other,BETTERBIZ2F2F_W36,3,"0.301888,0.262285,0.435827"
RELIGxPOLPARTY,RELIGxPOLPARTY :: Protestant | Republican,BETTERBIZ2F2F_W36,3,"0.373244,0.250584,0.376172"
RELIGxPOLPARTY,RELIGxPOLPARTY :: Roman Catholic | Democrat,BETTERBIZ2F2F_W36,3,"0.340936,0.269703,0.389361"
RELIGxPOLPARTY,RELIGxPOLPARTY :: Roman Catholic | Independent,BETTERBIZ2F2F_W36,3,"0.308036,0.267626,0.424338"
RELIGxPOLPARTY,RELIGxPOLPARTY :: Roman Catholic | Other,BETTERBIZ2F2F_W36,3,"0.297166,0.260207,0.442627"
RELIGxPOLPARTY,RELIGxPOLPARTY :: Roman Catholic | Republican,BETTERBIZ2F2F_W36,3,"0.377577,0.241885,0.380538"
RELIGxPOLPARTY,RELIGxPOLPARTY :: Agnostic | Democrat,BETTERPOL1F1B_W36,3,"0.200836,0.328545,0.470619"
RELIGxPOLPARTY,RELIGxPOLPARTY :: Agnostic | Independent,BETTERPOL1F1B_W36,3,"0.165983,0.298217,0.535800"
RELIGxPOLPARTY,RELIGxPOLPARTY :: Agnostic | Other,BETTERPOL1F1B_W36,3,"0.173876,0.273546,0.552578"
RELIGxPOLPARTY,RELIGxPOLPARTY :: Atheist | Democrat,BETTERPOL1F1B_W36,3,"0.182944,0.349890,0.467165"
RELIGxPOLPARTY,RELIGxPOLPARTY :: Atheist | Independent,BETTERPOL1F1B_W36,3,"0.150967,0.322105,0.526928"
RELIGxPOLPARTY,RELIGxPOLPARTY :: Jewish | Democrat,BETTERPOL1F1B_W36,3,"0.175986,0.341882,0.482132"
RELIGxPOLPARTY,RELIGxPOLPARTY :: Jewish | Independent,BETTERPOL1F1B_W36,3,"0.165108,0.306063,0.528829"
RELIGxPOLPARTY,RELIGxPOLPARTY :: Mormon | Republican,BETTERPOL1F1B_W36,3,"0.180753,0.312313,0.506934"
RELIGxPOLPARTY,RELIGxPOLPARTY :: Nothing in particular | Democrat,BETTERPOL1F1B_W36,3,"0.192698,0.315232,0.492070"
RELIGxPOLPARTY,RELIGxPOLPARTY :: Nothing in particular | Independent,BETTERPOL1F1B_W36,3,"0.155241,0.272457,0.572302"
RELIGxPOLPARTY,RELIGxPOLPARTY :: Nothing in particular | Other,BETTERPOL1F1B_W36,3,"0.158486,0.257249,0.584265"
RELIGxPOLPARTY,RELIGxPOLPARTY :: Nothing in particular | Republican,BETTERPOL1F1B_W36,3,"0.184669,0.297415,0.517917"
RELIGxPOLPARTY,RELIGxPOLPARTY :: Other | Democrat,BETTERPOL1F1B_W36,3,"0.200125,0.319799,0.480076"
RELIGxPOLPARTY,RELIGxPOLPARTY :: Other | Independent,BETTERPOL1F1B_W36,3,"0.168995,0.289726,0.541279"
RELIGxPOLPARTY,RELIGxPOLPARTY :: Protestant | Democrat,BETTERPOL1F1B_W36,3,"0.192116,0.350606,0.457277"
RELIGxPOLPARTY,RELIGxPOLPARTY :: Protestant | Independent,BETTERPOL1F1B_W36,3,"0.185049,0.319735,0.495216"
RELIGxPOLPARTY,RELIGxPOLPARTY :: Protestant | Other,BETTERPOL1F1B_W36,3,"0.191563,0.303735,0.504702"
RELIGxPOLPARTY,RELIGxPOLPARTY :: Protestant | Republican,BETTERPOL1F1B_W36,3,"0.197100,0.330081,0.472819"
RELIGxPOLPARTY,RELIGxPOLPARTY :: Roman Catholic | Democrat,BETTERPOL1F1B_W36,3,"0.177788,0.342695,0.479517"
RELIGxPOLPARTY,RELIGxPOLPARTY :: Roman Catholic | Independent,BETTERPOL1F1B_W36,3,"0.178719,0.316121,0.505160"
RELIGxPOLPARTY,RELIGxPOLPARTY :: Roman Catholic | Other,BETTERPOL1F1B_W36,3,"0.187987,0.288894,0.523119"
RELIGxPOLPARTY,RELIGxPOLPARTY :: Roman Catholic | Republican,BETTERPOL1F1B_W36,3,"0.188536,0.310843,0.500621"
RELIGxPOLPARTY,RELIGxPOLPARTY :: Agnostic | Democrat,BETTERPOL1F1F_W36,3,"0.341240,0.301143,0.357617"
RELIGxPOLPARTY,RELIGxPOLPARTY :: Agnostic | Independent,BETTERPOL1F1F_W36,3,"0.305764,0.282786,0.411450"
RELIGxPOLPARTY,RELIGxPOLPARTY :: Agnostic | Other,BETTERPOL1F1F_W36,3,"0.283876,0.273001,0.443124"
RELIGxPOLPARTY,RELIGxPOLPARTY :: Atheist | Democrat,BETTERPOL1F1F_W36,3,"0.313723,0.313723,0.372555"
RELIGxPOLPARTY,RELIGxPOLPARTY :: Atheist | Independent,BETTERPOL1F1F_W36,3,"0.296756,0.294446,0.408798"
RELIGxPOLPARTY,RELIGxPOLPARTY :: Jewish | Democrat,BETTERPOL1F1F_W36,3,"0.310056,0.310056,0.379888"
RELIGxPOLPARTY,RELIGxPOLPARTY :: Jewish | Independent,BETTERPOL1F1F_W36,3,"0.294940,0.285866,0.419194"
RELIGxPOLPARTY,RELIGxPOLPARTY :: Mormon | Republican,BETTERPOL1F1F_W36,3,"0.351697,0.282596,0.365707"
RELIGxPOLPARTY,RELIGxPOLPARTY :: Nothing in particular | Democrat,BETTERPOL1F1F_W36,3,"0.295386,0.297703,0.406911"
RELIGxPOLPARTY,RELIGxPOLPARTY :: Nothing in particular | Independent,BETTERPOL1F1F_W36,3,"0.275988,0.265415,0.458596"
RELIGxPOLPARTY,RELIGxPOLPARTY :: Nothing in particular | Other,BETTERPOL1F1F_W36,3,"0.257540,0.257540,0.484921"
RELIGxPOLPARTY,RELIGxPOLPARTY :: Nothing in particular | Republican,BETTERPOL1F1F_W36,3,"0.305451,0.280297,0.414252"
RELIGxPOLPARTY,RELIGxPOLPARTY :: Other | Democrat,BETTERPOL1F1F_W36,3,"0.301477,0.299131,0.399392"
RELIGxPOLPARTY,RELIGxPOLPARTY :: Other | Independent,BETTERPOL1F1F_W36,3,"0.286452,0.273335,0.440213"
RELIGxPOLPARTY,RELIGxPOLPARTY :: Protestant | Democrat,BETTERPOL1F1F_W36,3,"0.325084,0.315082,0.359835"
RELIGxPOLPARTY,RELIGxPOLPARTY :: Protestant | Independent,BETTERPOL1F1F_W36,3,"0.319379,0.295377,0.385244"
RELIGxPOLPARTY,RELIGxPOLPARTY :: Protestant | Other,BETTERPOL1F1F_W36,3,"0.298117,0.291211,0.410673"
RELIGxPOLPARTY,RELIGxPOLPARTY :: Protestant | Republican,BETTERPOL1F1F_W36,3,"0.356243,0.293037,0.350720"
RELIGxPOLPARTY,RELIGxPOLPARTY :: Roman Catholic | Democrat,BETTERPOL1F1F_W36,3,"0.328521,0.313477,0.358002"
RELIGxPOLPARTY,RELIGxPOLPARTY :: Roman Catholic | Independent,BETTERPOL1F1F_W36,3,"0.310000,0.298124,0.391876"
RELIGxPOLPARTY,RELIGxPOLPARTY :: Roman Catholic | Other,BETTERPOL1F1F_W36,3,"0.293318,0.286523,0.420159"
RELIGxPOLPARTY,RELIGxPOLPARTY :: Roman Catholic | Republican,BETTERPOL1F1F_W36,3,"0.360477,0.287397,0.352126"
RELIGxPOLPARTY,RELIGxPOLPARTY :: Agnostic | Democrat,BETTERPOL1F1H_W36,3,"0.263448,0.325315,0.411237"
RELIGxPOLPARTY,RELIGxPOLPARTY :: Agnostic | Independent,BETTERPOL1F1H_W36,3,"0.232338,0.298327,0.469335"
RELIGxPOLPARTY,RELIGxPOLPARTY :: Agnostic | Other,BETTERPOL1F1H_W36,3,"0.230297,0.282165,0.487538"
RELIGxPOLPARTY,RELIGxPOLPARTY :: Atheist | Democrat,BETTERPOL1F1H_W36,3,"0.243581,0.335548,0.420871"
RELIGxPOLPARTY,RELIGxPOLPARTY :: Atheist | Independent,BETTERPOL1F1H_W36,3,"0.227651,0.316061,0.456288"
RELIGxPOLPARTY,RELIGxPOLPARTY :: Jewish | Democrat,BETTERPOL1F1H_W36,3,"0.238145,0.330631,0.431224"
RELIGxPOLPARTY,RELIGxPOLPARTY :: Jewish | Independent,BETTERPOL1F1H_W36,3,"0.234337,0.303255,0.462408"
RELIGxPOLPARTY,RELIGxPOLPARTY :: Mormon | Republican,BETTERPOL1F1H_W36,3,"0.265213,0.307653,0.427134"
RELIGxPOLPARTY,RELIGxPOLPARTY :: Nothing in particular | Democrat,BETTERPOL1F1H_W36,3,"0.243369,0.312491,0.444140"
RELIGxPOLPARTY,RELIGxPOLPARTY :: Nothing in particular | Independent,BETTERPOL1F1H_W36,3,"0.220383,0.282977,0.496640"
RELIGxPOLPARTY,RELIGxPOLPARTY :: Nothing in particular | Other,BETTERPOL1F1H_W36,3,"0.216683,0.267567,0.515750"
RELIGxPOLPARTY,RELIGxPOLPARTY :: Nothing in particular | Republican,BETTERPOL1F1H_W36,3,"0.248644,0.297588,0.453768"
RELIGxPOLPARTY,RELIGxPOLPARTY :: Other | Democrat,BETTERPOL1F1H_W36,3,"0.244213,0.313575,0.442212"
RELIGxPOLPARTY,RELIGxPOLPARTY :: Other | Independent,BETTERPOL1F1H_W36,3,"0.229631,0.288022,0.482346"
RELIGxPOLPARTY,RELIGxPOLPARTY :: Protestant | Democrat,BETTERPOL1F1H_W36,3,"0.247279,0.335360,0.417362"
RELIGxPOLPARTY,RELIGxPOLPARTY :: Protestant | Independent,BETTERPOL1F1H_W36,3,"0.250027,0.311163,0.438810"
RELIGxPOLPARTY,RELIGxPOLPARTY :: Protestant | Other,BETTERPOL1F1H_W36,3,"0.247484,0.300865,0.451651"
RELIGxPOLPARTY,RELIGxPOLPARTY :: Protestant | Republican,BETTERPOL1F1H_W36,3,"0.268304,0.316139,0.415557"
RELIGxPOLPARTY,RELIGxPOLPARTY :: Roman Catholic | Democrat,BETTERPOL1F1H_W36,3,"0.240370,0.331124,0.428506"
RELIGxPOLPARTY,RELIGxPOLPARTY :: Roman Catholic | Independent,BETTERPOL1F1H_W36,3,"0.242847,0.306987,0.450167"
RELIGxPOLPARTY,RELIGxPOLPARTY :: Roman Catholic | Other,BETTERPOL1F1H_W36,3,"0.243345,0.291246,0.465409"
RELIGxPOLPARTY,RELIGxPOLPARTY :: Roman Catholic | Republican,BETTERPOL1F1H_W36,3,"0.265850,0.305991,0.428159"
RELIGxPOLPARTY,RELIGxPOLPARTY :: Agnostic | Democrat,BETTERPOL2F1F_W36,3,"0.273136,0.258600,0.468264"
RELIGxPOLPARTY,RELIGxPOLPARTY :: Agnostic | Independent,BETTERPOL2F1F_W36,3,"0.214870,0.223429,0.561701"
RELIGxPOLPARTY,RELIGxPOLPARTY :: Agnostic | Other,BETTERPOL2F1F_W36,3,"0.217208,0.210525,0.572267"
RELIGxPOLPARTY,RELIGxPOLPARTY :: Atheist | Democrat,BETTERPOL2F1F_W36,3,"0.245818,0.257615,0.496567"
RELIGxPOLPARTY,RELIGxPOLPARTY :: Atheist | Independent,BETTERPOL2F1F_W36,3,"0.212060,0.242180,0.545761"
RELIGxPOLPARTY,RELIGxPOLPARTY :: Jewish | Democrat,BETTERPOL2F1F_W36,3,"0.243907,0.247748,0.508345"
RELIGxPOLPARTY,RELIGxPOLPARTY :: Jewish | Independent,BETTERPOL2F1F_W36,3,"0.217476,0.231502,0.551022"
RELIGxPOLPARTY,RELIGxPOLPARTY :: Mormon | Republican,BETTERPOL2F1F_W36,3,"0.262593,0.239093,0.498314"
RELIGxPOLPARTY,RELIGxPOLPARTY :: Nothing in particular | Democrat,BETTERPOL2F1F_W36,3,"0.243734,0.236235,0.520031"
RELIGxPOLPARTY,RELIGxPOLPARTY :: Nothing in particular | Independent,BETTERPOL2F1F_W36,3,"0.197775,0.197775,0.604450"
RELIGxPOLPARTY,RELIGxPOLPARTY :: Nothing in particular | Other,BETTERPOL2F1F_W36,3,"0.194637,0.191620,0.613743"
RELIGxPOLPARTY,RELIGxPOLPARTY :: Nothing in particular | Republican,BETTERPOL2F1F_W36,3,"0.238912,0.222691,0.538397"
RELIGxPOLPARTY,RELIGxPOLPARTY :: Other | Democrat,BETTERPOL2F1F_W36,3,"0.249235,0.247296,0.503469"
RELIGxPOLPARTY,RELIGxPOLPARTY :: Other | Independent,BETTERPOL2F1F_W36,3,"0.211106,0.219515,0.569379"
RELIGxPOLPARTY,RELIGxPOLPARTY :: Protestant | Democrat,BETTERPOL2F1F_W36,3,"0.251538,0.263610,0.484852"
RELIGxPOLPARTY,RELIGxPOLPARTY :: Protestant | Independent,BETTERPOL2F1F_W36,3,"0.233509,0.256460,0.510031"
RELIGxPOLPARTY,RELIGxPOLPARTY :: Protestant | Other,BETTERPOL2F1F_W36,3,"0.236284,0.247624,0.516092"
RELIGxPOLPARTY,RELIGxPOLPARTY :: Protestant | Republican,BETTERPOL2F1F_W36,3,"0.266604,0.254395,0.479001"
RELIGxPOLPARTY,RELIGxPOLPARTY :: Roman Catholic | Democrat,BETTERPOL2F1F_W36,3,"0.240076,0.247697,0.512227"
RELIGxPOLPARTY,RELIGxPOLPARTY :: Roman Catholic | Independent,BETTERPOL2F1F_W36,3,"0.224271,0.250193,0.525536"
RELIGxPOLPARTY,RELIGxPOLPARTY :: Roman Catholic | Other,BETTERPOL2F1F_W36,3,"0.231336,0.234979,0.533686"
RELIGxPOLPARTY,RELIGxPOLPARTY :: Roman Catholic | Republican,BETTERPOL2F1F_W36,3,"0.260389,0.229793,0.509818"
RELIGxPOLPARTY,RELIGxPOLPARTY :: Agnostic | Democrat,BOYSF1B_W29,3,"0.223853,0.313227,0.462920"
RELIGxPOLPARTY,RELIGxPOLPARTY :: Agnostic | Independent,BOYSF1B_W29,3,"0.197873,0.316199,0.485928"
RELIGxPOLPARTY,RELIGxPOLPARTY :: Agnostic | Other,BOYSF1B_W29,3,"0.211498,0.330143,0.458359"
RELIGxPOLPARTY,RELIGxPOLPARTY :: Atheist | Democrat,BOYSF1B_W29,3,"0.201462,0.337386,0.461152"
RELIGxPOLPARTY,RELIGxPOLPARTY :: Atheist | Independent,BOYSF1B_W29,3,"0.185247,0.315117,0.499636"
RELIGxPOLPARTY,RELIGxPOLPARTY :: Atheist | Other,BOYSF1B_W29,3,"0.198114,0.326635,0.475251"
RELIGxPOLPARTY,RELIGxPOLPARTY :: Jewish | Democrat,BOYSF1B_W29,3,"0.197140,0.322499,0.480361"
RELIGxPOLPARTY,RELIGxPOLPARTY :: Mormon | Independent,BOYSF1B_W29,3,"0.197518,0.305922,0.496560"
RELIGxPOLPARTY,RELIGxPOLPARTY :: Mormon | Republican,BOYSF1B_W29,3,"0.216551,0.303009,0.480440"
RELIGxPOLPARTY,RELIGxPOLPARTY :: Nothing in particular | Democrat,BOYSF1B_W29,3,"0.209023,0.316242,0.474735"
RELIGxPOLPARTY,RELIGxPOLPARTY :: Nothing in particular | Independent,BOYSF1B_W29,3,"0.177556,0.288202,0.534242"
RELIGxPOLPARTY,RELIGxPOLPARTY :: Nothing in particular | Other,BOYSF1B_W29,3,"0.190651,0.307049,0.502299"
RELIGxPOLPARTY,RELIGxPOLPARTY :: Nothing in particular | Republican,BOYSF1B_W29,3,"0.213968,0.311322,0.474710"
RELIGxPOLPARTY,RELIGxPOLPARTY :: Other | Democrat,BOYSF1B_W29,3,"0.215084,0.333128,0.451788"
RELIGxPOLPARTY,RELIGxPOLPARTY :: Other | Independent,BOYSF1B_W29,3,"0.193829,0.307328,0.498843"
RELIGxPOLPARTY,RELIGxPOLPARTY :: Protestant | Democrat,BOYSF1B_W29,3,"0.192202,0.332095,0.475704"
RELIGxPOLPARTY,RELIGxPOLPARTY :: Protestant | Independent,BOYSF1B_W29,3,"0.189903,0.305844,0.504252"
RELIGxPOLPARTY,RELIGxPOLPARTY :: Protestant | Other,BOYSF1B_W29,3,"0.200625,0.318102,0.481273"
RELIGxPOLPARTY,RELIGxPOLPARTY :: Protestant | Republican,BOYSF1B_W29,3,"0.203142,0.317100,0.479758"
RELIGxPOLPARTY,RELIGxPOLPARTY :: Roman Catholic | Democrat,BOYSF1B_W29,3,"0.188797,0.336567,0.474636"
RELIGxPOLPARTY,RELIGxPOLPARTY :: Roman Catholic | Independent,BOYSF1B_W29,3,"0.192427,0.312340,0.495233"
RELIGxPOLPARTY,RELIGxPOLPARTY :: Roman Catholic | Other,BOYSF1B_W29,3,"0.205666,0.323559,0.470775"
RELIGxPOLPARTY,RELIGxPOLPARTY :: Roman Catholic | Republican,BOYSF1B_W29,3,"0.198847,0.312831,0.488322"
RELIGxPOLPARTY,RELIGxPOLPARTY :: Agnostic | Democrat,CANDEXP_W92,4,"0.392438,0.234336,0.200438,0.172788"
RELIGxPOLPARTY,RELIGxPOLPARTY :: Agnostic | Independent,CANDEXP_W92,4,"0.364498,0.246632,0.212610,0.176260"
RELIGxPOLPARTY,RELIGxPOLPARTY :: Agnostic | Other,CANDEXP_W92,4,"0.337699,0.249004,0.239465,0.173833"
RELIGxPOLPARTY,RELIGxPOLPARTY :: Agnostic | Republican,CANDEXP_W92,4,"0.358071,0.225833,0.207236,0.208861"
RELIGxPOLPARTY,RELIGxPOLPARTY :: Atheist | Democrat,CANDEXP_W92,4,"0.336690,0.270538,0.220807,0.171965"
RELIGxPOLPARTY,RELIGxPOLPARTY :: Atheist | Independent,CANDEXP_W92,4,"0.347973,0.277428,0.217756,0.156844"
RELIGxPOLPARTY,RELIGxPOLPARTY :: Atheist | Other,CANDEXP_W92,4,"0.319034,0.277182,0.244612,0.159172"
RELIGxPOLPARTY,RELIGxPOLPARTY :: Buddhist | Democrat,CANDEXP_W92,4,"0.330357,0.267531,0.225284,0.176827"
RELIGxPOLPARTY,RELIGxPOLPARTY :: Jewish | Democrat,CANDEXP_W92,4,"0.324402,0.260665,0.221223,0.193710"
RELIGxPOLPARTY,RELIGxPOLPARTY :: Jewish | Independent,CANDEXP_W92,4,"0.328865,0.268411,0.222521,0.180203"
RELIGxPOLPARTY,RELIGxPOLPARTY :: Jewish | Republican,CANDEXP_W92,4,"0.323070,0.249649,0.220315,0.206966"
RELIGxPOLPARTY,RELIGxPOLPARTY :: Mormon | Independent,CANDEXP_W92,4,"0.339583,0.266542,0.224451,0.169424"
RELIGxPOLPARTY,RELIGxPOLPARTY :: Mormon | Republican,CANDEXP_W92,4,"0.348225,0.246928,0.221345,0.183502"
RELIGxPOLPARTY,RELIGxPOLPARTY :: Nothing in particular | Democrat,CANDEXP_W92,4,"0.313880,0.283567,0.227852,0.174701"
RELIGxPOLPARTY,RELIGxPOLPARTY :: Nothing in particular | Independent,CANDEXP_W92,4,"0.316853,0.290760,0.231814,0.160573"
RELIGxPOLPARTY,RELIGxPOLPARTY :: Nothing in particular | Other,CANDEXP_W92,4,"0.298360,0.296038,0.253215,0.152387"
RELIGxPOLPARTY,RELIGxPOLPARTY :: Nothing in particular | Republican,CANDEXP_W92,4,"0.313313,0.267990,0.225671,0.193026"
RELIGxPOLPARTY,RELIGxPOLPARTY :: Other | Democrat,CANDEXP_W92,4,"0.317692,0.276015,0.225277,0.181015"
RELIGxPOLPARTY,RELIGxPOLPARTY :: Other | Independent,CANDEXP_W92,4,"0.326071,0.278903,0.225863,0.169163"
RELIGxPOLPARTY,RELIGxPOLPARTY :: Other | Other,CANDEXP_W92,4,"0.315362,0.284906,0.239915,0.159818"
RELIGxPOLPARTY,RELIGxPOLPARTY :: Protestant | Democrat,CANDEXP_W92,4,"0.339219,0.268345,0.212278,0.180158"
RELIGxPOLPARTY,RELIGxPOLPARTY :: Protestant | Independent,CANDEXP_W92,4,"0.352281,0.268001,0.212007,0.167711"
RELIGxPOLPARTY,RELIGxPOLPARTY :: Protestant | Other,CANDEXP_W92,4,"0.329377,0.268830,0.233563,0.168229"
RELIGxPOLPARTY,RELIGxPOLPARTY :: Protestant | Refused,CANDEXP_W92,4,"0.335195,0.255003,0.204901,0.204901"
RELIGxPOLPARTY,RELIGxPOLPARTY :: Protestant | Republican,CANDEXP_W92,4,"0.361626,0.246607,0.199709,0.192058"
RELIGxPOLPARTY,RELIGxPOLPARTY :: Roman Catholic | Democrat,CANDEXP_W92,4,"0.373225,0.260553,0.196676,0.169545"
RELIGxPOLPARTY,RELIGxPOLPARTY :: Roman Catholic | Independent,CANDEXP_W92,4,"0.361403,0.266482,0.202729,0.169386"
RELIGxPOLPARTY,RELIGxPOLPARTY :: Roman Catholic | Other,CANDEXP_W92,4,"0.346147,0.263335,0.227009,0.163508"
RELIGxPOLPARTY,RELIGxPOLPARTY :: Roman Catholic | Republican,CANDEXP_W92,4,"0.406697,0.233546,0.173557,0.186199"
RELIGxPOLPARTY,RELIGxPOLPARTY :: Agnostic | Democrat,CAREGIV6B_W27,2,"0.798187,0.201813"
RELIGxPOLPARTY,RELIGxPOLPARTY :: Agnostic | Independent,CAREGIV6B_W27,2,"0.759225,0.240775"
RELIGxPOLPARTY,RELIGxPOLPARTY :: Agnostic | Other,CAREGIV6B_W27,2,"0.712232,0.287768"
RELIGxPOLPARTY,RELIGxPOLPARTY :: Atheist | Democrat,CAREGIV6B_W27,2,"0.753467,0.246533"
RELIGxPOLPARTY,RELIGxPOLPARTY :: Atheist | Independent,CAREGIV6B_W27,2,"0.744656,0.255344"
RELIGxPOLPARTY,RELIGxPOLPARTY :: Atheist | Other,CAREGIV6B_W27,2,"0.705785,0.294215"
RELIGxPOLPARTY,RELIGxPOLPARTY :: Jewish | Democrat,CAREGIV6B_W27,2,"0.766294,0.233706"
RELIGxPOLPARTY,RELIGxPOLPARTY :: Mormon | Republican,CAREGIV6B_W27,2,"0.763484,0.236516"
RELIGxPOLPARTY,RELIGxPOLPARTY :: Nothing in particular | Democrat,CAREGIV6B_W27,2,"0.731059,0.268941"
RELIGxPOLPARTY,RELIGxPOLPARTY :: Nothing in particular | Independent,CAREGIV6B_W27,2,"0.735642,0.264358"
RELIGxPOLPARTY,RELIGxPOLPARTY :: Nothing in particular | Other,CAREGIV6B_W27,2,"0.692642,0.307358"
RELIGxPOLPARTY,RELIGxPOLPARTY :: Nothing in particular | Republican,CAREGIV6B_W27,2,"0.712232,0.287768"
RELIGxPOLPARTY,RELIGxPOLPARTY :: Other | Democrat,CAREGIV6B_W27,2,"0.712232,0.287768"
RELIGxPOLPARTY,RELIGxPOLPARTY :: Other | Independent,CAREGIV6B_W27,2,"0.723310,0.276691"
RELIGxPOLPARTY,RELIGxPOLPARTY :: Protestant | Democrat,CAREGIV6B_W27,2,"0.746139,0.253861"
RELIGxPOLPARTY,RELIGxPOLPARTY :: Protestant | Independent,CAREGIV6B_W27,2,"0.735642,0.264358"
RELIGxPOLPARTY,RELIGxPOLPARTY :: Protestant | Other,CAREGIV6B_W27,2,"0.692642,0.307358"
RELIGxPOLPARTY,RELIGxPOLPARTY :: Protestant | Republican,CAREGIV6B_W27,2,"0.746139,0.253861"
RELIGxPOLPARTY,RELIGxPOLPARTY :: Roman Catholic | Democrat,CAREGIV6B_W27,2,"0.766294,0.233706"
RELIGxPOLPARTY,RELIGxPOLPARTY :: Roman Catholic | Independent,CAREGIV6B_W27,2,"0.723310,0.276691"
RELIGxPOLPARTY,RELIGxPOLPARTY :: Roman Catholic | Other,CAREGIV6B_W27,2,"0.675765,0.324235"
RELIGxPOLPARTY,RELIGxPOLPARTY :: Roman Catholic | Republican,CAREGIV6B_W27,2,"0.764892,0.235108"
RELIGxPOLPARTY,RELIGxPOLPARTY :: Agnostic | Democrat,CAREGIV6E_W27,2,"0.888759,0.111241"
RELIGxPOLPARTY,RELIGxPOLPARTY :: Agnostic | Independent,CAREGIV6E_W27,2,"0.871475,0.128525"
RELIGxPOLPARTY,RELIGxPOLPARTY :: Agnostic | Other,CAREGIV6E_W27,2,"0.833325,0.166675"
RELIGxPOLPARTY,RELIGxPOLPARTY :: Atheist | Democrat,CAREGIV6E_W27,2,"0.852935,0.147065"
RELIGxPOLPARTY,RELIGxPOLPARTY :: Atheist | Independent,CAREGIV6E_W27,2,"0.846958,0.153042"
RELIGxPOLPARTY,RELIGxPOLPARTY :: Atheist | Other,CAREGIV6E_W27,2,"0.810479,0.189521"
RELIGxPOLPARTY,RELIGxPOLPARTY :: Jewish | Democrat,CAREGIV6E_W27,2,"0.863392,0.136608"
RELIGxPOLPARTY,RELIGxPOLPARTY :: Mormon | Republican,CAREGIV6E_W27,2,"0.854885,0.145115"
RELIGxPOLPARTY,RELIGxPOLPARTY :: Nothing in particular | Democrat,CAREGIV6E_W27,2,"0.827828,0.172172"
RELIGxPOLPARTY,RELIGxPOLPARTY :: Nothing in particular | Independent,CAREGIV6E_W27,2,"0.846958,0.153042"
RELIGxPOLPARTY,RELIGxPOLPARTY :: Nothing in particular | Other,CAREGIV6E_W27,2,"0.799442,0.200558"
RELIGxPOLPARTY,RELIGxPOLPARTY :: Nothing in particular | Republican,CAREGIV6E_W27,2,"0.808067,0.191933"
RELIGxPOLPARTY,RELIGxPOLPARTY :: Other | Democrat,CAREGIV6E_W27,2,"0.814053,0.185947"
RELIGxPOLPARTY,RELIGxPOLPARTY :: Other | Independent,CAREGIV6E_W27,2,"0.828939,0.171061"
RELIGxPOLPARTY,RELIGxPOLPARTY :: Protestant | Democrat,CAREGIV6E_W27,2,"0.850965,0.149035"
RELIGxPOLPARTY,RELIGxPOLPARTY :: Protestant | Independent,CAREGIV6E_W27,2,"0.840783,0.159217"
RELIGxPOLPARTY,RELIGxPOLPARTY :: Protestant | Other,CAREGIV6E_W27,2,"0.795658,0.204342"
RELIGxPOLPARTY,RELIGxPOLPARTY :: Protestant | Republican,CAREGIV6E_W27,2,"0.840783,0.159217"
RELIGxPOLPARTY,RELIGxPOLPARTY :: Roman Catholic | Democrat,CAREGIV6E_W27,2,"0.867036,0.132964"
RELIGxPOLPARTY,RELIGxPOLPARTY :: Roman Catholic | Independent,CAREGIV6E_W27,2,"0.824462,0.175538"
RELIGxPOLPARTY,RELIGxPOLPARTY :: Roman Catholic | Other,CAREGIV6E_W27,2,"0.775945,0.224055"
RELIGxPOLPARTY,RELIGxPOLPARTY :: Roman Catholic | Republican,CAREGIV6E_W27,2,"0.857768,0.142232"
RELIGxPOLPARTY,RELIGxPOLPARTY :: Agnostic | Democrat,CAREREL_W27,5,"0.368098,0.119504,0.096777,0.098301,0.317320"
RELIGxPOLPARTY,RELIGxPOLPARTY :: Agnostic | Independent,CAREREL_W27,5,"0.347679,0.135093,0.089291,0.093577,0.334360"
RELIGxPOLPARTY,RELIGxPOLPARTY :: Agnostic | Other,CAREREL_W27,5,"0.293801,0.134512,0.132427,0.108931,0.330329"
RELIGxPOLPARTY,RELIGxPOLPARTY :: Atheist | Democrat,CAREREL_W27,5,"0.340075,0.145126,0.098197,0.104531,0.312071"
RELIGxPOLPARTY,RELIGxPOLPARTY :: Atheist | Independent,CAREREL_W27,5,"0.335945,0.150244,0.084940,0.087636,0.341235"
RELIGxPOLPARTY,RELIGxPOLPARTY :: Atheist | Other,CAREREL_W27,5,"0.291038,0.154569,0.123233,0.101369,0.329790"
RELIGxPOLPARTY,RELIGxPOLPARTY :: Jewish | Democrat,CAREREL_W27,5,"0.316148,0.129747,0.094186,0.115399,0.344519"
RELIGxPOLPARTY,RELIGxPOLPARTY :: Mormon | Republican,CAREREL_W27,5,"0.239386,0.116667,0.066996,0.104580,0.472371"
RELIGxPOLPARTY,RELIGxPOLPARTY :: Nothing in particular | Democrat,CAREREL_W27,5,"0.312314,0.142988,0.098274,0.111359,0.335064"
RELIGxPOLPARTY,RELIGxPOLPARTY :: Nothing in particular | Independent,CAREREL_W27,5,"0.311941,0.147350,0.079490,0.090780,0.370439"
RELIGxPOLPARTY,RELIGxPOLPARTY :: Nothing in particular | Other,CAREREL_W27,5,"0.259895,0.150416,0.118989,0.104190,0.366511"
RELIGxPOLPARTY,RELIGxPOLPARTY :: Nothing in particular | Republican,CAREREL_W27,5,"0.271764,0.140989,0.082883,0.108948,0.395415"
RELIGxPOLPARTY,RELIGxPOLPARTY :: Other | Democrat,CAREREL_W27,5,"0.302124,0.141603,0.096565,0.114673,0.345036"
RELIGxPOLPARTY,RELIGxPOLPARTY :: Other | Independent,CAREREL_W27,5,"0.304096,0.147051,0.080578,0.095688,0.372587"
RELIGxPOLPARTY,RELIGxPOLPARTY :: Protestant | Democrat,CAREREL_W27,5,"0.305227,0.137577,0.090933,0.114950,0.351314"
RELIGxPOLPARTY,RELIGxPOLPARTY :: Protestant | Independent,CAREREL_W27,5,"0.306913,0.151933,0.085895,0.102003,0.353255"
RELIGxPOLPARTY,RELIGxPOLPARTY :: Protestant | Other,CAREREL_W27,5,"0.264610,0.150770,0.130991,0.116506,0.337122"
RELIGxPOLPARTY,RELIGxPOLPARTY :: Protestant | Republican,CAREREL_W27,5,"0.273642,0.127255,0.075396,0.109701,0.414006"
RELIGxPOLPARTY,RELIGxPOLPARTY :: Roman Catholic | Democrat,CAREREL_W27,5,"0.327627,0.125329,0.082193,0.110602,0.354250"
RELIGxPOLPARTY,RELIGxPOLPARTY :: Roman Catholic | Independent,CAREREL_W27,5,"0.329853,0.153396,0.084713,0.102184,0.329853"
RELIGxPOLPARTY,RELIGxPOLPARTY :: Roman Catholic | Other,CAREREL_W27,5,"0.277461,0.149679,0.134171,0.119334,0.319355"
RELIGxPOLPARTY,RELIGxPOLPARTY :: Roman Catholic | Republican,CAREREL_W27,5,"0.292156,0.114410,0.064178,0.104171,0.425085"
RELIGxPOLPARTY,RELIGxPOLPARTY :: Agnostic | Democrat,CARS10E_W27,2,"0.941654,0.058346"
RELIGxPOLPARTY,RELIGxPOLPARTY :: Agnostic | Independent,CARS10E_W27,2,"0.943764,0.056236"
RELIGxPOLPARTY,RELIGxPOLPARTY :: Agnostic | Other,CARS10E_W27,2,"0.924142,0.075858"
RELIGxPOLPARTY,RELIGxPOLPARTY :: Atheist | Democrat,CARS10E_W27,2,"0.925230,0.074770"
RELIGxPOLPARTY,RELIGxPOLPARTY :: Atheist | Independent,CARS10E_W27,2,"0.928409,0.071591"
RELIGxPOLPARTY,RELIGxPOLPARTY :: Atheist | Other,CARS10E_W27,2,"0.907312,0.092688"
RELIGxPOLPARTY,RELIGxPOLPARTY :: Jewish | Democrat,CARS10E_W27,2,"0.939471,0.060529"
RELIGxPOLPARTY,RELIGxPOLPARTY :: Mormon | Republican,CARS10E_W27,2,"0.939913,0.060087"
RELIGxPOLPARTY,RELIGxPOLPARTY :: Nothing in particular | Democrat,CARS10E_W27,2,"0.903975,0.096025"
RELIGxPOLPARTY,RELIGxPOLPARTY :: Nothing in particular | Independent,CARS10E_W27,2,"0.928926,0.071074"
RELIGxPOLPARTY,RELIGxPOLPARTY :: Nothing in particular | Other,CARS10E_W27,2,"0.901921,0.098079"
RELIGxPOLPARTY,RELIGxPOLPARTY :: Nothing in particular | Republican,CARS10E_W27,2,"0.895523,0.104477"
RELIGxPOLPARTY,RELIGxPOLPARTY :: Other | Democrat,CARS10E_W27,2,"0.896251,0.103749"
RELIGxPOLPARTY,RELIGxPOLPARTY :: Other | Independent,CARS10E_W27,2,"0.918480,0.081520"
RELIGxPOLPARTY,RELIGxPOLPARTY :: Protestant | Democrat,CARS10E_W27,2,"0.935346,0.064653"
RELIGxPOLPARTY,RELIGxPOLPARTY :: Protestant | Independent,CARS10E_W27,2,"0.921358,0.078642"
RELIGxPOLPARTY,RELIGxPOLPARTY :: Protestant | Other,CARS10E_W27,2,"0.893309,0.106691"
RELIGxPOLPARTY,RELIGxPOLPARTY :: Protestant | Republican,CARS10E_W27,2,"0.932453,0.067547"
RELIGxPOLPARTY,RELIGxPOLPARTY :: Roman Catholic | Democrat,CARS10E_W27,2,"0.948537,0.051463"
RELIGxPOLPARTY,RELIGxPOLPARTY :: Roman Catholic | Independent,CARS10E_W27,2,"0.913677,0.086323"
RELIGxPOLPARTY,RELIGxPOLPARTY :: Roman Catholic | Other,CARS10E_W27,2,"0.877477,0.122523"
RELIGxPOLPARTY,RELIGxPOLPARTY :: Roman Catholic | Republican,CARS10E_W27,2,"0.942929,0.057071"
RELIGxPOLPARTY,RELIGxPOLPARTY :: Agnostic | Democrat,CARS1_W27,3,"0.464206,0.342284,0.193510"
RELIGxPOLPARTY,RELIGxPOLPARTY :: Agnostic | Independent,CARS1_W27,3,"0.442026,0.352414,0.205561"
RELIGxPOLPARTY,RELIGxPOLPARTY :: Agnostic | Other,CARS1_W27,3,"0.404752,0.362818,0.232430"
RELIGxPOLPARTY,RELIGxPOLPARTY :: Atheist | Democrat,CARS1_W27,3,"0.397630,0.407060,0.195310"
RELIGxPOLPARTY,RELIGxPOLPARTY :: Atheist | Independent,CARS1_W27,3,"0.431771,0.375129,0.193100"
RELIGxPOLPARTY,RELIGxPOLPARTY :: Atheist | Other,CARS1_W27,3,"0.392472,0.392472,0.215057"
RELIGxPOLPARTY,RELIGxPOLPARTY :: Jewish | Democrat,CARS1_W27,3,"0.394561,0.403917,0.201522"
RELIGxPOLPARTY,RELIGxPOLPARTY :: Mormon | Republican,CARS1_W27,3,"0.462263,0.343525,0.194211"
RELIGxPOLPARTY,RELIGxPOLPARTY :: Nothing in particular | Democrat,CARS1_W27,3,"0.388964,0.404459,0.206577"
RELIGxPOLPARTY,RELIGxPOLPARTY :: Nothing in particular | Independent,CARS1_W27,3,"0.412729,0.393829,0.193442"
RELIGxPOLPARTY,RELIGxPOLPARTY :: Nothing in particular | Other,CARS1_W27,3,"0.383850,0.399141,0.217009"
RELIGxPOLPARTY,RELIGxPOLPARTY :: Nothing in particular | Republican,CARS1_W27,3,"0.414047,0.371149,0.214805"
RELIGxPOLPARTY,RELIGxPOLPARTY :: Other | Democrat,CARS1_W27,3,"0.391267,0.394336,0.214397"
RELIGxPOLPARTY,RELIGxPOLPARTY :: Other | Independent,CARS1_W27,3,"0.420175,0.376642,0.203183"
RELIGxPOLPARTY,RELIGxPOLPARTY :: Protestant | Democrat,CARS1_W27,3,"0.402646,0.402646,0.194707"
RELIGxPOLPARTY,RELIGxPOLPARTY :: Protestant | Independent,CARS1_W27,3,"0.429803,0.373419,0.196778"
RELIGxPOLPARTY,RELIGxPOLPARTY :: Protestant | Other,CARS1_W27,3,"0.399462,0.378203,0.222334"
RELIGxPOLPARTY,RELIGxPOLPARTY :: Protestant | Republican,CARS1_W27,3,"0.456023,0.352387,0.191590"
RELIGxPOLPARTY,RELIGxPOLPARTY :: Roman Catholic | Democrat,CARS1_W27,3,"0.429669,0.391218,0.179113"
RELIGxPOLPARTY,RELIGxPOLPARTY :: Roman Catholic | Independent,CARS1_W27,3,"0.435473,0.366705,0.197822"
RELIGxPOLPARTY,RELIGxPOLPARTY :: Roman Catholic | Other,CARS1_W27,3,"0.408389,0.366077,0.225534"
RELIGxPOLPARTY,RELIGxPOLPARTY :: Roman Catholic | Republican,CARS1_W27,3,"0.488530,0.333149,0.178322"
RELIGxPOLPARTY,RELIGxPOLPARTY :: Agnostic | Democrat,CARS5_W27,2,"0.692642,0.307358"
RELIGxPOLPARTY,RELIGxPOLPARTY :: Agnostic | Independent,CARS5_W27,2,"0.672332,0.327668"
RELIGxPOLPARTY,RELIGxPOLPARTY :: Agnostic | Other,CARS5_W27,2,"0.609524,0.390476"
RELIGxPOLPARTY,RELIGxPOLPARTY :: Atheist | Democrat,CARS5_W27,2,"0.654895,0.345105"
RELIGxPOLPARTY,RELIGxPOLPARTY :: Atheist | Independent,CARS5_W27,2,"0.667148,0.332852"
RELIGxPOLPARTY,RELIGxPOLPARTY :: Atheist | Other,CARS5_W27,2,"0.609524,0.390476"
RELIGxPOLPARTY,RELIGxPOLPARTY :: Jewish | Democrat,CARS5_W27,2,"0.640636,0.359364"
RELIGxPOLPARTY,RELIGxPOLPARTY :: Mormon | Republican,CARS5_W27,2,"0.620622,0.379378"
RELIGxPOLPARTY,RELIGxPOLPARTY :: Nothing in particular | Democrat,CARS5_W27,2,"0.626124,0.373876"
RELIGxPOLPARTY,RELIGxPOLPARTY :: Nothing in particular | Independent,CARS5_W27,2,"0.642432,0.357568"
RELIGxPOLPARTY,RELIGxPOLPARTY :: Nothing in particular | Other,CARS5_W27,2,"0.585101,0.414899"
RELIGxPOLPARTY,RELIGxPOLPARTY :: Nothing in particular | Republican,CARS5_W27,2,"0.583203,0.416797"
RELIGxPOLPARTY,RELIGxPOLPARTY :: Other | Democrat,CARS5_W27,2,"0.611382,0.388618"
RELIGxPOLPARTY,RELIGxPOLPARTY :: Other | Independent,CARS5_W27,2,"0.627951,0.372049"
RELIGxPOLPARTY,RELIGxPOLPARTY :: Protestant | Democrat,CARS5_W27,2,"0.607663,0.392337"
RELIGxPOLPARTY,RELIGxPOLPARTY :: Protestant | Independent,CARS5_W27,2,"0.620622,0.379378"
RELIGxPOLPARTY,RELIGxPOLPARTY :: Protestant | Other,CARS5_W27,2,"0.569853,0.430147"
RELIGxPOLPARTY,RELIGxPOLPARTY :: Protestant | Republican,CARS5_W27,2,"0.586996,0.413004"
RELIGxPOLPARTY,RELIGxPOLPARTY :: Roman Catholic | Democrat,CARS5_W27,2,"0.647798,0.352202"
RELIGxPOLPARTY,RELIGxPOLPARTY :: Roman Catholic | Independent,CARS5_W27,2,"0.635222,0.364778"
RELIGxPOLPARTY,RELIGxPOLPARTY :: Roman Catholic | Other,CARS5_W27,2,"0.577495,0.422505"
RELIGxPOLPARTY,RELIGxPOLPARTY :: Roman Catholic | Republican,CARS5_W27,2,"0.622459,0.377541"
RELIGxPOLPARTY,RELIGxPOLPARTY :: Agnostic | Democrat,CARS9B_W27,4,"0.311609,0.224444,0.279325,0.184622"
RELIGxPOLPARTY,RELIGxPOLPARTY :: Agnostic | Independent,CARS9B_W27,4,"0.240018,0.247637,0.317972,0.194373"
RELIGxPOLPARTY,RELIGxPOLPARTY :: Agnostic | Other,CARS9B_W27,4,"0.229650,0.231452,0.352921,0.185977"
RELIGxPOLPARTY,RELIGxPOLPARTY :: Atheist | Democrat,CARS9B_W27,4,"0.237578,0.250932,0.309860,0.201630"
RELIGxPOLPARTY,RELIGxPOLPARTY :: Atheist | Independent,CARS9B_W27,4,"0.219413,0.264663,0.319244,0.196681"
RELIGxPOLPARTY,RELIGxPOLPARTY :: Atheist | Other,CARS9B_W27,4,"0.205139,0.249386,0.357229,0.188246"
RELIGxPOLPARTY,RELIGxPOLPARTY :: Jewish | Democrat,CARS9B_W27,4,"0.222318,0.232988,0.313519,0.231175"
RELIGxPOLPARTY,RELIGxPOLPARTY :: Mormon | Republican,CARS9B_W27,4,"0.218461,0.230740,0.335725,0.215074"
RELIGxPOLPARTY,RELIGxPOLPARTY :: Nothing in particular | Democrat,CARS9B_W27,4,"0.239558,0.257008,0.312442,0.190992"
RELIGxPOLPARTY,RELIGxPOLPARTY :: Nothing in particular | Independent,CARS9B_W27,4,"0.204334,0.260328,0.344878,0.190460"
RELIGxPOLPARTY,RELIGxPOLPARTY :: Nothing in particular | Other,CARS9B_W27,4,"0.197748,0.251938,0.381170,0.169143"
RELIGxPOLPARTY,RELIGxPOLPARTY :: Nothing in particular | Republican,CARS9B_W27,4,"0.225789,0.247981,0.328522,0.197708"
RELIGxPOLPARTY,RELIGxPOLPARTY :: Other | Democrat,CARS9B_W27,4,"0.239102,0.252542,0.307013,0.201344"
RELIGxPOLPARTY,RELIGxPOLPARTY :: Other | Independent,CARS9B_W27,4,"0.208244,0.257147,0.332773,0.201837"
RELIGxPOLPARTY,RELIGxPOLPARTY :: Protestant | Democrat,CARS9B_W27,4,"0.217883,0.254731,0.314551,0.212836"
RELIGxPOLPARTY,RELIGxPOLPARTY :: Protestant | Independent,CARS9B_W27,4,"0.203960,0.253832,0.323391,0.218817"
RELIGxPOLPARTY,RELIGxPOLPARTY :: Protestant | Other,CARS9B_W27,4,"0.201642,0.245134,0.348406,0.204817"
RELIGxPOLPARTY,RELIGxPOLPARTY :: Protestant | Republican,CARS9B_W27,4,"0.213082,0.237710,0.322383,0.226825"
RELIGxPOLPARTY,RELIGxPOLPARTY :: Roman Catholic | Democrat,CARS9B_W27,4,"0.228236,0.248718,0.311962,0.211084"
RELIGxPOLPARTY,RELIGxPOLPARTY :: Roman Catholic | Independent,CARS9B_W27,4,"0.214306,0.254494,0.311813,0.219388"
RELIGxPOLPARTY,RELIGxPOLPARTY :: Roman Catholic | Other,CARS9B_W27,4,"0.212123,0.242252,0.341630,0.203996"
RELIGxPOLPARTY,RELIGxPOLPARTY :: Roman Catholic | Republican,CARS9B_W27,4,"0.231917,0.228321,0.309650,0.230112"
RELIGxPOLPARTY,RELIGxPOLPARTY :: Agnostic | Democrat,CNTRYFAIR_W92,2,"0.464902,0.535098"
RELIGxPOLPARTY,RELIGxPOLPARTY :: Agnostic | Independent,CNTRYFAIR_W92,2,"0.441673,0.558327"
RELIGxPOLPARTY,RELIGxPOLPARTY :: Agnostic | Other,CNTRYFAIR_W92,2,"0.426322,0.573678"
RELIGxPOLPARTY,RELIGxPOLPARTY :: Agnostic | Republican,CNTRYFAIR_W92,2,"0.399812,0.600188"
RELIGxPOLPARTY,RELIGxPOLPARTY :: Atheist | Democrat,CNTRYFAIR_W92,2,"0.405449,0.594551"
RELIGxPOLPARTY,RELIGxPOLPARTY :: Atheist | Independent,CNTRYFAIR_W92,2,"0.384912,0.615088"
RELIGxPOLPARTY,RELIGxPOLPARTY :: Atheist | Other,CNTRYFAIR_W92,2,"0.390476,0.609524"
RELIGxPOLPARTY,RELIGxPOLPARTY :: Buddhist | Democrat,CNTRYFAIR_W92,2,"0.409221,0.590779"
RELIGxPOLPARTY,RELIGxPOLPARTY :: Jewish | Democrat,CNTRYFAIR_W92,2,"0.394201,0.605799"
RELIGxPOLPARTY,RELIGxPOLPARTY :: Jewish | Independent,CNTRYFAIR_W92,2,"0.413004,0.586996"
RELIGxPOLPARTY,RELIGxPOLPARTY :: Jewish | Republican,CNTRYFAIR_W92,2,"0.379378,0.620622"
RELIGxPOLPARTY,RELIGxPOLPARTY :: Mormon | Independent,CNTRYFAIR_W92,2,"0.403567,0.596433"
RELIGxPOLPARTY,RELIGxPOLPARTY :: Mormon | Republican,CNTRYFAIR_W92,2,"0.332852,0.667148"
RELIGxPOLPARTY,RELIGxPOLPARTY :: Nothing in particular | Democrat,CNTRYFAIR_W92,2,"0.422505,0.577495"
RELIGxPOLPARTY,RELIGxPOLPARTY :: Nothing in particular | Independent,CNTRYFAIR_W92,2,"0.399812,0.600188"
RELIGxPOLPARTY,RELIGxPOLPARTY :: Nothing in particular | Other,CNTRYFAIR_W92,2,"0.390476,0.609524"
RELIGxPOLPARTY,RELIGxPOLPARTY :: Nothing in particular | Republican,CNTRYFAIR_W92,2,"0.386763,0.613237"
RELIGxPOLPARTY,RELIGxPOLPARTY :: Other | Democrat,CNTRYFAIR_W92,2,"0.418697,0.581303"
RELIGxPOLPARTY,RELIGxPOLPARTY :: Other | Independent,CNTRYFAIR_W92,2,"0.414899,0.585101"
RELIGxPOLPARTY,RELIGxPOLPARTY :: Other | Other,CNTRYFAIR_W92,2,"0.390476,0.609524"
RELIGxPOLPARTY,RELIGxPOLPARTY :: Protestant | Democrat,CNTRYFAIR_W92,2,"0.390476,0.609524"
RELIGxPOLPARTY,RELIGxPOLPARTY :: Protestant | Independent,CNTRYFAIR_W92,2,"0.403567,0.596433"
RELIGxPOLPARTY,RELIGxPOLPARTY :: Protestant | Other,CNTRYFAIR_W92,2,"0.399812,0.600188"
RELIGxPOLPARTY,RELIGxPOLPARTY :: Protestant | Refused,CNTRYFAIR_W92,2,"0.399812,0.600188"
RELIGxPOLPARTY,RELIGxPOLPARTY :: Protestant | Republican,CNTRYFAIR_W92,2,"0.357568,0.642432"
RELIGxPOLPARTY,RELIGxPOLPARTY :: Roman Catholic | Democrat,CNTRYFAIR_W92,2,"0.392337,0.607663"
RELIGxPOLPARTY,RELIGxPOLPARTY :: Roman Catholic | Independent,CNTRYFAIR_W92,2,"0.418697,0.581303"
RELIGxPOLPARTY,RELIGxPOLPARTY :: Roman Catholic | Other,CNTRYFAIR_W92,2,"0.414899,0.585101"
RELIGxPOLPARTY,RELIGxPOLPARTY :: Roman Catholic | Republican,CNTRYFAIR_W92,2,"0.375706,0.624294"
RELIGxPOLPARTY,RELIGxPOLPARTY :: Agnostic | Democrat,COHABDUR_W50,6,"0.311156,0.170499,0.165254,0.113577,0.127698,0.111816"
RELIGxPOLPARTY,RELIGxPOLPARTY :: Agnostic | Independent,COHABDUR_W50,6,"0.249957,0.184307,0.174498,0.126672,0.135899,0.128667"
RELIGxPOLPARTY,RELIGxPOLPARTY :: Agnostic | Other,COHABDUR_W50,6,"0.236197,0.170126,0.192778,0.126427,0.136700,0.137772"
RELIGxPOLPARTY,RELIGxPOLPARTY :: Agnostic | Republican,COHABDUR_W50,6,"0.244764,0.166915,0.163048,0.125994,0.147302,0.151978"
RELIGxPOLPARTY,RELIGxPOLPARTY :: Atheist | Democrat,COHABDUR_W50,6,"0.225199,0.188161,0.176761,0.137662,0.139829,0.132388"
RELIGxPOLPARTY,RELIGxPOLPARTY :: Atheist | Independent,COHABDUR_W50,6,"0.221383,0.196902,0.176502,0.128127,0.139625,0.137460"
RELIGxPOLPARTY,RELIGxPOLPARTY :: Atheist | Other,COHABDUR_W50,6,"0.205387,0.184108,0.189952,0.132608,0.141161,0.146784"
RELIGxPOLPARTY,RELIGxPOLPARTY :: Buddhist | Democrat,COHABDUR_W50,6,"0.214253,0.181834,0.179015,0.142723,0.143843,0.138332"
RELIGxPOLPARTY,RELIGxPOLPARTY :: Jewish | Democrat,COHABDUR_W50,6,"0.217926,0.180667,0.173745,0.142919,0.144040,0.140703"
RELIGxPOLPARTY,RELIGxPOLPARTY :: Jewish | Independent,COHABDUR_W50,6,"0.207011,0.188486,0.179854,0.143392,0.142276,0.138981"
RELIGxPOLPARTY,RELIGxPOLPARTY :: Mormon | Independent,COHABDUR_W50,6,"0.199563,0.183129,0.180290,0.141511,0.150638,0.144867"
RELIGxPOLPARTY,RELIGxPOLPARTY :: Mormon | Republican,COHABDUR_W50,6,"0.210787,0.170701,0.164161,0.125867,0.159111,0.169372"
RELIGxPOLPARTY,RELIGxPOLPARTY :: Nothing in particular | Democrat,COHABDUR_W50,6,"0.220890,0.180285,0.172030,0.139314,0.142618,0.144863"
RELIGxPOLPARTY,RELIGxPOLPARTY :: Nothing in particular | Independent,COHABDUR_W50,6,"0.207408,0.188847,0.173296,0.133913,0.144794,0.151743"
RELIGxPOLPARTY,RELIGxPOLPARTY :: Nothing in particular | Other,COHABDUR_W50,6,"0.197865,0.177365,0.187335,0.129763,0.143635,0.164036"
RELIGxPOLPARTY,RELIGxPOLPARTY :: Nothing in particular | Republican,COHABDUR_W50,6,"0.202940,0.174945,0.163067,0.133091,0.149639,0.176317"
RELIGxPOLPARTY,RELIGxPOLPARTY :: Other | Democrat,COHABDUR_W50,6,"0.229163,0.181283,0.166355,0.132630,0.137913,0.152656"
RELIGxPOLPARTY,RELIGxPOLPARTY :: Other | Independent,COHABDUR_W50,6,"0.216646,0.186760,0.167411,0.127359,0.142080,0.159744"
RELIGxPOLPARTY,RELIGxPOLPARTY :: Other | Other,COHABDUR_W50,6,"0.209391,0.177708,0.176325,0.122137,0.139485,0.174953"
RELIGxPOLPARTY,RELIGxPOLPARTY :: Protestant | Democrat,COHABDUR_W50,6,"0.213263,0.176801,0.167392,0.139861,0.145433,0.157250"
RELIGxPOLPARTY,RELIGxPOLPARTY :: Protestant | Independent,COHABDUR_W50,6,"0.204419,0.184677,0.170798,0.138317,0.143827,0.157963"
RELIGxPOLPARTY,RELIGxPOLPARTY :: Protestant | Other,COHABDUR_W50,6,"0.194740,0.175933,0.184376,0.137016,0.141366,0.166570"
RELIGxPOLPARTY,RELIGxPOLPARTY :: Protestant | Refused,COHABDUR_W50,6,"0.196331,0.171913,0.165327,0.144765,0.147045,0.174620"
RELIGxPOLPARTY,RELIGxPOLPARTY :: Protestant | Republican,COHABDUR_W50,6,"0.204573,0.168278,0.153218,0.132083,0.149669,0.192179"
RELIGxPOLPARTY,RELIGxPOLPARTY :: Roman Catholic | Democrat,COHABDUR_W50,6,"0.199032,0.174279,0.166298,0.147908,0.153800,0.158682"
RELIGxPOLPARTY,RELIGxPOLPARTY :: Roman Catholic | Independent,COHABDUR_W50,6,"0.198121,0.189049,0.169462,0.141591,0.143821,0.157956"
RELIGxPOLPARTY,RELIGxPOLPARTY :: Roman Catholic | Other,COHABDUR_W50,6,"0.184280,0.174473,0.188650,0.141292,0.143517,0.167789"
RELIGxPOLPARTY,RELIGxPOLPARTY :: Roman Catholic | Republican,COHABDUR_W50,6,"0.189645,0.164766,0.146546,0.135533,0.158454,0.205055"
RELIGxPOLPARTY,RELIGxPOLPARTY :: Agnostic | Democrat,COMMIMPA_W32,4,"0.715312,0.185148,0.073074,0.026466"
RELIGxPOLPARTY,RELIGxPOLPARTY :: Agnostic | Independent,COMMIMPA_W32,4,"0.711575,0.202283,0.064654,0.021488"
RELIGxPOLPARTY,RELIGxPOLPARTY :: Agnostic | Other,COMMIMPA_W32,4,"0.634257,0.229713,0.106826,0.029205"
RELIGxPOLPARTY,RELIGxPOLPARTY :: Atheist | Democrat,COMMIMPA_W32,4,"0.639030,0.254188,0.080611,0.026171"
RELIGxPOLPARTY,RELIGxPOLPARTY :: Atheist | Independent,COMMIMPA_W32,4,"0.644201,0.262322,0.072277,0.021199"
RELIGxPOLPARTY,RELIGxPOLPARTY :: Atheist | Other,COMMIMPA_W32,4,"0.580157,0.284963,0.107318,0.027562"
RELIGxPOLPARTY,RELIGxPOLPARTY :: Jewish | Democrat,COMMIMPA_W32,4,"0.641098,0.245242,0.077774,0.035887"
RELIGxPOLPARTY,RELIGxPOLPARTY :: Jewish | Independent,COMMIMPA_W32,4,"0.632000,0.255351,0.077272,0.035378"
RELIGxPOLPARTY,RELIGxPOLPARTY :: Mormon | Republican,COMMIMPA_W32,4,"0.683628,0.218501,0.066639,0.031233"
RELIGxPOLPARTY,RELIGxPOLPARTY :: Nothing in particular | Democrat,COMMIMPA_W32,4,"0.568992,0.304559,0.094348,0.032100"
RELIGxPOLPARTY,RELIGxPOLPARTY :: Nothing in particular | Independent,COMMIMPA_W32,4,"0.612376,0.298448,0.068707,0.020469"
RELIGxPOLPARTY,RELIGxPOLPARTY :: Nothing in particular | Other,COMMIMPA_W32,4,"0.535554,0.332533,0.105457,0.026456"
RELIGxPOLPARTY,RELIGxPOLPARTY :: Nothing in particular | Republican,COMMIMPA_W32,4,"0.582860,0.288537,0.087999,0.040605"
RELIGxPOLPARTY,RELIGxPOLPARTY :: Other | Democrat,COMMIMPA_W32,4,"0.582741,0.279602,0.098919,0.038737"
RELIGxPOLPARTY,RELIGxPOLPARTY :: Other | Independent,COMMIMPA_W32,4,"0.625389,0.268976,0.077063,0.028572"
RELIGxPOLPARTY,RELIGxPOLPARTY :: Protestant | Democrat,COMMIMPA_W32,4,"0.641940,0.249431,0.076669,0.031960"
RELIGxPOLPARTY,RELIGxPOLPARTY :: Protestant | Independent,COMMIMPA_W32,4,"0.633622,0.256006,0.078078,0.032294"
RELIGxPOLPARTY,RELIGxPOLPARTY :: Protestant | Other,COMMIMPA_W32,4,"0.555111,0.279127,0.121942,0.043821"
RELIGxPOLPARTY,RELIGxPOLPARTY :: Protestant | Republican,COMMIMPA_W32,4,"0.666064,0.223103,0.070203,0.040630"
RELIGxPOLPARTY,RELIGxPOLPARTY :: Roman Catholic | Democrat,COMMIMPA_W32,4,"0.728800,0.196154,0.054046,0.021000"
RELIGxPOLPARTY,RELIGxPOLPARTY :: Roman Catholic | Independent,COMMIMPA_W32,4,"0.667692,0.236220,0.068744,0.027344"
RELIGxPOLPARTY,RELIGxPOLPARTY :: Roman Catholic | Other,COMMIMPA_W32,4,"0.585811,0.261991,0.114455,0.037743"
RELIGxPOLPARTY,RELIGxPOLPARTY :: Roman Catholic | Republican,COMMIMPA_W32,4,"0.754540,0.167051,0.049380,0.029029"
RELIGxPOLPARTY,RELIGxPOLPARTY :: Agnostic | Democrat,COMMIMPB_W32,4,"0.786927,0.144434,0.050701,0.017937"
RELIGxPOLPARTY,RELIGxPOLPARTY :: Agnostic | Independent,COMMIMPB_W32,4,"0.821508,0.128970,0.036950,0.012572"
RELIGxPOLPARTY,RELIGxPOLPARTY :: Agnostic | Other,COMMIMPB_W32,4,"0.755619,0.160881,0.066543,0.016957"
RELIGxPOLPARTY,RELIGxPOLPARTY :: Atheist | Democrat,COMMIMPB_W32,4,"0.750432,0.179641,0.052279,0.017648"
RELIGxPOLPARTY,RELIGxPOLPARTY :: Atheist | Independent,COMMIMPB_W32,4,"0.765514,0.176231,0.044558,0.013696"
RELIGxPOLPARTY,RELIGxPOLPARTY :: Atheist | Other,COMMIMPB_W32,4,"0.712276,0.202482,0.067823,0.017418"
RELIGxPOLPARTY,RELIGxPOLPARTY :: Jewish | Democrat,COMMIMPB_W32,4,"0.758867,0.170654,0.047020,0.023459"
RELIGxPOLPARTY,RELIGxPOLPARTY :: Jewish | Independent,COMMIMPB_W32,4,"0.766691,0.167109,0.043935,0.022265"
RELIGxPOLPARTY,RELIGxPOLPARTY :: Mormon | Republican,COMMIMPB_W32,4,"0.770744,0.167992,0.041817,0.019447"
RELIGxPOLPARTY,RELIGxPOLPARTY :: Nothing in particular | Democrat,COMMIMPB_W32,4,"0.686969,0.228315,0.061932,0.022784"
RELIGxPOLPARTY,RELIGxPOLPARTY :: Nothing in particular | Independent,COMMIMPB_W32,4,"0.751432,0.196023,0.039515,0.013031"
RELIGxPOLPARTY,RELIGxPOLPARTY :: Nothing in particular | Other,COMMIMPB_W32,4,"0.672926,0.243718,0.066110,0.017246"
RELIGxPOLPARTY,RELIGxPOLPARTY :: Nothing in particular | Republican,COMMIMPB_W32,4,"0.697188,0.222835,0.054183,0.025795"
RELIGxPOLPARTY,RELIGxPOLPARTY :: Other | Democrat,COMMIMPB_W32,4,"0.700222,0.206985,0.065642,0.027151"
RELIGxPOLPARTY,RELIGxPOLPARTY :: Other | Independent,COMMIMPB_W32,4,"0.764417,0.173251,0.044494,0.017837"
RELIGxPOLPARTY,RELIGxPOLPARTY :: Protestant | Democrat,COMMIMPB_W32,4,"0.778504,0.156932,0.044612,0.019952"
RELIGxPOLPARTY,RELIGxPOLPARTY :: Protestant | Independent,COMMIMPB_W32,4,"0.784757,0.153325,0.042577,0.019341"
RELIGxPOLPARTY,RELIGxPOLPARTY :: Protestant | Other,COMMIMPB_W32,4,"0.705621,0.192906,0.074955,0.026518"
RELIGxPOLPARTY,RELIGxPOLPARTY :: Protestant | Republican,COMMIMPB_W32,4,"0.794068,0.144611,0.038619,0.022703"
RELIGxPOLPARTY,RELIGxPOLPARTY :: Roman Catholic | Democrat,COMMIMPB_W32,4,"0.842078,0.114857,0.030673,0.012393"
RELIGxPOLPARTY,RELIGxPOLPARTY :: Roman Catholic | Independent,COMMIMPB_W32,4,"0.795807,0.148364,0.039313,0.016516"
RELIGxPOLPARTY,RELIGxPOLPARTY :: Roman Catholic | Other,COMMIMPB_W32,4,"0.717132,0.185619,0.073834,0.023415"
RELIGxPOLPARTY,RELIGxPOLPARTY :: Roman Catholic | Republican,COMMIMPB_W32,4,"0.852531,0.104235,0.027620,0.015615"
RELIGxPOLPARTY,RELIGxPOLPARTY :: Agnostic | Democrat,COMMYRS_W32,5,"0.201123,0.142618,0.166737,0.205893,0.283629"
RELIGxPOLPARTY,RELIGxPOLPARTY :: Agnostic | Independent,COMMYRS_W32,5,"0.154238,0.172065,0.184599,0.214138,0.274959"
RELIGxPOLPARTY,RELIGxPOLPARTY :: Agnostic | Other,COMMYRS_W32,5,"0.153300,0.160657,0.207906,0.211180,0.266957"
RELIGxPOLPARTY,RELIGxPOLPARTY :: Atheist | Democrat,COMMYRS_W32,5,"0.153141,0.163017,0.176264,0.228102,0.279477"
RELIGxPOLPARTY,RELIGxPOLPARTY :: Atheist | Independent,COMMYRS_W32,5,"0.142260,0.188464,0.182665,0.210247,0.276364"
RELIGxPOLPARTY,RELIGxPOLPARTY :: Atheist | Other,COMMYRS_W32,5,"0.139107,0.174479,0.202399,0.213776,0.270238"
RELIGxPOLPARTY,RELIGxPOLPARTY :: Jewish | Democrat,COMMYRS_W32,5,"0.146377,0.144108,0.163295,0.233910,0.312310"
RELIGxPOLPARTY,RELIGxPOLPARTY :: Jewish | Independent,COMMYRS_W32,5,"0.136152,0.170772,0.177575,0.222729,0.292772"
RELIGxPOLPARTY,RELIGxPOLPARTY :: Mormon | Republican,COMMYRS_W32,5,"0.142705,0.120169,0.123984,0.180396,0.432746"
RELIGxPOLPARTY,RELIGxPOLPARTY :: Nothing in particular | Democrat,COMMYRS_W32,5,"0.154504,0.153302,0.167059,0.231938,0.293197"
RELIGxPOLPARTY,RELIGxPOLPARTY :: Nothing in particular | Independent,COMMYRS_W32,5,"0.130589,0.173003,0.173003,0.222140,0.301266"
RELIGxPOLPARTY,RELIGxPOLPARTY :: Nothing in particular | Other,COMMYRS_W32,5,"0.128503,0.163718,0.199030,0.216891,0.291858"
RELIGxPOLPARTY,RELIGxPOLPARTY :: Nothing in particular | Republican,COMMYRS_W32,5,"0.144338,0.144338,0.150087,0.214990,0.346248"
RELIGxPOLPARTY,RELIGxPOLPARTY :: Other | Democrat,COMMYRS_W32,5,"0.160316,0.156603,0.166703,0.226082,0.290296"
RELIGxPOLPARTY,RELIGxPOLPARTY :: Other | Independent,COMMYRS_W32,5,"0.138136,0.173262,0.171913,0.217319,0.299369"
RELIGxPOLPARTY,RELIGxPOLPARTY :: Protestant | Democrat,COMMYRS_W32,5,"0.140837,0.138653,0.146447,0.241451,0.332612"
RELIGxPOLPARTY,RELIGxPOLPARTY :: Protestant | Independent,COMMYRS_W32,5,"0.134242,0.160667,0.155723,0.224813,0.324555"
RELIGxPOLPARTY,RELIGxPOLPARTY :: Protestant | Other,COMMYRS_W32,5,"0.135560,0.151228,0.185289,0.220036,0.307886"
RELIGxPOLPARTY,RELIGxPOLPARTY :: Protestant | Republican,COMMYRS_W32,5,"0.132270,0.120434,0.120434,0.213025,0.413837"
RELIGxPOLPARTY,RELIGxPOLPARTY :: Roman Catholic | Democrat,COMMYRS_W32,5,"0.125328,0.127301,0.138725,0.257156,0.351490"
RELIGxPOLPARTY,RELIGxPOLPARTY :: Roman Catholic | Independent,COMMYRS_W32,5,"0.131845,0.160283,0.149400,0.229594,0.328879"
RELIGxPOLPARTY,RELIGxPOLPARTY :: Roman Catholic | Other,COMMYRS_W32,5,"0.135533,0.150021,0.183810,0.225208,0.305428"
RELIGxPOLPARTY,RELIGxPOLPARTY :: Roman Catholic | Republican,COMMYRS_W32,5,"0.120329,0.103730,0.097445,0.206291,0.472205"
RELIGxPOLPARTY,RELIGxPOLPARTY :: Agnostic | Democrat,COMPROMISEVAL_W92,2,"0.531209,0.468791"
RELIGxPOLPARTY,RELIGxPOLPARTY :: Agnostic | Independent,COMPROMISEVAL_W92,2,"0.496094,0.503906"
RELIGxPOLPARTY,RELIGxPOLPARTY :: Agnostic | Other,COMPROMISEVAL_W92,2,"0.523420,0.476580"
RELIGxPOLPARTY,RELIGxPOLPARTY :: Agnostic | Republican,COMPROMISEVAL_W92,2,"0.592667,0.407333"
RELIGxPOLPARTY,RELIGxPOLPARTY :: Atheist | Democrat,COMPROMISEVAL_W92,2,"0.476580,0.523420"
RELIGxPOLPARTY,RELIGxPOLPARTY :: Atheist | Independent,COMPROMISEVAL_W92,2,"0.428233,0.571767"
RELIGxPOLPARTY,RELIGxPOLPARTY :: Atheist | Other,COMPROMISEVAL_W92,2,"0.453262,0.546738"
RELIGxPOLPARTY,RELIGxPOLPARTY :: Buddhist | Democrat,COMPROMISEVAL_W92,2,"0.468791,0.531209"
RELIGxPOLPARTY,RELIGxPOLPARTY :: Jewish | Democrat,COMPROMISEVAL_W92,2,"0.482429,0.517571"
RELIGxPOLPARTY,RELIGxPOLPARTY :: Jewish | Independent,COMPROMISEVAL_W92,2,"0.433981,0.566019"
RELIGxPOLPARTY,RELIGxPOLPARTY :: Jewish | Republican,COMPROMISEVAL_W92,2,"0.503906,0.496094"
RELIGxPOLPARTY,RELIGxPOLPARTY :: Mormon | Independent,COMPROMISEVAL_W92,2,"0.459076,0.540924"
RELIGxPOLPARTY,RELIGxPOLPARTY :: Mormon | Republican,COMPROMISEVAL_W92,2,"0.515620,0.484380"
RELIGxPOLPARTY,RELIGxPOLPARTY :: Nothing in particular | Democrat,COMPROMISEVAL_W92,2,"0.492188,0.507812"
RELIGxPOLPARTY,RELIGxPOLPARTY :: Nothing in particular | Independent,COMPROMISEVAL_W92,2,"0.433981,0.566019"
RELIGxPOLPARTY,RELIGxPOLPARTY :: Nothing in particular | Other,COMPROMISEVAL_W92,2,"0.459076,0.540924"
RELIGxPOLPARTY,RELIGxPOLPARTY :: Nothing in particular | Republican,COMPROMISEVAL_W92,2,"0.507812,0.492188"
RELIGxPOLPARTY,RELIGxPOLPARTY :: Other | Democrat,COMPROMISEVAL_W92,2,"0.511717,0.488283"
RELIGxPOLPARTY,RELIGxPOLPARTY :: Other | Independent,COMPROMISEVAL_W92,2,"0.478529,0.521471"
RELIGxPOLPARTY,RELIGxPOLPARTY :: Other | Other,COMPROMISEVAL_W92,2,"0.488283,0.511717"
RELIGxPOLPARTY,RELIGxPOLPARTY :: Protestant | Democrat,COMPROMISEVAL_W92,2,"0.496094,0.503906"
RELIGxPOLPARTY,RELIGxPOLPARTY :: Protestant | Independent,COMPROMISEVAL_W92,2,"0.449393,0.550607"
RELIGxPOLPARTY,RELIGxPOLPARTY :: Protestant | Other,COMPROMISEVAL_W92,2,"0.464902,0.535098"
RELIGxPOLPARTY,RELIGxPOLPARTY :: Protestant | Refused,COMPROMISEVAL_W92,2,"0.486332,0.513668"
RELIGxPOLPARTY,RELIGxPOLPARTY :: Protestant | Republican,COMPROMISEVAL_W92,2,"0.498047,0.501953"
RELIGxPOLPARTY,RELIGxPOLPARTY :: Roman Catholic | Democrat,COMPROMISEVAL_W92,2,"0.535098,0.464902"
RELIGxPOLPARTY,RELIGxPOLPARTY :: Roman Catholic | Independent,COMPROMISEVAL_W92,2,"0.476580,0.523420"
RELIGxPOLPARTY,RELIGxPOLPARTY :: Roman Catholic | Other,COMPROMISEVAL_W92,2,"0.496094,0.503906"
RELIGxPOLPARTY,RELIGxPOLPARTY :: Roman Catholic | Republican,COMPROMISEVAL_W92,2,"0.519521,0.480479"
RELIGxPOLPARTY,RELIGxPOLPARTY :: Agnostic | Democrat,CONCERNCO_W49,4,"0.482468,0.246420,0.176109,0.095003"
RELIGxPOLPARTY,RELIGxPOLPARTY :: Agnostic | Independent,CONCERNCO_W49,4,"0.476188,0.271324,0.176554,0.075935"
RELIGxPOLPARTY,RELIGxPOLPARTY :: Atheist | Democrat,CONCERNCO_W49,4,"0.442213,0.290010,0.187245,0.080533"
RELIGxPOLPARTY,RELIGxPOLPARTY :: Atheist | Independent,CONCERNCO_W49,4,"0.432166,0.306452,0.190280,0.071102"
RELIGxPOLPARTY,RELIGxPOLPARTY :: Atheist | Other,CONCERNCO_W49,4,"0.394077,0.314186,0.215936,0.075801"
RELIGxPOLPARTY,RELIGxPOLPARTY :: Jewish | Democrat,CONCERNCO_W49,4,"0.426311,0.281774,0.190658,0.101258"
RELIGxPOLPARTY,RELIGxPOLPARTY :: Mormon | Republican,CONCERNCO_W49,4,"0.445444,0.278752,0.177185,0.098619"
RELIGxPOLPARTY,RELIGxPOLPARTY :: Nothing in particular | Democrat,CONCERNCO_W49,4,"0.393471,0.318643,0.199402,0.088484"
RELIGxPOLPARTY,RELIGxPOLPARTY :: Nothing in particular | Independent,CONCERNCO_W49,4,"0.386211,0.348912,0.198804,0.066073"
RELIGxPOLPARTY,RELIGxPOLPARTY :: Nothing in particular | Other,CONCERNCO_W49,4,"0.352846,0.352846,0.224283,0.070025"
RELIGxPOLPARTY,RELIGxPOLPARTY :: Nothing in particular | Republican,CONCERNCO_W49,4,"0.386410,0.315379,0.195823,0.102388"
RELIGxPOLPARTY,RELIGxPOLPARTY :: Other | Independent,CONCERNCO_W49,4,"0.407238,0.319645,0.195395,0.077723"
RELIGxPOLPARTY,RELIGxPOLPARTY :: Protestant | Democrat,CONCERNCO_W49,4,"0.455296,0.274002,0.171466,0.099237"
RELIGxPOLPARTY,RELIGxPOLPARTY :: Protestant | Independent,CONCERNCO_W49,4,"0.436260,0.286106,0.183286,0.094348"
RELIGxPOLPARTY,RELIGxPOLPARTY :: Protestant | Other,CONCERNCO_W49,4,"0.394968,0.288965,0.211411,0.104656"
RELIGxPOLPARTY,RELIGxPOLPARTY :: Protestant | Republican,CONCERNCO_W49,4,"0.462014,0.257149,0.162182,0.118655"
RELIGxPOLPARTY,RELIGxPOLPARTY :: Roman Catholic | Democrat,CONCERNCO_W49,4,"0.491662,0.261120,0.158377,0.088841"
RELIGxPOLPARTY,RELIGxPOLPARTY :: Roman Catholic | Independent,CONCERNCO_W49,4,"0.447784,0.282414,0.178116,0.091686"
RELIGxPOLPARTY,RELIGxPOLPARTY :: Roman Catholic | Other,CONCERNCO_W49,4,"0.407429,0.282218,0.209726,0.100628"
RELIGxPOLPARTY,RELIGxPOLPARTY :: Roman Catholic | Republican,CONCERNCO_W49,4,"0.521811,0.226188,0.138266,0.113735"
RELIGxPOLPARTY,RELIGxPOLPARTY :: Agnostic | Democrat,CONCERNGOV_W49,4,"0.480660,0.228829,0.175449,0.115062"
RELIGxPOLPARTY,RELIGxPOLPARTY :: Agnostic | Independent,CONCERNGOV_W49,4,"0.466686,0.257729,0.178523,0.097062"
RELIGxPOLPARTY,RELIGxPOLPARTY :: Atheist | Democrat,CONCERNGOV_W49,4,"0.439810,0.268851,0.187688,0.103651"
RELIGxPOLPARTY,RELIGxPOLPARTY :: Atheist | Independent,CONCERNGOV_W49,4,"0.422895,0.288389,0.193615,0.095101"
RELIGxPOLPARTY,RELIGxPOLPARTY :: Atheist | Other,CONCERNGOV_W49,4,"0.385158,0.293013,0.222912,0.098917"
RELIGxPOLPARTY,RELIGxPOLPARTY :: Jewish | Democrat,CONCERNGOV_W49,4,"0.424134,0.261301,0.188208,0.126357"
RELIGxPOLPARTY,RELIGxPOLPARTY :: Mormon | Republican,CONCERNGOV_W49,4,"0.433049,0.256573,0.183365,0.127013"
RELIGxPOLPARTY,RELIGxPOLPARTY :: Nothing in particular | Democrat,CONCERNGOV_W49,4,"0.391490,0.295512,0.199954,0.113044"
RELIGxPOLPARTY,RELIGxPOLPARTY :: Nothing in particular | Independent,CONCERNGOV_W49,4,"0.378721,0.326478,0.202715,0.092087"
RELIGxPOLPARTY,RELIGxPOLPARTY :: Nothing in particular | Other,CONCERNGOV_W49,4,"0.341685,0.328596,0.234837,0.094883"
RELIGxPOLPARTY,RELIGxPOLPARTY :: Nothing in particular | Republican,CONCERNGOV_W49,4,"0.375809,0.292680,0.199590,0.131921"
RELIGxPOLPARTY,RELIGxPOLPARTY :: Other | Independent,CONCERNGOV_W49,4,"0.395804,0.301112,0.199023,0.104061"
RELIGxPOLPARTY,RELIGxPOLPARTY :: Protestant | Democrat,CONCERNGOV_W49,4,"0.448429,0.255507,0.171539,0.124524"
RELIGxPOLPARTY,RELIGxPOLPARTY :: Protestant | Independent,CONCERNGOV_W49,4,"0.423809,0.271502,0.185148,0.119541"
RELIGxPOLPARTY,RELIGxPOLPARTY :: Protestant | Other,CONCERNGOV_W49,4,"0.380351,0.271824,0.218417,0.129408"
RELIGxPOLPARTY,RELIGxPOLPARTY :: Protestant | Republican,CONCERNGOV_W49,4,"0.449780,0.238876,0.164177,0.147167"
RELIGxPOLPARTY,RELIGxPOLPARTY :: Roman Catholic | Democrat,CONCERNGOV_W49,4,"0.486048,0.242498,0.157797,0.113657"
RELIGxPOLPARTY,RELIGxPOLPARTY :: Roman Catholic | Independent,CONCERNGOV_W49,4,"0.436922,0.267085,0.179312,0.116681"
RELIGxPOLPARTY,RELIGxPOLPARTY :: Roman Catholic | Other,CONCERNGOV_W49,4,"0.395963,0.265837,0.213606,0.124595"
RELIGxPOLPARTY,RELIGxPOLPARTY :: Roman Catholic | Republican,CONCERNGOV_W49,4,"0.512051,0.210145,0.137817,0.139987"
RELIGxPOLPARTY,RELIGxPOLPARTY :: Agnostic | Democrat,CONCERNGRPc_W49,3,"0.440926,0.293720,0.265354"
RELIGxPOLPARTY,RELIGxPOLPARTY :: Agnostic | Independent,CONCERNGRPc_W49,3,"0.434483,0.308094,0.257423"
RELIGxPOLPARTY,RELIGxPOLPARTY :: Atheist | Democrat,CONCERNGRPc_W49,3,"0.397161,0.342374,0.260465"
RELIGxPOLPARTY,RELIGxPOLPARTY :: Atheist | Independent,CONCERNGRPc_W49,3,"0.397859,0.335031,0.267110"
RELIGxPOLPARTY,RELIGxPOLPARTY :: Atheist | Other,CONCERNGRPc_W49,3,"0.374183,0.343369,0.282448"
RELIGxPOLPARTY,RELIGxPOLPARTY :: Jewish | Democrat,CONCERNGRPc_W49,3,"0.387282,0.344456,0.268262"
RELIGxPOLPARTY,RELIGxPOLPARTY :: Mormon | Republican,CONCERNGRPc_W49,3,"0.394252,0.321779,0.283969"
RELIGxPOLPARTY,RELIGxPOLPARTY :: Nothing in particular | Democrat,CONCERNGRPc_W49,3,"0.369469,0.358102,0.272429"
RELIGxPOLPARTY,RELIGxPOLPARTY :: Nothing in particular | Independent,CONCERNGRPc_W49,3,"0.381183,0.360896,0.257921"
RELIGxPOLPARTY,RELIGxPOLPARTY :: Nothing in particular | Other,CONCERNGRPc_W49,3,"0.349142,0.365897,0.284961"
RELIGxPOLPARTY,RELIGxPOLPARTY :: Nothing in particular | Republican,CONCERNGRPc_W49,3,"0.366513,0.352472,0.281015"
RELIGxPOLPARTY,RELIGxPOLPARTY :: Other | Independent,CONCERNGRPc_W49,3,"0.389949,0.344129,0.265922"
RELIGxPOLPARTY,RELIGxPOLPARTY :: Protestant | Democrat,CONCERNGRPc_W49,3,"0.386238,0.346222,0.267540"
RELIGxPOLPARTY,RELIGxPOLPARTY :: Protestant | Independent,CONCERNGRPc_W49,3,"0.393904,0.339567,0.266529"
RELIGxPOLPARTY,RELIGxPOLPARTY :: Protestant | Other,CONCERNGRPc_W49,3,"0.361931,0.342669,0.295400"
RELIGxPOLPARTY,RELIGxPOLPARTY :: Protestant | Republican,CONCERNGRPc_W49,3,"0.391266,0.326915,0.281819"
RELIGxPOLPARTY,RELIGxPOLPARTY :: Roman Catholic | Democrat,CONCERNGRPc_W49,3,"0.399514,0.336424,0.264062"
RELIGxPOLPARTY,RELIGxPOLPARTY :: Roman Catholic | Independent,CONCERNGRPc_W49,3,"0.390180,0.341653,0.268167"
RELIGxPOLPARTY,RELIGxPOLPARTY :: Roman Catholic | Other,CONCERNGRPc_W49,3,"0.361931,0.342669,0.295400"
RELIGxPOLPARTY,RELIGxPOLPARTY :: Roman Catholic | Republican,CONCERNGRPc_W49,3,"0.410274,0.312120,0.277606"
RELIGxPOLPARTY,RELIGxPOLPARTY :: Agnostic | Democrat,CONFg_W42,4,"0.217693,0.165612,0.337170,0.279524"
RELIGxPOLPARTY,RELIGxPOLPARTY :: Agnostic | Independent,CONFg_W42,4,"0.157552,0.153902,0.405478,0.283069"
RELIGxPOLPARTY,RELIGxPOLPARTY :: Atheist | Democrat,CONFg_W42,4,"0.155717,0.148586,0.388426,0.307270"
RELIGxPOLPARTY,RELIGxPOLPARTY :: Atheist | Independent,CONFg_W42,4,"0.140835,0.167245,0.420454,0.271466"
RELIGxPOLPARTY,RELIGxPOLPARTY :: Atheist | Other,CONFg_W42,4,"0.139556,0.153272,0.450491,0.256682"
RELIGxPOLPARTY,RELIGxPOLPARTY :: Jewish | Democrat,CONFg_W42,4,"0.151960,0.148440,0.370273,0.329328"
RELIGxPOLPARTY,RELIGxPOLPARTY :: Mormon | Republican,CONFg_W42,4,"0.165221,0.144672,0.393259,0.296848"
RELIGxPOLPARTY,RELIGxPOLPARTY :: Nothing in particular | Democrat,CONFg_W42,4,"0.168106,0.172092,0.384798,0.275003"
RELIGxPOLPARTY,RELIGxPOLPARTY :: Nothing in particular | Independent,CONFg_W42,4,"0.132217,0.163266,0.465102,0.239414"
RELIGxPOLPARTY,RELIGxPOLPARTY :: Nothing in particular | Other,CONFg_W42,4,"0.140052,0.166316,0.485025,0.208607"
RELIGxPOLPARTY,RELIGxPOLPARTY :: Nothing in particular | Republican,CONFg_W42,4,"0.160706,0.147472,0.391584,0.300238"
RELIGxPOLPARTY,RELIGxPOLPARTY :: Other | Independent,CONFg_W42,4,"0.138225,0.164146,0.429103,0.268526"
RELIGxPOLPARTY,RELIGxPOLPARTY :: Protestant | Democrat,CONFg_W42,4,"0.155267,0.154059,0.384290,0.306383"
RELIGxPOLPARTY,RELIGxPOLPARTY :: Protestant | Independent,CONFg_W42,4,"0.146207,0.168283,0.403690,0.281821"
RELIGxPOLPARTY,RELIGxPOLPARTY :: Protestant | Other,CONFg_W42,4,"0.159286,0.172229,0.409940,0.258546"
RELIGxPOLPARTY,RELIGxPOLPARTY :: Protestant | Refused,CONFg_W42,4,"0.164474,0.163194,0.334853,0.337479"
RELIGxPOLPARTY,RELIGxPOLPARTY :: Protestant | Republican,CONFg_W42,4,"0.160987,0.135565,0.359966,0.343482"
RELIGxPOLPARTY,RELIGxPOLPARTY :: Roman Catholic | Democrat,CONFg_W42,4,"0.168746,0.148918,0.374380,0.307956"
RELIGxPOLPARTY,RELIGxPOLPARTY :: Roman Catholic | Independent,CONFg_W42,4,"0.163446,0.172633,0.377065,0.286856"
RELIGxPOLPARTY,RELIGxPOLPARTY :: Roman Catholic | Other,CONFg_W42,4,"0.183397,0.177754,0.382231,0.256618"
RELIGxPOLPARTY,RELIGxPOLPARTY :: Roman Catholic | Republican,CONFg_W42,4,"0.199042,0.130535,0.315593,0.354831"
RELIGxPOLPARTY,RELIGxPOLPARTY :: Agnostic | Democrat,CONTROLGRPb_W49,4,"0.356676,0.221465,0.314765,0.107094"
RELIGxPOLPARTY,RELIGxPOLPARTY :: Agnostic | Independent,CONTROLGRPb_W49,4,"0.330705,0.240066,0.330705,0.098523"
RELIGxPOLPARTY,RELIGxPOLPARTY :: Atheist | Democrat,CONTROLGRPb_W49,4,"0.314018,0.264430,0.326527,0.095025"
RELIGxPOLPARTY,RELIGxPOLPARTY :: Atheist | Independent,CONTROLGRPb_W49,4,"0.326410,0.258211,0.331550,0.083829"
RELIGxPOLPARTY,RELIGxPOLPARTY :: Atheist | Other,CONTROLGRPb_W49,4,"0.304879,0.264883,0.340117,0.090122"
RELIGxPOLPARTY,RELIGxPOLPARTY :: Jewish | Democrat,CONTROLGRPb_W49,4,"0.318091,0.255593,0.318091,0.108225"
RELIGxPOLPARTY,RELIGxPOLPARTY :: Mormon | Republican,CONTROLGRPb_W49,4,"0.336429,0.234865,0.333811,0.094894"
RELIGxPOLPARTY,RELIGxPOLPARTY :: Nothing in particular | Democrat,CONTROLGRPb_W49,4,"0.317507,0.275855,0.322507,0.084131"
RELIGxPOLPARTY,RELIGxPOLPARTY :: Nothing in particular | Independent,CONTROLGRPb_W49,4,"0.320748,0.283059,0.333525,0.062668"
RELIGxPOLPARTY,RELIGxPOLPARTY :: Nothing in particular | Other,CONTROLGRPb_W49,4,"0.302957,0.278009,0.351436,0.067599"
RELIGxPOLPARTY,RELIGxPOLPARTY :: Nothing in particular | Republican,CONTROLGRPb_W49,4,"0.320596,0.267868,0.335981,0.075556"
RELIGxPOLPARTY,RELIGxPOLPARTY :: Other | Independent,CONTROLGRPb_W49,4,"0.324355,0.264731,0.332047,0.078868"
RELIGxPOLPARTY,RELIGxPOLPARTY :: Protestant | Democrat,CONTROLGRPb_W49,4,"0.320987,0.266107,0.311111,0.101795"
RELIGxPOLPARTY,RELIGxPOLPARTY :: Protestant | Independent,CONTROLGRPb_W49,4,"0.331332,0.264161,0.308835,0.095673"
RELIGxPOLPARTY,RELIGxPOLPARTY :: Protestant | Other,CONTROLGRPb_W49,4,"0.313581,0.262007,0.316041,0.108371"
RELIGxPOLPARTY,RELIGxPOLPARTY :: Protestant | Republican,CONTROLGRPb_W49,4,"0.342481,0.242855,0.311832,0.102831"
RELIGxPOLPARTY,RELIGxPOLPARTY :: Roman Catholic | Democrat,CONTROLGRPb_W49,4,"0.330461,0.261416,0.310439,0.097684"
RELIGxPOLPARTY,RELIGxPOLPARTY :: Roman Catholic | Independent,CONTROLGRPb_W49,4,"0.332487,0.260972,0.302733,0.103808"
RELIGxPOLPARTY,RELIGxPOLPARTY :: Roman Catholic | Other,CONTROLGRPb_W49,4,"0.319110,0.260450,0.309292,0.111147"
RELIGxPOLPARTY,RELIGxPOLPARTY :: Roman Catholic | Republican,CONTROLGRPb_W49,4,"0.360167,0.238056,0.298589,0.103189"
RELIGxPOLPARTY,RELIGxPOLPARTY :: Agnostic | Democrat,CONTROLGRPc_W49,3,"0.393176,0.240344,0.366480"
RELIGxPOLPARTY,RELIGxPOLPARTY :: Agnostic | Independent,CONTROLGRPc_W49,3,"0.352628,0.253988,0.393384"
RELIGxPOLPARTY,RELIGxPOLPARTY :: Atheist | Democrat,CONTROLGRPc_W49,3,"0.331085,0.278802,0.390113"
RELIGxPOLPARTY,RELIGxPOLPARTY :: Atheist | Independent,CONTROLGRPc_W49,3,"0.337817,0.267235,0.394948"
RELIGxPOLPARTY,RELIGxPOLPARTY :: Atheist | Other,CONTROLGRPc_W49,3,"0.316164,0.274688,0.409147"
RELIGxPOLPARTY,RELIGxPOLPARTY :: Jewish | Democrat,CONTROLGRPc_W49,3,"0.325694,0.272128,0.402178"
RELIGxPOLPARTY,RELIGxPOLPARTY :: Mormon | Republican,CONTROLGRPc_W49,3,"0.340954,0.238024,0.421022"
RELIGxPOLPARTY,RELIGxPOLPARTY :: Nothing in particular | Democrat,CONTROLGRPc_W49,3,"0.319087,0.283802,0.397111"
RELIGxPOLPARTY,RELIGxPOLPARTY :: Nothing in particular | Independent,CONTROLGRPc_W49,3,"0.306445,0.274695,0.418860"
RELIGxPOLPARTY,RELIGxPOLPARTY :: Nothing in particular | Other,CONTROLGRPc_W49,3,"0.299773,0.270822,0.429405"
RELIGxPOLPARTY,RELIGxPOLPARTY :: Nothing in particular | Republican,CONTROLGRPc_W49,3,"0.308274,0.253580,0.438146"
RELIGxPOLPARTY,RELIGxPOLPARTY :: Other | Independent,CONTROLGRPc_W49,3,"0.315826,0.272259,0.411915"
RELIGxPOLPARTY,RELIGxPOLPARTY :: Protestant | Democrat,CONTROLGRPc_W49,3,"0.329419,0.288449,0.382132"
RELIGxPOLPARTY,RELIGxPOLPARTY :: Protestant | Independent,CONTROLGRPc_W49,3,"0.337854,0.282287,0.379859"
RELIGxPOLPARTY,RELIGxPOLPARTY :: Protestant | Other,CONTROLGRPc_W49,3,"0.328181,0.285128,0.386691"
RELIGxPOLPARTY,RELIGxPOLPARTY :: Protestant | Republican,CONTROLGRPc_W49,3,"0.337716,0.254921,0.407363"
RELIGxPOLPARTY,RELIGxPOLPARTY :: Roman Catholic | Democrat,CONTROLGRPc_W49,3,"0.356572,0.275537,0.367891"
RELIGxPOLPARTY,RELIGxPOLPARTY :: Roman Catholic | Independent,CONTROLGRPc_W49,3,"0.356276,0.281837,0.361887"
RELIGxPOLPARTY,RELIGxPOLPARTY :: Roman Catholic | Other,CONTROLGRPc_W49,3,"0.349683,0.280978,0.369339"
RELIGxPOLPARTY,RELIGxPOLPARTY :: Roman Catholic | Republican,CONTROLGRPc_W49,3,"0.376862,0.243320,0.379818"
RELIGxPOLPARTY,RELIGxPOLPARTY :: Agnostic | Democrat,CONTROLGRPf_W49,3,"0.337222,0.216032,0.446746"
RELIGxPOLPARTY,RELIGxPOLPARTY :: Agnostic | Independent,CONTROLGRPf_W49,3,"0.284565,0.219895,0.495540"
RELIGxPOLPARTY,RELIGxPOLPARTY :: Atheist | Democrat,CONTROLGRPf_W49,3,"0.267103,0.233883,0.499014"
RELIGxPOLPARTY,RELIGxPOLPARTY :: Atheist | Independent,CONTROLGRPf_W49,3,"0.273821,0.234212,0.491967"
RELIGxPOLPARTY,RELIGxPOLPARTY :: Atheist | Other,CONTROLGRPf_W49,3,"0.266614,0.235286,0.498100"
RELIGxPOLPARTY,RELIGxPOLPARTY :: Jewish | Democrat,CONTROLGRPf_W49,3,"0.266453,0.227909,0.505638"
RELIGxPOLPARTY,RELIGxPOLPARTY :: Mormon | Republican,CONTROLGRPf_W49,3,"0.277375,0.192132,0.530493"
RELIGxPOLPARTY,RELIGxPOLPARTY :: Nothing in particular | Democrat,CONTROLGRPf_W49,3,"0.273349,0.239353,0.487298"
RELIGxPOLPARTY,RELIGxPOLPARTY :: Nothing in particular | Independent,CONTROLGRPf_W49,3,"0.249886,0.229308,0.520806"
RELIGxPOLPARTY,RELIGxPOLPARTY :: Nothing in particular | Other,CONTROLGRPf_W49,3,"0.256822,0.228422,0.514757"
RELIGxPOLPARTY,RELIGxPOLPARTY :: Nothing in particular | Republican,CONTROLGRPf_W49,3,"0.259959,0.202456,0.537585"
RELIGxPOLPARTY,RELIGxPOLPARTY :: Other | Independent,CONTROLGRPf_W49,3,"0.259352,0.228878,0.511770"
RELIGxPOLPARTY,RELIGxPOLPARTY :: Protestant | Democrat,CONTROLGRPf_W49,3,"0.270245,0.247991,0.481764"
RELIGxPOLPARTY,RELIGxPOLPARTY :: Protestant | Independent,CONTROLGRPf_W49,3,"0.274782,0.254132,0.471086"
RELIGxPOLPARTY,RELIGxPOLPARTY :: Protestant | Other,CONTROLGRPf_W49,3,"0.288216,0.258356,0.453428"
RELIGxPOLPARTY,RELIGxPOLPARTY :: Protestant | Republican,CONTROLGRPf_W49,3,"0.278232,0.210021,0.511747"
RELIGxPOLPARTY,RELIGxPOLPARTY :: Roman Catholic | Democrat,CONTROLGRPf_W49,3,"0.292907,0.235357,0.471735"
RELIGxPOLPARTY,RELIGxPOLPARTY :: Roman Catholic | Independent,CONTROLGRPf_W49,3,"0.297927,0.254831,0.447242"
RELIGxPOLPARTY,RELIGxPOLPARTY :: Roman Catholic | Other,CONTROLGRPf_W49,3,"0.314796,0.254929,0.430275"
RELIGxPOLPARTY,RELIGxPOLPARTY :: Roman Catholic | Republican,CONTROLGRPf_W49,3,"0.318102,0.200625,0.481273"
RELIGxPOLPARTY,RELIGxPOLPARTY :: Agnostic | Democrat,DATAUSEa_W49,2,"0.542863,0.457137"
RELIGxPOLPARTY,RELIGxPOLPARTY :: Agnostic | Independent,DATAUSEa_W49,2,"0.484380,0.515620"
RELIGxPOLPARTY,RELIGxPOLPARTY :: Atheist | Democrat,DATAUSEa_W49,2,"0.464902,0.535098"
RELIGxPOLPARTY,RELIGxPOLPARTY :: Atheist | Independent,DATAUSEa_W49,2,"0.453262,0.546738"
RELIGxPOLPARTY,RELIGxPOLPARTY :: Atheist | Other,DATAUSEa_W49,2,"0.441673,0.558327"
RELIGxPOLPARTY,RELIGxPOLPARTY :: Jewish | Democrat,DATAUSEa_W49,2,"0.453262,0.546738"
RELIGxPOLPARTY,RELIGxPOLPARTY :: Mormon | Republican,DATAUSEa_W49,2,"0.461017,0.538983"
RELIGxPOLPARTY,RELIGxPOLPARTY :: Nothing in particular | Democrat,DATAUSEa_W49,2,"0.492188,0.507812"
RELIGxPOLPARTY,RELIGxPOLPARTY :: Nothing in particular | Independent,DATAUSEa_W49,2,"0.472683,0.527317"
RELIGxPOLPARTY,RELIGxPOLPARTY :: Nothing in particular | Other,DATAUSEa_W49,2,"0.461017,0.538983"
RELIGxPOLPARTY,RELIGxPOLPARTY :: Nothing in particular | Republican,DATAUSEa_W49,2,"0.468791,0.531209"
RELIGxPOLPARTY,RELIGxPOLPARTY :: Other | Independent,DATAUSEa_W49,2,"0.464902,0.535098"
RELIGxPOLPARTY,RELIGxPOLPARTY :: Protestant | Democrat,DATAUSEa_W49,2,"0.461017,0.538983"
RELIGxPOLPARTY,RELIGxPOLPARTY :: Protestant | Independent,DATAUSEa_W49,2,"0.468791,0.531209"
RELIGxPOLPARTY,RELIGxPOLPARTY :: Protestant | Other,DATAUSEa_W49,2,"0.464902,0.535098"
RELIGxPOLPARTY,RELIGxPOLPARTY :: Protestant | Republican,DATAUSEa_W49,2,"0.468791,0.531209"
RELIGxPOLPARTY,RELIGxPOLPARTY :: Roman Catholic | Democrat,DATAUSEa_W49,2,"0.468791,0.531209"
RELIGxPOLPARTY,RELIGxPOLPARTY :: Roman Catholic | Independent,DATAUSEa_W49,2,"0.461017,0.538983"
RELIGxPOLPARTY,RELIGxPOLPARTY :: Roman Catholic | Other,DATAUSEa_W49,2,"0.457137,0.542863"
RELIGxPOLPARTY,RELIGxPOLPARTY :: Roman Catholic | Republican,DATAUSEa_W49,2,"0.461017,0.538983"
RELIGxPOLPARTY,RELIGxPOLPARTY :: Agnostic | Democrat,DB1b_W49,3,"0.519799,0.278229,0.201972"
RELIGxPOLPARTY,RELIGxPOLPARTY :: Agnostic | Independent,DB1b_W49,3,"0.497493,0.283463,0.219043"
RELIGxPOLPARTY,RELIGxPOLPARTY :: Atheist | Democrat,DB1b_W49,3,"0.468752,0.309826,0.221423"
RELIGxPOLPARTY,RELIGxPOLPARTY :: Atheist | Independent,DB1b_W49,3,"0.478633,0.313895,0.207472"
RELIGxPOLPARTY,RELIGxPOLPARTY :: Atheist | Other,DB1b_W49,3,"0.433764,0.305191,0.261044"
RELIGxPOLPARTY,RELIGxPOLPARTY :: Jewish | Democrat,DB1b_W49,3,"0.482460,0.294922,0.222619"
RELIGxPOLPARTY,RELIGxPOLPARTY :: Mormon | Republican,DB1b_W49,3,"0.484304,0.275948,0.239748"
RELIGxPOLPARTY,RELIGxPOLPARTY :: Nothing in particular | Democrat,DB1b_W49,3,"0.434966,0.313295,0.251739"
RELIGxPOLPARTY,RELIGxPOLPARTY :: Nothing in particular | Independent,DB1b_W49,3,"0.441136,0.322742,0.236123"
RELIGxPOLPARTY,RELIGxPOLPARTY :: Nothing in particular | Other,DB1b_W49,3,"0.399863,0.318798,0.281339"
RELIGxPOLPARTY,RELIGxPOLPARTY :: Nothing in particular | Republican,DB1b_W49,3,"0.429046,0.306626,0.264328"
RELIGxPOLPARTY,RELIGxPOLPARTY :: Other | Independent,DB1b_W49,3,"0.445153,0.301206,0.253641"
RELIGxPOLPARTY,RELIGxPOLPARTY :: Protestant | Democrat,DB1b_W49,3,"0.434255,0.327793,0.237952"
RELIGxPOLPARTY,RELIGxPOLPARTY :: Protestant | Independent,DB1b_W49,3,"0.435656,0.323752,0.240592"
RELIGxPOLPARTY,RELIGxPOLPARTY :: Protestant | Other,DB1b_W49,3,"0.394252,0.321779,0.283969"
RELIGxPOLPARTY,RELIGxPOLPARTY :: Protestant | Republican,DB1b_W49,3,"0.453838,0.314364,0.231798"
RELIGxPOLPARTY,RELIGxPOLPARTY :: Roman Catholic | Democrat,DB1b_W49,3,"0.455690,0.325667,0.218643"
RELIGxPOLPARTY,RELIGxPOLPARTY :: Roman Catholic | Independent,DB1b_W49,3,"0.439501,0.321546,0.238953"
RELIGxPOLPARTY,RELIGxPOLPARTY :: Roman Catholic | Other,DB1b_W49,3,"0.400857,0.317104,0.282038"
RELIGxPOLPARTY,RELIGxPOLPARTY :: Roman Catholic | Republican,DB1b_W49,3,"0.471168,0.311423,0.217408"
RELIGxPOLPARTY,RELIGxPOLPARTY :: Agnostic | Democrat,DEBTa_W54,2,"0.785309,0.214691"
RELIGxPOLPARTY,RELIGxPOLPARTY :: Agnostic | Independent,DEBTa_W54,2,"0.764892,0.235108"
RELIGxPOLPARTY,RELIGxPOLPARTY :: Agnostic | Other,DEBTa_W54,2,"0.735642,0.264358"
RELIGxPOLPARTY,RELIGxPOLPARTY :: Agnostic | Republican,DEBTa_W54,2,"0.785309,0.214691"
RELIGxPOLPARTY,RELIGxPOLPARTY :: Atheist | Democrat,DEBTa_W54,2,"0.738669,0.261331"
RELIGxPOLPARTY,RELIGxPOLPARTY :: Atheist | Independent,DEBTa_W54,2,"0.709019,0.290981"
RELIGxPOLPARTY,RELIGxPOLPARTY :: Atheist | Other,DEBTa_W54,2,"0.692642,0.307358"
RELIGxPOLPARTY,RELIGxPOLPARTY :: Jewish | Democrat,DEBTa_W54,2,"0.746139,0.253861"
RELIGxPOLPARTY,RELIGxPOLPARTY :: Jewish | Independent,DEBTa_W54,2,"0.715424,0.284576"
RELIGxPOLPARTY,RELIGxPOLPARTY :: Mormon | Independent,DEBTa_W54,2,"0.718594,0.281406"
RELIGxPOLPARTY,RELIGxPOLPARTY :: Mormon | Republican,DEBTa_W54,2,"0.737158,0.262842"
RELIGxPOLPARTY,RELIGxPOLPARTY :: Nothing in particular | Democrat,DEBTa_W54,2,"0.700895,0.299105"
RELIGxPOLPARTY,RELIGxPOLPARTY :: Nothing in particular | Independent,DEBTa_W54,2,"0.707405,0.292595"
RELIGxPOLPARTY,RELIGxPOLPARTY :: Nothing in particular | Other,DEBTa_W54,2,"0.675765,0.324235"
RELIGxPOLPARTY,RELIGxPOLPARTY :: Nothing in particular | Republican,DEBTa_W54,2,"0.690976,0.309024"
RELIGxPOLPARTY,RELIGxPOLPARTY :: Other | Democrat,DEBTa_W54,2,"0.702530,0.297470"
RELIGxPOLPARTY,RELIGxPOLPARTY :: Other | Independent,DEBTa_W54,2,"0.712232,0.287768"
RELIGxPOLPARTY,RELIGxPOLPARTY :: Protestant | Democrat,DEBTa_W54,2,"0.710628,0.289372"
RELIGxPOLPARTY,RELIGxPOLPARTY :: Protestant | Independent,DEBTa_W54,2,"0.690976,0.309024"
RELIGxPOLPARTY,RELIGxPOLPARTY :: Protestant | Other,DEBTa_W54,2,"0.658418,0.341583"
RELIGxPOLPARTY,RELIGxPOLPARTY :: Protestant | Refused,DEBTa_W54,2,"0.651355,0.348645"
RELIGxPOLPARTY,RELIGxPOLPARTY :: Protestant | Republican,DEBTa_W54,2,"0.715424,0.284576"
RELIGxPOLPARTY,RELIGxPOLPARTY :: Roman Catholic | Democrat,DEBTa_W54,2,"0.734120,0.265880"
RELIGxPOLPARTY,RELIGxPOLPARTY :: Roman Catholic | Independent,DEBTa_W54,2,"0.694303,0.305697"
RELIGxPOLPARTY,RELIGxPOLPARTY :: Roman Catholic | Other,DEBTa_W54,2,"0.658418,0.341583"
RELIGxPOLPARTY,RELIGxPOLPARTY :: Roman Catholic | Republican,DEBTa_W54,2,"0.753467,0.246533"
RELIGxPOLPARTY,RELIGxPOLPARTY :: Agnostic | Democrat,DIGWDOG_3_W45,3,"0.448815,0.396078,0.155106"
RELIGxPOLPARTY,RELIGxPOLPARTY :: Agnostic | Independent,DIGWDOG_3_W45,3,"0.421751,0.402437,0.175812"
RELIGxPOLPARTY,RELIGxPOLPARTY :: Agnostic | Other,DIGWDOG_3_W45,3,"0.380935,0.375029,0.244036"
RELIGxPOLPARTY,RELIGxPOLPARTY :: Atheist | Democrat,DIGWDOG_3_W45,3,"0.400326,0.426145,0.173529"
RELIGxPOLPARTY,RELIGxPOLPARTY :: Atheist | Independent,DIGWDOG_3_W45,3,"0.411077,0.424126,0.164798"
RELIGxPOLPARTY,RELIGxPOLPARTY :: Atheist | Other,DIGWDOG_3_W45,3,"0.371032,0.394961,0.234007"
RELIGxPOLPARTY,RELIGxPOLPARTY :: Jewish | Democrat,DIGWDOG_3_W45,3,"0.383314,0.441192,0.175494"
RELIGxPOLPARTY,RELIGxPOLPARTY :: Mormon | Republican,DIGWDOG_3_W45,3,"0.427391,0.354319,0.218290"
RELIGxPOLPARTY,RELIGxPOLPARTY :: Nothing in particular | Democrat,DIGWDOG_3_W45,3,"0.389510,0.414632,0.195858"
RELIGxPOLPARTY,RELIGxPOLPARTY :: Nothing in particular | Independent,DIGWDOG_3_W45,3,"0.389128,0.434103,0.176769"
RELIGxPOLPARTY,RELIGxPOLPARTY :: Nothing in particular | Other,DIGWDOG_3_W45,3,"0.367393,0.397246,0.235361"
RELIGxPOLPARTY,RELIGxPOLPARTY :: Nothing in particular | Republican,DIGWDOG_3_W45,3,"0.423830,0.359699,0.216471"
RELIGxPOLPARTY,RELIGxPOLPARTY :: Other | Democrat,DIGWDOG_3_W45,3,"0.382783,0.407470,0.209748"
RELIGxPOLPARTY,RELIGxPOLPARTY :: Other | Independent,DIGWDOG_3_W45,3,"0.393232,0.412104,0.194664"
RELIGxPOLPARTY,RELIGxPOLPARTY :: Protestant | Democrat,DIGWDOG_3_W45,3,"0.382158,0.433042,0.184800"
RELIGxPOLPARTY,RELIGxPOLPARTY :: Protestant | Independent,DIGWDOG_3_W45,3,"0.379930,0.430517,0.189554"
RELIGxPOLPARTY,RELIGxPOLPARTY :: Protestant | Other,DIGWDOG_3_W45,3,"0.348960,0.401650,0.249390"
RELIGxPOLPARTY,RELIGxPOLPARTY :: Protestant | Republican,DIGWDOG_3_W45,3,"0.423316,0.373575,0.203109"
RELIGxPOLPARTY,RELIGxPOLPARTY :: Roman Catholic | Democrat,DIGWDOG_3_W45,3,"0.383617,0.427956,0.188427"
RELIGxPOLPARTY,RELIGxPOLPARTY :: Roman Catholic | Independent,DIGWDOG_3_W45,3,"0.363318,0.424761,0.211921"
RELIGxPOLPARTY,RELIGxPOLPARTY :: Roman Catholic | Other,DIGWDOG_3_W45,3,"0.332922,0.395355,0.271723"
RELIGxPOLPARTY,RELIGxPOLPARTY :: Roman Catholic | Republican,DIGWDOG_3_W45,3,"0.395027,0.379894,0.225080"
RELIGxPOLPARTY,RELIGxPOLPARTY :: Agnostic | Democrat,DNA2c_W50,2,"0.651355,0.348645"
RELIGxPOLPARTY,RELIGxPOLPARTY :: Agnostic | Independent,DNA2c_W50,2,"0.629775,0.370225"
RELIGxPOLPARTY,RELIGxPOLPARTY :: Agnostic | Other,DNA2c_W50,2,"0.579400,0.420600"
RELIGxPOLPARTY,RELIGxPOLPARTY :: Agnostic | Republican,DNA2c_W50,2,"0.602062,0.397938"
RELIGxPOLPARTY,RELIGxPOLPARTY :: Atheist | Democrat,DNA2c_W50,2,"0.590779,0.409221"
RELIGxPOLPARTY,RELIGxPOLPARTY :: Atheist | Independent,DNA2c_W50,2,"0.605799,0.394201"
RELIGxPOLPARTY,RELIGxPOLPARTY :: Atheist | Other,DNA2c_W50,2,"0.569853,0.430147"
RELIGxPOLPARTY,RELIGxPOLPARTY :: Buddhist | Democrat,DNA2c_W50,2,"0.592667,0.407333"
RELIGxPOLPARTY,RELIGxPOLPARTY :: Jewish | Democrat,DNA2c_W50,2,"0.583203,0.416797"
RELIGxPOLPARTY,RELIGxPOLPARTY :: Jewish | Independent,DNA2c_W50,2,"0.588889,0.411111"
RELIGxPOLPARTY,RELIGxPOLPARTY :: Jewish | Republican,DNA2c_W50,2,"0.573678,0.426322"
RELIGxPOLPARTY,RELIGxPOLPARTY :: Mormon | Democrat,DNA2c_W50,2,"0.585101,0.414899"
RELIGxPOLPARTY,RELIGxPOLPARTY :: Mormon | Independent,DNA2c_W50,2,"0.598312,0.401688"
RELIGxPOLPARTY,RELIGxPOLPARTY :: Mormon | Republican,DNA2c_W50,2,"0.592667,0.407333"
RELIGxPOLPARTY,RELIGxPOLPARTY :: Nothing in particular | Democrat,DNA2c_W50,2,"0.548674,0.451327"
RELIGxPOLPARTY,RELIGxPOLPARTY :: Nothing in particular | Independent,DNA2c_W50,2,"0.560253,0.439747"
RELIGxPOLPARTY,RELIGxPOLPARTY :: Nothing in particular | Other,DNA2c_W50,2,"0.527317,0.472683"
RELIGxPOLPARTY,RELIGxPOLPARTY :: Nothing in particular | Republican,DNA2c_W50,2,"0.535098,0.464902"
RELIGxPOLPARTY,RELIGxPOLPARTY :: Other | Democrat,DNA2c_W50,2,"0.560253,0.439747"
RELIGxPOLPARTY,RELIGxPOLPARTY :: Other | Independent,DNA2c_W50,2,"0.579400,0.420600"
RELIGxPOLPARTY,RELIGxPOLPARTY :: Other | Other,DNA2c_W50,2,"0.546738,0.453262"
RELIGxPOLPARTY,RELIGxPOLPARTY :: Protestant | Democrat,DNA2c_W50,2,"0.554470,0.445530"
RELIGxPOLPARTY,RELIGxPOLPARTY :: Protestant | Independent,DNA2c_W50,2,"0.562177,0.437824"
RELIGxPOLPARTY,RELIGxPOLPARTY :: Protestant | Other,DNA2c_W50,2,"0.531209,0.468791"
RELIGxPOLPARTY,RELIGxPOLPARTY :: Protestant | Refused,DNA2c_W50,2,"0.527317,0.472683"
RELIGxPOLPARTY,RELIGxPOLPARTY :: Protestant | Republican,DNA2c_W50,2,"0.550607,0.449393"
RELIGxPOLPARTY,RELIGxPOLPARTY :: Roman Catholic | Democrat,DNA2c_W50,2,"0.598312,0.401688"
RELIGxPOLPARTY,RELIGxPOLPARTY :: Roman Catholic | Independent,DNA2c_W50,2,"0.577495,0.422505"
RELIGxPOLPARTY,RELIGxPOLPARTY :: Roman Catholic | Other,DNA2c_W50,2,"0.542863,0.457137"
RELIGxPOLPARTY,RELIGxPOLPARTY :: Roman Catholic | Republican,DNA2c_W50,2,"0.583203,0.416797"
RELIGxPOLPARTY,RELIGxPOLPARTY :: Agnostic | Democrat,DNA3a_W50,2,"0.654895,0.345105"
RELIGxPOLPARTY,RELIGxPOLPARTY :: Agnostic | Independent,DNA3a_W50,2,"0.602062,0.397938"
RELIGxPOLPARTY,RELIGxPOLPARTY :: Agnostic | Other,DNA3a_W50,2,"0.583203,0.416797"
RELIGxPOLPARTY,RELIGxPOLPARTY :: Agnostic | Republican,DNA3a_W50,2,"0.596433,0.403567"
RELIGxPOLPARTY,RELIGxPOLPARTY :: Atheist | Democrat,DNA3a_W50,2,"0.583203,0.416797"
RELIGxPOLPARTY,RELIGxPOLPARTY :: Atheist | Independent,DNA3a_W50,2,"0.573678,0.426322"
RELIGxPOLPARTY,RELIGxPOLPARTY :: Atheist | Other,DNA3a_W50,2,"0.554470,0.445530"
RELIGxPOLPARTY,RELIGxPOLPARTY :: Buddhist | Democrat,DNA3a_W50,2,"0.571767,0.428233"
RELIGxPOLPARTY,RELIGxPOLPARTY :: Jewish | Democrat,DNA3a_W50,2,"0.575588,0.424412"
RELIGxPOLPARTY,RELIGxPOLPARTY :: Jewish | Independent,DNA3a_W50,2,"0.552540,0.447460"
RELIGxPOLPARTY,RELIGxPOLPARTY :: Jewish | Republican,DNA3a_W50,2,"0.552540,0.447460"
RELIGxPOLPARTY,RELIGxPOLPARTY :: Mormon | Democrat,DNA3a_W50,2,"0.575588,0.424412"
RELIGxPOLPARTY,RELIGxPOLPARTY :: Mormon | Independent,DNA3a_W50,2,"0.567937,0.432063"
RELIGxPOLPARTY,RELIGxPOLPARTY :: Mormon | Republican,DNA3a_W50,2,"0.575588,0.424412"
RELIGxPOLPARTY,RELIGxPOLPARTY :: Nothing in particular | Democrat,DNA3a_W50,2,"0.567937,0.432063"
RELIGxPOLPARTY,RELIGxPOLPARTY :: Nothing in particular | Independent,DNA3a_W50,2,"0.554470,0.445530"
RELIGxPOLPARTY,RELIGxPOLPARTY :: Nothing in particular | Other,DNA3a_W50,2,"0.540924,0.459076"
RELIGxPOLPARTY,RELIGxPOLPARTY :: Nothing in particular | Republican,DNA3a_W50,2,"0.542863,0.457137"
RELIGxPOLPARTY,RELIGxPOLPARTY :: Other | Democrat,DNA3a_W50,2,"0.567937,0.432063"
RELIGxPOLPARTY,RELIGxPOLPARTY :: Other | Independent,DNA3a_W50,2,"0.556400,0.443600"
RELIGxPOLPARTY,RELIGxPOLPARTY :: Other | Other,DNA3a_W50,2,"0.544801,0.455199"
RELIGxPOLPARTY,RELIGxPOLPARTY :: Protestant | Democrat,DNA3a_W50,2,"0.542863,0.457137"
RELIGxPOLPARTY,RELIGxPOLPARTY :: Protestant | Independent,DNA3a_W50,2,"0.523420,0.476580"
RELIGxPOLPARTY,RELIGxPOLPARTY :: Protestant | Other,DNA3a_W50,2,"0.509764,0.490236"
RELIGxPOLPARTY,RELIGxPOLPARTY :: Protestant | Refused,DNA3a_W50,2,"0.511717,0.488283"
RELIGxPOLPARTY,RELIGxPOLPARTY :: Protestant | Republican,DNA3a_W50,2,"0.525369,0.474631"
RELIGxPOLPARTY,RELIGxPOLPARTY :: Roman Catholic | Democrat,DNA3a_W50,2,"0.575588,0.424412"
RELIGxPOLPARTY,RELIGxPOLPARTY :: Roman Catholic | Independent,DNA3a_W50,2,"0.540924,0.459076"
RELIGxPOLPARTY,RELIGxPOLPARTY :: Roman Catholic | Other,DNA3a_W50,2,"0.529263,0.470737"
RELIGxPOLPARTY,RELIGxPOLPARTY :: Roman Catholic | Republican,DNA3a_W50,2,"0.558327,0.441673"
RELIGxPOLPARTY,RELIGxPOLPARTY :: Agnostic | Democrat,DNA3b_W50,2,"0.647798,0.352202"
RELIGxPOLPARTY,RELIGxPOLPARTY :: Agnostic | Independent,DNA3b_W50,2,"0.594551,0.405449"
RELIGxPOLPARTY,RELIGxPOLPARTY :: Agnostic | Other,DNA3b_W50,2,"0.581303,0.418697"
RELIGxPOLPARTY,RELIGxPOLPARTY :: Agnostic | Republican,DNA3b_W50,2,"0.598312,0.401688"
RELIGxPOLPARTY,RELIGxPOLPARTY :: Atheist | Democrat,DNA3b_W50,2,"0.577495,0.422505"
RELIGxPOLPARTY,RELIGxPOLPARTY :: Atheist | Independent,DNA3b_W50,2,"0.567937,0.432063"
RELIGxPOLPARTY,RELIGxPOLPARTY :: Atheist | Other,DNA3b_W50,2,"0.554470,0.445530"
RELIGxPOLPARTY,RELIGxPOLPARTY :: Buddhist | Democrat,DNA3b_W50,2,"0.567937,0.432063"
RELIGxPOLPARTY,RELIGxPOLPARTY :: Jewish | Democrat,DNA3b_W50,2,"0.573678,0.426322"
RELIGxPOLPARTY,RELIGxPOLPARTY :: Jewish | Independent,DNA3b_W50,2,"0.550607,0.449393"
RELIGxPOLPARTY,RELIGxPOLPARTY :: Jewish | Republican,DNA3b_W50,2,"0.560253,0.439747"
RELIGxPOLPARTY,RELIGxPOLPARTY :: Mormon | Democrat,DNA3b_W50,2,"0.571767,0.428233"
RELIGxPOLPARTY,RELIGxPOLPARTY :: Mormon | Independent,DNA3b_W50,2,"0.560253,0.439747"
RELIGxPOLPARTY,RELIGxPOLPARTY :: Mormon | Republican,DNA3b_W50,2,"0.579400,0.420600"
RELIGxPOLPARTY,RELIGxPOLPARTY :: Nothing in particular | Democrat,DNA3b_W50,2,"0.567937,0.432063"
RELIGxPOLPARTY,RELIGxPOLPARTY :: Nothing in particular | Independent,DNA3b_W50,2,"0.554470,0.445530"
RELIGxPOLPARTY,RELIGxPOLPARTY :: Nothing in particular | Other,DNA3b_W50,2,"0.548674,0.451327"
RELIGxPOLPARTY,RELIGxPOLPARTY :: Nothing in particular | Republican,DNA3b_W50,2,"0.550607,0.449393"
RELIGxPOLPARTY,RELIGxPOLPARTY :: Other | Democrat,DNA3b_W50,2,"0.569853,0.430147"
RELIGxPOLPARTY,RELIGxPOLPARTY :: Other | Independent,DNA3b_W50,2,"0.560253,0.439747"
RELIGxPOLPARTY,RELIGxPOLPARTY :: Other | Other,DNA3b_W50,2,"0.552540,0.447460"
RELIGxPOLPARTY,RELIGxPOLPARTY :: Protestant | Democrat,DNA3b_W50,2,"0.542863,0.457137"
RELIGxPOLPARTY,RELIGxPOLPARTY :: Protestant | Independent,DNA3b_W50,2,"0.523420,0.476580"
RELIGxPOLPARTY,RELIGxPOLPARTY :: Protestant | Other,DNA3b_W50,2,"0.513668,0.486332"
RELIGxPOLPARTY,RELIGxPOLPARTY :: Protestant | Refused,DNA3b_W50,2,"0.519521,0.480479"
RELIGxPOLPARTY,RELIGxPOLPARTY :: Protestant | Republican,DNA3b_W50,2,"0.531209,0.468791"
RELIGxPOLPARTY,RELIGxPOLPARTY :: Roman Catholic | Democrat,DNA3b_W50,2,"0.571767,0.428233"
RELIGxPOLPARTY,RELIGxPOLPARTY :: Roman Catholic | Independent,DNA3b_W50,2,"0.538983,0.461017"
RELIGxPOLPARTY,RELIGxPOLPARTY :: Roman Catholic | Other,DNA3b_W50,2,"0.533154,0.466846"
RELIGxPOLPARTY,RELIGxPOLPARTY :: Roman Catholic | Republican,DNA3b_W50,2,"0.566019,0.433981"
RELIGxPOLPARTY,RELIGxPOLPARTY :: Agnostic | Democrat,DNA4_W50,2,"0.839734,0.160266"
RELIGxPOLPARTY,RELIGxPOLPARTY :: Agnostic | Independent,DNA4_W50,2,"0.817574,0.182426"
RELIGxPOLPARTY,RELIGxPOLPARTY :: Agnostic | Other,DNA4_W50,2,"0.786623,0.213377"
RELIGxPOLPARTY,RELIGxPOLPARTY :: Agnostic | Republican,DNA4_W50,2,"0.812867,0.187133"
RELIGxPOLPARTY,RELIGxPOLPARTY :: Atheist | Democrat,DNA4_W50,2,"0.777300,0.222700"
RELIGxPOLPARTY,RELIGxPOLPARTY :: Atheist | Independent,DNA4_W50,2,"0.779993,0.220007"
RELIGxPOLPARTY,RELIGxPOLPARTY :: Atheist | Other,DNA4_W50,2,"0.744656,0.255344"
RELIGxPOLPARTY,RELIGxPOLPARTY :: Buddhist | Democrat,DNA4_W50,2,"0.783988,0.216012"
RELIGxPOLPARTY,RELIGxPOLPARTY :: Jewish | Democrat,DNA4_W50,2,"0.795658,0.204342"
RELIGxPOLPARTY,RELIGxPOLPARTY :: Jewish | Independent,DNA4_W50,2,"0.756358,0.243642"
RELIGxPOLPARTY,RELIGxPOLPARTY :: Jewish | Republican,DNA4_W50,2,"0.760651,0.239349"
RELIGxPOLPARTY,RELIGxPOLPARTY :: Mormon | Democrat,DNA4_W50,2,"0.775945,0.224055"
RELIGxPOLPARTY,RELIGxPOLPARTY :: Mormon | Independent,DNA4_W50,2,"0.754915,0.245085"
RELIGxPOLPARTY,RELIGxPOLPARTY :: Mormon | Republican,DNA4_W50,2,"0.777300,0.222700"
RELIGxPOLPARTY,RELIGxPOLPARTY :: Nothing in particular | Democrat,DNA4_W50,2,"0.732592,0.267408"
RELIGxPOLPARTY,RELIGxPOLPARTY :: Nothing in particular | Independent,DNA4_W50,2,"0.720172,0.279829"
RELIGxPOLPARTY,RELIGxPOLPARTY :: Nothing in particular | Other,DNA4_W50,2,"0.699254,0.300746"
RELIGxPOLPARTY,RELIGxPOLPARTY :: Nothing in particular | Republican,DNA4_W50,2,"0.702530,0.297470"
RELIGxPOLPARTY,RELIGxPOLPARTY :: Other | Democrat,DNA4_W50,2,"0.724870,0.275130"
RELIGxPOLPARTY,RELIGxPOLPARTY :: Other | Independent,DNA4_W50,2,"0.721743,0.278257"
RELIGxPOLPARTY,RELIGxPOLPARTY :: Other | Other,DNA4_W50,2,"0.707405,0.292595"
RELIGxPOLPARTY,RELIGxPOLPARTY :: Protestant | Democrat,DNA4_W50,2,"0.737158,0.262842"
RELIGxPOLPARTY,RELIGxPOLPARTY :: Protestant | Independent,DNA4_W50,2,"0.697609,0.302391"
RELIGxPOLPARTY,RELIGxPOLPARTY :: Protestant | Other,DNA4_W50,2,"0.670608,0.329392"
RELIGxPOLPARTY,RELIGxPOLPARTY :: Protestant | Refused,DNA4_W50,2,"0.667148,0.332852"
RELIGxPOLPARTY,RELIGxPOLPARTY :: Protestant | Republican,DNA4_W50,2,"0.705785,0.294215"
RELIGxPOLPARTY,RELIGxPOLPARTY :: Roman Catholic | Democrat,DNA4_W50,2,"0.782663,0.217338"
RELIGxPOLPARTY,RELIGxPOLPARTY :: Roman Catholic | Independent,DNA4_W50,2,"0.709019,0.290981"
RELIGxPOLPARTY,RELIGxPOLPARTY :: Roman Catholic | Other,DNA4_W50,2,"0.677474,0.322526"
RELIGxPOLPARTY,RELIGxPOLPARTY :: Roman Catholic | Republican,DNA4_W50,2,"0.741674,0.258326"
RELIGxPOLPARTY,RELIGxPOLPARTY :: Agnostic | Democrat,DRONE4A_W27,3,"0.432025,0.331245,0.236730"
RELIGxPOLPARTY,RELIGxPOLPARTY :: Agnostic | Independent,DRONE4A_W27,3,"0.367130,0.364273,0.268598"
RELIGxPOLPARTY,RELIGxPOLPARTY :: Agnostic | Other,DRONE4A_W27,3,"0.339394,0.336753,0.323852"
RELIGxPOLPARTY,RELIGxPOLPARTY :: Atheist | Democrat,DRONE4A_W27,3,"0.346968,0.393166,0.259867"
RELIGxPOLPARTY,RELIGxPOLPARTY :: Atheist | Independent,DRONE4A_W27,3,"0.344842,0.390758,0.264400"
RELIGxPOLPARTY,RELIGxPOLPARTY :: Atheist | Other,DRONE4A_W27,3,"0.313398,0.360719,0.325883"
RELIGxPOLPARTY,RELIGxPOLPARTY :: Jewish | Democrat,DRONE4A_W27,3,"0.343080,0.391809,0.265111"
RELIGxPOLPARTY,RELIGxPOLPARTY :: Mormon | Republican,DRONE4A_W27,3,"0.363897,0.352701,0.283403"
RELIGxPOLPARTY,RELIGxPOLPARTY :: Nothing in particular | Democrat,DRONE4A_W27,3,"0.348914,0.368527,0.282559"
RELIGxPOLPARTY,RELIGxPOLPARTY :: Nothing in particular | Independent,DRONE4A_W27,3,"0.331382,0.378450,0.290168"
RELIGxPOLPARTY,RELIGxPOLPARTY :: Nothing in particular | Other,DRONE4A_W27,3,"0.305326,0.345980,0.348694"
RELIGxPOLPARTY,RELIGxPOLPARTY :: Nothing in particular | Republican,DRONE4A_W27,3,"0.339329,0.361214,0.299457"
RELIGxPOLPARTY,RELIGxPOLPARTY :: Other | Democrat,DRONE4A_W27,3,"0.329507,0.370474,0.300019"
RELIGxPOLPARTY,RELIGxPOLPARTY :: Other | Independent,DRONE4A_W27,3,"0.314490,0.373467,0.312043"
RELIGxPOLPARTY,RELIGxPOLPARTY :: Protestant | Democrat,DRONE4A_W27,3,"0.332584,0.404320,0.263096"
RELIGxPOLPARTY,RELIGxPOLPARTY :: Protestant | Independent,DRONE4A_W27,3,"0.323981,0.403200,0.272819"
RELIGxPOLPARTY,RELIGxPOLPARTY :: Protestant | Other,DRONE4A_W27,3,"0.309733,0.370702,0.319565"
RELIGxPOLPARTY,RELIGxPOLPARTY :: Protestant | Republican,DRONE4A_W27,3,"0.339222,0.396591,0.264187"
RELIGxPOLPARTY,RELIGxPOLPARTY :: Roman Catholic | Democrat,DRONE4A_W27,3,"0.338865,0.399280,0.261855"
RELIGxPOLPARTY,RELIGxPOLPARTY :: Roman Catholic | Independent,DRONE4A_W27,3,"0.324615,0.397727,0.277658"
RELIGxPOLPARTY,RELIGxPOLPARTY :: Roman Catholic | Other,DRONE4A_W27,3,"0.312416,0.365251,0.322333"
RELIGxPOLPARTY,RELIGxPOLPARTY :: Roman Catholic | Republican,DRONE4A_W27,3,"0.347992,0.385192,0.266815"
RELIGxPOLPARTY,RELIGxPOLPARTY :: Agnostic | Democrat,DRONE4E_W27,3,"0.484890,0.253531,0.261579"
RELIGxPOLPARTY,RELIGxPOLPARTY :: Agnostic | Independent,DRONE4E_W27,3,"0.421060,0.282687,0.296253"
RELIGxPOLPARTY,RELIGxPOLPARTY :: Agnostic | Other,DRONE4E_W27,3,"0.366301,0.278667,0.355031"
RELIGxPOLPARTY,RELIGxPOLPARTY :: Atheist | Democrat,DRONE4E_W27,3,"0.409560,0.306746,0.283694"
RELIGxPOLPARTY,RELIGxPOLPARTY :: Atheist | Independent,DRONE4E_W27,3,"0.407790,0.303044,0.289166"
RELIGxPOLPARTY,RELIGxPOLPARTY :: Atheist | Other,DRONE4E_W27,3,"0.353638,0.295476,0.350886"
RELIGxPOLPARTY,RELIGxPOLPARTY :: Jewish | Democrat,DRONE4E_W27,3,"0.403058,0.306630,0.290312"
RELIGxPOLPARTY,RELIGxPOLPARTY :: Mormon | Republican,DRONE4E_W27,3,"0.421008,0.280452,0.298540"
RELIGxPOLPARTY,RELIGxPOLPARTY :: Nothing in particular | Democrat,DRONE4E_W27,3,"0.387277,0.306361,0.306361"
RELIGxPOLPARTY,RELIGxPOLPARTY :: Nothing in particular | Independent,DRONE4E_W27,3,"0.380764,0.303572,0.315664"
RELIGxPOLPARTY,RELIGxPOLPARTY :: Nothing in particular | Other,DRONE4E_W27,3,"0.330083,0.295884,0.374033"
RELIGxPOLPARTY,RELIGxPOLPARTY :: Nothing in particular | Republican,DRONE4E_W27,3,"0.374204,0.300682,0.325114"
RELIGxPOLPARTY,RELIGxPOLPARTY :: Other | Democrat,DRONE4E_W27,3,"0.368881,0.310629,0.320490"
RELIGxPOLPARTY,RELIGxPOLPARTY :: Other | Independent,DRONE4E_W27,3,"0.366838,0.301752,0.331410"
RELIGxPOLPARTY,RELIGxPOLPARTY :: Protestant | Democrat,DRONE4E_W27,3,"0.394361,0.319363,0.286276"
RELIGxPOLPARTY,RELIGxPOLPARTY :: Protestant | Independent,DRONE4E_W27,3,"0.386204,0.317683,0.296113"
RELIGxPOLPARTY,RELIGxPOLPARTY :: Protestant | Other,DRONE4E_W27,3,"0.345257,0.309486,0.345257"
RELIGxPOLPARTY,RELIGxPOLPARTY :: Protestant | Republican,DRONE4E_W27,3,"0.398340,0.310228,0.291432"
RELIGxPOLPARTY,RELIGxPOLPARTY :: Roman Catholic | Democrat,DRONE4E_W27,3,"0.399173,0.313314,0.287513"
RELIGxPOLPARTY,RELIGxPOLPARTY :: Roman Catholic | Independent,DRONE4E_W27,3,"0.373381,0.321874,0.304745"
RELIGxPOLPARTY,RELIGxPOLPARTY :: Roman Catholic | Other,DRONE4E_W27,3,"0.333820,0.313595,0.352585"
RELIGxPOLPARTY,RELIGxPOLPARTY :: Roman Catholic | Republican,DRONE4E_W27,3,"0.399392,0.301477,0.299131"
RELIGxPOLPARTY,RELIGxPOLPARTY :: Agnostic | Democrat,ECIMPh_W54,3,"0.152740,0.608836,0.238424"
RELIGxPOLPARTY,RELIGxPOLPARTY :: Agnostic | Independent,ECIMPh_W54,3,"0.127273,0.621584,0.251143"
RELIGxPOLPARTY,RELIGxPOLPARTY :: Agnostic | Other,ECIMPh_W54,3,"0.127835,0.609865,0.262300"
RELIGxPOLPARTY,RELIGxPOLPARTY :: Agnostic | Republican,ECIMPh_W54,3,"0.132549,0.627435,0.240015"
RELIGxPOLPARTY,RELIGxPOLPARTY :: Atheist | Democrat,ECIMPh_W54,3,"0.129421,0.652140,0.218439"
RELIGxPOLPARTY,RELIGxPOLPARTY :: Atheist | Independent,ECIMPh_W54,3,"0.107412,0.657978,0.234609"
RELIGxPOLPARTY,RELIGxPOLPARTY :: Atheist | Other,ECIMPh_W54,3,"0.115841,0.631140,0.253019"
RELIGxPOLPARTY,RELIGxPOLPARTY :: Jewish | Democrat,ECIMPh_W54,3,"0.116749,0.671845,0.211406"
RELIGxPOLPARTY,RELIGxPOLPARTY :: Jewish | Independent,ECIMPh_W54,3,"0.113785,0.639620,0.246595"
RELIGxPOLPARTY,RELIGxPOLPARTY :: Mormon | Independent,ECIMPh_W54,3,"0.112356,0.651637,0.236007"
RELIGxPOLPARTY,RELIGxPOLPARTY :: Mormon | Republican,ECIMPh_W54,3,"0.115971,0.667367,0.216662"
RELIGxPOLPARTY,RELIGxPOLPARTY :: Nothing in particular | Democrat,ECIMPh_W54,3,"0.131325,0.636384,0.232291"
RELIGxPOLPARTY,RELIGxPOLPARTY :: Nothing in particular | Independent,ECIMPh_W54,3,"0.101938,0.664722,0.233339"
RELIGxPOLPARTY,RELIGxPOLPARTY :: Nothing in particular | Other,ECIMPh_W54,3,"0.104140,0.647984,0.247876"
RELIGxPOLPARTY,RELIGxPOLPARTY :: Nothing in particular | Republican,ECIMPh_W54,3,"0.123821,0.633748,0.242430"
RELIGxPOLPARTY,RELIGxPOLPARTY :: Other | Democrat,ECIMPh_W54,3,"0.139117,0.618626,0.242257"
RELIGxPOLPARTY,RELIGxPOLPARTY :: Other | Independent,ECIMPh_W54,3,"0.114925,0.636010,0.249065"
RELIGxPOLPARTY,RELIGxPOLPARTY :: Protestant | Democrat,ECIMPh_W54,3,"0.122751,0.658422,0.218827"
RELIGxPOLPARTY,RELIGxPOLPARTY :: Protestant | Independent,ECIMPh_W54,3,"0.123106,0.620319,0.256575"
RELIGxPOLPARTY,RELIGxPOLPARTY :: Protestant | Other,ECIMPh_W54,3,"0.128581,0.599214,0.272205"
RELIGxPOLPARTY,RELIGxPOLPARTY :: Protestant | Refused,ECIMPh_W54,3,"0.137526,0.597386,0.265088"
RELIGxPOLPARTY,RELIGxPOLPARTY :: Protestant | Republican,ECIMPh_W54,3,"0.119123,0.643973,0.236904"
RELIGxPOLPARTY,RELIGxPOLPARTY :: Roman Catholic | Democrat,ECIMPh_W54,3,"0.115934,0.651697,0.232370"
RELIGxPOLPARTY,RELIGxPOLPARTY :: Roman Catholic | Independent,ECIMPh_W54,3,"0.130109,0.592290,0.277601"
RELIGxPOLPARTY,RELIGxPOLPARTY :: Roman Catholic | Other,ECIMPh_W54,3,"0.139872,0.566323,0.293805"
RELIGxPOLPARTY,RELIGxPOLPARTY :: Roman Catholic | Republican,ECIMPh_W54,3,"0.120446,0.616475,0.263079"
RELIGxPOLPARTY,RELIGxPOLPARTY :: Agnostic | Democrat,ECIMPj_W54,3,"0.734458,0.109167,0.156375"
RELIGxPOLPARTY,RELIGxPOLPARTY :: Agnostic | Independent,ECIMPj_W54,3,"0.742283,0.099675,0.158041"
RELIGxPOLPARTY,RELIGxPOLPARTY :: Agnostic | Other,ECIMPj_W54,3,"0.675769,0.116517,0.207714"
RELIGxPOLPARTY,RELIGxPOLPARTY :: Agnostic | Republican,ECIMPj_W54,3,"0.758057,0.089133,0.152810"
RELIGxPOLPARTY,RELIGxPOLPARTY :: Atheist | Democrat,ECIMPj_W54,3,"0.716710,0.117000,0.166290"
RELIGxPOLPARTY,RELIGxPOLPARTY :: Atheist | Independent,ECIMPj_W54,3,"0.726701,0.104691,0.168608"
RELIGxPOLPARTY,RELIGxPOLPARTY :: Atheist | Other,ECIMPj_W54,3,"0.660663,0.123169,0.216168"
RELIGxPOLPARTY,RELIGxPOLPARTY :: Jewish | Democrat,ECIMPj_W54,3,"0.719238,0.108589,0.172174"
RELIGxPOLPARTY,RELIGxPOLPARTY :: Jewish | Independent,ECIMPj_W54,3,"0.703049,0.112111,0.184840"
RELIGxPOLPARTY,RELIGxPOLPARTY :: Mormon | Independent,ECIMPj_W54,3,"0.710034,0.113225,0.176741"
RELIGxPOLPARTY,RELIGxPOLPARTY :: Mormon | Republican,ECIMPj_W54,3,"0.729802,0.099543,0.170656"
RELIGxPOLPARTY,RELIGxPOLPARTY :: Nothing in particular | Democrat,ECIMPj_W54,3,"0.657355,0.142163,0.200482"
RELIGxPOLPARTY,RELIGxPOLPARTY :: Nothing in particular | Independent,ECIMPj_W54,3,"0.704449,0.113215,0.182336"
RELIGxPOLPARTY,RELIGxPOLPARTY :: Nothing in particular | Other,ECIMPj_W54,3,"0.627611,0.137868,0.234521"
RELIGxPOLPARTY,RELIGxPOLPARTY :: Nothing in particular | Republican,ECIMPj_W54,3,"0.655208,0.132078,0.212715"
RELIGxPOLPARTY,RELIGxPOLPARTY :: Other | Democrat,ECIMPj_W54,3,"0.654632,0.139379,0.205989"
RELIGxPOLPARTY,RELIGxPOLPARTY :: Other | Independent,ECIMPj_W54,3,"0.697910,0.111292,0.190798"
RELIGxPOLPARTY,RELIGxPOLPARTY :: Protestant | Democrat,ECIMPj_W54,3,"0.720874,0.113171,0.165955"
RELIGxPOLPARTY,RELIGxPOLPARTY :: Protestant | Independent,ECIMPj_W54,3,"0.692385,0.121262,0.186353"
RELIGxPOLPARTY,RELIGxPOLPARTY :: Protestant | Other,ECIMPj_W54,3,"0.616554,0.147593,0.235853"
RELIGxPOLPARTY,RELIGxPOLPARTY :: Protestant | Refused,ECIMPj_W54,3,"0.649614,0.136166,0.214220"
RELIGxPOLPARTY,RELIGxPOLPARTY :: Protestant | Republican,ECIMPj_W54,3,"0.710138,0.108903,0.180959"
RELIGxPOLPARTY,RELIGxPOLPARTY :: Roman Catholic | Democrat,ECIMPj_W54,3,"0.747877,0.096579,0.155544"
RELIGxPOLPARTY,RELIGxPOLPARTY :: Roman Catholic | Independent,ECIMPj_W54,3,"0.696378,0.121961,0.181661"
RELIGxPOLPARTY,RELIGxPOLPARTY :: Roman Catholic | Other,ECIMPj_W54,3,"0.616554,0.147593,0.235853"
RELIGxPOLPARTY,RELIGxPOLPARTY :: Roman Catholic | Republican,ECIMPj_W54,3,"0.762672,0.083587,0.153740"
RELIGxPOLPARTY,RELIGxPOLPARTY :: Agnostic | Democrat,ECON1B_W54,3,"0.348248,0.324603,0.327149"
RELIGxPOLPARTY,RELIGxPOLPARTY :: Agnostic | Independent,ECON1B_W54,3,"0.264382,0.316424,0.419194"
RELIGxPOLPARTY,RELIGxPOLPARTY :: Agnostic | Other,ECON1B_W54,3,"0.240503,0.313675,0.445822"
RELIGxPOLPARTY,RELIGxPOLPARTY :: Agnostic | Republican,ECON1B_W54,3,"0.258263,0.329035,0.412702"
RELIGxPOLPARTY,RELIGxPOLPARTY :: Atheist | Democrat,ECON1B_W54,3,"0.281745,0.347908,0.370347"
RELIGxPOLPARTY,RELIGxPOLPARTY :: Atheist | Independent,ECON1B_W54,3,"0.263592,0.343789,0.392619"
RELIGxPOLPARTY,RELIGxPOLPARTY :: Atheist | Other,ECON1B_W54,3,"0.231922,0.324517,0.443562"
RELIGxPOLPARTY,RELIGxPOLPARTY :: Jewish | Democrat,ECON1B_W54,3,"0.275172,0.339792,0.385035"
RELIGxPOLPARTY,RELIGxPOLPARTY :: Jewish | Independent,ECON1B_W54,3,"0.258992,0.317324,0.423683"
RELIGxPOLPARTY,RELIGxPOLPARTY :: Mormon | Independent,ECON1B_W54,3,"0.259202,0.320072,0.420726"
RELIGxPOLPARTY,RELIGxPOLPARTY :: Mormon | Republican,ECON1B_W54,3,"0.278300,0.338326,0.383374"
RELIGxPOLPARTY,RELIGxPOLPARTY :: Nothing in particular | Democrat,ECON1B_W54,3,"0.283960,0.339855,0.376185"
RELIGxPOLPARTY,RELIGxPOLPARTY :: Nothing in particular | Independent,ECON1B_W54,3,"0.244676,0.329247,0.426077"
RELIGxPOLPARTY,RELIGxPOLPARTY :: Nothing in particular | Other,ECON1B_W54,3,"0.221095,0.321691,0.457215"
RELIGxPOLPARTY,RELIGxPOLPARTY :: Nothing in particular | Republican,ECON1B_W54,3,"0.256663,0.342691,0.400646"
RELIGxPOLPARTY,RELIGxPOLPARTY :: Other | Democrat,ECON1B_W54,3,"0.276085,0.343593,0.380323"
RELIGxPOLPARTY,RELIGxPOLPARTY :: Other | Independent,ECON1B_W54,3,"0.251324,0.327788,0.420888"
RELIGxPOLPARTY,RELIGxPOLPARTY :: Protestant | Democrat,ECON1B_W54,3,"0.263167,0.356907,0.379926"
RELIGxPOLPARTY,RELIGxPOLPARTY :: Protestant | Independent,ECON1B_W54,3,"0.263779,0.330852,0.405369"
RELIGxPOLPARTY,RELIGxPOLPARTY :: Protestant | Other,ECON1B_W54,3,"0.248395,0.329070,0.422535"
RELIGxPOLPARTY,RELIGxPOLPARTY :: Protestant | Refused,ECON1B_W54,3,"0.242410,0.318642,0.438948"
RELIGxPOLPARTY,RELIGxPOLPARTY :: Protestant | Republican,ECON1B_W54,3,"0.263841,0.352273,0.383886"
RELIGxPOLPARTY,RELIGxPOLPARTY :: Roman Catholic | Democrat,ECON1B_W54,3,"0.274769,0.358366,0.366865"
RELIGxPOLPARTY,RELIGxPOLPARTY :: Roman Catholic | Independent,ECON1B_W54,3,"0.268882,0.339898,0.391220"
RELIGxPOLPARTY,RELIGxPOLPARTY :: Roman Catholic | Other,ECON1B_W54,3,"0.257598,0.330762,0.411640"
RELIGxPOLPARTY,RELIGxPOLPARTY :: Roman Catholic | Republican,ECON1B_W54,3,"0.285625,0.341849,0.372526"
RELIGxPOLPARTY,RELIGxPOLPARTY :: Agnostic | Democrat,ECON1_W54,4,"0.170804,0.129941,0.397132,0.302122"
RELIGxPOLPARTY,RELIGxPOLPARTY :: Agnostic | Independent,ECON1_W54,4,"0.117510,0.133156,0.498615,0.250719"
RELIGxPOLPARTY,RELIGxPOLPARTY :: Agnostic | Other,ECON1_W54,4,"0.119738,0.120677,0.508071,0.251513"
RELIGxPOLPARTY,RELIGxPOLPARTY :: Agnostic | Republican,ECON1_W54,4,"0.132997,0.098066,0.429319,0.339619"
RELIGxPOLPARTY,RELIGxPOLPARTY :: Atheist | Democrat,ECON1_W54,4,"0.137287,0.156786,0.432900,0.273027"
RELIGxPOLPARTY,RELIGxPOLPARTY :: Atheist | Independent,ECON1_W54,4,"0.112652,0.165193,0.485528,0.236628"
RELIGxPOLPARTY,RELIGxPOLPARTY :: Atheist | Other,ECON1_W54,4,"0.113026,0.133177,0.514522,0.239275"
RELIGxPOLPARTY,RELIGxPOLPARTY :: Jewish | Democrat,ECON1_W54,4,"0.129963,0.154335,0.436238,0.279464"
RELIGxPOLPARTY,RELIGxPOLPARTY :: Jewish | Independent,ECON1_W54,4,"0.118415,0.160594,0.468340,0.252651"
RELIGxPOLPARTY,RELIGxPOLPARTY :: Mormon | Independent,ECON1_W54,4,"0.117911,0.158667,0.492562,0.230859"
RELIGxPOLPARTY,RELIGxPOLPARTY :: Mormon | Republican,ECON1_W54,4,"0.137787,0.119711,0.455329,0.287172"
RELIGxPOLPARTY,RELIGxPOLPARTY :: Nothing in particular | Democrat,ECON1_W54,4,"0.147243,0.176227,0.426062,0.250469"
RELIGxPOLPARTY,RELIGxPOLPARTY :: Nothing in particular | Independent,ECON1_W54,4,"0.100758,0.156058,0.548967,0.194217"
RELIGxPOLPARTY,RELIGxPOLPARTY :: Nothing in particular | Other,ECON1_W54,4,"0.103065,0.132338,0.565936,0.198662"
RELIGxPOLPARTY,RELIGxPOLPARTY :: Nothing in particular | Republican,ECON1_W54,4,"0.136247,0.132056,0.443261,0.288436"
RELIGxPOLPARTY,RELIGxPOLPARTY :: Other | Democrat,ECON1_W54,4,"0.149967,0.168613,0.414074,0.267346"
RELIGxPOLPARTY,RELIGxPOLPARTY :: Other | Independent,ECON1_W54,4,"0.113540,0.150416,0.504889,0.231155"
RELIGxPOLPARTY,RELIGxPOLPARTY :: Protestant | Democrat,ECON1_W54,4,"0.123100,0.152009,0.436429,0.288462"
RELIGxPOLPARTY,RELIGxPOLPARTY :: Protestant | Independent,ECON1_W54,4,"0.118432,0.158127,0.464762,0.258679"
RELIGxPOLPARTY,RELIGxPOLPARTY :: Protestant | Other,ECON1_W54,4,"0.126479,0.154965,0.459039,0.259517"
RELIGxPOLPARTY,RELIGxPOLPARTY :: Protestant | Refused,ECON1_W54,4,"0.122293,0.131201,0.450838,0.295667"
RELIGxPOLPARTY,RELIGxPOLPARTY :: Protestant | Republican,ECON1_W54,4,"0.123037,0.113791,0.426100,0.337073"
RELIGxPOLPARTY,RELIGxPOLPARTY :: Roman Catholic | Democrat,ECON1_W54,4,"0.124360,0.148840,0.444353,0.282448"
RELIGxPOLPARTY,RELIGxPOLPARTY :: Roman Catholic | Independent,ECON1_W54,4,"0.124535,0.168895,0.444979,0.261590"
RELIGxPOLPARTY,RELIGxPOLPARTY :: Roman Catholic | Other,ECON1_W54,4,"0.135491,0.159648,0.447743,0.257117"
RELIGxPOLPARTY,RELIGxPOLPARTY :: Roman Catholic | Republican,ECON1_W54,4,"0.137631,0.114995,0.401371,0.346004"
RELIGxPOLPARTY,RELIGxPOLPARTY :: Agnostic | Democrat,ECON3_a_W54,4,"0.389264,0.228837,0.218357,0.163542"
RELIGxPOLPARTY,RELIGxPOLPARTY :: Agnostic | Independent,ECON3_a_W54,4,"0.359190,0.248804,0.230106,0.161900"
RELIGxPOLPARTY,RELIGxPOLPARTY :: Agnostic | Other,ECON3_a_W54,4,"0.331284,0.248120,0.250066,0.170530"
RELIGxPOLPARTY,RELIGxPOLPARTY :: Agnostic | Republican,ECON3_a_W54,4,"0.367847,0.224860,0.217942,0.189351"
RELIGxPOLPARTY,RELIGxPOLPARTY :: Atheist | Democrat,ECON3_a_W54,4,"0.348560,0.265170,0.230384,0.155886"
RELIGxPOLPARTY,RELIGxPOLPARTY :: Atheist | Independent,ECON3_a_W54,4,"0.342854,0.273347,0.237488,0.146312"
RELIGxPOLPARTY,RELIGxPOLPARTY :: Atheist | Other,ECON3_a_W54,4,"0.319491,0.273275,0.252738,0.154496"
RELIGxPOLPARTY,RELIGxPOLPARTY :: Jewish | Democrat,ECON3_a_W54,4,"0.342871,0.250849,0.228401,0.177879"
RELIGxPOLPARTY,RELIGxPOLPARTY :: Jewish | Independent,ECON3_a_W54,4,"0.328493,0.263952,0.238461,0.169094"
RELIGxPOLPARTY,RELIGxPOLPARTY :: Mormon | Independent,ECON3_a_W54,4,"0.335785,0.265628,0.239974,0.158613"
RELIGxPOLPARTY,RELIGxPOLPARTY :: Mormon | Republican,ECON3_a_W54,4,"0.356362,0.243018,0.228294,0.172326"
RELIGxPOLPARTY,RELIGxPOLPARTY :: Nothing in particular | Democrat,ECON3_a_W54,4,"0.321637,0.266647,0.240895,0.170820"
RELIGxPOLPARTY,RELIGxPOLPARTY :: Nothing in particular | Independent,ECON3_a_W54,4,"0.312843,0.280430,0.249420,0.157307"
RELIGxPOLPARTY,RELIGxPOLPARTY :: Nothing in particular | Other,ECON3_a_W54,4,"0.296916,0.276756,0.266154,0.160174"
RELIGxPOLPARTY,RELIGxPOLPARTY :: Nothing in particular | Republican,ECON3_a_W54,4,"0.323313,0.257768,0.234700,0.184218"
RELIGxPOLPARTY,RELIGxPOLPARTY :: Other | Democrat,ECON3_a_W54,4,"0.327177,0.258819,0.237505,0.176499"
RELIGxPOLPARTY,RELIGxPOLPARTY :: Other | Independent,ECON3_a_W54,4,"0.319060,0.270783,0.244632,0.165526"
RELIGxPOLPARTY,RELIGxPOLPARTY :: Protestant | Democrat,ECON3_a_W54,4,"0.338411,0.257449,0.227198,0.176942"
RELIGxPOLPARTY,RELIGxPOLPARTY :: Protestant | Independent,ECON3_a_W54,4,"0.330501,0.267648,0.234361,0.167490"
RELIGxPOLPARTY,RELIGxPOLPARTY :: Protestant | Other,ECON3_a_W54,4,"0.313721,0.262124,0.248174,0.175982"
RELIGxPOLPARTY,RELIGxPOLPARTY :: Protestant | Refused,ECON3_a_W54,4,"0.317884,0.249510,0.228963,0.203644"
RELIGxPOLPARTY,RELIGxPOLPARTY :: Protestant | Republican,ECON3_a_W54,4,"0.354585,0.243703,0.213393,0.188319"
RELIGxPOLPARTY,RELIGxPOLPARTY :: Roman Catholic | Democrat,ECON3_a_W54,4,"0.355802,0.254280,0.219203,0.170715"
RELIGxPOLPARTY,RELIGxPOLPARTY :: Roman Catholic | Independent,ECON3_a_W54,4,"0.336194,0.265951,0.227480,0.170375"
RELIGxPOLPARTY,RELIGxPOLPARTY :: Roman Catholic | Other,ECON3_a_W54,4,"0.318998,0.258332,0.246502,0.176167"
RELIGxPOLPARTY,RELIGxPOLPARTY :: Roman Catholic | Republican,ECON3_a_W54,4,"0.377969,0.232860,0.197626,0.191545"
RELIGxPOLPARTY,RELIGxPOLPARTY :: Agnostic | Democrat,ECON4_b_W54,4,"0.319391,0.179162,0.228258,0.273189"
RELIGxPOLPARTY,RELIGxPOLPARTY :: Agnostic | Independent,ECON4_b_W54,4,"0.257346,0.192743,0.251384,0.298526"
RELIGxPOLPARTY,RELIGxPOLPARTY :: Agnostic | Other,ECON4_b_W54,4,"0.260881,0.183553,0.271274,0.284292"
RELIGxPOLPARTY,RELIGxPOLPARTY :: Agnostic | Republican,ECON4_b_W54,4,"0.292528,0.165380,0.220812,0.321279"
RELIGxPOLPARTY,RELIGxPOLPARTY :: Atheist | Democrat,ECON4_b_W54,4,"0.262441,0.212532,0.256362,0.268665"
RELIGxPOLPARTY,RELIGxPOLPARTY :: Atheist | Independent,ECON4_b_W54,4,"0.254975,0.225014,0.261021,0.258990"
RELIGxPOLPARTY,RELIGxPOLPARTY :: Atheist | Other,ECON4_b_W54,4,"0.244388,0.213993,0.283495,0.258125"
RELIGxPOLPARTY,RELIGxPOLPARTY :: Jewish | Democrat,ECON4_b_W54,4,"0.257466,0.198954,0.249545,0.294035"
RELIGxPOLPARTY,RELIGxPOLPARTY :: Jewish | Independent,ECON4_b_W54,4,"0.236124,0.208379,0.259331,0.296166"
RELIGxPOLPARTY,RELIGxPOLPARTY :: Mormon | Independent,ECON4_b_W54,4,"0.242867,0.206119,0.262602,0.288412"
RELIGxPOLPARTY,RELIGxPOLPARTY :: Mormon | Republican,ECON4_b_W54,4,"0.306051,0.187085,0.234657,0.272207"
RELIGxPOLPARTY,RELIGxPOLPARTY :: Nothing in particular | Democrat,ECON4_b_W54,4,"0.248594,0.209337,0.262567,0.279502"
RELIGxPOLPARTY,RELIGxPOLPARTY :: Nothing in particular | Independent,ECON4_b_W54,4,"0.220584,0.204007,0.285457,0.289952"
RELIGxPOLPARTY,RELIGxPOLPARTY :: Nothing in particular | Other,ECON4_b_W54,4,"0.225692,0.200734,0.301338,0.272236"
RELIGxPOLPARTY,RELIGxPOLPARTY :: Nothing in particular | Republican,ECON4_b_W54,4,"0.264682,0.198238,0.248646,0.288434"
RELIGxPOLPARTY,RELIGxPOLPARTY :: Other | Democrat,ECON4_b_W54,4,"0.259101,0.209826,0.253099,0.277974"
RELIGxPOLPARTY,RELIGxPOLPARTY :: Other | Independent,ECON4_b_W54,4,"0.237524,0.211258,0.269150,0.282067"
RELIGxPOLPARTY,RELIGxPOLPARTY :: Protestant | Democrat,ECON4_b_W54,4,"0.260990,0.209712,0.247101,0.282198"
RELIGxPOLPARTY,RELIGxPOLPARTY :: Protestant | Independent,ECON4_b_W54,4,"0.246950,0.216236,0.254789,0.282025"
RELIGxPOLPARTY,RELIGxPOLPARTY :: Protestant | Other,ECON4_b_W54,4,"0.251179,0.209868,0.269476,0.269476"
RELIGxPOLPARTY,RELIGxPOLPARTY :: Protestant | Refused,ECON4_b_W54,4,"0.265351,0.200298,0.236008,0.298343"
RELIGxPOLPARTY,RELIGxPOLPARTY :: Protestant | Republican,ECON4_b_W54,4,"0.290280,0.193368,0.226071,0.290280"
RELIGxPOLPARTY,RELIGxPOLPARTY :: Roman Catholic | Democrat,ECON4_b_W54,4,"0.275769,0.197083,0.235878,0.291270"
RELIGxPOLPARTY,RELIGxPOLPARTY :: Roman Catholic | Independent,ECON4_b_W54,4,"0.247966,0.208808,0.244122,0.299104"
RELIGxPOLPARTY,RELIGxPOLPARTY :: Roman Catholic | Other,ECON4_b_W54,4,"0.259348,0.198849,0.261382,0.280422"
RELIGxPOLPARTY,RELIGxPOLPARTY :: Roman Catholic | Republican,ECON4_b_W54,4,"0.308375,0.170301,0.200664,0.320660"
RELIGxPOLPARTY,RELIGxPOLPARTY :: Agnostic | Democrat,ECON4_h_W54,4,"0.375757,0.207513,0.212434,0.204296"
RELIGxPOLPARTY,RELIGxPOLPARTY :: Agnostic | Independent,ECON4_h_W54,4,"0.323669,0.229515,0.229515,0.217301"
RELIGxPOLPARTY,RELIGxPOLPARTY :: Agnostic | Other,ECON4_h_W54,4,"0.305834,0.223753,0.253545,0.216869"
RELIGxPOLPARTY,RELIGxPOLPARTY :: Agnostic | Republican,ECON4_h_W54,4,"0.344519,0.204121,0.208961,0.242399"
RELIGxPOLPARTY,RELIGxPOLPARTY :: Atheist | Democrat,ECON4_h_W54,4,"0.307988,0.247475,0.236142,0.208395"
RELIGxPOLPARTY,RELIGxPOLPARTY :: Atheist | Independent,ECON4_h_W54,4,"0.304047,0.256033,0.240521,0.199399"
RELIGxPOLPARTY,RELIGxPOLPARTY :: Atheist | Other,ECON4_h_W54,4,"0.286103,0.250520,0.260500,0.202877"
RELIGxPOLPARTY,RELIGxPOLPARTY :: Jewish | Democrat,ECON4_h_W54,4,"0.305212,0.234015,0.230386,0.230386"
RELIGxPOLPARTY,RELIGxPOLPARTY :: Jewish | Independent,ECON4_h_W54,4,"0.291502,0.243559,0.237917,0.227022"
RELIGxPOLPARTY,RELIGxPOLPARTY :: Mormon | Independent,ECON4_h_W54,4,"0.292952,0.244771,0.242866,0.219411"
RELIGxPOLPARTY,RELIGxPOLPARTY :: Mormon | Republican,ECON4_h_W54,4,"0.335817,0.221961,0.218520,0.223702"
RELIGxPOLPARTY,RELIGxPOLPARTY :: Nothing in particular | Democrat,ECON4_h_W54,4,"0.285411,0.249915,0.244125,0.220549"
RELIGxPOLPARTY,RELIGxPOLPARTY :: Nothing in particular | Independent,ECON4_h_W54,4,"0.271566,0.255112,0.255112,0.218209"
RELIGxPOLPARTY,RELIGxPOLPARTY :: Nothing in particular | Other,ECON4_h_W54,4,"0.262890,0.250852,0.273363,0.212895"
RELIGxPOLPARTY,RELIGxPOLPARTY :: Nothing in particular | Republican,ECON4_h_W54,4,"0.296980,0.238630,0.231288,0.233102"
RELIGxPOLPARTY,RELIGxPOLPARTY :: Other | Democrat,ECON4_h_W54,4,"0.293076,0.244874,0.237340,0.224709"
RELIGxPOLPARTY,RELIGxPOLPARTY :: Other | Independent,ECON4_h_W54,4,"0.282235,0.251025,0.245210,0.221529"
RELIGxPOLPARTY,RELIGxPOLPARTY :: Protestant | Democrat,ECON4_h_W54,4,"0.300675,0.245403,0.226961,0.226961"
RELIGxPOLPARTY,RELIGxPOLPARTY :: Protestant | Independent,ECON4_h_W54,4,"0.293538,0.249122,0.234029,0.223312"
RELIGxPOLPARTY,RELIGxPOLPARTY :: Protestant | Other,ECON4_h_W54,4,"0.286016,0.242739,0.248495,0.222750"
RELIGxPOLPARTY,RELIGxPOLPARTY :: Protestant | Refused,ECON4_h_W54,4,"0.300090,0.233711,0.221273,0.244927"
RELIGxPOLPARTY,RELIGxPOLPARTY :: Protestant | Republican,ECON4_h_W54,4,"0.326720,0.226312,0.206060,0.240908"
RELIGxPOLPARTY,RELIGxPOLPARTY :: Roman Catholic | Democrat,ECON4_h_W54,4,"0.316825,0.237291,0.219459,0.226425"
RELIGxPOLPARTY,RELIGxPOLPARTY :: Roman Catholic | Independent,ECON4_h_W54,4,"0.295808,0.245234,0.228583,0.230376"
RELIGxPOLPARTY,RELIGxPOLPARTY :: Roman Catholic | Other,ECON4_h_W54,4,"0.292001,0.236469,0.245889,0.225641"
RELIGxPOLPARTY,RELIGxPOLPARTY :: Roman Catholic | Republican,ECON4_h_W54,4,"0.348475,0.213019,0.189463,0.249044"
RELIGxPOLPARTY,RELIGxPOLPARTY :: Agnostic | Democrat,ECON5_f_W54,5,"0.203647,0.159845,0.205244,0.239955,0.191309"
RELIGxPOLPARTY,RELIGxPOLPARTY :: Agnostic | Independent,ECON5_f_W54,5,"0.161862,0.161862,0.216114,0.250697,0.209465"
RELIGxPOLPARTY,RELIGxPOLPARTY :: Agnostic | Other,ECON5_f_W54,5,"0.161137,0.158638,0.227239,0.234452,0.218534"
RELIGxPOLPARTY,RELIGxPOLPARTY :: Agnostic | Republican,ECON5_f_W54,5,"0.165862,0.149844,0.219732,0.254893,0.209669"
RELIGxPOLPARTY,RELIGxPOLPARTY :: Atheist | Democrat,ECON5_f_W54,5,"0.152998,0.166728,0.231479,0.268520,0.180276"
RELIGxPOLPARTY,RELIGxPOLPARTY :: Atheist | Independent,ECON5_f_W54,5,"0.154724,0.175326,0.211483,0.245325,0.213142"
RELIGxPOLPARTY,RELIGxPOLPARTY :: Atheist | Other,ECON5_f_W54,5,"0.146751,0.168909,0.229075,0.240069,0.215196"
RELIGxPOLPARTY,RELIGxPOLPARTY :: Jewish | Democrat,ECON5_f_W54,5,"0.146335,0.163248,0.232023,0.277695,0.180699"
RELIGxPOLPARTY,RELIGxPOLPARTY :: Jewish | Independent,ECON5_f_W54,5,"0.144625,0.171747,0.222257,0.255816,0.205554"
RELIGxPOLPARTY,RELIGxPOLPARTY :: Mormon | Independent,ECON5_f_W54,5,"0.155772,0.177897,0.211258,0.228425,0.226647"
RELIGxPOLPARTY,RELIGxPOLPARTY :: Mormon | Republican,ECON5_f_W54,5,"0.178729,0.167900,0.193252,0.213910,0.246209"
RELIGxPOLPARTY,RELIGxPOLPARTY :: Nothing in particular | Democrat,ECON5_f_W54,5,"0.156263,0.163762,0.216950,0.247764,0.215261"
RELIGxPOLPARTY,RELIGxPOLPARTY :: Nothing in particular | Independent,ECON5_f_W54,5,"0.139242,0.164067,0.207400,0.233186,0.256105"
RELIGxPOLPARTY,RELIGxPOLPARTY :: Nothing in particular | Other,ECON5_f_W54,5,"0.138512,0.164487,0.219619,0.214532,0.262850"
RELIGxPOLPARTY,RELIGxPOLPARTY :: Nothing in particular | Republican,ECON5_f_W54,5,"0.156539,0.162774,0.210646,0.231349,0.238693"
RELIGxPOLPARTY,RELIGxPOLPARTY :: Other | Democrat,ECON5_f_W54,5,"0.158105,0.165692,0.211097,0.250684,0.214422"
RELIGxPOLPARTY,RELIGxPOLPARTY :: Other | Independent,ECON5_f_W54,5,"0.143415,0.166364,0.202247,0.240175,0.247799"
RELIGxPOLPARTY,RELIGxPOLPARTY :: Protestant | Democrat,ECON5_f_W54,5,"0.143217,0.164842,0.225312,0.273910,0.192720"
RELIGxPOLPARTY,RELIGxPOLPARTY :: Protestant | Independent,ECON5_f_W54,5,"0.143552,0.167829,0.218890,0.255909,0.213820"
RELIGxPOLPARTY,RELIGxPOLPARTY :: Protestant | Other,ECON5_f_W54,5,"0.148313,0.169379,0.224391,0.237004,0.220912"
RELIGxPOLPARTY,RELIGxPOLPARTY :: Protestant | Refused,ECON5_f_W54,5,"0.157026,0.164562,0.203207,0.241314,0.233890"
RELIGxPOLPARTY,RELIGxPOLPARTY :: Protestant | Republican,ECON5_f_W54,5,"0.152984,0.161584,0.214064,0.252229,0.219140"
RELIGxPOLPARTY,RELIGxPOLPARTY :: Roman Catholic | Democrat,ECON5_f_W54,5,"0.137916,0.156279,0.232777,0.287441,0.185586"
RELIGxPOLPARTY,RELIGxPOLPARTY :: Roman Catholic | Independent,ECON5_f_W54,5,"0.148577,0.169680,0.216178,0.252738,0.212827"
RELIGxPOLPARTY,RELIGxPOLPARTY :: Roman Catholic | Other,ECON5_f_W54,5,"0.156695,0.168109,0.222709,0.229778,0.222709"
RELIGxPOLPARTY,RELIGxPOLPARTY :: Roman Catholic | Republican,ECON5_f_W54,5,"0.160999,0.153627,0.201938,0.245494,0.237941"
RELIGxPOLPARTY,RELIGxPOLPARTY :: Agnostic | Democrat,ECON5_i_W54,5,"0.208139,0.160837,0.192497,0.230389,0.208139"
RELIGxPOLPARTY,RELIGxPOLPARTY :: Agnostic | Independent,ECON5_i_W54,5,"0.174555,0.170511,0.197796,0.225890,0.231247"
RELIGxPOLPARTY,RELIGxPOLPARTY :: Agnostic | Other,ECON5_i_W54,5,"0.170717,0.164177,0.214127,0.215806,0.235173"
RELIGxPOLPARTY,RELIGxPOLPARTY :: Agnostic | Republican,ECON5_i_W54,5,"0.177626,0.157984,0.202856,0.231668,0.229866"
RELIGxPOLPARTY,RELIGxPOLPARTY :: Atheist | Democrat,ECON5_i_W54,5,"0.163469,0.178138,0.208264,0.243486,0.206644"
RELIGxPOLPARTY,RELIGxPOLPARTY :: Atheist | Independent,ECON5_i_W54,5,"0.166908,0.181886,0.189131,0.221117,0.240959"
RELIGxPOLPARTY,RELIGxPOLPARTY :: Atheist | Other,ECON5_i_W54,5,"0.160654,0.177828,0.207902,0.216184,0.237432"
RELIGxPOLPARTY,RELIGxPOLPARTY :: Jewish | Democrat,ECON5_i_W54,5,"0.155574,0.170864,0.209347,0.256497,0.207718"
RELIGxPOLPARTY,RELIGxPOLPARTY :: Jewish | Independent,ECON5_i_W54,5,"0.155843,0.177978,0.200106,0.233947,0.232127"
RELIGxPOLPARTY,RELIGxPOLPARTY :: Mormon | Independent,ECON5_i_W54,5,"0.165102,0.179918,0.188552,0.208708,0.257720"
RELIGxPOLPARTY,RELIGxPOLPARTY :: Mormon | Republican,ECON5_i_W54,5,"0.183072,0.164105,0.171981,0.199501,0.281341"
RELIGxPOLPARTY,RELIGxPOLPARTY :: Nothing in particular | Democrat,ECON5_i_W54,5,"0.165488,0.169413,0.190476,0.226196,0.248427"
RELIGxPOLPARTY,RELIGxPOLPARTY :: Nothing in particular | Independent,ECON5_i_W54,5,"0.150537,0.169253,0.178767,0.209000,0.292443"
RELIGxPOLPARTY,RELIGxPOLPARTY :: Nothing in particular | Other,ECON5_i_W54,5,"0.149912,0.168550,0.197055,0.195521,0.288962"
RELIGxPOLPARTY,RELIGxPOLPARTY :: Nothing in particular | Republican,ECON5_i_W54,5,"0.166988,0.166988,0.183400,0.209450,0.273174"
RELIGxPOLPARTY,RELIGxPOLPARTY :: Other | Democrat,ECON5_i_W54,5,"0.167012,0.170973,0.190734,0.228279,0.243002"
RELIGxPOLPARTY,RELIGxPOLPARTY :: Other | Independent,ECON5_i_W54,5,"0.154992,0.171560,0.179794,0.215185,0.278470"
RELIGxPOLPARTY,RELIGxPOLPARTY :: Protestant | Democrat,ECON5_i_W54,5,"0.153133,0.172172,0.202868,0.252474,0.219353"
RELIGxPOLPARTY,RELIGxPOLPARTY :: Protestant | Independent,ECON5_i_W54,5,"0.157263,0.175439,0.198799,0.232419,0.236079"
RELIGxPOLPARTY,RELIGxPOLPARTY :: Protestant | Other,ECON5_i_W54,5,"0.159992,0.174349,0.208669,0.218683,0.238307"
RELIGxPOLPARTY,RELIGxPOLPARTY :: Protestant | Refused,ECON5_i_W54,5,"0.169660,0.168340,0.182019,0.221279,0.258701"
RELIGxPOLPARTY,RELIGxPOLPARTY :: Protestant | Republican,ECON5_i_W54,5,"0.165956,0.165956,0.192513,0.232215,0.243359"
RELIGxPOLPARTY,RELIGxPOLPARTY :: Roman Catholic | Democrat,ECON5_i_W54,5,"0.149893,0.165916,0.209738,0.263070,0.211383"
RELIGxPOLPARTY,RELIGxPOLPARTY :: Roman Catholic | Independent,ECON5_i_W54,5,"0.161885,0.177796,0.198345,0.230085,0.231889"
RELIGxPOLPARTY,RELIGxPOLPARTY :: Roman Catholic | Other,ECON5_i_W54,5,"0.165906,0.173869,0.209725,0.214699,0.235801"
RELIGxPOLPARTY,RELIGxPOLPARTY :: Roman Catholic | Republican,ECON5_i_W54,5,"0.170185,0.159874,0.185457,0.229008,0.255477"
RELIGxPOLPARTY,RELIGxPOLPARTY :: Agnostic | Democrat,ECON5_j_W54,5,"0.202180,0.159937,0.225548,0.267844,0.144491"
RELIGxPOLPARTY,RELIGxPOLPARTY :: Agnostic | Independent,ECON5_j_W54,5,"0.167081,0.165781,0.235622,0.273327,0.158189"
RELIGxPOLPARTY,RELIGxPOLPARTY :: Agnostic | Other,ECON5_j_W54,5,"0.165823,0.164532,0.246992,0.256831,0.165823"
RELIGxPOLPARTY,RELIGxPOLPARTY :: Agnostic | Republican,ECON5_j_W54,5,"0.169750,0.153356,0.239386,0.275531,0.161977"
RELIGxPOLPARTY,RELIGxPOLPARTY :: Atheist | Democrat,ECON5_j_W54,5,"0.156696,0.172097,0.244599,0.290468,0.136140"
RELIGxPOLPARTY,RELIGxPOLPARTY :: Atheist | Independent,ECON5_j_W54,5,"0.161012,0.178224,0.228844,0.269644,0.162275"
RELIGxPOLPARTY,RELIGxPOLPARTY :: Atheist | Other,ECON5_j_W54,5,"0.155855,0.175233,0.243287,0.261009,0.164616"
RELIGxPOLPARTY,RELIGxPOLPARTY :: Jewish | Democrat,ECON5_j_W54,5,"0.151521,0.165119,0.245943,0.303700,0.133717"
RELIGxPOLPARTY,RELIGxPOLPARTY :: Jewish | Independent,ECON5_j_W54,5,"0.151703,0.171902,0.238663,0.281213,0.156519"
RELIGxPOLPARTY,RELIGxPOLPARTY :: Mormon | Independent,ECON5_j_W54,5,"0.160850,0.178044,0.228613,0.253052,0.179441"
RELIGxPOLPARTY,RELIGxPOLPARTY :: Mormon | Republican,ECON5_j_W54,5,"0.184309,0.161386,0.215479,0.234815,0.204011"
RELIGxPOLPARTY,RELIGxPOLPARTY :: Nothing in particular | Democrat,ECON5_j_W54,5,"0.156897,0.168326,0.233698,0.275363,0.165716"
RELIGxPOLPARTY,RELIGxPOLPARTY :: Nothing in particular | Independent,ECON5_j_W54,5,"0.144092,0.165849,0.232064,0.267104,0.190891"
RELIGxPOLPARTY,RELIGxPOLPARTY :: Nothing in particular | Other,ECON5_j_W54,5,"0.144787,0.166649,0.244374,0.246291,0.197900"
RELIGxPOLPARTY,RELIGxPOLPARTY :: Nothing in particular | Republican,ECON5_j_W54,5,"0.161277,0.162542,0.232831,0.257720,0.185629"
RELIGxPOLPARTY,RELIGxPOLPARTY :: Other | Democrat,ECON5_j_W54,5,"0.162159,0.169941,0.226901,0.273694,0.167306"
RELIGxPOLPARTY,RELIGxPOLPARTY :: Other | Independent,ECON5_j_W54,5,"0.151875,0.168110,0.224456,0.266548,0.189011"
RELIGxPOLPARTY,RELIGxPOLPARTY :: Protestant | Democrat,ECON5_j_W54,5,"0.147593,0.165943,0.239567,0.298146,0.148751"
RELIGxPOLPARTY,RELIGxPOLPARTY :: Protestant | Independent,ECON5_j_W54,5,"0.148872,0.168694,0.236045,0.280311,0.166079"
RELIGxPOLPARTY,RELIGxPOLPARTY :: Protestant | Other,ECON5_j_W54,5,"0.154111,0.170585,0.240563,0.260111,0.174630"
RELIGxPOLPARTY,RELIGxPOLPARTY :: Protestant | Refused,ECON5_j_W54,5,"0.164618,0.167210,0.214702,0.261012,0.192458"
RELIGxPOLPARTY,RELIGxPOLPARTY :: Protestant | Republican,ECON5_j_W54,5,"0.159424,0.159424,0.231961,0.275460,0.173731"
RELIGxPOLPARTY,RELIGxPOLPARTY :: Roman Catholic | Democrat,ECON5_j_W54,5,"0.140626,0.156879,0.246806,0.319390,0.136299"
RELIGxPOLPARTY,RELIGxPOLPARTY :: Roman Catholic | Independent,ECON5_j_W54,5,"0.152611,0.168925,0.230894,0.285116,0.162454"
RELIGxPOLPARTY,RELIGxPOLPARTY :: Roman Catholic | Other,ECON5_j_W54,5,"0.159487,0.169773,0.239419,0.258873,0.172447"
RELIGxPOLPARTY,RELIGxPOLPARTY :: Roman Catholic | Republican,ECON5_j_W54,5,"0.159666,0.151169,0.225166,0.280223,0.183775"
RELIGxPOLPARTY,RELIGxPOLPARTY :: Agnostic | Democrat,ECONFAIR2_W32,2,"0.947769,0.052231"
RELIGxPOLPARTY,RELIGxPOLPARTY :: Agnostic | Independent,ECONFAIR2_W32,2,"0.939471,0.060529"
RELIGxPOLPARTY,RELIGxPOLPARTY :: Agnostic | Other,ECONFAIR2_W32,2,"0.936749,0.063251"
RELIGxPOLPARTY,RELIGxPOLPARTY :: Atheist | Democrat,ECONFAIR2_W32,2,"0.913677,0.086323"
RELIGxPOLPARTY,RELIGxPOLPARTY :: Atheist | Independent,ECONFAIR2_W32,2,"0.911810,0.088190"
RELIGxPOLPARTY,RELIGxPOLPARTY :: Atheist | Other,ECONFAIR2_W32,2,"0.901227,0.098773"
RELIGxPOLPARTY,RELIGxPOLPARTY :: Jewish | Democrat,ECONFAIR2_W32,2,"0.936749,0.063251"
RELIGxPOLPARTY,RELIGxPOLPARTY :: Jewish | Independent,ECONFAIR2_W32,2,"0.907967,0.092033"
RELIGxPOLPARTY,RELIGxPOLPARTY :: Mormon | Republican,ECONFAIR2_W32,2,"0.950041,0.049959"
RELIGxPOLPARTY,RELIGxPOLPARTY :: Nothing in particular | Democrat,ECONFAIR2_W32,2,"0.903294,0.096706"
RELIGxPOLPARTY,RELIGxPOLPARTY :: Nothing in particular | Independent,ECONFAIR2_W32,2,"0.920790,0.079210"
RELIGxPOLPARTY,RELIGxPOLPARTY :: Nothing in particular | Other,ECONFAIR2_W32,2,"0.903975,0.096025"
RELIGxPOLPARTY,RELIGxPOLPARTY :: Nothing in particular | Republican,ECONFAIR2_W32,2,"0.930458,0.069542"
RELIGxPOLPARTY,RELIGxPOLPARTY :: Other | Democrat,ECONFAIR2_W32,2,"0.897695,0.102305"
RELIGxPOLPARTY,RELIGxPOLPARTY :: Other | Independent,ECONFAIR2_W32,2,"0.915507,0.084493"
RELIGxPOLPARTY,RELIGxPOLPARTY :: Protestant | Democrat,ECONFAIR2_W32,2,"0.939913,0.060087"
RELIGxPOLPARTY,RELIGxPOLPARTY :: Protestant | Independent,ECONFAIR2_W32,2,"0.911810,0.088190"
RELIGxPOLPARTY,RELIGxPOLPARTY :: Protestant | Other,ECONFAIR2_W32,2,"0.892563,0.107437"
RELIGxPOLPARTY,RELIGxPOLPARTY :: Protestant | Republican,ECONFAIR2_W32,2,"0.951504,0.048496"
RELIGxPOLPARTY,RELIGxPOLPARTY :: Roman Catholic | Democrat,ECONFAIR2_W32,2,"0.944177,0.055823"
RELIGxPOLPARTY,RELIGxPOLPARTY :: Roman Catholic | Independent,ECONFAIR2_W32,2,"0.897695,0.102305"
RELIGxPOLPARTY,RELIGxPOLPARTY :: Roman Catholic | Other,ECONFAIR2_W32,2,"0.882428,0.117572"
RELIGxPOLPARTY,RELIGxPOLPARTY :: Roman Catholic | Republican,ECONFAIR2_W32,2,"0.952926,0.047074"
RELIGxPOLPARTY,RELIGxPOLPARTY :: Agnostic | Democrat,ECONFAIR_W92,2,"0.951504,0.048496"
RELIGxPOLPARTY,RELIGxPOLPARTY :: Agnostic | Independent,ECONFAIR_W92,2,"0.944587,0.055413"
RELIGxPOLPARTY,RELIGxPOLPARTY :: Agnostic | Other,ECONFAIR_W92,2,"0.937211,0.062789"
RELIGxPOLPARTY,RELIGxPOLPARTY :: Agnostic | Republican,ECONFAIR_W92,2,"0.965641,0.034359"
RELIGxPOLPARTY,RELIGxPOLPARTY :: Atheist | Democrat,ECONFAIR_W92,2,"0.920218,0.079782"
RELIGxPOLPARTY,RELIGxPOLPARTY :: Atheist | Independent,ECONFAIR_W92,2,"0.914901,0.085099"
RELIGxPOLPARTY,RELIGxPOLPARTY :: Atheist | Other,ECONFAIR_W92,2,"0.893309,0.106691"
RELIGxPOLPARTY,RELIGxPOLPARTY :: Buddhist | Democrat,ECONFAIR_W92,2,"0.926304,0.073696"
RELIGxPOLPARTY,RELIGxPOLPARTY :: Jewish | Democrat,ECONFAIR_W92,2,"0.940790,0.059210"
RELIGxPOLPARTY,RELIGxPOLPARTY :: Jewish | Independent,ECONFAIR_W92,2,"0.906653,0.093347"
RELIGxPOLPARTY,RELIGxPOLPARTY :: Jewish | Republican,ECONFAIR_W92,2,"0.941223,0.058777"
RELIGxPOLPARTY,RELIGxPOLPARTY :: Mormon | Independent,ECONFAIR_W92,2,"0.925230,0.074770"
RELIGxPOLPARTY,RELIGxPOLPARTY :: Mormon | Republican,ECONFAIR_W92,2,"0.954984,0.045016"
RELIGxPOLPARTY,RELIGxPOLPARTY :: Nothing in particular | Democrat,ECONFAIR_W92,2,"0.912436,0.087564"
RELIGxPOLPARTY,RELIGxPOLPARTY :: Nothing in particular | Independent,ECONFAIR_W92,2,"0.924688,0.075312"
RELIGxPOLPARTY,RELIGxPOLPARTY :: Nothing in particular | Other,ECONFAIR_W92,2,"0.899121,0.100879"
RELIGxPOLPARTY,RELIGxPOLPARTY :: Nothing in particular | Republican,ECONFAIR_W92,2,"0.929440,0.070560"
RELIGxPOLPARTY,RELIGxPOLPARTY :: Other | Democrat,ECONFAIR_W92,2,"0.903975,0.096025"
RELIGxPOLPARTY,RELIGxPOLPARTY :: Other | Independent,ECONFAIR_W92,2,"0.915507,0.084493"
RELIGxPOLPARTY,RELIGxPOLPARTY :: Other | Other,ECONFAIR_W92,2,"0.905990,0.094010"
RELIGxPOLPARTY,RELIGxPOLPARTY :: Protestant | Democrat,ECONFAIR_W92,2,"0.946200,0.053800"
RELIGxPOLPARTY,RELIGxPOLPARTY :: Protestant | Independent,ECONFAIR_W92,2,"0.918480,0.081520"
RELIGxPOLPARTY,RELIGxPOLPARTY :: Protestant | Other,ECONFAIR_W92,2,"0.892563,0.107437"
RELIGxPOLPARTY,RELIGxPOLPARTY :: Protestant | Refused,ECONFAIR_W92,2,"0.905322,0.094678"
RELIGxPOLPARTY,RELIGxPOLPARTY :: Protestant | Republican,ECONFAIR_W92,2,"0.952574,0.047426"
RELIGxPOLPARTY,RELIGxPOLPARTY :: Roman Catholic | Democrat,ECONFAIR_W92,2,"0.951142,0.048858"
RELIGxPOLPARTY,RELIGxPOLPARTY :: Roman Catholic | Independent,ECONFAIR_W92,2,"0.908618,0.091382"
RELIGxPOLPARTY,RELIGxPOLPARTY :: Roman Catholic | Other,ECONFAIR_W92,2,"0.884838,0.115162"
RELIGxPOLPARTY,RELIGxPOLPARTY :: Roman Catholic | Republican,ECONFAIR_W92,2,"0.954308,0.045692"
RELIGxPOLPARTY,RELIGxPOLPARTY :: Agnostic | Democrat,ESSENBIZF2C_W36,3,"0.622193,0.253360,0.124446"
RELIGxPOLPARTY,RELIGxPOLPARTY :: Agnostic | Independent,ESSENBIZF2C_W36,3,"0.610221,0.268677,0.121102"
RELIGxPOLPARTY,RELIGxPOLPARTY :: Agnostic | Other,ESSENBIZF2C_W36,3,"0.525072,0.313535,0.161394"
RELIGxPOLPARTY,RELIGxPOLPARTY :: Atheist | Democrat,ESSENBIZF2C_W36,3,"0.538030,0.323792,0.138178"
RELIGxPOLPARTY,RELIGxPOLPARTY :: Atheist | Independent,ESSENBIZF2C_W36,3,"0.544428,0.320053,0.135519"
RELIGxPOLPARTY,RELIGxPOLPARTY :: Jewish | Democrat,ESSENBIZF2C_W36,3,"0.534249,0.331723,0.134028"
RELIGxPOLPARTY,RELIGxPOLPARTY :: Jewish | Independent,ESSENBIZF2C_W36,3,"0.534724,0.326870,0.138406"
RELIGxPOLPARTY,RELIGxPOLPARTY :: Mormon | Republican,ESSENBIZF2C_W36,3,"0.551931,0.309605,0.138464"
RELIGxPOLPARTY,RELIGxPOLPARTY :: Nothing in particular | Democrat,ESSENBIZF2C_W36,3,"0.492967,0.357856,0.149177"
RELIGxPOLPARTY,RELIGxPOLPARTY :: Nothing in particular | Independent,ESSENBIZF2C_W36,3,"0.520891,0.352453,0.126656"
RELIGxPOLPARTY,RELIGxPOLPARTY :: Nothing in particular | Other,ESSENBIZF2C_W36,3,"0.445791,0.396495,0.157715"
RELIGxPOLPARTY,RELIGxPOLPARTY :: Nothing in particular | Republican,ESSENBIZF2C_W36,3,"0.481063,0.360299,0.158638"
RELIGxPOLPARTY,RELIGxPOLPARTY :: Other | Democrat,ESSENBIZF2C_W36,3,"0.499610,0.340705,0.159685"
RELIGxPOLPARTY,RELIGxPOLPARTY :: Other | Independent,ESSENBIZF2C_W36,3,"0.521879,0.334328,0.143793"
RELIGxPOLPARTY,RELIGxPOLPARTY :: Protestant | Democrat,ESSENBIZF2C_W36,3,"0.546365,0.318692,0.134943"
RELIGxPOLPARTY,RELIGxPOLPARTY :: Protestant | Independent,ESSENBIZF2C_W36,3,"0.539389,0.322084,0.138527"
RELIGxPOLPARTY,RELIGxPOLPARTY :: Protestant | Other,ESSENBIZF2C_W36,3,"0.471756,0.350579,0.177665"
RELIGxPOLPARTY,RELIGxPOLPARTY :: Protestant | Republican,ESSENBIZF2C_W36,3,"0.547464,0.311936,0.140600"
RELIGxPOLPARTY,RELIGxPOLPARTY :: Roman Catholic | Democrat,ESSENBIZF2C_W36,3,"0.594522,0.287492,0.117986"
RELIGxPOLPARTY,RELIGxPOLPARTY :: Roman Catholic | Independent,ESSENBIZF2C_W36,3,"0.546559,0.316324,0.137116"
RELIGxPOLPARTY,RELIGxPOLPARTY :: Roman Catholic | Other,ESSENBIZF2C_W36,3,"0.474951,0.344778,0.180271"
RELIGxPOLPARTY,RELIGxPOLPARTY :: Roman Catholic | Republican,ESSENBIZF2C_W36,3,"0.602180,0.273553,0.124267"
RELIGxPOLPARTY,RELIGxPOLPARTY :: Agnostic | Democrat,ESSENBIZF2E_W36,3,"0.602586,0.253165,0.144249"
RELIGxPOLPARTY,RELIGxPOLPARTY :: Agnostic | Independent,ESSENBIZF2E_W36,3,"0.587236,0.268856,0.143908"
RELIGxPOLPARTY,RELIGxPOLPARTY :: Agnostic | Other,ESSENBIZF2E_W36,3,"0.521354,0.297058,0.181588"
RELIGxPOLPARTY,RELIGxPOLPARTY :: Atheist | Democrat,ESSENBIZF2E_W36,3,"0.541939,0.304000,0.154060"
RELIGxPOLPARTY,RELIGxPOLPARTY :: Atheist | Independent,ESSENBIZF2E_W36,3,"0.546465,0.301787,0.151748"
RELIGxPOLPARTY,RELIGxPOLPARTY :: Jewish | Democrat,ESSENBIZF2E_W36,3,"0.542582,0.306748,0.150670"
RELIGxPOLPARTY,RELIGxPOLPARTY :: Jewish | Independent,ESSENBIZF2E_W36,3,"0.525094,0.316007,0.158898"
RELIGxPOLPARTY,RELIGxPOLPARTY :: Mormon | Republican,ESSENBIZF2E_W36,3,"0.612713,0.249500,0.137787"
RELIGxPOLPARTY,RELIGxPOLPARTY :: Nothing in particular | Democrat,ESSENBIZF2E_W36,3,"0.491905,0.340733,0.167362"
RELIGxPOLPARTY,RELIGxPOLPARTY :: Nothing in particular | Independent,ESSENBIZF2E_W36,3,"0.510173,0.342514,0.147313"
RELIGxPOLPARTY,RELIGxPOLPARTY :: Nothing in particular | Other,ESSENBIZF2E_W36,3,"0.452943,0.369682,0.177375"
RELIGxPOLPARTY,RELIGxPOLPARTY :: Nothing in particular | Republican,ESSENBIZF2E_W36,3,"0.514690,0.322085,0.163225"
RELIGxPOLPARTY,RELIGxPOLPARTY :: Other | Democrat,ESSENBIZF2E_W36,3,"0.492329,0.327962,0.179708"
RELIGxPOLPARTY,RELIGxPOLPARTY :: Other | Independent,ESSENBIZF2E_W36,3,"0.509467,0.323837,0.166697"
RELIGxPOLPARTY,RELIGxPOLPARTY :: Protestant | Democrat,ESSENBIZF2E_W36,3,"0.548401,0.300499,0.151100"
RELIGxPOLPARTY,RELIGxPOLPARTY :: Protestant | Independent,ESSENBIZF2E_W36,3,"0.541939,0.304000,0.154060"
RELIGxPOLPARTY,RELIGxPOLPARTY :: Protestant | Other,ESSENBIZF2E_W36,3,"0.480115,0.327410,0.192475"
RELIGxPOLPARTY,RELIGxPOLPARTY :: Protestant | Republican,ESSENBIZF2E_W36,3,"0.597782,0.259119,0.143099"
RELIGxPOLPARTY,RELIGxPOLPARTY :: Roman Catholic | Democrat,ESSENBIZF2E_W36,3,"0.612903,0.253508,0.133589"
RELIGxPOLPARTY,RELIGxPOLPARTY :: Roman Catholic | Independent,ESSENBIZF2E_W36,3,"0.556716,0.291086,0.152198"
RELIGxPOLPARTY,RELIGxPOLPARTY :: Roman Catholic | Other,ESSENBIZF2E_W36,3,"0.491031,0.312118,0.196851"
RELIGxPOLPARTY,RELIGxPOLPARTY :: Roman Catholic | Republican,ESSENBIZF2E_W36,3,"0.675242,0.202744,0.122014"
RELIGxPOLPARTY,RELIGxPOLPARTY :: Agnostic | Democrat,ESSENPOLF1H_W36,3,"0.675769,0.207714,0.116517"
RELIGxPOLPARTY,RELIGxPOLPARTY :: Agnostic | Independent,ESSENPOLF1H_W36,3,"0.669214,0.220683,0.110103"
RELIGxPOLPARTY,RELIGxPOLPARTY :: Agnostic | Other,ESSENPOLF1H_W36,3,"0.581009,0.253824,0.165167"
RELIGxPOLPARTY,RELIGxPOLPARTY :: Atheist | Democrat,ESSENPOLF1H_W36,3,"0.620319,0.256575,0.123106"
RELIGxPOLPARTY,RELIGxPOLPARTY :: Atheist | Independent,ESSENPOLF1H_W36,3,"0.615781,0.264844,0.119375"
RELIGxPOLPARTY,RELIGxPOLPARTY :: Jewish | Democrat,ESSENPOLF1H_W36,3,"0.618199,0.263815,0.117985"
RELIGxPOLPARTY,RELIGxPOLPARTY :: Jewish | Independent,ESSENPOLF1H_W36,3,"0.605211,0.272790,0.121999"
RELIGxPOLPARTY,RELIGxPOLPARTY :: Mormon | Republican,ESSENPOLF1H_W36,3,"0.634818,0.237214,0.127967"
RELIGxPOLPARTY,RELIGxPOLPARTY :: Nothing in particular | Democrat,ESSENPOLF1H_W36,3,"0.558556,0.301318,0.140126"
RELIGxPOLPARTY,RELIGxPOLPARTY :: Nothing in particular | Independent,ESSENPOLF1H_W36,3,"0.587491,0.297726,0.114784"
RELIGxPOLPARTY,RELIGxPOLPARTY :: Nothing in particular | Other,ESSENPOLF1H_W36,3,"0.504216,0.335881,0.159903"
RELIGxPOLPARTY,RELIGxPOLPARTY :: Nothing in particular | Republican,ESSENPOLF1H_W36,3,"0.545816,0.301428,0.152756"
RELIGxPOLPARTY,RELIGxPOLPARTY :: Other | Democrat,ESSENPOLF1H_W36,3,"0.570667,0.278121,0.151212"
RELIGxPOLPARTY,RELIGxPOLPARTY :: Other | Independent,ESSENPOLF1H_W36,3,"0.598610,0.271931,0.129459"
RELIGxPOLPARTY,RELIGxPOLPARTY :: Protestant | Democrat,ESSENPOLF1H_W36,3,"0.628241,0.251857,0.119902"
RELIGxPOLPARTY,RELIGxPOLPARTY :: Protestant | Independent,ESSENPOLF1H_W36,3,"0.615308,0.262581,0.122112"
RELIGxPOLPARTY,RELIGxPOLPARTY :: Protestant | Other,ESSENPOLF1H_W36,3,"0.531092,0.291014,0.177894"
RELIGxPOLPARTY,RELIGxPOLPARTY :: Protestant | Republican,ESSENPOLF1H_W36,3,"0.639602,0.233465,0.126933"
RELIGxPOLPARTY,RELIGxPOLPARTY :: Roman Catholic | Democrat,ESSENPOLF1H_W36,3,"0.682335,0.211378,0.106287"
RELIGxPOLPARTY,RELIGxPOLPARTY :: Roman Catholic | Independent,ESSENPOLF1H_W36,3,"0.619721,0.256328,0.123952"
RELIGxPOLPARTY,RELIGxPOLPARTY :: Roman Catholic | Other,ESSENPOLF1H_W36,3,"0.532854,0.282997,0.184149"
RELIGxPOLPARTY,RELIGxPOLPARTY :: Roman Catholic | Republican,ESSENPOLF1H_W36,3,"0.701009,0.187206,0.111786"
RELIGxPOLPARTY,RELIGxPOLPARTY :: Agnostic | Democrat,ESSENPOLF1I_W36,3,"0.493068,0.306153,0.200780"
RELIGxPOLPARTY,RELIGxPOLPARTY :: Agnostic | Independent,ESSENPOLF1I_W36,3,"0.446399,0.334337,0.219264"
RELIGxPOLPARTY,RELIGxPOLPARTY :: Agnostic | Other,ESSENPOLF1I_W36,3,"0.391303,0.348032,0.260664"
RELIGxPOLPARTY,RELIGxPOLPARTY :: Atheist | Democrat,ESSENPOLF1I_W36,3,"0.434831,0.354899,0.210270"
RELIGxPOLPARTY,RELIGxPOLPARTY :: Atheist | Independent,ESSENPOLF1I_W36,3,"0.421665,0.357862,0.220473"
RELIGxPOLPARTY,RELIGxPOLPARTY :: Jewish | Democrat,ESSENPOLF1I_W36,3,"0.431903,0.360868,0.207229"
RELIGxPOLPARTY,RELIGxPOLPARTY :: Jewish | Independent,ESSENPOLF1I_W36,3,"0.408644,0.369179,0.222176"
RELIGxPOLPARTY,RELIGxPOLPARTY :: Mormon | Republican,ESSENPOLF1I_W36,3,"0.436982,0.327284,0.235734"
RELIGxPOLPARTY,RELIGxPOLPARTY :: Nothing in particular | Democrat,ESSENPOLF1I_W36,3,"0.393161,0.381065,0.225774"
RELIGxPOLPARTY,RELIGxPOLPARTY :: Nothing in particular | Independent,ESSENPOLF1I_W36,3,"0.379383,0.397590,0.223028"
RELIGxPOLPARTY,RELIGxPOLPARTY :: Nothing in particular | Other,ESSENPOLF1I_W36,3,"0.335298,0.407619,0.257082"
RELIGxPOLPARTY,RELIGxPOLPARTY :: Nothing in particular | Republican,ESSENPOLF1I_W36,3,"0.380945,0.369225,0.249830"
RELIGxPOLPARTY,RELIGxPOLPARTY :: Other | Democrat,ESSENPOLF1I_W36,3,"0.401788,0.360160,0.238052"
RELIGxPOLPARTY,RELIGxPOLPARTY :: Other | Independent,ESSENPOLF1I_W36,3,"0.391234,0.373318,0.235449"
RELIGxPOLPARTY,RELIGxPOLPARTY :: Protestant | Democrat,ESSENPOLF1I_W36,3,"0.432197,0.355515,0.212288"
RELIGxPOLPARTY,RELIGxPOLPARTY :: Protestant | Independent,ESSENPOLF1I_W36,3,"0.422843,0.356069,0.221088"
RELIGxPOLPARTY,RELIGxPOLPARTY :: Protestant | Other,ESSENPOLF1I_W36,3,"0.377504,0.363042,0.259454"
RELIGxPOLPARTY,RELIGxPOLPARTY :: Protestant | Republican,ESSENPOLF1I_W36,3,"0.442891,0.329129,0.227981"
RELIGxPOLPARTY,RELIGxPOLPARTY :: Roman Catholic | Democrat,ESSENPOLF1I_W36,3,"0.459935,0.339135,0.200931"
RELIGxPOLPARTY,RELIGxPOLPARTY :: Roman Catholic | Independent,ESSENPOLF1I_W36,3,"0.422542,0.353047,0.224410"
RELIGxPOLPARTY,RELIGxPOLPARTY :: Roman Catholic | Other,ESSENPOLF1I_W36,3,"0.376252,0.359022,0.264726"
RELIGxPOLPARTY,RELIGxPOLPARTY :: Roman Catholic | Republican,ESSENPOLF1I_W36,3,"0.471967,0.311951,0.216082"
RELIGxPOLPARTY,RELIGxPOLPARTY :: Agnostic | Democrat,FACE2b_W49,4,"0.292185,0.213767,0.249919,0.244129"
RELIGxPOLPARTY,RELIGxPOLPARTY :: Agnostic | Independent,FACE2b_W49,4,"0.260964,0.226730,0.267153,0.245153"
RELIGxPOLPARTY,RELIGxPOLPARTY :: Atheist | Democrat,FACE2b_W49,4,"0.247215,0.234058,0.271512,0.247215"
RELIGxPOLPARTY,RELIGxPOLPARTY :: Atheist | Independent,FACE2b_W49,4,"0.252477,0.248562,0.270868,0.228094"
RELIGxPOLPARTY,RELIGxPOLPARTY :: Atheist | Other,FACE2b_W49,4,"0.240091,0.247712,0.291877,0.220320"
RELIGxPOLPARTY,RELIGxPOLPARTY :: Jewish | Democrat,FACE2b_W49,4,"0.242335,0.229438,0.268240,0.259987"
RELIGxPOLPARTY,RELIGxPOLPARTY :: Mormon | Republican,FACE2b_W49,4,"0.254964,0.230341,0.271408,0.243288"
RELIGxPOLPARTY,RELIGxPOLPARTY :: Nothing in particular | Democrat,FACE2b_W49,4,"0.240445,0.244231,0.276750,0.238574"
RELIGxPOLPARTY,RELIGxPOLPARTY :: Nothing in particular | Independent,FACE2b_W49,4,"0.236272,0.251510,0.284998,0.227220"
RELIGxPOLPARTY,RELIGxPOLPARTY :: Nothing in particular | Other,FACE2b_W49,4,"0.227085,0.257321,0.305576,0.210019"
RELIGxPOLPARTY,RELIGxPOLPARTY :: Nothing in particular | Republican,FACE2b_W49,4,"0.237670,0.241413,0.275702,0.245215"
RELIGxPOLPARTY,RELIGxPOLPARTY :: Other | Independent,FACE2b_W49,4,"0.244030,0.249817,0.278691,0.227461"
RELIGxPOLPARTY,RELIGxPOLPARTY :: Protestant | Democrat,FACE2b_W49,4,"0.249334,0.239782,0.265415,0.245469"
RELIGxPOLPARTY,RELIGxPOLPARTY :: Protestant | Independent,FACE2b_W49,4,"0.253185,0.247320,0.265336,0.234158"
RELIGxPOLPARTY,RELIGxPOLPARTY :: Protestant | Other,FACE2b_W49,4,"0.246232,0.250110,0.281206,0.222452"
RELIGxPOLPARTY,RELIGxPOLPARTY :: Protestant | Republican,FACE2b_W49,4,"0.260750,0.233734,0.256707,0.248809"
RELIGxPOLPARTY,RELIGxPOLPARTY :: Roman Catholic | Democrat,FACE2b_W49,4,"0.261278,0.236045,0.257228,0.245448"
RELIGxPOLPARTY,RELIGxPOLPARTY :: Roman Catholic | Independent,FACE2b_W49,4,"0.259793,0.247897,0.255766,0.236545"
RELIGxPOLPARTY,RELIGxPOLPARTY :: Roman Catholic | Other,FACE2b_W49,4,"0.254105,0.248218,0.276907,0.220770"
RELIGxPOLPARTY,RELIGxPOLPARTY :: Roman Catholic | Republican,FACE2b_W49,4,"0.277471,0.224703,0.239195,0.258631"
RELIGxPOLPARTY,RELIGxPOLPARTY :: Agnostic | Democrat,FACE4d_W49,2,"0.492188,0.507812"
RELIGxPOLPARTY,RELIGxPOLPARTY :: Agnostic | Independent,FACE4d_W49,2,"0.430147,0.569853"
RELIGxPOLPARTY,RELIGxPOLPARTY :: Atheist | Democrat,FACE4d_W49,2,"0.430147,0.569853"
RELIGxPOLPARTY,RELIGxPOLPARTY :: Atheist | Independent,FACE4d_W49,2,"0.407333,0.592667"
RELIGxPOLPARTY,RELIGxPOLPARTY :: Atheist | Other,FACE4d_W49,2,"0.407333,0.592667"
RELIGxPOLPARTY,RELIGxPOLPARTY :: Jewish | Democrat,FACE4d_W49,2,"0.414899,0.585101"
RELIGxPOLPARTY,RELIGxPOLPARTY :: Mormon | Republican,FACE4d_W49,2,"0.407333,0.592667"
RELIGxPOLPARTY,RELIGxPOLPARTY :: Nothing in particular | Democrat,FACE4d_W49,2,"0.445530,0.554470"
RELIGxPOLPARTY,RELIGxPOLPARTY :: Nothing in particular | Independent,FACE4d_W49,2,"0.407333,0.592667"
RELIGxPOLPARTY,RELIGxPOLPARTY :: Nothing in particular | Other,FACE4d_W49,2,"0.403567,0.596433"
RELIGxPOLPARTY,RELIGxPOLPARTY :: Nothing in particular | Republican,FACE4d_W49,2,"0.418697,0.581303"
RELIGxPOLPARTY,RELIGxPOLPARTY :: Other | Independent,FACE4d_W49,2,"0.396068,0.603932"
RELIGxPOLPARTY,RELIGxPOLPARTY :: Protestant | Democrat,FACE4d_W49,2,"0.403567,0.596433"
RELIGxPOLPARTY,RELIGxPOLPARTY :: Protestant | Independent,FACE4d_W49,2,"0.403567,0.596433"
RELIGxPOLPARTY,RELIGxPOLPARTY :: Protestant | Other,FACE4d_W49,2,"0.411111,0.588889"
RELIGxPOLPARTY,RELIGxPOLPARTY :: Protestant | Republican,FACE4d_W49,2,"0.403567,0.596433"
RELIGxPOLPARTY,RELIGxPOLPARTY :: Roman Catholic | Democrat,FACE4d_W49,2,"0.422505,0.577495"
RELIGxPOLPARTY,RELIGxPOLPARTY :: Roman Catholic | Independent,FACE4d_W49,2,"0.414899,0.585101"
RELIGxPOLPARTY,RELIGxPOLPARTY :: Roman Catholic | Other,FACE4d_W49,2,"0.422505,0.577495"
RELIGxPOLPARTY,RELIGxPOLPARTY :: Roman Catholic | Republican,FACE4d_W49,2,"0.411111,0.588889"
RELIGxPOLPARTY,RELIGxPOLPARTY :: Agnostic | Democrat,FAMSURV10c_W50,4,"0.377923,0.232832,0.229222,0.160023"
RELIGxPOLPARTY,RELIGxPOLPARTY :: Agnostic | Independent,FAMSURV10c_W50,4,"0.331288,0.254007,0.248123,0.166582"
RELIGxPOLPARTY,RELIGxPOLPARTY :: Agnostic | Other,FAMSURV10c_W50,4,"0.306505,0.246284,0.285694,0.161517"
RELIGxPOLPARTY,RELIGxPOLPARTY :: Agnostic | Republican,FAMSURV10c_W50,4,"0.346466,0.223696,0.239990,0.189848"
RELIGxPOLPARTY,RELIGxPOLPARTY :: Atheist | Democrat,FAMSURV10c_W50,4,"0.322719,0.265462,0.253305,0.158514"
RELIGxPOLPARTY,RELIGxPOLPARTY :: Atheist | Independent,FAMSURV10c_W50,4,"0.314533,0.284157,0.252735,0.148575"
RELIGxPOLPARTY,RELIGxPOLPARTY :: Atheist | Other,FAMSURV10c_W50,4,"0.287620,0.274449,0.289876,0.148054"
RELIGxPOLPARTY,RELIGxPOLPARTY :: Buddhist | Democrat,FAMSURV10c_W50,4,"0.314369,0.262665,0.258593,0.164372"
RELIGxPOLPARTY,RELIGxPOLPARTY :: Jewish | Democrat,FAMSURV10c_W50,4,"0.312720,0.257236,0.253248,0.176796"
RELIGxPOLPARTY,RELIGxPOLPARTY :: Jewish | Independent,FAMSURV10c_W50,4,"0.300034,0.268949,0.254636,0.176381"
RELIGxPOLPARTY,RELIGxPOLPARTY :: Jewish | Republican,FAMSURV10c_W50,4,"0.313456,0.246034,0.251869,0.188641"
RELIGxPOLPARTY,RELIGxPOLPARTY :: Mormon | Democrat,FAMSURV10c_W50,4,"0.310439,0.261416,0.255360,0.172785"
RELIGxPOLPARTY,RELIGxPOLPARTY :: Mormon | Independent,FAMSURV10c_W50,4,"0.305750,0.269823,0.259487,0.164940"
RELIGxPOLPARTY,RELIGxPOLPARTY :: Mormon | Republican,FAMSURV10c_W50,4,"0.336044,0.243942,0.253660,0.166354"
RELIGxPOLPARTY,RELIGxPOLPARTY :: Nothing in particular | Democrat,FAMSURV10c_W50,4,"0.292830,0.277246,0.260448,0.169477"
RELIGxPOLPARTY,RELIGxPOLPARTY :: Nothing in particular | Independent,FAMSURV10c_W50,4,"0.278720,0.289823,0.270145,0.161311"
RELIGxPOLPARTY,RELIGxPOLPARTY :: Nothing in particular | Other,FAMSURV10c_W50,4,"0.261492,0.284958,0.305715,0.147834"
RELIGxPOLPARTY,RELIGxPOLPARTY :: Nothing in particular | Republican,FAMSURV10c_W50,4,"0.293537,0.263125,0.261077,0.182261"
RELIGxPOLPARTY,RELIGxPOLPARTY :: Other | Democrat,FAMSURV10c_W50,4,"0.302690,0.269218,0.252907,0.175184"
RELIGxPOLPARTY,RELIGxPOLPARTY :: Other | Independent,FAMSURV10c_W50,4,"0.289989,0.278879,0.261983,0.169149"
RELIGxPOLPARTY,RELIGxPOLPARTY :: Other | Other,FAMSURV10c_W50,4,"0.276794,0.276794,0.292353,0.154059"
RELIGxPOLPARTY,RELIGxPOLPARTY :: Protestant | Democrat,FAMSURV10c_W50,4,"0.313470,0.268125,0.247975,0.170431"
RELIGxPOLPARTY,RELIGxPOLPARTY :: Protestant | Independent,FAMSURV10c_W50,4,"0.309565,0.275333,0.250693,0.164409"
RELIGxPOLPARTY,RELIGxPOLPARTY :: Protestant | Other,FAMSURV10c_W50,4,"0.291410,0.267413,0.280246,0.160932"
RELIGxPOLPARTY,RELIGxPOLPARTY :: Protestant | Refused,FAMSURV10c_W50,4,"0.303127,0.253272,0.241674,0.201926"
RELIGxPOLPARTY,RELIGxPOLPARTY :: Protestant | Republican,FAMSURV10c_W50,4,"0.333638,0.247938,0.238440,0.179984"
RELIGxPOLPARTY,RELIGxPOLPARTY :: Roman Catholic | Democrat,FAMSURV10c_W50,4,"0.338292,0.259378,0.236166,0.166164"
RELIGxPOLPARTY,RELIGxPOLPARTY :: Roman Catholic | Independent,FAMSURV10c_W50,4,"0.315880,0.270186,0.242193,0.171741"
RELIGxPOLPARTY,RELIGxPOLPARTY :: Roman Catholic | Other,FAMSURV10c_W50,4,"0.301315,0.261787,0.274351,0.162547"
RELIGxPOLPARTY,RELIGxPOLPARTY :: Roman Catholic | Republican,FAMSURV10c_W50,4,"0.366596,0.233022,0.218904,0.181478"
RELIGxPOLPARTY,RELIGxPOLPARTY :: Agnostic | Democrat,FAMSURV16_W50,3,"0.683927,0.100866,0.215207"
RELIGxPOLPARTY,RELIGxPOLPARTY :: Agnostic | Independent,FAMSURV16_W50,3,"0.643778,0.111872,0.244350"
RELIGxPOLPARTY,RELIGxPOLPARTY :: Agnostic | Other,FAMSURV16_W50,3,"0.548608,0.118645,0.332747"
RELIGxPOLPARTY,RELIGxPOLPARTY :: Agnostic | Republican,FAMSURV16_W50,3,"0.630501,0.108712,0.260787"
RELIGxPOLPARTY,RELIGxPOLPARTY :: Atheist | Democrat,FAMSURV16_W50,3,"0.615392,0.132052,0.252556"
RELIGxPOLPARTY,RELIGxPOLPARTY :: Atheist | Independent,FAMSURV16_W50,3,"0.595537,0.136033,0.268430"
RELIGxPOLPARTY,RELIGxPOLPARTY :: Atheist | Other,FAMSURV16_W50,3,"0.522249,0.140561,0.337189"
RELIGxPOLPARTY,RELIGxPOLPARTY :: Buddhist | Democrat,FAMSURV16_W50,3,"0.598657,0.131507,0.269836"
RELIGxPOLPARTY,RELIGxPOLPARTY :: Jewish | Democrat,FAMSURV16_W50,3,"0.639701,0.115592,0.244707"
RELIGxPOLPARTY,RELIGxPOLPARTY :: Jewish | Independent,FAMSURV16_W50,3,"0.602422,0.132335,0.265243"
RELIGxPOLPARTY,RELIGxPOLPARTY :: Jewish | Republican,FAMSURV16_W50,3,"0.593629,0.132456,0.273915"
RELIGxPOLPARTY,RELIGxPOLPARTY :: Mormon | Democrat,FAMSURV16_W50,3,"0.616475,0.120446,0.263079"
RELIGxPOLPARTY,RELIGxPOLPARTY :: Mormon | Independent,FAMSURV16_W50,3,"0.606611,0.124207,0.269182"
RELIGxPOLPARTY,RELIGxPOLPARTY :: Mormon | Republican,FAMSURV16_W50,3,"0.620267,0.112959,0.266774"
RELIGxPOLPARTY,RELIGxPOLPARTY :: Nothing in particular | Democrat,FAMSURV16_W50,3,"0.589847,0.140101,0.270052"
RELIGxPOLPARTY,RELIGxPOLPARTY :: Nothing in particular | Independent,FAMSURV16_W50,3,"0.599720,0.125708,0.274572"
RELIGxPOLPARTY,RELIGxPOLPARTY :: Nothing in particular | Other,FAMSURV16_W50,3,"0.519486,0.134461,0.346052"
RELIGxPOLPARTY,RELIGxPOLPARTY :: Nothing in particular | Republican,FAMSURV16_W50,3,"0.567621,0.140193,0.292186"
RELIGxPOLPARTY,RELIGxPOLPARTY :: Other | Democrat,FAMSURV16_W50,3,"0.559709,0.156645,0.283647"
RELIGxPOLPARTY,RELIGxPOLPARTY :: Other | Independent,FAMSURV16_W50,3,"0.581652,0.137079,0.281269"
RELIGxPOLPARTY,RELIGxPOLPARTY :: Other | Other,FAMSURV16_W50,3,"0.524412,0.142251,0.333337"
RELIGxPOLPARTY,RELIGxPOLPARTY :: Protestant | Democrat,FAMSURV16_W50,3,"0.622179,0.128394,0.249427"
RELIGxPOLPARTY,RELIGxPOLPARTY :: Protestant | Independent,FAMSURV16_W50,3,"0.596146,0.137241,0.266613"
RELIGxPOLPARTY,RELIGxPOLPARTY :: Protestant | Other,FAMSURV16_W50,3,"0.510944,0.148693,0.340362"
RELIGxPOLPARTY,RELIGxPOLPARTY :: Protestant | Refused,FAMSURV16_W50,3,"0.557783,0.157330,0.284888"
RELIGxPOLPARTY,RELIGxPOLPARTY :: Protestant | Republican,FAMSURV16_W50,3,"0.602961,0.127379,0.269661"
RELIGxPOLPARTY,RELIGxPOLPARTY :: Roman Catholic | Democrat,FAMSURV16_W50,3,"0.649321,0.115511,0.235168"
RELIGxPOLPARTY,RELIGxPOLPARTY :: Roman Catholic | Independent,FAMSURV16_W50,3,"0.602066,0.143003,0.254931"
RELIGxPOLPARTY,RELIGxPOLPARTY :: Roman Catholic | Other,FAMSURV16_W50,3,"0.509996,0.155540,0.334464"
RELIGxPOLPARTY,RELIGxPOLPARTY :: Roman Catholic | Republican,FAMSURV16_W50,3,"0.628635,0.115381,0.255984"
RELIGxPOLPARTY,RELIGxPOLPARTY :: Agnostic | Democrat,FAMSURV18A_W50,2,"0.697609,0.302391"
RELIGxPOLPARTY,RELIGxPOLPARTY :: Agnostic | Independent,FAMSURV18A_W50,2,"0.654895,0.345105"
RELIGxPOLPARTY,RELIGxPOLPARTY :: Agnostic | Other,FAMSURV18A_W50,2,"0.624294,0.375706"
RELIGxPOLPARTY,RELIGxPOLPARTY :: Agnostic | Republican,FAMSURV18A_W50,2,"0.646014,0.353986"
RELIGxPOLPARTY,RELIGxPOLPARTY :: Atheist | Democrat,FAMSURV18A_W50,2,"0.626124,0.373876"
RELIGxPOLPARTY,RELIGxPOLPARTY :: Atheist | Independent,FAMSURV18A_W50,2,"0.618780,0.381220"
RELIGxPOLPARTY,RELIGxPOLPARTY :: Atheist | Other,FAMSURV18A_W50,2,"0.596433,0.403567"
RELIGxPOLPARTY,RELIGxPOLPARTY :: Buddhist | Democrat,FAMSURV18A_W50,2,"0.635222,0.364778"
RELIGxPOLPARTY,RELIGxPOLPARTY :: Jewish | Democrat,FAMSURV18A_W50,2,"0.638835,0.361165"
RELIGxPOLPARTY,RELIGxPOLPARTY :: Jewish | Independent,FAMSURV18A_W50,2,"0.615088,0.384912"
RELIGxPOLPARTY,RELIGxPOLPARTY :: Jewish | Republican,FAMSURV18A_W50,2,"0.616936,0.383064"
RELIGxPOLPARTY,RELIGxPOLPARTY :: Mormon | Democrat,FAMSURV18A_W50,2,"0.624294,0.375706"
RELIGxPOLPARTY,RELIGxPOLPARTY :: Mormon | Independent,FAMSURV18A_W50,2,"0.613237,0.386763"
RELIGxPOLPARTY,RELIGxPOLPARTY :: Mormon | Republican,FAMSURV18A_W50,2,"0.631594,0.368406"
RELIGxPOLPARTY,RELIGxPOLPARTY :: Nothing in particular | Democrat,FAMSURV18A_W50,2,"0.600188,0.399812"
RELIGxPOLPARTY,RELIGxPOLPARTY :: Nothing in particular | Independent,FAMSURV18A_W50,2,"0.579400,0.420600"
RELIGxPOLPARTY,RELIGxPOLPARTY :: Nothing in particular | Other,FAMSURV18A_W50,2,"0.566019,0.433981"
RELIGxPOLPARTY,RELIGxPOLPARTY :: Nothing in particular | Republican,FAMSURV18A_W50,2,"0.575588,0.424412"
RELIGxPOLPARTY,RELIGxPOLPARTY :: Other | Democrat,FAMSURV18A_W50,2,"0.594551,0.405449"
RELIGxPOLPARTY,RELIGxPOLPARTY :: Other | Independent,FAMSURV18A_W50,2,"0.581303,0.418697"
RELIGxPOLPARTY,RELIGxPOLPARTY :: Other | Other,FAMSURV18A_W50,2,"0.566019,0.433981"
RELIGxPOLPARTY,RELIGxPOLPARTY :: Protestant | Democrat,FAMSURV18A_W50,2,"0.629775,0.370225"
RELIGxPOLPARTY,RELIGxPOLPARTY :: Protestant | Independent,FAMSURV18A_W50,2,"0.613237,0.386763"
RELIGxPOLPARTY,RELIGxPOLPARTY :: Protestant | Other,FAMSURV18A_W50,2,"0.600188,0.399812"
RELIGxPOLPARTY,RELIGxPOLPARTY :: Protestant | Refused,FAMSURV18A_W50,2,"0.590779,0.409221"
RELIGxPOLPARTY,RELIGxPOLPARTY :: Protestant | Republican,FAMSURV18A_W50,2,"0.633410,0.366590"
RELIGxPOLPARTY,RELIGxPOLPARTY :: Roman Catholic | Democrat,FAMSURV18A_W50,2,"0.675765,0.324235"
RELIGxPOLPARTY,RELIGxPOLPARTY :: Roman Catholic | Independent,FAMSURV18A_W50,2,"0.631594,0.368406"
RELIGxPOLPARTY,RELIGxPOLPARTY :: Roman Catholic | Other,FAMSURV18A_W50,2,"0.613237,0.386763"
RELIGxPOLPARTY,RELIGxPOLPARTY :: Roman Catholic | Republican,FAMSURV18A_W50,2,"0.685949,0.314051"
RELIGxPOLPARTY,RELIGxPOLPARTY :: Agnostic | Democrat,FAMSURV22e_W50,3,"0.337431,0.258717,0.403852"
RELIGxPOLPARTY,RELIGxPOLPARTY :: Agnostic | Independent,FAMSURV22e_W50,3,"0.267438,0.284687,0.447875"
RELIGxPOLPARTY,RELIGxPOLPARTY :: Agnostic | Other,FAMSURV22e_W50,3,"0.260247,0.268508,0.471246"
RELIGxPOLPARTY,RELIGxPOLPARTY :: Agnostic | Republican,FAMSURV22e_W50,3,"0.273295,0.250790,0.475915"
RELIGxPOLPARTY,RELIGxPOLPARTY :: Atheist | Democrat,FAMSURV22e_W50,3,"0.279578,0.316804,0.403618"
RELIGxPOLPARTY,RELIGxPOLPARTY :: Atheist | Independent,FAMSURV22e_W50,3,"0.258539,0.311858,0.429603"
RELIGxPOLPARTY,RELIGxPOLPARTY :: Atheist | Other,FAMSURV22e_W50,3,"0.250972,0.305104,0.443924"
RELIGxPOLPARTY,RELIGxPOLPARTY :: Buddhist | Democrat,FAMSURV22e_W50,3,"0.274266,0.310784,0.414951"
RELIGxPOLPARTY,RELIGxPOLPARTY :: Jewish | Democrat,FAMSURV22e_W50,3,"0.271993,0.303431,0.424576"
RELIGxPOLPARTY,RELIGxPOLPARTY :: Jewish | Independent,FAMSURV22e_W50,3,"0.257423,0.308094,0.434483"
RELIGxPOLPARTY,RELIGxPOLPARTY :: Jewish | Republican,FAMSURV22e_W50,3,"0.269568,0.282504,0.447928"
RELIGxPOLPARTY,RELIGxPOLPARTY :: Mormon | Democrat,FAMSURV22e_W50,3,"0.269550,0.303063,0.427387"
RELIGxPOLPARTY,RELIGxPOLPARTY :: Mormon | Independent,FAMSURV22e_W50,3,"0.256892,0.302693,0.440415"
RELIGxPOLPARTY,RELIGxPOLPARTY :: Mormon | Republican,FAMSURV22e_W50,3,"0.266073,0.255880,0.478047"
RELIGxPOLPARTY,RELIGxPOLPARTY :: Nothing in particular | Democrat,FAMSURV22e_W50,3,"0.274695,0.306445,0.418860"
RELIGxPOLPARTY,RELIGxPOLPARTY :: Nothing in particular | Independent,FAMSURV22e_W50,3,"0.232933,0.311006,0.456061"
RELIGxPOLPARTY,RELIGxPOLPARTY :: Nothing in particular | Other,FAMSURV22e_W50,3,"0.227551,0.294473,0.477976"
RELIGxPOLPARTY,RELIGxPOLPARTY :: Nothing in particular | Republican,FAMSURV22e_W50,3,"0.257667,0.282992,0.459341"
RELIGxPOLPARTY,RELIGxPOLPARTY :: Other | Democrat,FAMSURV22e_W50,3,"0.278225,0.300833,0.420941"
RELIGxPOLPARTY,RELIGxPOLPARTY :: Other | Independent,FAMSURV22e_W50,3,"0.248046,0.306296,0.445658"
RELIGxPOLPARTY,RELIGxPOLPARTY :: Other | Other,FAMSURV22e_W50,3,"0.239602,0.291281,0.469117"
RELIGxPOLPARTY,RELIGxPOLPARTY :: Protestant | Democrat,FAMSURV22e_W50,3,"0.270283,0.311094,0.418623"
RELIGxPOLPARTY,RELIGxPOLPARTY :: Protestant | Independent,FAMSURV22e_W50,3,"0.260910,0.312269,0.426821"
RELIGxPOLPARTY,RELIGxPOLPARTY :: Protestant | Other,FAMSURV22e_W50,3,"0.257809,0.296737,0.445454"
RELIGxPOLPARTY,RELIGxPOLPARTY :: Protestant | Refused,FAMSURV22e_W50,3,"0.270511,0.283493,0.445997"
RELIGxPOLPARTY,RELIGxPOLPARTY :: Protestant | Republican,FAMSURV22e_W50,3,"0.265789,0.278544,0.455667"
RELIGxPOLPARTY,RELIGxPOLPARTY :: Roman Catholic | Democrat,FAMSURV22e_W50,3,"0.265654,0.296358,0.437989"
RELIGxPOLPARTY,RELIGxPOLPARTY :: Roman Catholic | Independent,FAMSURV22e_W50,3,"0.247182,0.305229,0.447589"
RELIGxPOLPARTY,RELIGxPOLPARTY :: Roman Catholic | Other,FAMSURV22e_W50,3,"0.251380,0.282634,0.465985"
RELIGxPOLPARTY,RELIGxPOLPARTY :: Roman Catholic | Republican,FAMSURV22e_W50,3,"0.259614,0.247725,0.492661"
RELIGxPOLPARTY,RELIGxPOLPARTY :: Agnostic | Democrat,FAMSURV26a_W50,4,"0.269961,0.203777,0.247730,0.278531"
RELIGxPOLPARTY,RELIGxPOLPARTY :: Agnostic | Independent,FAMSURV26a_W50,4,"0.209970,0.201926,0.265427,0.322677"
RELIGxPOLPARTY,RELIGxPOLPARTY :: Agnostic | Other,FAMSURV26a_W50,4,"0.218603,0.202175,0.287348,0.291874"
RELIGxPOLPARTY,RELIGxPOLPARTY :: Agnostic | Republican,FAMSURV26a_W50,4,"0.238729,0.181615,0.229583,0.350073"
RELIGxPOLPARTY,RELIGxPOLPARTY :: Atheist | Democrat,FAMSURV26a_W50,4,"0.218316,0.225246,0.271699,0.284738"
RELIGxPOLPARTY,RELIGxPOLPARTY :: Atheist | Independent,FAMSURV26a_W50,4,"0.200047,0.235713,0.279916,0.284324"
RELIGxPOLPARTY,RELIGxPOLPARTY :: Atheist | Other,FAMSURV26a_W50,4,"0.198661,0.226878,0.302922,0.271538"
RELIGxPOLPARTY,RELIGxPOLPARTY :: Buddhist | Democrat,FAMSURV26a_W50,4,"0.216926,0.223812,0.278539,0.280723"
RELIGxPOLPARTY,RELIGxPOLPARTY :: Jewish | Democrat,FAMSURV26a_W50,4,"0.212436,0.219179,0.266454,0.301932"
RELIGxPOLPARTY,RELIGxPOLPARTY :: Jewish | Independent,FAMSURV26a_W50,4,"0.191340,0.223699,0.271949,0.313012"
RELIGxPOLPARTY,RELIGxPOLPARTY :: Mormon | Independent,FAMSURV26a_W50,4,"0.197709,0.222290,0.283205,0.296796"
RELIGxPOLPARTY,RELIGxPOLPARTY :: Mormon | Republican,FAMSURV26a_W50,4,"0.237804,0.218221,0.257128,0.286847"
RELIGxPOLPARTY,RELIGxPOLPARTY :: Nothing in particular | Democrat,FAMSURV26a_W50,4,"0.217484,0.226147,0.274925,0.281445"
RELIGxPOLPARTY,RELIGxPOLPARTY :: Nothing in particular | Independent,FAMSURV26a_W50,4,"0.178293,0.215062,0.298584,0.308062"
RELIGxPOLPARTY,RELIGxPOLPARTY :: Nothing in particular | Other,FAMSURV26a_W50,4,"0.184560,0.220889,0.323912,0.270639"
RELIGxPOLPARTY,RELIGxPOLPARTY :: Nothing in particular | Republican,FAMSURV26a_W50,4,"0.220083,0.220083,0.261356,0.298477"
RELIGxPOLPARTY,RELIGxPOLPARTY :: Other | Democrat,FAMSURV26a_W50,4,"0.226753,0.230323,0.265101,0.277823"
RELIGxPOLPARTY,RELIGxPOLPARTY :: Other | Independent,FAMSURV26a_W50,4,"0.193314,0.226007,0.281270,0.299410"
RELIGxPOLPARTY,RELIGxPOLPARTY :: Other | Other,FAMSURV26a_W50,4,"0.199953,0.226577,0.300166,0.273304"
RELIGxPOLPARTY,RELIGxPOLPARTY :: Protestant | Democrat,FAMSURV26a_W50,4,"0.216010,0.226376,0.264661,0.292953"
RELIGxPOLPARTY,RELIGxPOLPARTY :: Protestant | Independent,FAMSURV26a_W50,4,"0.201402,0.224681,0.266815,0.307102"
RELIGxPOLPARTY,RELIGxPOLPARTY :: Protestant | Other,FAMSURV26a_W50,4,"0.209528,0.226554,0.284162,0.279756"
RELIGxPOLPARTY,RELIGxPOLPARTY :: Protestant | Republican,FAMSURV26a_W50,4,"0.230382,0.211410,0.235845,0.322362"
RELIGxPOLPARTY,RELIGxPOLPARTY :: Roman Catholic | Democrat,FAMSURV26a_W50,4,"0.220991,0.214191,0.260391,0.304427"
RELIGxPOLPARTY,RELIGxPOLPARTY :: Roman Catholic | Independent,FAMSURV26a_W50,4,"0.203769,0.211886,0.253595,0.330750"
RELIGxPOLPARTY,RELIGxPOLPARTY :: Roman Catholic | Other,FAMSURV26a_W50,4,"0.218629,0.215240,0.274223,0.291908"
RELIGxPOLPARTY,RELIGxPOLPARTY :: Roman Catholic | Republican,FAMSURV26a_W50,4,"0.241051,0.184820,0.209429,0.364699"
RELIGxPOLPARTY,RELIGxPOLPARTY :: Agnostic | Democrat,FAMSURV26c_W50,4,"0.264861,0.209523,0.260755,0.264861"
RELIGxPOLPARTY,RELIGxPOLPARTY :: Agnostic | Independent,FAMSURV26c_W50,4,"0.211354,0.208077,0.277819,0.302750"
RELIGxPOLPARTY,RELIGxPOLPARTY :: Agnostic | Other,FAMSURV26c_W50,4,"0.216877,0.210204,0.298761,0.274158"
RELIGxPOLPARTY,RELIGxPOLPARTY :: Agnostic | Republican,FAMSURV26c_W50,4,"0.236398,0.187006,0.245815,0.330780"
RELIGxPOLPARTY,RELIGxPOLPARTY :: Atheist | Democrat,FAMSURV26c_W50,4,"0.212272,0.229521,0.285644,0.272563"
RELIGxPOLPARTY,RELIGxPOLPARTY :: Atheist | Independent,FAMSURV26c_W50,4,"0.196339,0.240559,0.294739,0.268363"
RELIGxPOLPARTY,RELIGxPOLPARTY :: Atheist | Other,FAMSURV26c_W50,4,"0.195327,0.233776,0.312131,0.258766"
RELIGxPOLPARTY,RELIGxPOLPARTY :: Buddhist | Democrat,FAMSURV26c_W50,4,"0.212627,0.228115,0.288365,0.270893"
RELIGxPOLPARTY,RELIGxPOLPARTY :: Jewish | Democrat,FAMSURV26c_W50,4,"0.206171,0.221190,0.279610,0.293029"
RELIGxPOLPARTY,RELIGxPOLPARTY :: Jewish | Independent,FAMSURV26c_W50,4,"0.189620,0.225179,0.286886,0.298314"
RELIGxPOLPARTY,RELIGxPOLPARTY :: Mormon | Independent,FAMSURV26c_W50,4,"0.196672,0.226368,0.295240,0.281720"
RELIGxPOLPARTY,RELIGxPOLPARTY :: Mormon | Republican,FAMSURV26c_W50,4,"0.227516,0.225746,0.272301,0.274437"
RELIGxPOLPARTY,RELIGxPOLPARTY :: Nothing in particular | Democrat,FAMSURV26c_W50,4,"0.212724,0.230009,0.286251,0.271017"
RELIGxPOLPARTY,RELIGxPOLPARTY :: Nothing in particular | Independent,FAMSURV26c_W50,4,"0.176614,0.219800,0.312399,0.291187"
RELIGxPOLPARTY,RELIGxPOLPARTY :: Nothing in particular | Other,FAMSURV26c_W50,4,"0.182857,0.227570,0.333709,0.255864"
RELIGxPOLPARTY,RELIGxPOLPARTY :: Nothing in particular | Republican,FAMSURV26c_W50,4,"0.212949,0.224919,0.275577,0.286555"
RELIGxPOLPARTY,RELIGxPOLPARTY :: Other | Democrat,FAMSURV26c_W50,4,"0.221414,0.233860,0.275554,0.269171"
RELIGxPOLPARTY,RELIGxPOLPARTY :: Other | Independent,FAMSURV26c_W50,4,"0.190164,0.227596,0.294531,0.287709"
RELIGxPOLPARTY,RELIGxPOLPARTY :: Other | Other,FAMSURV26c_W50,4,"0.194887,0.231434,0.311429,0.262249"
RELIGxPOLPARTY,RELIGxPOLPARTY :: Protestant | Democrat,FAMSURV26c_W50,4,"0.211834,0.229047,0.276284,0.282835"
RELIGxPOLPARTY,RELIGxPOLPARTY :: Protestant | Independent,FAMSURV26c_W50,4,"0.199693,0.228056,0.279421,0.292830"
RELIGxPOLPARTY,RELIGxPOLPARTY :: Protestant | Other,FAMSURV26c_W50,4,"0.206624,0.232313,0.293672,0.267391"
RELIGxPOLPARTY,RELIGxPOLPARTY :: Protestant | Republican,FAMSURV26c_W50,4,"0.222839,0.217677,0.252510,0.306974"
RELIGxPOLPARTY,RELIGxPOLPARTY :: Roman Catholic | Democrat,FAMSURV26c_W50,4,"0.222004,0.218562,0.269888,0.289547"
RELIGxPOLPARTY,RELIGxPOLPARTY :: Roman Catholic | Independent,FAMSURV26c_W50,4,"0.205123,0.216653,0.265449,0.312775"
RELIGxPOLPARTY,RELIGxPOLPARTY :: Roman Catholic | Other,FAMSURV26c_W50,4,"0.217766,0.222930,0.284021,0.275282"
RELIGxPOLPARTY,RELIGxPOLPARTY :: Roman Catholic | Republican,FAMSURV26c_W50,4,"0.238793,0.190383,0.226085,0.344739"
RELIGxPOLPARTY,RELIGxPOLPARTY :: Agnostic | Democrat,FAMSURV2We_W50,3,"0.330160,0.382992,0.286848"
RELIGxPOLPARTY,RELIGxPOLPARTY :: Agnostic | Independent,FAMSURV2We_W50,3,"0.282330,0.407591,0.310079"
RELIGxPOLPARTY,RELIGxPOLPARTY :: Agnostic | Other,FAMSURV2We_W50,3,"0.269371,0.410742,0.319886"
RELIGxPOLPARTY,RELIGxPOLPARTY :: Agnostic | Republican,FAMSURV2We_W50,3,"0.302822,0.379824,0.317355"
RELIGxPOLPARTY,RELIGxPOLPARTY :: Atheist | Democrat,FAMSURV2We_W50,3,"0.275098,0.422765,0.302137"
RELIGxPOLPARTY,RELIGxPOLPARTY :: Atheist | Independent,FAMSURV2We_W50,3,"0.271348,0.423568,0.305084"
RELIGxPOLPARTY,RELIGxPOLPARTY :: Atheist | Other,FAMSURV2We_W50,3,"0.256641,0.426449,0.316910"
RELIGxPOLPARTY,RELIGxPOLPARTY :: Buddhist | Democrat,FAMSURV2We_W50,3,"0.261780,0.424911,0.313309"
RELIGxPOLPARTY,RELIGxPOLPARTY :: Jewish | Democrat,FAMSURV2We_W50,3,"0.269550,0.427387,0.303063"
RELIGxPOLPARTY,RELIGxPOLPARTY :: Jewish | Independent,FAMSURV2We_W50,3,"0.266098,0.425223,0.308679"
RELIGxPOLPARTY,RELIGxPOLPARTY :: Jewish | Republican,FAMSURV2We_W50,3,"0.297210,0.393740,0.309050"
RELIGxPOLPARTY,RELIGxPOLPARTY :: Mormon | Democrat,FAMSURV2We_W50,3,"0.265455,0.424196,0.310349"
RELIGxPOLPARTY,RELIGxPOLPARTY :: Mormon | Independent,FAMSURV2We_W50,3,"0.270283,0.418623,0.311094"
RELIGxPOLPARTY,RELIGxPOLPARTY :: Mormon | Republican,FAMSURV2We_W50,3,"0.308387,0.380807,0.310806"
RELIGxPOLPARTY,RELIGxPOLPARTY :: Nothing in particular | Democrat,FAMSURV2We_W50,3,"0.251286,0.447965,0.300749"
RELIGxPOLPARTY,RELIGxPOLPARTY :: Nothing in particular | Independent,FAMSURV2We_W50,3,"0.232643,0.466295,0.301062"
RELIGxPOLPARTY,RELIGxPOLPARTY :: Nothing in particular | Other,FAMSURV2We_W50,3,"0.224128,0.467123,0.308749"
RELIGxPOLPARTY,RELIGxPOLPARTY :: Nothing in particular | Republican,FAMSURV2We_W50,3,"0.270700,0.422557,0.306743"
RELIGxPOLPARTY,RELIGxPOLPARTY :: Other | Democrat,FAMSURV2We_W50,3,"0.263694,0.428017,0.308289"
RELIGxPOLPARTY,RELIGxPOLPARTY :: Other | Independent,FAMSURV2We_W50,3,"0.252968,0.437089,0.309943"
RELIGxPOLPARTY,RELIGxPOLPARTY :: Other | Other,FAMSURV2We_W50,3,"0.244553,0.446302,0.309144"
RELIGxPOLPARTY,RELIGxPOLPARTY :: Protestant | Democrat,FAMSURV2We_W50,3,"0.265320,0.434034,0.300647"
RELIGxPOLPARTY,RELIGxPOLPARTY :: Protestant | Independent,FAMSURV2We_W50,3,"0.269806,0.424464,0.305730"
RELIGxPOLPARTY,RELIGxPOLPARTY :: Protestant | Other,FAMSURV2We_W50,3,"0.265035,0.420229,0.314737"
RELIGxPOLPARTY,RELIGxPOLPARTY :: Protestant | Refused,FAMSURV2We_W50,3,"0.298425,0.398450,0.303125"
RELIGxPOLPARTY,RELIGxPOLPARTY :: Protestant | Republican,FAMSURV2We_W50,3,"0.303573,0.392853,0.303573"
RELIGxPOLPARTY,RELIGxPOLPARTY :: Roman Catholic | Democrat,FAMSURV2We_W50,3,"0.253641,0.445153,0.301206"
RELIGxPOLPARTY,RELIGxPOLPARTY :: Roman Catholic | Independent,FAMSURV2We_W50,3,"0.266981,0.423315,0.309704"
RELIGxPOLPARTY,RELIGxPOLPARTY :: Roman Catholic | Other,FAMSURV2We_W50,3,"0.260705,0.419873,0.319422"
RELIGxPOLPARTY,RELIGxPOLPARTY :: Roman Catholic | Republican,FAMSURV2We_W50,3,"0.297007,0.396557,0.306435"
RELIGxPOLPARTY,RELIGxPOLPARTY :: Agnostic | Democrat,FAMSURV30b_W50,3,"0.379143,0.264685,0.356172"
RELIGxPOLPARTY,RELIGxPOLPARTY :: Agnostic | Independent,FAMSURV30b_W50,3,"0.314017,0.285916,0.400068"
RELIGxPOLPARTY,RELIGxPOLPARTY :: Agnostic | Other,FAMSURV30b_W50,3,"0.303796,0.280965,0.415239"
RELIGxPOLPARTY,RELIGxPOLPARTY :: Agnostic | Republican,FAMSURV30b_W50,3,"0.320912,0.270235,0.408853"
RELIGxPOLPARTY,RELIGxPOLPARTY :: Atheist | Democrat,FAMSURV30b_W50,3,"0.316019,0.308699,0.375282"
RELIGxPOLPARTY,RELIGxPOLPARTY :: Atheist | Independent,FAMSURV30b_W50,3,"0.299380,0.316208,0.384412"
RELIGxPOLPARTY,RELIGxPOLPARTY :: Atheist | Other,FAMSURV30b_W50,3,"0.285717,0.311357,0.402926"
RELIGxPOLPARTY,RELIGxPOLPARTY :: Buddhist | Democrat,FAMSURV30b_W50,3,"0.308212,0.308212,0.383576"
RELIGxPOLPARTY,RELIGxPOLPARTY :: Jewish | Democrat,FAMSURV30b_W50,3,"0.314522,0.300119,0.385360"
RELIGxPOLPARTY,RELIGxPOLPARTY :: Mormon | Independent,FAMSURV30b_W50,3,"0.293541,0.305235,0.401224"
RELIGxPOLPARTY,RELIGxPOLPARTY :: Mormon | Republican,FAMSURV30b_W50,3,"0.320347,0.287157,0.392497"
RELIGxPOLPARTY,RELIGxPOLPARTY :: Nothing in particular | Democrat,FAMSURV30b_W50,3,"0.300995,0.303355,0.395650"
RELIGxPOLPARTY,RELIGxPOLPARTY :: Nothing in particular | Independent,FAMSURV30b_W50,3,"0.270283,0.311094,0.418623"
RELIGxPOLPARTY,RELIGxPOLPARTY :: Nothing in particular | Other,FAMSURV30b_W50,3,"0.267377,0.305355,0.427268"
RELIGxPOLPARTY,RELIGxPOLPARTY :: Nothing in particular | Republican,FAMSURV30b_W50,3,"0.292144,0.299072,0.408783"
RELIGxPOLPARTY,RELIGxPOLPARTY :: Other | Democrat,FAMSURV30b_W50,3,"0.305434,0.305434,0.389133"
RELIGxPOLPARTY,RELIGxPOLPARTY :: Other | Independent,FAMSURV30b_W50,3,"0.281848,0.314424,0.403728"
RELIGxPOLPARTY,RELIGxPOLPARTY :: Other | Other,FAMSURV30b_W50,3,"0.278281,0.310445,0.411273"
RELIGxPOLPARTY,RELIGxPOLPARTY :: Protestant | Democrat,FAMSURV30b_W50,3,"0.298124,0.310000,0.391876"
RELIGxPOLPARTY,RELIGxPOLPARTY :: Protestant | Independent,FAMSURV30b_W50,3,"0.285916,0.314017,0.400068"
RELIGxPOLPARTY,RELIGxPOLPARTY :: Protestant | Other,FAMSURV30b_W50,3,"0.283013,0.308410,0.408577"
RELIGxPOLPARTY,RELIGxPOLPARTY :: Protestant | Republican,FAMSURV30b_W50,3,"0.304534,0.295164,0.400302"
RELIGxPOLPARTY,RELIGxPOLPARTY :: Roman Catholic | Democrat,FAMSURV30b_W50,3,"0.287321,0.301110,0.411569"
RELIGxPOLPARTY,RELIGxPOLPARTY :: Roman Catholic | Independent,FAMSURV30b_W50,3,"0.274695,0.306445,0.418860"
RELIGxPOLPARTY,RELIGxPOLPARTY :: Roman Catholic | Other,FAMSURV30b_W50,3,"0.274833,0.299496,0.425670"
RELIGxPOLPARTY,RELIGxPOLPARTY :: Roman Catholic | Republican,FAMSURV30b_W50,3,"0.292627,0.274898,0.432475"
RELIGxPOLPARTY,RELIGxPOLPARTY :: Agnostic | Democrat,FAMSURV30e_W50,3,"0.380869,0.255703,0.363428"
RELIGxPOLPARTY,RELIGxPOLPARTY :: Agnostic | Independent,FAMSURV30e_W50,3,"0.309447,0.277387,0.413166"
RELIGxPOLPARTY,RELIGxPOLPARTY :: Agnostic | Other,FAMSURV30e_W50,3,"0.300138,0.273279,0.426583"
RELIGxPOLPARTY,RELIGxPOLPARTY :: Agnostic | Republican,FAMSURV30e_W50,3,"0.319813,0.263071,0.417115"
RELIGxPOLPARTY,RELIGxPOLPARTY :: Atheist | Democrat,FAMSURV30e_W50,3,"0.313042,0.303411,0.383547"
RELIGxPOLPARTY,RELIGxPOLPARTY :: Atheist | Independent,FAMSURV30e_W50,3,"0.293541,0.305235,0.401224"
RELIGxPOLPARTY,RELIGxPOLPARTY :: Atheist | Other,FAMSURV30e_W50,3,"0.284132,0.302457,0.413410"
RELIGxPOLPARTY,RELIGxPOLPARTY :: Buddhist | Democrat,FAMSURV30e_W50,3,"0.305009,0.300280,0.394711"
RELIGxPOLPARTY,RELIGxPOLPARTY :: Jewish | Democrat,FAMSURV30e_W50,3,"0.310228,0.291432,0.398340"
RELIGxPOLPARTY,RELIGxPOLPARTY :: Mormon | Independent,FAMSURV30e_W50,3,"0.287736,0.296869,0.415395"
RELIGxPOLPARTY,RELIGxPOLPARTY :: Mormon | Republican,FAMSURV30e_W50,3,"0.314803,0.277812,0.407385"
RELIGxPOLPARTY,RELIGxPOLPARTY :: Nothing in particular | Democrat,FAMSURV30e_W50,3,"0.296756,0.294446,0.408798"
RELIGxPOLPARTY,RELIGxPOLPARTY :: Nothing in particular | Independent,FAMSURV30e_W50,3,"0.264744,0.295343,0.439913"
RELIGxPOLPARTY,RELIGxPOLPARTY :: Nothing in particular | Other,FAMSURV30e_W50,3,"0.262011,0.292294,0.445695"
RELIGxPOLPARTY,RELIGxPOLPARTY :: Nothing in particular | Republican,FAMSURV30e_W50,3,"0.294575,0.290008,0.415417"
RELIGxPOLPARTY,RELIGxPOLPARTY :: Other | Democrat,FAMSURV30e_W50,3,"0.301235,0.296564,0.402201"
RELIGxPOLPARTY,RELIGxPOLPARTY :: Other | Independent,FAMSURV30e_W50,3,"0.278225,0.300833,0.420941"
RELIGxPOLPARTY,RELIGxPOLPARTY :: Other | Other,FAMSURV30e_W50,3,"0.275475,0.297860,0.426665"
RELIGxPOLPARTY,RELIGxPOLPARTY :: Protestant | Democrat,FAMSURV30e_W50,3,"0.294008,0.300980,0.405013"
RELIGxPOLPARTY,RELIGxPOLPARTY :: Protestant | Independent,FAMSURV30e_W50,3,"0.280965,0.303796,0.415239"
RELIGxPOLPARTY,RELIGxPOLPARTY :: Protestant | Other,FAMSURV30e_W50,3,"0.278878,0.299193,0.421929"
RELIGxPOLPARTY,RELIGxPOLPARTY :: Protestant | Republican,FAMSURV30e_W50,3,"0.302078,0.288244,0.409678"
RELIGxPOLPARTY,RELIGxPOLPARTY :: Roman Catholic | Democrat,FAMSURV30e_W50,3,"0.283697,0.290424,0.425879"
RELIGxPOLPARTY,RELIGxPOLPARTY :: Roman Catholic | Independent,FAMSURV30e_W50,3,"0.269003,0.297759,0.433237"
RELIGxPOLPARTY,RELIGxPOLPARTY :: Roman Catholic | Other,FAMSURV30e_W50,3,"0.268704,0.288277,0.443018"
RELIGxPOLPARTY,RELIGxPOLPARTY :: Roman Catholic | Republican,FAMSURV30e_W50,3,"0.286876,0.265317,0.447807"
RELIGxPOLPARTY,RELIGxPOLPARTY :: Agnostic | Democrat,FAMSURV32e_W50,4,"0.415619,0.256055,0.202556,0.125770"
RELIGxPOLPARTY,RELIGxPOLPARTY :: Agnostic | Independent,FAMSURV32e_W50,4,"0.350644,0.299922,0.219428,0.130006"
RELIGxPOLPARTY,RELIGxPOLPARTY :: Agnostic | Other,FAMSURV32e_W50,4,"0.300356,0.295699,0.260954,0.142991"
RELIGxPOLPARTY,RELIGxPOLPARTY :: Agnostic | Republican,FAMSURV32e_W50,4,"0.335116,0.291153,0.221498,0.152233"
RELIGxPOLPARTY,RELIGxPOLPARTY :: Atheist | Democrat,FAMSURV32e_W50,4,"0.329607,0.314513,0.224772,0.131108"
RELIGxPOLPARTY,RELIGxPOLPARTY :: Atheist | Independent,FAMSURV32e_W50,4,"0.306085,0.328381,0.232857,0.132678"
RELIGxPOLPARTY,RELIGxPOLPARTY :: Atheist | Other,FAMSURV32e_W50,4,"0.264036,0.320986,0.270298,0.144680"
RELIGxPOLPARTY,RELIGxPOLPARTY :: Buddhist | Democrat,FAMSURV32e_W50,4,"0.320221,0.300820,0.237968,0.140991"
RELIGxPOLPARTY,RELIGxPOLPARTY :: Jewish | Democrat,FAMSURV32e_W50,4,"0.305857,0.310673,0.230873,0.152598"
RELIGxPOLPARTY,RELIGxPOLPARTY :: Jewish | Independent,FAMSURV32e_W50,4,"0.282081,0.319640,0.241277,0.157002"
RELIGxPOLPARTY,RELIGxPOLPARTY :: Jewish | Republican,FAMSURV32e_W50,4,"0.260916,0.307434,0.250920,0.180731"
RELIGxPOLPARTY,RELIGxPOLPARTY :: Mormon | Democrat,FAMSURV32e_W50,4,"0.318993,0.314048,0.229762,0.137197"
RELIGxPOLPARTY,RELIGxPOLPARTY :: Mormon | Independent,FAMSURV32e_W50,4,"0.302039,0.321519,0.237073,0.139368"
RELIGxPOLPARTY,RELIGxPOLPARTY :: Mormon | Republican,FAMSURV32e_W50,4,"0.301374,0.303737,0.242160,0.152729"
RELIGxPOLPARTY,RELIGxPOLPARTY :: Nothing in particular | Democrat,FAMSURV32e_W50,4,"0.303597,0.325712,0.232776,0.137915"
RELIGxPOLPARTY,RELIGxPOLPARTY :: Nothing in particular | Independent,FAMSURV32e_W50,4,"0.278923,0.341743,0.242332,0.137002"
RELIGxPOLPARTY,RELIGxPOLPARTY :: Nothing in particular | Other,FAMSURV32e_W50,4,"0.238386,0.336178,0.283090,0.142347"
RELIGxPOLPARTY,RELIGxPOLPARTY :: Nothing in particular | Republican,FAMSURV32e_W50,4,"0.258288,0.326507,0.252305,0.162900"
RELIGxPOLPARTY,RELIGxPOLPARTY :: Other | Democrat,FAMSURV32e_W50,4,"0.300873,0.312858,0.236158,0.150111"
RELIGxPOLPARTY,RELIGxPOLPARTY :: Other | Independent,FAMSURV32e_W50,4,"0.271951,0.325482,0.247614,0.154953"
RELIGxPOLPARTY,RELIGxPOLPARTY :: Other | Other,FAMSURV32e_W50,4,"0.239985,0.325467,0.278387,0.156161"
RELIGxPOLPARTY,RELIGxPOLPARTY :: Protestant | Democrat,FAMSURV32e_W50,4,"0.317606,0.315135,0.225217,0.142042"
RELIGxPOLPARTY,RELIGxPOLPARTY :: Protestant | Independent,FAMSURV32e_W50,4,"0.301885,0.318854,0.233279,0.145982"
RELIGxPOLPARTY,RELIGxPOLPARTY :: Protestant | Other,FAMSURV32e_W50,4,"0.268348,0.308867,0.266260,0.156526"
RELIGxPOLPARTY,RELIGxPOLPARTY :: Protestant | Refused,FAMSURV32e_W50,4,"0.265845,0.301242,0.245867,0.187046"
RELIGxPOLPARTY,RELIGxPOLPARTY :: Protestant | Republican,FAMSURV32e_W50,4,"0.291137,0.305109,0.233935,0.169819"
RELIGxPOLPARTY,RELIGxPOLPARTY :: Roman Catholic | Democrat,FAMSURV32e_W50,4,"0.363061,0.315433,0.198941,0.122564"
RELIGxPOLPARTY,RELIGxPOLPARTY :: Roman Catholic | Independent,FAMSURV32e_W50,4,"0.326621,0.324079,0.214203,0.135096"
RELIGxPOLPARTY,RELIGxPOLPARTY :: Roman Catholic | Other,FAMSURV32e_W50,4,"0.281243,0.311307,0.258083,0.149367"
RELIGxPOLPARTY,RELIGxPOLPARTY :: Roman Catholic | Republican,FAMSURV32e_W50,4,"0.325626,0.313152,0.208604,0.152618"
RELIGxPOLPARTY,RELIGxPOLPARTY :: Agnostic | Democrat,FAMSURV34A_W50,3,"0.145950,0.568294,0.285756"
RELIGxPOLPARTY,RELIGxPOLPARTY :: Agnostic | Independent,FAMSURV34A_W50,3,"0.112366,0.536070,0.351563"
RELIGxPOLPARTY,RELIGxPOLPARTY :: Agnostic | Other,FAMSURV34A_W50,3,"0.112471,0.504060,0.383469"
RELIGxPOLPARTY,RELIGxPOLPARTY :: Agnostic | Republican,FAMSURV34A_W50,3,"0.114744,0.578184,0.307071"
RELIGxPOLPARTY,RELIGxPOLPARTY :: Atheist | Democrat,FAMSURV34A_W50,3,"0.105586,0.602880,0.291534"
RELIGxPOLPARTY,RELIGxPOLPARTY :: Atheist | Independent,FAMSURV34A_W50,3,"0.094528,0.588175,0.317297"
RELIGxPOLPARTY,RELIGxPOLPARTY :: Atheist | Other,FAMSURV34A_W50,3,"0.095729,0.525656,0.378615"
RELIGxPOLPARTY,RELIGxPOLPARTY :: Buddhist | Democrat,FAMSURV34A_W50,3,"0.112072,0.573614,0.314314"
RELIGxPOLPARTY,RELIGxPOLPARTY :: Jewish | Democrat,FAMSURV34A_W50,3,"0.103404,0.599715,0.296881"
RELIGxPOLPARTY,RELIGxPOLPARTY :: Jewish | Independent,FAMSURV34A_W50,3,"0.100186,0.550130,0.349684"
RELIGxPOLPARTY,RELIGxPOLPARTY :: Jewish | Republican,FAMSURV34A_W50,3,"0.101251,0.601155,0.297594"
RELIGxPOLPARTY,RELIGxPOLPARTY :: Mormon | Democrat,FAMSURV34A_W50,3,"0.107323,0.589321,0.303356"
RELIGxPOLPARTY,RELIGxPOLPARTY :: Mormon | Independent,FAMSURV34A_W50,3,"0.098516,0.549477,0.352008"
RELIGxPOLPARTY,RELIGxPOLPARTY :: Mormon | Republican,FAMSURV34A_W50,3,"0.100479,0.615510,0.284011"
RELIGxPOLPARTY,RELIGxPOLPARTY :: Nothing in particular | Democrat,FAMSURV34A_W50,3,"0.112557,0.554025,0.333418"
RELIGxPOLPARTY,RELIGxPOLPARTY :: Nothing in particular | Independent,FAMSURV34A_W50,3,"0.086714,0.539551,0.373736"
RELIGxPOLPARTY,RELIGxPOLPARTY :: Nothing in particular | Other,FAMSURV34A_W50,3,"0.087605,0.504134,0.408260"
RELIGxPOLPARTY,RELIGxPOLPARTY :: Nothing in particular | Republican,FAMSURV34A_W50,3,"0.095721,0.572780,0.331499"
RELIGxPOLPARTY,RELIGxPOLPARTY :: Other | Democrat,FAMSURV34A_W50,3,"0.115601,0.560187,0.324212"
RELIGxPOLPARTY,RELIGxPOLPARTY :: Other | Independent,FAMSURV34A_W50,3,"0.093245,0.549311,0.357444"
RELIGxPOLPARTY,RELIGxPOLPARTY :: Other | Other,FAMSURV34A_W50,3,"0.089221,0.538069,0.372710"
RELIGxPOLPARTY,RELIGxPOLPARTY :: Protestant | Democrat,FAMSURV34A_W50,3,"0.107081,0.592603,0.300316"
RELIGxPOLPARTY,RELIGxPOLPARTY :: Protestant | Independent,FAMSURV34A_W50,3,"0.105834,0.541685,0.352481"
RELIGxPOLPARTY,RELIGxPOLPARTY :: Protestant | Other,FAMSURV34A_W50,3,"0.113253,0.503616,0.383131"
RELIGxPOLPARTY,RELIGxPOLPARTY :: Protestant | Refused,FAMSURV34A_W50,3,"0.125100,0.518524,0.356376"
RELIGxPOLPARTY,RELIGxPOLPARTY :: Protestant | Republican,FAMSURV34A_W50,3,"0.099605,0.600696,0.299699"
RELIGxPOLPARTY,RELIGxPOLPARTY :: Roman Catholic | Democrat,FAMSURV34A_W50,3,"0.098900,0.605838,0.295262"
RELIGxPOLPARTY,RELIGxPOLPARTY :: Roman Catholic | Independent,FAMSURV34A_W50,3,"0.112647,0.520873,0.366480"
RELIGxPOLPARTY,RELIGxPOLPARTY :: Roman Catholic | Other,FAMSURV34A_W50,3,"0.124822,0.478493,0.396685"
RELIGxPOLPARTY,RELIGxPOLPARTY :: Roman Catholic | Republican,FAMSURV34A_W50,3,"0.106264,0.578961,0.314776"
RELIGxPOLPARTY,RELIGxPOLPARTY :: Agnostic | Democrat,FAMSURV36b_W50,2,"0.718594,0.281406"
RELIGxPOLPARTY,RELIGxPOLPARTY :: Agnostic | Independent,FAMSURV36b_W50,2,"0.667148,0.332852"
RELIGxPOLPARTY,RELIGxPOLPARTY :: Agnostic | Other,FAMSURV36b_W50,2,"0.638835,0.361165"
RELIGxPOLPARTY,RELIGxPOLPARTY :: Agnostic | Republican,FAMSURV36b_W50,2,"0.692642,0.307358"
RELIGxPOLPARTY,RELIGxPOLPARTY :: Atheist | Democrat,FAMSURV36b_W50,2,"0.665411,0.334589"
RELIGxPOLPARTY,RELIGxPOLPARTY :: Atheist | Independent,FAMSURV36b_W50,2,"0.622459,0.377541"
RELIGxPOLPARTY,RELIGxPOLPARTY :: Atheist | Other,FAMSURV36b_W50,2,"0.613237,0.386763"
RELIGxPOLPARTY,RELIGxPOLPARTY :: Buddhist | Democrat,FAMSURV36b_W50,2,"0.658418,0.341583"
RELIGxPOLPARTY,RELIGxPOLPARTY :: Jewish | Democrat,FAMSURV36b_W50,2,"0.677474,0.322526"
RELIGxPOLPARTY,RELIGxPOLPARTY :: Jewish | Independent,FAMSURV36b_W50,2,"0.633410,0.366590"
RELIGxPOLPARTY,RELIGxPOLPARTY :: Jewish | Republican,FAMSURV36b_W50,2,"0.663669,0.336331"
RELIGxPOLPARTY,RELIGxPOLPARTY :: Mormon | Democrat,FAMSURV36b_W50,2,"0.661923,0.338077"
RELIGxPOLPARTY,RELIGxPOLPARTY :: Mormon | Independent,FAMSURV36b_W50,2,"0.640636,0.359364"
RELIGxPOLPARTY,RELIGxPOLPARTY :: Mormon | Republican,FAMSURV36b_W50,2,"0.677474,0.322526"
RELIGxPOLPARTY,RELIGxPOLPARTY :: Nothing in particular | Democrat,FAMSURV36b_W50,2,"0.622459,0.377541"
RELIGxPOLPARTY,RELIGxPOLPARTY :: Nothing in particular | Independent,FAMSURV36b_W50,2,"0.605799,0.394201"
RELIGxPOLPARTY,RELIGxPOLPARTY :: Nothing in particular | Other,FAMSURV36b_W50,2,"0.585101,0.414899"
RELIGxPOLPARTY,RELIGxPOLPARTY :: Nothing in particular | Republican,FAMSURV36b_W50,2,"0.611382,0.388618"
RELIGxPOLPARTY,RELIGxPOLPARTY :: Other | Democrat,FAMSURV36b_W50,2,"0.640636,0.359364"
RELIGxPOLPARTY,RELIGxPOLPARTY :: Other | Independent,FAMSURV36b_W50,2,"0.629775,0.370225"
RELIGxPOLPARTY,RELIGxPOLPARTY :: Other | Other,FAMSURV36b_W50,2,"0.622459,0.377541"
RELIGxPOLPARTY,RELIGxPOLPARTY :: Protestant | Democrat,FAMSURV36b_W50,2,"0.653127,0.346873"
RELIGxPOLPARTY,RELIGxPOLPARTY :: Protestant | Independent,FAMSURV36b_W50,2,"0.607663,0.392337"
RELIGxPOLPARTY,RELIGxPOLPARTY :: Protestant | Other,FAMSURV36b_W50,2,"0.588889,0.411111"
RELIGxPOLPARTY,RELIGxPOLPARTY :: Protestant | Refused,FAMSURV36b_W50,2,"0.603932,0.396068"
RELIGxPOLPARTY,RELIGxPOLPARTY :: Protestant | Republican,FAMSURV36b_W50,2,"0.653127,0.346873"
RELIGxPOLPARTY,RELIGxPOLPARTY :: Roman Catholic | Democrat,FAMSURV36b_W50,2,"0.660172,0.339828"
RELIGxPOLPARTY,RELIGxPOLPARTY :: Roman Catholic | Independent,FAMSURV36b_W50,2,"0.596433,0.403567"
RELIGxPOLPARTY,RELIGxPOLPARTY :: Roman Catholic | Other,FAMSURV36b_W50,2,"0.573678,0.426322"
RELIGxPOLPARTY,RELIGxPOLPARTY :: Roman Catholic | Republican,FAMSURV36b_W50,2,"0.660172,0.339828"
RELIGxPOLPARTY,RELIGxPOLPARTY :: Agnostic | Democrat,FAMSURV5b_W50,3,"0.456688,0.268473,0.274839"
RELIGxPOLPARTY,RELIGxPOLPARTY :: Agnostic | Independent,FAMSURV5b_W50,3,"0.426844,0.288817,0.284339"
RELIGxPOLPARTY,RELIGxPOLPARTY :: Agnostic | Other,FAMSURV5b_W50,3,"0.389653,0.287312,0.323034"
RELIGxPOLPARTY,RELIGxPOLPARTY :: Agnostic | Republican,FAMSURV5b_W50,3,"0.418257,0.294280,0.287463"
RELIGxPOLPARTY,RELIGxPOLPARTY :: Atheist | Democrat,FAMSURV5b_W50,3,"0.411450,0.305764,0.282786"
RELIGxPOLPARTY,RELIGxPOLPARTY :: Atheist | Independent,FAMSURV5b_W50,3,"0.403971,0.307325,0.288705"
RELIGxPOLPARTY,RELIGxPOLPARTY :: Atheist | Other,FAMSURV5b_W50,3,"0.380764,0.303572,0.315664"
RELIGxPOLPARTY,RELIGxPOLPARTY :: Buddhist | Democrat,FAMSURV5b_W50,3,"0.399304,0.308558,0.292137"
RELIGxPOLPARTY,RELIGxPOLPARTY :: Jewish | Democrat,FAMSURV5b_W50,3,"0.401944,0.313035,0.285021"
RELIGxPOLPARTY,RELIGxPOLPARTY :: Jewish | Independent,FAMSURV5b_W50,3,"0.397373,0.311902,0.290725"
RELIGxPOLPARTY,RELIGxPOLPARTY :: Jewish | Republican,FAMSURV5b_W50,3,"0.397111,0.319087,0.283802"
RELIGxPOLPARTY,RELIGxPOLPARTY :: Mormon | Democrat,FAMSURV5b_W50,3,"0.397476,0.307145,0.295379"
RELIGxPOLPARTY,RELIGxPOLPARTY :: Mormon | Independent,FAMSURV5b_W50,3,"0.400265,0.306894,0.292840"
RELIGxPOLPARTY,RELIGxPOLPARTY :: Mormon | Republican,FAMSURV5b_W50,3,"0.406764,0.307042,0.286194"
RELIGxPOLPARTY,RELIGxPOLPARTY :: Nothing in particular | Democrat,FAMSURV5b_W50,3,"0.380764,0.315664,0.303572"
RELIGxPOLPARTY,RELIGxPOLPARTY :: Nothing in particular | Independent,FAMSURV5b_W50,3,"0.378881,0.319049,0.302070"
RELIGxPOLPARTY,RELIGxPOLPARTY :: Nothing in particular | Other,FAMSURV5b_W50,3,"0.357124,0.315161,0.327715"
RELIGxPOLPARTY,RELIGxPOLPARTY :: Nothing in particular | Republican,FAMSURV5b_W50,3,"0.373381,0.321874,0.304745"
RELIGxPOLPARTY,RELIGxPOLPARTY :: Other | Democrat,FAMSURV5b_W50,3,"0.380793,0.313232,0.305976"
RELIGxPOLPARTY,RELIGxPOLPARTY :: Other | Independent,FAMSURV5b_W50,3,"0.383547,0.313042,0.303411"
RELIGxPOLPARTY,RELIGxPOLPARTY :: Other | Other,FAMSURV5b_W50,3,"0.368910,0.315545,0.315545"
RELIGxPOLPARTY,RELIGxPOLPARTY :: Protestant | Democrat,FAMSURV5b_W50,3,"0.389538,0.325471,0.284992"
RELIGxPOLPARTY,RELIGxPOLPARTY :: Protestant | Independent,FAMSURV5b_W50,3,"0.386045,0.322553,0.291402"
RELIGxPOLPARTY,RELIGxPOLPARTY :: Protestant | Other,FAMSURV5b_W50,3,"0.363463,0.320755,0.315782"
RELIGxPOLPARTY,RELIGxPOLPARTY :: Protestant | Refused,FAMSURV5b_W50,3,"0.373067,0.331813,0.295120"
RELIGxPOLPARTY,RELIGxPOLPARTY :: Protestant | Republican,FAMSURV5b_W50,3,"0.386554,0.330637,0.282809"
RELIGxPOLPARTY,RELIGxPOLPARTY :: Roman Catholic | Democrat,FAMSURV5b_W50,3,"0.399739,0.321199,0.279062"
RELIGxPOLPARTY,RELIGxPOLPARTY :: Roman Catholic | Independent,FAMSURV5b_W50,3,"0.387985,0.319148,0.292867"
RELIGxPOLPARTY,RELIGxPOLPARTY :: Roman Catholic | Other,FAMSURV5b_W50,3,"0.363463,0.315782,0.320755"
RELIGxPOLPARTY,RELIGxPOLPARTY :: Roman Catholic | Republican,FAMSURV5b_W50,3,"0.394252,0.321779,0.283969"
RELIGxPOLPARTY,RELIGxPOLPARTY :: Agnostic | Democrat,FAMSURV9e_W50,4,"0.602950,0.174103,0.120598,0.102350"
RELIGxPOLPARTY,RELIGxPOLPARTY :: Agnostic | Independent,FAMSURV9e_W50,4,"0.600296,0.177447,0.115467,0.106790"
RELIGxPOLPARTY,RELIGxPOLPARTY :: Agnostic | Other,FAMSURV9e_W50,4,"0.534901,0.192221,0.154454,0.118424"
RELIGxPOLPARTY,RELIGxPOLPARTY :: Agnostic | Republican,FAMSURV9e_W50,4,"0.594148,0.157434,0.111637,0.136781"
RELIGxPOLPARTY,RELIGxPOLPARTY :: Atheist | Democrat,FAMSURV9e_W50,4,"0.552593,0.206489,0.131252,0.109665"
RELIGxPOLPARTY,RELIGxPOLPARTY :: Atheist | Independent,FAMSURV9e_W50,4,"0.556217,0.214441,0.128048,0.101295"
RELIGxPOLPARTY,RELIGxPOLPARTY :: Atheist | Other,FAMSURV9e_W50,4,"0.502324,0.224653,0.161812,0.111211"
RELIGxPOLPARTY,RELIGxPOLPARTY :: Buddhist | Democrat,FAMSURV9e_W50,4,"0.533721,0.205768,0.141422,0.119089"
RELIGxPOLPARTY,RELIGxPOLPARTY :: Jewish | Democrat,FAMSURV9e_W50,4,"0.522917,0.206383,0.135350,0.135350"
RELIGxPOLPARTY,RELIGxPOLPARTY :: Jewish | Independent,FAMSURV9e_W50,4,"0.524360,0.213522,0.133619,0.128500"
RELIGxPOLPARTY,RELIGxPOLPARTY :: Jewish | Republican,FAMSURV9e_W50,4,"0.488569,0.206873,0.142182,0.162377"
RELIGxPOLPARTY,RELIGxPOLPARTY :: Mormon | Democrat,FAMSURV9e_W50,4,"0.537153,0.205479,0.133708,0.123660"
RELIGxPOLPARTY,RELIGxPOLPARTY :: Mormon | Independent,FAMSURV9e_W50,4,"0.562399,0.202102,0.126472,0.109026"
RELIGxPOLPARTY,RELIGxPOLPARTY :: Mormon | Republican,FAMSURV9e_W50,4,"0.558657,0.190073,0.126616,0.124653"
RELIGxPOLPARTY,RELIGxPOLPARTY :: Nothing in particular | Democrat,FAMSURV9e_W50,4,"0.494240,0.235294,0.148398,0.122069"
RELIGxPOLPARTY,RELIGxPOLPARTY :: Nothing in particular | Independent,FAMSURV9e_W50,4,"0.529754,0.233247,0.131866,0.105133"
RELIGxPOLPARTY,RELIGxPOLPARTY :: Nothing in particular | Other,FAMSURV9e_W50,4,"0.469299,0.253168,0.168646,0.108886"
RELIGxPOLPARTY,RELIGxPOLPARTY :: Nothing in particular | Republican,FAMSURV9e_W50,4,"0.481015,0.228998,0.145560,0.144427"
RELIGxPOLPARTY,RELIGxPOLPARTY :: Other | Democrat,FAMSURV9e_W50,4,"0.498499,0.221208,0.145072,0.135222"
RELIGxPOLPARTY,RELIGxPOLPARTY :: Other | Independent,FAMSURV9e_W50,4,"0.532073,0.214977,0.131413,0.121537"
RELIGxPOLPARTY,RELIGxPOLPARTY :: Other | Other,FAMSURV9e_W50,4,"0.493124,0.231122,0.153961,0.121793"
RELIGxPOLPARTY,RELIGxPOLPARTY :: Protestant | Democrat,FAMSURV9e_W50,4,"0.546187,0.199367,0.126726,0.127720"
RELIGxPOLPARTY,RELIGxPOLPARTY :: Protestant | Independent,FAMSURV9e_W50,4,"0.557129,0.201779,0.124312,0.116781"
RELIGxPOLPARTY,RELIGxPOLPARTY :: Protestant | Other,FAMSURV9e_W50,4,"0.492721,0.215254,0.162482,0.129542"
RELIGxPOLPARTY,RELIGxPOLPARTY :: Protestant | Refused,FAMSURV9e_W50,4,"0.476587,0.206585,0.144220,0.172608"
RELIGxPOLPARTY,RELIGxPOLPARTY :: Protestant | Republican,FAMSURV9e_W50,4,"0.559894,0.178953,0.117360,0.143793"
RELIGxPOLPARTY,RELIGxPOLPARTY :: Roman Catholic | Democrat,FAMSURV9e_W50,4,"0.628289,0.166480,0.099410,0.105821"
RELIGxPOLPARTY,RELIGxPOLPARTY :: Roman Catholic | Independent,FAMSURV9e_W50,4,"0.585304,0.193013,0.111707,0.109975"
RELIGxPOLPARTY,RELIGxPOLPARTY :: Roman Catholic | Other,FAMSURV9e_W50,4,"0.520701,0.205509,0.153919,0.119872"
RELIGxPOLPARTY,RELIGxPOLPARTY :: Roman Catholic | Republican,FAMSURV9e_W50,4,"0.643742,0.150532,0.088493,0.117234"
RELIGxPOLPARTY,RELIGxPOLPARTY :: Agnostic | Democrat,FCFAIR_W45,2,"0.472683,0.527317"
RELIGxPOLPARTY,RELIGxPOLPARTY :: Agnostic | Independent,FCFAIR_W45,2,"0.461017,0.538983"
RELIGxPOLPARTY,RELIGxPOLPARTY :: Agnostic | Other,FCFAIR_W45,2,"0.414899,0.585101"
RELIGxPOLPARTY,RELIGxPOLPARTY :: Atheist | Democrat,FCFAIR_W45,2,"0.409221,0.590779"
RELIGxPOLPARTY,RELIGxPOLPARTY :: Atheist | Independent,FCFAIR_W45,2,"0.384912,0.615088"
RELIGxPOLPARTY,RELIGxPOLPARTY :: Atheist | Other,FCFAIR_W45,2,"0.373876,0.626124"
RELIGxPOLPARTY,RELIGxPOLPARTY :: Jewish | Democrat,FCFAIR_W45,2,"0.405449,0.594551"
RELIGxPOLPARTY,RELIGxPOLPARTY :: Mormon | Republican,FCFAIR_W45,2,"0.338077,0.661923"
RELIGxPOLPARTY,RELIGxPOLPARTY :: Nothing in particular | Democrat,FCFAIR_W45,2,"0.413004,0.586996"
RELIGxPOLPARTY,RELIGxPOLPARTY :: Nothing in particular | Independent,FCFAIR_W45,2,"0.409221,0.590779"
RELIGxPOLPARTY,RELIGxPOLPARTY :: Nothing in particular | Other,FCFAIR_W45,2,"0.366590,0.633410"
RELIGxPOLPARTY,RELIGxPOLPARTY :: Nothing in particular | Republican,FCFAIR_W45,2,"0.361165,0.638835"
RELIGxPOLPARTY,RELIGxPOLPARTY :: Other | Democrat,FCFAIR_W45,2,"0.390476,0.609524"
RELIGxPOLPARTY,RELIGxPOLPARTY :: Other | Independent,FCFAIR_W45,2,"0.388618,0.611382"
RELIGxPOLPARTY,RELIGxPOLPARTY :: Protestant | Democrat,FCFAIR_W45,2,"0.399812,0.600188"
RELIGxPOLPARTY,RELIGxPOLPARTY :: Protestant | Independent,FCFAIR_W45,2,"0.433981,0.566019"
RELIGxPOLPARTY,RELIGxPOLPARTY :: Protestant | Other,FCFAIR_W45,2,"0.403567,0.596433"
RELIGxPOLPARTY,RELIGxPOLPARTY :: Protestant | Republican,FCFAIR_W45,2,"0.379378,0.620622"
RELIGxPOLPARTY,RELIGxPOLPARTY :: Roman Catholic | Democrat,FCFAIR_W45,2,"0.424412,0.575588"
RELIGxPOLPARTY,RELIGxPOLPARTY :: Roman Catholic | Independent,FCFAIR_W45,2,"0.459076,0.540924"
RELIGxPOLPARTY,RELIGxPOLPARTY :: Roman Catholic | Other,FCFAIR_W45,2,"0.426322,0.573678"
RELIGxPOLPARTY,RELIGxPOLPARTY :: Roman Catholic | Republican,FCFAIR_W45,2,"0.405449,0.594551"
RELIGxPOLPARTY,RELIGxPOLPARTY :: Agnostic | Democrat,FEDSHAREA_W32,3,"0.415158,0.278724,0.306118"
RELIGxPOLPARTY,RELIGxPOLPARTY :: Agnostic | Independent,FEDSHAREA_W32,3,"0.350691,0.281788,0.367521"
RELIGxPOLPARTY,RELIGxPOLPARTY :: Agnostic | Other,FEDSHAREA_W32,3,"0.333867,0.287812,0.378321"
RELIGxPOLPARTY,RELIGxPOLPARTY :: Atheist | Democrat,FEDSHAREA_W32,3,"0.368881,0.310629,0.320490"
RELIGxPOLPARTY,RELIGxPOLPARTY :: Atheist | Independent,FEDSHAREA_W32,3,"0.344431,0.294608,0.360961"
RELIGxPOLPARTY,RELIGxPOLPARTY :: Atheist | Other,FEDSHAREA_W32,3,"0.320551,0.298786,0.380663"
RELIGxPOLPARTY,RELIGxPOLPARTY :: Jewish | Democrat,FEDSHAREA_W32,3,"0.371555,0.305633,0.322812"
RELIGxPOLPARTY,RELIGxPOLPARTY :: Jewish | Independent,FEDSHAREA_W32,3,"0.331147,0.287705,0.381148"
RELIGxPOLPARTY,RELIGxPOLPARTY :: Mormon | Republican,FEDSHAREA_W32,3,"0.391513,0.286437,0.322050"
RELIGxPOLPARTY,RELIGxPOLPARTY :: Nothing in particular | Democrat,FEDSHAREA_W32,3,"0.347487,0.299553,0.352960"
RELIGxPOLPARTY,RELIGxPOLPARTY :: Nothing in particular | Independent,FEDSHAREA_W32,3,"0.312438,0.280067,0.407495"
RELIGxPOLPARTY,RELIGxPOLPARTY :: Nothing in particular | Other,FEDSHAREA_W32,3,"0.300433,0.288924,0.410643"
RELIGxPOLPARTY,RELIGxPOLPARTY :: Nothing in particular | Republican,FEDSHAREA_W32,3,"0.357869,0.289811,0.352320"
RELIGxPOLPARTY,RELIGxPOLPARTY :: Other | Democrat,FEDSHAREA_W32,3,"0.343493,0.310320,0.346187"
RELIGxPOLPARTY,RELIGxPOLPARTY :: Other | Independent,FEDSHAREA_W32,3,"0.324262,0.290667,0.385071"
RELIGxPOLPARTY,RELIGxPOLPARTY :: Protestant | Democrat,FEDSHAREA_W32,3,"0.354419,0.315227,0.330355"
RELIGxPOLPARTY,RELIGxPOLPARTY :: Protestant | Independent,FEDSHAREA_W32,3,"0.328358,0.296646,0.374996"
RELIGxPOLPARTY,RELIGxPOLPARTY :: Protestant | Other,FEDSHAREA_W32,3,"0.313042,0.303411,0.383547"
RELIGxPOLPARTY,RELIGxPOLPARTY :: Protestant | Republican,FEDSHAREA_W32,3,"0.374126,0.298279,0.327595"
RELIGxPOLPARTY,RELIGxPOLPARTY :: Roman Catholic | Democrat,FEDSHAREA_W32,3,"0.348299,0.297916,0.353784"
RELIGxPOLPARTY,RELIGxPOLPARTY :: Roman Catholic | Independent,FEDSHAREA_W32,3,"0.318648,0.287874,0.393478"
RELIGxPOLPARTY,RELIGxPOLPARTY :: Roman Catholic | Other,FEDSHAREA_W32,3,"0.308558,0.292137,0.399304"
RELIGxPOLPARTY,RELIGxPOLPARTY :: Roman Catholic | Republican,FEDSHAREA_W32,3,"0.364265,0.277118,0.358617"
RELIGxPOLPARTY,RELIGxPOLPARTY :: Agnostic | Democrat,FEDSHAREB_W32,3,"0.328105,0.269892,0.402003"
RELIGxPOLPARTY,RELIGxPOLPARTY :: Agnostic | Independent,FEDSHAREB_W32,3,"0.259596,0.251610,0.488794"
RELIGxPOLPARTY,RELIGxPOLPARTY :: Agnostic | Other,FEDSHAREB_W32,3,"0.263266,0.267412,0.469322"
RELIGxPOLPARTY,RELIGxPOLPARTY :: Atheist | Democrat,FEDSHAREB_W32,3,"0.288402,0.295241,0.416357"
RELIGxPOLPARTY,RELIGxPOLPARTY :: Atheist | Independent,FEDSHAREB_W32,3,"0.248396,0.272809,0.478795"
RELIGxPOLPARTY,RELIGxPOLPARTY :: Atheist | Other,FEDSHAREB_W32,3,"0.250639,0.277432,0.471928"
RELIGxPOLPARTY,RELIGxPOLPARTY :: Jewish | Democrat,FEDSHAREB_W32,3,"0.283391,0.287853,0.428756"
RELIGxPOLPARTY,RELIGxPOLPARTY :: Jewish | Independent,FEDSHAREB_W32,3,"0.243911,0.255616,0.500473"
RELIGxPOLPARTY,RELIGxPOLPARTY :: Mormon | Republican,FEDSHAREB_W32,3,"0.294933,0.262319,0.442747"
RELIGxPOLPARTY,RELIGxPOLPARTY :: Nothing in particular | Democrat,FEDSHAREB_W32,3,"0.276367,0.278535,0.445098"
RELIGxPOLPARTY,RELIGxPOLPARTY :: Nothing in particular | Independent,FEDSHAREB_W32,3,"0.226352,0.239076,0.534572"
RELIGxPOLPARTY,RELIGxPOLPARTY :: Nothing in particular | Other,FEDSHAREB_W32,3,"0.234894,0.260004,0.505102"
RELIGxPOLPARTY,RELIGxPOLPARTY :: Nothing in particular | Republican,FEDSHAREB_W32,3,"0.283098,0.268032,0.448869"
RELIGxPOLPARTY,RELIGxPOLPARTY :: Other | Democrat,FEDSHAREB_W32,3,"0.278320,0.293964,0.427716"
RELIGxPOLPARTY,RELIGxPOLPARTY :: Other | Independent,FEDSHAREB_W32,3,"0.242886,0.262622,0.494491"
RELIGxPOLPARTY,RELIGxPOLPARTY :: Protestant | Democrat,FEDSHAREB_W32,3,"0.274557,0.296867,0.428577"
RELIGxPOLPARTY,RELIGxPOLPARTY :: Protestant | Independent,FEDSHAREB_W32,3,"0.245190,0.267193,0.487618"
RELIGxPOLPARTY,RELIGxPOLPARTY :: Protestant | Other,FEDSHAREB_W32,3,"0.249549,0.280575,0.469876"
RELIGxPOLPARTY,RELIGxPOLPARTY :: Protestant | Republican,FEDSHAREB_W32,3,"0.285224,0.276449,0.438326"
RELIGxPOLPARTY,RELIGxPOLPARTY :: Roman Catholic | Democrat,FEDSHAREB_W32,3,"0.265196,0.269372,0.465433"
RELIGxPOLPARTY,RELIGxPOLPARTY :: Roman Catholic | Independent,FEDSHAREB_W32,3,"0.236317,0.255520,0.508162"
RELIGxPOLPARTY,RELIGxPOLPARTY :: Roman Catholic | Other,FEDSHAREB_W32,3,"0.243747,0.267703,0.488550"
RELIGxPOLPARTY,RELIGxPOLPARTY :: Roman Catholic | Republican,FEDSHAREB_W32,3,"0.265659,0.241886,0.492455"
RELIGxPOLPARTY,RELIGxPOLPARTY :: Agnostic | Democrat,FIN_SITFUT_W54,2,"0.607663,0.392337"
RELIGxPOLPARTY,RELIGxPOLPARTY :: Agnostic | Independent,FIN_SITFUT_W54,2,"0.558327,0.441673"
RELIGxPOLPARTY,RELIGxPOLPARTY :: Agnostic | Other,FIN_SITFUT_W54,2,"0.503906,0.496094"
RELIGxPOLPARTY,RELIGxPOLPARTY :: Agnostic | Republican,FIN_SITFUT_W54,2,"0.503906,0.496094"
RELIGxPOLPARTY,RELIGxPOLPARTY :: Atheist | Democrat,FIN_SITFUT_W54,2,"0.542863,0.457137"
RELIGxPOLPARTY,RELIGxPOLPARTY :: Atheist | Independent,FIN_SITFUT_W54,2,"0.515620,0.484380"
RELIGxPOLPARTY,RELIGxPOLPARTY :: Atheist | Other,FIN_SITFUT_W54,2,"0.484380,0.515620"
RELIGxPOLPARTY,RELIGxPOLPARTY :: Jewish | Democrat,FIN_SITFUT_W54,2,"0.521471,0.478529"
RELIGxPOLPARTY,RELIGxPOLPARTY :: Jewish | Independent,FIN_SITFUT_W54,2,"0.515620,0.484380"
RELIGxPOLPARTY,RELIGxPOLPARTY :: Mormon | Independent,FIN_SITFUT_W54,2,"0.507812,0.492188"
RELIGxPOLPARTY,RELIGxPOLPARTY :: Mormon | Republican,FIN_SITFUT_W54,2,"0.480479,0.519521"
RELIGxPOLPARTY,RELIGxPOLPARTY :: Nothing in particular | Democrat,FIN_SITFUT_W54,2,"0.523420,0.476580"
RELIGxPOLPARTY,RELIGxPOLPARTY :: Nothing in particular | Independent,FIN_SITFUT_W54,2,"0.500000,0.500000"
RELIGxPOLPARTY,RELIGxPOLPARTY :: Nothing in particular | Other,FIN_SITFUT_W54,2,"0.445530,0.554470"
RELIGxPOLPARTY,RELIGxPOLPARTY :: Nothing in particular | Republican,FIN_SITFUT_W54,2,"0.453262,0.546738"
RELIGxPOLPARTY,RELIGxPOLPARTY :: Other | Democrat,FIN_SITFUT_W54,2,"0.509764,0.490236"
RELIGxPOLPARTY,RELIGxPOLPARTY :: Other | Independent,FIN_SITFUT_W54,2,"0.496094,0.503906"
RELIGxPOLPARTY,RELIGxPOLPARTY :: Protestant | Democrat,FIN_SITFUT_W54,2,"0.503906,0.496094"
RELIGxPOLPARTY,RELIGxPOLPARTY :: Protestant | Independent,FIN_SITFUT_W54,2,"0.507812,0.492188"
RELIGxPOLPARTY,RELIGxPOLPARTY :: Protestant | Other,FIN_SITFUT_W54,2,"0.476580,0.523420"
RELIGxPOLPARTY,RELIGxPOLPARTY :: Protestant | Refused,FIN_SITFUT_W54,2,"0.459076,0.540924"
RELIGxPOLPARTY,RELIGxPOLPARTY :: Protestant | Republican,FIN_SITFUT_W54,2,"0.472683,0.527317"
RELIGxPOLPARTY,RELIGxPOLPARTY :: Roman Catholic | Democrat,FIN_SITFUT_W54,2,"0.535098,0.464902"
RELIGxPOLPARTY,RELIGxPOLPARTY :: Roman Catholic | Independent,FIN_SITFUT_W54,2,"0.519521,0.480479"
RELIGxPOLPARTY,RELIGxPOLPARTY :: Roman Catholic | Other,FIN_SITFUT_W54,2,"0.484380,0.515620"
RELIGxPOLPARTY,RELIGxPOLPARTY :: Roman Catholic | Republican,FIN_SITFUT_W54,2,"0.507812,0.492188"
RELIGxPOLPARTY,RELIGxPOLPARTY :: Agnostic | Democrat,FP_AUTH_W92,2,"0.640636,0.359364"
RELIGxPOLPARTY,RELIGxPOLPARTY :: Agnostic | Independent,FP_AUTH_W92,2,"0.607663,0.392337"
RELIGxPOLPARTY,RELIGxPOLPARTY :: Agnostic | Other,FP_AUTH_W92,2,"0.558327,0.441673"
RELIGxPOLPARTY,RELIGxPOLPARTY :: Agnostic | Republican,FP_AUTH_W92,2,"0.533154,0.466846"
RELIGxPOLPARTY,RELIGxPOLPARTY :: Atheist | Democrat,FP_AUTH_W92,2,"0.540924,0.459076"
RELIGxPOLPARTY,RELIGxPOLPARTY :: Atheist | Independent,FP_AUTH_W92,2,"0.577495,0.422505"
RELIGxPOLPARTY,RELIGxPOLPARTY :: Atheist | Other,FP_AUTH_W92,2,"0.531209,0.468791"
RELIGxPOLPARTY,RELIGxPOLPARTY :: Buddhist | Democrat,FP_AUTH_W92,2,"0.525369,0.474631"
RELIGxPOLPARTY,RELIGxPOLPARTY :: Jewish | Democrat,FP_AUTH_W92,2,"0.525369,0.474631"
RELIGxPOLPARTY,RELIGxPOLPARTY :: Jewish | Independent,FP_AUTH_W92,2,"0.562177,0.437824"
RELIGxPOLPARTY,RELIGxPOLPARTY :: Jewish | Republican,FP_AUTH_W92,2,"0.519521,0.480479"
RELIGxPOLPARTY,RELIGxPOLPARTY :: Mormon | Independent,FP_AUTH_W92,2,"0.562177,0.437824"
RELIGxPOLPARTY,RELIGxPOLPARTY :: Mormon | Republican,FP_AUTH_W92,2,"0.529263,0.470737"
RELIGxPOLPARTY,RELIGxPOLPARTY :: Nothing in particular | Democrat,FP_AUTH_W92,2,"0.519521,0.480479"
RELIGxPOLPARTY,RELIGxPOLPARTY :: Nothing in particular | Independent,FP_AUTH_W92,2,"0.560253,0.439747"
RELIGxPOLPARTY,RELIGxPOLPARTY :: Nothing in particular | Other,FP_AUTH_W92,2,"0.509764,0.490236"
RELIGxPOLPARTY,RELIGxPOLPARTY :: Nothing in particular | Republican,FP_AUTH_W92,2,"0.515620,0.484380"
RELIGxPOLPARTY,RELIGxPOLPARTY :: Other | Democrat,FP_AUTH_W92,2,"0.521471,0.478529"
RELIGxPOLPARTY,RELIGxPOLPARTY :: Other | Independent,FP_AUTH_W92,2,"0.581303,0.418697"
RELIGxPOLPARTY,RELIGxPOLPARTY :: Other | Other,FP_AUTH_W92,2,"0.525369,0.474631"
RELIGxPOLPARTY,RELIGxPOLPARTY :: Protestant | Democrat,FP_AUTH_W92,2,"0.507812,0.492188"
RELIGxPOLPARTY,RELIGxPOLPARTY :: Protestant | Independent,FP_AUTH_W92,2,"0.556400,0.443600"
RELIGxPOLPARTY,RELIGxPOLPARTY :: Protestant | Other,FP_AUTH_W92,2,"0.513668,0.486332"
RELIGxPOLPARTY,RELIGxPOLPARTY :: Protestant | Refused,FP_AUTH_W92,2,"0.515620,0.484380"
RELIGxPOLPARTY,RELIGxPOLPARTY :: Protestant | Republican,FP_AUTH_W92,2,"0.515620,0.484380"
RELIGxPOLPARTY,RELIGxPOLPARTY :: Roman Catholic | Democrat,FP_AUTH_W92,2,"0.496094,0.503906"
RELIGxPOLPARTY,RELIGxPOLPARTY :: Roman Catholic | Independent,FP_AUTH_W92,2,"0.550607,0.449393"
RELIGxPOLPARTY,RELIGxPOLPARTY :: Roman Catholic | Other,FP_AUTH_W92,2,"0.505859,0.494141"
RELIGxPOLPARTY,RELIGxPOLPARTY :: Roman Catholic | Republican,FP_AUTH_W92,2,"0.509764,0.490236"
RELIGxPOLPARTY,RELIGxPOLPARTY :: Agnostic | Democrat,GAYMARR2_W32,4,"0.411118,0.232425,0.194198,0.162259"
RELIGxPOLPARTY,RELIGxPOLPARTY :: Agnostic | Independent,GAYMARR2_W32,4,"0.289911,0.280991,0.251879,0.177219"
RELIGxPOLPARTY,RELIGxPOLPARTY :: Agnostic | Other,GAYMARR2_W32,4,"0.264534,0.264534,0.290534,0.180397"
RELIGxPOLPARTY,RELIGxPOLPARTY :: Atheist | Democrat,GAYMARR2_W32,4,"0.298217,0.289042,0.230444,0.182297"
RELIGxPOLPARTY,RELIGxPOLPARTY :: Atheist | Independent,GAYMARR2_W32,4,"0.242807,0.314216,0.262537,0.180439"
RELIGxPOLPARTY,RELIGxPOLPARTY :: Atheist | Other,GAYMARR2_W32,4,"0.212881,0.290974,0.309740,0.186405"
RELIGxPOLPARTY,RELIGxPOLPARTY :: Jewish | Democrat,GAYMARR2_W32,4,"0.275514,0.275514,0.239371,0.209600"
RELIGxPOLPARTY,RELIGxPOLPARTY :: Jewish | Independent,GAYMARR2_W32,4,"0.217190,0.285491,0.276708,0.220611"
RELIGxPOLPARTY,RELIGxPOLPARTY :: Mormon | Republican,GAYMARR2_W32,4,"0.284491,0.253031,0.251062,0.211416"
RELIGxPOLPARTY,RELIGxPOLPARTY :: Nothing in particular | Democrat,GAYMARR2_W32,4,"0.277931,0.302872,0.245273,0.173925"
RELIGxPOLPARTY,RELIGxPOLPARTY :: Nothing in particular | Independent,GAYMARR2_W32,4,"0.209054,0.326329,0.301805,0.162812"
RELIGxPOLPARTY,RELIGxPOLPARTY :: Nothing in particular | Other,GAYMARR2_W32,4,"0.194811,0.308884,0.344586,0.151719"
RELIGxPOLPARTY,RELIGxPOLPARTY :: Nothing in particular | Republican,GAYMARR2_W32,4,"0.241543,0.280195,0.278015,0.200247"
RELIGxPOLPARTY,RELIGxPOLPARTY :: Other | Democrat,GAYMARR2_W32,4,"0.277102,0.290401,0.246460,0.186038"
RELIGxPOLPARTY,RELIGxPOLPARTY :: Other | Independent,GAYMARR2_W32,4,"0.214629,0.309854,0.293364,0.182154"
RELIGxPOLPARTY,RELIGxPOLPARTY :: Protestant | Democrat,GAYMARR2_W32,4,"0.286076,0.272976,0.242790,0.198159"
RELIGxPOLPARTY,RELIGxPOLPARTY :: Protestant | Independent,GAYMARR2_W32,4,"0.237931,0.282550,0.276005,0.203513"
RELIGxPOLPARTY,RELIGxPOLPARTY :: Protestant | Other,GAYMARR2_W32,4,"0.225573,0.267875,0.305923,0.200629"
RELIGxPOLPARTY,RELIGxPOLPARTY :: Protestant | Republican,GAYMARR2_W32,4,"0.252287,0.248375,0.262337,0.237001"
RELIGxPOLPARTY,RELIGxPOLPARTY :: Roman Catholic | Democrat,GAYMARR2_W32,4,"0.322005,0.271155,0.224795,0.182045"
RELIGxPOLPARTY,RELIGxPOLPARTY :: Roman Catholic | Independent,GAYMARR2_W32,4,"0.259305,0.282574,0.259305,0.198816"
RELIGxPOLPARTY,RELIGxPOLPARTY :: Roman Catholic | Other,GAYMARR2_W32,4,"0.249458,0.267630,0.291646,0.191266"
RELIGxPOLPARTY,RELIGxPOLPARTY :: Roman Catholic | Republican,GAYMARR2_W32,4,"0.308812,0.246207,0.227704,0.217277"
RELIGxPOLPARTY,RELIGxPOLPARTY :: Agnostic | Democrat,GLBLZE_W92,2,"0.550607,0.449393"
RELIGxPOLPARTY,RELIGxPOLPARTY :: Agnostic | Independent,GLBLZE_W92,2,"0.546738,0.453262"
RELIGxPOLPARTY,RELIGxPOLPARTY :: Agnostic | Other,GLBLZE_W92,2,"0.511717,0.488283"
RELIGxPOLPARTY,RELIGxPOLPARTY :: Agnostic | Republican,GLBLZE_W92,2,"0.494141,0.505859"
RELIGxPOLPARTY,RELIGxPOLPARTY :: Atheist | Democrat,GLBLZE_W92,2,"0.505859,0.494141"
RELIGxPOLPARTY,RELIGxPOLPARTY :: Atheist | Independent,GLBLZE_W92,2,"0.515620,0.484380"
RELIGxPOLPARTY,RELIGxPOLPARTY :: Atheist | Other,GLBLZE_W92,2,"0.496094,0.503906"
RELIGxPOLPARTY,RELIGxPOLPARTY :: Buddhist | Democrat,GLBLZE_W92,2,"0.513668,0.486332"
RELIGxPOLPARTY,RELIGxPOLPARTY :: Jewish | Democrat,GLBLZE_W92,2,"0.513668,0.486332"
RELIGxPOLPARTY,RELIGxPOLPARTY :: Jewish | Independent,GLBLZE_W92,2,"0.542863,0.457137"
RELIGxPOLPARTY,RELIGxPOLPARTY :: Jewish | Republican,GLBLZE_W92,2,"0.490236,0.509764"
RELIGxPOLPARTY,RELIGxPOLPARTY :: Mormon | Independent,GLBLZE_W92,2,"0.529263,0.470737"
RELIGxPOLPARTY,RELIGxPOLPARTY :: Mormon | Republican,GLBLZE_W92,2,"0.470737,0.529263"
RELIGxPOLPARTY,RELIGxPOLPARTY :: Nothing in particular | Democrat,GLBLZE_W92,2,"0.494141,0.505859"
RELIGxPOLPARTY,RELIGxPOLPARTY :: Nothing in particular | Independent,GLBLZE_W92,2,"0.511717,0.488283"
RELIGxPOLPARTY,RELIGxPOLPARTY :: Nothing in particular | Other,GLBLZE_W92,2,"0.476580,0.523420"
RELIGxPOLPARTY,RELIGxPOLPARTY :: Nothing in particular | Republican,GLBLZE_W92,2,"0.468791,0.531209"
RELIGxPOLPARTY,RELIGxPOLPARTY :: Other | Democrat,GLBLZE_W92,2,"0.480479,0.519521"
RELIGxPOLPARTY,RELIGxPOLPARTY :: Other | Independent,GLBLZE_W92,2,"0.507812,0.492188"
RELIGxPOLPARTY,RELIGxPOLPARTY :: Other | Other,GLBLZE_W92,2,"0.466846,0.533154"
RELIGxPOLPARTY,RELIGxPOLPARTY :: Protestant | Democrat,GLBLZE_W92,2,"0.486332,0.513668"
RELIGxPOLPARTY,RELIGxPOLPARTY :: Protestant | Independent,GLBLZE_W92,2,"0.519521,0.480479"
RELIGxPOLPARTY,RELIGxPOLPARTY :: Protestant | Other,GLBLZE_W92,2,"0.492188,0.507812"
RELIGxPOLPARTY,RELIGxPOLPARTY :: Protestant | Refused,GLBLZE_W92,2,"0.482429,0.517571"
RELIGxPOLPARTY,RELIGxPOLPARTY :: Protestant | Republican,GLBLZE_W92,2,"0.476580,0.523420"
RELIGxPOLPARTY,RELIGxPOLPARTY :: Roman Catholic | Democrat,GLBLZE_W92,2,"0.505859,0.494141"
RELIGxPOLPARTY,RELIGxPOLPARTY :: Roman Catholic | Independent,GLBLZE_W92,2,"0.523420,0.476580"
RELIGxPOLPARTY,RELIGxPOLPARTY :: Roman Catholic | Other,GLBLZE_W92,2,"0.498047,0.501953"
RELIGxPOLPARTY,RELIGxPOLPARTY :: Roman Catholic | Republican,GLBLZE_W92,2,"0.488283,0.511717"
RELIGxPOLPARTY,RELIGxPOLPARTY :: Agnostic | Democrat,GOODJOBS_W29,2,"0.453262,0.546738"
RELIGxPOLPARTY,RELIGxPOLPARTY :: Agnostic | Independent,GOODJOBS_W29,2,"0.418697,0.581303"
RELIGxPOLPARTY,RELIGxPOLPARTY :: Agnostic | Other,GOODJOBS_W29,2,"0.396068,0.603932"
RELIGxPOLPARTY,RELIGxPOLPARTY :: Atheist | Democrat,GOODJOBS_W29,2,"0.397938,0.602062"
RELIGxPOLPARTY,RELIGxPOLPARTY :: Atheist | Independent,GOODJOBS_W29,2,"0.401688,0.598312"
RELIGxPOLPARTY,RELIGxPOLPARTY :: Atheist | Other,GOODJOBS_W29,2,"0.390476,0.609524"
RELIGxPOLPARTY,RELIGxPOLPARTY :: Jewish | Democrat,GOODJOBS_W29,2,"0.399812,0.600188"
RELIGxPOLPARTY,RELIGxPOLPARTY :: Mormon | Independent,GOODJOBS_W29,2,"0.416797,0.583203"
RELIGxPOLPARTY,RELIGxPOLPARTY :: Mormon | Republican,GOODJOBS_W29,2,"0.364778,0.635222"
RELIGxPOLPARTY,RELIGxPOLPARTY :: Nothing in particular | Democrat,GOODJOBS_W29,2,"0.409221,0.590779"
RELIGxPOLPARTY,RELIGxPOLPARTY :: Nothing in particular | Independent,GOODJOBS_W29,2,"0.399812,0.600188"
RELIGxPOLPARTY,RELIGxPOLPARTY :: Nothing in particular | Other,GOODJOBS_W29,2,"0.379378,0.620622"
RELIGxPOLPARTY,RELIGxPOLPARTY :: Nothing in particular | Republican,GOODJOBS_W29,2,"0.377541,0.622459"
RELIGxPOLPARTY,RELIGxPOLPARTY :: Other | Democrat,GOODJOBS_W29,2,"0.392337,0.607663"
RELIGxPOLPARTY,RELIGxPOLPARTY :: Other | Independent,GOODJOBS_W29,2,"0.396068,0.603932"
RELIGxPOLPARTY,RELIGxPOLPARTY :: Protestant | Democrat,GOODJOBS_W29,2,"0.386763,0.613237"
RELIGxPOLPARTY,RELIGxPOLPARTY :: Protestant | Independent,GOODJOBS_W29,2,"0.420600,0.579400"
RELIGxPOLPARTY,RELIGxPOLPARTY :: Protestant | Other,GOODJOBS_W29,2,"0.413004,0.586996"
RELIGxPOLPARTY,RELIGxPOLPARTY :: Protestant | Republican,GOODJOBS_W29,2,"0.375706,0.624294"
RELIGxPOLPARTY,RELIGxPOLPARTY :: Roman Catholic | Democrat,GOODJOBS_W29,2,"0.411111,0.588889"
RELIGxPOLPARTY,RELIGxPOLPARTY :: Roman Catholic | Independent,GOODJOBS_W29,2,"0.433981,0.566019"
RELIGxPOLPARTY,RELIGxPOLPARTY :: Roman Catholic | Other,GOODJOBS_W29,2,"0.426322,0.573678"
RELIGxPOLPARTY,RELIGxPOLPARTY :: Roman Catholic | Republican,GOODJOBS_W29,2,"0.390476,0.609524"
RELIGxPOLPARTY,RELIGxPOLPARTY :: Agnostic | Democrat,GOVAID_W92,2,"0.392337,0.607663"
RELIGxPOLPARTY,RELIGxPOLPARTY :: Agnostic | Independent,GOVAID_W92,2,"0.355775,0.644225"
RELIGxPOLPARTY,RELIGxPOLPARTY :: Agnostic | Other,GOVAID_W92,2,"0.379378,0.620622"
RELIGxPOLPARTY,RELIGxPOLPARTY :: Agnostic | Republican,GOVAID_W92,2,"0.352202,0.647798"
RELIGxPOLPARTY,RELIGxPOLPARTY :: Atheist | Democrat,GOVAID_W92,2,"0.324235,0.675765"
RELIGxPOLPARTY,RELIGxPOLPARTY :: Atheist | Independent,GOVAID_W92,2,"0.315736,0.684264"
RELIGxPOLPARTY,RELIGxPOLPARTY :: Atheist | Other,GOVAID_W92,2,"0.359364,0.640636"
RELIGxPOLPARTY,RELIGxPOLPARTY :: Buddhist | Democrat,GOVAID_W92,2,"0.317426,0.682574"
RELIGxPOLPARTY,RELIGxPOLPARTY :: Jewish | Democrat,GOVAID_W92,2,"0.307358,0.692642"
RELIGxPOLPARTY,RELIGxPOLPARTY :: Jewish | Independent,GOVAID_W92,2,"0.336331,0.663669"
RELIGxPOLPARTY,RELIGxPOLPARTY :: Jewish | Republican,GOVAID_W92,2,"0.359364,0.640636"
RELIGxPOLPARTY,RELIGxPOLPARTY :: Mormon | Independent,GOVAID_W92,2,"0.345105,0.654895"
RELIGxPOLPARTY,RELIGxPOLPARTY :: Mormon | Republican,GOVAID_W92,2,"0.345105,0.654895"
RELIGxPOLPARTY,RELIGxPOLPARTY :: Nothing in particular | Democrat,GOVAID_W92,2,"0.341583,0.658418"
RELIGxPOLPARTY,RELIGxPOLPARTY :: Nothing in particular | Independent,GOVAID_W92,2,"0.319121,0.680879"
RELIGxPOLPARTY,RELIGxPOLPARTY :: Nothing in particular | Other,GOVAID_W92,2,"0.348645,0.651355"
RELIGxPOLPARTY,RELIGxPOLPARTY :: Nothing in particular | Republican,GOVAID_W92,2,"0.361165,0.638835"
RELIGxPOLPARTY,RELIGxPOLPARTY :: Other | Democrat,GOVAID_W92,2,"0.372049,0.627951"
RELIGxPOLPARTY,RELIGxPOLPARTY :: Other | Independent,GOVAID_W92,2,"0.373876,0.626124"
RELIGxPOLPARTY,RELIGxPOLPARTY :: Other | Other,GOVAID_W92,2,"0.379378,0.620622"
RELIGxPOLPARTY,RELIGxPOLPARTY :: Protestant | Democrat,GOVAID_W92,2,"0.310694,0.689306"
RELIGxPOLPARTY,RELIGxPOLPARTY :: Protestant | Independent,GOVAID_W92,2,"0.352202,0.647798"
RELIGxPOLPARTY,RELIGxPOLPARTY :: Protestant | Other,GOVAID_W92,2,"0.372049,0.627951"
RELIGxPOLPARTY,RELIGxPOLPARTY :: Protestant | Refused,GOVAID_W92,2,"0.377541,0.622459"
RELIGxPOLPARTY,RELIGxPOLPARTY :: Protestant | Republican,GOVAID_W92,2,"0.357568,0.642432"
RELIGxPOLPARTY,RELIGxPOLPARTY :: Roman Catholic | Democrat,GOVAID_W92,2,"0.278257,0.721743"
RELIGxPOLPARTY,RELIGxPOLPARTY :: Roman Catholic | Independent,GOVAID_W92,2,"0.325950,0.674050"
RELIGxPOLPARTY,RELIGxPOLPARTY :: Roman Catholic | Other,GOVAID_W92,2,"0.352202,0.647798"
RELIGxPOLPARTY,RELIGxPOLPARTY :: Roman Catholic | Republican,GOVAID_W92,2,"0.315736,0.684264"
RELIGxPOLPARTY,RELIGxPOLPARTY :: Agnostic | Democrat,GOVPRIORITYa_W54,4,"0.861948,0.072999,0.044623,0.020430"
RELIGxPOLPARTY,RELIGxPOLPARTY :: Agnostic | Independent,GOVPRIORITYa_W54,4,"0.878450,0.072108,0.034328,0.015115"
RELIGxPOLPARTY,RELIGxPOLPARTY :: Agnostic | Other,GOVPRIORITYa_W54,4,"0.811115,0.095372,0.070323,0.023190"
RELIGxPOLPARTY,RELIGxPOLPARTY :: Agnostic | Republican,GOVPRIORITYa_W54,4,"0.865118,0.069368,0.040779,0.024734"
RELIGxPOLPARTY,RELIGxPOLPARTY :: Atheist | Democrat,GOVPRIORITYa_W54,4,"0.829444,0.098292,0.049812,0.022452"
RELIGxPOLPARTY,RELIGxPOLPARTY :: Atheist | Independent,GOVPRIORITYa_W54,4,"0.872471,0.078656,0.034095,0.014779"
RELIGxPOLPARTY,RELIGxPOLPARTY :: Atheist | Other,GOVPRIORITYa_W54,4,"0.807594,0.105109,0.065775,0.021522"
RELIGxPOLPARTY,RELIGxPOLPARTY :: Jewish | Democrat,GOVPRIORITYa_W54,4,"0.826244,0.091981,0.049234,0.032541"
RELIGxPOLPARTY,RELIGxPOLPARTY :: Jewish | Independent,GOVPRIORITYa_W54,4,"0.832754,0.094165,0.043450,0.029630"
RELIGxPOLPARTY,RELIGxPOLPARTY :: Mormon | Independent,GOVPRIORITYa_W54,4,"0.856862,0.086853,0.037648,0.018637"
RELIGxPOLPARTY,RELIGxPOLPARTY :: Mormon | Republican,GOVPRIORITYa_W54,4,"0.867940,0.071804,0.037838,0.022418"
RELIGxPOLPARTY,RELIGxPOLPARTY :: Nothing in particular | Democrat,GOVPRIORITYa_W54,4,"0.787481,0.119824,0.061680,0.031015"
RELIGxPOLPARTY,RELIGxPOLPARTY :: Nothing in particular | Independent,GOVPRIORITYa_W54,4,"0.868465,0.083344,0.032894,0.015297"
RELIGxPOLPARTY,RELIGxPOLPARTY :: Nothing in particular | Other,GOVPRIORITYa_W54,4,"0.804336,0.110569,0.063993,0.021103"
RELIGxPOLPARTY,RELIGxPOLPARTY :: Nothing in particular | Republican,GOVPRIORITYa_W54,4,"0.817017,0.101466,0.049838,0.031679"
RELIGxPOLPARTY,RELIGxPOLPARTY :: Other | Democrat,GOVPRIORITYa_W54,4,"0.764902,0.121974,0.072267,0.040856"
RELIGxPOLPARTY,RELIGxPOLPARTY :: Other | Independent,GOVPRIORITYa_W54,4,"0.845575,0.087741,0.043435,0.023249"
RELIGxPOLPARTY,RELIGxPOLPARTY :: Protestant | Democrat,GOVPRIORITYa_W54,4,"0.826961,0.094244,0.050052,0.028743"
RELIGxPOLPARTY,RELIGxPOLPARTY :: Protestant | Independent,GOVPRIORITYa_W54,4,"0.834134,0.096558,0.043522,0.025786"
RELIGxPOLPARTY,RELIGxPOLPARTY :: Protestant | Other,GOVPRIORITYa_W54,4,"0.751495,0.125587,0.084315,0.038602"
RELIGxPOLPARTY,RELIGxPOLPARTY :: Protestant | Refused,GOVPRIORITYa_W54,4,"0.753776,0.116502,0.063341,0.066381"
RELIGxPOLPARTY,RELIGxPOLPARTY :: Protestant | Republican,GOVPRIORITYa_W54,4,"0.836592,0.086809,0.043650,0.032949"
RELIGxPOLPARTY,RELIGxPOLPARTY :: Roman Catholic | Democrat,GOVPRIORITYa_W54,4,"0.869975,0.070856,0.038224,0.020945"
RELIGxPOLPARTY,RELIGxPOLPARTY :: Roman Catholic | Independent,GOVPRIORITYa_W54,4,"0.821884,0.104491,0.046368,0.027258"
RELIGxPOLPARTY,RELIGxPOLPARTY :: Roman Catholic | Other,GOVPRIORITYa_W54,4,"0.729634,0.133918,0.094962,0.041486"
RELIGxPOLPARTY,RELIGxPOLPARTY :: Roman Catholic | Republican,GOVPRIORITYa_W54,4,"0.858477,0.074429,0.037719,0.029375"
RELIGxPOLPARTY,RELIGxPOLPARTY :: Agnostic | Democrat,GOVPRIORITYf_W54,4,"0.774031,0.104754,0.075451,0.045764"
RELIGxPOLPARTY,RELIGxPOLPARTY :: Agnostic | Independent,GOVPRIORITYf_W54,4,"0.772630,0.119416,0.068575,0.039379"
RELIGxPOLPARTY,RELIGxPOLPARTY :: Agnostic | Other,GOVPRIORITYf_W54,4,"0.698805,0.137603,0.109707,0.053886"
RELIGxPOLPARTY,RELIGxPOLPARTY :: Agnostic | Republican,GOVPRIORITYf_W54,4,"0.736036,0.119220,0.079417,0.065327"
RELIGxPOLPARTY,RELIGxPOLPARTY :: Atheist | Democrat,GOVPRIORITYf_W54,4,"0.722913,0.144592,0.083683,0.048812"
RELIGxPOLPARTY,RELIGxPOLPARTY :: Atheist | Independent,GOVPRIORITYf_W54,4,"0.750672,0.138860,0.070371,0.040096"
RELIGxPOLPARTY,RELIGxPOLPARTY :: Atheist | Other,GOVPRIORITYf_W54,4,"0.680058,0.160271,0.108445,0.051226"
RELIGxPOLPARTY,RELIGxPOLPARTY :: Jewish | Democrat,GOVPRIORITYf_W54,4,"0.683446,0.153693,0.092494,0.070366"
RELIGxPOLPARTY,RELIGxPOLPARTY :: Jewish | Independent,GOVPRIORITYf_W54,4,"0.694837,0.158716,0.084293,0.062154"
RELIGxPOLPARTY,RELIGxPOLPARTY :: Mormon | Independent,GOVPRIORITYf_W54,4,"0.748007,0.140546,0.069575,0.041871"
RELIGxPOLPARTY,RELIGxPOLPARTY :: Mormon | Republican,GOVPRIORITYf_W54,4,"0.709094,0.141828,0.082084,0.066995"
RELIGxPOLPARTY,RELIGxPOLPARTY :: Nothing in particular | Democrat,GOVPRIORITYf_W54,4,"0.669593,0.170627,0.097983,0.061797"
RELIGxPOLPARTY,RELIGxPOLPARTY :: Nothing in particular | Independent,GOVPRIORITYf_W54,4,"0.748148,0.147319,0.066402,0.038131"
RELIGxPOLPARTY,RELIGxPOLPARTY :: Nothing in particular | Other,GOVPRIORITYf_W54,4,"0.676846,0.171133,0.102990,0.049031"
RELIGxPOLPARTY,RELIGxPOLPARTY :: Nothing in particular | Republican,GOVPRIORITYf_W54,4,"0.659514,0.168059,0.094273,0.078155"
RELIGxPOLPARTY,RELIGxPOLPARTY :: Other | Democrat,GOVPRIORITYf_W54,4,"0.651450,0.169941,0.105519,0.073091"
RELIGxPOLPARTY,RELIGxPOLPARTY :: Other | Independent,GOVPRIORITYf_W54,4,"0.730064,0.144886,0.075755,0.049295"
RELIGxPOLPARTY,RELIGxPOLPARTY :: Protestant | Democrat,GOVPRIORITYf_W54,4,"0.688589,0.158522,0.090323,0.062565"
RELIGxPOLPARTY,RELIGxPOLPARTY :: Protestant | Independent,GOVPRIORITYf_W54,4,"0.701493,0.161493,0.081204,0.055810"
RELIGxPOLPARTY,RELIGxPOLPARTY :: Protestant | Other,GOVPRIORITYf_W54,4,"0.614162,0.184405,0.125753,0.075680"
RELIGxPOLPARTY,RELIGxPOLPARTY :: Protestant | Refused,GOVPRIORITYf_W54,4,"0.601092,0.179076,0.107770,0.112063"
RELIGxPOLPARTY,RELIGxPOLPARTY :: Protestant | Republican,GOVPRIORITYf_W54,4,"0.681431,0.154442,0.084627,0.079500"
RELIGxPOLPARTY,RELIGxPOLPARTY :: Roman Catholic | Democrat,GOVPRIORITYf_W54,4,"0.761171,0.122331,0.069702,0.046796"
RELIGxPOLPARTY,RELIGxPOLPARTY :: Roman Catholic | Independent,GOVPRIORITYf_W54,4,"0.714414,0.154503,0.077689,0.053395"
RELIGxPOLPARTY,RELIGxPOLPARTY :: Roman Catholic | Other,GOVPRIORITYf_W54,4,"0.630356,0.175043,0.122200,0.072401"
RELIGxPOLPARTY,RELIGxPOLPARTY :: Roman Catholic | Republican,GOVPRIORITYf_W54,4,"0.752901,0.120061,0.064264,0.062775"
RELIGxPOLPARTY,RELIGxPOLPARTY :: Agnostic | Democrat,GOVRESP_d_W54,2,"0.741674,0.258326"
RELIGxPOLPARTY,RELIGxPOLPARTY :: Agnostic | Independent,GOVRESP_d_W54,2,"0.721743,0.278257"
RELIGxPOLPARTY,RELIGxPOLPARTY :: Agnostic | Other,GOVRESP_d_W54,2,"0.677474,0.322526"
RELIGxPOLPARTY,RELIGxPOLPARTY :: Agnostic | Republican,GOVRESP_d_W54,2,"0.694303,0.305697"
RELIGxPOLPARTY,RELIGxPOLPARTY :: Atheist | Democrat,GOVRESP_d_W54,2,"0.675765,0.324235"
RELIGxPOLPARTY,RELIGxPOLPARTY :: Atheist | Independent,GOVRESP_d_W54,2,"0.687630,0.312370"
RELIGxPOLPARTY,RELIGxPOLPARTY :: Atheist | Other,GOVRESP_d_W54,2,"0.653127,0.346873"
RELIGxPOLPARTY,RELIGxPOLPARTY :: Jewish | Democrat,GOVRESP_d_W54,2,"0.684264,0.315736"
RELIGxPOLPARTY,RELIGxPOLPARTY :: Jewish | Independent,GOVRESP_d_W54,2,"0.674050,0.325950"
RELIGxPOLPARTY,RELIGxPOLPARTY :: Mormon | Independent,GOVRESP_d_W54,2,"0.661923,0.338077"
RELIGxPOLPARTY,RELIGxPOLPARTY :: Mormon | Republican,GOVRESP_d_W54,2,"0.667148,0.332852"
RELIGxPOLPARTY,RELIGxPOLPARTY :: Nothing in particular | Democrat,GOVRESP_d_W54,2,"0.642432,0.357568"
RELIGxPOLPARTY,RELIGxPOLPARTY :: Nothing in particular | Independent,GOVRESP_d_W54,2,"0.651355,0.348645"
RELIGxPOLPARTY,RELIGxPOLPARTY :: Nothing in particular | Other,GOVRESP_d_W54,2,"0.616936,0.383064"
RELIGxPOLPARTY,RELIGxPOLPARTY :: Nothing in particular | Republican,GOVRESP_d_W54,2,"0.618780,0.381220"
RELIGxPOLPARTY,RELIGxPOLPARTY :: Other | Democrat,GOVRESP_d_W54,2,"0.635222,0.364778"
RELIGxPOLPARTY,RELIGxPOLPARTY :: Other | Independent,GOVRESP_d_W54,2,"0.651355,0.348645"
RELIGxPOLPARTY,RELIGxPOLPARTY :: Protestant | Democrat,GOVRESP_d_W54,2,"0.658418,0.341583"
RELIGxPOLPARTY,RELIGxPOLPARTY :: Protestant | Independent,GOVRESP_d_W54,2,"0.661923,0.338077"
RELIGxPOLPARTY,RELIGxPOLPARTY :: Protestant | Other,GOVRESP_d_W54,2,"0.629775,0.370225"
RELIGxPOLPARTY,RELIGxPOLPARTY :: Protestant | Refused,GOVRESP_d_W54,2,"0.640636,0.359364"
RELIGxPOLPARTY,RELIGxPOLPARTY :: Protestant | Republican,GOVRESP_d_W54,2,"0.653127,0.346873"
RELIGxPOLPARTY,RELIGxPOLPARTY :: Roman Catholic | Democrat,GOVRESP_d_W54,2,"0.675765,0.324235"
RELIGxPOLPARTY,RELIGxPOLPARTY :: Roman Catholic | Independent,GOVRESP_d_W54,2,"0.668880,0.331120"
RELIGxPOLPARTY,RELIGxPOLPARTY :: Roman Catholic | Other,GOVRESP_d_W54,2,"0.629775,0.370225"
RELIGxPOLPARTY,RELIGxPOLPARTY :: Roman Catholic | Republican,GOVRESP_d_W54,2,"0.684264,0.315736"
RELIGxPOLPARTY,RELIGxPOLPARTY :: Agnostic | Democrat,GOVRESP_g_W54,2,"0.823328,0.176672"
RELIGxPOLPARTY,RELIGxPOLPARTY :: Agnostic | Independent,GOVRESP_g_W54,2,"0.804406,0.195594"
RELIGxPOLPARTY,RELIGxPOLPARTY :: Agnostic | Other,GOVRESP_g_W54,2,"0.750553,0.249447"
RELIGxPOLPARTY,RELIGxPOLPARTY :: Agnostic | Republican,GOVRESP_g_W54,2,"0.785309,0.214691"
RELIGxPOLPARTY,RELIGxPOLPARTY :: Atheist | Democrat,GOVRESP_g_W54,2,"0.773216,0.226784"
RELIGxPOLPARTY,RELIGxPOLPARTY :: Atheist | Independent,GOVRESP_g_W54,2,"0.769080,0.230920"
RELIGxPOLPARTY,RELIGxPOLPARTY :: Atheist | Other,GOVRESP_g_W54,2,"0.726426,0.273574"
RELIGxPOLPARTY,RELIGxPOLPARTY :: Jewish | Democrat,GOVRESP_g_W54,2,"0.787931,0.212069"
RELIGxPOLPARTY,RELIGxPOLPARTY :: Jewish | Independent,GOVRESP_g_W54,2,"0.757794,0.242206"
RELIGxPOLPARTY,RELIGxPOLPARTY :: Mormon | Independent,GOVRESP_g_W54,2,"0.746139,0.253861"
RELIGxPOLPARTY,RELIGxPOLPARTY :: Mormon | Republican,GOVRESP_g_W54,2,"0.746139,0.253861"
RELIGxPOLPARTY,RELIGxPOLPARTY :: Nothing in particular | Democrat,GOVRESP_g_W54,2,"0.729520,0.270480"
RELIGxPOLPARTY,RELIGxPOLPARTY :: Nothing in particular | Independent,GOVRESP_g_W54,2,"0.731059,0.268941"
RELIGxPOLPARTY,RELIGxPOLPARTY :: Nothing in particular | Other,GOVRESP_g_W54,2,"0.680879,0.319121"
RELIGxPOLPARTY,RELIGxPOLPARTY :: Nothing in particular | Republican,GOVRESP_g_W54,2,"0.689306,0.310694"
RELIGxPOLPARTY,RELIGxPOLPARTY :: Other | Democrat,GOVRESP_g_W54,2,"0.720172,0.279829"
RELIGxPOLPARTY,RELIGxPOLPARTY :: Other | Independent,GOVRESP_g_W54,2,"0.724870,0.275130"
RELIGxPOLPARTY,RELIGxPOLPARTY :: Protestant | Democrat,GOVRESP_g_W54,2,"0.760651,0.239349"
RELIGxPOLPARTY,RELIGxPOLPARTY :: Protestant | Independent,GOVRESP_g_W54,2,"0.740174,0.259826"
RELIGxPOLPARTY,RELIGxPOLPARTY :: Protestant | Other,GOVRESP_g_W54,2,"0.690976,0.309024"
RELIGxPOLPARTY,RELIGxPOLPARTY :: Protestant | Refused,GOVRESP_g_W54,2,"0.707405,0.292595"
RELIGxPOLPARTY,RELIGxPOLPARTY :: Protestant | Republican,GOVRESP_g_W54,2,"0.732592,0.267408"
RELIGxPOLPARTY,RELIGxPOLPARTY :: Roman Catholic | Democrat,GOVRESP_g_W54,2,"0.778649,0.221351"
RELIGxPOLPARTY,RELIGxPOLPARTY :: Roman Catholic | Independent,GOVRESP_g_W54,2,"0.747616,0.252384"
RELIGxPOLPARTY,RELIGxPOLPARTY :: Roman Catholic | Other,GOVRESP_g_W54,2,"0.689306,0.310694"
RELIGxPOLPARTY,RELIGxPOLPARTY :: Roman Catholic | Republican,GOVRESP_g_W54,2,"0.769080,0.230920"
RELIGxPOLPARTY,RELIGxPOLPARTY :: Agnostic | Democrat,GOVSIZE3_W92,2,"0.627951,0.372049"
RELIGxPOLPARTY,RELIGxPOLPARTY :: Agnostic | Independent,GOVSIZE3_W92,2,"0.588889,0.411111"
RELIGxPOLPARTY,RELIGxPOLPARTY :: Agnostic | Other,GOVSIZE3_W92,2,"0.560253,0.439747"
RELIGxPOLPARTY,RELIGxPOLPARTY :: Agnostic | Republican,GOVSIZE3_W92,2,"0.521471,0.478529"
RELIGxPOLPARTY,RELIGxPOLPARTY :: Atheist | Democrat,GOVSIZE3_W92,2,"0.575588,0.424412"
RELIGxPOLPARTY,RELIGxPOLPARTY :: Atheist | Independent,GOVSIZE3_W92,2,"0.537041,0.462959"
RELIGxPOLPARTY,RELIGxPOLPARTY :: Atheist | Other,GOVSIZE3_W92,2,"0.529263,0.470737"
RELIGxPOLPARTY,RELIGxPOLPARTY :: Buddhist | Democrat,GOVSIZE3_W92,2,"0.566019,0.433981"
RELIGxPOLPARTY,RELIGxPOLPARTY :: Jewish | Democrat,GOVSIZE3_W92,2,"0.575588,0.424412"
RELIGxPOLPARTY,RELIGxPOLPARTY :: Jewish | Independent,GOVSIZE3_W92,2,"0.554470,0.445530"
RELIGxPOLPARTY,RELIGxPOLPARTY :: Jewish | Republican,GOVSIZE3_W92,2,"0.474631,0.525369"
RELIGxPOLPARTY,RELIGxPOLPARTY :: Mormon | Independent,GOVSIZE3_W92,2,"0.548674,0.451327"
RELIGxPOLPARTY,RELIGxPOLPARTY :: Mormon | Republican,GOVSIZE3_W92,2,"0.472683,0.527317"
RELIGxPOLPARTY,RELIGxPOLPARTY :: Nothing in particular | Democrat,GOVSIZE3_W92,2,"0.585101,0.414899"
RELIGxPOLPARTY,RELIGxPOLPARTY :: Nothing in particular | Independent,GOVSIZE3_W92,2,"0.575588,0.424412"
RELIGxPOLPARTY,RELIGxPOLPARTY :: Nothing in particular | Other,GOVSIZE3_W92,2,"0.546738,0.453262"
RELIGxPOLPARTY,RELIGxPOLPARTY :: Nothing in particular | Republican,GOVSIZE3_W92,2,"0.498047,0.501953"
RELIGxPOLPARTY,RELIGxPOLPARTY :: Other | Democrat,GOVSIZE3_W92,2,"0.560253,0.439747"
RELIGxPOLPARTY,RELIGxPOLPARTY :: Other | Independent,GOVSIZE3_W92,2,"0.550607,0.449393"
RELIGxPOLPARTY,RELIGxPOLPARTY :: Other | Other,GOVSIZE3_W92,2,"0.523420,0.476580"
RELIGxPOLPARTY,RELIGxPOLPARTY :: Protestant | Democrat,GOVSIZE3_W92,2,"0.569853,0.430147"
RELIGxPOLPARTY,RELIGxPOLPARTY :: Protestant | Independent,GOVSIZE3_W92,2,"0.544801,0.455199"
RELIGxPOLPARTY,RELIGxPOLPARTY :: Protestant | Other,GOVSIZE3_W92,2,"0.527317,0.472683"
RELIGxPOLPARTY,RELIGxPOLPARTY :: Protestant | Refused,GOVSIZE3_W92,2,"0.513668,0.486332"
RELIGxPOLPARTY,RELIGxPOLPARTY :: Protestant | Republican,GOVSIZE3_W92,2,"0.492188,0.507812"
RELIGxPOLPARTY,RELIGxPOLPARTY :: Roman Catholic | Democrat,GOVSIZE3_W92,2,"0.585101,0.414899"
RELIGxPOLPARTY,RELIGxPOLPARTY :: Roman Catholic | Independent,GOVSIZE3_W92,2,"0.550607,0.449393"
RELIGxPOLPARTY,RELIGxPOLPARTY :: Roman Catholic | Other,GOVSIZE3_W92,2,"0.531209,0.468791"
RELIGxPOLPARTY,RELIGxPOLPARTY :: Roman Catholic | Republican,GOVSIZE3_W92,2,"0.498047,0.501953"
RELIGxPOLPARTY,RELIGxPOLPARTY :: Agnostic | Democrat,GROWUPGUN2B_W26,2,"0.849971,0.150029"
RELIGxPOLPARTY,RELIGxPOLPARTY :: Agnostic | Independent,GROWUPGUN2B_W26,2,"0.828939,0.171061"
RELIGxPOLPARTY,RELIGxPOLPARTY :: Agnostic | Other,GROWUPGUN2B_W26,2,"0.796925,0.203075"
RELIGxPOLPARTY,RELIGxPOLPARTY :: Atheist | Democrat,GROWUPGUN2B_W26,2,"0.817574,0.182426"
RELIGxPOLPARTY,RELIGxPOLPARTY :: Atheist | Independent,GROWUPGUN2B_W26,2,"0.808067,0.191933"
RELIGxPOLPARTY,RELIGxPOLPARTY :: Atheist | Other,GROWUPGUN2B_W26,2,"0.785309,0.214691"
RELIGxPOLPARTY,RELIGxPOLPARTY :: Jewish | Democrat,GROWUPGUN2B_W26,2,"0.833325,0.166675"
RELIGxPOLPARTY,RELIGxPOLPARTY :: Mormon | Republican,GROWUPGUN2B_W26,2,"0.815233,0.184768"
RELIGxPOLPARTY,RELIGxPOLPARTY :: Nothing in particular | Democrat,GROWUPGUN2B_W26,2,"0.783988,0.216012"
RELIGxPOLPARTY,RELIGxPOLPARTY :: Nothing in particular | Independent,GROWUPGUN2B_W26,2,"0.793106,0.206894"
RELIGxPOLPARTY,RELIGxPOLPARTY :: Nothing in particular | Other,GROWUPGUN2B_W26,2,"0.754915,0.245085"
RELIGxPOLPARTY,RELIGxPOLPARTY :: Nothing in particular | Republican,GROWUPGUN2B_W26,2,"0.756358,0.243642"
RELIGxPOLPARTY,RELIGxPOLPARTY :: Other | Democrat,GROWUPGUN2B_W26,2,"0.781331,0.218669"
RELIGxPOLPARTY,RELIGxPOLPARTY :: Other | Independent,GROWUPGUN2B_W26,2,"0.793106,0.206894"
RELIGxPOLPARTY,RELIGxPOLPARTY :: Protestant | Democrat,GROWUPGUN2B_W26,2,"0.803174,0.196826"
RELIGxPOLPARTY,RELIGxPOLPARTY :: Protestant | Independent,GROWUPGUN2B_W26,2,"0.787931,0.212069"
RELIGxPOLPARTY,RELIGxPOLPARTY :: Protestant | Other,GROWUPGUN2B_W26,2,"0.750553,0.249447"
RELIGxPOLPARTY,RELIGxPOLPARTY :: Protestant | Republican,GROWUPGUN2B_W26,2,"0.794385,0.205615"
RELIGxPOLPARTY,RELIGxPOLPARTY :: Roman Catholic | Democrat,GROWUPGUN2B_W26,2,"0.828939,0.171061"
RELIGxPOLPARTY,RELIGxPOLPARTY :: Roman Catholic | Independent,GROWUPGUN2B_W26,2,"0.785309,0.214691"
RELIGxPOLPARTY,RELIGxPOLPARTY :: Roman Catholic | Other,GROWUPGUN2B_W26,2,"0.741674,0.258326"
RELIGxPOLPARTY,RELIGxPOLPARTY :: Roman Catholic | Republican,GROWUPGUN2B_W26,2,"0.818737,0.181263"
RELIGxPOLPARTY,RELIGxPOLPARTY :: Agnostic | Democrat,GROWUPGUN2C_W26,2,"0.832237,0.167763"
RELIGxPOLPARTY,RELIGxPOLPARTY :: Agnostic | Independent,GROWUPGUN2C_W26,2,"0.787931,0.212069"
RELIGxPOLPARTY,RELIGxPOLPARTY :: Agnostic | Other,GROWUPGUN2C_W26,2,"0.760651,0.239349"
RELIGxPOLPARTY,RELIGxPOLPARTY :: Atheist | Democrat,GROWUPGUN2C_W26,2,"0.782663,0.217338"
RELIGxPOLPARTY,RELIGxPOLPARTY :: Atheist | Independent,GROWUPGUN2C_W26,2,"0.756358,0.243642"
RELIGxPOLPARTY,RELIGxPOLPARTY :: Atheist | Other,GROWUPGUN2C_W26,2,"0.743168,0.256832"
RELIGxPOLPARTY,RELIGxPOLPARTY :: Jewish | Democrat,GROWUPGUN2C_W26,2,"0.803174,0.196826"
RELIGxPOLPARTY,RELIGxPOLPARTY :: Mormon | Republican,GROWUPGUN2C_W26,2,"0.789234,0.210766"
RELIGxPOLPARTY,RELIGxPOLPARTY :: Nothing in particular | Democrat,GROWUPGUN2C_W26,2,"0.752013,0.247987"
RELIGxPOLPARTY,RELIGxPOLPARTY :: Nothing in particular | Independent,GROWUPGUN2C_W26,2,"0.753467,0.246533"
RELIGxPOLPARTY,RELIGxPOLPARTY :: Nothing in particular | Other,GROWUPGUN2C_W26,2,"0.717012,0.282988"
RELIGxPOLPARTY,RELIGxPOLPARTY :: Nothing in particular | Republican,GROWUPGUN2C_W26,2,"0.727975,0.272025"
RELIGxPOLPARTY,RELIGxPOLPARTY :: Other | Democrat,GROWUPGUN2C_W26,2,"0.744656,0.255344"
RELIGxPOLPARTY,RELIGxPOLPARTY :: Other | Independent,GROWUPGUN2C_W26,2,"0.740174,0.259826"
RELIGxPOLPARTY,RELIGxPOLPARTY :: Protestant | Democrat,GROWUPGUN2C_W26,2,"0.764892,0.235108"
RELIGxPOLPARTY,RELIGxPOLPARTY :: Protestant | Independent,GROWUPGUN2C_W26,2,"0.735642,0.264358"
RELIGxPOLPARTY,RELIGxPOLPARTY :: Protestant | Other,GROWUPGUN2C_W26,2,"0.699254,0.300746"
RELIGxPOLPARTY,RELIGxPOLPARTY :: Protestant | Republican,GROWUPGUN2C_W26,2,"0.756358,0.243642"
RELIGxPOLPARTY,RELIGxPOLPARTY :: Roman Catholic | Democrat,GROWUPGUN2C_W26,2,"0.789234,0.210766"
RELIGxPOLPARTY,RELIGxPOLPARTY :: Roman Catholic | Independent,GROWUPGUN2C_W26,2,"0.737158,0.262842"
RELIGxPOLPARTY,RELIGxPOLPARTY :: Roman Catholic | Other,GROWUPGUN2C_W26,2,"0.692642,0.307358"
RELIGxPOLPARTY,RELIGxPOLPARTY :: Roman Catholic | Republican,GROWUPGUN2C_W26,2,"0.781331,0.218669"
RELIGxPOLPARTY,RELIGxPOLPARTY :: Agnostic | Democrat,GROWUPGUN4_W26,4,"0.358793,0.281620,0.231655,0.127932"
RELIGxPOLPARTY,RELIGxPOLPARTY :: Agnostic | Independent,GROWUPGUN4_W26,4,"0.285112,0.330735,0.259597,0.124556"
RELIGxPOLPARTY,RELIGxPOLPARTY :: Agnostic | Other,GROWUPGUN4_W26,4,"0.269592,0.317657,0.280331,0.132419"
RELIGxPOLPARTY,RELIGxPOLPARTY :: Atheist | Democrat,GROWUPGUN4_W26,4,"0.271438,0.343129,0.263086,0.122347"
RELIGxPOLPARTY,RELIGxPOLPARTY :: Atheist | Independent,GROWUPGUN4_W26,4,"0.255828,0.369330,0.263949,0.110893"
RELIGxPOLPARTY,RELIGxPOLPARTY :: Atheist | Other,GROWUPGUN4_W26,4,"0.236516,0.352289,0.287530,0.123665"
RELIGxPOLPARTY,RELIGxPOLPARTY :: Jewish | Democrat,GROWUPGUN4_W26,4,"0.269485,0.322531,0.259161,0.148824"
RELIGxPOLPARTY,RELIGxPOLPARTY :: Mormon | Republican,GROWUPGUN4_W26,4,"0.313410,0.308551,0.242185,0.135853"
RELIGxPOLPARTY,RELIGxPOLPARTY :: Nothing in particular | Democrat,GROWUPGUN4_W26,4,"0.256920,0.345724,0.267155,0.130201"
RELIGxPOLPARTY,RELIGxPOLPARTY :: Nothing in particular | Independent,GROWUPGUN4_W26,4,"0.224109,0.381222,0.281096,0.113573"
RELIGxPOLPARTY,RELIGxPOLPARTY :: Nothing in particular | Other,GROWUPGUN4_W26,4,"0.214422,0.367604,0.297695,0.120280"
RELIGxPOLPARTY,RELIGxPOLPARTY :: Nothing in particular | Republican,GROWUPGUN4_W26,4,"0.256024,0.339177,0.260056,0.144743"
RELIGxPOLPARTY,RELIGxPOLPARTY :: Other | Democrat,GROWUPGUN4_W26,4,"0.261190,0.338004,0.265303,0.135503"
RELIGxPOLPARTY,RELIGxPOLPARTY :: Other | Independent,GROWUPGUN4_W26,4,"0.233225,0.366914,0.276961,0.122901"
RELIGxPOLPARTY,RELIGxPOLPARTY :: Protestant | Democrat,GROWUPGUN4_W26,4,"0.264571,0.334448,0.260469,0.140512"
RELIGxPOLPARTY,RELIGxPOLPARTY :: Protestant | Independent,GROWUPGUN4_W26,4,"0.248640,0.345203,0.268844,0.137312"
RELIGxPOLPARTY,RELIGxPOLPARTY :: Protestant | Other,GROWUPGUN4_W26,4,"0.242808,0.329296,0.279470,0.148426"
RELIGxPOLPARTY,RELIGxPOLPARTY :: Protestant | Republican,GROWUPGUN4_W26,4,"0.285261,0.315755,0.240213,0.158771"
RELIGxPOLPARTY,RELIGxPOLPARTY :: Roman Catholic | Democrat,GROWUPGUN4_W26,4,"0.276853,0.347252,0.252078,0.123817"
RELIGxPOLPARTY,RELIGxPOLPARTY :: Roman Catholic | Independent,GROWUPGUN4_W26,4,"0.249464,0.354560,0.263487,0.132489"
RELIGxPOLPARTY,RELIGxPOLPARTY :: Roman Catholic | Other,GROWUPGUN4_W26,4,"0.244369,0.334013,0.279078,0.142539"
RELIGxPOLPARTY,RELIGxPOLPARTY :: Roman Catholic | Republican,GROWUPGUN4_W26,4,"0.308135,0.317916,0.220214,0.153734"
RELIGxPOLPARTY,RELIGxPOLPARTY :: Agnostic | Democrat,GUNACTIVITYA_W26,4,"0.378857,0.237082,0.229788,0.154273"
RELIGxPOLPARTY,RELIGxPOLPARTY :: Agnostic | Independent,GUNACTIVITYA_W26,4,"0.304846,0.273262,0.258719,0.163172"
RELIGxPOLPARTY,RELIGxPOLPARTY :: Agnostic | Other,GUNACTIVITYA_W26,4,"0.281834,0.262698,0.281834,0.173633"
RELIGxPOLPARTY,RELIGxPOLPARTY :: Atheist | Democrat,GUNACTIVITYA_W26,4,"0.310140,0.289082,0.253129,0.147649"
RELIGxPOLPARTY,RELIGxPOLPARTY :: Atheist | Independent,GUNACTIVITYA_W26,4,"0.290873,0.312061,0.260737,0.136329"
RELIGxPOLPARTY,RELIGxPOLPARTY :: Atheist | Other,GUNACTIVITYA_W26,4,"0.262731,0.297713,0.286307,0.153249"
RELIGxPOLPARTY,RELIGxPOLPARTY :: Jewish | Democrat,GUNACTIVITYA_W26,4,"0.304480,0.266612,0.248509,0.180399"
RELIGxPOLPARTY,RELIGxPOLPARTY :: Mormon | Republican,GUNACTIVITYA_W26,4,"0.364980,0.260840,0.235649,0.138531"
RELIGxPOLPARTY,RELIGxPOLPARTY :: Nothing in particular | Democrat,GUNACTIVITYA_W26,4,"0.290557,0.290557,0.258426,0.160461"
RELIGxPOLPARTY,RELIGxPOLPARTY :: Nothing in particular | Independent,GUNACTIVITYA_W26,4,"0.253276,0.312754,0.280351,0.153620"
RELIGxPOLPARTY,RELIGxPOLPARTY :: Nothing in particular | Other,GUNACTIVITYA_W26,4,"0.239566,0.302840,0.300483,0.157111"
RELIGxPOLPARTY,RELIGxPOLPARTY :: Nothing in particular | Republican,GUNACTIVITYA_W26,4,"0.292607,0.274879,0.252243,0.180270"
RELIGxPOLPARTY,RELIGxPOLPARTY :: Other | Democrat,GUNACTIVITYA_W26,4,"0.294354,0.280874,0.255739,0.169033"
RELIGxPOLPARTY,RELIGxPOLPARTY :: Other | Independent,GUNACTIVITYA_W26,4,"0.265943,0.296680,0.272249,0.165128"
RELIGxPOLPARTY,RELIGxPOLPARTY :: Protestant | Democrat,GUNACTIVITYA_W26,4,"0.310078,0.277952,0.243383,0.168587"
RELIGxPOLPARTY,RELIGxPOLPARTY :: Protestant | Independent,GUNACTIVITYA_W26,4,"0.294132,0.287318,0.253557,0.164993"
RELIGxPOLPARTY,RELIGxPOLPARTY :: Protestant | Other,GUNACTIVITYA_W26,4,"0.275839,0.278003,0.269449,0.176709"
RELIGxPOLPARTY,RELIGxPOLPARTY :: Protestant | Republican,GUNACTIVITYA_W26,4,"0.333709,0.255864,0.227570,0.182857"
RELIGxPOLPARTY,RELIGxPOLPARTY :: Roman Catholic | Democrat,GUNACTIVITYA_W26,4,"0.340628,0.282390,0.230480,0.146502"
RELIGxPOLPARTY,RELIGxPOLPARTY :: Roman Catholic | Independent,GUNACTIVITYA_W26,4,"0.298616,0.293986,0.247561,0.159837"
RELIGxPOLPARTY,RELIGxPOLPARTY :: Roman Catholic | Other,GUNACTIVITYA_W26,4,"0.284093,0.284093,0.264804,0.167010"
RELIGxPOLPARTY,RELIGxPOLPARTY :: Roman Catholic | Republican,GUNACTIVITYA_W26,4,"0.375104,0.255799,0.203941,0.165156"
RELIGxPOLPARTY,RELIGxPOLPARTY :: Agnostic | Democrat,GUNCONTRIBC_W26,4,"0.350466,0.174854,0.214236,0.260444"
RELIGxPOLPARTY,RELIGxPOLPARTY :: Agnostic | Independent,GUNCONTRIBC_W26,4,"0.298698,0.185466,0.230816,0.285020"
RELIGxPOLPARTY,RELIGxPOLPARTY :: Agnostic | Other,GUNCONTRIBC_W26,4,"0.293860,0.181042,0.253323,0.271776"
RELIGxPOLPARTY,RELIGxPOLPARTY :: Atheist | Democrat,GUNCONTRIBC_W26,4,"0.294466,0.200809,0.236610,0.268115"
RELIGxPOLPARTY,RELIGxPOLPARTY :: Atheist | Independent,GUNCONTRIBC_W26,4,"0.293139,0.211140,0.243020,0.252701"
RELIGxPOLPARTY,RELIGxPOLPARTY :: Atheist | Other,GUNCONTRIBC_W26,4,"0.278292,0.206809,0.263482,0.251416"
RELIGxPOLPARTY,RELIGxPOLPARTY :: Jewish | Democrat,GUNCONTRIBC_W26,4,"0.277825,0.183631,0.235787,0.302757"
RELIGxPOLPARTY,RELIGxPOLPARTY :: Mormon | Republican,GUNCONTRIBC_W26,4,"0.316422,0.181706,0.222631,0.279241"
RELIGxPOLPARTY,RELIGxPOLPARTY :: Nothing in particular | Democrat,GUNCONTRIBC_W26,4,"0.281912,0.206251,0.244929,0.266908"
RELIGxPOLPARTY,RELIGxPOLPARTY :: Nothing in particular | Independent,GUNCONTRIBC_W26,4,"0.268750,0.206058,0.256443,0.268750"
RELIGxPOLPARTY,RELIGxPOLPARTY :: Nothing in particular | Other,GUNCONTRIBC_W26,4,"0.268663,0.207607,0.277191,0.246539"
RELIGxPOLPARTY,RELIGxPOLPARTY :: Nothing in particular | Republican,GUNCONTRIBC_W26,4,"0.292817,0.193540,0.229835,0.283808"
RELIGxPOLPARTY,RELIGxPOLPARTY :: Other | Democrat,GUNCONTRIBC_W26,4,"0.289468,0.205263,0.243756,0.261512"
RELIGxPOLPARTY,RELIGxPOLPARTY :: Other | Independent,GUNCONTRIBC_W26,4,"0.278980,0.208946,0.252037,0.260037"
RELIGxPOLPARTY,RELIGxPOLPARTY :: Protestant | Democrat,GUNCONTRIBC_W26,4,"0.283336,0.194734,0.238593,0.283336"
RELIGxPOLPARTY,RELIGxPOLPARTY :: Protestant | Independent,GUNCONTRIBC_W26,4,"0.276255,0.203697,0.243794,0.276255"
RELIGxPOLPARTY,RELIGxPOLPARTY :: Protestant | Other,GUNCONTRIBC_W26,4,"0.273296,0.203096,0.260781,0.262826"
RELIGxPOLPARTY,RELIGxPOLPARTY :: Protestant | Republican,GUNCONTRIBC_W26,4,"0.303935,0.177284,0.217212,0.301569"
RELIGxPOLPARTY,RELIGxPOLPARTY :: Roman Catholic | Democrat,GUNCONTRIBC_W26,4,"0.305194,0.178018,0.223285,0.293503"
RELIGxPOLPARTY,RELIGxPOLPARTY :: Roman Catholic | Independent,GUNCONTRIBC_W26,4,"0.279144,0.196403,0.229618,0.294835"
RELIGxPOLPARTY,RELIGxPOLPARTY :: Roman Catholic | Other,GUNCONTRIBC_W26,4,"0.288429,0.192135,0.250591,0.268845"
RELIGxPOLPARTY,RELIGxPOLPARTY :: Roman Catholic | Republican,GUNCONTRIBC_W26,4,"0.335561,0.152435,0.186768,0.325236"
RELIGxPOLPARTY,RELIGxPOLPARTY :: Agnostic | Democrat,GUNCONTRIBD_W26,4,"0.425816,0.209154,0.199576,0.165454"
RELIGxPOLPARTY,RELIGxPOLPARTY :: Agnostic | Independent,GUNCONTRIBD_W26,4,"0.385328,0.226523,0.214468,0.173681"
RELIGxPOLPARTY,RELIGxPOLPARTY :: Agnostic | Other,GUNCONTRIBD_W26,4,"0.361111,0.224219,0.238680,0.175991"
RELIGxPOLPARTY,RELIGxPOLPARTY :: Atheist | Democrat,GUNCONTRIBD_W26,4,"0.365684,0.245508,0.220072,0.168735"
RELIGxPOLPARTY,RELIGxPOLPARTY :: Atheist | Independent,GUNCONTRIBD_W26,4,"0.366394,0.253793,0.222229,0.157584"
RELIGxPOLPARTY,RELIGxPOLPARTY :: Atheist | Other,GUNCONTRIBD_W26,4,"0.339739,0.254453,0.242800,0.163008"
RELIGxPOLPARTY,RELIGxPOLPARTY :: Jewish | Democrat,GUNCONTRIBD_W26,4,"0.349950,0.231303,0.222442,0.196304"
RELIGxPOLPARTY,RELIGxPOLPARTY :: Mormon | Republican,GUNCONTRIBD_W26,4,"0.363200,0.225516,0.216877,0.194407"
RELIGxPOLPARTY,RELIGxPOLPARTY :: Nothing in particular | Democrat,GUNCONTRIBD_W26,4,"0.341236,0.253585,0.230892,0.174286"
RELIGxPOLPARTY,RELIGxPOLPARTY :: Nothing in particular | Independent,GUNCONTRIBD_W26,4,"0.341363,0.265854,0.232789,0.159994"
RELIGxPOLPARTY,RELIGxPOLPARTY :: Nothing in particular | Other,GUNCONTRIBD_W26,4,"0.323514,0.266115,0.253929,0.156441"
RELIGxPOLPARTY,RELIGxPOLPARTY :: Nothing in particular | Republican,GUNCONTRIBD_W26,4,"0.333089,0.243693,0.228929,0.194289"
RELIGxPOLPARTY,RELIGxPOLPARTY :: Other | Democrat,GUNCONTRIBD_W26,4,"0.345181,0.244770,0.228151,0.181898"
RELIGxPOLPARTY,RELIGxPOLPARTY :: Other | Independent,GUNCONTRIBD_W26,4,"0.344772,0.256213,0.229668,0.169347"
RELIGxPOLPARTY,RELIGxPOLPARTY :: Protestant | Democrat,GUNCONTRIBD_W26,4,"0.346359,0.243694,0.220159,0.189789"
RELIGxPOLPARTY,RELIGxPOLPARTY :: Protestant | Independent,GUNCONTRIBD_W26,4,"0.341549,0.249883,0.225750,0.182818"
RELIGxPOLPARTY,RELIGxPOLPARTY :: Protestant | Other,GUNCONTRIBD_W26,4,"0.324257,0.246681,0.242857,0.186205"
RELIGxPOLPARTY,RELIGxPOLPARTY :: Protestant | Republican,GUNCONTRIBD_W26,4,"0.348676,0.223370,0.213141,0.214813"
RELIGxPOLPARTY,RELIGxPOLPARTY :: Roman Catholic | Democrat,GUNCONTRIBD_W26,4,"0.380062,0.230519,0.209890,0.179529"
RELIGxPOLPARTY,RELIGxPOLPARTY :: Roman Catholic | Independent,GUNCONTRIBD_W26,4,"0.355102,0.242159,0.217070,0.185669"
RELIGxPOLPARTY,RELIGxPOLPARTY :: Roman Catholic | Other,GUNCONTRIBD_W26,4,"0.341403,0.234642,0.238337,0.185617"
RELIGxPOLPARTY,RELIGxPOLPARTY :: Roman Catholic | Republican,GUNCONTRIBD_W26,4,"0.392138,0.205034,0.189626,0.213202"
RELIGxPOLPARTY,RELIGxPOLPARTY :: Agnostic | Democrat,GUNCONTRIBE_W26,4,"0.291140,0.158290,0.235772,0.314797"
RELIGxPOLPARTY,RELIGxPOLPARTY :: Agnostic | Independent,GUNCONTRIBE_W26,4,"0.238603,0.158944,0.257991,0.344463"
RELIGxPOLPARTY,RELIGxPOLPARTY :: Agnostic | Other,GUNCONTRIBE_W26,4,"0.244216,0.156450,0.283295,0.316039"
RELIGxPOLPARTY,RELIGxPOLPARTY :: Atheist | Democrat,GUNCONTRIBE_W26,4,"0.237673,0.173885,0.261033,0.327409"
RELIGxPOLPARTY,RELIGxPOLPARTY :: Atheist | Independent,GUNCONTRIBE_W26,4,"0.245355,0.186656,0.267373,0.300615"
RELIGxPOLPARTY,RELIGxPOLPARTY :: Atheist | Other,GUNCONTRIBE_W26,4,"0.237254,0.179088,0.290689,0.292969"
RELIGxPOLPARTY,RELIGxPOLPARTY :: Jewish | Democrat,GUNCONTRIBE_W26,4,"0.226296,0.160468,0.254431,0.358805"
RELIGxPOLPARTY,RELIGxPOLPARTY :: Mormon | Republican,GUNCONTRIBE_W26,4,"0.273330,0.155739,0.248870,0.322061"
RELIGxPOLPARTY,RELIGxPOLPARTY :: Nothing in particular | Democrat,GUNCONTRIBE_W26,4,"0.238442,0.177195,0.266001,0.318362"
RELIGxPOLPARTY,RELIGxPOLPARTY :: Nothing in particular | Independent,GUNCONTRIBE_W26,4,"0.223554,0.171405,0.284815,0.320226"
RELIGxPOLPARTY,RELIGxPOLPARTY :: Nothing in particular | Other,GUNCONTRIBE_W26,4,"0.231222,0.174535,0.308722,0.285521"
RELIGxPOLPARTY,RELIGxPOLPARTY :: Nothing in particular | Republican,GUNCONTRIBE_W26,4,"0.255983,0.165275,0.250053,0.328689"
RELIGxPOLPARTY,RELIGxPOLPARTY :: Other | Democrat,GUNCONTRIBE_W26,4,"0.245189,0.179384,0.263049,0.312378"
RELIGxPOLPARTY,RELIGxPOLPARTY :: Other | Independent,GUNCONTRIBE_W26,4,"0.234262,0.179615,0.278193,0.307931"
RELIGxPOLPARTY,RELIGxPOLPARTY :: Protestant | Democrat,GUNCONTRIBE_W26,4,"0.236475,0.170326,0.259717,0.333483"
RELIGxPOLPARTY,RELIGxPOLPARTY :: Protestant | Independent,GUNCONTRIBE_W26,4,"0.237108,0.181797,0.264513,0.316581"
RELIGxPOLPARTY,RELIGxPOLPARTY :: Protestant | Other,GUNCONTRIBE_W26,4,"0.243556,0.182415,0.282530,0.291499"
RELIGxPOLPARTY,RELIGxPOLPARTY :: Protestant | Republican,GUNCONTRIBE_W26,4,"0.264763,0.154435,0.235485,0.345316"
RELIGxPOLPARTY,RELIGxPOLPARTY :: Roman Catholic | Democrat,GUNCONTRIBE_W26,4,"0.243137,0.148627,0.248903,0.359333"
RELIGxPOLPARTY,RELIGxPOLPARTY :: Roman Catholic | Independent,GUNCONTRIBE_W26,4,"0.235692,0.172436,0.248941,0.342930"
RELIGxPOLPARTY,RELIGxPOLPARTY :: Roman Catholic | Other,GUNCONTRIBE_W26,4,"0.252320,0.170729,0.274963,0.301988"
RELIGxPOLPARTY,RELIGxPOLPARTY :: Roman Catholic | Republican,GUNCONTRIBE_W26,4,"0.281755,0.126997,0.206136,0.385113"
RELIGxPOLPARTY,RELIGxPOLPARTY :: Agnostic | Democrat,GUNKILLF2_W26,2,"0.515620,0.484380"
RELIGxPOLPARTY,RELIGxPOLPARTY :: Agnostic | Independent,GUNKILLF2_W26,2,"0.507812,0.492188"
RELIGxPOLPARTY,RELIGxPOLPARTY :: Agnostic | Other,GUNKILLF2_W26,2,"0.488283,0.511717"
RELIGxPOLPARTY,RELIGxPOLPARTY :: Atheist | Democrat,GUNKILLF2_W26,2,"0.455199,0.544801"
RELIGxPOLPARTY,RELIGxPOLPARTY :: Atheist | Independent,GUNKILLF2_W26,2,"0.472683,0.527317"
RELIGxPOLPARTY,RELIGxPOLPARTY :: Atheist | Other,GUNKILLF2_W26,2,"0.470737,0.529263"
RELIGxPOLPARTY,RELIGxPOLPARTY :: Jewish | Democrat,GUNKILLF2_W26,2,"0.445530,0.554470"
RELIGxPOLPARTY,RELIGxPOLPARTY :: Mormon | Republican,GUNKILLF2_W26,2,"0.451327,0.548674"
RELIGxPOLPARTY,RELIGxPOLPARTY :: Nothing in particular | Democrat,GUNKILLF2_W26,2,"0.476580,0.523420"
RELIGxPOLPARTY,RELIGxPOLPARTY :: Nothing in particular | Independent,GUNKILLF2_W26,2,"0.492188,0.507812"
RELIGxPOLPARTY,RELIGxPOLPARTY :: Nothing in particular | Other,GUNKILLF2_W26,2,"0.484380,0.515620"
RELIGxPOLPARTY,RELIGxPOLPARTY :: Nothing in particular | Republican,GUNKILLF2_W26,2,"0.484380,0.515620"
RELIGxPOLPARTY,RELIGxPOLPARTY :: Other | Democrat,GUNKILLF2_W26,2,"0.476580,0.523420"
RELIGxPOLPARTY,RELIGxPOLPARTY :: Other | Independent,GUNKILLF2_W26,2,"0.494141,0.505859"
RELIGxPOLPARTY,RELIGxPOLPARTY :: Protestant | Democrat,GUNKILLF2_W26,2,"0.443600,0.556400"
RELIGxPOLPARTY,RELIGxPOLPARTY :: Protestant | Independent,GUNKILLF2_W26,2,"0.478529,0.521471"
RELIGxPOLPARTY,RELIGxPOLPARTY :: Protestant | Other,GUNKILLF2_W26,2,"0.472683,0.527317"
RELIGxPOLPARTY,RELIGxPOLPARTY :: Protestant | Republican,GUNKILLF2_W26,2,"0.457137,0.542863"
RELIGxPOLPARTY,RELIGxPOLPARTY :: Roman Catholic | Democrat,GUNKILLF2_W26,2,"0.420600,0.579400"
RELIGxPOLPARTY,RELIGxPOLPARTY :: Roman Catholic | Independent,GUNKILLF2_W26,2,"0.472683,0.527317"
RELIGxPOLPARTY,RELIGxPOLPARTY :: Roman Catholic | Other,GUNKILLF2_W26,2,"0.459076,0.540924"
RELIGxPOLPARTY,RELIGxPOLPARTY :: Roman Catholic | Republican,GUNKILLF2_W26,2,"0.430147,0.569853"
RELIGxPOLPARTY,RELIGxPOLPARTY :: Agnostic | Democrat,GUNRESPKIDSH_W26,4,"0.893283,0.053228,0.036870,0.016619"
RELIGxPOLPARTY,RELIGxPOLPARTY :: Agnostic | Independent,GUNRESPKIDSH_W26,4,"0.908168,0.051637,0.027639,0.012556"
RELIGxPOLPARTY,RELIGxPOLPARTY :: Agnostic | Other,GUNRESPKIDSH_W26,4,"0.854171,0.066904,0.061876,0.017049"
RELIGxPOLPARTY,RELIGxPOLPARTY :: Atheist | Democrat,GUNRESPKIDSH_W26,4,"0.852891,0.081849,0.045202,0.020058"
RELIGxPOLPARTY,RELIGxPOLPARTY :: Atheist | Independent,GUNRESPKIDSH_W26,4,"0.883013,0.069705,0.032670,0.014611"
RELIGxPOLPARTY,RELIGxPOLPARTY :: Atheist | Other,GUNRESPKIDSH_W26,4,"0.822139,0.092965,0.065409,0.019487"
RELIGxPOLPARTY,RELIGxPOLPARTY :: Jewish | Democrat,GUNRESPKIDSH_W26,4,"0.852236,0.075052,0.043777,0.028935"
RELIGxPOLPARTY,RELIGxPOLPARTY :: Mormon | Republican,GUNRESPKIDSH_W26,4,"0.899135,0.053997,0.030527,0.016340"
RELIGxPOLPARTY,RELIGxPOLPARTY :: Nothing in particular | Democrat,GUNRESPKIDSH_W26,4,"0.810713,0.106342,0.058271,0.024673"
RELIGxPOLPARTY,RELIGxPOLPARTY :: Nothing in particular | Independent,GUNRESPKIDSH_W26,4,"0.883535,0.071961,0.031193,0.013311"
RELIGxPOLPARTY,RELIGxPOLPARTY :: Nothing in particular | Other,GUNRESPKIDSH_W26,4,"0.819022,0.103317,0.061693,0.015968"
RELIGxPOLPARTY,RELIGxPOLPARTY :: Nothing in particular | Republican,GUNRESPKIDSH_W26,4,"0.842071,0.090858,0.044978,0.022093"
RELIGxPOLPARTY,RELIGxPOLPARTY :: Other | Democrat,GUNRESPKIDSH_W26,4,"0.798125,0.104691,0.065004,0.032179"
RELIGxPOLPARTY,RELIGxPOLPARTY :: Other | Independent,GUNRESPKIDSH_W26,4,"0.865896,0.074488,0.039252,0.020364"
RELIGxPOLPARTY,RELIGxPOLPARTY :: Protestant | Democrat,GUNRESPKIDSH_W26,4,"0.856306,0.076002,0.044331,0.023361"
RELIGxPOLPARTY,RELIGxPOLPARTY :: Protestant | Independent,GUNRESPKIDSH_W26,4,"0.864400,0.074943,0.037979,0.022678"
RELIGxPOLPARTY,RELIGxPOLPARTY :: Protestant | Other,GUNRESPKIDSH_W26,4,"0.794970,0.098728,0.076889,0.029413"
RELIGxPOLPARTY,RELIGxPOLPARTY :: Protestant | Republican,GUNRESPKIDSH_W26,4,"0.875073,0.065402,0.035838,0.023687"
RELIGxPOLPARTY,RELIGxPOLPARTY :: Roman Catholic | Democrat,GUNRESPKIDSH_W26,4,"0.893441,0.056230,0.033577,0.016752"
RELIGxPOLPARTY,RELIGxPOLPARTY :: Roman Catholic | Independent,GUNRESPKIDSH_W26,4,"0.859645,0.079959,0.038365,0.022031"
RELIGxPOLPARTY,RELIGxPOLPARTY :: Roman Catholic | Other,GUNRESPKIDSH_W26,4,"0.784647,0.100539,0.085326,0.029488"
RELIGxPOLPARTY,RELIGxPOLPARTY :: Roman Catholic | Republican,GUNRESPKIDSH_W26,4,"0.903370,0.050965,0.027493,0.018172"
RELIGxPOLPARTY,RELIGxPOLPARTY :: Agnostic | Democrat,GUNRESPNOKIDSF_W26,4,"0.440047,0.203048,0.193750,0.163154"
RELIGxPOLPARTY,RELIGxPOLPARTY :: Agnostic | Independent,GUNRESPNOKIDSF_W26,4,"0.406738,0.240985,0.196686,0.155591"
RELIGxPOLPARTY,RELIGxPOLPARTY :: Agnostic | Other,GUNRESPNOKIDSF_W26,4,"0.362598,0.247270,0.230481,0.159650"
RELIGxPOLPARTY,RELIGxPOLPARTY :: Atheist | Democrat,GUNRESPNOKIDSF_W26,4,"0.363387,0.261738,0.213624,0.161252"
RELIGxPOLPARTY,RELIGxPOLPARTY :: Atheist | Independent,GUNRESPNOKIDSF_W26,4,"0.359463,0.262989,0.212975,0.164574"
RELIGxPOLPARTY,RELIGxPOLPARTY :: Atheist | Other,GUNRESPNOKIDSF_W26,4,"0.327191,0.277683,0.235667,0.159460"
RELIGxPOLPARTY,RELIGxPOLPARTY :: Jewish | Democrat,GUNRESPNOKIDSF_W26,4,"0.342558,0.246736,0.204551,0.206155"
RELIGxPOLPARTY,RELIGxPOLPARTY :: Mormon | Republican,GUNRESPNOKIDSF_W26,4,"0.379614,0.219703,0.189396,0.211287"
RELIGxPOLPARTY,RELIGxPOLPARTY :: Nothing in particular | Democrat,GUNRESPNOKIDSF_W26,4,"0.311337,0.285699,0.235010,0.167954"
RELIGxPOLPARTY,RELIGxPOLPARTY :: Nothing in particular | Independent,GUNRESPNOKIDSF_W26,4,"0.309370,0.304573,0.231707,0.154350"
RELIGxPOLPARTY,RELIGxPOLPARTY :: Nothing in particular | Other,GUNRESPNOKIDSF_W26,4,"0.284411,0.312364,0.250991,0.152234"
RELIGxPOLPARTY,RELIGxPOLPARTY :: Nothing in particular | Republican,GUNRESPNOKIDSF_W26,4,"0.317300,0.263051,0.216380,0.203270"
RELIGxPOLPARTY,RELIGxPOLPARTY :: Other | Democrat,GUNRESPNOKIDSF_W26,4,"0.318603,0.272516,0.225923,0.182958"
RELIGxPOLPARTY,RELIGxPOLPARTY :: Other | Independent,GUNRESPNOKIDSF_W26,4,"0.319919,0.284542,0.221602,0.173937"
RELIGxPOLPARTY,RELIGxPOLPARTY :: Protestant | Democrat,GUNRESPNOKIDSF_W26,4,"0.348733,0.261189,0.203414,0.186663"
RELIGxPOLPARTY,RELIGxPOLPARTY :: Protestant | Independent,GUNRESPNOKIDSF_W26,4,"0.351187,0.265090,0.200100,0.183622"
RELIGxPOLPARTY,RELIGxPOLPARTY :: Protestant | Other,GUNRESPNOKIDSF_W26,4,"0.320155,0.269597,0.223504,0.186744"
RELIGxPOLPARTY,RELIGxPOLPARTY :: Protestant | Republican,GUNRESPNOKIDSF_W26,4,"0.368070,0.230332,0.176602,0.224996"
RELIGxPOLPARTY,RELIGxPOLPARTY :: Roman Catholic | Democrat,GUNRESPNOKIDSF_W26,4,"0.375359,0.253980,0.194734,0.175927"
RELIGxPOLPARTY,RELIGxPOLPARTY :: Roman Catholic | Independent,GUNRESPNOKIDSF_W26,4,"0.344972,0.268664,0.205992,0.180373"
RELIGxPOLPARTY,RELIGxPOLPARTY :: Roman Catholic | Other,GUNRESPNOKIDSF_W26,4,"0.316782,0.270958,0.231763,0.180497"
RELIGxPOLPARTY,RELIGxPOLPARTY :: Roman Catholic | Republican,GUNRESPNOKIDSF_W26,4,"0.408058,0.225351,0.159798,0.206794"
RELIGxPOLPARTY,RELIGxPOLPARTY :: Agnostic | Democrat,GUNTHREAT_W26,2,"0.594551,0.405449"
RELIGxPOLPARTY,RELIGxPOLPARTY :: Agnostic | Independent,GUNTHREAT_W26,2,"0.550607,0.449393"
RELIGxPOLPARTY,RELIGxPOLPARTY :: Agnostic | Other,GUNTHREAT_W26,2,"0.542863,0.457137"
RELIGxPOLPARTY,RELIGxPOLPARTY :: Atheist | Democrat,GUNTHREAT_W26,2,"0.535098,0.464902"
RELIGxPOLPARTY,RELIGxPOLPARTY :: Atheist | Independent,GUNTHREAT_W26,2,"0.546738,0.453262"
RELIGxPOLPARTY,RELIGxPOLPARTY :: Atheist | Other,GUNTHREAT_W26,2,"0.531209,0.468791"
RELIGxPOLPARTY,RELIGxPOLPARTY :: Jewish | Democrat,GUNTHREAT_W26,2,"0.544801,0.455199"
RELIGxPOLPARTY,RELIGxPOLPARTY :: Mormon | Republican,GUNTHREAT_W26,2,"0.571767,0.428233"
RELIGxPOLPARTY,RELIGxPOLPARTY :: Nothing in particular | Democrat,GUNTHREAT_W26,2,"0.531209,0.468791"
RELIGxPOLPARTY,RELIGxPOLPARTY :: Nothing in particular | Independent,GUNTHREAT_W26,2,"0.523420,0.476580"
RELIGxPOLPARTY,RELIGxPOLPARTY :: Nothing in particular | Other,GUNTHREAT_W26,2,"0.519521,0.480479"
RELIGxPOLPARTY,RELIGxPOLPARTY :: Nothing in particular | Republican,GUNTHREAT_W26,2,"0.533154,0.466846"
RELIGxPOLPARTY,RELIGxPOLPARTY :: Other | Democrat,GUNTHREAT_W26,2,"0.544801,0.455199"
RELIGxPOLPARTY,RELIGxPOLPARTY :: Other | Independent,GUNTHREAT_W26,2,"0.546738,0.453262"
RELIGxPOLPARTY,RELIGxPOLPARTY :: Protestant | Democrat,GUNTHREAT_W26,2,"0.509764,0.490236"
RELIGxPOLPARTY,RELIGxPOLPARTY :: Protestant | Independent,GUNTHREAT_W26,2,"0.511717,0.488283"
RELIGxPOLPARTY,RELIGxPOLPARTY :: Protestant | Other,GUNTHREAT_W26,2,"0.505859,0.494141"
RELIGxPOLPARTY,RELIGxPOLPARTY :: Protestant | Republican,GUNTHREAT_W26,2,"0.527317,0.472683"
RELIGxPOLPARTY,RELIGxPOLPARTY :: Roman Catholic | Democrat,GUNTHREAT_W26,2,"0.519521,0.480479"
RELIGxPOLPARTY,RELIGxPOLPARTY :: Roman Catholic | Independent,GUNTHREAT_W26,2,"0.507812,0.492188"
RELIGxPOLPARTY,RELIGxPOLPARTY :: Roman Catholic | Other,GUNTHREAT_W26,2,"0.507812,0.492188"
RELIGxPOLPARTY,RELIGxPOLPARTY :: Roman Catholic | Republican,GUNTHREAT_W26,2,"0.538983,0.461017"
RELIGxPOLPARTY,RELIGxPOLPARTY :: Agnostic | Democrat,HARASS1D_W32,3,"0.703176,0.173672,0.123152"
RELIGxPOLPARTY,RELIGxPOLPARTY :: Agnostic | Independent,HARASS1D_W32,3,"0.694959,0.178480,0.126561"
RELIGxPOLPARTY,RELIGxPOLPARTY :: Agnostic | Other,HARASS1D_W32,3,"0.614024,0.207285,0.178691"
RELIGxPOLPARTY,RELIGxPOLPARTY :: Atheist | Democrat,HARASS1D_W32,3,"0.693377,0.192544,0.114079"
RELIGxPOLPARTY,RELIGxPOLPARTY :: Atheist | Independent,HARASS1D_W32,3,"0.702819,0.183341,0.113839"
RELIGxPOLPARTY,RELIGxPOLPARTY :: Atheist | Other,HARASS1D_W32,3,"0.627152,0.216738,0.156110"
RELIGxPOLPARTY,RELIGxPOLPARTY :: Jewish | Democrat,HARASS1D_W32,3,"0.689422,0.194460,0.116118"
RELIGxPOLPARTY,RELIGxPOLPARTY :: Jewish | Independent,HARASS1D_W32,3,"0.672228,0.203422,0.124350"
RELIGxPOLPARTY,RELIGxPOLPARTY :: Mormon | Republican,HARASS1D_W32,3,"0.673564,0.184142,0.142294"
RELIGxPOLPARTY,RELIGxPOLPARTY :: Nothing in particular | Democrat,HARASS1D_W32,3,"0.616122,0.237536,0.146342"
RELIGxPOLPARTY,RELIGxPOLPARTY :: Nothing in particular | Independent,HARASS1D_W32,3,"0.654396,0.222647,0.122957"
RELIGxPOLPARTY,RELIGxPOLPARTY :: Nothing in particular | Other,HARASS1D_W32,3,"0.578354,0.254646,0.167001"
RELIGxPOLPARTY,RELIGxPOLPARTY :: Nothing in particular | Republican,HARASS1D_W32,3,"0.617345,0.225341,0.157314"
RELIGxPOLPARTY,RELIGxPOLPARTY :: Other | Democrat,HARASS1D_W32,3,"0.608495,0.232770,0.158735"
RELIGxPOLPARTY,RELIGxPOLPARTY :: Other | Independent,HARASS1D_W32,3,"0.640671,0.219687,0.139642"
RELIGxPOLPARTY,RELIGxPOLPARTY :: Protestant | Democrat,HARASS1D_W32,3,"0.627841,0.230970,0.141189"
RELIGxPOLPARTY,RELIGxPOLPARTY :: Protestant | Independent,HARASS1D_W32,3,"0.608108,0.238138,0.153754"
RELIGxPOLPARTY,RELIGxPOLPARTY :: Protestant | Other,HARASS1D_W32,3,"0.529808,0.264331,0.205861"
RELIGxPOLPARTY,RELIGxPOLPARTY :: Protestant | Republican,HARASS1D_W32,3,"0.612466,0.220094,0.167439"
RELIGxPOLPARTY,RELIGxPOLPARTY :: Roman Catholic | Democrat,HARASS1D_W32,3,"0.661276,0.206460,0.132264"
RELIGxPOLPARTY,RELIGxPOLPARTY :: Roman Catholic | Independent,HARASS1D_W32,3,"0.611481,0.233912,0.154607"
RELIGxPOLPARTY,RELIGxPOLPARTY :: Roman Catholic | Other,HARASS1D_W32,3,"0.522866,0.260867,0.216267"
RELIGxPOLPARTY,RELIGxPOLPARTY :: Roman Catholic | Republican,HARASS1D_W32,3,"0.658343,0.190098,0.151559"
RELIGxPOLPARTY,RELIGxPOLPARTY :: Agnostic | Democrat,HARASS2F1_W32,3,"0.560322,0.080722,0.358956"
RELIGxPOLPARTY,RELIGxPOLPARTY :: Agnostic | Independent,HARASS2F1_W32,3,"0.501939,0.081939,0.416122"
RELIGxPOLPARTY,RELIGxPOLPARTY :: Agnostic | Other,HARASS2F1_W32,3,"0.415810,0.109321,0.474869"
RELIGxPOLPARTY,RELIGxPOLPARTY :: Atheist | Democrat,HARASS2F1_W32,3,"0.490128,0.103542,0.406330"
RELIGxPOLPARTY,RELIGxPOLPARTY :: Atheist | Independent,HARASS2F1_W32,3,"0.448700,0.095534,0.455766"
RELIGxPOLPARTY,RELIGxPOLPARTY :: Atheist | Other,HARASS2F1_W32,3,"0.379649,0.125195,0.495156"
RELIGxPOLPARTY,RELIGxPOLPARTY :: Jewish | Democrat,HARASS2F1_W32,3,"0.468250,0.102060,0.429690"
RELIGxPOLPARTY,RELIGxPOLPARTY :: Jewish | Independent,HARASS2F1_W32,3,"0.434544,0.099259,0.466197"
RELIGxPOLPARTY,RELIGxPOLPARTY :: Mormon | Republican,HARASS2F1_W32,3,"0.456224,0.105029,0.438747"
RELIGxPOLPARTY,RELIGxPOLPARTY :: Nothing in particular | Democrat,HARASS2F1_W32,3,"0.420317,0.132259,0.447425"
RELIGxPOLPARTY,RELIGxPOLPARTY :: Nothing in particular | Independent,HARASS2F1_W32,3,"0.400739,0.100534,0.498727"
RELIGxPOLPARTY,RELIGxPOLPARTY :: Nothing in particular | Other,HARASS2F1_W32,3,"0.334150,0.131881,0.533969"
RELIGxPOLPARTY,RELIGxPOLPARTY :: Nothing in particular | Republican,HARASS2F1_W32,3,"0.392290,0.134517,0.473193"
RELIGxPOLPARTY,RELIGxPOLPARTY :: Other | Democrat,HARASS2F1_W32,3,"0.408733,0.142362,0.448905"
RELIGxPOLPARTY,RELIGxPOLPARTY :: Other | Independent,HARASS2F1_W32,3,"0.397661,0.111293,0.491046"
RELIGxPOLPARTY,RELIGxPOLPARTY :: Protestant | Democrat,HARASS2F1_W32,3,"0.461972,0.114099,0.423929"
RELIGxPOLPARTY,RELIGxPOLPARTY :: Protestant | Independent,HARASS2F1_W32,3,"0.441872,0.105777,0.452351"
RELIGxPOLPARTY,RELIGxPOLPARTY :: Protestant | Other,HARASS2F1_W32,3,"0.374845,0.140069,0.485086"
RELIGxPOLPARTY,RELIGxPOLPARTY :: Protestant | Republican,HARASS2F1_W32,3,"0.445030,0.113404,0.441567"
RELIGxPOLPARTY,RELIGxPOLPARTY :: Roman Catholic | Democrat,HARASS2F1_W32,3,"0.525939,0.083216,0.390845"
RELIGxPOLPARTY,RELIGxPOLPARTY :: Roman Catholic | Independent,HARASS2F1_W32,3,"0.460848,0.102829,0.436322"
RELIGxPOLPARTY,RELIGxPOLPARTY :: Roman Catholic | Other,HARASS2F1_W32,3,"0.388764,0.138618,0.472617"
RELIGxPOLPARTY,RELIGxPOLPARTY :: Roman Catholic | Republican,HARASS2F1_W32,3,"0.480784,0.088244,0.430972"
RELIGxPOLPARTY,RELIGxPOLPARTY :: Agnostic | Democrat,HAVEKIDS1_W50,4,"0.414328,0.221774,0.191181,0.172718"
RELIGxPOLPARTY,RELIGxPOLPARTY :: Agnostic | Independent,HAVEKIDS1_W50,4,"0.335178,0.254990,0.223277,0.186555"
RELIGxPOLPARTY,RELIGxPOLPARTY :: Agnostic | Other,HAVEKIDS1_W50,4,"0.290601,0.246630,0.264596,0.198173"
RELIGxPOLPARTY,RELIGxPOLPARTY :: Agnostic | Republican,HAVEKIDS1_W50,4,"0.321897,0.221236,0.219515,0.237352"
RELIGxPOLPARTY,RELIGxPOLPARTY :: Atheist | Democrat,HAVEKIDS1_W50,4,"0.325651,0.272091,0.223816,0.178442"
RELIGxPOLPARTY,RELIGxPOLPARTY :: Atheist | Independent,HAVEKIDS1_W50,4,"0.311917,0.290739,0.226428,0.170917"
RELIGxPOLPARTY,RELIGxPOLPARTY :: Atheist | Other,HAVEKIDS1_W50,4,"0.270766,0.277187,0.264493,0.187554"
RELIGxPOLPARTY,RELIGxPOLPARTY :: Buddhist | Democrat,HAVEKIDS1_W50,4,"0.309848,0.265027,0.235720,0.189406"
RELIGxPOLPARTY,RELIGxPOLPARTY :: Jewish | Democrat,HAVEKIDS1_W50,4,"0.312441,0.259023,0.226808,0.201727"
RELIGxPOLPARTY,RELIGxPOLPARTY :: Jewish | Independent,HAVEKIDS1_W50,4,"0.293676,0.273737,0.232317,0.200270"
RELIGxPOLPARTY,RELIGxPOLPARTY :: Jewish | Republican,HAVEKIDS1_W50,4,"0.285665,0.242441,0.231339,0.240554"
RELIGxPOLPARTY,RELIGxPOLPARTY :: Mormon | Democrat,HAVEKIDS1_W50,4,"0.311730,0.264562,0.231658,0.192051"
RELIGxPOLPARTY,RELIGxPOLPARTY :: Mormon | Independent,HAVEKIDS1_W50,4,"0.307469,0.271340,0.237593,0.183598"
RELIGxPOLPARTY,RELIGxPOLPARTY :: Mormon | Republican,HAVEKIDS1_W50,4,"0.322315,0.233975,0.233975,0.209734"
RELIGxPOLPARTY,RELIGxPOLPARTY :: Nothing in particular | Democrat,HAVEKIDS1_W50,4,"0.305852,0.276315,0.230869,0.186964"
RELIGxPOLPARTY,RELIGxPOLPARTY :: Nothing in particular | Independent,HAVEKIDS1_W50,4,"0.282046,0.286487,0.245046,0.186421"
RELIGxPOLPARTY,RELIGxPOLPARTY :: Nothing in particular | Other,HAVEKIDS1_W50,4,"0.250509,0.279463,0.283864,0.186163"
RELIGxPOLPARTY,RELIGxPOLPARTY :: Nothing in particular | Republican,HAVEKIDS1_W50,4,"0.282850,0.253545,0.236330,0.227276"
RELIGxPOLPARTY,RELIGxPOLPARTY :: Other | Democrat,HAVEKIDS1_W50,4,"0.302711,0.267142,0.228498,0.201649"
RELIGxPOLPARTY,RELIGxPOLPARTY :: Other | Independent,HAVEKIDS1_W50,4,"0.282550,0.276005,0.237931,0.203513"
RELIGxPOLPARTY,RELIGxPOLPARTY :: Other | Other,HAVEKIDS1_W50,4,"0.258890,0.269203,0.267108,0.204799"
RELIGxPOLPARTY,RELIGxPOLPARTY :: Protestant | Democrat,HAVEKIDS1_W50,4,"0.311229,0.262081,0.224170,0.202520"
RELIGxPOLPARTY,RELIGxPOLPARTY :: Protestant | Independent,HAVEKIDS1_W50,4,"0.306522,0.272626,0.226015,0.194837"
RELIGxPOLPARTY,RELIGxPOLPARTY :: Protestant | Other,HAVEKIDS1_W50,4,"0.276837,0.264160,0.258041,0.200962"
RELIGxPOLPARTY,RELIGxPOLPARTY :: Protestant | Refused,HAVEKIDS1_W50,4,"0.284432,0.245196,0.223253,0.247119"
RELIGxPOLPARTY,RELIGxPOLPARTY :: Protestant | Republican,HAVEKIDS1_W50,4,"0.311685,0.238977,0.215898,0.233441"
RELIGxPOLPARTY,RELIGxPOLPARTY :: Roman Catholic | Democrat,HAVEKIDS1_W50,4,"0.347623,0.264458,0.207575,0.180344"
RELIGxPOLPARTY,RELIGxPOLPARTY :: Roman Catholic | Independent,HAVEKIDS1_W50,4,"0.317381,0.277908,0.218132,0.186579"
RELIGxPOLPARTY,RELIGxPOLPARTY :: Roman Catholic | Other,HAVEKIDS1_W50,4,"0.286264,0.268920,0.252627,0.192189"
RELIGxPOLPARTY,RELIGxPOLPARTY :: Roman Catholic | Republican,HAVEKIDS1_W50,4,"0.347002,0.247991,0.196177,0.208830"
RELIGxPOLPARTY,RELIGxPOLPARTY :: Agnostic | Democrat,HELPHURTC_W29,3,"0.420316,0.233941,0.345743"
RELIGxPOLPARTY,RELIGxPOLPARTY :: Agnostic | Independent,HELPHURTC_W29,3,"0.355667,0.244446,0.399887"
RELIGxPOLPARTY,RELIGxPOLPARTY :: Agnostic | Other,HELPHURTC_W29,3,"0.339293,0.248232,0.412475"
RELIGxPOLPARTY,RELIGxPOLPARTY :: Atheist | Democrat,HELPHURTC_W29,3,"0.361977,0.252701,0.385322"
RELIGxPOLPARTY,RELIGxPOLPARTY :: Atheist | Independent,HELPHURTC_W29,3,"0.365593,0.251268,0.383138"
RELIGxPOLPARTY,RELIGxPOLPARTY :: Atheist | Other,HELPHURTC_W29,3,"0.332973,0.249385,0.417642"
RELIGxPOLPARTY,RELIGxPOLPARTY :: Jewish | Democrat,HELPHURTC_W29,3,"0.364850,0.258718,0.376432"
RELIGxPOLPARTY,RELIGxPOLPARTY :: Mormon | Independent,HELPHURTC_W29,3,"0.343654,0.251423,0.404923"
RELIGxPOLPARTY,RELIGxPOLPARTY :: Mormon | Republican,HELPHURTC_W29,3,"0.380200,0.251297,0.368503"
RELIGxPOLPARTY,RELIGxPOLPARTY :: Nothing in particular | Democrat,HELPHURTC_W29,3,"0.342028,0.264299,0.393672"
RELIGxPOLPARTY,RELIGxPOLPARTY :: Nothing in particular | Independent,HELPHURTC_W29,3,"0.321759,0.248636,0.429605"
RELIGxPOLPARTY,RELIGxPOLPARTY :: Nothing in particular | Other,HELPHURTC_W29,3,"0.312677,0.253214,0.434109"
RELIGxPOLPARTY,RELIGxPOLPARTY :: Nothing in particular | Republican,HELPHURTC_W29,3,"0.337807,0.261037,0.401156"
RELIGxPOLPARTY,RELIGxPOLPARTY :: Other | Democrat,HELPHURTC_W29,3,"0.339494,0.272791,0.387715"
RELIGxPOLPARTY,RELIGxPOLPARTY :: Other | Independent,HELPHURTC_W29,3,"0.327313,0.258926,0.413762"
RELIGxPOLPARTY,RELIGxPOLPARTY :: Protestant | Democrat,HELPHURTC_W29,3,"0.349039,0.267617,0.383344"
RELIGxPOLPARTY,RELIGxPOLPARTY :: Protestant | Independent,HELPHURTC_W29,3,"0.340617,0.261160,0.398222"
RELIGxPOLPARTY,RELIGxPOLPARTY :: Protestant | Other,HELPHURTC_W29,3,"0.330169,0.265299,0.404532"
RELIGxPOLPARTY,RELIGxPOLPARTY :: Protestant | Republican,HELPHURTC_W29,3,"0.362626,0.263238,0.374137"
RELIGxPOLPARTY,RELIGxPOLPARTY :: Roman Catholic | Democrat,HELPHURTC_W29,3,"0.360502,0.261696,0.377802"
RELIGxPOLPARTY,RELIGxPOLPARTY :: Roman Catholic | Independent,HELPHURTC_W29,3,"0.341321,0.265821,0.392858"
RELIGxPOLPARTY,RELIGxPOLPARTY :: Roman Catholic | Other,HELPHURTC_W29,3,"0.332594,0.269343,0.398063"
RELIGxPOLPARTY,RELIGxPOLPARTY :: Roman Catholic | Republican,HELPHURTC_W29,3,"0.382385,0.252741,0.364874"
RELIGxPOLPARTY,RELIGxPOLPARTY :: Agnostic | Democrat,HIGHEDWRNGA_W36,3,"0.686453,0.217696,0.095850"
RELIGxPOLPARTY,RELIGxPOLPARTY :: Agnostic | Independent,HIGHEDWRNGA_W36,3,"0.663657,0.232965,0.103378"
RELIGxPOLPARTY,RELIGxPOLPARTY :: Agnostic | Other,HIGHEDWRNGA_W36,3,"0.587834,0.258820,0.153346"
RELIGxPOLPARTY,RELIGxPOLPARTY :: Atheist | Democrat,HIGHEDWRNGA_W36,3,"0.625452,0.273240,0.101308"
RELIGxPOLPARTY,RELIGxPOLPARTY :: Atheist | Independent,HIGHEDWRNGA_W36,3,"0.624265,0.266403,0.109332"
RELIGxPOLPARTY,RELIGxPOLPARTY :: Jewish | Democrat,HIGHEDWRNGA_W36,3,"0.629105,0.270575,0.100320"
RELIGxPOLPARTY,RELIGxPOLPARTY :: Jewish | Independent,HIGHEDWRNGA_W36,3,"0.608788,0.272267,0.118945"
RELIGxPOLPARTY,RELIGxPOLPARTY :: Mormon | Republican,HIGHEDWRNGA_W36,3,"0.629606,0.258390,0.112004"
RELIGxPOLPARTY,RELIGxPOLPARTY :: Nothing in particular | Democrat,HIGHEDWRNGA_W36,3,"0.574395,0.293372,0.132233"
RELIGxPOLPARTY,RELIGxPOLPARTY :: Nothing in particular | Independent,HIGHEDWRNGA_W36,3,"0.597735,0.284564,0.117701"
RELIGxPOLPARTY,RELIGxPOLPARTY :: Nothing in particular | Other,HIGHEDWRNGA_W36,3,"0.538634,0.302146,0.159220"
RELIGxPOLPARTY,RELIGxPOLPARTY :: Nothing in particular | Republican,HIGHEDWRNGA_W36,3,"0.574029,0.286394,0.139577"
RELIGxPOLPARTY,RELIGxPOLPARTY :: Other | Democrat,HIGHEDWRNGA_W36,3,"0.575891,0.287323,0.136786"
RELIGxPOLPARTY,RELIGxPOLPARTY :: Other | Independent,HIGHEDWRNGA_W36,3,"0.594775,0.276596,0.128629"
RELIGxPOLPARTY,RELIGxPOLPARTY :: Protestant | Democrat,HIGHEDWRNGA_W36,3,"0.613487,0.276520,0.109992"
RELIGxPOLPARTY,RELIGxPOLPARTY :: Protestant | Independent,HIGHEDWRNGA_W36,3,"0.595963,0.277149,0.126888"
RELIGxPOLPARTY,RELIGxPOLPARTY :: Protestant | Other,HIGHEDWRNGA_W36,3,"0.532561,0.291819,0.175620"
RELIGxPOLPARTY,RELIGxPOLPARTY :: Protestant | Republican,HIGHEDWRNGA_W36,3,"0.623258,0.257791,0.118951"
RELIGxPOLPARTY,RELIGxPOLPARTY :: Roman Catholic | Democrat,HIGHEDWRNGA_W36,3,"0.653868,0.248180,0.097951"
RELIGxPOLPARTY,RELIGxPOLPARTY :: Roman Catholic | Independent,HIGHEDWRNGA_W36,3,"0.596732,0.273204,0.130064"
RELIGxPOLPARTY,RELIGxPOLPARTY :: Roman Catholic | Other,HIGHEDWRNGA_W36,3,"0.507916,0.296265,0.195819"
RELIGxPOLPARTY,RELIGxPOLPARTY :: Roman Catholic | Republican,HIGHEDWRNGA_W36,3,"0.643965,0.238760,0.117275"
RELIGxPOLPARTY,RELIGxPOLPARTY :: Agnostic | Democrat,HIGHEDWRNGS_W36,2,"0.810479,0.189521"
RELIGxPOLPARTY,RELIGxPOLPARTY :: Agnostic | Independent,HIGHEDWRNGS_W36,2,"0.729520,0.270480"
RELIGxPOLPARTY,RELIGxPOLPARTY :: Agnostic | Other,HIGHEDWRNGS_W36,2,"0.717012,0.282988"
RELIGxPOLPARTY,RELIGxPOLPARTY :: Atheist | Democrat,HIGHEDWRNGS_W36,2,"0.721743,0.278257"
RELIGxPOLPARTY,RELIGxPOLPARTY :: Atheist | Independent,HIGHEDWRNGS_W36,2,"0.651355,0.348645"
RELIGxPOLPARTY,RELIGxPOLPARTY :: Jewish | Democrat,HIGHEDWRNGS_W36,2,"0.735642,0.264358"
RELIGxPOLPARTY,RELIGxPOLPARTY :: Jewish | Independent,HIGHEDWRNGS_W36,2,"0.646014,0.353986"
RELIGxPOLPARTY,RELIGxPOLPARTY :: Mormon | Republican,HIGHEDWRNGS_W36,2,"0.687630,0.312370"
RELIGxPOLPARTY,RELIGxPOLPARTY :: Nothing in particular | Democrat,HIGHEDWRNGS_W36,2,"0.709019,0.290981"
RELIGxPOLPARTY,RELIGxPOLPARTY :: Nothing in particular | Independent,HIGHEDWRNGS_W36,2,"0.642432,0.357568"
RELIGxPOLPARTY,RELIGxPOLPARTY :: Nothing in particular | Other,HIGHEDWRNGS_W36,2,"0.635222,0.364778"
RELIGxPOLPARTY,RELIGxPOLPARTY :: Nothing in particular | Republican,HIGHEDWRNGS_W36,2,"0.646014,0.353986"
RELIGxPOLPARTY,RELIGxPOLPARTY :: Other | Democrat,HIGHEDWRNGS_W36,2,"0.721743,0.278257"
RELIGxPOLPARTY,RELIGxPOLPARTY :: Other | Independent,HIGHEDWRNGS_W36,2,"0.665411,0.334589"
RELIGxPOLPARTY,RELIGxPOLPARTY :: Protestant | Democrat,HIGHEDWRNGS_W36,2,"0.715424,0.284576"
RELIGxPOLPARTY,RELIGxPOLPARTY :: Protestant | Independent,HIGHEDWRNGS_W36,2,"0.616936,0.383064"
RELIGxPOLPARTY,RELIGxPOLPARTY :: Protestant | Other,HIGHEDWRNGS_W36,2,"0.605799,0.394201"
RELIGxPOLPARTY,RELIGxPOLPARTY :: Protestant | Republican,HIGHEDWRNGS_W36,2,"0.653127,0.346873"
RELIGxPOLPARTY,RELIGxPOLPARTY :: Roman Catholic | Democrat,HIGHEDWRNGS_W36,2,"0.740174,0.259826"
RELIGxPOLPARTY,RELIGxPOLPARTY :: Roman Catholic | Independent,HIGHEDWRNGS_W36,2,"0.627951,0.372049"
RELIGxPOLPARTY,RELIGxPOLPARTY :: Roman Catholic | Other,HIGHEDWRNGS_W36,2,"0.611382,0.388618"
RELIGxPOLPARTY,RELIGxPOLPARTY :: Roman Catholic | Republican,HIGHEDWRNGS_W36,2,"0.690976,0.309024"
RELIGxPOLPARTY,RELIGxPOLPARTY :: Agnostic | Democrat,HIGHED_W36,2,"0.394201,0.605799"
RELIGxPOLPARTY,RELIGxPOLPARTY :: Agnostic | Independent,HIGHED_W36,2,"0.348645,0.651355"
RELIGxPOLPARTY,RELIGxPOLPARTY :: Agnostic | Other,HIGHED_W36,2,"0.336331,0.663669"
RELIGxPOLPARTY,RELIGxPOLPARTY :: Atheist | Democrat,HIGHED_W36,2,"0.329392,0.670608"
RELIGxPOLPARTY,RELIGxPOLPARTY :: Atheist | Independent,HIGHED_W36,2,"0.310694,0.689306"
RELIGxPOLPARTY,RELIGxPOLPARTY :: Jewish | Democrat,HIGHED_W36,2,"0.331120,0.668880"
RELIGxPOLPARTY,RELIGxPOLPARTY :: Jewish | Independent,HIGHED_W36,2,"0.350421,0.649579"
RELIGxPOLPARTY,RELIGxPOLPARTY :: Mormon | Republican,HIGHED_W36,2,"0.302391,0.697609"
RELIGxPOLPARTY,RELIGxPOLPARTY :: Nothing in particular | Democrat,HIGHED_W36,2,"0.357568,0.642432"
RELIGxPOLPARTY,RELIGxPOLPARTY :: Nothing in particular | Independent,HIGHED_W36,2,"0.327668,0.672332"
RELIGxPOLPARTY,RELIGxPOLPARTY :: Nothing in particular | Other,HIGHED_W36,2,"0.319121,0.680879"
RELIGxPOLPARTY,RELIGxPOLPARTY :: Nothing in particular | Republican,HIGHED_W36,2,"0.332852,0.667148"
RELIGxPOLPARTY,RELIGxPOLPARTY :: Other | Democrat,HIGHED_W36,2,"0.339828,0.660172"
RELIGxPOLPARTY,RELIGxPOLPARTY :: Other | Independent,HIGHED_W36,2,"0.324235,0.675765"
RELIGxPOLPARTY,RELIGxPOLPARTY :: Protestant | Democrat,HIGHED_W36,2,"0.325950,0.674050"
RELIGxPOLPARTY,RELIGxPOLPARTY :: Protestant | Independent,HIGHED_W36,2,"0.343342,0.656658"
RELIGxPOLPARTY,RELIGxPOLPARTY :: Protestant | Other,HIGHED_W36,2,"0.343342,0.656658"
RELIGxPOLPARTY,RELIGxPOLPARTY :: Protestant | Republican,HIGHED_W36,2,"0.320821,0.679179"
RELIGxPOLPARTY,RELIGxPOLPARTY :: Roman Catholic | Democrat,HIGHED_W36,2,"0.322526,0.677474"
RELIGxPOLPARTY,RELIGxPOLPARTY :: Roman Catholic | Independent,HIGHED_W36,2,"0.346873,0.653127"
RELIGxPOLPARTY,RELIGxPOLPARTY :: Roman Catholic | Other,HIGHED_W36,2,"0.348645,0.651355"
RELIGxPOLPARTY,RELIGxPOLPARTY :: Roman Catholic | Republican,HIGHED_W36,2,"0.314051,0.685949"
RELIGxPOLPARTY,RELIGxPOLPARTY :: Agnostic | Democrat,HIRING7A_W27,3,"0.390060,0.303779,0.306161"
RELIGxPOLPARTY,RELIGxPOLPARTY :: Agnostic | Independent,HIRING7A_W27,3,"0.379536,0.293283,0.327181"
RELIGxPOLPARTY,RELIGxPOLPARTY :: Agnostic | Other,HIRING7A_W27,3,"0.344324,0.308650,0.347025"
RELIGxPOLPARTY,RELIGxPOLPARTY :: Atheist | Democrat,HIRING7A_W27,3,"0.358065,0.320967,0.320967"
RELIGxPOLPARTY,RELIGxPOLPARTY :: Atheist | Independent,HIRING7A_W27,3,"0.370666,0.307293,0.322040"
RELIGxPOLPARTY,RELIGxPOLPARTY :: Atheist | Other,HIRING7A_W27,3,"0.343493,0.310320,0.346187"
RELIGxPOLPARTY,RELIGxPOLPARTY :: Jewish | Democrat,HIRING7A_W27,3,"0.349982,0.318662,0.331356"
RELIGxPOLPARTY,RELIGxPOLPARTY :: Mormon | Republican,HIRING7A_W27,3,"0.373252,0.299917,0.326831"
RELIGxPOLPARTY,RELIGxPOLPARTY :: Nothing in particular | Democrat,HIRING7A_W27,3,"0.340984,0.315358,0.343658"
RELIGxPOLPARTY,RELIGxPOLPARTY :: Nothing in particular | Independent,HIRING7A_W27,3,"0.359834,0.291403,0.348763"
RELIGxPOLPARTY,RELIGxPOLPARTY :: Nothing in particular | Other,HIRING7A_W27,3,"0.322812,0.305633,0.371555"
RELIGxPOLPARTY,RELIGxPOLPARTY :: Nothing in particular | Republican,HIRING7A_W27,3,"0.349524,0.303672,0.346804"
RELIGxPOLPARTY,RELIGxPOLPARTY :: Other | Democrat,HIRING7A_W27,3,"0.333915,0.316145,0.349940"
RELIGxPOLPARTY,RELIGxPOLPARTY :: Other | Independent,HIRING7A_W27,3,"0.356883,0.289012,0.354105"
RELIGxPOLPARTY,RELIGxPOLPARTY :: Protestant | Democrat,HIRING7A_W27,3,"0.334200,0.331599,0.334200"
RELIGxPOLPARTY,RELIGxPOLPARTY :: Protestant | Independent,HIRING7A_W27,3,"0.359294,0.297865,0.342841"
RELIGxPOLPARTY,RELIGxPOLPARTY :: Protestant | Other,HIRING7A_W27,3,"0.331977,0.311864,0.356159"
RELIGxPOLPARTY,RELIGxPOLPARTY :: Protestant | Republican,HIRING7A_W27,3,"0.353447,0.311916,0.334637"
RELIGxPOLPARTY,RELIGxPOLPARTY :: Roman Catholic | Democrat,HIRING7A_W27,3,"0.333272,0.325552,0.341176"
RELIGxPOLPARTY,RELIGxPOLPARTY :: Roman Catholic | Independent,HIRING7A_W27,3,"0.350220,0.299559,0.350220"
RELIGxPOLPARTY,RELIGxPOLPARTY :: Roman Catholic | Other,HIRING7A_W27,3,"0.321107,0.306402,0.372491"
RELIGxPOLPARTY,RELIGxPOLPARTY :: Roman Catholic | Republican,HIRING7A_W27,3,"0.356536,0.297897,0.345567"
RELIGxPOLPARTY,RELIGxPOLPARTY :: Agnostic | Democrat,HOMEASSIST4_W49,4,"0.580635,0.234598,0.131597,0.053170"
RELIGxPOLPARTY,RELIGxPOLPARTY :: Agnostic | Independent,HOMEASSIST4_W49,4,"0.588240,0.247138,0.122342,0.042280"
RELIGxPOLPARTY,RELIGxPOLPARTY :: Atheist | Democrat,HOMEASSIST4_W49,4,"0.528489,0.287334,0.141134,0.043043"
RELIGxPOLPARTY,RELIGxPOLPARTY :: Atheist | Independent,HOMEASSIST4_W49,4,"0.547593,0.286316,0.131085,0.035006"
RELIGxPOLPARTY,RELIGxPOLPARTY :: Atheist | Other,HOMEASSIST4_W49,4,"0.514029,0.292885,0.153138,0.039949"
RELIGxPOLPARTY,RELIGxPOLPARTY :: Jewish | Democrat,HOMEASSIST4_W49,4,"0.527465,0.280135,0.139764,0.052636"
RELIGxPOLPARTY,RELIGxPOLPARTY :: Mormon | Republican,HOMEASSIST4_W49,4,"0.594713,0.247913,0.115290,0.042083"
RELIGxPOLPARTY,RELIGxPOLPARTY :: Nothing in particular | Democrat,HOMEASSIST4_W49,4,"0.493640,0.306508,0.151733,0.048119"
RELIGxPOLPARTY,RELIGxPOLPARTY :: Nothing in particular | Independent,HOMEASSIST4_W49,4,"0.532887,0.306011,0.127564,0.033538"
RELIGxPOLPARTY,RELIGxPOLPARTY :: Nothing in particular | Other,HOMEASSIST4_W49,4,"0.491484,0.319815,0.152255,0.036447"
RELIGxPOLPARTY,RELIGxPOLPARTY :: Nothing in particular | Republican,HOMEASSIST4_W49,4,"0.522041,0.292838,0.136183,0.048938"
RELIGxPOLPARTY,RELIGxPOLPARTY :: Other | Independent,HOMEASSIST4_W49,4,"0.537212,0.285311,0.133723,0.043754"
RELIGxPOLPARTY,RELIGxPOLPARTY :: Protestant | Democrat,HOMEASSIST4_W49,4,"0.535661,0.277897,0.135436,0.051006"
RELIGxPOLPARTY,RELIGxPOLPARTY :: Protestant | Independent,HOMEASSIST4_W49,4,"0.538047,0.279135,0.133931,0.048887"
RELIGxPOLPARTY,RELIGxPOLPARTY :: Protestant | Other,HOMEASSIST4_W49,4,"0.495979,0.282600,0.163557,0.057864"
RELIGxPOLPARTY,RELIGxPOLPARTY :: Protestant | Republican,HOMEASSIST4_W49,4,"0.578052,0.246682,0.120223,0.055042"
RELIGxPOLPARTY,RELIGxPOLPARTY :: Roman Catholic | Democrat,HOMEASSIST4_W49,4,"0.592102,0.246825,0.117506,0.043567"
RELIGxPOLPARTY,RELIGxPOLPARTY :: Roman Catholic | Independent,HOMEASSIST4_W49,4,"0.543988,0.273534,0.132273,0.050205"
RELIGxPOLPARTY,RELIGxPOLPARTY :: Roman Catholic | Other,HOMEASSIST4_W49,4,"0.510941,0.269247,0.162036,0.057776"
RELIGxPOLPARTY,RELIGxPOLPARTY :: Roman Catholic | Republican,HOMEASSIST4_W49,4,"0.652979,0.202283,0.095552,0.049186"
RELIGxPOLPARTY,RELIGxPOLPARTY :: Agnostic | Democrat,HOMEASSIST5b_W49,2,"0.633410,0.366590"
RELIGxPOLPARTY,RELIGxPOLPARTY :: Agnostic | Independent,HOMEASSIST5b_W49,2,"0.642432,0.357568"
RELIGxPOLPARTY,RELIGxPOLPARTY :: Atheist | Democrat,HOMEASSIST5b_W49,2,"0.613237,0.386763"
RELIGxPOLPARTY,RELIGxPOLPARTY :: Atheist | Independent,HOMEASSIST5b_W49,2,"0.627951,0.372049"
RELIGxPOLPARTY,RELIGxPOLPARTY :: Atheist | Other,HOMEASSIST5b_W49,2,"0.596433,0.403567"
RELIGxPOLPARTY,RELIGxPOLPARTY :: Jewish | Democrat,HOMEASSIST5b_W49,2,"0.607663,0.392337"
RELIGxPOLPARTY,RELIGxPOLPARTY :: Nothing in particular | Democrat,HOMEASSIST5b_W49,2,"0.596433,0.403567"
RELIGxPOLPARTY,RELIGxPOLPARTY :: Nothing in particular | Independent,HOMEASSIST5b_W49,2,"0.624294,0.375706"
RELIGxPOLPARTY,RELIGxPOLPARTY :: Nothing in particular | Other,HOMEASSIST5b_W49,2,"0.585101,0.414899"
RELIGxPOLPARTY,RELIGxPOLPARTY :: Nothing in particular | Republican,HOMEASSIST5b_W49,2,"0.588889,0.411111"
RELIGxPOLPARTY,RELIGxPOLPARTY :: Other | Independent,HOMEASSIST5b_W49,2,"0.615088,0.384912"
RELIGxPOLPARTY,RELIGxPOLPARTY :: Protestant | Democrat,HOMEASSIST5b_W49,2,"0.571767,0.428233"
RELIGxPOLPARTY,RELIGxPOLPARTY :: Protestant | Independent,HOMEASSIST5b_W49,2,"0.605799,0.394201"
RELIGxPOLPARTY,RELIGxPOLPARTY :: Protestant | Other,HOMEASSIST5b_W49,2,"0.562177,0.437824"
RELIGxPOLPARTY,RELIGxPOLPARTY :: Protestant | Republican,HOMEASSIST5b_W49,2,"0.586996,0.413004"
RELIGxPOLPARTY,RELIGxPOLPARTY :: Roman Catholic | Democrat,HOMEASSIST5b_W49,2,"0.579400,0.420600"
RELIGxPOLPARTY,RELIGxPOLPARTY :: Roman Catholic | Independent,HOMEASSIST5b_W49,2,"0.600188,0.399812"
RELIGxPOLPARTY,RELIGxPOLPARTY :: Roman Catholic | Other,HOMEASSIST5b_W49,2,"0.556400,0.443600"
RELIGxPOLPARTY,RELIGxPOLPARTY :: Roman Catholic | Republican,HOMEASSIST5b_W49,2,"0.590779,0.409221"
RELIGxPOLPARTY,RELIGxPOLPARTY :: Agnostic | Democrat,INCFUTURE_W32,2,"0.635222,0.364778"
RELIGxPOLPARTY,RELIGxPOLPARTY :: Agnostic | Independent,INCFUTURE_W32,2,"0.603932,0.396068"
RELIGxPOLPARTY,RELIGxPOLPARTY :: Agnostic | Other,INCFUTURE_W32,2,"0.546738,0.453262"
RELIGxPOLPARTY,RELIGxPOLPARTY :: Atheist | Democrat,INCFUTURE_W32,2,"0.581303,0.418697"
RELIGxPOLPARTY,RELIGxPOLPARTY :: Atheist | Independent,INCFUTURE_W32,2,"0.560253,0.439747"
RELIGxPOLPARTY,RELIGxPOLPARTY :: Atheist | Other,INCFUTURE_W32,2,"0.523420,0.476580"
RELIGxPOLPARTY,RELIGxPOLPARTY :: Jewish | Democrat,INCFUTURE_W32,2,"0.562177,0.437824"
RELIGxPOLPARTY,RELIGxPOLPARTY :: Jewish | Independent,INCFUTURE_W32,2,"0.560253,0.439747"
RELIGxPOLPARTY,RELIGxPOLPARTY :: Mormon | Republican,INCFUTURE_W32,2,"0.529263,0.470737"
RELIGxPOLPARTY,RELIGxPOLPARTY :: Nothing in particular | Democrat,INCFUTURE_W32,2,"0.558327,0.441673"
RELIGxPOLPARTY,RELIGxPOLPARTY :: Nothing in particular | Independent,INCFUTURE_W32,2,"0.550607,0.449393"
RELIGxPOLPARTY,RELIGxPOLPARTY :: Nothing in particular | Other,INCFUTURE_W32,2,"0.492188,0.507812"
RELIGxPOLPARTY,RELIGxPOLPARTY :: Nothing in particular | Republican,INCFUTURE_W32,2,"0.498047,0.501953"
RELIGxPOLPARTY,RELIGxPOLPARTY :: Other | Democrat,INCFUTURE_W32,2,"0.544801,0.455199"
RELIGxPOLPARTY,RELIGxPOLPARTY :: Other | Independent,INCFUTURE_W32,2,"0.542863,0.457137"
RELIGxPOLPARTY,RELIGxPOLPARTY :: Protestant | Democrat,INCFUTURE_W32,2,"0.546738,0.453262"
RELIGxPOLPARTY,RELIGxPOLPARTY :: Protestant | Independent,INCFUTURE_W32,2,"0.554470,0.445530"
RELIGxPOLPARTY,RELIGxPOLPARTY :: Protestant | Other,INCFUTURE_W32,2,"0.513668,0.486332"
RELIGxPOLPARTY,RELIGxPOLPARTY :: Protestant | Republican,INCFUTURE_W32,2,"0.519521,0.480479"
RELIGxPOLPARTY,RELIGxPOLPARTY :: Roman Catholic | Democrat,INCFUTURE_W32,2,"0.581303,0.418697"
RELIGxPOLPARTY,RELIGxPOLPARTY :: Roman Catholic | Independent,INCFUTURE_W32,2,"0.577495,0.422505"
RELIGxPOLPARTY,RELIGxPOLPARTY :: Roman Catholic | Other,INCFUTURE_W32,2,"0.523420,0.476580"
RELIGxPOLPARTY,RELIGxPOLPARTY :: Roman Catholic | Republican,INCFUTURE_W32,2,"0.560253,0.439747"
RELIGxPOLPARTY,RELIGxPOLPARTY :: Agnostic | Democrat,INEQ10_W54,2,"0.950411,0.049589"
RELIGxPOLPARTY,RELIGxPOLPARTY :: Agnostic | Independent,INEQ10_W54,2,"0.950041,0.049959"
RELIGxPOLPARTY,RELIGxPOLPARTY :: Agnostic | Other,INEQ10_W54,2,"0.913058,0.086942"
RELIGxPOLPARTY,RELIGxPOLPARTY :: Agnostic | Republican,INEQ10_W54,2,"0.932453,0.067547"
RELIGxPOLPARTY,RELIGxPOLPARTY :: Atheist | Democrat,INEQ10_W54,2,"0.930458,0.069542"
RELIGxPOLPARTY,RELIGxPOLPARTY :: Atheist | Independent,INEQ10_W54,2,"0.937669,0.062331"
RELIGxPOLPARTY,RELIGxPOLPARTY :: Atheist | Other,INEQ10_W54,2,"0.894789,0.105211"
RELIGxPOLPARTY,RELIGxPOLPARTY :: Jewish | Democrat,INEQ10_W54,2,"0.948917,0.051083"
RELIGxPOLPARTY,RELIGxPOLPARTY :: Jewish | Independent,INEQ10_W54,2,"0.938124,0.061876"
RELIGxPOLPARTY,RELIGxPOLPARTY :: Mormon | Independent,INEQ10_W54,2,"0.942929,0.057071"
RELIGxPOLPARTY,RELIGxPOLPARTY :: Mormon | Republican,INEQ10_W54,2,"0.931960,0.068040"
RELIGxPOLPARTY,RELIGxPOLPARTY :: Nothing in particular | Democrat,INEQ10_W54,2,"0.894052,0.105948"
RELIGxPOLPARTY,RELIGxPOLPARTY :: Nothing in particular | Independent,INEQ10_W54,2,"0.928926,0.071074"
RELIGxPOLPARTY,RELIGxPOLPARTY :: Nothing in particular | Other,INEQ10_W54,2,"0.867934,0.132066"
RELIGxPOLPARTY,RELIGxPOLPARTY :: Nothing in particular | Republican,INEQ10_W54,2,"0.824462,0.175538"
RELIGxPOLPARTY,RELIGxPOLPARTY :: Other | Democrat,INEQ10_W54,2,"0.876634,0.123366"
RELIGxPOLPARTY,RELIGxPOLPARTY :: Other | Independent,INEQ10_W54,2,"0.921358,0.078642"
RELIGxPOLPARTY,RELIGxPOLPARTY :: Protestant | Democrat,INEQ10_W54,2,"0.937669,0.062331"
RELIGxPOLPARTY,RELIGxPOLPARTY :: Protestant | Independent,INEQ10_W54,2,"0.929440,0.070560"
RELIGxPOLPARTY,RELIGxPOLPARTY :: Protestant | Other,INEQ10_W54,2,"0.867036,0.132964"
RELIGxPOLPARTY,RELIGxPOLPARTY :: Protestant | Refused,INEQ10_W54,2,"0.865224,0.134776"
RELIGxPOLPARTY,RELIGxPOLPARTY :: Protestant | Republican,INEQ10_W54,2,"0.902610,0.097390"
RELIGxPOLPARTY,RELIGxPOLPARTY :: Roman Catholic | Democrat,INEQ10_W54,2,"0.956957,0.043043"
RELIGxPOLPARTY,RELIGxPOLPARTY :: Roman Catholic | Independent,INEQ10_W54,2,"0.923592,0.076408"
RELIGxPOLPARTY,RELIGxPOLPARTY :: Roman Catholic | Other,INEQ10_W54,2,"0.857768,0.142232"
RELIGxPOLPARTY,RELIGxPOLPARTY :: Roman Catholic | Republican,INEQ10_W54,2,"0.928926,0.071074"
RELIGxPOLPARTY,RELIGxPOLPARTY :: Agnostic | Democrat,INEQ1_W54,3,"0.884659,0.057896,0.057445"
RELIGxPOLPARTY,RELIGxPOLPARTY :: Agnostic | Independent,INEQ1_W54,3,"0.893084,0.051579,0.055336"
RELIGxPOLPARTY,RELIGxPOLPARTY :: Agnostic | Other,INEQ1_W54,3,"0.833382,0.066304,0.100314"
RELIGxPOLPARTY,RELIGxPOLPARTY :: Agnostic | Republican,INEQ1_W54,3,"0.903531,0.044287,0.052183"
RELIGxPOLPARTY,RELIGxPOLPARTY :: Atheist | Democrat,INEQ1_W54,3,"0.855093,0.074717,0.070190"
RELIGxPOLPARTY,RELIGxPOLPARTY :: Atheist | Independent,INEQ1_W54,3,"0.873454,0.063273,0.063273"
RELIGxPOLPARTY,RELIGxPOLPARTY :: Atheist | Other,INEQ1_W54,3,"0.809295,0.082031,0.108674"
RELIGxPOLPARTY,RELIGxPOLPARTY :: Jewish | Democrat,INEQ1_W54,3,"0.870331,0.062556,0.067113"
RELIGxPOLPARTY,RELIGxPOLPARTY :: Jewish | Independent,INEQ1_W54,3,"0.866157,0.062744,0.071099"
RELIGxPOLPARTY,RELIGxPOLPARTY :: Mormon | Independent,INEQ1_W54,3,"0.873817,0.060874,0.065308"
RELIGxPOLPARTY,RELIGxPOLPARTY :: Mormon | Republican,INEQ1_W54,3,"0.889267,0.052989,0.057744"
RELIGxPOLPARTY,RELIGxPOLPARTY :: Nothing in particular | Democrat,INEQ1_W54,3,"0.785653,0.105499,0.108848"
RELIGxPOLPARTY,RELIGxPOLPARTY :: Nothing in particular | Independent,INEQ1_W54,3,"0.858800,0.066743,0.074457"
RELIGxPOLPARTY,RELIGxPOLPARTY :: Nothing in particular | Other,INEQ1_W54,3,"0.772998,0.099823,0.127178"
RELIGxPOLPARTY,RELIGxPOLPARTY :: Nothing in particular | Republican,INEQ1_W54,3,"0.798491,0.098393,0.103115"
RELIGxPOLPARTY,RELIGxPOLPARTY :: Other | Democrat,INEQ1_W54,3,"0.778285,0.107827,0.113888"
RELIGxPOLPARTY,RELIGxPOLPARTY :: Other | Independent,INEQ1_W54,3,"0.849140,0.068087,0.082773"
RELIGxPOLPARTY,RELIGxPOLPARTY :: Protestant | Democrat,INEQ1_W54,3,"0.873014,0.062749,0.064237"
RELIGxPOLPARTY,RELIGxPOLPARTY :: Protestant | Independent,INEQ1_W54,3,"0.874195,0.059956,0.065849"
RELIGxPOLPARTY,RELIGxPOLPARTY :: Protestant | Other,INEQ1_W54,3,"0.792942,0.088273,0.118785"
RELIGxPOLPARTY,RELIGxPOLPARTY :: Protestant | Refused,INEQ1_W54,3,"0.832673,0.073904,0.093423"
RELIGxPOLPARTY,RELIGxPOLPARTY :: Protestant | Republican,INEQ1_W54,3,"0.892665,0.051154,0.056181"
RELIGxPOLPARTY,RELIGxPOLPARTY :: Roman Catholic | Democrat,INEQ1_W54,3,"0.893020,0.050776,0.056204"
RELIGxPOLPARTY,RELIGxPOLPARTY :: Roman Catholic | Independent,INEQ1_W54,3,"0.863998,0.065081,0.070921"
RELIGxPOLPARTY,RELIGxPOLPARTY :: Roman Catholic | Other,INEQ1_W54,3,"0.788693,0.091298,0.120009"
RELIGxPOLPARTY,RELIGxPOLPARTY :: Roman Catholic | Republican,INEQ1_W54,3,"0.920106,0.036522,0.043371"
RELIGxPOLPARTY,RELIGxPOLPARTY :: Agnostic | Democrat,INEQ5_d_W54,4,"0.395547,0.183947,0.230721,0.189786"
RELIGxPOLPARTY,RELIGxPOLPARTY :: Agnostic | Independent,INEQ5_d_W54,4,"0.361806,0.202955,0.235431,0.199808"
RELIGxPOLPARTY,RELIGxPOLPARTY :: Agnostic | Other,INEQ5_d_W54,4,"0.338232,0.205148,0.259331,0.197289"
RELIGxPOLPARTY,RELIGxPOLPARTY :: Agnostic | Republican,INEQ5_d_W54,4,"0.368220,0.178059,0.228633,0.225088"
RELIGxPOLPARTY,RELIGxPOLPARTY :: Atheist | Democrat,INEQ5_d_W54,4,"0.340745,0.220001,0.234190,0.205064"
RELIGxPOLPARTY,RELIGxPOLPARTY :: Atheist | Independent,INEQ5_d_W54,4,"0.338441,0.227218,0.239990,0.194350"
RELIGxPOLPARTY,RELIGxPOLPARTY :: Atheist | Other,INEQ5_d_W54,4,"0.318331,0.229285,0.257792,0.194592"
RELIGxPOLPARTY,RELIGxPOLPARTY :: Jewish | Democrat,INEQ5_d_W54,4,"0.339118,0.210563,0.233072,0.217247"
RELIGxPOLPARTY,RELIGxPOLPARTY :: Jewish | Independent,INEQ5_d_W54,4,"0.332060,0.221200,0.237313,0.209428"
RELIGxPOLPARTY,RELIGxPOLPARTY :: Mormon | Independent,INEQ5_d_W54,4,"0.338819,0.220474,0.238389,0.202318"
RELIGxPOLPARTY,RELIGxPOLPARTY :: Mormon | Republican,INEQ5_d_W54,4,"0.352798,0.196362,0.236857,0.213983"
RELIGxPOLPARTY,RELIGxPOLPARTY :: Nothing in particular | Democrat,INEQ5_d_W54,4,"0.327860,0.227102,0.239868,0.205170"
RELIGxPOLPARTY,RELIGxPOLPARTY :: Nothing in particular | Independent,INEQ5_d_W54,4,"0.326716,0.233494,0.244699,0.195091"
RELIGxPOLPARTY,RELIGxPOLPARTY :: Nothing in particular | Other,INEQ5_d_W54,4,"0.307940,0.239824,0.265461,0.186775"
RELIGxPOLPARTY,RELIGxPOLPARTY :: Nothing in particular | Republican,INEQ5_d_W54,4,"0.330436,0.216706,0.236152,0.216706"
RELIGxPOLPARTY,RELIGxPOLPARTY :: Other | Democrat,INEQ5_d_W54,4,"0.327492,0.223330,0.237734,0.211445"
RELIGxPOLPARTY,RELIGxPOLPARTY :: Other | Independent,INEQ5_d_W54,4,"0.330596,0.225447,0.241869,0.202089"
RELIGxPOLPARTY,RELIGxPOLPARTY :: Protestant | Democrat,INEQ5_d_W54,4,"0.333985,0.215637,0.231345,0.219033"
RELIGxPOLPARTY,RELIGxPOLPARTY :: Protestant | Independent,INEQ5_d_W54,4,"0.328125,0.222020,0.236340,0.213515"
RELIGxPOLPARTY,RELIGxPOLPARTY :: Protestant | Other,INEQ5_d_W54,4,"0.310714,0.223799,0.253598,0.211889"
RELIGxPOLPARTY,RELIGxPOLPARTY :: Protestant | Refused,INEQ5_d_W54,4,"0.325891,0.213725,0.229293,0.231091"
RELIGxPOLPARTY,RELIGxPOLPARTY :: Protestant | Republican,INEQ5_d_W54,4,"0.339910,0.198268,0.228205,0.233617"
RELIGxPOLPARTY,RELIGxPOLPARTY :: Roman Catholic | Democrat,INEQ5_d_W54,4,"0.344248,0.202373,0.231117,0.222263"
RELIGxPOLPARTY,RELIGxPOLPARTY :: Roman Catholic | Independent,INEQ5_d_W54,4,"0.332851,0.216590,0.230559,0.220001"
RELIGxPOLPARTY,RELIGxPOLPARTY :: Roman Catholic | Other,INEQ5_d_W54,4,"0.318558,0.217237,0.252000,0.212205"
RELIGxPOLPARTY,RELIGxPOLPARTY :: Roman Catholic | Republican,INEQ5_d_W54,4,"0.365714,0.179633,0.216678,0.237975"
RELIGxPOLPARTY,RELIGxPOLPARTY :: Agnostic | Democrat,INEQ5_f_W54,4,"0.398169,0.198654,0.225104,0.178072"
RELIGxPOLPARTY,RELIGxPOLPARTY :: Agnostic | Independent,INEQ5_f_W54,4,"0.364814,0.216145,0.228294,0.190747"
RELIGxPOLPARTY,RELIGxPOLPARTY :: Agnostic | Other,INEQ5_f_W54,4,"0.343193,0.218147,0.249131,0.189529"
RELIGxPOLPARTY,RELIGxPOLPARTY :: Agnostic | Republican,INEQ5_f_W54,4,"0.371595,0.189792,0.220163,0.218450"
RELIGxPOLPARTY,RELIGxPOLPARTY :: Atheist | Democrat,INEQ5_f_W54,4,"0.341741,0.233047,0.225877,0.199336"
RELIGxPOLPARTY,RELIGxPOLPARTY :: Atheist | Independent,INEQ5_f_W54,4,"0.344235,0.242200,0.229310,0.184256"
RELIGxPOLPARTY,RELIGxPOLPARTY :: Atheist | Other,INEQ5_f_W54,4,"0.323169,0.243941,0.245854,0.187036"
RELIGxPOLPARTY,RELIGxPOLPARTY :: Jewish | Democrat,INEQ5_f_W54,4,"0.339247,0.224229,0.224229,0.212295"
RELIGxPOLPARTY,RELIGxPOLPARTY :: Jewish | Independent,INEQ5_f_W54,4,"0.336554,0.234953,0.225952,0.202542"
RELIGxPOLPARTY,RELIGxPOLPARTY :: Mormon | Independent,INEQ5_f_W54,4,"0.338684,0.234599,0.229165,0.197552"
RELIGxPOLPARTY,RELIGxPOLPARTY :: Mormon | Republican,INEQ5_f_W54,4,"0.362304,0.208053,0.223209,0.206434"
RELIGxPOLPARTY,RELIGxPOLPARTY :: Nothing in particular | Democrat,INEQ5_f_W54,4,"0.324592,0.245015,0.231975,0.198419"
RELIGxPOLPARTY,RELIGxPOLPARTY :: Nothing in particular | Independent,INEQ5_f_W54,4,"0.322599,0.253211,0.236019,0.188171"
RELIGxPOLPARTY,RELIGxPOLPARTY :: Nothing in particular | Other,INEQ5_f_W54,4,"0.307453,0.258901,0.252904,0.180742"
RELIGxPOLPARTY,RELIGxPOLPARTY :: Nothing in particular | Republican,INEQ5_f_W54,4,"0.331555,0.231462,0.227874,0.209109"
RELIGxPOLPARTY,RELIGxPOLPARTY :: Other | Democrat,INEQ5_f_W54,4,"0.326776,0.237214,0.229915,0.206095"
RELIGxPOLPARTY,RELIGxPOLPARTY :: Other | Independent,INEQ5_f_W54,4,"0.329271,0.240900,0.231671,0.198159"
RELIGxPOLPARTY,RELIGxPOLPARTY :: Protestant | Democrat,INEQ5_f_W54,4,"0.333368,0.230917,0.223813,0.211902"
RELIGxPOLPARTY,RELIGxPOLPARTY :: Protestant | Independent,INEQ5_f_W54,4,"0.334279,0.235195,0.226185,0.204341"
RELIGxPOLPARTY,RELIGxPOLPARTY :: Protestant | Other,INEQ5_f_W54,4,"0.317914,0.236254,0.243753,0.202079"
RELIGxPOLPARTY,RELIGxPOLPARTY :: Protestant | Refused,INEQ5_f_W54,4,"0.330039,0.225067,0.221578,0.223316"
RELIGxPOLPARTY,RELIGxPOLPARTY :: Protestant | Republican,INEQ5_f_W54,4,"0.350406,0.209237,0.215879,0.224478"
RELIGxPOLPARTY,RELIGxPOLPARTY :: Roman Catholic | Democrat,INEQ5_f_W54,4,"0.351075,0.216291,0.219697,0.212938"
RELIGxPOLPARTY,RELIGxPOLPARTY :: Roman Catholic | Independent,INEQ5_f_W54,4,"0.338597,0.229106,0.222057,0.210240"
RELIGxPOLPARTY,RELIGxPOLPARTY :: Roman Catholic | Other,INEQ5_f_W54,4,"0.326566,0.227980,0.242684,0.202770"
RELIGxPOLPARTY,RELIGxPOLPARTY :: Roman Catholic | Republican,INEQ5_f_W54,4,"0.376290,0.190695,0.202993,0.230022"
RELIGxPOLPARTY,RELIGxPOLPARTY :: Agnostic | Democrat,INEQ5_h_W54,4,"0.357432,0.198941,0.239969,0.203659"
RELIGxPOLPARTY,RELIGxPOLPARTY :: Agnostic | Independent,INEQ5_h_W54,4,"0.314954,0.218162,0.245286,0.221598"
RELIGxPOLPARTY,RELIGxPOLPARTY :: Agnostic | Other,INEQ5_h_W54,4,"0.294156,0.216897,0.272050,0.216897"
RELIGxPOLPARTY,RELIGxPOLPARTY :: Agnostic | Republican,INEQ5_h_W54,4,"0.314923,0.186586,0.241460,0.257032"
RELIGxPOLPARTY,RELIGxPOLPARTY :: Atheist | Democrat,INEQ5_h_W54,4,"0.293639,0.234110,0.245345,0.226907"
RELIGxPOLPARTY,RELIGxPOLPARTY :: Atheist | Independent,INEQ5_h_W54,4,"0.300171,0.244992,0.246914,0.207922"
RELIGxPOLPARTY,RELIGxPOLPARTY :: Atheist | Other,INEQ5_h_W54,4,"0.280026,0.241397,0.267202,0.211375"
RELIGxPOLPARTY,RELIGxPOLPARTY :: Jewish | Democrat,INEQ5_h_W54,4,"0.289276,0.223535,0.243595,0.243595"
RELIGxPOLPARTY,RELIGxPOLPARTY :: Jewish | Independent,INEQ5_h_W54,4,"0.289912,0.236619,0.244130,0.229339"
RELIGxPOLPARTY,RELIGxPOLPARTY :: Mormon | Independent,INEQ5_h_W54,4,"0.294108,0.234483,0.247664,0.223745"
RELIGxPOLPARTY,RELIGxPOLPARTY :: Mormon | Republican,INEQ5_h_W54,4,"0.310283,0.209948,0.247379,0.232391"
RELIGxPOLPARTY,RELIGxPOLPARTY :: Nothing in particular | Democrat,INEQ5_h_W54,4,"0.284406,0.241373,0.250988,0.223233"
RELIGxPOLPARTY,RELIGxPOLPARTY :: Nothing in particular | Independent,INEQ5_h_W54,4,"0.281954,0.248823,0.254724,0.214499"
RELIGxPOLPARTY,RELIGxPOLPARTY :: Nothing in particular | Other,INEQ5_h_W54,4,"0.268687,0.248495,0.281581,0.201237"
RELIGxPOLPARTY,RELIGxPOLPARTY :: Nothing in particular | Republican,INEQ5_h_W54,4,"0.286006,0.224488,0.252399,0.237107"
RELIGxPOLPARTY,RELIGxPOLPARTY :: Other | Democrat,INEQ5_h_W54,4,"0.289358,0.236167,0.245575,0.228901"
RELIGxPOLPARTY,RELIGxPOLPARTY :: Other | Independent,INEQ5_h_W54,4,"0.289651,0.242013,0.249695,0.218640"
RELIGxPOLPARTY,RELIGxPOLPARTY :: Protestant | Democrat,INEQ5_h_W54,4,"0.290959,0.226599,0.243105,0.239336"
RELIGxPOLPARTY,RELIGxPOLPARTY :: Protestant | Independent,INEQ5_h_W54,4,"0.291501,0.234228,0.245469,0.228802"
RELIGxPOLPARTY,RELIGxPOLPARTY :: Protestant | Other,INEQ5_h_W54,4,"0.279871,0.232021,0.264976,0.223132"
RELIGxPOLPARTY,RELIGxPOLPARTY :: Protestant | Refused,INEQ5_h_W54,4,"0.297296,0.219212,0.237025,0.246467"
RELIGxPOLPARTY,RELIGxPOLPARTY :: Protestant | Republican,INEQ5_h_W54,4,"0.301683,0.205730,0.240522,0.252065"
RELIGxPOLPARTY,RELIGxPOLPARTY :: Roman Catholic | Democrat,INEQ5_h_W54,4,"0.302124,0.214238,0.242764,0.240874"
RELIGxPOLPARTY,RELIGxPOLPARTY :: Roman Catholic | Independent,INEQ5_h_W54,4,"0.293151,0.230097,0.243031,0.233721"
RELIGxPOLPARTY,RELIGxPOLPARTY :: Roman Catholic | Other,INEQ5_h_W54,4,"0.284553,0.226866,0.265233,0.223348"
RELIGxPOLPARTY,RELIGxPOLPARTY :: Roman Catholic | Republican,INEQ5_h_W54,4,"0.316856,0.190688,0.231817,0.260639"
RELIGxPOLPARTY,RELIGxPOLPARTY :: Agnostic | Democrat,INEQ5_k_W54,4,"0.523373,0.179465,0.179465,0.117696"
RELIGxPOLPARTY,RELIGxPOLPARTY :: Agnostic | Independent,INEQ5_k_W54,4,"0.494504,0.199798,0.177704,0.127995"
RELIGxPOLPARTY,RELIGxPOLPARTY :: Agnostic | Other,INEQ5_k_W54,4,"0.446691,0.206114,0.207731,0.139464"
RELIGxPOLPARTY,RELIGxPOLPARTY :: Agnostic | Republican,INEQ5_k_W54,4,"0.496735,0.171667,0.170331,0.161266"
RELIGxPOLPARTY,RELIGxPOLPARTY :: Atheist | Democrat,INEQ5_k_W54,4,"0.463570,0.225926,0.178722,0.131782"
RELIGxPOLPARTY,RELIGxPOLPARTY :: Atheist | Independent,INEQ5_k_W54,4,"0.452992,0.233180,0.183025,0.130802"
RELIGxPOLPARTY,RELIGxPOLPARTY :: Atheist | Other,INEQ5_k_W54,4,"0.415153,0.240272,0.205516,0.139059"
RELIGxPOLPARTY,RELIGxPOLPARTY :: Jewish | Democrat,INEQ5_k_W54,4,"0.448826,0.218740,0.178531,0.153903"
RELIGxPOLPARTY,RELIGxPOLPARTY :: Jewish | Independent,INEQ5_k_W54,4,"0.433218,0.230080,0.183436,0.153266"
RELIGxPOLPARTY,RELIGxPOLPARTY :: Mormon | Independent,INEQ5_k_W54,4,"0.446609,0.229895,0.181862,0.141634"
RELIGxPOLPARTY,RELIGxPOLPARTY :: Mormon | Republican,INEQ5_k_W54,4,"0.447901,0.205064,0.180968,0.166066"
RELIGxPOLPARTY,RELIGxPOLPARTY :: Nothing in particular | Democrat,INEQ5_k_W54,4,"0.410105,0.248741,0.198314,0.142840"
RELIGxPOLPARTY,RELIGxPOLPARTY :: Nothing in particular | Independent,INEQ5_k_W54,4,"0.419025,0.254152,0.191844,0.134979"
RELIGxPOLPARTY,RELIGxPOLPARTY :: Nothing in particular | Other,INEQ5_k_W54,4,"0.385344,0.262782,0.214476,0.137399"
RELIGxPOLPARTY,RELIGxPOLPARTY :: Nothing in particular | Republican,INEQ5_k_W54,4,"0.395208,0.237840,0.195642,0.171310"
RELIGxPOLPARTY,RELIGxPOLPARTY :: Other | Democrat,INEQ5_k_W54,4,"0.415332,0.234807,0.194662,0.155198"
RELIGxPOLPARTY,RELIGxPOLPARTY :: Other | Independent,INEQ5_k_W54,4,"0.427196,0.235920,0.188092,0.148793"
RELIGxPOLPARTY,RELIGxPOLPARTY :: Protestant | Democrat,INEQ5_k_W54,4,"0.434715,0.223772,0.184070,0.157443"
RELIGxPOLPARTY,RELIGxPOLPARTY :: Protestant | Independent,INEQ5_k_W54,4,"0.421856,0.229359,0.188666,0.160119"
RELIGxPOLPARTY,RELIGxPOLPARTY :: Protestant | Other,INEQ5_k_W54,4,"0.385504,0.230195,0.214565,0.169735"
RELIGxPOLPARTY,RELIGxPOLPARTY :: Protestant | Refused,INEQ5_k_W54,4,"0.393336,0.217221,0.193200,0.196243"
RELIGxPOLPARTY,RELIGxPOLPARTY :: Protestant | Republican,INEQ5_k_W54,4,"0.422309,0.204215,0.181633,0.191843"
RELIGxPOLPARTY,RELIGxPOLPARTY :: Roman Catholic | Democrat,INEQ5_k_W54,4,"0.475943,0.206306,0.173727,0.144025"
RELIGxPOLPARTY,RELIGxPOLPARTY :: Roman Catholic | Independent,INEQ5_k_W54,4,"0.443170,0.219385,0.181877,0.155567"
RELIGxPOLPARTY,RELIGxPOLPARTY :: Roman Catholic | Other,INEQ5_k_W54,4,"0.405429,0.220428,0.210334,0.163808"
RELIGxPOLPARTY,RELIGxPOLPARTY :: Roman Catholic | Republican,INEQ5_k_W54,4,"0.478202,0.178691,0.160178,0.182929"
RELIGxPOLPARTY,RELIGxPOLPARTY :: Agnostic | Democrat,INEQ8_c_W54,4,"0.790160,0.113833,0.065369,0.030638"
RELIGxPOLPARTY,RELIGxPOLPARTY :: Agnostic | Independent,INEQ8_c_W54,4,"0.763661,0.140164,0.067251,0.028924"
RELIGxPOLPARTY,RELIGxPOLPARTY :: Agnostic | Other,INEQ8_c_W54,4,"0.694400,0.168846,0.098487,0.038268"
RELIGxPOLPARTY,RELIGxPOLPARTY :: Agnostic | Republican,INEQ8_c_W54,4,"0.790673,0.111269,0.060496,0.037563"
RELIGxPOLPARTY,RELIGxPOLPARTY :: Atheist | Democrat,INEQ8_c_W54,4,"0.691758,0.192094,0.081976,0.034173"
RELIGxPOLPARTY,RELIGxPOLPARTY :: Atheist | Independent,INEQ8_c_W54,4,"0.717176,0.182753,0.072694,0.027377"
RELIGxPOLPARTY,RELIGxPOLPARTY :: Atheist | Other,INEQ8_c_W54,4,"0.643354,0.217187,0.102592,0.036867"
RELIGxPOLPARTY,RELIGxPOLPARTY :: Jewish | Democrat,INEQ8_c_W54,4,"0.691608,0.186144,0.080059,0.042188"
RELIGxPOLPARTY,RELIGxPOLPARTY :: Jewish | Independent,INEQ8_c_W54,4,"0.663060,0.203808,0.087657,0.045476"
RELIGxPOLPARTY,RELIGxPOLPARTY :: Mormon | Independent,INEQ8_c_W54,4,"0.695298,0.190084,0.078622,0.035996"
RELIGxPOLPARTY,RELIGxPOLPARTY :: Mormon | Republican,INEQ8_c_W54,4,"0.753955,0.145023,0.064354,0.036668"
RELIGxPOLPARTY,RELIGxPOLPARTY :: Nothing in particular | Democrat,INEQ8_c_W54,4,"0.611212,0.239354,0.103752,0.045682"
RELIGxPOLPARTY,RELIGxPOLPARTY :: Nothing in particular | Independent,INEQ8_c_W54,4,"0.665428,0.226400,0.078242,0.029930"
RELIGxPOLPARTY,RELIGxPOLPARTY :: Nothing in particular | Other,INEQ8_c_W54,4,"0.593301,0.263276,0.106373,0.037050"
RELIGxPOLPARTY,RELIGxPOLPARTY :: Nothing in particular | Republican,INEQ8_c_W54,4,"0.635768,0.216309,0.094498,0.053425"
RELIGxPOLPARTY,RELIGxPOLPARTY :: Other | Democrat,INEQ8_c_W54,4,"0.618942,0.218973,0.106719,0.055365"
RELIGxPOLPARTY,RELIGxPOLPARTY :: Other | Independent,INEQ8_c_W54,4,"0.672541,0.201933,0.084178,0.041347"
RELIGxPOLPARTY,RELIGxPOLPARTY :: Protestant | Democrat,INEQ8_c_W54,4,"0.692344,0.189276,0.076475,0.041905"
RELIGxPOLPARTY,RELIGxPOLPARTY :: Protestant | Independent,INEQ8_c_W54,4,"0.679417,0.191638,0.083069,0.045875"
RELIGxPOLPARTY,RELIGxPOLPARTY :: Protestant | Other,INEQ8_c_W54,4,"0.609319,0.217260,0.114488,0.058933"
RELIGxPOLPARTY,RELIGxPOLPARTY :: Protestant | Refused,INEQ8_c_W54,4,"0.636953,0.195783,0.094675,0.072590"
RELIGxPOLPARTY,RELIGxPOLPARTY :: Protestant | Republican,INEQ8_c_W54,4,"0.714060,0.163107,0.070702,0.052132"
RELIGxPOLPARTY,RELIGxPOLPARTY :: Roman Catholic | Democrat,INEQ8_c_W54,4,"0.729675,0.167981,0.066298,0.036046"
RELIGxPOLPARTY,RELIGxPOLPARTY :: Roman Catholic | Independent,INEQ8_c_W54,4,"0.681383,0.187741,0.082661,0.048216"
RELIGxPOLPARTY,RELIGxPOLPARTY :: Roman Catholic | Other,INEQ8_c_W54,4,"0.612746,0.210111,0.116945,0.060198"
RELIGxPOLPARTY,RELIGxPOLPARTY :: Roman Catholic | Republican,INEQ8_c_W54,4,"0.769977,0.129685,0.056214,0.044123"
RELIGxPOLPARTY,RELIGxPOLPARTY :: Agnostic | Democrat,INEQ8_f_W54,4,"0.579443,0.237803,0.134442,0.048313"
RELIGxPOLPARTY,RELIGxPOLPARTY :: Agnostic | Independent,INEQ8_f_W54,4,"0.513580,0.290352,0.148297,0.047770"
RELIGxPOLPARTY,RELIGxPOLPARTY :: Agnostic | Other,INEQ8_f_W54,4,"0.456730,0.301880,0.185983,0.055408"
RELIGxPOLPARTY,RELIGxPOLPARTY :: Agnostic | Republican,INEQ8_f_W54,4,"0.521090,0.272458,0.144701,0.061751"
RELIGxPOLPARTY,RELIGxPOLPARTY :: Atheist | Democrat,INEQ8_f_W54,4,"0.444182,0.337916,0.167281,0.050621"
RELIGxPOLPARTY,RELIGxPOLPARTY :: Atheist | Independent,INEQ8_f_W54,4,"0.465339,0.332563,0.157091,0.045007"
RELIGxPOLPARTY,RELIGxPOLPARTY :: Atheist | Other,INEQ8_f_W54,4,"0.407887,0.346169,0.191173,0.054772"
RELIGxPOLPARTY,RELIGxPOLPARTY :: Jewish | Democrat,INEQ8_f_W54,4,"0.425666,0.344715,0.170646,0.058974"
RELIGxPOLPARTY,RELIGxPOLPARTY :: Jewish | Independent,INEQ8_f_W54,4,"0.415206,0.341539,0.178578,0.064677"
RELIGxPOLPARTY,RELIGxPOLPARTY :: Mormon | Independent,INEQ8_f_W54,4,"0.427965,0.341203,0.172913,0.057919"
RELIGxPOLPARTY,RELIGxPOLPARTY :: Mormon | Republican,INEQ8_f_W54,4,"0.473900,0.310791,0.155059,0.060250"
RELIGxPOLPARTY,RELIGxPOLPARTY :: Nothing in particular | Democrat,INEQ8_f_W54,4,"0.395432,0.362869,0.182462,0.059237"
RELIGxPOLPARTY,RELIGxPOLPARTY :: Nothing in particular | Independent,INEQ8_f_W54,4,"0.410795,0.376967,0.164685,0.047553"
RELIGxPOLPARTY,RELIGxPOLPARTY :: Nothing in particular | Other,INEQ8_f_W54,4,"0.371163,0.382945,0.194067,0.051826"
RELIGxPOLPARTY,RELIGxPOLPARTY :: Nothing in particular | Republican,INEQ8_f_W54,4,"0.409065,0.347169,0.175937,0.067830"
RELIGxPOLPARTY,RELIGxPOLPARTY :: Other | Democrat,INEQ8_f_W54,4,"0.398481,0.346206,0.183869,0.071444"
RELIGxPOLPARTY,RELIGxPOLPARTY :: Other | Independent,INEQ8_f_W54,4,"0.414926,0.352144,0.170285,0.062645"
RELIGxPOLPARTY,RELIGxPOLPARTY :: Protestant | Democrat,INEQ8_f_W54,4,"0.413510,0.353694,0.168384,0.064412"
RELIGxPOLPARTY,RELIGxPOLPARTY :: Protestant | Independent,INEQ8_f_W54,4,"0.414250,0.338101,0.176780,0.070870"
RELIGxPOLPARTY,RELIGxPOLPARTY :: Protestant | Other,INEQ8_f_W54,4,"0.379526,0.334930,0.204739,0.080806"
RELIGxPOLPARTY,RELIGxPOLPARTY :: Protestant | Refused,INEQ8_f_W54,4,"0.392193,0.322609,0.185259,0.099940"
RELIGxPOLPARTY,RELIGxPOLPARTY :: Protestant | Republican,INEQ8_f_W54,4,"0.437188,0.322362,0.160832,0.079618"
RELIGxPOLPARTY,RELIGxPOLPARTY :: Roman Catholic | Democrat,INEQ8_f_W54,4,"0.455841,0.341409,0.149151,0.053598"
RELIGxPOLPARTY,RELIGxPOLPARTY :: Roman Catholic | Independent,INEQ8_f_W54,4,"0.431661,0.325835,0.170367,0.072138"
RELIGxPOLPARTY,RELIGxPOLPARTY :: Roman Catholic | Other,INEQ8_f_W54,4,"0.394113,0.324188,0.202872,0.078827"
RELIGxPOLPARTY,RELIGxPOLPARTY :: Roman Catholic | Republican,INEQ8_f_W54,4,"0.487563,0.298041,0.140785,0.073611"
RELIGxPOLPARTY,RELIGxPOLPARTY :: Agnostic | Democrat,INEQ8_h_W54,4,"0.330418,0.172763,0.305587,0.191231"
RELIGxPOLPARTY,RELIGxPOLPARTY :: Agnostic | Independent,INEQ8_h_W54,4,"0.293521,0.175269,0.332603,0.198606"
RELIGxPOLPARTY,RELIGxPOLPARTY :: Agnostic | Other,INEQ8_h_W54,4,"0.289590,0.184075,0.349312,0.177023"
RELIGxPOLPARTY,RELIGxPOLPARTY :: Agnostic | Republican,INEQ8_h_W54,4,"0.294124,0.151402,0.335900,0.218574"
RELIGxPOLPARTY,RELIGxPOLPARTY :: Atheist | Democrat,INEQ8_h_W54,4,"0.275598,0.203213,0.327281,0.193908"
RELIGxPOLPARTY,RELIGxPOLPARTY :: Atheist | Independent,INEQ8_h_W54,4,"0.304721,0.206184,0.334670,0.154425"
RELIGxPOLPARTY,RELIGxPOLPARTY :: Atheist | Other,INEQ8_h_W54,4,"0.291852,0.215198,0.343886,0.149064"
RELIGxPOLPARTY,RELIGxPOLPARTY :: Jewish | Democrat,INEQ8_h_W54,4,"0.262177,0.193317,0.328844,0.215661"
RELIGxPOLPARTY,RELIGxPOLPARTY :: Jewish | Independent,INEQ8_h_W54,4,"0.277465,0.198295,0.324389,0.199850"
RELIGxPOLPARTY,RELIGxPOLPARTY :: Mormon | Independent,INEQ8_h_W54,4,"0.276283,0.194389,0.343840,0.185488"
RELIGxPOLPARTY,RELIGxPOLPARTY :: Mormon | Republican,INEQ8_h_W54,4,"0.291781,0.162400,0.368845,0.176974"
RELIGxPOLPARTY,RELIGxPOLPARTY :: Nothing in particular | Democrat,INEQ8_h_W54,4,"0.270955,0.209378,0.331981,0.187685"
RELIGxPOLPARTY,RELIGxPOLPARTY :: Nothing in particular | Independent,INEQ8_h_W54,4,"0.276471,0.197585,0.363415,0.162529"
RELIGxPOLPARTY,RELIGxPOLPARTY :: Nothing in particular | Other,INEQ8_h_W54,4,"0.278141,0.213258,0.377216,0.131385"
RELIGxPOLPARTY,RELIGxPOLPARTY :: Nothing in particular | Republican,INEQ8_h_W54,4,"0.291538,0.185313,0.354420,0.168729"
RELIGxPOLPARTY,RELIGxPOLPARTY :: Other | Democrat,INEQ8_h_W54,4,"0.273031,0.212637,0.319206,0.195127"
RELIGxPOLPARTY,RELIGxPOLPARTY :: Other | Independent,INEQ8_h_W54,4,"0.285841,0.202692,0.339445,0.172022"
RELIGxPOLPARTY,RELIGxPOLPARTY :: Protestant | Democrat,INEQ8_h_W54,4,"0.267399,0.206630,0.322545,0.203426"
RELIGxPOLPARTY,RELIGxPOLPARTY :: Protestant | Independent,INEQ8_h_W54,4,"0.285220,0.207047,0.320681,0.187052"
RELIGxPOLPARTY,RELIGxPOLPARTY :: Protestant | Other,INEQ8_h_W54,4,"0.284255,0.221378,0.324630,0.169737"
RELIGxPOLPARTY,RELIGxPOLPARTY :: Protestant | Refused,INEQ8_h_W54,4,"0.310449,0.215042,0.296233,0.178276"
RELIGxPOLPARTY,RELIGxPOLPARTY :: Protestant | Republican,INEQ8_h_W54,4,"0.297741,0.183433,0.329570,0.189256"
RELIGxPOLPARTY,RELIGxPOLPARTY :: Roman Catholic | Democrat,INEQ8_h_W54,4,"0.267948,0.179892,0.333467,0.218693"
RELIGxPOLPARTY,RELIGxPOLPARTY :: Roman Catholic | Independent,INEQ8_h_W54,4,"0.283648,0.196477,0.313969,0.205906"
RELIGxPOLPARTY,RELIGxPOLPARTY :: Roman Catholic | Other,INEQ8_h_W54,4,"0.284554,0.208184,0.324971,0.182292"
RELIGxPOLPARTY,RELIGxPOLPARTY :: Roman Catholic | Republican,INEQ8_h_W54,4,"0.303802,0.153959,0.328488,0.213751"
RELIGxPOLPARTY,RELIGxPOLPARTY :: Agnostic | Democrat,INFOCHALb_W45,4,"0.423456,0.190866,0.179302,0.206376"
RELIGxPOLPARTY,RELIGxPOLPARTY :: Agnostic | Independent,INFOCHALb_W45,4,"0.388047,0.210978,0.183301,0.217675"
RELIGxPOLPARTY,RELIGxPOLPARTY :: Agnostic | Other,INFOCHALb_W45,4,"0.359424,0.214622,0.209650,0.216305"
RELIGxPOLPARTY,RELIGxPOLPARTY :: Atheist | Democrat,INFOCHALb_W45,4,"0.364990,0.228405,0.195365,0.211240"
RELIGxPOLPARTY,RELIGxPOLPARTY :: Atheist | Independent,INFOCHALb_W45,4,"0.365873,0.232563,0.189813,0.211751"
RELIGxPOLPARTY,RELIGxPOLPARTY :: Atheist | Other,INFOCHALb_W45,4,"0.337743,0.239496,0.214683,0.208078"
RELIGxPOLPARTY,RELIGxPOLPARTY :: Jewish | Democrat,INFOCHALb_W45,4,"0.358614,0.214138,0.184598,0.242650"
RELIGxPOLPARTY,RELIGxPOLPARTY :: Mormon | Republican,INFOCHALb_W45,4,"0.382276,0.209470,0.176391,0.231862"
RELIGxPOLPARTY,RELIGxPOLPARTY :: Nothing in particular | Democrat,INFOCHALb_W45,4,"0.348100,0.231884,0.195266,0.224750"
RELIGxPOLPARTY,RELIGxPOLPARTY :: Nothing in particular | Independent,INFOCHALb_W45,4,"0.347804,0.239042,0.192076,0.221078"
RELIGxPOLPARTY,RELIGxPOLPARTY :: Nothing in particular | Other,INFOCHALb_W45,4,"0.326643,0.246563,0.210896,0.215898"
RELIGxPOLPARTY,RELIGxPOLPARTY :: Nothing in particular | Republican,INFOCHALb_W45,4,"0.351176,0.223221,0.176582,0.249021"
RELIGxPOLPARTY,RELIGxPOLPARTY :: Other | Democrat,INFOCHALb_W45,4,"0.349317,0.232695,0.195949,0.222039"
RELIGxPOLPARTY,RELIGxPOLPARTY :: Other | Independent,INFOCHALb_W45,4,"0.349579,0.238392,0.191553,0.220476"
RELIGxPOLPARTY,RELIGxPOLPARTY :: Protestant | Democrat,INFOCHALb_W45,4,"0.356207,0.228195,0.189180,0.226419"
RELIGxPOLPARTY,RELIGxPOLPARTY :: Protestant | Independent,INFOCHALb_W45,4,"0.347271,0.234975,0.191781,0.225973"
RELIGxPOLPARTY,RELIGxPOLPARTY :: Protestant | Other,INFOCHALb_W45,4,"0.325202,0.237923,0.211613,0.225261"
RELIGxPOLPARTY,RELIGxPOLPARTY :: Protestant | Republican,INFOCHALb_W45,4,"0.365433,0.211496,0.169942,0.253128"
RELIGxPOLPARTY,RELIGxPOLPARTY :: Roman Catholic | Democrat,INFOCHALb_W45,4,"0.379665,0.214643,0.180748,0.224944"
RELIGxPOLPARTY,RELIGxPOLPARTY :: Roman Catholic | Independent,INFOCHALb_W45,4,"0.350223,0.229682,0.190413,0.229682"
RELIGxPOLPARTY,RELIGxPOLPARTY :: Roman Catholic | Other,INFOCHALb_W45,4,"0.331083,0.231133,0.213763,0.224022"
RELIGxPOLPARTY,RELIGxPOLPARTY :: Roman Catholic | Republican,INFOCHALb_W45,4,"0.392247,0.195699,0.154811,0.257242"
RELIGxPOLPARTY,RELIGxPOLPARTY :: Agnostic | Democrat,INFOCONFUSEa_W45,4,"0.643719,0.148193,0.131805,0.076283"
RELIGxPOLPARTY,RELIGxPOLPARTY :: Agnostic | Independent,INFOCONFUSEa_W45,4,"0.640319,0.153282,0.131109,0.075290"
RELIGxPOLPARTY,RELIGxPOLPARTY :: Agnostic | Other,INFOCONFUSEa_W45,4,"0.588730,0.164767,0.168674,0.077830"
RELIGxPOLPARTY,RELIGxPOLPARTY :: Atheist | Democrat,INFOCONFUSEa_W45,4,"0.570177,0.192483,0.157100,0.080239"
RELIGxPOLPARTY,RELIGxPOLPARTY :: Atheist | Independent,INFOCONFUSEa_W45,4,"0.589736,0.188491,0.146797,0.074976"
RELIGxPOLPARTY,RELIGxPOLPARTY :: Atheist | Other,INFOCONFUSEa_W45,4,"0.538247,0.199563,0.180290,0.081900"
RELIGxPOLPARTY,RELIGxPOLPARTY :: Jewish | Democrat,INFOCONFUSEa_W45,4,"0.563789,0.176024,0.151742,0.108445"
RELIGxPOLPARTY,RELIGxPOLPARTY :: Mormon | Republican,INFOCONFUSEa_W45,4,"0.625380,0.161871,0.121236,0.091513"
RELIGxPOLPARTY,RELIGxPOLPARTY :: Nothing in particular | Democrat,INFOCONFUSEa_W45,4,"0.528892,0.205505,0.174410,0.091192"
RELIGxPOLPARTY,RELIGxPOLPARTY :: Nothing in particular | Independent,INFOCONFUSEa_W45,4,"0.590949,0.187409,0.148252,0.073390"
RELIGxPOLPARTY,RELIGxPOLPARTY :: Nothing in particular | Other,INFOCONFUSEa_W45,4,"0.535449,0.212987,0.177957,0.073606"
RELIGxPOLPARTY,RELIGxPOLPARTY :: Nothing in particular | Republican,INFOCONFUSEa_W45,4,"0.547928,0.195370,0.154550,0.102151"
RELIGxPOLPARTY,RELIGxPOLPARTY :: Other | Democrat,INFOCONFUSEa_W45,4,"0.530669,0.198297,0.173634,0.097400"
RELIGxPOLPARTY,RELIGxPOLPARTY :: Other | Independent,INFOCONFUSEa_W45,4,"0.588491,0.178083,0.149961,0.083466"
RELIGxPOLPARTY,RELIGxPOLPARTY :: Protestant | Democrat,INFOCONFUSEa_W45,4,"0.563383,0.193185,0.149282,0.094151"
RELIGxPOLPARTY,RELIGxPOLPARTY :: Protestant | Independent,INFOCONFUSEa_W45,4,"0.543785,0.190887,0.158251,0.107078"
RELIGxPOLPARTY,RELIGxPOLPARTY :: Protestant | Other,INFOCONFUSEa_W45,4,"0.485332,0.208739,0.191549,0.114379"
RELIGxPOLPARTY,RELIGxPOLPARTY :: Protestant | Republican,INFOCONFUSEa_W45,4,"0.565705,0.178007,0.138632,0.117656"
RELIGxPOLPARTY,RELIGxPOLPARTY :: Roman Catholic | Democrat,INFOCONFUSEa_W45,4,"0.562510,0.184053,0.152585,0.100852"
RELIGxPOLPARTY,RELIGxPOLPARTY :: Roman Catholic | Independent,INFOCONFUSEa_W45,4,"0.508661,0.199194,0.170380,0.121765"
RELIGxPOLPARTY,RELIGxPOLPARTY :: Roman Catholic | Other,INFOCONFUSEa_W45,4,"0.468466,0.206263,0.203065,0.122207"
RELIGxPOLPARTY,RELIGxPOLPARTY :: Roman Catholic | Republican,INFOCONFUSEa_W45,4,"0.580648,0.161240,0.129560,0.128552"
RELIGxPOLPARTY,RELIGxPOLPARTY :: Agnostic | Democrat,INFOCREATEb_W45,4,"0.582349,0.221035,0.139405,0.057212"
RELIGxPOLPARTY,RELIGxPOLPARTY :: Agnostic | Independent,INFOCREATEb_W45,4,"0.585144,0.234580,0.132619,0.047658"
RELIGxPOLPARTY,RELIGxPOLPARTY :: Agnostic | Other,INFOCREATEb_W45,4,"0.527339,0.255005,0.163362,0.054294"
RELIGxPOLPARTY,RELIGxPOLPARTY :: Atheist | Democrat,INFOCREATEb_W45,4,"0.500341,0.301111,0.153792,0.044756"
RELIGxPOLPARTY,RELIGxPOLPARTY :: Atheist | Independent,INFOCREATEb_W45,4,"0.523439,0.300586,0.141987,0.033989"
RELIGxPOLPARTY,RELIGxPOLPARTY :: Atheist | Other,INFOCREATEb_W45,4,"0.470797,0.318557,0.169185,0.041460"
RELIGxPOLPARTY,RELIGxPOLPARTY :: Jewish | Democrat,INFOCREATEb_W45,4,"0.496192,0.280522,0.156134,0.067152"
RELIGxPOLPARTY,RELIGxPOLPARTY :: Mormon | Republican,INFOCREATEb_W45,4,"0.614491,0.242526,0.104309,0.038674"
RELIGxPOLPARTY,RELIGxPOLPARTY :: Nothing in particular | Democrat,INFOCREATEb_W45,4,"0.463308,0.325978,0.165198,0.045517"
RELIGxPOLPARTY,RELIGxPOLPARTY :: Nothing in particular | Independent,INFOCREATEb_W45,4,"0.485069,0.341289,0.144511,0.029131"
RELIGxPOLPARTY,RELIGxPOLPARTY :: Nothing in particular | Other,INFOCREATEb_W45,4,"0.429363,0.367253,0.170789,0.032596"
RELIGxPOLPARTY,RELIGxPOLPARTY :: Nothing in particular | Republican,INFOCREATEb_W45,4,"0.500334,0.313101,0.140027,0.046538"
RELIGxPOLPARTY,RELIGxPOLPARTY :: Other | Democrat,INFOCREATEb_W45,4,"0.476997,0.307972,0.163563,0.051467"
RELIGxPOLPARTY,RELIGxPOLPARTY :: Other | Independent,INFOCREATEb_W45,4,"0.506177,0.311846,0.145022,0.036955"
RELIGxPOLPARTY,RELIGxPOLPARTY :: Protestant | Democrat,INFOCREATEb_W45,4,"0.506534,0.295458,0.146263,0.051746"
RELIGxPOLPARTY,RELIGxPOLPARTY :: Protestant | Independent,INFOCREATEb_W45,4,"0.493896,0.290346,0.160344,0.055414"
RELIGxPOLPARTY,RELIGxPOLPARTY :: Protestant | Other,INFOCREATEb_W45,4,"0.440255,0.304956,0.189351,0.065438"
RELIGxPOLPARTY,RELIGxPOLPARTY :: Protestant | Republican,INFOCREATEb_W45,4,"0.560101,0.256433,0.122080,0.061386"
RELIGxPOLPARTY,RELIGxPOLPARTY :: Roman Catholic | Democrat,INFOCREATEb_W45,4,"0.536172,0.275998,0.139869,0.047961"
RELIGxPOLPARTY,RELIGxPOLPARTY :: Roman Catholic | Independent,INFOCREATEb_W45,4,"0.484265,0.289168,0.167358,0.059209"
RELIGxPOLPARTY,RELIGxPOLPARTY :: Roman Catholic | Other,INFOCREATEb_W45,4,"0.435973,0.299639,0.198050,0.066338"
RELIGxPOLPARTY,RELIGxPOLPARTY :: Roman Catholic | Republican,INFOCREATEb_W45,4,"0.592246,0.233746,0.113032,0.060976"
RELIGxPOLPARTY,RELIGxPOLPARTY :: Agnostic | Democrat,INFOCREATEe_W45,4,"0.495566,0.251141,0.176700,0.076594"
RELIGxPOLPARTY,RELIGxPOLPARTY :: Agnostic | Independent,INFOCREATEe_W45,4,"0.468999,0.282249,0.182234,0.066518"
RELIGxPOLPARTY,RELIGxPOLPARTY :: Agnostic | Other,INFOCREATEe_W45,4,"0.425633,0.292533,0.210704,0.071130"
RELIGxPOLPARTY,RELIGxPOLPARTY :: Atheist | Democrat,INFOCREATEe_W45,4,"0.421733,0.336235,0.187143,0.054889"
RELIGxPOLPARTY,RELIGxPOLPARTY :: Atheist | Independent,INFOCREATEe_W45,4,"0.427873,0.346502,0.182594,0.043032"
RELIGxPOLPARTY,RELIGxPOLPARTY :: Atheist | Other,INFOCREATEe_W45,4,"0.383092,0.354302,0.211564,0.051042"
RELIGxPOLPARTY,RELIGxPOLPARTY :: Jewish | Democrat,INFOCREATEe_W45,4,"0.410295,0.309707,0.195330,0.084669"
RELIGxPOLPARTY,RELIGxPOLPARTY :: Mormon | Republican,INFOCREATEe_W45,4,"0.500212,0.305773,0.143313,0.050702"
RELIGxPOLPARTY,RELIGxPOLPARTY :: Nothing in particular | Democrat,INFOCREATEe_W45,4,"0.387469,0.352794,0.202593,0.057144"
RELIGxPOLPARTY,RELIGxPOLPARTY :: Nothing in particular | Independent,INFOCREATEe_W45,4,"0.383741,0.380755,0.195996,0.039509"
RELIGxPOLPARTY,RELIGxPOLPARTY :: Nothing in particular | Other,INFOCREATEe_W45,4,"0.345762,0.394873,0.218069,0.041295"
RELIGxPOLPARTY,RELIGxPOLPARTY :: Nothing in particular | Republican,INFOCREATEe_W45,4,"0.414440,0.348993,0.176861,0.059706"
RELIGxPOLPARTY,RELIGxPOLPARTY :: Other | Democrat,INFOCREATEe_W45,4,"0.405038,0.338422,0.195864,0.060676"
RELIGxPOLPARTY,RELIGxPOLPARTY :: Other | Independent,INFOCREATEe_W45,4,"0.409658,0.353147,0.190509,0.046686"
RELIGxPOLPARTY,RELIGxPOLPARTY :: Protestant | Democrat,INFOCREATEe_W45,4,"0.417691,0.327850,0.186803,0.067656"
RELIGxPOLPARTY,RELIGxPOLPARTY :: Protestant | Independent,INFOCREATEe_W45,4,"0.396319,0.320949,0.208845,0.073887"
RELIGxPOLPARTY,RELIGxPOLPARTY :: Protestant | Other,INFOCREATEe_W45,4,"0.361136,0.323721,0.231353,0.083790"
RELIGxPOLPARTY,RELIGxPOLPARTY :: Protestant | Republican,INFOCREATEe_W45,4,"0.452875,0.299332,0.164020,0.083773"
RELIGxPOLPARTY,RELIGxPOLPARTY :: Roman Catholic | Democrat,INFOCREATEe_W45,4,"0.438379,0.313295,0.184177,0.064149"
RELIGxPOLPARTY,RELIGxPOLPARTY :: Roman Catholic | Independent,INFOCREATEe_W45,4,"0.396074,0.313320,0.212003,0.078603"
RELIGxPOLPARTY,RELIGxPOLPARTY :: Roman Catholic | Other,INFOCREATEe_W45,4,"0.365481,0.315064,0.235972,0.083484"
RELIGxPOLPARTY,RELIGxPOLPARTY :: Roman Catholic | Republican,INFOCREATEe_W45,4,"0.482739,0.277213,0.155503,0.084545"
RELIGxPOLPARTY,RELIGxPOLPARTY :: Agnostic | Democrat,INFOOWNd_W45,2,"0.661923,0.338077"
RELIGxPOLPARTY,RELIGxPOLPARTY :: Agnostic | Independent,INFOOWNd_W45,2,"0.633410,0.366590"
RELIGxPOLPARTY,RELIGxPOLPARTY :: Agnostic | Other,INFOOWNd_W45,2,"0.607663,0.392337"
RELIGxPOLPARTY,RELIGxPOLPARTY :: Atheist | Democrat,INFOOWNd_W45,2,"0.602062,0.397938"
RELIGxPOLPARTY,RELIGxPOLPARTY :: Atheist | Independent,INFOOWNd_W45,2,"0.600188,0.399812"
RELIGxPOLPARTY,RELIGxPOLPARTY :: Atheist | Other,INFOOWNd_W45,2,"0.585101,0.414899"
RELIGxPOLPARTY,RELIGxPOLPARTY :: Jewish | Democrat,INFOOWNd_W45,2,"0.596433,0.403567"
RELIGxPOLPARTY,RELIGxPOLPARTY :: Mormon | Republican,INFOOWNd_W45,2,"0.588889,0.411111"
RELIGxPOLPARTY,RELIGxPOLPARTY :: Nothing in particular | Democrat,INFOOWNd_W45,2,"0.585101,0.414899"
RELIGxPOLPARTY,RELIGxPOLPARTY :: Nothing in particular | Independent,INFOOWNd_W45,2,"0.602062,0.397938"
RELIGxPOLPARTY,RELIGxPOLPARTY :: Nothing in particular | Other,INFOOWNd_W45,2,"0.573678,0.426322"
RELIGxPOLPARTY,RELIGxPOLPARTY :: Nothing in particular | Republican,INFOOWNd_W45,2,"0.567937,0.432063"
RELIGxPOLPARTY,RELIGxPOLPARTY :: Other | Democrat,INFOOWNd_W45,2,"0.569853,0.430147"
RELIGxPOLPARTY,RELIGxPOLPARTY :: Other | Independent,INFOOWNd_W45,2,"0.588889,0.411111"
RELIGxPOLPARTY,RELIGxPOLPARTY :: Protestant | Democrat,INFOOWNd_W45,2,"0.577495,0.422505"
RELIGxPOLPARTY,RELIGxPOLPARTY :: Protestant | Independent,INFOOWNd_W45,2,"0.585101,0.414899"
RELIGxPOLPARTY,RELIGxPOLPARTY :: Protestant | Other,INFOOWNd_W45,2,"0.566019,0.433981"
RELIGxPOLPARTY,RELIGxPOLPARTY :: Protestant | Republican,INFOOWNd_W45,2,"0.583203,0.416797"
RELIGxPOLPARTY,RELIGxPOLPARTY :: Roman Catholic | Democrat,INFOOWNd_W45,2,"0.602062,0.397938"
RELIGxPOLPARTY,RELIGxPOLPARTY :: Roman Catholic | Independent,INFOOWNd_W45,2,"0.596433,0.403567"
RELIGxPOLPARTY,RELIGxPOLPARTY :: Roman Catholic | Other,INFOOWNd_W45,2,"0.571767,0.428233"
RELIGxPOLPARTY,RELIGxPOLPARTY :: Roman Catholic | Republican,INFOOWNd_W45,2,"0.603932,0.396068"
RELIGxPOLPARTY,RELIGxPOLPARTY :: Agnostic | Democrat,INFOOWNe_W45,2,"0.773216,0.226784"
RELIGxPOLPARTY,RELIGxPOLPARTY :: Agnostic | Independent,INFOOWNe_W45,2,"0.717012,0.282988"
RELIGxPOLPARTY,RELIGxPOLPARTY :: Agnostic | Other,INFOOWNe_W45,2,"0.682574,0.317426"
RELIGxPOLPARTY,RELIGxPOLPARTY :: Atheist | Democrat,INFOOWNe_W45,2,"0.670608,0.329392"
RELIGxPOLPARTY,RELIGxPOLPARTY :: Atheist | Independent,INFOOWNe_W45,2,"0.667148,0.332852"
RELIGxPOLPARTY,RELIGxPOLPARTY :: Atheist | Other,INFOOWNe_W45,2,"0.644225,0.355775"
RELIGxPOLPARTY,RELIGxPOLPARTY :: Jewish | Democrat,INFOOWNe_W45,2,"0.680879,0.319121"
RELIGxPOLPARTY,RELIGxPOLPARTY :: Mormon | Republican,INFOOWNe_W45,2,"0.667148,0.332852"
RELIGxPOLPARTY,RELIGxPOLPARTY :: Nothing in particular | Democrat,INFOOWNe_W45,2,"0.649579,0.350421"
RELIGxPOLPARTY,RELIGxPOLPARTY :: Nothing in particular | Independent,INFOOWNe_W45,2,"0.665411,0.334589"
RELIGxPOLPARTY,RELIGxPOLPARTY :: Nothing in particular | Other,INFOOWNe_W45,2,"0.637031,0.362969"
RELIGxPOLPARTY,RELIGxPOLPARTY :: Nothing in particular | Republican,INFOOWNe_W45,2,"0.622459,0.377541"
RELIGxPOLPARTY,RELIGxPOLPARTY :: Other | Democrat,INFOOWNe_W45,2,"0.622459,0.377541"
RELIGxPOLPARTY,RELIGxPOLPARTY :: Other | Independent,INFOOWNe_W45,2,"0.638835,0.361165"
RELIGxPOLPARTY,RELIGxPOLPARTY :: Protestant | Democrat,INFOOWNe_W45,2,"0.647798,0.352202"
RELIGxPOLPARTY,RELIGxPOLPARTY :: Protestant | Independent,INFOOWNe_W45,2,"0.644225,0.355775"
RELIGxPOLPARTY,RELIGxPOLPARTY :: Protestant | Other,INFOOWNe_W45,2,"0.620622,0.379378"
RELIGxPOLPARTY,RELIGxPOLPARTY :: Protestant | Republican,INFOOWNe_W45,2,"0.649579,0.350421"
RELIGxPOLPARTY,RELIGxPOLPARTY :: Roman Catholic | Democrat,INFOOWNe_W45,2,"0.677474,0.322526"
RELIGxPOLPARTY,RELIGxPOLPARTY :: Roman Catholic | Independent,INFOOWNe_W45,2,"0.647798,0.352202"
RELIGxPOLPARTY,RELIGxPOLPARTY :: Roman Catholic | Other,INFOOWNe_W45,2,"0.616936,0.383064"
RELIGxPOLPARTY,RELIGxPOLPARTY :: Roman Catholic | Republican,INFOOWNe_W45,2,"0.674050,0.325950"
RELIGxPOLPARTY,RELIGxPOLPARTY :: Agnostic | Democrat,INFORESTRICTa_W45,2,"0.731059,0.268941"
RELIGxPOLPARTY,RELIGxPOLPARTY :: Agnostic | Independent,INFORESTRICTa_W45,2,"0.705785,0.294215"
RELIGxPOLPARTY,RELIGxPOLPARTY :: Agnostic | Other,INFORESTRICTa_W45,2,"0.661923,0.338077"
RELIGxPOLPARTY,RELIGxPOLPARTY :: Atheist | Democrat,INFORESTRICTa_W45,2,"0.658418,0.341583"
RELIGxPOLPARTY,RELIGxPOLPARTY :: Atheist | Independent,INFORESTRICTa_W45,2,"0.684264,0.315736"
RELIGxPOLPARTY,RELIGxPOLPARTY :: Atheist | Other,INFORESTRICTa_W45,2,"0.633410,0.366590"
RELIGxPOLPARTY,RELIGxPOLPARTY :: Jewish | Democrat,INFORESTRICTa_W45,2,"0.677474,0.322526"
RELIGxPOLPARTY,RELIGxPOLPARTY :: Mormon | Republican,INFORESTRICTa_W45,2,"0.679179,0.320821"
RELIGxPOLPARTY,RELIGxPOLPARTY :: Nothing in particular | Democrat,INFORESTRICTa_W45,2,"0.626124,0.373876"
RELIGxPOLPARTY,RELIGxPOLPARTY :: Nothing in particular | Independent,INFORESTRICTa_W45,2,"0.679179,0.320821"
RELIGxPOLPARTY,RELIGxPOLPARTY :: Nothing in particular | Other,INFORESTRICTa_W45,2,"0.633410,0.366590"
RELIGxPOLPARTY,RELIGxPOLPARTY :: Nothing in particular | Republican,INFORESTRICTa_W45,2,"0.618780,0.381220"
RELIGxPOLPARTY,RELIGxPOLPARTY :: Other | Democrat,INFORESTRICTa_W45,2,"0.611382,0.388618"
RELIGxPOLPARTY,RELIGxPOLPARTY :: Other | Independent,INFORESTRICTa_W45,2,"0.660172,0.339828"
RELIGxPOLPARTY,RELIGxPOLPARTY :: Protestant | Democrat,INFORESTRICTa_W45,2,"0.644225,0.355775"
RELIGxPOLPARTY,RELIGxPOLPARTY :: Protestant | Independent,INFORESTRICTa_W45,2,"0.654895,0.345105"
RELIGxPOLPARTY,RELIGxPOLPARTY :: Protestant | Other,INFORESTRICTa_W45,2,"0.615088,0.384912"
RELIGxPOLPARTY,RELIGxPOLPARTY :: Protestant | Republican,INFORESTRICTa_W45,2,"0.642432,0.357568"
RELIGxPOLPARTY,RELIGxPOLPARTY :: Roman Catholic | Democrat,INFORESTRICTa_W45,2,"0.644225,0.355775"
RELIGxPOLPARTY,RELIGxPOLPARTY :: Roman Catholic | Independent,INFORESTRICTa_W45,2,"0.644225,0.355775"
RELIGxPOLPARTY,RELIGxPOLPARTY :: Roman Catholic | Other,INFORESTRICTa_W45,2,"0.603932,0.396068"
RELIGxPOLPARTY,RELIGxPOLPARTY :: Roman Catholic | Republican,INFORESTRICTa_W45,2,"0.640636,0.359364"
RELIGxPOLPARTY,RELIGxPOLPARTY :: Agnostic | Democrat,INFORESTRICTd_W45,2,"0.861538,0.138462"
RELIGxPOLPARTY,RELIGxPOLPARTY :: Agnostic | Independent,INFORESTRICTd_W45,2,"0.847968,0.152032"
RELIGxPOLPARTY,RELIGxPOLPARTY :: Agnostic | Other,INFORESTRICTd_W45,2,"0.803174,0.196826"
RELIGxPOLPARTY,RELIGxPOLPARTY :: Atheist | Democrat,INFORESTRICTd_W45,2,"0.798187,0.201813"
RELIGxPOLPARTY,RELIGxPOLPARTY :: Atheist | Independent,INFORESTRICTd_W45,2,"0.816406,0.183594"
RELIGxPOLPARTY,RELIGxPOLPARTY :: Atheist | Other,INFORESTRICTd_W45,2,"0.770465,0.229535"
RELIGxPOLPARTY,RELIGxPOLPARTY :: Jewish | Democrat,INFORESTRICTd_W45,2,"0.825590,0.174410"
RELIGxPOLPARTY,RELIGxPOLPARTY :: Mormon | Republican,INFORESTRICTd_W45,2,"0.836555,0.163445"
RELIGxPOLPARTY,RELIGxPOLPARTY :: Nothing in particular | Democrat,INFORESTRICTd_W45,2,"0.760651,0.239349"
RELIGxPOLPARTY,RELIGxPOLPARTY :: Nothing in particular | Independent,INFORESTRICTd_W45,2,"0.827828,0.172172"
RELIGxPOLPARTY,RELIGxPOLPARTY :: Nothing in particular | Other,INFORESTRICTd_W45,2,"0.771843,0.228156"
RELIGxPOLPARTY,RELIGxPOLPARTY :: Nothing in particular | Republican,INFORESTRICTd_W45,2,"0.752013,0.247987"
RELIGxPOLPARTY,RELIGxPOLPARTY :: Other | Democrat,INFORESTRICTd_W45,2,"0.726426,0.273574"
RELIGxPOLPARTY,RELIGxPOLPARTY :: Other | Independent,INFORESTRICTd_W45,2,"0.793106,0.206894"
RELIGxPOLPARTY,RELIGxPOLPARTY :: Protestant | Democrat,INFORESTRICTd_W45,2,"0.800692,0.199308"
RELIGxPOLPARTY,RELIGxPOLPARTY :: Protestant | Independent,INFORESTRICTd_W45,2,"0.808067,0.191933"
RELIGxPOLPARTY,RELIGxPOLPARTY :: Protestant | Other,INFORESTRICTd_W45,2,"0.757794,0.242206"
RELIGxPOLPARTY,RELIGxPOLPARTY :: Protestant | Republican,INFORESTRICTd_W45,2,"0.809276,0.190724"
RELIGxPOLPARTY,RELIGxPOLPARTY :: Roman Catholic | Democrat,INFORESTRICTd_W45,2,"0.823328,0.176672"
RELIGxPOLPARTY,RELIGxPOLPARTY :: Roman Catholic | Independent,INFORESTRICTd_W45,2,"0.796925,0.203075"
RELIGxPOLPARTY,RELIGxPOLPARTY :: Roman Catholic | Other,INFORESTRICTd_W45,2,"0.750553,0.249447"
RELIGxPOLPARTY,RELIGxPOLPARTY :: Roman Catholic | Republican,INFORESTRICTd_W45,2,"0.833325,0.166675"
RELIGxPOLPARTY,RELIGxPOLPARTY :: Agnostic | Democrat,INFOWHYd_W45,3,"0.472156,0.256707,0.271137"
RELIGxPOLPARTY,RELIGxPOLPARTY :: Agnostic | Independent,INFOWHYd_W45,3,"0.457303,0.256524,0.286173"
RELIGxPOLPARTY,RELIGxPOLPARTY :: Agnostic | Other,INFOWHYd_W45,3,"0.420525,0.269399,0.310076"
RELIGxPOLPARTY,RELIGxPOLPARTY :: Atheist | Democrat,INFOWHYd_W45,3,"0.425670,0.299496,0.274833"
RELIGxPOLPARTY,RELIGxPOLPARTY :: Atheist | Independent,INFOWHYd_W45,3,"0.435382,0.290027,0.274592"
RELIGxPOLPARTY,RELIGxPOLPARTY :: Atheist | Other,INFOWHYd_W45,3,"0.402201,0.301235,0.296564"
RELIGxPOLPARTY,RELIGxPOLPARTY :: Jewish | Democrat,INFOWHYd_W45,3,"0.414460,0.296201,0.289339"
RELIGxPOLPARTY,RELIGxPOLPARTY :: Mormon | Republican,INFOWHYd_W45,3,"0.453730,0.266734,0.279535"
RELIGxPOLPARTY,RELIGxPOLPARTY :: Nothing in particular | Democrat,INFOWHYd_W45,3,"0.406691,0.309394,0.283916"
RELIGxPOLPARTY,RELIGxPOLPARTY :: Nothing in particular | Independent,INFOWHYd_W45,3,"0.417737,0.310436,0.271827"
RELIGxPOLPARTY,RELIGxPOLPARTY :: Nothing in particular | Other,INFOWHYd_W45,3,"0.387017,0.320848,0.292135"
RELIGxPOLPARTY,RELIGxPOLPARTY :: Nothing in particular | Republican,INFOWHYd_W45,3,"0.421098,0.293974,0.284929"
RELIGxPOLPARTY,RELIGxPOLPARTY :: Other | Democrat,INFOWHYd_W45,3,"0.398391,0.307853,0.293755"
RELIGxPOLPARTY,RELIGxPOLPARTY :: Other | Independent,INFOWHYd_W45,3,"0.413410,0.302457,0.284132"
RELIGxPOLPARTY,RELIGxPOLPARTY :: Protestant | Democrat,INFOWHYd_W45,3,"0.402735,0.316110,0.281154"
RELIGxPOLPARTY,RELIGxPOLPARTY :: Protestant | Independent,INFOWHYd_W45,3,"0.402025,0.310661,0.287314"
RELIGxPOLPARTY,RELIGxPOLPARTY :: Protestant | Other,INFOWHYd_W45,3,"0.373424,0.319406,0.307170"
RELIGxPOLPARTY,RELIGxPOLPARTY :: Protestant | Republican,INFOWHYd_W45,3,"0.426844,0.288817,0.284339"
RELIGxPOLPARTY,RELIGxPOLPARTY :: Roman Catholic | Democrat,INFOWHYd_W45,3,"0.405853,0.306354,0.287793"
RELIGxPOLPARTY,RELIGxPOLPARTY :: Roman Catholic | Independent,INFOWHYd_W45,3,"0.388116,0.314306,0.297579"
RELIGxPOLPARTY,RELIGxPOLPARTY :: Roman Catholic | Other,INFOWHYd_W45,3,"0.358962,0.321771,0.319267"
RELIGxPOLPARTY,RELIGxPOLPARTY :: Roman Catholic | Republican,INFOWHYd_W45,3,"0.420174,0.288781,0.291046"
RELIGxPOLPARTY,RELIGxPOLPARTY :: Agnostic | Democrat,INSTN_CHR_W92,2,"0.600188,0.399812"
RELIGxPOLPARTY,RELIGxPOLPARTY :: Agnostic | Independent,INSTN_CHR_W92,2,"0.569853,0.430147"
RELIGxPOLPARTY,RELIGxPOLPARTY :: Agnostic | Other,INSTN_CHR_W92,2,"0.529263,0.470737"
RELIGxPOLPARTY,RELIGxPOLPARTY :: Agnostic | Republican,INSTN_CHR_W92,2,"0.515620,0.484380"
RELIGxPOLPARTY,RELIGxPOLPARTY :: Atheist | Democrat,INSTN_CHR_W92,2,"0.535098,0.464902"
RELIGxPOLPARTY,RELIGxPOLPARTY :: Atheist | Independent,INSTN_CHR_W92,2,"0.533154,0.466846"
RELIGxPOLPARTY,RELIGxPOLPARTY :: Atheist | Other,INSTN_CHR_W92,2,"0.505859,0.494141"
RELIGxPOLPARTY,RELIGxPOLPARTY :: Buddhist | Democrat,INSTN_CHR_W92,2,"0.548674,0.451327"
RELIGxPOLPARTY,RELIGxPOLPARTY :: Jewish | Democrat,INSTN_CHR_W92,2,"0.538983,0.461017"
RELIGxPOLPARTY,RELIGxPOLPARTY :: Jewish | Independent,INSTN_CHR_W92,2,"0.552540,0.447460"
RELIGxPOLPARTY,RELIGxPOLPARTY :: Jewish | Republican,INSTN_CHR_W92,2,"0.511717,0.488283"
RELIGxPOLPARTY,RELIGxPOLPARTY :: Mormon | Independent,INSTN_CHR_W92,2,"0.558327,0.441673"
RELIGxPOLPARTY,RELIGxPOLPARTY :: Mormon | Republican,INSTN_CHR_W92,2,"0.521471,0.478529"
RELIGxPOLPARTY,RELIGxPOLPARTY :: Nothing in particular | Democrat,INSTN_CHR_W92,2,"0.544801,0.455199"
RELIGxPOLPARTY,RELIGxPOLPARTY :: Nothing in particular | Independent,INSTN_CHR_W92,2,"0.538983,0.461017"
RELIGxPOLPARTY,RELIGxPOLPARTY :: Nothing in particular | Other,INSTN_CHR_W92,2,"0.496094,0.503906"
RELIGxPOLPARTY,RELIGxPOLPARTY :: Nothing in particular | Republican,INSTN_CHR_W92,2,"0.509764,0.490236"
RELIGxPOLPARTY,RELIGxPOLPARTY :: Other | Democrat,INSTN_CHR_W92,2,"0.525369,0.474631"
RELIGxPOLPARTY,RELIGxPOLPARTY :: Other | Independent,INSTN_CHR_W92,2,"0.531209,0.468791"
RELIGxPOLPARTY,RELIGxPOLPARTY :: Other | Other,INSTN_CHR_W92,2,"0.488283,0.511717"
RELIGxPOLPARTY,RELIGxPOLPARTY :: Protestant | Democrat,INSTN_CHR_W92,2,"0.513668,0.486332"
RELIGxPOLPARTY,RELIGxPOLPARTY :: Protestant | Independent,INSTN_CHR_W92,2,"0.544801,0.455199"
RELIGxPOLPARTY,RELIGxPOLPARTY :: Protestant | Other,INSTN_CHR_W92,2,"0.513668,0.486332"
RELIGxPOLPARTY,RELIGxPOLPARTY :: Protestant | Refused,INSTN_CHR_W92,2,"0.523420,0.476580"
RELIGxPOLPARTY,RELIGxPOLPARTY :: Protestant | Republican,INSTN_CHR_W92,2,"0.509764,0.490236"
RELIGxPOLPARTY,RELIGxPOLPARTY :: Roman Catholic | Democrat,INSTN_CHR_W92,2,"0.501953,0.498047"
RELIGxPOLPARTY,RELIGxPOLPARTY :: Roman Catholic | Independent,INSTN_CHR_W92,2,"0.527317,0.472683"
RELIGxPOLPARTY,RELIGxPOLPARTY :: Roman Catholic | Other,INSTN_CHR_W92,2,"0.507812,0.492188"
RELIGxPOLPARTY,RELIGxPOLPARTY :: Roman Catholic | Republican,INSTN_CHR_W92,2,"0.511717,0.488283"
RELIGxPOLPARTY,RELIGxPOLPARTY :: Agnostic | Democrat,INSTN_CLGS_W92,2,"0.583203,0.416797"
RELIGxPOLPARTY,RELIGxPOLPARTY :: Agnostic | Independent,INSTN_CLGS_W92,2,"0.567937,0.432063"
RELIGxPOLPARTY,RELIGxPOLPARTY :: Agnostic | Other,INSTN_CLGS_W92,2,"0.529263,0.470737"
RELIGxPOLPARTY,RELIGxPOLPARTY :: Agnostic | Republican,INSTN_CLGS_W92,2,"0.517571,0.482429"
RELIGxPOLPARTY,RELIGxPOLPARTY :: Atheist | Democrat,INSTN_CLGS_W92,2,"0.537041,0.462959"
RELIGxPOLPARTY,RELIGxPOLPARTY :: Atheist | Independent,INSTN_CLGS_W92,2,"0.540924,0.459076"
RELIGxPOLPARTY,RELIGxPOLPARTY :: Atheist | Other,INSTN_CLGS_W92,2,"0.521471,0.478529"
RELIGxPOLPARTY,RELIGxPOLPARTY :: Buddhist | Democrat,INSTN_CLGS_W92,2,"0.538983,0.461017"
RELIGxPOLPARTY,RELIGxPOLPARTY :: Jewish | Democrat,INSTN_CLGS_W92,2,"0.531209,0.468791"
RELIGxPOLPARTY,RELIGxPOLPARTY :: Jewish | Independent,INSTN_CLGS_W92,2,"0.554470,0.445530"
RELIGxPOLPARTY,RELIGxPOLPARTY :: Jewish | Republican,INSTN_CLGS_W92,2,"0.509764,0.490236"
RELIGxPOLPARTY,RELIGxPOLPARTY :: Mormon | Independent,INSTN_CLGS_W92,2,"0.560253,0.439747"
RELIGxPOLPARTY,RELIGxPOLPARTY :: Mormon | Republican,INSTN_CLGS_W92,2,"0.521471,0.478529"
RELIGxPOLPARTY,RELIGxPOLPARTY :: Nothing in particular | Democrat,INSTN_CLGS_W92,2,"0.538983,0.461017"
RELIGxPOLPARTY,RELIGxPOLPARTY :: Nothing in particular | Independent,INSTN_CLGS_W92,2,"0.548674,0.451327"
RELIGxPOLPARTY,RELIGxPOLPARTY :: Nothing in particular | Other,INSTN_CLGS_W92,2,"0.511717,0.488283"
RELIGxPOLPARTY,RELIGxPOLPARTY :: Nothing in particular | Republican,INSTN_CLGS_W92,2,"0.515620,0.484380"
RELIGxPOLPARTY,RELIGxPOLPARTY :: Other | Democrat,INSTN_CLGS_W92,2,"0.529263,0.470737"
RELIGxPOLPARTY,RELIGxPOLPARTY :: Other | Independent,INSTN_CLGS_W92,2,"0.542863,0.457137"
RELIGxPOLPARTY,RELIGxPOLPARTY :: Other | Other,INSTN_CLGS_W92,2,"0.505859,0.494141"
RELIGxPOLPARTY,RELIGxPOLPARTY :: Protestant | Democrat,INSTN_CLGS_W92,2,"0.509764,0.490236"
RELIGxPOLPARTY,RELIGxPOLPARTY :: Protestant | Independent,INSTN_CLGS_W92,2,"0.538983,0.461017"
RELIGxPOLPARTY,RELIGxPOLPARTY :: Protestant | Other,INSTN_CLGS_W92,2,"0.507812,0.492188"
RELIGxPOLPARTY,RELIGxPOLPARTY :: Protestant | Refused,INSTN_CLGS_W92,2,"0.517571,0.482429"
RELIGxPOLPARTY,RELIGxPOLPARTY :: Protestant | Republican,INSTN_CLGS_W92,2,"0.500000,0.500000"
RELIGxPOLPARTY,RELIGxPOLPARTY :: Roman Catholic | Democrat,INSTN_CLGS_W92,2,"0.492188,0.507812"
RELIGxPOLPARTY,RELIGxPOLPARTY :: Roman Catholic | Independent,INSTN_CLGS_W92,2,"0.527317,0.472683"
RELIGxPOLPARTY,RELIGxPOLPARTY :: Roman Catholic | Other,INSTN_CLGS_W92,2,"0.503906,0.496094"
RELIGxPOLPARTY,RELIGxPOLPARTY :: Roman Catholic | Republican,INSTN_CLGS_W92,2,"0.498047,0.501953"
RELIGxPOLPARTY,RELIGxPOLPARTY :: Agnostic | Democrat,INSTN_K12_W92,2,"0.583203,0.416797"
RELIGxPOLPARTY,RELIGxPOLPARTY :: Agnostic | Independent,INSTN_K12_W92,2,"0.558327,0.441673"
RELIGxPOLPARTY,RELIGxPOLPARTY :: Agnostic | Other,INSTN_K12_W92,2,"0.523420,0.476580"
RELIGxPOLPARTY,RELIGxPOLPARTY :: Agnostic | Republican,INSTN_K12_W92,2,"0.513668,0.486332"
RELIGxPOLPARTY,RELIGxPOLPARTY :: Atheist | Democrat,INSTN_K12_W92,2,"0.535098,0.464902"
RELIGxPOLPARTY,RELIGxPOLPARTY :: Atheist | Independent,INSTN_K12_W92,2,"0.527317,0.472683"
RELIGxPOLPARTY,RELIGxPOLPARTY :: Atheist | Other,INSTN_K12_W92,2,"0.505859,0.494141"
RELIGxPOLPARTY,RELIGxPOLPARTY :: Buddhist | Democrat,INSTN_K12_W92,2,"0.538983,0.461017"
RELIGxPOLPARTY,RELIGxPOLPARTY :: Jewish | Democrat,INSTN_K12_W92,2,"0.527317,0.472683"
RELIGxPOLPARTY,RELIGxPOLPARTY :: Jewish | Independent,INSTN_K12_W92,2,"0.538983,0.461017"
RELIGxPOLPARTY,RELIGxPOLPARTY :: Jewish | Republican,INSTN_K12_W92,2,"0.503906,0.496094"
RELIGxPOLPARTY,RELIGxPOLPARTY :: Mormon | Independent,INSTN_K12_W92,2,"0.542863,0.457137"
RELIGxPOLPARTY,RELIGxPOLPARTY :: Mormon | Republican,INSTN_K12_W92,2,"0.513668,0.486332"
RELIGxPOLPARTY,RELIGxPOLPARTY :: Nothing in particular | Democrat,INSTN_K12_W92,2,"0.533154,0.466846"
RELIGxPOLPARTY,RELIGxPOLPARTY :: Nothing in particular | Independent,INSTN_K12_W92,2,"0.527317,0.472683"
RELIGxPOLPARTY,RELIGxPOLPARTY :: Nothing in particular | Other,INSTN_K12_W92,2,"0.496094,0.503906"
RELIGxPOLPARTY,RELIGxPOLPARTY :: Nothing in particular | Republican,INSTN_K12_W92,2,"0.505859,0.494141"
RELIGxPOLPARTY,RELIGxPOLPARTY :: Other | Democrat,INSTN_K12_W92,2,"0.527317,0.472683"
RELIGxPOLPARTY,RELIGxPOLPARTY :: Other | Independent,INSTN_K12_W92,2,"0.525369,0.474631"
RELIGxPOLPARTY,RELIGxPOLPARTY :: Other | Other,INSTN_K12_W92,2,"0.494141,0.505859"
RELIGxPOLPARTY,RELIGxPOLPARTY :: Protestant | Democrat,INSTN_K12_W92,2,"0.503906,0.496094"
RELIGxPOLPARTY,RELIGxPOLPARTY :: Protestant | Independent,INSTN_K12_W92,2,"0.521471,0.478529"
RELIGxPOLPARTY,RELIGxPOLPARTY :: Protestant | Other,INSTN_K12_W92,2,"0.498047,0.501953"
RELIGxPOLPARTY,RELIGxPOLPARTY :: Protestant | Refused,INSTN_K12_W92,2,"0.505859,0.494141"
RELIGxPOLPARTY,RELIGxPOLPARTY :: Protestant | Republican,INSTN_K12_W92,2,"0.490236,0.509764"
RELIGxPOLPARTY,RELIGxPOLPARTY :: Roman Catholic | Democrat,INSTN_K12_W92,2,"0.486332,0.513668"
RELIGxPOLPARTY,RELIGxPOLPARTY :: Roman Catholic | Independent,INSTN_K12_W92,2,"0.511717,0.488283"
RELIGxPOLPARTY,RELIGxPOLPARTY :: Roman Catholic | Other,INSTN_K12_W92,2,"0.490236,0.509764"
RELIGxPOLPARTY,RELIGxPOLPARTY :: Roman Catholic | Republican,INSTN_K12_W92,2,"0.488283,0.511717"
RELIGxPOLPARTY,RELIGxPOLPARTY :: Agnostic | Democrat,LEAD_W45,2,"0.627951,0.372049"
RELIGxPOLPARTY,RELIGxPOLPARTY :: Agnostic | Independent,LEAD_W45,2,"0.618780,0.381220"
RELIGxPOLPARTY,RELIGxPOLPARTY :: Agnostic | Other,LEAD_W45,2,"0.550607,0.449393"
RELIGxPOLPARTY,RELIGxPOLPARTY :: Atheist | Democrat,LEAD_W45,2,"0.546738,0.453262"
RELIGxPOLPARTY,RELIGxPOLPARTY :: Atheist | Independent,LEAD_W45,2,"0.546738,0.453262"
RELIGxPOLPARTY,RELIGxPOLPARTY :: Atheist | Other,LEAD_W45,2,"0.507812,0.492188"
RELIGxPOLPARTY,RELIGxPOLPARTY :: Jewish | Democrat,LEAD_W45,2,"0.548674,0.451327"
RELIGxPOLPARTY,RELIGxPOLPARTY :: Mormon | Republican,LEAD_W45,2,"0.488283,0.511717"
RELIGxPOLPARTY,RELIGxPOLPARTY :: Nothing in particular | Democrat,LEAD_W45,2,"0.546738,0.453262"
RELIGxPOLPARTY,RELIGxPOLPARTY :: Nothing in particular | Independent,LEAD_W45,2,"0.569853,0.430147"
RELIGxPOLPARTY,RELIGxPOLPARTY :: Nothing in particular | Other,LEAD_W45,2,"0.511717,0.488283"
RELIGxPOLPARTY,RELIGxPOLPARTY :: Nothing in particular | Republican,LEAD_W45,2,"0.484380,0.515620"
RELIGxPOLPARTY,RELIGxPOLPARTY :: Other | Democrat,LEAD_W45,2,"0.527317,0.472683"
RELIGxPOLPARTY,RELIGxPOLPARTY :: Other | Independent,LEAD_W45,2,"0.554470,0.445530"
RELIGxPOLPARTY,RELIGxPOLPARTY :: Protestant | Democrat,LEAD_W45,2,"0.542863,0.457137"
RELIGxPOLPARTY,RELIGxPOLPARTY :: Protestant | Independent,LEAD_W45,2,"0.554470,0.445530"
RELIGxPOLPARTY,RELIGxPOLPARTY :: Protestant | Other,LEAD_W45,2,"0.503906,0.496094"
RELIGxPOLPARTY,RELIGxPOLPARTY :: Protestant | Republican,LEAD_W45,2,"0.482429,0.517571"
RELIGxPOLPARTY,RELIGxPOLPARTY :: Roman Catholic | Democrat,LEAD_W45,2,"0.554470,0.445530"
RELIGxPOLPARTY,RELIGxPOLPARTY :: Roman Catholic | Independent,LEAD_W45,2,"0.562177,0.437824"
RELIGxPOLPARTY,RELIGxPOLPARTY :: Roman Catholic | Other,LEAD_W45,2,"0.511717,0.488283"
RELIGxPOLPARTY,RELIGxPOLPARTY :: Roman Catholic | Republican,LEAD_W45,2,"0.503906,0.496094"
RELIGxPOLPARTY,RELIGxPOLPARTY :: Agnostic | Democrat,LOCALPROBA_W32,3,"0.416223,0.281631,0.302146"
RELIGxPOLPARTY,RELIGxPOLPARTY :: Agnostic | Independent,LOCALPROBA_W32,3,"0.341083,0.298662,0.360255"
RELIGxPOLPARTY,RELIGxPOLPARTY :: Agnostic | Other,LOCALPROBA_W32,3,"0.331572,0.304268,0.364161"
RELIGxPOLPARTY,RELIGxPOLPARTY :: Atheist | Democrat,LOCALPROBA_W32,3,"0.330719,0.330719,0.338562"
RELIGxPOLPARTY,RELIGxPOLPARTY :: Atheist | Independent,LOCALPROBA_W32,3,"0.320308,0.327903,0.351789"
RELIGxPOLPARTY,RELIGxPOLPARTY :: Atheist | Other,LOCALPROBA_W32,3,"0.301829,0.334095,0.364076"
RELIGxPOLPARTY,RELIGxPOLPARTY :: Jewish | Democrat,LOCALPROBA_W32,3,"0.325431,0.325431,0.349137"
RELIGxPOLPARTY,RELIGxPOLPARTY :: Jewish | Independent,LOCALPROBA_W32,3,"0.307501,0.327333,0.365166"
RELIGxPOLPARTY,RELIGxPOLPARTY :: Mormon | Republican,LOCALPROBA_W32,3,"0.336819,0.290356,0.372825"
RELIGxPOLPARTY,RELIGxPOLPARTY :: Nothing in particular | Democrat,LOCALPROBA_W32,3,"0.308520,0.333590,0.357890"
RELIGxPOLPARTY,RELIGxPOLPARTY :: Nothing in particular | Independent,LOCALPROBA_W32,3,"0.277649,0.342850,0.379501"
RELIGxPOLPARTY,RELIGxPOLPARTY :: Nothing in particular | Other,LOCALPROBA_W32,3,"0.276825,0.341833,0.381342"
RELIGxPOLPARTY,RELIGxPOLPARTY :: Nothing in particular | Republican,LOCALPROBA_W32,3,"0.305976,0.313232,0.380793"
RELIGxPOLPARTY,RELIGxPOLPARTY :: Other | Democrat,LOCALPROBA_W32,3,"0.314280,0.326800,0.358920"
RELIGxPOLPARTY,RELIGxPOLPARTY :: Other | Independent,LOCALPROBA_W32,3,"0.297610,0.332008,0.370382"
RELIGxPOLPARTY,RELIGxPOLPARTY :: Protestant | Democrat,LOCALPROBA_W32,3,"0.321187,0.328804,0.350010"
RELIGxPOLPARTY,RELIGxPOLPARTY :: Protestant | Independent,LOCALPROBA_W32,3,"0.309167,0.326545,0.364288"
RELIGxPOLPARTY,RELIGxPOLPARTY :: Protestant | Other,LOCALPROBA_W32,3,"0.305743,0.325461,0.368796"
RELIGxPOLPARTY,RELIGxPOLPARTY :: Protestant | Republican,LOCALPROBA_W32,3,"0.338975,0.294506,0.366519"
RELIGxPOLPARTY,RELIGxPOLPARTY :: Roman Catholic | Democrat,LOCALPROBA_W32,3,"0.330598,0.322939,0.346463"
RELIGxPOLPARTY,RELIGxPOLPARTY :: Roman Catholic | Independent,LOCALPROBA_W32,3,"0.305743,0.325461,0.368796"
RELIGxPOLPARTY,RELIGxPOLPARTY :: Roman Catholic | Other,LOCALPROBA_W32,3,"0.305633,0.322812,0.371555"
RELIGxPOLPARTY,RELIGxPOLPARTY :: Roman Catholic | Republican,LOCALPROBA_W32,3,"0.347908,0.281745,0.370347"
RELIGxPOLPARTY,RELIGxPOLPARTY :: Agnostic | Democrat,LOCALPROBB_W32,3,"0.434393,0.273969,0.291638"
RELIGxPOLPARTY,RELIGxPOLPARTY :: Agnostic | Independent,LOCALPROBB_W32,3,"0.373252,0.299917,0.326831"
RELIGxPOLPARTY,RELIGxPOLPARTY :: Agnostic | Other,LOCALPROBB_W32,3,"0.350352,0.302022,0.347626"
RELIGxPOLPARTY,RELIGxPOLPARTY :: Atheist | Democrat,LOCALPROBB_W32,3,"0.350907,0.327082,0.322011"
RELIGxPOLPARTY,RELIGxPOLPARTY :: Atheist | Independent,LOCALPROBB_W32,3,"0.348248,0.327149,0.324603"
RELIGxPOLPARTY,RELIGxPOLPARTY :: Atheist | Other,LOCALPROBB_W32,3,"0.320401,0.333164,0.346436"
RELIGxPOLPARTY,RELIGxPOLPARTY :: Jewish | Democrat,LOCALPROBB_W32,3,"0.347357,0.323772,0.328871"
RELIGxPOLPARTY,RELIGxPOLPARTY :: Jewish | Independent,LOCALPROBB_W32,3,"0.332451,0.329863,0.337686"
RELIGxPOLPARTY,RELIGxPOLPARTY :: Mormon | Republican,LOCALPROBB_W32,3,"0.363737,0.294563,0.341699"
RELIGxPOLPARTY,RELIGxPOLPARTY :: Nothing in particular | Democrat,LOCALPROBB_W32,3,"0.330719,0.330719,0.338562"
RELIGxPOLPARTY,RELIGxPOLPARTY :: Nothing in particular | Independent,LOCALPROBB_W32,3,"0.311995,0.342659,0.345346"
RELIGxPOLPARTY,RELIGxPOLPARTY :: Nothing in particular | Other,LOCALPROBB_W32,3,"0.299502,0.342042,0.358457"
RELIGxPOLPARTY,RELIGxPOLPARTY :: Nothing in particular | Republican,LOCALPROBB_W32,3,"0.325191,0.317658,0.357152"
RELIGxPOLPARTY,RELIGxPOLPARTY :: Other | Democrat,LOCALPROBB_W32,3,"0.331539,0.326399,0.342063"
RELIGxPOLPARTY,RELIGxPOLPARTY :: Other | Independent,LOCALPROBB_W32,3,"0.322939,0.330598,0.346463"
RELIGxPOLPARTY,RELIGxPOLPARTY :: Protestant | Democrat,LOCALPROBB_W32,3,"0.344710,0.326365,0.328925"
RELIGxPOLPARTY,RELIGxPOLPARTY :: Protestant | Independent,LOCALPROBB_W32,3,"0.337672,0.327283,0.335045"
RELIGxPOLPARTY,RELIGxPOLPARTY :: Protestant | Other,LOCALPROBB_W32,3,"0.325431,0.325431,0.349137"
RELIGxPOLPARTY,RELIGxPOLPARTY :: Protestant | Republican,LOCALPROBB_W32,3,"0.359294,0.297865,0.342841"
RELIGxPOLPARTY,RELIGxPOLPARTY :: Roman Catholic | Democrat,LOCALPROBB_W32,3,"0.356243,0.316849,0.326907"
RELIGxPOLPARTY,RELIGxPOLPARTY :: Roman Catholic | Independent,LOCALPROBB_W32,3,"0.335011,0.324703,0.340286"
RELIGxPOLPARTY,RELIGxPOLPARTY :: Roman Catholic | Other,LOCALPROBB_W32,3,"0.323572,0.321054,0.355374"
RELIGxPOLPARTY,RELIGxPOLPARTY :: Roman Catholic | Republican,LOCALPROBB_W32,3,"0.370531,0.284096,0.345373"
RELIGxPOLPARTY,RELIGxPOLPARTY :: Agnostic | Democrat,LOCALPROBH_W32,3,"0.469993,0.291826,0.238181"
RELIGxPOLPARTY,RELIGxPOLPARTY :: Agnostic | Independent,LOCALPROBH_W32,3,"0.392497,0.320347,0.287157"
RELIGxPOLPARTY,RELIGxPOLPARTY :: Agnostic | Other,LOCALPROBH_W32,3,"0.363406,0.325755,0.310838"
RELIGxPOLPARTY,RELIGxPOLPARTY :: Atheist | Democrat,LOCALPROBH_W32,3,"0.370955,0.351213,0.277832"
RELIGxPOLPARTY,RELIGxPOLPARTY :: Atheist | Independent,LOCALPROBH_W32,3,"0.364898,0.350919,0.284183"
RELIGxPOLPARTY,RELIGxPOLPARTY :: Atheist | Other,LOCALPROBH_W32,3,"0.330247,0.357082,0.312671"
RELIGxPOLPARTY,RELIGxPOLPARTY :: Jewish | Democrat,LOCALPROBH_W32,3,"0.365081,0.348363,0.286556"
RELIGxPOLPARTY,RELIGxPOLPARTY :: Jewish | Independent,LOCALPROBH_W32,3,"0.343273,0.351414,0.305313"
RELIGxPOLPARTY,RELIGxPOLPARTY :: Mormon | Republican,LOCALPROBH_W32,3,"0.377985,0.318295,0.303720"
RELIGxPOLPARTY,RELIGxPOLPARTY :: Nothing in particular | Democrat,LOCALPROBH_W32,3,"0.343802,0.357498,0.298700"
RELIGxPOLPARTY,RELIGxPOLPARTY :: Nothing in particular | Independent,LOCALPROBH_W32,3,"0.317710,0.374354,0.307935"
RELIGxPOLPARTY,RELIGxPOLPARTY :: Nothing in particular | Other,LOCALPROBH_W32,3,"0.299150,0.372298,0.328552"
RELIGxPOLPARTY,RELIGxPOLPARTY :: Nothing in particular | Republican,LOCALPROBH_W32,3,"0.331539,0.342063,0.326399"
RELIGxPOLPARTY,RELIGxPOLPARTY :: Other | Democrat,LOCALPROBH_W32,3,"0.345154,0.347861,0.306986"
RELIGxPOLPARTY,RELIGxPOLPARTY :: Other | Independent,LOCALPROBH_W32,3,"0.331052,0.357953,0.310995"
RELIGxPOLPARTY,RELIGxPOLPARTY :: Protestant | Democrat,LOCALPROBH_W32,3,"0.362455,0.348570,0.288975"
RELIGxPOLPARTY,RELIGxPOLPARTY :: Protestant | Independent,LOCALPROBH_W32,3,"0.349524,0.346804,0.303672"
RELIGxPOLPARTY,RELIGxPOLPARTY :: Protestant | Other,LOCALPROBH_W32,3,"0.330652,0.343823,0.325525"
RELIGxPOLPARTY,RELIGxPOLPARTY :: Protestant | Republican,LOCALPROBH_W32,3,"0.372526,0.318639,0.308835"
RELIGxPOLPARTY,RELIGxPOLPARTY :: Roman Catholic | Democrat,LOCALPROBH_W32,3,"0.378855,0.339604,0.281541"
RELIGxPOLPARTY,RELIGxPOLPARTY :: Roman Catholic | Independent,LOCALPROBH_W32,3,"0.352250,0.344091,0.303659"
RELIGxPOLPARTY,RELIGxPOLPARTY :: Roman Catholic | Other,LOCALPROBH_W32,3,"0.329809,0.342948,0.327243"
RELIGxPOLPARTY,RELIGxPOLPARTY :: Roman Catholic | Republican,LOCALPROBH_W32,3,"0.390991,0.304504,0.304504"
RELIGxPOLPARTY,RELIGxPOLPARTY :: Agnostic | Democrat,LWPSP_W50,2,"0.600188,0.399812"
RELIGxPOLPARTY,RELIGxPOLPARTY :: Agnostic | Independent,LWPSP_W50,2,"0.569853,0.430147"
RELIGxPOLPARTY,RELIGxPOLPARTY :: Agnostic | Other,LWPSP_W50,2,"0.538983,0.461017"
RELIGxPOLPARTY,RELIGxPOLPARTY :: Agnostic | Republican,LWPSP_W50,2,"0.554470,0.445530"
RELIGxPOLPARTY,RELIGxPOLPARTY :: Atheist | Democrat,LWPSP_W50,2,"0.542863,0.457137"
RELIGxPOLPARTY,RELIGxPOLPARTY :: Atheist | Independent,LWPSP_W50,2,"0.550607,0.449393"
RELIGxPOLPARTY,RELIGxPOLPARTY :: Atheist | Other,LWPSP_W50,2,"0.527317,0.472683"
RELIGxPOLPARTY,RELIGxPOLPARTY :: Buddhist | Democrat,LWPSP_W50,2,"0.537041,0.462959"
RELIGxPOLPARTY,RELIGxPOLPARTY :: Jewish | Democrat,LWPSP_W50,2,"0.537041,0.462959"
RELIGxPOLPARTY,RELIGxPOLPARTY :: Jewish | Independent,LWPSP_W50,2,"0.542863,0.457137"
RELIGxPOLPARTY,RELIGxPOLPARTY :: Jewish | Republican,LWPSP_W50,2,"0.533154,0.466846"
RELIGxPOLPARTY,RELIGxPOLPARTY :: Mormon | Democrat,LWPSP_W50,2,"0.531209,0.468791"
RELIGxPOLPARTY,RELIGxPOLPARTY :: Mormon | Independent,LWPSP_W50,2,"0.546738,0.453262"
RELIGxPOLPARTY,RELIGxPOLPARTY :: Mormon | Republican,LWPSP_W50,2,"0.564098,0.435902"
RELIGxPOLPARTY,RELIGxPOLPARTY :: Nothing in particular | Democrat,LWPSP_W50,2,"0.535098,0.464902"
RELIGxPOLPARTY,RELIGxPOLPARTY :: Nothing in particular | Independent,LWPSP_W50,2,"0.535098,0.464902"
RELIGxPOLPARTY,RELIGxPOLPARTY :: Nothing in particular | Other,LWPSP_W50,2,"0.503906,0.496094"
RELIGxPOLPARTY,RELIGxPOLPARTY :: Nothing in particular | Republican,LWPSP_W50,2,"0.527317,0.472683"
RELIGxPOLPARTY,RELIGxPOLPARTY :: Other | Democrat,LWPSP_W50,2,"0.531209,0.468791"
RELIGxPOLPARTY,RELIGxPOLPARTY :: Other | Independent,LWPSP_W50,2,"0.542863,0.457137"
RELIGxPOLPARTY,RELIGxPOLPARTY :: Other | Other,LWPSP_W50,2,"0.511717,0.488283"
RELIGxPOLPARTY,RELIGxPOLPARTY :: Protestant | Democrat,LWPSP_W50,2,"0.523420,0.476580"
RELIGxPOLPARTY,RELIGxPOLPARTY :: Protestant | Independent,LWPSP_W50,2,"0.535098,0.464902"
RELIGxPOLPARTY,RELIGxPOLPARTY :: Protestant | Other,LWPSP_W50,2,"0.503906,0.496094"
RELIGxPOLPARTY,RELIGxPOLPARTY :: Protestant | Refused,LWPSP_W50,2,"0.496094,0.503906"
RELIGxPOLPARTY,RELIGxPOLPARTY :: Protestant | Republican,LWPSP_W50,2,"0.527317,0.472683"
RELIGxPOLPARTY,RELIGxPOLPARTY :: Roman Catholic | Democrat,LWPSP_W50,2,"0.538983,0.461017"
RELIGxPOLPARTY,RELIGxPOLPARTY :: Roman Catholic | Independent,LWPSP_W50,2,"0.538983,0.461017"
RELIGxPOLPARTY,RELIGxPOLPARTY :: Roman Catholic | Other,LWPSP_W50,2,"0.507812,0.492188"
RELIGxPOLPARTY,RELIGxPOLPARTY :: Roman Catholic | Republican,LWPSP_W50,2,"0.538983,0.461017"
RELIGxPOLPARTY,RELIGxPOLPARTY :: Agnostic | Democrat,MADEUPDIS_W45,4,"0.325051,0.251180,0.255135,0.168634"
RELIGxPOLPARTY,RELIGxPOLPARTY :: Agnostic | Independent,MADEUPDIS_W45,4,"0.267169,0.275650,0.277812,0.179369"
RELIGxPOLPARTY,RELIGxPOLPARTY :: Agnostic | Other,MADEUPDIS_W45,4,"0.249873,0.270177,0.289857,0.190093"
RELIGxPOLPARTY,RELIGxPOLPARTY :: Atheist | Democrat,MADEUPDIS_W45,4,"0.264250,0.292498,0.272638,0.170613"
RELIGxPOLPARTY,RELIGxPOLPARTY :: Atheist | Independent,MADEUPDIS_W45,4,"0.253225,0.317616,0.280295,0.148864"
RELIGxPOLPARTY,RELIGxPOLPARTY :: Atheist | Other,MADEUPDIS_W45,4,"0.233174,0.304117,0.294760,0.167949"
RELIGxPOLPARTY,RELIGxPOLPARTY :: Jewish | Democrat,MADEUPDIS_W45,4,"0.253330,0.273915,0.273915,0.198841"
RELIGxPOLPARTY,RELIGxPOLPARTY :: Mormon | Republican,MADEUPDIS_W45,4,"0.282945,0.267887,0.272106,0.177062"
RELIGxPOLPARTY,RELIGxPOLPARTY :: Nothing in particular | Democrat,MADEUPDIS_W45,4,"0.250549,0.295218,0.275174,0.179059"
RELIGxPOLPARTY,RELIGxPOLPARTY :: Nothing in particular | Independent,MADEUPDIS_W45,4,"0.226865,0.319931,0.293585,0.159619"
RELIGxPOLPARTY,RELIGxPOLPARTY :: Nothing in particular | Other,MADEUPDIS_W45,4,"0.216140,0.312034,0.304806,0.167020"
RELIGxPOLPARTY,RELIGxPOLPARTY :: Nothing in particular | Republican,MADEUPDIS_W45,4,"0.245480,0.278165,0.276000,0.200355"
RELIGxPOLPARTY,RELIGxPOLPARTY :: Other | Democrat,MADEUPDIS_W45,4,"0.256933,0.286630,0.271375,0.185062"
RELIGxPOLPARTY,RELIGxPOLPARTY :: Other | Independent,MADEUPDIS_W45,4,"0.238598,0.303982,0.285564,0.171856"
RELIGxPOLPARTY,RELIGxPOLPARTY :: Protestant | Democrat,MADEUPDIS_W45,4,"0.256505,0.286152,0.266723,0.190619"
RELIGxPOLPARTY,RELIGxPOLPARTY :: Protestant | Independent,MADEUPDIS_W45,4,"0.249879,0.292138,0.276591,0.181393"
RELIGxPOLPARTY,RELIGxPOLPARTY :: Protestant | Other,MADEUPDIS_W45,4,"0.237896,0.284725,0.284725,0.192654"
RELIGxPOLPARTY,RELIGxPOLPARTY :: Protestant | Republican,MADEUPDIS_W45,4,"0.261159,0.259126,0.263207,0.216508"
RELIGxPOLPARTY,RELIGxPOLPARTY :: Roman Catholic | Democrat,MADEUPDIS_W45,4,"0.277047,0.285842,0.258236,0.178875"
RELIGxPOLPARTY,RELIGxPOLPARTY :: Roman Catholic | Independent,MADEUPDIS_W45,4,"0.258503,0.292922,0.270909,0.177666"
RELIGxPOLPARTY,RELIGxPOLPARTY :: Roman Catholic | Other,MADEUPDIS_W45,4,"0.247774,0.282966,0.280764,0.188496"
RELIGxPOLPARTY,RELIGxPOLPARTY :: Roman Catholic | Republican,MADEUPDIS_W45,4,"0.287767,0.251977,0.248070,0.212186"
RELIGxPOLPARTY,RELIGxPOLPARTY :: Agnostic | Democrat,MADEUPRESc_W45,2,"0.793106,0.206894"
RELIGxPOLPARTY,RELIGxPOLPARTY :: Agnostic | Independent,MADEUPRESc_W45,2,"0.791821,0.208179"
RELIGxPOLPARTY,RELIGxPOLPARTY :: Agnostic | Other,MADEUPRESc_W45,2,"0.746139,0.253861"
RELIGxPOLPARTY,RELIGxPOLPARTY :: Atheist | Democrat,MADEUPRESc_W45,2,"0.753467,0.246533"
RELIGxPOLPARTY,RELIGxPOLPARTY :: Atheist | Independent,MADEUPRESc_W45,2,"0.781331,0.218669"
RELIGxPOLPARTY,RELIGxPOLPARTY :: Atheist | Other,MADEUPRESc_W45,2,"0.735642,0.264358"
RELIGxPOLPARTY,RELIGxPOLPARTY :: Jewish | Democrat,MADEUPRESc_W45,2,"0.756358,0.243642"
RELIGxPOLPARTY,RELIGxPOLPARTY :: Mormon | Republican,MADEUPRESc_W45,2,"0.752013,0.247987"
RELIGxPOLPARTY,RELIGxPOLPARTY :: Nothing in particular | Democrat,MADEUPRESc_W45,2,"0.712232,0.287768"
RELIGxPOLPARTY,RELIGxPOLPARTY :: Nothing in particular | Independent,MADEUPRESc_W45,2,"0.749087,0.250913"
RELIGxPOLPARTY,RELIGxPOLPARTY :: Nothing in particular | Other,MADEUPRESc_W45,2,"0.705785,0.294215"
RELIGxPOLPARTY,RELIGxPOLPARTY :: Nothing in particular | Republican,MADEUPRESc_W45,2,"0.699254,0.300746"
RELIGxPOLPARTY,RELIGxPOLPARTY :: Other | Democrat,MADEUPRESc_W45,2,"0.702530,0.297470"
RELIGxPOLPARTY,RELIGxPOLPARTY :: Other | Independent,MADEUPRESc_W45,2,"0.738669,0.261331"
RELIGxPOLPARTY,RELIGxPOLPARTY :: Protestant | Democrat,MADEUPRESc_W45,2,"0.720172,0.279829"
RELIGxPOLPARTY,RELIGxPOLPARTY :: Protestant | Independent,MADEUPRESc_W45,2,"0.721743,0.278257"
RELIGxPOLPARTY,RELIGxPOLPARTY :: Protestant | Other,MADEUPRESc_W45,2,"0.679179,0.320821"
RELIGxPOLPARTY,RELIGxPOLPARTY :: Protestant | Republican,MADEUPRESc_W45,2,"0.723310,0.276691"
RELIGxPOLPARTY,RELIGxPOLPARTY :: Roman Catholic | Democrat,MADEUPRESc_W45,2,"0.773216,0.226784"
RELIGxPOLPARTY,RELIGxPOLPARTY :: Roman Catholic | Independent,MADEUPRESc_W45,2,"0.731059,0.268941"
RELIGxPOLPARTY,RELIGxPOLPARTY :: Roman Catholic | Other,MADEUPRESc_W45,2,"0.685949,0.314051"
RELIGxPOLPARTY,RELIGxPOLPARTY :: Roman Catholic | Republican,MADEUPRESc_W45,2,"0.767690,0.232310"
RELIGxPOLPARTY,RELIGxPOLPARTY :: Agnostic | Democrat,MADEUPSMCLICK_W45,5,"0.190236,0.148156,0.227683,0.262061,0.171864"
RELIGxPOLPARTY,RELIGxPOLPARTY :: Agnostic | Independent,MADEUPSMCLICK_W45,5,"0.139858,0.151223,0.247384,0.284737,0.176797"
RELIGxPOLPARTY,RELIGxPOLPARTY :: Agnostic | Other,MADEUPSMCLICK_W45,5,"0.145895,0.151707,0.258061,0.264181,0.180156"
RELIGxPOLPARTY,RELIGxPOLPARTY :: Atheist | Democrat,MADEUPSMCLICK_W45,5,"0.149711,0.168325,0.248768,0.277521,0.155675"
RELIGxPOLPARTY,RELIGxPOLPARTY :: Atheist | Independent,MADEUPSMCLICK_W45,5,"0.142553,0.187383,0.256122,0.262195,0.151747"
RELIGxPOLPARTY,RELIGxPOLPARTY :: Atheist | Other,MADEUPSMCLICK_W45,5,"0.139478,0.181913,0.266758,0.252562,0.159289"
RELIGxPOLPARTY,RELIGxPOLPARTY :: Jewish | Democrat,MADEUPSMCLICK_W45,5,"0.143820,0.155507,0.233443,0.295100,0.172130"
RELIGxPOLPARTY,RELIGxPOLPARTY :: Mormon | Republican,MADEUPSMCLICK_W45,5,"0.172589,0.155921,0.203359,0.234065,0.234065"
RELIGxPOLPARTY,RELIGxPOLPARTY :: Nothing in particular | Democrat,MADEUPSMCLICK_W45,5,"0.147818,0.174172,0.247548,0.271878,0.158585"
RELIGxPOLPARTY,RELIGxPOLPARTY :: Nothing in particular | Independent,MADEUPSMCLICK_W45,5,"0.123013,0.173476,0.270793,0.277214,0.155503"
RELIGxPOLPARTY,RELIGxPOLPARTY :: Nothing in particular | Other,MADEUPSMCLICK_W45,5,"0.123901,0.178871,0.281404,0.254227,0.161597"
RELIGxPOLPARTY,RELIGxPOLPARTY :: Nothing in particular | Republican,MADEUPSMCLICK_W45,5,"0.151771,0.174688,0.231424,0.256163,0.185954"
RELIGxPOLPARTY,RELIGxPOLPARTY :: Other | Democrat,MADEUPSMCLICK_W45,5,"0.156520,0.173252,0.231322,0.268339,0.170566"
RELIGxPOLPARTY,RELIGxPOLPARTY :: Other | Independent,MADEUPSMCLICK_W45,5,"0.137410,0.175065,0.246881,0.266942,0.173702"
RELIGxPOLPARTY,RELIGxPOLPARTY :: Protestant | Democrat,MADEUPSMCLICK_W45,5,"0.147777,0.168767,0.225334,0.282632,0.175490"
RELIGxPOLPARTY,RELIGxPOLPARTY :: Protestant | Independent,MADEUPSMCLICK_W45,5,"0.141537,0.169398,0.235186,0.274960,0.178920"
RELIGxPOLPARTY,RELIGxPOLPARTY :: Protestant | Other,MADEUPSMCLICK_W45,5,"0.144457,0.172892,0.241920,0.259542,0.181189"
RELIGxPOLPARTY,RELIGxPOLPARTY :: Protestant | Republican,MADEUPSMCLICK_W45,5,"0.161357,0.163898,0.210449,0.261908,0.202387"
RELIGxPOLPARTY,RELIGxPOLPARTY :: Roman Catholic | Democrat,MADEUPSMCLICK_W45,5,"0.139014,0.145686,0.232805,0.310835,0.171660"
RELIGxPOLPARTY,RELIGxPOLPARTY :: Roman Catholic | Independent,MADEUPSMCLICK_W45,5,"0.132916,0.155394,0.238806,0.299530,0.173355"
RELIGxPOLPARTY,RELIGxPOLPARTY :: Roman Catholic | Other,MADEUPSMCLICK_W45,5,"0.139683,0.160774,0.254916,0.273485,0.171143"
RELIGxPOLPARTY,RELIGxPOLPARTY :: Roman Catholic | Republican,MADEUPSMCLICK_W45,5,"0.157838,0.139291,0.209101,0.281376,0.212394"
RELIGxPOLPARTY,RELIGxPOLPARTY :: Agnostic | Democrat,MADEUPTOPICb_W45,4,"0.449670,0.268510,0.197987,0.083833"
RELIGxPOLPARTY,RELIGxPOLPARTY :: Agnostic | Independent,MADEUPTOPICb_W45,4,"0.443283,0.281768,0.196706,0.078244"
RELIGxPOLPARTY,RELIGxPOLPARTY :: Agnostic | Other,MADEUPTOPICb_W45,4,"0.406997,0.290868,0.216155,0.085980"
RELIGxPOLPARTY,RELIGxPOLPARTY :: Atheist | Democrat,MADEUPTOPICb_W45,4,"0.414955,0.310787,0.203819,0.070438"
RELIGxPOLPARTY,RELIGxPOLPARTY :: Atheist | Independent,MADEUPTOPICb_W45,4,"0.425051,0.320845,0.196129,0.057976"
RELIGxPOLPARTY,RELIGxPOLPARTY :: Atheist | Other,MADEUPTOPICb_W45,4,"0.391172,0.324293,0.216026,0.068509"
RELIGxPOLPARTY,RELIGxPOLPARTY :: Jewish | Democrat,MADEUPTOPICb_W45,4,"0.399386,0.299126,0.208824,0.092665"
RELIGxPOLPARTY,RELIGxPOLPARTY :: Mormon | Republican,MADEUPTOPICb_W45,4,"0.455936,0.301355,0.178547,0.064162"
RELIGxPOLPARTY,RELIGxPOLPARTY :: Nothing in particular | Democrat,MADEUPTOPICb_W45,4,"0.399519,0.321022,0.207268,0.072192"
RELIGxPOLPARTY,RELIGxPOLPARTY :: Nothing in particular | Independent,MADEUPTOPICb_W45,4,"0.407343,0.337699,0.198523,0.056435"
RELIGxPOLPARTY,RELIGxPOLPARTY :: Nothing in particular | Other,MADEUPTOPICb_W45,4,"0.375788,0.347547,0.215797,0.060868"
RELIGxPOLPARTY,RELIGxPOLPARTY :: Nothing in particular | Republican,MADEUPTOPICb_W45,4,"0.408799,0.323387,0.191600,0.076213"
RELIGxPOLPARTY,RELIGxPOLPARTY :: Other | Democrat,MADEUPTOPICb_W45,4,"0.404719,0.310309,0.208331,0.076641"
RELIGxPOLPARTY,RELIGxPOLPARTY :: Other | Independent,MADEUPTOPICb_W45,4,"0.414765,0.323019,0.200567,0.061649"
RELIGxPOLPARTY,RELIGxPOLPARTY :: Protestant | Democrat,MADEUPTOPICb_W45,4,"0.400337,0.309357,0.207692,0.082614"
RELIGxPOLPARTY,RELIGxPOLPARTY :: Protestant | Independent,MADEUPTOPICb_W45,4,"0.385124,0.311883,0.217729,0.085264"
RELIGxPOLPARTY,RELIGxPOLPARTY :: Protestant | Other,MADEUPTOPICb_W45,4,"0.357938,0.310982,0.234742,0.096338"
RELIGxPOLPARTY,RELIGxPOLPARTY :: Protestant | Republican,MADEUPTOPICb_W45,4,"0.408620,0.301297,0.194532,0.095551"
RELIGxPOLPARTY,RELIGxPOLPARTY :: Roman Catholic | Democrat,MADEUPTOPICb_W45,4,"0.422638,0.297363,0.201206,0.078793"
RELIGxPOLPARTY,RELIGxPOLPARTY :: Roman Catholic | Independent,MADEUPTOPICb_W45,4,"0.393769,0.304281,0.214088,0.087862"
RELIGxPOLPARTY,RELIGxPOLPARTY :: Roman Catholic | Other,MADEUPTOPICb_W45,4,"0.365010,0.302604,0.235668,0.096718"
RELIGxPOLPARTY,RELIGxPOLPARTY :: Roman Catholic | Republican,MADEUPTOPICb_W45,4,"0.428541,0.283248,0.187216,0.100995"
RELIGxPOLPARTY,RELIGxPOLPARTY :: Agnostic | Democrat,MAN1D_W29,4,"0.349673,0.224009,0.251860,0.174458"
RELIGxPOLPARTY,RELIGxPOLPARTY :: Agnostic | Independent,MAN1D_W29,4,"0.302767,0.249049,0.275672,0.172511"
RELIGxPOLPARTY,RELIGxPOLPARTY :: Agnostic | Other,MAN1D_W29,4,"0.289738,0.249769,0.287483,0.173010"
RELIGxPOLPARTY,RELIGxPOLPARTY :: Atheist | Democrat,MAN1D_W29,4,"0.291814,0.272001,0.276284,0.159901"
RELIGxPOLPARTY,RELIGxPOLPARTY :: Atheist | Independent,MAN1D_W29,4,"0.285796,0.285796,0.283572,0.144835"
RELIGxPOLPARTY,RELIGxPOLPARTY :: Atheist | Other,MAN1D_W29,4,"0.270062,0.283022,0.296605,0.150312"
RELIGxPOLPARTY,RELIGxPOLPARTY :: Jewish | Democrat,MAN1D_W29,4,"0.286633,0.256937,0.275653,0.180777"
RELIGxPOLPARTY,RELIGxPOLPARTY :: Mormon | Independent,MAN1D_W29,4,"0.283656,0.272790,0.288123,0.155431"
RELIGxPOLPARTY,RELIGxPOLPARTY :: Mormon | Republican,MAN1D_W29,4,"0.324557,0.260789,0.264896,0.149758"
RELIGxPOLPARTY,RELIGxPOLPARTY :: Nothing in particular | Democrat,MAN1D_W29,4,"0.280089,0.267263,0.280089,0.172558"
RELIGxPOLPARTY,RELIGxPOLPARTY :: Nothing in particular | Independent,MAN1D_W29,4,"0.264485,0.281542,0.299700,0.154273"
RELIGxPOLPARTY,RELIGxPOLPARTY :: Nothing in particular | Other,MAN1D_W29,4,"0.255753,0.285313,0.310916,0.148018"
RELIGxPOLPARTY,RELIGxPOLPARTY :: Nothing in particular | Republican,MAN1D_W29,4,"0.295911,0.271543,0.265253,0.167293"
RELIGxPOLPARTY,RELIGxPOLPARTY :: Other | Democrat,MAN1D_W29,4,"0.283724,0.268624,0.272855,0.174797"
RELIGxPOLPARTY,RELIGxPOLPARTY :: Other | Independent,MAN1D_W29,4,"0.272643,0.279109,0.287969,0.160279"
RELIGxPOLPARTY,RELIGxPOLPARTY :: Protestant | Democrat,MAN1D_W29,4,"0.288227,0.270764,0.272888,0.168121"
RELIGxPOLPARTY,RELIGxPOLPARTY :: Protestant | Independent,MAN1D_W29,4,"0.279774,0.277597,0.281968,0.160661"
RELIGxPOLPARTY,RELIGxPOLPARTY :: Protestant | Other,MAN1D_W29,4,"0.271472,0.273601,0.288980,0.165947"
RELIGxPOLPARTY,RELIGxPOLPARTY :: Protestant | Republican,MAN1D_W29,4,"0.315824,0.265951,0.251797,0.166428"
RELIGxPOLPARTY,RELIGxPOLPARTY :: Roman Catholic | Democrat,MAN1D_W29,4,"0.308309,0.261659,0.263711,0.166320"
RELIGxPOLPARTY,RELIGxPOLPARTY :: Roman Catholic | Independent,MAN1D_W29,4,"0.285920,0.268597,0.270704,0.174779"
RELIGxPOLPARTY,RELIGxPOLPARTY :: Roman Catholic | Other,MAN1D_W29,4,"0.281872,0.264794,0.279678,0.173656"
RELIGxPOLPARTY,RELIGxPOLPARTY :: Roman Catholic | Republican,MAN1D_W29,4,"0.345016,0.248506,0.231633,0.174846"
RELIGxPOLPARTY,RELIGxPOLPARTY :: Agnostic | Democrat,MARGUN_W26,2,"0.631594,0.368406"
RELIGxPOLPARTY,RELIGxPOLPARTY :: Agnostic | Independent,MARGUN_W26,2,"0.590779,0.409221"
RELIGxPOLPARTY,RELIGxPOLPARTY :: Agnostic | Other,MARGUN_W26,2,"0.571767,0.428233"
RELIGxPOLPARTY,RELIGxPOLPARTY :: Atheist | Democrat,MARGUN_W26,2,"0.577495,0.422505"
RELIGxPOLPARTY,RELIGxPOLPARTY :: Atheist | Independent,MARGUN_W26,2,"0.577495,0.422505"
RELIGxPOLPARTY,RELIGxPOLPARTY :: Atheist | Other,MARGUN_W26,2,"0.554470,0.445530"
RELIGxPOLPARTY,RELIGxPOLPARTY :: Jewish | Democrat,MARGUN_W26,2,"0.583203,0.416797"
RELIGxPOLPARTY,RELIGxPOLPARTY :: Mormon | Republican,MARGUN_W26,2,"0.602062,0.397938"
RELIGxPOLPARTY,RELIGxPOLPARTY :: Nothing in particular | Democrat,MARGUN_W26,2,"0.564098,0.435902"
RELIGxPOLPARTY,RELIGxPOLPARTY :: Nothing in particular | Independent,MARGUN_W26,2,"0.542863,0.457137"
RELIGxPOLPARTY,RELIGxPOLPARTY :: Nothing in particular | Other,MARGUN_W26,2,"0.527317,0.472683"
RELIGxPOLPARTY,RELIGxPOLPARTY :: Nothing in particular | Republican,MARGUN_W26,2,"0.550607,0.449393"
RELIGxPOLPARTY,RELIGxPOLPARTY :: Other | Democrat,MARGUN_W26,2,"0.558327,0.441673"
RELIGxPOLPARTY,RELIGxPOLPARTY :: Other | Independent,MARGUN_W26,2,"0.548674,0.451327"
RELIGxPOLPARTY,RELIGxPOLPARTY :: Protestant | Democrat,MARGUN_W26,2,"0.558327,0.441673"
RELIGxPOLPARTY,RELIGxPOLPARTY :: Protestant | Independent,MARGUN_W26,2,"0.552540,0.447460"
RELIGxPOLPARTY,RELIGxPOLPARTY :: Protestant | Other,MARGUN_W26,2,"0.540924,0.459076"
RELIGxPOLPARTY,RELIGxPOLPARTY :: Protestant | Republican,MARGUN_W26,2,"0.575588,0.424412"
RELIGxPOLPARTY,RELIGxPOLPARTY :: Roman Catholic | Democrat,MARGUN_W26,2,"0.592667,0.407333"
RELIGxPOLPARTY,RELIGxPOLPARTY :: Roman Catholic | Independent,MARGUN_W26,2,"0.566019,0.433981"
RELIGxPOLPARTY,RELIGxPOLPARTY :: Roman Catholic | Other,MARGUN_W26,2,"0.550607,0.449393"
RELIGxPOLPARTY,RELIGxPOLPARTY :: Roman Catholic | Republican,MARGUN_W26,2,"0.607663,0.392337"
RELIGxPOLPARTY,RELIGxPOLPARTY :: Agnostic | Democrat,MASC2_W29,4,"0.366621,0.208894,0.217216,0.207269"
RELIGxPOLPARTY,RELIGxPOLPARTY :: Agnostic | Independent,MASC2_W29,4,"0.276831,0.242401,0.260059,0.220709"
RELIGxPOLPARTY,RELIGxPOLPARTY :: Agnostic | Other,MASC2_W29,4,"0.263683,0.230888,0.276337,0.229092"
RELIGxPOLPARTY,RELIGxPOLPARTY :: Atheist | Democrat,MASC2_W29,4,"0.266789,0.266789,0.248675,0.217747"
RELIGxPOLPARTY,RELIGxPOLPARTY :: Atheist | Independent,MASC2_W29,4,"0.246432,0.270652,0.260284,0.222632"
RELIGxPOLPARTY,RELIGxPOLPARTY :: Atheist | Other,MASC2_W29,4,"0.232252,0.261128,0.277969,0.228651"
RELIGxPOLPARTY,RELIGxPOLPARTY :: Jewish | Democrat,MASC2_W29,4,"0.266252,0.256052,0.248174,0.229523"
RELIGxPOLPARTY,RELIGxPOLPARTY :: Mormon | Independent,MASC2_W29,4,"0.234805,0.255876,0.274515,0.234805"
RELIGxPOLPARTY,RELIGxPOLPARTY :: Mormon | Republican,MASC2_W29,4,"0.278174,0.206722,0.245488,0.269616"
RELIGxPOLPARTY,RELIGxPOLPARTY :: Nothing in particular | Democrat,MASC2_W29,4,"0.247870,0.278688,0.259765,0.213677"
RELIGxPOLPARTY,RELIGxPOLPARTY :: Nothing in particular | Independent,MASC2_W29,4,"0.215544,0.281123,0.287789,0.215544"
RELIGxPOLPARTY,RELIGxPOLPARTY :: Nothing in particular | Other,MASC2_W29,4,"0.208899,0.268231,0.303946,0.218924"
RELIGxPOLPARTY,RELIGxPOLPARTY :: Nothing in particular | Republican,MASC2_W29,4,"0.244554,0.240762,0.262368,0.252317"
RELIGxPOLPARTY,RELIGxPOLPARTY :: Other | Democrat,MASC2_W29,4,"0.256108,0.262181,0.252137,0.229574"
RELIGxPOLPARTY,RELIGxPOLPARTY :: Other | Independent,MASC2_W29,4,"0.231116,0.257829,0.274458,0.236597"
RELIGxPOLPARTY,RELIGxPOLPARTY :: Protestant | Democrat,MASC2_W29,4,"0.261639,0.259603,0.249658,0.229099"
RELIGxPOLPARTY,RELIGxPOLPARTY :: Protestant | Independent,MASC2_W29,4,"0.247304,0.259172,0.261205,0.232320"
RELIGxPOLPARTY,RELIGxPOLPARTY :: Protestant | Other,MASC2_W29,4,"0.241999,0.251639,0.269969,0.236393"
RELIGxPOLPARTY,RELIGxPOLPARTY :: Protestant | Republican,MASC2_W29,4,"0.275721,0.223285,0.235836,0.265158"
RELIGxPOLPARTY,RELIGxPOLPARTY :: Roman Catholic | Democrat,MASC2_W29,4,"0.290174,0.254084,0.234990,0.220752"
RELIGxPOLPARTY,RELIGxPOLPARTY :: Roman Catholic | Independent,MASC2_W29,4,"0.263722,0.257612,0.247744,0.230922"
RELIGxPOLPARTY,RELIGxPOLPARTY :: Roman Catholic | Other,MASC2_W29,4,"0.257661,0.251692,0.259682,0.230966"
RELIGxPOLPARTY,RELIGxPOLPARTY :: Roman Catholic | Republican,MASC2_W29,4,"0.315679,0.220379,0.210287,0.253655"
RELIGxPOLPARTY,RELIGxPOLPARTY :: Agnostic | Democrat,MESUM1_FA_W29,2,"0.577495,0.422505"
RELIGxPOLPARTY,RELIGxPOLPARTY :: Agnostic | Independent,MESUM1_FA_W29,2,"0.523420,0.476580"
RELIGxPOLPARTY,RELIGxPOLPARTY :: Agnostic | Other,MESUM1_FA_W29,2,"0.535098,0.464902"
RELIGxPOLPARTY,RELIGxPOLPARTY :: Atheist | Democrat,MESUM1_FA_W29,2,"0.492188,0.507812"
RELIGxPOLPARTY,RELIGxPOLPARTY :: Atheist | Independent,MESUM1_FA_W29,2,"0.484380,0.515620"
RELIGxPOLPARTY,RELIGxPOLPARTY :: Atheist | Other,MESUM1_FA_W29,2,"0.507812,0.492188"
RELIGxPOLPARTY,RELIGxPOLPARTY :: Jewish | Democrat,MESUM1_FA_W29,2,"0.515620,0.484380"
RELIGxPOLPARTY,RELIGxPOLPARTY :: Mormon | Independent,MESUM1_FA_W29,2,"0.535098,0.464902"
RELIGxPOLPARTY,RELIGxPOLPARTY :: Mormon | Republican,MESUM1_FA_W29,2,"0.566019,0.433981"
RELIGxPOLPARTY,RELIGxPOLPARTY :: Nothing in particular | Democrat,MESUM1_FA_W29,2,"0.480479,0.519521"
RELIGxPOLPARTY,RELIGxPOLPARTY :: Nothing in particular | Independent,MESUM1_FA_W29,2,"0.457137,0.542863"
RELIGxPOLPARTY,RELIGxPOLPARTY :: Nothing in particular | Other,MESUM1_FA_W29,2,"0.484380,0.515620"
RELIGxPOLPARTY,RELIGxPOLPARTY :: Nothing in particular | Republican,MESUM1_FA_W29,2,"0.501953,0.498047"
RELIGxPOLPARTY,RELIGxPOLPARTY :: Other | Democrat,MESUM1_FA_W29,2,"0.484380,0.515620"
RELIGxPOLPARTY,RELIGxPOLPARTY :: Other | Independent,MESUM1_FA_W29,2,"0.480479,0.519521"
RELIGxPOLPARTY,RELIGxPOLPARTY :: Protestant | Democrat,MESUM1_FA_W29,2,"0.523420,0.476580"
RELIGxPOLPARTY,RELIGxPOLPARTY :: Protestant | Independent,MESUM1_FA_W29,2,"0.546738,0.453262"
RELIGxPOLPARTY,RELIGxPOLPARTY :: Protestant | Other,MESUM1_FA_W29,2,"0.550607,0.449393"
RELIGxPOLPARTY,RELIGxPOLPARTY :: Protestant | Republican,MESUM1_FA_W29,2,"0.583203,0.416797"
RELIGxPOLPARTY,RELIGxPOLPARTY :: Roman Catholic | Democrat,MESUM1_FA_W29,2,"0.566019,0.433981"
RELIGxPOLPARTY,RELIGxPOLPARTY :: Roman Catholic | Independent,MESUM1_FA_W29,2,"0.546738,0.453262"
RELIGxPOLPARTY,RELIGxPOLPARTY :: Roman Catholic | Other,MESUM1_FA_W29,2,"0.558327,0.441673"
RELIGxPOLPARTY,RELIGxPOLPARTY :: Roman Catholic | Republican,MESUM1_FA_W29,2,"0.616936,0.383064"
RELIGxPOLPARTY,RELIGxPOLPARTY :: Agnostic | Democrat,MESUM1_FB_W29,2,"0.886420,0.113580"
RELIGxPOLPARTY,RELIGxPOLPARTY :: Agnostic | Independent,MESUM1_FB_W29,2,"0.869715,0.130285"
RELIGxPOLPARTY,RELIGxPOLPARTY :: Agnostic | Other,MESUM1_FB_W29,2,"0.816406,0.183594"
RELIGxPOLPARTY,RELIGxPOLPARTY :: Atheist | Democrat,MESUM1_FB_W29,2,"0.827828,0.172172"
RELIGxPOLPARTY,RELIGxPOLPARTY :: Atheist | Independent,MESUM1_FB_W29,2,"0.821044,0.178956"
RELIGxPOLPARTY,RELIGxPOLPARTY :: Atheist | Other,MESUM1_FB_W29,2,"0.773216,0.226784"
RELIGxPOLPARTY,RELIGxPOLPARTY :: Jewish | Democrat,MESUM1_FB_W29,2,"0.845942,0.154058"
RELIGxPOLPARTY,RELIGxPOLPARTY :: Mormon | Independent,MESUM1_FB_W29,2,"0.839734,0.160266"
RELIGxPOLPARTY,RELIGxPOLPARTY :: Mormon | Republican,MESUM1_FB_W29,2,"0.816406,0.183594"
RELIGxPOLPARTY,RELIGxPOLPARTY :: Nothing in particular | Democrat,MESUM1_FB_W29,2,"0.762070,0.237930"
RELIGxPOLPARTY,RELIGxPOLPARTY :: Nothing in particular | Independent,MESUM1_FB_W29,2,"0.804406,0.195594"
RELIGxPOLPARTY,RELIGxPOLPARTY :: Nothing in particular | Other,MESUM1_FB_W29,2,"0.743168,0.256832"
RELIGxPOLPARTY,RELIGxPOLPARTY :: Nothing in particular | Republican,MESUM1_FB_W29,2,"0.704160,0.295840"
RELIGxPOLPARTY,RELIGxPOLPARTY :: Other | Democrat,MESUM1_FB_W29,2,"0.762070,0.237930"
RELIGxPOLPARTY,RELIGxPOLPARTY :: Other | Independent,MESUM1_FB_W29,2,"0.796925,0.203075"
RELIGxPOLPARTY,RELIGxPOLPARTY :: Protestant | Democrat,MESUM1_FB_W29,2,"0.814053,0.185947"
RELIGxPOLPARTY,RELIGxPOLPARTY :: Protestant | Independent,MESUM1_FB_W29,2,"0.798187,0.201813"
RELIGxPOLPARTY,RELIGxPOLPARTY :: Protestant | Other,MESUM1_FB_W29,2,"0.740174,0.259826"
RELIGxPOLPARTY,RELIGxPOLPARTY :: Protestant | Republican,MESUM1_FB_W29,2,"0.773216,0.226784"
RELIGxPOLPARTY,RELIGxPOLPARTY :: Roman Catholic | Democrat,MESUM1_FB_W29,2,"0.835484,0.164516"
RELIGxPOLPARTY,RELIGxPOLPARTY :: Roman Catholic | Independent,MESUM1_FB_W29,2,"0.790530,0.209470"
RELIGxPOLPARTY,RELIGxPOLPARTY :: Roman Catholic | Other,MESUM1_FB_W29,2,"0.721743,0.278257"
RELIGxPOLPARTY,RELIGxPOLPARTY :: Roman Catholic | Republican,MESUM1_FB_W29,2,"0.800692,0.199308"
RELIGxPOLPARTY,RELIGxPOLPARTY :: Agnostic | Democrat,MESUM1_FE_W29,2,"0.790530,0.209470"
RELIGxPOLPARTY,RELIGxPOLPARTY :: Agnostic | Independent,MESUM1_FE_W29,2,"0.763484,0.236516"
RELIGxPOLPARTY,RELIGxPOLPARTY :: Agnostic | Other,MESUM1_FE_W29,2,"0.721743,0.278257"
RELIGxPOLPARTY,RELIGxPOLPARTY :: Atheist | Democrat,MESUM1_FE_W29,2,"0.754915,0.245085"
RELIGxPOLPARTY,RELIGxPOLPARTY :: Atheist | Independent,MESUM1_FE_W29,2,"0.735642,0.264358"
RELIGxPOLPARTY,RELIGxPOLPARTY :: Atheist | Other,MESUM1_FE_W29,2,"0.705785,0.294215"
RELIGxPOLPARTY,RELIGxPOLPARTY :: Jewish | Democrat,MESUM1_FE_W29,2,"0.753467,0.246533"
RELIGxPOLPARTY,RELIGxPOLPARTY :: Mormon | Independent,MESUM1_FE_W29,2,"0.766294,0.233706"
RELIGxPOLPARTY,RELIGxPOLPARTY :: Mormon | Republican,MESUM1_FE_W29,2,"0.774583,0.225417"
RELIGxPOLPARTY,RELIGxPOLPARTY :: Nothing in particular | Democrat,MESUM1_FE_W29,2,"0.720172,0.279829"
RELIGxPOLPARTY,RELIGxPOLPARTY :: Nothing in particular | Independent,MESUM1_FE_W29,2,"0.732592,0.267408"
RELIGxPOLPARTY,RELIGxPOLPARTY :: Nothing in particular | Other,MESUM1_FE_W29,2,"0.692642,0.307358"
RELIGxPOLPARTY,RELIGxPOLPARTY :: Nothing in particular | Republican,MESUM1_FE_W29,2,"0.684264,0.315736"
RELIGxPOLPARTY,RELIGxPOLPARTY :: Other | Democrat,MESUM1_FE_W29,2,"0.699254,0.300746"
RELIGxPOLPARTY,RELIGxPOLPARTY :: Other | Independent,MESUM1_FE_W29,2,"0.710628,0.289372"
RELIGxPOLPARTY,RELIGxPOLPARTY :: Protestant | Democrat,MESUM1_FE_W29,2,"0.746139,0.253861"
RELIGxPOLPARTY,RELIGxPOLPARTY :: Protestant | Independent,MESUM1_FE_W29,2,"0.720172,0.279829"
RELIGxPOLPARTY,RELIGxPOLPARTY :: Protestant | Other,MESUM1_FE_W29,2,"0.682574,0.317426"
RELIGxPOLPARTY,RELIGxPOLPARTY :: Protestant | Republican,MESUM1_FE_W29,2,"0.721743,0.278257"
RELIGxPOLPARTY,RELIGxPOLPARTY :: Roman Catholic | Democrat,MESUM1_FE_W29,2,"0.785309,0.214691"
RELIGxPOLPARTY,RELIGxPOLPARTY :: Roman Catholic | Independent,MESUM1_FE_W29,2,"0.721743,0.278257"
RELIGxPOLPARTY,RELIGxPOLPARTY :: Roman Catholic | Other,MESUM1_FE_W29,2,"0.677474,0.322526"
RELIGxPOLPARTY,RELIGxPOLPARTY :: Roman Catholic | Republican,MESUM1_FE_W29,2,"0.756358,0.243642"
RELIGxPOLPARTY,RELIGxPOLPARTY :: Agnostic | Democrat,MESUM2_FD_W29,2,"0.790530,0.209470"
RELIGxPOLPARTY,RELIGxPOLPARTY :: Agnostic | Independent,MESUM2_FD_W29,2,"0.744656,0.255344"
RELIGxPOLPARTY,RELIGxPOLPARTY :: Agnostic | Other,MESUM2_FD_W29,2,"0.692642,0.307358"
RELIGxPOLPARTY,RELIGxPOLPARTY :: Atheist | Democrat,MESUM2_FD_W29,2,"0.705785,0.294215"
RELIGxPOLPARTY,RELIGxPOLPARTY :: Atheist | Independent,MESUM2_FD_W29,2,"0.692642,0.307358"
RELIGxPOLPARTY,RELIGxPOLPARTY :: Atheist | Other,MESUM2_FD_W29,2,"0.649579,0.350421"
RELIGxPOLPARTY,RELIGxPOLPARTY :: Jewish | Democrat,MESUM2_FD_W29,2,"0.710628,0.289372"
RELIGxPOLPARTY,RELIGxPOLPARTY :: Mormon | Independent,MESUM2_FD_W29,2,"0.680879,0.319121"
RELIGxPOLPARTY,RELIGxPOLPARTY :: Mormon | Republican,MESUM2_FD_W29,2,"0.668880,0.331120"
RELIGxPOLPARTY,RELIGxPOLPARTY :: Nothing in particular | Democrat,MESUM2_FD_W29,2,"0.654895,0.345105"
RELIGxPOLPARTY,RELIGxPOLPARTY :: Nothing in particular | Independent,MESUM2_FD_W29,2,"0.661923,0.338077"
RELIGxPOLPARTY,RELIGxPOLPARTY :: Nothing in particular | Other,MESUM2_FD_W29,2,"0.615088,0.384912"
RELIGxPOLPARTY,RELIGxPOLPARTY :: Nothing in particular | Republican,MESUM2_FD_W29,2,"0.611382,0.388618"
RELIGxPOLPARTY,RELIGxPOLPARTY :: Other | Democrat,MESUM2_FD_W29,2,"0.649579,0.350421"
RELIGxPOLPARTY,RELIGxPOLPARTY :: Other | Independent,MESUM2_FD_W29,2,"0.654895,0.345105"
RELIGxPOLPARTY,RELIGxPOLPARTY :: Protestant | Democrat,MESUM2_FD_W29,2,"0.658418,0.341583"
RELIGxPOLPARTY,RELIGxPOLPARTY :: Protestant | Independent,MESUM2_FD_W29,2,"0.633410,0.366590"
RELIGxPOLPARTY,RELIGxPOLPARTY :: Protestant | Other,MESUM2_FD_W29,2,"0.600188,0.399812"
RELIGxPOLPARTY,RELIGxPOLPARTY :: Protestant | Republican,MESUM2_FD_W29,2,"0.626124,0.373876"
RELIGxPOLPARTY,RELIGxPOLPARTY :: Roman Catholic | Democrat,MESUM2_FD_W29,2,"0.699254,0.300746"
RELIGxPOLPARTY,RELIGxPOLPARTY :: Roman Catholic | Independent,MESUM2_FD_W29,2,"0.661923,0.338077"
RELIGxPOLPARTY,RELIGxPOLPARTY :: Roman Catholic | Other,MESUM2_FD_W29,2,"0.613237,0.386763"
RELIGxPOLPARTY,RELIGxPOLPARTY :: Roman Catholic | Republican,MESUM2_FD_W29,2,"0.668880,0.331120"
RELIGxPOLPARTY,RELIGxPOLPARTY :: Agnostic | Democrat,MESUM2_FE_W29,2,"0.931960,0.068040"
RELIGxPOLPARTY,RELIGxPOLPARTY :: Agnostic | Independent,MESUM2_FE_W29,2,"0.921358,0.078642"
RELIGxPOLPARTY,RELIGxPOLPARTY :: Agnostic | Other,MESUM2_FE_W29,2,"0.886420,0.113580"
RELIGxPOLPARTY,RELIGxPOLPARTY :: Atheist | Democrat,MESUM2_FE_W29,2,"0.889529,0.110471"
RELIGxPOLPARTY,RELIGxPOLPARTY :: Atheist | Independent,MESUM2_FE_W29,2,"0.892563,0.107437"
RELIGxPOLPARTY,RELIGxPOLPARTY :: Atheist | Other,MESUM2_FE_W29,2,"0.853913,0.146087"
RELIGxPOLPARTY,RELIGxPOLPARTY :: Jewish | Democrat,MESUM2_FE_W29,2,"0.905990,0.094010"
RELIGxPOLPARTY,RELIGxPOLPARTY :: Mormon | Independent,MESUM2_FE_W29,2,"0.894052,0.105948"
RELIGxPOLPARTY,RELIGxPOLPARTY :: Mormon | Republican,MESUM2_FE_W29,2,"0.903294,0.096706"
RELIGxPOLPARTY,RELIGxPOLPARTY :: Nothing in particular | Democrat,MESUM2_FE_W29,2,"0.852935,0.147065"
RELIGxPOLPARTY,RELIGxPOLPARTY :: Nothing in particular | Independent,MESUM2_FE_W29,2,"0.881615,0.118385"
RELIGxPOLPARTY,RELIGxPOLPARTY :: Nothing in particular | Other,MESUM2_FE_W29,2,"0.839734,0.160266"
RELIGxPOLPARTY,RELIGxPOLPARTY :: Nothing in particular | Republican,MESUM2_FE_W29,2,"0.836555,0.163445"
RELIGxPOLPARTY,RELIGxPOLPARTY :: Other | Democrat,MESUM2_FE_W29,2,"0.841826,0.158174"
RELIGxPOLPARTY,RELIGxPOLPARTY :: Other | Independent,MESUM2_FE_W29,2,"0.870597,0.129403"
RELIGxPOLPARTY,RELIGxPOLPARTY :: Protestant | Democrat,MESUM2_FE_W29,2,"0.879147,0.120853"
RELIGxPOLPARTY,RELIGxPOLPARTY :: Protestant | Independent,MESUM2_FE_W29,2,"0.858719,0.141281"
RELIGxPOLPARTY,RELIGxPOLPARTY :: Protestant | Other,MESUM2_FE_W29,2,"0.812867,0.187133"
RELIGxPOLPARTY,RELIGxPOLPARTY :: Protestant | Republican,MESUM2_FE_W29,2,"0.865224,0.134776"
RELIGxPOLPARTY,RELIGxPOLPARTY :: Roman Catholic | Democrat,MESUM2_FE_W29,2,"0.911810,0.088190"
RELIGxPOLPARTY,RELIGxPOLPARTY :: Roman Catholic | Independent,MESUM2_FE_W29,2,"0.870597,0.129403"
RELIGxPOLPARTY,RELIGxPOLPARTY :: Roman Catholic | Other,MESUM2_FE_W29,2,"0.814053,0.185947"
RELIGxPOLPARTY,RELIGxPOLPARTY :: Roman Catholic | Republican,MESUM2_FE_W29,2,"0.896251,0.103749"
RELIGxPOLPARTY,RELIGxPOLPARTY :: Agnostic | Democrat,MISINFT_W32,2,"0.598312,0.401688"
RELIGxPOLPARTY,RELIGxPOLPARTY :: Agnostic | Independent,MISINFT_W32,2,"0.571767,0.428233"
RELIGxPOLPARTY,RELIGxPOLPARTY :: Agnostic | Other,MISINFT_W32,2,"0.558327,0.441673"
RELIGxPOLPARTY,RELIGxPOLPARTY :: Atheist | Democrat,MISINFT_W32,2,"0.564098,0.435902"
RELIGxPOLPARTY,RELIGxPOLPARTY :: Atheist | Independent,MISINFT_W32,2,"0.560253,0.439747"
RELIGxPOLPARTY,RELIGxPOLPARTY :: Atheist | Other,MISINFT_W32,2,"0.540924,0.459076"
RELIGxPOLPARTY,RELIGxPOLPARTY :: Jewish | Democrat,MISINFT_W32,2,"0.567937,0.432063"
RELIGxPOLPARTY,RELIGxPOLPARTY :: Jewish | Independent,MISINFT_W32,2,"0.548674,0.451327"
RELIGxPOLPARTY,RELIGxPOLPARTY :: Mormon | Republican,MISINFT_W32,2,"0.556400,0.443600"
RELIGxPOLPARTY,RELIGxPOLPARTY :: Nothing in particular | Democrat,MISINFT_W32,2,"0.558327,0.441673"
RELIGxPOLPARTY,RELIGxPOLPARTY :: Nothing in particular | Independent,MISINFT_W32,2,"0.546738,0.453262"
RELIGxPOLPARTY,RELIGxPOLPARTY :: Nothing in particular | Other,MISINFT_W32,2,"0.537041,0.462959"
RELIGxPOLPARTY,RELIGxPOLPARTY :: Nothing in particular | Republican,MISINFT_W32,2,"0.550607,0.449393"
RELIGxPOLPARTY,RELIGxPOLPARTY :: Other | Democrat,MISINFT_W32,2,"0.550607,0.449393"
RELIGxPOLPARTY,RELIGxPOLPARTY :: Other | Independent,MISINFT_W32,2,"0.546738,0.453262"
RELIGxPOLPARTY,RELIGxPOLPARTY :: Protestant | Democrat,MISINFT_W32,2,"0.554470,0.445530"
RELIGxPOLPARTY,RELIGxPOLPARTY :: Protestant | Independent,MISINFT_W32,2,"0.546738,0.453262"
RELIGxPOLPARTY,RELIGxPOLPARTY :: Protestant | Other,MISINFT_W32,2,"0.535098,0.464902"
RELIGxPOLPARTY,RELIGxPOLPARTY :: Protestant | Republican,MISINFT_W32,2,"0.552540,0.447460"
RELIGxPOLPARTY,RELIGxPOLPARTY :: Roman Catholic | Democrat,MISINFT_W32,2,"0.562177,0.437824"
RELIGxPOLPARTY,RELIGxPOLPARTY :: Roman Catholic | Independent,MISINFT_W32,2,"0.546738,0.453262"
RELIGxPOLPARTY,RELIGxPOLPARTY :: Roman Catholic | Other,MISINFT_W32,2,"0.540924,0.459076"
RELIGxPOLPARTY,RELIGxPOLPARTY :: Roman Catholic | Republican,MISINFT_W32,2,"0.558327,0.441673"
RELIGxPOLPARTY,RELIGxPOLPARTY :: Agnostic | Democrat,MOREWMN2F2_W36,3,"0.866116,0.032045,0.101839"
RELIGxPOLPARTY,RELIGxPOLPARTY :: Agnostic | Independent,MOREWMN2F2_W36,3,"0.891177,0.025281,0.083542"
RELIGxPOLPARTY,RELIGxPOLPARTY :: Agnostic | Other,MOREWMN2F2_W36,3,"0.799024,0.037371,0.163605"
RELIGxPOLPARTY,RELIGxPOLPARTY :: Atheist | Democrat,MOREWMN2F2_W36,3,"0.884593,0.027133,0.088274"
RELIGxPOLPARTY,RELIGxPOLPARTY :: Atheist | Independent,MOREWMN2F2_W36,3,"0.877352,0.027983,0.094665"
RELIGxPOLPARTY,RELIGxPOLPARTY :: Jewish | Democrat,MOREWMN2F2_W36,3,"0.886050,0.025531,0.088419"
RELIGxPOLPARTY,RELIGxPOLPARTY :: Jewish | Independent,MOREWMN2F2_W36,3,"0.871544,0.029132,0.099324"
RELIGxPOLPARTY,RELIGxPOLPARTY :: Mormon | Republican,MOREWMN2F2_W36,3,"0.891000,0.025474,0.083526"
RELIGxPOLPARTY,RELIGxPOLPARTY :: Nothing in particular | Democrat,MOREWMN2F2_W36,3,"0.851219,0.036249,0.112531"
RELIGxPOLPARTY,RELIGxPOLPARTY :: Nothing in particular | Independent,MOREWMN2F2_W36,3,"0.895888,0.025217,0.078896"
RELIGxPOLPARTY,RELIGxPOLPARTY :: Nothing in particular | Other,MOREWMN2F2_W36,3,"0.805010,0.041351,0.153639"
RELIGxPOLPARTY,RELIGxPOLPARTY :: Nothing in particular | Republican,MOREWMN2F2_W36,3,"0.859871,0.033341,0.106788"
RELIGxPOLPARTY,RELIGxPOLPARTY :: Other | Democrat,MOREWMN2F2_W36,3,"0.831157,0.041381,0.127462"
RELIGxPOLPARTY,RELIGxPOLPARTY :: Other | Independent,MOREWMN2F2_W36,3,"0.875567,0.029960,0.094473"
RELIGxPOLPARTY,RELIGxPOLPARTY :: Protestant | Democrat,MOREWMN2F2_W36,3,"0.892928,0.027820,0.079252"
RELIGxPOLPARTY,RELIGxPOLPARTY :: Protestant | Independent,MOREWMN2F2_W36,3,"0.888891,0.029712,0.081398"
RELIGxPOLPARTY,RELIGxPOLPARTY :: Protestant | Other,MOREWMN2F2_W36,3,"0.788473,0.046255,0.165273"
RELIGxPOLPARTY,RELIGxPOLPARTY :: Protestant | Republican,MOREWMN2F2_W36,3,"0.894220,0.027643,0.078136"
RELIGxPOLPARTY,RELIGxPOLPARTY :: Roman Catholic | Democrat,MOREWMN2F2_W36,3,"0.904914,0.021957,0.073128"
RELIGxPOLPARTY,RELIGxPOLPARTY :: Roman Catholic | Independent,MOREWMN2F2_W36,3,"0.887487,0.030606,0.081907"
RELIGxPOLPARTY,RELIGxPOLPARTY :: Roman Catholic | Other,MOREWMN2F2_W36,3,"0.781884,0.047695,0.170421"
RELIGxPOLPARTY,RELIGxPOLPARTY :: Roman Catholic | Republican,MOREWMN2F2_W36,3,"0.911974,0.022477,0.065549"
RELIGxPOLPARTY,RELIGxPOLPARTY :: Agnostic | Democrat,MOREWMN4F2_W36,3,"0.676702,0.064436,0.258862"
RELIGxPOLPARTY,RELIGxPOLPARTY :: Agnostic | Independent,MOREWMN4F2_W36,3,"0.719795,0.050144,0.230060"
RELIGxPOLPARTY,RELIGxPOLPARTY :: Agnostic | Other,MOREWMN4F2_W36,3,"0.592387,0.075314,0.332299"
RELIGxPOLPARTY,RELIGxPOLPARTY :: Atheist | Democrat,MOREWMN4F2_W36,3,"0.717235,0.055307,0.227458"
RELIGxPOLPARTY,RELIGxPOLPARTY :: Atheist | Independent,MOREWMN4F2_W36,3,"0.699232,0.051450,0.249319"
RELIGxPOLPARTY,RELIGxPOLPARTY :: Jewish | Democrat,MOREWMN4F2_W36,3,"0.693200,0.059632,0.247168"
RELIGxPOLPARTY,RELIGxPOLPARTY :: Jewish | Independent,MOREWMN4F2_W36,3,"0.702589,0.054603,0.242808"
RELIGxPOLPARTY,RELIGxPOLPARTY :: Mormon | Republican,MOREWMN4F2_W36,3,"0.658802,0.062243,0.278955"
RELIGxPOLPARTY,RELIGxPOLPARTY :: Nothing in particular | Democrat,MOREWMN4F2_W36,3,"0.643959,0.081233,0.274808"
RELIGxPOLPARTY,RELIGxPOLPARTY :: Nothing in particular | Independent,MOREWMN4F2_W36,3,"0.706728,0.052820,0.240452"
RELIGxPOLPARTY,RELIGxPOLPARTY :: Nothing in particular | Other,MOREWMN4F2_W36,3,"0.575856,0.082960,0.341184"
RELIGxPOLPARTY,RELIGxPOLPARTY :: Nothing in particular | Republican,MOREWMN4F2_W36,3,"0.621135,0.080841,0.298024"
RELIGxPOLPARTY,RELIGxPOLPARTY :: Other | Democrat,MOREWMN4F2_W36,3,"0.625651,0.090134,0.284215"
RELIGxPOLPARTY,RELIGxPOLPARTY :: Other | Independent,MOREWMN4F2_W36,3,"0.680079,0.061792,0.258129"
RELIGxPOLPARTY,RELIGxPOLPARTY :: Protestant | Democrat,MOREWMN4F2_W36,3,"0.707721,0.064303,0.227975"
RELIGxPOLPARTY,RELIGxPOLPARTY :: Protestant | Independent,MOREWMN4F2_W36,3,"0.724408,0.058086,0.217507"
RELIGxPOLPARTY,RELIGxPOLPARTY :: Protestant | Other,MOREWMN4F2_W36,3,"0.592201,0.090817,0.316982"
RELIGxPOLPARTY,RELIGxPOLPARTY :: Protestant | Republican,MOREWMN4F2_W36,3,"0.680624,0.068989,0.250387"
RELIGxPOLPARTY,RELIGxPOLPARTY :: Roman Catholic | Democrat,MOREWMN4F2_W36,3,"0.723223,0.054477,0.222300"
RELIGxPOLPARTY,RELIGxPOLPARTY :: Roman Catholic | Independent,MOREWMN4F2_W36,3,"0.723746,0.058946,0.217308"
RELIGxPOLPARTY,RELIGxPOLPARTY :: Roman Catholic | Other,MOREWMN4F2_W36,3,"0.578682,0.096707,0.324611"
RELIGxPOLPARTY,RELIGxPOLPARTY :: Roman Catholic | Republican,MOREWMN4F2_W36,3,"0.698183,0.060532,0.241286"
RELIGxPOLPARTY,RELIGxPOLPARTY :: Agnostic | Democrat,NEIGHKEYS_W32,2,"0.665411,0.334589"
RELIGxPOLPARTY,RELIGxPOLPARTY :: Agnostic | Independent,NEIGHKEYS_W32,2,"0.638835,0.361165"
RELIGxPOLPARTY,RELIGxPOLPARTY :: Agnostic | Other,NEIGHKEYS_W32,2,"0.590779,0.409221"
RELIGxPOLPARTY,RELIGxPOLPARTY :: Atheist | Democrat,NEIGHKEYS_W32,2,"0.620622,0.379378"
RELIGxPOLPARTY,RELIGxPOLPARTY :: Atheist | Independent,NEIGHKEYS_W32,2,"0.600188,0.399812"
RELIGxPOLPARTY,RELIGxPOLPARTY :: Atheist | Other,NEIGHKEYS_W32,2,"0.562177,0.437824"
RELIGxPOLPARTY,RELIGxPOLPARTY :: Jewish | Democrat,NEIGHKEYS_W32,2,"0.615088,0.384912"
RELIGxPOLPARTY,RELIGxPOLPARTY :: Jewish | Independent,NEIGHKEYS_W32,2,"0.605799,0.394201"
RELIGxPOLPARTY,RELIGxPOLPARTY :: Mormon | Republican,NEIGHKEYS_W32,2,"0.581303,0.418697"
RELIGxPOLPARTY,RELIGxPOLPARTY :: Nothing in particular | Democrat,NEIGHKEYS_W32,2,"0.590779,0.409221"
RELIGxPOLPARTY,RELIGxPOLPARTY :: Nothing in particular | Independent,NEIGHKEYS_W32,2,"0.588889,0.411111"
RELIGxPOLPARTY,RELIGxPOLPARTY :: Nothing in particular | Other,NEIGHKEYS_W32,2,"0.538983,0.461017"
RELIGxPOLPARTY,RELIGxPOLPARTY :: Nothing in particular | Republican,NEIGHKEYS_W32,2,"0.538983,0.461017"
RELIGxPOLPARTY,RELIGxPOLPARTY :: Other | Democrat,NEIGHKEYS_W32,2,"0.579400,0.420600"
RELIGxPOLPARTY,RELIGxPOLPARTY :: Other | Independent,NEIGHKEYS_W32,2,"0.575588,0.424412"
RELIGxPOLPARTY,RELIGxPOLPARTY :: Protestant | Democrat,NEIGHKEYS_W32,2,"0.592667,0.407333"
RELIGxPOLPARTY,RELIGxPOLPARTY :: Protestant | Independent,NEIGHKEYS_W32,2,"0.592667,0.407333"
RELIGxPOLPARTY,RELIGxPOLPARTY :: Protestant | Other,NEIGHKEYS_W32,2,"0.550607,0.449393"
RELIGxPOLPARTY,RELIGxPOLPARTY :: Protestant | Republican,NEIGHKEYS_W32,2,"0.566019,0.433981"
RELIGxPOLPARTY,RELIGxPOLPARTY :: Roman Catholic | Democrat,NEIGHKEYS_W32,2,"0.626124,0.373876"
RELIGxPOLPARTY,RELIGxPOLPARTY :: Roman Catholic | Independent,NEIGHKEYS_W32,2,"0.605799,0.394201"
RELIGxPOLPARTY,RELIGxPOLPARTY :: Roman Catholic | Other,NEIGHKEYS_W32,2,"0.560253,0.439747"
RELIGxPOLPARTY,RELIGxPOLPARTY :: Roman Catholic | Republican,NEIGHKEYS_W32,2,"0.603932,0.396068"
RELIGxPOLPARTY,RELIGxPOLPARTY :: Agnostic | Democrat,NEWSPROBc_W45,4,"0.437614,0.227031,0.185297,0.150058"
RELIGxPOLPARTY,RELIGxPOLPARTY :: Agnostic | Independent,NEWSPROBc_W45,4,"0.404331,0.243331,0.194000,0.158338"
RELIGxPOLPARTY,RELIGxPOLPARTY :: Agnostic | Other,NEWSPROBc_W45,4,"0.376318,0.252648,0.217796,0.153239"
RELIGxPOLPARTY,RELIGxPOLPARTY :: Atheist | Democrat,NEWSPROBc_W45,4,"0.376601,0.260864,0.207979,0.154557"
RELIGxPOLPARTY,RELIGxPOLPARTY :: Atheist | Independent,NEWSPROBc_W45,4,"0.377360,0.261390,0.205167,0.156083"
RELIGxPOLPARTY,RELIGxPOLPARTY :: Atheist | Other,NEWSPROBc_W45,4,"0.348989,0.269677,0.228872,0.152462"
RELIGxPOLPARTY,RELIGxPOLPARTY :: Jewish | Democrat,NEWSPROBc_W45,4,"0.371167,0.257100,0.201800,0.169933"
RELIGxPOLPARTY,RELIGxPOLPARTY :: Mormon | Republican,NEWSPROBc_W45,4,"0.407522,0.245251,0.185125,0.162101"
RELIGxPOLPARTY,RELIGxPOLPARTY :: Nothing in particular | Democrat,NEWSPROBc_W45,4,"0.353495,0.271034,0.211081,0.164390"
RELIGxPOLPARTY,RELIGxPOLPARTY :: Nothing in particular | Independent,NEWSPROBc_W45,4,"0.358258,0.272549,0.208970,0.160223"
RELIGxPOLPARTY,RELIGxPOLPARTY :: Nothing in particular | Other,NEWSPROBc_W45,4,"0.337699,0.282158,0.230291,0.149853"
RELIGxPOLPARTY,RELIGxPOLPARTY :: Nothing in particular | Republican,NEWSPROBc_W45,4,"0.365271,0.261047,0.197049,0.176633"
RELIGxPOLPARTY,RELIGxPOLPARTY :: Other | Democrat,NEWSPROBc_W45,4,"0.358697,0.270759,0.207598,0.162946"
RELIGxPOLPARTY,RELIGxPOLPARTY :: Other | Independent,NEWSPROBc_W45,4,"0.364837,0.271123,0.204655,0.159385"
RELIGxPOLPARTY,RELIGxPOLPARTY :: Protestant | Democrat,NEWSPROBc_W45,4,"0.368243,0.269412,0.200210,0.162135"
RELIGxPOLPARTY,RELIGxPOLPARTY :: Protestant | Independent,NEWSPROBc_W45,4,"0.361578,0.264536,0.204418,0.169468"
RELIGxPOLPARTY,RELIGxPOLPARTY :: Protestant | Other,NEWSPROBc_W45,4,"0.338725,0.267954,0.225640,0.167681"
RELIGxPOLPARTY,RELIGxPOLPARTY :: Protestant | Republican,NEWSPROBc_W45,4,"0.385273,0.250702,0.184856,0.179169"
RELIGxPOLPARTY,RELIGxPOLPARTY :: Roman Catholic | Democrat,NEWSPROBc_W45,4,"0.388142,0.252569,0.193651,0.165639"
RELIGxPOLPARTY,RELIGxPOLPARTY :: Roman Catholic | Independent,NEWSPROBc_W45,4,"0.360635,0.255728,0.202298,0.181339"
RELIGxPOLPARTY,RELIGxPOLPARTY :: Roman Catholic | Other,NEWSPROBc_W45,4,"0.342853,0.256785,0.226612,0.173750"
RELIGxPOLPARTY,RELIGxPOLPARTY :: Roman Catholic | Republican,NEWSPROBc_W45,4,"0.414297,0.228796,0.168704,0.188203"
RELIGxPOLPARTY,RELIGxPOLPARTY :: Agnostic | Democrat,PAR1_W50,3,"0.354413,0.253288,0.392299"
RELIGxPOLPARTY,RELIGxPOLPARTY :: Agnostic | Independent,PAR1_W50,3,"0.298369,0.257211,0.444420"
RELIGxPOLPARTY,RELIGxPOLPARTY :: Agnostic | Other,PAR1_W50,3,"0.282693,0.265565,0.451742"
RELIGxPOLPARTY,RELIGxPOLPARTY :: Agnostic | Republican,PAR1_W50,3,"0.309057,0.268513,0.422430"
RELIGxPOLPARTY,RELIGxPOLPARTY :: Atheist | Democrat,PAR1_W50,3,"0.304277,0.292621,0.403102"
RELIGxPOLPARTY,RELIGxPOLPARTY :: Atheist | Independent,PAR1_W50,3,"0.289483,0.265645,0.444872"
RELIGxPOLPARTY,RELIGxPOLPARTY :: Atheist | Other,PAR1_W50,3,"0.268473,0.274839,0.456688"
RELIGxPOLPARTY,RELIGxPOLPARTY :: Buddhist | Democrat,PAR1_W50,3,"0.286883,0.289133,0.423985"
RELIGxPOLPARTY,RELIGxPOLPARTY :: Jewish | Democrat,PAR1_W50,3,"0.291390,0.284640,0.423970"
RELIGxPOLPARTY,RELIGxPOLPARTY :: Jewish | Independent,PAR1_W50,3,"0.272137,0.257654,0.470210"
RELIGxPOLPARTY,RELIGxPOLPARTY :: Jewish | Republican,PAR1_W50,3,"0.292261,0.272417,0.435322"
RELIGxPOLPARTY,RELIGxPOLPARTY :: Mormon | Democrat,PAR1_W50,3,"0.291888,0.296484,0.411628"
RELIGxPOLPARTY,RELIGxPOLPARTY :: Mormon | Independent,PAR1_W50,3,"0.274262,0.270010,0.455728"
RELIGxPOLPARTY,RELIGxPOLPARTY :: Mormon | Republican,PAR1_W50,3,"0.294933,0.262319,0.442747"
RELIGxPOLPARTY,RELIGxPOLPARTY :: Nothing in particular | Democrat,PAR1_W50,3,"0.288174,0.285932,0.425894"
RELIGxPOLPARTY,RELIGxPOLPARTY :: Nothing in particular | Independent,PAR1_W50,3,"0.264550,0.256411,0.479039"
RELIGxPOLPARTY,RELIGxPOLPARTY :: Nothing in particular | Other,PAR1_W50,3,"0.249121,0.263124,0.487755"
RELIGxPOLPARTY,RELIGxPOLPARTY :: Nothing in particular | Republican,PAR1_W50,3,"0.280710,0.274207,0.445083"
RELIGxPOLPARTY,RELIGxPOLPARTY :: Other | Democrat,PAR1_W50,3,"0.292389,0.301670,0.405941"
RELIGxPOLPARTY,RELIGxPOLPARTY :: Other | Independent,PAR1_W50,3,"0.275626,0.273481,0.450894"
RELIGxPOLPARTY,RELIGxPOLPARTY :: Other | Other,PAR1_W50,3,"0.260667,0.281848,0.457485"
RELIGxPOLPARTY,RELIGxPOLPARTY :: Protestant | Democrat,PAR1_W50,3,"0.285965,0.304408,0.409626"
RELIGxPOLPARTY,RELIGxPOLPARTY :: Protestant | Independent,PAR1_W50,3,"0.271931,0.276214,0.451855"
RELIGxPOLPARTY,RELIGxPOLPARTY :: Protestant | Other,PAR1_W50,3,"0.258236,0.281409,0.460355"
RELIGxPOLPARTY,RELIGxPOLPARTY :: Protestant | Refused,PAR1_W50,3,"0.277395,0.286201,0.436404"
RELIGxPOLPARTY,RELIGxPOLPARTY :: Protestant | Republican,PAR1_W50,3,"0.281437,0.279247,0.439317"
RELIGxPOLPARTY,RELIGxPOLPARTY :: Roman Catholic | Democrat,PAR1_W50,3,"0.274557,0.296867,0.428577"
RELIGxPOLPARTY,RELIGxPOLPARTY :: Roman Catholic | Independent,PAR1_W50,3,"0.260101,0.272583,0.467316"
RELIGxPOLPARTY,RELIGxPOLPARTY :: Roman Catholic | Other,PAR1_W50,3,"0.244964,0.275420,0.479616"
RELIGxPOLPARTY,RELIGxPOLPARTY :: Roman Catholic | Republican,PAR1_W50,3,"0.259085,0.253084,0.487831"
RELIGxPOLPARTY,RELIGxPOLPARTY :: Agnostic | Democrat,PEACESTR_W92,2,"0.459076,0.540924"
RELIGxPOLPARTY,RELIGxPOLPARTY :: Agnostic | Independent,PEACESTR_W92,2,"0.414899,0.585101"
RELIGxPOLPARTY,RELIGxPOLPARTY :: Agnostic | Other,PEACESTR_W92,2,"0.443600,0.556400"
RELIGxPOLPARTY,RELIGxPOLPARTY :: Agnostic | Republican,PEACESTR_W92,2,"0.501953,0.498047"
RELIGxPOLPARTY,RELIGxPOLPARTY :: Atheist | Democrat,PEACESTR_W92,2,"0.426322,0.573678"
RELIGxPOLPARTY,RELIGxPOLPARTY :: Atheist | Independent,PEACESTR_W92,2,"0.413004,0.586996"
RELIGxPOLPARTY,RELIGxPOLPARTY :: Atheist | Other,PEACESTR_W92,2,"0.441673,0.558327"
RELIGxPOLPARTY,RELIGxPOLPARTY :: Buddhist | Democrat,PEACESTR_W92,2,"0.424412,0.575588"
RELIGxPOLPARTY,RELIGxPOLPARTY :: Jewish | Democrat,PEACESTR_W92,2,"0.441673,0.558327"
RELIGxPOLPARTY,RELIGxPOLPARTY :: Jewish | Independent,PEACESTR_W92,2,"0.424412,0.575588"
RELIGxPOLPARTY,RELIGxPOLPARTY :: Jewish | Republican,PEACESTR_W92,2,"0.519521,0.480479"
RELIGxPOLPARTY,RELIGxPOLPARTY :: Mormon | Independent,PEACESTR_W92,2,"0.435902,0.564098"
RELIGxPOLPARTY,RELIGxPOLPARTY :: Mormon | Republican,PEACESTR_W92,2,"0.546738,0.453262"
RELIGxPOLPARTY,RELIGxPOLPARTY :: Nothing in particular | Democrat,PEACESTR_W92,2,"0.437824,0.562177"
RELIGxPOLPARTY,RELIGxPOLPARTY :: Nothing in particular | Independent,PEACESTR_W92,2,"0.392337,0.607663"
RELIGxPOLPARTY,RELIGxPOLPARTY :: Nothing in particular | Other,PEACESTR_W92,2,"0.430147,0.569853"
RELIGxPOLPARTY,RELIGxPOLPARTY :: Nothing in particular | Republican,PEACESTR_W92,2,"0.500000,0.500000"
RELIGxPOLPARTY,RELIGxPOLPARTY :: Other | Democrat,PEACESTR_W92,2,"0.443600,0.556400"
RELIGxPOLPARTY,RELIGxPOLPARTY :: Other | Independent,PEACESTR_W92,2,"0.424412,0.575588"
RELIGxPOLPARTY,RELIGxPOLPARTY :: Other | Other,PEACESTR_W92,2,"0.445530,0.554470"
RELIGxPOLPARTY,RELIGxPOLPARTY :: Protestant | Democrat,PEACESTR_W92,2,"0.435902,0.564098"
RELIGxPOLPARTY,RELIGxPOLPARTY :: Protestant | Independent,PEACESTR_W92,2,"0.437824,0.562177"
RELIGxPOLPARTY,RELIGxPOLPARTY :: Protestant | Other,PEACESTR_W92,2,"0.461017,0.538983"
RELIGxPOLPARTY,RELIGxPOLPARTY :: Protestant | Refused,PEACESTR_W92,2,"0.472683,0.527317"
RELIGxPOLPARTY,RELIGxPOLPARTY :: Protestant | Republican,PEACESTR_W92,2,"0.531209,0.468791"
RELIGxPOLPARTY,RELIGxPOLPARTY :: Roman Catholic | Democrat,PEACESTR_W92,2,"0.432063,0.567937"
RELIGxPOLPARTY,RELIGxPOLPARTY :: Roman Catholic | Independent,PEACESTR_W92,2,"0.424412,0.575588"
RELIGxPOLPARTY,RELIGxPOLPARTY :: Roman Catholic | Other,PEACESTR_W92,2,"0.449393,0.550607"
RELIGxPOLPARTY,RELIGxPOLPARTY :: Roman Catholic | Republican,PEACESTR_W92,2,"0.505859,0.494141"
RELIGxPOLPARTY,RELIGxPOLPARTY :: Agnostic | Democrat,POLICY2_W42,2,"0.837620,0.162380"
RELIGxPOLPARTY,RELIGxPOLPARTY :: Agnostic | Independent,POLICY2_W42,2,"0.836555,0.163445"
RELIGxPOLPARTY,RELIGxPOLPARTY :: Atheist | Democrat,POLICY2_W42,2,"0.789234,0.210766"
RELIGxPOLPARTY,RELIGxPOLPARTY :: Atheist | Independent,POLICY2_W42,2,"0.790530,0.209470"
RELIGxPOLPARTY,RELIGxPOLPARTY :: Atheist | Other,POLICY2_W42,2,"0.744656,0.255344"
RELIGxPOLPARTY,RELIGxPOLPARTY :: Jewish | Democrat,POLICY2_W42,2,"0.810479,0.189521"
RELIGxPOLPARTY,RELIGxPOLPARTY :: Mormon | Republican,POLICY2_W42,2,"0.785309,0.214691"
RELIGxPOLPARTY,RELIGxPOLPARTY :: Nothing in particular | Democrat,POLICY2_W42,2,"0.766294,0.233706"
RELIGxPOLPARTY,RELIGxPOLPARTY :: Nothing in particular | Independent,POLICY2_W42,2,"0.801936,0.198064"
RELIGxPOLPARTY,RELIGxPOLPARTY :: Nothing in particular | Other,POLICY2_W42,2,"0.743168,0.256832"
RELIGxPOLPARTY,RELIGxPOLPARTY :: Nothing in particular | Republican,POLICY2_W42,2,"0.746139,0.253861"
RELIGxPOLPARTY,RELIGxPOLPARTY :: Other | Independent,POLICY2_W42,2,"0.760651,0.239349"
RELIGxPOLPARTY,RELIGxPOLPARTY :: Protestant | Democrat,POLICY2_W42,2,"0.764892,0.235108"
RELIGxPOLPARTY,RELIGxPOLPARTY :: Protestant | Independent,POLICY2_W42,2,"0.767690,0.232310"
RELIGxPOLPARTY,RELIGxPOLPARTY :: Protestant | Other,POLICY2_W42,2,"0.700895,0.299105"
RELIGxPOLPARTY,RELIGxPOLPARTY :: Protestant | Refused,POLICY2_W42,2,"0.700895,0.299105"
RELIGxPOLPARTY,RELIGxPOLPARTY :: Protestant | Republican,POLICY2_W42,2,"0.749087,0.250913"
RELIGxPOLPARTY,RELIGxPOLPARTY :: Roman Catholic | Democrat,POLICY2_W42,2,"0.782663,0.217338"
RELIGxPOLPARTY,RELIGxPOLPARTY :: Roman Catholic | Independent,POLICY2_W42,2,"0.757794,0.242206"
RELIGxPOLPARTY,RELIGxPOLPARTY :: Roman Catholic | Other,POLICY2_W42,2,"0.692642,0.307358"
RELIGxPOLPARTY,RELIGxPOLPARTY :: Roman Catholic | Republican,POLICY2_W42,2,"0.754915,0.245085"
RELIGxPOLPARTY,RELIGxPOLPARTY :: Agnostic | Democrat,POLINTOL2_b_W92,4,"0.406151,0.246343,0.185950,0.161556"
RELIGxPOLPARTY,RELIGxPOLPARTY :: Agnostic | Independent,POLINTOL2_b_W92,4,"0.366804,0.266271,0.204157,0.162768"
RELIGxPOLPARTY,RELIGxPOLPARTY :: Agnostic | Other,POLINTOL2_b_W92,4,"0.334639,0.260617,0.242922,0.161821"
RELIGxPOLPARTY,RELIGxPOLPARTY :: Agnostic | Republican,POLINTOL2_b_W92,4,"0.377166,0.236024,0.191138,0.195671"
RELIGxPOLPARTY,RELIGxPOLPARTY :: Atheist | Democrat,POLINTOL2_b_W92,4,"0.347194,0.274653,0.208945,0.169209"
RELIGxPOLPARTY,RELIGxPOLPARTY :: Atheist | Independent,POLINTOL2_b_W92,4,"0.340187,0.293259,0.209583,0.156970"
RELIGxPOLPARTY,RELIGxPOLPARTY :: Atheist | Other,POLINTOL2_b_W92,4,"0.308795,0.278973,0.252031,0.160201"
RELIGxPOLPARTY,RELIGxPOLPARTY :: Buddhist | Democrat,POLINTOL2_b_W92,4,"0.337390,0.271101,0.217836,0.173674"
RELIGxPOLPARTY,RELIGxPOLPARTY :: Jewish | Democrat,POLINTOL2_b_W92,4,"0.335464,0.263308,0.211574,0.189654"
RELIGxPOLPARTY,RELIGxPOLPARTY :: Jewish | Independent,POLINTOL2_b_W92,4,"0.319592,0.275506,0.221375,0.183526"
RELIGxPOLPARTY,RELIGxPOLPARTY :: Jewish | Republican,POLINTOL2_b_W92,4,"0.320355,0.249493,0.215076,0.215076"
RELIGxPOLPARTY,RELIGxPOLPARTY :: Mormon | Independent,POLINTOL2_b_W92,4,"0.333520,0.283055,0.217026,0.166399"
RELIGxPOLPARTY,RELIGxPOLPARTY :: Mormon | Republican,POLINTOL2_b_W92,4,"0.349529,0.263838,0.203878,0.182755"
RELIGxPOLPARTY,RELIGxPOLPARTY :: Nothing in particular | Democrat,POLINTOL2_b_W92,4,"0.332167,0.286346,0.214463,0.167024"
RELIGxPOLPARTY,RELIGxPOLPARTY :: Nothing in particular | Independent,POLINTOL2_b_W92,4,"0.325891,0.303764,0.218793,0.151553"
RELIGxPOLPARTY,RELIGxPOLPARTY :: Nothing in particular | Other,POLINTOL2_b_W92,4,"0.299159,0.299159,0.255884,0.145798"
RELIGxPOLPARTY,RELIGxPOLPARTY :: Nothing in particular | Republican,POLINTOL2_b_W92,4,"0.324961,0.273644,0.214786,0.186609"
RELIGxPOLPARTY,RELIGxPOLPARTY :: Other | Democrat,POLINTOL2_b_W92,4,"0.337999,0.275867,0.214845,0.171289"
RELIGxPOLPARTY,RELIGxPOLPARTY :: Other | Independent,POLINTOL2_b_W92,4,"0.332753,0.286851,0.218225,0.162171"
RELIGxPOLPARTY,RELIGxPOLPARTY :: Other | Other,POLINTOL2_b_W92,4,"0.314191,0.286074,0.246611,0.153124"
RELIGxPOLPARTY,RELIGxPOLPARTY :: Protestant | Democrat,POLINTOL2_b_W92,4,"0.348511,0.267212,0.204879,0.179398"
RELIGxPOLPARTY,RELIGxPOLPARTY :: Protestant | Independent,POLINTOL2_b_W92,4,"0.339860,0.275227,0.212679,0.172233"
RELIGxPOLPARTY,RELIGxPOLPARTY :: Protestant | Other,POLINTOL2_b_W92,4,"0.315761,0.267983,0.245915,0.170340"
RELIGxPOLPARTY,RELIGxPOLPARTY :: Protestant | Refused,POLINTOL2_b_W92,4,"0.320239,0.251359,0.210018,0.218384"
RELIGxPOLPARTY,RELIGxPOLPARTY :: Protestant | Republican,POLINTOL2_b_W92,4,"0.346264,0.251360,0.201974,0.200402"
RELIGxPOLPARTY,RELIGxPOLPARTY :: Roman Catholic | Democrat,POLINTOL2_b_W92,4,"0.385191,0.273141,0.184817,0.156852"
RELIGxPOLPARTY,RELIGxPOLPARTY :: Roman Catholic | Independent,POLINTOL2_b_W92,4,"0.361396,0.281455,0.198029,0.159120"
RELIGxPOLPARTY,RELIGxPOLPARTY :: Roman Catholic | Other,POLINTOL2_b_W92,4,"0.339319,0.276944,0.229595,0.154143"
RELIGxPOLPARTY,RELIGxPOLPARTY :: Roman Catholic | Republican,POLINTOL2_b_W92,4,"0.397937,0.252944,0.171151,0.177968"
RELIGxPOLPARTY,RELIGxPOLPARTY :: Agnostic | Democrat,POP1_W42,2,"0.879147,0.120853"
RELIGxPOLPARTY,RELIGxPOLPARTY :: Agnostic | Independent,POP1_W42,2,"0.854885,0.145115"
RELIGxPOLPARTY,RELIGxPOLPARTY :: Atheist | Democrat,POP1_W42,2,"0.815233,0.184768"
RELIGxPOLPARTY,RELIGxPOLPARTY :: Atheist | Independent,POP1_W42,2,"0.816406,0.183594"
RELIGxPOLPARTY,RELIGxPOLPARTY :: Atheist | Other,POP1_W42,2,"0.782663,0.217338"
RELIGxPOLPARTY,RELIGxPOLPARTY :: Jewish | Democrat,POP1_W42,2,"0.825590,0.174410"
RELIGxPOLPARTY,RELIGxPOLPARTY :: Mormon | Republican,POP1_W42,2,"0.914291,0.085709"
RELIGxPOLPARTY,RELIGxPOLPARTY :: Nothing in particular | Democrat,POP1_W42,2,"0.770465,0.229535"
RELIGxPOLPARTY,RELIGxPOLPARTY :: Nothing in particular | Independent,POP1_W42,2,"0.798187,0.201813"
RELIGxPOLPARTY,RELIGxPOLPARTY :: Nothing in particular | Other,POP1_W42,2,"0.773216,0.226784"
RELIGxPOLPARTY,RELIGxPOLPARTY :: Nothing in particular | Republican,POP1_W42,2,"0.837620,0.162380"
RELIGxPOLPARTY,RELIGxPOLPARTY :: Other | Independent,POP1_W42,2,"0.805632,0.194368"
RELIGxPOLPARTY,RELIGxPOLPARTY :: Protestant | Democrat,POP1_W42,2,"0.795658,0.204342"
RELIGxPOLPARTY,RELIGxPOLPARTY :: Protestant | Independent,POP1_W42,2,"0.762070,0.237930"
RELIGxPOLPARTY,RELIGxPOLPARTY :: Protestant | Other,POP1_W42,2,"0.732592,0.267408"
RELIGxPOLPARTY,RELIGxPOLPARTY :: Protestant | Refused,POP1_W42,2,"0.752013,0.247987"
RELIGxPOLPARTY,RELIGxPOLPARTY :: Protestant | Republican,POP1_W42,2,"0.855851,0.144149"
RELIGxPOLPARTY,RELIGxPOLPARTY :: Roman Catholic | Democrat,POP1_W42,2,"0.816406,0.183594"
RELIGxPOLPARTY,RELIGxPOLPARTY :: Roman Catholic | Independent,POP1_W42,2,"0.770465,0.229535"
RELIGxPOLPARTY,RELIGxPOLPARTY :: Roman Catholic | Other,POP1_W42,2,"0.729520,0.270480"
RELIGxPOLPARTY,RELIGxPOLPARTY :: Roman Catholic | Republican,POP1_W42,2,"0.846958,0.153042"
RELIGxPOLPARTY,RELIGxPOLPARTY :: Agnostic | Democrat,POSNEGGOV_W49,2,"0.525369,0.474631"
RELIGxPOLPARTY,RELIGxPOLPARTY :: Agnostic | Independent,POSNEGGOV_W49,2,"0.480479,0.519521"
RELIGxPOLPARTY,RELIGxPOLPARTY :: Atheist | Democrat,POSNEGGOV_W49,2,"0.459076,0.540924"
RELIGxPOLPARTY,RELIGxPOLPARTY :: Atheist | Independent,POSNEGGOV_W49,2,"0.428233,0.571767"
RELIGxPOLPARTY,RELIGxPOLPARTY :: Atheist | Other,POSNEGGOV_W49,2,"0.416797,0.583203"
RELIGxPOLPARTY,RELIGxPOLPARTY :: Jewish | Democrat,POSNEGGOV_W49,2,"0.462959,0.537041"
RELIGxPOLPARTY,RELIGxPOLPARTY :: Mormon | Republican,POSNEGGOV_W49,2,"0.394201,0.605799"
RELIGxPOLPARTY,RELIGxPOLPARTY :: Nothing in particular | Democrat,POSNEGGOV_W49,2,"0.470737,0.529263"
RELIGxPOLPARTY,RELIGxPOLPARTY :: Nothing in particular | Independent,POSNEGGOV_W49,2,"0.430147,0.569853"
RELIGxPOLPARTY,RELIGxPOLPARTY :: Nothing in particular | Other,POSNEGGOV_W49,2,"0.409221,0.590779"
RELIGxPOLPARTY,RELIGxPOLPARTY :: Nothing in particular | Republican,POSNEGGOV_W49,2,"0.416797,0.583203"
RELIGxPOLPARTY,RELIGxPOLPARTY :: Other | Independent,POSNEGGOV_W49,2,"0.439747,0.560253"
RELIGxPOLPARTY,RELIGxPOLPARTY :: Protestant | Democrat,POSNEGGOV_W49,2,"0.439747,0.560253"
RELIGxPOLPARTY,RELIGxPOLPARTY :: Protestant | Independent,POSNEGGOV_W49,2,"0.432063,0.567937"
RELIGxPOLPARTY,RELIGxPOLPARTY :: Protestant | Other,POSNEGGOV_W49,2,"0.418697,0.581303"
RELIGxPOLPARTY,RELIGxPOLPARTY :: Protestant | Republican,POSNEGGOV_W49,2,"0.405449,0.594551"
RELIGxPOLPARTY,RELIGxPOLPARTY :: Roman Catholic | Democrat,POSNEGGOV_W49,2,"0.449393,0.550607"
RELIGxPOLPARTY,RELIGxPOLPARTY :: Roman Catholic | Independent,POSNEGGOV_W49,2,"0.447460,0.552540"
RELIGxPOLPARTY,RELIGxPOLPARTY :: Roman Catholic | Other,POSNEGGOV_W49,2,"0.428233,0.571767"
RELIGxPOLPARTY,RELIGxPOLPARTY :: Roman Catholic | Republican,POSNEGGOV_W49,2,"0.418697,0.581303"
RELIGxPOLPARTY,RELIGxPOLPARTY :: Agnostic | Democrat,PP5e_W49,4,"0.252097,0.229537,0.266268,0.252097"
RELIGxPOLPARTY,RELIGxPOLPARTY :: Agnostic | Independent,PP5e_W49,4,"0.195881,0.229008,0.301025,0.274086"
RELIGxPOLPARTY,RELIGxPOLPARTY :: Atheist | Democrat,PP5e_W49,4,"0.173721,0.216200,0.314569,0.295510"
RELIGxPOLPARTY,RELIGxPOLPARTY :: Atheist | Independent,PP5e_W49,4,"0.180878,0.255079,0.302914,0.261128"
RELIGxPOLPARTY,RELIGxPOLPARTY :: Atheist | Other,PP5e_W49,4,"0.166263,0.236308,0.335861,0.261569"
RELIGxPOLPARTY,RELIGxPOLPARTY :: Jewish | Democrat,PP5e_W49,4,"0.163680,0.205300,0.313045,0.317975"
RELIGxPOLPARTY,RELIGxPOLPARTY :: Mormon | Republican,PP5e_W49,4,"0.193262,0.224187,0.294689,0.287862"
RELIGxPOLPARTY,RELIGxPOLPARTY :: Nothing in particular | Democrat,PP5e_W49,4,"0.176055,0.231419,0.308985,0.283541"
RELIGxPOLPARTY,RELIGxPOLPARTY :: Nothing in particular | Independent,PP5e_W49,4,"0.156342,0.245960,0.323309,0.274389"
RELIGxPOLPARTY,RELIGxPOLPARTY :: Nothing in particular | Other,PP5e_W49,4,"0.156923,0.250762,0.345440,0.246875"
RELIGxPOLPARTY,RELIGxPOLPARTY :: Nothing in particular | Republican,PP5e_W49,4,"0.166625,0.215628,0.308873,0.308873"
RELIGxPOLPARTY,RELIGxPOLPARTY :: Other | Independent,PP5e_W49,4,"0.164069,0.240591,0.316251,0.279090"
RELIGxPOLPARTY,RELIGxPOLPARTY :: Protestant | Democrat,PP5e_W49,4,"0.173180,0.218920,0.306324,0.301575"
RELIGxPOLPARTY,RELIGxPOLPARTY :: Protestant | Independent,PP5e_W49,4,"0.181759,0.237058,0.299670,0.281514"
RELIGxPOLPARTY,RELIGxPOLPARTY :: Protestant | Other,PP5e_W49,4,"0.184728,0.240931,0.311788,0.262552"
RELIGxPOLPARTY,RELIGxPOLPARTY :: Protestant | Republican,PP5e_W49,4,"0.190025,0.208702,0.283041,0.318232"
RELIGxPOLPARTY,RELIGxPOLPARTY :: Roman Catholic | Democrat,PP5e_W49,4,"0.181457,0.215486,0.299173,0.303884"
RELIGxPOLPARTY,RELIGxPOLPARTY :: Roman Catholic | Independent,PP5e_W49,4,"0.190006,0.232800,0.289724,0.287470"
RELIGxPOLPARTY,RELIGxPOLPARTY :: Roman Catholic | Other,PP5e_W49,4,"0.199811,0.237282,0.302305,0.260603"
RELIGxPOLPARTY,RELIGxPOLPARTY :: Roman Catholic | Republican,PP5e_W49,4,"0.214781,0.198640,0.259076,0.327502"
RELIGxPOLPARTY,RELIGxPOLPARTY :: Agnostic | Democrat,PPLRESP_W92,2,"0.757794,0.242206"
RELIGxPOLPARTY,RELIGxPOLPARTY :: Agnostic | Independent,PPLRESP_W92,2,"0.689306,0.310694"
RELIGxPOLPARTY,RELIGxPOLPARTY :: Agnostic | Other,PPLRESP_W92,2,"0.677474,0.322526"
RELIGxPOLPARTY,RELIGxPOLPARTY :: Agnostic | Republican,PPLRESP_W92,2,"0.747616,0.252384"
RELIGxPOLPARTY,RELIGxPOLPARTY :: Atheist | Democrat,PPLRESP_W92,2,"0.640636,0.359364"
RELIGxPOLPARTY,RELIGxPOLPARTY :: Atheist | Independent,PPLRESP_W92,2,"0.637031,0.362969"
RELIGxPOLPARTY,RELIGxPOLPARTY :: Atheist | Other,PPLRESP_W92,2,"0.605799,0.394201"
RELIGxPOLPARTY,RELIGxPOLPARTY :: Buddhist | Democrat,PPLRESP_W92,2,"0.624294,0.375706"
RELIGxPOLPARTY,RELIGxPOLPARTY :: Jewish | Democrat,PPLRESP_W92,2,"0.647798,0.352202"
RELIGxPOLPARTY,RELIGxPOLPARTY :: Jewish | Independent,PPLRESP_W92,2,"0.603932,0.396068"
RELIGxPOLPARTY,RELIGxPOLPARTY :: Jewish | Republican,PPLRESP_W92,2,"0.656658,0.343342"
RELIGxPOLPARTY,RELIGxPOLPARTY :: Mormon | Independent,PPLRESP_W92,2,"0.622459,0.377541"
RELIGxPOLPARTY,RELIGxPOLPARTY :: Mormon | Republican,PPLRESP_W92,2,"0.700895,0.299105"
RELIGxPOLPARTY,RELIGxPOLPARTY :: Nothing in particular | Democrat,PPLRESP_W92,2,"0.603932,0.396068"
RELIGxPOLPARTY,RELIGxPOLPARTY :: Nothing in particular | Independent,PPLRESP_W92,2,"0.592667,0.407333"
RELIGxPOLPARTY,RELIGxPOLPARTY :: Nothing in particular | Other,PPLRESP_W92,2,"0.585101,0.414899"
RELIGxPOLPARTY,RELIGxPOLPARTY :: Nothing in particular | Republican,PPLRESP_W92,2,"0.631594,0.368406"
RELIGxPOLPARTY,RELIGxPOLPARTY :: Other | Democrat,PPLRESP_W92,2,"0.605799,0.394201"
RELIGxPOLPARTY,RELIGxPOLPARTY :: Other | Independent,PPLRESP_W92,2,"0.613237,0.386763"
RELIGxPOLPARTY,RELIGxPOLPARTY :: Other | Other,PPLRESP_W92,2,"0.603932,0.396068"
RELIGxPOLPARTY,RELIGxPOLPARTY :: Protestant | Democrat,PPLRESP_W92,2,"0.613237,0.386763"
RELIGxPOLPARTY,RELIGxPOLPARTY :: Protestant | Independent,PPLRESP_W92,2,"0.579400,0.420600"
RELIGxPOLPARTY,RELIGxPOLPARTY :: Protestant | Other,PPLRESP_W92,2,"0.562177,0.437824"
RELIGxPOLPARTY,RELIGxPOLPARTY :: Protestant | Refused,PPLRESP_W92,2,"0.566019,0.433981"
RELIGxPOLPARTY,RELIGxPOLPARTY :: Protestant | Republican,PPLRESP_W92,2,"0.624294,0.375706"
RELIGxPOLPARTY,RELIGxPOLPARTY :: Roman Catholic | Democrat,PPLRESP_W92,2,"0.615088,0.384912"
RELIGxPOLPARTY,RELIGxPOLPARTY :: Roman Catholic | Independent,PPLRESP_W92,2,"0.566019,0.433981"
RELIGxPOLPARTY,RELIGxPOLPARTY :: Roman Catholic | Other,PPLRESP_W92,2,"0.550607,0.449393"
RELIGxPOLPARTY,RELIGxPOLPARTY :: Roman Catholic | Republican,PPLRESP_W92,2,"0.615088,0.384912"
RELIGxPOLPARTY,RELIGxPOLPARTY :: Agnostic | Democrat,PQ3_F2Ad_W42,2,"0.729520,0.270480"
RELIGxPOLPARTY,RELIGxPOLPARTY :: Agnostic | Independent,PQ3_F2Ad_W42,2,"0.699254,0.300746"
RELIGxPOLPARTY,RELIGxPOLPARTY :: Atheist | Democrat,PQ3_F2Ad_W42,2,"0.660172,0.339828"
RELIGxPOLPARTY,RELIGxPOLPARTY :: Atheist | Independent,PQ3_F2Ad_W42,2,"0.667148,0.332852"
RELIGxPOLPARTY,RELIGxPOLPARTY :: Atheist | Other,PQ3_F2Ad_W42,2,"0.644225,0.355775"
RELIGxPOLPARTY,RELIGxPOLPARTY :: Jewish | Democrat,PQ3_F2Ad_W42,2,"0.672332,0.327668"
RELIGxPOLPARTY,RELIGxPOLPARTY :: Mormon | Republican,PQ3_F2Ad_W42,2,"0.692642,0.307358"
RELIGxPOLPARTY,RELIGxPOLPARTY :: Nothing in particular | Democrat,PQ3_F2Ad_W42,2,"0.654895,0.345105"
RELIGxPOLPARTY,RELIGxPOLPARTY :: Nothing in particular | Independent,PQ3_F2Ad_W42,2,"0.667148,0.332852"
RELIGxPOLPARTY,RELIGxPOLPARTY :: Nothing in particular | Other,PQ3_F2Ad_W42,2,"0.642432,0.357568"
RELIGxPOLPARTY,RELIGxPOLPARTY :: Nothing in particular | Republican,PQ3_F2Ad_W42,2,"0.651355,0.348645"
RELIGxPOLPARTY,RELIGxPOLPARTY :: Other | Independent,PQ3_F2Ad_W42,2,"0.668880,0.331120"
RELIGxPOLPARTY,RELIGxPOLPARTY :: Protestant | Democrat,PQ3_F2Ad_W42,2,"0.656658,0.343342"
RELIGxPOLPARTY,RELIGxPOLPARTY :: Protestant | Independent,PQ3_F2Ad_W42,2,"0.658418,0.341583"
RELIGxPOLPARTY,RELIGxPOLPARTY :: Protestant | Other,PQ3_F2Ad_W42,2,"0.635222,0.364778"
RELIGxPOLPARTY,RELIGxPOLPARTY :: Protestant | Refused,PQ3_F2Ad_W42,2,"0.644225,0.355775"
RELIGxPOLPARTY,RELIGxPOLPARTY :: Protestant | Republican,PQ3_F2Ad_W42,2,"0.675765,0.324235"
RELIGxPOLPARTY,RELIGxPOLPARTY :: Roman Catholic | Democrat,PQ3_F2Ad_W42,2,"0.677474,0.322526"
RELIGxPOLPARTY,RELIGxPOLPARTY :: Roman Catholic | Independent,PQ3_F2Ad_W42,2,"0.653127,0.346873"
RELIGxPOLPARTY,RELIGxPOLPARTY :: Roman Catholic | Other,PQ3_F2Ad_W42,2,"0.629775,0.370225"
RELIGxPOLPARTY,RELIGxPOLPARTY :: Roman Catholic | Republican,PQ3_F2Ad_W42,2,"0.700895,0.299105"
RELIGxPOLPARTY,RELIGxPOLPARTY :: Agnostic | Democrat,PQ3_F2Bc_W42,2,"0.668880,0.331120"
RELIGxPOLPARTY,RELIGxPOLPARTY :: Agnostic | Independent,PQ3_F2Bc_W42,2,"0.590779,0.409221"
RELIGxPOLPARTY,RELIGxPOLPARTY :: Atheist | Democrat,PQ3_F2Bc_W42,2,"0.586996,0.413004"
RELIGxPOLPARTY,RELIGxPOLPARTY :: Atheist | Independent,PQ3_F2Bc_W42,2,"0.566019,0.433981"
RELIGxPOLPARTY,RELIGxPOLPARTY :: Atheist | Other,PQ3_F2Bc_W42,2,"0.546738,0.453262"
RELIGxPOLPARTY,RELIGxPOLPARTY :: Jewish | Democrat,PQ3_F2Bc_W42,2,"0.611382,0.388618"
RELIGxPOLPARTY,RELIGxPOLPARTY :: Mormon | Republican,PQ3_F2Bc_W42,2,"0.602062,0.397938"
RELIGxPOLPARTY,RELIGxPOLPARTY :: Nothing in particular | Democrat,PQ3_F2Bc_W42,2,"0.579400,0.420600"
RELIGxPOLPARTY,RELIGxPOLPARTY :: Nothing in particular | Independent,PQ3_F2Bc_W42,2,"0.544801,0.455199"
RELIGxPOLPARTY,RELIGxPOLPARTY :: Nothing in particular | Other,PQ3_F2Bc_W42,2,"0.531209,0.468791"
RELIGxPOLPARTY,RELIGxPOLPARTY :: Nothing in particular | Republican,PQ3_F2Bc_W42,2,"0.548674,0.451327"
RELIGxPOLPARTY,RELIGxPOLPARTY :: Other | Independent,PQ3_F2Bc_W42,2,"0.538983,0.461017"
RELIGxPOLPARTY,RELIGxPOLPARTY :: Protestant | Democrat,PQ3_F2Bc_W42,2,"0.575588,0.424412"
RELIGxPOLPARTY,RELIGxPOLPARTY :: Protestant | Independent,PQ3_F2Bc_W42,2,"0.556400,0.443600"
RELIGxPOLPARTY,RELIGxPOLPARTY :: Protestant | Other,PQ3_F2Bc_W42,2,"0.548674,0.451327"
RELIGxPOLPARTY,RELIGxPOLPARTY :: Protestant | Refused,PQ3_F2Bc_W42,2,"0.554470,0.445530"
RELIGxPOLPARTY,RELIGxPOLPARTY :: Protestant | Republican,PQ3_F2Bc_W42,2,"0.596433,0.403567"
RELIGxPOLPARTY,RELIGxPOLPARTY :: Roman Catholic | Democrat,PQ3_F2Bc_W42,2,"0.607663,0.392337"
RELIGxPOLPARTY,RELIGxPOLPARTY :: Roman Catholic | Independent,PQ3_F2Bc_W42,2,"0.548674,0.451327"
RELIGxPOLPARTY,RELIGxPOLPARTY :: Roman Catholic | Other,PQ3_F2Bc_W42,2,"0.537041,0.462959"
RELIGxPOLPARTY,RELIGxPOLPARTY :: Roman Catholic | Republican,PQ3_F2Bc_W42,2,"0.620622,0.379378"
RELIGxPOLPARTY,RELIGxPOLPARTY :: Agnostic | Democrat,PQ5_F2A_W42,4,"0.456921,0.227966,0.183176,0.131937"
RELIGxPOLPARTY,RELIGxPOLPARTY :: Agnostic | Independent,PQ5_F2A_W42,4,"0.432027,0.253976,0.190219,0.123778"
RELIGxPOLPARTY,RELIGxPOLPARTY :: Atheist | Democrat,PQ5_F2A_W42,4,"0.389055,0.280225,0.203422,0.127298"
RELIGxPOLPARTY,RELIGxPOLPARTY :: Atheist | Independent,PQ5_F2A_W42,4,"0.393547,0.279066,0.202581,0.124806"
RELIGxPOLPARTY,RELIGxPOLPARTY :: Atheist | Other,PQ5_F2A_W42,4,"0.360432,0.289615,0.227322,0.122631"
RELIGxPOLPARTY,RELIGxPOLPARTY :: Jewish | Democrat,PQ5_F2A_W42,4,"0.379079,0.268807,0.201327,0.150787"
RELIGxPOLPARTY,RELIGxPOLPARTY :: Mormon | Republican,PQ5_F2A_W42,4,"0.426439,0.248740,0.181982,0.142839"
RELIGxPOLPARTY,RELIGxPOLPARTY :: Nothing in particular | Democrat,PQ5_F2A_W42,4,"0.368979,0.282906,0.210238,0.137877"
RELIGxPOLPARTY,RELIGxPOLPARTY :: Nothing in particular | Independent,PQ5_F2A_W42,4,"0.380223,0.291527,0.206724,0.121527"
RELIGxPOLPARTY,RELIGxPOLPARTY :: Nothing in particular | Other,PQ5_F2A_W42,4,"0.348431,0.302722,0.230299,0.118548"
RELIGxPOLPARTY,RELIGxPOLPARTY :: Nothing in particular | Republican,PQ5_F2A_W42,4,"0.380795,0.272142,0.199103,0.147961"
RELIGxPOLPARTY,RELIGxPOLPARTY :: Other | Independent,PQ5_F2A_W42,4,"0.385240,0.279654,0.203007,0.132099"
RELIGxPOLPARTY,RELIGxPOLPARTY :: Protestant | Democrat,PQ5_F2A_W42,4,"0.389912,0.274337,0.194534,0.141217"
RELIGxPOLPARTY,RELIGxPOLPARTY :: Protestant | Independent,PQ5_F2A_W42,4,"0.387861,0.272894,0.196558,0.142686"
RELIGxPOLPARTY,RELIGxPOLPARTY :: Protestant | Other,PQ5_F2A_W42,4,"0.351267,0.277875,0.223279,0.147578"
RELIGxPOLPARTY,RELIGxPOLPARTY :: Protestant | Refused,PQ5_F2A_W42,4,"0.371841,0.263675,0.192908,0.171576"
RELIGxPOLPARTY,RELIGxPOLPARTY :: Protestant | Republican,PQ5_F2A_W42,4,"0.417937,0.251519,0.175588,0.154956"
RELIGxPOLPARTY,RELIGxPOLPARTY :: Roman Catholic | Democrat,PQ5_F2A_W42,4,"0.425579,0.260151,0.184475,0.129794"
RELIGxPOLPARTY,RELIGxPOLPARTY :: Roman Catholic | Independent,PQ5_F2A_W42,4,"0.397726,0.267021,0.192328,0.142926"
RELIGxPOLPARTY,RELIGxPOLPARTY :: Roman Catholic | Other,PQ5_F2A_W42,4,"0.362521,0.269403,0.221605,0.146472"
RELIGxPOLPARTY,RELIGxPOLPARTY :: Roman Catholic | Republican,PQ5_F2A_W42,4,"0.459509,0.231056,0.162568,0.146868"
RELIGxPOLPARTY,RELIGxPOLPARTY :: Agnostic | Democrat,PQ8_F2B_W42,4,"0.318562,0.202490,0.218944,0.260003"
RELIGxPOLPARTY,RELIGxPOLPARTY :: Agnostic | Independent,PQ8_F2B_W42,4,"0.279970,0.218041,0.228505,0.273484"
RELIGxPOLPARTY,RELIGxPOLPARTY :: Atheist | Democrat,PQ8_F2B_W42,4,"0.267573,0.227086,0.239851,0.265491"
RELIGxPOLPARTY,RELIGxPOLPARTY :: Atheist | Independent,PQ8_F2B_W42,4,"0.262372,0.242654,0.242654,0.252320"
RELIGxPOLPARTY,RELIGxPOLPARTY :: Atheist | Other,PQ8_F2B_W42,4,"0.247439,0.228844,0.278203,0.245514"
RELIGxPOLPARTY,RELIGxPOLPARTY :: Jewish | Democrat,PQ8_F2B_W42,4,"0.265037,0.216317,0.232074,0.286573"
RELIGxPOLPARTY,RELIGxPOLPARTY :: Mormon | Republican,PQ8_F2B_W42,4,"0.276574,0.215396,0.229288,0.278743"
RELIGxPOLPARTY,RELIGxPOLPARTY :: Nothing in particular | Democrat,PQ8_F2B_W42,4,"0.258976,0.230338,0.241392,0.269293"
RELIGxPOLPARTY,RELIGxPOLPARTY :: Nothing in particular | Independent,PQ8_F2B_W42,4,"0.245470,0.237918,0.253262,0.263351"
RELIGxPOLPARTY,RELIGxPOLPARTY :: Nothing in particular | Other,PQ8_F2B_W42,4,"0.235291,0.229841,0.288285,0.246583"
RELIGxPOLPARTY,RELIGxPOLPARTY :: Nothing in particular | Republican,PQ8_F2B_W42,4,"0.257993,0.220673,0.231264,0.290070"
RELIGxPOLPARTY,RELIGxPOLPARTY :: Other | Independent,PQ8_F2B_W42,4,"0.253146,0.234122,0.245357,0.267375"
RELIGxPOLPARTY,RELIGxPOLPARTY :: Protestant | Democrat,PQ8_F2B_W42,4,"0.262262,0.231445,0.231445,0.274848"
RELIGxPOLPARTY,RELIGxPOLPARTY :: Protestant | Independent,PQ8_F2B_W42,4,"0.260576,0.237257,0.235411,0.266756"
RELIGxPOLPARTY,RELIGxPOLPARTY :: Protestant | Other,PQ8_F2B_W42,4,"0.248753,0.231863,0.262735,0.256649"
RELIGxPOLPARTY,RELIGxPOLPARTY :: Protestant | Refused,PQ8_F2B_W42,4,"0.263929,0.210422,0.194609,0.331041"
RELIGxPOLPARTY,RELIGxPOLPARTY :: Protestant | Republican,PQ8_F2B_W42,4,"0.272957,0.219327,0.212579,0.295137"
RELIGxPOLPARTY,RELIGxPOLPARTY :: Roman Catholic | Democrat,PQ8_F2B_W42,4,"0.280316,0.228787,0.214926,0.275970"
RELIGxPOLPARTY,RELIGxPOLPARTY :: Roman Catholic | Independent,PQ8_F2B_W42,4,"0.270468,0.238687,0.222481,0.268363"
RELIGxPOLPARTY,RELIGxPOLPARTY :: Roman Catholic | Other,PQ8_F2B_W42,4,"0.260723,0.231892,0.254683,0.252701"
RELIGxPOLPARTY,RELIGxPOLPARTY :: Roman Catholic | Republican,PQ8_F2B_W42,4,"0.299920,0.217719,0.184775,0.297586"
RELIGxPOLPARTY,RELIGxPOLPARTY :: Agnostic | Democrat,PREDICTA_W27,4,"0.493624,0.297068,0.137074,0.072233"
RELIGxPOLPARTY,RELIGxPOLPARTY :: Agnostic | Independent,PREDICTA_W27,4,"0.461305,0.350942,0.129104,0.058648"
RELIGxPOLPARTY,RELIGxPOLPARTY :: Agnostic | Other,PREDICTA_W27,4,"0.398843,0.343824,0.186934,0.070400"
RELIGxPOLPARTY,RELIGxPOLPARTY :: Atheist | Democrat,PREDICTA_W27,4,"0.396932,0.390778,0.149486,0.062804"
RELIGxPOLPARTY,RELIGxPOLPARTY :: Atheist | Independent,PREDICTA_W27,4,"0.417085,0.397985,0.130220,0.054710"
RELIGxPOLPARTY,RELIGxPOLPARTY :: Atheist | Other,PREDICTA_W27,4,"0.361506,0.390882,0.181777,0.065835"
RELIGxPOLPARTY,RELIGxPOLPARTY :: Jewish | Democrat,PREDICTA_W27,4,"0.378107,0.375165,0.157619,0.089109"
RELIGxPOLPARTY,RELIGxPOLPARTY :: Mormon | Republican,PREDICTA_W27,4,"0.456011,0.344215,0.127623,0.072151"
RELIGxPOLPARTY,RELIGxPOLPARTY :: Nothing in particular | Democrat,PREDICTA_W27,4,"0.350583,0.403519,0.173551,0.072347"
RELIGxPOLPARTY,RELIGxPOLPARTY :: Nothing in particular | Independent,PREDICTA_W27,4,"0.363960,0.442462,0.140319,0.053259"
RELIGxPOLPARTY,RELIGxPOLPARTY :: Nothing in particular | Other,PREDICTA_W27,4,"0.316592,0.426021,0.195047,0.062341"
RELIGxPOLPARTY,RELIGxPOLPARTY :: Nothing in particular | Republican,PREDICTA_W27,4,"0.365462,0.392084,0.162173,0.080281"
RELIGxPOLPARTY,RELIGxPOLPARTY :: Other | Democrat,PREDICTA_W27,4,"0.353913,0.382671,0.179354,0.084062"
RELIGxPOLPARTY,RELIGxPOLPARTY :: Other | Independent,PREDICTA_W27,4,"0.374147,0.407723,0.149993,0.068137"
RELIGxPOLPARTY,RELIGxPOLPARTY :: Protestant | Democrat,PREDICTA_W27,4,"0.384647,0.378683,0.155411,0.081259"
RELIGxPOLPARTY,RELIGxPOLPARTY :: Protestant | Independent,PREDICTA_W27,4,"0.399476,0.369455,0.149273,0.081795"
RELIGxPOLPARTY,RELIGxPOLPARTY :: Protestant | Other,PREDICTA_W27,4,"0.352270,0.352270,0.199155,0.096305"
RELIGxPOLPARTY,RELIGxPOLPARTY :: Protestant | Republican,PREDICTA_W27,4,"0.424403,0.338364,0.143272,0.093960"
RELIGxPOLPARTY,RELIGxPOLPARTY :: Roman Catholic | Democrat,PREDICTA_W27,4,"0.420051,0.370694,0.139604,0.069651"
RELIGxPOLPARTY,RELIGxPOLPARTY :: Roman Catholic | Independent,PREDICTA_W27,4,"0.409725,0.358768,0.149557,0.081950"
RELIGxPOLPARTY,RELIGxPOLPARTY :: Roman Catholic | Other,PREDICTA_W27,4,"0.356563,0.340235,0.207981,0.095221"
RELIGxPOLPARTY,RELIGxPOLPARTY :: Roman Catholic | Republican,PREDICTA_W27,4,"0.469103,0.312490,0.130265,0.088142"
RELIGxPOLPARTY,RELIGxPOLPARTY :: Agnostic | Democrat,PREDICTB_W27,4,"0.387401,0.272570,0.212278,0.127751"
RELIGxPOLPARTY,RELIGxPOLPARTY :: Agnostic | Independent,PREDICTB_W27,4,"0.337515,0.314599,0.226597,0.121289"
RELIGxPOLPARTY,RELIGxPOLPARTY :: Agnostic | Other,PREDICTB_W27,4,"0.309227,0.295066,0.270768,0.124939"
RELIGxPOLPARTY,RELIGxPOLPARTY :: Atheist | Democrat,PREDICTB_W27,4,"0.304061,0.328768,0.244320,0.122852"
RELIGxPOLPARTY,RELIGxPOLPARTY :: Atheist | Independent,PREDICTB_W27,4,"0.295060,0.347666,0.240821,0.116453"
RELIGxPOLPARTY,RELIGxPOLPARTY :: Atheist | Other,PREDICTB_W27,4,"0.269651,0.325262,0.282592,0.122495"
RELIGxPOLPARTY,RELIGxPOLPARTY :: Jewish | Democrat,PREDICTB_W27,4,"0.279607,0.299975,0.258594,0.161824"
RELIGxPOLPARTY,RELIGxPOLPARTY :: Mormon | Republican,PREDICTB_W27,4,"0.336270,0.299084,0.222261,0.142385"
RELIGxPOLPARTY,RELIGxPOLPARTY :: Nothing in particular | Democrat,PREDICTB_W27,4,"0.280245,0.330209,0.257167,0.132378"
RELIGxPOLPARTY,RELIGxPOLPARTY :: Nothing in particular | Independent,PREDICTB_W27,4,"0.260143,0.358362,0.264240,0.117256"
RELIGxPOLPARTY,RELIGxPOLPARTY :: Nothing in particular | Other,PREDICTB_W27,4,"0.242433,0.336585,0.306464,0.114517"
RELIGxPOLPARTY,RELIGxPOLPARTY :: Nothing in particular | Republican,PREDICTB_W27,4,"0.289245,0.320165,0.247404,0.143186"
RELIGxPOLPARTY,RELIGxPOLPARTY :: Other | Democrat,PREDICTB_W27,4,"0.285841,0.313934,0.254232,0.145993"
RELIGxPOLPARTY,RELIGxPOLPARTY :: Other | Independent,PREDICTB_W27,4,"0.267790,0.335884,0.259551,0.136774"
RELIGxPOLPARTY,RELIGxPOLPARTY :: Protestant | Democrat,PREDICTB_W27,4,"0.293960,0.312918,0.241805,0.151317"
RELIGxPOLPARTY,RELIGxPOLPARTY :: Protestant | Independent,PREDICTB_W27,4,"0.288774,0.314688,0.243172,0.153367"
RELIGxPOLPARTY,RELIGxPOLPARTY :: Protestant | Other,PREDICTB_W27,4,"0.272974,0.295155,0.275115,0.156756"
RELIGxPOLPARTY,RELIGxPOLPARTY :: Protestant | Republican,PREDICTB_W27,4,"0.325604,0.287345,0.222043,0.165008"
RELIGxPOLPARTY,RELIGxPOLPARTY :: Roman Catholic | Democrat,PREDICTB_W27,4,"0.316956,0.314490,0.230086,0.138468"
RELIGxPOLPARTY,RELIGxPOLPARTY :: Roman Catholic | Independent,PREDICTB_W27,4,"0.297228,0.309069,0.240703,0.153000"
RELIGxPOLPARTY,RELIGxPOLPARTY :: Roman Catholic | Other,PREDICTB_W27,4,"0.281202,0.287870,0.276842,0.154086"
RELIGxPOLPARTY,RELIGxPOLPARTY :: Roman Catholic | Republican,PREDICTB_W27,4,"0.360902,0.274560,0.205636,0.158903"
RELIGxPOLPARTY,RELIGxPOLPARTY :: Agnostic | Democrat,PRIVACYREG_W49,4,"0.238757,0.214020,0.369794,0.177429"
RELIGxPOLPARTY,RELIGxPOLPARTY :: Agnostic | Independent,PRIVACYREG_W49,4,"0.195086,0.221061,0.403429,0.180425"
RELIGxPOLPARTY,RELIGxPOLPARTY :: Atheist | Democrat,PRIVACYREG_W49,4,"0.177643,0.228098,0.406630,0.187629"
RELIGxPOLPARTY,RELIGxPOLPARTY :: Atheist | Independent,PRIVACYREG_W49,4,"0.178793,0.256109,0.406076,0.159022"
RELIGxPOLPARTY,RELIGxPOLPARTY :: Atheist | Other,PRIVACYREG_W49,4,"0.176533,0.239414,0.416915,0.167138"
RELIGxPOLPARTY,RELIGxPOLPARTY :: Jewish | Democrat,PRIVACYREG_W49,4,"0.178737,0.205725,0.396545,0.218993"
RELIGxPOLPARTY,RELIGxPOLPARTY :: Mormon | Republican,PRIVACYREG_W49,4,"0.214788,0.213117,0.398154,0.173941"
RELIGxPOLPARTY,RELIGxPOLPARTY :: Nothing in particular | Democrat,PRIVACYREG_W49,4,"0.187095,0.240235,0.402318,0.170352"
RELIGxPOLPARTY,RELIGxPOLPARTY :: Nothing in particular | Independent,PRIVACYREG_W49,4,"0.166908,0.258512,0.432927,0.141653"
RELIGxPOLPARTY,RELIGxPOLPARTY :: Nothing in particular | Other,PRIVACYREG_W49,4,"0.174227,0.255487,0.434598,0.135688"
RELIGxPOLPARTY,RELIGxPOLPARTY :: Nothing in particular | Republican,PRIVACYREG_W49,4,"0.197335,0.223610,0.404906,0.174148"
RELIGxPOLPARTY,RELIGxPOLPARTY :: Other | Independent,PRIVACYREG_W49,4,"0.173402,0.246454,0.415970,0.164174"
RELIGxPOLPARTY,RELIGxPOLPARTY :: Protestant | Democrat,PRIVACYREG_W49,4,"0.185987,0.227877,0.378652,0.207484"
RELIGxPOLPARTY,RELIGxPOLPARTY :: Protestant | Independent,PRIVACYREG_W49,4,"0.191638,0.238497,0.375209,0.194656"
RELIGxPOLPARTY,RELIGxPOLPARTY :: Protestant | Other,PRIVACYREG_W49,4,"0.204004,0.234807,0.366528,0.194662"
RELIGxPOLPARTY,RELIGxPOLPARTY :: Protestant | Republican,PRIVACYREG_W49,4,"0.213114,0.203355,0.365363,0.218168"
RELIGxPOLPARTY,RELIGxPOLPARTY :: Roman Catholic | Democrat,PRIVACYREG_W49,4,"0.199461,0.220783,0.375565,0.204191"
RELIGxPOLPARTY,RELIGxPOLPARTY :: Roman Catholic | Independent,PRIVACYREG_W49,4,"0.203110,0.233778,0.367784,0.195329"
RELIGxPOLPARTY,RELIGxPOLPARTY :: Roman Catholic | Other,PRIVACYREG_W49,4,"0.222910,0.229986,0.353437,0.193667"
RELIGxPOLPARTY,RELIGxPOLPARTY :: Roman Catholic | Republican,PRIVACYREG_W49,4,"0.247341,0.191130,0.338075,0.223454"
RELIGxPOLPARTY,RELIGxPOLPARTY :: Agnostic | Democrat,PROBOFF_b_W92,3,"0.532612,0.269915,0.197474"
RELIGxPOLPARTY,RELIGxPOLPARTY :: Agnostic | Independent,PROBOFF_b_W92,3,"0.482975,0.290659,0.226366"
RELIGxPOLPARTY,RELIGxPOLPARTY :: Agnostic | Other,PROBOFF_b_W92,3,"0.436164,0.295123,0.268713"
RELIGxPOLPARTY,RELIGxPOLPARTY :: Agnostic | Republican,PROBOFF_b_W92,3,"0.518400,0.258639,0.222961"
RELIGxPOLPARTY,RELIGxPOLPARTY :: Atheist | Democrat,PROBOFF_b_W92,3,"0.501662,0.297225,0.201113"
RELIGxPOLPARTY,RELIGxPOLPARTY :: Atheist | Independent,PROBOFF_b_W92,3,"0.479761,0.307346,0.212893"
RELIGxPOLPARTY,RELIGxPOLPARTY :: Atheist | Other,PROBOFF_b_W92,3,"0.432385,0.311435,0.256180"
RELIGxPOLPARTY,RELIGxPOLPARTY :: Buddhist | Democrat,PROBOFF_b_W92,3,"0.472961,0.305367,0.221672"
RELIGxPOLPARTY,RELIGxPOLPARTY :: Jewish | Democrat,PROBOFF_b_W92,3,"0.501581,0.292570,0.205849"
RELIGxPOLPARTY,RELIGxPOLPARTY :: Jewish | Independent,PROBOFF_b_W92,3,"0.461293,0.312127,0.226580"
RELIGxPOLPARTY,RELIGxPOLPARTY :: Jewish | Republican,PROBOFF_b_W92,3,"0.496224,0.278356,0.225420"
RELIGxPOLPARTY,RELIGxPOLPARTY :: Mormon | Independent,PROBOFF_b_W92,3,"0.470194,0.305961,0.223846"
RELIGxPOLPARTY,RELIGxPOLPARTY :: Mormon | Republican,PROBOFF_b_W92,3,"0.507736,0.263410,0.228854"
RELIGxPOLPARTY,RELIGxPOLPARTY :: Nothing in particular | Democrat,PROBOFF_b_W92,3,"0.452722,0.316051,0.231228"
RELIGxPOLPARTY,RELIGxPOLPARTY :: Nothing in particular | Independent,PROBOFF_b_W92,3,"0.434468,0.338364,0.227167"
RELIGxPOLPARTY,RELIGxPOLPARTY :: Nothing in particular | Other,PROBOFF_b_W92,3,"0.390397,0.339183,0.270420"
RELIGxPOLPARTY,RELIGxPOLPARTY :: Nothing in particular | Republican,PROBOFF_b_W92,3,"0.455116,0.303173,0.241711"
RELIGxPOLPARTY,RELIGxPOLPARTY :: Other | Democrat,PROBOFF_b_W92,3,"0.456828,0.304313,0.238858"
RELIGxPOLPARTY,RELIGxPOLPARTY :: Other | Independent,PROBOFF_b_W92,3,"0.448035,0.317704,0.234261"
RELIGxPOLPARTY,RELIGxPOLPARTY :: Other | Other,PROBOFF_b_W92,3,"0.416072,0.321515,0.262413"
RELIGxPOLPARTY,RELIGxPOLPARTY :: Protestant | Democrat,PROBOFF_b_W92,3,"0.490669,0.299940,0.209392"
RELIGxPOLPARTY,RELIGxPOLPARTY :: Protestant | Independent,PROBOFF_b_W92,3,"0.460167,0.313807,0.226026"
RELIGxPOLPARTY,RELIGxPOLPARTY :: Protestant | Other,PROBOFF_b_W92,3,"0.414684,0.315475,0.269840"
RELIGxPOLPARTY,RELIGxPOLPARTY :: Protestant | Refused,PROBOFF_b_W92,3,"0.457061,0.290526,0.252413"
RELIGxPOLPARTY,RELIGxPOLPARTY :: Protestant | Republican,PROBOFF_b_W92,3,"0.508814,0.272348,0.218838"
RELIGxPOLPARTY,RELIGxPOLPARTY :: Roman Catholic | Democrat,PROBOFF_b_W92,3,"0.496372,0.291802,0.211826"
RELIGxPOLPARTY,RELIGxPOLPARTY :: Roman Catholic | Independent,PROBOFF_b_W92,3,"0.445283,0.318229,0.236488"
RELIGxPOLPARTY,RELIGxPOLPARTY :: Roman Catholic | Other,PROBOFF_b_W92,3,"0.397111,0.319087,0.283802"
RELIGxPOLPARTY,RELIGxPOLPARTY :: Roman Catholic | Republican,PROBOFF_b_W92,3,"0.513798,0.268646,0.217556"
RELIGxPOLPARTY,RELIGxPOLPARTY :: Agnostic | Democrat,PROBURBAN_W32,4,"0.371260,0.243478,0.209891,0.175371"
RELIGxPOLPARTY,RELIGxPOLPARTY :: Agnostic | Independent,PROBURBAN_W32,4,"0.325877,0.268059,0.227499,0.178566"
RELIGxPOLPARTY,RELIGxPOLPARTY :: Agnostic | Other,PROBURBAN_W32,4,"0.295079,0.262448,0.256369,0.186104"
RELIGxPOLPARTY,RELIGxPOLPARTY :: Atheist | Democrat,PROBURBAN_W32,4,"0.308926,0.279091,0.233190,0.178793"
RELIGxPOLPARTY,RELIGxPOLPARTY :: Atheist | Independent,PROBURBAN_W32,4,"0.312908,0.291663,0.234358,0.161071"
RELIGxPOLPARTY,RELIGxPOLPARTY :: Atheist | Other,PROBURBAN_W32,4,"0.280653,0.289562,0.259561,0.170224"
RELIGxPOLPARTY,RELIGxPOLPARTY :: Jewish | Democrat,PROBURBAN_W32,4,"0.296979,0.266210,0.229487,0.207324"
RELIGxPOLPARTY,RELIGxPOLPARTY :: Jewish | Independent,PROBURBAN_W32,4,"0.292951,0.279535,0.235392,0.192122"
RELIGxPOLPARTY,RELIGxPOLPARTY :: Mormon | Republican,PROBURBAN_W32,4,"0.312373,0.263044,0.232136,0.192447"
RELIGxPOLPARTY,RELIGxPOLPARTY :: Nothing in particular | Democrat,PROBURBAN_W32,4,"0.291604,0.289335,0.238000,0.181061"
RELIGxPOLPARTY,RELIGxPOLPARTY :: Nothing in particular | Independent,PROBURBAN_W32,4,"0.285880,0.306704,0.244526,0.162889"
RELIGxPOLPARTY,RELIGxPOLPARTY :: Nothing in particular | Other,PROBURBAN_W32,4,"0.263677,0.303490,0.267829,0.165005"
RELIGxPOLPARTY,RELIGxPOLPARTY :: Nothing in particular | Republican,PROBURBAN_W32,4,"0.280194,0.280194,0.237797,0.201816"
RELIGxPOLPARTY,RELIGxPOLPARTY :: Other | Democrat,PROBURBAN_W32,4,"0.294129,0.278476,0.234500,0.192895"
RELIGxPOLPARTY,RELIGxPOLPARTY :: Other | Independent,PROBURBAN_W32,4,"0.290403,0.290403,0.238879,0.180315"
RELIGxPOLPARTY,RELIGxPOLPARTY :: Protestant | Democrat,PROBURBAN_W32,4,"0.304134,0.274762,0.227786,0.193319"
RELIGxPOLPARTY,RELIGxPOLPARTY :: Protestant | Independent,PROBURBAN_W32,4,"0.308378,0.280782,0.230965,0.179875"
RELIGxPOLPARTY,RELIGxPOLPARTY :: Protestant | Other,PROBURBAN_W32,4,"0.284952,0.276185,0.253441,0.185422"
RELIGxPOLPARTY,RELIGxPOLPARTY :: Protestant | Republican,PROBURBAN_W32,4,"0.312774,0.257281,0.216652,0.213293"
RELIGxPOLPARTY,RELIGxPOLPARTY :: Roman Catholic | Democrat,PROBURBAN_W32,4,"0.329023,0.274909,0.215778,0.180290"
RELIGxPOLPARTY,RELIGxPOLPARTY :: Roman Catholic | Independent,PROBURBAN_W32,4,"0.318807,0.283553,0.224309,0.173332"
RELIGxPOLPARTY,RELIGxPOLPARTY :: Roman Catholic | Other,PROBURBAN_W32,4,"0.293945,0.278301,0.249468,0.178286"
RELIGxPOLPARTY,RELIGxPOLPARTY :: Roman Catholic | Republican,PROBURBAN_W32,4,"0.338941,0.257853,0.200816,0.202391"
RELIGxPOLPARTY,RELIGxPOLPARTY :: Agnostic | Democrat,PROFILE3_W49,3,"0.427852,0.389564,0.182585"
RELIGxPOLPARTY,RELIGxPOLPARTY :: Agnostic | Independent,PROFILE3_W49,3,"0.418521,0.405645,0.175834"
RELIGxPOLPARTY,RELIGxPOLPARTY :: Atheist | Democrat,PROFILE3_W49,3,"0.364221,0.449753,0.186026"
RELIGxPOLPARTY,RELIGxPOLPARTY :: Atheist | Independent,PROFILE3_W49,3,"0.388437,0.447088,0.164475"
RELIGxPOLPARTY,RELIGxPOLPARTY :: Atheist | Other,PROFILE3_W49,3,"0.348115,0.468441,0.183444"
RELIGxPOLPARTY,RELIGxPOLPARTY :: Jewish | Democrat,PROFILE3_W49,3,"0.361136,0.452967,0.185897"
RELIGxPOLPARTY,RELIGxPOLPARTY :: Mormon | Republican,PROFILE3_W49,3,"0.408158,0.434482,0.157359"
RELIGxPOLPARTY,RELIGxPOLPARTY :: Nothing in particular | Democrat,PROFILE3_W49,3,"0.344239,0.459619,0.196141"
RELIGxPOLPARTY,RELIGxPOLPARTY :: Nothing in particular | Independent,PROFILE3_W49,3,"0.355742,0.490055,0.154203"
RELIGxPOLPARTY,RELIGxPOLPARTY :: Nothing in particular | Other,PROFILE3_W49,3,"0.323414,0.508801,0.167785"
RELIGxPOLPARTY,RELIGxPOLPARTY :: Nothing in particular | Republican,PROFILE3_W49,3,"0.362908,0.469638,0.167454"
RELIGxPOLPARTY,RELIGxPOLPARTY :: Other | Independent,PROFILE3_W49,3,"0.381886,0.449972,0.168142"
RELIGxPOLPARTY,RELIGxPOLPARTY :: Protestant | Democrat,PROFILE3_W49,3,"0.360082,0.451644,0.188273"
RELIGxPOLPARTY,RELIGxPOLPARTY :: Protestant | Independent,PROFILE3_W49,3,"0.385105,0.432985,0.181911"
RELIGxPOLPARTY,RELIGxPOLPARTY :: Protestant | Other,PROFILE3_W49,3,"0.352870,0.446070,0.201060"
RELIGxPOLPARTY,RELIGxPOLPARTY :: Protestant | Republican,PROFILE3_W49,3,"0.398105,0.437232,0.164663"
RELIGxPOLPARTY,RELIGxPOLPARTY :: Roman Catholic | Democrat,PROFILE3_W49,3,"0.370193,0.453569,0.176238"
RELIGxPOLPARTY,RELIGxPOLPARTY :: Roman Catholic | Independent,PROFILE3_W49,3,"0.377657,0.427942,0.194401"
RELIGxPOLPARTY,RELIGxPOLPARTY :: Roman Catholic | Other,PROFILE3_W49,3,"0.344815,0.442751,0.212434"
RELIGxPOLPARTY,RELIGxPOLPARTY :: Roman Catholic | Republican,PROFILE3_W49,3,"0.412438,0.422219,0.165343"
RELIGxPOLPARTY,RELIGxPOLPARTY :: Agnostic | Democrat,PROG_RNEED2b_W92,2,"0.521471,0.478529"
RELIGxPOLPARTY,RELIGxPOLPARTY :: Agnostic | Independent,PROG_RNEED2b_W92,2,"0.447460,0.552540"
RELIGxPOLPARTY,RELIGxPOLPARTY :: Agnostic | Other,PROG_RNEED2b_W92,2,"0.424412,0.575588"
RELIGxPOLPARTY,RELIGxPOLPARTY :: Agnostic | Republican,PROG_RNEED2b_W92,2,"0.424412,0.575588"
RELIGxPOLPARTY,RELIGxPOLPARTY :: Atheist | Democrat,PROG_RNEED2b_W92,2,"0.453262,0.546738"
RELIGxPOLPARTY,RELIGxPOLPARTY :: Atheist | Independent,PROG_RNEED2b_W92,2,"0.433981,0.566019"
RELIGxPOLPARTY,RELIGxPOLPARTY :: Atheist | Other,PROG_RNEED2b_W92,2,"0.422505,0.577495"
RELIGxPOLPARTY,RELIGxPOLPARTY :: Buddhist | Democrat,PROG_RNEED2b_W92,2,"0.430147,0.569853"
RELIGxPOLPARTY,RELIGxPOLPARTY :: Jewish | Democrat,PROG_RNEED2b_W92,2,"0.428233,0.571767"
RELIGxPOLPARTY,RELIGxPOLPARTY :: Jewish | Independent,PROG_RNEED2b_W92,2,"0.430147,0.569853"
RELIGxPOLPARTY,RELIGxPOLPARTY :: Jewish | Republican,PROG_RNEED2b_W92,2,"0.432063,0.567937"
RELIGxPOLPARTY,RELIGxPOLPARTY :: Mormon | Independent,PROG_RNEED2b_W92,2,"0.428233,0.571767"
RELIGxPOLPARTY,RELIGxPOLPARTY :: Mormon | Republican,PROG_RNEED2b_W92,2,"0.413004,0.586996"
RELIGxPOLPARTY,RELIGxPOLPARTY :: Nothing in particular | Democrat,PROG_RNEED2b_W92,2,"0.424412,0.575588"
RELIGxPOLPARTY,RELIGxPOLPARTY :: Nothing in particular | Independent,PROG_RNEED2b_W92,2,"0.403567,0.596433"
RELIGxPOLPARTY,RELIGxPOLPARTY :: Nothing in particular | Other,PROG_RNEED2b_W92,2,"0.384912,0.615088"
RELIGxPOLPARTY,RELIGxPOLPARTY :: Nothing in particular | Republican,PROG_RNEED2b_W92,2,"0.409221,0.590779"
RELIGxPOLPARTY,RELIGxPOLPARTY :: Other | Democrat,PROG_RNEED2b_W92,2,"0.445530,0.554470"
RELIGxPOLPARTY,RELIGxPOLPARTY :: Other | Independent,PROG_RNEED2b_W92,2,"0.441673,0.558327"
RELIGxPOLPARTY,RELIGxPOLPARTY :: Other | Other,PROG_RNEED2b_W92,2,"0.413004,0.586996"
RELIGxPOLPARTY,RELIGxPOLPARTY :: Protestant | Democrat,PROG_RNEED2b_W92,2,"0.426322,0.573678"
RELIGxPOLPARTY,RELIGxPOLPARTY :: Protestant | Independent,PROG_RNEED2b_W92,2,"0.437824,0.562177"
RELIGxPOLPARTY,RELIGxPOLPARTY :: Protestant | Other,PROG_RNEED2b_W92,2,"0.416797,0.583203"
RELIGxPOLPARTY,RELIGxPOLPARTY :: Protestant | Refused,PROG_RNEED2b_W92,2,"0.432063,0.567937"
RELIGxPOLPARTY,RELIGxPOLPARTY :: Protestant | Republican,PROG_RNEED2b_W92,2,"0.422505,0.577495"
RELIGxPOLPARTY,RELIGxPOLPARTY :: Roman Catholic | Democrat,PROG_RNEED2b_W92,2,"0.414899,0.585101"
RELIGxPOLPARTY,RELIGxPOLPARTY :: Roman Catholic | Independent,PROG_RNEED2b_W92,2,"0.426322,0.573678"
RELIGxPOLPARTY,RELIGxPOLPARTY :: Roman Catholic | Other,PROG_RNEED2b_W92,2,"0.413004,0.586996"
RELIGxPOLPARTY,RELIGxPOLPARTY :: Roman Catholic | Republican,PROG_RNEED2b_W92,2,"0.413004,0.586996"
RELIGxPOLPARTY,RELIGxPOLPARTY :: Agnostic | Democrat,PUBLICDATA_W49,2,"0.550607,0.449393"
RELIGxPOLPARTY,RELIGxPOLPARTY :: Agnostic | Independent,PUBLICDATA_W49,2,"0.542863,0.457137"
RELIGxPOLPARTY,RELIGxPOLPARTY :: Atheist | Democrat,PUBLICDATA_W49,2,"0.476580,0.523420"
RELIGxPOLPARTY,RELIGxPOLPARTY :: Atheist | Independent,PUBLICDATA_W49,2,"0.503906,0.496094"
RELIGxPOLPARTY,RELIGxPOLPARTY :: Atheist | Other,PUBLICDATA_W49,2,"0.484380,0.515620"
RELIGxPOLPARTY,RELIGxPOLPARTY :: Jewish | Democrat,PUBLICDATA_W49,2,"0.462959,0.537041"
RELIGxPOLPARTY,RELIGxPOLPARTY :: Mormon | Republican,PUBLICDATA_W49,2,"0.435902,0.564098"
RELIGxPOLPARTY,RELIGxPOLPARTY :: Nothing in particular | Democrat,PUBLICDATA_W49,2,"0.478529,0.521471"
RELIGxPOLPARTY,RELIGxPOLPARTY :: Nothing in particular | Independent,PUBLICDATA_W49,2,"0.498047,0.501953"
RELIGxPOLPARTY,RELIGxPOLPARTY :: Nothing in particular | Other,PUBLICDATA_W49,2,"0.478529,0.521471"
RELIGxPOLPARTY,RELIGxPOLPARTY :: Nothing in particular | Republican,PUBLICDATA_W49,2,"0.478529,0.521471"
RELIGxPOLPARTY,RELIGxPOLPARTY :: Other | Independent,PUBLICDATA_W49,2,"0.496094,0.503906"
RELIGxPOLPARTY,RELIGxPOLPARTY :: Protestant | Democrat,PUBLICDATA_W49,2,"0.449393,0.550607"
RELIGxPOLPARTY,RELIGxPOLPARTY :: Protestant | Independent,PUBLICDATA_W49,2,"0.492188,0.507812"
RELIGxPOLPARTY,RELIGxPOLPARTY :: Protestant | Other,PUBLICDATA_W49,2,"0.474631,0.525369"
RELIGxPOLPARTY,RELIGxPOLPARTY :: Protestant | Republican,PUBLICDATA_W49,2,"0.466846,0.533154"
RELIGxPOLPARTY,RELIGxPOLPARTY :: Roman Catholic | Democrat,PUBLICDATA_W49,2,"0.478529,0.521471"
RELIGxPOLPARTY,RELIGxPOLPARTY :: Roman Catholic | Independent,PUBLICDATA_W49,2,"0.515620,0.484380"
RELIGxPOLPARTY,RELIGxPOLPARTY :: Roman Catholic | Other,PUBLICDATA_W49,2,"0.501953,0.498047"
RELIGxPOLPARTY,RELIGxPOLPARTY :: Roman Catholic | Republican,PUBLICDATA_W49,2,"0.498047,0.501953"
RELIGxPOLPARTY,RELIGxPOLPARTY :: Agnostic | Democrat,Q8F1_W42,3,"0.615054,0.107719,0.277227"
RELIGxPOLPARTY,RELIGxPOLPARTY :: Agnostic | Independent,Q8F1_W42,3,"0.543175,0.106125,0.350700"
RELIGxPOLPARTY,RELIGxPOLPARTY :: Atheist | Democrat,Q8F1_W42,3,"0.564404,0.140491,0.295105"
RELIGxPOLPARTY,RELIGxPOLPARTY :: Atheist | Independent,Q8F1_W42,3,"0.503613,0.142051,0.354336"
RELIGxPOLPARTY,RELIGxPOLPARTY :: Atheist | Other,Q8F1_W42,3,"0.416612,0.156897,0.426491"
RELIGxPOLPARTY,RELIGxPOLPARTY :: Jewish | Democrat,Q8F1_W42,3,"0.578210,0.131048,0.290742"
RELIGxPOLPARTY,RELIGxPOLPARTY :: Mormon | Republican,Q8F1_W42,3,"0.553070,0.129329,0.317601"
RELIGxPOLPARTY,RELIGxPOLPARTY :: Nothing in particular | Democrat,Q8F1_W42,3,"0.473218,0.152436,0.374346"
RELIGxPOLPARTY,RELIGxPOLPARTY :: Nothing in particular | Independent,Q8F1_W42,3,"0.402212,0.127554,0.470234"
RELIGxPOLPARTY,RELIGxPOLPARTY :: Nothing in particular | Other,Q8F1_W42,3,"0.323235,0.147988,0.528777"
RELIGxPOLPARTY,RELIGxPOLPARTY :: Nothing in particular | Republican,Q8F1_W42,3,"0.443772,0.152170,0.404059"
RELIGxPOLPARTY,RELIGxPOLPARTY :: Other | Independent,Q8F1_W42,3,"0.416821,0.142928,0.440251"
RELIGxPOLPARTY,RELIGxPOLPARTY :: Protestant | Democrat,Q8F1_W42,3,"0.543795,0.146360,0.309845"
RELIGxPOLPARTY,RELIGxPOLPARTY :: Protestant | Independent,Q8F1_W42,3,"0.500706,0.135820,0.363474"
RELIGxPOLPARTY,RELIGxPOLPARTY :: Protestant | Other,Q8F1_W42,3,"0.415585,0.158975,0.425440"
RELIGxPOLPARTY,RELIGxPOLPARTY :: Protestant | Refused,Q8F1_W42,3,"0.449007,0.175834,0.375159"
RELIGxPOLPARTY,RELIGxPOLPARTY :: Protestant | Republican,Q8F1_W42,3,"0.551776,0.136279,0.311946"
RELIGxPOLPARTY,RELIGxPOLPARTY :: Roman Catholic | Democrat,Q8F1_W42,3,"0.602381,0.106327,0.291292"
RELIGxPOLPARTY,RELIGxPOLPARTY :: Roman Catholic | Independent,Q8F1_W42,3,"0.507822,0.126407,0.365771"
RELIGxPOLPARTY,RELIGxPOLPARTY :: Roman Catholic | Other,Q8F1_W42,3,"0.428244,0.146845,0.424911"
RELIGxPOLPARTY,RELIGxPOLPARTY :: Roman Catholic | Republican,Q8F1_W42,3,"0.602997,0.096156,0.300846"
RELIGxPOLPARTY,RELIGxPOLPARTY :: Agnostic | Democrat,Q8F2_W42,3,"0.404798,0.237969,0.357233"
RELIGxPOLPARTY,RELIGxPOLPARTY :: Agnostic | Independent,Q8F2_W42,3,"0.338403,0.223671,0.437926"
RELIGxPOLPARTY,RELIGxPOLPARTY :: Atheist | Democrat,Q8F2_W42,3,"0.328910,0.283538,0.387551"
RELIGxPOLPARTY,RELIGxPOLPARTY :: Atheist | Independent,Q8F2_W42,3,"0.303537,0.261666,0.434797"
RELIGxPOLPARTY,RELIGxPOLPARTY :: Atheist | Other,Q8F2_W42,3,"0.270675,0.254276,0.475049"
RELIGxPOLPARTY,RELIGxPOLPARTY :: Jewish | Democrat,Q8F2_W42,3,"0.344333,0.274526,0.381141"
RELIGxPOLPARTY,RELIGxPOLPARTY :: Mormon | Republican,Q8F2_W42,3,"0.361484,0.244592,0.393923"
RELIGxPOLPARTY,RELIGxPOLPARTY :: Nothing in particular | Democrat,Q8F2_W42,3,"0.308515,0.259795,0.431690"
RELIGxPOLPARTY,RELIGxPOLPARTY :: Nothing in particular | Independent,Q8F2_W42,3,"0.275119,0.222798,0.502083"
RELIGxPOLPARTY,RELIGxPOLPARTY :: Nothing in particular | Other,Q8F2_W42,3,"0.249312,0.227001,0.523687"
RELIGxPOLPARTY,RELIGxPOLPARTY :: Nothing in particular | Republican,Q8F2_W42,3,"0.311616,0.252354,0.436029"
RELIGxPOLPARTY,RELIGxPOLPARTY :: Other | Independent,Q8F2_W42,3,"0.277512,0.239230,0.483258"
RELIGxPOLPARTY,RELIGxPOLPARTY :: Protestant | Democrat,Q8F2_W42,3,"0.335568,0.278196,0.386236"
RELIGxPOLPARTY,RELIGxPOLPARTY :: Protestant | Independent,Q8F2_W42,3,"0.311001,0.253831,0.435168"
RELIGxPOLPARTY,RELIGxPOLPARTY :: Protestant | Other,Q8F2_W42,3,"0.288918,0.252985,0.458097"
RELIGxPOLPARTY,RELIGxPOLPARTY :: Protestant | Refused,Q8F2_W42,3,"0.312742,0.282539,0.404719"
RELIGxPOLPARTY,RELIGxPOLPARTY :: Protestant | Republican,Q8F2_W42,3,"0.358278,0.266250,0.375472"
RELIGxPOLPARTY,RELIGxPOLPARTY :: Roman Catholic | Democrat,Q8F2_W42,3,"0.366716,0.236770,0.396514"
RELIGxPOLPARTY,RELIGxPOLPARTY :: Roman Catholic | Independent,Q8F2_W42,3,"0.313748,0.236829,0.449423"
RELIGxPOLPARTY,RELIGxPOLPARTY :: Roman Catholic | Other,Q8F2_W42,3,"0.296154,0.234277,0.469569"
RELIGxPOLPARTY,RELIGxPOLPARTY :: Roman Catholic | Republican,Q8F2_W42,3,"0.398735,0.211767,0.389498"
RELIGxPOLPARTY,RELIGxPOLPARTY :: Agnostic | Democrat,RACESURV11_W43,3,"0.367786,0.302533,0.329681"
RELIGxPOLPARTY,RELIGxPOLPARTY :: Agnostic | Independent,RACESURV11_W43,3,"0.284640,0.291390,0.423970"
RELIGxPOLPARTY,RELIGxPOLPARTY :: Agnostic | Other,RACESURV11_W43,3,"0.263178,0.302916,0.433907"
RELIGxPOLPARTY,RELIGxPOLPARTY :: Atheist | Democrat,RACESURV11_W43,3,"0.299246,0.331235,0.369519"
RELIGxPOLPARTY,RELIGxPOLPARTY :: Atheist | Independent,RACESURV11_W43,3,"0.289641,0.320604,0.389755"
RELIGxPOLPARTY,RELIGxPOLPARTY :: Atheist | Other,RACESURV11_W43,3,"0.258992,0.317324,0.423683"
RELIGxPOLPARTY,RELIGxPOLPARTY :: Jewish | Democrat,RACESURV11_W43,3,"0.292412,0.326210,0.381378"
RELIGxPOLPARTY,RELIGxPOLPARTY :: Mormon | Republican,RACESURV11_W43,3,"0.290522,0.321579,0.387898"
RELIGxPOLPARTY,RELIGxPOLPARTY :: Nothing in particular | Democrat,RACESURV11_W43,3,"0.290918,0.329653,0.379429"
RELIGxPOLPARTY,RELIGxPOLPARTY :: Nothing in particular | Independent,RACESURV11_W43,3,"0.259273,0.303121,0.437606"
RELIGxPOLPARTY,RELIGxPOLPARTY :: Nothing in particular | Other,RACESURV11_W43,3,"0.241933,0.313084,0.444983"
RELIGxPOLPARTY,RELIGxPOLPARTY :: Nothing in particular | Republican,RACESURV11_W43,3,"0.276953,0.326330,0.396717"
RELIGxPOLPARTY,RELIGxPOLPARTY :: Other | Democrat,RACESURV11_W43,3,"0.286213,0.334617,0.379170"
RELIGxPOLPARTY,RELIGxPOLPARTY :: Other | Independent,RACESURV11_W43,3,"0.268513,0.309057,0.422430"
RELIGxPOLPARTY,RELIGxPOLPARTY :: Protestant | Democrat,RACESURV11_W43,3,"0.286960,0.332880,0.380160"
RELIGxPOLPARTY,RELIGxPOLPARTY :: Protestant | Independent,RACESURV11_W43,3,"0.280529,0.308101,0.411369"
RELIGxPOLPARTY,RELIGxPOLPARTY :: Protestant | Other,RACESURV11_W43,3,"0.266559,0.314084,0.419357"
RELIGxPOLPARTY,RELIGxPOLPARTY :: Protestant | Refused,RACESURV11_W43,3,"0.275594,0.307447,0.416960"
RELIGxPOLPARTY,RELIGxPOLPARTY :: Protestant | Republican,RACESURV11_W43,3,"0.285858,0.326460,0.387681"
RELIGxPOLPARTY,RELIGxPOLPARTY :: Roman Catholic | Democrat,RACESURV11_W43,3,"0.294032,0.325463,0.380505"
RELIGxPOLPARTY,RELIGxPOLPARTY :: Roman Catholic | Independent,RACESURV11_W43,3,"0.278056,0.307780,0.414164"
RELIGxPOLPARTY,RELIGxPOLPARTY :: Roman Catholic | Other,RACESURV11_W43,3,"0.270939,0.309422,0.419639"
RELIGxPOLPARTY,RELIGxPOLPARTY :: Roman Catholic | Republican,RACESURV11_W43,3,"0.294698,0.299339,0.405963"
RELIGxPOLPARTY,RELIGxPOLPARTY :: Agnostic | Democrat,RACESURV13_W43,4,"0.391700,0.224934,0.195426,0.187940"
RELIGxPOLPARTY,RELIGxPOLPARTY :: Agnostic | Independent,RACESURV13_W43,4,"0.370089,0.242710,0.199648,0.187552"
RELIGxPOLPARTY,RELIGxPOLPARTY :: Agnostic | Other,RACESURV13_W43,4,"0.322816,0.243674,0.236177,0.197333"
RELIGxPOLPARTY,RELIGxPOLPARTY :: Atheist | Democrat,RACESURV13_W43,4,"0.335195,0.261050,0.209760,0.193996"
RELIGxPOLPARTY,RELIGxPOLPARTY :: Atheist | Independent,RACESURV13_W43,4,"0.325930,0.270206,0.213750,0.190114"
RELIGxPOLPARTY,RELIGxPOLPARTY :: Atheist | Other,RACESURV13_W43,4,"0.294345,0.265919,0.242122,0.197614"
RELIGxPOLPARTY,RELIGxPOLPARTY :: Jewish | Democrat,RACESURV13_W43,4,"0.319634,0.252851,0.214592,0.212922"
RELIGxPOLPARTY,RELIGxPOLPARTY :: Mormon | Republican,RACESURV13_W43,4,"0.300244,0.233830,0.237512,0.228413"
RELIGxPOLPARTY,RELIGxPOLPARTY :: Nothing in particular | Democrat,RACESURV13_W43,4,"0.309074,0.274896,0.222617,0.193413"
RELIGxPOLPARTY,RELIGxPOLPARTY :: Nothing in particular | Independent,RACESURV13_W43,4,"0.310288,0.286970,0.221753,0.180989"
RELIGxPOLPARTY,RELIGxPOLPARTY :: Nothing in particular | Other,RACESURV13_W43,4,"0.275237,0.283974,0.254553,0.186235"
RELIGxPOLPARTY,RELIGxPOLPARTY :: Nothing in particular | Republican,RACESURV13_W43,4,"0.281701,0.256492,0.237216,0.224592"
RELIGxPOLPARTY,RELIGxPOLPARTY :: Other | Democrat,RACESURV13_W43,4,"0.311176,0.264092,0.220657,0.204074"
RELIGxPOLPARTY,RELIGxPOLPARTY :: Other | Independent,RACESURV13_W43,4,"0.312677,0.271659,0.219996,0.195668"
RELIGxPOLPARTY,RELIGxPOLPARTY :: Protestant | Democrat,RACESURV13_W43,4,"0.334902,0.258792,0.206327,0.199979"
RELIGxPOLPARTY,RELIGxPOLPARTY :: Protestant | Independent,RACESURV13_W43,4,"0.341711,0.264054,0.204045,0.190191"
RELIGxPOLPARTY,RELIGxPOLPARTY :: Protestant | Other,RACESURV13_W43,4,"0.306648,0.260249,0.235115,0.197987"
RELIGxPOLPARTY,RELIGxPOLPARTY :: Protestant | Refused,RACESURV13_W43,4,"0.302253,0.244772,0.219412,0.233563"
RELIGxPOLPARTY,RELIGxPOLPARTY :: Protestant | Republican,RACESURV13_W43,4,"0.320701,0.236470,0.213633,0.229195"
RELIGxPOLPARTY,RELIGxPOLPARTY :: Roman Catholic | Democrat,RACESURV13_W43,4,"0.373359,0.252628,0.187737,0.186276"
RELIGxPOLPARTY,RELIGxPOLPARTY :: Roman Catholic | Independent,RACESURV13_W43,4,"0.362041,0.260768,0.192278,0.184912"
RELIGxPOLPARTY,RELIGxPOLPARTY :: Roman Catholic | Other,RACESURV13_W43,4,"0.325208,0.261312,0.225265,0.188216"
RELIGxPOLPARTY,RELIGxPOLPARTY :: Roman Catholic | Republican,RACESURV13_W43,4,"0.366877,0.233201,0.185924,0.213997"
RELIGxPOLPARTY,RELIGxPOLPARTY :: Agnostic | Democrat,RACESURV18d_W43,4,"0.408894,0.344323,0.193148,0.053635"
RELIGxPOLPARTY,RELIGxPOLPARTY :: Agnostic | Independent,RACESURV18d_W43,4,"0.383334,0.395503,0.181074,0.040089"
RELIGxPOLPARTY,RELIGxPOLPARTY :: Agnostic | Other,RACESURV18d_W43,4,"0.328170,0.383669,0.238226,0.049935"
RELIGxPOLPARTY,RELIGxPOLPARTY :: Atheist | Democrat,RACESURV18d_W43,4,"0.346838,0.424955,0.187105,0.041102"
RELIGxPOLPARTY,RELIGxPOLPARTY :: Atheist | Independent,RACESURV18d_W43,4,"0.325856,0.435075,0.197642,0.041428"
RELIGxPOLPARTY,RELIGxPOLPARTY :: Atheist | Other,RACESURV18d_W43,4,"0.296140,0.420900,0.236104,0.046856"
RELIGxPOLPARTY,RELIGxPOLPARTY :: Jewish | Democrat,RACESURV18d_W43,4,"0.324072,0.412878,0.207608,0.055442"
RELIGxPOLPARTY,RELIGxPOLPARTY :: Mormon | Republican,RACESURV18d_W43,4,"0.309214,0.390883,0.242705,0.057199"
RELIGxPOLPARTY,RELIGxPOLPARTY :: Nothing in particular | Democrat,RACESURV18d_W43,4,"0.309805,0.426775,0.216279,0.047140"
RELIGxPOLPARTY,RELIGxPOLPARTY :: Nothing in particular | Independent,RACESURV18d_W43,4,"0.299703,0.460577,0.202789,0.036931"
RELIGxPOLPARTY,RELIGxPOLPARTY :: Nothing in particular | Other,RACESURV18d_W43,4,"0.256504,0.439750,0.260543,0.043202"
RELIGxPOLPARTY,RELIGxPOLPARTY :: Nothing in particular | Republican,RACESURV18d_W43,4,"0.286466,0.420075,0.237489,0.055970"
RELIGxPOLPARTY,RELIGxPOLPARTY :: Other | Democrat,RACESURV18d_W43,4,"0.313295,0.411819,0.218715,0.056171"
RELIGxPOLPARTY,RELIGxPOLPARTY :: Other | Independent,RACESURV18d_W43,4,"0.305099,0.433633,0.212994,0.048274"
RELIGxPOLPARTY,RELIGxPOLPARTY :: Protestant | Democrat,RACESURV18d_W43,4,"0.326976,0.419845,0.201444,0.051735"
RELIGxPOLPARTY,RELIGxPOLPARTY :: Protestant | Independent,RACESURV18d_W43,4,"0.328978,0.412630,0.204267,0.054125"
RELIGxPOLPARTY,RELIGxPOLPARTY :: Protestant | Other,RACESURV18d_W43,4,"0.291491,0.389192,0.253252,0.066065"
RELIGxPOLPARTY,RELIGxPOLPARTY :: Protestant | Refused,RACESURV18d_W43,4,"0.299257,0.366657,0.233061,0.101025"
RELIGxPOLPARTY,RELIGxPOLPARTY :: Protestant | Republican,RACESURV18d_W43,4,"0.314613,0.391542,0.223094,0.070750"
RELIGxPOLPARTY,RELIGxPOLPARTY :: Roman Catholic | Democrat,RACESURV18d_W43,4,"0.352225,0.434940,0.173007,0.039828"
RELIGxPOLPARTY,RELIGxPOLPARTY :: Roman Catholic | Independent,RACESURV18d_W43,4,"0.345357,0.406930,0.196779,0.050933"
RELIGxPOLPARTY,RELIGxPOLPARTY :: Roman Catholic | Other,RACESURV18d_W43,4,"0.298001,0.385641,0.252910,0.063448"
RELIGxPOLPARTY,RELIGxPOLPARTY :: Roman Catholic | Republican,RACESURV18d_W43,4,"0.339183,0.393459,0.204124,0.063235"
RELIGxPOLPARTY,RELIGxPOLPARTY :: Agnostic | Democrat,RACESURV21_W43,4,"0.311866,0.226391,0.228166,0.233577"
RELIGxPOLPARTY,RELIGxPOLPARTY :: Agnostic | Independent,RACESURV21_W43,4,"0.243607,0.243607,0.249384,0.263402"
RELIGxPOLPARTY,RELIGxPOLPARTY :: Agnostic | Other,RACESURV21_W43,4,"0.230749,0.239941,0.271889,0.257420"
RELIGxPOLPARTY,RELIGxPOLPARTY :: Atheist | Democrat,RACESURV21_W43,4,"0.247809,0.265860,0.251711,0.234620"
RELIGxPOLPARTY,RELIGxPOLPARTY :: Atheist | Independent,RACESURV21_W43,4,"0.226870,0.280147,0.257077,0.235907"
RELIGxPOLPARTY,RELIGxPOLPARTY :: Atheist | Other,RACESURV21_W43,4,"0.213902,0.272519,0.276810,0.236768"
RELIGxPOLPARTY,RELIGxPOLPARTY :: Jewish | Democrat,RACESURV21_W43,4,"0.240309,0.249881,0.247937,0.261873"
RELIGxPOLPARTY,RELIGxPOLPARTY :: Mormon | Republican,RACESURV21_W43,4,"0.256819,0.246980,0.239382,0.256819"
RELIGxPOLPARTY,RELIGxPOLPARTY :: Nothing in particular | Democrat,RACESURV21_W43,4,"0.235927,0.269437,0.253113,0.241522"
RELIGxPOLPARTY,RELIGxPOLPARTY :: Nothing in particular | Independent,RACESURV21_W43,4,"0.204610,0.281862,0.264785,0.248743"
RELIGxPOLPARTY,RELIGxPOLPARTY :: Nothing in particular | Other,RACESURV21_W43,4,"0.196027,0.280796,0.282999,0.240178"
RELIGxPOLPARTY,RELIGxPOLPARTY :: Nothing in particular | Republican,RACESURV21_W43,4,"0.225277,0.257274,0.243582,0.273867"
RELIGxPOLPARTY,RELIGxPOLPARTY :: Other | Democrat,RACESURV21_W43,4,"0.243592,0.263386,0.251325,0.241697"
RELIGxPOLPARTY,RELIGxPOLPARTY :: Other | Independent,RACESURV21_W43,4,"0.219493,0.273163,0.258626,0.248718"
RELIGxPOLPARTY,RELIGxPOLPARTY :: Protestant | Democrat,RACESURV21_W43,4,"0.249380,0.263398,0.241708,0.245514"
RELIGxPOLPARTY,RELIGxPOLPARTY :: Protestant | Independent,RACESURV21_W43,4,"0.238327,0.267959,0.245893,0.247821"
RELIGxPOLPARTY,RELIGxPOLPARTY :: Protestant | Other,RACESURV21_W43,4,"0.228138,0.264645,0.260542,0.246676"
RELIGxPOLPARTY,RELIGxPOLPARTY :: Protestant | Refused,RACESURV21_W43,4,"0.239758,0.243534,0.234204,0.282504"
RELIGxPOLPARTY,RELIGxPOLPARTY :: Protestant | Republican,RACESURV21_W43,4,"0.250260,0.244463,0.226091,0.279185"
RELIGxPOLPARTY,RELIGxPOLPARTY :: Roman Catholic | Democrat,RACESURV21_W43,4,"0.269153,0.264980,0.233844,0.232024"
RELIGxPOLPARTY,RELIGxPOLPARTY :: Roman Catholic | Independent,RACESURV21_W43,4,"0.243955,0.270034,0.242056,0.243955"
RELIGxPOLPARTY,RELIGxPOLPARTY :: Roman Catholic | Other,RACESURV21_W43,4,"0.237842,0.263267,0.259185,0.239707"
RELIGxPOLPARTY,RELIGxPOLPARTY :: Roman Catholic | Republican,RACESURV21_W43,4,"0.279371,0.242722,0.209239,0.268668"
RELIGxPOLPARTY,RELIGxPOLPARTY :: Agnostic | Democrat,RACESURV22_W43,4,"0.260889,0.206380,0.239405,0.293325"
RELIGxPOLPARTY,RELIGxPOLPARTY :: Agnostic | Independent,RACESURV22_W43,4,"0.200866,0.217188,0.255910,0.326037"
RELIGxPOLPARTY,RELIGxPOLPARTY :: Agnostic | Other,RACESURV22_W43,4,"0.197161,0.214854,0.280222,0.307764"
RELIGxPOLPARTY,RELIGxPOLPARTY :: Atheist | Democrat,RACESURV22_W43,4,"0.209727,0.235802,0.261010,0.293461"
RELIGxPOLPARTY,RELIGxPOLPARTY :: Atheist | Independent,RACESURV22_W43,4,"0.192081,0.252486,0.262544,0.292889"
RELIGxPOLPARTY,RELIGxPOLPARTY :: Atheist | Other,RACESURV22_W43,4,"0.186424,0.245050,0.284263,0.284263"
RELIGxPOLPARTY,RELIGxPOLPARTY :: Jewish | Democrat,RACESURV22_W43,4,"0.203466,0.221724,0.257205,0.317605"
RELIGxPOLPARTY,RELIGxPOLPARTY :: Mormon | Republican,RACESURV22_W43,4,"0.222400,0.217248,0.244258,0.316094"
RELIGxPOLPARTY,RELIGxPOLPARTY :: Nothing in particular | Democrat,RACESURV22_W43,4,"0.204373,0.235232,0.258352,0.302044"
RELIGxPOLPARTY,RELIGxPOLPARTY :: Nothing in particular | Independent,RACESURV22_W43,4,"0.172890,0.243814,0.267777,0.315519"
RELIGxPOLPARTY,RELIGxPOLPARTY :: Nothing in particular | Other,RACESURV22_W43,4,"0.169437,0.242708,0.290483,0.297372"
RELIGxPOLPARTY,RELIGxPOLPARTY :: Nothing in particular | Republican,RACESURV22_W43,4,"0.197069,0.225059,0.245256,0.332616"
RELIGxPOLPARTY,RELIGxPOLPARTY :: Other | Democrat,RACESURV22_W43,4,"0.213516,0.234501,0.255545,0.296438"
RELIGxPOLPARTY,RELIGxPOLPARTY :: Other | Independent,RACESURV22_W43,4,"0.188093,0.243411,0.263190,0.305306"
RELIGxPOLPARTY,RELIGxPOLPARTY :: Protestant | Democrat,RACESURV22_W43,4,"0.218259,0.234157,0.249259,0.298324"
RELIGxPOLPARTY,RELIGxPOLPARTY :: Protestant | Independent,RACESURV22_W43,4,"0.210489,0.240385,0.249961,0.299165"
RELIGxPOLPARTY,RELIGxPOLPARTY :: Protestant | Other,RACESURV22_W43,4,"0.206506,0.239551,0.267238,0.286705"
RELIGxPOLPARTY,RELIGxPOLPARTY :: Protestant | Refused,RACESURV22_W43,4,"0.218204,0.223378,0.235934,0.322484"
RELIGxPOLPARTY,RELIGxPOLPARTY :: Protestant | Republican,RACESURV22_W43,4,"0.225049,0.218125,0.226814,0.330012"
RELIGxPOLPARTY,RELIGxPOLPARTY :: Roman Catholic | Democrat,RACESURV22_W43,4,"0.231255,0.229455,0.242353,0.296937"
RELIGxPOLPARTY,RELIGxPOLPARTY :: Roman Catholic | Independent,RACESURV22_W43,4,"0.212521,0.240817,0.244610,0.302053"
RELIGxPOLPARTY,RELIGxPOLPARTY :: Roman Catholic | Other,RACESURV22_W43,4,"0.212506,0.237068,0.264468,0.285958"
RELIGxPOLPARTY,RELIGxPOLPARTY :: Roman Catholic | Republican,RACESURV22_W43,4,"0.245308,0.211468,0.213127,0.330097"
RELIGxPOLPARTY,RELIGxPOLPARTY :: Agnostic | Democrat,RACESURV2_W43,5,"0.347177,0.202507,0.134899,0.114487,0.200931"
RELIGxPOLPARTY,RELIGxPOLPARTY :: Agnostic | Independent,RACESURV2_W43,5,"0.326808,0.237237,0.126984,0.101240,0.207732"
RELIGxPOLPARTY,RELIGxPOLPARTY :: Agnostic | Other,RACESURV2_W43,5,"0.286989,0.232411,0.159733,0.114156,0.206710"
RELIGxPOLPARTY,RELIGxPOLPARTY :: Atheist | Democrat,RACESURV2_W43,5,"0.292660,0.252289,0.141521,0.115506,0.198024"
RELIGxPOLPARTY,RELIGxPOLPARTY :: Atheist | Independent,RACESURV2_W43,5,"0.300564,0.257086,0.130285,0.103872,0.208194"
RELIGxPOLPARTY,RELIGxPOLPARTY :: Atheist | Other,RACESURV2_W43,5,"0.272807,0.256278,0.153031,0.111960,0.205925"
RELIGxPOLPARTY,RELIGxPOLPARTY :: Jewish | Democrat,RACESURV2_W43,5,"0.275195,0.246684,0.142770,0.125994,0.209358"
RELIGxPOLPARTY,RELIGxPOLPARTY :: Mormon | Republican,RACESURV2_W43,5,"0.283349,0.213883,0.132803,0.123786,0.246178"
RELIGxPOLPARTY,RELIGxPOLPARTY :: Nothing in particular | Democrat,RACESURV2_W43,5,"0.272436,0.246125,0.148121,0.122796,0.210522"
RELIGxPOLPARTY,RELIGxPOLPARTY :: Nothing in particular | Independent,RACESURV2_W43,5,"0.283696,0.264434,0.126877,0.098812,0.226182"
RELIGxPOLPARTY,RELIGxPOLPARTY :: Nothing in particular | Other,RACESURV2_W43,5,"0.254510,0.264649,0.151975,0.109464,0.219402"
RELIGxPOLPARTY,RELIGxPOLPARTY :: Nothing in particular | Republican,RACESURV2_W43,5,"0.268485,0.238796,0.143710,0.122922,0.226087"
RELIGxPOLPARTY,RELIGxPOLPARTY :: Other | Democrat,RACESURV2_W43,5,"0.270564,0.240645,0.148257,0.129818,0.210716"
RELIGxPOLPARTY,RELIGxPOLPARTY :: Other | Independent,RACESURV2_W43,5,"0.283220,0.253877,0.129667,0.109191,0.224045"
RELIGxPOLPARTY,RELIGxPOLPARTY :: Protestant | Democrat,RACESURV2_W43,5,"0.275219,0.242880,0.140568,0.126993,0.214341"
RELIGxPOLPARTY,RELIGxPOLPARTY :: Protestant | Independent,RACESURV2_W43,5,"0.296031,0.243508,0.132393,0.111486,0.216581"
RELIGxPOLPARTY,RELIGxPOLPARTY :: Protestant | Other,RACESURV2_W43,5,"0.269812,0.241858,0.154940,0.121614,0.211778"
RELIGxPOLPARTY,RELIGxPOLPARTY :: Protestant | Refused,RACESURV2_W43,5,"0.270658,0.227917,0.142627,0.130882,0.227917"
RELIGxPOLPARTY,RELIGxPOLPARTY :: Protestant | Republican,RACESURV2_W43,5,"0.285933,0.227966,0.134014,0.125895,0.226192"
RELIGxPOLPARTY,RELIGxPOLPARTY :: Roman Catholic | Democrat,RACESURV2_W43,5,"0.301503,0.236652,0.125685,0.118996,0.217164"
RELIGxPOLPARTY,RELIGxPOLPARTY :: Roman Catholic | Independent,RACESURV2_W43,5,"0.308058,0.239916,0.125443,0.108138,0.218446"
RELIGxPOLPARTY,RELIGxPOLPARTY :: Roman Catholic | Other,RACESURV2_W43,5,"0.271777,0.234286,0.158526,0.118731,0.216680"
RELIGxPOLPARTY,RELIGxPOLPARTY :: Roman Catholic | Republican,RACESURV2_W43,5,"0.308954,0.215685,0.118185,0.112773,0.244403"
RELIGxPOLPARTY,RELIGxPOLPARTY :: Agnostic | Democrat,RACESURV34b_W43,5,"0.329613,0.165740,0.156919,0.150908,0.196821"
RELIGxPOLPARTY,RELIGxPOLPARTY :: Agnostic | Independent,RACESURV34b_W43,5,"0.274958,0.174774,0.165473,0.160382,0.224414"
RELIGxPOLPARTY,RELIGxPOLPARTY :: Agnostic | Other,RACESURV34b_W43,5,"0.246679,0.177677,0.181890,0.165613,0.228141"
RELIGxPOLPARTY,RELIGxPOLPARTY :: Atheist | Democrat,RACESURV34b_W43,5,"0.278897,0.188711,0.166537,0.166537,0.199319"
RELIGxPOLPARTY,RELIGxPOLPARTY :: Atheist | Independent,RACESURV34b_W43,5,"0.271816,0.186816,0.164865,0.159792,0.216711"
RELIGxPOLPARTY,RELIGxPOLPARTY :: Atheist | Other,RACESURV34b_W43,5,"0.243523,0.191144,0.180971,0.166069,0.218293"
RELIGxPOLPARTY,RELIGxPOLPARTY :: Jewish | Democrat,RACESURV34b_W43,5,"0.273558,0.186550,0.167222,0.172531,0.200139"
RELIGxPOLPARTY,RELIGxPOLPARTY :: Mormon | Republican,RACESURV34b_W43,5,"0.294741,0.174628,0.149367,0.151720,0.229544"
RELIGxPOLPARTY,RELIGxPOLPARTY :: Nothing in particular | Democrat,RACESURV34b_W43,5,"0.254782,0.189338,0.161949,0.161949,0.231982"
RELIGxPOLPARTY,RELIGxPOLPARTY :: Nothing in particular | Independent,RACESURV34b_W43,5,"0.235319,0.186153,0.160474,0.155537,0.262518"
RELIGxPOLPARTY,RELIGxPOLPARTY :: Nothing in particular | Other,RACESURV34b_W43,5,"0.212912,0.187894,0.179290,0.156992,0.262912"
RELIGxPOLPARTY,RELIGxPOLPARTY :: Nothing in particular | Republican,RACESURV34b_W43,5,"0.254754,0.182065,0.159421,0.160672,0.243088"
RELIGxPOLPARTY,RELIGxPOLPARTY :: Other | Democrat,RACESURV34b_W43,5,"0.260535,0.186196,0.161770,0.166905,0.224595"
RELIGxPOLPARTY,RELIGxPOLPARTY :: Other | Independent,RACESURV34b_W43,5,"0.245958,0.184214,0.161303,0.162568,0.245958"
RELIGxPOLPARTY,RELIGxPOLPARTY :: Protestant | Democrat,RACESURV34b_W43,5,"0.265743,0.188440,0.158682,0.170241,0.216893"
RELIGxPOLPARTY,RELIGxPOLPARTY :: Protestant | Independent,RACESURV34b_W43,5,"0.262810,0.183471,0.164462,0.164462,0.224794"
RELIGxPOLPARTY,RELIGxPOLPARTY :: Protestant | Other,RACESURV34b_W43,5,"0.240816,0.187548,0.180363,0.166808,0.224465"
RELIGxPOLPARTY,RELIGxPOLPARTY :: Protestant | Refused,RACESURV34b_W43,5,"0.256024,0.181548,0.164015,0.165301,0.233112"
RELIGxPOLPARTY,RELIGxPOLPARTY :: Protestant | Republican,RACESURV34b_W43,5,"0.284508,0.179437,0.151101,0.163379,0.221575"
RELIGxPOLPARTY,RELIGxPOLPARTY :: Roman Catholic | Democrat,RACESURV34b_W43,5,"0.267512,0.191182,0.157262,0.167405,0.216638"
RELIGxPOLPARTY,RELIGxPOLPARTY :: Roman Catholic | Independent,RACESURV34b_W43,5,"0.263533,0.192805,0.163631,0.159841,0.220190"
RELIGxPOLPARTY,RELIGxPOLPARTY :: Roman Catholic | Other,RACESURV34b_W43,5,"0.236474,0.191502,0.185610,0.162526,0.223889"
RELIGxPOLPARTY,RELIGxPOLPARTY :: Roman Catholic | Republican,RACESURV34b_W43,5,"0.287547,0.182776,0.143462,0.151526,0.234689"
RELIGxPOLPARTY,RELIGxPOLPARTY :: Agnostic | Democrat,RACESURV47a_W43,4,"0.211122,0.181998,0.239232,0.367647"
RELIGxPOLPARTY,RELIGxPOLPARTY :: Agnostic | Independent,RACESURV47a_W43,4,"0.130145,0.201573,0.288740,0.379542"
RELIGxPOLPARTY,RELIGxPOLPARTY :: Agnostic | Other,RACESURV47a_W43,4,"0.136246,0.180497,0.324295,0.358962"
RELIGxPOLPARTY,RELIGxPOLPARTY :: Atheist | Democrat,RACESURV47a_W43,4,"0.153039,0.224417,0.274961,0.347583"
RELIGxPOLPARTY,RELIGxPOLPARTY :: Atheist | Independent,RACESURV47a_W43,4,"0.119849,0.236494,0.283046,0.360610"
RELIGxPOLPARTY,RELIGxPOLPARTY :: Atheist | Other,RACESURV47a_W43,4,"0.123536,0.220228,0.320429,0.335807"
RELIGxPOLPARTY,RELIGxPOLPARTY :: Jewish | Democrat,RACESURV47a_W43,4,"0.142078,0.208343,0.263371,0.386208"
RELIGxPOLPARTY,RELIGxPOLPARTY :: Mormon | Republican,RACESURV47a_W43,4,"0.140424,0.156654,0.277093,0.425830"
RELIGxPOLPARTY,RELIGxPOLPARTY :: Nothing in particular | Democrat,RACESURV47a_W43,4,"0.167040,0.256703,0.269023,0.307234"
RELIGxPOLPARTY,RELIGxPOLPARTY :: Nothing in particular | Independent,RACESURV47a_W43,4,"0.114805,0.260746,0.302471,0.321978"
RELIGxPOLPARTY,RELIGxPOLPARTY :: Nothing in particular | Other,RACESURV47a_W43,4,"0.122836,0.254019,0.326167,0.296978"
RELIGxPOLPARTY,RELIGxPOLPARTY :: Nothing in particular | Republican,RACESURV47a_W43,4,"0.141398,0.202543,0.274690,0.381369"
RELIGxPOLPARTY,RELIGxPOLPARTY :: Other | Democrat,RACESURV47a_W43,4,"0.168884,0.245724,0.269875,0.315516"
RELIGxPOLPARTY,RELIGxPOLPARTY :: Other | Independent,RACESURV47a_W43,4,"0.123532,0.249541,0.296338,0.330589"
RELIGxPOLPARTY,RELIGxPOLPARTY :: Protestant | Democrat,RACESURV47a_W43,4,"0.154025,0.218914,0.266132,0.360928"
RELIGxPOLPARTY,RELIGxPOLPARTY :: Protestant | Independent,RACESURV47a_W43,4,"0.139817,0.225179,0.269504,0.365501"
RELIGxPOLPARTY,RELIGxPOLPARTY :: Protestant | Other,RACESURV47a_W43,4,"0.150691,0.219255,0.290465,0.339588"
RELIGxPOLPARTY,RELIGxPOLPARTY :: Protestant | Refused,RACESURV47a_W43,4,"0.151711,0.205751,0.252091,0.390447"
RELIGxPOLPARTY,RELIGxPOLPARTY :: Protestant | Republican,RACESURV47a_W43,4,"0.145388,0.171309,0.249253,0.434049"
RELIGxPOLPARTY,RELIGxPOLPARTY :: Roman Catholic | Democrat,RACESURV47a_W43,4,"0.165455,0.219192,0.262338,0.353015"
RELIGxPOLPARTY,RELIGxPOLPARTY :: Roman Catholic | Independent,RACESURV47a_W43,4,"0.145083,0.228247,0.264771,0.361899"
RELIGxPOLPARTY,RELIGxPOLPARTY :: Roman Catholic | Other,RACESURV47a_W43,4,"0.158885,0.218874,0.283243,0.338998"
RELIGxPOLPARTY,RELIGxPOLPARTY :: Roman Catholic | Republican,RACESURV47a_W43,4,"0.152588,0.153785,0.227279,0.466347"
RELIGxPOLPARTY,RELIGxPOLPARTY :: Agnostic | Democrat,RACESURV47c_W43,4,"0.194517,0.137933,0.229197,0.438352"
RELIGxPOLPARTY,RELIGxPOLPARTY :: Agnostic | Independent,RACESURV47c_W43,4,"0.111181,0.127968,0.262574,0.498277"
RELIGxPOLPARTY,RELIGxPOLPARTY :: Agnostic | Other,RACESURV47c_W43,4,"0.118032,0.112627,0.306151,0.463191"
RELIGxPOLPARTY,RELIGxPOLPARTY :: Atheist | Democrat,RACESURV47c_W43,4,"0.135062,0.150673,0.264439,0.449826"
RELIGxPOLPARTY,RELIGxPOLPARTY :: Atheist | Independent,RACESURV47c_W43,4,"0.107643,0.170675,0.292605,0.429077"
RELIGxPOLPARTY,RELIGxPOLPARTY :: Atheist | Other,RACESURV47c_W43,4,"0.107731,0.146104,0.326689,0.419477"
RELIGxPOLPARTY,RELIGxPOLPARTY :: Jewish | Democrat,RACESURV47c_W43,4,"0.124975,0.134078,0.242785,0.498162"
RELIGxPOLPARTY,RELIGxPOLPARTY :: Mormon | Republican,RACESURV47c_W43,4,"0.133347,0.123326,0.263128,0.480200"
RELIGxPOLPARTY,RELIGxPOLPARTY :: Nothing in particular | Democrat,RACESURV47c_W43,4,"0.147396,0.172323,0.266899,0.413382"
RELIGxPOLPARTY,RELIGxPOLPARTY :: Nothing in particular | Independent,RACESURV47c_W43,4,"0.097870,0.152773,0.303826,0.445531"
RELIGxPOLPARTY,RELIGxPOLPARTY :: Nothing in particular | Other,RACESURV47c_W43,4,"0.107063,0.148642,0.340245,0.404051"
RELIGxPOLPARTY,RELIGxPOLPARTY :: Nothing in particular | Republican,RACESURV47c_W43,4,"0.130980,0.147265,0.264588,0.457167"
RELIGxPOLPARTY,RELIGxPOLPARTY :: Other | Democrat,RACESURV47c_W43,4,"0.157007,0.168444,0.260891,0.413658"
RELIGxPOLPARTY,RELIGxPOLPARTY :: Other | Independent,RACESURV47c_W43,4,"0.111342,0.159490,0.288800,0.440367"
RELIGxPOLPARTY,RELIGxPOLPARTY :: Protestant | Democrat,RACESURV47c_W43,4,"0.132703,0.143486,0.242179,0.481631"
RELIGxPOLPARTY,RELIGxPOLPARTY :: Protestant | Independent,RACESURV47c_W43,4,"0.113958,0.149795,0.248908,0.487338"
RELIGxPOLPARTY,RELIGxPOLPARTY :: Protestant | Other,RACESURV47c_W43,4,"0.125081,0.147382,0.284086,0.443451"
RELIGxPOLPARTY,RELIGxPOLPARTY :: Protestant | Refused,RACESURV47c_W43,4,"0.133203,0.144027,0.239323,0.483446"
RELIGxPOLPARTY,RELIGxPOLPARTY :: Protestant | Republican,RACESURV47c_W43,4,"0.125912,0.122995,0.220983,0.530110"
RELIGxPOLPARTY,RELIGxPOLPARTY :: Roman Catholic | Democrat,RACESURV47c_W43,4,"0.134681,0.118855,0.222051,0.524414"
RELIGxPOLPARTY,RELIGxPOLPARTY :: Roman Catholic | Independent,RACESURV47c_W43,4,"0.113151,0.139723,0.219815,0.527310"
RELIGxPOLPARTY,RELIGxPOLPARTY :: Roman Catholic | Other,RACESURV47c_W43,4,"0.129775,0.137070,0.262153,0.471003"
RELIGxPOLPARTY,RELIGxPOLPARTY :: Roman Catholic | Republican,RACESURV47c_W43,4,"0.116902,0.087556,0.163575,0.631967"
RELIGxPOLPARTY,RELIGxPOLPARTY :: Agnostic | Democrat,RACESURV52_W43,4,"0.283990,0.174961,0.252586,0.288462"
RELIGxPOLPARTY,RELIGxPOLPARTY :: Agnostic | Independent,RACESURV52_W43,4,"0.252061,0.185858,0.258038,0.304043"
RELIGxPOLPARTY,RELIGxPOLPARTY :: Agnostic | Other,RACESURV52_W43,4,"0.262200,0.190337,0.270524,0.276939"
RELIGxPOLPARTY,RELIGxPOLPARTY :: Atheist | Democrat,RACESURV52_W43,4,"0.260721,0.203050,0.258692,0.277536"
RELIGxPOLPARTY,RELIGxPOLPARTY :: Atheist | Independent,RACESURV52_W43,4,"0.246781,0.211083,0.266833,0.275304"
RELIGxPOLPARTY,RELIGxPOLPARTY :: Atheist | Other,RACESURV52_W43,4,"0.248409,0.214142,0.277120,0.260330"
RELIGxPOLPARTY,RELIGxPOLPARTY :: Jewish | Democrat,RACESURV52_W43,4,"0.260719,0.193750,0.254679,0.290853"
RELIGxPOLPARTY,RELIGxPOLPARTY :: Mormon | Republican,RACESURV52_W43,4,"0.313670,0.194762,0.229486,0.262081"
RELIGxPOLPARTY,RELIGxPOLPARTY :: Nothing in particular | Democrat,RACESURV52_W43,4,"0.249289,0.205060,0.265367,0.280284"
RELIGxPOLPARTY,RELIGxPOLPARTY :: Nothing in particular | Independent,RACESURV52_W43,4,"0.220974,0.198080,0.288204,0.292743"
RELIGxPOLPARTY,RELIGxPOLPARTY :: Nothing in particular | Other,RACESURV52_W43,4,"0.232551,0.211740,0.296278,0.259430"
RELIGxPOLPARTY,RELIGxPOLPARTY :: Nothing in particular | Republican,RACESURV52_W43,4,"0.274975,0.202754,0.240776,0.281496"
RELIGxPOLPARTY,RELIGxPOLPARTY :: Other | Democrat,RACESURV52_W43,4,"0.264759,0.209442,0.252635,0.273164"
RELIGxPOLPARTY,RELIGxPOLPARTY :: Other | Independent,RACESURV52_W43,4,"0.243487,0.206645,0.267418,0.282450"
RELIGxPOLPARTY,RELIGxPOLPARTY :: Protestant | Democrat,RACESURV52_W43,4,"0.271611,0.200273,0.243470,0.284646"
RELIGxPOLPARTY,RELIGxPOLPARTY :: Protestant | Independent,RACESURV52_W43,4,"0.254490,0.199752,0.250545,0.295214"
RELIGxPOLPARTY,RELIGxPOLPARTY :: Protestant | Other,RACESURV52_W43,4,"0.260366,0.204364,0.262408,0.272862"
RELIGxPOLPARTY,RELIGxPOLPARTY :: Protestant | Refused,RACESURV52_W43,4,"0.284624,0.200258,0.230495,0.284624"
RELIGxPOLPARTY,RELIGxPOLPARTY :: Protestant | Republican,RACESURV52_W43,4,"0.308387,0.187046,0.210302,0.294265"
RELIGxPOLPARTY,RELIGxPOLPARTY :: Roman Catholic | Democrat,RACESURV52_W43,4,"0.270835,0.183256,0.239011,0.306897"
RELIGxPOLPARTY,RELIGxPOLPARTY :: Roman Catholic | Independent,RACESURV52_W43,4,"0.250234,0.193366,0.242535,0.313864"
RELIGxPOLPARTY,RELIGxPOLPARTY :: Roman Catholic | Other,RACESURV52_W43,4,"0.261034,0.195505,0.259002,0.284459"
RELIGxPOLPARTY,RELIGxPOLPARTY :: Roman Catholic | Republican,RACESURV52_W43,4,"0.312904,0.164889,0.194287,0.327921"
RELIGxPOLPARTY,RELIGxPOLPARTY :: Agnostic | Democrat,RACESURV5h_W43,5,"0.289916,0.146922,0.157624,0.165189,0.240349"
RELIGxPOLPARTY,RELIGxPOLPARTY :: Agnostic | Independent,RACESURV5h_W43,5,"0.246548,0.164236,0.165525,0.159183,0.264507"
RELIGxPOLPARTY,RELIGxPOLPARTY :: Agnostic | Other,RACESURV5h_W43,5,"0.230272,0.162016,0.195429,0.167159,0.245123"
RELIGxPOLPARTY,RELIGxPOLPARTY :: Atheist | Democrat,RACESURV5h_W43,5,"0.243526,0.171342,0.174040,0.171342,0.239750"
RELIGxPOLPARTY,RELIGxPOLPARTY :: Atheist | Independent,RACESURV5h_W43,5,"0.243264,0.177976,0.167193,0.154628,0.256938"
RELIGxPOLPARTY,RELIGxPOLPARTY :: Atheist | Other,RACESURV5h_W43,5,"0.226461,0.179145,0.195221,0.161844,0.237329"
RELIGxPOLPARTY,RELIGxPOLPARTY :: Jewish | Democrat,RACESURV5h_W43,5,"0.233697,0.170976,0.175031,0.179181,0.241115"
RELIGxPOLPARTY,RELIGxPOLPARTY :: Mormon | Republican,RACESURV5h_W43,5,"0.278041,0.145377,0.142009,0.140904,0.293669"
RELIGxPOLPARTY,RELIGxPOLPARTY :: Nothing in particular | Democrat,RACESURV5h_W43,5,"0.220187,0.164913,0.168823,0.174182,0.271895"
RELIGxPOLPARTY,RELIGxPOLPARTY :: Nothing in particular | Independent,RACESURV5h_W43,5,"0.198588,0.168539,0.163354,0.157096,0.312423"
RELIGxPOLPARTY,RELIGxPOLPARTY :: Nothing in particular | Other,RACESURV5h_W43,5,"0.196037,0.171656,0.191496,0.160001,0.280810"
RELIGxPOLPARTY,RELIGxPOLPARTY :: Nothing in particular | Republican,RACESURV5h_W43,5,"0.242444,0.164046,0.164046,0.158999,0.270466"
RELIGxPOLPARTY,RELIGxPOLPARTY :: Other | Democrat,RACESURV5h_W43,5,"0.225666,0.169016,0.171678,0.179917,0.253723"
RELIGxPOLPARTY,RELIGxPOLPARTY :: Other | Independent,RACESURV5h_W43,5,"0.211699,0.175505,0.167468,0.164872,0.280456"
RELIGxPOLPARTY,RELIGxPOLPARTY :: Protestant | Democrat,RACESURV5h_W43,5,"0.234420,0.170171,0.167533,0.178337,0.249539"
RELIGxPOLPARTY,RELIGxPOLPARTY :: Protestant | Independent,RACESURV5h_W43,5,"0.229893,0.179041,0.170842,0.161750,0.258475"
RELIGxPOLPARTY,RELIGxPOLPARTY :: Protestant | Other,RACESURV5h_W43,5,"0.222484,0.177380,0.194813,0.166633,0.238690"
RELIGxPOLPARTY,RELIGxPOLPARTY :: Protestant | Refused,RACESURV5h_W43,5,"0.243638,0.175486,0.174120,0.168763,0.237994"
RELIGxPOLPARTY,RELIGxPOLPARTY :: Protestant | Republican,RACESURV5h_W43,5,"0.263315,0.163496,0.159709,0.162224,0.251257"
RELIGxPOLPARTY,RELIGxPOLPARTY :: Roman Catholic | Democrat,RACESURV5h_W43,5,"0.244417,0.161549,0.157807,0.176047,0.260180"
RELIGxPOLPARTY,RELIGxPOLPARTY :: Roman Catholic | Independent,RACESURV5h_W43,5,"0.230463,0.179485,0.164704,0.162151,0.263197"
RELIGxPOLPARTY,RELIGxPOLPARTY :: Roman Catholic | Other,RACESURV5h_W43,5,"0.220247,0.172874,0.197429,0.167555,0.241894"
RELIGxPOLPARTY,RELIGxPOLPARTY :: Roman Catholic | Republican,RACESURV5h_W43,5,"0.266823,0.149674,0.142820,0.154425,0.286259"
RELIGxPOLPARTY,RELIGxPOLPARTY :: Agnostic | Democrat,RACESURV8_W43,4,"0.365910,0.216794,0.216794,0.200502"
RELIGxPOLPARTY,RELIGxPOLPARTY :: Agnostic | Independent,RACESURV8_W43,4,"0.262485,0.256405,0.275082,0.206027"
RELIGxPOLPARTY,RELIGxPOLPARTY :: Agnostic | Other,RACESURV8_W43,4,"0.235455,0.230001,0.321829,0.212716"
RELIGxPOLPARTY,RELIGxPOLPARTY :: Atheist | Democrat,RACESURV8_W43,4,"0.255882,0.276675,0.268162,0.199281"
RELIGxPOLPARTY,RELIGxPOLPARTY :: Atheist | Independent,RACESURV8_W43,4,"0.205166,0.284844,0.303215,0.206775"
RELIGxPOLPARTY,RELIGxPOLPARTY :: Atheist | Other,RACESURV8_W43,4,"0.186772,0.261341,0.343527,0.208360"
RELIGxPOLPARTY,RELIGxPOLPARTY :: Jewish | Democrat,RACESURV8_W43,4,"0.248576,0.266683,0.268775,0.215966"
RELIGxPOLPARTY,RELIGxPOLPARTY :: Mormon | Republican,RACESURV8_W43,4,"0.244640,0.226255,0.288257,0.240848"
RELIGxPOLPARTY,RELIGxPOLPARTY :: Nothing in particular | Democrat,RACESURV8_W43,4,"0.242684,0.290455,0.279328,0.187532"
RELIGxPOLPARTY,RELIGxPOLPARTY :: Nothing in particular | Independent,RACESURV8_W43,4,"0.185593,0.301247,0.336066,0.177094"
RELIGxPOLPARTY,RELIGxPOLPARTY :: Nothing in particular | Other,RACESURV8_W43,4,"0.166605,0.274684,0.381362,0.177350"
RELIGxPOLPARTY,RELIGxPOLPARTY :: Nothing in particular | Republican,RACESURV8_W43,4,"0.210881,0.244627,0.309237,0.235255"
RELIGxPOLPARTY,RELIGxPOLPARTY :: Other | Democrat,RACESURV8_W43,4,"0.244950,0.277564,0.277564,0.199922"
RELIGxPOLPARTY,RELIGxPOLPARTY :: Other | Independent,RACESURV8_W43,4,"0.192563,0.280178,0.330130,0.197130"
RELIGxPOLPARTY,RELIGxPOLPARTY :: Protestant | Democrat,RACESURV8_W43,4,"0.263576,0.274075,0.255466,0.206883"
RELIGxPOLPARTY,RELIGxPOLPARTY :: Protestant | Independent,RACESURV8_W43,4,"0.230937,0.276395,0.280748,0.211920"
RELIGxPOLPARTY,RELIGxPOLPARTY :: Protestant | Other,RACESURV8_W43,4,"0.213721,0.255791,0.313401,0.217087"
RELIGxPOLPARTY,RELIGxPOLPARTY :: Protestant | Refused,RACESURV8_W43,4,"0.220943,0.235192,0.281489,0.262376"
RELIGxPOLPARTY,RELIGxPOLPARTY :: Protestant | Republican,RACESURV8_W43,4,"0.238170,0.221999,0.274132,0.265698"
RELIGxPOLPARTY,RELIGxPOLPARTY :: Roman Catholic | Democrat,RACESURV8_W43,4,"0.303582,0.270011,0.236430,0.189977"
RELIGxPOLPARTY,RELIGxPOLPARTY :: Roman Catholic | Independent,RACESURV8_W43,4,"0.251847,0.276599,0.266003,0.205551"
RELIGxPOLPARTY,RELIGxPOLPARTY :: Roman Catholic | Other,RACESURV8_W43,4,"0.238493,0.255866,0.296809,0.208832"
RELIGxPOLPARTY,RELIGxPOLPARTY :: Roman Catholic | Republican,RACESURV8_W43,4,"0.291918,0.222079,0.238256,0.247747"
RELIGxPOLPARTY,RELIGxPOLPARTY :: Agnostic | Democrat,REASONGUNC_W26,3,"0.714971,0.155836,0.129193"
RELIGxPOLPARTY,RELIGxPOLPARTY :: Agnostic | Independent,REASONGUNC_W26,3,"0.672058,0.183730,0.144212"
RELIGxPOLPARTY,RELIGxPOLPARTY :: Agnostic | Other,REASONGUNC_W26,3,"0.586351,0.197943,0.215706"
RELIGxPOLPARTY,RELIGxPOLPARTY :: Atheist | Democrat,REASONGUNC_W26,3,"0.649832,0.202887,0.147280"
RELIGxPOLPARTY,RELIGxPOLPARTY :: Atheist | Independent,REASONGUNC_W26,3,"0.639235,0.212451,0.148314"
RELIGxPOLPARTY,RELIGxPOLPARTY :: Atheist | Other,REASONGUNC_W26,3,"0.578825,0.217988,0.203187"
RELIGxPOLPARTY,RELIGxPOLPARTY :: Jewish | Democrat,REASONGUNC_W26,3,"0.643151,0.199239,0.157611"
RELIGxPOLPARTY,RELIGxPOLPARTY :: Mormon | Republican,REASONGUNC_W26,3,"0.626759,0.201895,0.171346"
RELIGxPOLPARTY,RELIGxPOLPARTY :: Nothing in particular | Democrat,REASONGUNC_W26,3,"0.578859,0.230254,0.190887"
RELIGxPOLPARTY,RELIGxPOLPARTY :: Nothing in particular | Independent,REASONGUNC_W26,3,"0.598597,0.227202,0.174202"
RELIGxPOLPARTY,RELIGxPOLPARTY :: Nothing in particular | Other,REASONGUNC_W26,3,"0.527826,0.239776,0.232399"
RELIGxPOLPARTY,RELIGxPOLPARTY :: Nothing in particular | Republican,REASONGUNC_W26,3,"0.549021,0.234293,0.216686"
RELIGxPOLPARTY,RELIGxPOLPARTY :: Other | Democrat,REASONGUNC_W26,3,"0.563128,0.232920,0.203952"
RELIGxPOLPARTY,RELIGxPOLPARTY :: Other | Independent,REASONGUNC_W26,3,"0.571222,0.234429,0.194349"
RELIGxPOLPARTY,RELIGxPOLPARTY :: Protestant | Democrat,REASONGUNC_W26,3,"0.591535,0.228057,0.180408"
RELIGxPOLPARTY,RELIGxPOLPARTY :: Protestant | Independent,REASONGUNC_W26,3,"0.583123,0.231950,0.184927"
RELIGxPOLPARTY,RELIGxPOLPARTY :: Protestant | Other,REASONGUNC_W26,3,"0.520031,0.236235,0.243734"
RELIGxPOLPARTY,RELIGxPOLPARTY :: Protestant | Republican,REASONGUNC_W26,3,"0.596485,0.214351,0.189164"
RELIGxPOLPARTY,RELIGxPOLPARTY :: Roman Catholic | Democrat,REASONGUNC_W26,3,"0.658909,0.191753,0.149338"
RELIGxPOLPARTY,RELIGxPOLPARTY :: Roman Catholic | Independent,REASONGUNC_W26,3,"0.606321,0.221317,0.172362"
RELIGxPOLPARTY,RELIGxPOLPARTY :: Roman Catholic | Other,REASONGUNC_W26,3,"0.519039,0.235784,0.245177"
RELIGxPOLPARTY,RELIGxPOLPARTY :: Roman Catholic | Republican,REASONGUNC_W26,3,"0.647847,0.187067,0.165086"
RELIGxPOLPARTY,RELIGxPOLPARTY :: Agnostic | Democrat,REASONGUNE_W26,3,"0.534152,0.207549,0.258299"
RELIGxPOLPARTY,RELIGxPOLPARTY :: Agnostic | Independent,REASONGUNE_W26,3,"0.477580,0.232754,0.289667"
RELIGxPOLPARTY,RELIGxPOLPARTY :: Agnostic | Other,REASONGUNE_W26,3,"0.434835,0.242022,0.323142"
RELIGxPOLPARTY,RELIGxPOLPARTY :: Atheist | Democrat,REASONGUNE_W26,3,"0.445153,0.253641,0.301206"
RELIGxPOLPARTY,RELIGxPOLPARTY :: Atheist | Independent,REASONGUNE_W26,3,"0.458097,0.252985,0.288918"
RELIGxPOLPARTY,RELIGxPOLPARTY :: Atheist | Other,REASONGUNE_W26,3,"0.415217,0.263928,0.320855"
RELIGxPOLPARTY,RELIGxPOLPARTY :: Jewish | Democrat,REASONGUNE_W26,3,"0.433676,0.249039,0.317284"
RELIGxPOLPARTY,RELIGxPOLPARTY :: Mormon | Republican,REASONGUNE_W26,3,"0.458526,0.236029,0.305444"
RELIGxPOLPARTY,RELIGxPOLPARTY :: Nothing in particular | Democrat,REASONGUNE_W26,3,"0.409347,0.264294,0.326360"
RELIGxPOLPARTY,RELIGxPOLPARTY :: Nothing in particular | Independent,REASONGUNE_W26,3,"0.415025,0.261753,0.323222"
RELIGxPOLPARTY,RELIGxPOLPARTY :: Nothing in particular | Other,REASONGUNE_W26,3,"0.386685,0.272067,0.341248"
RELIGxPOLPARTY,RELIGxPOLPARTY :: Nothing in particular | Republican,REASONGUNE_W26,3,"0.406799,0.258577,0.334624"
RELIGxPOLPARTY,RELIGxPOLPARTY :: Other | Democrat,REASONGUNE_W26,3,"0.410573,0.267165,0.322262"
RELIGxPOLPARTY,RELIGxPOLPARTY :: Other | Independent,REASONGUNE_W26,3,"0.411605,0.267837,0.320558"
RELIGxPOLPARTY,RELIGxPOLPARTY :: Protestant | Democrat,REASONGUNE_W26,3,"0.418326,0.265904,0.315769"
RELIGxPOLPARTY,RELIGxPOLPARTY :: Protestant | Independent,REASONGUNE_W26,3,"0.416582,0.268966,0.314453"
RELIGxPOLPARTY,RELIGxPOLPARTY :: Protestant | Other,REASONGUNE_W26,3,"0.390600,0.272682,0.336718"
RELIGxPOLPARTY,RELIGxPOLPARTY :: Protestant | Republican,REASONGUNE_W26,3,"0.428999,0.252196,0.318805"
RELIGxPOLPARTY,RELIGxPOLPARTY :: Roman Catholic | Democrat,REASONGUNE_W26,3,"0.450949,0.250991,0.298059"
RELIGxPOLPARTY,RELIGxPOLPARTY :: Roman Catholic | Independent,REASONGUNE_W26,3,"0.419505,0.268745,0.311750"
RELIGxPOLPARTY,RELIGxPOLPARTY :: Roman Catholic | Other,REASONGUNE_W26,3,"0.380323,0.276085,0.343593"
RELIGxPOLPARTY,RELIGxPOLPARTY :: Roman Catholic | Republican,REASONGUNE_W26,3,"0.437854,0.241806,0.320341"
RELIGxPOLPARTY,RELIGxPOLPARTY :: Agnostic | Democrat,RESTRICTWHO_W45,5,"0.123764,0.166542,0.163960,0.421971,0.123764"
RELIGxPOLPARTY,RELIGxPOLPARTY :: Agnostic | Independent,RESTRICTWHO_W45,5,"0.088370,0.171673,0.190024,0.418307,0.131626"
RELIGxPOLPARTY,RELIGxPOLPARTY :: Agnostic | Other,RESTRICTWHO_W45,5,"0.089679,0.168856,0.234434,0.365946,0.141085"
RELIGxPOLPARTY,RELIGxPOLPARTY :: Atheist | Democrat,RESTRICTWHO_W45,5,"0.099036,0.187937,0.172461,0.407298,0.133267"
RELIGxPOLPARTY,RELIGxPOLPARTY :: Atheist | Independent,RESTRICTWHO_W45,5,"0.076666,0.176867,0.168767,0.455188,0.122512"
RELIGxPOLPARTY,RELIGxPOLPARTY :: Atheist | Other,RESTRICTWHO_W45,5,"0.080950,0.179596,0.211615,0.392273,0.135566"
RELIGxPOLPARTY,RELIGxPOLPARTY :: Jewish | Democrat,RESTRICTWHO_W45,5,"0.090562,0.178703,0.170520,0.415497,0.144718"
RELIGxPOLPARTY,RELIGxPOLPARTY :: Mormon | Republican,RESTRICTWHO_W45,5,"0.084416,0.160193,0.154056,0.415509,0.185827"
RELIGxPOLPARTY,RELIGxPOLPARTY :: Nothing in particular | Democrat,RESTRICTWHO_W45,5,"0.099447,0.167849,0.181488,0.375311,0.175904"
RELIGxPOLPARTY,RELIGxPOLPARTY :: Nothing in particular | Independent,RESTRICTWHO_W45,5,"0.067993,0.141710,0.190692,0.436498,0.163107"
RELIGxPOLPARTY,RELIGxPOLPARTY :: Nothing in particular | Other,RESTRICTWHO_W45,5,"0.069537,0.140469,0.240819,0.372988,0.176187"
RELIGxPOLPARTY,RELIGxPOLPARTY :: Nothing in particular | Republican,RESTRICTWHO_W45,5,"0.092324,0.157048,0.173836,0.391745,0.185047"
RELIGxPOLPARTY,RELIGxPOLPARTY :: Other | Democrat,RESTRICTWHO_W45,5,"0.105072,0.177343,0.187311,0.361052,0.169222"
RELIGxPOLPARTY,RELIGxPOLPARTY :: Other | Independent,RESTRICTWHO_W45,5,"0.078399,0.155915,0.194040,0.410782,0.160864"
RELIGxPOLPARTY,RELIGxPOLPARTY :: Protestant | Democrat,RESTRICTWHO_W45,5,"0.091230,0.180020,0.157631,0.435233,0.135886"
RELIGxPOLPARTY,RELIGxPOLPARTY :: Protestant | Independent,RESTRICTWHO_W45,5,"0.084710,0.169788,0.155806,0.461532,0.128163"
RELIGxPOLPARTY,RELIGxPOLPARTY :: Protestant | Other,RESTRICTWHO_W45,5,"0.086293,0.175683,0.199075,0.405297,0.133653"
RELIGxPOLPARTY,RELIGxPOLPARTY :: Protestant | Republican,RESTRICTWHO_W45,5,"0.088404,0.161335,0.131678,0.481658,0.136924"
RELIGxPOLPARTY,RELIGxPOLPARTY :: Roman Catholic | Democrat,RESTRICTWHO_W45,5,"0.091342,0.166697,0.148263,0.463874,0.129824"
RELIGxPOLPARTY,RELIGxPOLPARTY :: Roman Catholic | Independent,RESTRICTWHO_W45,5,"0.092577,0.168950,0.156254,0.455681,0.126538"
RELIGxPOLPARTY,RELIGxPOLPARTY :: Roman Catholic | Other,RESTRICTWHO_W45,5,"0.096311,0.174397,0.205490,0.386916,0.136886"
RELIGxPOLPARTY,RELIGxPOLPARTY :: Roman Catholic | Republican,RESTRICTWHO_W45,5,"0.089792,0.146890,0.119888,0.493056,0.150374"
RELIGxPOLPARTY,RELIGxPOLPARTY :: Agnostic | Democrat,ROBJOB4D_W27,2,"0.783988,0.216012"
RELIGxPOLPARTY,RELIGxPOLPARTY :: Agnostic | Independent,ROBJOB4D_W27,2,"0.756358,0.243642"
RELIGxPOLPARTY,RELIGxPOLPARTY :: Agnostic | Other,ROBJOB4D_W27,2,"0.710628,0.289372"
RELIGxPOLPARTY,RELIGxPOLPARTY :: Atheist | Democrat,ROBJOB4D_W27,2,"0.723310,0.276691"
RELIGxPOLPARTY,RELIGxPOLPARTY :: Atheist | Independent,ROBJOB4D_W27,2,"0.718594,0.281406"
RELIGxPOLPARTY,RELIGxPOLPARTY :: Atheist | Other,ROBJOB4D_W27,2,"0.685949,0.314051"
RELIGxPOLPARTY,RELIGxPOLPARTY :: Jewish | Democrat,ROBJOB4D_W27,2,"0.731059,0.268941"
RELIGxPOLPARTY,RELIGxPOLPARTY :: Mormon | Republican,ROBJOB4D_W27,2,"0.735642,0.264358"
RELIGxPOLPARTY,RELIGxPOLPARTY :: Nothing in particular | Democrat,ROBJOB4D_W27,2,"0.694303,0.305697"
RELIGxPOLPARTY,RELIGxPOLPARTY :: Nothing in particular | Independent,ROBJOB4D_W27,2,"0.715424,0.284576"
RELIGxPOLPARTY,RELIGxPOLPARTY :: Nothing in particular | Other,ROBJOB4D_W27,2,"0.672332,0.327668"
RELIGxPOLPARTY,RELIGxPOLPARTY :: Nothing in particular | Republican,ROBJOB4D_W27,2,"0.674050,0.325950"
RELIGxPOLPARTY,RELIGxPOLPARTY :: Other | Democrat,ROBJOB4D_W27,2,"0.675765,0.324235"
RELIGxPOLPARTY,RELIGxPOLPARTY :: Other | Independent,ROBJOB4D_W27,2,"0.697609,0.302391"
RELIGxPOLPARTY,RELIGxPOLPARTY :: Protestant | Democrat,ROBJOB4D_W27,2,"0.705785,0.294215"
RELIGxPOLPARTY,RELIGxPOLPARTY :: Protestant | Independent,ROBJOB4D_W27,2,"0.702530,0.297470"
RELIGxPOLPARTY,RELIGxPOLPARTY :: Protestant | Other,ROBJOB4D_W27,2,"0.663669,0.336331"
RELIGxPOLPARTY,RELIGxPOLPARTY :: Protestant | Republican,ROBJOB4D_W27,2,"0.710628,0.289372"
RELIGxPOLPARTY,RELIGxPOLPARTY :: Roman Catholic | Democrat,ROBJOB4D_W27,2,"0.734120,0.265880"
RELIGxPOLPARTY,RELIGxPOLPARTY :: Roman Catholic | Independent,ROBJOB4D_W27,2,"0.697609,0.302391"
RELIGxPOLPARTY,RELIGxPOLPARTY :: Roman Catholic | Other,ROBJOB4D_W27,2,"0.651355,0.348645"
RELIGxPOLPARTY,RELIGxPOLPARTY :: Roman Catholic | Republican,ROBJOB4D_W27,2,"0.735642,0.264358"
RELIGxPOLPARTY,RELIGxPOLPARTY :: Agnostic | Democrat,ROBJOB4F_W27,2,"0.741674,0.258326"
RELIGxPOLPARTY,RELIGxPOLPARTY :: Agnostic | Independent,ROBJOB4F_W27,2,"0.670608,0.329392"
RELIGxPOLPARTY,RELIGxPOLPARTY :: Agnostic | Other,ROBJOB4F_W27,2,"0.640636,0.359364"
RELIGxPOLPARTY,RELIGxPOLPARTY :: Atheist | Democrat,ROBJOB4F_W27,2,"0.649579,0.350421"
RELIGxPOLPARTY,RELIGxPOLPARTY :: Atheist | Independent,ROBJOB4F_W27,2,"0.647798,0.352202"
RELIGxPOLPARTY,RELIGxPOLPARTY :: Atheist | Other,ROBJOB4F_W27,2,"0.616936,0.383064"
RELIGxPOLPARTY,RELIGxPOLPARTY :: Jewish | Democrat,ROBJOB4F_W27,2,"0.646014,0.353986"
RELIGxPOLPARTY,RELIGxPOLPARTY :: Mormon | Republican,ROBJOB4F_W27,2,"0.651355,0.348645"
RELIGxPOLPARTY,RELIGxPOLPARTY :: Nothing in particular | Democrat,ROBJOB4F_W27,2,"0.609524,0.390476"
RELIGxPOLPARTY,RELIGxPOLPARTY :: Nothing in particular | Independent,ROBJOB4F_W27,2,"0.618780,0.381220"
RELIGxPOLPARTY,RELIGxPOLPARTY :: Nothing in particular | Other,ROBJOB4F_W27,2,"0.596433,0.403567"
RELIGxPOLPARTY,RELIGxPOLPARTY :: Nothing in particular | Republican,ROBJOB4F_W27,2,"0.586996,0.413004"
RELIGxPOLPARTY,RELIGxPOLPARTY :: Other | Democrat,ROBJOB4F_W27,2,"0.602062,0.397938"
RELIGxPOLPARTY,RELIGxPOLPARTY :: Other | Independent,ROBJOB4F_W27,2,"0.615088,0.384912"
RELIGxPOLPARTY,RELIGxPOLPARTY :: Protestant | Democrat,ROBJOB4F_W27,2,"0.616936,0.383064"
RELIGxPOLPARTY,RELIGxPOLPARTY :: Protestant | Independent,ROBJOB4F_W27,2,"0.615088,0.384912"
RELIGxPOLPARTY,RELIGxPOLPARTY :: Protestant | Other,ROBJOB4F_W27,2,"0.596433,0.403567"
RELIGxPOLPARTY,RELIGxPOLPARTY :: Protestant | Republican,ROBJOB4F_W27,2,"0.615088,0.384912"
RELIGxPOLPARTY,RELIGxPOLPARTY :: Roman Catholic | Democrat,ROBJOB4F_W27,2,"0.644225,0.355775"
RELIGxPOLPARTY,RELIGxPOLPARTY :: Roman Catholic | Independent,ROBJOB4F_W27,2,"0.603932,0.396068"
RELIGxPOLPARTY,RELIGxPOLPARTY :: Roman Catholic | Other,ROBJOB4F_W27,2,"0.588889,0.411111"
RELIGxPOLPARTY,RELIGxPOLPARTY :: Roman Catholic | Republican,ROBJOB4F_W27,2,"0.635222,0.364778"
RELIGxPOLPARTY,RELIGxPOLPARTY :: Agnostic | Democrat,ROBJOB5C_W27,4,"0.528390,0.225489,0.151386,0.094735"
RELIGxPOLPARTY,RELIGxPOLPARTY :: Agnostic | Independent,ROBJOB5C_W27,4,"0.518226,0.262624,0.143906,0.075243"
RELIGxPOLPARTY,RELIGxPOLPARTY :: Agnostic | Other,ROBJOB5C_W27,4,"0.440606,0.261050,0.208127,0.090217"
RELIGxPOLPARTY,RELIGxPOLPARTY :: Atheist | Democrat,ROBJOB5C_W27,4,"0.477741,0.289765,0.153893,0.078601"
RELIGxPOLPARTY,RELIGxPOLPARTY :: Atheist | Independent,ROBJOB5C_W27,4,"0.494605,0.290763,0.142818,0.071813"
RELIGxPOLPARTY,RELIGxPOLPARTY :: Atheist | Other,ROBJOB5C_W27,4,"0.437400,0.289104,0.192585,0.080911"
RELIGxPOLPARTY,RELIGxPOLPARTY :: Jewish | Democrat,ROBJOB5C_W27,4,"0.450744,0.288758,0.164529,0.095969"
RELIGxPOLPARTY,RELIGxPOLPARTY :: Mormon | Republican,ROBJOB5C_W27,4,"0.516522,0.263814,0.137938,0.081726"
RELIGxPOLPARTY,RELIGxPOLPARTY :: Nothing in particular | Democrat,ROBJOB5C_W27,4,"0.425966,0.302055,0.176187,0.095791"
RELIGxPOLPARTY,RELIGxPOLPARTY :: Nothing in particular | Independent,ROBJOB5C_W27,4,"0.462547,0.310539,0.153728,0.073186"
RELIGxPOLPARTY,RELIGxPOLPARTY :: Nothing in particular | Other,ROBJOB5C_W27,4,"0.402910,0.311344,0.205786,0.079960"
RELIGxPOLPARTY,RELIGxPOLPARTY :: Nothing in particular | Republican,ROBJOB5C_W27,4,"0.450226,0.297581,0.159284,0.092909"
RELIGxPOLPARTY,RELIGxPOLPARTY :: Other | Democrat,ROBJOB5C_W27,4,"0.420194,0.295643,0.177921,0.106242"
RELIGxPOLPARTY,RELIGxPOLPARTY :: Other | Independent,ROBJOB5C_W27,4,"0.454773,0.300586,0.157165,0.087476"
RELIGxPOLPARTY,RELIGxPOLPARTY :: Protestant | Democrat,ROBJOB5C_W27,4,"0.429672,0.304683,0.168262,0.097383"
RELIGxPOLPARTY,RELIGxPOLPARTY :: Protestant | Independent,ROBJOB5C_W27,4,"0.435786,0.299511,0.166703,0.098000"
RELIGxPOLPARTY,RELIGxPOLPARTY :: Protestant | Other,ROBJOB5C_W27,4,"0.384276,0.290067,0.215560,0.110097"
RELIGxPOLPARTY,RELIGxPOLPARTY :: Protestant | Republican,ROBJOB5C_W27,4,"0.449858,0.283722,0.160402,0.106019"
RELIGxPOLPARTY,RELIGxPOLPARTY :: Roman Catholic | Democrat,ROBJOB5C_W27,4,"0.461915,0.293611,0.153518,0.090956"
RELIGxPOLPARTY,RELIGxPOLPARTY :: Roman Catholic | Independent,ROBJOB5C_W27,4,"0.432131,0.292395,0.167908,0.107566"
RELIGxPOLPARTY,RELIGxPOLPARTY :: Roman Catholic | Other,ROBJOB5C_W27,4,"0.371639,0.280528,0.227179,0.120654"
RELIGxPOLPARTY,RELIGxPOLPARTY :: Roman Catholic | Republican,ROBJOB5C_W27,4,"0.472519,0.267138,0.149851,0.110493"
RELIGxPOLPARTY,RELIGxPOLPARTY :: Agnostic | Democrat,ROBJOB5D_W27,4,"0.303073,0.251256,0.284710,0.160961"
RELIGxPOLPARTY,RELIGxPOLPARTY :: Agnostic | Independent,ROBJOB5D_W27,4,"0.242531,0.274823,0.306588,0.176058"
RELIGxPOLPARTY,RELIGxPOLPARTY :: Agnostic | Other,ROBJOB5D_W27,4,"0.227651,0.259986,0.336447,0.175915"
RELIGxPOLPARTY,RELIGxPOLPARTY :: Atheist | Democrat,ROBJOB5D_W27,4,"0.236455,0.291983,0.301251,0.170312"
RELIGxPOLPARTY,RELIGxPOLPARTY :: Atheist | Independent,ROBJOB5D_W27,4,"0.225719,0.296703,0.308522,0.169056"
RELIGxPOLPARTY,RELIGxPOLPARTY :: Atheist | Other,ROBJOB5D_W27,4,"0.210001,0.280388,0.338213,0.171398"
RELIGxPOLPARTY,RELIGxPOLPARTY :: Jewish | Democrat,ROBJOB5D_W27,4,"0.214414,0.275314,0.311971,0.198301"
RELIGxPOLPARTY,RELIGxPOLPARTY :: Mormon | Republican,ROBJOB5D_W27,4,"0.232775,0.267922,0.310795,0.188507"
RELIGxPOLPARTY,RELIGxPOLPARTY :: Nothing in particular | Democrat,ROBJOB5D_W27,4,"0.219906,0.282365,0.312550,0.185179"
RELIGxPOLPARTY,RELIGxPOLPARTY :: Nothing in particular | Independent,ROBJOB5D_W27,4,"0.193723,0.284076,0.337349,0.184852"
RELIGxPOLPARTY,RELIGxPOLPARTY :: Nothing in particular | Other,ROBJOB5D_W27,4,"0.186597,0.277935,0.368204,0.167264"
RELIGxPOLPARTY,RELIGxPOLPARTY :: Nothing in particular | Republican,ROBJOB5D_W27,4,"0.209506,0.273248,0.321965,0.195281"
RELIGxPOLPARTY,RELIGxPOLPARTY :: Other | Democrat,ROBJOB5D_W27,4,"0.225655,0.283035,0.301289,0.190021"
RELIGxPOLPARTY,RELIGxPOLPARTY :: Other | Independent,ROBJOB5D_W27,4,"0.206848,0.284945,0.315405,0.192803"
RELIGxPOLPARTY,RELIGxPOLPARTY :: Protestant | Democrat,ROBJOB5D_W27,4,"0.211080,0.286268,0.311957,0.190695"
RELIGxPOLPARTY,RELIGxPOLPARTY :: Protestant | Independent,ROBJOB5D_W27,4,"0.209198,0.277142,0.314043,0.199618"
RELIGxPOLPARTY,RELIGxPOLPARTY :: Protestant | Other,ROBJOB5D_W27,4,"0.204399,0.266587,0.336998,0.192016"
RELIGxPOLPARTY,RELIGxPOLPARTY :: Protestant | Republican,ROBJOB5D_W27,4,"0.217530,0.266523,0.311597,0.204350"
RELIGxPOLPARTY,RELIGxPOLPARTY :: Roman Catholic | Democrat,ROBJOB5D_W27,4,"0.218382,0.284824,0.305572,0.191222"
RELIGxPOLPARTY,RELIGxPOLPARTY :: Roman Catholic | Independent,ROBJOB5D_W27,4,"0.213429,0.269799,0.303343,0.213429"
RELIGxPOLPARTY,RELIGxPOLPARTY :: Roman Catholic | Other,ROBJOB5D_W27,4,"0.207814,0.260657,0.326937,0.204592"
RELIGxPOLPARTY,RELIGxPOLPARTY :: Roman Catholic | Republican,ROBJOB5D_W27,4,"0.229610,0.254156,0.297138,0.219096"
RELIGxPOLPARTY,RELIGxPOLPARTY :: Agnostic | Democrat,ROBJOB8G_W27,4,"0.369524,0.225886,0.236726,0.167864"
RELIGxPOLPARTY,RELIGxPOLPARTY :: Agnostic | Independent,ROBJOB8G_W27,4,"0.329393,0.248639,0.242879,0.179088"
RELIGxPOLPARTY,RELIGxPOLPARTY :: Agnostic | Other,ROBJOB8G_W27,4,"0.315880,0.251842,0.261874,0.170405"
RELIGxPOLPARTY,RELIGxPOLPARTY :: Atheist | Democrat,ROBJOB8G_W27,4,"0.302988,0.251186,0.259160,0.186666"
RELIGxPOLPARTY,RELIGxPOLPARTY :: Atheist | Independent,ROBJOB8G_W27,4,"0.305797,0.265681,0.251541,0.176981"
RELIGxPOLPARTY,RELIGxPOLPARTY :: Atheist | Other,ROBJOB8G_W27,4,"0.284730,0.265398,0.271692,0.178180"
RELIGxPOLPARTY,RELIGxPOLPARTY :: Jewish | Democrat,ROBJOB8G_W27,4,"0.291406,0.243479,0.263264,0.201851"
RELIGxPOLPARTY,RELIGxPOLPARTY :: Mormon | Republican,ROBJOB8G_W27,4,"0.307695,0.239633,0.257089,0.195583"
RELIGxPOLPARTY,RELIGxPOLPARTY :: Nothing in particular | Democrat,ROBJOB8G_W27,4,"0.292747,0.262416,0.254343,0.190494"
RELIGxPOLPARTY,RELIGxPOLPARTY :: Nothing in particular | Independent,ROBJOB8G_W27,4,"0.278240,0.269680,0.259349,0.192731"
RELIGxPOLPARTY,RELIGxPOLPARTY :: Nothing in particular | Other,ROBJOB8G_W27,4,"0.271604,0.273734,0.273734,0.180927"
RELIGxPOLPARTY,RELIGxPOLPARTY :: Nothing in particular | Republican,ROBJOB8G_W27,4,"0.286573,0.258897,0.252900,0.201629"
RELIGxPOLPARTY,RELIGxPOLPARTY :: Other | Democrat,ROBJOB8G_W27,4,"0.296591,0.253687,0.253687,0.196034"
RELIGxPOLPARTY,RELIGxPOLPARTY :: Other | Independent,ROBJOB8G_W27,4,"0.284143,0.262789,0.254704,0.198364"
RELIGxPOLPARTY,RELIGxPOLPARTY :: Protestant | Democrat,ROBJOB8G_W27,4,"0.281656,0.242803,0.264591,0.210950"
RELIGxPOLPARTY,RELIGxPOLPARTY :: Protestant | Independent,ROBJOB8G_W27,4,"0.273406,0.247002,0.264994,0.214599"
RELIGxPOLPARTY,RELIGxPOLPARTY :: Protestant | Other,ROBJOB8G_W27,4,"0.268663,0.246539,0.277191,0.207607"
RELIGxPOLPARTY,RELIGxPOLPARTY :: Protestant | Republican,ROBJOB8G_W27,4,"0.284771,0.232423,0.259287,0.223519"
RELIGxPOLPARTY,RELIGxPOLPARTY :: Roman Catholic | Democrat,ROBJOB8G_W27,4,"0.299165,0.246087,0.253898,0.200850"
RELIGxPOLPARTY,RELIGxPOLPARTY :: Roman Catholic | Independent,ROBJOB8G_W27,4,"0.280200,0.251169,0.257126,0.211506"
RELIGxPOLPARTY,RELIGxPOLPARTY :: Roman Catholic | Other,ROBJOB8G_W27,4,"0.279347,0.252369,0.268645,0.199640"
RELIGxPOLPARTY,RELIGxPOLPARTY :: Roman Catholic | Republican,ROBJOB8G_W27,4,"0.303932,0.231220,0.244217,0.220631"
RELIGxPOLPARTY,RELIGxPOLPARTY :: Agnostic | Democrat,RQ2_F1A_W42,3,"0.354453,0.351695,0.293852"
RELIGxPOLPARTY,RELIGxPOLPARTY :: Agnostic | Independent,RQ2_F1A_W42,3,"0.293283,0.379536,0.327181"
RELIGxPOLPARTY,RELIGxPOLPARTY :: Atheist | Democrat,RQ2_F1A_W42,3,"0.286194,0.406764,0.307042"
RELIGxPOLPARTY,RELIGxPOLPARTY :: Atheist | Independent,RQ2_F1A_W42,3,"0.267665,0.401813,0.330522"
RELIGxPOLPARTY,RELIGxPOLPARTY :: Atheist | Other,RQ2_F1A_W42,3,"0.261160,0.398222,0.340617"
RELIGxPOLPARTY,RELIGxPOLPARTY :: Jewish | Democrat,RQ2_F1A_W42,3,"0.290015,0.396404,0.313581"
RELIGxPOLPARTY,RELIGxPOLPARTY :: Mormon | Republican,RQ2_F1A_W42,3,"0.327149,0.324603,0.348248"
RELIGxPOLPARTY,RELIGxPOLPARTY :: Nothing in particular | Democrat,RQ2_F1A_W42,3,"0.287067,0.414430,0.298503"
RELIGxPOLPARTY,RELIGxPOLPARTY :: Nothing in particular | Independent,RQ2_F1A_W42,3,"0.247180,0.430438,0.322383"
RELIGxPOLPARTY,RELIGxPOLPARTY :: Nothing in particular | Other,RQ2_F1A_W42,3,"0.243233,0.413753,0.343014"
RELIGxPOLPARTY,RELIGxPOLPARTY :: Nothing in particular | Republican,RQ2_F1A_W42,3,"0.289660,0.369037,0.341303"
RELIGxPOLPARTY,RELIGxPOLPARTY :: Other | Independent,RQ2_F1A_W42,3,"0.269044,0.403882,0.327074"
RELIGxPOLPARTY,RELIGxPOLPARTY :: Protestant | Democrat,RQ2_F1A_W42,3,"0.307595,0.401180,0.291225"
RELIGxPOLPARTY,RELIGxPOLPARTY :: Protestant | Independent,RQ2_F1A_W42,3,"0.305228,0.391920,0.302852"
RELIGxPOLPARTY,RELIGxPOLPARTY :: Protestant | Other,RQ2_F1A_W42,3,"0.301021,0.383511,0.315468"
RELIGxPOLPARTY,RELIGxPOLPARTY :: Protestant | Refused,RQ2_F1A_W42,3,"0.314280,0.358920,0.326800"
RELIGxPOLPARTY,RELIGxPOLPARTY :: Protestant | Republican,RQ2_F1A_W42,3,"0.338227,0.348964,0.312809"
RELIGxPOLPARTY,RELIGxPOLPARTY :: Roman Catholic | Democrat,RQ2_F1A_W42,3,"0.345894,0.388899,0.265206"
RELIGxPOLPARTY,RELIGxPOLPARTY :: Roman Catholic | Independent,RQ2_F1A_W42,3,"0.327695,0.383115,0.289190"
RELIGxPOLPARTY,RELIGxPOLPARTY :: Roman Catholic | Other,RQ2_F1A_W42,3,"0.325461,0.368796,0.305743"
RELIGxPOLPARTY,RELIGxPOLPARTY :: Roman Catholic | Republican,RQ2_F1A_W42,3,"0.384840,0.329171,0.285989"
RELIGxPOLPARTY,RELIGxPOLPARTY :: Agnostic | Democrat,RQ3_F1Ad_W42,2,"0.762070,0.237930"
RELIGxPOLPARTY,RELIGxPOLPARTY :: Agnostic | Independent,RQ3_F1Ad_W42,2,"0.729520,0.270480"
RELIGxPOLPARTY,RELIGxPOLPARTY :: Atheist | Democrat,RQ3_F1Ad_W42,2,"0.694303,0.305697"
RELIGxPOLPARTY,RELIGxPOLPARTY :: Atheist | Independent,RQ3_F1Ad_W42,2,"0.695958,0.304042"
RELIGxPOLPARTY,RELIGxPOLPARTY :: Atheist | Other,RQ3_F1Ad_W42,2,"0.670608,0.329392"
RELIGxPOLPARTY,RELIGxPOLPARTY :: Jewish | Democrat,RQ3_F1Ad_W42,2,"0.705785,0.294215"
RELIGxPOLPARTY,RELIGxPOLPARTY :: Mormon | Republican,RQ3_F1Ad_W42,2,"0.709019,0.290981"
RELIGxPOLPARTY,RELIGxPOLPARTY :: Nothing in particular | Democrat,RQ3_F1Ad_W42,2,"0.685949,0.314051"
RELIGxPOLPARTY,RELIGxPOLPARTY :: Nothing in particular | Independent,RQ3_F1Ad_W42,2,"0.699254,0.300746"
RELIGxPOLPARTY,RELIGxPOLPARTY :: Nothing in particular | Other,RQ3_F1Ad_W42,2,"0.663669,0.336331"
RELIGxPOLPARTY,RELIGxPOLPARTY :: Nothing in particular | Republican,RQ3_F1Ad_W42,2,"0.668880,0.331120"
RELIGxPOLPARTY,RELIGxPOLPARTY :: Other | Independent,RQ3_F1Ad_W42,2,"0.694303,0.305697"
RELIGxPOLPARTY,RELIGxPOLPARTY :: Protestant | Democrat,RQ3_F1Ad_W42,2,"0.689306,0.310694"
RELIGxPOLPARTY,RELIGxPOLPARTY :: Protestant | Independent,RQ3_F1Ad_W42,2,"0.689306,0.310694"
RELIGxPOLPARTY,RELIGxPOLPARTY :: Protestant | Other,RQ3_F1Ad_W42,2,"0.660172,0.339828"
RELIGxPOLPARTY,RELIGxPOLPARTY :: Protestant | Refused,RQ3_F1Ad_W42,2,"0.661923,0.338077"
RELIGxPOLPARTY,RELIGxPOLPARTY :: Protestant | Republican,RQ3_F1Ad_W42,2,"0.697609,0.302391"
RELIGxPOLPARTY,RELIGxPOLPARTY :: Roman Catholic | Democrat,RQ3_F1Ad_W42,2,"0.713831,0.286169"
RELIGxPOLPARTY,RELIGxPOLPARTY :: Roman Catholic | Independent,RQ3_F1Ad_W42,2,"0.684264,0.315736"
RELIGxPOLPARTY,RELIGxPOLPARTY :: Roman Catholic | Other,RQ3_F1Ad_W42,2,"0.653127,0.346873"
RELIGxPOLPARTY,RELIGxPOLPARTY :: Roman Catholic | Republican,RQ3_F1Ad_W42,2,"0.723310,0.276691"
RELIGxPOLPARTY,RELIGxPOLPARTY :: Agnostic | Democrat,RQ3_F1Bc_W42,2,"0.661923,0.338077"
RELIGxPOLPARTY,RELIGxPOLPARTY :: Agnostic | Independent,RQ3_F1Bc_W42,2,"0.586996,0.413004"
RELIGxPOLPARTY,RELIGxPOLPARTY :: Atheist | Democrat,RQ3_F1Bc_W42,2,"0.585101,0.414899"
RELIGxPOLPARTY,RELIGxPOLPARTY :: Atheist | Independent,RQ3_F1Bc_W42,2,"0.560253,0.439747"
RELIGxPOLPARTY,RELIGxPOLPARTY :: Atheist | Other,RQ3_F1Bc_W42,2,"0.542863,0.457137"
RELIGxPOLPARTY,RELIGxPOLPARTY :: Jewish | Democrat,RQ3_F1Bc_W42,2,"0.603932,0.396068"
RELIGxPOLPARTY,RELIGxPOLPARTY :: Mormon | Republican,RQ3_F1Bc_W42,2,"0.594551,0.405449"
RELIGxPOLPARTY,RELIGxPOLPARTY :: Nothing in particular | Democrat,RQ3_F1Bc_W42,2,"0.577495,0.422505"
RELIGxPOLPARTY,RELIGxPOLPARTY :: Nothing in particular | Independent,RQ3_F1Bc_W42,2,"0.544801,0.455199"
RELIGxPOLPARTY,RELIGxPOLPARTY :: Nothing in particular | Other,RQ3_F1Bc_W42,2,"0.531209,0.468791"
RELIGxPOLPARTY,RELIGxPOLPARTY :: Nothing in particular | Republican,RQ3_F1Bc_W42,2,"0.548674,0.451327"
RELIGxPOLPARTY,RELIGxPOLPARTY :: Other | Independent,RQ3_F1Bc_W42,2,"0.540924,0.459076"
RELIGxPOLPARTY,RELIGxPOLPARTY :: Protestant | Democrat,RQ3_F1Bc_W42,2,"0.571767,0.428233"
RELIGxPOLPARTY,RELIGxPOLPARTY :: Protestant | Independent,RQ3_F1Bc_W42,2,"0.552540,0.447460"
RELIGxPOLPARTY,RELIGxPOLPARTY :: Protestant | Other,RQ3_F1Bc_W42,2,"0.544801,0.455199"
RELIGxPOLPARTY,RELIGxPOLPARTY :: Protestant | Refused,RQ3_F1Bc_W42,2,"0.550607,0.449393"
RELIGxPOLPARTY,RELIGxPOLPARTY :: Protestant | Republican,RQ3_F1Bc_W42,2,"0.588889,0.411111"
RELIGxPOLPARTY,RELIGxPOLPARTY :: Roman Catholic | Democrat,RQ3_F1Bc_W42,2,"0.600188,0.399812"
RELIGxPOLPARTY,RELIGxPOLPARTY :: Roman Catholic | Independent,RQ3_F1Bc_W42,2,"0.548674,0.451327"
RELIGxPOLPARTY,RELIGxPOLPARTY :: Roman Catholic | Other,RQ3_F1Bc_W42,2,"0.533154,0.466846"
RELIGxPOLPARTY,RELIGxPOLPARTY :: Roman Catholic | Republican,RQ3_F1Bc_W42,2,"0.609524,0.390476"
RELIGxPOLPARTY,RELIGxPOLPARTY :: Agnostic | Democrat,RQ3_F1Cc_W42,2,"0.674050,0.325950"
RELIGxPOLPARTY,RELIGxPOLPARTY :: Agnostic | Independent,RQ3_F1Cc_W42,2,"0.603932,0.396068"
RELIGxPOLPARTY,RELIGxPOLPARTY :: Atheist | Democrat,RQ3_F1Cc_W42,2,"0.605799,0.394201"
RELIGxPOLPARTY,RELIGxPOLPARTY :: Atheist | Independent,RQ3_F1Cc_W42,2,"0.579400,0.420600"
RELIGxPOLPARTY,RELIGxPOLPARTY :: Atheist | Other,RQ3_F1Cc_W42,2,"0.566019,0.433981"
RELIGxPOLPARTY,RELIGxPOLPARTY :: Jewish | Democrat,RQ3_F1Cc_W42,2,"0.624294,0.375706"
RELIGxPOLPARTY,RELIGxPOLPARTY :: Mormon | Republican,RQ3_F1Cc_W42,2,"0.609524,0.390476"
RELIGxPOLPARTY,RELIGxPOLPARTY :: Nothing in particular | Democrat,RQ3_F1Cc_W42,2,"0.596433,0.403567"
RELIGxPOLPARTY,RELIGxPOLPARTY :: Nothing in particular | Independent,RQ3_F1Cc_W42,2,"0.569853,0.430147"
RELIGxPOLPARTY,RELIGxPOLPARTY :: Nothing in particular | Other,RQ3_F1Cc_W42,2,"0.554470,0.445530"
RELIGxPOLPARTY,RELIGxPOLPARTY :: Nothing in particular | Republican,RQ3_F1Cc_W42,2,"0.569853,0.430147"
RELIGxPOLPARTY,RELIGxPOLPARTY :: Other | Independent,RQ3_F1Cc_W42,2,"0.562177,0.437824"
RELIGxPOLPARTY,RELIGxPOLPARTY :: Protestant | Democrat,RQ3_F1Cc_W42,2,"0.588889,0.411111"
RELIGxPOLPARTY,RELIGxPOLPARTY :: Protestant | Independent,RQ3_F1Cc_W42,2,"0.571767,0.428233"
RELIGxPOLPARTY,RELIGxPOLPARTY :: Protestant | Other,RQ3_F1Cc_W42,2,"0.560253,0.439747"
RELIGxPOLPARTY,RELIGxPOLPARTY :: Protestant | Refused,RQ3_F1Cc_W42,2,"0.566019,0.433981"
RELIGxPOLPARTY,RELIGxPOLPARTY :: Protestant | Republican,RQ3_F1Cc_W42,2,"0.605799,0.394201"
RELIGxPOLPARTY,RELIGxPOLPARTY :: Roman Catholic | Democrat,RQ3_F1Cc_W42,2,"0.618780,0.381220"
RELIGxPOLPARTY,RELIGxPOLPARTY :: Roman Catholic | Independent,RQ3_F1Cc_W42,2,"0.564098,0.435902"
RELIGxPOLPARTY,RELIGxPOLPARTY :: Roman Catholic | Other,RQ3_F1Cc_W42,2,"0.550607,0.449393"
RELIGxPOLPARTY,RELIGxPOLPARTY :: Roman Catholic | Republican,RQ3_F1Cc_W42,2,"0.626124,0.373876"
RELIGxPOLPARTY,RELIGxPOLPARTY :: Agnostic | Democrat,RQ4_F1Ae_W42,4,"0.698394,0.141887,0.105442,0.054277"
RELIGxPOLPARTY,RELIGxPOLPARTY :: Agnostic | Independent,RQ4_F1Ae_W42,4,"0.667382,0.171398,0.108947,0.052273"
RELIGxPOLPARTY,RELIGxPOLPARTY :: Atheist | Democrat,RQ4_F1Ae_W42,4,"0.617759,0.194386,0.129489,0.058365"
RELIGxPOLPARTY,RELIGxPOLPARTY :: Atheist | Independent,RQ4_F1Ae_W42,4,"0.594878,0.220560,0.129660,0.054902"
RELIGxPOLPARTY,RELIGxPOLPARTY :: Atheist | Other,RQ4_F1Ae_W42,4,"0.512814,0.232956,0.184284,0.069946"
RELIGxPOLPARTY,RELIGxPOLPARTY :: Jewish | Democrat,RQ4_F1Ae_W42,4,"0.599118,0.191489,0.129568,0.079825"
RELIGxPOLPARTY,RELIGxPOLPARTY :: Mormon | Republican,RQ4_F1Ae_W42,4,"0.603412,0.194375,0.125498,0.076715"
RELIGxPOLPARTY,RELIGxPOLPARTY :: Nothing in particular | Democrat,RQ4_F1Ae_W42,4,"0.553157,0.228796,0.147722,0.070326"
RELIGxPOLPARTY,RELIGxPOLPARTY :: Nothing in particular | Independent,RQ4_F1Ae_W42,4,"0.566149,0.245407,0.132387,0.056056"
RELIGxPOLPARTY,RELIGxPOLPARTY :: Nothing in particular | Other,RQ4_F1Ae_W42,4,"0.461720,0.269319,0.197038,0.071922"
RELIGxPOLPARTY,RELIGxPOLPARTY :: Nothing in particular | Republican,RQ4_F1Ae_W42,4,"0.499481,0.251155,0.158401,0.090962"
RELIGxPOLPARTY,RELIGxPOLPARTY :: Other | Independent,RQ4_F1Ae_W42,4,"0.556314,0.235558,0.137400,0.070727"
RELIGxPOLPARTY,RELIGxPOLPARTY :: Protestant | Democrat,RQ4_F1Ae_W42,4,"0.629685,0.183249,0.120177,0.066889"
RELIGxPOLPARTY,RELIGxPOLPARTY :: Protestant | Independent,RQ4_F1Ae_W42,4,"0.624686,0.195037,0.116462,0.063816"
RELIGxPOLPARTY,RELIGxPOLPARTY :: Protestant | Other,RQ4_F1Ae_W42,4,"0.523223,0.214730,0.176632,0.085414"
RELIGxPOLPARTY,RELIGxPOLPARTY :: Protestant | Refused,RQ4_F1Ae_W42,4,"0.512016,0.210131,0.142182,0.135671"
RELIGxPOLPARTY,RELIGxPOLPARTY :: Protestant | Republican,RQ4_F1Ae_W42,4,"0.619574,0.181720,0.115508,0.083198"
RELIGxPOLPARTY,RELIGxPOLPARTY :: Roman Catholic | Democrat,RQ4_F1Ae_W42,4,"0.705716,0.146775,0.094765,0.052745"
RELIGxPOLPARTY,RELIGxPOLPARTY :: Roman Catholic | Independent,RQ4_F1Ae_W42,4,"0.648731,0.184418,0.105078,0.061772"
RELIGxPOLPARTY,RELIGxPOLPARTY :: Roman Catholic | Other,RQ4_F1Ae_W42,4,"0.535064,0.207903,0.169686,0.087347"
RELIGxPOLPARTY,RELIGxPOLPARTY :: Roman Catholic | Republican,RQ4_F1Ae_W42,4,"0.689833,0.149187,0.087702,0.073278"
RELIGxPOLPARTY,RELIGxPOLPARTY :: Agnostic | Democrat,RQ4_F1Ba_W42,4,"0.592155,0.186330,0.147399,0.074117"
RELIGxPOLPARTY,RELIGxPOLPARTY :: Agnostic | Independent,RQ4_F1Ba_W42,4,"0.557083,0.218157,0.151113,0.073647"
RELIGxPOLPARTY,RELIGxPOLPARTY :: Atheist | Democrat,RQ4_F1Ba_W42,4,"0.517794,0.238923,0.168103,0.075180"
RELIGxPOLPARTY,RELIGxPOLPARTY :: Atheist | Independent,RQ4_F1Ba_W42,4,"0.491895,0.265357,0.171328,0.071420"
RELIGxPOLPARTY,RELIGxPOLPARTY :: Atheist | Other,RQ4_F1Ba_W42,4,"0.429461,0.266658,0.215946,0.087935"
RELIGxPOLPARTY,RELIGxPOLPARTY :: Jewish | Democrat,RQ4_F1Ba_W42,4,"0.506578,0.231928,0.167052,0.094442"
RELIGxPOLPARTY,RELIGxPOLPARTY :: Mormon | Republican,RQ4_F1Ba_W42,4,"0.506881,0.228469,0.167152,0.097499"
RELIGxPOLPARTY,RELIGxPOLPARTY :: Nothing in particular | Democrat,RQ4_F1Ba_W42,4,"0.471083,0.260157,0.181619,0.087142"
RELIGxPOLPARTY,RELIGxPOLPARTY :: Nothing in particular | Independent,RQ4_F1Ba_W42,4,"0.473564,0.280577,0.171513,0.074346"
RELIGxPOLPARTY,RELIGxPOLPARTY :: Nothing in particular | Other,RQ4_F1Ba_W42,4,"0.397984,0.288905,0.225000,0.088111"
RELIGxPOLPARTY,RELIGxPOLPARTY :: Nothing in particular | Republican,RQ4_F1Ba_W42,4,"0.433683,0.269280,0.186525,0.110512"
RELIGxPOLPARTY,RELIGxPOLPARTY :: Other | Independent,RQ4_F1Ba_W42,4,"0.465265,0.267179,0.175221,0.092335"
RELIGxPOLPARTY,RELIGxPOLPARTY :: Protestant | Democrat,RQ4_F1Ba_W42,4,"0.515028,0.232141,0.163332,0.089498"
RELIGxPOLPARTY,RELIGxPOLPARTY :: Protestant | Independent,RQ4_F1Ba_W42,4,"0.505735,0.242654,0.161643,0.089968"
RELIGxPOLPARTY,RELIGxPOLPARTY :: Protestant | Other,RQ4_F1Ba_W42,4,"0.430616,0.247282,0.211511,0.110591"
RELIGxPOLPARTY,RELIGxPOLPARTY :: Protestant | Refused,RQ4_F1Ba_W42,4,"0.425516,0.240565,0.177381,0.156538"
RELIGxPOLPARTY,RELIGxPOLPARTY :: Protestant | Republican,RQ4_F1Ba_W42,4,"0.508096,0.220243,0.157401,0.114261"
RELIGxPOLPARTY,RELIGxPOLPARTY :: Roman Catholic | Democrat,RQ4_F1Ba_W42,4,"0.583488,0.203230,0.139678,0.073605"
RELIGxPOLPARTY,RELIGxPOLPARTY :: Roman Catholic | Independent,RQ4_F1Ba_W42,4,"0.531920,0.232379,0.148867,0.086834"
RELIGxPOLPARTY,RELIGxPOLPARTY :: Roman Catholic | Other,RQ4_F1Ba_W42,4,"0.448400,0.236290,0.203695,0.111616"
RELIGxPOLPARTY,RELIGxPOLPARTY :: Roman Catholic | Republican,RQ4_F1Ba_W42,4,"0.572441,0.194763,0.127729,0.105067"
RELIGxPOLPARTY,RELIGxPOLPARTY :: Agnostic | Democrat,RQ4_F1Bc_W42,4,"0.430017,0.224840,0.199976,0.145167"
RELIGxPOLPARTY,RELIGxPOLPARTY :: Agnostic | Independent,RQ4_F1Bc_W42,4,"0.378996,0.260480,0.210943,0.149581"
RELIGxPOLPARTY,RELIGxPOLPARTY :: Atheist | Democrat,RQ4_F1Bc_W42,4,"0.355538,0.272600,0.222490,0.149373"
RELIGxPOLPARTY,RELIGxPOLPARTY :: Atheist | Independent,RQ4_F1Bc_W42,4,"0.337973,0.291351,0.228684,0.141993"
RELIGxPOLPARTY,RELIGxPOLPARTY :: Atheist | Other,RQ4_F1Bc_W42,4,"0.306982,0.281702,0.260532,0.150784"
RELIGxPOLPARTY,RELIGxPOLPARTY :: Jewish | Democrat,RQ4_F1Bc_W42,4,"0.346806,0.261783,0.217026,0.174385"
RELIGxPOLPARTY,RELIGxPOLPARTY :: Mormon | Republican,RQ4_F1Bc_W42,4,"0.347944,0.254561,0.221166,0.176329"
RELIGxPOLPARTY,RELIGxPOLPARTY :: Nothing in particular | Democrat,RQ4_F1Bc_W42,4,"0.332932,0.287006,0.228821,0.151241"
RELIGxPOLPARTY,RELIGxPOLPARTY :: Nothing in particular | Independent,RQ4_F1Bc_W42,4,"0.314627,0.309749,0.233811,0.141813"
RELIGxPOLPARTY,RELIGxPOLPARTY :: Nothing in particular | Other,RQ4_F1Bc_W42,4,"0.286835,0.300601,0.269457,0.143107"
RELIGxPOLPARTY,RELIGxPOLPARTY :: Nothing in particular | Republican,RQ4_F1Bc_W42,4,"0.311160,0.278922,0.231234,0.178684"
RELIGxPOLPARTY,RELIGxPOLPARTY :: Other | Independent,RQ4_F1Bc_W42,4,"0.312823,0.296175,0.232471,0.158531"
RELIGxPOLPARTY,RELIGxPOLPARTY :: Protestant | Democrat,RQ4_F1Bc_W42,4,"0.349955,0.270424,0.215601,0.164020"
RELIGxPOLPARTY,RELIGxPOLPARTY :: Protestant | Independent,RQ4_F1Bc_W42,4,"0.336018,0.278569,0.220366,0.165047"
RELIGxPOLPARTY,RELIGxPOLPARTY :: Protestant | Other,RQ4_F1Bc_W42,4,"0.309512,0.268909,0.250650,0.170929"
RELIGxPOLPARTY,RELIGxPOLPARTY :: Protestant | Refused,RQ4_F1Bc_W42,4,"0.314351,0.258579,0.214369,0.212701"
RELIGxPOLPARTY,RELIGxPOLPARTY :: Protestant | Republican,RQ4_F1Bc_W42,4,"0.340333,0.252914,0.211317,0.195437"
RELIGxPOLPARTY,RELIGxPOLPARTY :: Roman Catholic | Democrat,RQ4_F1Bc_W42,4,"0.391428,0.262792,0.198366,0.147413"
RELIGxPOLPARTY,RELIGxPOLPARTY :: Roman Catholic | Independent,RQ4_F1Bc_W42,4,"0.357882,0.276550,0.205514,0.160055"
RELIGxPOLPARTY,RELIGxPOLPARTY :: Roman Catholic | Other,RQ4_F1Bc_W42,4,"0.331057,0.266012,0.240322,0.162610"
RELIGxPOLPARTY,RELIGxPOLPARTY :: Roman Catholic | Republican,RQ4_F1Bc_W42,4,"0.391999,0.243398,0.180878,0.183726"
RELIGxPOLPARTY,RELIGxPOLPARTY :: Agnostic | Democrat,RQ4_F1Bd_W42,4,"0.404828,0.191227,0.176856,0.227088"
RELIGxPOLPARTY,RELIGxPOLPARTY :: Agnostic | Independent,RQ4_F1Bd_W42,4,"0.351569,0.225223,0.192644,0.230564"
RELIGxPOLPARTY,RELIGxPOLPARTY :: Atheist | Democrat,RQ4_F1Bd_W42,4,"0.316549,0.240817,0.209226,0.233408"
RELIGxPOLPARTY,RELIGxPOLPARTY :: Atheist | Independent,RQ4_F1Bd_W42,4,"0.312588,0.259145,0.206608,0.221658"
RELIGxPOLPARTY,RELIGxPOLPARTY :: Atheist | Other,RQ4_F1Bd_W42,4,"0.278474,0.247680,0.253554,0.220291"
RELIGxPOLPARTY,RELIGxPOLPARTY :: Jewish | Democrat,RQ4_F1Bd_W42,4,"0.312784,0.227057,0.198818,0.261341"
RELIGxPOLPARTY,RELIGxPOLPARTY :: Mormon | Republican,RQ4_F1Bd_W42,4,"0.324782,0.219759,0.198535,0.256924"
RELIGxPOLPARTY,RELIGxPOLPARTY :: Nothing in particular | Democrat,RQ4_F1Bd_W42,4,"0.306837,0.254377,0.212540,0.226247"
RELIGxPOLPARTY,RELIGxPOLPARTY :: Nothing in particular | Independent,RQ4_F1Bd_W42,4,"0.293530,0.273600,0.216435,0.216435"
RELIGxPOLPARTY,RELIGxPOLPARTY :: Nothing in particular | Other,RQ4_F1Bd_W42,4,"0.270433,0.264169,0.258049,0.207348"
RELIGxPOLPARTY,RELIGxPOLPARTY :: Nothing in particular | Republican,RQ4_F1Bd_W42,4,"0.293039,0.242938,0.209426,0.254597"
RELIGxPOLPARTY,RELIGxPOLPARTY :: Other | Independent,RQ4_F1Bd_W42,4,"0.296284,0.261469,0.215079,0.227168"
RELIGxPOLPARTY,RELIGxPOLPARTY :: Protestant | Democrat,RQ4_F1Bd_W42,4,"0.329091,0.238894,0.194980,0.237035"
RELIGxPOLPARTY,RELIGxPOLPARTY :: Protestant | Independent,RQ4_F1Bd_W42,4,"0.322218,0.248991,0.198513,0.230279"
RELIGxPOLPARTY,RELIGxPOLPARTY :: Protestant | Other,RQ4_F1Bd_W42,4,"0.300227,0.237499,0.235651,0.226623"
RELIGxPOLPARTY,RELIGxPOLPARTY :: Protestant | Refused,RQ4_F1Bd_W42,4,"0.304611,0.228143,0.183318,0.283928"
RELIGxPOLPARTY,RELIGxPOLPARTY :: Protestant | Republican,RQ4_F1Bd_W42,4,"0.326215,0.222459,0.182990,0.268337"
RELIGxPOLPARTY,RELIGxPOLPARTY :: Roman Catholic | Democrat,RQ4_F1Bd_W42,4,"0.354829,0.229095,0.186982,0.229095"
RELIGxPOLPARTY,RELIGxPOLPARTY :: Roman Catholic | Independent,RQ4_F1Bd_W42,4,"0.334551,0.246683,0.190622,0.228144"
RELIGxPOLPARTY,RELIGxPOLPARTY :: Roman Catholic | Other,RQ4_F1Bd_W42,4,"0.314630,0.233813,0.230188,0.221370"
RELIGxPOLPARTY,RELIGxPOLPARTY :: Roman Catholic | Republican,RQ4_F1Bd_W42,4,"0.366253,0.208685,0.161259,0.263802"
RELIGxPOLPARTY,RELIGxPOLPARTY :: Agnostic | Democrat,RQ4_F1Be_W42,4,"0.652629,0.156229,0.120724,0.070418"
RELIGxPOLPARTY,RELIGxPOLPARTY :: Agnostic | Independent,RQ4_F1Be_W42,4,"0.608457,0.191460,0.128540,0.071543"
RELIGxPOLPARTY,RELIGxPOLPARTY :: Atheist | Democrat,RQ4_F1Be_W42,4,"0.569437,0.207854,0.146244,0.076465"
RELIGxPOLPARTY,RELIGxPOLPARTY :: Atheist | Independent,RQ4_F1Be_W42,4,"0.537640,0.238576,0.149297,0.074487"
RELIGxPOLPARTY,RELIGxPOLPARTY :: Atheist | Other,RQ4_F1Be_W42,4,"0.465220,0.241353,0.203240,0.090187"
RELIGxPOLPARTY,RELIGxPOLPARTY :: Jewish | Democrat,RQ4_F1Be_W42,4,"0.548599,0.201818,0.146504,0.103079"
RELIGxPOLPARTY,RELIGxPOLPARTY :: Mormon | Republican,RQ4_F1Be_W42,4,"0.539101,0.209472,0.148538,0.102889"
RELIGxPOLPARTY,RELIGxPOLPARTY :: Nothing in particular | Democrat,RQ4_F1Be_W42,4,"0.510842,0.235715,0.163275,0.090169"
RELIGxPOLPARTY,RELIGxPOLPARTY :: Nothing in particular | Independent,RQ4_F1Be_W42,4,"0.513593,0.258251,0.151818,0.076339"
RELIGxPOLPARTY,RELIGxPOLPARTY :: Nothing in particular | Other,RQ4_F1Be_W42,4,"0.423966,0.269489,0.214856,0.091689"
RELIGxPOLPARTY,RELIGxPOLPARTY :: Nothing in particular | Republican,RQ4_F1Be_W42,4,"0.459679,0.251883,0.173117,0.115321"
RELIGxPOLPARTY,RELIGxPOLPARTY :: Other | Independent,RQ4_F1Be_W42,4,"0.506102,0.246654,0.154352,0.092891"
RELIGxPOLPARTY,RELIGxPOLPARTY :: Protestant | Democrat,RQ4_F1Be_W42,4,"0.565583,0.204841,0.140785,0.088792"
RELIGxPOLPARTY,RELIGxPOLPARTY :: Protestant | Independent,RQ4_F1Be_W42,4,"0.554196,0.220444,0.139032,0.086327"
RELIGxPOLPARTY,RELIGxPOLPARTY :: Protestant | Other,RQ4_F1Be_W42,4,"0.464619,0.230003,0.196732,0.108646"
RELIGxPOLPARTY,RELIGxPOLPARTY :: Protestant | Refused,RQ4_F1Be_W42,4,"0.460037,0.220728,0.157747,0.161488"
RELIGxPOLPARTY,RELIGxPOLPARTY :: Protestant | Republican,RQ4_F1Be_W42,4,"0.547527,0.203004,0.137359,0.112109"
RELIGxPOLPARTY,RELIGxPOLPARTY :: Roman Catholic | Democrat,RQ4_F1Be_W42,4,"0.636292,0.175317,0.115877,0.072514"
RELIGxPOLPARTY,RELIGxPOLPARTY :: Roman Catholic | Independent,RQ4_F1Be_W42,4,"0.579979,0.210054,0.126413,0.083554"
RELIGxPOLPARTY,RELIGxPOLPARTY :: Roman Catholic | Other,RQ4_F1Be_W42,4,"0.479726,0.221357,0.189337,0.109580"
RELIGxPOLPARTY,RELIGxPOLPARTY :: Roman Catholic | Republican,RQ4_F1Be_W42,4,"0.610227,0.177586,0.109408,0.102779"
RELIGxPOLPARTY,RELIGxPOLPARTY :: Agnostic | Democrat,RQ5_F1B_W42,4,"0.358764,0.215908,0.219308,0.206021"
RELIGxPOLPARTY,RELIGxPOLPARTY :: Agnostic | Independent,RQ5_F1B_W42,4,"0.313842,0.236901,0.236901,0.212356"
RELIGxPOLPARTY,RELIGxPOLPARTY :: Atheist | Democrat,RQ5_F1B_W42,4,"0.291869,0.257574,0.241968,0.208589"
RELIGxPOLPARTY,RELIGxPOLPARTY :: Atheist | Independent,RQ5_F1B_W42,4,"0.283783,0.260414,0.246555,0.209248"
RELIGxPOLPARTY,RELIGxPOLPARTY :: Atheist | Other,RQ5_F1B_W42,4,"0.268925,0.262696,0.273160,0.195219"
RELIGxPOLPARTY,RELIGxPOLPARTY :: Jewish | Democrat,RQ5_F1B_W42,4,"0.283501,0.246310,0.240604,0.229586"
RELIGxPOLPARTY,RELIGxPOLPARTY :: Mormon | Republican,RQ5_F1B_W42,4,"0.319750,0.223221,0.228515,0.228515"
RELIGxPOLPARTY,RELIGxPOLPARTY :: Nothing in particular | Democrat,RQ5_F1B_W42,4,"0.281463,0.256275,0.246457,0.215805"
RELIGxPOLPARTY,RELIGxPOLPARTY :: Nothing in particular | Independent,RQ5_F1B_W42,4,"0.265408,0.261294,0.263343,0.209955"
RELIGxPOLPARTY,RELIGxPOLPARTY :: Nothing in particular | Other,RQ5_F1B_W42,4,"0.258239,0.260264,0.288086,0.193412"
RELIGxPOLPARTY,RELIGxPOLPARTY :: Nothing in particular | Republican,RQ5_F1B_W42,4,"0.287821,0.238612,0.240483,0.233084"
RELIGxPOLPARTY,RELIGxPOLPARTY :: Other | Independent,RQ5_F1B_W42,4,"0.279434,0.260461,0.252447,0.207658"
RELIGxPOLPARTY,RELIGxPOLPARTY :: Protestant | Democrat,RQ5_F1B_W42,4,"0.294317,0.255707,0.234650,0.215327"
RELIGxPOLPARTY,RELIGxPOLPARTY :: Protestant | Independent,RQ5_F1B_W42,4,"0.288937,0.256986,0.237673,0.216404"
RELIGxPOLPARTY,RELIGxPOLPARTY :: Protestant | Other,RQ5_F1B_W42,4,"0.277208,0.256376,0.260413,0.206004"
RELIGxPOLPARTY,RELIGxPOLPARTY :: Protestant | Refused,RQ5_F1B_W42,4,"0.292561,0.244443,0.226073,0.236923"
RELIGxPOLPARTY,RELIGxPOLPARTY :: Protestant | Republican,RQ5_F1B_W42,4,"0.317948,0.232615,0.216821,0.232615"
RELIGxPOLPARTY,RELIGxPOLPARTY :: Roman Catholic | Democrat,RQ5_F1B_W42,4,"0.316191,0.252089,0.225971,0.205749"
RELIGxPOLPARTY,RELIGxPOLPARTY :: Roman Catholic | Independent,RQ5_F1B_W42,4,"0.292238,0.255892,0.232993,0.218876"
RELIGxPOLPARTY,RELIGxPOLPARTY :: Roman Catholic | Other,RQ5_F1B_W42,4,"0.286241,0.252607,0.256585,0.204567"
RELIGxPOLPARTY,RELIGxPOLPARTY :: Roman Catholic | Republican,RQ5_F1B_W42,4,"0.346713,0.223855,0.203822,0.225610"
RELIGxPOLPARTY,RELIGxPOLPARTY :: Agnostic | Democrat,RQ8_F1A_W42,4,"0.341630,0.203996,0.212123,0.242252"
RELIGxPOLPARTY,RELIGxPOLPARTY :: Agnostic | Independent,RQ8_F1A_W42,4,"0.309919,0.223226,0.219766,0.247089"
RELIGxPOLPARTY,RELIGxPOLPARTY :: Atheist | Democrat,RQ8_F1A_W42,4,"0.296903,0.231228,0.227643,0.244226"
RELIGxPOLPARTY,RELIGxPOLPARTY :: Atheist | Independent,RQ8_F1A_W42,4,"0.294662,0.248130,0.231283,0.225925"
RELIGxPOLPARTY,RELIGxPOLPARTY :: Atheist | Other,RQ8_F1A_W42,4,"0.274249,0.236417,0.263743,0.225591"
RELIGxPOLPARTY,RELIGxPOLPARTY :: Jewish | Democrat,RQ8_F1A_W42,4,"0.292663,0.222646,0.224392,0.260299"
RELIGxPOLPARTY,RELIGxPOLPARTY :: Mormon | Republican,RQ8_F1A_W42,4,"0.304933,0.223094,0.223094,0.248879"
RELIGxPOLPARTY,RELIGxPOLPARTY :: Nothing in particular | Democrat,RQ8_F1A_W42,4,"0.284608,0.239664,0.232290,0.243438"
RELIGxPOLPARTY,RELIGxPOLPARTY :: Nothing in particular | Independent,RQ8_F1A_W42,4,"0.276657,0.249939,0.242249,0.231155"
RELIGxPOLPARTY,RELIGxPOLPARTY :: Nothing in particular | Other,RQ8_F1A_W42,4,"0.261689,0.245834,0.272113,0.220364"
RELIGxPOLPARTY,RELIGxPOLPARTY :: Nothing in particular | Republican,RQ8_F1A_W42,4,"0.284960,0.234402,0.227190,0.253449"
RELIGxPOLPARTY,RELIGxPOLPARTY :: Other | Independent,RQ8_F1A_W42,4,"0.281454,0.244531,0.237008,0.237008"
RELIGxPOLPARTY,RELIGxPOLPARTY :: Protestant | Democrat,RQ8_F1A_W42,4,"0.294016,0.236248,0.220208,0.249528"
RELIGxPOLPARTY,RELIGxPOLPARTY :: Protestant | Independent,RQ8_F1A_W42,4,"0.290946,0.245001,0.226589,0.237463"
RELIGxPOLPARTY,RELIGxPOLPARTY :: Protestant | Other,RQ8_F1A_W42,4,"0.276652,0.238489,0.251895,0.232964"
RELIGxPOLPARTY,RELIGxPOLPARTY :: Protestant | Refused,RQ8_F1A_W42,4,"0.291217,0.225035,0.197047,0.286702"
RELIGxPOLPARTY,RELIGxPOLPARTY :: Protestant | Republican,RQ8_F1A_W42,4,"0.305377,0.225171,0.208249,0.261203"
RELIGxPOLPARTY,RELIGxPOLPARTY :: Roman Catholic | Democrat,RQ8_F1A_W42,4,"0.319155,0.231682,0.204458,0.244705"
RELIGxPOLPARTY,RELIGxPOLPARTY :: Roman Catholic | Independent,RQ8_F1A_W42,4,"0.300502,0.247187,0.216444,0.235867"
RELIGxPOLPARTY,RELIGxPOLPARTY :: Roman Catholic | Other,RQ8_F1A_W42,4,"0.288798,0.239422,0.245100,0.226680"
RELIGxPOLPARTY,RELIGxPOLPARTY :: Roman Catholic | Republican,RQ8_F1A_W42,4,"0.337024,0.222759,0.181811,0.258405"
RELIGxPOLPARTY,RELIGxPOLPARTY :: Agnostic | Democrat,RQ8_F1B_W42,4,"0.326664,0.206024,0.210910,0.256402"
RELIGxPOLPARTY,RELIGxPOLPARTY :: Agnostic | Independent,RQ8_F1B_W42,4,"0.294100,0.221999,0.220271,0.263630"
RELIGxPOLPARTY,RELIGxPOLPARTY :: Atheist | Democrat,RQ8_F1B_W42,4,"0.282765,0.228990,0.230786,0.257460"
RELIGxPOLPARTY,RELIGxPOLPARTY :: Atheist | Independent,RQ8_F1B_W42,4,"0.279323,0.246502,0.233383,0.240792"
RELIGxPOLPARTY,RELIGxPOLPARTY :: Atheist | Other,RQ8_F1B_W42,4,"0.262084,0.234931,0.266212,0.236773"
RELIGxPOLPARTY,RELIGxPOLPARTY :: Jewish | Democrat,RQ8_F1B_W42,4,"0.278318,0.221895,0.223635,0.276152"
RELIGxPOLPARTY,RELIGxPOLPARTY :: Mormon | Republican,RQ8_F1B_W42,4,"0.290962,0.223088,0.223088,0.262862"
RELIGxPOLPARTY,RELIGxPOLPARTY :: Nothing in particular | Democrat,RQ8_F1B_W42,4,"0.272912,0.235265,0.233434,0.258388"
RELIGxPOLPARTY,RELIGxPOLPARTY :: Nothing in particular | Independent,RQ8_F1B_W42,4,"0.261889,0.244107,0.244107,0.249896"
RELIGxPOLPARTY,RELIGxPOLPARTY :: Nothing in particular | Other,RQ8_F1B_W42,4,"0.251435,0.238054,0.276147,0.234363"
RELIGxPOLPARTY,RELIGxPOLPARTY :: Nothing in particular | Republican,RQ8_F1B_W42,4,"0.275012,0.229781,0.224458,0.270748"
RELIGxPOLPARTY,RELIGxPOLPARTY :: Other | Independent,RQ8_F1B_W42,4,"0.267934,0.242059,0.238306,0.251701"
RELIGxPOLPARTY,RELIGxPOLPARTY :: Protestant | Democrat,RQ8_F1B_W42,4,"0.279362,0.233416,0.222727,0.264495"
RELIGxPOLPARTY,RELIGxPOLPARTY :: Protestant | Independent,RQ8_F1B_W42,4,"0.274452,0.242203,0.227528,0.255817"
RELIGxPOLPARTY,RELIGxPOLPARTY :: Protestant | Other,RQ8_F1B_W42,4,"0.262285,0.235111,0.256209,0.246394"
RELIGxPOLPARTY,RELIGxPOLPARTY :: Protestant | Refused,RQ8_F1B_W42,4,"0.279592,0.222910,0.195187,0.302311"
RELIGxPOLPARTY,RELIGxPOLPARTY :: Protestant | Republican,RQ8_F1B_W42,4,"0.290561,0.224528,0.207655,0.277256"
RELIGxPOLPARTY,RELIGxPOLPARTY :: Roman Catholic | Democrat,RQ8_F1B_W42,4,"0.296496,0.229115,0.208611,0.265778"
RELIGxPOLPARTY,RELIGxPOLPARTY :: Roman Catholic | Independent,RQ8_F1B_W42,4,"0.281496,0.242665,0.217523,0.258315"
RELIGxPOLPARTY,RELIGxPOLPARTY :: Roman Catholic | Other,RQ8_F1B_W42,4,"0.271528,0.235908,0.249168,0.243396"
RELIGxPOLPARTY,RELIGxPOLPARTY :: Roman Catholic | Republican,RQ8_F1B_W42,4,"0.314142,0.221026,0.183237,0.281595"
RELIGxPOLPARTY,RELIGxPOLPARTY :: Agnostic | Democrat,RTBFc_W49,2,"0.732592,0.267408"
RELIGxPOLPARTY,RELIGxPOLPARTY :: Agnostic | Independent,RTBFc_W49,2,"0.700895,0.299105"
RELIGxPOLPARTY,RELIGxPOLPARTY :: Atheist | Democrat,RTBFc_W49,2,"0.667148,0.332852"
RELIGxPOLPARTY,RELIGxPOLPARTY :: Atheist | Independent,RTBFc_W49,2,"0.684264,0.315736"
RELIGxPOLPARTY,RELIGxPOLPARTY :: Atheist | Other,RTBFc_W49,2,"0.658418,0.341583"
RELIGxPOLPARTY,RELIGxPOLPARTY :: Jewish | Democrat,RTBFc_W49,2,"0.690976,0.309024"
RELIGxPOLPARTY,RELIGxPOLPARTY :: Mormon | Republican,RTBFc_W49,2,"0.710628,0.289372"
RELIGxPOLPARTY,RELIGxPOLPARTY :: Nothing in particular | Democrat,RTBFc_W49,2,"0.654895,0.345105"
RELIGxPOLPARTY,RELIGxPOLPARTY :: Nothing in particular | Independent,RTBFc_W49,2,"0.660172,0.339828"
RELIGxPOLPARTY,RELIGxPOLPARTY :: Nothing in particular | Other,RTBFc_W49,2,"0.646014,0.353986"
RELIGxPOLPARTY,RELIGxPOLPARTY :: Nothing in particular | Republican,RTBFc_W49,2,"0.653127,0.346873"
RELIGxPOLPARTY,RELIGxPOLPARTY :: Other | Independent,RTBFc_W49,2,"0.654895,0.345105"
RELIGxPOLPARTY,RELIGxPOLPARTY :: Protestant | Democrat,RTBFc_W49,2,"0.654895,0.345105"
RELIGxPOLPARTY,RELIGxPOLPARTY :: Protestant | Independent,RTBFc_W49,2,"0.651355,0.348645"
RELIGxPOLPARTY,RELIGxPOLPARTY :: Protestant | Other,RTBFc_W49,2,"0.633410,0.366590"
RELIGxPOLPARTY,RELIGxPOLPARTY :: Protestant | Republican,RTBFc_W49,2,"0.670608,0.329392"
RELIGxPOLPARTY,RELIGxPOLPARTY :: Roman Catholic | Democrat,RTBFc_W49,2,"0.679179,0.320821"
RELIGxPOLPARTY,RELIGxPOLPARTY :: Roman Catholic | Independent,RTBFc_W49,2,"0.656658,0.343342"
RELIGxPOLPARTY,RELIGxPOLPARTY :: Roman Catholic | Other,RTBFc_W49,2,"0.638835,0.361165"
RELIGxPOLPARTY,RELIGxPOLPARTY :: Roman Catholic | Republican,RTBFc_W49,2,"0.694303,0.305697"
RELIGxPOLPARTY,RELIGxPOLPARTY :: Agnostic | Democrat,RTBFd_W49,2,"0.810479,0.189521"
RELIGxPOLPARTY,RELIGxPOLPARTY :: Agnostic | Independent,RTBFd_W49,2,"0.798187,0.201813"
RELIGxPOLPARTY,RELIGxPOLPARTY :: Atheist | Democrat,RTBFd_W49,2,"0.778649,0.221351"
RELIGxPOLPARTY,RELIGxPOLPARTY :: Atheist | Independent,RTBFd_W49,2,"0.786623,0.213377"
RELIGxPOLPARTY,RELIGxPOLPARTY :: Atheist | Other,RTBFd_W49,2,"0.752013,0.247987"
RELIGxPOLPARTY,RELIGxPOLPARTY :: Jewish | Democrat,RTBFd_W49,2,"0.790530,0.209470"
RELIGxPOLPARTY,RELIGxPOLPARTY :: Mormon | Republican,RTBFd_W49,2,"0.770465,0.229535"
RELIGxPOLPARTY,RELIGxPOLPARTY :: Nothing in particular | Democrat,RTBFd_W49,2,"0.738669,0.261331"
RELIGxPOLPARTY,RELIGxPOLPARTY :: Nothing in particular | Independent,RTBFd_W49,2,"0.760651,0.239349"
RELIGxPOLPARTY,RELIGxPOLPARTY :: Nothing in particular | Other,RTBFd_W49,2,"0.727975,0.272025"
RELIGxPOLPARTY,RELIGxPOLPARTY :: Nothing in particular | Republican,RTBFd_W49,2,"0.713831,0.286169"
RELIGxPOLPARTY,RELIGxPOLPARTY :: Other | Independent,RTBFd_W49,2,"0.746139,0.253861"
RELIGxPOLPARTY,RELIGxPOLPARTY :: Protestant | Democrat,RTBFd_W49,2,"0.749087,0.250913"
RELIGxPOLPARTY,RELIGxPOLPARTY :: Protestant | Independent,RTBFd_W49,2,"0.741674,0.258326"
RELIGxPOLPARTY,RELIGxPOLPARTY :: Protestant | Other,RTBFd_W49,2,"0.705785,0.294215"
RELIGxPOLPARTY,RELIGxPOLPARTY :: Protestant | Republican,RTBFd_W49,2,"0.737158,0.262842"
RELIGxPOLPARTY,RELIGxPOLPARTY :: Roman Catholic | Democrat,RTBFd_W49,2,"0.779993,0.220007"
RELIGxPOLPARTY,RELIGxPOLPARTY :: Roman Catholic | Independent,RTBFd_W49,2,"0.750553,0.249447"
RELIGxPOLPARTY,RELIGxPOLPARTY :: Roman Catholic | Other,RTBFd_W49,2,"0.709019,0.290981"
RELIGxPOLPARTY,RELIGxPOLPARTY :: Roman Catholic | Republican,RTBFd_W49,2,"0.769080,0.230920"
RELIGxPOLPARTY,RELIGxPOLPARTY :: Agnostic | Democrat,RTDb_W49,2,"0.877477,0.122523"
RELIGxPOLPARTY,RELIGxPOLPARTY :: Agnostic | Independent,RTDb_W49,2,"0.865224,0.134776"
RELIGxPOLPARTY,RELIGxPOLPARTY :: Atheist | Democrat,RTDb_W49,2,"0.825590,0.174410"
RELIGxPOLPARTY,RELIGxPOLPARTY :: Atheist | Independent,RTDb_W49,2,"0.825590,0.174410"
RELIGxPOLPARTY,RELIGxPOLPARTY :: Atheist | Other,RTDb_W49,2,"0.801936,0.198064"
RELIGxPOLPARTY,RELIGxPOLPARTY :: Jewish | Democrat,RTDb_W49,2,"0.834407,0.165593"
RELIGxPOLPARTY,RELIGxPOLPARTY :: Mormon | Republican,RTDb_W49,2,"0.837620,0.162380"
RELIGxPOLPARTY,RELIGxPOLPARTY :: Nothing in particular | Democrat,RTDb_W49,2,"0.786623,0.213377"
RELIGxPOLPARTY,RELIGxPOLPARTY :: Nothing in particular | Independent,RTDb_W49,2,"0.826712,0.173288"
RELIGxPOLPARTY,RELIGxPOLPARTY :: Nothing in particular | Other,RTDb_W49,2,"0.777300,0.222700"
RELIGxPOLPARTY,RELIGxPOLPARTY :: Nothing in particular | Republican,RTDb_W49,2,"0.760651,0.239349"
RELIGxPOLPARTY,RELIGxPOLPARTY :: Other | Independent,RTDb_W49,2,"0.817574,0.182426"
RELIGxPOLPARTY,RELIGxPOLPARTY :: Protestant | Democrat,RTDb_W49,2,"0.789234,0.210766"
RELIGxPOLPARTY,RELIGxPOLPARTY :: Protestant | Independent,RTDb_W49,2,"0.783988,0.216012"
RELIGxPOLPARTY,RELIGxPOLPARTY :: Protestant | Other,RTDb_W49,2,"0.737158,0.262842"
RELIGxPOLPARTY,RELIGxPOLPARTY :: Protestant | Republican,RTDb_W49,2,"0.764892,0.235108"
RELIGxPOLPARTY,RELIGxPOLPARTY :: Roman Catholic | Democrat,RTDb_W49,2,"0.789234,0.210766"
RELIGxPOLPARTY,RELIGxPOLPARTY :: Roman Catholic | Independent,RTDb_W49,2,"0.760651,0.239349"
RELIGxPOLPARTY,RELIGxPOLPARTY :: Roman Catholic | Other,RTDb_W49,2,"0.712232,0.287768"
RELIGxPOLPARTY,RELIGxPOLPARTY :: Roman Catholic | Republican,RTDb_W49,2,"0.781331,0.218669"
RELIGxPOLPARTY,RELIGxPOLPARTY :: Agnostic | Democrat,SATLIFEA_W32,4,"0.425591,0.262199,0.187385,0.124825"
RELIGxPOLPARTY,RELIGxPOLPARTY :: Agnostic | Independent,SATLIFEA_W32,4,"0.358822,0.311750,0.204450,0.124978"
RELIGxPOLPARTY,RELIGxPOLPARTY :: Agnostic | Other,SATLIFEA_W32,4,"0.303383,0.308161,0.249556,0.138899"
RELIGxPOLPARTY,RELIGxPOLPARTY :: Atheist | Democrat,SATLIFEA_W32,4,"0.349127,0.320377,0.202059,0.128437"
RELIGxPOLPARTY,RELIGxPOLPARTY :: Atheist | Independent,SATLIFEA_W32,4,"0.309018,0.347438,0.215729,0.127815"
RELIGxPOLPARTY,RELIGxPOLPARTY :: Atheist | Other,SATLIFEA_W32,4,"0.270366,0.336476,0.253985,0.139173"
RELIGxPOLPARTY,RELIGxPOLPARTY :: Jewish | Democrat,SATLIFEA_W32,4,"0.313853,0.313853,0.215708,0.156587"
RELIGxPOLPARTY,RELIGxPOLPARTY :: Jewish | Independent,SATLIFEA_W32,4,"0.282646,0.330447,0.227113,0.159794"
RELIGxPOLPARTY,RELIGxPOLPARTY :: Mormon | Republican,SATLIFEA_W32,4,"0.302252,0.321746,0.226376,0.149626"
RELIGxPOLPARTY,RELIGxPOLPARTY :: Nothing in particular | Democrat,SATLIFEA_W32,4,"0.314280,0.334549,0.216001,0.135170"
RELIGxPOLPARTY,RELIGxPOLPARTY :: Nothing in particular | Independent,SATLIFEA_W32,4,"0.275509,0.370738,0.226627,0.127126"
RELIGxPOLPARTY,RELIGxPOLPARTY :: Nothing in particular | Other,SATLIFEA_W32,4,"0.234457,0.363134,0.269859,0.132550"
RELIGxPOLPARTY,RELIGxPOLPARTY :: Nothing in particular | Republican,SATLIFEA_W32,4,"0.262441,0.344972,0.237096,0.155491"
RELIGxPOLPARTY,RELIGxPOLPARTY :: Other | Democrat,SATLIFEA_W32,4,"0.314061,0.316525,0.217544,0.151870"
RELIGxPOLPARTY,RELIGxPOLPARTY :: Other | Independent,SATLIFEA_W32,4,"0.275460,0.342815,0.231960,0.149765"
RELIGxPOLPARTY,RELIGxPOLPARTY :: Protestant | Democrat,SATLIFEA_W32,4,"0.323947,0.316443,0.212450,0.147160"
RELIGxPOLPARTY,RELIGxPOLPARTY :: Protestant | Independent,SATLIFEA_W32,4,"0.299963,0.326882,0.224662,0.148493"
RELIGxPOLPARTY,RELIGxPOLPARTY :: Protestant | Other,SATLIFEA_W32,4,"0.262266,0.313891,0.262266,0.161577"
RELIGxPOLPARTY,RELIGxPOLPARTY :: Protestant | Republican,SATLIFEA_W32,4,"0.285348,0.315851,0.225729,0.173072"
RELIGxPOLPARTY,RELIGxPOLPARTY :: Roman Catholic | Democrat,SATLIFEA_W32,4,"0.363839,0.323605,0.185831,0.126726"
RELIGxPOLPARTY,RELIGxPOLPARTY :: Roman Catholic | Independent,SATLIFEA_W32,4,"0.330084,0.332673,0.201776,0.135466"
RELIGxPOLPARTY,RELIGxPOLPARTY :: Roman Catholic | Other,SATLIFEA_W32,4,"0.277924,0.319888,0.251083,0.151105"
RELIGxPOLPARTY,RELIGxPOLPARTY :: Roman Catholic | Republican,SATLIFEA_W32,4,"0.321610,0.321610,0.201259,0.155521"
RELIGxPOLPARTY,RELIGxPOLPARTY :: Agnostic | Democrat,SATLIFEa_W50,4,"0.425591,0.262199,0.187385,0.124825"
RELIGxPOLPARTY,RELIGxPOLPARTY :: Agnostic | Independent,SATLIFEa_W50,4,"0.358822,0.311750,0.204450,0.124978"
RELIGxPOLPARTY,RELIGxPOLPARTY :: Agnostic | Other,SATLIFEa_W50,4,"0.303383,0.308161,0.249556,0.138899"
RELIGxPOLPARTY,RELIGxPOLPARTY :: Agnostic | Republican,SATLIFEa_W50,4,"0.346665,0.298844,0.205392,0.149099"
RELIGxPOLPARTY,RELIGxPOLPARTY :: Atheist | Democrat,SATLIFEa_W50,4,"0.349127,0.320377,0.202059,0.128437"
RELIGxPOLPARTY,RELIGxPOLPARTY :: Atheist | Independent,SATLIFEa_W50,4,"0.309018,0.347438,0.215729,0.127815"
RELIGxPOLPARTY,RELIGxPOLPARTY :: Atheist | Other,SATLIFEa_W50,4,"0.270366,0.336476,0.253985,0.139173"
RELIGxPOLPARTY,RELIGxPOLPARTY :: Buddhist | Democrat,SATLIFEa_W50,4,"0.332820,0.298338,0.223445,0.145398"
RELIGxPOLPARTY,RELIGxPOLPARTY :: Jewish | Democrat,SATLIFEa_W50,4,"0.313853,0.313853,0.215708,0.156587"
RELIGxPOLPARTY,RELIGxPOLPARTY :: Jewish | Independent,SATLIFEa_W50,4,"0.282646,0.330447,0.227113,0.159794"
RELIGxPOLPARTY,RELIGxPOLPARTY :: Jewish | Republican,SATLIFEa_W50,4,"0.261380,0.315285,0.237989,0.185346"
RELIGxPOLPARTY,RELIGxPOLPARTY :: Mormon | Democrat,SATLIFEa_W50,4,"0.334788,0.314504,0.211148,0.139560"
RELIGxPOLPARTY,RELIGxPOLPARTY :: Mormon | Independent,SATLIFEa_W50,4,"0.311002,0.333656,0.220533,0.134809"
RELIGxPOLPARTY,RELIGxPOLPARTY :: Mormon | Republican,SATLIFEa_W50,4,"0.302252,0.321746,0.226376,0.149626"
RELIGxPOLPARTY,RELIGxPOLPARTY :: Nothing in particular | Democrat,SATLIFEa_W50,4,"0.314280,0.334549,0.216001,0.135170"
RELIGxPOLPARTY,RELIGxPOLPARTY :: Nothing in particular | Independent,SATLIFEa_W50,4,"0.275509,0.370738,0.226627,0.127126"
RELIGxPOLPARTY,RELIGxPOLPARTY :: Nothing in particular | Other,SATLIFEa_W50,4,"0.234457,0.363134,0.269859,0.132550"
RELIGxPOLPARTY,RELIGxPOLPARTY :: Nothing in particular | Republican,SATLIFEa_W50,4,"0.262441,0.344972,0.237096,0.155491"
RELIGxPOLPARTY,RELIGxPOLPARTY :: Other | Democrat,SATLIFEa_W50,4,"0.314061,0.316525,0.217544,0.151870"
RELIGxPOLPARTY,RELIGxPOLPARTY :: Other | Independent,SATLIFEa_W50,4,"0.275460,0.342815,0.231960,0.149765"
RELIGxPOLPARTY,RELIGxPOLPARTY :: Other | Other,SATLIFEa_W50,4,"0.240303,0.344218,0.263921,0.151557"
RELIGxPOLPARTY,RELIGxPOLPARTY :: Protestant | Democrat,SATLIFEa_W50,4,"0.323947,0.316443,0.212450,0.147160"
RELIGxPOLPARTY,RELIGxPOLPARTY :: Protestant | Independent,SATLIFEa_W50,4,"0.299963,0.326882,0.224662,0.148493"
RELIGxPOLPARTY,RELIGxPOLPARTY :: Protestant | Other,SATLIFEa_W50,4,"0.262266,0.313891,0.262266,0.161577"
RELIGxPOLPARTY,RELIGxPOLPARTY :: Protestant | Refused,SATLIFEa_W50,4,"0.256793,0.307341,0.245034,0.190832"
RELIGxPOLPARTY,RELIGxPOLPARTY :: Protestant | Republican,SATLIFEa_W50,4,"0.285348,0.315851,0.225729,0.173072"
RELIGxPOLPARTY,RELIGxPOLPARTY :: Roman Catholic | Democrat,SATLIFEa_W50,4,"0.363839,0.323605,0.185831,0.126726"
RELIGxPOLPARTY,RELIGxPOLPARTY :: Roman Catholic | Independent,SATLIFEa_W50,4,"0.330084,0.332673,0.201776,0.135466"
RELIGxPOLPARTY,RELIGxPOLPARTY :: Roman Catholic | Other,SATLIFEa_W50,4,"0.277924,0.319888,0.251083,0.151105"
RELIGxPOLPARTY,RELIGxPOLPARTY :: Roman Catholic | Republican,SATLIFEa_W50,4,"0.321610,0.321610,0.201259,0.155521"
RELIGxPOLPARTY,RELIGxPOLPARTY :: Agnostic | Democrat,SCM3_W42,2,"0.611382,0.388618"
RELIGxPOLPARTY,RELIGxPOLPARTY :: Agnostic | Independent,SCM3_W42,2,"0.615088,0.384912"
RELIGxPOLPARTY,RELIGxPOLPARTY :: Atheist | Democrat,SCM3_W42,2,"0.558327,0.441673"
RELIGxPOLPARTY,RELIGxPOLPARTY :: Atheist | Independent,SCM3_W42,2,"0.577495,0.422505"
RELIGxPOLPARTY,RELIGxPOLPARTY :: Atheist | Other,SCM3_W42,2,"0.562177,0.437824"
RELIGxPOLPARTY,RELIGxPOLPARTY :: Jewish | Democrat,SCM3_W42,2,"0.558327,0.441673"
RELIGxPOLPARTY,RELIGxPOLPARTY :: Mormon | Republican,SCM3_W42,2,"0.558327,0.441673"
RELIGxPOLPARTY,RELIGxPOLPARTY :: Nothing in particular | Democrat,SCM3_W42,2,"0.550607,0.449393"
RELIGxPOLPARTY,RELIGxPOLPARTY :: Nothing in particular | Independent,SCM3_W42,2,"0.581303,0.418697"
RELIGxPOLPARTY,RELIGxPOLPARTY :: Nothing in particular | Other,SCM3_W42,2,"0.558327,0.441673"
RELIGxPOLPARTY,RELIGxPOLPARTY :: Nothing in particular | Republican,SCM3_W42,2,"0.558327,0.441673"
RELIGxPOLPARTY,RELIGxPOLPARTY :: Other | Independent,SCM3_W42,2,"0.569853,0.430147"
RELIGxPOLPARTY,RELIGxPOLPARTY :: Protestant | Democrat,SCM3_W42,2,"0.538983,0.461017"
RELIGxPOLPARTY,RELIGxPOLPARTY :: Protestant | Independent,SCM3_W42,2,"0.577495,0.422505"
RELIGxPOLPARTY,RELIGxPOLPARTY :: Protestant | Other,SCM3_W42,2,"0.554470,0.445530"
RELIGxPOLPARTY,RELIGxPOLPARTY :: Protestant | Refused,SCM3_W42,2,"0.554470,0.445530"
RELIGxPOLPARTY,RELIGxPOLPARTY :: Protestant | Republican,SCM3_W42,2,"0.569853,0.430147"
RELIGxPOLPARTY,RELIGxPOLPARTY :: Roman Catholic | Democrat,SCM3_W42,2,"0.562177,0.437824"
RELIGxPOLPARTY,RELIGxPOLPARTY :: Roman Catholic | Independent,SCM3_W42,2,"0.588889,0.411111"
RELIGxPOLPARTY,RELIGxPOLPARTY :: Roman Catholic | Other,SCM3_W42,2,"0.569853,0.430147"
RELIGxPOLPARTY,RELIGxPOLPARTY :: Roman Catholic | Republican,SCM3_W42,2,"0.596433,0.403567"
RELIGxPOLPARTY,RELIGxPOLPARTY :: Agnostic | Democrat,SCM4b_W42,4,"0.790573,0.139544,0.052553,0.017330"
RELIGxPOLPARTY,RELIGxPOLPARTY :: Agnostic | Independent,SCM4b_W42,4,"0.790698,0.150907,0.045311,0.013084"
RELIGxPOLPARTY,RELIGxPOLPARTY :: Atheist | Democrat,SCM4b_W42,4,"0.731637,0.192356,0.058665,0.017341"
RELIGxPOLPARTY,RELIGxPOLPARTY :: Atheist | Independent,SCM4b_W42,4,"0.757443,0.181320,0.048802,0.012436"
RELIGxPOLPARTY,RELIGxPOLPARTY :: Atheist | Other,SCM4b_W42,4,"0.673724,0.231021,0.077989,0.017266"
RELIGxPOLPARTY,RELIGxPOLPARTY :: Jewish | Democrat,SCM4b_W42,4,"0.716366,0.202060,0.057441,0.024133"
RELIGxPOLPARTY,RELIGxPOLPARTY :: Mormon | Republican,SCM4b_W42,4,"0.799840,0.140081,0.043736,0.016343"
RELIGxPOLPARTY,RELIGxPOLPARTY :: Nothing in particular | Democrat,SCM4b_W42,4,"0.668724,0.238441,0.070483,0.022352"
RELIGxPOLPARTY,RELIGxPOLPARTY :: Nothing in particular | Independent,SCM4b_W42,4,"0.712040,0.225811,0.049993,0.012156"
RELIGxPOLPARTY,RELIGxPOLPARTY :: Nothing in particular | Other,SCM4b_W42,4,"0.618777,0.287758,0.076846,0.016619"
RELIGxPOLPARTY,RELIGxPOLPARTY :: Nothing in particular | Republican,SCM4b_W42,4,"0.692821,0.219716,0.063941,0.023523"
RELIGxPOLPARTY,RELIGxPOLPARTY :: Other | Independent,SCM4b_W42,4,"0.729461,0.197872,0.055378,0.017290"
RELIGxPOLPARTY,RELIGxPOLPARTY :: Protestant | Democrat,SCM4b_W42,4,"0.744559,0.178235,0.056084,0.021122"
RELIGxPOLPARTY,RELIGxPOLPARTY :: Protestant | Independent,SCM4b_W42,4,"0.743686,0.183678,0.053872,0.018764"
RELIGxPOLPARTY,RELIGxPOLPARTY :: Protestant | Other,SCM4b_W42,4,"0.661631,0.219894,0.090952,0.027523"
RELIGxPOLPARTY,RELIGxPOLPARTY :: Protestant | Refused,SCM4b_W42,4,"0.686899,0.203047,0.064393,0.045661"
RELIGxPOLPARTY,RELIGxPOLPARTY :: Protestant | Republican,SCM4b_W42,4,"0.789691,0.140482,0.047425,0.022402"
RELIGxPOLPARTY,RELIGxPOLPARTY :: Roman Catholic | Democrat,SCM4b_W42,4,"0.829208,0.118529,0.037884,0.014379"
RELIGxPOLPARTY,RELIGxPOLPARTY :: Roman Catholic | Independent,SCM4b_W42,4,"0.757731,0.171735,0.051564,0.018969"
RELIGxPOLPARTY,RELIGxPOLPARTY :: Roman Catholic | Other,SCM4b_W42,4,"0.680980,0.196634,0.093612,0.028774"
RELIGxPOLPARTY,RELIGxPOLPARTY :: Roman Catholic | Republican,SCM4b_W42,4,"0.855128,0.093720,0.033679,0.017472"
RELIGxPOLPARTY,RELIGxPOLPARTY :: Agnostic | Democrat,SCM5a_W42,2,"0.938124,0.061876"
RELIGxPOLPARTY,RELIGxPOLPARTY :: Agnostic | Independent,SCM5a_W42,2,"0.939471,0.060529"
RELIGxPOLPARTY,RELIGxPOLPARTY :: Atheist | Democrat,SCM5a_W42,2,"0.931960,0.068040"
RELIGxPOLPARTY,RELIGxPOLPARTY :: Atheist | Independent,SCM5a_W42,2,"0.923039,0.076961"
RELIGxPOLPARTY,RELIGxPOLPARTY :: Atheist | Other,SCM5a_W42,2,"0.909907,0.090093"
RELIGxPOLPARTY,RELIGxPOLPARTY :: Jewish | Democrat,SCM5a_W42,2,"0.940353,0.059647"
RELIGxPOLPARTY,RELIGxPOLPARTY :: Mormon | Republican,SCM5a_W42,2,"0.940790,0.059210"
RELIGxPOLPARTY,RELIGxPOLPARTY :: Nothing in particular | Democrat,SCM5a_W42,2,"0.907967,0.092033"
RELIGxPOLPARTY,RELIGxPOLPARTY :: Nothing in particular | Independent,SCM5a_W42,2,"0.928926,0.071074"
RELIGxPOLPARTY,RELIGxPOLPARTY :: Nothing in particular | Other,SCM5a_W42,2,"0.899828,0.100172"
RELIGxPOLPARTY,RELIGxPOLPARTY :: Nothing in particular | Republican,SCM5a_W42,2,"0.894789,0.105211"
RELIGxPOLPARTY,RELIGxPOLPARTY :: Other | Independent,SCM5a_W42,2,"0.915507,0.084493"
RELIGxPOLPARTY,RELIGxPOLPARTY :: Protestant | Democrat,SCM5a_W42,2,"0.925230,0.074770"
RELIGxPOLPARTY,RELIGxPOLPARTY :: Protestant | Independent,SCM5a_W42,2,"0.919643,0.080357"
RELIGxPOLPARTY,RELIGxPOLPARTY :: Protestant | Other,SCM5a_W42,2,"0.891055,0.108945"
RELIGxPOLPARTY,RELIGxPOLPARTY :: Protestant | Refused,SCM5a_W42,2,"0.878314,0.121686"
RELIGxPOLPARTY,RELIGxPOLPARTY :: Protestant | Republican,SCM5a_W42,2,"0.921922,0.078078"
RELIGxPOLPARTY,RELIGxPOLPARTY :: Roman Catholic | Democrat,SCM5a_W42,2,"0.942929,0.057071"
RELIGxPOLPARTY,RELIGxPOLPARTY :: Roman Catholic | Independent,SCM5a_W42,2,"0.917893,0.082107"
RELIGxPOLPARTY,RELIGxPOLPARTY :: Roman Catholic | Other,SCM5a_W42,2,"0.885631,0.114369"
RELIGxPOLPARTY,RELIGxPOLPARTY :: Roman Catholic | Republican,SCM5a_W42,2,"0.936285,0.063715"
RELIGxPOLPARTY,RELIGxPOLPARTY :: Agnostic | Democrat,SCM5e_W42,2,"0.596433,0.403567"
RELIGxPOLPARTY,RELIGxPOLPARTY :: Agnostic | Independent,SCM5e_W42,2,"0.550607,0.449393"
RELIGxPOLPARTY,RELIGxPOLPARTY :: Atheist | Democrat,SCM5e_W42,2,"0.496094,0.503906"
RELIGxPOLPARTY,RELIGxPOLPARTY :: Atheist | Independent,SCM5e_W42,2,"0.511717,0.488283"
RELIGxPOLPARTY,RELIGxPOLPARTY :: Atheist | Other,SCM5e_W42,2,"0.503906,0.496094"
RELIGxPOLPARTY,RELIGxPOLPARTY :: Jewish | Democrat,SCM5e_W42,2,"0.484380,0.515620"
RELIGxPOLPARTY,RELIGxPOLPARTY :: Mormon | Republican,SCM5e_W42,2,"0.505859,0.494141"
RELIGxPOLPARTY,RELIGxPOLPARTY :: Nothing in particular | Democrat,SCM5e_W42,2,"0.480479,0.519521"
RELIGxPOLPARTY,RELIGxPOLPARTY :: Nothing in particular | Independent,SCM5e_W42,2,"0.476580,0.523420"
RELIGxPOLPARTY,RELIGxPOLPARTY :: Nothing in particular | Other,SCM5e_W42,2,"0.472683,0.527317"
RELIGxPOLPARTY,RELIGxPOLPARTY :: Nothing in particular | Republican,SCM5e_W42,2,"0.480479,0.519521"
RELIGxPOLPARTY,RELIGxPOLPARTY :: Other | Independent,SCM5e_W42,2,"0.492188,0.507812"
RELIGxPOLPARTY,RELIGxPOLPARTY :: Protestant | Democrat,SCM5e_W42,2,"0.461017,0.538983"
RELIGxPOLPARTY,RELIGxPOLPARTY :: Protestant | Independent,SCM5e_W42,2,"0.488283,0.511717"
RELIGxPOLPARTY,RELIGxPOLPARTY :: Protestant | Other,SCM5e_W42,2,"0.488283,0.511717"
RELIGxPOLPARTY,RELIGxPOLPARTY :: Protestant | Refused,SCM5e_W42,2,"0.484380,0.515620"
RELIGxPOLPARTY,RELIGxPOLPARTY :: Protestant | Republican,SCM5e_W42,2,"0.490236,0.509764"
RELIGxPOLPARTY,RELIGxPOLPARTY :: Roman Catholic | Democrat,SCM5e_W42,2,"0.480479,0.519521"
RELIGxPOLPARTY,RELIGxPOLPARTY :: Roman Catholic | Independent,SCM5e_W42,2,"0.496094,0.503906"
RELIGxPOLPARTY,RELIGxPOLPARTY :: Roman Catholic | Other,SCM5e_W42,2,"0.496094,0.503906"
RELIGxPOLPARTY,RELIGxPOLPARTY :: Roman Catholic | Republican,SCM5e_W42,2,"0.500000,0.500000"
RELIGxPOLPARTY,RELIGxPOLPARTY :: Agnostic | Democrat,SIB_W50,3,"0.351422,0.271558,0.377021"
RELIGxPOLPARTY,RELIGxPOLPARTY :: Agnostic | Independent,SIB_W50,3,"0.302180,0.297496,0.400324"
RELIGxPOLPARTY,RELIGxPOLPARTY :: Agnostic | Other,SIB_W50,3,"0.290524,0.309262,0.400214"
RELIGxPOLPARTY,RELIGxPOLPARTY :: Agnostic | Republican,SIB_W50,3,"0.288817,0.284339,0.426844"
RELIGxPOLPARTY,RELIGxPOLPARTY :: Atheist | Democrat,SIB_W50,3,"0.280375,0.330363,0.389262"
RELIGxPOLPARTY,RELIGxPOLPARTY :: Atheist | Independent,SIB_W50,3,"0.267640,0.317831,0.414529"
RELIGxPOLPARTY,RELIGxPOLPARTY :: Atheist | Other,SIB_W50,3,"0.260078,0.333947,0.405976"
RELIGxPOLPARTY,RELIGxPOLPARTY :: Buddhist | Democrat,SIB_W50,3,"0.274687,0.328757,0.396556"
RELIGxPOLPARTY,RELIGxPOLPARTY :: Jewish | Democrat,SIB_W50,3,"0.271959,0.322959,0.405082"
RELIGxPOLPARTY,RELIGxPOLPARTY :: Jewish | Independent,SIB_W50,3,"0.260705,0.319422,0.419873"
RELIGxPOLPARTY,RELIGxPOLPARTY :: Jewish | Republican,SIB_W50,3,"0.255314,0.310383,0.434303"
RELIGxPOLPARTY,RELIGxPOLPARTY :: Mormon | Democrat,SIB_W50,3,"0.269199,0.329830,0.400971"
RELIGxPOLPARTY,RELIGxPOLPARTY :: Mormon | Independent,SIB_W50,3,"0.259587,0.325595,0.414818"
RELIGxPOLPARTY,RELIGxPOLPARTY :: Mormon | Republican,SIB_W50,3,"0.257096,0.284580,0.458324"
RELIGxPOLPARTY,RELIGxPOLPARTY :: Nothing in particular | Democrat,SIB_W50,3,"0.272284,0.328437,0.399278"
RELIGxPOLPARTY,RELIGxPOLPARTY :: Nothing in particular | Independent,SIB_W50,3,"0.249260,0.320057,0.430683"
RELIGxPOLPARTY,RELIGxPOLPARTY :: Nothing in particular | Other,SIB_W50,3,"0.236538,0.328401,0.435061"
RELIGxPOLPARTY,RELIGxPOLPARTY :: Nothing in particular | Republican,SIB_W50,3,"0.243700,0.308066,0.448234"
RELIGxPOLPARTY,RELIGxPOLPARTY :: Other | Democrat,SIB_W50,3,"0.263096,0.332584,0.404320"
RELIGxPOLPARTY,RELIGxPOLPARTY :: Other | Independent,SIB_W50,3,"0.246556,0.324092,0.429352"
RELIGxPOLPARTY,RELIGxPOLPARTY :: Other | Other,SIB_W50,3,"0.233484,0.337073,0.429443"
RELIGxPOLPARTY,RELIGxPOLPARTY :: Protestant | Democrat,SIB_W50,3,"0.266136,0.331212,0.402652"
RELIGxPOLPARTY,RELIGxPOLPARTY :: Protestant | Independent,SIB_W50,3,"0.260053,0.321123,0.418823"
RELIGxPOLPARTY,RELIGxPOLPARTY :: Protestant | Other,SIB_W50,3,"0.253798,0.331015,0.415186"
RELIGxPOLPARTY,RELIGxPOLPARTY :: Protestant | Refused,SIB_W50,3,"0.236874,0.306538,0.456587"
RELIGxPOLPARTY,RELIGxPOLPARTY :: Protestant | Republican,SIB_W50,3,"0.248639,0.304638,0.446723"
RELIGxPOLPARTY,RELIGxPOLPARTY :: Roman Catholic | Democrat,SIB_W50,3,"0.273399,0.334975,0.391626"
RELIGxPOLPARTY,RELIGxPOLPARTY :: Roman Catholic | Independent,SIB_W50,3,"0.270235,0.320912,0.408853"
RELIGxPOLPARTY,RELIGxPOLPARTY :: Roman Catholic | Other,SIB_W50,3,"0.262264,0.331533,0.406203"
RELIGxPOLPARTY,RELIGxPOLPARTY :: Roman Catholic | Republican,SIB_W50,3,"0.260776,0.302506,0.436718"
RELIGxPOLPARTY,RELIGxPOLPARTY :: Agnostic | Democrat,SMARTPHONE_W49,2,"0.756358,0.243642"
RELIGxPOLPARTY,RELIGxPOLPARTY :: Agnostic | Independent,SMARTPHONE_W49,2,"0.740174,0.259826"
RELIGxPOLPARTY,RELIGxPOLPARTY :: Atheist | Democrat,SMARTPHONE_W49,2,"0.705785,0.294215"
RELIGxPOLPARTY,RELIGxPOLPARTY :: Atheist | Independent,SMARTPHONE_W49,2,"0.718594,0.281406"
RELIGxPOLPARTY,RELIGxPOLPARTY :: Atheist | Other,SMARTPHONE_W49,2,"0.670608,0.329392"
RELIGxPOLPARTY,RELIGxPOLPARTY :: Jewish | Democrat,SMARTPHONE_W49,2,"0.690976,0.309024"
RELIGxPOLPARTY,RELIGxPOLPARTY :: Mormon | Republican,SMARTPHONE_W49,2,"0.707405,0.292595"
RELIGxPOLPARTY,RELIGxPOLPARTY :: Nothing in particular | Democrat,SMARTPHONE_W49,2,"0.684264,0.315736"
RELIGxPOLPARTY,RELIGxPOLPARTY :: Nothing in particular | Independent,SMARTPHONE_W49,2,"0.712232,0.287768"
RELIGxPOLPARTY,RELIGxPOLPARTY :: Nothing in particular | Other,SMARTPHONE_W49,2,"0.644225,0.355775"
RELIGxPOLPARTY,RELIGxPOLPARTY :: Nothing in particular | Republican,SMARTPHONE_W49,2,"0.660172,0.339828"
RELIGxPOLPARTY,RELIGxPOLPARTY :: Other | Independent,SMARTPHONE_W49,2,"0.697609,0.302391"
RELIGxPOLPARTY,RELIGxPOLPARTY :: Protestant | Democrat,SMARTPHONE_W49,2,"0.660172,0.339828"
RELIGxPOLPARTY,RELIGxPOLPARTY :: Protestant | Independent,SMARTPHONE_W49,2,"0.675765,0.324235"
RELIGxPOLPARTY,RELIGxPOLPARTY :: Protestant | Other,SMARTPHONE_W49,2,"0.622459,0.377541"
RELIGxPOLPARTY,RELIGxPOLPARTY :: Protestant | Republican,SMARTPHONE_W49,2,"0.661923,0.338077"
RELIGxPOLPARTY,RELIGxPOLPARTY :: Roman Catholic | Democrat,SMARTPHONE_W49,2,"0.715424,0.284576"
RELIGxPOLPARTY,RELIGxPOLPARTY :: Roman Catholic | Independent,SMARTPHONE_W49,2,"0.690976,0.309024"
RELIGxPOLPARTY,RELIGxPOLPARTY :: Roman Catholic | Other,SMARTPHONE_W49,2,"0.635222,0.364778"
RELIGxPOLPARTY,RELIGxPOLPARTY :: Roman Catholic | Republican,SMARTPHONE_W49,2,"0.732592,0.267408"
RELIGxPOLPARTY,RELIGxPOLPARTY :: Agnostic | Democrat,SNGLPYER_W92,2,"0.521471,0.478529"
RELIGxPOLPARTY,RELIGxPOLPARTY :: Agnostic | Independent,SNGLPYER_W92,2,"0.386763,0.613237"
RELIGxPOLPARTY,RELIGxPOLPARTY :: Agnostic | Other,SNGLPYER_W92,2,"0.416797,0.583203"
RELIGxPOLPARTY,RELIGxPOLPARTY :: Agnostic | Republican,SNGLPYER_W92,2,"0.435902,0.564098"
RELIGxPOLPARTY,RELIGxPOLPARTY :: Atheist | Democrat,SNGLPYER_W92,2,"0.494141,0.505859"
RELIGxPOLPARTY,RELIGxPOLPARTY :: Atheist | Independent,SNGLPYER_W92,2,"0.386763,0.613237"
RELIGxPOLPARTY,RELIGxPOLPARTY :: Atheist | Other,SNGLPYER_W92,2,"0.432063,0.567937"
RELIGxPOLPARTY,RELIGxPOLPARTY :: Buddhist | Democrat,SNGLPYER_W92,2,"0.500000,0.500000"
RELIGxPOLPARTY,RELIGxPOLPARTY :: Jewish | Democrat,SNGLPYER_W92,2,"0.478529,0.521471"
RELIGxPOLPARTY,RELIGxPOLPARTY :: Jewish | Independent,SNGLPYER_W92,2,"0.381220,0.618780"
RELIGxPOLPARTY,RELIGxPOLPARTY :: Jewish | Republican,SNGLPYER_W92,2,"0.461017,0.538983"
RELIGxPOLPARTY,RELIGxPOLPARTY :: Mormon | Independent,SNGLPYER_W92,2,"0.428233,0.571767"
RELIGxPOLPARTY,RELIGxPOLPARTY :: Mormon | Republican,SNGLPYER_W92,2,"0.396068,0.603932"
RELIGxPOLPARTY,RELIGxPOLPARTY :: Nothing in particular | Democrat,SNGLPYER_W92,2,"0.416797,0.583203"
RELIGxPOLPARTY,RELIGxPOLPARTY :: Nothing in particular | Independent,SNGLPYER_W92,2,"0.295840,0.704160"
RELIGxPOLPARTY,RELIGxPOLPARTY :: Nothing in particular | Other,SNGLPYER_W92,2,"0.336331,0.663669"
RELIGxPOLPARTY,RELIGxPOLPARTY :: Nothing in particular | Republican,SNGLPYER_W92,2,"0.386763,0.613237"
RELIGxPOLPARTY,RELIGxPOLPARTY :: Other | Democrat,SNGLPYER_W92,2,"0.470737,0.529263"
RELIGxPOLPARTY,RELIGxPOLPARTY :: Other | Independent,SNGLPYER_W92,2,"0.407333,0.592667"
RELIGxPOLPARTY,RELIGxPOLPARTY :: Other | Other,SNGLPYER_W92,2,"0.413004,0.586996"
RELIGxPOLPARTY,RELIGxPOLPARTY :: Protestant | Democrat,SNGLPYER_W92,2,"0.414899,0.585101"
RELIGxPOLPARTY,RELIGxPOLPARTY :: Protestant | Independent,SNGLPYER_W92,2,"0.336331,0.663669"
RELIGxPOLPARTY,RELIGxPOLPARTY :: Protestant | Other,SNGLPYER_W92,2,"0.352202,0.647798"
RELIGxPOLPARTY,RELIGxPOLPARTY :: Protestant | Refused,SNGLPYER_W92,2,"0.409221,0.590779"
RELIGxPOLPARTY,RELIGxPOLPARTY :: Protestant | Republican,SNGLPYER_W92,2,"0.350421,0.649579"
RELIGxPOLPARTY,RELIGxPOLPARTY :: Roman Catholic | Democrat,SNGLPYER_W92,2,"0.394201,0.605799"
RELIGxPOLPARTY,RELIGxPOLPARTY :: Roman Catholic | Independent,SNGLPYER_W92,2,"0.324235,0.675765"
RELIGxPOLPARTY,RELIGxPOLPARTY :: Roman Catholic | Other,SNGLPYER_W92,2,"0.350421,0.649579"
RELIGxPOLPARTY,RELIGxPOLPARTY :: Roman Catholic | Republican,SNGLPYER_W92,2,"0.309024,0.690976"
RELIGxPOLPARTY,RELIGxPOLPARTY :: Agnostic | Democrat,SOCIETY_WHT_W92,5,"0.223863,0.167666,0.240170,0.182712,0.185589"
RELIGxPOLPARTY,RELIGxPOLPARTY :: Agnostic | Independent,SOCIETY_WHT_W92,5,"0.172331,0.179196,0.290864,0.189269,0.168339"
RELIGxPOLPARTY,RELIGxPOLPARTY :: Agnostic | Other,SOCIETY_WHT_W92,5,"0.166177,0.164884,0.322827,0.182510,0.163601"
RELIGxPOLPARTY,RELIGxPOLPARTY :: Agnostic | Republican,SOCIETY_WHT_W92,5,"0.202808,0.157947,0.233431,0.196568,0.209246"
RELIGxPOLPARTY,RELIGxPOLPARTY :: Atheist | Democrat,SOCIETY_WHT_W92,5,"0.180411,0.184690,0.250476,0.210922,0.173500"
RELIGxPOLPARTY,RELIGxPOLPARTY :: Atheist | Independent,SOCIETY_WHT_W92,5,"0.162630,0.191625,0.272353,0.196169,0.177224"
RELIGxPOLPARTY,RELIGxPOLPARTY :: Atheist | Other,SOCIETY_WHT_W92,5,"0.151772,0.177439,0.308991,0.196407,0.165391"
RELIGxPOLPARTY,RELIGxPOLPARTY :: Buddhist | Democrat,SOCIETY_WHT_W92,5,"0.180220,0.181634,0.256145,0.214017,0.167984"
RELIGxPOLPARTY,RELIGxPOLPARTY :: Jewish | Democrat,SOCIETY_WHT_W92,5,"0.179614,0.182442,0.245503,0.218355,0.174087"
RELIGxPOLPARTY,RELIGxPOLPARTY :: Jewish | Independent,SOCIETY_WHT_W92,5,"0.159236,0.189097,0.275135,0.210953,0.165579"
RELIGxPOLPARTY,RELIGxPOLPARTY :: Jewish | Republican,SOCIETY_WHT_W92,5,"0.185561,0.172962,0.225584,0.215254,0.200639"
RELIGxPOLPARTY,RELIGxPOLPARTY :: Mormon | Independent,SOCIETY_WHT_W92,5,"0.162699,0.181504,0.266157,0.200906,0.188734"
RELIGxPOLPARTY,RELIGxPOLPARTY :: Mormon | Republican,SOCIETY_WHT_W92,5,"0.194545,0.160029,0.213666,0.191529,0.240231"
RELIGxPOLPARTY,RELIGxPOLPARTY :: Nothing in particular | Democrat,SOCIETY_WHT_W92,5,"0.174482,0.178620,0.274499,0.207203,0.165196"
RELIGxPOLPARTY,RELIGxPOLPARTY :: Nothing in particular | Independent,SOCIETY_WHT_W92,5,"0.141470,0.176063,0.326369,0.199505,0.156593"
RELIGxPOLPARTY,RELIGxPOLPARTY :: Nothing in particular | Other,SOCIETY_WHT_W92,5,"0.131991,0.162987,0.370178,0.187597,0.147247"
RELIGxPOLPARTY,RELIGxPOLPARTY :: Nothing in particular | Republican,SOCIETY_WHT_W92,5,"0.170896,0.164349,0.258557,0.211028,0.195169"
RELIGxPOLPARTY,RELIGxPOLPARTY :: Other | Democrat,SOCIETY_WHT_W92,5,"0.183264,0.181838,0.264572,0.206049,0.164277"
RELIGxPOLPARTY,RELIGxPOLPARTY :: Other | Independent,SOCIETY_WHT_W92,5,"0.153316,0.182067,0.304905,0.201530,0.158183"
RELIGxPOLPARTY,RELIGxPOLPARTY :: Other | Other,SOCIETY_WHT_W92,5,"0.144293,0.168696,0.343448,0.191158,0.152404"
RELIGxPOLPARTY,RELIGxPOLPARTY :: Protestant | Democrat,SOCIETY_WHT_W92,5,"0.180225,0.178823,0.244422,0.219098,0.177431"
RELIGxPOLPARTY,RELIGxPOLPARTY :: Protestant | Independent,SOCIETY_WHT_W92,5,"0.165218,0.184314,0.268175,0.210493,0.171800"
RELIGxPOLPARTY,RELIGxPOLPARTY :: Protestant | Other,SOCIETY_WHT_W92,5,"0.160205,0.173223,0.299302,0.199378,0.167893"
RELIGxPOLPARTY,RELIGxPOLPARTY :: Protestant | Refused,SOCIETY_WHT_W92,5,"0.171330,0.169997,0.263297,0.211565,0.183811"
RELIGxPOLPARTY,RELIGxPOLPARTY :: Protestant | Republican,SOCIETY_WHT_W92,5,"0.186778,0.164831,0.220078,0.216666,0.211647"
RELIGxPOLPARTY,RELIGxPOLPARTY :: Roman Catholic | Democrat,SOCIETY_WHT_W92,5,"0.179874,0.172983,0.253663,0.213606,0.179874"
RELIGxPOLPARTY,RELIGxPOLPARTY :: Roman Catholic | Independent,SOCIETY_WHT_W92,5,"0.168055,0.187479,0.277076,0.198017,0.169373"
RELIGxPOLPARTY,RELIGxPOLPARTY :: Roman Catholic | Other,SOCIETY_WHT_W92,5,"0.164104,0.171980,0.313857,0.185954,0.164104"
RELIGxPOLPARTY,RELIGxPOLPARTY :: Roman Catholic | Republican,SOCIETY_WHT_W92,5,"0.203346,0.159608,0.218158,0.195556,0.223332"
RELIGxPOLPARTY,RELIGxPOLPARTY :: Agnostic | Democrat,SOCTRUST5_W32,2,"0.803174,0.196826"
RELIGxPOLPARTY,RELIGxPOLPARTY :: Agnostic | Independent,SOCTRUST5_W32,2,"0.808067,0.191933"
RELIGxPOLPARTY,RELIGxPOLPARTY :: Agnostic | Other,SOCTRUST5_W32,2,"0.732592,0.267408"
RELIGxPOLPARTY,RELIGxPOLPARTY :: Atheist | Democrat,SOCTRUST5_W32,2,"0.770465,0.229535"
RELIGxPOLPARTY,RELIGxPOLPARTY :: Atheist | Independent,SOCTRUST5_W32,2,"0.734120,0.265880"
RELIGxPOLPARTY,RELIGxPOLPARTY :: Atheist | Other,SOCTRUST5_W32,2,"0.675765,0.324235"
RELIGxPOLPARTY,RELIGxPOLPARTY :: Jewish | Democrat,SOCTRUST5_W32,2,"0.785309,0.214691"
RELIGxPOLPARTY,RELIGxPOLPARTY :: Jewish | Independent,SOCTRUST5_W32,2,"0.754915,0.245085"
RELIGxPOLPARTY,RELIGxPOLPARTY :: Mormon | Republican,SOCTRUST5_W32,2,"0.704160,0.295840"
RELIGxPOLPARTY,RELIGxPOLPARTY :: Nothing in particular | Democrat,SOCTRUST5_W32,2,"0.713831,0.286169"
RELIGxPOLPARTY,RELIGxPOLPARTY :: Nothing in particular | Independent,SOCTRUST5_W32,2,"0.718594,0.281406"
RELIGxPOLPARTY,RELIGxPOLPARTY :: Nothing in particular | Other,SOCTRUST5_W32,2,"0.644225,0.355775"
RELIGxPOLPARTY,RELIGxPOLPARTY :: Nothing in particular | Republican,SOCTRUST5_W32,2,"0.629775,0.370225"
RELIGxPOLPARTY,RELIGxPOLPARTY :: Other | Democrat,SOCTRUST5_W32,2,"0.690976,0.309024"
RELIGxPOLPARTY,RELIGxPOLPARTY :: Other | Independent,SOCTRUST5_W32,2,"0.702530,0.297470"
RELIGxPOLPARTY,RELIGxPOLPARTY :: Protestant | Democrat,SOCTRUST5_W32,2,"0.747616,0.252384"
RELIGxPOLPARTY,RELIGxPOLPARTY :: Protestant | Independent,SOCTRUST5_W32,2,"0.737158,0.262842"
RELIGxPOLPARTY,RELIGxPOLPARTY :: Protestant | Other,SOCTRUST5_W32,2,"0.660172,0.339828"
RELIGxPOLPARTY,RELIGxPOLPARTY :: Protestant | Republican,SOCTRUST5_W32,2,"0.682574,0.317426"
RELIGxPOLPARTY,RELIGxPOLPARTY :: Roman Catholic | Democrat,SOCTRUST5_W32,2,"0.799442,0.200558"
RELIGxPOLPARTY,RELIGxPOLPARTY :: Roman Catholic | Independent,SOCTRUST5_W32,2,"0.743168,0.256832"
RELIGxPOLPARTY,RELIGxPOLPARTY :: Roman Catholic | Other,SOCTRUST5_W32,2,"0.670608,0.329392"
RELIGxPOLPARTY,RELIGxPOLPARTY :: Roman Catholic | Republican,SOCTRUST5_W32,2,"0.734120,0.265880"
RELIGxPOLPARTY,RELIGxPOLPARTY :: Agnostic | Democrat,SOCTRUST_W32,2,"0.749087,0.250913"
RELIGxPOLPARTY,RELIGxPOLPARTY :: Agnostic | Independent,SOCTRUST_W32,2,"0.738669,0.261331"
RELIGxPOLPARTY,RELIGxPOLPARTY :: Agnostic | Other,SOCTRUST_W32,2,"0.658418,0.341583"
RELIGxPOLPARTY,RELIGxPOLPARTY :: Atheist | Democrat,SOCTRUST_W32,2,"0.699254,0.300746"
RELIGxPOLPARTY,RELIGxPOLPARTY :: Atheist | Independent,SOCTRUST_W32,2,"0.651355,0.348645"
RELIGxPOLPARTY,RELIGxPOLPARTY :: Atheist | Other,SOCTRUST_W32,2,"0.611382,0.388618"
RELIGxPOLPARTY,RELIGxPOLPARTY :: Jewish | Democrat,SOCTRUST_W32,2,"0.707405,0.292595"
RELIGxPOLPARTY,RELIGxPOLPARTY :: Jewish | Independent,SOCTRUST_W32,2,"0.680879,0.319121"
RELIGxPOLPARTY,RELIGxPOLPARTY :: Mormon | Republican,SOCTRUST_W32,2,"0.592667,0.407333"
RELIGxPOLPARTY,RELIGxPOLPARTY :: Nothing in particular | Democrat,SOCTRUST_W32,2,"0.646014,0.353986"
RELIGxPOLPARTY,RELIGxPOLPARTY :: Nothing in particular | Independent,SOCTRUST_W32,2,"0.640636,0.359364"
RELIGxPOLPARTY,RELIGxPOLPARTY :: Nothing in particular | Other,SOCTRUST_W32,2,"0.583203,0.416797"
RELIGxPOLPARTY,RELIGxPOLPARTY :: Nothing in particular | Republican,SOCTRUST_W32,2,"0.556400,0.443600"
RELIGxPOLPARTY,RELIGxPOLPARTY :: Other | Democrat,SOCTRUST_W32,2,"0.615088,0.384912"
RELIGxPOLPARTY,RELIGxPOLPARTY :: Other | Independent,SOCTRUST_W32,2,"0.620622,0.379378"
RELIGxPOLPARTY,RELIGxPOLPARTY :: Protestant | Democrat,SOCTRUST_W32,2,"0.649579,0.350421"
RELIGxPOLPARTY,RELIGxPOLPARTY :: Protestant | Independent,SOCTRUST_W32,2,"0.644225,0.355775"
RELIGxPOLPARTY,RELIGxPOLPARTY :: Protestant | Other,SOCTRUST_W32,2,"0.583203,0.416797"
RELIGxPOLPARTY,RELIGxPOLPARTY :: Protestant | Republican,SOCTRUST_W32,2,"0.581303,0.418697"
RELIGxPOLPARTY,RELIGxPOLPARTY :: Roman Catholic | Democrat,SOCTRUST_W32,2,"0.723310,0.276691"
RELIGxPOLPARTY,RELIGxPOLPARTY :: Roman Catholic | Independent,SOCTRUST_W32,2,"0.665411,0.334589"
RELIGxPOLPARTY,RELIGxPOLPARTY :: Roman Catholic | Other,SOCTRUST_W32,2,"0.602062,0.397938"
RELIGxPOLPARTY,RELIGxPOLPARTY :: Roman Catholic | Republican,SOCTRUST_W32,2,"0.622459,0.377541"
RELIGxPOLPARTY,RELIGxPOLPARTY :: Agnostic | Democrat,SOURCESKEPe_W45,4,"0.234542,0.195967,0.343933,0.225557"
RELIGxPOLPARTY,RELIGxPOLPARTY :: Agnostic | Independent,SOURCESKEPe_W45,4,"0.182542,0.202056,0.386442,0.228959"
RELIGxPOLPARTY,RELIGxPOLPARTY :: Agnostic | Other,SOURCESKEPe_W45,4,"0.188287,0.191252,0.398604,0.221857"
RELIGxPOLPARTY,RELIGxPOLPARTY :: Atheist | Democrat,SOURCESKEPe_W45,4,"0.177897,0.212915,0.382540,0.226647"
RELIGxPOLPARTY,RELIGxPOLPARTY :: Atheist | Independent,SOURCESKEPe_W45,4,"0.177842,0.241190,0.379445,0.201522"
RELIGxPOLPARTY,RELIGxPOLPARTY :: Atheist | Other,SOURCESKEPe_W45,4,"0.171431,0.220122,0.404867,0.203580"
RELIGxPOLPARTY,RELIGxPOLPARTY :: Jewish | Democrat,SOURCESKEPe_W45,4,"0.173486,0.195055,0.373053,0.258406"
RELIGxPOLPARTY,RELIGxPOLPARTY :: Mormon | Republican,SOURCESKEPe_W45,4,"0.198342,0.192239,0.379338,0.230080"
RELIGxPOLPARTY,RELIGxPOLPARTY :: Nothing in particular | Democrat,SOURCESKEPe_W45,4,"0.187153,0.223993,0.375118,0.213736"
RELIGxPOLPARTY,RELIGxPOLPARTY :: Nothing in particular | Independent,SOURCESKEPe_W45,4,"0.159469,0.237528,0.413630,0.189374"
RELIGxPOLPARTY,RELIGxPOLPARTY :: Nothing in particular | Other,SOURCESKEPe_W45,4,"0.164495,0.228378,0.433386,0.173741"
RELIGxPOLPARTY,RELIGxPOLPARTY :: Nothing in particular | Republican,SOURCESKEPe_W45,4,"0.181380,0.199207,0.380993,0.238420"
RELIGxPOLPARTY,RELIGxPOLPARTY :: Other | Democrat,SOURCESKEPe_W45,4,"0.191506,0.218706,0.360586,0.229202"
RELIGxPOLPARTY,RELIGxPOLPARTY :: Other | Independent,SOURCESKEPe_W45,4,"0.170325,0.229197,0.386843,0.213635"
RELIGxPOLPARTY,RELIGxPOLPARTY :: Protestant | Democrat,SOURCESKEPe_W45,4,"0.185843,0.210588,0.355435,0.248134"
RELIGxPOLPARTY,RELIGxPOLPARTY :: Protestant | Independent,SOURCESKEPe_W45,4,"0.188005,0.226778,0.351240,0.233977"
RELIGxPOLPARTY,RELIGxPOLPARTY :: Protestant | Other,SOURCESKEPe_W45,4,"0.196067,0.220444,0.357816,0.225672"
RELIGxPOLPARTY,RELIGxPOLPARTY :: Protestant | Republican,SOURCESKEPe_W45,4,"0.195050,0.183232,0.342323,0.279396"
RELIGxPOLPARTY,RELIGxPOLPARTY :: Roman Catholic | Democrat,SOURCESKEPe_W45,4,"0.186818,0.198866,0.362925,0.251391"
RELIGxPOLPARTY,RELIGxPOLPARTY :: Roman Catholic | Independent,SOURCESKEPe_W45,4,"0.187566,0.219287,0.350419,0.242728"
RELIGxPOLPARTY,RELIGxPOLPARTY :: Roman Catholic | Other,SOURCESKEPe_W45,4,"0.203147,0.212897,0.353760,0.230196"
RELIGxPOLPARTY,RELIGxPOLPARTY :: Roman Catholic | Republican,SOURCESKEPe_W45,4,"0.218032,0.171135,0.319722,0.291111"
RELIGxPOLPARTY,RELIGxPOLPARTY :: Agnostic | Democrat,SPOUSESEX_W50,2,"0.631594,0.368406"
RELIGxPOLPARTY,RELIGxPOLPARTY :: Agnostic | Independent,SPOUSESEX_W50,2,"0.611382,0.388618"
RELIGxPOLPARTY,RELIGxPOLPARTY :: Agnostic | Other,SPOUSESEX_W50,2,"0.573678,0.426322"
RELIGxPOLPARTY,RELIGxPOLPARTY :: Agnostic | Republican,SPOUSESEX_W50,2,"0.569853,0.430147"
RELIGxPOLPARTY,RELIGxPOLPARTY :: Atheist | Democrat,SPOUSESEX_W50,2,"0.585101,0.414899"
RELIGxPOLPARTY,RELIGxPOLPARTY :: Atheist | Independent,SPOUSESEX_W50,2,"0.577495,0.422505"
RELIGxPOLPARTY,RELIGxPOLPARTY :: Atheist | Other,SPOUSESEX_W50,2,"0.552540,0.447460"
RELIGxPOLPARTY,RELIGxPOLPARTY :: Buddhist | Democrat,SPOUSESEX_W50,2,"0.579400,0.420600"
RELIGxPOLPARTY,RELIGxPOLPARTY :: Jewish | Democrat,SPOUSESEX_W50,2,"0.581303,0.418697"
RELIGxPOLPARTY,RELIGxPOLPARTY :: Jewish | Independent,SPOUSESEX_W50,2,"0.588889,0.411111"
RELIGxPOLPARTY,RELIGxPOLPARTY :: Jewish | Republican,SPOUSESEX_W50,2,"0.538983,0.461017"
RELIGxPOLPARTY,RELIGxPOLPARTY :: Mormon | Democrat,SPOUSESEX_W50,2,"0.581303,0.418697"
RELIGxPOLPARTY,RELIGxPOLPARTY :: Mormon | Independent,SPOUSESEX_W50,2,"0.590779,0.409221"
RELIGxPOLPARTY,RELIGxPOLPARTY :: Mormon | Republican,SPOUSESEX_W50,2,"0.583203,0.416797"
RELIGxPOLPARTY,RELIGxPOLPARTY :: Nothing in particular | Democrat,SPOUSESEX_W50,2,"0.594551,0.405449"
RELIGxPOLPARTY,RELIGxPOLPARTY :: Nothing in particular | Independent,SPOUSESEX_W50,2,"0.588889,0.411111"
RELIGxPOLPARTY,RELIGxPOLPARTY :: Nothing in particular | Other,SPOUSESEX_W50,2,"0.542863,0.457137"
RELIGxPOLPARTY,RELIGxPOLPARTY :: Nothing in particular | Republican,SPOUSESEX_W50,2,"0.550607,0.449393"
RELIGxPOLPARTY,RELIGxPOLPARTY :: Other | Democrat,SPOUSESEX_W50,2,"0.573678,0.426322"
RELIGxPOLPARTY,RELIGxPOLPARTY :: Other | Independent,SPOUSESEX_W50,2,"0.562177,0.437824"
RELIGxPOLPARTY,RELIGxPOLPARTY :: Other | Other,SPOUSESEX_W50,2,"0.513668,0.486332"
RELIGxPOLPARTY,RELIGxPOLPARTY :: Protestant | Democrat,SPOUSESEX_W50,2,"0.586996,0.413004"
RELIGxPOLPARTY,RELIGxPOLPARTY :: Protestant | Independent,SPOUSESEX_W50,2,"0.605799,0.394201"
RELIGxPOLPARTY,RELIGxPOLPARTY :: Protestant | Other,SPOUSESEX_W50,2,"0.573678,0.426322"
RELIGxPOLPARTY,RELIGxPOLPARTY :: Protestant | Refused,SPOUSESEX_W50,2,"0.567937,0.432063"
RELIGxPOLPARTY,RELIGxPOLPARTY :: Protestant | Republican,SPOUSESEX_W50,2,"0.586996,0.413004"
RELIGxPOLPARTY,RELIGxPOLPARTY :: Roman Catholic | Democrat,SPOUSESEX_W50,2,"0.590779,0.409221"
RELIGxPOLPARTY,RELIGxPOLPARTY :: Roman Catholic | Independent,SPOUSESEX_W50,2,"0.607663,0.392337"
RELIGxPOLPARTY,RELIGxPOLPARTY :: Roman Catholic | Other,SPOUSESEX_W50,2,"0.567937,0.432063"
RELIGxPOLPARTY,RELIGxPOLPARTY :: Roman Catholic | Republican,SPOUSESEX_W50,2,"0.598312,0.401688"
RELIGxPOLPARTY,RELIGxPOLPARTY :: Agnostic | Democrat,SUCCESSIMPA_W32,3,"0.736477,0.166918,0.096605"
RELIGxPOLPARTY,RELIGxPOLPARTY :: Agnostic | Independent,SUCCESSIMPA_W32,3,"0.759972,0.159299,0.080729"
RELIGxPOLPARTY,RELIGxPOLPARTY :: Agnostic | Other,SUCCESSIMPA_W32,3,"0.657218,0.213368,0.129414"
RELIGxPOLPARTY,RELIGxPOLPARTY :: Atheist | Democrat,SUCCESSIMPA_W32,3,"0.723083,0.185703,0.091214"
RELIGxPOLPARTY,RELIGxPOLPARTY :: Atheist | Independent,SUCCESSIMPA_W32,3,"0.724481,0.188992,0.086527"
RELIGxPOLPARTY,RELIGxPOLPARTY :: Atheist | Other,SUCCESSIMPA_W32,3,"0.645615,0.230201,0.124184"
RELIGxPOLPARTY,RELIGxPOLPARTY :: Jewish | Democrat,SUCCESSIMPA_W32,3,"0.730190,0.184621,0.085189"
RELIGxPOLPARTY,RELIGxPOLPARTY :: Jewish | Independent,SUCCESSIMPA_W32,3,"0.725811,0.190824,0.083365"
RELIGxPOLPARTY,RELIGxPOLPARTY :: Mormon | Republican,SUCCESSIMPA_W32,3,"0.725432,0.176391,0.098177"
RELIGxPOLPARTY,RELIGxPOLPARTY :: Nothing in particular | Democrat,SUCCESSIMPA_W32,3,"0.663876,0.229429,0.106695"
RELIGxPOLPARTY,RELIGxPOLPARTY :: Nothing in particular | Independent,SUCCESSIMPA_W32,3,"0.716718,0.205343,0.077939"
RELIGxPOLPARTY,RELIGxPOLPARTY :: Nothing in particular | Other,SUCCESSIMPA_W32,3,"0.608788,0.272267,0.118945"
RELIGxPOLPARTY,RELIGxPOLPARTY :: Nothing in particular | Republican,SUCCESSIMPA_W32,3,"0.648731,0.233126,0.118143"
RELIGxPOLPARTY,RELIGxPOLPARTY :: Other | Democrat,SUCCESSIMPA_W32,3,"0.663795,0.217193,0.119012"
RELIGxPOLPARTY,RELIGxPOLPARTY :: Other | Independent,SUCCESSIMPA_W32,3,"0.706612,0.197758,0.095630"
RELIGxPOLPARTY,RELIGxPOLPARTY :: Protestant | Democrat,SUCCESSIMPA_W32,3,"0.727217,0.183869,0.088913"
RELIGxPOLPARTY,RELIGxPOLPARTY :: Protestant | Independent,SUCCESSIMPA_W32,3,"0.723409,0.190193,0.086399"
RELIGxPOLPARTY,RELIGxPOLPARTY :: Protestant | Other,SUCCESSIMPA_W32,3,"0.616592,0.241461,0.141947"
RELIGxPOLPARTY,RELIGxPOLPARTY :: Protestant | Republican,SUCCESSIMPA_W32,3,"0.727538,0.175527,0.096935"
RELIGxPOLPARTY,RELIGxPOLPARTY :: Roman Catholic | Democrat,SUCCESSIMPA_W32,3,"0.785475,0.139732,0.074793"
RELIGxPOLPARTY,RELIGxPOLPARTY :: Roman Catholic | Independent,SUCCESSIMPA_W32,3,"0.728648,0.185676,0.085675"
RELIGxPOLPARTY,RELIGxPOLPARTY :: Roman Catholic | Other,SUCCESSIMPA_W32,3,"0.613679,0.234753,0.151568"
RELIGxPOLPARTY,RELIGxPOLPARTY :: Roman Catholic | Republican,SUCCESSIMPA_W32,3,"0.785229,0.133291,0.081479"
RELIGxPOLPARTY,RELIGxPOLPARTY :: Agnostic | Democrat,SUPERPWR_W92,2,"0.717012,0.282988"
RELIGxPOLPARTY,RELIGxPOLPARTY :: Agnostic | Independent,SUPERPWR_W92,2,"0.687630,0.312370"
RELIGxPOLPARTY,RELIGxPOLPARTY :: Agnostic | Other,SUPERPWR_W92,2,"0.649579,0.350421"
RELIGxPOLPARTY,RELIGxPOLPARTY :: Agnostic | Republican,SUPERPWR_W92,2,"0.710628,0.289372"
RELIGxPOLPARTY,RELIGxPOLPARTY :: Atheist | Democrat,SUPERPWR_W92,2,"0.654895,0.345105"
RELIGxPOLPARTY,RELIGxPOLPARTY :: Atheist | Independent,SUPERPWR_W92,2,"0.672332,0.327668"
RELIGxPOLPARTY,RELIGxPOLPARTY :: Atheist | Other,SUPERPWR_W92,2,"0.627951,0.372049"
RELIGxPOLPARTY,RELIGxPOLPARTY :: Buddhist | Democrat,SUPERPWR_W92,2,"0.638835,0.361165"
RELIGxPOLPARTY,RELIGxPOLPARTY :: Jewish | Democrat,SUPERPWR_W92,2,"0.663669,0.336331"
RELIGxPOLPARTY,RELIGxPOLPARTY :: Jewish | Independent,SUPERPWR_W92,2,"0.653127,0.346873"
RELIGxPOLPARTY,RELIGxPOLPARTY :: Jewish | Republican,SUPERPWR_W92,2,"0.684264,0.315736"
RELIGxPOLPARTY,RELIGxPOLPARTY :: Mormon | Independent,SUPERPWR_W92,2,"0.640636,0.359364"
RELIGxPOLPARTY,RELIGxPOLPARTY :: Mormon | Republican,SUPERPWR_W92,2,"0.697609,0.302391"
RELIGxPOLPARTY,RELIGxPOLPARTY :: Nothing in particular | Democrat,SUPERPWR_W92,2,"0.620622,0.379378"
RELIGxPOLPARTY,RELIGxPOLPARTY :: Nothing in particular | Independent,SUPERPWR_W92,2,"0.622459,0.377541"
RELIGxPOLPARTY,RELIGxPOLPARTY :: Nothing in particular | Other,SUPERPWR_W92,2,"0.590779,0.409221"
RELIGxPOLPARTY,RELIGxPOLPARTY :: Nothing in particular | Republican,SUPERPWR_W92,2,"0.644225,0.355775"
RELIGxPOLPARTY,RELIGxPOLPARTY :: Other | Democrat,SUPERPWR_W92,2,"0.605799,0.394201"
RELIGxPOLPARTY,RELIGxPOLPARTY :: Other | Independent,SUPERPWR_W92,2,"0.620622,0.379378"
RELIGxPOLPARTY,RELIGxPOLPARTY :: Other | Other,SUPERPWR_W92,2,"0.592667,0.407333"
RELIGxPOLPARTY,RELIGxPOLPARTY :: Protestant | Democrat,SUPERPWR_W92,2,"0.627951,0.372049"
RELIGxPOLPARTY,RELIGxPOLPARTY :: Protestant | Independent,SUPERPWR_W92,2,"0.640636,0.359364"
RELIGxPOLPARTY,RELIGxPOLPARTY :: Protestant | Other,SUPERPWR_W92,2,"0.613237,0.386763"
RELIGxPOLPARTY,RELIGxPOLPARTY :: Protestant | Refused,SUPERPWR_W92,2,"0.624294,0.375706"
RELIGxPOLPARTY,RELIGxPOLPARTY :: Protestant | Republican,SUPERPWR_W92,2,"0.694303,0.305697"
RELIGxPOLPARTY,RELIGxPOLPARTY :: Roman Catholic | Democrat,SUPERPWR_W92,2,"0.635222,0.364778"
RELIGxPOLPARTY,RELIGxPOLPARTY :: Roman Catholic | Independent,SUPERPWR_W92,2,"0.629775,0.370225"
RELIGxPOLPARTY,RELIGxPOLPARTY :: Roman Catholic | Other,SUPERPWR_W92,2,"0.594551,0.405449"
RELIGxPOLPARTY,RELIGxPOLPARTY :: Roman Catholic | Republican,SUPERPWR_W92,2,"0.684264,0.315736"
RELIGxPOLPARTY,RELIGxPOLPARTY :: Agnostic | Democrat,TALKDISASNSINT_W49,2,"0.169956,0.830044"
RELIGxPOLPARTY,RELIGxPOLPARTY :: Agnostic | Independent,TALKDISASNSINT_W49,2,"0.075312,0.924688"
RELIGxPOLPARTY,RELIGxPOLPARTY :: Atheist | Democrat,TALKDISASNSINT_W49,2,"0.073696,0.926304"
RELIGxPOLPARTY,RELIGxPOLPARTY :: Atheist | Independent,TALKDISASNSINT_W49,2,"0.046725,0.953275"
RELIGxPOLPARTY,RELIGxPOLPARTY :: Atheist | Other,TALKDISASNSINT_W49,2,"0.057071,0.942929"
RELIGxPOLPARTY,RELIGxPOLPARTY :: Jewish | Democrat,TALKDISASNSINT_W49,2,"0.058777,0.941223"
RELIGxPOLPARTY,RELIGxPOLPARTY :: Mormon | Republican,TALKDISASNSINT_W49,2,"0.039639,0.960361"
RELIGxPOLPARTY,RELIGxPOLPARTY :: Nothing in particular | Democrat,TALKDISASNSINT_W49,2,"0.078642,0.921358"
RELIGxPOLPARTY,RELIGxPOLPARTY :: Nothing in particular | Independent,TALKDISASNSINT_W49,2,"0.035411,0.964589"
RELIGxPOLPARTY,RELIGxPOLPARTY :: Nothing in particular | Other,TALKDISASNSINT_W49,2,"0.044019,0.955981"
RELIGxPOLPARTY,RELIGxPOLPARTY :: Nothing in particular | Republican,TALKDISASNSINT_W49,2,"0.047074,0.952926"
RELIGxPOLPARTY,RELIGxPOLPARTY :: Other | Independent,TALKDISASNSINT_W49,2,"0.045353,0.954647"
RELIGxPOLPARTY,RELIGxPOLPARTY :: Protestant | Democrat,TALKDISASNSINT_W49,2,"0.060975,0.939025"
RELIGxPOLPARTY,RELIGxPOLPARTY :: Protestant | Independent,TALKDISASNSINT_W49,2,"0.055005,0.944995"
RELIGxPOLPARTY,RELIGxPOLPARTY :: Protestant | Other,TALKDISASNSINT_W49,2,"0.064183,0.935817"
RELIGxPOLPARTY,RELIGxPOLPARTY :: Protestant | Republican,TALKDISASNSINT_W49,2,"0.040846,0.959154"
RELIGxPOLPARTY,RELIGxPOLPARTY :: Roman Catholic | Democrat,TALKDISASNSINT_W49,2,"0.054601,0.945399"
RELIGxPOLPARTY,RELIGxPOLPARTY :: Roman Catholic | Independent,TALKDISASNSINT_W49,2,"0.060975,0.939025"
RELIGxPOLPARTY,RELIGxPOLPARTY :: Roman Catholic | Other,TALKDISASNSINT_W49,2,"0.069542,0.930458"
RELIGxPOLPARTY,RELIGxPOLPARTY :: Roman Catholic | Republican,TALKDISASNSINT_W49,2,"0.035679,0.964321"
RELIGxPOLPARTY,RELIGxPOLPARTY :: Agnostic | Democrat,TRAITBIZMF2B_W36,3,"0.479616,0.244964,0.275420"
RELIGxPOLPARTY,RELIGxPOLPARTY :: Agnostic | Independent,TRAITBIZMF2B_W36,3,"0.426642,0.258772,0.314586"
RELIGxPOLPARTY,RELIGxPOLPARTY :: Agnostic | Other,TRAITBIZMF2B_W36,3,"0.379143,0.264685,0.356172"
RELIGxPOLPARTY,RELIGxPOLPARTY :: Atheist | Democrat,TRAITBIZMF2B_W36,3,"0.405787,0.285507,0.308706"
RELIGxPOLPARTY,RELIGxPOLPARTY :: Atheist | Independent,TRAITBIZMF2B_W36,3,"0.411037,0.273810,0.315153"
RELIGxPOLPARTY,RELIGxPOLPARTY :: Jewish | Democrat,TRAITBIZMF2B_W36,3,"0.392497,0.287157,0.320347"
RELIGxPOLPARTY,RELIGxPOLPARTY :: Jewish | Independent,TRAITBIZMF2B_W36,3,"0.384012,0.274441,0.341547"
RELIGxPOLPARTY,RELIGxPOLPARTY :: Mormon | Republican,TRAITBIZMF2B_W36,3,"0.396863,0.279228,0.323910"
RELIGxPOLPARTY,RELIGxPOLPARTY :: Nothing in particular | Democrat,TRAITBIZMF2B_W36,3,"0.379536,0.293283,0.327181"
RELIGxPOLPARTY,RELIGxPOLPARTY :: Nothing in particular | Independent,TRAITBIZMF2B_W36,3,"0.372560,0.274708,0.352732"
RELIGxPOLPARTY,RELIGxPOLPARTY :: Nothing in particular | Other,TRAITBIZMF2B_W36,3,"0.333539,0.276514,0.389947"
RELIGxPOLPARTY,RELIGxPOLPARTY :: Nothing in particular | Republican,TRAITBIZMF2B_W36,3,"0.365674,0.296132,0.338194"
RELIGxPOLPARTY,RELIGxPOLPARTY :: Other | Democrat,TRAITBIZMF2B_W36,3,"0.376100,0.302205,0.321695"
RELIGxPOLPARTY,RELIGxPOLPARTY :: Other | Independent,TRAITBIZMF2B_W36,3,"0.379020,0.283873,0.337107"
RELIGxPOLPARTY,RELIGxPOLPARTY :: Protestant | Democrat,TRAITBIZMF2B_W36,3,"0.393783,0.301924,0.304292"
RELIGxPOLPARTY,RELIGxPOLPARTY :: Protestant | Independent,TRAITBIZMF2B_W36,3,"0.380505,0.294032,0.325463"
RELIGxPOLPARTY,RELIGxPOLPARTY :: Protestant | Other,TRAITBIZMF2B_W36,3,"0.346012,0.291371,0.362617"
RELIGxPOLPARTY,RELIGxPOLPARTY :: Protestant | Republican,TRAITBIZMF2B_W36,3,"0.387248,0.301589,0.311163"
RELIGxPOLPARTY,RELIGxPOLPARTY :: Roman Catholic | Democrat,TRAITBIZMF2B_W36,3,"0.399304,0.292137,0.308558"
RELIGxPOLPARTY,RELIGxPOLPARTY :: Roman Catholic | Independent,TRAITBIZMF2B_W36,3,"0.376614,0.291025,0.332361"
RELIGxPOLPARTY,RELIGxPOLPARTY :: Roman Catholic | Other,TRAITBIZMF2B_W36,3,"0.346592,0.287335,0.366074"
RELIGxPOLPARTY,RELIGxPOLPARTY :: Roman Catholic | Republican,TRAITBIZMF2B_W36,3,"0.395125,0.282383,0.322492"
RELIGxPOLPARTY,RELIGxPOLPARTY :: Agnostic | Democrat,TRAITBIZMF2C_W36,3,"0.573708,0.242923,0.183368"
RELIGxPOLPARTY,RELIGxPOLPARTY :: Agnostic | Independent,TRAITBIZMF2C_W36,3,"0.555010,0.250163,0.194827"
RELIGxPOLPARTY,RELIGxPOLPARTY :: Agnostic | Other,TRAITBIZMF2C_W36,3,"0.484647,0.269746,0.245607"
RELIGxPOLPARTY,RELIGxPOLPARTY :: Atheist | Democrat,TRAITBIZMF2C_W36,3,"0.545231,0.267808,0.186960"
RELIGxPOLPARTY,RELIGxPOLPARTY :: Atheist | Independent,TRAITBIZMF2C_W36,3,"0.545568,0.265889,0.188543"
RELIGxPOLPARTY,RELIGxPOLPARTY :: Jewish | Democrat,TRAITBIZMF2C_W36,3,"0.536191,0.269614,0.194195"
RELIGxPOLPARTY,RELIGxPOLPARTY :: Jewish | Independent,TRAITBIZMF2C_W36,3,"0.523965,0.267615,0.208419"
RELIGxPOLPARTY,RELIGxPOLPARTY :: Mormon | Republican,TRAITBIZMF2C_W36,3,"0.569148,0.254539,0.176314"
RELIGxPOLPARTY,RELIGxPOLPARTY :: Nothing in particular | Democrat,TRAITBIZMF2C_W36,3,"0.501142,0.283320,0.215538"
RELIGxPOLPARTY,RELIGxPOLPARTY :: Nothing in particular | Independent,TRAITBIZMF2C_W36,3,"0.517018,0.272449,0.210533"
RELIGxPOLPARTY,RELIGxPOLPARTY :: Nothing in particular | Other,TRAITBIZMF2C_W36,3,"0.456918,0.292712,0.250370"
RELIGxPOLPARTY,RELIGxPOLPARTY :: Nothing in particular | Republican,TRAITBIZMF2C_W36,3,"0.506632,0.288670,0.204698"
RELIGxPOLPARTY,RELIGxPOLPARTY :: Other | Democrat,TRAITBIZMF2C_W36,3,"0.491104,0.290970,0.217926"
RELIGxPOLPARTY,RELIGxPOLPARTY :: Other | Independent,TRAITBIZMF2C_W36,3,"0.511163,0.275752,0.213085"
RELIGxPOLPARTY,RELIGxPOLPARTY :: Protestant | Democrat,TRAITBIZMF2C_W36,3,"0.534023,0.277047,0.188930"
RELIGxPOLPARTY,RELIGxPOLPARTY :: Protestant | Independent,TRAITBIZMF2C_W36,3,"0.524000,0.273980,0.202020"
RELIGxPOLPARTY,RELIGxPOLPARTY :: Protestant | Other,TRAITBIZMF2C_W36,3,"0.461978,0.286849,0.251173"
RELIGxPOLPARTY,RELIGxPOLPARTY :: Protestant | Republican,TRAITBIZMF2C_W36,3,"0.559195,0.266216,0.174589"
RELIGxPOLPARTY,RELIGxPOLPARTY :: Roman Catholic | Democrat,TRAITBIZMF2C_W36,3,"0.551471,0.266674,0.181856"
RELIGxPOLPARTY,RELIGxPOLPARTY :: Roman Catholic | Independent,TRAITBIZMF2C_W36,3,"0.520927,0.276662,0.202411"
RELIGxPOLPARTY,RELIGxPOLPARTY :: Roman Catholic | Other,TRAITBIZMF2C_W36,3,"0.457190,0.288346,0.254464"
RELIGxPOLPARTY,RELIGxPOLPARTY :: Roman Catholic | Republican,TRAITBIZMF2C_W36,3,"0.579477,0.249230,0.171293"
RELIGxPOLPARTY,RELIGxPOLPARTY :: Agnostic | Democrat,TRAITBIZMF2E_W36,3,"0.554252,0.240251,0.205497"
RELIGxPOLPARTY,RELIGxPOLPARTY :: Agnostic | Independent,TRAITBIZMF2E_W36,3,"0.538124,0.244454,0.217422"
RELIGxPOLPARTY,RELIGxPOLPARTY :: Agnostic | Other,TRAITBIZMF2E_W36,3,"0.465433,0.265196,0.269372"
RELIGxPOLPARTY,RELIGxPOLPARTY :: Atheist | Democrat,TRAITBIZMF2E_W36,3,"0.522251,0.266740,0.211009"
RELIGxPOLPARTY,RELIGxPOLPARTY :: Atheist | Independent,TRAITBIZMF2E_W36,3,"0.533481,0.255967,0.210553"
RELIGxPOLPARTY,RELIGxPOLPARTY :: Jewish | Democrat,TRAITBIZMF2E_W36,3,"0.511847,0.269724,0.218429"
RELIGxPOLPARTY,RELIGxPOLPARTY :: Jewish | Independent,TRAITBIZMF2E_W36,3,"0.511770,0.259352,0.228878"
RELIGxPOLPARTY,RELIGxPOLPARTY :: Mormon | Republican,TRAITBIZMF2E_W36,3,"0.528315,0.261535,0.210149"
RELIGxPOLPARTY,RELIGxPOLPARTY :: Nothing in particular | Democrat,TRAITBIZMF2E_W36,3,"0.482049,0.281177,0.236774"
RELIGxPOLPARTY,RELIGxPOLPARTY :: Nothing in particular | Independent,TRAITBIZMF2E_W36,3,"0.503960,0.263501,0.232539"
RELIGxPOLPARTY,RELIGxPOLPARTY :: Nothing in particular | Other,TRAITBIZMF2E_W36,3,"0.443124,0.283876,0.273001"
RELIGxPOLPARTY,RELIGxPOLPARTY :: Nothing in particular | Republican,TRAITBIZMF2E_W36,3,"0.481479,0.287504,0.231016"
RELIGxPOLPARTY,RELIGxPOLPARTY :: Other | Democrat,TRAITBIZMF2E_W36,3,"0.471063,0.290214,0.238723"
RELIGxPOLPARTY,RELIGxPOLPARTY :: Other | Independent,TRAITBIZMF2E_W36,3,"0.498877,0.269124,0.231999"
RELIGxPOLPARTY,RELIGxPOLPARTY :: Protestant | Democrat,TRAITBIZMF2E_W36,3,"0.502249,0.281736,0.216015"
RELIGxPOLPARTY,RELIGxPOLPARTY :: Protestant | Independent,TRAITBIZMF2E_W36,3,"0.502281,0.273085,0.224634"
RELIGxPOLPARTY,RELIGxPOLPARTY :: Protestant | Other,TRAITBIZMF2E_W36,3,"0.441197,0.284858,0.273945"
RELIGxPOLPARTY,RELIGxPOLPARTY :: Protestant | Republican,TRAITBIZMF2E_W36,3,"0.518439,0.275341,0.206221"
RELIGxPOLPARTY,RELIGxPOLPARTY :: Roman Catholic | Democrat,TRAITBIZMF2E_W36,3,"0.522868,0.269149,0.207983"
RELIGxPOLPARTY,RELIGxPOLPARTY :: Roman Catholic | Independent,TRAITBIZMF2E_W36,3,"0.501397,0.272605,0.225998"
RELIGxPOLPARTY,RELIGxPOLPARTY :: Roman Catholic | Other,TRAITBIZMF2E_W36,3,"0.437378,0.284607,0.278014"
RELIGxPOLPARTY,RELIGxPOLPARTY :: Roman Catholic | Republican,TRAITBIZMF2E_W36,3,"0.533072,0.259799,0.207129"
RELIGxPOLPARTY,RELIGxPOLPARTY :: Agnostic | Democrat,TRAITBIZMF2G_W36,3,"0.480027,0.256940,0.263033"
RELIGxPOLPARTY,RELIGxPOLPARTY :: Agnostic | Independent,TRAITBIZMF2G_W36,3,"0.437168,0.269331,0.293501"
RELIGxPOLPARTY,RELIGxPOLPARTY :: Agnostic | Other,TRAITBIZMF2G_W36,3,"0.398734,0.278361,0.322905"
RELIGxPOLPARTY,RELIGxPOLPARTY :: Atheist | Democrat,TRAITBIZMF2G_W36,3,"0.430671,0.286889,0.282441"
RELIGxPOLPARTY,RELIGxPOLPARTY :: Atheist | Independent,TRAITBIZMF2G_W36,3,"0.436366,0.275213,0.288421"
RELIGxPOLPARTY,RELIGxPOLPARTY :: Jewish | Democrat,TRAITBIZMF2G_W36,3,"0.420159,0.286523,0.293318"
RELIGxPOLPARTY,RELIGxPOLPARTY :: Jewish | Independent,TRAITBIZMF2G_W36,3,"0.409383,0.279175,0.311442"
RELIGxPOLPARTY,RELIGxPOLPARTY :: Mormon | Republican,TRAITBIZMF2G_W36,3,"0.438349,0.278632,0.283019"
RELIGxPOLPARTY,RELIGxPOLPARTY :: Nothing in particular | Democrat,TRAITBIZMF2G_W36,3,"0.391876,0.298124,0.310000"
RELIGxPOLPARTY,RELIGxPOLPARTY :: Nothing in particular | Independent,TRAITBIZMF2G_W36,3,"0.389407,0.282679,0.327914"
RELIGxPOLPARTY,RELIGxPOLPARTY :: Nothing in particular | Other,TRAITBIZMF2G_W36,3,"0.360813,0.292196,0.346991"
RELIGxPOLPARTY,RELIGxPOLPARTY :: Nothing in particular | Republican,TRAITBIZMF2G_W36,3,"0.399348,0.294461,0.306191"
RELIGxPOLPARTY,RELIGxPOLPARTY :: Other | Democrat,TRAITBIZMF2G_W36,3,"0.390060,0.303779,0.306161"
RELIGxPOLPARTY,RELIGxPOLPARTY :: Other | Independent,TRAITBIZMF2G_W36,3,"0.396323,0.287700,0.315977"
RELIGxPOLPARTY,RELIGxPOLPARTY :: Protestant | Democrat,TRAITBIZMF2G_W36,3,"0.408754,0.301396,0.289850"
RELIGxPOLPARTY,RELIGxPOLPARTY :: Protestant | Independent,TRAITBIZMF2G_W36,3,"0.397432,0.293048,0.309520"
RELIGxPOLPARTY,RELIGxPOLPARTY :: Protestant | Other,TRAITBIZMF2G_W36,3,"0.369519,0.299246,0.331235"
RELIGxPOLPARTY,RELIGxPOLPARTY :: Protestant | Republican,TRAITBIZMF2G_W36,3,"0.425849,0.292682,0.281469"
RELIGxPOLPARTY,RELIGxPOLPARTY :: Roman Catholic | Democrat,TRAITBIZMF2G_W36,3,"0.416357,0.295241,0.288402"
RELIGxPOLPARTY,RELIGxPOLPARTY :: Roman Catholic | Independent,TRAITBIZMF2G_W36,3,"0.394653,0.295581,0.309766"
RELIGxPOLPARTY,RELIGxPOLPARTY :: Roman Catholic | Other,TRAITBIZMF2G_W36,3,"0.363977,0.299399,0.336624"
RELIGxPOLPARTY,RELIGxPOLPARTY :: Roman Catholic | Republican,TRAITBIZMF2G_W36,3,"0.429704,0.281807,0.288490"
RELIGxPOLPARTY,RELIGxPOLPARTY :: Agnostic | Democrat,TRAITBIZWF2A_W36,3,"0.524887,0.242196,0.232917"
RELIGxPOLPARTY,RELIGxPOLPARTY :: Agnostic | Independent,TRAITBIZWF2A_W36,3,"0.477089,0.257370,0.265540"
RELIGxPOLPARTY,RELIGxPOLPARTY :: Agnostic | Other,TRAITBIZWF2A_W36,3,"0.418957,0.276913,0.304130"
RELIGxPOLPARTY,RELIGxPOLPARTY :: Atheist | Democrat,TRAITBIZWF2A_W36,3,"0.464376,0.275133,0.260491"
RELIGxPOLPARTY,RELIGxPOLPARTY :: Atheist | Independent,TRAITBIZWF2A_W36,3,"0.463467,0.272458,0.264075"
RELIGxPOLPARTY,RELIGxPOLPARTY :: Jewish | Democrat,TRAITBIZWF2A_W36,3,"0.452783,0.278952,0.268265"
RELIGxPOLPARTY,RELIGxPOLPARTY :: Jewish | Independent,TRAITBIZWF2A_W36,3,"0.444127,0.275765,0.280108"
RELIGxPOLPARTY,RELIGxPOLPARTY :: Mormon | Republican,TRAITBIZWF2A_W36,3,"0.459424,0.280841,0.259735"
RELIGxPOLPARTY,RELIGxPOLPARTY :: Nothing in particular | Democrat,TRAITBIZWF2A_W36,3,"0.428734,0.290096,0.281170"
RELIGxPOLPARTY,RELIGxPOLPARTY :: Nothing in particular | Independent,TRAITBIZWF2A_W36,3,"0.435472,0.281162,0.283367"
RELIGxPOLPARTY,RELIGxPOLPARTY :: Nothing in particular | Other,TRAITBIZWF2A_W36,3,"0.387212,0.299214,0.313574"
RELIGxPOLPARTY,RELIGxPOLPARTY :: Nothing in particular | Republican,TRAITBIZWF2A_W36,3,"0.416223,0.302146,0.281631"
RELIGxPOLPARTY,RELIGxPOLPARTY :: Other | Democrat,TRAITBIZWF2A_W36,3,"0.422914,0.297557,0.279529"
RELIGxPOLPARTY,RELIGxPOLPARTY :: Other | Independent,TRAITBIZWF2A_W36,3,"0.435457,0.285579,0.278964"
RELIGxPOLPARTY,RELIGxPOLPARTY :: Protestant | Democrat,TRAITBIZWF2A_W36,3,"0.443766,0.293311,0.262923"
RELIGxPOLPARTY,RELIGxPOLPARTY :: Protestant | Independent,TRAITBIZWF2A_W36,3,"0.437303,0.289040,0.273657"
RELIGxPOLPARTY,RELIGxPOLPARTY :: Protestant | Other,TRAITBIZWF2A_W36,3,"0.390060,0.303779,0.306161"
RELIGxPOLPARTY,RELIGxPOLPARTY :: Protestant | Republican,TRAITBIZWF2A_W36,3,"0.441598,0.298800,0.259602"
RELIGxPOLPARTY,RELIGxPOLPARTY :: Roman Catholic | Democrat,TRAITBIZWF2A_W36,3,"0.459424,0.280841,0.259735"
RELIGxPOLPARTY,RELIGxPOLPARTY :: Roman Catholic | Independent,TRAITBIZWF2A_W36,3,"0.442139,0.285467,0.272394"
RELIGxPOLPARTY,RELIGxPOLPARTY :: Roman Catholic | Other,TRAITBIZWF2A_W36,3,"0.393769,0.299564,0.306668"
RELIGxPOLPARTY,RELIGxPOLPARTY :: Roman Catholic | Republican,TRAITBIZWF2A_W36,3,"0.464239,0.279384,0.256377"
RELIGxPOLPARTY,RELIGxPOLPARTY :: Agnostic | Democrat,TRAITBIZWF2G_W36,3,"0.455705,0.276399,0.267895"
RELIGxPOLPARTY,RELIGxPOLPARTY :: Agnostic | Independent,TRAITBIZWF2G_W36,3,"0.401180,0.291225,0.307595"
RELIGxPOLPARTY,RELIGxPOLPARTY :: Agnostic | Other,TRAITBIZWF2G_W36,3,"0.369519,0.299246,0.331235"
RELIGxPOLPARTY,RELIGxPOLPARTY :: Atheist | Democrat,TRAITBIZWF2G_W36,3,"0.395606,0.308098,0.296295"
RELIGxPOLPARTY,RELIGxPOLPARTY :: Atheist | Independent,TRAITBIZWF2G_W36,3,"0.398450,0.298425,0.303125"
RELIGxPOLPARTY,RELIGxPOLPARTY :: Jewish | Democrat,TRAITBIZWF2G_W36,3,"0.388188,0.309491,0.302321"
RELIGxPOLPARTY,RELIGxPOLPARTY :: Jewish | Independent,TRAITBIZWF2G_W36,3,"0.374204,0.300682,0.325114"
RELIGxPOLPARTY,RELIGxPOLPARTY :: Mormon | Republican,TRAITBIZWF2G_W36,3,"0.398428,0.305485,0.296087"
RELIGxPOLPARTY,RELIGxPOLPARTY :: Nothing in particular | Democrat,TRAITBIZWF2G_W36,3,"0.367093,0.316454,0.316454"
RELIGxPOLPARTY,RELIGxPOLPARTY :: Nothing in particular | Independent,TRAITBIZWF2G_W36,3,"0.362269,0.302687,0.335044"
RELIGxPOLPARTY,RELIGxPOLPARTY :: Nothing in particular | Other,TRAITBIZWF2G_W36,3,"0.335560,0.312776,0.351664"
RELIGxPOLPARTY,RELIGxPOLPARTY :: Nothing in particular | Republican,TRAITBIZWF2G_W36,3,"0.367093,0.316454,0.316454"
RELIGxPOLPARTY,RELIGxPOLPARTY :: Other | Democrat,TRAITBIZWF2G_W36,3,"0.368881,0.320490,0.310629"
RELIGxPOLPARTY,RELIGxPOLPARTY :: Other | Independent,TRAITBIZWF2G_W36,3,"0.369775,0.308959,0.321266"
RELIGxPOLPARTY,RELIGxPOLPARTY :: Protestant | Democrat,TRAITBIZWF2G_W36,3,"0.376986,0.322454,0.300560"
RELIGxPOLPARTY,RELIGxPOLPARTY :: Protestant | Independent,TRAITBIZWF2G_W36,3,"0.367985,0.312305,0.319711"
RELIGxPOLPARTY,RELIGxPOLPARTY :: Protestant | Other,TRAITBIZWF2G_W36,3,"0.342865,0.319585,0.337549"
RELIGxPOLPARTY,RELIGxPOLPARTY :: Protestant | Republican,TRAITBIZWF2G_W36,3,"0.386204,0.317683,0.296113"
RELIGxPOLPARTY,RELIGxPOLPARTY :: Roman Catholic | Democrat,TRAITBIZWF2G_W36,3,"0.378881,0.319049,0.302070"
RELIGxPOLPARTY,RELIGxPOLPARTY :: Roman Catholic | Independent,TRAITBIZWF2G_W36,3,"0.362523,0.312514,0.324963"
RELIGxPOLPARTY,RELIGxPOLPARTY :: Roman Catholic | Other,TRAITBIZWF2G_W36,3,"0.338391,0.317889,0.343720"
RELIGxPOLPARTY,RELIGxPOLPARTY :: Roman Catholic | Republican,TRAITBIZWF2G_W36,3,"0.381723,0.311553,0.306723"
RELIGxPOLPARTY,RELIGxPOLPARTY :: Agnostic | Democrat,TRAITPOLMF1B_W36,3,"0.481874,0.234847,0.283279"
RELIGxPOLPARTY,RELIGxPOLPARTY :: Agnostic | Independent,TRAITPOLMF1B_W36,3,"0.429843,0.250725,0.319432"
RELIGxPOLPARTY,RELIGxPOLPARTY :: Agnostic | Other,TRAITPOLMF1B_W36,3,"0.369954,0.254266,0.375780"
RELIGxPOLPARTY,RELIGxPOLPARTY :: Atheist | Democrat,TRAITPOLMF1B_W36,3,"0.419757,0.273141,0.307101"
RELIGxPOLPARTY,RELIGxPOLPARTY :: Atheist | Independent,TRAITPOLMF1B_W36,3,"0.411767,0.270044,0.318189"
RELIGxPOLPARTY,RELIGxPOLPARTY :: Jewish | Democrat,TRAITPOLMF1B_W36,3,"0.405375,0.276442,0.318183"
RELIGxPOLPARTY,RELIGxPOLPARTY :: Jewish | Independent,TRAITPOLMF1B_W36,3,"0.387715,0.272791,0.339494"
RELIGxPOLPARTY,RELIGxPOLPARTY :: Mormon | Republican,TRAITPOLMF1B_W36,3,"0.399278,0.272284,0.328437"
RELIGxPOLPARTY,RELIGxPOLPARTY :: Nothing in particular | Democrat,TRAITPOLMF1B_W36,3,"0.385698,0.284396,0.329905"
RELIGxPOLPARTY,RELIGxPOLPARTY :: Nothing in particular | Independent,TRAITPOLMF1B_W36,3,"0.376778,0.269271,0.353950"
RELIGxPOLPARTY,RELIGxPOLPARTY :: Nothing in particular | Other,TRAITPOLMF1B_W36,3,"0.327074,0.269044,0.403882"
RELIGxPOLPARTY,RELIGxPOLPARTY :: Nothing in particular | Republican,TRAITPOLMF1B_W36,3,"0.362280,0.286587,0.351133"
RELIGxPOLPARTY,RELIGxPOLPARTY :: Other | Democrat,TRAITPOLMF1B_W36,3,"0.383115,0.289190,0.327695"
RELIGxPOLPARTY,RELIGxPOLPARTY :: Other | Independent,TRAITPOLMF1B_W36,3,"0.379501,0.277649,0.342850"
RELIGxPOLPARTY,RELIGxPOLPARTY :: Protestant | Democrat,TRAITPOLMF1B_W36,3,"0.411606,0.289601,0.298794"
RELIGxPOLPARTY,RELIGxPOLPARTY :: Protestant | Independent,TRAITPOLMF1B_W36,3,"0.395242,0.284682,0.320076"
RELIGxPOLPARTY,RELIGxPOLPARTY :: Protestant | Other,TRAITPOLMF1B_W36,3,"0.349918,0.283372,0.366710"
RELIGxPOLPARTY,RELIGxPOLPARTY :: Protestant | Republican,TRAITPOLMF1B_W36,3,"0.396521,0.294669,0.308811"
RELIGxPOLPARTY,RELIGxPOLPARTY :: Roman Catholic | Democrat,TRAITPOLMF1B_W36,3,"0.416060,0.277156,0.306784"
RELIGxPOLPARTY,RELIGxPOLPARTY :: Roman Catholic | Independent,TRAITPOLMF1B_W36,3,"0.389407,0.282679,0.327914"
RELIGxPOLPARTY,RELIGxPOLPARTY :: Roman Catholic | Other,TRAITPOLMF1B_W36,3,"0.345891,0.280111,0.373998"
RELIGxPOLPARTY,RELIGxPOLPARTY :: Roman Catholic | Republican,TRAITPOLMF1B_W36,3,"0.407988,0.271779,0.320233"
RELIGxPOLPARTY,RELIGxPOLPARTY :: Agnostic | Democrat,TRAITPOLMF1G_W36,3,"0.446802,0.264721,0.288477"
RELIGxPOLPARTY,RELIGxPOLPARTY :: Agnostic | Independent,TRAITPOLMF1G_W36,3,"0.407385,0.277812,0.314803"
RELIGxPOLPARTY,RELIGxPOLPARTY :: Agnostic | Other,TRAITPOLMF1G_W36,3,"0.367521,0.281788,0.350691"
RELIGxPOLPARTY,RELIGxPOLPARTY :: Atheist | Democrat,TRAITPOLMF1G_W36,3,"0.411628,0.291888,0.296484"
RELIGxPOLPARTY,RELIGxPOLPARTY :: Atheist | Independent,TRAITPOLMF1G_W36,3,"0.399173,0.287513,0.313314"
RELIGxPOLPARTY,RELIGxPOLPARTY :: Jewish | Democrat,TRAITPOLMF1G_W36,3,"0.404022,0.291006,0.304972"
RELIGxPOLPARTY,RELIGxPOLPARTY :: Jewish | Independent,TRAITPOLMF1G_W36,3,"0.385828,0.286723,0.327448"
RELIGxPOLPARTY,RELIGxPOLPARTY :: Mormon | Republican,TRAITPOLMF1G_W36,3,"0.412491,0.285724,0.301785"
RELIGxPOLPARTY,RELIGxPOLPARTY :: Nothing in particular | Democrat,TRAITPOLMF1G_W36,3,"0.374126,0.298279,0.327595"
RELIGxPOLPARTY,RELIGxPOLPARTY :: Nothing in particular | Independent,TRAITPOLMF1G_W36,3,"0.364263,0.288155,0.347582"
RELIGxPOLPARTY,RELIGxPOLPARTY :: Nothing in particular | Other,TRAITPOLMF1G_W36,3,"0.331382,0.290168,0.378450"
RELIGxPOLPARTY,RELIGxPOLPARTY :: Nothing in particular | Republican,TRAITPOLMF1G_W36,3,"0.375082,0.299041,0.325877"
RELIGxPOLPARTY,RELIGxPOLPARTY :: Other | Democrat,TRAITPOLMF1G_W36,3,"0.375211,0.303855,0.320935"
RELIGxPOLPARTY,RELIGxPOLPARTY :: Other | Independent,TRAITPOLMF1G_W36,3,"0.372953,0.292734,0.334313"
RELIGxPOLPARTY,RELIGxPOLPARTY :: Protestant | Democrat,TRAITPOLMF1G_W36,3,"0.397520,0.302417,0.300063"
RELIGxPOLPARTY,RELIGxPOLPARTY :: Protestant | Independent,TRAITPOLMF1G_W36,3,"0.381550,0.297152,0.321298"
RELIGxPOLPARTY,RELIGxPOLPARTY :: Protestant | Other,TRAITPOLMF1G_W36,3,"0.350220,0.299559,0.350220"
RELIGxPOLPARTY,RELIGxPOLPARTY :: Protestant | Republican,TRAITPOLMF1G_W36,3,"0.408798,0.296756,0.294446"
RELIGxPOLPARTY,RELIGxPOLPARTY :: Roman Catholic | Democrat,TRAITPOLMF1G_W36,3,"0.402179,0.294240,0.303581"
RELIGxPOLPARTY,RELIGxPOLPARTY :: Roman Catholic | Independent,TRAITPOLMF1G_W36,3,"0.375082,0.299041,0.325877"
RELIGxPOLPARTY,RELIGxPOLPARTY :: Roman Catholic | Other,TRAITPOLMF1G_W36,3,"0.343802,0.298700,0.357498"
RELIGxPOLPARTY,RELIGxPOLPARTY :: Roman Catholic | Republican,TRAITPOLMF1G_W36,3,"0.409560,0.283694,0.306746"
RELIGxPOLPARTY,RELIGxPOLPARTY :: Agnostic | Democrat,TRAITPOLWF1C_W36,3,"0.449928,0.275036,0.275036"
RELIGxPOLPARTY,RELIGxPOLPARTY :: Agnostic | Independent,TRAITPOLWF1C_W36,3,"0.387096,0.294487,0.318417"
RELIGxPOLPARTY,RELIGxPOLPARTY :: Agnostic | Other,TRAITPOLWF1C_W36,3,"0.342192,0.301984,0.355824"
RELIGxPOLPARTY,RELIGxPOLPARTY :: Atheist | Democrat,TRAITPOLWF1C_W36,3,"0.385396,0.312103,0.302501"
RELIGxPOLPARTY,RELIGxPOLPARTY :: Atheist | Independent,TRAITPOLWF1C_W36,3,"0.372548,0.311275,0.316177"
RELIGxPOLPARTY,RELIGxPOLPARTY :: Jewish | Democrat,TRAITPOLWF1C_W36,3,"0.376207,0.314333,0.309460"
RELIGxPOLPARTY,RELIGxPOLPARTY :: Jewish | Independent,TRAITPOLWF1C_W36,3,"0.358821,0.309323,0.331855"
RELIGxPOLPARTY,RELIGxPOLPARTY :: Mormon | Republican,TRAITPOLWF1C_W36,3,"0.364372,0.316572,0.319055"
RELIGxPOLPARTY,RELIGxPOLPARTY :: Nothing in particular | Democrat,TRAITPOLWF1C_W36,3,"0.360747,0.315881,0.323372"
RELIGxPOLPARTY,RELIGxPOLPARTY :: Nothing in particular | Independent,TRAITPOLWF1C_W36,3,"0.347025,0.308650,0.344324"
RELIGxPOLPARTY,RELIGxPOLPARTY :: Nothing in particular | Other,TRAITPOLWF1C_W36,3,"0.310219,0.312652,0.377130"
RELIGxPOLPARTY,RELIGxPOLPARTY :: Nothing in particular | Republican,TRAITPOLWF1C_W36,3,"0.337645,0.324710,0.337645"
RELIGxPOLPARTY,RELIGxPOLPARTY :: Other | Democrat,TRAITPOLWF1C_W36,3,"0.359856,0.322573,0.317572"
RELIGxPOLPARTY,RELIGxPOLPARTY :: Other | Independent,TRAITPOLWF1C_W36,3,"0.352633,0.316098,0.331268"
RELIGxPOLPARTY,RELIGxPOLPARTY :: Protestant | Democrat,TRAITPOLWF1C_W36,3,"0.375153,0.323402,0.301444"
RELIGxPOLPARTY,RELIGxPOLPARTY :: Protestant | Independent,TRAITPOLWF1C_W36,3,"0.358948,0.316770,0.324282"
RELIGxPOLPARTY,RELIGxPOLPARTY :: Protestant | Other,TRAITPOLWF1C_W36,3,"0.323572,0.321054,0.355374"
RELIGxPOLPARTY,RELIGxPOLPARTY :: Protestant | Republican,TRAITPOLWF1C_W36,3,"0.358002,0.328521,0.313477"
RELIGxPOLPARTY,RELIGxPOLPARTY :: Roman Catholic | Democrat,TRAITPOLWF1C_W36,3,"0.372526,0.318639,0.308835"
RELIGxPOLPARTY,RELIGxPOLPARTY :: Roman Catholic | Independent,TRAITPOLWF1C_W36,3,"0.352668,0.318609,0.328723"
RELIGxPOLPARTY,RELIGxPOLPARTY :: Roman Catholic | Other,TRAITPOLWF1C_W36,3,"0.320069,0.320069,0.359863"
RELIGxPOLPARTY,RELIGxPOLPARTY :: Roman Catholic | Republican,TRAITPOLWF1C_W36,3,"0.358948,0.316770,0.324282"
RELIGxPOLPARTY,RELIGxPOLPARTY :: Agnostic | Democrat,TRAITPOLWF1E_W36,3,"0.490746,0.258605,0.250649"
RELIGxPOLPARTY,RELIGxPOLPARTY :: Agnostic | Independent,TRAITPOLWF1E_W36,3,"0.433462,0.275525,0.291013"
RELIGxPOLPARTY,RELIGxPOLPARTY :: Agnostic | Other,TRAITPOLWF1E_W36,3,"0.376343,0.286306,0.337351"
RELIGxPOLPARTY,RELIGxPOLPARTY :: Atheist | Democrat,TRAITPOLWF1E_W36,3,"0.428696,0.292346,0.278958"
RELIGxPOLPARTY,RELIGxPOLPARTY :: Atheist | Independent,TRAITPOLWF1E_W36,3,"0.419224,0.290388,0.290388"
RELIGxPOLPARTY,RELIGxPOLPARTY :: Jewish | Democrat,TRAITPOLWF1E_W36,3,"0.420159,0.293318,0.286523"
RELIGxPOLPARTY,RELIGxPOLPARTY :: Jewish | Independent,TRAITPOLWF1E_W36,3,"0.403058,0.290312,0.306630"
RELIGxPOLPARTY,RELIGxPOLPARTY :: Mormon | Republican,TRAITPOLWF1E_W36,3,"0.401224,0.305235,0.293541"
RELIGxPOLPARTY,RELIGxPOLPARTY :: Nothing in particular | Democrat,TRAITPOLWF1E_W36,3,"0.398457,0.300771,0.300771"
RELIGxPOLPARTY,RELIGxPOLPARTY :: Nothing in particular | Independent,TRAITPOLWF1E_W36,3,"0.394536,0.290913,0.314551"
RELIGxPOLPARTY,RELIGxPOLPARTY :: Nothing in particular | Other,TRAITPOLWF1E_W36,3,"0.345718,0.300365,0.353917"
RELIGxPOLPARTY,RELIGxPOLPARTY :: Nothing in particular | Republican,TRAITPOLWF1E_W36,3,"0.372555,0.313723,0.313723"
RELIGxPOLPARTY,RELIGxPOLPARTY :: Other | Democrat,TRAITPOLWF1E_W36,3,"0.395606,0.308098,0.296295"
RELIGxPOLPARTY,RELIGxPOLPARTY :: Other | Independent,TRAITPOLWF1E_W36,3,"0.395635,0.298641,0.305723"
RELIGxPOLPARTY,RELIGxPOLPARTY :: Protestant | Democrat,TRAITPOLWF1E_W36,3,"0.410466,0.307425,0.282109"
RELIGxPOLPARTY,RELIGxPOLPARTY :: Protestant | Independent,TRAITPOLWF1E_W36,3,"0.395650,0.303355,0.300995"
RELIGxPOLPARTY,RELIGxPOLPARTY :: Protestant | Other,TRAITPOLWF1E_W36,3,"0.352445,0.308611,0.338943"
RELIGxPOLPARTY,RELIGxPOLPARTY :: Protestant | Republican,TRAITPOLWF1E_W36,3,"0.387985,0.319148,0.292867"
RELIGxPOLPARTY,RELIGxPOLPARTY :: Roman Catholic | Democrat,TRAITPOLWF1E_W36,3,"0.413462,0.300141,0.286397"
RELIGxPOLPARTY,RELIGxPOLPARTY :: Roman Catholic | Independent,TRAITPOLWF1E_W36,3,"0.394711,0.300280,0.305009"
RELIGxPOLPARTY,RELIGxPOLPARTY :: Roman Catholic | Other,TRAITPOLWF1E_W36,3,"0.351414,0.305313,0.343273"
RELIGxPOLPARTY,RELIGxPOLPARTY :: Roman Catholic | Republican,TRAITPOLWF1E_W36,3,"0.399377,0.303830,0.296792"
RELIGxPOLPARTY,RELIGxPOLPARTY :: Agnostic | Democrat,VALUESUBURB_W32,4,"0.339854,0.237256,0.258547,0.164343"
RELIGxPOLPARTY,RELIGxPOLPARTY :: Agnostic | Independent,VALUESUBURB_W32,4,"0.269234,0.265060,0.309886,0.155821"
RELIGxPOLPARTY,RELIGxPOLPARTY :: Agnostic | Other,VALUESUBURB_W32,4,"0.237371,0.244906,0.348082,0.169641"
RELIGxPOLPARTY,RELIGxPOLPARTY :: Atheist | Democrat,VALUESUBURB_W32,4,"0.263581,0.274081,0.298677,0.163661"
RELIGxPOLPARTY,RELIGxPOLPARTY :: Atheist | Independent,VALUESUBURB_W32,4,"0.242080,0.272177,0.323219,0.162525"
RELIGxPOLPARTY,RELIGxPOLPARTY :: Atheist | Other,VALUESUBURB_W32,4,"0.221431,0.258879,0.353846,0.165844"
RELIGxPOLPARTY,RELIGxPOLPARTY :: Jewish | Democrat,VALUESUBURB_W32,4,"0.251763,0.261792,0.303684,0.182760"
RELIGxPOLPARTY,RELIGxPOLPARTY :: Jewish | Independent,VALUESUBURB_W32,4,"0.240439,0.262016,0.316052,0.181493"
RELIGxPOLPARTY,RELIGxPOLPARTY :: Mormon | Republican,VALUESUBURB_W32,4,"0.245199,0.226772,0.332539,0.195490"
RELIGxPOLPARTY,RELIGxPOLPARTY :: Nothing in particular | Democrat,VALUESUBURB_W32,4,"0.246131,0.272442,0.313579,0.167847"
RELIGxPOLPARTY,RELIGxPOLPARTY :: Nothing in particular | Independent,VALUESUBURB_W32,4,"0.221655,0.273708,0.356982,0.147654"
RELIGxPOLPARTY,RELIGxPOLPARTY :: Nothing in particular | Other,VALUESUBURB_W32,4,"0.195205,0.252614,0.403676,0.148504"
RELIGxPOLPARTY,RELIGxPOLPARTY :: Nothing in particular | Republican,VALUESUBURB_W32,4,"0.218472,0.227175,0.349117,0.205236"
RELIGxPOLPARTY,RELIGxPOLPARTY :: Other | Democrat,VALUESUBURB_W32,4,"0.241714,0.263405,0.315254,0.179627"
RELIGxPOLPARTY,RELIGxPOLPARTY :: Other | Independent,VALUESUBURB_W32,4,"0.219672,0.260866,0.351034,0.168428"
RELIGxPOLPARTY,RELIGxPOLPARTY :: Protestant | Democrat,VALUESUBURB_W32,4,"0.245950,0.268021,0.306089,0.179941"
RELIGxPOLPARTY,RELIGxPOLPARTY :: Protestant | Independent,VALUESUBURB_W32,4,"0.243323,0.265159,0.314884,0.176634"
RELIGxPOLPARTY,RELIGxPOLPARTY :: Protestant | Other,VALUESUBURB_W32,4,"0.223457,0.253210,0.338080,0.185253"
RELIGxPOLPARTY,RELIGxPOLPARTY :: Protestant | Republican,VALUESUBURB_W32,4,"0.234102,0.226900,0.322489,0.216509"
RELIGxPOLPARTY,RELIGxPOLPARTY :: Roman Catholic | Democrat,VALUESUBURB_W32,4,"0.274940,0.270678,0.283668,0.170714"
RELIGxPOLPARTY,RELIGxPOLPARTY :: Roman Catholic | Independent,VALUESUBURB_W32,4,"0.256184,0.266389,0.297179,0.180248"
RELIGxPOLPARTY,RELIGxPOLPARTY :: Roman Catholic | Other,VALUESUBURB_W32,4,"0.236365,0.253583,0.323073,0.186980"
RELIGxPOLPARTY,RELIGxPOLPARTY :: Roman Catholic | Republican,VALUESUBURB_W32,4,"0.266411,0.231462,0.288059,0.214067"
RELIGxPOLPARTY,RELIGxPOLPARTY :: Agnostic | Democrat,VALUEURBAN_W32,4,"0.269859,0.186926,0.328065,0.215150"
RELIGxPOLPARTY,RELIGxPOLPARTY :: Agnostic | Independent,VALUEURBAN_W32,4,"0.202003,0.194264,0.401730,0.202003"
RELIGxPOLPARTY,RELIGxPOLPARTY :: Agnostic | Other,VALUEURBAN_W32,4,"0.193140,0.174487,0.425165,0.207209"
RELIGxPOLPARTY,RELIGxPOLPARTY :: Atheist | Democrat,VALUEURBAN_W32,4,"0.205212,0.198898,0.377443,0.218447"
RELIGxPOLPARTY,RELIGxPOLPARTY :: Atheist | Independent,VALUEURBAN_W32,4,"0.185837,0.207316,0.402746,0.204102"
RELIGxPOLPARTY,RELIGxPOLPARTY :: Atheist | Other,VALUEURBAN_W32,4,"0.176943,0.189832,0.431149,0.202075"
RELIGxPOLPARTY,RELIGxPOLPARTY :: Jewish | Democrat,VALUEURBAN_W32,4,"0.193362,0.187412,0.378584,0.240642"
RELIGxPOLPARTY,RELIGxPOLPARTY :: Jewish | Independent,VALUEURBAN_W32,4,"0.184343,0.197771,0.390254,0.227633"
RELIGxPOLPARTY,RELIGxPOLPARTY :: Mormon | Republican,VALUEURBAN_W32,4,"0.185275,0.152403,0.411051,0.251270"
RELIGxPOLPARTY,RELIGxPOLPARTY :: Nothing in particular | Democrat,VALUEURBAN_W32,4,"0.197482,0.195945,0.389683,0.216891"
RELIGxPOLPARTY,RELIGxPOLPARTY :: Nothing in particular | Independent,VALUEURBAN_W32,4,"0.163057,0.186217,0.464508,0.186217"
RELIGxPOLPARTY,RELIGxPOLPARTY :: Nothing in particular | Other,VALUEURBAN_W32,4,"0.151551,0.169067,0.500812,0.178570"
RELIGxPOLPARTY,RELIGxPOLPARTY :: Nothing in particular | Republican,VALUEURBAN_W32,4,"0.172868,0.154958,0.414688,0.257486"
RELIGxPOLPARTY,RELIGxPOLPARTY :: Other | Democrat,VALUEURBAN_W32,4,"0.201231,0.196570,0.375949,0.226250"
RELIGxPOLPARTY,RELIGxPOLPARTY :: Other | Independent,VALUEURBAN_W32,4,"0.170428,0.187179,0.435204,0.207188"
RELIGxPOLPARTY,RELIGxPOLPARTY :: Protestant | Democrat,VALUEURBAN_W32,4,"0.190477,0.191971,0.387792,0.229759"
RELIGxPOLPARTY,RELIGxPOLPARTY :: Protestant | Independent,VALUEURBAN_W32,4,"0.185736,0.200829,0.396287,0.217148"
RELIGxPOLPARTY,RELIGxPOLPARTY :: Protestant | Other,VALUEURBAN_W32,4,"0.183339,0.193644,0.403589,0.219428"
RELIGxPOLPARTY,RELIGxPOLPARTY :: Protestant | Republican,VALUEURBAN_W32,4,"0.176119,0.154215,0.396889,0.272778"
RELIGxPOLPARTY,RELIGxPOLPARTY :: Roman Catholic | Democrat,VALUEURBAN_W32,4,"0.204930,0.189529,0.376924,0.228616"
RELIGxPOLPARTY,RELIGxPOLPARTY :: Roman Catholic | Independent,VALUEURBAN_W32,4,"0.199982,0.207949,0.370709,0.221360"
RELIGxPOLPARTY,RELIGxPOLPARTY :: Roman Catholic | Other,VALUEURBAN_W32,4,"0.198532,0.203240,0.376748,0.221479"
RELIGxPOLPARTY,RELIGxPOLPARTY :: Roman Catholic | Republican,VALUEURBAN_W32,4,"0.208352,0.164820,0.357199,0.269628"
RELIGxPOLPARTY,RELIGxPOLPARTY :: Agnostic | Democrat,VOICE1_W27,2,"0.727975,0.272025"
RELIGxPOLPARTY,RELIGxPOLPARTY :: Agnostic | Independent,VOICE1_W27,2,"0.713831,0.286169"
RELIGxPOLPARTY,RELIGxPOLPARTY :: Agnostic | Other,VOICE1_W27,2,"0.674050,0.325950"
RELIGxPOLPARTY,RELIGxPOLPARTY :: Atheist | Democrat,VOICE1_W27,2,"0.692642,0.307358"
RELIGxPOLPARTY,RELIGxPOLPARTY :: Atheist | Independent,VOICE1_W27,2,"0.697609,0.302391"
RELIGxPOLPARTY,RELIGxPOLPARTY :: Atheist | Other,VOICE1_W27,2,"0.665411,0.334589"
RELIGxPOLPARTY,RELIGxPOLPARTY :: Jewish | Democrat,VOICE1_W27,2,"0.690976,0.309024"
RELIGxPOLPARTY,RELIGxPOLPARTY :: Mormon | Republican,VOICE1_W27,2,"0.697609,0.302391"
RELIGxPOLPARTY,RELIGxPOLPARTY :: Nothing in particular | Democrat,VOICE1_W27,2,"0.665411,0.334589"
RELIGxPOLPARTY,RELIGxPOLPARTY :: Nothing in particular | Independent,VOICE1_W27,2,"0.687630,0.312370"
RELIGxPOLPARTY,RELIGxPOLPARTY :: Nothing in particular | Other,VOICE1_W27,2,"0.642432,0.357568"
RELIGxPOLPARTY,RELIGxPOLPARTY :: Nothing in particular | Republican,VOICE1_W27,2,"0.646014,0.353986"
RELIGxPOLPARTY,RELIGxPOLPARTY :: Other | Democrat,VOICE1_W27,2,"0.667148,0.332852"
RELIGxPOLPARTY,RELIGxPOLPARTY :: Other | Independent,VOICE1_W27,2,"0.685949,0.314051"
RELIGxPOLPARTY,RELIGxPOLPARTY :: Protestant | Democrat,VOICE1_W27,2,"0.661923,0.338077"
RELIGxPOLPARTY,RELIGxPOLPARTY :: Protestant | Independent,VOICE1_W27,2,"0.661923,0.338077"
RELIGxPOLPARTY,RELIGxPOLPARTY :: Protestant | Other,VOICE1_W27,2,"0.626124,0.373876"
RELIGxPOLPARTY,RELIGxPOLPARTY :: Protestant | Republican,VOICE1_W27,2,"0.661923,0.338077"
RELIGxPOLPARTY,RELIGxPOLPARTY :: Roman Catholic | Democrat,VOICE1_W27,2,"0.690976,0.309024"
RELIGxPOLPARTY,RELIGxPOLPARTY :: Roman Catholic | Independent,VOICE1_W27,2,"0.667148,0.332852"
RELIGxPOLPARTY,RELIGxPOLPARTY :: Roman Catholic | Other,VOICE1_W27,2,"0.624294,0.375706"
RELIGxPOLPARTY,RELIGxPOLPARTY :: Roman Catholic | Republican,VOICE1_W27,2,"0.695958,0.304042"
RELIGxPOLPARTY,RELIGxPOLPARTY :: Agnostic | Democrat,VOICE5C_W27,3,"0.560544,0.248740,0.190716"
RELIGxPOLPARTY,RELIGxPOLPARTY :: Agnostic | Independent,VOICE5C_W27,3,"0.506187,0.270942,0.222871"
RELIGxPOLPARTY,RELIGxPOLPARTY :: Agnostic | Other,VOICE5C_W27,3,"0.459584,0.274430,0.265987"
RELIGxPOLPARTY,RELIGxPOLPARTY :: Atheist | Democrat,VOICE5C_W27,3,"0.442342,0.301651,0.256008"
RELIGxPOLPARTY,RELIGxPOLPARTY :: Atheist | Independent,VOICE5C_W27,3,"0.449717,0.301926,0.248357"
RELIGxPOLPARTY,RELIGxPOLPARTY :: Atheist | Other,VOICE5C_W27,3,"0.407790,0.303044,0.289166"
RELIGxPOLPARTY,RELIGxPOLPARTY :: Jewish | Democrat,VOICE5C_W27,3,"0.437989,0.296358,0.265654"
RELIGxPOLPARTY,RELIGxPOLPARTY :: Mormon | Republican,VOICE5C_W27,3,"0.461978,0.286849,0.251173"
RELIGxPOLPARTY,RELIGxPOLPARTY :: Nothing in particular | Democrat,VOICE5C_W27,3,"0.396521,0.308811,0.294669"
RELIGxPOLPARTY,RELIGxPOLPARTY :: Nothing in particular | Independent,VOICE5C_W27,3,"0.401048,0.312336,0.286616"
RELIGxPOLPARTY,RELIGxPOLPARTY :: Nothing in particular | Other,VOICE5C_W27,3,"0.367999,0.317235,0.314766"
RELIGxPOLPARTY,RELIGxPOLPARTY :: Nothing in particular | Republican,VOICE5C_W27,3,"0.387248,0.311163,0.301589"
RELIGxPOLPARTY,RELIGxPOLPARTY :: Other | Democrat,VOICE5C_W27,3,"0.405963,0.299339,0.294698"
RELIGxPOLPARTY,RELIGxPOLPARTY :: Other | Independent,VOICE5C_W27,3,"0.405853,0.306354,0.287793"
RELIGxPOLPARTY,RELIGxPOLPARTY :: Protestant | Democrat,VOICE5C_W27,3,"0.417456,0.315112,0.267432"
RELIGxPOLPARTY,RELIGxPOLPARTY :: Protestant | Independent,VOICE5C_W27,3,"0.415838,0.311448,0.272713"
RELIGxPOLPARTY,RELIGxPOLPARTY :: Protestant | Other,VOICE5C_W27,3,"0.384484,0.311364,0.304152"
RELIGxPOLPARTY,RELIGxPOLPARTY :: Protestant | Republican,VOICE5C_W27,3,"0.423449,0.307391,0.269160"
RELIGxPOLPARTY,RELIGxPOLPARTY :: Roman Catholic | Democrat,VOICE5C_W27,3,"0.442176,0.303903,0.253921"
RELIGxPOLPARTY,RELIGxPOLPARTY :: Roman Catholic | Independent,VOICE5C_W27,3,"0.417960,0.305786,0.276255"
RELIGxPOLPARTY,RELIGxPOLPARTY :: Roman Catholic | Other,VOICE5C_W27,3,"0.381723,0.306723,0.311553"
RELIGxPOLPARTY,RELIGxPOLPARTY :: Roman Catholic | Republican,VOICE5C_W27,3,"0.443864,0.291093,0.265043"
RELIGxPOLPARTY,RELIGxPOLPARTY :: Agnostic | Democrat,VTRGHTPRIV1_W92,2,"0.811676,0.188324"
RELIGxPOLPARTY,RELIGxPOLPARTY :: Agnostic | Independent,VTRGHTPRIV1_W92,2,"0.783988,0.216012"
RELIGxPOLPARTY,RELIGxPOLPARTY :: Agnostic | Other,VTRGHTPRIV1_W92,2,"0.718594,0.281406"
RELIGxPOLPARTY,RELIGxPOLPARTY :: Agnostic | Republican,VTRGHTPRIV1_W92,2,"0.746139,0.253861"
RELIGxPOLPARTY,RELIGxPOLPARTY :: Atheist | Democrat,VTRGHTPRIV1_W92,2,"0.735642,0.264358"
RELIGxPOLPARTY,RELIGxPOLPARTY :: Atheist | Independent,VTRGHTPRIV1_W92,2,"0.718594,0.281406"
RELIGxPOLPARTY,RELIGxPOLPARTY :: Atheist | Other,VTRGHTPRIV1_W92,2,"0.665411,0.334589"
RELIGxPOLPARTY,RELIGxPOLPARTY :: Buddhist | Democrat,VTRGHTPRIV1_W92,2,"0.727975,0.272025"
RELIGxPOLPARTY,RELIGxPOLPARTY :: Jewish | Democrat,VTRGHTPRIV1_W92,2,"0.738669,0.261331"
RELIGxPOLPARTY,RELIGxPOLPARTY :: Jewish | Independent,VTRGHTPRIV1_W92,2,"0.718594,0.281406"
RELIGxPOLPARTY,RELIGxPOLPARTY :: Jewish | Republican,VTRGHTPRIV1_W92,2,"0.656658,0.343342"
RELIGxPOLPARTY,RELIGxPOLPARTY :: Mormon | Independent,VTRGHTPRIV1_W92,2,"0.729520,0.270480"
RELIGxPOLPARTY,RELIGxPOLPARTY :: Mormon | Republican,VTRGHTPRIV1_W92,2,"0.702530,0.297470"
RELIGxPOLPARTY,RELIGxPOLPARTY :: Nothing in particular | Democrat,VTRGHTPRIV1_W92,2,"0.707405,0.292595"
RELIGxPOLPARTY,RELIGxPOLPARTY :: Nothing in particular | Independent,VTRGHTPRIV1_W92,2,"0.721743,0.278257"
RELIGxPOLPARTY,RELIGxPOLPARTY :: Nothing in particular | Other,VTRGHTPRIV1_W92,2,"0.651355,0.348645"
RELIGxPOLPARTY,RELIGxPOLPARTY :: Nothing in particular | Republican,VTRGHTPRIV1_W92,2,"0.647798,0.352202"
RELIGxPOLPARTY,RELIGxPOLPARTY :: Other | Democrat,VTRGHTPRIV1_W92,2,"0.672332,0.327668"
RELIGxPOLPARTY,RELIGxPOLPARTY :: Other | Independent,VTRGHTPRIV1_W92,2,"0.684264,0.315736"
RELIGxPOLPARTY,RELIGxPOLPARTY :: Other | Other,VTRGHTPRIV1_W92,2,"0.627951,0.372049"
RELIGxPOLPARTY,RELIGxPOLPARTY :: Protestant | Democrat,VTRGHTPRIV1_W92,2,"0.692642,0.307358"
RELIGxPOLPARTY,RELIGxPOLPARTY :: Protestant | Independent,VTRGHTPRIV1_W92,2,"0.689306,0.310694"
RELIGxPOLPARTY,RELIGxPOLPARTY :: Protestant | Other,VTRGHTPRIV1_W92,2,"0.629775,0.370225"
RELIGxPOLPARTY,RELIGxPOLPARTY :: Protestant | Refused,VTRGHTPRIV1_W92,2,"0.613237,0.386763"
RELIGxPOLPARTY,RELIGxPOLPARTY :: Protestant | Republican,VTRGHTPRIV1_W92,2,"0.653127,0.346873"
RELIGxPOLPARTY,RELIGxPOLPARTY :: Roman Catholic | Democrat,VTRGHTPRIV1_W92,2,"0.735642,0.264358"
RELIGxPOLPARTY,RELIGxPOLPARTY :: Roman Catholic | Independent,VTRGHTPRIV1_W92,2,"0.705785,0.294215"
RELIGxPOLPARTY,RELIGxPOLPARTY :: Roman Catholic | Other,VTRGHTPRIV1_W92,2,"0.644225,0.355775"
RELIGxPOLPARTY,RELIGxPOLPARTY :: Roman Catholic | Republican,VTRGHTPRIV1_W92,2,"0.690976,0.309024"
RELIGxPOLPARTY,RELIGxPOLPARTY :: Agnostic | Democrat,WATCHDOG_3_W45,2,"0.468791,0.531209"
RELIGxPOLPARTY,RELIGxPOLPARTY :: Agnostic | Independent,WATCHDOG_3_W45,2,"0.430147,0.569853"
RELIGxPOLPARTY,RELIGxPOLPARTY :: Agnostic | Other,WATCHDOG_3_W45,2,"0.381220,0.618780"
RELIGxPOLPARTY,RELIGxPOLPARTY :: Atheist | Democrat,WATCHDOG_3_W45,2,"0.377541,0.622459"
RELIGxPOLPARTY,RELIGxPOLPARTY :: Atheist | Independent,WATCHDOG_3_W45,2,"0.343342,0.656658"
RELIGxPOLPARTY,RELIGxPOLPARTY :: Atheist | Other,WATCHDOG_3_W45,2,"0.320821,0.679179"
RELIGxPOLPARTY,RELIGxPOLPARTY :: Jewish | Democrat,WATCHDOG_3_W45,2,"0.361165,0.638835"
RELIGxPOLPARTY,RELIGxPOLPARTY :: Mormon | Republican,WATCHDOG_3_W45,2,"0.286169,0.713831"
RELIGxPOLPARTY,RELIGxPOLPARTY :: Nothing in particular | Democrat,WATCHDOG_3_W45,2,"0.373876,0.626124"
RELIGxPOLPARTY,RELIGxPOLPARTY :: Nothing in particular | Independent,WATCHDOG_3_W45,2,"0.345105,0.654895"
RELIGxPOLPARTY,RELIGxPOLPARTY :: Nothing in particular | Other,WATCHDOG_3_W45,2,"0.302391,0.697609"
RELIGxPOLPARTY,RELIGxPOLPARTY :: Nothing in particular | Republican,WATCHDOG_3_W45,2,"0.304042,0.695958"
RELIGxPOLPARTY,RELIGxPOLPARTY :: Other | Democrat,WATCHDOG_3_W45,2,"0.353986,0.646014"
RELIGxPOLPARTY,RELIGxPOLPARTY :: Other | Independent,WATCHDOG_3_W45,2,"0.334589,0.665411"
RELIGxPOLPARTY,RELIGxPOLPARTY :: Protestant | Democrat,WATCHDOG_3_W45,2,"0.355775,0.644225"
RELIGxPOLPARTY,RELIGxPOLPARTY :: Protestant | Independent,WATCHDOG_3_W45,2,"0.377541,0.622459"
RELIGxPOLPARTY,RELIGxPOLPARTY :: Protestant | Other,WATCHDOG_3_W45,2,"0.350421,0.649579"
RELIGxPOLPARTY,RELIGxPOLPARTY :: Protestant | Republican,WATCHDOG_3_W45,2,"0.300746,0.699254"
RELIGxPOLPARTY,RELIGxPOLPARTY :: Roman Catholic | Democrat,WATCHDOG_3_W45,2,"0.394201,0.605799"
RELIGxPOLPARTY,RELIGxPOLPARTY :: Roman Catholic | Independent,WATCHDOG_3_W45,2,"0.426322,0.573678"
RELIGxPOLPARTY,RELIGxPOLPARTY :: Roman Catholic | Other,WATCHDOG_3_W45,2,"0.390476,0.609524"
RELIGxPOLPARTY,RELIGxPOLPARTY :: Roman Catholic | Republican,WATCHDOG_3_W45,2,"0.343342,0.656658"
RELIGxPOLPARTY,RELIGxPOLPARTY :: Agnostic | Democrat,WHYNOTPOLF1A_W36,3,"0.403268,0.262411,0.334321"
RELIGxPOLPARTY,RELIGxPOLPARTY :: Agnostic | Independent,WHYNOTPOLF1A_W36,3,"0.340077,0.277563,0.382359"
RELIGxPOLPARTY,RELIGxPOLPARTY :: Agnostic | Other,WHYNOTPOLF1A_W36,3,"0.310076,0.269399,0.420525"
RELIGxPOLPARTY,RELIGxPOLPARTY :: Atheist | Democrat,WHYNOTPOLF1A_W36,3,"0.357082,0.312671,0.330247"
RELIGxPOLPARTY,RELIGxPOLPARTY :: Atheist | Independent,WHYNOTPOLF1A_W36,3,"0.326545,0.309167,0.364288"
RELIGxPOLPARTY,RELIGxPOLPARTY :: Jewish | Democrat,WHYNOTPOLF1A_W36,3,"0.345980,0.305326,0.348694"
RELIGxPOLPARTY,RELIGxPOLPARTY :: Jewish | Independent,WHYNOTPOLF1A_W36,3,"0.319234,0.304616,0.376150"
RELIGxPOLPARTY,RELIGxPOLPARTY :: Mormon | Republican,WHYNOTPOLF1A_W36,3,"0.327634,0.280240,0.392126"
RELIGxPOLPARTY,RELIGxPOLPARTY :: Nothing in particular | Democrat,WHYNOTPOLF1A_W36,3,"0.329540,0.316915,0.353545"
RELIGxPOLPARTY,RELIGxPOLPARTY :: Nothing in particular | Independent,WHYNOTPOLF1A_W36,3,"0.295581,0.309766,0.394653"
RELIGxPOLPARTY,RELIGxPOLPARTY :: Nothing in particular | Other,WHYNOTPOLF1A_W36,3,"0.269550,0.303063,0.427387"
RELIGxPOLPARTY,RELIGxPOLPARTY :: Nothing in particular | Republican,WHYNOTPOLF1A_W36,3,"0.313352,0.296676,0.389973"
RELIGxPOLPARTY,RELIGxPOLPARTY :: Other | Democrat,WHYNOTPOLF1A_W36,3,"0.339148,0.313661,0.347191"
RELIGxPOLPARTY,RELIGxPOLPARTY :: Other | Independent,WHYNOTPOLF1A_W36,3,"0.316945,0.309603,0.373452"
RELIGxPOLPARTY,RELIGxPOLPARTY :: Protestant | Democrat,WHYNOTPOLF1A_W36,3,"0.344627,0.318728,0.336644"
RELIGxPOLPARTY,RELIGxPOLPARTY :: Protestant | Independent,WHYNOTPOLF1A_W36,3,"0.333712,0.311054,0.355234"
RELIGxPOLPARTY,RELIGxPOLPARTY :: Protestant | Other,WHYNOTPOLF1A_W36,3,"0.303779,0.306161,0.390060"
RELIGxPOLPARTY,RELIGxPOLPARTY :: Protestant | Republican,WHYNOTPOLF1A_W36,3,"0.342286,0.290494,0.367219"
RELIGxPOLPARTY,RELIGxPOLPARTY :: Roman Catholic | Democrat,WHYNOTPOLF1A_W36,3,"0.333590,0.308520,0.357890"
RELIGxPOLPARTY,RELIGxPOLPARTY :: Roman Catholic | Independent,WHYNOTPOLF1A_W36,3,"0.305976,0.313232,0.380793"
RELIGxPOLPARTY,RELIGxPOLPARTY :: Roman Catholic | Other,WHYNOTPOLF1A_W36,3,"0.277310,0.299843,0.422847"
RELIGxPOLPARTY,RELIGxPOLPARTY :: Roman Catholic | Republican,WHYNOTPOLF1A_W36,3,"0.309776,0.273376,0.416849"
RELIGxPOLPARTY,RELIGxPOLPARTY :: Agnostic | Democrat,WHYNOTPOLF1J_W36,3,"0.669565,0.193338,0.137097"
RELIGxPOLPARTY,RELIGxPOLPARTY :: Agnostic | Independent,WHYNOTPOLF1J_W36,3,"0.651017,0.204852,0.144131"
RELIGxPOLPARTY,RELIGxPOLPARTY :: Agnostic | Other,WHYNOTPOLF1J_W36,3,"0.575640,0.225424,0.198936"
RELIGxPOLPARTY,RELIGxPOLPARTY :: Atheist | Democrat,WHYNOTPOLF1J_W36,3,"0.592091,0.254655,0.153254"
RELIGxPOLPARTY,RELIGxPOLPARTY :: Atheist | Independent,WHYNOTPOLF1J_W36,3,"0.590816,0.250167,0.159016"
RELIGxPOLPARTY,RELIGxPOLPARTY :: Jewish | Democrat,WHYNOTPOLF1J_W36,3,"0.581757,0.254151,0.164092"
RELIGxPOLPARTY,RELIGxPOLPARTY :: Jewish | Independent,WHYNOTPOLF1J_W36,3,"0.567572,0.253834,0.178594"
RELIGxPOLPARTY,RELIGxPOLPARTY :: Mormon | Republican,WHYNOTPOLF1J_W36,3,"0.570422,0.247260,0.182318"
RELIGxPOLPARTY,RELIGxPOLPARTY :: Nothing in particular | Democrat,WHYNOTPOLF1J_W36,3,"0.522747,0.286442,0.190811"
RELIGxPOLPARTY,RELIGxPOLPARTY :: Nothing in particular | Independent,WHYNOTPOLF1J_W36,3,"0.564439,0.268713,0.166848"
RELIGxPOLPARTY,RELIGxPOLPARTY :: Nothing in particular | Other,WHYNOTPOLF1J_W36,3,"0.505488,0.290277,0.204235"
RELIGxPOLPARTY,RELIGxPOLPARTY :: Nothing in particular | Republican,WHYNOTPOLF1J_W36,3,"0.507001,0.279992,0.213007"
RELIGxPOLPARTY,RELIGxPOLPARTY :: Other | Democrat,WHYNOTPOLF1J_W36,3,"0.518667,0.279800,0.201532"
RELIGxPOLPARTY,RELIGxPOLPARTY :: Other | Independent,WHYNOTPOLF1J_W36,3,"0.550240,0.264008,0.185753"
RELIGxPOLPARTY,RELIGxPOLPARTY :: Protestant | Democrat,WHYNOTPOLF1J_W36,3,"0.555811,0.277304,0.166885"
RELIGxPOLPARTY,RELIGxPOLPARTY :: Protestant | Independent,WHYNOTPOLF1J_W36,3,"0.552252,0.267052,0.180696"
RELIGxPOLPARTY,RELIGxPOLPARTY :: Protestant | Other,WHYNOTPOLF1J_W36,3,"0.489065,0.285269,0.225666"
RELIGxPOLPARTY,RELIGxPOLPARTY :: Protestant | Republican,WHYNOTPOLF1J_W36,3,"0.546699,0.264367,0.188934"
RELIGxPOLPARTY,RELIGxPOLPARTY :: Roman Catholic | Democrat,WHYNOTPOLF1J_W36,3,"0.581835,0.266384,0.151781"
RELIGxPOLPARTY,RELIGxPOLPARTY :: Roman Catholic | Independent,WHYNOTPOLF1J_W36,3,"0.534809,0.277455,0.187736"
RELIGxPOLPARTY,RELIGxPOLPARTY :: Roman Catholic | Other,WHYNOTPOLF1J_W36,3,"0.461146,0.297738,0.241116"
RELIGxPOLPARTY,RELIGxPOLPARTY :: Roman Catholic | Republican,WHYNOTPOLF1J_W36,3,"0.549439,0.263624,0.186937"
RELIGxPOLPARTY,RELIGxPOLPARTY :: Agnostic | Democrat,WORK4A_W27,3,"0.543858,0.203225,0.252917"
RELIGxPOLPARTY,RELIGxPOLPARTY :: Agnostic | Independent,WORK4A_W27,3,"0.493057,0.217090,0.289853"
RELIGxPOLPARTY,RELIGxPOLPARTY :: Agnostic | Other,WORK4A_W27,3,"0.443638,0.216212,0.340149"
RELIGxPOLPARTY,RELIGxPOLPARTY :: Atheist | Democrat,WORK4A_W27,3,"0.476052,0.254812,0.269135"
RELIGxPOLPARTY,RELIGxPOLPARTY :: Atheist | Independent,WORK4A_W27,3,"0.467354,0.242460,0.290186"
RELIGxPOLPARTY,RELIGxPOLPARTY :: Atheist | Other,WORK4A_W27,3,"0.406508,0.248493,0.344999"
RELIGxPOLPARTY,RELIGxPOLPARTY :: Jewish | Democrat,WORK4A_W27,3,"0.479205,0.239084,0.281710"
RELIGxPOLPARTY,RELIGxPOLPARTY :: Mormon | Republican,WORK4A_W27,3,"0.535202,0.184961,0.279837"
RELIGxPOLPARTY,RELIGxPOLPARTY :: Nothing in particular | Democrat,WORK4A_W27,3,"0.447242,0.254831,0.297927"
RELIGxPOLPARTY,RELIGxPOLPARTY :: Nothing in particular | Independent,WORK4A_W27,3,"0.439210,0.236936,0.323853"
RELIGxPOLPARTY,RELIGxPOLPARTY :: Nothing in particular | Other,WORK4A_W27,3,"0.394647,0.237502,0.367851"
RELIGxPOLPARTY,RELIGxPOLPARTY :: Nothing in particular | Republican,WORK4A_W27,3,"0.469884,0.221958,0.308158"
RELIGxPOLPARTY,RELIGxPOLPARTY :: Other | Democrat,WORK4A_W27,3,"0.432729,0.260421,0.306851"
RELIGxPOLPARTY,RELIGxPOLPARTY :: Other | Independent,WORK4A_W27,3,"0.429613,0.240991,0.329396"
RELIGxPOLPARTY,RELIGxPOLPARTY :: Protestant | Democrat,WORK4A_W27,3,"0.463307,0.257869,0.278823"
RELIGxPOLPARTY,RELIGxPOLPARTY :: Protestant | Independent,WORK4A_W27,3,"0.428554,0.257909,0.313537"
RELIGxPOLPARTY,RELIGxPOLPARTY :: Protestant | Other,WORK4A_W27,3,"0.389662,0.255547,0.354791"
RELIGxPOLPARTY,RELIGxPOLPARTY :: Protestant | Republican,WORK4A_W27,3,"0.502822,0.212908,0.284270"
RELIGxPOLPARTY,RELIGxPOLPARTY :: Roman Catholic | Democrat,WORK4A_W27,3,"0.491967,0.234212,0.273821"
RELIGxPOLPARTY,RELIGxPOLPARTY :: Roman Catholic | Independent,WORK4A_W27,3,"0.427302,0.255154,0.317544"
RELIGxPOLPARTY,RELIGxPOLPARTY :: Roman Catholic | Other,WORK4A_W27,3,"0.389792,0.249710,0.360498"
RELIGxPOLPARTY,RELIGxPOLPARTY :: Roman Catholic | Republican,WORK4A_W27,3,"0.526644,0.189253,0.284103"
RELIGxPOLPARTY,RELIGxPOLPARTY :: Agnostic | Democrat,WORK4C_W27,3,"0.611602,0.123288,0.265110"
RELIGxPOLPARTY,RELIGxPOLPARTY :: Agnostic | Independent,WORK4C_W27,3,"0.589408,0.118814,0.291778"
RELIGxPOLPARTY,RELIGxPOLPARTY :: Agnostic | Other,WORK4C_W27,3,"0.497330,0.135962,0.366708"
RELIGxPOLPARTY,RELIGxPOLPARTY :: Atheist | Democrat,WORK4C_W27,3,"0.569425,0.150883,0.279692"
RELIGxPOLPARTY,RELIGxPOLPARTY :: Atheist | Independent,WORK4C_W27,3,"0.559981,0.147226,0.292793"
RELIGxPOLPARTY,RELIGxPOLPARTY :: Atheist | Other,WORK4C_W27,3,"0.477310,0.162397,0.360293"
RELIGxPOLPARTY,RELIGxPOLPARTY :: Jewish | Democrat,WORK4C_W27,3,"0.561177,0.140784,0.298039"
RELIGxPOLPARTY,RELIGxPOLPARTY :: Mormon | Republican,WORK4C_W27,3,"0.573108,0.120130,0.306762"
RELIGxPOLPARTY,RELIGxPOLPARTY :: Nothing in particular | Democrat,WORK4C_W27,3,"0.519170,0.165937,0.314893"
RELIGxPOLPARTY,RELIGxPOLPARTY :: Nothing in particular | Independent,WORK4C_W27,3,"0.531030,0.141812,0.327158"
RELIGxPOLPARTY,RELIGxPOLPARTY :: Nothing in particular | Other,WORK4C_W27,3,"0.455400,0.161114,0.383485"
RELIGxPOLPARTY,RELIGxPOLPARTY :: Nothing in particular | Republican,WORK4C_W27,3,"0.505845,0.151882,0.342272"
RELIGxPOLPARTY,RELIGxPOLPARTY :: Other | Democrat,WORK4C_W27,3,"0.494282,0.179017,0.326701"
RELIGxPOLPARTY,RELIGxPOLPARTY :: Other | Independent,WORK4C_W27,3,"0.504845,0.158856,0.336299"
RELIGxPOLPARTY,RELIGxPOLPARTY :: Protestant | Democrat,WORK4C_W27,3,"0.552245,0.152160,0.295595"
RELIGxPOLPARTY,RELIGxPOLPARTY :: Protestant | Independent,WORK4C_W27,3,"0.544521,0.150031,0.305448"
RELIGxPOLPARTY,RELIGxPOLPARTY :: Protestant | Other,WORK4C_W27,3,"0.470250,0.166368,0.363381"
RELIGxPOLPARTY,RELIGxPOLPARTY :: Protestant | Republican,WORK4C_W27,3,"0.576349,0.124644,0.299006"
RELIGxPOLPARTY,RELIGxPOLPARTY :: Roman Catholic | Democrat,WORK4C_W27,3,"0.619286,0.110168,0.270546"
RELIGxPOLPARTY,RELIGxPOLPARTY :: Roman Catholic | Independent,WORK4C_W27,3,"0.557943,0.141070,0.300987"
RELIGxPOLPARTY,RELIGxPOLPARTY :: Roman Catholic | Other,WORK4C_W27,3,"0.477572,0.156261,0.366167"
RELIGxPOLPARTY,RELIGxPOLPARTY :: Roman Catholic | Republican,WORK4C_W27,3,"0.627526,0.091827,0.280647"
RELIGxPOLPARTY,RELIGxPOLPARTY :: Agnostic | Democrat,WORRY2b_W54,5,"0.314222,0.130987,0.207688,0.176263,0.170840"
RELIGxPOLPARTY,RELIGxPOLPARTY :: Agnostic | Independent,WORRY2b_W54,5,"0.267486,0.153604,0.218316,0.182410,0.178184"
RELIGxPOLPARTY,RELIGxPOLPARTY :: Agnostic | Other,WORRY2b_W54,5,"0.252170,0.149406,0.246328,0.177424,0.174673"
RELIGxPOLPARTY,RELIGxPOLPARTY :: Agnostic | Republican,WORRY2b_W54,5,"0.304019,0.114494,0.180125,0.171877,0.229485"
RELIGxPOLPARTY,RELIGxPOLPARTY :: Atheist | Democrat,WORRY2b_W54,5,"0.265845,0.163782,0.218678,0.182713,0.168981"
RELIGxPOLPARTY,RELIGxPOLPARTY :: Atheist | Independent,WORRY2b_W54,5,"0.228561,0.185094,0.235816,0.178003,0.172527"
RELIGxPOLPARTY,RELIGxPOLPARTY :: Atheist | Other,WORRY2b_W54,5,"0.213624,0.178490,0.257680,0.179890,0.170316"
RELIGxPOLPARTY,RELIGxPOLPARTY :: Jewish | Democrat,WORRY2b_W54,5,"0.256459,0.153139,0.217654,0.195104,0.177644"
RELIGxPOLPARTY,RELIGxPOLPARTY :: Jewish | Independent,WORRY2b_W54,5,"0.221357,0.175108,0.230175,0.196879,0.176481"
RELIGxPOLPARTY,RELIGxPOLPARTY :: Mormon | Independent,WORRY2b_W54,5,"0.230167,0.165783,0.216222,0.187857,0.199972"
RELIGxPOLPARTY,RELIGxPOLPARTY :: Mormon | Republican,WORRY2b_W54,5,"0.261318,0.128355,0.194195,0.168720,0.247411"
RELIGxPOLPARTY,RELIGxPOLPARTY :: Nothing in particular | Democrat,WORRY2b_W54,5,"0.242161,0.162579,0.229273,0.191565,0.174422"
RELIGxPOLPARTY,RELIGxPOLPARTY :: Nothing in particular | Independent,WORRY2b_W54,5,"0.201089,0.170662,0.256194,0.190387,0.181669"
RELIGxPOLPARTY,RELIGxPOLPARTY :: Nothing in particular | Other,WORRY2b_W54,5,"0.188122,0.168631,0.286852,0.183764,0.172630"
RELIGxPOLPARTY,RELIGxPOLPARTY :: Nothing in particular | Republican,WORRY2b_W54,5,"0.234229,0.151230,0.218325,0.179590,0.216626"
RELIGxPOLPARTY,RELIGxPOLPARTY :: Other | Democrat,WORRY2b_W54,5,"0.259721,0.158765,0.218707,0.187070,0.175736"
RELIGxPOLPARTY,RELIGxPOLPARTY :: Other | Independent,WORRY2b_W54,5,"0.226305,0.169494,0.239026,0.186153,0.179022"
RELIGxPOLPARTY,RELIGxPOLPARTY :: Protestant | Democrat,WORRY2b_W54,5,"0.255559,0.146755,0.210217,0.199030,0.188438"
RELIGxPOLPARTY,RELIGxPOLPARTY :: Protestant | Independent,WORRY2b_W54,5,"0.222909,0.160556,0.222909,0.202961,0.190664"
RELIGxPOLPARTY,RELIGxPOLPARTY :: Protestant | Other,WORRY2b_W54,5,"0.212682,0.158052,0.244795,0.198241,0.186230"
RELIGxPOLPARTY,RELIGxPOLPARTY :: Protestant | Refused,WORRY2b_W54,5,"0.230762,0.154926,0.211759,0.200490,0.202062"
RELIGxPOLPARTY,RELIGxPOLPARTY :: Protestant | Republican,WORRY2b_W54,5,"0.251298,0.125377,0.189690,0.195711,0.237924"
RELIGxPOLPARTY,RELIGxPOLPARTY :: Roman Catholic | Democrat,WORRY2b_W54,5,"0.281745,0.134131,0.201354,0.190638,0.192133"
RELIGxPOLPARTY,RELIGxPOLPARTY :: Roman Catholic | Independent,WORRY2b_W54,5,"0.237841,0.160931,0.209894,0.198724,0.192610"
RELIGxPOLPARTY,RELIGxPOLPARTY :: Roman Catholic | Other,WORRY2b_W54,5,"0.227758,0.152909,0.238688,0.193296,0.187349"
RELIGxPOLPARTY,RELIGxPOLPARTY :: Roman Catholic | Republican,WORRY2b_W54,5,"0.277387,0.104465,0.163067,0.186229,0.268852"
RELIGxPOLPARTY,RELIGxPOLPARTY :: Agnostic | Democrat,WORRYC_W26,3,"0.570619,0.239735,0.189646"
RELIGxPOLPARTY,RELIGxPOLPARTY :: Agnostic | Independent,WORRYC_W26,3,"0.522471,0.264776,0.212753"
RELIGxPOLPARTY,RELIGxPOLPARTY :: Agnostic | Other,WORRYC_W26,3,"0.465250,0.277814,0.256936"
RELIGxPOLPARTY,RELIGxPOLPARTY :: Atheist | Democrat,WORRYC_W26,3,"0.493068,0.306153,0.200780"
RELIGxPOLPARTY,RELIGxPOLPARTY :: Atheist | Independent,WORRYC_W26,3,"0.497372,0.301671,0.200956"
RELIGxPOLPARTY,RELIGxPOLPARTY :: Atheist | Other,WORRYC_W26,3,"0.442800,0.316455,0.240746"
RELIGxPOLPARTY,RELIGxPOLPARTY :: Jewish | Democrat,WORRYC_W26,3,"0.489381,0.296824,0.213795"
RELIGxPOLPARTY,RELIGxPOLPARTY :: Mormon | Republican,WORRYC_W26,3,"0.503350,0.271537,0.225112"
RELIGxPOLPARTY,RELIGxPOLPARTY :: Nothing in particular | Democrat,WORRYC_W26,3,"0.453724,0.331952,0.214324"
RELIGxPOLPARTY,RELIGxPOLPARTY :: Nothing in particular | Independent,WORRYC_W26,3,"0.463577,0.333902,0.202522"
RELIGxPOLPARTY,RELIGxPOLPARTY :: Nothing in particular | Other,WORRYC_W26,3,"0.414201,0.346078,0.239721"
RELIGxPOLPARTY,RELIGxPOLPARTY :: Nothing in particular | Republican,WORRYC_W26,3,"0.451602,0.317742,0.230656"
RELIGxPOLPARTY,RELIGxPOLPARTY :: Other | Democrat,WORRYC_W26,3,"0.452414,0.318313,0.229272"
RELIGxPOLPARTY,RELIGxPOLPARTY :: Other | Independent,WORRYC_W26,3,"0.468420,0.312035,0.219544"
RELIGxPOLPARTY,RELIGxPOLPARTY :: Protestant | Democrat,WORRYC_W26,3,"0.468420,0.312035,0.219544"
RELIGxPOLPARTY,RELIGxPOLPARTY :: Protestant | Independent,WORRYC_W26,3,"0.463235,0.311002,0.225763"
RELIGxPOLPARTY,RELIGxPOLPARTY :: Protestant | Other,WORRYC_W26,3,"0.416427,0.316801,0.266773"
RELIGxPOLPARTY,RELIGxPOLPARTY :: Protestant | Republican,WORRYC_W26,3,"0.476025,0.286477,0.237498"
RELIGxPOLPARTY,RELIGxPOLPARTY :: Roman Catholic | Democrat,WORRYC_W26,3,"0.483662,0.305042,0.211296"
RELIGxPOLPARTY,RELIGxPOLPARTY :: Roman Catholic | Independent,WORRYC_W26,3,"0.464051,0.311549,0.224400"
RELIGxPOLPARTY,RELIGxPOLPARTY :: Roman Catholic | Other,WORRYC_W26,3,"0.411605,0.320558,0.267837"
RELIGxPOLPARTY,RELIGxPOLPARTY :: Roman Catholic | Republican,WORRYC_W26,3,"0.494971,0.271222,0.233808"
