ty,gk,qk,n_opt,mouth_pred
RACExPOLIDEOLOGY,RACExPOLIDEOLOGY :: Asian | Conservative,ADKIDS_W50,3,"0.329804,0.262943,0.407253"
RACExPOLIDEOLOGY,RACExPOLIDEOLOGY :: Asian | Liberal,ADKIDS_W50,3,"0.303314,0.265590,0.431096"
RACExPOLIDEOLOGY,RACExPOLIDEOLOGY :: Asian | Moderate,ADKIDS_W50,3,"0.279265,0.260304,0.460431"
RACExPOLIDEOLOGY,RACExPOLIDEOLOGY :: Asian | Very liberal,ADKIDS_W50,3,"0.264124,0.290083,0.445793"
RACExPOLIDEOLOGY,RACExPOLIDEOLOGY :: Black | Conservative,ADKIDS_W50,3,"0.276753,0.294603,0.428644"
RACExPOLIDEOLOGY,RACExPOLIDEOLOGY :: Black | Liberal,ADKIDS_W50,3,"0.290096,0.281170,0.428734"
RACExPOLIDEOLOGY,RACExPOLIDEOLOGY :: Black | Moderate,ADKIDS_W50,3,"0.273605,0.282290,0.444105"
RACExPOLIDEOLOGY,RACExPOLIDEOLOGY :: Black | Refused,ADKIDS_W50,3,"0.256175,0.283560,0.460264"
RACExPOLIDEOLOGY,RACExPOLIDEOLOGY :: Black | Very conservative,ADKIDS_W50,3,"0.269282,0.300406,0.430312"
RACExPOLIDEOLOGY,RACExPOLIDEOLOGY :: Black | Very liberal,ADKIDS_W50,3,"0.259886,0.301473,0.438641"
RACExPOLIDEOLOGY,RACExPOLIDEOLOGY :: Hispanic | Conservative,ADKIDS_W50,3,"0.272394,0.285467,0.442139"
RACExPOLIDEOLOGY,RACExPOLIDEOLOGY :: Hispanic | Liberal,ADKIDS_W50,3,"0.279535,0.266734,0.453730"
RACExPOLIDEOLOGY,RACExPOLIDEOLOGY :: Hispanic | Moderate,ADKIDS_W50,3,"0.260073,0.254048,0.485879"
RACExPOLIDEOLOGY,RACExPOLIDEOLOGY :: Hispanic | Very liberal,ADKIDS_W50,3,"0.254831,0.297927,0.447242"
RACExPOLIDEOLOGY,RACExPOLIDEOLOGY :: Mixed Race | Conservative,ADKIDS_W50,3,"0.276753,0.294603,0.428644"
RACExPOLIDEOLOGY,RACExPOLIDEOLOGY :: Mixed Race | Liberal,ADKIDS_W50,3,"0.284330,0.282118,0.433552"
RACExPOLIDEOLOGY,RACExPOLIDEOLOGY :: Mixed Race | Moderate,ADKIDS_W50,3,"0.265415,0.275988,0.458596"
RACExPOLIDEOLOGY,RACExPOLIDEOLOGY :: Refused | Moderate,ADKIDS_W50,3,"0.276006,0.303134,0.420860"
RACExPOLIDEOLOGY,RACExPOLIDEOLOGY :: White | Conservative,ADKIDS_W50,3,"0.262751,0.279697,0.457553"
RACExPOLIDEOLOGY,RACExPOLIDEOLOGY :: White | Liberal,ADKIDS_W50,3,"0.276002,0.276002,0.447996"
RACExPOLIDEOLOGY,RACExPOLIDEOLOGY :: White | Moderate,ADKIDS_W50,3,"0.254812,0.269135,0.476052"
RACExPOLIDEOLOGY,RACExPOLIDEOLOGY :: White | Refused,ADKIDS_W50,3,"0.241009,0.260593,0.498397"
RACExPOLIDEOLOGY,RACExPOLIDEOLOGY :: White | Very conservative,ADKIDS_W50,3,"0.254891,0.279942,0.465167"
RACExPOLIDEOLOGY,RACExPOLIDEOLOGY :: White | Very liberal,ADKIDS_W50,3,"0.250465,0.281605,0.467930"
RACExPOLIDEOLOGY,RACExPOLIDEOLOGY :: Asian | Conservative,ADMISSIONe_W43,3,"0.439372,0.304344,0.256284"
RACExPOLIDEOLOGY,RACExPOLIDEOLOGY :: Asian | Liberal,ADMISSIONe_W43,3,"0.411605,0.320558,0.267837"
RACExPOLIDEOLOGY,RACExPOLIDEOLOGY :: Asian | Moderate,ADMISSIONe_W43,3,"0.383803,0.344039,0.272157"
RACExPOLIDEOLOGY,RACExPOLIDEOLOGY :: Asian | Very liberal,ADMISSIONe_W43,3,"0.401849,0.315415,0.282736"
RACExPOLIDEOLOGY,RACExPOLIDEOLOGY :: Black | Conservative,ADMISSIONe_W43,3,"0.381141,0.344333,0.274526"
RACExPOLIDEOLOGY,RACExPOLIDEOLOGY :: Black | Liberal,ADMISSIONe_W43,3,"0.397641,0.337473,0.264886"
RACExPOLIDEOLOGY,RACExPOLIDEOLOGY :: Black | Moderate,ADMISSIONe_W43,3,"0.367130,0.364273,0.268598"
RACExPOLIDEOLOGY,RACExPOLIDEOLOGY :: Black | Very conservative,ADMISSIONe_W43,3,"0.401322,0.325000,0.273678"
RACExPOLIDEOLOGY,RACExPOLIDEOLOGY :: Black | Very liberal,ADMISSIONe_W43,3,"0.392983,0.328350,0.278667"
RACExPOLIDEOLOGY,RACExPOLIDEOLOGY :: Hispanic | Conservative,ADMISSIONe_W43,3,"0.366894,0.347368,0.285737"
RACExPOLIDEOLOGY,RACExPOLIDEOLOGY :: Hispanic | Liberal,ADMISSIONe_W43,3,"0.375007,0.344126,0.280867"
RACExPOLIDEOLOGY,RACExPOLIDEOLOGY :: Hispanic | Moderate,ADMISSIONe_W43,3,"0.361967,0.364806,0.273227"
RACExPOLIDEOLOGY,RACExPOLIDEOLOGY :: Hispanic | Refused,ADMISSIONe_W43,3,"0.338009,0.354230,0.307761"
RACExPOLIDEOLOGY,RACExPOLIDEOLOGY :: Hispanic | Very conservative,ADMISSIONe_W43,3,"0.387551,0.328910,0.283538"
RACExPOLIDEOLOGY,RACExPOLIDEOLOGY :: Hispanic | Very liberal,ADMISSIONe_W43,3,"0.379170,0.334617,0.286213"
RACExPOLIDEOLOGY,RACExPOLIDEOLOGY :: Other | Conservative,ADMISSIONe_W43,3,"0.388929,0.335278,0.275792"
RACExPOLIDEOLOGY,RACExPOLIDEOLOGY :: Other | Liberal,ADMISSIONe_W43,3,"0.397224,0.331893,0.270883"
RACExPOLIDEOLOGY,RACExPOLIDEOLOGY :: Other | Moderate,ADMISSIONe_W43,3,"0.374690,0.357531,0.267779"
RACExPOLIDEOLOGY,RACExPOLIDEOLOGY :: White | Conservative,ADMISSIONe_W43,3,"0.378178,0.336358,0.285464"
RACExPOLIDEOLOGY,RACExPOLIDEOLOGY :: White | Liberal,ADMISSIONe_W43,3,"0.389947,0.333539,0.276514"
RACExPOLIDEOLOGY,RACExPOLIDEOLOGY :: White | Moderate,ADMISSIONe_W43,3,"0.374153,0.354241,0.271606"
RACExPOLIDEOLOGY,RACExPOLIDEOLOGY :: White | Refused,ADMISSIONe_W43,3,"0.363294,0.330783,0.305924"
RACExPOLIDEOLOGY,RACExPOLIDEOLOGY :: White | Very conservative,ADMISSIONe_W43,3,"0.402838,0.313730,0.283432"
RACExPOLIDEOLOGY,RACExPOLIDEOLOGY :: White | Very liberal,ADMISSIONe_W43,3,"0.391615,0.319627,0.288759"
RACExPOLIDEOLOGY,RACExPOLIDEOLOGY :: Asian | Conservative,ADMISSIONg_W43,3,"0.469754,0.282703,0.247543"
RACExPOLIDEOLOGY,RACExPOLIDEOLOGY :: Asian | Liberal,ADMISSIONg_W43,3,"0.435954,0.299627,0.264419"
RACExPOLIDEOLOGY,RACExPOLIDEOLOGY :: Asian | Moderate,ADMISSIONg_W43,3,"0.411237,0.325315,0.263448"
RACExPOLIDEOLOGY,RACExPOLIDEOLOGY :: Asian | Very liberal,ADMISSIONg_W43,3,"0.400302,0.304534,0.295164"
RACExPOLIDEOLOGY,RACExPOLIDEOLOGY :: Black | Conservative,ADMISSIONg_W43,3,"0.403882,0.327074,0.269044"
RACExPOLIDEOLOGY,RACExPOLIDEOLOGY :: Black | Liberal,ADMISSIONg_W43,3,"0.413321,0.321895,0.264784"
RACExPOLIDEOLOGY,RACExPOLIDEOLOGY :: Black | Moderate,ADMISSIONg_W43,3,"0.385994,0.348716,0.265290"
RACExPOLIDEOLOGY,RACExPOLIDEOLOGY :: Black | Very conservative,ADMISSIONg_W43,3,"0.401849,0.315415,0.282736"
RACExPOLIDEOLOGY,RACExPOLIDEOLOGY :: Black | Very liberal,ADMISSIONg_W43,3,"0.387017,0.320848,0.292135"
RACExPOLIDEOLOGY,RACExPOLIDEOLOGY :: Hispanic | Conservative,ADMISSIONg_W43,3,"0.393837,0.329063,0.277099"
RACExPOLIDEOLOGY,RACExPOLIDEOLOGY :: Hispanic | Liberal,ADMISSIONg_W43,3,"0.398428,0.327738,0.273835"
RACExPOLIDEOLOGY,RACExPOLIDEOLOGY :: Hispanic | Moderate,ADMISSIONg_W43,3,"0.384388,0.347266,0.268346"
RACExPOLIDEOLOGY,RACExPOLIDEOLOGY :: Hispanic | Refused,ADMISSIONg_W43,3,"0.358569,0.339486,0.301945"
RACExPOLIDEOLOGY,RACExPOLIDEOLOGY :: Hispanic | Very conservative,ADMISSIONg_W43,3,"0.391615,0.319627,0.288759"
RACExPOLIDEOLOGY,RACExPOLIDEOLOGY :: Hispanic | Very liberal,ADMISSIONg_W43,3,"0.377791,0.325677,0.296532"
RACExPOLIDEOLOGY,RACExPOLIDEOLOGY :: Other | Conservative,ADMISSIONg_W43,3,"0.405236,0.320568,0.274196"
RACExPOLIDEOLOGY,RACExPOLIDEOLOGY :: Other | Liberal,ADMISSIONg_W43,3,"0.410024,0.316842,0.273135"
RACExPOLIDEOLOGY,RACExPOLIDEOLOGY :: Other | Moderate,ADMISSIONg_W43,3,"0.393672,0.342028,0.264299"
RACExPOLIDEOLOGY,RACExPOLIDEOLOGY :: White | Conservative,ADMISSIONg_W43,3,"0.402618,0.318497,0.278885"
RACExPOLIDEOLOGY,RACExPOLIDEOLOGY :: White | Liberal,ADMISSIONg_W43,3,"0.404366,0.319880,0.275754"
RACExPOLIDEOLOGY,RACExPOLIDEOLOGY :: White | Moderate,ADMISSIONg_W43,3,"0.392258,0.338147,0.269595"
RACExPOLIDEOLOGY,RACExPOLIDEOLOGY :: White | Refused,ADMISSIONg_W43,3,"0.377087,0.317539,0.305374"
RACExPOLIDEOLOGY,RACExPOLIDEOLOGY :: White | Very conservative,ADMISSIONg_W43,3,"0.404022,0.304972,0.291006"
RACExPOLIDEOLOGY,RACExPOLIDEOLOGY :: White | Very liberal,ADMISSIONg_W43,3,"0.392788,0.310721,0.296492"
RACExPOLIDEOLOGY,RACExPOLIDEOLOGY :: Asian | Liberal,BENEFITSb_W54,2,"0.581303,0.418697"
RACExPOLIDEOLOGY,RACExPOLIDEOLOGY :: Asian | Moderate,BENEFITSb_W54,2,"0.571767,0.428233"
RACExPOLIDEOLOGY,RACExPOLIDEOLOGY :: Black | Conservative,BENEFITSb_W54,2,"0.537041,0.462959"
RACExPOLIDEOLOGY,RACExPOLIDEOLOGY :: Black | Liberal,BENEFITSb_W54,2,"0.556400,0.443600"
RACExPOLIDEOLOGY,RACExPOLIDEOLOGY :: Black | Moderate,BENEFITSb_W54,2,"0.538983,0.461017"
RACExPOLIDEOLOGY,RACExPOLIDEOLOGY :: Black | Very conservative,BENEFITSb_W54,2,"0.548674,0.451327"
RACExPOLIDEOLOGY,RACExPOLIDEOLOGY :: Black | Very liberal,BENEFITSb_W54,2,"0.546738,0.453262"
RACExPOLIDEOLOGY,RACExPOLIDEOLOGY :: Hispanic | Conservative,BENEFITSb_W54,2,"0.540924,0.459076"
RACExPOLIDEOLOGY,RACExPOLIDEOLOGY :: Hispanic | Liberal,BENEFITSb_W54,2,"0.550607,0.449393"
RACExPOLIDEOLOGY,RACExPOLIDEOLOGY :: Hispanic | Moderate,BENEFITSb_W54,2,"0.558327,0.441673"
RACExPOLIDEOLOGY,RACExPOLIDEOLOGY :: Mixed Race | Liberal,BENEFITSb_W54,2,"0.556400,0.443600"
RACExPOLIDEOLOGY,RACExPOLIDEOLOGY :: Mixed Race | Moderate,BENEFITSb_W54,2,"0.556400,0.443600"
RACExPOLIDEOLOGY,RACExPOLIDEOLOGY :: Refused | Moderate,BENEFITSb_W54,2,"0.533154,0.466846"
RACExPOLIDEOLOGY,RACExPOLIDEOLOGY :: White | Conservative,BENEFITSb_W54,2,"0.537041,0.462959"
RACExPOLIDEOLOGY,RACExPOLIDEOLOGY :: White | Liberal,BENEFITSb_W54,2,"0.540924,0.459076"
RACExPOLIDEOLOGY,RACExPOLIDEOLOGY :: White | Moderate,BENEFITSb_W54,2,"0.537041,0.462959"
RACExPOLIDEOLOGY,RACExPOLIDEOLOGY :: White | Refused,BENEFITSb_W54,2,"0.550607,0.449393"
RACExPOLIDEOLOGY,RACExPOLIDEOLOGY :: White | Very conservative,BENEFITSb_W54,2,"0.554470,0.445530"
RACExPOLIDEOLOGY,RACExPOLIDEOLOGY :: White | Very liberal,BENEFITSb_W54,2,"0.550607,0.449393"
RACExPOLIDEOLOGY,RACExPOLIDEOLOGY :: Asian | Liberal,BENEFITSc_W54,2,"0.607663,0.392337"
RACExPOLIDEOLOGY,RACExPOLIDEOLOGY :: Asian | Moderate,BENEFITSc_W54,2,"0.603932,0.396068"
RACExPOLIDEOLOGY,RACExPOLIDEOLOGY :: Black | Conservative,BENEFITSc_W54,2,"0.560253,0.439747"
RACExPOLIDEOLOGY,RACExPOLIDEOLOGY :: Black | Liberal,BENEFITSc_W54,2,"0.577495,0.422505"
RACExPOLIDEOLOGY,RACExPOLIDEOLOGY :: Black | Moderate,BENEFITSc_W54,2,"0.562177,0.437824"
RACExPOLIDEOLOGY,RACExPOLIDEOLOGY :: Black | Very conservative,BENEFITSc_W54,2,"0.569853,0.430147"
RACExPOLIDEOLOGY,RACExPOLIDEOLOGY :: Black | Very liberal,BENEFITSc_W54,2,"0.567937,0.432063"
RACExPOLIDEOLOGY,RACExPOLIDEOLOGY :: Hispanic | Conservative,BENEFITSc_W54,2,"0.566019,0.433981"
RACExPOLIDEOLOGY,RACExPOLIDEOLOGY :: Hispanic | Liberal,BENEFITSc_W54,2,"0.571767,0.428233"
RACExPOLIDEOLOGY,RACExPOLIDEOLOGY :: Hispanic | Moderate,BENEFITSc_W54,2,"0.586996,0.413004"
RACExPOLIDEOLOGY,RACExPOLIDEOLOGY :: Mixed Race | Liberal,BENEFITSc_W54,2,"0.573678,0.426322"
RACExPOLIDEOLOGY,RACExPOLIDEOLOGY :: Mixed Race | Moderate,BENEFITSc_W54,2,"0.577495,0.422505"
RACExPOLIDEOLOGY,RACExPOLIDEOLOGY :: Refused | Moderate,BENEFITSc_W54,2,"0.556400,0.443600"
RACExPOLIDEOLOGY,RACExPOLIDEOLOGY :: White | Conservative,BENEFITSc_W54,2,"0.564098,0.435902"
RACExPOLIDEOLOGY,RACExPOLIDEOLOGY :: White | Liberal,BENEFITSc_W54,2,"0.562177,0.437824"
RACExPOLIDEOLOGY,RACExPOLIDEOLOGY :: White | Moderate,BENEFITSc_W54,2,"0.566019,0.433981"
RACExPOLIDEOLOGY,RACExPOLIDEOLOGY :: White | Refused,BENEFITSc_W54,2,"0.569853,0.430147"
RACExPOLIDEOLOGY,RACExPOLIDEOLOGY :: White | Very conservative,BENEFITSc_W54,2,"0.575588,0.424412"
RACExPOLIDEOLOGY,RACExPOLIDEOLOGY :: White | Very liberal,BENEFITSc_W54,2,"0.573678,0.426322"
RACExPOLIDEOLOGY,RACExPOLIDEOLOGY :: Asian | Conservative,CANQUALPOL_W92,4,"0.222136,0.167677,0.318195,0.291992"
RACExPOLIDEOLOGY,RACExPOLIDEOLOGY :: Asian | Liberal,CANQUALPOL_W92,4,"0.125593,0.152682,0.374951,0.346773"
RACExPOLIDEOLOGY,RACExPOLIDEOLOGY :: Asian | Moderate,CANQUALPOL_W92,4,"0.111393,0.147572,0.465334,0.275701"
RACExPOLIDEOLOGY,RACExPOLIDEOLOGY :: Black | Conservative,CANQUALPOL_W92,4,"0.149504,0.176158,0.350333,0.324005"
RACExPOLIDEOLOGY,RACExPOLIDEOLOGY :: Black | Liberal,CANQUALPOL_W92,4,"0.124855,0.193379,0.372748,0.309019"
RACExPOLIDEOLOGY,RACExPOLIDEOLOGY :: Black | Moderate,CANQUALPOL_W92,4,"0.103226,0.181166,0.469910,0.245698"
RACExPOLIDEOLOGY,RACExPOLIDEOLOGY :: Black | Very conservative,CANQUALPOL_W92,4,"0.124789,0.139213,0.297024,0.438974"
RACExPOLIDEOLOGY,RACExPOLIDEOLOGY :: Black | Very liberal,CANQUALPOL_W92,4,"0.133165,0.143986,0.250737,0.472112"
RACExPOLIDEOLOGY,RACExPOLIDEOLOGY :: Hispanic | Conservative,CANQUALPOL_W92,4,"0.145138,0.165753,0.362037,0.327073"
RACExPOLIDEOLOGY,RACExPOLIDEOLOGY :: Hispanic | Liberal,CANQUALPOL_W92,4,"0.107686,0.157912,0.400103,0.334299"
RACExPOLIDEOLOGY,RACExPOLIDEOLOGY :: Hispanic | Moderate,CANQUALPOL_W92,4,"0.096212,0.159872,0.496302,0.247614"
RACExPOLIDEOLOGY,RACExPOLIDEOLOGY :: Hispanic | Very conservative,CANQUALPOL_W92,4,"0.124446,0.134558,0.303231,0.437765"
RACExPOLIDEOLOGY,RACExPOLIDEOLOGY :: Hispanic | Very liberal,CANQUALPOL_W92,4,"0.137589,0.143070,0.261098,0.458242"
RACExPOLIDEOLOGY,RACExPOLIDEOLOGY :: Mixed Race | Conservative,CANQUALPOL_W92,4,"0.154974,0.164969,0.328080,0.351978"
RACExPOLIDEOLOGY,RACExPOLIDEOLOGY :: Mixed Race | Liberal,CANQUALPOL_W92,4,"0.117504,0.167006,0.361937,0.353553"
RACExPOLIDEOLOGY,RACExPOLIDEOLOGY :: Mixed Race | Moderate,CANQUALPOL_W92,4,"0.098548,0.165036,0.455680,0.280736"
RACExPOLIDEOLOGY,RACExPOLIDEOLOGY :: Refused | Conservative,CANQUALPOL_W92,4,"0.177259,0.185766,0.320975,0.315999"
RACExPOLIDEOLOGY,RACExPOLIDEOLOGY :: Refused | Moderate,CANQUALPOL_W92,4,"0.137140,0.199537,0.403077,0.260246"
RACExPOLIDEOLOGY,RACExPOLIDEOLOGY :: White | Conservative,CANQUALPOL_W92,4,"0.160855,0.163388,0.337879,0.337879"
RACExPOLIDEOLOGY,RACExPOLIDEOLOGY :: White | Liberal,CANQUALPOL_W92,4,"0.131601,0.168980,0.363363,0.336056"
RACExPOLIDEOLOGY,RACExPOLIDEOLOGY :: White | Moderate,CANQUALPOL_W92,4,"0.116096,0.174281,0.452051,0.257571"
RACExPOLIDEOLOGY,RACExPOLIDEOLOGY :: White | Refused,CANQUALPOL_W92,4,"0.144100,0.172466,0.335044,0.348390"
RACExPOLIDEOLOGY,RACExPOLIDEOLOGY :: White | Very conservative,CANQUALPOL_W92,4,"0.152509,0.137780,0.261461,0.448249"
RACExPOLIDEOLOGY,RACExPOLIDEOLOGY :: White | Very liberal,CANQUALPOL_W92,4,"0.161587,0.148280,0.236951,0.453181"
RACExPOLIDEOLOGY,RACExPOLIDEOLOGY :: Asian | Liberal,CITYSIZE_W32,3,"0.367029,0.309069,0.323902"
RACExPOLIDEOLOGY,RACExPOLIDEOLOGY :: Asian | Moderate,CITYSIZE_W32,3,"0.338453,0.341107,0.320440"
RACExPOLIDEOLOGY,RACExPOLIDEOLOGY :: Black | Conservative,CITYSIZE_W32,3,"0.343803,0.333225,0.322973"
RACExPOLIDEOLOGY,RACExPOLIDEOLOGY :: Black | Liberal,CITYSIZE_W32,3,"0.339435,0.331572,0.328992"
RACExPOLIDEOLOGY,RACExPOLIDEOLOGY :: Black | Moderate,CITYSIZE_W32,3,"0.312599,0.359800,0.327601"
RACExPOLIDEOLOGY,RACExPOLIDEOLOGY :: Black | Very conservative,CITYSIZE_W32,3,"0.339353,0.321293,0.339353"
RACExPOLIDEOLOGY,RACExPOLIDEOLOGY :: Black | Very liberal,CITYSIZE_W32,3,"0.340204,0.319592,0.340204"
RACExPOLIDEOLOGY,RACExPOLIDEOLOGY :: Hispanic | Conservative,CITYSIZE_W32,3,"0.342906,0.334963,0.322131"
RACExPOLIDEOLOGY,RACExPOLIDEOLOGY :: Hispanic | Liberal,CITYSIZE_W32,3,"0.336815,0.331593,0.331593"
RACExPOLIDEOLOGY,RACExPOLIDEOLOGY :: Hispanic | Moderate,CITYSIZE_W32,3,"0.311720,0.361601,0.326679"
RACExPOLIDEOLOGY,RACExPOLIDEOLOGY :: Hispanic | Very liberal,CITYSIZE_W32,3,"0.341148,0.322993,0.335859"
RACExPOLIDEOLOGY,RACExPOLIDEOLOGY :: Mixed Race | Moderate,CITYSIZE_W32,3,"0.315161,0.357124,0.327715"
RACExPOLIDEOLOGY,RACExPOLIDEOLOGY :: Other | Conservative,CITYSIZE_W32,3,"0.354454,0.327816,0.317730"
RACExPOLIDEOLOGY,RACExPOLIDEOLOGY :: Other | Moderate,CITYSIZE_W32,3,"0.330355,0.354419,0.315227"
RACExPOLIDEOLOGY,RACExPOLIDEOLOGY :: White | Conservative,CITYSIZE_W32,3,"0.353587,0.324469,0.321944"
RACExPOLIDEOLOGY,RACExPOLIDEOLOGY :: White | Liberal,CITYSIZE_W32,3,"0.351761,0.317790,0.330449"
RACExPOLIDEOLOGY,RACExPOLIDEOLOGY :: White | Moderate,CITYSIZE_W32,3,"0.327977,0.349130,0.322893"
RACExPOLIDEOLOGY,RACExPOLIDEOLOGY :: White | Refused,CITYSIZE_W32,3,"0.333225,0.322973,0.343803"
RACExPOLIDEOLOGY,RACExPOLIDEOLOGY :: White | Very conservative,CITYSIZE_W32,3,"0.357722,0.303594,0.338684"
RACExPOLIDEOLOGY,RACExPOLIDEOLOGY :: White | Very liberal,CITYSIZE_W32,3,"0.357722,0.303594,0.338684"
RACExPOLIDEOLOGY,RACExPOLIDEOLOGY :: Asian | Liberal,COMMIMPA_W32,4,"0.706235,0.185677,0.081753,0.026335"
RACExPOLIDEOLOGY,RACExPOLIDEOLOGY :: Asian | Moderate,COMMIMPA_W32,4,"0.692469,0.195320,0.089424,0.022787"
RACExPOLIDEOLOGY,RACExPOLIDEOLOGY :: Black | Conservative,COMMIMPA_W32,4,"0.577801,0.258408,0.119236,0.044555"
RACExPOLIDEOLOGY,RACExPOLIDEOLOGY :: Black | Liberal,COMMIMPA_W32,4,"0.606246,0.258714,0.102909,0.032130"
RACExPOLIDEOLOGY,RACExPOLIDEOLOGY :: Black | Moderate,COMMIMPA_W32,4,"0.595744,0.270629,0.105980,0.027647"
RACExPOLIDEOLOGY,RACExPOLIDEOLOGY :: Black | Very conservative,COMMIMPA_W32,4,"0.674456,0.197817,0.088469,0.039258"
RACExPOLIDEOLOGY,RACExPOLIDEOLOGY :: Black | Very liberal,COMMIMPA_W32,4,"0.666899,0.200239,0.087478,0.045383"
RACExPOLIDEOLOGY,RACExPOLIDEOLOGY :: Hispanic | Conservative,COMMIMPA_W32,4,"0.574301,0.252861,0.127147,0.045691"
RACExPOLIDEOLOGY,RACExPOLIDEOLOGY :: Hispanic | Liberal,COMMIMPA_W32,4,"0.621283,0.241405,0.104641,0.032671"
RACExPOLIDEOLOGY,RACExPOLIDEOLOGY :: Hispanic | Moderate,COMMIMPA_W32,4,"0.614632,0.260251,0.100336,0.024781"
RACExPOLIDEOLOGY,RACExPOLIDEOLOGY :: Hispanic | Very liberal,COMMIMPA_W32,4,"0.641033,0.206494,0.099854,0.052619"
RACExPOLIDEOLOGY,RACExPOLIDEOLOGY :: Mixed Race | Moderate,COMMIMPA_W32,4,"0.612301,0.255245,0.097640,0.034815"
RACExPOLIDEOLOGY,RACExPOLIDEOLOGY :: Other | Conservative,COMMIMPA_W32,4,"0.581254,0.246119,0.121838,0.050789"
RACExPOLIDEOLOGY,RACExPOLIDEOLOGY :: Other | Moderate,COMMIMPA_W32,4,"0.587349,0.262679,0.113863,0.036110"
RACExPOLIDEOLOGY,RACExPOLIDEOLOGY :: White | Conservative,COMMIMPA_W32,4,"0.573201,0.254356,0.118287,0.054156"
RACExPOLIDEOLOGY,RACExPOLIDEOLOGY :: White | Liberal,COMMIMPA_W32,4,"0.602547,0.249224,0.103892,0.044336"
RACExPOLIDEOLOGY,RACExPOLIDEOLOGY :: White | Moderate,COMMIMPA_W32,4,"0.591200,0.268565,0.102735,0.037500"
RACExPOLIDEOLOGY,RACExPOLIDEOLOGY :: White | Refused,COMMIMPA_W32,4,"0.518735,0.269116,0.121300,0.090850"
RACExPOLIDEOLOGY,RACExPOLIDEOLOGY :: White | Very conservative,COMMIMPA_W32,4,"0.643678,0.197850,0.097181,0.061291"
RACExPOLIDEOLOGY,RACExPOLIDEOLOGY :: White | Very liberal,COMMIMPA_W32,4,"0.617105,0.206704,0.100740,0.075451"
RACExPOLIDEOLOGY,RACExPOLIDEOLOGY :: Asian | Liberal,COMMIMPD_W32,4,"0.369149,0.247835,0.243993,0.139023"
RACExPOLIDEOLOGY,RACExPOLIDEOLOGY :: Asian | Moderate,COMMIMPD_W32,4,"0.327156,0.271222,0.275493,0.126130"
RACExPOLIDEOLOGY,RACExPOLIDEOLOGY :: Black | Conservative,COMMIMPD_W32,4,"0.384673,0.246431,0.236990,0.131905"
RACExPOLIDEOLOGY,RACExPOLIDEOLOGY :: Black | Liberal,COMMIMPD_W32,4,"0.341687,0.272416,0.249983,0.135914"
RACExPOLIDEOLOGY,RACExPOLIDEOLOGY :: Black | Moderate,COMMIMPD_W32,4,"0.289539,0.291810,0.285050,0.133600"
RACExPOLIDEOLOGY,RACExPOLIDEOLOGY :: Black | Very conservative,COMMIMPD_W32,4,"0.449770,0.202727,0.212457,0.135046"
RACExPOLIDEOLOGY,RACExPOLIDEOLOGY :: Black | Very liberal,COMMIMPD_W32,4,"0.411032,0.214913,0.206680,0.167375"
RACExPOLIDEOLOGY,RACExPOLIDEOLOGY :: Hispanic | Conservative,COMMIMPD_W32,4,"0.375824,0.246471,0.242650,0.135055"
RACExPOLIDEOLOGY,RACExPOLIDEOLOGY :: Hispanic | Liberal,COMMIMPD_W32,4,"0.329017,0.266446,0.256238,0.148299"
RACExPOLIDEOLOGY,RACExPOLIDEOLOGY :: Hispanic | Moderate,COMMIMPD_W32,4,"0.294095,0.294095,0.287282,0.124528"
RACExPOLIDEOLOGY,RACExPOLIDEOLOGY :: Hispanic | Very liberal,COMMIMPD_W32,4,"0.395290,0.216601,0.209937,0.178171"
RACExPOLIDEOLOGY,RACExPOLIDEOLOGY :: Mixed Race | Moderate,COMMIMPD_W32,4,"0.296734,0.287604,0.276586,0.139076"
RACExPOLIDEOLOGY,RACExPOLIDEOLOGY :: Other | Conservative,COMMIMPD_W32,4,"0.403193,0.240757,0.226171,0.129879"
RACExPOLIDEOLOGY,RACExPOLIDEOLOGY :: Other | Moderate,COMMIMPD_W32,4,"0.323678,0.283422,0.262122,0.130778"
RACExPOLIDEOLOGY,RACExPOLIDEOLOGY :: White | Conservative,COMMIMPD_W32,4,"0.381592,0.242555,0.233263,0.142591"
RACExPOLIDEOLOGY,RACExPOLIDEOLOGY :: White | Liberal,COMMIMPD_W32,4,"0.338367,0.257416,0.245628,0.158589"
RACExPOLIDEOLOGY,RACExPOLIDEOLOGY :: White | Moderate,COMMIMPD_W32,4,"0.309247,0.279381,0.268678,0.142694"
RACExPOLIDEOLOGY,RACExPOLIDEOLOGY :: White | Refused,COMMIMPD_W32,4,"0.318715,0.242465,0.242465,0.196354"
RACExPOLIDEOLOGY,RACExPOLIDEOLOGY :: White | Very conservative,COMMIMPD_W32,4,"0.443687,0.196885,0.199985,0.159442"
RACExPOLIDEOLOGY,RACExPOLIDEOLOGY :: White | Very liberal,COMMIMPD_W32,4,"0.410404,0.206364,0.193861,0.189370"
RACExPOLIDEOLOGY,RACExPOLIDEOLOGY :: Asian | Liberal,COMMYRS_W32,5,"0.128164,0.157030,0.195427,0.239442,0.279936"
RACExPOLIDEOLOGY,RACExPOLIDEOLOGY :: Asian | Moderate,COMMYRS_W32,5,"0.110319,0.140550,0.204499,0.244753,0.299878"
RACExPOLIDEOLOGY,RACExPOLIDEOLOGY :: Black | Conservative,COMMYRS_W32,5,"0.142996,0.158282,0.192422,0.228507,0.277794"
RACExPOLIDEOLOGY,RACExPOLIDEOLOGY :: Black | Liberal,COMMYRS_W32,5,"0.125103,0.175051,0.196815,0.231905,0.271125"
RACExPOLIDEOLOGY,RACExPOLIDEOLOGY :: Black | Moderate,COMMYRS_W32,5,"0.107086,0.157031,0.206414,0.245122,0.284347"
RACExPOLIDEOLOGY,RACExPOLIDEOLOGY :: Black | Very conservative,COMMYRS_W32,5,"0.119997,0.141391,0.167906,0.236785,0.333921"
RACExPOLIDEOLOGY,RACExPOLIDEOLOGY :: Black | Very liberal,COMMYRS_W32,5,"0.135426,0.153458,0.167229,0.221543,0.322343"
RACExPOLIDEOLOGY,RACExPOLIDEOLOGY :: Hispanic | Conservative,COMMYRS_W32,5,"0.144126,0.147543,0.190935,0.228520,0.288876"
RACExPOLIDEOLOGY,RACExPOLIDEOLOGY :: Hispanic | Liberal,COMMYRS_W32,5,"0.120969,0.155328,0.193308,0.242463,0.287932"
RACExPOLIDEOLOGY,RACExPOLIDEOLOGY :: Hispanic | Moderate,COMMYRS_W32,5,"0.104665,0.145313,0.203329,0.241459,0.305233"
RACExPOLIDEOLOGY,RACExPOLIDEOLOGY :: Hispanic | Very liberal,COMMYRS_W32,5,"0.138220,0.142608,0.166725,0.220875,0.331572"
RACExPOLIDEOLOGY,RACExPOLIDEOLOGY :: Mixed Race | Moderate,COMMYRS_W32,5,"0.104641,0.146419,0.198573,0.245205,0.305163"
RACExPOLIDEOLOGY,RACExPOLIDEOLOGY :: Other | Conservative,COMMYRS_W32,5,"0.151291,0.144363,0.175501,0.218415,0.310430"
RACExPOLIDEOLOGY,RACExPOLIDEOLOGY :: Other | Moderate,COMMYRS_W32,5,"0.109986,0.143449,0.191530,0.229231,0.325803"
RACExPOLIDEOLOGY,RACExPOLIDEOLOGY :: White | Conservative,COMMYRS_W32,5,"0.148820,0.133401,0.157185,0.219942,0.340652"
RACExPOLIDEOLOGY,RACExPOLIDEOLOGY :: White | Liberal,COMMYRS_W32,5,"0.126787,0.149392,0.162798,0.229582,0.331441"
RACExPOLIDEOLOGY,RACExPOLIDEOLOGY :: White | Moderate,COMMYRS_W32,5,"0.108267,0.131619,0.170328,0.229201,0.360584"
RACExPOLIDEOLOGY,RACExPOLIDEOLOGY :: White | Refused,COMMYRS_W32,5,"0.130146,0.140721,0.153349,0.230205,0.345578"
RACExPOLIDEOLOGY,RACExPOLIDEOLOGY :: White | Very conservative,COMMYRS_W32,5,"0.128446,0.118793,0.129453,0.215107,0.408201"
RACExPOLIDEOLOGY,RACExPOLIDEOLOGY :: White | Very liberal,COMMYRS_W32,5,"0.146483,0.130284,0.132336,0.204966,0.385931"
RACExPOLIDEOLOGY,RACExPOLIDEOLOGY :: Asian | Liberal,DEBTb_W54,2,"0.653127,0.346873"
RACExPOLIDEOLOGY,RACExPOLIDEOLOGY :: Asian | Moderate,DEBTb_W54,2,"0.679179,0.320821"
RACExPOLIDEOLOGY,RACExPOLIDEOLOGY :: Black | Conservative,DEBTb_W54,2,"0.603932,0.396068"
RACExPOLIDEOLOGY,RACExPOLIDEOLOGY :: Black | Liberal,DEBTb_W54,2,"0.577495,0.422505"
RACExPOLIDEOLOGY,RACExPOLIDEOLOGY :: Black | Moderate,DEBTb_W54,2,"0.585101,0.414899"
RACExPOLIDEOLOGY,RACExPOLIDEOLOGY :: Black | Very conservative,DEBTb_W54,2,"0.583203,0.416797"
RACExPOLIDEOLOGY,RACExPOLIDEOLOGY :: Black | Very liberal,DEBTb_W54,2,"0.558327,0.441673"
RACExPOLIDEOLOGY,RACExPOLIDEOLOGY :: Hispanic | Conservative,DEBTb_W54,2,"0.626124,0.373876"
RACExPOLIDEOLOGY,RACExPOLIDEOLOGY :: Hispanic | Liberal,DEBTb_W54,2,"0.602062,0.397938"
RACExPOLIDEOLOGY,RACExPOLIDEOLOGY :: Hispanic | Moderate,DEBTb_W54,2,"0.642432,0.357568"
RACExPOLIDEOLOGY,RACExPOLIDEOLOGY :: Mixed Race | Liberal,DEBTb_W54,2,"0.598312,0.401688"
RACExPOLIDEOLOGY,RACExPOLIDEOLOGY :: Mixed Race | Moderate,DEBTb_W54,2,"0.629775,0.370225"
RACExPOLIDEOLOGY,RACExPOLIDEOLOGY :: Refused | Moderate,DEBTb_W54,2,"0.564098,0.435902"
RACExPOLIDEOLOGY,RACExPOLIDEOLOGY :: White | Conservative,DEBTb_W54,2,"0.611382,0.388618"
RACExPOLIDEOLOGY,RACExPOLIDEOLOGY :: White | Liberal,DEBTb_W54,2,"0.577495,0.422505"
RACExPOLIDEOLOGY,RACExPOLIDEOLOGY :: White | Moderate,DEBTb_W54,2,"0.611382,0.388618"
RACExPOLIDEOLOGY,RACExPOLIDEOLOGY :: White | Refused,DEBTb_W54,2,"0.586996,0.413004"
RACExPOLIDEOLOGY,RACExPOLIDEOLOGY :: White | Very conservative,DEBTb_W54,2,"0.615088,0.384912"
RACExPOLIDEOLOGY,RACExPOLIDEOLOGY :: White | Very liberal,DEBTb_W54,2,"0.590779,0.409221"
RACExPOLIDEOLOGY,RACExPOLIDEOLOGY :: Asian | Conservative,DNA2a_W50,2,"0.734120,0.265880"
RACExPOLIDEOLOGY,RACExPOLIDEOLOGY :: Asian | Liberal,DNA2a_W50,2,"0.692642,0.307358"
RACExPOLIDEOLOGY,RACExPOLIDEOLOGY :: Asian | Moderate,DNA2a_W50,2,"0.674050,0.325950"
RACExPOLIDEOLOGY,RACExPOLIDEOLOGY :: Asian | Very liberal,DNA2a_W50,2,"0.646014,0.353986"
RACExPOLIDEOLOGY,RACExPOLIDEOLOGY :: Black | Conservative,DNA2a_W50,2,"0.600188,0.399812"
RACExPOLIDEOLOGY,RACExPOLIDEOLOGY :: Black | Liberal,DNA2a_W50,2,"0.620622,0.379378"
RACExPOLIDEOLOGY,RACExPOLIDEOLOGY :: Black | Moderate,DNA2a_W50,2,"0.598312,0.401688"
RACExPOLIDEOLOGY,RACExPOLIDEOLOGY :: Black | Refused,DNA2a_W50,2,"0.579400,0.420600"
RACExPOLIDEOLOGY,RACExPOLIDEOLOGY :: Black | Very conservative,DNA2a_W50,2,"0.596433,0.403567"
RACExPOLIDEOLOGY,RACExPOLIDEOLOGY :: Black | Very liberal,DNA2a_W50,2,"0.581303,0.418697"
RACExPOLIDEOLOGY,RACExPOLIDEOLOGY :: Hispanic | Conservative,DNA2a_W50,2,"0.613237,0.386763"
RACExPOLIDEOLOGY,RACExPOLIDEOLOGY :: Hispanic | Liberal,DNA2a_W50,2,"0.620622,0.379378"
RACExPOLIDEOLOGY,RACExPOLIDEOLOGY :: Hispanic | Moderate,DNA2a_W50,2,"0.631594,0.368406"
RACExPOLIDEOLOGY,RACExPOLIDEOLOGY :: Hispanic | Very liberal,DNA2a_W50,2,"0.590779,0.409221"
RACExPOLIDEOLOGY,RACExPOLIDEOLOGY :: Mixed Race | Conservative,DNA2a_W50,2,"0.618780,0.381220"
RACExPOLIDEOLOGY,RACExPOLIDEOLOGY :: Mixed Race | Liberal,DNA2a_W50,2,"0.618780,0.381220"
RACExPOLIDEOLOGY,RACExPOLIDEOLOGY :: Mixed Race | Moderate,DNA2a_W50,2,"0.618780,0.381220"
RACExPOLIDEOLOGY,RACExPOLIDEOLOGY :: Refused | Moderate,DNA2a_W50,2,"0.552540,0.447460"
RACExPOLIDEOLOGY,RACExPOLIDEOLOGY :: White | Conservative,DNA2a_W50,2,"0.602062,0.397938"
RACExPOLIDEOLOGY,RACExPOLIDEOLOGY :: White | Liberal,DNA2a_W50,2,"0.605799,0.394201"
RACExPOLIDEOLOGY,RACExPOLIDEOLOGY :: White | Moderate,DNA2a_W50,2,"0.607663,0.392337"
RACExPOLIDEOLOGY,RACExPOLIDEOLOGY :: White | Refused,DNA2a_W50,2,"0.586996,0.413004"
RACExPOLIDEOLOGY,RACExPOLIDEOLOGY :: White | Very conservative,DNA2a_W50,2,"0.603932,0.396068"
RACExPOLIDEOLOGY,RACExPOLIDEOLOGY :: White | Very liberal,DNA2a_W50,2,"0.588889,0.411111"
RACExPOLIDEOLOGY,RACExPOLIDEOLOGY :: Asian | Conservative,DNATEST_W50,2,"0.665411,0.334589"
RACExPOLIDEOLOGY,RACExPOLIDEOLOGY :: Asian | Liberal,DNATEST_W50,2,"0.633410,0.366590"
RACExPOLIDEOLOGY,RACExPOLIDEOLOGY :: Asian | Moderate,DNATEST_W50,2,"0.640636,0.359364"
RACExPOLIDEOLOGY,RACExPOLIDEOLOGY :: Asian | Very liberal,DNATEST_W50,2,"0.633410,0.366590"
RACExPOLIDEOLOGY,RACExPOLIDEOLOGY :: Black | Conservative,DNATEST_W50,2,"0.558327,0.441673"
RACExPOLIDEOLOGY,RACExPOLIDEOLOGY :: Black | Liberal,DNATEST_W50,2,"0.588889,0.411111"
RACExPOLIDEOLOGY,RACExPOLIDEOLOGY :: Black | Moderate,DNATEST_W50,2,"0.575588,0.424412"
RACExPOLIDEOLOGY,RACExPOLIDEOLOGY :: Black | Refused,DNATEST_W50,2,"0.567937,0.432063"
RACExPOLIDEOLOGY,RACExPOLIDEOLOGY :: Black | Very conservative,DNATEST_W50,2,"0.579400,0.420600"
RACExPOLIDEOLOGY,RACExPOLIDEOLOGY :: Black | Very liberal,DNATEST_W50,2,"0.571767,0.428233"
RACExPOLIDEOLOGY,RACExPOLIDEOLOGY :: Hispanic | Conservative,DNATEST_W50,2,"0.577495,0.422505"
RACExPOLIDEOLOGY,RACExPOLIDEOLOGY :: Hispanic | Liberal,DNATEST_W50,2,"0.588889,0.411111"
RACExPOLIDEOLOGY,RACExPOLIDEOLOGY :: Hispanic | Moderate,DNATEST_W50,2,"0.631594,0.368406"
RACExPOLIDEOLOGY,RACExPOLIDEOLOGY :: Hispanic | Very liberal,DNATEST_W50,2,"0.586996,0.413004"
RACExPOLIDEOLOGY,RACExPOLIDEOLOGY :: Mixed Race | Conservative,DNATEST_W50,2,"0.594551,0.405449"
RACExPOLIDEOLOGY,RACExPOLIDEOLOGY :: Mixed Race | Liberal,DNATEST_W50,2,"0.592667,0.407333"
RACExPOLIDEOLOGY,RACExPOLIDEOLOGY :: Mixed Race | Moderate,DNATEST_W50,2,"0.618780,0.381220"
RACExPOLIDEOLOGY,RACExPOLIDEOLOGY :: Refused | Moderate,DNATEST_W50,2,"0.564098,0.435902"
RACExPOLIDEOLOGY,RACExPOLIDEOLOGY :: White | Conservative,DNATEST_W50,2,"0.590779,0.409221"
RACExPOLIDEOLOGY,RACExPOLIDEOLOGY :: White | Liberal,DNATEST_W50,2,"0.585101,0.414899"
RACExPOLIDEOLOGY,RACExPOLIDEOLOGY :: White | Moderate,DNATEST_W50,2,"0.607663,0.392337"
RACExPOLIDEOLOGY,RACExPOLIDEOLOGY :: White | Refused,DNATEST_W50,2,"0.598312,0.401688"
RACExPOLIDEOLOGY,RACExPOLIDEOLOGY :: White | Very conservative,DNATEST_W50,2,"0.615088,0.384912"
RACExPOLIDEOLOGY,RACExPOLIDEOLOGY :: White | Very liberal,DNATEST_W50,2,"0.609524,0.390476"
RACExPOLIDEOLOGY,RACExPOLIDEOLOGY :: Asian | Conservative,E5MOD_W50,3,"0.423836,0.277958,0.298206"
RACExPOLIDEOLOGY,RACExPOLIDEOLOGY :: Asian | Liberal,E5MOD_W50,3,"0.373252,0.299917,0.326831"
RACExPOLIDEOLOGY,RACExPOLIDEOLOGY :: Asian | Moderate,E5MOD_W50,3,"0.372491,0.306402,0.321107"
RACExPOLIDEOLOGY,RACExPOLIDEOLOGY :: Asian | Very liberal,E5MOD_W50,3,"0.315082,0.325084,0.359835"
RACExPOLIDEOLOGY,RACExPOLIDEOLOGY :: Black | Conservative,E5MOD_W50,3,"0.347357,0.323772,0.328871"
RACExPOLIDEOLOGY,RACExPOLIDEOLOGY :: Black | Liberal,E5MOD_W50,3,"0.339299,0.318742,0.341960"
RACExPOLIDEOLOGY,RACExPOLIDEOLOGY :: Black | Moderate,E5MOD_W50,3,"0.337686,0.332451,0.329863"
RACExPOLIDEOLOGY,RACExPOLIDEOLOGY :: Black | Refused,E5MOD_W50,3,"0.278196,0.335568,0.386236"
RACExPOLIDEOLOGY,RACExPOLIDEOLOGY :: Black | Very conservative,E5MOD_W50,3,"0.309323,0.331855,0.358821"
RACExPOLIDEOLOGY,RACExPOLIDEOLOGY :: Black | Very liberal,E5MOD_W50,3,"0.288661,0.334853,0.376485"
RACExPOLIDEOLOGY,RACExPOLIDEOLOGY :: Hispanic | Conservative,E5MOD_W50,3,"0.341189,0.328119,0.330692"
RACExPOLIDEOLOGY,RACExPOLIDEOLOGY :: Hispanic | Liberal,E5MOD_W50,3,"0.336753,0.323852,0.339394"
RACExPOLIDEOLOGY,RACExPOLIDEOLOGY :: Hispanic | Moderate,E5MOD_W50,3,"0.331572,0.328992,0.339435"
RACExPOLIDEOLOGY,RACExPOLIDEOLOGY :: Hispanic | Very liberal,E5MOD_W50,3,"0.283273,0.344372,0.372355"
RACExPOLIDEOLOGY,RACExPOLIDEOLOGY :: Mixed Race | Conservative,E5MOD_W50,3,"0.335900,0.325565,0.338535"
RACExPOLIDEOLOGY,RACExPOLIDEOLOGY :: Mixed Race | Liberal,E5MOD_W50,3,"0.325365,0.322833,0.351803"
RACExPOLIDEOLOGY,RACExPOLIDEOLOGY :: Mixed Race | Moderate,E5MOD_W50,3,"0.318742,0.339299,0.341960"
RACExPOLIDEOLOGY,RACExPOLIDEOLOGY :: Refused | Moderate,E5MOD_W50,3,"0.298726,0.354746,0.346528"
RACExPOLIDEOLOGY,RACExPOLIDEOLOGY :: White | Conservative,E5MOD_W50,3,"0.350852,0.316968,0.332180"
RACExPOLIDEOLOGY,RACExPOLIDEOLOGY :: White | Liberal,E5MOD_W50,3,"0.346394,0.317869,0.335737"
RACExPOLIDEOLOGY,RACExPOLIDEOLOGY :: White | Moderate,E5MOD_W50,3,"0.346477,0.325485,0.328038"
RACExPOLIDEOLOGY,RACExPOLIDEOLOGY :: White | Refused,E5MOD_W50,3,"0.294639,0.321079,0.384282"
RACExPOLIDEOLOGY,RACExPOLIDEOLOGY :: White | Very conservative,E5MOD_W50,3,"0.317572,0.322573,0.359856"
RACExPOLIDEOLOGY,RACExPOLIDEOLOGY :: White | Very liberal,E5MOD_W50,3,"0.297406,0.326637,0.375957"
RACExPOLIDEOLOGY,RACExPOLIDEOLOGY :: Asian | Liberal,ECIMPa_W54,3,"0.509474,0.292566,0.197960"
RACExPOLIDEOLOGY,RACExPOLIDEOLOGY :: Asian | Moderate,ECIMPa_W54,3,"0.418659,0.339040,0.242301"
RACExPOLIDEOLOGY,RACExPOLIDEOLOGY :: Black | Conservative,ECIMPa_W54,3,"0.506951,0.305089,0.187960"
RACExPOLIDEOLOGY,RACExPOLIDEOLOGY :: Black | Liberal,ECIMPa_W54,3,"0.473778,0.305894,0.220327"
RACExPOLIDEOLOGY,RACExPOLIDEOLOGY :: Black | Moderate,ECIMPa_W54,3,"0.398222,0.340617,0.261160"
RACExPOLIDEOLOGY,RACExPOLIDEOLOGY :: Black | Very conservative,ECIMPa_W54,3,"0.536752,0.276296,0.186951"
RACExPOLIDEOLOGY,RACExPOLIDEOLOGY :: Black | Very liberal,ECIMPa_W54,3,"0.537810,0.270428,0.191762"
RACExPOLIDEOLOGY,RACExPOLIDEOLOGY :: Hispanic | Conservative,ECIMPa_W54,3,"0.497643,0.308994,0.193363"
RACExPOLIDEOLOGY,RACExPOLIDEOLOGY :: Hispanic | Liberal,ECIMPa_W54,3,"0.477811,0.308498,0.213690"
RACExPOLIDEOLOGY,RACExPOLIDEOLOGY :: Hispanic | Moderate,ECIMPa_W54,3,"0.410061,0.337307,0.252631"
RACExPOLIDEOLOGY,RACExPOLIDEOLOGY :: Mixed Race | Liberal,ECIMPa_W54,3,"0.464051,0.311549,0.224400"
RACExPOLIDEOLOGY,RACExPOLIDEOLOGY :: Mixed Race | Moderate,ECIMPa_W54,3,"0.382828,0.354058,0.263114"
RACExPOLIDEOLOGY,RACExPOLIDEOLOGY :: Refused | Moderate,ECIMPa_W54,3,"0.371693,0.341085,0.287222"
RACExPOLIDEOLOGY,RACExPOLIDEOLOGY :: White | Conservative,ECIMPa_W54,3,"0.472383,0.319630,0.207987"
RACExPOLIDEOLOGY,RACExPOLIDEOLOGY :: White | Liberal,ECIMPa_W54,3,"0.450253,0.314327,0.235420"
RACExPOLIDEOLOGY,RACExPOLIDEOLOGY :: White | Moderate,ECIMPa_W54,3,"0.382771,0.345804,0.271425"
RACExPOLIDEOLOGY,RACExPOLIDEOLOGY :: White | Refused,ECIMPa_W54,3,"0.406249,0.318869,0.274882"
RACExPOLIDEOLOGY,RACExPOLIDEOLOGY :: White | Very conservative,ECIMPa_W54,3,"0.508090,0.285013,0.206897"
RACExPOLIDEOLOGY,RACExPOLIDEOLOGY :: White | Very liberal,ECIMPa_W54,3,"0.493587,0.285667,0.220746"
RACExPOLIDEOLOGY,RACExPOLIDEOLOGY :: Asian | Liberal,ECIMPb_W54,3,"0.736093,0.112005,0.151901"
RACExPOLIDEOLOGY,RACExPOLIDEOLOGY :: Asian | Moderate,ECIMPb_W54,3,"0.651426,0.141986,0.206588"
RACExPOLIDEOLOGY,RACExPOLIDEOLOGY :: Black | Conservative,ECIMPb_W54,3,"0.682508,0.147603,0.169890"
RACExPOLIDEOLOGY,RACExPOLIDEOLOGY :: Black | Liberal,ECIMPb_W54,3,"0.682101,0.134314,0.183585"
RACExPOLIDEOLOGY,RACExPOLIDEOLOGY :: Black | Moderate,ECIMPb_W54,3,"0.606213,0.161890,0.231897"
RACExPOLIDEOLOGY,RACExPOLIDEOLOGY :: Black | Very conservative,ECIMPb_W54,3,"0.730821,0.106111,0.163068"
RACExPOLIDEOLOGY,RACExPOLIDEOLOGY :: Black | Very liberal,ECIMPb_W54,3,"0.765141,0.089966,0.144893"
RACExPOLIDEOLOGY,RACExPOLIDEOLOGY :: Hispanic | Conservative,ECIMPb_W54,3,"0.670898,0.148533,0.180570"
RACExPOLIDEOLOGY,RACExPOLIDEOLOGY :: Hispanic | Liberal,ECIMPb_W54,3,"0.678704,0.135749,0.185547"
RACExPOLIDEOLOGY,RACExPOLIDEOLOGY :: Hispanic | Moderate,ECIMPb_W54,3,"0.622557,0.150199,0.227244"
RACExPOLIDEOLOGY,RACExPOLIDEOLOGY :: Mixed Race | Liberal,ECIMPb_W54,3,"0.667175,0.143164,0.189661"
RACExPOLIDEOLOGY,RACExPOLIDEOLOGY :: Mixed Race | Moderate,ECIMPb_W54,3,"0.594513,0.169005,0.236481"
RACExPOLIDEOLOGY,RACExPOLIDEOLOGY :: Refused | Moderate,ECIMPb_W54,3,"0.526148,0.209287,0.264564"
RACExPOLIDEOLOGY,RACExPOLIDEOLOGY :: White | Conservative,ECIMPb_W54,3,"0.668685,0.152742,0.178573"
RACExPOLIDEOLOGY,RACExPOLIDEOLOGY :: White | Liberal,ECIMPb_W54,3,"0.670119,0.143796,0.186085"
RACExPOLIDEOLOGY,RACExPOLIDEOLOGY :: White | Moderate,ECIMPb_W54,3,"0.592935,0.171211,0.235853"
RACExPOLIDEOLOGY,RACExPOLIDEOLOGY :: White | Refused,ECIMPb_W54,3,"0.611853,0.155914,0.232233"
RACExPOLIDEOLOGY,RACExPOLIDEOLOGY :: White | Very conservative,ECIMPb_W54,3,"0.718995,0.112876,0.168129"
RACExPOLIDEOLOGY,RACExPOLIDEOLOGY :: White | Very liberal,ECIMPb_W54,3,"0.727736,0.107327,0.164937"
RACExPOLIDEOLOGY,RACExPOLIDEOLOGY :: Asian | Liberal,ECIMPd_W54,3,"0.686409,0.155570,0.158020"
RACExPOLIDEOLOGY,RACExPOLIDEOLOGY :: Asian | Moderate,ECIMPd_W54,3,"0.603426,0.192867,0.203708"
RACExPOLIDEOLOGY,RACExPOLIDEOLOGY :: Black | Conservative,ECIMPd_W54,3,"0.629931,0.195144,0.174926"
RACExPOLIDEOLOGY,RACExPOLIDEOLOGY :: Black | Liberal,ECIMPd_W54,3,"0.643810,0.176008,0.180182"
RACExPOLIDEOLOGY,RACExPOLIDEOLOGY :: Black | Moderate,ECIMPd_W54,3,"0.565364,0.207986,0.226650"
RACExPOLIDEOLOGY,RACExPOLIDEOLOGY :: Black | Very conservative,ECIMPd_W54,3,"0.670918,0.158117,0.170965"
RACExPOLIDEOLOGY,RACExPOLIDEOLOGY :: Black | Very liberal,ECIMPd_W54,3,"0.716310,0.133543,0.150147"
RACExPOLIDEOLOGY,RACExPOLIDEOLOGY :: Hispanic | Conservative,ECIMPd_W54,3,"0.615485,0.198264,0.186251"
RACExPOLIDEOLOGY,RACExPOLIDEOLOGY :: Hispanic | Liberal,ECIMPd_W54,3,"0.635660,0.177901,0.186439"
RACExPOLIDEOLOGY,RACExPOLIDEOLOGY :: Hispanic | Moderate,ECIMPd_W54,3,"0.579564,0.198733,0.221703"
RACExPOLIDEOLOGY,RACExPOLIDEOLOGY :: Mixed Race | Liberal,ECIMPd_W54,3,"0.625700,0.184957,0.189343"
RACExPOLIDEOLOGY,RACExPOLIDEOLOGY :: Mixed Race | Moderate,ECIMPd_W54,3,"0.558793,0.215434,0.225773"
RACExPOLIDEOLOGY,RACExPOLIDEOLOGY :: Refused | Moderate,ECIMPd_W54,3,"0.492722,0.251658,0.255621"
RACExPOLIDEOLOGY,RACExPOLIDEOLOGY :: White | Conservative,ECIMPd_W54,3,"0.595704,0.212405,0.191892"
RACExPOLIDEOLOGY,RACExPOLIDEOLOGY :: White | Liberal,ECIMPd_W54,3,"0.607246,0.197144,0.195610"
RACExPOLIDEOLOGY,RACExPOLIDEOLOGY :: White | Moderate,ECIMPd_W54,3,"0.540474,0.227070,0.232455"
RACExPOLIDEOLOGY,RACExPOLIDEOLOGY :: White | Refused,ECIMPd_W54,3,"0.544050,0.216408,0.239542"
RACExPOLIDEOLOGY,RACExPOLIDEOLOGY :: White | Very conservative,ECIMPd_W54,3,"0.633885,0.180198,0.185918"
RACExPOLIDEOLOGY,RACExPOLIDEOLOGY :: White | Very liberal,ECIMPd_W54,3,"0.649042,0.169313,0.181646"
RACExPOLIDEOLOGY,RACExPOLIDEOLOGY :: Asian | Liberal,ECIMPg_W54,3,"0.778242,0.114775,0.106982"
RACExPOLIDEOLOGY,RACExPOLIDEOLOGY :: Asian | Moderate,ECIMPg_W54,3,"0.677052,0.164627,0.158321"
RACExPOLIDEOLOGY,RACExPOLIDEOLOGY :: Black | Conservative,ECIMPg_W54,3,"0.724275,0.151816,0.123909"
RACExPOLIDEOLOGY,RACExPOLIDEOLOGY :: Black | Liberal,ECIMPg_W54,3,"0.733599,0.138920,0.127480"
RACExPOLIDEOLOGY,RACExPOLIDEOLOGY :: Black | Moderate,ECIMPg_W54,3,"0.625700,0.189343,0.184957"
RACExPOLIDEOLOGY,RACExPOLIDEOLOGY :: Black | Very conservative,ECIMPg_W54,3,"0.759571,0.117398,0.123032"
RACExPOLIDEOLOGY,RACExPOLIDEOLOGY :: Black | Very liberal,ECIMPg_W54,3,"0.789269,0.098789,0.111942"
RACExPOLIDEOLOGY,RACExPOLIDEOLOGY :: Hispanic | Conservative,ECIMPg_W54,3,"0.705829,0.156266,0.137904"
RACExPOLIDEOLOGY,RACExPOLIDEOLOGY :: Hispanic | Liberal,ECIMPg_W54,3,"0.725278,0.139507,0.135215"
RACExPOLIDEOLOGY,RACExPOLIDEOLOGY :: Hispanic | Moderate,ECIMPg_W54,3,"0.645600,0.175124,0.179277"
RACExPOLIDEOLOGY,RACExPOLIDEOLOGY :: Mixed Race | Liberal,ECIMPg_W54,3,"0.711799,0.148040,0.140161"
RACExPOLIDEOLOGY,RACExPOLIDEOLOGY :: Mixed Race | Moderate,ECIMPg_W54,3,"0.610879,0.199879,0.189242"
RACExPOLIDEOLOGY,RACExPOLIDEOLOGY :: Refused | Moderate,ECIMPg_W54,3,"0.526789,0.243073,0.230137"
RACExPOLIDEOLOGY,RACExPOLIDEOLOGY :: White | Conservative,ECIMPg_W54,3,"0.689586,0.170316,0.140098"
RACExPOLIDEOLOGY,RACExPOLIDEOLOGY :: White | Liberal,ECIMPg_W54,3,"0.694529,0.159890,0.145581"
RACExPOLIDEOLOGY,RACExPOLIDEOLOGY :: White | Moderate,ECIMPg_W54,3,"0.596837,0.207879,0.195284"
RACExPOLIDEOLOGY,RACExPOLIDEOLOGY :: White | Refused,ECIMPg_W54,3,"0.620167,0.186208,0.193625"
RACExPOLIDEOLOGY,RACExPOLIDEOLOGY :: White | Very conservative,ECIMPg_W54,3,"0.725296,0.136279,0.138425"
RACExPOLIDEOLOGY,RACExPOLIDEOLOGY :: White | Very liberal,ECIMPg_W54,3,"0.732177,0.130251,0.137572"
RACExPOLIDEOLOGY,RACExPOLIDEOLOGY :: Asian | Liberal,ECIMPi_W54,3,"0.220869,0.497736,0.281395"
RACExPOLIDEOLOGY,RACExPOLIDEOLOGY :: Asian | Moderate,ECIMPi_W54,3,"0.181916,0.475555,0.342529"
RACExPOLIDEOLOGY,RACExPOLIDEOLOGY :: Black | Conservative,ECIMPi_W54,3,"0.233040,0.509007,0.257952"
RACExPOLIDEOLOGY,RACExPOLIDEOLOGY :: Black | Liberal,ECIMPi_W54,3,"0.209832,0.503361,0.286807"
RACExPOLIDEOLOGY,RACExPOLIDEOLOGY :: Black | Moderate,ECIMPi_W54,3,"0.181043,0.480725,0.338232"
RACExPOLIDEOLOGY,RACExPOLIDEOLOGY :: Black | Very conservative,ECIMPi_W54,3,"0.241499,0.499410,0.259091"
RACExPOLIDEOLOGY,RACExPOLIDEOLOGY :: Black | Very liberal,ECIMPi_W54,3,"0.248679,0.490708,0.260613"
RACExPOLIDEOLOGY,RACExPOLIDEOLOGY :: Hispanic | Conservative,ECIMPi_W54,3,"0.235370,0.506126,0.258504"
RACExPOLIDEOLOGY,RACExPOLIDEOLOGY :: Hispanic | Liberal,ECIMPi_W54,3,"0.216489,0.503353,0.280158"
RACExPOLIDEOLOGY,RACExPOLIDEOLOGY :: Hispanic | Moderate,ECIMPi_W54,3,"0.176044,0.489884,0.334072"
RACExPOLIDEOLOGY,RACExPOLIDEOLOGY :: Mixed Race | Liberal,ECIMPi_W54,3,"0.213468,0.492466,0.294065"
RACExPOLIDEOLOGY,RACExPOLIDEOLOGY :: Mixed Race | Moderate,ECIMPi_W54,3,"0.170851,0.486708,0.342442"
RACExPOLIDEOLOGY,RACExPOLIDEOLOGY :: Refused | Moderate,ECIMPi_W54,3,"0.219836,0.447563,0.332601"
RACExPOLIDEOLOGY,RACExPOLIDEOLOGY :: White | Conservative,ECIMPi_W54,3,"0.227768,0.497491,0.274741"
RACExPOLIDEOLOGY,RACExPOLIDEOLOGY :: White | Liberal,ECIMPi_W54,3,"0.223252,0.476331,0.300418"
RACExPOLIDEOLOGY,RACExPOLIDEOLOGY :: White | Moderate,ECIMPi_W54,3,"0.184279,0.463278,0.352443"
RACExPOLIDEOLOGY,RACExPOLIDEOLOGY :: White | Refused,ECIMPi_W54,3,"0.210198,0.459114,0.330688"
RACExPOLIDEOLOGY,RACExPOLIDEOLOGY :: White | Very conservative,ECIMPi_W54,3,"0.246412,0.478696,0.274892"
RACExPOLIDEOLOGY,RACExPOLIDEOLOGY :: White | Very liberal,ECIMPi_W54,3,"0.251735,0.463012,0.285253"
RACExPOLIDEOLOGY,RACExPOLIDEOLOGY :: Asian | Liberal,ECIMPj_W54,3,"0.692231,0.150880,0.156890"
RACExPOLIDEOLOGY,RACExPOLIDEOLOGY :: Asian | Moderate,ECIMPj_W54,3,"0.621962,0.183852,0.194186"
RACExPOLIDEOLOGY,RACExPOLIDEOLOGY :: Black | Conservative,ECIMPj_W54,3,"0.636330,0.191061,0.172609"
RACExPOLIDEOLOGY,RACExPOLIDEOLOGY :: Black | Liberal,ECIMPj_W54,3,"0.649139,0.172005,0.178857"
RACExPOLIDEOLOGY,RACExPOLIDEOLOGY :: Black | Moderate,ECIMPj_W54,3,"0.578825,0.203187,0.217988"
RACExPOLIDEOLOGY,RACExPOLIDEOLOGY :: Black | Very conservative,ECIMPj_W54,3,"0.681599,0.147406,0.170994"
RACExPOLIDEOLOGY,RACExPOLIDEOLOGY :: Black | Very liberal,ECIMPj_W54,3,"0.706209,0.133733,0.160058"
RACExPOLIDEOLOGY,RACExPOLIDEOLOGY :: Hispanic | Conservative,ECIMPj_W54,3,"0.623840,0.191753,0.184407"
RACExPOLIDEOLOGY,RACExPOLIDEOLOGY :: Hispanic | Liberal,ECIMPj_W54,3,"0.642818,0.173012,0.184170"
RACExPOLIDEOLOGY,RACExPOLIDEOLOGY :: Hispanic | Moderate,ECIMPj_W54,3,"0.596595,0.190683,0.212722"
RACExPOLIDEOLOGY,RACExPOLIDEOLOGY :: Mixed Race | Liberal,ECIMPj_W54,3,"0.632962,0.179935,0.187103"
RACExPOLIDEOLOGY,RACExPOLIDEOLOGY :: Mixed Race | Moderate,ECIMPj_W54,3,"0.570316,0.209808,0.219876"
RACExPOLIDEOLOGY,RACExPOLIDEOLOGY :: Refused | Moderate,ECIMPj_W54,3,"0.501516,0.248268,0.250216"
RACExPOLIDEOLOGY,RACExPOLIDEOLOGY :: White | Conservative,ECIMPj_W54,3,"0.611715,0.201722,0.186563"
RACExPOLIDEOLOGY,RACExPOLIDEOLOGY :: White | Liberal,ECIMPj_W54,3,"0.621124,0.187958,0.190918"
RACExPOLIDEOLOGY,RACExPOLIDEOLOGY :: White | Moderate,ECIMPj_W54,3,"0.560778,0.217895,0.221326"
RACExPOLIDEOLOGY,RACExPOLIDEOLOGY :: White | Refused,ECIMPj_W54,3,"0.560305,0.206125,0.233570"
RACExPOLIDEOLOGY,RACExPOLIDEOLOGY :: White | Very conservative,ECIMPj_W54,3,"0.656810,0.162220,0.180970"
RACExPOLIDEOLOGY,RACExPOLIDEOLOGY :: White | Very liberal,ECIMPj_W54,3,"0.657530,0.159881,0.182589"
RACExPOLIDEOLOGY,RACExPOLIDEOLOGY :: Asian | Liberal,ECON1B_W54,3,"0.340806,0.348888,0.310307"
RACExPOLIDEOLOGY,RACExPOLIDEOLOGY :: Asian | Moderate,ECON1B_W54,3,"0.320361,0.330530,0.349109"
RACExPOLIDEOLOGY,RACExPOLIDEOLOGY :: Black | Conservative,ECON1B_W54,3,"0.335665,0.365787,0.298547"
RACExPOLIDEOLOGY,RACExPOLIDEOLOGY :: Black | Liberal,ECON1B_W54,3,"0.347782,0.361636,0.290583"
RACExPOLIDEOLOGY,RACExPOLIDEOLOGY :: Black | Moderate,ECON1B_W54,3,"0.305249,0.337879,0.356872"
RACExPOLIDEOLOGY,RACExPOLIDEOLOGY :: Black | Very conservative,ECON1B_W54,3,"0.318295,0.377985,0.303720"
RACExPOLIDEOLOGY,RACExPOLIDEOLOGY :: Black | Very liberal,ECON1B_W54,3,"0.304292,0.393783,0.301924"
RACExPOLIDEOLOGY,RACExPOLIDEOLOGY :: Hispanic | Conservative,ECON1B_W54,3,"0.331410,0.366838,0.301752"
RACExPOLIDEOLOGY,RACExPOLIDEOLOGY :: Hispanic | Liberal,ECON1B_W54,3,"0.329439,0.356208,0.314353"
RACExPOLIDEOLOGY,RACExPOLIDEOLOGY :: Hispanic | Moderate,ECON1B_W54,3,"0.318702,0.333997,0.347302"
RACExPOLIDEOLOGY,RACExPOLIDEOLOGY :: Mixed Race | Liberal,ECON1B_W54,3,"0.334637,0.353447,0.311916"
RACExPOLIDEOLOGY,RACExPOLIDEOLOGY :: Mixed Race | Moderate,ECON1B_W54,3,"0.312809,0.338227,0.348964"
RACExPOLIDEOLOGY,RACExPOLIDEOLOGY :: Refused | Moderate,ECON1B_W54,3,"0.308572,0.336263,0.355165"
RACExPOLIDEOLOGY,RACExPOLIDEOLOGY :: White | Conservative,ECON1B_W54,3,"0.325883,0.360719,0.313398"
RACExPOLIDEOLOGY,RACExPOLIDEOLOGY :: White | Liberal,ECON1B_W54,3,"0.332085,0.353503,0.314412"
RACExPOLIDEOLOGY,RACExPOLIDEOLOGY :: White | Moderate,ECON1B_W54,3,"0.323852,0.339394,0.336753"
RACExPOLIDEOLOGY,RACExPOLIDEOLOGY :: White | Refused,ECON1B_W54,3,"0.289309,0.330401,0.380290"
RACExPOLIDEOLOGY,RACExPOLIDEOLOGY :: White | Very conservative,ECON1B_W54,3,"0.330278,0.371341,0.298381"
RACExPOLIDEOLOGY,RACExPOLIDEOLOGY :: White | Very liberal,ECON1B_W54,3,"0.320749,0.377935,0.301316"
RACExPOLIDEOLOGY,RACExPOLIDEOLOGY :: Asian | Liberal,ECON3_b_W54,4,"0.314615,0.243116,0.271215,0.171053"
RACExPOLIDEOLOGY,RACExPOLIDEOLOGY :: Asian | Moderate,ECON3_b_W54,4,"0.290260,0.242521,0.292537,0.174682"
RACExPOLIDEOLOGY,RACExPOLIDEOLOGY :: Black | Conservative,ECON3_b_W54,4,"0.303475,0.261612,0.269916,0.164997"
RACExPOLIDEOLOGY,RACExPOLIDEOLOGY :: Black | Liberal,ECON3_b_W54,4,"0.294605,0.274602,0.276756,0.154038"
RACExPOLIDEOLOGY,RACExPOLIDEOLOGY :: Black | Moderate,ECON3_b_W54,4,"0.273465,0.271337,0.295687,0.159511"
RACExPOLIDEOLOGY,RACExPOLIDEOLOGY :: Black | Very conservative,ECON3_b_W54,4,"0.330527,0.259433,0.251451,0.158588"
RACExPOLIDEOLOGY,RACExPOLIDEOLOGY :: Black | Very liberal,ECON3_b_W54,4,"0.330545,0.253438,0.241832,0.174185"
RACExPOLIDEOLOGY,RACExPOLIDEOLOGY :: Hispanic | Conservative,ECON3_b_W54,4,"0.299550,0.256218,0.274882,0.169350"
RACExPOLIDEOLOGY,RACExPOLIDEOLOGY :: Hispanic | Liberal,ECON3_b_W54,4,"0.287795,0.266167,0.283333,0.162705"
RACExPOLIDEOLOGY,RACExPOLIDEOLOGY :: Hispanic | Moderate,ECON3_b_W54,4,"0.270533,0.266339,0.306555,0.156573"
RACExPOLIDEOLOGY,RACExPOLIDEOLOGY :: Mixed Race | Liberal,ECON3_b_W54,4,"0.294312,0.255703,0.270076,0.179909"
RACExPOLIDEOLOGY,RACExPOLIDEOLOGY :: Mixed Race | Moderate,ECON3_b_W54,4,"0.275563,0.256853,0.291052,0.176532"
RACExPOLIDEOLOGY,RACExPOLIDEOLOGY :: Refused | Moderate,ECON3_b_W54,4,"0.276193,0.255437,0.274044,0.194326"
RACExPOLIDEOLOGY,RACExPOLIDEOLOGY :: White | Conservative,ECON3_b_W54,4,"0.306430,0.252063,0.264159,0.177348"
RACExPOLIDEOLOGY,RACExPOLIDEOLOGY :: White | Liberal,ECON3_b_W54,4,"0.295796,0.263086,0.267229,0.173889"
RACExPOLIDEOLOGY,RACExPOLIDEOLOGY :: White | Moderate,ECON3_b_W54,4,"0.277390,0.260584,0.288440,0.173586"
RACExPOLIDEOLOGY,RACExPOLIDEOLOGY :: White | Refused,ECON3_b_W54,4,"0.288279,0.242756,0.256401,0.212564"
RACExPOLIDEOLOGY,RACExPOLIDEOLOGY :: White | Very conservative,ECON3_b_W54,4,"0.338375,0.241826,0.234385,0.185414"
RACExPOLIDEOLOGY,RACExPOLIDEOLOGY :: White | Very liberal,ECON3_b_W54,4,"0.335107,0.241369,0.224980,0.198544"
RACExPOLIDEOLOGY,RACExPOLIDEOLOGY :: Asian | Liberal,ECON3_c_W54,4,"0.377057,0.255130,0.226917,0.140896"
RACExPOLIDEOLOGY,RACExPOLIDEOLOGY :: Asian | Moderate,ECON3_c_W54,4,"0.346359,0.265563,0.243694,0.144384"
RACExPOLIDEOLOGY,RACExPOLIDEOLOGY :: Black | Conservative,ECON3_c_W54,4,"0.348793,0.271640,0.234168,0.145398"
RACExPOLIDEOLOGY,RACExPOLIDEOLOGY :: Black | Liberal,ECON3_c_W54,4,"0.347214,0.283388,0.238636,0.130762"
RACExPOLIDEOLOGY,RACExPOLIDEOLOGY :: Black | Moderate,ECON3_c_W54,4,"0.323274,0.294345,0.251766,0.130615"
RACExPOLIDEOLOGY,RACExPOLIDEOLOGY :: Black | Very conservative,ECON3_c_W54,4,"0.379808,0.265148,0.216408,0.138636"
RACExPOLIDEOLOGY,RACExPOLIDEOLOGY :: Black | Very liberal,ECON3_c_W54,4,"0.381014,0.259829,0.208779,0.150378"
RACExPOLIDEOLOGY,RACExPOLIDEOLOGY :: Hispanic | Conservative,ECON3_c_W54,4,"0.344880,0.268593,0.237032,0.149494"
RACExPOLIDEOLOGY,RACExPOLIDEOLOGY :: Hispanic | Liberal,ECON3_c_W54,4,"0.341683,0.283265,0.242289,0.132764"
RACExPOLIDEOLOGY,RACExPOLIDEOLOGY :: Hispanic | Moderate,ECON3_c_W54,4,"0.324848,0.288926,0.254976,0.131250"
RACExPOLIDEOLOGY,RACExPOLIDEOLOGY :: Mixed Race | Liberal,ECON3_c_W54,4,"0.347889,0.273061,0.231744,0.147306"
RACExPOLIDEOLOGY,RACExPOLIDEOLOGY :: Mixed Race | Moderate,ECON3_c_W54,4,"0.326985,0.281878,0.244900,0.146237"
RACExPOLIDEOLOGY,RACExPOLIDEOLOGY :: Refused | Moderate,ECON3_c_W54,4,"0.312911,0.273994,0.245606,0.167489"
RACExPOLIDEOLOGY,RACExPOLIDEOLOGY :: White | Conservative,ECON3_c_W54,4,"0.346413,0.261486,0.227183,0.164917"
RACExPOLIDEOLOGY,RACExPOLIDEOLOGY :: White | Liberal,ECON3_c_W54,4,"0.340253,0.275545,0.232032,0.152170"
RACExPOLIDEOLOGY,RACExPOLIDEOLOGY :: White | Moderate,ECON3_c_W54,4,"0.322379,0.280088,0.245253,0.152281"
RACExPOLIDEOLOGY,RACExPOLIDEOLOGY :: White | Refused,ECON3_c_W54,4,"0.322140,0.258847,0.226654,0.192359"
RACExPOLIDEOLOGY,RACExPOLIDEOLOGY :: White | Very conservative,ECON3_c_W54,4,"0.378152,0.246068,0.203997,0.171783"
RACExPOLIDEOLOGY,RACExPOLIDEOLOGY :: White | Very liberal,ECON3_c_W54,4,"0.375662,0.246365,0.194891,0.183083"
RACExPOLIDEOLOGY,RACExPOLIDEOLOGY :: Asian | Liberal,ECON3_f_W54,4,"0.346162,0.247391,0.245466,0.160980"
RACExPOLIDEOLOGY,RACExPOLIDEOLOGY :: Asian | Moderate,ECON3_f_W54,4,"0.318197,0.253689,0.261742,0.166373"
RACExPOLIDEOLOGY,RACExPOLIDEOLOGY :: Black | Conservative,ECON3_f_W54,4,"0.325524,0.265685,0.247645,0.161146"
RACExPOLIDEOLOGY,RACExPOLIDEOLOGY :: Black | Liberal,ECON3_f_W54,4,"0.320805,0.276551,0.255768,0.146875"
RACExPOLIDEOLOGY,RACExPOLIDEOLOGY :: Black | Moderate,ECON3_f_W54,4,"0.299523,0.281376,0.268491,0.150610"
RACExPOLIDEOLOGY,RACExPOLIDEOLOGY :: Black | Very conservative,ECON3_f_W54,4,"0.355710,0.256208,0.231465,0.156617"
RACExPOLIDEOLOGY,RACExPOLIDEOLOGY :: Black | Very liberal,ECON3_f_W54,4,"0.357070,0.251230,0.221710,0.169991"
RACExPOLIDEOLOGY,RACExPOLIDEOLOGY :: Hispanic | Conservative,ECON3_f_W54,4,"0.320967,0.259927,0.249969,0.169138"
RACExPOLIDEOLOGY,RACExPOLIDEOLOGY :: Hispanic | Liberal,ECON3_f_W54,4,"0.315897,0.272320,0.257827,0.153956"
RACExPOLIDEOLOGY,RACExPOLIDEOLOGY :: Hispanic | Moderate,ECON3_f_W54,4,"0.298502,0.273921,0.273921,0.153656"
RACExPOLIDEOLOGY,RACExPOLIDEOLOGY :: Mixed Race | Liberal,ECON3_f_W54,4,"0.319890,0.261087,0.249131,0.169892"
RACExPOLIDEOLOGY,RACExPOLIDEOLOGY :: Mixed Race | Moderate,ECON3_f_W54,4,"0.299647,0.266511,0.264437,0.169405"
RACExPOLIDEOLOGY,RACExPOLIDEOLOGY :: Refused | Moderate,ECON3_f_W54,4,"0.294487,0.261922,0.257861,0.185730"
RACExPOLIDEOLOGY,RACExPOLIDEOLOGY :: White | Conservative,ECON3_f_W54,4,"0.320348,0.253416,0.243708,0.182529"
RACExPOLIDEOLOGY,RACExPOLIDEOLOGY :: White | Liberal,ECON3_f_W54,4,"0.315616,0.265775,0.249673,0.168937"
RACExPOLIDEOLOGY,RACExPOLIDEOLOGY :: White | Moderate,ECON3_f_W54,4,"0.298228,0.267330,0.263185,0.171258"
RACExPOLIDEOLOGY,RACExPOLIDEOLOGY :: White | Refused,ECON3_f_W54,4,"0.302469,0.246868,0.241149,0.209514"
RACExPOLIDEOLOGY,RACExPOLIDEOLOGY :: White | Very conservative,ECON3_f_W54,4,"0.353006,0.238856,0.219187,0.188951"
RACExPOLIDEOLOGY,RACExPOLIDEOLOGY :: White | Very liberal,ECON3_f_W54,4,"0.353479,0.237315,0.207800,0.201406"
RACExPOLIDEOLOGY,RACExPOLIDEOLOGY :: Asian | Liberal,ECON3_h_W54,4,"0.357685,0.255626,0.236415,0.150275"
RACExPOLIDEOLOGY,RACExPOLIDEOLOGY :: Asian | Moderate,ECON3_h_W54,4,"0.330894,0.265881,0.251731,0.151494"
RACExPOLIDEOLOGY,RACExPOLIDEOLOGY :: Black | Conservative,ECON3_h_W54,4,"0.327946,0.269761,0.243709,0.158584"
RACExPOLIDEOLOGY,RACExPOLIDEOLOGY :: Black | Liberal,ECON3_h_W54,4,"0.327466,0.284508,0.247185,0.140842"
RACExPOLIDEOLOGY,RACExPOLIDEOLOGY :: Black | Moderate,ECON3_h_W54,4,"0.306964,0.292907,0.258489,0.141640"
RACExPOLIDEOLOGY,RACExPOLIDEOLOGY :: Black | Very conservative,ECON3_h_W54,4,"0.356183,0.260589,0.226403,0.156825"
RACExPOLIDEOLOGY,RACExPOLIDEOLOGY :: Black | Very liberal,ECON3_h_W54,4,"0.354746,0.255514,0.216852,0.172889"
RACExPOLIDEOLOGY,RACExPOLIDEOLOGY :: Hispanic | Conservative,ECON3_h_W54,4,"0.324908,0.265182,0.245254,0.164656"
RACExPOLIDEOLOGY,RACExPOLIDEOLOGY :: Hispanic | Liberal,ECON3_h_W54,4,"0.323016,0.280641,0.249607,0.146736"
RACExPOLIDEOLOGY,RACExPOLIDEOLOGY :: Hispanic | Moderate,ECON3_h_W54,4,"0.305448,0.289192,0.263313,0.142047"
RACExPOLIDEOLOGY,RACExPOLIDEOLOGY :: Mixed Race | Liberal,ECON3_h_W54,4,"0.330092,0.269413,0.239621,0.160874"
RACExPOLIDEOLOGY,RACExPOLIDEOLOGY :: Mixed Race | Moderate,ECON3_h_W54,4,"0.310557,0.280565,0.251496,0.157382"
RACExPOLIDEOLOGY,RACExPOLIDEOLOGY :: Refused | Moderate,ECON3_h_W54,4,"0.296899,0.272450,0.251975,0.178677"
RACExPOLIDEOLOGY,RACExPOLIDEOLOGY :: White | Conservative,ECON3_h_W54,4,"0.323142,0.259652,0.240139,0.177067"
RACExPOLIDEOLOGY,RACExPOLIDEOLOGY :: White | Liberal,ECON3_h_W54,4,"0.321512,0.272864,0.242690,0.162934"
RACExPOLIDEOLOGY,RACExPOLIDEOLOGY :: White | Moderate,ECON3_h_W54,4,"0.306138,0.278742,0.253797,0.161323"
RACExPOLIDEOLOGY,RACExPOLIDEOLOGY :: White | Refused,ECON3_h_W54,4,"0.303784,0.253821,0.238443,0.203951"
RACExPOLIDEOLOGY,RACExPOLIDEOLOGY :: White | Very conservative,ECON3_h_W54,4,"0.356375,0.243027,0.212801,0.187797"
RACExPOLIDEOLOGY,RACExPOLIDEOLOGY :: White | Very liberal,ECON3_h_W54,4,"0.349735,0.242255,0.205599,0.202411"
RACExPOLIDEOLOGY,RACExPOLIDEOLOGY :: Asian | Liberal,ECON4_b_W54,4,"0.289652,0.200636,0.265800,0.243912"
RACExPOLIDEOLOGY,RACExPOLIDEOLOGY :: Asian | Moderate,ECON4_b_W54,4,"0.264781,0.190715,0.297701,0.246803"
RACExPOLIDEOLOGY,RACExPOLIDEOLOGY :: Black | Conservative,ECON4_b_W54,4,"0.284900,0.216741,0.267639,0.230719"
RACExPOLIDEOLOGY,RACExPOLIDEOLOGY :: Black | Liberal,ECON4_b_W54,4,"0.275386,0.230093,0.273243,0.221279"
RACExPOLIDEOLOGY,RACExPOLIDEOLOGY :: Black | Moderate,ECON4_b_W54,4,"0.244027,0.217042,0.306079,0.232852"
RACExPOLIDEOLOGY,RACExPOLIDEOLOGY :: Black | Very conservative,ECON4_b_W54,4,"0.311649,0.202794,0.248468,0.237090"
RACExPOLIDEOLOGY,RACExPOLIDEOLOGY :: Black | Very liberal,ECON4_b_W54,4,"0.306733,0.199595,0.233350,0.260321"
RACExPOLIDEOLOGY,RACExPOLIDEOLOGY :: Hispanic | Conservative,ECON4_b_W54,4,"0.279440,0.210932,0.268735,0.240892"
RACExPOLIDEOLOGY,RACExPOLIDEOLOGY :: Hispanic | Liberal,ECON4_b_W54,4,"0.254162,0.214026,0.283538,0.248274"
RACExPOLIDEOLOGY,RACExPOLIDEOLOGY :: Hispanic | Moderate,ECON4_b_W54,4,"0.245079,0.206377,0.314688,0.233856"
RACExPOLIDEOLOGY,RACExPOLIDEOLOGY :: Mixed Race | Liberal,ECON4_b_W54,4,"0.270313,0.215512,0.266122,0.248053"
RACExPOLIDEOLOGY,RACExPOLIDEOLOGY :: Mixed Race | Moderate,ECON4_b_W54,4,"0.251186,0.206620,0.300630,0.241563"
RACExPOLIDEOLOGY,RACExPOLIDEOLOGY :: Refused | Moderate,ECON4_b_W54,4,"0.250459,0.215909,0.277233,0.256399"
RACExPOLIDEOLOGY,RACExPOLIDEOLOGY :: White | Conservative,ECON4_b_W54,4,"0.296845,0.208857,0.253905,0.240393"
RACExPOLIDEOLOGY,RACExPOLIDEOLOGY :: White | Liberal,ECON4_b_W54,4,"0.273663,0.219895,0.261131,0.245310"
RACExPOLIDEOLOGY,RACExPOLIDEOLOGY :: White | Moderate,ECON4_b_W54,4,"0.255978,0.208923,0.294629,0.240469"
RACExPOLIDEOLOGY,RACExPOLIDEOLOGY :: White | Refused,ECON4_b_W54,4,"0.273565,0.197041,0.247145,0.282249"
RACExPOLIDEOLOGY,RACExPOLIDEOLOGY :: White | Very conservative,ECON4_b_W54,4,"0.331472,0.191841,0.222539,0.254148"
RACExPOLIDEOLOGY,RACExPOLIDEOLOGY :: White | Very liberal,ECON4_b_W54,4,"0.326408,0.193390,0.207478,0.272724"
RACExPOLIDEOLOGY,RACExPOLIDEOLOGY :: Asian | Liberal,ECON4_c_W54,4,"0.392155,0.237854,0.219979,0.150013"
RACExPOLIDEOLOGY,RACExPOLIDEOLOGY :: Asian | Moderate,ECON4_c_W54,4,"0.363727,0.246110,0.238538,0.151624"
RACExPOLIDEOLOGY,RACExPOLIDEOLOGY :: Black | Conservative,ECON4_c_W54,4,"0.359061,0.254613,0.228233,0.158093"
RACExPOLIDEOLOGY,RACExPOLIDEOLOGY :: Black | Liberal,ECON4_c_W54,4,"0.360097,0.265519,0.228892,0.145492"
RACExPOLIDEOLOGY,RACExPOLIDEOLOGY :: Black | Moderate,ECON4_c_W54,4,"0.332667,0.273644,0.247217,0.146471"
RACExPOLIDEOLOGY,RACExPOLIDEOLOGY :: Black | Very conservative,ECON4_c_W54,4,"0.391648,0.241287,0.211278,0.155787"
RACExPOLIDEOLOGY,RACExPOLIDEOLOGY :: Black | Very liberal,ECON4_c_W54,4,"0.392349,0.237972,0.203548,0.166131"
RACExPOLIDEOLOGY,RACExPOLIDEOLOGY :: Hispanic | Conservative,ECON4_c_W54,4,"0.351972,0.253516,0.230829,0.163682"
RACExPOLIDEOLOGY,RACExPOLIDEOLOGY :: Hispanic | Liberal,ECON4_c_W54,4,"0.344379,0.266116,0.236688,0.152817"
RACExPOLIDEOLOGY,RACExPOLIDEOLOGY :: Hispanic | Moderate,ECON4_c_W54,4,"0.335174,0.269320,0.249080,0.146427"
RACExPOLIDEOLOGY,RACExPOLIDEOLOGY :: Mixed Race | Liberal,ECON4_c_W54,4,"0.353159,0.256366,0.226242,0.164234"
RACExPOLIDEOLOGY,RACExPOLIDEOLOGY :: Mixed Race | Moderate,ECON4_c_W54,4,"0.335697,0.261441,0.241793,0.161069"
RACExPOLIDEOLOGY,RACExPOLIDEOLOGY :: Refused | Moderate,ECON4_c_W54,4,"0.313772,0.262166,0.242464,0.181597"
RACExPOLIDEOLOGY,RACExPOLIDEOLOGY :: White | Conservative,ECON4_c_W54,4,"0.356851,0.245260,0.219850,0.178040"
RACExPOLIDEOLOGY,RACExPOLIDEOLOGY :: White | Liberal,ECON4_c_W54,4,"0.346525,0.259535,0.223733,0.170207"
RACExPOLIDEOLOGY,RACExPOLIDEOLOGY :: White | Moderate,ECON4_c_W54,4,"0.329604,0.262783,0.239267,0.168345"
RACExPOLIDEOLOGY,RACExPOLIDEOLOGY :: White | Refused,ECON4_c_W54,4,"0.335510,0.237912,0.216621,0.209957"
RACExPOLIDEOLOGY,RACExPOLIDEOLOGY :: White | Very conservative,ECON4_c_W54,4,"0.389948,0.223928,0.196078,0.190045"
RACExPOLIDEOLOGY,RACExPOLIDEOLOGY :: White | Very liberal,ECON4_c_W54,4,"0.389239,0.223521,0.185306,0.201935"
RACExPOLIDEOLOGY,RACExPOLIDEOLOGY :: Asian | Liberal,ECON4_e_W54,4,"0.332443,0.233903,0.252909,0.180746"
RACExPOLIDEOLOGY,RACExPOLIDEOLOGY :: Asian | Moderate,ECON4_e_W54,4,"0.306185,0.232934,0.276615,0.184266"
RACExPOLIDEOLOGY,RACExPOLIDEOLOGY :: Black | Conservative,ECON4_e_W54,4,"0.311724,0.246594,0.258428,0.183253"
RACExPOLIDEOLOGY,RACExPOLIDEOLOGY :: Black | Liberal,ECON4_e_W54,4,"0.306901,0.258437,0.262506,0.172156"
RACExPOLIDEOLOGY,RACExPOLIDEOLOGY :: Black | Moderate,ECON4_e_W54,4,"0.278439,0.259533,0.285042,0.176986"
RACExPOLIDEOLOGY,RACExPOLIDEOLOGY :: Black | Very conservative,ECON4_e_W54,4,"0.337459,0.237432,0.243063,0.182046"
RACExPOLIDEOLOGY,RACExPOLIDEOLOGY :: Black | Very liberal,ECON4_e_W54,4,"0.333981,0.234985,0.233156,0.197877"
RACExPOLIDEOLOGY,RACExPOLIDEOLOGY :: Hispanic | Conservative,ECON4_e_W54,4,"0.303203,0.243630,0.263427,0.189740"
RACExPOLIDEOLOGY,RACExPOLIDEOLOGY :: Hispanic | Liberal,ECON4_e_W54,4,"0.288607,0.254695,0.273248,0.183450"
RACExPOLIDEOLOGY,RACExPOLIDEOLOGY :: Hispanic | Moderate,ECON4_e_W54,4,"0.277679,0.254813,0.291005,0.176503"
RACExPOLIDEOLOGY,RACExPOLIDEOLOGY :: Mixed Race | Liberal,ECON4_e_W54,4,"0.299539,0.248326,0.260244,0.191892"
RACExPOLIDEOLOGY,RACExPOLIDEOLOGY :: Mixed Race | Moderate,ECON4_e_W54,4,"0.280764,0.247774,0.282966,0.188496"
RACExPOLIDEOLOGY,RACExPOLIDEOLOGY :: Refused | Moderate,ECON4_e_W54,4,"0.271053,0.246797,0.271053,0.211097"
RACExPOLIDEOLOGY,RACExPOLIDEOLOGY :: White | Conservative,ECON4_e_W54,4,"0.312599,0.235962,0.251180,0.200258"
RACExPOLIDEOLOGY,RACExPOLIDEOLOGY :: White | Liberal,ECON4_e_W54,4,"0.297623,0.250624,0.256567,0.195186"
RACExPOLIDEOLOGY,RACExPOLIDEOLOGY :: White | Moderate,ECON4_e_W54,4,"0.279706,0.246840,0.279706,0.193747"
RACExPOLIDEOLOGY,RACExPOLIDEOLOGY :: White | Refused,ECON4_e_W54,4,"0.293617,0.228669,0.247251,0.230463"
RACExPOLIDEOLOGY,RACExPOLIDEOLOGY :: White | Very conservative,ECON4_e_W54,4,"0.343318,0.221663,0.225153,0.209866"
RACExPOLIDEOLOGY,RACExPOLIDEOLOGY :: White | Very liberal,ECON4_e_W54,4,"0.341028,0.221911,0.213410,0.223651"
RACExPOLIDEOLOGY,RACExPOLIDEOLOGY :: Asian | Liberal,ECON5_c_W54,5,"0.159211,0.168160,0.239004,0.297445,0.136180"
RACExPOLIDEOLOGY,RACExPOLIDEOLOGY :: Asian | Moderate,ECON5_c_W54,5,"0.149051,0.168897,0.241934,0.269897,0.170222"
RACExPOLIDEOLOGY,RACExPOLIDEOLOGY :: Black | Conservative,ECON5_c_W54,5,"0.163296,0.175192,0.243229,0.291107,0.127175"
RACExPOLIDEOLOGY,RACExPOLIDEOLOGY :: Black | Liberal,ECON5_c_W54,5,"0.163107,0.187734,0.230017,0.279630,0.139512"
RACExPOLIDEOLOGY,RACExPOLIDEOLOGY :: Black | Moderate,ECON5_c_W54,5,"0.144262,0.182365,0.243489,0.261225,0.168660"
RACExPOLIDEOLOGY,RACExPOLIDEOLOGY :: Black | Very conservative,ECON5_c_W54,5,"0.163235,0.172411,0.223116,0.284257,0.156982"
RACExPOLIDEOLOGY,RACExPOLIDEOLOGY :: Black | Very liberal,ECON5_c_W54,5,"0.162787,0.165351,0.204181,0.297082,0.170600"
RACExPOLIDEOLOGY,RACExPOLIDEOLOGY :: Hispanic | Conservative,ECON5_c_W54,5,"0.157507,0.167666,0.251696,0.296570,0.126561"
RACExPOLIDEOLOGY,RACExPOLIDEOLOGY :: Hispanic | Liberal,ECON5_c_W54,5,"0.140506,0.168164,0.252444,0.306893,0.131993"
RACExPOLIDEOLOGY,RACExPOLIDEOLOGY :: Hispanic | Moderate,ECON5_c_W54,5,"0.140076,0.177073,0.242030,0.263749,0.177073"
RACExPOLIDEOLOGY,RACExPOLIDEOLOGY :: Mixed Race | Liberal,ECON5_c_W54,5,"0.158892,0.177256,0.231186,0.281051,0.151615"
RACExPOLIDEOLOGY,RACExPOLIDEOLOGY :: Mixed Race | Moderate,ECON5_c_W54,5,"0.151118,0.182283,0.226855,0.247213,0.192530"
RACExPOLIDEOLOGY,RACExPOLIDEOLOGY :: Refused | Moderate,ECON5_c_W54,5,"0.183620,0.182191,0.208068,0.208068,0.218054"
RACExPOLIDEOLOGY,RACExPOLIDEOLOGY :: White | Conservative,ECON5_c_W54,5,"0.171275,0.168619,0.219921,0.271566,0.168619"
RACExPOLIDEOLOGY,RACExPOLIDEOLOGY :: White | Liberal,ECON5_c_W54,5,"0.162145,0.173956,0.221625,0.273671,0.168604"
RACExPOLIDEOLOGY,RACExPOLIDEOLOGY :: White | Moderate,ECON5_c_W54,5,"0.154751,0.178118,0.223410,0.243458,0.200263"
RACExPOLIDEOLOGY,RACExPOLIDEOLOGY :: White | Refused,ECON5_c_W54,5,"0.179516,0.169962,0.176733,0.237820,0.235969"
RACExPOLIDEOLOGY,RACExPOLIDEOLOGY :: White | Very conservative,ECON5_c_W54,5,"0.185277,0.168697,0.189671,0.251273,0.205083"
RACExPOLIDEOLOGY,RACExPOLIDEOLOGY :: White | Very liberal,ECON5_c_W54,5,"0.189264,0.164436,0.172327,0.252701,0.221272"
RACExPOLIDEOLOGY,RACExPOLIDEOLOGY :: Asian | Liberal,ECON5_d_W54,5,"0.148962,0.158569,0.228922,0.327915,0.135632"
RACExPOLIDEOLOGY,RACExPOLIDEOLOGY :: Asian | Moderate,ECON5_d_W54,5,"0.141665,0.155589,0.233566,0.302257,0.166922"
RACExPOLIDEOLOGY,RACExPOLIDEOLOGY :: Black | Conservative,ECON5_d_W54,5,"0.150413,0.166492,0.232964,0.318424,0.131706"
RACExPOLIDEOLOGY,RACExPOLIDEOLOGY :: Black | Liberal,ECON5_d_W54,5,"0.146540,0.174020,0.221707,0.320072,0.137661"
RACExPOLIDEOLOGY,RACExPOLIDEOLOGY :: Black | Moderate,ECON5_d_W54,5,"0.136386,0.168414,0.233820,0.295576,0.165803"
RACExPOLIDEOLOGY,RACExPOLIDEOLOGY :: Black | Very conservative,ECON5_d_W54,5,"0.149649,0.164357,0.216043,0.314341,0.155610"
RACExPOLIDEOLOGY,RACExPOLIDEOLOGY :: Black | Very liberal,ECON5_d_W54,5,"0.150913,0.158155,0.196828,0.327059,0.167045"
RACExPOLIDEOLOGY,RACExPOLIDEOLOGY :: Hispanic | Conservative,ECON5_d_W54,5,"0.145979,0.159079,0.240679,0.321348,0.132915"
RACExPOLIDEOLOGY,RACExPOLIDEOLOGY :: Hispanic | Liberal,ECON5_d_W54,5,"0.132055,0.156819,0.242886,0.337214,0.131027"
RACExPOLIDEOLOGY,RACExPOLIDEOLOGY :: Hispanic | Moderate,ECON5_d_W54,5,"0.131074,0.160596,0.237345,0.300032,0.170953"
RACExPOLIDEOLOGY,RACExPOLIDEOLOGY :: Mixed Race | Liberal,ECON5_d_W54,5,"0.150125,0.167477,0.221871,0.308037,0.152489"
RACExPOLIDEOLOGY,RACExPOLIDEOLOGY :: Mixed Race | Moderate,ECON5_d_W54,5,"0.144584,0.169036,0.220464,0.274372,0.191543"
RACExPOLIDEOLOGY,RACExPOLIDEOLOGY :: Refused | Moderate,ECON5_d_W54,5,"0.178613,0.174475,0.205582,0.227559,0.213771"
RACExPOLIDEOLOGY,RACExPOLIDEOLOGY :: White | Conservative,ECON5_d_W54,5,"0.162515,0.161250,0.210310,0.294276,0.171650"
RACExPOLIDEOLOGY,RACExPOLIDEOLOGY :: White | Liberal,ECON5_d_W54,5,"0.155995,0.164764,0.213220,0.296027,0.169994"
RACExPOLIDEOLOGY,RACExPOLIDEOLOGY :: White | Moderate,ECON5_d_W54,5,"0.149879,0.165901,0.216376,0.269285,0.198558"
RACExPOLIDEOLOGY,RACExPOLIDEOLOGY :: White | Refused,ECON5_d_W54,5,"0.173565,0.163049,0.174926,0.258524,0.229936"
RACExPOLIDEOLOGY,RACExPOLIDEOLOGY :: White | Very conservative,ECON5_d_W54,5,"0.172382,0.161938,0.184939,0.277626,0.203116"
RACExPOLIDEOLOGY,RACExPOLIDEOLOGY :: White | Very liberal,ECON5_d_W54,5,"0.176168,0.157916,0.170748,0.279324,0.215845"
RACExPOLIDEOLOGY,RACExPOLIDEOLOGY :: Asian | Liberal,ECON5_h_W54,5,"0.163892,0.166473,0.251866,0.308593,0.109176"
RACExPOLIDEOLOGY,RACExPOLIDEOLOGY :: Asian | Moderate,ECON5_h_W54,5,"0.159413,0.165764,0.250792,0.275441,0.148589"
RACExPOLIDEOLOGY,RACExPOLIDEOLOGY :: Black | Conservative,ECON5_h_W54,5,"0.155698,0.173693,0.256702,0.319471,0.094435"
RACExPOLIDEOLOGY,RACExPOLIDEOLOGY :: Black | Liberal,ECON5_h_W54,5,"0.155097,0.184182,0.245916,0.320734,0.094071"
RACExPOLIDEOLOGY,RACExPOLIDEOLOGY :: Black | Moderate,ECON5_h_W54,5,"0.149752,0.179229,0.256734,0.284179,0.130106"
RACExPOLIDEOLOGY,RACExPOLIDEOLOGY :: Black | Very conservative,ECON5_h_W54,5,"0.155539,0.169497,0.237169,0.316662,0.121134"
RACExPOLIDEOLOGY,RACExPOLIDEOLOGY :: Black | Very liberal,ECON5_h_W54,5,"0.160264,0.166648,0.217350,0.336639,0.119098"
RACExPOLIDEOLOGY,RACExPOLIDEOLOGY :: Hispanic | Conservative,ECON5_h_W54,5,"0.154724,0.165995,0.261147,0.310119,0.108015"
RACExPOLIDEOLOGY,RACExPOLIDEOLOGY :: Hispanic | Liberal,ECON5_h_W54,5,"0.146116,0.166870,0.266657,0.319146,0.101211"
RACExPOLIDEOLOGY,RACExPOLIDEOLOGY :: Hispanic | Moderate,ECON5_h_W54,5,"0.144820,0.171978,0.258170,0.281338,0.143693"
RACExPOLIDEOLOGY,RACExPOLIDEOLOGY :: Mixed Race | Liberal,ECON5_h_W54,5,"0.162540,0.175747,0.242102,0.292031,0.127579"
RACExPOLIDEOLOGY,RACExPOLIDEOLOGY :: Mixed Race | Moderate,ECON5_h_W54,5,"0.158596,0.176926,0.236227,0.255423,0.172828"
RACExPOLIDEOLOGY,RACExPOLIDEOLOGY :: Refused | Moderate,ECON5_h_W54,5,"0.186165,0.177640,0.214275,0.212608,0.209311"
RACExPOLIDEOLOGY,RACExPOLIDEOLOGY :: White | Conservative,ECON5_h_W54,5,"0.169566,0.166937,0.224638,0.279567,0.159292"
RACExPOLIDEOLOGY,RACExPOLIDEOLOGY :: White | Liberal,ECON5_h_W54,5,"0.166226,0.174204,0.227204,0.276210,0.156155"
RACExPOLIDEOLOGY,RACExPOLIDEOLOGY :: White | Moderate,ECON5_h_W54,5,"0.164429,0.173671,0.224747,0.244916,0.192237"
RACExPOLIDEOLOGY,RACExPOLIDEOLOGY :: White | Refused,ECON5_h_W54,5,"0.177988,0.168516,0.189468,0.251004,0.213024"
RACExPOLIDEOLOGY,RACExPOLIDEOLOGY :: White | Very conservative,ECON5_h_W54,5,"0.178217,0.167419,0.198816,0.261338,0.194210"
RACExPOLIDEOLOGY,RACExPOLIDEOLOGY :: White | Very liberal,ECON5_h_W54,5,"0.183208,0.164226,0.183208,0.266566,0.202792"
RACExPOLIDEOLOGY,RACExPOLIDEOLOGY :: Asian | Liberal,ECON5_k_W54,5,"0.253540,0.195920,0.192883,0.191382,0.166275"
RACExPOLIDEOLOGY,RACExPOLIDEOLOGY :: Asian | Moderate,ECON5_k_W54,5,"0.235388,0.199771,0.195144,0.179074,0.190623"
RACExPOLIDEOLOGY,RACExPOLIDEOLOGY :: Black | Conservative,ECON5_k_W54,5,"0.245646,0.202063,0.195846,0.192810,0.163635"
RACExPOLIDEOLOGY,RACExPOLIDEOLOGY :: Black | Liberal,ECON5_k_W54,5,"0.250047,0.207296,0.191717,0.184373,0.166567"
RACExPOLIDEOLOGY,RACExPOLIDEOLOGY :: Black | Moderate,ECON5_k_W54,5,"0.229821,0.212550,0.196576,0.173478,0.187575"
RACExPOLIDEOLOGY,RACExPOLIDEOLOGY :: Black | Very conservative,ECON5_k_W54,5,"0.241757,0.200423,0.186815,0.192745,0.178260"
RACExPOLIDEOLOGY,RACExPOLIDEOLOGY :: Black | Very liberal,ECON5_k_W54,5,"0.237487,0.193832,0.177870,0.199985,0.190827"
RACExPOLIDEOLOGY,RACExPOLIDEOLOGY :: Hispanic | Conservative,ECON5_k_W54,5,"0.236470,0.200690,0.197578,0.197578,0.167683"
RACExPOLIDEOLOGY,RACExPOLIDEOLOGY :: Hispanic | Liberal,ECON5_k_W54,5,"0.234023,0.206525,0.197067,0.192502,0.169883"
RACExPOLIDEOLOGY,RACExPOLIDEOLOGY :: Hispanic | Moderate,ECON5_k_W54,5,"0.226048,0.210700,0.193349,0.171968,0.197934"
RACExPOLIDEOLOGY,RACExPOLIDEOLOGY :: Mixed Race | Liberal,ECON5_k_W54,5,"0.233463,0.204427,0.195066,0.193548,0.173495"
RACExPOLIDEOLOGY,RACExPOLIDEOLOGY :: Mixed Race | Moderate,ECON5_k_W54,5,"0.220364,0.210273,0.191456,0.175690,0.202218"
RACExPOLIDEOLOGY,RACExPOLIDEOLOGY :: Refused | Moderate,ECON5_k_W54,5,"0.223722,0.197434,0.188393,0.170199,0.220253"
RACExPOLIDEOLOGY,RACExPOLIDEOLOGY :: White | Conservative,ECON5_k_W54,5,"0.234792,0.193134,0.184290,0.193134,0.194649"
RACExPOLIDEOLOGY,RACExPOLIDEOLOGY :: White | Liberal,ECON5_k_W54,5,"0.235811,0.200130,0.185090,0.188005,0.190965"
RACExPOLIDEOLOGY,RACExPOLIDEOLOGY :: White | Moderate,ECON5_k_W54,5,"0.224191,0.204129,0.185861,0.171894,0.213925"
RACExPOLIDEOLOGY,RACExPOLIDEOLOGY :: White | Refused,ECON5_k_W54,5,"0.225993,0.187355,0.167944,0.187355,0.231353"
RACExPOLIDEOLOGY,RACExPOLIDEOLOGY :: White | Very conservative,ECON5_k_W54,5,"0.237066,0.189005,0.170752,0.189005,0.214171"
RACExPOLIDEOLOGY,RACExPOLIDEOLOGY :: White | Very liberal,ECON5_k_W54,5,"0.237093,0.183211,0.162951,0.190509,0.226235"
RACExPOLIDEOLOGY,RACExPOLIDEOLOGY :: Asian | Conservative,ELECT_CONF3_PRVSUP_W92,4,"0.459522,0.238397,0.188587,0.113494"
RACExPOLIDEOLOGY,RACExPOLIDEOLOGY :: Asian | Liberal,ELECT_CONF3_PRVSUP_W92,4,"0.402504,0.272348,0.202392,0.122757"
RACExPOLIDEOLOGY,RACExPOLIDEOLOGY :: Asian | Moderate,ELECT_CONF3_PRVSUP_W92,4,"0.372909,0.316484,0.219222,0.091385"
RACExPOLIDEOLOGY,RACExPOLIDEOLOGY :: Black | Conservative,ELECT_CONF3_PRVSUP_W92,4,"0.352762,0.285675,0.219035,0.142529"
RACExPOLIDEOLOGY,RACExPOLIDEOLOGY :: Black | Liberal,ELECT_CONF3_PRVSUP_W92,4,"0.363679,0.294516,0.212132,0.129674"
RACExPOLIDEOLOGY,RACExPOLIDEOLOGY :: Black | Moderate,ELECT_CONF3_PRVSUP_W92,4,"0.328802,0.341900,0.231341,0.097956"
RACExPOLIDEOLOGY,RACExPOLIDEOLOGY :: Black | Very conservative,ELECT_CONF3_PRVSUP_W92,4,"0.369064,0.251680,0.210286,0.168970"
RACExPOLIDEOLOGY,RACExPOLIDEOLOGY :: Black | Very liberal,ELECT_CONF3_PRVSUP_W92,4,"0.345535,0.245021,0.204722,0.204722"
RACExPOLIDEOLOGY,RACExPOLIDEOLOGY :: Hispanic | Conservative,ELECT_CONF3_PRVSUP_W92,4,"0.340718,0.286914,0.226967,0.145401"
RACExPOLIDEOLOGY,RACExPOLIDEOLOGY :: Hispanic | Liberal,ELECT_CONF3_PRVSUP_W92,4,"0.343662,0.300921,0.221885,0.133533"
RACExPOLIDEOLOGY,RACExPOLIDEOLOGY :: Hispanic | Moderate,ELECT_CONF3_PRVSUP_W92,4,"0.325241,0.351670,0.230631,0.092458"
RACExPOLIDEOLOGY,RACExPOLIDEOLOGY :: Hispanic | Very conservative,ELECT_CONF3_PRVSUP_W92,4,"0.354970,0.253686,0.216989,0.174355"
RACExPOLIDEOLOGY,RACExPOLIDEOLOGY :: Hispanic | Very liberal,ELECT_CONF3_PRVSUP_W92,4,"0.334565,0.246692,0.211007,0.207736"
RACExPOLIDEOLOGY,RACExPOLIDEOLOGY :: Mixed Race | Conservative,ELECT_CONF3_PRVSUP_W92,4,"0.338187,0.276020,0.223528,0.162264"
RACExPOLIDEOLOGY,RACExPOLIDEOLOGY :: Mixed Race | Liberal,ELECT_CONF3_PRVSUP_W92,4,"0.329399,0.288431,0.222883,0.159287"
RACExPOLIDEOLOGY,RACExPOLIDEOLOGY :: Mixed Race | Moderate,ELECT_CONF3_PRVSUP_W92,4,"0.309056,0.339432,0.233288,0.118224"
RACExPOLIDEOLOGY,RACExPOLIDEOLOGY :: Refused | Conservative,ELECT_CONF3_PRVSUP_W92,4,"0.312193,0.275509,0.230197,0.182101"
RACExPOLIDEOLOGY,RACExPOLIDEOLOGY :: Refused | Moderate,ELECT_CONF3_PRVSUP_W92,4,"0.277673,0.319599,0.246967,0.155760"
RACExPOLIDEOLOGY,RACExPOLIDEOLOGY :: White | Conservative,ELECT_CONF3_PRVSUP_W92,4,"0.351269,0.280056,0.216411,0.152264"
RACExPOLIDEOLOGY,RACExPOLIDEOLOGY :: White | Liberal,ELECT_CONF3_PRVSUP_W92,4,"0.340708,0.289155,0.216567,0.153569"
RACExPOLIDEOLOGY,RACExPOLIDEOLOGY :: White | Moderate,ELECT_CONF3_PRVSUP_W92,4,"0.321396,0.331598,0.229691,0.117315"
RACExPOLIDEOLOGY,RACExPOLIDEOLOGY :: White | Refused,ELECT_CONF3_PRVSUP_W92,4,"0.293874,0.276069,0.218388,0.211669"
RACExPOLIDEOLOGY,RACExPOLIDEOLOGY :: White | Very conservative,ELECT_CONF3_PRVSUP_W92,4,"0.367669,0.235537,0.203046,0.193748"
RACExPOLIDEOLOGY,RACExPOLIDEOLOGY :: White | Very liberal,ELECT_CONF3_PRVSUP_W92,4,"0.342173,0.235172,0.196493,0.226162"
RACExPOLIDEOLOGY,RACExPOLIDEOLOGY :: Asian | Conservative,FAMSURV10e_W50,4,"0.555846,0.198193,0.158013,0.087948"
RACExPOLIDEOLOGY,RACExPOLIDEOLOGY :: Asian | Liberal,FAMSURV10e_W50,4,"0.544124,0.216437,0.154681,0.084758"
RACExPOLIDEOLOGY,RACExPOLIDEOLOGY :: Asian | Moderate,FAMSURV10e_W50,4,"0.513001,0.238568,0.180080,0.068351"
RACExPOLIDEOLOGY,RACExPOLIDEOLOGY :: Asian | Very liberal,FAMSURV10e_W50,4,"0.528020,0.189748,0.146626,0.135607"
RACExPOLIDEOLOGY,RACExPOLIDEOLOGY :: Black | Conservative,FAMSURV10e_W50,4,"0.489294,0.242218,0.175831,0.092657"
RACExPOLIDEOLOGY,RACExPOLIDEOLOGY :: Black | Liberal,FAMSURV10e_W50,4,"0.497121,0.253905,0.167821,0.081153"
RACExPOLIDEOLOGY,RACExPOLIDEOLOGY :: Black | Moderate,FAMSURV10e_W50,4,"0.463789,0.279113,0.191831,0.065267"
RACExPOLIDEOLOGY,RACExPOLIDEOLOGY :: Black | Refused,FAMSURV10e_W50,4,"0.425573,0.252144,0.183037,0.139247"
RACExPOLIDEOLOGY,RACExPOLIDEOLOGY :: Black | Very conservative,FAMSURV10e_W50,4,"0.534139,0.212466,0.153033,0.100362"
RACExPOLIDEOLOGY,RACExPOLIDEOLOGY :: Black | Very liberal,FAMSURV10e_W50,4,"0.492773,0.220382,0.156274,0.130572"
RACExPOLIDEOLOGY,RACExPOLIDEOLOGY :: Hispanic | Conservative,FAMSURV10e_W50,4,"0.474583,0.242393,0.185850,0.097174"
RACExPOLIDEOLOGY,RACExPOLIDEOLOGY :: Hispanic | Liberal,FAMSURV10e_W50,4,"0.487656,0.251024,0.175243,0.086076"
RACExPOLIDEOLOGY,RACExPOLIDEOLOGY :: Hispanic | Moderate,FAMSURV10e_W50,4,"0.469694,0.273970,0.191262,0.065074"
RACExPOLIDEOLOGY,RACExPOLIDEOLOGY :: Hispanic | Very liberal,FAMSURV10e_W50,4,"0.467103,0.222374,0.169173,0.141350"
RACExPOLIDEOLOGY,RACExPOLIDEOLOGY :: Mixed Race | Conservative,FAMSURV10e_W50,4,"0.477342,0.236301,0.175604,0.110752"
RACExPOLIDEOLOGY,RACExPOLIDEOLOGY :: Mixed Race | Liberal,FAMSURV10e_W50,4,"0.476685,0.247301,0.171300,0.104714"
RACExPOLIDEOLOGY,RACExPOLIDEOLOGY :: Mixed Race | Moderate,FAMSURV10e_W50,4,"0.457578,0.273232,0.187789,0.081401"
RACExPOLIDEOLOGY,RACExPOLIDEOLOGY :: Refused | Moderate,FAMSURV10e_W50,4,"0.389081,0.280245,0.216556,0.114117"
RACExPOLIDEOLOGY,RACExPOLIDEOLOGY :: White | Conservative,FAMSURV10e_W50,4,"0.459395,0.242084,0.184168,0.114353"
RACExPOLIDEOLOGY,RACExPOLIDEOLOGY :: White | Liberal,FAMSURV10e_W50,4,"0.451830,0.255441,0.181135,0.111594"
RACExPOLIDEOLOGY,RACExPOLIDEOLOGY :: White | Moderate,FAMSURV10e_W50,4,"0.434098,0.278093,0.200303,0.087506"
RACExPOLIDEOLOGY,RACExPOLIDEOLOGY :: White | Refused,FAMSURV10e_W50,4,"0.390645,0.248309,0.190385,0.170660"
RACExPOLIDEOLOGY,RACExPOLIDEOLOGY :: White | Very conservative,FAMSURV10e_W50,4,"0.494792,0.206260,0.159385,0.139563"
RACExPOLIDEOLOGY,RACExPOLIDEOLOGY :: White | Very liberal,FAMSURV10e_W50,4,"0.450546,0.217870,0.161907,0.169677"
RACExPOLIDEOLOGY,RACExPOLIDEOLOGY :: Asian | Conservative,FAMSURV11M_W50,3,"0.473822,0.227342,0.298836"
RACExPOLIDEOLOGY,RACExPOLIDEOLOGY :: Asian | Liberal,FAMSURV11M_W50,3,"0.441136,0.236123,0.322742"
RACExPOLIDEOLOGY,RACExPOLIDEOLOGY :: Asian | Moderate,FAMSURV11M_W50,3,"0.442530,0.238727,0.318743"
RACExPOLIDEOLOGY,RACExPOLIDEOLOGY :: Asian | Very liberal,FAMSURV11M_W50,3,"0.386838,0.249761,0.363401"
RACExPOLIDEOLOGY,RACExPOLIDEOLOGY :: Black | Conservative,FAMSURV11M_W50,3,"0.431690,0.259795,0.308515"
RACExPOLIDEOLOGY,RACExPOLIDEOLOGY :: Black | Liberal,FAMSURV11M_W50,3,"0.394688,0.275537,0.329775"
RACExPOLIDEOLOGY,RACExPOLIDEOLOGY :: Black | Moderate,FAMSURV11M_W50,3,"0.403200,0.272819,0.323981"
RACExPOLIDEOLOGY,RACExPOLIDEOLOGY :: Black | Refused,FAMSURV11M_W50,3,"0.368329,0.280210,0.351462"
RACExPOLIDEOLOGY,RACExPOLIDEOLOGY :: Black | Very conservative,FAMSURV11M_W50,3,"0.377569,0.267737,0.354694"
RACExPOLIDEOLOGY,RACExPOLIDEOLOGY :: Black | Very liberal,FAMSURV11M_W50,3,"0.359134,0.273215,0.367651"
RACExPOLIDEOLOGY,RACExPOLIDEOLOGY :: Hispanic | Conservative,FAMSURV11M_W50,3,"0.428361,0.255786,0.315853"
RACExPOLIDEOLOGY,RACExPOLIDEOLOGY :: Hispanic | Liberal,FAMSURV11M_W50,3,"0.403268,0.262411,0.334321"
RACExPOLIDEOLOGY,RACExPOLIDEOLOGY :: Hispanic | Moderate,FAMSURV11M_W50,3,"0.400562,0.264755,0.334682"
RACExPOLIDEOLOGY,RACExPOLIDEOLOGY :: Hispanic | Very liberal,FAMSURV11M_W50,3,"0.355275,0.272399,0.372325"
RACExPOLIDEOLOGY,RACExPOLIDEOLOGY :: Mixed Race | Conservative,FAMSURV11M_W50,3,"0.431130,0.253448,0.315422"
RACExPOLIDEOLOGY,RACExPOLIDEOLOGY :: Mixed Race | Liberal,FAMSURV11M_W50,3,"0.397859,0.267110,0.335031"
RACExPOLIDEOLOGY,RACExPOLIDEOLOGY :: Mixed Race | Moderate,FAMSURV11M_W50,3,"0.401813,0.267665,0.330522"
RACExPOLIDEOLOGY,RACExPOLIDEOLOGY :: Refused | Moderate,FAMSURV11M_W50,3,"0.371242,0.295980,0.332779"
RACExPOLIDEOLOGY,RACExPOLIDEOLOGY :: White | Conservative,FAMSURV11M_W50,3,"0.431982,0.251973,0.316045"
RACExPOLIDEOLOGY,RACExPOLIDEOLOGY :: White | Liberal,FAMSURV11M_W50,3,"0.402652,0.266136,0.331212"
RACExPOLIDEOLOGY,RACExPOLIDEOLOGY :: White | Moderate,FAMSURV11M_W50,3,"0.409538,0.266491,0.323971"
RACExPOLIDEOLOGY,RACExPOLIDEOLOGY :: White | Refused,FAMSURV11M_W50,3,"0.374946,0.270063,0.354991"
RACExPOLIDEOLOGY,RACExPOLIDEOLOGY :: White | Very conservative,FAMSURV11M_W50,3,"0.377029,0.263208,0.359763"
RACExPOLIDEOLOGY,RACExPOLIDEOLOGY :: White | Very liberal,FAMSURV11M_W50,3,"0.363227,0.267827,0.368947"
RACExPOLIDEOLOGY,RACExPOLIDEOLOGY :: Asian | Conservative,FAMSURV11W_W50,3,"0.341849,0.285625,0.372526"
RACExPOLIDEOLOGY,RACExPOLIDEOLOGY :: Asian | Liberal,FAMSURV11W_W50,3,"0.312051,0.284126,0.403824"
RACExPOLIDEOLOGY,RACExPOLIDEOLOGY :: Asian | Moderate,FAMSURV11W_W50,3,"0.303779,0.306161,0.390060"
RACExPOLIDEOLOGY,RACExPOLIDEOLOGY :: Asian | Very liberal,FAMSURV11W_W50,3,"0.301037,0.267748,0.431215"
RACExPOLIDEOLOGY,RACExPOLIDEOLOGY :: Black | Conservative,FAMSURV11W_W50,3,"0.303972,0.308758,0.387270"
RACExPOLIDEOLOGY,RACExPOLIDEOLOGY :: Black | Liberal,FAMSURV11W_W50,3,"0.283432,0.313730,0.402838"
RACExPOLIDEOLOGY,RACExPOLIDEOLOGY :: Black | Moderate,FAMSURV11W_W50,3,"0.280956,0.325915,0.393129"
RACExPOLIDEOLOGY,RACExPOLIDEOLOGY :: Black | Refused,FAMSURV11W_W50,3,"0.268269,0.306373,0.425357"
RACExPOLIDEOLOGY,RACExPOLIDEOLOGY :: Black | Very conservative,FAMSURV11W_W50,3,"0.277715,0.288778,0.433507"
RACExPOLIDEOLOGY,RACExPOLIDEOLOGY :: Black | Very liberal,FAMSURV11W_W50,3,"0.279585,0.283988,0.436427"
RACExPOLIDEOLOGY,RACExPOLIDEOLOGY :: Hispanic | Conservative,FAMSURV11W_W50,3,"0.305228,0.302852,0.391920"
RACExPOLIDEOLOGY,RACExPOLIDEOLOGY :: Hispanic | Liberal,FAMSURV11W_W50,3,"0.289601,0.298794,0.411606"
RACExPOLIDEOLOGY,RACExPOLIDEOLOGY :: Hispanic | Moderate,FAMSURV11W_W50,3,"0.278007,0.317494,0.404498"
RACExPOLIDEOLOGY,RACExPOLIDEOLOGY :: Hispanic | Very liberal,FAMSURV11W_W50,3,"0.284330,0.282118,0.433552"
RACExPOLIDEOLOGY,RACExPOLIDEOLOGY :: Mixed Race | Conservative,FAMSURV11W_W50,3,"0.309692,0.304890,0.385418"
RACExPOLIDEOLOGY,RACExPOLIDEOLOGY :: Mixed Race | Liberal,FAMSURV11W_W50,3,"0.291006,0.304972,0.404022"
RACExPOLIDEOLOGY,RACExPOLIDEOLOGY :: Mixed Race | Moderate,FAMSURV11W_W50,3,"0.281098,0.328637,0.390266"
RACExPOLIDEOLOGY,RACExPOLIDEOLOGY :: Refused | Moderate,FAMSURV11W_W50,3,"0.291119,0.335076,0.373805"
RACExPOLIDEOLOGY,RACExPOLIDEOLOGY :: White | Conservative,FAMSURV11W_W50,3,"0.310000,0.298124,0.391876"
RACExPOLIDEOLOGY,RACExPOLIDEOLOGY :: White | Liberal,FAMSURV11W_W50,3,"0.301477,0.299131,0.399392"
RACExPOLIDEOLOGY,RACExPOLIDEOLOGY :: White | Moderate,FAMSURV11W_W50,3,"0.292703,0.316487,0.390810"
RACExPOLIDEOLOGY,RACExPOLIDEOLOGY :: White | Refused,FAMSURV11W_W50,3,"0.283991,0.293006,0.423003"
RACExPOLIDEOLOGY,RACExPOLIDEOLOGY :: White | Very conservative,FAMSURV11W_W50,3,"0.290096,0.281170,0.428734"
RACExPOLIDEOLOGY,RACExPOLIDEOLOGY :: White | Very liberal,FAMSURV11W_W50,3,"0.296573,0.278605,0.424822"
RACExPOLIDEOLOGY,RACExPOLIDEOLOGY :: Asian | Conservative,FAMSURV18A_W50,2,"0.692642,0.307358"
RACExPOLIDEOLOGY,RACExPOLIDEOLOGY :: Asian | Liberal,FAMSURV18A_W50,2,"0.654895,0.345105"
RACExPOLIDEOLOGY,RACExPOLIDEOLOGY :: Asian | Moderate,FAMSURV18A_W50,2,"0.663669,0.336331"
RACExPOLIDEOLOGY,RACExPOLIDEOLOGY :: Asian | Very liberal,FAMSURV18A_W50,2,"0.629775,0.370225"
RACExPOLIDEOLOGY,RACExPOLIDEOLOGY :: Black | Conservative,FAMSURV18A_W50,2,"0.590779,0.409221"
RACExPOLIDEOLOGY,RACExPOLIDEOLOGY :: Black | Liberal,FAMSURV18A_W50,2,"0.602062,0.397938"
RACExPOLIDEOLOGY,RACExPOLIDEOLOGY :: Black | Moderate,FAMSURV18A_W50,2,"0.600188,0.399812"
RACExPOLIDEOLOGY,RACExPOLIDEOLOGY :: Black | Refused,FAMSURV18A_W50,2,"0.571767,0.428233"
RACExPOLIDEOLOGY,RACExPOLIDEOLOGY :: Black | Very conservative,FAMSURV18A_W50,2,"0.585101,0.414899"
RACExPOLIDEOLOGY,RACExPOLIDEOLOGY :: Black | Very liberal,FAMSURV18A_W50,2,"0.569853,0.430147"
RACExPOLIDEOLOGY,RACExPOLIDEOLOGY :: Hispanic | Conservative,FAMSURV18A_W50,2,"0.605799,0.394201"
RACExPOLIDEOLOGY,RACExPOLIDEOLOGY :: Hispanic | Liberal,FAMSURV18A_W50,2,"0.600188,0.399812"
RACExPOLIDEOLOGY,RACExPOLIDEOLOGY :: Hispanic | Moderate,FAMSURV18A_W50,2,"0.631594,0.368406"
RACExPOLIDEOLOGY,RACExPOLIDEOLOGY :: Hispanic | Very liberal,FAMSURV18A_W50,2,"0.579400,0.420600"
RACExPOLIDEOLOGY,RACExPOLIDEOLOGY :: Mixed Race | Conservative,FAMSURV18A_W50,2,"0.605799,0.394201"
RACExPOLIDEOLOGY,RACExPOLIDEOLOGY :: Mixed Race | Liberal,FAMSURV18A_W50,2,"0.594551,0.405449"
RACExPOLIDEOLOGY,RACExPOLIDEOLOGY :: Mixed Race | Moderate,FAMSURV18A_W50,2,"0.616936,0.383064"
RACExPOLIDEOLOGY,RACExPOLIDEOLOGY :: Refused | Moderate,FAMSURV18A_W50,2,"0.569853,0.430147"
RACExPOLIDEOLOGY,RACExPOLIDEOLOGY :: White | Conservative,FAMSURV18A_W50,2,"0.600188,0.399812"
RACExPOLIDEOLOGY,RACExPOLIDEOLOGY :: White | Liberal,FAMSURV18A_W50,2,"0.583203,0.416797"
RACExPOLIDEOLOGY,RACExPOLIDEOLOGY :: White | Moderate,FAMSURV18A_W50,2,"0.607663,0.392337"
RACExPOLIDEOLOGY,RACExPOLIDEOLOGY :: White | Refused,FAMSURV18A_W50,2,"0.579400,0.420600"
RACExPOLIDEOLOGY,RACExPOLIDEOLOGY :: White | Very conservative,FAMSURV18A_W50,2,"0.594551,0.405449"
RACExPOLIDEOLOGY,RACExPOLIDEOLOGY :: White | Very liberal,FAMSURV18A_W50,2,"0.581303,0.418697"
RACExPOLIDEOLOGY,RACExPOLIDEOLOGY :: Asian | Conservative,FAMSURV20_W50,2,"0.704160,0.295840"
RACExPOLIDEOLOGY,RACExPOLIDEOLOGY :: Asian | Liberal,FAMSURV20_W50,2,"0.660172,0.339828"
RACExPOLIDEOLOGY,RACExPOLIDEOLOGY :: Asian | Moderate,FAMSURV20_W50,2,"0.672332,0.327668"
RACExPOLIDEOLOGY,RACExPOLIDEOLOGY :: Asian | Very liberal,FAMSURV20_W50,2,"0.637031,0.362969"
RACExPOLIDEOLOGY,RACExPOLIDEOLOGY :: Black | Conservative,FAMSURV20_W50,2,"0.602062,0.397938"
RACExPOLIDEOLOGY,RACExPOLIDEOLOGY :: Black | Liberal,FAMSURV20_W50,2,"0.609524,0.390476"
RACExPOLIDEOLOGY,RACExPOLIDEOLOGY :: Black | Moderate,FAMSURV20_W50,2,"0.607663,0.392337"
RACExPOLIDEOLOGY,RACExPOLIDEOLOGY :: Black | Refused,FAMSURV20_W50,2,"0.575588,0.424412"
RACExPOLIDEOLOGY,RACExPOLIDEOLOGY :: Black | Very conservative,FAMSURV20_W50,2,"0.592667,0.407333"
RACExPOLIDEOLOGY,RACExPOLIDEOLOGY :: Black | Very liberal,FAMSURV20_W50,2,"0.575588,0.424412"
RACExPOLIDEOLOGY,RACExPOLIDEOLOGY :: Hispanic | Conservative,FAMSURV20_W50,2,"0.611382,0.388618"
RACExPOLIDEOLOGY,RACExPOLIDEOLOGY :: Hispanic | Liberal,FAMSURV20_W50,2,"0.605799,0.394201"
RACExPOLIDEOLOGY,RACExPOLIDEOLOGY :: Hispanic | Moderate,FAMSURV20_W50,2,"0.637031,0.362969"
RACExPOLIDEOLOGY,RACExPOLIDEOLOGY :: Hispanic | Very liberal,FAMSURV20_W50,2,"0.585101,0.414899"
RACExPOLIDEOLOGY,RACExPOLIDEOLOGY :: Mixed Race | Conservative,FAMSURV20_W50,2,"0.615088,0.384912"
RACExPOLIDEOLOGY,RACExPOLIDEOLOGY :: Mixed Race | Liberal,FAMSURV20_W50,2,"0.600188,0.399812"
RACExPOLIDEOLOGY,RACExPOLIDEOLOGY :: Mixed Race | Moderate,FAMSURV20_W50,2,"0.618780,0.381220"
RACExPOLIDEOLOGY,RACExPOLIDEOLOGY :: Refused | Moderate,FAMSURV20_W50,2,"0.575588,0.424412"
RACExPOLIDEOLOGY,RACExPOLIDEOLOGY :: White | Conservative,FAMSURV20_W50,2,"0.607663,0.392337"
RACExPOLIDEOLOGY,RACExPOLIDEOLOGY :: White | Liberal,FAMSURV20_W50,2,"0.586996,0.413004"
RACExPOLIDEOLOGY,RACExPOLIDEOLOGY :: White | Moderate,FAMSURV20_W50,2,"0.609524,0.390476"
RACExPOLIDEOLOGY,RACExPOLIDEOLOGY :: White | Refused,FAMSURV20_W50,2,"0.581303,0.418697"
RACExPOLIDEOLOGY,RACExPOLIDEOLOGY :: White | Very conservative,FAMSURV20_W50,2,"0.596433,0.403567"
RACExPOLIDEOLOGY,RACExPOLIDEOLOGY :: White | Very liberal,FAMSURV20_W50,2,"0.581303,0.418697"
RACExPOLIDEOLOGY,RACExPOLIDEOLOGY :: Asian | Liberal,FAMSURV21_W50,2,"0.620622,0.379378"
RACExPOLIDEOLOGY,RACExPOLIDEOLOGY :: Asian | Moderate,FAMSURV21_W50,2,"0.615088,0.384912"
RACExPOLIDEOLOGY,RACExPOLIDEOLOGY :: Black | Conservative,FAMSURV21_W50,2,"0.567937,0.432063"
RACExPOLIDEOLOGY,RACExPOLIDEOLOGY :: Black | Liberal,FAMSURV21_W50,2,"0.579400,0.420600"
RACExPOLIDEOLOGY,RACExPOLIDEOLOGY :: Black | Moderate,FAMSURV21_W50,2,"0.571767,0.428233"
RACExPOLIDEOLOGY,RACExPOLIDEOLOGY :: Black | Refused,FAMSURV21_W50,2,"0.552540,0.447460"
RACExPOLIDEOLOGY,RACExPOLIDEOLOGY :: Black | Very conservative,FAMSURV21_W50,2,"0.571767,0.428233"
RACExPOLIDEOLOGY,RACExPOLIDEOLOGY :: Black | Very liberal,FAMSURV21_W50,2,"0.552540,0.447460"
RACExPOLIDEOLOGY,RACExPOLIDEOLOGY :: Hispanic | Liberal,FAMSURV21_W50,2,"0.585101,0.414899"
RACExPOLIDEOLOGY,RACExPOLIDEOLOGY :: Hispanic | Moderate,FAMSURV21_W50,2,"0.583203,0.416797"
RACExPOLIDEOLOGY,RACExPOLIDEOLOGY :: Hispanic | Very liberal,FAMSURV21_W50,2,"0.556400,0.443600"
RACExPOLIDEOLOGY,RACExPOLIDEOLOGY :: Mixed Race | Conservative,FAMSURV21_W50,2,"0.575588,0.424412"
RACExPOLIDEOLOGY,RACExPOLIDEOLOGY :: Mixed Race | Liberal,FAMSURV21_W50,2,"0.571767,0.428233"
RACExPOLIDEOLOGY,RACExPOLIDEOLOGY :: Mixed Race | Moderate,FAMSURV21_W50,2,"0.566019,0.433981"
RACExPOLIDEOLOGY,RACExPOLIDEOLOGY :: Refused | Moderate,FAMSURV21_W50,2,"0.546738,0.453262"
RACExPOLIDEOLOGY,RACExPOLIDEOLOGY :: White | Conservative,FAMSURV21_W50,2,"0.566019,0.433981"
RACExPOLIDEOLOGY,RACExPOLIDEOLOGY :: White | Liberal,FAMSURV21_W50,2,"0.558327,0.441673"
RACExPOLIDEOLOGY,RACExPOLIDEOLOGY :: White | Moderate,FAMSURV21_W50,2,"0.558327,0.441673"
RACExPOLIDEOLOGY,RACExPOLIDEOLOGY :: White | Very conservative,FAMSURV21_W50,2,"0.562177,0.437824"
RACExPOLIDEOLOGY,RACExPOLIDEOLOGY :: White | Very liberal,FAMSURV21_W50,2,"0.538983,0.461017"
RACExPOLIDEOLOGY,RACExPOLIDEOLOGY :: Asian | Conservative,FAMSURV22c_W50,3,"0.363401,0.249761,0.386838"
RACExPOLIDEOLOGY,RACExPOLIDEOLOGY :: Asian | Liberal,FAMSURV22c_W50,3,"0.297502,0.273003,0.429495"
RACExPOLIDEOLOGY,RACExPOLIDEOLOGY :: Asian | Moderate,FAMSURV22c_W50,3,"0.254137,0.252159,0.493704"
RACExPOLIDEOLOGY,RACExPOLIDEOLOGY :: Asian | Very liberal,FAMSURV22c_W50,3,"0.306001,0.255673,0.438326"
RACExPOLIDEOLOGY,RACExPOLIDEOLOGY :: Black | Conservative,FAMSURV22c_W50,3,"0.300287,0.295632,0.404081"
RACExPOLIDEOLOGY,RACExPOLIDEOLOGY :: Black | Liberal,FAMSURV22c_W50,3,"0.279529,0.297557,0.422914"
RACExPOLIDEOLOGY,RACExPOLIDEOLOGY :: Black | Moderate,FAMSURV22c_W50,3,"0.243203,0.284333,0.472463"
RACExPOLIDEOLOGY,RACExPOLIDEOLOGY :: Black | Refused,FAMSURV22c_W50,3,"0.250498,0.266654,0.482848"
RACExPOLIDEOLOGY,RACExPOLIDEOLOGY :: Black | Very conservative,FAMSURV22c_W50,3,"0.289457,0.282752,0.427790"
RACExPOLIDEOLOGY,RACExPOLIDEOLOGY :: Black | Very liberal,FAMSURV22c_W50,3,"0.287521,0.280860,0.431619"
RACExPOLIDEOLOGY,RACExPOLIDEOLOGY :: Hispanic | Conservative,FAMSURV22c_W50,3,"0.292682,0.281469,0.425849"
RACExPOLIDEOLOGY,RACExPOLIDEOLOGY :: Hispanic | Liberal,FAMSURV22c_W50,3,"0.265317,0.286876,0.447807"
RACExPOLIDEOLOGY,RACExPOLIDEOLOGY :: Hispanic | Moderate,FAMSURV22c_W50,3,"0.225192,0.251220,0.523588"
RACExPOLIDEOLOGY,RACExPOLIDEOLOGY :: Hispanic | Very liberal,FAMSURV22c_W50,3,"0.279938,0.269214,0.450848"
RACExPOLIDEOLOGY,RACExPOLIDEOLOGY :: Mixed Race | Conservative,FAMSURV22c_W50,3,"0.306118,0.278724,0.415158"
RACExPOLIDEOLOGY,RACExPOLIDEOLOGY :: Mixed Race | Liberal,FAMSURV22c_W50,3,"0.284339,0.288817,0.426844"
RACExPOLIDEOLOGY,RACExPOLIDEOLOGY :: Mixed Race | Moderate,FAMSURV22c_W50,3,"0.244255,0.266175,0.489570"
RACExPOLIDEOLOGY,RACExPOLIDEOLOGY :: Refused | Moderate,FAMSURV22c_W50,3,"0.265987,0.274430,0.459584"
RACExPOLIDEOLOGY,RACExPOLIDEOLOGY :: White | Conservative,FAMSURV22c_W50,3,"0.290732,0.279594,0.429674"
RACExPOLIDEOLOGY,RACExPOLIDEOLOGY :: White | Liberal,FAMSURV22c_W50,3,"0.278958,0.292346,0.428696"
RACExPOLIDEOLOGY,RACExPOLIDEOLOGY :: White | Moderate,FAMSURV22c_W50,3,"0.249451,0.269721,0.480829"
RACExPOLIDEOLOGY,RACExPOLIDEOLOGY :: White | Refused,FAMSURV22c_W50,3,"0.251684,0.247782,0.500534"
RACExPOLIDEOLOGY,RACExPOLIDEOLOGY :: White | Very conservative,FAMSURV22c_W50,3,"0.291494,0.267490,0.441016"
RACExPOLIDEOLOGY,RACExPOLIDEOLOGY :: White | Very liberal,FAMSURV22c_W50,3,"0.289483,0.265645,0.444872"
RACExPOLIDEOLOGY,RACExPOLIDEOLOGY :: Asian | Conservative,FAMSURV22d_W50,3,"0.474180,0.265991,0.259829"
RACExPOLIDEOLOGY,RACExPOLIDEOLOGY :: Asian | Liberal,FAMSURV22d_W50,3,"0.439091,0.292498,0.268411"
RACExPOLIDEOLOGY,RACExPOLIDEOLOGY :: Asian | Moderate,FAMSURV22d_W50,3,"0.405013,0.300980,0.294008"
RACExPOLIDEOLOGY,RACExPOLIDEOLOGY :: Asian | Very liberal,FAMSURV22d_W50,3,"0.427760,0.280532,0.291707"
RACExPOLIDEOLOGY,RACExPOLIDEOLOGY :: Black | Conservative,FAMSURV22d_W50,3,"0.398099,0.317392,0.284509"
RACExPOLIDEOLOGY,RACExPOLIDEOLOGY :: Black | Liberal,FAMSURV22d_W50,3,"0.401615,0.320195,0.278190"
RACExPOLIDEOLOGY,RACExPOLIDEOLOGY :: Black | Moderate,FAMSURV22d_W50,3,"0.375864,0.329117,0.295019"
RACExPOLIDEOLOGY,RACExPOLIDEOLOGY :: Black | Refused,FAMSURV22d_W50,3,"0.358002,0.313477,0.328521"
RACExPOLIDEOLOGY,RACExPOLIDEOLOGY :: Black | Very conservative,FAMSURV22d_W50,3,"0.412535,0.299469,0.287996"
RACExPOLIDEOLOGY,RACExPOLIDEOLOGY :: Black | Very liberal,FAMSURV22d_W50,3,"0.396557,0.306435,0.297007"
RACExPOLIDEOLOGY,RACExPOLIDEOLOGY :: Hispanic | Conservative,FAMSURV22d_W50,3,"0.389973,0.313352,0.296676"
RACExPOLIDEOLOGY,RACExPOLIDEOLOGY :: Hispanic | Liberal,FAMSURV22d_W50,3,"0.393376,0.321064,0.285560"
RACExPOLIDEOLOGY,RACExPOLIDEOLOGY :: Hispanic | Moderate,FAMSURV22d_W50,3,"0.369732,0.323749,0.306519"
RACExPOLIDEOLOGY,RACExPOLIDEOLOGY :: Hispanic | Very liberal,FAMSURV22d_W50,3,"0.383576,0.308212,0.308212"
RACExPOLIDEOLOGY,RACExPOLIDEOLOGY :: Mixed Race | Conservative,FAMSURV22d_W50,3,"0.401180,0.307595,0.291225"
RACExPOLIDEOLOGY,RACExPOLIDEOLOGY :: Mixed Race | Liberal,FAMSURV22d_W50,3,"0.400960,0.314717,0.284323"
RACExPOLIDEOLOGY,RACExPOLIDEOLOGY :: Mixed Race | Moderate,FAMSURV22d_W50,3,"0.377870,0.323210,0.298920"
RACExPOLIDEOLOGY,RACExPOLIDEOLOGY :: Refused | Moderate,FAMSURV22d_W50,3,"0.339353,0.321293,0.339353"
RACExPOLIDEOLOGY,RACExPOLIDEOLOGY :: White | Conservative,FAMSURV22d_W50,3,"0.374354,0.317710,0.307935"
RACExPOLIDEOLOGY,RACExPOLIDEOLOGY :: White | Liberal,FAMSURV22d_W50,3,"0.375082,0.325877,0.299041"
RACExPOLIDEOLOGY,RACExPOLIDEOLOGY :: White | Moderate,FAMSURV22d_W50,3,"0.353503,0.332085,0.314412"
RACExPOLIDEOLOGY,RACExPOLIDEOLOGY :: White | Refused,FAMSURV22d_W50,3,"0.337195,0.309428,0.353377"
RACExPOLIDEOLOGY,RACExPOLIDEOLOGY :: White | Very conservative,FAMSURV22d_W50,3,"0.383511,0.301021,0.315468"
RACExPOLIDEOLOGY,RACExPOLIDEOLOGY :: White | Very liberal,FAMSURV22d_W50,3,"0.370616,0.304861,0.324523"
RACExPOLIDEOLOGY,RACExPOLIDEOLOGY :: Asian | Conservative,FAMSURV22f_W50,3,"0.402735,0.281154,0.316110"
RACExPOLIDEOLOGY,RACExPOLIDEOLOGY :: Asian | Liberal,FAMSURV22f_W50,3,"0.344324,0.308650,0.347025"
RACExPOLIDEOLOGY,RACExPOLIDEOLOGY :: Asian | Moderate,FAMSURV22f_W50,3,"0.299036,0.310948,0.390016"
RACExPOLIDEOLOGY,RACExPOLIDEOLOGY :: Asian | Very liberal,FAMSURV22f_W50,3,"0.347170,0.294639,0.358190"
RACExPOLIDEOLOGY,RACExPOLIDEOLOGY :: Black | Conservative,FAMSURV22f_W50,3,"0.321233,0.331430,0.347336"
RACExPOLIDEOLOGY,RACExPOLIDEOLOGY :: Black | Liberal,FAMSURV22f_W50,3,"0.314491,0.337399,0.348110"
RACExPOLIDEOLOGY,RACExPOLIDEOLOGY :: Black | Moderate,FAMSURV22f_W50,3,"0.277563,0.340077,0.382359"
RACExPOLIDEOLOGY,RACExPOLIDEOLOGY :: Black | Refused,FAMSURV22f_W50,3,"0.291402,0.322553,0.386045"
RACExPOLIDEOLOGY,RACExPOLIDEOLOGY :: Black | Very conservative,FAMSURV22f_W50,3,"0.323652,0.323652,0.352696"
RACExPOLIDEOLOGY,RACExPOLIDEOLOGY :: Black | Very liberal,FAMSURV22f_W50,3,"0.319267,0.321771,0.358962"
RACExPOLIDEOLOGY,RACExPOLIDEOLOGY :: Hispanic | Conservative,FAMSURV22f_W50,3,"0.312514,0.324963,0.362523"
RACExPOLIDEOLOGY,RACExPOLIDEOLOGY :: Hispanic | Liberal,FAMSURV22f_W50,3,"0.298547,0.335665,0.365787"
RACExPOLIDEOLOGY,RACExPOLIDEOLOGY :: Hispanic | Moderate,FAMSURV22f_W50,3,"0.266664,0.326723,0.406613"
RACExPOLIDEOLOGY,RACExPOLIDEOLOGY :: Hispanic | Very liberal,FAMSURV22f_W50,3,"0.310505,0.317869,0.371626"
RACExPOLIDEOLOGY,RACExPOLIDEOLOGY :: Mixed Race | Conservative,FAMSURV22f_W50,3,"0.326907,0.316849,0.356243"
RACExPOLIDEOLOGY,RACExPOLIDEOLOGY :: Mixed Race | Liberal,FAMSURV22f_W50,3,"0.310923,0.328400,0.360677"
RACExPOLIDEOLOGY,RACExPOLIDEOLOGY :: Mixed Race | Moderate,FAMSURV22f_W50,3,"0.275391,0.327035,0.397574"
RACExPOLIDEOLOGY,RACExPOLIDEOLOGY :: Refused | Moderate,FAMSURV22f_W50,3,"0.285213,0.315702,0.399085"
RACExPOLIDEOLOGY,RACExPOLIDEOLOGY :: White | Conservative,FAMSURV22f_W50,3,"0.305374,0.317539,0.377087"
RACExPOLIDEOLOGY,RACExPOLIDEOLOGY :: White | Liberal,FAMSURV22f_W50,3,"0.299246,0.331235,0.369519"
RACExPOLIDEOLOGY,RACExPOLIDEOLOGY :: White | Moderate,FAMSURV22f_W50,3,"0.271272,0.324670,0.404058"
RACExPOLIDEOLOGY,RACExPOLIDEOLOGY :: White | Refused,FAMSURV22f_W50,3,"0.280965,0.303796,0.415239"
RACExPOLIDEOLOGY,RACExPOLIDEOLOGY :: White | Very conservative,FAMSURV22f_W50,3,"0.310975,0.310975,0.378050"
RACExPOLIDEOLOGY,RACExPOLIDEOLOGY :: White | Very liberal,FAMSURV22f_W50,3,"0.309880,0.307469,0.382651"
RACExPOLIDEOLOGY,RACExPOLIDEOLOGY :: Asian | Conservative,FAMSURV22g_W50,3,"0.450803,0.267092,0.282105"
RACExPOLIDEOLOGY,RACExPOLIDEOLOGY :: Asian | Liberal,FAMSURV22g_W50,3,"0.407849,0.293763,0.298389"
RACExPOLIDEOLOGY,RACExPOLIDEOLOGY :: Asian | Moderate,FAMSURV22g_W50,3,"0.370474,0.300019,0.329507"
RACExPOLIDEOLOGY,RACExPOLIDEOLOGY :: Asian | Very liberal,FAMSURV22g_W50,3,"0.401615,0.278190,0.320195"
RACExPOLIDEOLOGY,RACExPOLIDEOLOGY :: Black | Conservative,FAMSURV22g_W50,3,"0.370723,0.317096,0.312180"
RACExPOLIDEOLOGY,RACExPOLIDEOLOGY :: Black | Liberal,FAMSURV22g_W50,3,"0.365251,0.322333,0.312416"
RACExPOLIDEOLOGY,RACExPOLIDEOLOGY :: Black | Moderate,FAMSURV22g_W50,3,"0.336808,0.329006,0.334187"
RACExPOLIDEOLOGY,RACExPOLIDEOLOGY :: Black | Refused,FAMSURV22g_W50,3,"0.329324,0.311798,0.358877"
RACExPOLIDEOLOGY,RACExPOLIDEOLOGY :: Black | Very conservative,FAMSURV22g_W50,3,"0.377935,0.301316,0.320749"
RACExPOLIDEOLOGY,RACExPOLIDEOLOGY :: Black | Very liberal,FAMSURV22g_W50,3,"0.366915,0.304184,0.328901"
RACExPOLIDEOLOGY,RACExPOLIDEOLOGY :: Hispanic | Conservative,FAMSURV22g_W50,3,"0.363406,0.310838,0.325755"
RACExPOLIDEOLOGY,RACExPOLIDEOLOGY :: Hispanic | Liberal,FAMSURV22g_W50,3,"0.357166,0.320161,0.322673"
RACExPOLIDEOLOGY,RACExPOLIDEOLOGY :: Hispanic | Moderate,FAMSURV22g_W50,3,"0.328804,0.321187,0.350010"
RACExPOLIDEOLOGY,RACExPOLIDEOLOGY :: Hispanic | Very liberal,FAMSURV22g_W50,3,"0.354983,0.303633,0.341384"
RACExPOLIDEOLOGY,RACExPOLIDEOLOGY :: Mixed Race | Conservative,FAMSURV22g_W50,3,"0.378924,0.304474,0.316603"
RACExPOLIDEOLOGY,RACExPOLIDEOLOGY :: Mixed Race | Liberal,FAMSURV22g_W50,3,"0.371640,0.312953,0.315407"
RACExPOLIDEOLOGY,RACExPOLIDEOLOGY :: Mixed Race | Moderate,FAMSURV22g_W50,3,"0.340204,0.319592,0.340204"
RACExPOLIDEOLOGY,RACExPOLIDEOLOGY :: Refused | Moderate,FAMSURV22g_W50,3,"0.313860,0.316322,0.369818"
RACExPOLIDEOLOGY,RACExPOLIDEOLOGY :: White | Conservative,FAMSURV22g_W50,3,"0.352585,0.313595,0.333820"
RACExPOLIDEOLOGY,RACExPOLIDEOLOGY :: White | Liberal,FAMSURV22g_W50,3,"0.346477,0.325485,0.328038"
RACExPOLIDEOLOGY,RACExPOLIDEOLOGY :: White | Moderate,FAMSURV22g_W50,3,"0.322833,0.325365,0.351803"
RACExPOLIDEOLOGY,RACExPOLIDEOLOGY :: White | Refused,FAMSURV22g_W50,3,"0.313979,0.304319,0.381702"
RACExPOLIDEOLOGY,RACExPOLIDEOLOGY :: White | Very conservative,FAMSURV22g_W50,3,"0.356662,0.300340,0.342998"
RACExPOLIDEOLOGY,RACExPOLIDEOLOGY :: White | Very liberal,FAMSURV22g_W50,3,"0.345856,0.302842,0.351302"
RACExPOLIDEOLOGY,RACExPOLIDEOLOGY :: Asian | Conservative,FAMSURV23b_W50,3,"0.504873,0.263979,0.231148"
RACExPOLIDEOLOGY,RACExPOLIDEOLOGY :: Asian | Liberal,FAMSURV23b_W50,3,"0.482353,0.276992,0.240655"
RACExPOLIDEOLOGY,RACExPOLIDEOLOGY :: Asian | Moderate,FAMSURV23b_W50,3,"0.448734,0.287470,0.263797"
RACExPOLIDEOLOGY,RACExPOLIDEOLOGY :: Asian | Very liberal,FAMSURV23b_W50,3,"0.462478,0.274009,0.263512"
RACExPOLIDEOLOGY,RACExPOLIDEOLOGY :: Black | Conservative,FAMSURV23b_W50,3,"0.419357,0.314084,0.266559"
RACExPOLIDEOLOGY,RACExPOLIDEOLOGY :: Black | Liberal,FAMSURV23b_W50,3,"0.432564,0.309140,0.258296"
RACExPOLIDEOLOGY,RACExPOLIDEOLOGY :: Black | Moderate,FAMSURV23b_W50,3,"0.411915,0.315826,0.272259"
RACExPOLIDEOLOGY,RACExPOLIDEOLOGY :: Black | Refused,FAMSURV23b_W50,3,"0.394689,0.307384,0.297927"
RACExPOLIDEOLOGY,RACExPOLIDEOLOGY :: Black | Very conservative,FAMSURV23b_W50,3,"0.437078,0.295742,0.267180"
RACExPOLIDEOLOGY,RACExPOLIDEOLOGY :: Black | Very liberal,FAMSURV23b_W50,3,"0.422765,0.302137,0.275098"
RACExPOLIDEOLOGY,RACExPOLIDEOLOGY :: Hispanic | Conservative,FAMSURV23b_W50,3,"0.409272,0.313800,0.276928"
RACExPOLIDEOLOGY,RACExPOLIDEOLOGY :: Hispanic | Liberal,FAMSURV23b_W50,3,"0.426106,0.309319,0.264575"
RACExPOLIDEOLOGY,RACExPOLIDEOLOGY :: Hispanic | Moderate,FAMSURV23b_W50,3,"0.408268,0.315485,0.276248"
RACExPOLIDEOLOGY,RACExPOLIDEOLOGY :: Hispanic | Very liberal,FAMSURV23b_W50,3,"0.408651,0.306065,0.285284"
RACExPOLIDEOLOGY,RACExPOLIDEOLOGY :: Mixed Race | Conservative,FAMSURV23b_W50,3,"0.428286,0.303700,0.268014"
RACExPOLIDEOLOGY,RACExPOLIDEOLOGY :: Mixed Race | Liberal,FAMSURV23b_W50,3,"0.438641,0.301473,0.259886"
RACExPOLIDEOLOGY,RACExPOLIDEOLOGY :: Mixed Race | Moderate,FAMSURV23b_W50,3,"0.418623,0.311094,0.270283"
RACExPOLIDEOLOGY,RACExPOLIDEOLOGY :: Refused | Moderate,FAMSURV23b_W50,3,"0.360761,0.320868,0.318371"
RACExPOLIDEOLOGY,RACExPOLIDEOLOGY :: White | Conservative,FAMSURV23b_W50,3,"0.392497,0.320347,0.287157"
RACExPOLIDEOLOGY,RACExPOLIDEOLOGY :: White | Liberal,FAMSURV23b_W50,3,"0.400609,0.321898,0.277493"
RACExPOLIDEOLOGY,RACExPOLIDEOLOGY :: White | Moderate,FAMSURV23b_W50,3,"0.382132,0.329419,0.288449"
RACExPOLIDEOLOGY,RACExPOLIDEOLOGY :: White | Refused,FAMSURV23b_W50,3,"0.361636,0.314195,0.324169"
RACExPOLIDEOLOGY,RACExPOLIDEOLOGY :: White | Very conservative,FAMSURV23b_W50,3,"0.401224,0.305235,0.293541"
RACExPOLIDEOLOGY,RACExPOLIDEOLOGY :: White | Very liberal,FAMSURV23b_W50,3,"0.388188,0.309491,0.302321"
RACExPOLIDEOLOGY,RACExPOLIDEOLOGY :: Asian | Conservative,FAMSURV23d_W50,3,"0.438326,0.276449,0.285224"
RACExPOLIDEOLOGY,RACExPOLIDEOLOGY :: Asian | Liberal,FAMSURV23d_W50,3,"0.403146,0.299593,0.297261"
RACExPOLIDEOLOGY,RACExPOLIDEOLOGY :: Asian | Moderate,FAMSURV23d_W50,3,"0.360677,0.310923,0.328400"
RACExPOLIDEOLOGY,RACExPOLIDEOLOGY :: Asian | Very liberal,FAMSURV23d_W50,3,"0.392671,0.291809,0.315520"
RACExPOLIDEOLOGY,RACExPOLIDEOLOGY :: Black | Conservative,FAMSURV23d_W50,3,"0.371598,0.320337,0.308065"
RACExPOLIDEOLOGY,RACExPOLIDEOLOGY :: Black | Liberal,FAMSURV23d_W50,3,"0.371555,0.322812,0.305633"
RACExPOLIDEOLOGY,RACExPOLIDEOLOGY :: Black | Moderate,FAMSURV23d_W50,3,"0.335927,0.335927,0.328146"
RACExPOLIDEOLOGY,RACExPOLIDEOLOGY :: Black | Refused,FAMSURV23d_W50,3,"0.320755,0.315782,0.363463"
RACExPOLIDEOLOGY,RACExPOLIDEOLOGY :: Black | Very conservative,FAMSURV23d_W50,3,"0.378042,0.308549,0.313408"
RACExPOLIDEOLOGY,RACExPOLIDEOLOGY :: Black | Very liberal,FAMSURV23d_W50,3,"0.364330,0.311628,0.324042"
RACExPOLIDEOLOGY,RACExPOLIDEOLOGY :: Hispanic | Conservative,FAMSURV23d_W50,3,"0.358962,0.319267,0.321771"
RACExPOLIDEOLOGY,RACExPOLIDEOLOGY :: Hispanic | Liberal,FAMSURV23d_W50,3,"0.354454,0.327816,0.317730"
RACExPOLIDEOLOGY,RACExPOLIDEOLOGY :: Hispanic | Moderate,FAMSURV23d_W50,3,"0.321287,0.336706,0.342008"
RACExPOLIDEOLOGY,RACExPOLIDEOLOGY :: Hispanic | Very liberal,FAMSURV23d_W50,3,"0.347253,0.316178,0.336569"
RACExPOLIDEOLOGY,RACExPOLIDEOLOGY :: Mixed Race | Conservative,FAMSURV23d_W50,3,"0.375296,0.313572,0.311132"
RACExPOLIDEOLOGY,RACExPOLIDEOLOGY :: Mixed Race | Liberal,FAMSURV23d_W50,3,"0.371598,0.320337,0.308065"
RACExPOLIDEOLOGY,RACExPOLIDEOLOGY :: Mixed Race | Moderate,FAMSURV23d_W50,3,"0.338555,0.333306,0.328139"
RACExPOLIDEOLOGY,RACExPOLIDEOLOGY :: Refused | Moderate,FAMSURV23d_W50,3,"0.307403,0.324683,0.367914"
RACExPOLIDEOLOGY,RACExPOLIDEOLOGY :: White | Conservative,FAMSURV23d_W50,3,"0.345567,0.322104,0.332329"
RACExPOLIDEOLOGY,RACExPOLIDEOLOGY :: White | Liberal,FAMSURV23d_W50,3,"0.343823,0.330652,0.325525"
RACExPOLIDEOLOGY,RACExPOLIDEOLOGY :: White | Moderate,FAMSURV23d_W50,3,"0.316178,0.336569,0.347253"
RACExPOLIDEOLOGY,RACExPOLIDEOLOGY :: White | Refused,FAMSURV23d_W50,3,"0.302321,0.309491,0.388188"
RACExPOLIDEOLOGY,RACExPOLIDEOLOGY :: White | Very conservative,FAMSURV23d_W50,3,"0.349815,0.311132,0.339053"
RACExPOLIDEOLOGY,RACExPOLIDEOLOGY :: White | Very liberal,FAMSURV23d_W50,3,"0.339053,0.311132,0.349815"
RACExPOLIDEOLOGY,RACExPOLIDEOLOGY :: Asian | Conservative,FAMSURV23e_W50,3,"0.427805,0.287215,0.284980"
RACExPOLIDEOLOGY,RACExPOLIDEOLOGY :: Asian | Liberal,FAMSURV23e_W50,3,"0.390962,0.309277,0.299761"
RACExPOLIDEOLOGY,RACExPOLIDEOLOGY :: Asian | Moderate,FAMSURV23e_W50,3,"0.353587,0.324469,0.321944"
RACExPOLIDEOLOGY,RACExPOLIDEOLOGY :: Asian | Very liberal,FAMSURV23e_W50,3,"0.388188,0.302321,0.309491"
RACExPOLIDEOLOGY,RACExPOLIDEOLOGY :: Black | Conservative,FAMSURV23e_W50,3,"0.356096,0.334522,0.309382"
RACExPOLIDEOLOGY,RACExPOLIDEOLOGY :: Black | Liberal,FAMSURV23e_W50,3,"0.355165,0.336263,0.308572"
RACExPOLIDEOLOGY,RACExPOLIDEOLOGY :: Black | Moderate,FAMSURV23e_W50,3,"0.327977,0.349130,0.322893"
RACExPOLIDEOLOGY,RACExPOLIDEOLOGY :: Black | Refused,FAMSURV23e_W50,3,"0.328992,0.331572,0.339435"
RACExPOLIDEOLOGY,RACExPOLIDEOLOGY :: Black | Very conservative,FAMSURV23e_W50,3,"0.366141,0.323119,0.310740"
RACExPOLIDEOLOGY,RACExPOLIDEOLOGY :: Black | Very liberal,FAMSURV23e_W50,3,"0.357152,0.325191,0.317658"
RACExPOLIDEOLOGY,RACExPOLIDEOLOGY :: Hispanic | Conservative,FAMSURV23e_W50,3,"0.345533,0.334902,0.319566"
RACExPOLIDEOLOGY,RACExPOLIDEOLOGY :: Hispanic | Liberal,FAMSURV23e_W50,3,"0.343658,0.340984,0.315358"
RACExPOLIDEOLOGY,RACExPOLIDEOLOGY :: Hispanic | Moderate,FAMSURV23e_W50,3,"0.316968,0.350852,0.332180"
RACExPOLIDEOLOGY,RACExPOLIDEOLOGY :: Hispanic | Very liberal,FAMSURV23e_W50,3,"0.343830,0.328085,0.328085"
RACExPOLIDEOLOGY,RACExPOLIDEOLOGY :: Mixed Race | Conservative,FAMSURV23e_W50,3,"0.361552,0.329197,0.309252"
RACExPOLIDEOLOGY,RACExPOLIDEOLOGY :: Mixed Race | Liberal,FAMSURV23e_W50,3,"0.357890,0.333590,0.308520"
RACExPOLIDEOLOGY,RACExPOLIDEOLOGY :: Mixed Race | Moderate,FAMSURV23e_W50,3,"0.331430,0.347336,0.321233"
RACExPOLIDEOLOGY,RACExPOLIDEOLOGY :: Refused | Moderate,FAMSURV23e_W50,3,"0.312809,0.338227,0.348964"
RACExPOLIDEOLOGY,RACExPOLIDEOLOGY :: White | Conservative,FAMSURV23e_W50,3,"0.334187,0.336808,0.329006"
RACExPOLIDEOLOGY,RACExPOLIDEOLOGY :: White | Liberal,FAMSURV23e_W50,3,"0.334119,0.342042,0.323839"
RACExPOLIDEOLOGY,RACExPOLIDEOLOGY :: White | Moderate,FAMSURV23e_W50,3,"0.307761,0.354230,0.338009"
RACExPOLIDEOLOGY,RACExPOLIDEOLOGY :: White | Refused,FAMSURV23e_W50,3,"0.309252,0.329197,0.361552"
RACExPOLIDEOLOGY,RACExPOLIDEOLOGY :: White | Very conservative,FAMSURV23e_W50,3,"0.342934,0.324683,0.332383"
RACExPOLIDEOLOGY,RACExPOLIDEOLOGY :: White | Very liberal,FAMSURV23e_W50,3,"0.335900,0.325565,0.338535"
RACExPOLIDEOLOGY,RACExPOLIDEOLOGY :: Asian | Conservative,FAMSURV23f_W50,3,"0.455705,0.276399,0.267895"
RACExPOLIDEOLOGY,RACExPOLIDEOLOGY :: Asian | Liberal,FAMSURV23f_W50,3,"0.410643,0.300433,0.288924"
RACExPOLIDEOLOGY,RACExPOLIDEOLOGY :: Asian | Moderate,FAMSURV23f_W50,3,"0.372526,0.308835,0.318639"
RACExPOLIDEOLOGY,RACExPOLIDEOLOGY :: Asian | Very liberal,FAMSURV23f_W50,3,"0.395562,0.293957,0.310481"
RACExPOLIDEOLOGY,RACExPOLIDEOLOGY :: Black | Conservative,FAMSURV23f_W50,3,"0.367786,0.329681,0.302533"
RACExPOLIDEOLOGY,RACExPOLIDEOLOGY :: Black | Liberal,FAMSURV23f_W50,3,"0.374126,0.327595,0.298279"
RACExPOLIDEOLOGY,RACExPOLIDEOLOGY :: Black | Moderate,FAMSURV23f_W50,3,"0.346436,0.333164,0.320401"
RACExPOLIDEOLOGY,RACExPOLIDEOLOGY :: Black | Refused,FAMSURV23f_W50,3,"0.342008,0.321287,0.336706"
RACExPOLIDEOLOGY,RACExPOLIDEOLOGY :: Black | Very conservative,FAMSURV23f_W50,3,"0.370702,0.319565,0.309733"
RACExPOLIDEOLOGY,RACExPOLIDEOLOGY :: Black | Very liberal,FAMSURV23f_W50,3,"0.366184,0.318146,0.315670"
RACExPOLIDEOLOGY,RACExPOLIDEOLOGY :: Hispanic | Conservative,FAMSURV23f_W50,3,"0.357124,0.327715,0.315161"
RACExPOLIDEOLOGY,RACExPOLIDEOLOGY :: Hispanic | Liberal,FAMSURV23f_W50,3,"0.360677,0.328400,0.310923"
RACExPOLIDEOLOGY,RACExPOLIDEOLOGY :: Hispanic | Moderate,FAMSURV23f_W50,3,"0.338555,0.333306,0.328139"
RACExPOLIDEOLOGY,RACExPOLIDEOLOGY :: Hispanic | Very liberal,FAMSURV23f_W50,3,"0.351789,0.320308,0.327903"
RACExPOLIDEOLOGY,RACExPOLIDEOLOGY :: Mixed Race | Conservative,FAMSURV23f_W50,3,"0.374354,0.317710,0.307935"
RACExPOLIDEOLOGY,RACExPOLIDEOLOGY :: Mixed Race | Liberal,FAMSURV23f_W50,3,"0.375211,0.320935,0.303855"
RACExPOLIDEOLOGY,RACExPOLIDEOLOGY :: Mixed Race | Moderate,FAMSURV23f_W50,3,"0.348234,0.329702,0.322064"
RACExPOLIDEOLOGY,RACExPOLIDEOLOGY :: Refused | Moderate,FAMSURV23f_W50,3,"0.327082,0.322011,0.350907"
RACExPOLIDEOLOGY,RACExPOLIDEOLOGY :: White | Conservative,FAMSURV23f_W50,3,"0.347357,0.328871,0.323772"
RACExPOLIDEOLOGY,RACExPOLIDEOLOGY :: White | Liberal,FAMSURV23f_W50,3,"0.353545,0.329540,0.316915"
RACExPOLIDEOLOGY,RACExPOLIDEOLOGY :: White | Moderate,FAMSURV23f_W50,3,"0.329863,0.337686,0.332451"
RACExPOLIDEOLOGY,RACExPOLIDEOLOGY :: White | Refused,FAMSURV23f_W50,3,"0.322673,0.320161,0.357166"
RACExPOLIDEOLOGY,RACExPOLIDEOLOGY :: White | Very conservative,FAMSURV23f_W50,3,"0.350852,0.316968,0.332180"
RACExPOLIDEOLOGY,RACExPOLIDEOLOGY :: White | Very liberal,FAMSURV23f_W50,3,"0.347253,0.316178,0.336569"
RACExPOLIDEOLOGY,RACExPOLIDEOLOGY :: Asian | Conservative,FAMSURV26a_W50,4,"0.291582,0.227084,0.269669,0.211666"
RACExPOLIDEOLOGY,RACExPOLIDEOLOGY :: Asian | Liberal,FAMSURV26a_W50,4,"0.239338,0.231975,0.279815,0.248872"
RACExPOLIDEOLOGY,RACExPOLIDEOLOGY :: Asian | Moderate,FAMSURV26a_W50,4,"0.208834,0.218856,0.318433,0.253877"
RACExPOLIDEOLOGY,RACExPOLIDEOLOGY :: Asian | Very liberal,FAMSURV26a_W50,4,"0.276166,0.220179,0.238070,0.265586"
RACExPOLIDEOLOGY,RACExPOLIDEOLOGY :: Black | Conservative,FAMSURV26a_W50,4,"0.237642,0.249047,0.275669,0.237642"
RACExPOLIDEOLOGY,RACExPOLIDEOLOGY :: Black | Liberal,FAMSURV26a_W50,4,"0.222254,0.259841,0.283159,0.234747"
RACExPOLIDEOLOGY,RACExPOLIDEOLOGY :: Black | Moderate,FAMSURV26a_W50,4,"0.197687,0.247955,0.315903,0.238456"
RACExPOLIDEOLOGY,RACExPOLIDEOLOGY :: Black | Refused,FAMSURV26a_W50,4,"0.211287,0.237556,0.277731,0.273426"
RACExPOLIDEOLOGY,RACExPOLIDEOLOGY :: Black | Very conservative,FAMSURV26a_W50,4,"0.256303,0.246484,0.258313,0.238900"
RACExPOLIDEOLOGY,RACExPOLIDEOLOGY :: Black | Very liberal,FAMSURV26a_W50,4,"0.256338,0.240807,0.246518,0.256338"
RACExPOLIDEOLOGY,RACExPOLIDEOLOGY :: Hispanic | Conservative,FAMSURV26a_W50,4,"0.234204,0.243534,0.282504,0.239758"
RACExPOLIDEOLOGY,RACExPOLIDEOLOGY :: Hispanic | Liberal,FAMSURV26a_W50,4,"0.215996,0.246675,0.290654,0.246675"
RACExPOLIDEOLOGY,RACExPOLIDEOLOGY :: Hispanic | Moderate,FAMSURV26a_W50,4,"0.191459,0.242027,0.328238,0.238275"
RACExPOLIDEOLOGY,RACExPOLIDEOLOGY :: Hispanic | Very liberal,FAMSURV26a_W50,4,"0.253848,0.240339,0.247968,0.257846"
RACExPOLIDEOLOGY,RACExPOLIDEOLOGY :: Mixed Race | Conservative,FAMSURV26a_W50,4,"0.244920,0.239247,0.268992,0.246841"
RACExPOLIDEOLOGY,RACExPOLIDEOLOGY :: Mixed Race | Liberal,FAMSURV26a_W50,4,"0.226638,0.246976,0.275521,0.250865"
RACExPOLIDEOLOGY,RACExPOLIDEOLOGY :: Mixed Race | Moderate,FAMSURV26a_W50,4,"0.198186,0.240933,0.314235,0.246646"
RACExPOLIDEOLOGY,RACExPOLIDEOLOGY :: Refused | Moderate,FAMSURV26a_W50,4,"0.219226,0.240773,0.283700,0.256301"
RACExPOLIDEOLOGY,RACExPOLIDEOLOGY :: White | Conservative,FAMSURV26a_W50,4,"0.239106,0.237245,0.273068,0.250581"
RACExPOLIDEOLOGY,RACExPOLIDEOLOGY :: White | Liberal,FAMSURV26a_W50,4,"0.226139,0.244514,0.277071,0.252276"
RACExPOLIDEOLOGY,RACExPOLIDEOLOGY :: White | Moderate,FAMSURV26a_W50,4,"0.200807,0.234767,0.318392,0.246034"
RACExPOLIDEOLOGY,RACExPOLIDEOLOGY :: White | Refused,FAMSURV26a_W50,4,"0.220547,0.225777,0.266030,0.287647"
RACExPOLIDEOLOGY,RACExPOLIDEOLOGY :: White | Very conservative,FAMSURV26a_W50,4,"0.265687,0.230833,0.241911,0.261568"
RACExPOLIDEOLOGY,RACExPOLIDEOLOGY :: White | Very liberal,FAMSURV26a_W50,4,"0.265296,0.230493,0.230493,0.273717"
RACExPOLIDEOLOGY,RACExPOLIDEOLOGY :: Asian | Liberal,FAMSURV27a_W50,4,"0.237279,0.242906,0.286214,0.233601"
RACExPOLIDEOLOGY,RACExPOLIDEOLOGY :: Asian | Moderate,FAMSURV27a_W50,4,"0.203330,0.234032,0.324921,0.237717"
RACExPOLIDEOLOGY,RACExPOLIDEOLOGY :: Black | Conservative,FAMSURV27a_W50,4,"0.233411,0.258363,0.283756,0.224470"
RACExPOLIDEOLOGY,RACExPOLIDEOLOGY :: Black | Liberal,FAMSURV27a_W50,4,"0.222004,0.269888,0.289547,0.218562"
RACExPOLIDEOLOGY,RACExPOLIDEOLOGY :: Black | Moderate,FAMSURV27a_W50,4,"0.191823,0.260151,0.323763,0.224264"
RACExPOLIDEOLOGY,RACExPOLIDEOLOGY :: Black | Refused,FAMSURV27a_W50,4,"0.207959,0.246957,0.284246,0.260839"
RACExPOLIDEOLOGY,RACExPOLIDEOLOGY :: Black | Very conservative,FAMSURV27a_W50,4,"0.246275,0.256085,0.266286,0.231354"
RACExPOLIDEOLOGY,RACExPOLIDEOLOGY :: Black | Very liberal,FAMSURV27a_W50,4,"0.246589,0.250472,0.254416,0.248523"
RACExPOLIDEOLOGY,RACExPOLIDEOLOGY :: Hispanic | Liberal,FAMSURV27a_W50,4,"0.213368,0.257371,0.298555,0.230706"
RACExPOLIDEOLOGY,RACExPOLIDEOLOGY :: Hispanic | Moderate,FAMSURV27a_W50,4,"0.186435,0.252843,0.337590,0.223133"
RACExPOLIDEOLOGY,RACExPOLIDEOLOGY :: Hispanic | Very liberal,FAMSURV27a_W50,4,"0.244175,0.249966,0.255893,0.249966"
RACExPOLIDEOLOGY,RACExPOLIDEOLOGY :: Mixed Race | Conservative,FAMSURV27a_W50,4,"0.239007,0.246594,0.277253,0.237147"
RACExPOLIDEOLOGY,RACExPOLIDEOLOGY :: Mixed Race | Liberal,FAMSURV27a_W50,4,"0.225041,0.255005,0.282264,0.237690"
RACExPOLIDEOLOGY,RACExPOLIDEOLOGY :: Mixed Race | Moderate,FAMSURV27a_W50,4,"0.192991,0.251708,0.320684,0.234617"
RACExPOLIDEOLOGY,RACExPOLIDEOLOGY :: Refused | Moderate,FAMSURV27a_W50,4,"0.214174,0.250395,0.292741,0.242691"
RACExPOLIDEOLOGY,RACExPOLIDEOLOGY :: White | Conservative,FAMSURV27a_W50,4,"0.231048,0.244035,0.280882,0.244035"
RACExPOLIDEOLOGY,RACExPOLIDEOLOGY :: White | Liberal,FAMSURV27a_W50,4,"0.222374,0.251983,0.283312,0.242330"
RACExPOLIDEOLOGY,RACExPOLIDEOLOGY :: White | Moderate,FAMSURV27a_W50,4,"0.192787,0.245617,0.325389,0.236207"
RACExPOLIDEOLOGY,RACExPOLIDEOLOGY :: White | Very conservative,FAMSURV27a_W50,4,"0.254339,0.238930,0.250396,0.256334"
RACExPOLIDEOLOGY,RACExPOLIDEOLOGY :: White | Very liberal,FAMSURV27a_W50,4,"0.253120,0.239650,0.237785,0.269445"
RACExPOLIDEOLOGY,RACExPOLIDEOLOGY :: Asian | Liberal,FAMSURV27b_W50,4,"0.230974,0.236451,0.294269,0.238306"
RACExPOLIDEOLOGY,RACExPOLIDEOLOGY :: Asian | Moderate,FAMSURV27b_W50,4,"0.200636,0.229133,0.328218,0.242013"
RACExPOLIDEOLOGY,RACExPOLIDEOLOGY :: Black | Conservative,FAMSURV27b_W50,4,"0.226996,0.253233,0.289201,0.230571"
RACExPOLIDEOLOGY,RACExPOLIDEOLOGY :: Black | Liberal,FAMSURV27b_W50,4,"0.217097,0.263922,0.296736,0.222245"
RACExPOLIDEOLOGY,RACExPOLIDEOLOGY :: Black | Moderate,FAMSURV27b_W50,4,"0.189845,0.257469,0.325471,0.227215"
RACExPOLIDEOLOGY,RACExPOLIDEOLOGY :: Black | Refused,FAMSURV27b_W50,4,"0.204872,0.245199,0.288915,0.261013"
RACExPOLIDEOLOGY,RACExPOLIDEOLOGY :: Black | Very conservative,FAMSURV27b_W50,4,"0.237245,0.250581,0.273068,0.239106"
RACExPOLIDEOLOGY,RACExPOLIDEOLOGY :: Black | Very liberal,FAMSURV27b_W50,4,"0.238875,0.244539,0.260311,0.256275"
RACExPOLIDEOLOGY,RACExPOLIDEOLOGY :: Hispanic | Liberal,FAMSURV27b_W50,4,"0.208578,0.251593,0.303479,0.236350"
RACExPOLIDEOLOGY,RACExPOLIDEOLOGY :: Hispanic | Moderate,FAMSURV27b_W50,4,"0.183791,0.251213,0.338044,0.226952"
RACExPOLIDEOLOGY,RACExPOLIDEOLOGY :: Hispanic | Very liberal,FAMSURV27b_W50,4,"0.234578,0.242024,0.263743,0.259654"
RACExPOLIDEOLOGY,RACExPOLIDEOLOGY :: Mixed Race | Conservative,FAMSURV27b_W50,4,"0.233690,0.241108,0.284094,0.241108"
RACExPOLIDEOLOGY,RACExPOLIDEOLOGY :: Mixed Race | Liberal,FAMSURV27b_W50,4,"0.221738,0.249306,0.289200,0.239756"
RACExPOLIDEOLOGY,RACExPOLIDEOLOGY :: Mixed Race | Moderate,FAMSURV27b_W50,4,"0.190852,0.246980,0.324650,0.237519"
RACExPOLIDEOLOGY,RACExPOLIDEOLOGY :: Refused | Moderate,FAMSURV27b_W50,4,"0.213693,0.247888,0.294374,0.244045"
RACExPOLIDEOLOGY,RACExPOLIDEOLOGY :: White | Conservative,FAMSURV27b_W50,4,"0.224930,0.237574,0.286568,0.250928"
RACExPOLIDEOLOGY,RACExPOLIDEOLOGY :: White | Liberal,FAMSURV27b_W50,4,"0.219569,0.244946,0.288617,0.246868"
RACExPOLIDEOLOGY,RACExPOLIDEOLOGY :: White | Moderate,FAMSURV27b_W50,4,"0.192313,0.239337,0.327135,0.241214"
RACExPOLIDEOLOGY,RACExPOLIDEOLOGY :: White | Very conservative,FAMSURV27b_W50,4,"0.244804,0.231776,0.254556,0.268865"
RACExPOLIDEOLOGY,RACExPOLIDEOLOGY :: White | Very liberal,FAMSURV27b_W50,4,"0.245945,0.231044,0.242132,0.280878"
RACExPOLIDEOLOGY,RACExPOLIDEOLOGY :: Asian | Liberal,FAMSURV27d_W50,4,"0.219232,0.242667,0.297322,0.240779"
RACExPOLIDEOLOGY,RACExPOLIDEOLOGY :: Asian | Moderate,FAMSURV27d_W50,4,"0.188781,0.236785,0.333920,0.240514"
RACExPOLIDEOLOGY,RACExPOLIDEOLOGY :: Black | Conservative,FAMSURV27d_W50,4,"0.218438,0.257383,0.291653,0.232526"
RACExPOLIDEOLOGY,RACExPOLIDEOLOGY :: Black | Liberal,FAMSURV27d_W50,4,"0.204398,0.270783,0.302080,0.222740"
RACExPOLIDEOLOGY,RACExPOLIDEOLOGY :: Black | Moderate,FAMSURV27d_W50,4,"0.180956,0.265354,0.330239,0.223451"
RACExPOLIDEOLOGY,RACExPOLIDEOLOGY :: Black | Refused,FAMSURV27d_W50,4,"0.193211,0.248088,0.294612,0.264088"
RACExPOLIDEOLOGY,RACExPOLIDEOLOGY :: Black | Very conservative,FAMSURV27d_W50,4,"0.229378,0.251922,0.274529,0.244171"
RACExPOLIDEOLOGY,RACExPOLIDEOLOGY :: Black | Very liberal,FAMSURV27d_W50,4,"0.229517,0.246235,0.260076,0.264172"
RACExPOLIDEOLOGY,RACExPOLIDEOLOGY :: Hispanic | Liberal,FAMSURV27d_W50,4,"0.198674,0.257104,0.310126,0.234096"
RACExPOLIDEOLOGY,RACExPOLIDEOLOGY :: Hispanic | Moderate,FAMSURV27d_W50,4,"0.171909,0.260090,0.347266,0.220735"
RACExPOLIDEOLOGY,RACExPOLIDEOLOGY :: Hispanic | Very liberal,FAMSURV27d_W50,4,"0.227170,0.243718,0.263522,0.265589"
RACExPOLIDEOLOGY,RACExPOLIDEOLOGY :: Mixed Race | Conservative,FAMSURV27d_W50,4,"0.223253,0.245196,0.284432,0.247119"
RACExPOLIDEOLOGY,RACExPOLIDEOLOGY :: Mixed Race | Liberal,FAMSURV27d_W50,4,"0.209920,0.253212,0.291446,0.245422"
RACExPOLIDEOLOGY,RACExPOLIDEOLOGY :: Mixed Race | Moderate,FAMSURV27d_W50,4,"0.179395,0.252987,0.329958,0.237660"
RACExPOLIDEOLOGY,RACExPOLIDEOLOGY :: Refused | Moderate,FAMSURV27d_W50,4,"0.203740,0.255547,0.298765,0.241947"
RACExPOLIDEOLOGY,RACExPOLIDEOLOGY :: White | Conservative,FAMSURV27d_W50,4,"0.217800,0.242974,0.288539,0.250687"
RACExPOLIDEOLOGY,RACExPOLIDEOLOGY :: White | Liberal,FAMSURV27d_W50,4,"0.209047,0.250196,0.292509,0.248249"
RACExPOLIDEOLOGY,RACExPOLIDEOLOGY :: White | Moderate,FAMSURV27d_W50,4,"0.180319,0.248399,0.334258,0.237024"
RACExPOLIDEOLOGY,RACExPOLIDEOLOGY :: White | Very conservative,FAMSURV27d_W50,4,"0.236211,0.234373,0.255405,0.274010"
RACExPOLIDEOLOGY,RACExPOLIDEOLOGY :: White | Very liberal,FAMSURV27d_W50,4,"0.236316,0.234477,0.241920,0.287287"
RACExPOLIDEOLOGY,RACExPOLIDEOLOGY :: Asian | Conservative,FAMSURV28_W50,2,"0.653127,0.346873"
RACExPOLIDEOLOGY,RACExPOLIDEOLOGY :: Asian | Liberal,FAMSURV28_W50,2,"0.633410,0.366590"
RACExPOLIDEOLOGY,RACExPOLIDEOLOGY :: Asian | Moderate,FAMSURV28_W50,2,"0.635222,0.364778"
RACExPOLIDEOLOGY,RACExPOLIDEOLOGY :: Asian | Very liberal,FAMSURV28_W50,2,"0.588889,0.411111"
RACExPOLIDEOLOGY,RACExPOLIDEOLOGY :: Black | Conservative,FAMSURV28_W50,2,"0.573678,0.426322"
RACExPOLIDEOLOGY,RACExPOLIDEOLOGY :: Black | Liberal,FAMSURV28_W50,2,"0.590779,0.409221"
RACExPOLIDEOLOGY,RACExPOLIDEOLOGY :: Black | Moderate,FAMSURV28_W50,2,"0.586996,0.413004"
RACExPOLIDEOLOGY,RACExPOLIDEOLOGY :: Black | Refused,FAMSURV28_W50,2,"0.560253,0.439747"
RACExPOLIDEOLOGY,RACExPOLIDEOLOGY :: Black | Very conservative,FAMSURV28_W50,2,"0.566019,0.433981"
RACExPOLIDEOLOGY,RACExPOLIDEOLOGY :: Black | Very liberal,FAMSURV28_W50,2,"0.550607,0.449393"
RACExPOLIDEOLOGY,RACExPOLIDEOLOGY :: Hispanic | Conservative,FAMSURV28_W50,2,"0.579400,0.420600"
RACExPOLIDEOLOGY,RACExPOLIDEOLOGY :: Hispanic | Liberal,FAMSURV28_W50,2,"0.588889,0.411111"
RACExPOLIDEOLOGY,RACExPOLIDEOLOGY :: Hispanic | Moderate,FAMSURV28_W50,2,"0.613237,0.386763"
RACExPOLIDEOLOGY,RACExPOLIDEOLOGY :: Hispanic | Very liberal,FAMSURV28_W50,2,"0.554470,0.445530"
RACExPOLIDEOLOGY,RACExPOLIDEOLOGY :: Mixed Race | Conservative,FAMSURV28_W50,2,"0.577495,0.422505"
RACExPOLIDEOLOGY,RACExPOLIDEOLOGY :: Mixed Race | Liberal,FAMSURV28_W50,2,"0.581303,0.418697"
RACExPOLIDEOLOGY,RACExPOLIDEOLOGY :: Mixed Race | Moderate,FAMSURV28_W50,2,"0.594551,0.405449"
RACExPOLIDEOLOGY,RACExPOLIDEOLOGY :: Refused | Moderate,FAMSURV28_W50,2,"0.542863,0.457137"
RACExPOLIDEOLOGY,RACExPOLIDEOLOGY :: White | Conservative,FAMSURV28_W50,2,"0.558327,0.441673"
RACExPOLIDEOLOGY,RACExPOLIDEOLOGY :: White | Liberal,FAMSURV28_W50,2,"0.562177,0.437824"
RACExPOLIDEOLOGY,RACExPOLIDEOLOGY :: White | Moderate,FAMSURV28_W50,2,"0.573678,0.426322"
RACExPOLIDEOLOGY,RACExPOLIDEOLOGY :: White | Refused,FAMSURV28_W50,2,"0.542863,0.457137"
RACExPOLIDEOLOGY,RACExPOLIDEOLOGY :: White | Very conservative,FAMSURV28_W50,2,"0.550607,0.449393"
RACExPOLIDEOLOGY,RACExPOLIDEOLOGY :: White | Very liberal,FAMSURV28_W50,2,"0.535098,0.464902"
RACExPOLIDEOLOGY,RACExPOLIDEOLOGY :: Asian | Conservative,FAMSURV2Ma_W50,3,"0.466876,0.303802,0.229322"
RACExPOLIDEOLOGY,RACExPOLIDEOLOGY :: Asian | Liberal,FAMSURV2Ma_W50,3,"0.391982,0.356904,0.251113"
RACExPOLIDEOLOGY,RACExPOLIDEOLOGY :: Asian | Moderate,FAMSURV2Ma_W50,3,"0.328430,0.421713,0.249857"
RACExPOLIDEOLOGY,RACExPOLIDEOLOGY :: Asian | Very liberal,FAMSURV2Ma_W50,3,"0.430066,0.317111,0.252823"
RACExPOLIDEOLOGY,RACExPOLIDEOLOGY :: Black | Conservative,FAMSURV2Ma_W50,3,"0.396143,0.357886,0.245971"
RACExPOLIDEOLOGY,RACExPOLIDEOLOGY :: Black | Liberal,FAMSURV2Ma_W50,3,"0.363783,0.384232,0.251985"
RACExPOLIDEOLOGY,RACExPOLIDEOLOGY :: Black | Moderate,FAMSURV2Ma_W50,3,"0.297927,0.447242,0.254831"
RACExPOLIDEOLOGY,RACExPOLIDEOLOGY :: Black | Refused,FAMSURV2Ma_W50,3,"0.356575,0.382549,0.260876"
RACExPOLIDEOLOGY,RACExPOLIDEOLOGY :: Black | Very conservative,FAMSURV2Ma_W50,3,"0.417548,0.340793,0.241658"
RACExPOLIDEOLOGY,RACExPOLIDEOLOGY :: Black | Very liberal,FAMSURV2Ma_W50,3,"0.398495,0.346219,0.255286"
RACExPOLIDEOLOGY,RACExPOLIDEOLOGY :: Hispanic | Conservative,FAMSURV2Ma_W50,3,"0.382713,0.362345,0.254942"
RACExPOLIDEOLOGY,RACExPOLIDEOLOGY :: Hispanic | Liberal,FAMSURV2Ma_W50,3,"0.340976,0.395539,0.263486"
RACExPOLIDEOLOGY,RACExPOLIDEOLOGY :: Hispanic | Moderate,FAMSURV2Ma_W50,3,"0.302853,0.444104,0.253043"
RACExPOLIDEOLOGY,RACExPOLIDEOLOGY :: Hispanic | Very liberal,FAMSURV2Ma_W50,3,"0.383093,0.351546,0.265361"
RACExPOLIDEOLOGY,RACExPOLIDEOLOGY :: Mixed Race | Conservative,FAMSURV2Ma_W50,3,"0.403984,0.350987,0.245029"
RACExPOLIDEOLOGY,RACExPOLIDEOLOGY :: Mixed Race | Liberal,FAMSURV2Ma_W50,3,"0.359096,0.382256,0.258647"
RACExPOLIDEOLOGY,RACExPOLIDEOLOGY :: Mixed Race | Moderate,FAMSURV2Ma_W50,3,"0.307478,0.447378,0.245143"
RACExPOLIDEOLOGY,RACExPOLIDEOLOGY :: Refused | Moderate,FAMSURV2Ma_W50,3,"0.300138,0.426583,0.273279"
RACExPOLIDEOLOGY,RACExPOLIDEOLOGY :: White | Conservative,FAMSURV2Ma_W50,3,"0.382385,0.364874,0.252741"
RACExPOLIDEOLOGY,RACExPOLIDEOLOGY :: White | Liberal,FAMSURV2Ma_W50,3,"0.340611,0.392041,0.267348"
RACExPOLIDEOLOGY,RACExPOLIDEOLOGY :: White | Moderate,FAMSURV2Ma_W50,3,"0.295703,0.447385,0.256912"
RACExPOLIDEOLOGY,RACExPOLIDEOLOGY :: White | Refused,FAMSURV2Ma_W50,3,"0.354694,0.377569,0.267737"
RACExPOLIDEOLOGY,RACExPOLIDEOLOGY :: White | Very conservative,FAMSURV2Ma_W50,3,"0.414111,0.332748,0.253141"
RACExPOLIDEOLOGY,RACExPOLIDEOLOGY :: White | Very liberal,FAMSURV2Ma_W50,3,"0.401389,0.335373,0.263238"
RACExPOLIDEOLOGY,RACExPOLIDEOLOGY :: Asian | Conservative,FAMSURV2Mb_W50,3,"0.445242,0.330876,0.223882"
RACExPOLIDEOLOGY,RACExPOLIDEOLOGY :: Asian | Liberal,FAMSURV2Mb_W50,3,"0.391952,0.374003,0.234045"
RACExPOLIDEOLOGY,RACExPOLIDEOLOGY :: Asian | Moderate,FAMSURV2Mb_W50,3,"0.321629,0.443062,0.235309"
RACExPOLIDEOLOGY,RACExPOLIDEOLOGY :: Asian | Very liberal,FAMSURV2Mb_W50,3,"0.415650,0.341904,0.242446"
RACExPOLIDEOLOGY,RACExPOLIDEOLOGY :: Black | Conservative,FAMSURV2Mb_W50,3,"0.385240,0.379267,0.235493"
RACExPOLIDEOLOGY,RACExPOLIDEOLOGY :: Black | Liberal,FAMSURV2Mb_W50,3,"0.358362,0.402917,0.238721"
RACExPOLIDEOLOGY,RACExPOLIDEOLOGY :: Black | Moderate,FAMSURV2Mb_W50,3,"0.292897,0.468048,0.239055"
RACExPOLIDEOLOGY,RACExPOLIDEOLOGY :: Black | Refused,FAMSURV2Mb_W50,3,"0.352094,0.402104,0.245801"
RACExPOLIDEOLOGY,RACExPOLIDEOLOGY :: Black | Very conservative,FAMSURV2Mb_W50,3,"0.402453,0.366438,0.231109"
RACExPOLIDEOLOGY,RACExPOLIDEOLOGY :: Black | Very liberal,FAMSURV2Mb_W50,3,"0.389454,0.368728,0.241818"
RACExPOLIDEOLOGY,RACExPOLIDEOLOGY :: Hispanic | Conservative,FAMSURV2Mb_W50,3,"0.372085,0.383896,0.244019"
RACExPOLIDEOLOGY,RACExPOLIDEOLOGY :: Hispanic | Liberal,FAMSURV2Mb_W50,3,"0.344122,0.411860,0.244019"
RACExPOLIDEOLOGY,RACExPOLIDEOLOGY :: Hispanic | Moderate,FAMSURV2Mb_W50,3,"0.291826,0.469993,0.238181"
RACExPOLIDEOLOGY,RACExPOLIDEOLOGY :: Hispanic | Very liberal,FAMSURV2Mb_W50,3,"0.375434,0.372512,0.252054"
RACExPOLIDEOLOGY,RACExPOLIDEOLOGY :: Mixed Race | Conservative,FAMSURV2Mb_W50,3,"0.395682,0.371709,0.232609"
RACExPOLIDEOLOGY,RACExPOLIDEOLOGY :: Mixed Race | Liberal,FAMSURV2Mb_W50,3,"0.363095,0.398782,0.238123"
RACExPOLIDEOLOGY,RACExPOLIDEOLOGY :: Mixed Race | Moderate,FAMSURV2Mb_W50,3,"0.302152,0.467983,0.229865"
RACExPOLIDEOLOGY,RACExPOLIDEOLOGY :: Refused | Moderate,FAMSURV2Mb_W50,3,"0.297166,0.442627,0.260207"
RACExPOLIDEOLOGY,RACExPOLIDEOLOGY :: White | Conservative,FAMSURV2Mb_W50,3,"0.373200,0.382050,0.244750"
RACExPOLIDEOLOGY,RACExPOLIDEOLOGY :: White | Liberal,FAMSURV2Mb_W50,3,"0.343654,0.404923,0.251423"
RACExPOLIDEOLOGY,RACExPOLIDEOLOGY :: White | Moderate,FAMSURV2Mb_W50,3,"0.289636,0.466467,0.243898"
RACExPOLIDEOLOGY,RACExPOLIDEOLOGY :: White | Refused,FAMSURV2Mb_W50,3,"0.345527,0.397699,0.256774"
RACExPOLIDEOLOGY,RACExPOLIDEOLOGY :: White | Very conservative,FAMSURV2Mb_W50,3,"0.395381,0.357197,0.247423"
RACExPOLIDEOLOGY,RACExPOLIDEOLOGY :: White | Very liberal,FAMSURV2Mb_W50,3,"0.383795,0.360542,0.255663"
RACExPOLIDEOLOGY,RACExPOLIDEOLOGY :: Asian | Conservative,FAMSURV2Mc_W50,3,"0.473463,0.293980,0.232557"
RACExPOLIDEOLOGY,RACExPOLIDEOLOGY :: Asian | Liberal,FAMSURV2Mc_W50,3,"0.397416,0.347989,0.254594"
RACExPOLIDEOLOGY,RACExPOLIDEOLOGY :: Asian | Moderate,FAMSURV2Mc_W50,3,"0.341617,0.402523,0.255859"
RACExPOLIDEOLOGY,RACExPOLIDEOLOGY :: Asian | Very liberal,FAMSURV2Mc_W50,3,"0.449317,0.294669,0.256013"
RACExPOLIDEOLOGY,RACExPOLIDEOLOGY :: Black | Conservative,FAMSURV2Mc_W50,3,"0.397119,0.350456,0.252424"
RACExPOLIDEOLOGY,RACExPOLIDEOLOGY :: Black | Liberal,FAMSURV2Mc_W50,3,"0.363776,0.378268,0.257956"
RACExPOLIDEOLOGY,RACExPOLIDEOLOGY :: Black | Moderate,FAMSURV2Mc_W50,3,"0.306225,0.431847,0.261928"
RACExPOLIDEOLOGY,RACExPOLIDEOLOGY :: Black | Refused,FAMSURV2Mc_W50,3,"0.358577,0.372861,0.268562"
RACExPOLIDEOLOGY,RACExPOLIDEOLOGY :: Black | Very conservative,FAMSURV2Mc_W50,3,"0.431267,0.323004,0.245729"
RACExPOLIDEOLOGY,RACExPOLIDEOLOGY :: Black | Very liberal,FAMSURV2Mc_W50,3,"0.412923,0.326649,0.260427"
RACExPOLIDEOLOGY,RACExPOLIDEOLOGY :: Hispanic | Conservative,FAMSURV2Mc_W50,3,"0.385463,0.353720,0.260817"
RACExPOLIDEOLOGY,RACExPOLIDEOLOGY :: Hispanic | Liberal,FAMSURV2Mc_W50,3,"0.344456,0.387282,0.268262"
RACExPOLIDEOLOGY,RACExPOLIDEOLOGY :: Hispanic | Moderate,FAMSURV2Mc_W50,3,"0.311227,0.428733,0.260040"
RACExPOLIDEOLOGY,RACExPOLIDEOLOGY :: Hispanic | Very liberal,FAMSURV2Mc_W50,3,"0.398063,0.332594,0.269343"
RACExPOLIDEOLOGY,RACExPOLIDEOLOGY :: Mixed Race | Conservative,FAMSURV2Mc_W50,3,"0.408694,0.341477,0.249830"
RACExPOLIDEOLOGY,RACExPOLIDEOLOGY :: Mixed Race | Liberal,FAMSURV2Mc_W50,3,"0.365494,0.371250,0.263256"
RACExPOLIDEOLOGY,RACExPOLIDEOLOGY :: Mixed Race | Moderate,FAMSURV2Mc_W50,3,"0.318805,0.428999,0.252196"
RACExPOLIDEOLOGY,RACExPOLIDEOLOGY :: Refused | Moderate,FAMSURV2Mc_W50,3,"0.309769,0.410378,0.279853"
RACExPOLIDEOLOGY,RACExPOLIDEOLOGY :: White | Conservative,FAMSURV2Mc_W50,3,"0.384396,0.355508,0.260095"
RACExPOLIDEOLOGY,RACExPOLIDEOLOGY :: White | Liberal,FAMSURV2Mc_W50,3,"0.345070,0.381957,0.272973"
RACExPOLIDEOLOGY,RACExPOLIDEOLOGY :: White | Moderate,FAMSURV2Mc_W50,3,"0.304967,0.430073,0.264960"
RACExPOLIDEOLOGY,RACExPOLIDEOLOGY :: White | Refused,FAMSURV2Mc_W50,3,"0.359637,0.362457,0.277906"
RACExPOLIDEOLOGY,RACExPOLIDEOLOGY :: White | Very conservative,FAMSURV2Mc_W50,3,"0.428554,0.313537,0.257909"
RACExPOLIDEOLOGY,RACExPOLIDEOLOGY :: White | Very liberal,FAMSURV2Mc_W50,3,"0.415557,0.316139,0.268304"
RACExPOLIDEOLOGY,RACExPOLIDEOLOGY :: Asian | Conservative,FAMSURV2Md_W50,3,"0.561312,0.277870,0.160819"
RACExPOLIDEOLOGY,RACExPOLIDEOLOGY :: Asian | Liberal,FAMSURV2Md_W50,3,"0.543853,0.307466,0.148681"
RACExPOLIDEOLOGY,RACExPOLIDEOLOGY :: Asian | Moderate,FAMSURV2Md_W50,3,"0.469886,0.377564,0.152550"
RACExPOLIDEOLOGY,RACExPOLIDEOLOGY :: Asian | Very liberal,FAMSURV2Md_W50,3,"0.550961,0.283610,0.165429"
RACExPOLIDEOLOGY,RACExPOLIDEOLOGY :: Black | Conservative,FAMSURV2Md_W50,3,"0.484756,0.343744,0.171500"
RACExPOLIDEOLOGY,RACExPOLIDEOLOGY :: Black | Liberal,FAMSURV2Md_W50,3,"0.476093,0.359374,0.164533"
RACExPOLIDEOLOGY,RACExPOLIDEOLOGY :: Black | Moderate,FAMSURV2Md_W50,3,"0.416965,0.423531,0.159503"
RACExPOLIDEOLOGY,RACExPOLIDEOLOGY :: Black | Refused,FAMSURV2Md_W50,3,"0.447143,0.373602,0.179256"
RACExPOLIDEOLOGY,RACExPOLIDEOLOGY :: Black | Very conservative,FAMSURV2Md_W50,3,"0.531584,0.312502,0.155913"
RACExPOLIDEOLOGY,RACExPOLIDEOLOGY :: Black | Very liberal,FAMSURV2Md_W50,3,"0.506180,0.324271,0.169549"
RACExPOLIDEOLOGY,RACExPOLIDEOLOGY :: Hispanic | Conservative,FAMSURV2Md_W50,3,"0.476282,0.345744,0.177974"
RACExPOLIDEOLOGY,RACExPOLIDEOLOGY :: Hispanic | Liberal,FAMSURV2Md_W50,3,"0.475362,0.361636,0.163002"
RACExPOLIDEOLOGY,RACExPOLIDEOLOGY :: Hispanic | Moderate,FAMSURV2Md_W50,3,"0.426135,0.419529,0.154336"
RACExPOLIDEOLOGY,RACExPOLIDEOLOGY :: Hispanic | Very liberal,FAMSURV2Md_W50,3,"0.483945,0.335219,0.180837"
RACExPOLIDEOLOGY,RACExPOLIDEOLOGY :: Mixed Race | Conservative,FAMSURV2Md_W50,3,"0.499702,0.330283,0.170015"
RACExPOLIDEOLOGY,RACExPOLIDEOLOGY :: Mixed Race | Liberal,FAMSURV2Md_W50,3,"0.492420,0.346461,0.161119"
RACExPOLIDEOLOGY,RACExPOLIDEOLOGY :: Mixed Race | Moderate,FAMSURV2Md_W50,3,"0.432501,0.419194,0.148305"
RACExPOLIDEOLOGY,RACExPOLIDEOLOGY :: Refused | Moderate,FAMSURV2Md_W50,3,"0.380952,0.415138,0.203909"
RACExPOLIDEOLOGY,RACExPOLIDEOLOGY :: White | Conservative,FAMSURV2Md_W50,3,"0.465221,0.351167,0.183612"
RACExPOLIDEOLOGY,RACExPOLIDEOLOGY :: White | Liberal,FAMSURV2Md_W50,3,"0.451634,0.371504,0.176862"
RACExPOLIDEOLOGY,RACExPOLIDEOLOGY :: White | Moderate,FAMSURV2Md_W50,3,"0.397591,0.436668,0.165741"
RACExPOLIDEOLOGY,RACExPOLIDEOLOGY :: White | Refused,FAMSURV2Md_W50,3,"0.419661,0.382105,0.198234"
RACExPOLIDEOLOGY,RACExPOLIDEOLOGY :: White | Very conservative,FAMSURV2Md_W50,3,"0.497348,0.321112,0.181540"
RACExPOLIDEOLOGY,RACExPOLIDEOLOGY :: White | Very liberal,FAMSURV2Md_W50,3,"0.473545,0.330588,0.195867"
RACExPOLIDEOLOGY,RACExPOLIDEOLOGY :: Asian | Conservative,FAMSURV2Wb_W50,3,"0.419896,0.353588,0.226517"
RACExPOLIDEOLOGY,RACExPOLIDEOLOGY :: Asian | Liberal,FAMSURV2Wb_W50,3,"0.374211,0.395245,0.230544"
RACExPOLIDEOLOGY,RACExPOLIDEOLOGY :: Asian | Moderate,FAMSURV2Wb_W50,3,"0.298868,0.470185,0.230947"
RACExPOLIDEOLOGY,RACExPOLIDEOLOGY :: Asian | Very liberal,FAMSURV2Wb_W50,3,"0.393176,0.366480,0.240344"
RACExPOLIDEOLOGY,RACExPOLIDEOLOGY :: Black | Conservative,FAMSURV2Wb_W50,3,"0.360829,0.402534,0.236637"
RACExPOLIDEOLOGY,RACExPOLIDEOLOGY :: Black | Liberal,FAMSURV2Wb_W50,3,"0.339333,0.425618,0.235049"
RACExPOLIDEOLOGY,RACExPOLIDEOLOGY :: Black | Moderate,FAMSURV2Wb_W50,3,"0.272270,0.493018,0.234712"
RACExPOLIDEOLOGY,RACExPOLIDEOLOGY :: Black | Refused,FAMSURV2Wb_W50,3,"0.332232,0.426594,0.241174"
RACExPOLIDEOLOGY,RACExPOLIDEOLOGY :: Black | Very conservative,FAMSURV2Wb_W50,3,"0.379036,0.391068,0.229897"
RACExPOLIDEOLOGY,RACExPOLIDEOLOGY :: Black | Very liberal,FAMSURV2Wb_W50,3,"0.369423,0.390189,0.240388"
RACExPOLIDEOLOGY,RACExPOLIDEOLOGY :: Hispanic | Conservative,FAMSURV2Wb_W50,3,"0.348104,0.406975,0.244922"
RACExPOLIDEOLOGY,RACExPOLIDEOLOGY :: Hispanic | Liberal,FAMSURV2Wb_W50,3,"0.326680,0.436175,0.237144"
RACExPOLIDEOLOGY,RACExPOLIDEOLOGY :: Hispanic | Moderate,FAMSURV2Wb_W50,3,"0.270663,0.497826,0.231511"
RACExPOLIDEOLOGY,RACExPOLIDEOLOGY :: Hispanic | Very liberal,FAMSURV2Wb_W50,3,"0.356505,0.394615,0.248880"
RACExPOLIDEOLOGY,RACExPOLIDEOLOGY :: Mixed Race | Conservative,FAMSURV2Wb_W50,3,"0.371032,0.394961,0.234007"
RACExPOLIDEOLOGY,RACExPOLIDEOLOGY :: Mixed Race | Liberal,FAMSURV2Wb_W50,3,"0.345743,0.420316,0.233941"
RACExPOLIDEOLOGY,RACExPOLIDEOLOGY :: Mixed Race | Moderate,FAMSURV2Wb_W50,3,"0.280419,0.496011,0.223570"
RACExPOLIDEOLOGY,RACExPOLIDEOLOGY :: Refused | Moderate,FAMSURV2Wb_W50,3,"0.282541,0.462205,0.255254"
RACExPOLIDEOLOGY,RACExPOLIDEOLOGY :: White | Conservative,FAMSURV2Wb_W50,3,"0.346996,0.408861,0.244142"
RACExPOLIDEOLOGY,RACExPOLIDEOLOGY :: White | Liberal,FAMSURV2Wb_W50,3,"0.325806,0.428263,0.245931"
RACExPOLIDEOLOGY,RACExPOLIDEOLOGY :: White | Moderate,FAMSURV2Wb_W50,3,"0.268689,0.494194,0.237117"
RACExPOLIDEOLOGY,RACExPOLIDEOLOGY :: White | Refused,FAMSURV2Wb_W50,3,"0.328216,0.418158,0.253626"
RACExPOLIDEOLOGY,RACExPOLIDEOLOGY :: White | Very conservative,FAMSURV2Wb_W50,3,"0.371374,0.383163,0.245463"
RACExPOLIDEOLOGY,RACExPOLIDEOLOGY :: White | Very liberal,FAMSURV2Wb_W50,3,"0.367778,0.379452,0.252770"
RACExPOLIDEOLOGY,RACExPOLIDEOLOGY :: Asian | Conservative,FAMSURV30a_W50,3,"0.389262,0.280375,0.330363"
RACExPOLIDEOLOGY,RACExPOLIDEOLOGY :: Asian | Liberal,FAMSURV30a_W50,3,"0.332656,0.307657,0.359687"
RACExPOLIDEOLOGY,RACExPOLIDEOLOGY :: Asian | Moderate,FAMSURV30a_W50,3,"0.287563,0.303727,0.408710"
RACExPOLIDEOLOGY,RACExPOLIDEOLOGY :: Asian | Very liberal,FAMSURV30a_W50,3,"0.356243,0.293037,0.350720"
RACExPOLIDEOLOGY,RACExPOLIDEOLOGY :: Black | Conservative,FAMSURV30a_W50,3,"0.317658,0.325191,0.357152"
RACExPOLIDEOLOGY,RACExPOLIDEOLOGY :: Black | Liberal,FAMSURV30a_W50,3,"0.304268,0.331572,0.364161"
RACExPOLIDEOLOGY,RACExPOLIDEOLOGY :: Black | Moderate,FAMSURV30a_W50,3,"0.271585,0.330163,0.398252"
RACExPOLIDEOLOGY,RACExPOLIDEOLOGY :: Black | Refused,FAMSURV30a_W50,3,"0.285213,0.315702,0.399085"
RACExPOLIDEOLOGY,RACExPOLIDEOLOGY :: Black | Very conservative,FAMSURV30a_W50,3,"0.327001,0.319426,0.353573"
RACExPOLIDEOLOGY,RACExPOLIDEOLOGY :: Black | Very liberal,FAMSURV30a_W50,3,"0.326907,0.316849,0.356243"
RACExPOLIDEOLOGY,RACExPOLIDEOLOGY :: Hispanic | Conservative,FAMSURV30a_W50,3,"0.307793,0.315092,0.377116"
RACExPOLIDEOLOGY,RACExPOLIDEOLOGY :: Hispanic | Liberal,FAMSURV30a_W50,3,"0.291666,0.327929,0.380405"
RACExPOLIDEOLOGY,RACExPOLIDEOLOGY :: Hispanic | Moderate,FAMSURV30a_W50,3,"0.260495,0.316681,0.422825"
RACExPOLIDEOLOGY,RACExPOLIDEOLOGY :: Hispanic | Very liberal,FAMSURV30a_W50,3,"0.317096,0.312180,0.370723"
RACExPOLIDEOLOGY,RACExPOLIDEOLOGY :: Mixed Race | Conservative,FAMSURV30a_W50,3,"0.323252,0.313306,0.363442"
RACExPOLIDEOLOGY,RACExPOLIDEOLOGY :: Mixed Race | Liberal,FAMSURV30a_W50,3,"0.308377,0.328266,0.363357"
RACExPOLIDEOLOGY,RACExPOLIDEOLOGY :: Mixed Race | Moderate,FAMSURV30a_W50,3,"0.271959,0.322959,0.405082"
RACExPOLIDEOLOGY,RACExPOLIDEOLOGY :: Refused | Moderate,FAMSURV30a_W50,3,"0.278955,0.308775,0.412269"
RACExPOLIDEOLOGY,RACExPOLIDEOLOGY :: White | Conservative,FAMSURV30a_W50,3,"0.297401,0.311673,0.390926"
RACExPOLIDEOLOGY,RACExPOLIDEOLOGY :: White | Liberal,FAMSURV30a_W50,3,"0.292532,0.328903,0.378565"
RACExPOLIDEOLOGY,RACExPOLIDEOLOGY :: White | Moderate,FAMSURV30a_W50,3,"0.263071,0.319813,0.417115"
RACExPOLIDEOLOGY,RACExPOLIDEOLOGY :: White | Refused,FAMSURV30a_W50,3,"0.275747,0.300492,0.423761"
RACExPOLIDEOLOGY,RACExPOLIDEOLOGY :: White | Very conservative,FAMSURV30a_W50,3,"0.314333,0.309460,0.376207"
RACExPOLIDEOLOGY,RACExPOLIDEOLOGY :: White | Very liberal,FAMSURV30a_W50,3,"0.315848,0.306131,0.378021"
RACExPOLIDEOLOGY,RACExPOLIDEOLOGY :: Asian | Conservative,FAMSURV30b_W50,3,"0.392264,0.282537,0.325198"
RACExPOLIDEOLOGY,RACExPOLIDEOLOGY :: Asian | Liberal,FAMSURV30b_W50,3,"0.336379,0.311099,0.352522"
RACExPOLIDEOLOGY,RACExPOLIDEOLOGY :: Asian | Moderate,FAMSURV30b_W50,3,"0.290312,0.306630,0.403058"
RACExPOLIDEOLOGY,RACExPOLIDEOLOGY :: Asian | Very liberal,FAMSURV30b_W50,3,"0.356396,0.295463,0.348141"
RACExPOLIDEOLOGY,RACExPOLIDEOLOGY :: Black | Conservative,FAMSURV30b_W50,3,"0.323719,0.326258,0.350023"
RACExPOLIDEOLOGY,RACExPOLIDEOLOGY :: Black | Liberal,FAMSURV30b_W50,3,"0.313595,0.333820,0.352585"
RACExPOLIDEOLOGY,RACExPOLIDEOLOGY :: Black | Moderate,FAMSURV30b_W50,3,"0.278079,0.332818,0.389103"
RACExPOLIDEOLOGY,RACExPOLIDEOLOGY :: Black | Refused,FAMSURV30b_W50,3,"0.292527,0.313835,0.393638"
RACExPOLIDEOLOGY,RACExPOLIDEOLOGY :: Black | Very conservative,FAMSURV30b_W50,3,"0.335805,0.320427,0.343768"
RACExPOLIDEOLOGY,RACExPOLIDEOLOGY :: Black | Very liberal,FAMSURV30b_W50,3,"0.334827,0.317008,0.348165"
RACExPOLIDEOLOGY,RACExPOLIDEOLOGY :: Hispanic | Conservative,FAMSURV30b_W50,3,"0.313985,0.318929,0.367086"
RACExPOLIDEOLOGY,RACExPOLIDEOLOGY :: Hispanic | Liberal,FAMSURV30b_W50,3,"0.300887,0.330459,0.368654"
RACExPOLIDEOLOGY,RACExPOLIDEOLOGY :: Hispanic | Moderate,FAMSURV30b_W50,3,"0.268506,0.318859,0.412634"
RACExPOLIDEOLOGY,RACExPOLIDEOLOGY :: Hispanic | Very liberal,FAMSURV30b_W50,3,"0.325084,0.315082,0.359835"
RACExPOLIDEOLOGY,RACExPOLIDEOLOGY :: Mixed Race | Conservative,FAMSURV30b_W50,3,"0.331167,0.313543,0.355290"
RACExPOLIDEOLOGY,RACExPOLIDEOLOGY :: Mixed Race | Liberal,FAMSURV30b_W50,3,"0.316849,0.326907,0.356243"
RACExPOLIDEOLOGY,RACExPOLIDEOLOGY :: Mixed Race | Moderate,FAMSURV30b_W50,3,"0.280093,0.324913,0.394994"
RACExPOLIDEOLOGY,RACExPOLIDEOLOGY :: Refused | Moderate,FAMSURV30b_W50,3,"0.290015,0.313581,0.396404"
RACExPOLIDEOLOGY,RACExPOLIDEOLOGY :: White | Conservative,FAMSURV30b_W50,3,"0.307034,0.316780,0.376186"
RACExPOLIDEOLOGY,RACExPOLIDEOLOGY :: White | Liberal,FAMSURV30b_W50,3,"0.303401,0.330628,0.365971"
RACExPOLIDEOLOGY,RACExPOLIDEOLOGY :: White | Moderate,FAMSURV30b_W50,3,"0.274372,0.323289,0.402339"
RACExPOLIDEOLOGY,RACExPOLIDEOLOGY :: White | Refused,FAMSURV30b_W50,3,"0.287563,0.303727,0.408710"
RACExPOLIDEOLOGY,RACExPOLIDEOLOGY :: White | Very conservative,FAMSURV30b_W50,3,"0.326679,0.311720,0.361601"
RACExPOLIDEOLOGY,RACExPOLIDEOLOGY :: White | Very liberal,FAMSURV30b_W50,3,"0.326545,0.309167,0.364288"
RACExPOLIDEOLOGY,RACExPOLIDEOLOGY :: Asian | Conservative,FAMSURV30e_W50,3,"0.398063,0.269343,0.332594"
RACExPOLIDEOLOGY,RACExPOLIDEOLOGY :: Asian | Liberal,FAMSURV30e_W50,3,"0.340122,0.297821,0.362058"
RACExPOLIDEOLOGY,RACExPOLIDEOLOGY :: Asian | Moderate,FAMSURV30e_W50,3,"0.289728,0.292000,0.418271"
RACExPOLIDEOLOGY,RACExPOLIDEOLOGY :: Asian | Very liberal,FAMSURV30e_W50,3,"0.353911,0.286606,0.359484"
RACExPOLIDEOLOGY,RACExPOLIDEOLOGY :: Black | Conservative,FAMSURV30e_W50,3,"0.328723,0.318609,0.352668"
RACExPOLIDEOLOGY,RACExPOLIDEOLOGY :: Black | Liberal,FAMSURV30e_W50,3,"0.314097,0.321545,0.364358"
RACExPOLIDEOLOGY,RACExPOLIDEOLOGY :: Black | Moderate,FAMSURV30e_W50,3,"0.278190,0.320195,0.401615"
RACExPOLIDEOLOGY,RACExPOLIDEOLOGY :: Black | Refused,FAMSURV30e_W50,3,"0.290775,0.302358,0.406867"
RACExPOLIDEOLOGY,RACExPOLIDEOLOGY :: Black | Very conservative,FAMSURV30e_W50,3,"0.336481,0.313635,0.349885"
RACExPOLIDEOLOGY,RACExPOLIDEOLOGY :: Black | Very liberal,FAMSURV30e_W50,3,"0.333712,0.311054,0.355234"
RACExPOLIDEOLOGY,RACExPOLIDEOLOGY :: Hispanic | Conservative,FAMSURV30e_W50,3,"0.317096,0.312180,0.370723"
RACExPOLIDEOLOGY,RACExPOLIDEOLOGY :: Hispanic | Liberal,FAMSURV30e_W50,3,"0.303720,0.318295,0.377985"
RACExPOLIDEOLOGY,RACExPOLIDEOLOGY :: Hispanic | Moderate,FAMSURV30e_W50,3,"0.264960,0.304967,0.430073"
RACExPOLIDEOLOGY,RACExPOLIDEOLOGY :: Hispanic | Very liberal,FAMSURV30e_W50,3,"0.324683,0.307403,0.367914"
RACExPOLIDEOLOGY,RACExPOLIDEOLOGY :: Mixed Race | Conservative,FAMSURV30e_W50,3,"0.330924,0.308455,0.360621"
RACExPOLIDEOLOGY,RACExPOLIDEOLOGY :: Mixed Race | Liberal,FAMSURV30e_W50,3,"0.317360,0.317360,0.365279"
RACExPOLIDEOLOGY,RACExPOLIDEOLOGY :: Mixed Race | Moderate,FAMSURV30e_W50,3,"0.276715,0.311119,0.412166"
RACExPOLIDEOLOGY,RACExPOLIDEOLOGY :: Refused | Moderate,FAMSURV30e_W50,3,"0.287067,0.298503,0.414430"
RACExPOLIDEOLOGY,RACExPOLIDEOLOGY :: White | Conservative,FAMSURV30e_W50,3,"0.307288,0.307288,0.385425"
RACExPOLIDEOLOGY,RACExPOLIDEOLOGY :: White | Liberal,FAMSURV30e_W50,3,"0.305510,0.320172,0.374319"
RACExPOLIDEOLOGY,RACExPOLIDEOLOGY :: White | Moderate,FAMSURV30e_W50,3,"0.271827,0.310436,0.417737"
RACExPOLIDEOLOGY,RACExPOLIDEOLOGY :: White | Refused,FAMSURV30e_W50,3,"0.283697,0.290424,0.425879"
RACExPOLIDEOLOGY,RACExPOLIDEOLOGY :: White | Very conservative,FAMSURV30e_W50,3,"0.324523,0.304861,0.370616"
RACExPOLIDEOLOGY,RACExPOLIDEOLOGY :: White | Very liberal,FAMSURV30e_W50,3,"0.325114,0.300682,0.374204"
RACExPOLIDEOLOGY,RACExPOLIDEOLOGY :: Asian | Conservative,FAMSURV30f_W50,3,"0.383886,0.263841,0.352273"
RACExPOLIDEOLOGY,RACExPOLIDEOLOGY :: Asian | Liberal,FAMSURV30f_W50,3,"0.322050,0.286437,0.391513"
RACExPOLIDEOLOGY,RACExPOLIDEOLOGY :: Asian | Moderate,FAMSURV30f_W50,3,"0.270971,0.275238,0.453791"
RACExPOLIDEOLOGY,RACExPOLIDEOLOGY :: Asian | Very liberal,FAMSURV30f_W50,3,"0.335845,0.280609,0.383547"
RACExPOLIDEOLOGY,RACExPOLIDEOLOGY :: Black | Conservative,FAMSURV30f_W50,3,"0.307469,0.309880,0.382651"
RACExPOLIDEOLOGY,RACExPOLIDEOLOGY :: Black | Liberal,FAMSURV30f_W50,3,"0.293243,0.312156,0.394602"
RACExPOLIDEOLOGY,RACExPOLIDEOLOGY :: Black | Moderate,FAMSURV30f_W50,3,"0.259886,0.301473,0.438641"
RACExPOLIDEOLOGY,RACExPOLIDEOLOGY :: Black | Refused,FAMSURV30f_W50,3,"0.271175,0.288664,0.440161"
RACExPOLIDEOLOGY,RACExPOLIDEOLOGY :: Black | Very conservative,FAMSURV30f_W50,3,"0.312299,0.305064,0.382637"
RACExPOLIDEOLOGY,RACExPOLIDEOLOGY :: Black | Very liberal,FAMSURV30f_W50,3,"0.314725,0.302668,0.382608"
RACExPOLIDEOLOGY,RACExPOLIDEOLOGY :: Hispanic | Conservative,FAMSURV30f_W50,3,"0.298197,0.300536,0.401268"
RACExPOLIDEOLOGY,RACExPOLIDEOLOGY :: Hispanic | Liberal,FAMSURV30f_W50,3,"0.283460,0.304108,0.412432"
RACExPOLIDEOLOGY,RACExPOLIDEOLOGY :: Hispanic | Moderate,FAMSURV30f_W50,3,"0.248803,0.286371,0.464826"
RACExPOLIDEOLOGY,RACExPOLIDEOLOGY :: Hispanic | Very liberal,FAMSURV30f_W50,3,"0.306668,0.299564,0.393769"
RACExPOLIDEOLOGY,RACExPOLIDEOLOGY :: Mixed Race | Conservative,FAMSURV30f_W50,3,"0.312840,0.300855,0.386305"
RACExPOLIDEOLOGY,RACExPOLIDEOLOGY :: Mixed Race | Liberal,FAMSURV30f_W50,3,"0.299761,0.309277,0.390962"
RACExPOLIDEOLOGY,RACExPOLIDEOLOGY :: Mixed Race | Moderate,FAMSURV30f_W50,3,"0.261714,0.296561,0.441726"
RACExPOLIDEOLOGY,RACExPOLIDEOLOGY :: Refused | Moderate,FAMSURV30f_W50,3,"0.275213,0.288421,0.436366"
RACExPOLIDEOLOGY,RACExPOLIDEOLOGY :: White | Conservative,FAMSURV30f_W50,3,"0.289339,0.296201,0.414460"
RACExPOLIDEOLOGY,RACExPOLIDEOLOGY :: White | Liberal,FAMSURV30f_W50,3,"0.285507,0.308706,0.405787"
RACExPOLIDEOLOGY,RACExPOLIDEOLOGY :: White | Moderate,FAMSURV30f_W50,3,"0.255114,0.293635,0.451251"
RACExPOLIDEOLOGY,RACExPOLIDEOLOGY :: White | Refused,FAMSURV30f_W50,3,"0.264267,0.279121,0.456612"
RACExPOLIDEOLOGY,RACExPOLIDEOLOGY :: White | Very conservative,FAMSURV30f_W50,3,"0.299834,0.299834,0.400331"
RACExPOLIDEOLOGY,RACExPOLIDEOLOGY :: White | Very liberal,FAMSURV30f_W50,3,"0.304534,0.295164,0.400302"
RACExPOLIDEOLOGY,RACExPOLIDEOLOGY :: Asian | Conservative,FAMSURV32c_W50,4,"0.435801,0.256194,0.199524,0.108480"
RACExPOLIDEOLOGY,RACExPOLIDEOLOGY :: Asian | Liberal,FAMSURV32c_W50,4,"0.396406,0.290017,0.200889,0.112688"
RACExPOLIDEOLOGY,RACExPOLIDEOLOGY :: Asian | Moderate,FAMSURV32c_W50,4,"0.394578,0.300179,0.203111,0.102131"
RACExPOLIDEOLOGY,RACExPOLIDEOLOGY :: Asian | Very liberal,FAMSURV32c_W50,4,"0.353394,0.288431,0.201358,0.156817"
RACExPOLIDEOLOGY,RACExPOLIDEOLOGY :: Black | Conservative,FAMSURV32c_W50,4,"0.342218,0.309168,0.212488,0.136125"
RACExPOLIDEOLOGY,RACExPOLIDEOLOGY :: Black | Liberal,FAMSURV32c_W50,4,"0.338310,0.333065,0.211709,0.116917"
RACExPOLIDEOLOGY,RACExPOLIDEOLOGY :: Black | Moderate,FAMSURV32c_W50,4,"0.328511,0.344276,0.215443,0.111770"
RACExPOLIDEOLOGY,RACExPOLIDEOLOGY :: Black | Refused,FAMSURV32c_W50,4,"0.284249,0.334928,0.221374,0.159449"
RACExPOLIDEOLOGY,RACExPOLIDEOLOGY :: Black | Very conservative,FAMSURV32c_W50,4,"0.322286,0.314820,0.213018,0.149877"
RACExPOLIDEOLOGY,RACExPOLIDEOLOGY :: Black | Very liberal,FAMSURV32c_W50,4,"0.310642,0.318008,0.210191,0.161159"
RACExPOLIDEOLOGY,RACExPOLIDEOLOGY :: Hispanic | Conservative,FAMSURV32c_W50,4,"0.342348,0.304491,0.215916,0.137245"
RACExPOLIDEOLOGY,RACExPOLIDEOLOGY :: Hispanic | Liberal,FAMSURV32c_W50,4,"0.345492,0.322034,0.211195,0.121279"
RACExPOLIDEOLOGY,RACExPOLIDEOLOGY :: Hispanic | Moderate,FAMSURV32c_W50,4,"0.338820,0.344155,0.213691,0.103334"
RACExPOLIDEOLOGY,RACExPOLIDEOLOGY :: Hispanic | Very liberal,FAMSURV32c_W50,4,"0.305718,0.312967,0.215099,0.166216"
RACExPOLIDEOLOGY,RACExPOLIDEOLOGY :: Mixed Race | Conservative,FAMSURV32c_W50,4,"0.326054,0.306299,0.217199,0.150449"
RACExPOLIDEOLOGY,RACExPOLIDEOLOGY :: Mixed Race | Liberal,FAMSURV32c_W50,4,"0.313867,0.323830,0.220833,0.141471"
RACExPOLIDEOLOGY,RACExPOLIDEOLOGY :: Mixed Race | Moderate,FAMSURV32c_W50,4,"0.302252,0.350618,0.221132,0.125997"
RACExPOLIDEOLOGY,RACExPOLIDEOLOGY :: Refused | Moderate,FAMSURV32c_W50,4,"0.284861,0.333036,0.234320,0.147784"
RACExPOLIDEOLOGY,RACExPOLIDEOLOGY :: White | Conservative,FAMSURV32c_W50,4,"0.325374,0.312909,0.215059,0.146658"
RACExPOLIDEOLOGY,RACExPOLIDEOLOGY :: White | Liberal,FAMSURV32c_W50,4,"0.315519,0.328088,0.218554,0.137840"
RACExPOLIDEOLOGY,RACExPOLIDEOLOGY :: White | Moderate,FAMSURV32c_W50,4,"0.309183,0.347624,0.219244,0.123949"
RACExPOLIDEOLOGY,RACExPOLIDEOLOGY :: White | Refused,FAMSURV32c_W50,4,"0.270604,0.328971,0.224339,0.176086"
RACExPOLIDEOLOGY,RACExPOLIDEOLOGY :: White | Very conservative,FAMSURV32c_W50,4,"0.303012,0.307784,0.216553,0.172651"
RACExPOLIDEOLOGY,RACExPOLIDEOLOGY :: White | Very liberal,FAMSURV32c_W50,4,"0.298741,0.308224,0.211839,0.181196"
RACExPOLIDEOLOGY,RACExPOLIDEOLOGY :: Asian | Conservative,FAMSURV32d_W50,4,"0.394140,0.270888,0.219372,0.115601"
RACExPOLIDEOLOGY,RACExPOLIDEOLOGY :: Asian | Liberal,FAMSURV32d_W50,4,"0.343888,0.310677,0.223772,0.121663"
RACExPOLIDEOLOGY,RACExPOLIDEOLOGY :: Asian | Moderate,FAMSURV32d_W50,4,"0.333993,0.323717,0.227763,0.114527"
RACExPOLIDEOLOGY,RACExPOLIDEOLOGY :: Asian | Very liberal,FAMSURV32d_W50,4,"0.323746,0.299416,0.219057,0.157781"
RACExPOLIDEOLOGY,RACExPOLIDEOLOGY :: Black | Conservative,FAMSURV32d_W50,4,"0.301725,0.323704,0.233155,0.141416"
RACExPOLIDEOLOGY,RACExPOLIDEOLOGY :: Black | Liberal,FAMSURV32d_W50,4,"0.301447,0.341584,0.229329,0.127641"
RACExPOLIDEOLOGY,RACExPOLIDEOLOGY :: Black | Moderate,FAMSURV32d_W50,4,"0.284615,0.354209,0.237805,0.123371"
RACExPOLIDEOLOGY,RACExPOLIDEOLOGY :: Black | Refused,FAMSURV32d_W50,4,"0.261907,0.336296,0.236614,0.165183"
RACExPOLIDEOLOGY,RACExPOLIDEOLOGY :: Black | Very conservative,FAMSURV32d_W50,4,"0.290664,0.326803,0.231738,0.150795"
RACExPOLIDEOLOGY,RACExPOLIDEOLOGY :: Black | Very liberal,FAMSURV32d_W50,4,"0.284974,0.325451,0.227201,0.162373"
RACExPOLIDEOLOGY,RACExPOLIDEOLOGY :: Hispanic | Conservative,FAMSURV32d_W50,4,"0.298515,0.320260,0.237997,0.143229"
RACExPOLIDEOLOGY,RACExPOLIDEOLOGY :: Hispanic | Liberal,FAMSURV32d_W50,4,"0.293122,0.337381,0.237377,0.132120"
RACExPOLIDEOLOGY,RACExPOLIDEOLOGY :: Hispanic | Moderate,FAMSURV32d_W50,4,"0.288896,0.356739,0.237640,0.116725"
RACExPOLIDEOLOGY,RACExPOLIDEOLOGY :: Hispanic | Very liberal,FAMSURV32d_W50,4,"0.281686,0.319193,0.233526,0.165595"
RACExPOLIDEOLOGY,RACExPOLIDEOLOGY :: Mixed Race | Conservative,FAMSURV32d_W50,4,"0.295454,0.314509,0.235556,0.154481"
RACExPOLIDEOLOGY,RACExPOLIDEOLOGY :: Mixed Race | Liberal,FAMSURV32d_W50,4,"0.283691,0.329087,0.238891,0.148331"
RACExPOLIDEOLOGY,RACExPOLIDEOLOGY :: Mixed Race | Moderate,FAMSURV32d_W50,4,"0.268700,0.353200,0.240861,0.137239"
RACExPOLIDEOLOGY,RACExPOLIDEOLOGY :: Refused | Moderate,FAMSURV32d_W50,4,"0.265125,0.329954,0.249062,0.155859"
RACExPOLIDEOLOGY,RACExPOLIDEOLOGY :: White | Conservative,FAMSURV32d_W50,4,"0.293079,0.319379,0.235495,0.152047"
RACExPOLIDEOLOGY,RACExPOLIDEOLOGY :: White | Liberal,FAMSURV32d_W50,4,"0.284139,0.332192,0.237407,0.146262"
RACExPOLIDEOLOGY,RACExPOLIDEOLOGY :: White | Moderate,FAMSURV32d_W50,4,"0.272014,0.349273,0.241935,0.136777"
RACExPOLIDEOLOGY,RACExPOLIDEOLOGY :: White | Refused,FAMSURV32d_W50,4,"0.256707,0.321983,0.239277,0.182033"
RACExPOLIDEOLOGY,RACExPOLIDEOLOGY :: White | Very conservative,FAMSURV32d_W50,4,"0.284702,0.310251,0.232367,0.172680"
RACExPOLIDEOLOGY,RACExPOLIDEOLOGY :: White | Very liberal,FAMSURV32d_W50,4,"0.280992,0.308609,0.227554,0.182845"
RACExPOLIDEOLOGY,RACExPOLIDEOLOGY :: Asian | Conservative,FAMSURV32e_W50,4,"0.408790,0.247944,0.220526,0.122741"
RACExPOLIDEOLOGY,RACExPOLIDEOLOGY :: Asian | Liberal,FAMSURV32e_W50,4,"0.346549,0.294112,0.230851,0.128488"
RACExPOLIDEOLOGY,RACExPOLIDEOLOGY :: Asian | Moderate,FAMSURV32e_W50,4,"0.339341,0.301816,0.236898,0.121945"
RACExPOLIDEOLOGY,RACExPOLIDEOLOGY :: Asian | Very liberal,FAMSURV32e_W50,4,"0.313604,0.283318,0.231237,0.171841"
RACExPOLIDEOLOGY,RACExPOLIDEOLOGY :: Black | Conservative,FAMSURV32e_W50,4,"0.304786,0.312014,0.239229,0.143971"
RACExPOLIDEOLOGY,RACExPOLIDEOLOGY :: Black | Liberal,FAMSURV32e_W50,4,"0.296091,0.327742,0.241662,0.134505"
RACExPOLIDEOLOGY,RACExPOLIDEOLOGY :: Black | Moderate,FAMSURV32e_W50,4,"0.281757,0.342530,0.246715,0.128998"
RACExPOLIDEOLOGY,RACExPOLIDEOLOGY :: Black | Refused,FAMSURV32e_W50,4,"0.257245,0.322658,0.247390,0.172706"
RACExPOLIDEOLOGY,RACExPOLIDEOLOGY :: Black | Very conservative,FAMSURV32e_W50,4,"0.278391,0.315458,0.243767,0.162384"
RACExPOLIDEOLOGY,RACExPOLIDEOLOGY :: Black | Very liberal,FAMSURV32e_W50,4,"0.270120,0.313344,0.242134,0.174402"
RACExPOLIDEOLOGY,RACExPOLIDEOLOGY :: Hispanic | Conservative,FAMSURV32e_W50,4,"0.301993,0.311579,0.242658,0.143770"
RACExPOLIDEOLOGY,RACExPOLIDEOLOGY :: Hispanic | Liberal,FAMSURV32e_W50,4,"0.289502,0.328049,0.245697,0.136751"
RACExPOLIDEOLOGY,RACExPOLIDEOLOGY :: Hispanic | Moderate,FAMSURV32e_W50,4,"0.287588,0.338861,0.249861,0.123690"
RACExPOLIDEOLOGY,RACExPOLIDEOLOGY :: Hispanic | Very liberal,FAMSURV32e_W50,4,"0.265950,0.310927,0.245963,0.177161"
RACExPOLIDEOLOGY,RACExPOLIDEOLOGY :: Mixed Race | Conservative,FAMSURV32e_W50,4,"0.297545,0.302231,0.240959,0.159264"
RACExPOLIDEOLOGY,RACExPOLIDEOLOGY :: Mixed Race | Liberal,FAMSURV32e_W50,4,"0.277826,0.317287,0.249041,0.155846"
RACExPOLIDEOLOGY,RACExPOLIDEOLOGY :: Mixed Race | Moderate,FAMSURV32e_W50,4,"0.266160,0.339097,0.250034,0.144709"
RACExPOLIDEOLOGY,RACExPOLIDEOLOGY :: Refused | Moderate,FAMSURV32e_W50,4,"0.258762,0.324560,0.254750,0.161929"
RACExPOLIDEOLOGY,RACExPOLIDEOLOGY :: White | Conservative,FAMSURV32e_W50,4,"0.300694,0.310239,0.237869,0.151198"
RACExPOLIDEOLOGY,RACExPOLIDEOLOGY :: White | Liberal,FAMSURV32e_W50,4,"0.285121,0.323084,0.243877,0.147919"
RACExPOLIDEOLOGY,RACExPOLIDEOLOGY :: White | Moderate,FAMSURV32e_W50,4,"0.276735,0.339063,0.246133,0.138068"
RACExPOLIDEOLOGY,RACExPOLIDEOLOGY :: White | Refused,FAMSURV32e_W50,4,"0.258049,0.308844,0.244315,0.188792"
RACExPOLIDEOLOGY,RACExPOLIDEOLOGY :: White | Very conservative,FAMSURV32e_W50,4,"0.279287,0.299631,0.240760,0.180321"
RACExPOLIDEOLOGY,RACExPOLIDEOLOGY :: White | Very liberal,FAMSURV32e_W50,4,"0.273064,0.297569,0.237242,0.192125"
RACExPOLIDEOLOGY,RACExPOLIDEOLOGY :: Asian | Conservative,FAMSURV33a_W50,4,"0.540343,0.203495,0.185284,0.070878"
RACExPOLIDEOLOGY,RACExPOLIDEOLOGY :: Asian | Liberal,FAMSURV33a_W50,4,"0.501844,0.237054,0.190479,0.070623"
RACExPOLIDEOLOGY,RACExPOLIDEOLOGY :: Asian | Moderate,FAMSURV33a_W50,4,"0.500587,0.253685,0.190001,0.055727"
RACExPOLIDEOLOGY,RACExPOLIDEOLOGY :: Asian | Very liberal,FAMSURV33a_W50,4,"0.425684,0.229639,0.210729,0.133947"
RACExPOLIDEOLOGY,RACExPOLIDEOLOGY :: Black | Conservative,FAMSURV33a_W50,4,"0.414372,0.278196,0.214973,0.092459"
RACExPOLIDEOLOGY,RACExPOLIDEOLOGY :: Black | Liberal,FAMSURV33a_W50,4,"0.411018,0.291456,0.216592,0.080934"
RACExPOLIDEOLOGY,RACExPOLIDEOLOGY :: Black | Moderate,FAMSURV33a_W50,4,"0.405806,0.313583,0.213845,0.066766"
RACExPOLIDEOLOGY,RACExPOLIDEOLOGY :: Black | Refused,FAMSURV33a_W50,4,"0.349171,0.287220,0.228992,0.134617"
RACExPOLIDEOLOGY,RACExPOLIDEOLOGY :: Black | Very conservative,FAMSURV33a_W50,4,"0.403441,0.262524,0.219347,0.114688"
RACExPOLIDEOLOGY,RACExPOLIDEOLOGY :: Black | Very liberal,FAMSURV33a_W50,4,"0.366417,0.268076,0.227513,0.137994"
RACExPOLIDEOLOGY,RACExPOLIDEOLOGY :: Hispanic | Conservative,FAMSURV33a_W50,4,"0.409962,0.275236,0.221158,0.093644"
RACExPOLIDEOLOGY,RACExPOLIDEOLOGY :: Hispanic | Liberal,FAMSURV33a_W50,4,"0.419280,0.285924,0.214147,0.080649"
RACExPOLIDEOLOGY,RACExPOLIDEOLOGY :: Hispanic | Moderate,FAMSURV33a_W50,4,"0.411893,0.315809,0.212024,0.060273"
RACExPOLIDEOLOGY,RACExPOLIDEOLOGY :: Hispanic | Very liberal,FAMSURV33a_W50,4,"0.358464,0.266388,0.231442,0.143706"
RACExPOLIDEOLOGY,RACExPOLIDEOLOGY :: Mixed Race | Conservative,FAMSURV33a_W50,4,"0.403033,0.262258,0.217420,0.117289"
RACExPOLIDEOLOGY,RACExPOLIDEOLOGY :: Mixed Race | Liberal,FAMSURV33a_W50,4,"0.400319,0.275135,0.215956,0.108590"
RACExPOLIDEOLOGY,RACExPOLIDEOLOGY :: Mixed Race | Moderate,FAMSURV33a_W50,4,"0.398705,0.303319,0.211751,0.086226"
RACExPOLIDEOLOGY,RACExPOLIDEOLOGY :: Refused | Moderate,FAMSURV33a_W50,4,"0.335050,0.305066,0.237586,0.122299"
RACExPOLIDEOLOGY,RACExPOLIDEOLOGY :: White | Conservative,FAMSURV33a_W50,4,"0.404076,0.273412,0.214603,0.107909"
RACExPOLIDEOLOGY,RACExPOLIDEOLOGY :: White | Liberal,FAMSURV33a_W50,4,"0.401433,0.284659,0.213200,0.100708"
RACExPOLIDEOLOGY,RACExPOLIDEOLOGY :: White | Moderate,FAMSURV33a_W50,4,"0.406330,0.301959,0.209161,0.082551"
RACExPOLIDEOLOGY,RACExPOLIDEOLOGY :: White | Refused,FAMSURV33a_W50,4,"0.340915,0.269686,0.227099,0.162300"
RACExPOLIDEOLOGY,RACExPOLIDEOLOGY :: White | Very conservative,FAMSURV33a_W50,4,"0.387567,0.244435,0.217405,0.150592"
RACExPOLIDEOLOGY,RACExPOLIDEOLOGY :: White | Very liberal,FAMSURV33a_W50,4,"0.355153,0.249882,0.220520,0.174445"
RACExPOLIDEOLOGY,RACExPOLIDEOLOGY :: Asian | Conservative,FAMSURV33c_W50,4,"0.496784,0.225674,0.208715,0.068827"
RACExPOLIDEOLOGY,RACExPOLIDEOLOGY :: Asian | Liberal,FAMSURV33c_W50,4,"0.456166,0.259915,0.217167,0.066752"
RACExPOLIDEOLOGY,RACExPOLIDEOLOGY :: Asian | Moderate,FAMSURV33c_W50,4,"0.443895,0.288848,0.214654,0.052603"
RACExPOLIDEOLOGY,RACExPOLIDEOLOGY :: Asian | Very liberal,FAMSURV33c_W50,4,"0.396285,0.247989,0.232964,0.122763"
RACExPOLIDEOLOGY,RACExPOLIDEOLOGY :: Black | Conservative,FAMSURV33c_W50,4,"0.384002,0.296734,0.232909,0.086355"
RACExPOLIDEOLOGY,RACExPOLIDEOLOGY :: Black | Liberal,FAMSURV33c_W50,4,"0.383998,0.308551,0.234733,0.072717"
RACExPOLIDEOLOGY,RACExPOLIDEOLOGY :: Black | Moderate,FAMSURV33c_W50,4,"0.367983,0.340329,0.232084,0.059604"
RACExPOLIDEOLOGY,RACExPOLIDEOLOGY :: Black | Refused,FAMSURV33c_W50,4,"0.332542,0.302783,0.243293,0.121383"
RACExPOLIDEOLOGY,RACExPOLIDEOLOGY :: Black | Very conservative,FAMSURV33c_W50,4,"0.375218,0.281025,0.240374,0.103383"
RACExPOLIDEOLOGY,RACExPOLIDEOLOGY :: Black | Very liberal,FAMSURV33c_W50,4,"0.346231,0.284802,0.245515,0.123452"
RACExPOLIDEOLOGY,RACExPOLIDEOLOGY :: Hispanic | Conservative,FAMSURV33c_W50,4,"0.377250,0.296107,0.239795,0.086848"
RACExPOLIDEOLOGY,RACExPOLIDEOLOGY :: Hispanic | Liberal,FAMSURV33c_W50,4,"0.383288,0.310396,0.234299,0.072018"
RACExPOLIDEOLOGY,RACExPOLIDEOLOGY :: Hispanic | Moderate,FAMSURV33c_W50,4,"0.368406,0.348800,0.230543,0.052251"
RACExPOLIDEOLOGY,RACExPOLIDEOLOGY :: Hispanic | Very liberal,FAMSURV33c_W50,4,"0.338609,0.285138,0.247732,0.128522"
RACExPOLIDEOLOGY,RACExPOLIDEOLOGY :: Mixed Race | Conservative,FAMSURV33c_W50,4,"0.373616,0.282020,0.235636,0.108728"
RACExPOLIDEOLOGY,RACExPOLIDEOLOGY :: Mixed Race | Liberal,FAMSURV33c_W50,4,"0.369693,0.294745,0.236834,0.098727"
RACExPOLIDEOLOGY,RACExPOLIDEOLOGY :: Mixed Race | Moderate,FAMSURV33c_W50,4,"0.359056,0.332073,0.231824,0.077047"
RACExPOLIDEOLOGY,RACExPOLIDEOLOGY :: Refused | Moderate,FAMSURV33c_W50,4,"0.317307,0.324831,0.249057,0.108805"
RACExPOLIDEOLOGY,RACExPOLIDEOLOGY :: White | Conservative,FAMSURV33c_W50,4,"0.374420,0.293886,0.232483,0.099211"
RACExPOLIDEOLOGY,RACExPOLIDEOLOGY :: White | Liberal,FAMSURV33c_W50,4,"0.373307,0.302313,0.233609,0.090771"
RACExPOLIDEOLOGY,RACExPOLIDEOLOGY :: White | Moderate,FAMSURV33c_W50,4,"0.366076,0.333316,0.229084,0.071524"
RACExPOLIDEOLOGY,RACExPOLIDEOLOGY :: White | Refused,FAMSURV33c_W50,4,"0.328619,0.285509,0.242309,0.143563"
RACExPOLIDEOLOGY,RACExPOLIDEOLOGY :: White | Very conservative,FAMSURV33c_W50,4,"0.367613,0.264781,0.235501,0.132104"
RACExPOLIDEOLOGY,RACExPOLIDEOLOGY :: White | Very liberal,FAMSURV33c_W50,4,"0.342617,0.266831,0.237324,0.153228"
RACExPOLIDEOLOGY,RACExPOLIDEOLOGY :: Asian | Conservative,FAMSURV33d_W50,4,"0.519040,0.213014,0.195472,0.072474"
RACExPOLIDEOLOGY,RACExPOLIDEOLOGY :: Asian | Liberal,FAMSURV33d_W50,4,"0.484612,0.245589,0.198884,0.070914"
RACExPOLIDEOLOGY,RACExPOLIDEOLOGY :: Asian | Moderate,FAMSURV33d_W50,4,"0.475775,0.264809,0.203036,0.056381"
RACExPOLIDEOLOGY,RACExPOLIDEOLOGY :: Asian | Very liberal,FAMSURV33d_W50,4,"0.419729,0.231796,0.219460,0.129014"
RACExPOLIDEOLOGY,RACExPOLIDEOLOGY :: Black | Conservative,FAMSURV33d_W50,4,"0.401658,0.282602,0.221817,0.093923"
RACExPOLIDEOLOGY,RACExPOLIDEOLOGY :: Black | Liberal,FAMSURV33d_W50,4,"0.399977,0.297238,0.220888,0.081898"
RACExPOLIDEOLOGY,RACExPOLIDEOLOGY :: Black | Moderate,FAMSURV33d_W50,4,"0.390777,0.321444,0.220925,0.066854"
RACExPOLIDEOLOGY,RACExPOLIDEOLOGY :: Black | Refused,FAMSURV33d_W50,4,"0.346039,0.286876,0.230512,0.136574"
RACExPOLIDEOLOGY,RACExPOLIDEOLOGY :: Black | Very conservative,FAMSURV33d_W50,4,"0.393628,0.268431,0.226042,0.111899"
RACExPOLIDEOLOGY,RACExPOLIDEOLOGY :: Black | Very liberal,FAMSURV33d_W50,4,"0.361891,0.271044,0.231836,0.135229"
RACExPOLIDEOLOGY,RACExPOLIDEOLOGY :: Hispanic | Conservative,FAMSURV33d_W50,4,"0.394978,0.280082,0.230389,0.094551"
RACExPOLIDEOLOGY,RACExPOLIDEOLOGY :: Hispanic | Liberal,FAMSURV33d_W50,4,"0.406105,0.292506,0.220795,0.080594"
RACExPOLIDEOLOGY,RACExPOLIDEOLOGY :: Hispanic | Moderate,FAMSURV33d_W50,4,"0.394496,0.321978,0.223028,0.060498"
RACExPOLIDEOLOGY,RACExPOLIDEOLOGY :: Hispanic | Very liberal,FAMSURV33d_W50,4,"0.354499,0.267590,0.237999,0.139913"
RACExPOLIDEOLOGY,RACExPOLIDEOLOGY :: Mixed Race | Conservative,FAMSURV33d_W50,4,"0.393610,0.268418,0.222527,0.115445"
RACExPOLIDEOLOGY,RACExPOLIDEOLOGY :: Mixed Race | Liberal,FAMSURV33d_W50,4,"0.391450,0.281951,0.219583,0.107016"
RACExPOLIDEOLOGY,RACExPOLIDEOLOGY :: Mixed Race | Moderate,FAMSURV33d_W50,4,"0.386827,0.310824,0.218692,0.083657"
RACExPOLIDEOLOGY,RACExPOLIDEOLOGY :: Refused | Moderate,FAMSURV33d_W50,4,"0.330296,0.310284,0.241650,0.117771"
RACExPOLIDEOLOGY,RACExPOLIDEOLOGY :: White | Conservative,FAMSURV33d_W50,4,"0.394023,0.277230,0.221027,0.107720"
RACExPOLIDEOLOGY,RACExPOLIDEOLOGY :: White | Liberal,FAMSURV33d_W50,4,"0.395188,0.289126,0.216545,0.099142"
RACExPOLIDEOLOGY,RACExPOLIDEOLOGY :: White | Moderate,FAMSURV33d_W50,4,"0.395270,0.307836,0.216590,0.080304"
RACExPOLIDEOLOGY,RACExPOLIDEOLOGY :: White | Refused,FAMSURV33d_W50,4,"0.340554,0.269401,0.230431,0.159615"
RACExPOLIDEOLOGY,RACExPOLIDEOLOGY :: White | Very conservative,FAMSURV33d_W50,4,"0.383911,0.249815,0.223933,0.142341"
RACExPOLIDEOLOGY,RACExPOLIDEOLOGY :: White | Very liberal,FAMSURV33d_W50,4,"0.352561,0.251964,0.227631,0.167844"
RACExPOLIDEOLOGY,RACExPOLIDEOLOGY :: Asian | Conservative,FAMSURV35a_W50,2,"0.783988,0.216012"
RACExPOLIDEOLOGY,RACExPOLIDEOLOGY :: Asian | Liberal,FAMSURV35a_W50,2,"0.724870,0.275130"
RACExPOLIDEOLOGY,RACExPOLIDEOLOGY :: Asian | Moderate,FAMSURV35a_W50,2,"0.721743,0.278257"
RACExPOLIDEOLOGY,RACExPOLIDEOLOGY :: Asian | Very liberal,FAMSURV35a_W50,2,"0.735642,0.264358"
RACExPOLIDEOLOGY,RACExPOLIDEOLOGY :: Black | Conservative,FAMSURV35a_W50,2,"0.649579,0.350421"
RACExPOLIDEOLOGY,RACExPOLIDEOLOGY :: Black | Liberal,FAMSURV35a_W50,2,"0.642432,0.357568"
RACExPOLIDEOLOGY,RACExPOLIDEOLOGY :: Black | Moderate,FAMSURV35a_W50,2,"0.638835,0.361165"
RACExPOLIDEOLOGY,RACExPOLIDEOLOGY :: Black | Refused,FAMSURV35a_W50,2,"0.618780,0.381220"
RACExPOLIDEOLOGY,RACExPOLIDEOLOGY :: Black | Very conservative,FAMSURV35a_W50,2,"0.675765,0.324235"
RACExPOLIDEOLOGY,RACExPOLIDEOLOGY :: Black | Very liberal,FAMSURV35a_W50,2,"0.663669,0.336331"
RACExPOLIDEOLOGY,RACExPOLIDEOLOGY :: Hispanic | Conservative,FAMSURV35a_W50,2,"0.663669,0.336331"
RACExPOLIDEOLOGY,RACExPOLIDEOLOGY :: Hispanic | Liberal,FAMSURV35a_W50,2,"0.661923,0.338077"
RACExPOLIDEOLOGY,RACExPOLIDEOLOGY :: Hispanic | Moderate,FAMSURV35a_W50,2,"0.682574,0.317426"
RACExPOLIDEOLOGY,RACExPOLIDEOLOGY :: Hispanic | Very liberal,FAMSURV35a_W50,2,"0.668880,0.331120"
RACExPOLIDEOLOGY,RACExPOLIDEOLOGY :: Mixed Race | Conservative,FAMSURV35a_W50,2,"0.665411,0.334589"
RACExPOLIDEOLOGY,RACExPOLIDEOLOGY :: Mixed Race | Liberal,FAMSURV35a_W50,2,"0.651355,0.348645"
RACExPOLIDEOLOGY,RACExPOLIDEOLOGY :: Mixed Race | Moderate,FAMSURV35a_W50,2,"0.665411,0.334589"
RACExPOLIDEOLOGY,RACExPOLIDEOLOGY :: Refused | Moderate,FAMSURV35a_W50,2,"0.577495,0.422505"
RACExPOLIDEOLOGY,RACExPOLIDEOLOGY :: White | Conservative,FAMSURV35a_W50,2,"0.649579,0.350421"
RACExPOLIDEOLOGY,RACExPOLIDEOLOGY :: White | Liberal,FAMSURV35a_W50,2,"0.633410,0.366590"
RACExPOLIDEOLOGY,RACExPOLIDEOLOGY :: White | Moderate,FAMSURV35a_W50,2,"0.642432,0.357568"
RACExPOLIDEOLOGY,RACExPOLIDEOLOGY :: White | Refused,FAMSURV35a_W50,2,"0.622459,0.377541"
RACExPOLIDEOLOGY,RACExPOLIDEOLOGY :: White | Very conservative,FAMSURV35a_W50,2,"0.670608,0.329392"
RACExPOLIDEOLOGY,RACExPOLIDEOLOGY :: White | Very liberal,FAMSURV35a_W50,2,"0.656658,0.343342"
RACExPOLIDEOLOGY,RACExPOLIDEOLOGY :: Asian | Conservative,FAMSURV35b_W50,2,"0.881615,0.118385"
RACExPOLIDEOLOGY,RACExPOLIDEOLOGY :: Asian | Liberal,FAMSURV35b_W50,2,"0.849971,0.150029"
RACExPOLIDEOLOGY,RACExPOLIDEOLOGY :: Asian | Moderate,FAMSURV35b_W50,2,"0.854885,0.145115"
RACExPOLIDEOLOGY,RACExPOLIDEOLOGY :: Asian | Very liberal,FAMSURV35b_W50,2,"0.857768,0.142232"
RACExPOLIDEOLOGY,RACExPOLIDEOLOGY :: Black | Conservative,FAMSURV35b_W50,2,"0.767690,0.232310"
RACExPOLIDEOLOGY,RACExPOLIDEOLOGY :: Black | Liberal,FAMSURV35b_W50,2,"0.764892,0.235108"
RACExPOLIDEOLOGY,RACExPOLIDEOLOGY :: Black | Moderate,FAMSURV35b_W50,2,"0.771843,0.228156"
RACExPOLIDEOLOGY,RACExPOLIDEOLOGY :: Black | Refused,FAMSURV35b_W50,2,"0.744656,0.255344"
RACExPOLIDEOLOGY,RACExPOLIDEOLOGY :: Black | Very conservative,FAMSURV35b_W50,2,"0.798187,0.201813"
RACExPOLIDEOLOGY,RACExPOLIDEOLOGY :: Black | Very liberal,FAMSURV35b_W50,2,"0.786623,0.213377"
RACExPOLIDEOLOGY,RACExPOLIDEOLOGY :: Hispanic | Conservative,FAMSURV35b_W50,2,"0.786623,0.213377"
RACExPOLIDEOLOGY,RACExPOLIDEOLOGY :: Hispanic | Liberal,FAMSURV35b_W50,2,"0.795658,0.204342"
RACExPOLIDEOLOGY,RACExPOLIDEOLOGY :: Hispanic | Moderate,FAMSURV35b_W50,2,"0.823328,0.176672"
RACExPOLIDEOLOGY,RACExPOLIDEOLOGY :: Hispanic | Very liberal,FAMSURV35b_W50,2,"0.796925,0.203075"
RACExPOLIDEOLOGY,RACExPOLIDEOLOGY :: Mixed Race | Conservative,FAMSURV35b_W50,2,"0.782663,0.217338"
RACExPOLIDEOLOGY,RACExPOLIDEOLOGY :: Mixed Race | Liberal,FAMSURV35b_W50,2,"0.775945,0.224055"
RACExPOLIDEOLOGY,RACExPOLIDEOLOGY :: Mixed Race | Moderate,FAMSURV35b_W50,2,"0.803174,0.196826"
RACExPOLIDEOLOGY,RACExPOLIDEOLOGY :: Refused | Moderate,FAMSURV35b_W50,2,"0.663669,0.336331"
RACExPOLIDEOLOGY,RACExPOLIDEOLOGY :: White | Conservative,FAMSURV35b_W50,2,"0.774583,0.225417"
RACExPOLIDEOLOGY,RACExPOLIDEOLOGY :: White | Liberal,FAMSURV35b_W50,2,"0.757794,0.242206"
RACExPOLIDEOLOGY,RACExPOLIDEOLOGY :: White | Moderate,FAMSURV35b_W50,2,"0.779993,0.220007"
RACExPOLIDEOLOGY,RACExPOLIDEOLOGY :: White | Refused,FAMSURV35b_W50,2,"0.744656,0.255344"
RACExPOLIDEOLOGY,RACExPOLIDEOLOGY :: White | Very conservative,FAMSURV35b_W50,2,"0.790530,0.209470"
RACExPOLIDEOLOGY,RACExPOLIDEOLOGY :: White | Very liberal,FAMSURV35b_W50,2,"0.779993,0.220007"
RACExPOLIDEOLOGY,RACExPOLIDEOLOGY :: Asian | Conservative,FAMSURV36a_W50,2,"0.747616,0.252384"
RACExPOLIDEOLOGY,RACExPOLIDEOLOGY :: Asian | Liberal,FAMSURV36a_W50,2,"0.689306,0.310694"
RACExPOLIDEOLOGY,RACExPOLIDEOLOGY :: Asian | Moderate,FAMSURV36a_W50,2,"0.679179,0.320821"
RACExPOLIDEOLOGY,RACExPOLIDEOLOGY :: Asian | Very liberal,FAMSURV36a_W50,2,"0.712232,0.287768"
RACExPOLIDEOLOGY,RACExPOLIDEOLOGY :: Black | Conservative,FAMSURV36a_W50,2,"0.622459,0.377541"
RACExPOLIDEOLOGY,RACExPOLIDEOLOGY :: Black | Liberal,FAMSURV36a_W50,2,"0.609524,0.390476"
RACExPOLIDEOLOGY,RACExPOLIDEOLOGY :: Black | Moderate,FAMSURV36a_W50,2,"0.598312,0.401688"
RACExPOLIDEOLOGY,RACExPOLIDEOLOGY :: Black | Refused,FAMSURV36a_W50,2,"0.590779,0.409221"
RACExPOLIDEOLOGY,RACExPOLIDEOLOGY :: Black | Very conservative,FAMSURV36a_W50,2,"0.644225,0.355775"
RACExPOLIDEOLOGY,RACExPOLIDEOLOGY :: Black | Very liberal,FAMSURV36a_W50,2,"0.633410,0.366590"
RACExPOLIDEOLOGY,RACExPOLIDEOLOGY :: Hispanic | Conservative,FAMSURV36a_W50,2,"0.637031,0.362969"
RACExPOLIDEOLOGY,RACExPOLIDEOLOGY :: Hispanic | Liberal,FAMSURV36a_W50,2,"0.624294,0.375706"
RACExPOLIDEOLOGY,RACExPOLIDEOLOGY :: Hispanic | Moderate,FAMSURV36a_W50,2,"0.633410,0.366590"
RACExPOLIDEOLOGY,RACExPOLIDEOLOGY :: Hispanic | Very liberal,FAMSURV36a_W50,2,"0.640636,0.359364"
RACExPOLIDEOLOGY,RACExPOLIDEOLOGY :: Mixed Race | Conservative,FAMSURV36a_W50,2,"0.646014,0.353986"
RACExPOLIDEOLOGY,RACExPOLIDEOLOGY :: Mixed Race | Liberal,FAMSURV36a_W50,2,"0.618780,0.381220"
RACExPOLIDEOLOGY,RACExPOLIDEOLOGY :: Mixed Race | Moderate,FAMSURV36a_W50,2,"0.624294,0.375706"
RACExPOLIDEOLOGY,RACExPOLIDEOLOGY :: Refused | Moderate,FAMSURV36a_W50,2,"0.548674,0.451327"
RACExPOLIDEOLOGY,RACExPOLIDEOLOGY :: White | Conservative,FAMSURV36a_W50,2,"0.615088,0.384912"
RACExPOLIDEOLOGY,RACExPOLIDEOLOGY :: White | Liberal,FAMSURV36a_W50,2,"0.588889,0.411111"
RACExPOLIDEOLOGY,RACExPOLIDEOLOGY :: White | Moderate,FAMSURV36a_W50,2,"0.590779,0.409221"
RACExPOLIDEOLOGY,RACExPOLIDEOLOGY :: White | Refused,FAMSURV36a_W50,2,"0.588889,0.411111"
RACExPOLIDEOLOGY,RACExPOLIDEOLOGY :: White | Very conservative,FAMSURV36a_W50,2,"0.637031,0.362969"
RACExPOLIDEOLOGY,RACExPOLIDEOLOGY :: White | Very liberal,FAMSURV36a_W50,2,"0.622459,0.377541"
RACExPOLIDEOLOGY,RACExPOLIDEOLOGY :: Asian | Conservative,FAMSURV36c_W50,2,"0.777300,0.222700"
RACExPOLIDEOLOGY,RACExPOLIDEOLOGY :: Asian | Liberal,FAMSURV36c_W50,2,"0.715424,0.284576"
RACExPOLIDEOLOGY,RACExPOLIDEOLOGY :: Asian | Moderate,FAMSURV36c_W50,2,"0.713831,0.286169"
RACExPOLIDEOLOGY,RACExPOLIDEOLOGY :: Asian | Very liberal,FAMSURV36c_W50,2,"0.734120,0.265880"
RACExPOLIDEOLOGY,RACExPOLIDEOLOGY :: Black | Conservative,FAMSURV36c_W50,2,"0.654895,0.345105"
RACExPOLIDEOLOGY,RACExPOLIDEOLOGY :: Black | Liberal,FAMSURV36c_W50,2,"0.633410,0.366590"
RACExPOLIDEOLOGY,RACExPOLIDEOLOGY :: Black | Moderate,FAMSURV36c_W50,2,"0.635222,0.364778"
RACExPOLIDEOLOGY,RACExPOLIDEOLOGY :: Black | Refused,FAMSURV36c_W50,2,"0.624294,0.375706"
RACExPOLIDEOLOGY,RACExPOLIDEOLOGY :: Black | Very conservative,FAMSURV36c_W50,2,"0.668880,0.331120"
RACExPOLIDEOLOGY,RACExPOLIDEOLOGY :: Black | Very liberal,FAMSURV36c_W50,2,"0.660172,0.339828"
RACExPOLIDEOLOGY,RACExPOLIDEOLOGY :: Hispanic | Conservative,FAMSURV36c_W50,2,"0.667148,0.332852"
RACExPOLIDEOLOGY,RACExPOLIDEOLOGY :: Hispanic | Liberal,FAMSURV36c_W50,2,"0.651355,0.348645"
RACExPOLIDEOLOGY,RACExPOLIDEOLOGY :: Hispanic | Moderate,FAMSURV36c_W50,2,"0.670608,0.329392"
RACExPOLIDEOLOGY,RACExPOLIDEOLOGY :: Hispanic | Very liberal,FAMSURV36c_W50,2,"0.667148,0.332852"
RACExPOLIDEOLOGY,RACExPOLIDEOLOGY :: Mixed Race | Conservative,FAMSURV36c_W50,2,"0.674050,0.325950"
RACExPOLIDEOLOGY,RACExPOLIDEOLOGY :: Mixed Race | Liberal,FAMSURV36c_W50,2,"0.644225,0.355775"
RACExPOLIDEOLOGY,RACExPOLIDEOLOGY :: Mixed Race | Moderate,FAMSURV36c_W50,2,"0.658418,0.341583"
RACExPOLIDEOLOGY,RACExPOLIDEOLOGY :: Refused | Moderate,FAMSURV36c_W50,2,"0.575588,0.424412"
RACExPOLIDEOLOGY,RACExPOLIDEOLOGY :: White | Conservative,FAMSURV36c_W50,2,"0.642432,0.357568"
RACExPOLIDEOLOGY,RACExPOLIDEOLOGY :: White | Liberal,FAMSURV36c_W50,2,"0.615088,0.384912"
RACExPOLIDEOLOGY,RACExPOLIDEOLOGY :: White | Moderate,FAMSURV36c_W50,2,"0.622459,0.377541"
RACExPOLIDEOLOGY,RACExPOLIDEOLOGY :: White | Refused,FAMSURV36c_W50,2,"0.611382,0.388618"
RACExPOLIDEOLOGY,RACExPOLIDEOLOGY :: White | Very conservative,FAMSURV36c_W50,2,"0.654895,0.345105"
RACExPOLIDEOLOGY,RACExPOLIDEOLOGY :: White | Very liberal,FAMSURV36c_W50,2,"0.642432,0.357568"
RACExPOLIDEOLOGY,RACExPOLIDEOLOGY :: Asian | Conservative,FAMSURV38a_W50,3,"0.499334,0.261083,0.239583"
RACExPOLIDEOLOGY,RACExPOLIDEOLOGY :: Asian | Liberal,FAMSURV38a_W50,3,"0.469208,0.273687,0.257105"
RACExPOLIDEOLOGY,RACExPOLIDEOLOGY :: Asian | Moderate,FAMSURV38a_W50,3,"0.415957,0.274931,0.309113"
RACExPOLIDEOLOGY,RACExPOLIDEOLOGY :: Asian | Very liberal,FAMSURV38a_W50,3,"0.456022,0.292139,0.251839"
RACExPOLIDEOLOGY,RACExPOLIDEOLOGY :: Black | Conservative,FAMSURV38a_W50,3,"0.431847,0.306225,0.261928"
RACExPOLIDEOLOGY,RACExPOLIDEOLOGY :: Black | Liberal,FAMSURV38a_W50,3,"0.445582,0.294512,0.259906"
RACExPOLIDEOLOGY,RACExPOLIDEOLOGY :: Black | Moderate,FAMSURV38a_W50,3,"0.393740,0.297210,0.309050"
RACExPOLIDEOLOGY,RACExPOLIDEOLOGY :: Black | Refused,FAMSURV38a_W50,3,"0.413410,0.302457,0.284132"
RACExPOLIDEOLOGY,RACExPOLIDEOLOGY :: Black | Very conservative,FAMSURV38a_W50,3,"0.435684,0.304157,0.260159"
RACExPOLIDEOLOGY,RACExPOLIDEOLOGY :: Black | Very liberal,FAMSURV38a_W50,3,"0.431690,0.308515,0.259795"
RACExPOLIDEOLOGY,RACExPOLIDEOLOGY :: Hispanic | Conservative,FAMSURV38a_W50,3,"0.424464,0.305730,0.269806"
RACExPOLIDEOLOGY,RACExPOLIDEOLOGY :: Hispanic | Liberal,FAMSURV38a_W50,3,"0.428495,0.299138,0.272368"
RACExPOLIDEOLOGY,RACExPOLIDEOLOGY :: Hispanic | Moderate,FAMSURV38a_W50,3,"0.398275,0.289116,0.312609"
RACExPOLIDEOLOGY,RACExPOLIDEOLOGY :: Hispanic | Very liberal,FAMSURV38a_W50,3,"0.422133,0.313703,0.264164"
RACExPOLIDEOLOGY,RACExPOLIDEOLOGY :: Mixed Race | Conservative,FAMSURV38a_W50,3,"0.431096,0.303314,0.265590"
RACExPOLIDEOLOGY,RACExPOLIDEOLOGY :: Mixed Race | Liberal,FAMSURV38a_W50,3,"0.428495,0.299138,0.272368"
RACExPOLIDEOLOGY,RACExPOLIDEOLOGY :: Mixed Race | Moderate,FAMSURV38a_W50,3,"0.385360,0.300119,0.314522"
RACExPOLIDEOLOGY,RACExPOLIDEOLOGY :: Refused | Moderate,FAMSURV38a_W50,3,"0.357152,0.317658,0.325191"
RACExPOLIDEOLOGY,RACExPOLIDEOLOGY :: White | Conservative,FAMSURV38a_W50,3,"0.403494,0.319190,0.277317"
RACExPOLIDEOLOGY,RACExPOLIDEOLOGY :: White | Liberal,FAMSURV38a_W50,3,"0.404719,0.312742,0.282539"
RACExPOLIDEOLOGY,RACExPOLIDEOLOGY :: White | Moderate,FAMSURV38a_W50,3,"0.367029,0.309069,0.323902"
RACExPOLIDEOLOGY,RACExPOLIDEOLOGY :: White | Refused,FAMSURV38a_W50,3,"0.385360,0.314522,0.300119"
RACExPOLIDEOLOGY,RACExPOLIDEOLOGY :: White | Very conservative,FAMSURV38a_W50,3,"0.405375,0.318183,0.276442"
RACExPOLIDEOLOGY,RACExPOLIDEOLOGY :: White | Very liberal,FAMSURV38a_W50,3,"0.400462,0.324304,0.275233"
RACExPOLIDEOLOGY,RACExPOLIDEOLOGY :: Asian | Conservative,FAMSURV38b_W50,3,"0.528508,0.223785,0.247707"
RACExPOLIDEOLOGY,RACExPOLIDEOLOGY :: Asian | Liberal,FAMSURV38b_W50,3,"0.485468,0.242209,0.272323"
RACExPOLIDEOLOGY,RACExPOLIDEOLOGY :: Asian | Moderate,FAMSURV38b_W50,3,"0.427989,0.243861,0.328150"
RACExPOLIDEOLOGY,RACExPOLIDEOLOGY :: Asian | Very liberal,FAMSURV38b_W50,3,"0.468264,0.258600,0.273136"
RACExPOLIDEOLOGY,RACExPOLIDEOLOGY :: Black | Conservative,FAMSURV38b_W50,3,"0.457674,0.271163,0.271163"
RACExPOLIDEOLOGY,RACExPOLIDEOLOGY :: Black | Liberal,FAMSURV38b_W50,3,"0.460537,0.264464,0.274999"
RACExPOLIDEOLOGY,RACExPOLIDEOLOGY :: Black | Moderate,FAMSURV38b_W50,3,"0.407650,0.267343,0.325007"
RACExPOLIDEOLOGY,RACExPOLIDEOLOGY :: Black | Refused,FAMSURV38b_W50,3,"0.426583,0.273279,0.300138"
RACExPOLIDEOLOGY,RACExPOLIDEOLOGY :: Black | Very conservative,FAMSURV38b_W50,3,"0.450878,0.271343,0.277778"
RACExPOLIDEOLOGY,RACExPOLIDEOLOGY :: Black | Very liberal,FAMSURV38b_W50,3,"0.444135,0.277933,0.277933"
RACExPOLIDEOLOGY,RACExPOLIDEOLOGY :: Hispanic | Conservative,FAMSURV38b_W50,3,"0.449898,0.270754,0.279348"
RACExPOLIDEOLOGY,RACExPOLIDEOLOGY :: Hispanic | Liberal,FAMSURV38b_W50,3,"0.443018,0.268704,0.288277"
RACExPOLIDEOLOGY,RACExPOLIDEOLOGY :: Hispanic | Moderate,FAMSURV38b_W50,3,"0.412467,0.256107,0.331427"
RACExPOLIDEOLOGY,RACExPOLIDEOLOGY :: Hispanic | Very liberal,FAMSURV38b_W50,3,"0.435472,0.281162,0.283367"
RACExPOLIDEOLOGY,RACExPOLIDEOLOGY :: Mixed Race | Conservative,FAMSURV38b_W50,3,"0.453791,0.270971,0.275238"
RACExPOLIDEOLOGY,RACExPOLIDEOLOGY :: Mixed Race | Liberal,FAMSURV38b_W50,3,"0.438236,0.272107,0.289657"
RACExPOLIDEOLOGY,RACExPOLIDEOLOGY :: Mixed Race | Moderate,FAMSURV38b_W50,3,"0.397224,0.270883,0.331893"
RACExPOLIDEOLOGY,RACExPOLIDEOLOGY :: Refused | Moderate,FAMSURV38b_W50,3,"0.367488,0.295285,0.337226"
RACExPOLIDEOLOGY,RACExPOLIDEOLOGY :: White | Conservative,FAMSURV38b_W50,3,"0.426844,0.284339,0.288817"
RACExPOLIDEOLOGY,RACExPOLIDEOLOGY :: White | Liberal,FAMSURV38b_W50,3,"0.418182,0.282956,0.298861"
RACExPOLIDEOLOGY,RACExPOLIDEOLOGY :: White | Moderate,FAMSURV38b_W50,3,"0.383374,0.278300,0.338326"
RACExPOLIDEOLOGY,RACExPOLIDEOLOGY :: White | Refused,FAMSURV38b_W50,3,"0.393478,0.287874,0.318648"
RACExPOLIDEOLOGY,RACExPOLIDEOLOGY :: White | Very conservative,FAMSURV38b_W50,3,"0.420159,0.286523,0.293318"
RACExPOLIDEOLOGY,RACExPOLIDEOLOGY :: White | Very liberal,FAMSURV38b_W50,3,"0.409744,0.295128,0.295128"
RACExPOLIDEOLOGY,RACExPOLIDEOLOGY :: Asian | Conservative,FAMSURV39_W50,4,"0.380670,0.227308,0.238217,0.153805"
RACExPOLIDEOLOGY,RACExPOLIDEOLOGY :: Asian | Liberal,FAMSURV39_W50,4,"0.332811,0.249264,0.249264,0.168661"
RACExPOLIDEOLOGY,RACExPOLIDEOLOGY :: Asian | Moderate,FAMSURV39_W50,4,"0.314930,0.261086,0.263134,0.160850"
RACExPOLIDEOLOGY,RACExPOLIDEOLOGY :: Asian | Very liberal,FAMSURV39_W50,4,"0.335754,0.225414,0.225414,0.213418"
RACExPOLIDEOLOGY,RACExPOLIDEOLOGY :: Black | Conservative,FAMSURV39_W50,4,"0.301674,0.264154,0.254035,0.180138"
RACExPOLIDEOLOGY,RACExPOLIDEOLOGY :: Black | Liberal,FAMSURV39_W50,4,"0.304481,0.279407,0.254403,0.161709"
RACExPOLIDEOLOGY,RACExPOLIDEOLOGY :: Black | Moderate,FAMSURV39_W50,4,"0.286353,0.288598,0.266910,0.158139"
RACExPOLIDEOLOGY,RACExPOLIDEOLOGY :: Black | Refused,FAMSURV39_W50,4,"0.285970,0.262421,0.250404,0.201205"
RACExPOLIDEOLOGY,RACExPOLIDEOLOGY :: Black | Very conservative,FAMSURV39_W50,4,"0.316042,0.253947,0.244219,0.185792"
RACExPOLIDEOLOGY,RACExPOLIDEOLOGY :: Black | Very liberal,FAMSURV39_W50,4,"0.311496,0.252257,0.235130,0.201117"
RACExPOLIDEOLOGY,RACExPOLIDEOLOGY :: Hispanic | Conservative,FAMSURV39_W50,4,"0.297145,0.258164,0.260189,0.184502"
RACExPOLIDEOLOGY,RACExPOLIDEOLOGY :: Hispanic | Liberal,FAMSURV39_W50,4,"0.294556,0.270300,0.261984,0.173161"
RACExPOLIDEOLOGY,RACExPOLIDEOLOGY :: Hispanic | Moderate,FAMSURV39_W50,4,"0.286919,0.286919,0.273780,0.152382"
RACExPOLIDEOLOGY,RACExPOLIDEOLOGY :: Hispanic | Very liberal,FAMSURV39_W50,4,"0.306348,0.246157,0.238584,0.208911"
RACExPOLIDEOLOGY,RACExPOLIDEOLOGY :: Mixed Race | Conservative,FAMSURV39_W50,4,"0.309793,0.248926,0.248926,0.192355"
RACExPOLIDEOLOGY,RACExPOLIDEOLOGY :: Mixed Race | Liberal,FAMSURV39_W50,4,"0.300573,0.261142,0.253108,0.185178"
RACExPOLIDEOLOGY,RACExPOLIDEOLOGY :: Mixed Race | Moderate,FAMSURV39_W50,4,"0.291248,0.275748,0.263121,0.169883"
RACExPOLIDEOLOGY,RACExPOLIDEOLOGY :: Refused | Moderate,FAMSURV39_W50,4,"0.281956,0.269044,0.256723,0.192277"
RACExPOLIDEOLOGY,RACExPOLIDEOLOGY :: White | Conservative,FAMSURV39_W50,4,"0.304589,0.250548,0.246664,0.198200"
RACExPOLIDEOLOGY,RACExPOLIDEOLOGY :: White | Liberal,FAMSURV39_W50,4,"0.302044,0.262420,0.246521,0.189014"
RACExPOLIDEOLOGY,RACExPOLIDEOLOGY :: White | Moderate,FAMSURV39_W50,4,"0.292515,0.270532,0.258143,0.178811"
RACExPOLIDEOLOGY,RACExPOLIDEOLOGY :: White | Refused,FAMSURV39_W50,4,"0.291501,0.245469,0.234228,0.228802"
RACExPOLIDEOLOGY,RACExPOLIDEOLOGY :: White | Very conservative,FAMSURV39_W50,4,"0.321354,0.235107,0.226100,0.217439"
RACExPOLIDEOLOGY,RACExPOLIDEOLOGY :: White | Very liberal,FAMSURV39_W50,4,"0.315631,0.236396,0.215241,0.232731"
RACExPOLIDEOLOGY,RACExPOLIDEOLOGY :: Asian | Conservative,FAMSURV40_W50,4,"0.368844,0.185466,0.223715,0.221974"
RACExPOLIDEOLOGY,RACExPOLIDEOLOGY :: Asian | Liberal,FAMSURV40_W50,4,"0.299805,0.196617,0.226304,0.277274"
RACExPOLIDEOLOGY,RACExPOLIDEOLOGY :: Asian | Moderate,FAMSURV40_W50,4,"0.279246,0.186018,0.235149,0.299587"
RACExPOLIDEOLOGY,RACExPOLIDEOLOGY :: Asian | Very liberal,FAMSURV40_W50,4,"0.325087,0.185229,0.205029,0.284655"
RACExPOLIDEOLOGY,RACExPOLIDEOLOGY :: Black | Conservative,FAMSURV40_W50,4,"0.287165,0.216764,0.232553,0.263518"
RACExPOLIDEOLOGY,RACExPOLIDEOLOGY :: Black | Liberal,FAMSURV40_W50,4,"0.281968,0.224804,0.228344,0.264884"
RACExPOLIDEOLOGY,RACExPOLIDEOLOGY :: Black | Moderate,FAMSURV40_W50,4,"0.260030,0.213895,0.240488,0.285587"
RACExPOLIDEOLOGY,RACExPOLIDEOLOGY :: Black | Refused,FAMSURV40_W50,4,"0.262675,0.206176,0.226440,0.304709"
RACExPOLIDEOLOGY,RACExPOLIDEOLOGY :: Black | Very conservative,FAMSURV40_W50,4,"0.306036,0.210335,0.223900,0.259729"
RACExPOLIDEOLOGY,RACExPOLIDEOLOGY :: Black | Very liberal,FAMSURV40_W50,4,"0.300102,0.207875,0.214474,0.277549"
RACExPOLIDEOLOGY,RACExPOLIDEOLOGY :: Hispanic | Conservative,FAMSURV40_W50,4,"0.279949,0.212974,0.235741,0.271336"
RACExPOLIDEOLOGY,RACExPOLIDEOLOGY :: Hispanic | Liberal,FAMSURV40_W50,4,"0.262687,0.211075,0.235471,0.290768"
RACExPOLIDEOLOGY,RACExPOLIDEOLOGY :: Hispanic | Moderate,FAMSURV40_W50,4,"0.258134,0.199470,0.240607,0.301789"
RACExPOLIDEOLOGY,RACExPOLIDEOLOGY :: Hispanic | Very liberal,FAMSURV40_W50,4,"0.292766,0.207602,0.215872,0.283759"
RACExPOLIDEOLOGY,RACExPOLIDEOLOGY :: Mixed Race | Conservative,FAMSURV40_W50,4,"0.295909,0.206578,0.232262,0.265251"
RACExPOLIDEOLOGY,RACExPOLIDEOLOGY :: Mixed Race | Liberal,FAMSURV40_W50,4,"0.276450,0.210312,0.234620,0.278618"
RACExPOLIDEOLOGY,RACExPOLIDEOLOGY :: Mixed Race | Moderate,FAMSURV40_W50,4,"0.263161,0.201772,0.241490,0.293577"
RACExPOLIDEOLOGY,RACExPOLIDEOLOGY :: Refused | Moderate,FAMSURV40_W50,4,"0.257994,0.207304,0.233078,0.301625"
RACExPOLIDEOLOGY,RACExPOLIDEOLOGY :: White | Conservative,FAMSURV40_W50,4,"0.288951,0.201720,0.218112,0.291217"
RACExPOLIDEOLOGY,RACExPOLIDEOLOGY :: White | Liberal,FAMSURV40_W50,4,"0.275248,0.209398,0.217739,0.297614"
RACExPOLIDEOLOGY,RACExPOLIDEOLOGY :: White | Moderate,FAMSURV40_W50,4,"0.268055,0.194587,0.223969,0.313388"
RACExPOLIDEOLOGY,RACExPOLIDEOLOGY :: White | Refused,FAMSURV40_W50,4,"0.268829,0.186212,0.199776,0.345183"
RACExPOLIDEOLOGY,RACExPOLIDEOLOGY :: White | Very conservative,FAMSURV40_W50,4,"0.311904,0.190663,0.199813,0.297621"
RACExPOLIDEOLOGY,RACExPOLIDEOLOGY :: White | Very liberal,FAMSURV40_W50,4,"0.307256,0.193784,0.189295,0.309666"
RACExPOLIDEOLOGY,RACExPOLIDEOLOGY :: Asian | Conservative,FAMSURV5a_W50,3,"0.344333,0.381141,0.274526"
RACExPOLIDEOLOGY,RACExPOLIDEOLOGY :: Asian | Liberal,FAMSURV5a_W50,3,"0.313314,0.399173,0.287513"
RACExPOLIDEOLOGY,RACExPOLIDEOLOGY :: Asian | Moderate,FAMSURV5a_W50,3,"0.286276,0.394361,0.319363"
RACExPOLIDEOLOGY,RACExPOLIDEOLOGY :: Asian | Very liberal,FAMSURV5a_W50,3,"0.315468,0.383511,0.301021"
RACExPOLIDEOLOGY,RACExPOLIDEOLOGY :: Black | Conservative,FAMSURV5a_W50,3,"0.313035,0.401944,0.285021"
RACExPOLIDEOLOGY,RACExPOLIDEOLOGY :: Black | Liberal,FAMSURV5a_W50,3,"0.296072,0.407856,0.296072"
RACExPOLIDEOLOGY,RACExPOLIDEOLOGY :: Black | Moderate,FAMSURV5a_W50,3,"0.283802,0.397111,0.319087"
RACExPOLIDEOLOGY,RACExPOLIDEOLOGY :: Black | Refused,FAMSURV5a_W50,3,"0.286989,0.395344,0.317668"
RACExPOLIDEOLOGY,RACExPOLIDEOLOGY :: Black | Very conservative,FAMSURV5a_W50,3,"0.306191,0.399348,0.294461"
RACExPOLIDEOLOGY,RACExPOLIDEOLOGY :: Black | Very liberal,FAMSURV5a_W50,3,"0.310948,0.390016,0.299036"
RACExPOLIDEOLOGY,RACExPOLIDEOLOGY :: Hispanic | Conservative,FAMSURV5a_W50,3,"0.315265,0.395431,0.289304"
RACExPOLIDEOLOGY,RACExPOLIDEOLOGY :: Hispanic | Liberal,FAMSURV5a_W50,3,"0.307384,0.394689,0.297927"
RACExPOLIDEOLOGY,RACExPOLIDEOLOGY :: Hispanic | Moderate,FAMSURV5a_W50,3,"0.284843,0.392388,0.322769"
RACExPOLIDEOLOGY,RACExPOLIDEOLOGY :: Hispanic | Very liberal,FAMSURV5a_W50,3,"0.318852,0.381615,0.299533"
RACExPOLIDEOLOGY,RACExPOLIDEOLOGY :: Mixed Race | Conservative,FAMSURV5a_W50,3,"0.317930,0.392591,0.289479"
RACExPOLIDEOLOGY,RACExPOLIDEOLOGY :: Mixed Race | Liberal,FAMSURV5a_W50,3,"0.308551,0.390045,0.301404"
RACExPOLIDEOLOGY,RACExPOLIDEOLOGY :: Mixed Race | Moderate,FAMSURV5a_W50,3,"0.287456,0.386814,0.325730"
RACExPOLIDEOLOGY,RACExPOLIDEOLOGY :: Refused | Moderate,FAMSURV5a_W50,3,"0.293839,0.357218,0.348943"
RACExPOLIDEOLOGY,RACExPOLIDEOLOGY :: White | Conservative,FAMSURV5a_W50,3,"0.301707,0.396586,0.301707"
RACExPOLIDEOLOGY,RACExPOLIDEOLOGY :: White | Liberal,FAMSURV5a_W50,3,"0.300676,0.389104,0.310220"
RACExPOLIDEOLOGY,RACExPOLIDEOLOGY :: White | Moderate,FAMSURV5a_W50,3,"0.282189,0.382704,0.335107"
RACExPOLIDEOLOGY,RACExPOLIDEOLOGY :: White | Refused,FAMSURV5a_W50,3,"0.283774,0.381859,0.334367"
RACExPOLIDEOLOGY,RACExPOLIDEOLOGY :: White | Very conservative,FAMSURV5a_W50,3,"0.308387,0.380807,0.310806"
RACExPOLIDEOLOGY,RACExPOLIDEOLOGY :: White | Very liberal,FAMSURV5a_W50,3,"0.313408,0.378042,0.308549"
RACExPOLIDEOLOGY,RACExPOLIDEOLOGY :: Asian | Conservative,FAMSURV6_W50,4,"0.459348,0.234612,0.178483,0.127556"
RACExPOLIDEOLOGY,RACExPOLIDEOLOGY :: Asian | Liberal,FAMSURV6_W50,4,"0.427354,0.278084,0.174021,0.120541"
RACExPOLIDEOLOGY,RACExPOLIDEOLOGY :: Asian | Moderate,FAMSURV6_W50,4,"0.381150,0.287707,0.212142,0.119001"
RACExPOLIDEOLOGY,RACExPOLIDEOLOGY :: Asian | Very liberal,FAMSURV6_W50,4,"0.408737,0.251815,0.169061,0.170387"
RACExPOLIDEOLOGY,RACExPOLIDEOLOGY :: Black | Conservative,FAMSURV6_W50,4,"0.346041,0.286878,0.209885,0.157196"
RACExPOLIDEOLOGY,RACExPOLIDEOLOGY :: Black | Liberal,FAMSURV6_W50,4,"0.367017,0.306654,0.193404,0.132925"
RACExPOLIDEOLOGY,RACExPOLIDEOLOGY :: Black | Moderate,FAMSURV6_W50,4,"0.327882,0.317794,0.228898,0.125426"
RACExPOLIDEOLOGY,RACExPOLIDEOLOGY :: Black | Refused,FAMSURV6_W50,4,"0.302766,0.291167,0.218074,0.187992"
RACExPOLIDEOLOGY,RACExPOLIDEOLOGY :: Black | Very conservative,FAMSURV6_W50,4,"0.359285,0.279812,0.193820,0.167083"
RACExPOLIDEOLOGY,RACExPOLIDEOLOGY :: Black | Very liberal,FAMSURV6_W50,4,"0.360187,0.276165,0.182534,0.181114"
RACExPOLIDEOLOGY,RACExPOLIDEOLOGY :: Hispanic | Conservative,FAMSURV6_W50,4,"0.338066,0.286913,0.216573,0.158448"
RACExPOLIDEOLOGY,RACExPOLIDEOLOGY :: Hispanic | Liberal,FAMSURV6_W50,4,"0.361538,0.306834,0.199660,0.131968"
RACExPOLIDEOLOGY,RACExPOLIDEOLOGY :: Hispanic | Moderate,FAMSURV6_W50,4,"0.331731,0.316539,0.231585,0.120145"
RACExPOLIDEOLOGY,RACExPOLIDEOLOGY :: Hispanic | Very liberal,FAMSURV6_W50,4,"0.349440,0.276430,0.189987,0.184142"
RACExPOLIDEOLOGY,RACExPOLIDEOLOGY :: Mixed Race | Conservative,FAMSURV6_W50,4,"0.337653,0.275584,0.212955,0.173809"
RACExPOLIDEOLOGY,RACExPOLIDEOLOGY :: Mixed Race | Liberal,FAMSURV6_W50,4,"0.348356,0.291062,0.204788,0.155794"
RACExPOLIDEOLOGY,RACExPOLIDEOLOGY :: Mixed Race | Moderate,FAMSURV6_W50,4,"0.319350,0.307116,0.231823,0.141711"
RACExPOLIDEOLOGY,RACExPOLIDEOLOGY :: Refused | Moderate,FAMSURV6_W50,4,"0.292889,0.288348,0.254467,0.164296"
RACExPOLIDEOLOGY,RACExPOLIDEOLOGY :: White | Conservative,FAMSURV6_W50,4,"0.324328,0.277413,0.217744,0.180516"
RACExPOLIDEOLOGY,RACExPOLIDEOLOGY :: White | Liberal,FAMSURV6_W50,4,"0.335558,0.293824,0.208353,0.162265"
RACExPOLIDEOLOGY,RACExPOLIDEOLOGY :: White | Moderate,FAMSURV6_W50,4,"0.306105,0.303723,0.242149,0.148023"
RACExPOLIDEOLOGY,RACExPOLIDEOLOGY :: White | Refused,FAMSURV6_W50,4,"0.280196,0.269462,0.228689,0.221653"
RACExPOLIDEOLOGY,RACExPOLIDEOLOGY :: White | Very conservative,FAMSURV6_W50,4,"0.333685,0.259874,0.199252,0.207189"
RACExPOLIDEOLOGY,RACExPOLIDEOLOGY :: White | Very liberal,FAMSURV6_W50,4,"0.326134,0.257993,0.191724,0.224148"
RACExPOLIDEOLOGY,RACExPOLIDEOLOGY :: Asian | Conservative,FAMSURV9c_W50,4,"0.389633,0.243826,0.240046,0.126495"
RACExPOLIDEOLOGY,RACExPOLIDEOLOGY :: Asian | Liberal,FAMSURV9c_W50,4,"0.351341,0.253061,0.249138,0.146461"
RACExPOLIDEOLOGY,RACExPOLIDEOLOGY :: Asian | Moderate,FAMSURV9c_W50,4,"0.337629,0.267087,0.258869,0.136415"
RACExPOLIDEOLOGY,RACExPOLIDEOLOGY :: Asian | Very liberal,FAMSURV9c_W50,4,"0.370536,0.230071,0.222992,0.176401"
RACExPOLIDEOLOGY,RACExPOLIDEOLOGY :: Black | Conservative,FAMSURV9c_W50,4,"0.326903,0.273138,0.252611,0.147347"
RACExPOLIDEOLOGY,RACExPOLIDEOLOGY :: Black | Liberal,FAMSURV9c_W50,4,"0.324929,0.286749,0.257040,0.131283"
RACExPOLIDEOLOGY,RACExPOLIDEOLOGY :: Black | Moderate,FAMSURV9c_W50,4,"0.304004,0.296962,0.268283,0.130751"
RACExPOLIDEOLOGY,RACExPOLIDEOLOGY :: Black | Refused,FAMSURV9c_W50,4,"0.296568,0.280785,0.253668,0.168979"
RACExPOLIDEOLOGY,RACExPOLIDEOLOGY :: Black | Very conservative,FAMSURV9c_W50,4,"0.351365,0.259080,0.239610,0.149944"
RACExPOLIDEOLOGY,RACExPOLIDEOLOGY :: Black | Very liberal,FAMSURV9c_W50,4,"0.340043,0.258691,0.235541,0.165724"
RACExPOLIDEOLOGY,RACExPOLIDEOLOGY :: Hispanic | Conservative,FAMSURV9c_W50,4,"0.322044,0.269078,0.256756,0.152123"
RACExPOLIDEOLOGY,RACExPOLIDEOLOGY :: Hispanic | Liberal,FAMSURV9c_W50,4,"0.316206,0.276880,0.262144,0.144770"
RACExPOLIDEOLOGY,RACExPOLIDEOLOGY :: Hispanic | Moderate,FAMSURV9c_W50,4,"0.308812,0.296982,0.270405,0.123801"
RACExPOLIDEOLOGY,RACExPOLIDEOLOGY :: Hispanic | Very liberal,FAMSURV9c_W50,4,"0.333312,0.255560,0.238208,0.172920"
RACExPOLIDEOLOGY,RACExPOLIDEOLOGY :: Mixed Race | Conservative,FAMSURV9c_W50,4,"0.331630,0.260300,0.246447,0.161624"
RACExPOLIDEOLOGY,RACExPOLIDEOLOGY :: Mixed Race | Liberal,FAMSURV9c_W50,4,"0.320579,0.267854,0.251625,0.159943"
RACExPOLIDEOLOGY,RACExPOLIDEOLOGY :: Mixed Race | Moderate,FAMSURV9c_W50,4,"0.308715,0.287754,0.259964,0.143566"
RACExPOLIDEOLOGY,RACExPOLIDEOLOGY :: Refused | Moderate,FAMSURV9c_W50,4,"0.295847,0.286745,0.259052,0.158356"
RACExPOLIDEOLOGY,RACExPOLIDEOLOGY :: White | Conservative,FAMSURV9c_W50,4,"0.328182,0.267855,0.247725,0.156238"
RACExPOLIDEOLOGY,RACExPOLIDEOLOGY :: White | Liberal,FAMSURV9c_W50,4,"0.318122,0.276389,0.251655,0.153834"
RACExPOLIDEOLOGY,RACExPOLIDEOLOGY :: White | Moderate,FAMSURV9c_W50,4,"0.309046,0.290322,0.260243,0.140390"
RACExPOLIDEOLOGY,RACExPOLIDEOLOGY :: White | Refused,FAMSURV9c_W50,4,"0.299859,0.273025,0.246657,0.180458"
RACExPOLIDEOLOGY,RACExPOLIDEOLOGY :: White | Very conservative,FAMSURV9c_W50,4,"0.357525,0.247650,0.227257,0.167568"
RACExPOLIDEOLOGY,RACExPOLIDEOLOGY :: White | Very liberal,FAMSURV9c_W50,4,"0.344212,0.251831,0.223983,0.179975"
RACExPOLIDEOLOGY,RACExPOLIDEOLOGY :: Asian | Conservative,FAMSURV9e_W50,4,"0.616145,0.172439,0.134296,0.077120"
RACExPOLIDEOLOGY,RACExPOLIDEOLOGY :: Asian | Liberal,FAMSURV9e_W50,4,"0.611766,0.173910,0.128233,0.086092"
RACExPOLIDEOLOGY,RACExPOLIDEOLOGY :: Asian | Moderate,FAMSURV9e_W50,4,"0.616853,0.176731,0.134450,0.071966"
RACExPOLIDEOLOGY,RACExPOLIDEOLOGY :: Asian | Very liberal,FAMSURV9e_W50,4,"0.617771,0.143334,0.113387,0.125508"
RACExPOLIDEOLOGY,RACExPOLIDEOLOGY :: Black | Conservative,FAMSURV9e_W50,4,"0.531593,0.211453,0.154702,0.102252"
RACExPOLIDEOLOGY,RACExPOLIDEOLOGY :: Black | Liberal,FAMSURV9e_W50,4,"0.550078,0.222251,0.144622,0.083049"
RACExPOLIDEOLOGY,RACExPOLIDEOLOGY :: Black | Moderate,FAMSURV9e_W50,4,"0.548101,0.226704,0.151018,0.074177"
RACExPOLIDEOLOGY,RACExPOLIDEOLOGY :: Black | Refused,FAMSURV9e_W50,4,"0.477148,0.230734,0.158581,0.133538"
RACExPOLIDEOLOGY,RACExPOLIDEOLOGY :: Black | Very conservative,FAMSURV9e_W50,4,"0.605068,0.166714,0.123891,0.104327"
RACExPOLIDEOLOGY,RACExPOLIDEOLOGY :: Black | Very liberal,FAMSURV9e_W50,4,"0.566753,0.178337,0.126460,0.128451"
RACExPOLIDEOLOGY,RACExPOLIDEOLOGY :: Hispanic | Conservative,FAMSURV9e_W50,4,"0.525944,0.205963,0.160404,0.107690"
RACExPOLIDEOLOGY,RACExPOLIDEOLOGY :: Hispanic | Liberal,FAMSURV9e_W50,4,"0.557317,0.203430,0.145385,0.093868"
RACExPOLIDEOLOGY,RACExPOLIDEOLOGY :: Hispanic | Moderate,FAMSURV9e_W50,4,"0.568001,0.213911,0.145875,0.072213"
RACExPOLIDEOLOGY,RACExPOLIDEOLOGY :: Hispanic | Very liberal,FAMSURV9e_W50,4,"0.542871,0.180424,0.136191,0.140514"
RACExPOLIDEOLOGY,RACExPOLIDEOLOGY :: Mixed Race | Conservative,FAMSURV9e_W50,4,"0.529462,0.202537,0.151693,0.116307"
RACExPOLIDEOLOGY,RACExPOLIDEOLOGY :: Mixed Race | Liberal,FAMSURV9e_W50,4,"0.544267,0.206580,0.141980,0.107172"
RACExPOLIDEOLOGY,RACExPOLIDEOLOGY :: Mixed Race | Moderate,FAMSURV9e_W50,4,"0.552894,0.216516,0.143109,0.087481"
RACExPOLIDEOLOGY,RACExPOLIDEOLOGY :: Refused | Moderate,FAMSURV9e_W50,4,"0.450084,0.252474,0.181850,0.115591"
RACExPOLIDEOLOGY,RACExPOLIDEOLOGY :: White | Conservative,FAMSURV9e_W50,4,"0.517507,0.210732,0.155384,0.116377"
RACExPOLIDEOLOGY,RACExPOLIDEOLOGY :: White | Liberal,FAMSURV9e_W50,4,"0.521401,0.220775,0.149384,0.108441"
RACExPOLIDEOLOGY,RACExPOLIDEOLOGY :: White | Moderate,FAMSURV9e_W50,4,"0.528228,0.230766,0.151340,0.089666"
RACExPOLIDEOLOGY,RACExPOLIDEOLOGY :: White | Refused,FAMSURV9e_W50,4,"0.444689,0.234335,0.164875,0.156101"
RACExPOLIDEOLOGY,RACExPOLIDEOLOGY :: White | Very conservative,FAMSURV9e_W50,4,"0.569860,0.169771,0.128150,0.132218"
RACExPOLIDEOLOGY,RACExPOLIDEOLOGY :: White | Very liberal,FAMSURV9e_W50,4,"0.524388,0.186976,0.133626,0.155009"
RACExPOLIDEOLOGY,RACExPOLIDEOLOGY :: Asian | Conservative,FATHER_W50,2,"0.611382,0.388618"
RACExPOLIDEOLOGY,RACExPOLIDEOLOGY :: Asian | Liberal,FATHER_W50,2,"0.585101,0.414899"
RACExPOLIDEOLOGY,RACExPOLIDEOLOGY :: Asian | Moderate,FATHER_W50,2,"0.596433,0.403567"
RACExPOLIDEOLOGY,RACExPOLIDEOLOGY :: Asian | Very liberal,FATHER_W50,2,"0.490236,0.509764"
RACExPOLIDEOLOGY,RACExPOLIDEOLOGY :: Black | Conservative,FATHER_W50,2,"0.521471,0.478529"
RACExPOLIDEOLOGY,RACExPOLIDEOLOGY :: Black | Liberal,FATHER_W50,2,"0.529263,0.470737"
RACExPOLIDEOLOGY,RACExPOLIDEOLOGY :: Black | Moderate,FATHER_W50,2,"0.521471,0.478529"
RACExPOLIDEOLOGY,RACExPOLIDEOLOGY :: Black | Refused,FATHER_W50,2,"0.480479,0.519521"
RACExPOLIDEOLOGY,RACExPOLIDEOLOGY :: Black | Very conservative,FATHER_W50,2,"0.474631,0.525369"
RACExPOLIDEOLOGY,RACExPOLIDEOLOGY :: Black | Very liberal,FATHER_W50,2,"0.449393,0.550607"
RACExPOLIDEOLOGY,RACExPOLIDEOLOGY :: Hispanic | Conservative,FATHER_W50,2,"0.531209,0.468791"
RACExPOLIDEOLOGY,RACExPOLIDEOLOGY :: Hispanic | Liberal,FATHER_W50,2,"0.538983,0.461017"
RACExPOLIDEOLOGY,RACExPOLIDEOLOGY :: Hispanic | Moderate,FATHER_W50,2,"0.566019,0.433981"
RACExPOLIDEOLOGY,RACExPOLIDEOLOGY :: Hispanic | Very liberal,FATHER_W50,2,"0.462959,0.537041"
RACExPOLIDEOLOGY,RACExPOLIDEOLOGY :: Mixed Race | Conservative,FATHER_W50,2,"0.511717,0.488283"
RACExPOLIDEOLOGY,RACExPOLIDEOLOGY :: Mixed Race | Liberal,FATHER_W50,2,"0.507812,0.492188"
RACExPOLIDEOLOGY,RACExPOLIDEOLOGY :: Mixed Race | Moderate,FATHER_W50,2,"0.509764,0.490236"
RACExPOLIDEOLOGY,RACExPOLIDEOLOGY :: Refused | Moderate,FATHER_W50,2,"0.496094,0.503906"
RACExPOLIDEOLOGY,RACExPOLIDEOLOGY :: White | Conservative,FATHER_W50,2,"0.523420,0.476580"
RACExPOLIDEOLOGY,RACExPOLIDEOLOGY :: White | Liberal,FATHER_W50,2,"0.517571,0.482429"
RACExPOLIDEOLOGY,RACExPOLIDEOLOGY :: White | Moderate,FATHER_W50,2,"0.533154,0.466846"
RACExPOLIDEOLOGY,RACExPOLIDEOLOGY :: White | Refused,FATHER_W50,2,"0.486332,0.513668"
RACExPOLIDEOLOGY,RACExPOLIDEOLOGY :: White | Very conservative,FATHER_W50,2,"0.484380,0.515620"
RACExPOLIDEOLOGY,RACExPOLIDEOLOGY :: White | Very liberal,FATHER_W50,2,"0.459076,0.540924"
RACExPOLIDEOLOGY,RACExPOLIDEOLOGY :: Asian | Liberal,FEDSHAREC_W32,3,"0.267110,0.397859,0.335031"
RACExPOLIDEOLOGY,RACExPOLIDEOLOGY :: Asian | Moderate,FEDSHAREC_W32,3,"0.208840,0.352485,0.438675"
RACExPOLIDEOLOGY,RACExPOLIDEOLOGY :: Black | Conservative,FEDSHAREC_W32,3,"0.278480,0.418049,0.303471"
RACExPOLIDEOLOGY,RACExPOLIDEOLOGY :: Black | Liberal,FEDSHAREC_W32,3,"0.259398,0.404915,0.335686"
RACExPOLIDEOLOGY,RACExPOLIDEOLOGY :: Black | Moderate,FEDSHAREC_W32,3,"0.212716,0.367540,0.419744"
RACExPOLIDEOLOGY,RACExPOLIDEOLOGY :: Black | Very conservative,FEDSHAREC_W32,3,"0.275154,0.413055,0.311790"
RACExPOLIDEOLOGY,RACExPOLIDEOLOGY :: Black | Very liberal,FEDSHAREC_W32,3,"0.275154,0.413055,0.311790"
RACExPOLIDEOLOGY,RACExPOLIDEOLOGY :: Hispanic | Conservative,FEDSHAREC_W32,3,"0.276491,0.415062,0.308448"
RACExPOLIDEOLOGY,RACExPOLIDEOLOGY :: Hispanic | Liberal,FEDSHAREC_W32,3,"0.262943,0.407253,0.329804"
RACExPOLIDEOLOGY,RACExPOLIDEOLOGY :: Hispanic | Moderate,FEDSHAREC_W32,3,"0.202250,0.366228,0.431522"
RACExPOLIDEOLOGY,RACExPOLIDEOLOGY :: Hispanic | Very liberal,FEDSHAREC_W32,3,"0.275594,0.416960,0.307447"
RACExPOLIDEOLOGY,RACExPOLIDEOLOGY :: Mixed Race | Moderate,FEDSHAREC_W32,3,"0.200505,0.354656,0.444839"
RACExPOLIDEOLOGY,RACExPOLIDEOLOGY :: Other | Conservative,FEDSHAREC_W32,3,"0.266975,0.413498,0.319527"
RACExPOLIDEOLOGY,RACExPOLIDEOLOGY :: Other | Moderate,FEDSHAREC_W32,3,"0.209102,0.358484,0.432414"
RACExPOLIDEOLOGY,RACExPOLIDEOLOGY :: White | Conservative,FEDSHAREC_W32,3,"0.268059,0.393083,0.338858"
RACExPOLIDEOLOGY,RACExPOLIDEOLOGY :: White | Liberal,FEDSHAREC_W32,3,"0.268562,0.372861,0.358577"
RACExPOLIDEOLOGY,RACExPOLIDEOLOGY :: White | Moderate,FEDSHAREC_W32,3,"0.206333,0.332306,0.461361"
RACExPOLIDEOLOGY,RACExPOLIDEOLOGY :: White | Refused,FEDSHAREC_W32,3,"0.230699,0.338298,0.431003"
RACExPOLIDEOLOGY,RACExPOLIDEOLOGY :: White | Very conservative,FEDSHAREC_W32,3,"0.279132,0.381529,0.339339"
RACExPOLIDEOLOGY,RACExPOLIDEOLOGY :: White | Very liberal,FEDSHAREC_W32,3,"0.274599,0.378276,0.347125"
RACExPOLIDEOLOGY,RACExPOLIDEOLOGY :: Asian | Liberal,FEELA_W32,4,"0.372362,0.255920,0.218900,0.152817"
RACExPOLIDEOLOGY,RACExPOLIDEOLOGY :: Asian | Moderate,FEELA_W32,4,"0.311989,0.281859,0.246804,0.159348"
RACExPOLIDEOLOGY,RACExPOLIDEOLOGY :: Black | Conservative,FEELA_W32,4,"0.324554,0.273302,0.233768,0.168376"
RACExPOLIDEOLOGY,RACExPOLIDEOLOGY :: Black | Liberal,FEELA_W32,4,"0.310044,0.307632,0.235869,0.146455"
RACExPOLIDEOLOGY,RACExPOLIDEOLOGY :: Black | Moderate,FEELA_W32,4,"0.260529,0.321711,0.258502,0.159258"
RACExPOLIDEOLOGY,RACExPOLIDEOLOGY :: Black | Very conservative,FEELA_W32,4,"0.400161,0.240821,0.193505,0.165514"
RACExPOLIDEOLOGY,RACExPOLIDEOLOGY :: Black | Very liberal,FEELA_W32,4,"0.405542,0.238406,0.185671,0.170381"
RACExPOLIDEOLOGY,RACExPOLIDEOLOGY :: Hispanic | Conservative,FEELA_W32,4,"0.326355,0.260193,0.238767,0.174685"
RACExPOLIDEOLOGY,RACExPOLIDEOLOGY :: Hispanic | Liberal,FEELA_W32,4,"0.315831,0.287567,0.236546,0.160055"
RACExPOLIDEOLOGY,RACExPOLIDEOLOGY :: Hispanic | Moderate,FEELA_W32,4,"0.264663,0.324272,0.262603,0.148462"
RACExPOLIDEOLOGY,RACExPOLIDEOLOGY :: Hispanic | Very liberal,FEELA_W32,4,"0.398774,0.234427,0.189845,0.176955"
RACExPOLIDEOLOGY,RACExPOLIDEOLOGY :: Mixed Race | Moderate,FEELA_W32,4,"0.267297,0.314953,0.253072,0.164677"
RACExPOLIDEOLOGY,RACExPOLIDEOLOGY :: Other | Conservative,FEELA_W32,4,"0.357101,0.257210,0.223468,0.162220"
RACExPOLIDEOLOGY,RACExPOLIDEOLOGY :: Other | Moderate,FEELA_W32,4,"0.292651,0.306696,0.246437,0.154216"
RACExPOLIDEOLOGY,RACExPOLIDEOLOGY :: White | Conservative,FEELA_W32,4,"0.320762,0.261798,0.234675,0.182765"
RACExPOLIDEOLOGY,RACExPOLIDEOLOGY :: White | Liberal,FEELA_W32,4,"0.310939,0.283114,0.232883,0.173064"
RACExPOLIDEOLOGY,RACExPOLIDEOLOGY :: White | Moderate,FEELA_W32,4,"0.265281,0.302961,0.259136,0.172622"
RACExPOLIDEOLOGY,RACExPOLIDEOLOGY :: White | Refused,FEELA_W32,4,"0.292769,0.270767,0.235247,0.201217"
RACExPOLIDEOLOGY,RACExPOLIDEOLOGY :: White | Very conservative,FEELA_W32,4,"0.390923,0.228024,0.189038,0.192015"
RACExPOLIDEOLOGY,RACExPOLIDEOLOGY :: White | Very liberal,FEELA_W32,4,"0.380099,0.236009,0.186699,0.197193"
RACExPOLIDEOLOGY,RACExPOLIDEOLOGY :: Asian | Liberal,FEELB_W32,4,"0.738487,0.108065,0.104740,0.048709"
RACExPOLIDEOLOGY,RACExPOLIDEOLOGY :: Asian | Moderate,FEELB_W32,4,"0.768152,0.086860,0.103958,0.041030"
RACExPOLIDEOLOGY,RACExPOLIDEOLOGY :: Black | Conservative,FEELB_W32,4,"0.628345,0.156407,0.140203,0.075045"
RACExPOLIDEOLOGY,RACExPOLIDEOLOGY :: Black | Liberal,FEELB_W32,4,"0.629551,0.174820,0.136150,0.059479"
RACExPOLIDEOLOGY,RACExPOLIDEOLOGY :: Black | Moderate,FEELB_W32,4,"0.678500,0.137846,0.130510,0.053144"
RACExPOLIDEOLOGY,RACExPOLIDEOLOGY :: Black | Very conservative,FEELB_W32,4,"0.617028,0.145416,0.146557,0.090999"
RACExPOLIDEOLOGY,RACExPOLIDEOLOGY :: Black | Very liberal,FEELB_W32,4,"0.573304,0.162976,0.154303,0.109417"
RACExPOLIDEOLOGY,RACExPOLIDEOLOGY :: Hispanic | Conservative,FEELB_W32,4,"0.626024,0.147537,0.148694,0.077746"
RACExPOLIDEOLOGY,RACExPOLIDEOLOGY :: Hispanic | Liberal,FEELB_W32,4,"0.661555,0.143071,0.133357,0.062017"
RACExPOLIDEOLOGY,RACExPOLIDEOLOGY :: Hispanic | Moderate,FEELB_W32,4,"0.696709,0.126880,0.127875,0.048536"
RACExPOLIDEOLOGY,RACExPOLIDEOLOGY :: Hispanic | Very liberal,FEELB_W32,4,"0.551647,0.165634,0.164345,0.118374"
RACExPOLIDEOLOGY,RACExPOLIDEOLOGY :: Mixed Race | Moderate,FEELB_W32,4,"0.653023,0.142334,0.135816,0.068828"
RACExPOLIDEOLOGY,RACExPOLIDEOLOGY :: Other | Conservative,FEELB_W32,4,"0.596988,0.161937,0.150942,0.090132"
RACExPOLIDEOLOGY,RACExPOLIDEOLOGY :: Other | Moderate,FEELB_W32,4,"0.624681,0.157944,0.148375,0.069001"
RACExPOLIDEOLOGY,RACExPOLIDEOLOGY :: White | Conservative,FEELB_W32,4,"0.624974,0.153156,0.137289,0.084581"
RACExPOLIDEOLOGY,RACExPOLIDEOLOGY :: White | Liberal,FEELB_W32,4,"0.633145,0.162605,0.128631,0.075618"
RACExPOLIDEOLOGY,RACExPOLIDEOLOGY :: White | Moderate,FEELB_W32,4,"0.679867,0.135982,0.121893,0.062257"
RACExPOLIDEOLOGY,RACExPOLIDEOLOGY :: White | Refused,FEELB_W32,4,"0.482538,0.204319,0.169387,0.143757"
RACExPOLIDEOLOGY,RACExPOLIDEOLOGY :: White | Very conservative,FEELB_W32,4,"0.580682,0.152668,0.146819,0.119831"
RACExPOLIDEOLOGY,RACExPOLIDEOLOGY :: White | Very liberal,FEELB_W32,4,"0.521494,0.176049,0.155363,0.147094"
RACExPOLIDEOLOGY,RACExPOLIDEOLOGY :: Asian | Liberal,FINANCEc_W54,2,"0.602062,0.397938"
RACExPOLIDEOLOGY,RACExPOLIDEOLOGY :: Asian | Moderate,FINANCEc_W54,2,"0.588889,0.411111"
RACExPOLIDEOLOGY,RACExPOLIDEOLOGY :: Black | Conservative,FINANCEc_W54,2,"0.554470,0.445530"
RACExPOLIDEOLOGY,RACExPOLIDEOLOGY :: Black | Liberal,FINANCEc_W54,2,"0.562177,0.437824"
RACExPOLIDEOLOGY,RACExPOLIDEOLOGY :: Black | Moderate,FINANCEc_W54,2,"0.540924,0.459076"
RACExPOLIDEOLOGY,RACExPOLIDEOLOGY :: Black | Very conservative,FINANCEc_W54,2,"0.560253,0.439747"
RACExPOLIDEOLOGY,RACExPOLIDEOLOGY :: Black | Very liberal,FINANCEc_W54,2,"0.538983,0.461017"
RACExPOLIDEOLOGY,RACExPOLIDEOLOGY :: Hispanic | Conservative,FINANCEc_W54,2,"0.567937,0.432063"
RACExPOLIDEOLOGY,RACExPOLIDEOLOGY :: Hispanic | Liberal,FINANCEc_W54,2,"0.564098,0.435902"
RACExPOLIDEOLOGY,RACExPOLIDEOLOGY :: Hispanic | Moderate,FINANCEc_W54,2,"0.573678,0.426322"
RACExPOLIDEOLOGY,RACExPOLIDEOLOGY :: Mixed Race | Liberal,FINANCEc_W54,2,"0.556400,0.443600"
RACExPOLIDEOLOGY,RACExPOLIDEOLOGY :: Mixed Race | Moderate,FINANCEc_W54,2,"0.546738,0.453262"
RACExPOLIDEOLOGY,RACExPOLIDEOLOGY :: Refused | Moderate,FINANCEc_W54,2,"0.525369,0.474631"
RACExPOLIDEOLOGY,RACExPOLIDEOLOGY :: White | Conservative,FINANCEc_W54,2,"0.567937,0.432063"
RACExPOLIDEOLOGY,RACExPOLIDEOLOGY :: White | Liberal,FINANCEc_W54,2,"0.560253,0.439747"
RACExPOLIDEOLOGY,RACExPOLIDEOLOGY :: White | Moderate,FINANCEc_W54,2,"0.558327,0.441673"
RACExPOLIDEOLOGY,RACExPOLIDEOLOGY :: White | Refused,FINANCEc_W54,2,"0.529263,0.470737"
RACExPOLIDEOLOGY,RACExPOLIDEOLOGY :: White | Very conservative,FINANCEc_W54,2,"0.573678,0.426322"
RACExPOLIDEOLOGY,RACExPOLIDEOLOGY :: White | Very liberal,FINANCEc_W54,2,"0.554470,0.445530"
RACExPOLIDEOLOGY,RACExPOLIDEOLOGY :: Asian | Conservative,FREECOLL_W92,4,"0.411577,0.255554,0.182636,0.150232"
RACExPOLIDEOLOGY,RACExPOLIDEOLOGY :: Asian | Liberal,FREECOLL_W92,4,"0.353510,0.297686,0.190705,0.158100"
RACExPOLIDEOLOGY,RACExPOLIDEOLOGY :: Asian | Moderate,FREECOLL_W92,4,"0.313553,0.311113,0.218896,0.156438"
RACExPOLIDEOLOGY,RACExPOLIDEOLOGY :: Black | Conservative,FREECOLL_W92,4,"0.305690,0.303311,0.208463,0.182536"
RACExPOLIDEOLOGY,RACExPOLIDEOLOGY :: Black | Liberal,FREECOLL_W92,4,"0.321426,0.318925,0.198025,0.161623"
RACExPOLIDEOLOGY,RACExPOLIDEOLOGY :: Black | Moderate,FREECOLL_W92,4,"0.275510,0.332329,0.230197,0.161964"
RACExPOLIDEOLOGY,RACExPOLIDEOLOGY :: Black | Very conservative,FREECOLL_W92,4,"0.333200,0.298678,0.188374,0.179748"
RACExPOLIDEOLOGY,RACExPOLIDEOLOGY :: Black | Very liberal,FREECOLL_W92,4,"0.338276,0.300869,0.175495,0.185360"
RACExPOLIDEOLOGY,RACExPOLIDEOLOGY :: Hispanic | Conservative,FREECOLL_W92,4,"0.298790,0.298790,0.216898,0.185523"
RACExPOLIDEOLOGY,RACExPOLIDEOLOGY :: Hispanic | Liberal,FREECOLL_W92,4,"0.306191,0.315910,0.208804,0.169095"
RACExPOLIDEOLOGY,RACExPOLIDEOLOGY :: Hispanic | Moderate,FREECOLL_W92,4,"0.279765,0.327078,0.233752,0.159405"
RACExPOLIDEOLOGY,RACExPOLIDEOLOGY :: Hispanic | Very conservative,FREECOLL_W92,4,"0.328639,0.292298,0.194712,0.184350"
RACExPOLIDEOLOGY,RACExPOLIDEOLOGY :: Hispanic | Very liberal,FREECOLL_W92,4,"0.331786,0.297411,0.183229,0.187575"
RACExPOLIDEOLOGY,RACExPOLIDEOLOGY :: Mixed Race | Conservative,FREECOLL_W92,4,"0.296062,0.291472,0.218303,0.194162"
RACExPOLIDEOLOGY,RACExPOLIDEOLOGY :: Mixed Race | Liberal,FREECOLL_W92,4,"0.292516,0.304169,0.217380,0.185935"
RACExPOLIDEOLOGY,RACExPOLIDEOLOGY :: Mixed Race | Moderate,FREECOLL_W92,4,"0.264495,0.324066,0.235247,0.176192"
RACExPOLIDEOLOGY,RACExPOLIDEOLOGY :: Refused | Conservative,FREECOLL_W92,4,"0.300526,0.291280,0.221594,0.186601"
RACExPOLIDEOLOGY,RACExPOLIDEOLOGY :: Refused | Moderate,FREECOLL_W92,4,"0.266813,0.309509,0.248697,0.174980"
RACExPOLIDEOLOGY,RACExPOLIDEOLOGY :: White | Conservative,FREECOLL_W92,4,"0.298876,0.289681,0.216961,0.194482"
RACExPOLIDEOLOGY,RACExPOLIDEOLOGY :: White | Liberal,FREECOLL_W92,4,"0.302605,0.302605,0.211252,0.183539"
RACExPOLIDEOLOGY,RACExPOLIDEOLOGY :: White | Moderate,FREECOLL_W92,4,"0.275418,0.312090,0.237425,0.175067"
RACExPOLIDEOLOGY,RACExPOLIDEOLOGY :: White | Refused,FREECOLL_W92,4,"0.264346,0.290328,0.227881,0.217445"
RACExPOLIDEOLOGY,RACExPOLIDEOLOGY :: White | Very conservative,FREECOLL_W92,4,"0.323850,0.277004,0.194896,0.204250"
RACExPOLIDEOLOGY,RACExPOLIDEOLOGY :: White | Very liberal,FREECOLL_W92,4,"0.322759,0.280418,0.186799,0.210024"
RACExPOLIDEOLOGY,RACExPOLIDEOLOGY :: Asian | Liberal,GAYMARR2_W32,4,"0.331407,0.281261,0.229559,0.157773"
RACExPOLIDEOLOGY,RACExPOLIDEOLOGY :: Asian | Moderate,GAYMARR2_W32,4,"0.276428,0.305978,0.278596,0.138997"
RACExPOLIDEOLOGY,RACExPOLIDEOLOGY :: Black | Conservative,GAYMARR2_W32,4,"0.304426,0.277183,0.240821,0.177570"
RACExPOLIDEOLOGY,RACExPOLIDEOLOGY :: Black | Liberal,GAYMARR2_W32,4,"0.292003,0.310836,0.242079,0.155082"
RACExPOLIDEOLOGY,RACExPOLIDEOLOGY :: Black | Moderate,GAYMARR2_W32,4,"0.235958,0.332754,0.293655,0.137633"
RACExPOLIDEOLOGY,RACExPOLIDEOLOGY :: Black | Very conservative,GAYMARR2_W32,4,"0.315291,0.257333,0.236142,0.191234"
RACExPOLIDEOLOGY,RACExPOLIDEOLOGY :: Black | Very liberal,GAYMARR2_W32,4,"0.321200,0.262156,0.215643,0.201002"
RACExPOLIDEOLOGY,RACExPOLIDEOLOGY :: Hispanic | Conservative,GAYMARR2_W32,4,"0.294856,0.272698,0.252204,0.180242"
RACExPOLIDEOLOGY,RACExPOLIDEOLOGY :: Hispanic | Liberal,GAYMARR2_W32,4,"0.274762,0.301767,0.258115,0.165355"
RACExPOLIDEOLOGY,RACExPOLIDEOLOGY :: Hispanic | Moderate,GAYMARR2_W32,4,"0.231942,0.329656,0.307273,0.131128"
RACExPOLIDEOLOGY,RACExPOLIDEOLOGY :: Hispanic | Very liberal,GAYMARR2_W32,4,"0.313092,0.259562,0.222015,0.205331"
RACExPOLIDEOLOGY,RACExPOLIDEOLOGY :: Mixed Race | Moderate,GAYMARR2_W32,4,"0.224651,0.321798,0.293000,0.160551"
RACExPOLIDEOLOGY,RACExPOLIDEOLOGY :: Other | Conservative,GAYMARR2_W32,4,"0.318579,0.264111,0.238604,0.178706"
RACExPOLIDEOLOGY,RACExPOLIDEOLOGY :: Other | Moderate,GAYMARR2_W32,4,"0.236097,0.317703,0.298454,0.147746"
RACExPOLIDEOLOGY,RACExPOLIDEOLOGY :: White | Conservative,GAYMARR2_W32,4,"0.306658,0.268519,0.238826,0.185998"
RACExPOLIDEOLOGY,RACExPOLIDEOLOGY :: White | Liberal,GAYMARR2_W32,4,"0.284293,0.291035,0.250888,0.173785"
RACExPOLIDEOLOGY,RACExPOLIDEOLOGY :: White | Moderate,GAYMARR2_W32,4,"0.244054,0.315829,0.294385,0.145731"
RACExPOLIDEOLOGY,RACExPOLIDEOLOGY :: White | Refused,GAYMARR2_W32,4,"0.248009,0.283235,0.259911,0.208845"
RACExPOLIDEOLOGY,RACExPOLIDEOLOGY :: White | Very conservative,GAYMARR2_W32,4,"0.322234,0.243235,0.223205,0.211326"
RACExPOLIDEOLOGY,RACExPOLIDEOLOGY :: White | Very liberal,GAYMARR2_W32,4,"0.316303,0.252179,0.210703,0.220815"
RACExPOLIDEOLOGY,RACExPOLIDEOLOGY :: Asian | Liberal,GOVPRIORITYb_W54,4,"0.564702,0.166925,0.158042,0.110331"
RACExPOLIDEOLOGY,RACExPOLIDEOLOGY :: Asian | Moderate,GOVPRIORITYb_W54,4,"0.603383,0.162398,0.152559,0.081659"
RACExPOLIDEOLOGY,RACExPOLIDEOLOGY :: Black | Conservative,GOVPRIORITYb_W54,4,"0.597027,0.155744,0.147455,0.099773"
RACExPOLIDEOLOGY,RACExPOLIDEOLOGY :: Black | Liberal,GOVPRIORITYb_W54,4,"0.571283,0.179762,0.154965,0.093991"
RACExPOLIDEOLOGY,RACExPOLIDEOLOGY :: Black | Moderate,GOVPRIORITYb_W54,4,"0.567516,0.196128,0.161331,0.075026"
RACExPOLIDEOLOGY,RACExPOLIDEOLOGY :: Black | Very conservative,GOVPRIORITYb_W54,4,"0.598891,0.140044,0.146765,0.114300"
RACExPOLIDEOLOGY,RACExPOLIDEOLOGY :: Black | Very liberal,GOVPRIORITYb_W54,4,"0.559476,0.151762,0.150581,0.138181"
RACExPOLIDEOLOGY,RACExPOLIDEOLOGY :: Hispanic | Conservative,GOVPRIORITYb_W54,4,"0.581483,0.155286,0.156504,0.106727"
RACExPOLIDEOLOGY,RACExPOLIDEOLOGY :: Hispanic | Liberal,GOVPRIORITYb_W54,4,"0.539341,0.186391,0.169711,0.104556"
RACExPOLIDEOLOGY,RACExPOLIDEOLOGY :: Hispanic | Moderate,GOVPRIORITYb_W54,4,"0.600319,0.173343,0.151784,0.074554"
RACExPOLIDEOLOGY,RACExPOLIDEOLOGY :: Mixed Race | Liberal,GOVPRIORITYb_W54,4,"0.521886,0.187544,0.161673,0.128897"
RACExPOLIDEOLOGY,RACExPOLIDEOLOGY :: Mixed Race | Moderate,GOVPRIORITYb_W54,4,"0.567319,0.185626,0.151503,0.095552"
RACExPOLIDEOLOGY,RACExPOLIDEOLOGY :: Refused | Moderate,GOVPRIORITYb_W54,4,"0.483108,0.216059,0.177726,0.123107"
RACExPOLIDEOLOGY,RACExPOLIDEOLOGY :: White | Conservative,GOVPRIORITYb_W54,4,"0.607617,0.140978,0.139881,0.111523"
RACExPOLIDEOLOGY,RACExPOLIDEOLOGY :: White | Liberal,GOVPRIORITYb_W54,4,"0.535937,0.186668,0.159665,0.117730"
RACExPOLIDEOLOGY,RACExPOLIDEOLOGY :: White | Moderate,GOVPRIORITYb_W54,4,"0.575624,0.186878,0.147833,0.089665"
RACExPOLIDEOLOGY,RACExPOLIDEOLOGY :: White | Refused,GOVPRIORITYb_W54,4,"0.522589,0.169660,0.153275,0.154477"
RACExPOLIDEOLOGY,RACExPOLIDEOLOGY :: White | Very conservative,GOVPRIORITYb_W54,4,"0.586932,0.130962,0.140502,0.141604"
RACExPOLIDEOLOGY,RACExPOLIDEOLOGY :: White | Very liberal,GOVPRIORITYb_W54,4,"0.547323,0.141667,0.142778,0.168233"
RACExPOLIDEOLOGY,RACExPOLIDEOLOGY :: Asian | Liberal,GOVPRIORITYd_W54,4,"0.845773,0.068349,0.055785,0.030094"
RACExPOLIDEOLOGY,RACExPOLIDEOLOGY :: Asian | Moderate,GOVPRIORITYd_W54,4,"0.827150,0.073990,0.068966,0.029894"
RACExPOLIDEOLOGY,RACExPOLIDEOLOGY :: Black | Conservative,GOVPRIORITYd_W54,4,"0.708352,0.134139,0.098908,0.058601"
RACExPOLIDEOLOGY,RACExPOLIDEOLOGY :: Black | Liberal,GOVPRIORITYd_W54,4,"0.815447,0.091491,0.060946,0.032116"
RACExPOLIDEOLOGY,RACExPOLIDEOLOGY :: Black | Moderate,GOVPRIORITYd_W54,4,"0.801619,0.097247,0.071706,0.029428"
RACExPOLIDEOLOGY,RACExPOLIDEOLOGY :: Black | Very conservative,GOVPRIORITYd_W54,4,"0.779790,0.093133,0.074834,0.052243"
RACExPOLIDEOLOGY,RACExPOLIDEOLOGY :: Black | Very liberal,GOVPRIORITYd_W54,4,"0.813326,0.076842,0.061745,0.048087"
RACExPOLIDEOLOGY,RACExPOLIDEOLOGY :: Hispanic | Conservative,GOVPRIORITYd_W54,4,"0.684414,0.139047,0.110858,0.065681"
RACExPOLIDEOLOGY,RACExPOLIDEOLOGY :: Hispanic | Liberal,GOVPRIORITYd_W54,4,"0.818039,0.084884,0.063575,0.033502"
RACExPOLIDEOLOGY,RACExPOLIDEOLOGY :: Hispanic | Moderate,GOVPRIORITYd_W54,4,"0.809889,0.089458,0.070217,0.030437"
RACExPOLIDEOLOGY,RACExPOLIDEOLOGY :: Mixed Race | Liberal,GOVPRIORITYd_W54,4,"0.793792,0.092609,0.067754,0.045845"
RACExPOLIDEOLOGY,RACExPOLIDEOLOGY :: Mixed Race | Moderate,GOVPRIORITYd_W54,4,"0.802418,0.087943,0.071219,0.038420"
RACExPOLIDEOLOGY,RACExPOLIDEOLOGY :: Refused | Moderate,GOVPRIORITYd_W54,4,"0.651075,0.154644,0.119500,0.074781"
RACExPOLIDEOLOGY,RACExPOLIDEOLOGY :: White | Conservative,GOVPRIORITYd_W54,4,"0.682083,0.137495,0.106248,0.074173"
RACExPOLIDEOLOGY,RACExPOLIDEOLOGY :: White | Liberal,GOVPRIORITYd_W54,4,"0.801427,0.091334,0.064765,0.042474"
RACExPOLIDEOLOGY,RACExPOLIDEOLOGY :: White | Moderate,GOVPRIORITYd_W54,4,"0.778060,0.103666,0.077038,0.041236"
RACExPOLIDEOLOGY,RACExPOLIDEOLOGY :: White | Refused,GOVPRIORITYd_W54,4,"0.649942,0.142773,0.103642,0.103642"
RACExPOLIDEOLOGY,RACExPOLIDEOLOGY :: White | Very conservative,GOVPRIORITYd_W54,4,"0.720074,0.107029,0.090835,0.082062"
RACExPOLIDEOLOGY,RACExPOLIDEOLOGY :: White | Very liberal,GOVPRIORITYd_W54,4,"0.736477,0.098896,0.081349,0.083278"
RACExPOLIDEOLOGY,RACExPOLIDEOLOGY :: Asian | Liberal,GOVPRIORITYf_W54,4,"0.748907,0.117572,0.086018,0.047503"
RACExPOLIDEOLOGY,RACExPOLIDEOLOGY :: Asian | Moderate,GOVPRIORITYf_W54,4,"0.741265,0.121008,0.094241,0.043485"
RACExPOLIDEOLOGY,RACExPOLIDEOLOGY :: Black | Conservative,GOVPRIORITYf_W54,4,"0.609625,0.184478,0.127784,0.078113"
RACExPOLIDEOLOGY,RACExPOLIDEOLOGY :: Black | Liberal,GOVPRIORITYf_W54,4,"0.711341,0.149105,0.091146,0.048407"
RACExPOLIDEOLOGY,RACExPOLIDEOLOGY :: Black | Moderate,GOVPRIORITYf_W54,4,"0.700649,0.156336,0.100938,0.042077"
RACExPOLIDEOLOGY,RACExPOLIDEOLOGY :: Black | Very conservative,GOVPRIORITYf_W54,4,"0.692609,0.136383,0.101351,0.069657"
RACExPOLIDEOLOGY,RACExPOLIDEOLOGY :: Black | Very liberal,GOVPRIORITYf_W54,4,"0.707085,0.127768,0.093477,0.071671"
RACExPOLIDEOLOGY,RACExPOLIDEOLOGY :: Hispanic | Conservative,GOVPRIORITYf_W54,4,"0.593486,0.185295,0.137700,0.083519"
RACExPOLIDEOLOGY,RACExPOLIDEOLOGY :: Hispanic | Liberal,GOVPRIORITYf_W54,4,"0.710390,0.143201,0.096141,0.050268"
RACExPOLIDEOLOGY,RACExPOLIDEOLOGY :: Hispanic | Moderate,GOVPRIORITYf_W54,4,"0.719801,0.141737,0.095904,0.042557"
RACExPOLIDEOLOGY,RACExPOLIDEOLOGY :: Mixed Race | Liberal,GOVPRIORITYf_W54,4,"0.689318,0.146764,0.097766,0.066152"
RACExPOLIDEOLOGY,RACExPOLIDEOLOGY :: Mixed Race | Moderate,GOVPRIORITYf_W54,4,"0.708585,0.141726,0.095896,0.053793"
RACExPOLIDEOLOGY,RACExPOLIDEOLOGY :: Refused | Moderate,GOVPRIORITYf_W54,4,"0.562916,0.203875,0.143444,0.089765"
RACExPOLIDEOLOGY,RACExPOLIDEOLOGY :: White | Conservative,GOVPRIORITYf_W54,4,"0.608365,0.175667,0.125543,0.090425"
RACExPOLIDEOLOGY,RACExPOLIDEOLOGY :: White | Liberal,GOVPRIORITYf_W54,4,"0.699189,0.146558,0.093158,0.061094"
RACExPOLIDEOLOGY,RACExPOLIDEOLOGY :: White | Moderate,GOVPRIORITYf_W54,4,"0.690357,0.156465,0.098681,0.054497"
RACExPOLIDEOLOGY,RACExPOLIDEOLOGY :: White | Refused,GOVPRIORITYf_W54,4,"0.582446,0.179029,0.120194,0.118331"
RACExPOLIDEOLOGY,RACExPOLIDEOLOGY :: White | Very conservative,GOVPRIORITYf_W54,4,"0.655056,0.140563,0.107774,0.096608"
RACExPOLIDEOLOGY,RACExPOLIDEOLOGY :: White | Very liberal,GOVPRIORITYf_W54,4,"0.662832,0.134662,0.100857,0.101649"
RACExPOLIDEOLOGY,RACExPOLIDEOLOGY :: Asian | Liberal,GOVRESP_b_W54,2,"0.741674,0.258326"
RACExPOLIDEOLOGY,RACExPOLIDEOLOGY :: Asian | Moderate,GOVRESP_b_W54,2,"0.726426,0.273574"
RACExPOLIDEOLOGY,RACExPOLIDEOLOGY :: Black | Conservative,GOVRESP_b_W54,2,"0.660172,0.339828"
RACExPOLIDEOLOGY,RACExPOLIDEOLOGY :: Black | Liberal,GOVRESP_b_W54,2,"0.682574,0.317426"
RACExPOLIDEOLOGY,RACExPOLIDEOLOGY :: Black | Moderate,GOVRESP_b_W54,2,"0.670608,0.329392"
RACExPOLIDEOLOGY,RACExPOLIDEOLOGY :: Black | Very conservative,GOVRESP_b_W54,2,"0.651355,0.348645"
RACExPOLIDEOLOGY,RACExPOLIDEOLOGY :: Black | Very liberal,GOVRESP_b_W54,2,"0.644225,0.355775"
RACExPOLIDEOLOGY,RACExPOLIDEOLOGY :: Hispanic | Conservative,GOVRESP_b_W54,2,"0.665411,0.334589"
RACExPOLIDEOLOGY,RACExPOLIDEOLOGY :: Hispanic | Liberal,GOVRESP_b_W54,2,"0.680879,0.319121"
RACExPOLIDEOLOGY,RACExPOLIDEOLOGY :: Hispanic | Moderate,GOVRESP_b_W54,2,"0.687630,0.312370"
RACExPOLIDEOLOGY,RACExPOLIDEOLOGY :: Mixed Race | Liberal,GOVRESP_b_W54,2,"0.675765,0.324235"
RACExPOLIDEOLOGY,RACExPOLIDEOLOGY :: Mixed Race | Moderate,GOVRESP_b_W54,2,"0.679179,0.320821"
RACExPOLIDEOLOGY,RACExPOLIDEOLOGY :: Refused | Moderate,GOVRESP_b_W54,2,"0.633410,0.366590"
RACExPOLIDEOLOGY,RACExPOLIDEOLOGY :: White | Conservative,GOVRESP_b_W54,2,"0.656658,0.343342"
RACExPOLIDEOLOGY,RACExPOLIDEOLOGY :: White | Liberal,GOVRESP_b_W54,2,"0.660172,0.339828"
RACExPOLIDEOLOGY,RACExPOLIDEOLOGY :: White | Moderate,GOVRESP_b_W54,2,"0.660172,0.339828"
RACExPOLIDEOLOGY,RACExPOLIDEOLOGY :: White | Refused,GOVRESP_b_W54,2,"0.653127,0.346873"
RACExPOLIDEOLOGY,RACExPOLIDEOLOGY :: White | Very conservative,GOVRESP_b_W54,2,"0.644225,0.355775"
RACExPOLIDEOLOGY,RACExPOLIDEOLOGY :: White | Very liberal,GOVRESP_b_W54,2,"0.635222,0.364778"
RACExPOLIDEOLOGY,RACExPOLIDEOLOGY :: Asian | Liberal,GOVRESP_c_W54,2,"0.760651,0.239349"
RACExPOLIDEOLOGY,RACExPOLIDEOLOGY :: Asian | Moderate,GOVRESP_c_W54,2,"0.750553,0.249447"
RACExPOLIDEOLOGY,RACExPOLIDEOLOGY :: Black | Conservative,GOVRESP_c_W54,2,"0.695958,0.304042"
RACExPOLIDEOLOGY,RACExPOLIDEOLOGY :: Black | Liberal,GOVRESP_c_W54,2,"0.715424,0.284576"
RACExPOLIDEOLOGY,RACExPOLIDEOLOGY :: Black | Moderate,GOVRESP_c_W54,2,"0.707405,0.292595"
RACExPOLIDEOLOGY,RACExPOLIDEOLOGY :: Black | Very conservative,GOVRESP_c_W54,2,"0.680879,0.319121"
RACExPOLIDEOLOGY,RACExPOLIDEOLOGY :: Black | Very liberal,GOVRESP_c_W54,2,"0.670608,0.329392"
RACExPOLIDEOLOGY,RACExPOLIDEOLOGY :: Hispanic | Conservative,GOVRESP_c_W54,2,"0.694303,0.305697"
RACExPOLIDEOLOGY,RACExPOLIDEOLOGY :: Hispanic | Liberal,GOVRESP_c_W54,2,"0.712232,0.287768"
RACExPOLIDEOLOGY,RACExPOLIDEOLOGY :: Hispanic | Moderate,GOVRESP_c_W54,2,"0.718594,0.281406"
RACExPOLIDEOLOGY,RACExPOLIDEOLOGY :: Mixed Race | Liberal,GOVRESP_c_W54,2,"0.705785,0.294215"
RACExPOLIDEOLOGY,RACExPOLIDEOLOGY :: Mixed Race | Moderate,GOVRESP_c_W54,2,"0.709019,0.290981"
RACExPOLIDEOLOGY,RACExPOLIDEOLOGY :: Refused | Moderate,GOVRESP_c_W54,2,"0.649579,0.350421"
RACExPOLIDEOLOGY,RACExPOLIDEOLOGY :: White | Conservative,GOVRESP_c_W54,2,"0.682574,0.317426"
RACExPOLIDEOLOGY,RACExPOLIDEOLOGY :: White | Liberal,GOVRESP_c_W54,2,"0.687630,0.312370"
RACExPOLIDEOLOGY,RACExPOLIDEOLOGY :: White | Moderate,GOVRESP_c_W54,2,"0.685949,0.314051"
RACExPOLIDEOLOGY,RACExPOLIDEOLOGY :: White | Refused,GOVRESP_c_W54,2,"0.668880,0.331120"
RACExPOLIDEOLOGY,RACExPOLIDEOLOGY :: White | Very conservative,GOVRESP_c_W54,2,"0.663669,0.336331"
RACExPOLIDEOLOGY,RACExPOLIDEOLOGY :: White | Very liberal,GOVRESP_c_W54,2,"0.653127,0.346873"
RACExPOLIDEOLOGY,RACExPOLIDEOLOGY :: Asian | Liberal,GOVRESP_e_W54,2,"0.741674,0.258326"
RACExPOLIDEOLOGY,RACExPOLIDEOLOGY :: Asian | Moderate,GOVRESP_e_W54,2,"0.713831,0.286169"
RACExPOLIDEOLOGY,RACExPOLIDEOLOGY :: Black | Conservative,GOVRESP_e_W54,2,"0.663669,0.336331"
RACExPOLIDEOLOGY,RACExPOLIDEOLOGY :: Black | Liberal,GOVRESP_e_W54,2,"0.685949,0.314051"
RACExPOLIDEOLOGY,RACExPOLIDEOLOGY :: Black | Moderate,GOVRESP_e_W54,2,"0.660172,0.339828"
RACExPOLIDEOLOGY,RACExPOLIDEOLOGY :: Black | Very conservative,GOVRESP_e_W54,2,"0.661923,0.338077"
RACExPOLIDEOLOGY,RACExPOLIDEOLOGY :: Black | Very liberal,GOVRESP_e_W54,2,"0.661923,0.338077"
RACExPOLIDEOLOGY,RACExPOLIDEOLOGY :: Hispanic | Conservative,GOVRESP_e_W54,2,"0.667148,0.332852"
RACExPOLIDEOLOGY,RACExPOLIDEOLOGY :: Hispanic | Liberal,GOVRESP_e_W54,2,"0.680879,0.319121"
RACExPOLIDEOLOGY,RACExPOLIDEOLOGY :: Hispanic | Moderate,GOVRESP_e_W54,2,"0.679179,0.320821"
RACExPOLIDEOLOGY,RACExPOLIDEOLOGY :: Mixed Race | Liberal,GOVRESP_e_W54,2,"0.684264,0.315736"
RACExPOLIDEOLOGY,RACExPOLIDEOLOGY :: Mixed Race | Moderate,GOVRESP_e_W54,2,"0.675765,0.324235"
RACExPOLIDEOLOGY,RACExPOLIDEOLOGY :: Refused | Moderate,GOVRESP_e_W54,2,"0.627951,0.372049"
RACExPOLIDEOLOGY,RACExPOLIDEOLOGY :: White | Conservative,GOVRESP_e_W54,2,"0.658418,0.341583"
RACExPOLIDEOLOGY,RACExPOLIDEOLOGY :: White | Liberal,GOVRESP_e_W54,2,"0.661923,0.338077"
RACExPOLIDEOLOGY,RACExPOLIDEOLOGY :: White | Moderate,GOVRESP_e_W54,2,"0.649579,0.350421"
RACExPOLIDEOLOGY,RACExPOLIDEOLOGY :: White | Refused,GOVRESP_e_W54,2,"0.658418,0.341583"
RACExPOLIDEOLOGY,RACExPOLIDEOLOGY :: White | Very conservative,GOVRESP_e_W54,2,"0.653127,0.346873"
RACExPOLIDEOLOGY,RACExPOLIDEOLOGY :: White | Very liberal,GOVRESP_e_W54,2,"0.649579,0.350421"
RACExPOLIDEOLOGY,RACExPOLIDEOLOGY :: Asian | Liberal,GOVRESP_f_W54,2,"0.805632,0.194368"
RACExPOLIDEOLOGY,RACExPOLIDEOLOGY :: Asian | Moderate,GOVRESP_f_W54,2,"0.789234,0.210766"
RACExPOLIDEOLOGY,RACExPOLIDEOLOGY :: Black | Conservative,GOVRESP_f_W54,2,"0.721743,0.278257"
RACExPOLIDEOLOGY,RACExPOLIDEOLOGY :: Black | Liberal,GOVRESP_f_W54,2,"0.744656,0.255344"
RACExPOLIDEOLOGY,RACExPOLIDEOLOGY :: Black | Moderate,GOVRESP_f_W54,2,"0.735642,0.264358"
RACExPOLIDEOLOGY,RACExPOLIDEOLOGY :: Black | Very conservative,GOVRESP_f_W54,2,"0.709019,0.290981"
RACExPOLIDEOLOGY,RACExPOLIDEOLOGY :: Black | Very liberal,GOVRESP_f_W54,2,"0.702530,0.297470"
RACExPOLIDEOLOGY,RACExPOLIDEOLOGY :: Hispanic | Conservative,GOVRESP_f_W54,2,"0.727975,0.272025"
RACExPOLIDEOLOGY,RACExPOLIDEOLOGY :: Hispanic | Liberal,GOVRESP_f_W54,2,"0.750553,0.249447"
RACExPOLIDEOLOGY,RACExPOLIDEOLOGY :: Hispanic | Moderate,GOVRESP_f_W54,2,"0.752013,0.247987"
RACExPOLIDEOLOGY,RACExPOLIDEOLOGY :: Mixed Race | Liberal,GOVRESP_f_W54,2,"0.738669,0.261331"
RACExPOLIDEOLOGY,RACExPOLIDEOLOGY :: Mixed Race | Moderate,GOVRESP_f_W54,2,"0.738669,0.261331"
RACExPOLIDEOLOGY,RACExPOLIDEOLOGY :: Refused | Moderate,GOVRESP_f_W54,2,"0.672332,0.327668"
RACExPOLIDEOLOGY,RACExPOLIDEOLOGY :: White | Conservative,GOVRESP_f_W54,2,"0.713831,0.286169"
RACExPOLIDEOLOGY,RACExPOLIDEOLOGY :: White | Liberal,GOVRESP_f_W54,2,"0.720172,0.279829"
RACExPOLIDEOLOGY,RACExPOLIDEOLOGY :: White | Moderate,GOVRESP_f_W54,2,"0.715424,0.284576"
RACExPOLIDEOLOGY,RACExPOLIDEOLOGY :: White | Refused,GOVRESP_f_W54,2,"0.699254,0.300746"
RACExPOLIDEOLOGY,RACExPOLIDEOLOGY :: White | Very conservative,GOVRESP_f_W54,2,"0.692642,0.307358"
RACExPOLIDEOLOGY,RACExPOLIDEOLOGY :: White | Very liberal,GOVRESP_f_W54,2,"0.682574,0.317426"
RACExPOLIDEOLOGY,RACExPOLIDEOLOGY :: Asian | Conservative,GOVSIZE1_W92,2,"0.647798,0.352202"
RACExPOLIDEOLOGY,RACExPOLIDEOLOGY :: Asian | Liberal,GOVSIZE1_W92,2,"0.392337,0.607663"
RACExPOLIDEOLOGY,RACExPOLIDEOLOGY :: Asian | Moderate,GOVSIZE1_W92,2,"0.432063,0.567937"
RACExPOLIDEOLOGY,RACExPOLIDEOLOGY :: Black | Conservative,GOVSIZE1_W92,2,"0.627951,0.372049"
RACExPOLIDEOLOGY,RACExPOLIDEOLOGY :: Black | Liberal,GOVSIZE1_W92,2,"0.418697,0.581303"
RACExPOLIDEOLOGY,RACExPOLIDEOLOGY :: Black | Moderate,GOVSIZE1_W92,2,"0.411111,0.588889"
RACExPOLIDEOLOGY,RACExPOLIDEOLOGY :: Black | Very conservative,GOVSIZE1_W92,2,"0.542863,0.457137"
RACExPOLIDEOLOGY,RACExPOLIDEOLOGY :: Black | Very liberal,GOVSIZE1_W92,2,"0.338077,0.661923"
RACExPOLIDEOLOGY,RACExPOLIDEOLOGY :: Hispanic | Conservative,GOVSIZE1_W92,2,"0.637031,0.362969"
RACExPOLIDEOLOGY,RACExPOLIDEOLOGY :: Hispanic | Liberal,GOVSIZE1_W92,2,"0.424412,0.575588"
RACExPOLIDEOLOGY,RACExPOLIDEOLOGY :: Hispanic | Moderate,GOVSIZE1_W92,2,"0.439747,0.560253"
RACExPOLIDEOLOGY,RACExPOLIDEOLOGY :: Hispanic | Very conservative,GOVSIZE1_W92,2,"0.527317,0.472683"
RACExPOLIDEOLOGY,RACExPOLIDEOLOGY :: Hispanic | Very liberal,GOVSIZE1_W92,2,"0.353986,0.646014"
RACExPOLIDEOLOGY,RACExPOLIDEOLOGY :: Mixed Race | Conservative,GOVSIZE1_W92,2,"0.579400,0.420600"
RACExPOLIDEOLOGY,RACExPOLIDEOLOGY :: Mixed Race | Liberal,GOVSIZE1_W92,2,"0.403567,0.596433"
RACExPOLIDEOLOGY,RACExPOLIDEOLOGY :: Mixed Race | Moderate,GOVSIZE1_W92,2,"0.390476,0.609524"
RACExPOLIDEOLOGY,RACExPOLIDEOLOGY :: Refused | Conservative,GOVSIZE1_W92,2,"0.533154,0.466846"
RACExPOLIDEOLOGY,RACExPOLIDEOLOGY :: Refused | Moderate,GOVSIZE1_W92,2,"0.430147,0.569853"
RACExPOLIDEOLOGY,RACExPOLIDEOLOGY :: White | Conservative,GOVSIZE1_W92,2,"0.585101,0.414899"
RACExPOLIDEOLOGY,RACExPOLIDEOLOGY :: White | Liberal,GOVSIZE1_W92,2,"0.428233,0.571767"
RACExPOLIDEOLOGY,RACExPOLIDEOLOGY :: White | Moderate,GOVSIZE1_W92,2,"0.435902,0.564098"
RACExPOLIDEOLOGY,RACExPOLIDEOLOGY :: White | Refused,GOVSIZE1_W92,2,"0.476580,0.523420"
RACExPOLIDEOLOGY,RACExPOLIDEOLOGY :: White | Very conservative,GOVSIZE1_W92,2,"0.521471,0.478529"
RACExPOLIDEOLOGY,RACExPOLIDEOLOGY :: White | Very liberal,GOVSIZE1_W92,2,"0.381220,0.618780"
RACExPOLIDEOLOGY,RACExPOLIDEOLOGY :: Asian | Conservative,GOVSIZE2_W92,2,"0.603932,0.396068"
RACExPOLIDEOLOGY,RACExPOLIDEOLOGY :: Asian | Liberal,GOVSIZE2_W92,2,"0.496094,0.503906"
RACExPOLIDEOLOGY,RACExPOLIDEOLOGY :: Asian | Moderate,GOVSIZE2_W92,2,"0.372049,0.627951"
RACExPOLIDEOLOGY,RACExPOLIDEOLOGY :: Black | Conservative,GOVSIZE2_W92,2,"0.523420,0.476580"
RACExPOLIDEOLOGY,RACExPOLIDEOLOGY :: Black | Liberal,GOVSIZE2_W92,2,"0.484380,0.515620"
RACExPOLIDEOLOGY,RACExPOLIDEOLOGY :: Black | Moderate,GOVSIZE2_W92,2,"0.343342,0.656658"
RACExPOLIDEOLOGY,RACExPOLIDEOLOGY :: Black | Very conservative,GOVSIZE2_W92,2,"0.517571,0.482429"
RACExPOLIDEOLOGY,RACExPOLIDEOLOGY :: Black | Very liberal,GOVSIZE2_W92,2,"0.494141,0.505859"
RACExPOLIDEOLOGY,RACExPOLIDEOLOGY :: Hispanic | Conservative,GOVSIZE2_W92,2,"0.521471,0.478529"
RACExPOLIDEOLOGY,RACExPOLIDEOLOGY :: Hispanic | Liberal,GOVSIZE2_W92,2,"0.464902,0.535098"
RACExPOLIDEOLOGY,RACExPOLIDEOLOGY :: Hispanic | Moderate,GOVSIZE2_W92,2,"0.372049,0.627951"
RACExPOLIDEOLOGY,RACExPOLIDEOLOGY :: Hispanic | Very conservative,GOVSIZE2_W92,2,"0.513668,0.486332"
RACExPOLIDEOLOGY,RACExPOLIDEOLOGY :: Hispanic | Very liberal,GOVSIZE2_W92,2,"0.498047,0.501953"
RACExPOLIDEOLOGY,RACExPOLIDEOLOGY :: Mixed Race | Conservative,GOVSIZE2_W92,2,"0.503906,0.496094"
RACExPOLIDEOLOGY,RACExPOLIDEOLOGY :: Mixed Race | Liberal,GOVSIZE2_W92,2,"0.451327,0.548674"
RACExPOLIDEOLOGY,RACExPOLIDEOLOGY :: Mixed Race | Moderate,GOVSIZE2_W92,2,"0.334589,0.665411"
RACExPOLIDEOLOGY,RACExPOLIDEOLOGY :: Refused | Conservative,GOVSIZE2_W92,2,"0.500000,0.500000"
RACExPOLIDEOLOGY,RACExPOLIDEOLOGY :: Refused | Moderate,GOVSIZE2_W92,2,"0.383064,0.616936"
RACExPOLIDEOLOGY,RACExPOLIDEOLOGY :: White | Conservative,GOVSIZE2_W92,2,"0.505859,0.494141"
RACExPOLIDEOLOGY,RACExPOLIDEOLOGY :: White | Liberal,GOVSIZE2_W92,2,"0.462959,0.537041"
RACExPOLIDEOLOGY,RACExPOLIDEOLOGY :: White | Moderate,GOVSIZE2_W92,2,"0.362969,0.637031"
RACExPOLIDEOLOGY,RACExPOLIDEOLOGY :: White | Refused,GOVSIZE2_W92,2,"0.468791,0.531209"
RACExPOLIDEOLOGY,RACExPOLIDEOLOGY :: White | Very conservative,GOVSIZE2_W92,2,"0.509764,0.490236"
RACExPOLIDEOLOGY,RACExPOLIDEOLOGY :: White | Very liberal,GOVSIZE2_W92,2,"0.492188,0.507812"
RACExPOLIDEOLOGY,RACExPOLIDEOLOGY :: Asian | Liberal,GROWUPNEAR_W32,2,"0.550607,0.449393"
RACExPOLIDEOLOGY,RACExPOLIDEOLOGY :: Asian | Moderate,GROWUPNEAR_W32,2,"0.556400,0.443600"
RACExPOLIDEOLOGY,RACExPOLIDEOLOGY :: Black | Conservative,GROWUPNEAR_W32,2,"0.515620,0.484380"
RACExPOLIDEOLOGY,RACExPOLIDEOLOGY :: Black | Liberal,GROWUPNEAR_W32,2,"0.517571,0.482429"
RACExPOLIDEOLOGY,RACExPOLIDEOLOGY :: Black | Moderate,GROWUPNEAR_W32,2,"0.505859,0.494141"
RACExPOLIDEOLOGY,RACExPOLIDEOLOGY :: Black | Very conservative,GROWUPNEAR_W32,2,"0.486332,0.513668"
RACExPOLIDEOLOGY,RACExPOLIDEOLOGY :: Black | Very liberal,GROWUPNEAR_W32,2,"0.472683,0.527317"
RACExPOLIDEOLOGY,RACExPOLIDEOLOGY :: Hispanic | Conservative,GROWUPNEAR_W32,2,"0.517571,0.482429"
RACExPOLIDEOLOGY,RACExPOLIDEOLOGY :: Hispanic | Liberal,GROWUPNEAR_W32,2,"0.511717,0.488283"
RACExPOLIDEOLOGY,RACExPOLIDEOLOGY :: Hispanic | Moderate,GROWUPNEAR_W32,2,"0.535098,0.464902"
RACExPOLIDEOLOGY,RACExPOLIDEOLOGY :: Hispanic | Very liberal,GROWUPNEAR_W32,2,"0.478529,0.521471"
RACExPOLIDEOLOGY,RACExPOLIDEOLOGY :: Mixed Race | Moderate,GROWUPNEAR_W32,2,"0.503906,0.496094"
RACExPOLIDEOLOGY,RACExPOLIDEOLOGY :: Other | Conservative,GROWUPNEAR_W32,2,"0.515620,0.484380"
RACExPOLIDEOLOGY,RACExPOLIDEOLOGY :: Other | Moderate,GROWUPNEAR_W32,2,"0.509764,0.490236"
RACExPOLIDEOLOGY,RACExPOLIDEOLOGY :: White | Conservative,GROWUPNEAR_W32,2,"0.515620,0.484380"
RACExPOLIDEOLOGY,RACExPOLIDEOLOGY :: White | Liberal,GROWUPNEAR_W32,2,"0.501953,0.498047"
RACExPOLIDEOLOGY,RACExPOLIDEOLOGY :: White | Moderate,GROWUPNEAR_W32,2,"0.513668,0.486332"
RACExPOLIDEOLOGY,RACExPOLIDEOLOGY :: White | Refused,GROWUPNEAR_W32,2,"0.492188,0.507812"
RACExPOLIDEOLOGY,RACExPOLIDEOLOGY :: White | Very conservative,GROWUPNEAR_W32,2,"0.490236,0.509764"
RACExPOLIDEOLOGY,RACExPOLIDEOLOGY :: White | Very liberal,GROWUPNEAR_W32,2,"0.470737,0.529263"
RACExPOLIDEOLOGY,RACExPOLIDEOLOGY :: Asian | Liberal,HARASS1A_W32,3,"0.401813,0.267665,0.330522"
RACExPOLIDEOLOGY,RACExPOLIDEOLOGY :: Asian | Moderate,HARASS1A_W32,3,"0.349356,0.287372,0.363272"
RACExPOLIDEOLOGY,RACExPOLIDEOLOGY :: Black | Conservative,HARASS1A_W32,3,"0.385828,0.286723,0.327448"
RACExPOLIDEOLOGY,RACExPOLIDEOLOGY :: Black | Liberal,HARASS1A_W32,3,"0.382704,0.282189,0.335107"
RACExPOLIDEOLOGY,RACExPOLIDEOLOGY :: Black | Moderate,HARASS1A_W32,3,"0.342192,0.301984,0.355824"
RACExPOLIDEOLOGY,RACExPOLIDEOLOGY :: Black | Very conservative,HARASS1A_W32,3,"0.407826,0.269557,0.322617"
RACExPOLIDEOLOGY,RACExPOLIDEOLOGY :: Black | Very liberal,HARASS1A_W32,3,"0.421962,0.262002,0.316035"
RACExPOLIDEOLOGY,RACExPOLIDEOLOGY :: Hispanic | Conservative,HARASS1A_W32,3,"0.375635,0.290268,0.334097"
RACExPOLIDEOLOGY,RACExPOLIDEOLOGY :: Hispanic | Liberal,HARASS1A_W32,3,"0.368200,0.291270,0.340529"
RACExPOLIDEOLOGY,RACExPOLIDEOLOGY :: Hispanic | Moderate,HARASS1A_W32,3,"0.332968,0.298470,0.368562"
RACExPOLIDEOLOGY,RACExPOLIDEOLOGY :: Hispanic | Very liberal,HARASS1A_W32,3,"0.406966,0.271098,0.321936"
RACExPOLIDEOLOGY,RACExPOLIDEOLOGY :: Mixed Race | Moderate,HARASS1A_W32,3,"0.338820,0.306099,0.355081"
RACExPOLIDEOLOGY,RACExPOLIDEOLOGY :: Other | Conservative,HARASS1A_W32,3,"0.392388,0.284843,0.322769"
RACExPOLIDEOLOGY,RACExPOLIDEOLOGY :: Other | Moderate,HARASS1A_W32,3,"0.343390,0.307813,0.348797"
RACExPOLIDEOLOGY,RACExPOLIDEOLOGY :: White | Conservative,HARASS1A_W32,3,"0.366236,0.289717,0.344047"
RACExPOLIDEOLOGY,RACExPOLIDEOLOGY :: White | Liberal,HARASS1A_W32,3,"0.366519,0.294506,0.338975"
RACExPOLIDEOLOGY,RACExPOLIDEOLOGY :: White | Moderate,HARASS1A_W32,3,"0.325615,0.308286,0.366099"
RACExPOLIDEOLOGY,RACExPOLIDEOLOGY :: White | Refused,HARASS1A_W32,3,"0.352230,0.278637,0.369134"
RACExPOLIDEOLOGY,RACExPOLIDEOLOGY :: White | Very conservative,HARASS1A_W32,3,"0.388742,0.273514,0.337745"
RACExPOLIDEOLOGY,RACExPOLIDEOLOGY :: White | Very liberal,HARASS1A_W32,3,"0.398899,0.267808,0.333293"
RACExPOLIDEOLOGY,RACExPOLIDEOLOGY :: Asian | Liberal,HARASS3F2_W32,3,"0.263516,0.421097,0.315387"
RACExPOLIDEOLOGY,RACExPOLIDEOLOGY :: Asian | Moderate,HARASS3F2_W32,3,"0.253296,0.411141,0.335563"
RACExPOLIDEOLOGY,RACExPOLIDEOLOGY :: Black | Conservative,HARASS3F2_W32,3,"0.275098,0.422765,0.302137"
RACExPOLIDEOLOGY,RACExPOLIDEOLOGY :: Black | Liberal,HARASS3F2_W32,3,"0.254302,0.429215,0.316483"
RACExPOLIDEOLOGY,RACExPOLIDEOLOGY :: Black | Moderate,HARASS3F2_W32,3,"0.243884,0.414861,0.341255"
RACExPOLIDEOLOGY,RACExPOLIDEOLOGY :: Black | Very conservative,HARASS3F2_W32,3,"0.259886,0.438641,0.301473"
RACExPOLIDEOLOGY,RACExPOLIDEOLOGY :: Black | Very liberal,HARASS3F2_W32,3,"0.254237,0.446199,0.299564"
RACExPOLIDEOLOGY,RACExPOLIDEOLOGY :: Hispanic | Conservative,HARASS3F2_W32,3,"0.269160,0.423449,0.307391"
RACExPOLIDEOLOGY,RACExPOLIDEOLOGY :: Hispanic | Liberal,HARASS3F2_W32,3,"0.249669,0.424701,0.325630"
RACExPOLIDEOLOGY,RACExPOLIDEOLOGY :: Hispanic | Moderate,HARASS3F2_W32,3,"0.237654,0.413850,0.348496"
RACExPOLIDEOLOGY,RACExPOLIDEOLOGY :: Hispanic | Very liberal,HARASS3F2_W32,3,"0.253317,0.441125,0.305558"
RACExPOLIDEOLOGY,RACExPOLIDEOLOGY :: Mixed Race | Moderate,HARASS3F2_W32,3,"0.247823,0.405411,0.346766"
RACExPOLIDEOLOGY,RACExPOLIDEOLOGY :: Other | Conservative,HARASS3F2_W32,3,"0.281204,0.412358,0.306438"
RACExPOLIDEOLOGY,RACExPOLIDEOLOGY :: Other | Moderate,HARASS3F2_W32,3,"0.253694,0.402247,0.344060"
RACExPOLIDEOLOGY,RACExPOLIDEOLOGY :: White | Conservative,HARASS3F2_W32,3,"0.288011,0.402999,0.308990"
RACExPOLIDEOLOGY,RACExPOLIDEOLOGY :: White | Liberal,HARASS3F2_W32,3,"0.273133,0.397406,0.329461"
RACExPOLIDEOLOGY,RACExPOLIDEOLOGY :: White | Moderate,HARASS3F2_W32,3,"0.263592,0.392619,0.343789"
RACExPOLIDEOLOGY,RACExPOLIDEOLOGY :: White | Refused,HARASS3F2_W32,3,"0.266636,0.390996,0.342368"
RACExPOLIDEOLOGY,RACExPOLIDEOLOGY :: White | Very conservative,HARASS3F2_W32,3,"0.280529,0.411369,0.308101"
RACExPOLIDEOLOGY,RACExPOLIDEOLOGY :: White | Very liberal,HARASS3F2_W32,3,"0.272049,0.414825,0.313126"
RACExPOLIDEOLOGY,RACExPOLIDEOLOGY :: Asian | Liberal,HARASS5_W32,3,"0.340485,0.204908,0.454607"
RACExPOLIDEOLOGY,RACExPOLIDEOLOGY :: Asian | Moderate,HARASS5_W32,3,"0.309373,0.207703,0.482924"
RACExPOLIDEOLOGY,RACExPOLIDEOLOGY :: Black | Conservative,HARASS5_W32,3,"0.313084,0.241933,0.444983"
RACExPOLIDEOLOGY,RACExPOLIDEOLOGY :: Black | Liberal,HARASS5_W32,3,"0.309900,0.228506,0.461594"
RACExPOLIDEOLOGY,RACExPOLIDEOLOGY :: Black | Moderate,HARASS5_W32,3,"0.289682,0.236431,0.473887"
RACExPOLIDEOLOGY,RACExPOLIDEOLOGY :: Black | Very conservative,HARASS5_W32,3,"0.267590,0.232486,0.499924"
RACExPOLIDEOLOGY,RACExPOLIDEOLOGY :: Black | Very liberal,HARASS5_W32,3,"0.265500,0.230670,0.503830"
RACExPOLIDEOLOGY,RACExPOLIDEOLOGY :: Hispanic | Conservative,HARASS5_W32,3,"0.303802,0.229322,0.466876"
RACExPOLIDEOLOGY,RACExPOLIDEOLOGY :: Hispanic | Liberal,HARASS5_W32,3,"0.291464,0.216598,0.491939"
RACExPOLIDEOLOGY,RACExPOLIDEOLOGY :: Hispanic | Moderate,HARASS5_W32,3,"0.277120,0.209181,0.513699"
RACExPOLIDEOLOGY,RACExPOLIDEOLOGY :: Hispanic | Very liberal,HARASS5_W32,3,"0.253838,0.217119,0.529043"
RACExPOLIDEOLOGY,RACExPOLIDEOLOGY :: Mixed Race | Moderate,HARASS5_W32,3,"0.227901,0.212427,0.559671"
RACExPOLIDEOLOGY,RACExPOLIDEOLOGY :: Other | Conservative,HARASS5_W32,3,"0.286984,0.232407,0.480608"
RACExPOLIDEOLOGY,RACExPOLIDEOLOGY :: Other | Moderate,HARASS5_W32,3,"0.256243,0.226133,0.517624"
RACExPOLIDEOLOGY,RACExPOLIDEOLOGY :: White | Conservative,HARASS5_W32,3,"0.315458,0.221953,0.462589"
RACExPOLIDEOLOGY,RACExPOLIDEOLOGY :: White | Liberal,HARASS5_W32,3,"0.302496,0.217879,0.479625"
RACExPOLIDEOLOGY,RACExPOLIDEOLOGY :: White | Moderate,HARASS5_W32,3,"0.291802,0.211826,0.496372"
RACExPOLIDEOLOGY,RACExPOLIDEOLOGY :: White | Refused,HARASS5_W32,3,"0.276008,0.208342,0.515651"
RACExPOLIDEOLOGY,RACExPOLIDEOLOGY :: White | Very conservative,HARASS5_W32,3,"0.267615,0.208419,0.523965"
RACExPOLIDEOLOGY,RACExPOLIDEOLOGY :: White | Very liberal,HARASS5_W32,3,"0.270452,0.204148,0.525399"
RACExPOLIDEOLOGY,RACExPOLIDEOLOGY :: Asian | Conservative,HAVEKIDS1_W50,4,"0.423814,0.230424,0.208170,0.137592"
RACExPOLIDEOLOGY,RACExPOLIDEOLOGY :: Asian | Liberal,HAVEKIDS1_W50,4,"0.373132,0.262531,0.219353,0.144984"
RACExPOLIDEOLOGY,RACExPOLIDEOLOGY :: Asian | Moderate,HAVEKIDS1_W50,4,"0.363776,0.272455,0.233043,0.130726"
RACExPOLIDEOLOGY,RACExPOLIDEOLOGY :: Asian | Very liberal,HAVEKIDS1_W50,4,"0.354878,0.232735,0.205388,0.206999"
RACExPOLIDEOLOGY,RACExPOLIDEOLOGY :: Black | Conservative,HAVEKIDS1_W50,4,"0.336340,0.272376,0.231163,0.160122"
RACExPOLIDEOLOGY,RACExPOLIDEOLOGY :: Black | Liberal,HAVEKIDS1_W50,4,"0.339723,0.290580,0.228079,0.141618"
RACExPOLIDEOLOGY,RACExPOLIDEOLOGY :: Black | Moderate,HAVEKIDS1_W50,4,"0.325852,0.301364,0.242153,0.130632"
RACExPOLIDEOLOGY,RACExPOLIDEOLOGY :: Black | Refused,HAVEKIDS1_W50,4,"0.303564,0.269995,0.227359,0.199082"
RACExPOLIDEOLOGY,RACExPOLIDEOLOGY :: Black | Very conservative,HAVEKIDS1_W50,4,"0.344241,0.253827,0.220529,0.181402"
RACExPOLIDEOLOGY,RACExPOLIDEOLOGY :: Black | Very liberal,HAVEKIDS1_W50,4,"0.326725,0.254454,0.215952,0.202868"
RACExPOLIDEOLOGY,RACExPOLIDEOLOGY :: Hispanic | Conservative,HAVEKIDS1_W50,4,"0.329101,0.266514,0.238902,0.165483"
RACExPOLIDEOLOGY,RACExPOLIDEOLOGY :: Hispanic | Liberal,HAVEKIDS1_W50,4,"0.329657,0.281971,0.237443,0.150928"
RACExPOLIDEOLOGY,RACExPOLIDEOLOGY :: Hispanic | Moderate,HAVEKIDS1_W50,4,"0.329276,0.295161,0.246616,0.128946"
RACExPOLIDEOLOGY,RACExPOLIDEOLOGY :: Hispanic | Very liberal,HAVEKIDS1_W50,4,"0.316376,0.250274,0.222598,0.210752"
RACExPOLIDEOLOGY,RACExPOLIDEOLOGY :: Mixed Race | Conservative,HAVEKIDS1_W50,4,"0.338193,0.259302,0.227052,0.175452"
RACExPOLIDEOLOGY,RACExPOLIDEOLOGY :: Mixed Race | Liberal,HAVEKIDS1_W50,4,"0.328473,0.274449,0.229311,0.167767"
RACExPOLIDEOLOGY,RACExPOLIDEOLOGY :: Mixed Race | Moderate,HAVEKIDS1_W50,4,"0.321976,0.290881,0.237410,0.149733"
RACExPOLIDEOLOGY,RACExPOLIDEOLOGY :: Refused | Moderate,HAVEKIDS1_W50,4,"0.300072,0.281892,0.243006,0.175030"
RACExPOLIDEOLOGY,RACExPOLIDEOLOGY :: White | Conservative,HAVEKIDS1_W50,4,"0.333337,0.263691,0.227316,0.175656"
RACExPOLIDEOLOGY,RACExPOLIDEOLOGY :: White | Liberal,HAVEKIDS1_W50,4,"0.324915,0.277915,0.228606,0.168564"
RACExPOLIDEOLOGY,RACExPOLIDEOLOGY :: White | Moderate,HAVEKIDS1_W50,4,"0.323305,0.289809,0.236535,0.150351"
RACExPOLIDEOLOGY,RACExPOLIDEOLOGY :: White | Refused,HAVEKIDS1_W50,4,"0.301334,0.257745,0.220461,0.220461"
RACExPOLIDEOLOGY,RACExPOLIDEOLOGY :: White | Very conservative,HAVEKIDS1_W50,4,"0.342944,0.239413,0.209637,0.208006"
RACExPOLIDEOLOGY,RACExPOLIDEOLOGY :: White | Very liberal,HAVEKIDS1_W50,4,"0.323236,0.242093,0.205462,0.229209"
RACExPOLIDEOLOGY,RACExPOLIDEOLOGY :: Asian | Conservative,IL_IMM_PRI_W92,3,"0.914604,0.047349,0.038046"
RACExPOLIDEOLOGY,RACExPOLIDEOLOGY :: Asian | Liberal,IL_IMM_PRI_W92,3,"0.866998,0.074002,0.059000"
RACExPOLIDEOLOGY,RACExPOLIDEOLOGY :: Asian | Moderate,IL_IMM_PRI_W92,3,"0.877706,0.061625,0.060669"
RACExPOLIDEOLOGY,RACExPOLIDEOLOGY :: Black | Conservative,IL_IMM_PRI_W92,3,"0.895166,0.058127,0.046707"
RACExPOLIDEOLOGY,RACExPOLIDEOLOGY :: Black | Liberal,IL_IMM_PRI_W92,3,"0.867437,0.078815,0.053747"
RACExPOLIDEOLOGY,RACExPOLIDEOLOGY :: Black | Moderate,IL_IMM_PRI_W92,3,"0.853534,0.076948,0.069517"
RACExPOLIDEOLOGY,RACExPOLIDEOLOGY :: Black | Very conservative,IL_IMM_PRI_W92,3,"0.898658,0.054818,0.046524"
RACExPOLIDEOLOGY,RACExPOLIDEOLOGY :: Black | Very liberal,IL_IMM_PRI_W92,3,"0.815400,0.106957,0.077643"
RACExPOLIDEOLOGY,RACExPOLIDEOLOGY :: Hispanic | Conservative,IL_IMM_PRI_W92,3,"0.887810,0.056314,0.055876"
RACExPOLIDEOLOGY,RACExPOLIDEOLOGY :: Hispanic | Liberal,IL_IMM_PRI_W92,3,"0.849000,0.080213,0.070788"
RACExPOLIDEOLOGY,RACExPOLIDEOLOGY :: Hispanic | Moderate,IL_IMM_PRI_W92,3,"0.878542,0.060254,0.061203"
RACExPOLIDEOLOGY,RACExPOLIDEOLOGY :: Hispanic | Very conservative,IL_IMM_PRI_W92,3,"0.890123,0.055153,0.054724"
RACExPOLIDEOLOGY,RACExPOLIDEOLOGY :: Hispanic | Very liberal,IL_IMM_PRI_W92,3,"0.802702,0.108634,0.088664"
RACExPOLIDEOLOGY,RACExPOLIDEOLOGY :: Mixed Race | Conservative,IL_IMM_PRI_W92,3,"0.882961,0.061032,0.056007"
RACExPOLIDEOLOGY,RACExPOLIDEOLOGY :: Mixed Race | Liberal,IL_IMM_PRI_W92,3,"0.829622,0.093811,0.076566"
RACExPOLIDEOLOGY,RACExPOLIDEOLOGY :: Mixed Race | Moderate,IL_IMM_PRI_W92,3,"0.849187,0.077762,0.073051"
RACExPOLIDEOLOGY,RACExPOLIDEOLOGY :: Refused | Conservative,IL_IMM_PRI_W92,3,"0.804627,0.101501,0.093873"
RACExPOLIDEOLOGY,RACExPOLIDEOLOGY :: Refused | Moderate,IL_IMM_PRI_W92,3,"0.758894,0.121965,0.119140"
RACExPOLIDEOLOGY,RACExPOLIDEOLOGY :: White | Conservative,IL_IMM_PRI_W92,3,"0.898430,0.053955,0.047615"
RACExPOLIDEOLOGY,RACExPOLIDEOLOGY :: White | Liberal,IL_IMM_PRI_W92,3,"0.847681,0.083279,0.069040"
RACExPOLIDEOLOGY,RACExPOLIDEOLOGY :: White | Moderate,IL_IMM_PRI_W92,3,"0.869929,0.066560,0.063512"
RACExPOLIDEOLOGY,RACExPOLIDEOLOGY :: White | Refused,IL_IMM_PRI_W92,3,"0.867833,0.071236,0.060931"
RACExPOLIDEOLOGY,RACExPOLIDEOLOGY :: White | Very conservative,IL_IMM_PRI_W92,3,"0.894115,0.055835,0.050050"
RACExPOLIDEOLOGY,RACExPOLIDEOLOGY :: White | Very liberal,IL_IMM_PRI_W92,3,"0.843852,0.086881,0.069268"
RACExPOLIDEOLOGY,RACExPOLIDEOLOGY :: Asian | Liberal,IMMCULT2_W32,2,"0.533154,0.466846"
RACExPOLIDEOLOGY,RACExPOLIDEOLOGY :: Asian | Moderate,IMMCULT2_W32,2,"0.462959,0.537041"
RACExPOLIDEOLOGY,RACExPOLIDEOLOGY :: Black | Conservative,IMMCULT2_W32,2,"0.663669,0.336331"
RACExPOLIDEOLOGY,RACExPOLIDEOLOGY :: Black | Liberal,IMMCULT2_W32,2,"0.552540,0.447460"
RACExPOLIDEOLOGY,RACExPOLIDEOLOGY :: Black | Moderate,IMMCULT2_W32,2,"0.455199,0.544801"
RACExPOLIDEOLOGY,RACExPOLIDEOLOGY :: Black | Very conservative,IMMCULT2_W32,2,"0.637031,0.362969"
RACExPOLIDEOLOGY,RACExPOLIDEOLOGY :: Black | Very liberal,IMMCULT2_W32,2,"0.562177,0.437824"
RACExPOLIDEOLOGY,RACExPOLIDEOLOGY :: Hispanic | Conservative,IMMCULT2_W32,2,"0.663669,0.336331"
RACExPOLIDEOLOGY,RACExPOLIDEOLOGY :: Hispanic | Liberal,IMMCULT2_W32,2,"0.540924,0.459076"
RACExPOLIDEOLOGY,RACExPOLIDEOLOGY :: Hispanic | Moderate,IMMCULT2_W32,2,"0.484380,0.515620"
RACExPOLIDEOLOGY,RACExPOLIDEOLOGY :: Hispanic | Very liberal,IMMCULT2_W32,2,"0.567937,0.432063"
RACExPOLIDEOLOGY,RACExPOLIDEOLOGY :: Mixed Race | Moderate,IMMCULT2_W32,2,"0.445530,0.554470"
RACExPOLIDEOLOGY,RACExPOLIDEOLOGY :: Other | Conservative,IMMCULT2_W32,2,"0.620622,0.379378"
RACExPOLIDEOLOGY,RACExPOLIDEOLOGY :: Other | Moderate,IMMCULT2_W32,2,"0.466846,0.533154"
RACExPOLIDEOLOGY,RACExPOLIDEOLOGY :: White | Conservative,IMMCULT2_W32,2,"0.615088,0.384912"
RACExPOLIDEOLOGY,RACExPOLIDEOLOGY :: White | Liberal,IMMCULT2_W32,2,"0.517571,0.482429"
RACExPOLIDEOLOGY,RACExPOLIDEOLOGY :: White | Moderate,IMMCULT2_W32,2,"0.451327,0.548674"
RACExPOLIDEOLOGY,RACExPOLIDEOLOGY :: White | Refused,IMMCULT2_W32,2,"0.515620,0.484380"
RACExPOLIDEOLOGY,RACExPOLIDEOLOGY :: White | Very conservative,IMMCULT2_W32,2,"0.602062,0.397938"
RACExPOLIDEOLOGY,RACExPOLIDEOLOGY :: White | Very liberal,IMMCULT2_W32,2,"0.544801,0.455199"
RACExPOLIDEOLOGY,RACExPOLIDEOLOGY :: Asian | Liberal,IMMIMPACT_W32,3,"0.692257,0.152069,0.155675"
RACExPOLIDEOLOGY,RACExPOLIDEOLOGY :: Asian | Moderate,IMMIMPACT_W32,3,"0.609178,0.144692,0.246130"
RACExPOLIDEOLOGY,RACExPOLIDEOLOGY :: Black | Conservative,IMMIMPACT_W32,3,"0.599725,0.196229,0.204046"
RACExPOLIDEOLOGY,RACExPOLIDEOLOGY :: Black | Liberal,IMMIMPACT_W32,3,"0.634775,0.186179,0.179046"
RACExPOLIDEOLOGY,RACExPOLIDEOLOGY :: Black | Moderate,IMMIMPACT_W32,3,"0.563388,0.170486,0.266126"
RACExPOLIDEOLOGY,RACExPOLIDEOLOGY :: Black | Very conservative,IMMIMPACT_W32,3,"0.543687,0.211254,0.245059"
RACExPOLIDEOLOGY,RACExPOLIDEOLOGY :: Black | Very liberal,IMMIMPACT_W32,3,"0.520715,0.227484,0.251801"
RACExPOLIDEOLOGY,RACExPOLIDEOLOGY :: Hispanic | Conservative,IMMIMPACT_W32,3,"0.581088,0.193125,0.225787"
RACExPOLIDEOLOGY,RACExPOLIDEOLOGY :: Hispanic | Liberal,IMMIMPACT_W32,3,"0.628108,0.175787,0.196105"
RACExPOLIDEOLOGY,RACExPOLIDEOLOGY :: Hispanic | Moderate,IMMIMPACT_W32,3,"0.567579,0.160093,0.272328"
RACExPOLIDEOLOGY,RACExPOLIDEOLOGY :: Hispanic | Very liberal,IMMIMPACT_W32,3,"0.504736,0.229287,0.265977"
RACExPOLIDEOLOGY,RACExPOLIDEOLOGY :: Mixed Race | Moderate,IMMIMPACT_W32,3,"0.537833,0.178749,0.283418"
RACExPOLIDEOLOGY,RACExPOLIDEOLOGY :: Other | Conservative,IMMIMPACT_W32,3,"0.537867,0.213949,0.248185"
RACExPOLIDEOLOGY,RACExPOLIDEOLOGY :: Other | Moderate,IMMIMPACT_W32,3,"0.497325,0.196283,0.306393"
RACExPOLIDEOLOGY,RACExPOLIDEOLOGY :: White | Conservative,IMMIMPACT_W32,3,"0.571692,0.199121,0.229187"
RACExPOLIDEOLOGY,RACExPOLIDEOLOGY :: White | Liberal,IMMIMPACT_W32,3,"0.599681,0.194688,0.205631"
RACExPOLIDEOLOGY,RACExPOLIDEOLOGY :: White | Moderate,IMMIMPACT_W32,3,"0.539447,0.180692,0.279861"
RACExPOLIDEOLOGY,RACExPOLIDEOLOGY :: White | Refused,IMMIMPACT_W32,3,"0.451817,0.220198,0.327984"
RACExPOLIDEOLOGY,RACExPOLIDEOLOGY :: White | Very conservative,IMMIMPACT_W32,3,"0.506537,0.226537,0.266926"
RACExPOLIDEOLOGY,RACExPOLIDEOLOGY :: White | Very liberal,IMMIMPACT_W32,3,"0.487526,0.243236,0.269238"
RACExPOLIDEOLOGY,RACExPOLIDEOLOGY :: Asian | Liberal,INCFUTURE_W32,2,"0.615088,0.384912"
RACExPOLIDEOLOGY,RACExPOLIDEOLOGY :: Asian | Moderate,INCFUTURE_W32,2,"0.631594,0.368406"
RACExPOLIDEOLOGY,RACExPOLIDEOLOGY :: Black | Conservative,INCFUTURE_W32,2,"0.562177,0.437824"
RACExPOLIDEOLOGY,RACExPOLIDEOLOGY :: Black | Liberal,INCFUTURE_W32,2,"0.566019,0.433981"
RACExPOLIDEOLOGY,RACExPOLIDEOLOGY :: Black | Moderate,INCFUTURE_W32,2,"0.573678,0.426322"
RACExPOLIDEOLOGY,RACExPOLIDEOLOGY :: Black | Very conservative,INCFUTURE_W32,2,"0.521471,0.478529"
RACExPOLIDEOLOGY,RACExPOLIDEOLOGY :: Black | Very liberal,INCFUTURE_W32,2,"0.498047,0.501953"
RACExPOLIDEOLOGY,RACExPOLIDEOLOGY :: Hispanic | Conservative,INCFUTURE_W32,2,"0.567937,0.432063"
RACExPOLIDEOLOGY,RACExPOLIDEOLOGY :: Hispanic | Liberal,INCFUTURE_W32,2,"0.566019,0.433981"
RACExPOLIDEOLOGY,RACExPOLIDEOLOGY :: Hispanic | Moderate,INCFUTURE_W32,2,"0.598312,0.401688"
RACExPOLIDEOLOGY,RACExPOLIDEOLOGY :: Hispanic | Very liberal,INCFUTURE_W32,2,"0.501953,0.498047"
RACExPOLIDEOLOGY,RACExPOLIDEOLOGY :: Mixed Race | Moderate,INCFUTURE_W32,2,"0.562177,0.437824"
RACExPOLIDEOLOGY,RACExPOLIDEOLOGY :: Other | Conservative,INCFUTURE_W32,2,"0.556400,0.443600"
RACExPOLIDEOLOGY,RACExPOLIDEOLOGY :: Other | Moderate,INCFUTURE_W32,2,"0.562177,0.437824"
RACExPOLIDEOLOGY,RACExPOLIDEOLOGY :: White | Conservative,INCFUTURE_W32,2,"0.556400,0.443600"
RACExPOLIDEOLOGY,RACExPOLIDEOLOGY :: White | Liberal,INCFUTURE_W32,2,"0.546738,0.453262"
RACExPOLIDEOLOGY,RACExPOLIDEOLOGY :: White | Moderate,INCFUTURE_W32,2,"0.567937,0.432063"
RACExPOLIDEOLOGY,RACExPOLIDEOLOGY :: White | Refused,INCFUTURE_W32,2,"0.521471,0.478529"
RACExPOLIDEOLOGY,RACExPOLIDEOLOGY :: White | Very conservative,INCFUTURE_W32,2,"0.517571,0.482429"
RACExPOLIDEOLOGY,RACExPOLIDEOLOGY :: White | Very liberal,INCFUTURE_W32,2,"0.496094,0.503906"
RACExPOLIDEOLOGY,RACExPOLIDEOLOGY :: Asian | Liberal,INEQ10_W54,2,"0.960063,0.039937"
RACExPOLIDEOLOGY,RACExPOLIDEOLOGY :: Asian | Moderate,INEQ10_W54,2,"0.960952,0.039048"
RACExPOLIDEOLOGY,RACExPOLIDEOLOGY :: Black | Conservative,INEQ10_W54,2,"0.884039,0.115961"
RACExPOLIDEOLOGY,RACExPOLIDEOLOGY :: Black | Liberal,INEQ10_W54,2,"0.933915,0.066085"
RACExPOLIDEOLOGY,RACExPOLIDEOLOGY :: Black | Moderate,INEQ10_W54,2,"0.941223,0.058777"
RACExPOLIDEOLOGY,RACExPOLIDEOLOGY :: Black | Very conservative,INEQ10_W54,2,"0.916110,0.083890"
RACExPOLIDEOLOGY,RACExPOLIDEOLOGY :: Black | Very liberal,INEQ10_W54,2,"0.903975,0.096025"
RACExPOLIDEOLOGY,RACExPOLIDEOLOGY :: Hispanic | Conservative,INEQ10_W54,2,"0.895523,0.104477"
RACExPOLIDEOLOGY,RACExPOLIDEOLOGY :: Hispanic | Liberal,INEQ10_W54,2,"0.951142,0.048858"
RACExPOLIDEOLOGY,RACExPOLIDEOLOGY :: Hispanic | Moderate,INEQ10_W54,2,"0.954308,0.045692"
RACExPOLIDEOLOGY,RACExPOLIDEOLOGY :: Mixed Race | Liberal,INEQ10_W54,2,"0.940790,0.059210"
RACExPOLIDEOLOGY,RACExPOLIDEOLOGY :: Mixed Race | Moderate,INEQ10_W54,2,"0.947381,0.052619"
RACExPOLIDEOLOGY,RACExPOLIDEOLOGY :: Refused | Moderate,INEQ10_W54,2,"0.809276,0.190724"
RACExPOLIDEOLOGY,RACExPOLIDEOLOGY :: White | Conservative,INEQ10_W54,2,"0.891055,0.108945"
RACExPOLIDEOLOGY,RACExPOLIDEOLOGY :: White | Liberal,INEQ10_W54,2,"0.947769,0.052231"
RACExPOLIDEOLOGY,RACExPOLIDEOLOGY :: White | Moderate,INEQ10_W54,2,"0.948155,0.051845"
RACExPOLIDEOLOGY,RACExPOLIDEOLOGY :: White | Refused,INEQ10_W54,2,"0.874935,0.125065"
RACExPOLIDEOLOGY,RACExPOLIDEOLOGY :: White | Very conservative,INEQ10_W54,2,"0.905990,0.094010"
RACExPOLIDEOLOGY,RACExPOLIDEOLOGY :: White | Very liberal,INEQ10_W54,2,"0.878314,0.121686"
RACExPOLIDEOLOGY,RACExPOLIDEOLOGY :: Asian | Liberal,INEQ4_c_W54,4,"0.541513,0.220507,0.144612,0.093369"
RACExPOLIDEOLOGY,RACExPOLIDEOLOGY :: Asian | Moderate,INEQ4_c_W54,4,"0.491233,0.258861,0.164542,0.085363"
RACExPOLIDEOLOGY,RACExPOLIDEOLOGY :: Black | Conservative,INEQ4_c_W54,4,"0.443366,0.258613,0.180541,0.117480"
RACExPOLIDEOLOGY,RACExPOLIDEOLOGY :: Black | Liberal,INEQ4_c_W54,4,"0.482444,0.268520,0.159093,0.089943"
RACExPOLIDEOLOGY,RACExPOLIDEOLOGY :: Black | Moderate,INEQ4_c_W54,4,"0.437273,0.305266,0.175300,0.082161"
RACExPOLIDEOLOGY,RACExPOLIDEOLOGY :: Black | Very conservative,INEQ4_c_W54,4,"0.523432,0.208207,0.148799,0.119563"
RACExPOLIDEOLOGY,RACExPOLIDEOLOGY :: Black | Very liberal,INEQ4_c_W54,4,"0.524573,0.200667,0.137916,0.136843"
RACExPOLIDEOLOGY,RACExPOLIDEOLOGY :: Hispanic | Conservative,INEQ4_c_W54,4,"0.434555,0.255462,0.188366,0.121618"
RACExPOLIDEOLOGY,RACExPOLIDEOLOGY :: Hispanic | Liberal,INEQ4_c_W54,4,"0.477652,0.259695,0.166367,0.096286"
RACExPOLIDEOLOGY,RACExPOLIDEOLOGY :: Hispanic | Moderate,INEQ4_c_W54,4,"0.443885,0.302703,0.173828,0.079584"
RACExPOLIDEOLOGY,RACExPOLIDEOLOGY :: Mixed Race | Liberal,INEQ4_c_W54,4,"0.482922,0.246652,0.159251,0.111175"
RACExPOLIDEOLOGY,RACExPOLIDEOLOGY :: Mixed Race | Moderate,INEQ4_c_W54,4,"0.448230,0.289399,0.166188,0.096182"
RACExPOLIDEOLOGY,RACExPOLIDEOLOGY :: Refused | Moderate,INEQ4_c_W54,4,"0.372193,0.272302,0.203945,0.151559"
RACExPOLIDEOLOGY,RACExPOLIDEOLOGY :: White | Conservative,INEQ4_c_W54,4,"0.429539,0.250548,0.180463,0.139451"
RACExPOLIDEOLOGY,RACExPOLIDEOLOGY :: White | Liberal,INEQ4_c_W54,4,"0.468107,0.254505,0.161773,0.115614"
RACExPOLIDEOLOGY,RACExPOLIDEOLOGY :: White | Moderate,INEQ4_c_W54,4,"0.434860,0.289679,0.172976,0.102485"
RACExPOLIDEOLOGY,RACExPOLIDEOLOGY :: White | Refused,INEQ4_c_W54,4,"0.393290,0.236686,0.169152,0.200873"
RACExPOLIDEOLOGY,RACExPOLIDEOLOGY :: White | Very conservative,INEQ4_c_W54,4,"0.496654,0.199105,0.147962,0.156279"
RACExPOLIDEOLOGY,RACExPOLIDEOLOGY :: White | Very liberal,INEQ4_c_W54,4,"0.482506,0.199573,0.140417,0.177504"
RACExPOLIDEOLOGY,RACExPOLIDEOLOGY :: Asian | Liberal,INEQ4_e_W54,4,"0.638954,0.188874,0.102689,0.069483"
RACExPOLIDEOLOGY,RACExPOLIDEOLOGY :: Asian | Moderate,INEQ4_e_W54,4,"0.571851,0.232861,0.129607,0.065681"
RACExPOLIDEOLOGY,RACExPOLIDEOLOGY :: Black | Conservative,INEQ4_e_W54,4,"0.520871,0.242227,0.143515,0.093387"
RACExPOLIDEOLOGY,RACExPOLIDEOLOGY :: Black | Liberal,INEQ4_e_W54,4,"0.570271,0.247194,0.114956,0.067579"
RACExPOLIDEOLOGY,RACExPOLIDEOLOGY :: Black | Moderate,INEQ4_e_W54,4,"0.501576,0.292567,0.142586,0.063272"
RACExPOLIDEOLOGY,RACExPOLIDEOLOGY :: Black | Very conservative,INEQ4_e_W54,4,"0.634980,0.168253,0.105290,0.091477"
RACExPOLIDEOLOGY,RACExPOLIDEOLOGY :: Black | Very liberal,INEQ4_e_W54,4,"0.625082,0.168238,0.098902,0.107778"
RACExPOLIDEOLOGY,RACExPOLIDEOLOGY :: Hispanic | Conservative,INEQ4_e_W54,4,"0.508523,0.240209,0.152686,0.098582"
RACExPOLIDEOLOGY,RACExPOLIDEOLOGY :: Hispanic | Liberal,INEQ4_e_W54,4,"0.567667,0.236639,0.121811,0.073882"
RACExPOLIDEOLOGY,RACExPOLIDEOLOGY :: Hispanic | Moderate,INEQ4_e_W54,4,"0.518896,0.282119,0.137494,0.061491"
RACExPOLIDEOLOGY,RACExPOLIDEOLOGY :: Mixed Race | Liberal,INEQ4_e_W54,4,"0.570146,0.226788,0.117656,0.085409"
RACExPOLIDEOLOGY,RACExPOLIDEOLOGY :: Mixed Race | Moderate,INEQ4_e_W54,4,"0.519613,0.273817,0.133448,0.073123"
RACExPOLIDEOLOGY,RACExPOLIDEOLOGY :: Refused | Moderate,INEQ4_e_W54,4,"0.416908,0.277721,0.182134,0.123238"
RACExPOLIDEOLOGY,RACExPOLIDEOLOGY :: White | Conservative,INEQ4_e_W54,4,"0.500367,0.240078,0.147908,0.111647"
RACExPOLIDEOLOGY,RACExPOLIDEOLOGY :: White | Liberal,INEQ4_e_W54,4,"0.547444,0.241036,0.122151,0.089368"
RACExPOLIDEOLOGY,RACExPOLIDEOLOGY :: White | Moderate,INEQ4_e_W54,4,"0.498276,0.279508,0.142759,0.079457"
RACExPOLIDEOLOGY,RACExPOLIDEOLOGY :: White | Refused,INEQ4_e_W54,4,"0.445967,0.236851,0.142539,0.174643"
RACExPOLIDEOLOGY,RACExPOLIDEOLOGY :: White | Very conservative,INEQ4_e_W54,4,"0.598451,0.170125,0.109841,0.121583"
RACExPOLIDEOLOGY,RACExPOLIDEOLOGY :: White | Very liberal,INEQ4_e_W54,4,"0.567906,0.178700,0.107543,0.145850"
RACExPOLIDEOLOGY,RACExPOLIDEOLOGY :: Asian | Liberal,INEQ5_a_W54,4,"0.458840,0.211720,0.202025,0.127415"
RACExPOLIDEOLOGY,RACExPOLIDEOLOGY :: Asian | Moderate,INEQ5_a_W54,4,"0.412372,0.234962,0.215614,0.137052"
RACExPOLIDEOLOGY,RACExPOLIDEOLOGY :: Black | Conservative,INEQ5_a_W54,4,"0.406265,0.236972,0.210768,0.145995"
RACExPOLIDEOLOGY,RACExPOLIDEOLOGY :: Black | Liberal,INEQ5_a_W54,4,"0.413359,0.250715,0.212779,0.123147"
RACExPOLIDEOLOGY,RACExPOLIDEOLOGY :: Black | Moderate,INEQ5_a_W54,4,"0.376828,0.271419,0.221526,0.130228"
RACExPOLIDEOLOGY,RACExPOLIDEOLOGY :: Black | Very conservative,INEQ5_a_W54,4,"0.458361,0.218213,0.191073,0.132353"
RACExPOLIDEOLOGY,RACExPOLIDEOLOGY :: Black | Very liberal,INEQ5_a_W54,4,"0.473696,0.211850,0.179795,0.134660"
RACExPOLIDEOLOGY,RACExPOLIDEOLOGY :: Hispanic | Conservative,INEQ5_a_W54,4,"0.398068,0.235847,0.211412,0.154673"
RACExPOLIDEOLOGY,RACExPOLIDEOLOGY :: Hispanic | Liberal,INEQ5_a_W54,4,"0.413661,0.245086,0.208002,0.133251"
RACExPOLIDEOLOGY,RACExPOLIDEOLOGY :: Hispanic | Moderate,INEQ5_a_W54,4,"0.379198,0.268892,0.217755,0.134155"
RACExPOLIDEOLOGY,RACExPOLIDEOLOGY :: Mixed Race | Liberal,INEQ5_a_W54,4,"0.418760,0.233075,0.205688,0.142476"
RACExPOLIDEOLOGY,RACExPOLIDEOLOGY :: Mixed Race | Moderate,INEQ5_a_W54,4,"0.382096,0.258539,0.214337,0.145027"
RACExPOLIDEOLOGY,RACExPOLIDEOLOGY :: Refused | Moderate,INEQ5_a_W54,4,"0.341828,0.264144,0.231293,0.162735"
RACExPOLIDEOLOGY,RACExPOLIDEOLOGY :: White | Conservative,INEQ5_a_W54,4,"0.395729,0.229031,0.203704,0.171536"
RACExPOLIDEOLOGY,RACExPOLIDEOLOGY :: White | Liberal,INEQ5_a_W54,4,"0.404329,0.237693,0.203309,0.154670"
RACExPOLIDEOLOGY,RACExPOLIDEOLOGY :: White | Moderate,INEQ5_a_W54,4,"0.368799,0.257463,0.215119,0.158619"
RACExPOLIDEOLOGY,RACExPOLIDEOLOGY :: White | Refused,INEQ5_a_W54,4,"0.359056,0.241059,0.206189,0.193696"
RACExPOLIDEOLOGY,RACExPOLIDEOLOGY :: White | Very conservative,INEQ5_a_W54,4,"0.432412,0.212394,0.184531,0.170663"
RACExPOLIDEOLOGY,RACExPOLIDEOLOGY :: White | Very liberal,INEQ5_a_W54,4,"0.431082,0.215075,0.178303,0.175539"
RACExPOLIDEOLOGY,RACExPOLIDEOLOGY :: Asian | Liberal,INEQ5_d_W54,4,"0.369769,0.214006,0.248251,0.167975"
RACExPOLIDEOLOGY,RACExPOLIDEOLOGY :: Asian | Moderate,INEQ5_d_W54,4,"0.339207,0.224202,0.272561,0.164030"
RACExPOLIDEOLOGY,RACExPOLIDEOLOGY :: Black | Conservative,INEQ5_d_W54,4,"0.352535,0.227614,0.248039,0.171812"
RACExPOLIDEOLOGY,RACExPOLIDEOLOGY :: Black | Liberal,INEQ5_d_W54,4,"0.351664,0.241695,0.249367,0.157274"
RACExPOLIDEOLOGY,RACExPOLIDEOLOGY :: Black | Moderate,INEQ5_d_W54,4,"0.324114,0.250456,0.268700,0.156731"
RACExPOLIDEOLOGY,RACExPOLIDEOLOGY :: Black | Very conservative,INEQ5_d_W54,4,"0.379314,0.214445,0.239231,0.167010"
RACExPOLIDEOLOGY,RACExPOLIDEOLOGY :: Black | Very liberal,INEQ5_d_W54,4,"0.382834,0.216435,0.226822,0.173910"
RACExPOLIDEOLOGY,RACExPOLIDEOLOGY :: Hispanic | Conservative,INEQ5_d_W54,4,"0.345920,0.226860,0.249157,0.178064"
RACExPOLIDEOLOGY,RACExPOLIDEOLOGY :: Hispanic | Liberal,INEQ5_d_W54,4,"0.343850,0.236324,0.249608,0.170218"
RACExPOLIDEOLOGY,RACExPOLIDEOLOGY :: Hispanic | Moderate,INEQ5_d_W54,4,"0.327432,0.245236,0.271451,0.155881"
RACExPOLIDEOLOGY,RACExPOLIDEOLOGY :: Mixed Race | Liberal,INEQ5_d_W54,4,"0.351481,0.226933,0.243464,0.178122"
RACExPOLIDEOLOGY,RACExPOLIDEOLOGY :: Mixed Race | Moderate,INEQ5_d_W54,4,"0.328796,0.242439,0.262139,0.166626"
RACExPOLIDEOLOGY,RACExPOLIDEOLOGY :: Refused | Moderate,INEQ5_d_W54,4,"0.314387,0.250651,0.258607,0.176355"
RACExPOLIDEOLOGY,RACExPOLIDEOLOGY :: White | Conservative,INEQ5_d_W54,4,"0.350046,0.219053,0.240583,0.190317"
RACExPOLIDEOLOGY,RACExPOLIDEOLOGY :: White | Liberal,INEQ5_d_W54,4,"0.348297,0.230210,0.239381,0.182111"
RACExPOLIDEOLOGY,RACExPOLIDEOLOGY :: White | Moderate,INEQ5_d_W54,4,"0.325902,0.238435,0.263924,0.171739"
RACExPOLIDEOLOGY,RACExPOLIDEOLOGY :: White | Refused,INEQ5_d_W54,4,"0.330783,0.225575,0.238254,0.205388"
RACExPOLIDEOLOGY,RACExPOLIDEOLOGY :: White | Very conservative,INEQ5_d_W54,4,"0.378826,0.205964,0.226207,0.189003"
RACExPOLIDEOLOGY,RACExPOLIDEOLOGY :: White | Very liberal,INEQ5_d_W54,4,"0.374958,0.211982,0.217009,0.196051"
RACExPOLIDEOLOGY,RACExPOLIDEOLOGY :: Asian | Liberal,INEQ5_f_W54,4,"0.366446,0.222261,0.242206,0.169087"
RACExPOLIDEOLOGY,RACExPOLIDEOLOGY :: Asian | Moderate,INEQ5_f_W54,4,"0.345268,0.242926,0.258594,0.153212"
RACExPOLIDEOLOGY,RACExPOLIDEOLOGY :: Black | Conservative,INEQ5_f_W54,4,"0.349468,0.234622,0.240186,0.175724"
RACExPOLIDEOLOGY,RACExPOLIDEOLOGY :: Black | Liberal,INEQ5_f_W54,4,"0.352950,0.250279,0.242579,0.154192"
RACExPOLIDEOLOGY,RACExPOLIDEOLOGY :: Black | Moderate,INEQ5_f_W54,4,"0.327642,0.269511,0.255168,0.147680"
RACExPOLIDEOLOGY,RACExPOLIDEOLOGY :: Black | Very conservative,INEQ5_f_W54,4,"0.370551,0.224751,0.228290,0.176409"
RACExPOLIDEOLOGY,RACExPOLIDEOLOGY :: Black | Very liberal,INEQ5_f_W54,4,"0.368404,0.223449,0.219984,0.188163"
RACExPOLIDEOLOGY,RACExPOLIDEOLOGY :: Hispanic | Conservative,INEQ5_f_W54,4,"0.342215,0.233370,0.242666,0.181749"
RACExPOLIDEOLOGY,RACExPOLIDEOLOGY :: Hispanic | Liberal,INEQ5_f_W54,4,"0.341040,0.245642,0.241833,0.171485"
RACExPOLIDEOLOGY,RACExPOLIDEOLOGY :: Hispanic | Moderate,INEQ5_f_W54,4,"0.332224,0.269043,0.254725,0.144008"
RACExPOLIDEOLOGY,RACExPOLIDEOLOGY :: Mixed Race | Liberal,INEQ5_f_W54,4,"0.349303,0.240072,0.236350,0.174274"
RACExPOLIDEOLOGY,RACExPOLIDEOLOGY :: Mixed Race | Moderate,INEQ5_f_W54,4,"0.330308,0.267491,0.247389,0.154812"
RACExPOLIDEOLOGY,RACExPOLIDEOLOGY :: Refused | Moderate,INEQ5_f_W54,4,"0.316031,0.266125,0.250001,0.167843"
RACExPOLIDEOLOGY,RACExPOLIDEOLOGY :: White | Conservative,INEQ5_f_W54,4,"0.348220,0.231965,0.231965,0.187851"
RACExPOLIDEOLOGY,RACExPOLIDEOLOGY :: White | Liberal,INEQ5_f_W54,4,"0.344431,0.244238,0.231240,0.180090"
RACExPOLIDEOLOGY,RACExPOLIDEOLOGY :: White | Moderate,INEQ5_f_W54,4,"0.329005,0.262305,0.248346,0.160344"
RACExPOLIDEOLOGY,RACExPOLIDEOLOGY :: White | Refused,INEQ5_f_W54,4,"0.327083,0.243067,0.228340,0.201510"
RACExPOLIDEOLOGY,RACExPOLIDEOLOGY :: White | Very conservative,INEQ5_f_W54,4,"0.375400,0.218969,0.213896,0.191735"
RACExPOLIDEOLOGY,RACExPOLIDEOLOGY :: White | Very liberal,INEQ5_f_W54,4,"0.367669,0.223003,0.207861,0.201466"
RACExPOLIDEOLOGY,RACExPOLIDEOLOGY :: Asian | Liberal,INEQ5_i_W54,4,"0.526620,0.189245,0.165708,0.118426"
RACExPOLIDEOLOGY,RACExPOLIDEOLOGY :: Asian | Moderate,INEQ5_i_W54,4,"0.465867,0.230621,0.183867,0.119645"
RACExPOLIDEOLOGY,RACExPOLIDEOLOGY :: Black | Conservative,INEQ5_i_W54,4,"0.444041,0.223278,0.185104,0.147578"
RACExPOLIDEOLOGY,RACExPOLIDEOLOGY :: Black | Liberal,INEQ5_i_W54,4,"0.476547,0.230443,0.175312,0.117699"
RACExPOLIDEOLOGY,RACExPOLIDEOLOGY :: Black | Moderate,INEQ5_i_W54,4,"0.432801,0.264566,0.186146,0.116487"
RACExPOLIDEOLOGY,RACExPOLIDEOLOGY :: Black | Very conservative,INEQ5_i_W54,4,"0.503416,0.197141,0.159649,0.139794"
RACExPOLIDEOLOGY,RACExPOLIDEOLOGY :: Black | Very liberal,INEQ5_i_W54,4,"0.525183,0.188728,0.145838,0.140251"
RACExPOLIDEOLOGY,RACExPOLIDEOLOGY :: Hispanic | Conservative,INEQ5_i_W54,4,"0.434278,0.225300,0.186781,0.153641"
RACExPOLIDEOLOGY,RACExPOLIDEOLOGY :: Hispanic | Liberal,INEQ5_i_W54,4,"0.479998,0.224970,0.169817,0.125215"
RACExPOLIDEOLOGY,RACExPOLIDEOLOGY :: Hispanic | Moderate,INEQ5_i_W54,4,"0.437613,0.265426,0.181005,0.115956"
RACExPOLIDEOLOGY,RACExPOLIDEOLOGY :: Mixed Race | Liberal,INEQ5_i_W54,4,"0.483204,0.216102,0.169621,0.131073"
RACExPOLIDEOLOGY,RACExPOLIDEOLOGY :: Mixed Race | Moderate,INEQ5_i_W54,4,"0.435026,0.261803,0.178534,0.124637"
RACExPOLIDEOLOGY,RACExPOLIDEOLOGY :: Refused | Moderate,INEQ5_i_W54,4,"0.386843,0.261751,0.202265,0.149141"
RACExPOLIDEOLOGY,RACExPOLIDEOLOGY :: White | Conservative,INEQ5_i_W54,4,"0.437152,0.216406,0.175251,0.171191"
RACExPOLIDEOLOGY,RACExPOLIDEOLOGY :: White | Liberal,INEQ5_i_W54,4,"0.476432,0.214745,0.164650,0.144173"
RACExPOLIDEOLOGY,RACExPOLIDEOLOGY :: White | Moderate,INEQ5_i_W54,4,"0.425246,0.251950,0.181473,0.141331"
RACExPOLIDEOLOGY,RACExPOLIDEOLOGY :: White | Refused,INEQ5_i_W54,4,"0.427817,0.221949,0.166232,0.184002"
RACExPOLIDEOLOGY,RACExPOLIDEOLOGY :: White | Very conservative,INEQ5_i_W54,4,"0.484830,0.188385,0.152558,0.174227"
RACExPOLIDEOLOGY,RACExPOLIDEOLOGY :: White | Very liberal,INEQ5_i_W54,4,"0.491857,0.189628,0.143138,0.175377"
RACExPOLIDEOLOGY,RACExPOLIDEOLOGY :: Asian | Liberal,INEQ5_j_W54,4,"0.449070,0.210475,0.213789,0.126666"
RACExPOLIDEOLOGY,RACExPOLIDEOLOGY :: Asian | Moderate,INEQ5_j_W54,4,"0.413682,0.233875,0.232055,0.120388"
RACExPOLIDEOLOGY,RACExPOLIDEOLOGY :: Black | Conservative,INEQ5_j_W54,4,"0.403387,0.233463,0.219318,0.143832"
RACExPOLIDEOLOGY,RACExPOLIDEOLOGY :: Black | Liberal,INEQ5_j_W54,4,"0.412554,0.248280,0.219106,0.120060"
RACExPOLIDEOLOGY,RACExPOLIDEOLOGY :: Black | Moderate,INEQ5_j_W54,4,"0.381925,0.270826,0.233466,0.113782"
RACExPOLIDEOLOGY,RACExPOLIDEOLOGY :: Black | Very conservative,INEQ5_j_W54,4,"0.446919,0.207837,0.204615,0.140629"
RACExPOLIDEOLOGY,RACExPOLIDEOLOGY :: Black | Very liberal,INEQ5_j_W54,4,"0.440064,0.209502,0.198352,0.152082"
RACExPOLIDEOLOGY,RACExPOLIDEOLOGY :: Hispanic | Conservative,INEQ5_j_W54,4,"0.392463,0.234350,0.221879,0.151308"
RACExPOLIDEOLOGY,RACExPOLIDEOLOGY :: Hispanic | Liberal,INEQ5_j_W54,4,"0.408655,0.244019,0.218737,0.128589"
RACExPOLIDEOLOGY,RACExPOLIDEOLOGY :: Hispanic | Moderate,INEQ5_j_W54,4,"0.387595,0.266390,0.231443,0.114573"
RACExPOLIDEOLOGY,RACExPOLIDEOLOGY :: Mixed Race | Liberal,INEQ5_j_W54,4,"0.409677,0.233427,0.214205,0.142691"
RACExPOLIDEOLOGY,RACExPOLIDEOLOGY :: Mixed Race | Moderate,INEQ5_j_W54,4,"0.383330,0.259374,0.228897,0.128399"
RACExPOLIDEOLOGY,RACExPOLIDEOLOGY :: Refused | Moderate,INEQ5_j_W54,4,"0.339587,0.266545,0.240803,0.153064"
RACExPOLIDEOLOGY,RACExPOLIDEOLOGY :: White | Conservative,INEQ5_j_W54,4,"0.389212,0.228806,0.213271,0.168711"
RACExPOLIDEOLOGY,RACExPOLIDEOLOGY :: White | Liberal,INEQ5_j_W54,4,"0.397824,0.239415,0.212940,0.149822"
RACExPOLIDEOLOGY,RACExPOLIDEOLOGY :: White | Moderate,INEQ5_j_W54,4,"0.371375,0.259261,0.230592,0.138773"
RACExPOLIDEOLOGY,RACExPOLIDEOLOGY :: White | Refused,INEQ5_j_W54,4,"0.356058,0.237186,0.217654,0.189101"
RACExPOLIDEOLOGY,RACExPOLIDEOLOGY :: White | Very conservative,INEQ5_j_W54,4,"0.425258,0.202453,0.197763,0.174526"
RACExPOLIDEOLOGY,RACExPOLIDEOLOGY :: White | Very liberal,INEQ5_j_W54,4,"0.412679,0.210776,0.193419,0.183125"
RACExPOLIDEOLOGY,RACExPOLIDEOLOGY :: Asian | Liberal,INEQ5_k_W54,4,"0.487895,0.200232,0.198673,0.113201"
RACExPOLIDEOLOGY,RACExPOLIDEOLOGY :: Asian | Moderate,INEQ5_k_W54,4,"0.430007,0.230166,0.221348,0.118479"
RACExPOLIDEOLOGY,RACExPOLIDEOLOGY :: Black | Conservative,INEQ5_k_W54,4,"0.414147,0.232316,0.211526,0.142012"
RACExPOLIDEOLOGY,RACExPOLIDEOLOGY :: Black | Liberal,INEQ5_k_W54,4,"0.438285,0.240161,0.205420,0.116134"
RACExPOLIDEOLOGY,RACExPOLIDEOLOGY :: Black | Moderate,INEQ5_k_W54,4,"0.391942,0.265201,0.223322,0.119535"
RACExPOLIDEOLOGY,RACExPOLIDEOLOGY :: Black | Very conservative,INEQ5_k_W54,4,"0.463552,0.202511,0.194753,0.139184"
RACExPOLIDEOLOGY,RACExPOLIDEOLOGY :: Black | Very liberal,INEQ5_k_W54,4,"0.477539,0.197519,0.182675,0.142267"
RACExPOLIDEOLOGY,RACExPOLIDEOLOGY :: Hispanic | Conservative,INEQ5_k_W54,4,"0.402365,0.236538,0.215370,0.145727"
RACExPOLIDEOLOGY,RACExPOLIDEOLOGY :: Hispanic | Liberal,INEQ5_k_W54,4,"0.430104,0.243158,0.206366,0.120372"
RACExPOLIDEOLOGY,RACExPOLIDEOLOGY :: Hispanic | Moderate,INEQ5_k_W54,4,"0.393354,0.266157,0.222382,0.118106"
RACExPOLIDEOLOGY,RACExPOLIDEOLOGY :: Mixed Race | Liberal,INEQ5_k_W54,4,"0.434266,0.221801,0.205133,0.138800"
RACExPOLIDEOLOGY,RACExPOLIDEOLOGY :: Mixed Race | Moderate,INEQ5_k_W54,4,"0.391405,0.252710,0.219558,0.136327"
RACExPOLIDEOLOGY,RACExPOLIDEOLOGY :: Refused | Moderate,INEQ5_k_W54,4,"0.340539,0.257052,0.237735,0.164674"
RACExPOLIDEOLOGY,RACExPOLIDEOLOGY :: White | Conservative,INEQ5_k_W54,4,"0.391963,0.228630,0.208170,0.171236"
RACExPOLIDEOLOGY,RACExPOLIDEOLOGY :: White | Liberal,INEQ5_k_W54,4,"0.415607,0.231320,0.202551,0.150523"
RACExPOLIDEOLOGY,RACExPOLIDEOLOGY :: White | Moderate,INEQ5_k_W54,4,"0.376363,0.252678,0.221252,0.149707"
RACExPOLIDEOLOGY,RACExPOLIDEOLOGY :: White | Refused,INEQ5_k_W54,4,"0.365789,0.225356,0.208420,0.200436"
RACExPOLIDEOLOGY,RACExPOLIDEOLOGY :: White | Very conservative,INEQ5_k_W54,4,"0.425490,0.202563,0.191783,0.180164"
RACExPOLIDEOLOGY,RACExPOLIDEOLOGY :: White | Very liberal,INEQ5_k_W54,4,"0.426174,0.202889,0.183295,0.187642"
RACExPOLIDEOLOGY,RACExPOLIDEOLOGY :: Asian | Liberal,INEQ6_W54,4,"0.485959,0.215643,0.160252,0.138146"
RACExPOLIDEOLOGY,RACExPOLIDEOLOGY :: Asian | Moderate,INEQ6_W54,4,"0.453359,0.229751,0.177538,0.139351"
RACExPOLIDEOLOGY,RACExPOLIDEOLOGY :: Black | Conservative,INEQ6_W54,4,"0.426766,0.243164,0.177902,0.152168"
RACExPOLIDEOLOGY,RACExPOLIDEOLOGY :: Black | Liberal,INEQ6_W54,4,"0.440432,0.248998,0.175192,0.135378"
RACExPOLIDEOLOGY,RACExPOLIDEOLOGY :: Black | Moderate,INEQ6_W54,4,"0.418802,0.260040,0.187300,0.133857"
RACExPOLIDEOLOGY,RACExPOLIDEOLOGY :: Black | Very conservative,INEQ6_W54,4,"0.477422,0.218580,0.152593,0.151406"
RACExPOLIDEOLOGY,RACExPOLIDEOLOGY :: Black | Very liberal,INEQ6_W54,4,"0.471923,0.217757,0.148497,0.161823"
RACExPOLIDEOLOGY,RACExPOLIDEOLOGY :: Hispanic | Conservative,INEQ6_W54,4,"0.416909,0.241288,0.183562,0.158241"
RACExPOLIDEOLOGY,RACExPOLIDEOLOGY :: Hispanic | Liberal,INEQ6_W54,4,"0.432788,0.246595,0.179009,0.141608"
RACExPOLIDEOLOGY,RACExPOLIDEOLOGY :: Hispanic | Moderate,INEQ6_W54,4,"0.423810,0.253069,0.186601,0.136520"
RACExPOLIDEOLOGY,RACExPOLIDEOLOGY :: Mixed Race | Liberal,INEQ6_W54,4,"0.437134,0.235816,0.171184,0.155865"
RACExPOLIDEOLOGY,RACExPOLIDEOLOGY :: Mixed Race | Moderate,INEQ6_W54,4,"0.416341,0.248609,0.181886,0.153163"
RACExPOLIDEOLOGY,RACExPOLIDEOLOGY :: Refused | Moderate,INEQ6_W54,4,"0.362982,0.257392,0.206821,0.172805"
RACExPOLIDEOLOGY,RACExPOLIDEOLOGY :: White | Conservative,INEQ6_W54,4,"0.413980,0.234043,0.173926,0.178051"
RACExPOLIDEOLOGY,RACExPOLIDEOLOGY :: White | Liberal,INEQ6_W54,4,"0.418605,0.240385,0.174501,0.166510"
RACExPOLIDEOLOGY,RACExPOLIDEOLOGY :: White | Moderate,INEQ6_W54,4,"0.399222,0.249827,0.187111,0.163840"
RACExPOLIDEOLOGY,RACExPOLIDEOLOGY :: White | Refused,INEQ6_W54,4,"0.389078,0.230521,0.175371,0.205030"
RACExPOLIDEOLOGY,RACExPOLIDEOLOGY :: White | Very conservative,INEQ6_W54,4,"0.449225,0.208909,0.151652,0.190214"
RACExPOLIDEOLOGY,RACExPOLIDEOLOGY :: White | Very liberal,INEQ6_W54,4,"0.440893,0.211543,0.148839,0.198726"
RACExPOLIDEOLOGY,RACExPOLIDEOLOGY :: Asian | Liberal,INEQ8_g_W54,4,"0.570108,0.269300,0.117648,0.042944"
RACExPOLIDEOLOGY,RACExPOLIDEOLOGY :: Asian | Moderate,INEQ8_g_W54,4,"0.522785,0.300210,0.136377,0.040629"
RACExPOLIDEOLOGY,RACExPOLIDEOLOGY :: Black | Conservative,INEQ8_g_W54,4,"0.473165,0.312743,0.150056,0.064036"
RACExPOLIDEOLOGY,RACExPOLIDEOLOGY :: Black | Liberal,INEQ8_g_W54,4,"0.501011,0.323477,0.130696,0.044816"
RACExPOLIDEOLOGY,RACExPOLIDEOLOGY :: Black | Moderate,INEQ8_g_W54,4,"0.453917,0.353511,0.149686,0.042886"
RACExPOLIDEOLOGY,RACExPOLIDEOLOGY :: Black | Very conservative,INEQ8_g_W54,4,"0.539993,0.289037,0.119551,0.051418"
RACExPOLIDEOLOGY,RACExPOLIDEOLOGY :: Black | Very liberal,INEQ8_g_W54,4,"0.548144,0.286604,0.112236,0.053016"
RACExPOLIDEOLOGY,RACExPOLIDEOLOGY :: Hispanic | Conservative,INEQ8_g_W54,4,"0.454480,0.319767,0.160789,0.064965"
RACExPOLIDEOLOGY,RACExPOLIDEOLOGY :: Hispanic | Liberal,INEQ8_g_W54,4,"0.475544,0.334587,0.142784,0.047085"
RACExPOLIDEOLOGY,RACExPOLIDEOLOGY :: Hispanic | Moderate,INEQ8_g_W54,4,"0.454984,0.359922,0.146562,0.038533"
RACExPOLIDEOLOGY,RACExPOLIDEOLOGY :: Mixed Race | Liberal,INEQ8_g_W54,4,"0.485375,0.313382,0.142360,0.058883"
RACExPOLIDEOLOGY,RACExPOLIDEOLOGY :: Mixed Race | Moderate,INEQ8_g_W54,4,"0.454873,0.346049,0.148834,0.050244"
RACExPOLIDEOLOGY,RACExPOLIDEOLOGY :: Refused | Moderate,INEQ8_g_W54,4,"0.385065,0.324257,0.201336,0.089342"
RACExPOLIDEOLOGY,RACExPOLIDEOLOGY :: White | Conservative,INEQ8_g_W54,4,"0.456061,0.301438,0.160092,0.082409"
RACExPOLIDEOLOGY,RACExPOLIDEOLOGY :: White | Liberal,INEQ8_g_W54,4,"0.476339,0.312391,0.145275,0.065994"
RACExPOLIDEOLOGY,RACExPOLIDEOLOGY :: White | Moderate,INEQ8_g_W54,4,"0.440811,0.332741,0.163437,0.063011"
RACExPOLIDEOLOGY,RACExPOLIDEOLOGY :: White | Refused,INEQ8_g_W54,4,"0.428321,0.299016,0.160052,0.112611"
RACExPOLIDEOLOGY,RACExPOLIDEOLOGY :: White | Very conservative,INEQ8_g_W54,4,"0.513646,0.270672,0.135043,0.080638"
RACExPOLIDEOLOGY,RACExPOLIDEOLOGY :: White | Very liberal,INEQ8_g_W54,4,"0.507775,0.273924,0.131430,0.086870"
RACExPOLIDEOLOGY,RACExPOLIDEOLOGY :: Asian | Liberal,INEQ8_h_W54,4,"0.336021,0.194474,0.315663,0.153842"
RACExPOLIDEOLOGY,RACExPOLIDEOLOGY :: Asian | Moderate,INEQ8_h_W54,4,"0.317079,0.203128,0.345533,0.134260"
RACExPOLIDEOLOGY,RACExPOLIDEOLOGY :: Black | Conservative,INEQ8_h_W54,4,"0.320248,0.208389,0.312829,0.158534"
RACExPOLIDEOLOGY,RACExPOLIDEOLOGY :: Black | Liberal,INEQ8_h_W54,4,"0.327312,0.221471,0.314773,0.136444"
RACExPOLIDEOLOGY,RACExPOLIDEOLOGY :: Black | Moderate,INEQ8_h_W54,4,"0.309587,0.233688,0.337369,0.119356"
RACExPOLIDEOLOGY,RACExPOLIDEOLOGY :: Black | Very conservative,INEQ8_h_W54,4,"0.338830,0.200750,0.315825,0.144595"
RACExPOLIDEOLOGY,RACExPOLIDEOLOGY :: Black | Very liberal,INEQ8_h_W54,4,"0.343286,0.200237,0.302949,0.153527"
RACExPOLIDEOLOGY,RACExPOLIDEOLOGY :: Hispanic | Conservative,INEQ8_h_W54,4,"0.304995,0.209620,0.324665,0.160721"
RACExPOLIDEOLOGY,RACExPOLIDEOLOGY :: Hispanic | Liberal,INEQ8_h_W54,4,"0.305443,0.216592,0.330263,0.147703"
RACExPOLIDEOLOGY,RACExPOLIDEOLOGY :: Hispanic | Moderate,INEQ8_h_W54,4,"0.297843,0.223074,0.367787,0.111296"
RACExPOLIDEOLOGY,RACExPOLIDEOLOGY :: Mixed Race | Liberal,INEQ8_h_W54,4,"0.308433,0.217010,0.313290,0.161268"
RACExPOLIDEOLOGY,RACExPOLIDEOLOGY :: Mixed Race | Moderate,INEQ8_h_W54,4,"0.299704,0.222721,0.347663,0.129912"
RACExPOLIDEOLOGY,RACExPOLIDEOLOGY :: Refused | Moderate,INEQ8_h_W54,4,"0.303036,0.234168,0.315108,0.147688"
RACExPOLIDEOLOGY,RACExPOLIDEOLOGY :: White | Conservative,INEQ8_h_W54,4,"0.316639,0.199702,0.314175,0.169485"
RACExPOLIDEOLOGY,RACExPOLIDEOLOGY :: White | Liberal,INEQ8_h_W54,4,"0.320860,0.215415,0.308568,0.155158"
RACExPOLIDEOLOGY,RACExPOLIDEOLOGY :: White | Moderate,INEQ8_h_W54,4,"0.309101,0.220905,0.342144,0.127850"
RACExPOLIDEOLOGY,RACExPOLIDEOLOGY :: White | Refused,INEQ8_h_W54,4,"0.323476,0.212141,0.299167,0.165216"
RACExPOLIDEOLOGY,RACExPOLIDEOLOGY :: White | Very conservative,INEQ8_h_W54,4,"0.340969,0.195802,0.300904,0.162325"
RACExPOLIDEOLOGY,RACExPOLIDEOLOGY :: White | Very liberal,INEQ8_h_W54,4,"0.344566,0.197868,0.285655,0.171911"
RACExPOLIDEOLOGY,RACExPOLIDEOLOGY :: Asian | Liberal,INEQ8_j_W54,4,"0.470365,0.251768,0.191535,0.086332"
RACExPOLIDEOLOGY,RACExPOLIDEOLOGY :: Asian | Moderate,INEQ8_j_W54,4,"0.428879,0.262168,0.222499,0.086454"
RACExPOLIDEOLOGY,RACExPOLIDEOLOGY :: Black | Conservative,INEQ8_j_W54,4,"0.403201,0.270696,0.214138,0.111965"
RACExPOLIDEOLOGY,RACExPOLIDEOLOGY :: Black | Liberal,INEQ8_j_W54,4,"0.419485,0.290569,0.206044,0.083902"
RACExPOLIDEOLOGY,RACExPOLIDEOLOGY :: Black | Moderate,INEQ8_j_W54,4,"0.376851,0.305183,0.235827,0.082139"
RACExPOLIDEOLOGY,RACExPOLIDEOLOGY :: Black | Very conservative,INEQ8_j_W54,4,"0.442604,0.262234,0.196404,0.098758"
RACExPOLIDEOLOGY,RACExPOLIDEOLOGY :: Black | Very liberal,INEQ8_j_W54,4,"0.459497,0.259776,0.181353,0.099373"
RACExPOLIDEOLOGY,RACExPOLIDEOLOGY :: Hispanic | Conservative,INEQ8_j_W54,4,"0.386884,0.265901,0.229221,0.117993"
RACExPOLIDEOLOGY,RACExPOLIDEOLOGY :: Hispanic | Liberal,INEQ8_j_W54,4,"0.397285,0.288398,0.222857,0.091460"
RACExPOLIDEOLOGY,RACExPOLIDEOLOGY :: Hispanic | Moderate,INEQ8_j_W54,4,"0.376935,0.298180,0.243367,0.081518"
RACExPOLIDEOLOGY,RACExPOLIDEOLOGY :: Mixed Race | Liberal,INEQ8_j_W54,4,"0.406335,0.279270,0.212457,0.101938"
RACExPOLIDEOLOGY,RACExPOLIDEOLOGY :: Mixed Race | Moderate,INEQ8_j_W54,4,"0.384178,0.292267,0.233015,0.090540"
RACExPOLIDEOLOGY,RACExPOLIDEOLOGY :: Refused | Moderate,INEQ8_j_W54,4,"0.333055,0.276112,0.259383,0.131449"
RACExPOLIDEOLOGY,RACExPOLIDEOLOGY :: White | Conservative,INEQ8_j_W54,4,"0.388951,0.253095,0.218182,0.139772"
RACExPOLIDEOLOGY,RACExPOLIDEOLOGY :: White | Liberal,INEQ8_j_W54,4,"0.399050,0.272128,0.213596,0.115226"
RACExPOLIDEOLOGY,RACExPOLIDEOLOGY :: White | Moderate,INEQ8_j_W54,4,"0.370380,0.277402,0.241011,0.111208"
RACExPOLIDEOLOGY,RACExPOLIDEOLOGY :: White | Refused,INEQ8_j_W54,4,"0.363221,0.253569,0.222032,0.161178"
RACExPOLIDEOLOGY,RACExPOLIDEOLOGY :: White | Very conservative,INEQ8_j_W54,4,"0.426987,0.239518,0.197022,0.136473"
RACExPOLIDEOLOGY,RACExPOLIDEOLOGY :: White | Very liberal,INEQ8_j_W54,4,"0.426611,0.241184,0.189308,0.142897"
RACExPOLIDEOLOGY,RACExPOLIDEOLOGY :: Asian | Liberal,INFOCHALa_W45,4,"0.457389,0.231794,0.187712,0.123105"
RACExPOLIDEOLOGY,RACExPOLIDEOLOGY :: Asian | Moderate,INFOCHALa_W45,4,"0.404856,0.257342,0.208402,0.129400"
RACExPOLIDEOLOGY,RACExPOLIDEOLOGY :: Black | Conservative,INFOCHALa_W45,4,"0.422421,0.250276,0.196444,0.130860"
RACExPOLIDEOLOGY,RACExPOLIDEOLOGY :: Black | Liberal,INFOCHALa_W45,4,"0.424644,0.259580,0.200588,0.115188"
RACExPOLIDEOLOGY,RACExPOLIDEOLOGY :: Black | Moderate,INFOCHALa_W45,4,"0.373716,0.284308,0.219696,0.122279"
RACExPOLIDEOLOGY,RACExPOLIDEOLOGY :: Black | Very liberal,INFOCHALa_W45,4,"0.480678,0.223536,0.167421,0.128366"
RACExPOLIDEOLOGY,RACExPOLIDEOLOGY :: Hispanic | Conservative,INFOCHALa_W45,4,"0.415413,0.246124,0.199317,0.139146"
RACExPOLIDEOLOGY,RACExPOLIDEOLOGY :: Hispanic | Liberal,INFOCHALa_W45,4,"0.418595,0.253891,0.200844,0.126671"
RACExPOLIDEOLOGY,RACExPOLIDEOLOGY :: Hispanic | Moderate,INFOCHALa_W45,4,"0.386684,0.280702,0.211885,0.120729"
RACExPOLIDEOLOGY,RACExPOLIDEOLOGY :: Mixed Race | Conservative,INFOCHALa_W45,4,"0.418907,0.240558,0.188816,0.151718"
RACExPOLIDEOLOGY,RACExPOLIDEOLOGY :: Mixed Race | Liberal,INFOCHALa_W45,4,"0.413354,0.252678,0.192228,0.141740"
RACExPOLIDEOLOGY,RACExPOLIDEOLOGY :: Mixed Race | Moderate,INFOCHALa_W45,4,"0.369184,0.283063,0.208718,0.139036"
RACExPOLIDEOLOGY,RACExPOLIDEOLOGY :: Refused | Moderate,INFOCHALa_W45,4,"0.347865,0.275183,0.217688,0.159264"
RACExPOLIDEOLOGY,RACExPOLIDEOLOGY :: White | Conservative,INFOCHALa_W45,4,"0.418952,0.246289,0.188837,0.145922"
RACExPOLIDEOLOGY,RACExPOLIDEOLOGY :: White | Liberal,INFOCHALa_W45,4,"0.419207,0.254262,0.190434,0.136097"
RACExPOLIDEOLOGY,RACExPOLIDEOLOGY :: White | Moderate,INFOCHALa_W45,4,"0.374851,0.280751,0.208636,0.135762"
RACExPOLIDEOLOGY,RACExPOLIDEOLOGY :: White | Refused,INFOCHALa_W45,4,"0.378671,0.246406,0.185997,0.188926"
RACExPOLIDEOLOGY,RACExPOLIDEOLOGY :: White | Very conservative,INFOCHALa_W45,4,"0.480788,0.218408,0.159790,0.141015"
RACExPOLIDEOLOGY,RACExPOLIDEOLOGY :: White | Very liberal,INFOCHALa_W45,4,"0.460475,0.226178,0.157898,0.155450"
RACExPOLIDEOLOGY,RACExPOLIDEOLOGY :: Asian | Liberal,INFOCONFUSEa_W45,4,"0.596263,0.184714,0.146121,0.072902"
RACExPOLIDEOLOGY,RACExPOLIDEOLOGY :: Asian | Moderate,INFOCONFUSEa_W45,4,"0.575439,0.182490,0.163583,0.078488"
RACExPOLIDEOLOGY,RACExPOLIDEOLOGY :: Black | Conservative,INFOCONFUSEa_W45,4,"0.533686,0.215628,0.161498,0.089188"
RACExPOLIDEOLOGY,RACExPOLIDEOLOGY :: Black | Liberal,INFOCONFUSEa_W45,4,"0.543520,0.216198,0.163194,0.077088"
RACExPOLIDEOLOGY,RACExPOLIDEOLOGY :: Black | Moderate,INFOCONFUSEa_W45,4,"0.524148,0.215110,0.179731,0.081011"
RACExPOLIDEOLOGY,RACExPOLIDEOLOGY :: Black | Very liberal,INFOCONFUSEa_W45,4,"0.625952,0.177943,0.121346,0.074759"
RACExPOLIDEOLOGY,RACExPOLIDEOLOGY :: Hispanic | Conservative,INFOCONFUSEa_W45,4,"0.529499,0.205741,0.170565,0.094195"
RACExPOLIDEOLOGY,RACExPOLIDEOLOGY :: Hispanic | Liberal,INFOCONFUSEa_W45,4,"0.541418,0.207111,0.170365,0.081106"
RACExPOLIDEOLOGY,RACExPOLIDEOLOGY :: Hispanic | Moderate,INFOCONFUSEa_W45,4,"0.547918,0.199999,0.173762,0.078321"
RACExPOLIDEOLOGY,RACExPOLIDEOLOGY :: Mixed Race | Conservative,INFOCONFUSEa_W45,4,"0.532398,0.197394,0.158611,0.111597"
RACExPOLIDEOLOGY,RACExPOLIDEOLOGY :: Mixed Race | Liberal,INFOCONFUSEa_W45,4,"0.527200,0.208074,0.163319,0.101407"
RACExPOLIDEOLOGY,RACExPOLIDEOLOGY :: Mixed Race | Moderate,INFOCONFUSEa_W45,4,"0.539508,0.196929,0.164541,0.099022"
RACExPOLIDEOLOGY,RACExPOLIDEOLOGY :: Refused | Moderate,INFOCONFUSEa_W45,4,"0.427205,0.226887,0.211482,0.134426"
RACExPOLIDEOLOGY,RACExPOLIDEOLOGY :: White | Conservative,INFOCONFUSEa_W45,4,"0.517004,0.204050,0.162683,0.116264"
RACExPOLIDEOLOGY,RACExPOLIDEOLOGY :: White | Liberal,INFOCONFUSEa_W45,4,"0.517035,0.212191,0.166550,0.104225"
RACExPOLIDEOLOGY,RACExPOLIDEOLOGY :: White | Moderate,INFOCONFUSEa_W45,4,"0.510939,0.206438,0.173838,0.108785"
RACExPOLIDEOLOGY,RACExPOLIDEOLOGY :: White | Refused,INFOCONFUSEa_W45,4,"0.472350,0.198449,0.169743,0.159458"
RACExPOLIDEOLOGY,RACExPOLIDEOLOGY :: White | Very conservative,INFOCONFUSEa_W45,4,"0.558585,0.187102,0.139043,0.115270"
RACExPOLIDEOLOGY,RACExPOLIDEOLOGY :: White | Very liberal,INFOCONFUSEa_W45,4,"0.568604,0.177527,0.130900,0.122969"
RACExPOLIDEOLOGY,RACExPOLIDEOLOGY :: Asian | Liberal,INFOCONFUSEc_W45,4,"0.434109,0.245423,0.228760,0.091708"
RACExPOLIDEOLOGY,RACExPOLIDEOLOGY :: Asian | Moderate,INFOCONFUSEc_W45,4,"0.412155,0.246109,0.246109,0.095628"
RACExPOLIDEOLOGY,RACExPOLIDEOLOGY :: Black | Conservative,INFOCONFUSEc_W45,4,"0.404634,0.263301,0.230554,0.101511"
RACExPOLIDEOLOGY,RACExPOLIDEOLOGY :: Black | Liberal,INFOCONFUSEc_W45,4,"0.394757,0.271312,0.239432,0.094498"
RACExPOLIDEOLOGY,RACExPOLIDEOLOGY :: Black | Moderate,INFOCONFUSEc_W45,4,"0.374136,0.275871,0.253153,0.096840"
RACExPOLIDEOLOGY,RACExPOLIDEOLOGY :: Black | Very liberal,INFOCONFUSEc_W45,4,"0.443734,0.241254,0.211249,0.103762"
RACExPOLIDEOLOGY,RACExPOLIDEOLOGY :: Hispanic | Conservative,INFOCONFUSEc_W45,4,"0.398102,0.257034,0.237717,0.107148"
RACExPOLIDEOLOGY,RACExPOLIDEOLOGY :: Hispanic | Liberal,INFOCONFUSEc_W45,4,"0.388234,0.266829,0.246776,0.098161"
RACExPOLIDEOLOGY,RACExPOLIDEOLOGY :: Hispanic | Moderate,INFOCONFUSEc_W45,4,"0.382917,0.269416,0.253093,0.094574"
RACExPOLIDEOLOGY,RACExPOLIDEOLOGY :: Mixed Race | Conservative,INFOCONFUSEc_W45,4,"0.401729,0.249439,0.225350,0.123481"
RACExPOLIDEOLOGY,RACExPOLIDEOLOGY :: Mixed Race | Liberal,INFOCONFUSEc_W45,4,"0.381618,0.262282,0.236952,0.119147"
RACExPOLIDEOLOGY,RACExPOLIDEOLOGY :: Mixed Race | Moderate,INFOCONFUSEc_W45,4,"0.374210,0.265355,0.245413,0.115023"
RACExPOLIDEOLOGY,RACExPOLIDEOLOGY :: Refused | Moderate,INFOCONFUSEc_W45,4,"0.342072,0.266406,0.252228,0.139294"
RACExPOLIDEOLOGY,RACExPOLIDEOLOGY :: White | Conservative,INFOCONFUSEc_W45,4,"0.403138,0.250314,0.222634,0.123914"
RACExPOLIDEOLOGY,RACExPOLIDEOLOGY :: White | Liberal,INFOCONFUSEc_W45,4,"0.384850,0.262445,0.231607,0.121098"
RACExPOLIDEOLOGY,RACExPOLIDEOLOGY :: White | Moderate,INFOCONFUSEc_W45,4,"0.373987,0.263133,0.241464,0.121416"
RACExPOLIDEOLOGY,RACExPOLIDEOLOGY :: White | Refused,INFOCONFUSEc_W45,4,"0.367981,0.239450,0.226707,0.165862"
RACExPOLIDEOLOGY,RACExPOLIDEOLOGY :: White | Very conservative,INFOCONFUSEc_W45,4,"0.425104,0.236606,0.205567,0.132724"
RACExPOLIDEOLOGY,RACExPOLIDEOLOGY :: White | Very liberal,INFOCONFUSEc_W45,4,"0.431354,0.225539,0.197488,0.145619"
RACExPOLIDEOLOGY,RACExPOLIDEOLOGY :: Asian | Liberal,INFOCONFUSEd_W45,4,"0.403593,0.221151,0.233582,0.141674"
RACExPOLIDEOLOGY,RACExPOLIDEOLOGY :: Asian | Moderate,INFOCONFUSEd_W45,4,"0.384823,0.217559,0.250409,0.147208"
RACExPOLIDEOLOGY,RACExPOLIDEOLOGY :: Black | Conservative,INFOCONFUSEd_W45,4,"0.376301,0.239192,0.233651,0.150856"
RACExPOLIDEOLOGY,RACExPOLIDEOLOGY :: Black | Liberal,INFOCONFUSEd_W45,4,"0.367407,0.244746,0.242841,0.145007"
RACExPOLIDEOLOGY,RACExPOLIDEOLOGY :: Black | Moderate,INFOCONFUSEd_W45,4,"0.352972,0.244497,0.254236,0.148295"
RACExPOLIDEOLOGY,RACExPOLIDEOLOGY :: Black | Very liberal,INFOCONFUSEd_W45,4,"0.412374,0.222459,0.212272,0.152894"
RACExPOLIDEOLOGY,RACExPOLIDEOLOGY :: Hispanic | Conservative,INFOCONFUSEd_W45,4,"0.372658,0.231389,0.240606,0.155347"
RACExPOLIDEOLOGY,RACExPOLIDEOLOGY :: Hispanic | Liberal,INFOCONFUSEd_W45,4,"0.368639,0.238011,0.245566,0.147784"
RACExPOLIDEOLOGY,RACExPOLIDEOLOGY :: Hispanic | Moderate,INFOCONFUSEd_W45,4,"0.363302,0.234566,0.257620,0.144512"
RACExPOLIDEOLOGY,RACExPOLIDEOLOGY :: Mixed Race | Conservative,INFOCONFUSEd_W45,4,"0.374058,0.225112,0.226877,0.173953"
RACExPOLIDEOLOGY,RACExPOLIDEOLOGY :: Mixed Race | Liberal,INFOCONFUSEd_W45,4,"0.360996,0.234904,0.234904,0.169195"
RACExPOLIDEOLOGY,RACExPOLIDEOLOGY :: Mixed Race | Moderate,INFOCONFUSEd_W45,4,"0.356070,0.231699,0.246643,0.165588"
RACExPOLIDEOLOGY,RACExPOLIDEOLOGY :: Refused | Moderate,INFOCONFUSEd_W45,4,"0.320257,0.236143,0.255331,0.188269"
RACExPOLIDEOLOGY,RACExPOLIDEOLOGY :: White | Conservative,INFOCONFUSEd_W45,4,"0.366770,0.227733,0.229519,0.175978"
RACExPOLIDEOLOGY,RACExPOLIDEOLOGY :: White | Liberal,INFOCONFUSEd_W45,4,"0.355307,0.236686,0.234844,0.173163"
RACExPOLIDEOLOGY,RACExPOLIDEOLOGY :: White | Moderate,INFOCONFUSEd_W45,4,"0.346824,0.232847,0.245935,0.174394"
RACExPOLIDEOLOGY,RACExPOLIDEOLOGY :: White | Refused,INFOCONFUSEd_W45,4,"0.335725,0.218461,0.230740,0.215074"
RACExPOLIDEOLOGY,RACExPOLIDEOLOGY :: White | Very conservative,INFOCONFUSEd_W45,4,"0.384343,0.218992,0.212255,0.184410"
RACExPOLIDEOLOGY,RACExPOLIDEOLOGY :: White | Very liberal,INFOCONFUSEd_W45,4,"0.385490,0.212888,0.204732,0.196889"
RACExPOLIDEOLOGY,RACExPOLIDEOLOGY :: Asian | Liberal,INFOCONFUSEe_W45,4,"0.633030,0.178554,0.128608,0.059808"
RACExPOLIDEOLOGY,RACExPOLIDEOLOGY :: Asian | Moderate,INFOCONFUSEe_W45,4,"0.612042,0.169958,0.155962,0.062037"
RACExPOLIDEOLOGY,RACExPOLIDEOLOGY :: Black | Conservative,INFOCONFUSEe_W45,4,"0.552622,0.213055,0.153457,0.080866"
RACExPOLIDEOLOGY,RACExPOLIDEOLOGY :: Black | Liberal,INFOCONFUSEe_W45,4,"0.560749,0.223051,0.149749,0.066451"
RACExPOLIDEOLOGY,RACExPOLIDEOLOGY :: Black | Moderate,INFOCONFUSEe_W45,4,"0.556376,0.209533,0.169685,0.064405"
RACExPOLIDEOLOGY,RACExPOLIDEOLOGY :: Black | Very liberal,INFOCONFUSEe_W45,4,"0.635583,0.177879,0.118493,0.068045"
RACExPOLIDEOLOGY,RACExPOLIDEOLOGY :: Hispanic | Conservative,INFOCONFUSEe_W45,4,"0.544187,0.201765,0.167269,0.086778"
RACExPOLIDEOLOGY,RACExPOLIDEOLOGY :: Hispanic | Liberal,INFOCONFUSEe_W45,4,"0.564475,0.206043,0.160466,0.069016"
RACExPOLIDEOLOGY,RACExPOLIDEOLOGY :: Hispanic | Moderate,INFOCONFUSEe_W45,4,"0.574092,0.192297,0.169701,0.063910"
RACExPOLIDEOLOGY,RACExPOLIDEOLOGY :: Mixed Race | Conservative,INFOCONFUSEe_W45,4,"0.545625,0.193035,0.153901,0.107440"
RACExPOLIDEOLOGY,RACExPOLIDEOLOGY :: Mixed Race | Liberal,INFOCONFUSEe_W45,4,"0.549282,0.206861,0.151343,0.092514"
RACExPOLIDEOLOGY,RACExPOLIDEOLOGY :: Mixed Race | Moderate,INFOCONFUSEe_W45,4,"0.558938,0.188689,0.163936,0.088437"
RACExPOLIDEOLOGY,RACExPOLIDEOLOGY :: Refused | Moderate,INFOCONFUSEe_W45,4,"0.438185,0.220333,0.216917,0.124565"
RACExPOLIDEOLOGY,RACExPOLIDEOLOGY :: White | Conservative,INFOCONFUSEe_W45,4,"0.525111,0.200873,0.163948,0.110069"
RACExPOLIDEOLOGY,RACExPOLIDEOLOGY :: White | Liberal,INFOCONFUSEe_W45,4,"0.531126,0.212924,0.160724,0.095226"
RACExPOLIDEOLOGY,RACExPOLIDEOLOGY :: White | Moderate,INFOCONFUSEe_W45,4,"0.525443,0.199436,0.180175,0.094946"
RACExPOLIDEOLOGY,RACExPOLIDEOLOGY :: White | Refused,INFOCONFUSEe_W45,4,"0.480502,0.191131,0.168672,0.159695"
RACExPOLIDEOLOGY,RACExPOLIDEOLOGY :: White | Very conservative,INFOCONFUSEe_W45,4,"0.566786,0.182577,0.143306,0.107331"
RACExPOLIDEOLOGY,RACExPOLIDEOLOGY :: White | Very liberal,INFOCONFUSEe_W45,4,"0.560454,0.177738,0.140602,0.121207"
RACExPOLIDEOLOGY,RACExPOLIDEOLOGY :: Asian | Liberal,INFOCREATEa_W45,4,"0.348412,0.300350,0.258918,0.092320"
RACExPOLIDEOLOGY,RACExPOLIDEOLOGY :: Asian | Moderate,INFOCREATEa_W45,4,"0.284193,0.332255,0.295514,0.088039"
RACExPOLIDEOLOGY,RACExPOLIDEOLOGY :: Black | Conservative,INFOCREATEa_W45,4,"0.324680,0.317158,0.262934,0.095228"
RACExPOLIDEOLOGY,RACExPOLIDEOLOGY :: Black | Liberal,INFOCREATEa_W45,4,"0.312714,0.335493,0.269576,0.082216"
RACExPOLIDEOLOGY,RACExPOLIDEOLOGY :: Black | Moderate,INFOCREATEa_W45,4,"0.254269,0.364223,0.299602,0.081907"
RACExPOLIDEOLOGY,RACExPOLIDEOLOGY :: Black | Very liberal,INFOCREATEa_W45,4,"0.404436,0.289038,0.208186,0.098340"
RACExPOLIDEOLOGY,RACExPOLIDEOLOGY :: Hispanic | Conservative,INFOCREATEa_W45,4,"0.317812,0.315338,0.267624,0.099226"
RACExPOLIDEOLOGY,RACExPOLIDEOLOGY :: Hispanic | Liberal,INFOCREATEa_W45,4,"0.303909,0.333778,0.274559,0.087754"
RACExPOLIDEOLOGY,RACExPOLIDEOLOGY :: Hispanic | Moderate,INFOCREATEa_W45,4,"0.255391,0.365831,0.303284,0.075493"
RACExPOLIDEOLOGY,RACExPOLIDEOLOGY :: Mixed Race | Conservative,INFOCREATEa_W45,4,"0.323686,0.301709,0.260089,0.114516"
RACExPOLIDEOLOGY,RACExPOLIDEOLOGY :: Mixed Race | Liberal,INFOCREATEa_W45,4,"0.304602,0.319220,0.266718,0.109461"
RACExPOLIDEOLOGY,RACExPOLIDEOLOGY :: Mixed Race | Moderate,INFOCREATEa_W45,4,"0.248621,0.353361,0.299894,0.098125"
RACExPOLIDEOLOGY,RACExPOLIDEOLOGY :: Refused | Moderate,INFOCREATEa_W45,4,"0.252631,0.326929,0.286269,0.134171"
RACExPOLIDEOLOGY,RACExPOLIDEOLOGY :: White | Conservative,INFOCREATEa_W45,4,"0.323786,0.299453,0.262210,0.114551"
RACExPOLIDEOLOGY,RACExPOLIDEOLOGY :: White | Liberal,INFOCREATEa_W45,4,"0.311785,0.316695,0.264609,0.106912"
RACExPOLIDEOLOGY,RACExPOLIDEOLOGY :: White | Moderate,INFOCREATEa_W45,4,"0.259141,0.337984,0.302967,0.099908"
RACExPOLIDEOLOGY,RACExPOLIDEOLOGY :: White | Refused,INFOCREATEa_W45,4,"0.287282,0.285046,0.267776,0.159896"
RACExPOLIDEOLOGY,RACExPOLIDEOLOGY :: White | Very conservative,INFOCREATEa_W45,4,"0.394693,0.269157,0.212921,0.123229"
RACExPOLIDEOLOGY,RACExPOLIDEOLOGY :: White | Very liberal,INFOCREATEa_W45,4,"0.394828,0.260965,0.200089,0.144119"
RACExPOLIDEOLOGY,RACExPOLIDEOLOGY :: Asian | Liberal,INFOCREATEb_W45,4,"0.494733,0.279697,0.175030,0.050540"
RACExPOLIDEOLOGY,RACExPOLIDEOLOGY :: Asian | Moderate,INFOCREATEb_W45,4,"0.410696,0.332592,0.204904,0.051808"
RACExPOLIDEOLOGY,RACExPOLIDEOLOGY :: Black | Conservative,INFOCREATEb_W45,4,"0.437899,0.322886,0.183975,0.055239"
RACExPOLIDEOLOGY,RACExPOLIDEOLOGY :: Black | Liberal,INFOCREATEb_W45,4,"0.434771,0.335965,0.185538,0.043726"
RACExPOLIDEOLOGY,RACExPOLIDEOLOGY :: Black | Moderate,INFOCREATEb_W45,4,"0.359328,0.379526,0.212895,0.048251"
RACExPOLIDEOLOGY,RACExPOLIDEOLOGY :: Black | Very liberal,INFOCREATEb_W45,4,"0.579409,0.261160,0.116798,0.042633"
RACExPOLIDEOLOGY,RACExPOLIDEOLOGY :: Hispanic | Conservative,INFOCREATEb_W45,4,"0.424467,0.320405,0.195859,0.059269"
RACExPOLIDEOLOGY,RACExPOLIDEOLOGY :: Hispanic | Liberal,INFOCREATEb_W45,4,"0.418122,0.335970,0.197507,0.048401"
RACExPOLIDEOLOGY,RACExPOLIDEOLOGY :: Hispanic | Moderate,INFOCREATEb_W45,4,"0.365109,0.382631,0.209664,0.042596"
RACExPOLIDEOLOGY,RACExPOLIDEOLOGY :: Mixed Race | Conservative,INFOCREATEb_W45,4,"0.435895,0.306690,0.184569,0.072845"
RACExPOLIDEOLOGY,RACExPOLIDEOLOGY :: Mixed Race | Liberal,INFOCREATEb_W45,4,"0.422645,0.321531,0.190501,0.065323"
RACExPOLIDEOLOGY,RACExPOLIDEOLOGY :: Mixed Race | Moderate,INFOCREATEb_W45,4,"0.356781,0.370993,0.209741,0.062485"
RACExPOLIDEOLOGY,RACExPOLIDEOLOGY :: Refused | Moderate,INFOCREATEb_W45,4,"0.332030,0.337258,0.231794,0.098918"
RACExPOLIDEOLOGY,RACExPOLIDEOLOGY :: White | Conservative,INFOCREATEb_W45,4,"0.444421,0.303069,0.183821,0.068689"
RACExPOLIDEOLOGY,RACExPOLIDEOLOGY :: White | Liberal,INFOCREATEb_W45,4,"0.434114,0.317605,0.186710,0.061571"
RACExPOLIDEOLOGY,RACExPOLIDEOLOGY :: White | Moderate,INFOCREATEb_W45,4,"0.374886,0.352173,0.210292,0.062650"
RACExPOLIDEOLOGY,RACExPOLIDEOLOGY :: White | Refused,INFOCREATEb_W45,4,"0.400826,0.295550,0.192318,0.111305"
RACExPOLIDEOLOGY,RACExPOLIDEOLOGY :: White | Very conservative,INFOCREATEb_W45,4,"0.555432,0.252316,0.130900,0.061352"
RACExPOLIDEOLOGY,RACExPOLIDEOLOGY :: White | Very liberal,INFOCREATEb_W45,4,"0.560091,0.240892,0.124973,0.074044"
RACExPOLIDEOLOGY,RACExPOLIDEOLOGY :: Asian | Liberal,INFOCREATEc_W45,4,"0.376047,0.306921,0.244699,0.072333"
RACExPOLIDEOLOGY,RACExPOLIDEOLOGY :: Asian | Moderate,INFOCREATEc_W45,4,"0.324151,0.337064,0.270839,0.067946"
RACExPOLIDEOLOGY,RACExPOLIDEOLOGY :: Black | Conservative,INFOCREATEc_W45,4,"0.338492,0.333244,0.251546,0.076717"
RACExPOLIDEOLOGY,RACExPOLIDEOLOGY :: Black | Liberal,INFOCREATEc_W45,4,"0.334617,0.347947,0.254563,0.062873"
RACExPOLIDEOLOGY,RACExPOLIDEOLOGY :: Black | Moderate,INFOCREATEc_W45,4,"0.286894,0.374180,0.275903,0.063022"
RACExPOLIDEOLOGY,RACExPOLIDEOLOGY :: Black | Very liberal,INFOCREATEc_W45,4,"0.421923,0.318484,0.190176,0.069417"
RACExPOLIDEOLOGY,RACExPOLIDEOLOGY :: Hispanic | Conservative,INFOCREATEc_W45,4,"0.330466,0.333058,0.257367,0.079108"
RACExPOLIDEOLOGY,RACExPOLIDEOLOGY :: Hispanic | Liberal,INFOCREATEc_W45,4,"0.320593,0.352103,0.261661,0.065643"
RACExPOLIDEOLOGY,RACExPOLIDEOLOGY :: Hispanic | Moderate,INFOCREATEc_W45,4,"0.287682,0.378151,0.278831,0.055336"
RACExPOLIDEOLOGY,RACExPOLIDEOLOGY :: Mixed Race | Conservative,INFOCREATEc_W45,4,"0.342849,0.319570,0.243116,0.094465"
RACExPOLIDEOLOGY,RACExPOLIDEOLOGY :: Mixed Race | Liberal,INFOCREATEc_W45,4,"0.326868,0.337244,0.250619,0.085269"
RACExPOLIDEOLOGY,RACExPOLIDEOLOGY :: Mixed Race | Moderate,INFOCREATEc_W45,4,"0.285237,0.369125,0.270057,0.075580"
RACExPOLIDEOLOGY,RACExPOLIDEOLOGY :: Refused | Moderate,INFOCREATEc_W45,4,"0.284057,0.329512,0.268940,0.117491"
RACExPOLIDEOLOGY,RACExPOLIDEOLOGY :: White | Conservative,INFOCREATEc_W45,4,"0.342900,0.312214,0.248919,0.095967"
RACExPOLIDEOLOGY,RACExPOLIDEOLOGY :: White | Liberal,INFOCREATEc_W45,4,"0.336792,0.326430,0.250283,0.086495"
RACExPOLIDEOLOGY,RACExPOLIDEOLOGY :: White | Moderate,INFOCREATEc_W45,4,"0.298150,0.345860,0.275744,0.080246"
RACExPOLIDEOLOGY,RACExPOLIDEOLOGY :: White | Refused,INFOCREATEc_W45,4,"0.322512,0.293650,0.247278,0.136560"
RACExPOLIDEOLOGY,RACExPOLIDEOLOGY :: White | Very conservative,INFOCREATEc_W45,4,"0.416202,0.295132,0.195070,0.093596"
RACExPOLIDEOLOGY,RACExPOLIDEOLOGY :: White | Very liberal,INFOCREATEc_W45,4,"0.423034,0.281801,0.184810,0.110355"
RACExPOLIDEOLOGY,RACExPOLIDEOLOGY :: Asian | Liberal,INFOCREATEd_W45,4,"0.374504,0.296257,0.243694,0.085545"
RACExPOLIDEOLOGY,RACExPOLIDEOLOGY :: Asian | Moderate,INFOCREATEd_W45,4,"0.320658,0.305974,0.280777,0.092591"
RACExPOLIDEOLOGY,RACExPOLIDEOLOGY :: Black | Conservative,INFOCREATEd_W45,4,"0.337757,0.322290,0.249047,0.090906"
RACExPOLIDEOLOGY,RACExPOLIDEOLOGY :: Black | Liberal,INFOCREATEd_W45,4,"0.330396,0.338232,0.255311,0.076062"
RACExPOLIDEOLOGY,RACExPOLIDEOLOGY :: Black | Moderate,INFOCREATEd_W45,4,"0.282325,0.343220,0.289020,0.085434"
RACExPOLIDEOLOGY,RACExPOLIDEOLOGY :: Black | Very liberal,INFOCREATEd_W45,4,"0.421883,0.320952,0.187210,0.069955"
RACExPOLIDEOLOGY,RACExPOLIDEOLOGY :: Hispanic | Conservative,INFOCREATEd_W45,4,"0.327155,0.319577,0.258801,0.094467"
RACExPOLIDEOLOGY,RACExPOLIDEOLOGY :: Hispanic | Liberal,INFOCREATEd_W45,4,"0.315854,0.336224,0.268062,0.079860"
RACExPOLIDEOLOGY,RACExPOLIDEOLOGY :: Hispanic | Moderate,INFOCREATEd_W45,4,"0.282348,0.348654,0.293596,0.075402"
RACExPOLIDEOLOGY,RACExPOLIDEOLOGY :: Mixed Race | Conservative,INFOCREATEd_W45,4,"0.334661,0.304712,0.246764,0.113863"
RACExPOLIDEOLOGY,RACExPOLIDEOLOGY :: Mixed Race | Liberal,INFOCREATEd_W45,4,"0.319415,0.319415,0.256657,0.104512"
RACExPOLIDEOLOGY,RACExPOLIDEOLOGY :: Mixed Race | Moderate,INFOCREATEd_W45,4,"0.278323,0.330517,0.287158,0.104002"
RACExPOLIDEOLOGY,RACExPOLIDEOLOGY :: Refused | Moderate,INFOCREATEd_W45,4,"0.269025,0.307236,0.279741,0.143998"
RACExPOLIDEOLOGY,RACExPOLIDEOLOGY :: White | Conservative,INFOCREATEd_W45,4,"0.339479,0.301939,0.248368,0.110213"
RACExPOLIDEOLOGY,RACExPOLIDEOLOGY :: White | Liberal,INFOCREATEd_W45,4,"0.327578,0.315029,0.255118,0.102275"
RACExPOLIDEOLOGY,RACExPOLIDEOLOGY :: White | Moderate,INFOCREATEd_W45,4,"0.291066,0.314717,0.288801,0.105417"
RACExPOLIDEOLOGY,RACExPOLIDEOLOGY :: White | Refused,INFOCREATEd_W45,4,"0.307058,0.283983,0.254560,0.154399"
RACExPOLIDEOLOGY,RACExPOLIDEOLOGY :: White | Very conservative,INFOCREATEd_W45,4,"0.415274,0.294473,0.191617,0.098636"
RACExPOLIDEOLOGY,RACExPOLIDEOLOGY :: White | Very liberal,INFOCREATEd_W45,4,"0.422206,0.283455,0.181588,0.112751"
RACExPOLIDEOLOGY,RACExPOLIDEOLOGY :: Asian | Liberal,INFOCREATEe_W45,4,"0.435795,0.306620,0.199521,0.058064"
RACExPOLIDEOLOGY,RACExPOLIDEOLOGY :: Asian | Moderate,INFOCREATEe_W45,4,"0.357286,0.343599,0.239871,0.059244"
RACExPOLIDEOLOGY,RACExPOLIDEOLOGY :: Black | Conservative,INFOCREATEe_W45,4,"0.394446,0.337388,0.206241,0.061925"
RACExPOLIDEOLOGY,RACExPOLIDEOLOGY :: Black | Liberal,INFOCREATEe_W45,4,"0.378468,0.355538,0.213967,0.052027"
RACExPOLIDEOLOGY,RACExPOLIDEOLOGY :: Black | Moderate,INFOCREATEe_W45,4,"0.306388,0.387311,0.250067,0.056235"
RACExPOLIDEOLOGY,RACExPOLIDEOLOGY :: Black | Very liberal,INFOCREATEe_W45,4,"0.507475,0.303027,0.137656,0.051842"
RACExPOLIDEOLOGY,RACExPOLIDEOLOGY :: Hispanic | Conservative,INFOCREATEe_W45,4,"0.380153,0.335483,0.218303,0.066061"
RACExPOLIDEOLOGY,RACExPOLIDEOLOGY :: Hispanic | Liberal,INFOCREATEe_W45,4,"0.362481,0.356861,0.225070,0.055588"
RACExPOLIDEOLOGY,RACExPOLIDEOLOGY :: Hispanic | Moderate,INFOCREATEe_W45,4,"0.308926,0.393582,0.248229,0.049263"
RACExPOLIDEOLOGY,RACExPOLIDEOLOGY :: Mixed Race | Conservative,INFOCREATEe_W45,4,"0.390342,0.318588,0.207309,0.083760"
RACExPOLIDEOLOGY,RACExPOLIDEOLOGY :: Mixed Race | Liberal,INFOCREATEe_W45,4,"0.368083,0.337772,0.216385,0.077760"
RACExPOLIDEOLOGY,RACExPOLIDEOLOGY :: Mixed Race | Moderate,INFOCREATEe_W45,4,"0.302978,0.374128,0.249223,0.073670"
RACExPOLIDEOLOGY,RACExPOLIDEOLOGY :: Refused | Moderate,INFOCREATEe_W45,4,"0.290935,0.337490,0.256749,0.114825"
RACExPOLIDEOLOGY,RACExPOLIDEOLOGY :: White | Conservative,INFOCREATEe_W45,4,"0.392404,0.315305,0.210039,0.082252"
RACExPOLIDEOLOGY,RACExPOLIDEOLOGY :: White | Liberal,INFOCREATEe_W45,4,"0.376926,0.330047,0.216450,0.076577"
RACExPOLIDEOLOGY,RACExPOLIDEOLOGY :: White | Moderate,INFOCREATEe_W45,4,"0.318358,0.352390,0.251842,0.077410"
RACExPOLIDEOLOGY,RACExPOLIDEOLOGY :: White | Refused,INFOCREATEe_W45,4,"0.345030,0.297434,0.224515,0.133021"
RACExPOLIDEOLOGY,RACExPOLIDEOLOGY :: White | Very conservative,INFOCREATEe_W45,4,"0.486328,0.283673,0.151839,0.078160"
RACExPOLIDEOLOGY,RACExPOLIDEOLOGY :: White | Very liberal,INFOCREATEe_W45,4,"0.490818,0.268946,0.145086,0.095149"
RACExPOLIDEOLOGY,RACExPOLIDEOLOGY :: Asian | Liberal,INFOOWNc_W45,2,"0.527317,0.472683"
RACExPOLIDEOLOGY,RACExPOLIDEOLOGY :: Asian | Moderate,INFOOWNc_W45,2,"0.531209,0.468791"
RACExPOLIDEOLOGY,RACExPOLIDEOLOGY :: Black | Conservative,INFOOWNc_W45,2,"0.498047,0.501953"
RACExPOLIDEOLOGY,RACExPOLIDEOLOGY :: Black | Liberal,INFOOWNc_W45,2,"0.501953,0.498047"
RACExPOLIDEOLOGY,RACExPOLIDEOLOGY :: Black | Moderate,INFOOWNc_W45,2,"0.503906,0.496094"
RACExPOLIDEOLOGY,RACExPOLIDEOLOGY :: Black | Very liberal,INFOOWNc_W45,2,"0.486332,0.513668"
RACExPOLIDEOLOGY,RACExPOLIDEOLOGY :: Hispanic | Conservative,INFOOWNc_W45,2,"0.501953,0.498047"
RACExPOLIDEOLOGY,RACExPOLIDEOLOGY :: Hispanic | Liberal,INFOOWNc_W45,2,"0.500000,0.500000"
RACExPOLIDEOLOGY,RACExPOLIDEOLOGY :: Hispanic | Moderate,INFOOWNc_W45,2,"0.507812,0.492188"
RACExPOLIDEOLOGY,RACExPOLIDEOLOGY :: Mixed Race | Conservative,INFOOWNc_W45,2,"0.505859,0.494141"
RACExPOLIDEOLOGY,RACExPOLIDEOLOGY :: Mixed Race | Liberal,INFOOWNc_W45,2,"0.501953,0.498047"
RACExPOLIDEOLOGY,RACExPOLIDEOLOGY :: Mixed Race | Moderate,INFOOWNc_W45,2,"0.509764,0.490236"
RACExPOLIDEOLOGY,RACExPOLIDEOLOGY :: Refused | Moderate,INFOOWNc_W45,2,"0.500000,0.500000"
RACExPOLIDEOLOGY,RACExPOLIDEOLOGY :: White | Conservative,INFOOWNc_W45,2,"0.513668,0.486332"
RACExPOLIDEOLOGY,RACExPOLIDEOLOGY :: White | Liberal,INFOOWNc_W45,2,"0.509764,0.490236"
RACExPOLIDEOLOGY,RACExPOLIDEOLOGY :: White | Moderate,INFOOWNc_W45,2,"0.517571,0.482429"
RACExPOLIDEOLOGY,RACExPOLIDEOLOGY :: White | Refused,INFOOWNc_W45,2,"0.501953,0.498047"
RACExPOLIDEOLOGY,RACExPOLIDEOLOGY :: White | Very conservative,INFOOWNc_W45,2,"0.511717,0.488283"
RACExPOLIDEOLOGY,RACExPOLIDEOLOGY :: White | Very liberal,INFOOWNc_W45,2,"0.507812,0.492188"
RACExPOLIDEOLOGY,RACExPOLIDEOLOGY :: Asian | Liberal,INFORESTRICTa_W45,2,"0.694303,0.305697"
RACExPOLIDEOLOGY,RACExPOLIDEOLOGY :: Asian | Moderate,INFORESTRICTa_W45,2,"0.704160,0.295840"
RACExPOLIDEOLOGY,RACExPOLIDEOLOGY :: Black | Conservative,INFORESTRICTa_W45,2,"0.638835,0.361165"
RACExPOLIDEOLOGY,RACExPOLIDEOLOGY :: Black | Liberal,INFORESTRICTa_W45,2,"0.656658,0.343342"
RACExPOLIDEOLOGY,RACExPOLIDEOLOGY :: Black | Moderate,INFORESTRICTa_W45,2,"0.668880,0.331120"
RACExPOLIDEOLOGY,RACExPOLIDEOLOGY :: Black | Very liberal,INFORESTRICTa_W45,2,"0.607663,0.392337"
RACExPOLIDEOLOGY,RACExPOLIDEOLOGY :: Hispanic | Conservative,INFORESTRICTa_W45,2,"0.638835,0.361165"
RACExPOLIDEOLOGY,RACExPOLIDEOLOGY :: Hispanic | Liberal,INFORESTRICTa_W45,2,"0.661923,0.338077"
RACExPOLIDEOLOGY,RACExPOLIDEOLOGY :: Hispanic | Moderate,INFORESTRICTa_W45,2,"0.690976,0.309024"
RACExPOLIDEOLOGY,RACExPOLIDEOLOGY :: Mixed Race | Conservative,INFORESTRICTa_W45,2,"0.640636,0.359364"
RACExPOLIDEOLOGY,RACExPOLIDEOLOGY :: Mixed Race | Liberal,INFORESTRICTa_W45,2,"0.646014,0.353986"
RACExPOLIDEOLOGY,RACExPOLIDEOLOGY :: Mixed Race | Moderate,INFORESTRICTa_W45,2,"0.675765,0.324235"
RACExPOLIDEOLOGY,RACExPOLIDEOLOGY :: Refused | Moderate,INFORESTRICTa_W45,2,"0.611382,0.388618"
RACExPOLIDEOLOGY,RACExPOLIDEOLOGY :: White | Conservative,INFORESTRICTa_W45,2,"0.616936,0.383064"
RACExPOLIDEOLOGY,RACExPOLIDEOLOGY :: White | Liberal,INFORESTRICTa_W45,2,"0.626124,0.373876"
RACExPOLIDEOLOGY,RACExPOLIDEOLOGY :: White | Moderate,INFORESTRICTa_W45,2,"0.644225,0.355775"
RACExPOLIDEOLOGY,RACExPOLIDEOLOGY :: White | Refused,INFORESTRICTa_W45,2,"0.618780,0.381220"
RACExPOLIDEOLOGY,RACExPOLIDEOLOGY :: White | Very conservative,INFORESTRICTa_W45,2,"0.600188,0.399812"
RACExPOLIDEOLOGY,RACExPOLIDEOLOGY :: White | Very liberal,INFORESTRICTa_W45,2,"0.596433,0.403567"
RACExPOLIDEOLOGY,RACExPOLIDEOLOGY :: Asian | Liberal,INFOWHYb_W45,3,"0.564623,0.215988,0.219389"
RACExPOLIDEOLOGY,RACExPOLIDEOLOGY :: Asian | Moderate,INFOWHYb_W45,3,"0.510237,0.250620,0.239143"
RACExPOLIDEOLOGY,RACExPOLIDEOLOGY :: Black | Conservative,INFOWHYb_W45,3,"0.514863,0.254876,0.230261"
RACExPOLIDEOLOGY,RACExPOLIDEOLOGY :: Black | Liberal,INFOWHYb_W45,3,"0.520609,0.253724,0.225667"
RACExPOLIDEOLOGY,RACExPOLIDEOLOGY :: Black | Moderate,INFOWHYb_W45,3,"0.472608,0.282207,0.245186"
RACExPOLIDEOLOGY,RACExPOLIDEOLOGY :: Black | Very liberal,INFOWHYb_W45,3,"0.602463,0.192559,0.204978"
RACExPOLIDEOLOGY,RACExPOLIDEOLOGY :: Hispanic | Conservative,INFOWHYb_W45,3,"0.496567,0.257615,0.245818"
RACExPOLIDEOLOGY,RACExPOLIDEOLOGY :: Hispanic | Liberal,INFOWHYb_W45,3,"0.504379,0.253618,0.242004"
RACExPOLIDEOLOGY,RACExPOLIDEOLOGY :: Hispanic | Moderate,INFOWHYb_W45,3,"0.475717,0.277484,0.246799"
RACExPOLIDEOLOGY,RACExPOLIDEOLOGY :: Mixed Race | Conservative,INFOWHYb_W45,3,"0.517990,0.248534,0.233476"
RACExPOLIDEOLOGY,RACExPOLIDEOLOGY :: Mixed Race | Liberal,INFOWHYb_W45,3,"0.513186,0.248160,0.238654"
RACExPOLIDEOLOGY,RACExPOLIDEOLOGY :: Mixed Race | Moderate,INFOWHYb_W45,3,"0.475459,0.281700,0.242841"
RACExPOLIDEOLOGY,RACExPOLIDEOLOGY :: Refused | Moderate,INFOWHYb_W45,3,"0.421929,0.299193,0.278878"
RACExPOLIDEOLOGY,RACExPOLIDEOLOGY :: White | Conservative,INFOWHYb_W45,3,"0.490502,0.266681,0.242816"
RACExPOLIDEOLOGY,RACExPOLIDEOLOGY :: White | Liberal,INFOWHYb_W45,3,"0.484548,0.271807,0.243646"
RACExPOLIDEOLOGY,RACExPOLIDEOLOGY :: White | Moderate,INFOWHYb_W45,3,"0.443052,0.304505,0.252443"
RACExPOLIDEOLOGY,RACExPOLIDEOLOGY :: White | Refused,INFOWHYb_W45,3,"0.448915,0.280924,0.270162"
RACExPOLIDEOLOGY,RACExPOLIDEOLOGY :: White | Very conservative,INFOWHYb_W45,3,"0.558861,0.220570,0.220570"
RACExPOLIDEOLOGY,RACExPOLIDEOLOGY :: White | Very liberal,INFOWHYb_W45,3,"0.545331,0.225559,0.229111"
RACExPOLIDEOLOGY,RACExPOLIDEOLOGY :: Asian | Liberal,INFOWHYc_W45,3,"0.433507,0.288778,0.277715"
RACExPOLIDEOLOGY,RACExPOLIDEOLOGY :: Asian | Moderate,INFOWHYc_W45,3,"0.384282,0.321079,0.294639"
RACExPOLIDEOLOGY,RACExPOLIDEOLOGY :: Black | Conservative,INFOWHYc_W45,3,"0.392388,0.322769,0.284843"
RACExPOLIDEOLOGY,RACExPOLIDEOLOGY :: Black | Liberal,INFOWHYc_W45,3,"0.394252,0.321779,0.283969"
RACExPOLIDEOLOGY,RACExPOLIDEOLOGY :: Black | Moderate,INFOWHYc_W45,3,"0.355426,0.349916,0.294658"
RACExPOLIDEOLOGY,RACExPOLIDEOLOGY :: Black | Very liberal,INFOWHYc_W45,3,"0.434394,0.291638,0.273969"
RACExPOLIDEOLOGY,RACExPOLIDEOLOGY :: Hispanic | Conservative,INFOWHYc_W45,3,"0.387985,0.319148,0.292867"
RACExPOLIDEOLOGY,RACExPOLIDEOLOGY :: Hispanic | Liberal,INFOWHYc_W45,3,"0.389755,0.320604,0.289641"
RACExPOLIDEOLOGY,RACExPOLIDEOLOGY :: Hispanic | Moderate,INFOWHYc_W45,3,"0.356536,0.345567,0.297897"
RACExPOLIDEOLOGY,RACExPOLIDEOLOGY :: Mixed Race | Conservative,INFOWHYc_W45,3,"0.394456,0.316954,0.288590"
RACExPOLIDEOLOGY,RACExPOLIDEOLOGY :: Mixed Race | Liberal,INFOWHYc_W45,3,"0.396323,0.315977,0.287700"
RACExPOLIDEOLOGY,RACExPOLIDEOLOGY :: Mixed Race | Moderate,INFOWHYc_W45,3,"0.356243,0.350720,0.293037"
RACExPOLIDEOLOGY,RACExPOLIDEOLOGY :: Refused | Moderate,INFOWHYc_W45,3,"0.344421,0.344421,0.311158"
RACExPOLIDEOLOGY,RACExPOLIDEOLOGY :: White | Conservative,INFOWHYc_W45,3,"0.375957,0.326637,0.297406"
RACExPOLIDEOLOGY,RACExPOLIDEOLOGY :: White | Liberal,INFOWHYc_W45,3,"0.376614,0.332361,0.291025"
RACExPOLIDEOLOGY,RACExPOLIDEOLOGY :: White | Moderate,INFOWHYc_W45,3,"0.342841,0.359294,0.297865"
RACExPOLIDEOLOGY,RACExPOLIDEOLOGY :: White | Refused,INFOWHYc_W45,3,"0.349940,0.333915,0.316145"
RACExPOLIDEOLOGY,RACExPOLIDEOLOGY :: White | Very conservative,INFOWHYc_W45,3,"0.416149,0.304461,0.279389"
RACExPOLIDEOLOGY,RACExPOLIDEOLOGY :: White | Very liberal,INFOWHYc_W45,3,"0.411517,0.303434,0.285049"
RACExPOLIDEOLOGY,RACExPOLIDEOLOGY :: Asian | Conservative,INSTN_MSCENT_W92,2,"0.540924,0.459076"
RACExPOLIDEOLOGY,RACExPOLIDEOLOGY :: Asian | Liberal,INSTN_MSCENT_W92,2,"0.494141,0.505859"
RACExPOLIDEOLOGY,RACExPOLIDEOLOGY :: Asian | Moderate,INSTN_MSCENT_W92,2,"0.474631,0.525369"
RACExPOLIDEOLOGY,RACExPOLIDEOLOGY :: Black | Conservative,INSTN_MSCENT_W92,2,"0.470737,0.529263"
RACExPOLIDEOLOGY,RACExPOLIDEOLOGY :: Black | Liberal,INSTN_MSCENT_W92,2,"0.468791,0.531209"
RACExPOLIDEOLOGY,RACExPOLIDEOLOGY :: Black | Moderate,INSTN_MSCENT_W92,2,"0.451327,0.548674"
RACExPOLIDEOLOGY,RACExPOLIDEOLOGY :: Black | Very conservative,INSTN_MSCENT_W92,2,"0.449393,0.550607"
RACExPOLIDEOLOGY,RACExPOLIDEOLOGY :: Black | Very liberal,INSTN_MSCENT_W92,2,"0.435902,0.564098"
RACExPOLIDEOLOGY,RACExPOLIDEOLOGY :: Hispanic | Conservative,INSTN_MSCENT_W92,2,"0.464902,0.535098"
RACExPOLIDEOLOGY,RACExPOLIDEOLOGY :: Hispanic | Liberal,INSTN_MSCENT_W92,2,"0.461017,0.538983"
RACExPOLIDEOLOGY,RACExPOLIDEOLOGY :: Hispanic | Moderate,INSTN_MSCENT_W92,2,"0.447460,0.552540"
RACExPOLIDEOLOGY,RACExPOLIDEOLOGY :: Hispanic | Very conservative,INSTN_MSCENT_W92,2,"0.449393,0.550607"
RACExPOLIDEOLOGY,RACExPOLIDEOLOGY :: Hispanic | Very liberal,INSTN_MSCENT_W92,2,"0.437824,0.562177"
RACExPOLIDEOLOGY,RACExPOLIDEOLOGY :: Mixed Race | Conservative,INSTN_MSCENT_W92,2,"0.482429,0.517571"
RACExPOLIDEOLOGY,RACExPOLIDEOLOGY :: Mixed Race | Liberal,INSTN_MSCENT_W92,2,"0.480479,0.519521"
RACExPOLIDEOLOGY,RACExPOLIDEOLOGY :: Mixed Race | Moderate,INSTN_MSCENT_W92,2,"0.464902,0.535098"
RACExPOLIDEOLOGY,RACExPOLIDEOLOGY :: Refused | Conservative,INSTN_MSCENT_W92,2,"0.509764,0.490236"
RACExPOLIDEOLOGY,RACExPOLIDEOLOGY :: Refused | Moderate,INSTN_MSCENT_W92,2,"0.496094,0.503906"
RACExPOLIDEOLOGY,RACExPOLIDEOLOGY :: White | Conservative,INSTN_MSCENT_W92,2,"0.474631,0.525369"
RACExPOLIDEOLOGY,RACExPOLIDEOLOGY :: White | Liberal,INSTN_MSCENT_W92,2,"0.482429,0.517571"
RACExPOLIDEOLOGY,RACExPOLIDEOLOGY :: White | Moderate,INSTN_MSCENT_W92,2,"0.464902,0.535098"
RACExPOLIDEOLOGY,RACExPOLIDEOLOGY :: White | Refused,INSTN_MSCENT_W92,2,"0.480479,0.519521"
RACExPOLIDEOLOGY,RACExPOLIDEOLOGY :: White | Very conservative,INSTN_MSCENT_W92,2,"0.472683,0.527317"
RACExPOLIDEOLOGY,RACExPOLIDEOLOGY :: White | Very liberal,INSTN_MSCENT_W92,2,"0.459076,0.540924"
RACExPOLIDEOLOGY,RACExPOLIDEOLOGY :: Asian | Conservative,INSTN_TECHCMP_W92,2,"0.613237,0.386763"
RACExPOLIDEOLOGY,RACExPOLIDEOLOGY :: Asian | Liberal,INSTN_TECHCMP_W92,2,"0.579400,0.420600"
RACExPOLIDEOLOGY,RACExPOLIDEOLOGY :: Asian | Moderate,INSTN_TECHCMP_W92,2,"0.569853,0.430147"
RACExPOLIDEOLOGY,RACExPOLIDEOLOGY :: Black | Conservative,INSTN_TECHCMP_W92,2,"0.544801,0.455199"
RACExPOLIDEOLOGY,RACExPOLIDEOLOGY :: Black | Liberal,INSTN_TECHCMP_W92,2,"0.546738,0.453262"
RACExPOLIDEOLOGY,RACExPOLIDEOLOGY :: Black | Moderate,INSTN_TECHCMP_W92,2,"0.538983,0.461017"
RACExPOLIDEOLOGY,RACExPOLIDEOLOGY :: Black | Very conservative,INSTN_TECHCMP_W92,2,"0.519521,0.480479"
RACExPOLIDEOLOGY,RACExPOLIDEOLOGY :: Black | Very liberal,INSTN_TECHCMP_W92,2,"0.498047,0.501953"
RACExPOLIDEOLOGY,RACExPOLIDEOLOGY :: Hispanic | Conservative,INSTN_TECHCMP_W92,2,"0.537041,0.462959"
RACExPOLIDEOLOGY,RACExPOLIDEOLOGY :: Hispanic | Liberal,INSTN_TECHCMP_W92,2,"0.542863,0.457137"
RACExPOLIDEOLOGY,RACExPOLIDEOLOGY :: Hispanic | Moderate,INSTN_TECHCMP_W92,2,"0.540924,0.459076"
RACExPOLIDEOLOGY,RACExPOLIDEOLOGY :: Hispanic | Very conservative,INSTN_TECHCMP_W92,2,"0.515620,0.484380"
RACExPOLIDEOLOGY,RACExPOLIDEOLOGY :: Hispanic | Very liberal,INSTN_TECHCMP_W92,2,"0.496094,0.503906"
RACExPOLIDEOLOGY,RACExPOLIDEOLOGY :: Mixed Race | Conservative,INSTN_TECHCMP_W92,2,"0.548674,0.451327"
RACExPOLIDEOLOGY,RACExPOLIDEOLOGY :: Mixed Race | Liberal,INSTN_TECHCMP_W92,2,"0.548674,0.451327"
RACExPOLIDEOLOGY,RACExPOLIDEOLOGY :: Mixed Race | Moderate,INSTN_TECHCMP_W92,2,"0.548674,0.451327"
RACExPOLIDEOLOGY,RACExPOLIDEOLOGY :: Refused | Conservative,INSTN_TECHCMP_W92,2,"0.554470,0.445530"
RACExPOLIDEOLOGY,RACExPOLIDEOLOGY :: Refused | Moderate,INSTN_TECHCMP_W92,2,"0.554470,0.445530"
RACExPOLIDEOLOGY,RACExPOLIDEOLOGY :: White | Conservative,INSTN_TECHCMP_W92,2,"0.542863,0.457137"
RACExPOLIDEOLOGY,RACExPOLIDEOLOGY :: White | Liberal,INSTN_TECHCMP_W92,2,"0.548674,0.451327"
RACExPOLIDEOLOGY,RACExPOLIDEOLOGY :: White | Moderate,INSTN_TECHCMP_W92,2,"0.546738,0.453262"
RACExPOLIDEOLOGY,RACExPOLIDEOLOGY :: White | Refused,INSTN_TECHCMP_W92,2,"0.537041,0.462959"
RACExPOLIDEOLOGY,RACExPOLIDEOLOGY :: White | Very conservative,INSTN_TECHCMP_W92,2,"0.527317,0.472683"
RACExPOLIDEOLOGY,RACExPOLIDEOLOGY :: White | Very liberal,INSTN_TECHCMP_W92,2,"0.509764,0.490236"
RACExPOLIDEOLOGY,RACExPOLIDEOLOGY :: Asian | Liberal,LEAD_W45,2,"0.566019,0.433981"
RACExPOLIDEOLOGY,RACExPOLIDEOLOGY :: Asian | Moderate,LEAD_W45,2,"0.573678,0.426322"
RACExPOLIDEOLOGY,RACExPOLIDEOLOGY :: Black | Conservative,LEAD_W45,2,"0.515620,0.484380"
RACExPOLIDEOLOGY,RACExPOLIDEOLOGY :: Black | Liberal,LEAD_W45,2,"0.515620,0.484380"
RACExPOLIDEOLOGY,RACExPOLIDEOLOGY :: Black | Moderate,LEAD_W45,2,"0.537041,0.462959"
RACExPOLIDEOLOGY,RACExPOLIDEOLOGY :: Black | Very liberal,LEAD_W45,2,"0.433981,0.566019"
RACExPOLIDEOLOGY,RACExPOLIDEOLOGY :: Hispanic | Conservative,LEAD_W45,2,"0.515620,0.484380"
RACExPOLIDEOLOGY,RACExPOLIDEOLOGY :: Hispanic | Liberal,LEAD_W45,2,"0.525369,0.474631"
RACExPOLIDEOLOGY,RACExPOLIDEOLOGY :: Hispanic | Moderate,LEAD_W45,2,"0.531209,0.468791"
RACExPOLIDEOLOGY,RACExPOLIDEOLOGY :: Mixed Race | Conservative,LEAD_W45,2,"0.507812,0.492188"
RACExPOLIDEOLOGY,RACExPOLIDEOLOGY :: Mixed Race | Liberal,LEAD_W45,2,"0.513668,0.486332"
RACExPOLIDEOLOGY,RACExPOLIDEOLOGY :: Mixed Race | Moderate,LEAD_W45,2,"0.533154,0.466846"
RACExPOLIDEOLOGY,RACExPOLIDEOLOGY :: Refused | Moderate,LEAD_W45,2,"0.519521,0.480479"
RACExPOLIDEOLOGY,RACExPOLIDEOLOGY :: White | Conservative,LEAD_W45,2,"0.507812,0.492188"
RACExPOLIDEOLOGY,RACExPOLIDEOLOGY :: White | Liberal,LEAD_W45,2,"0.517571,0.482429"
RACExPOLIDEOLOGY,RACExPOLIDEOLOGY :: White | Moderate,LEAD_W45,2,"0.525369,0.474631"
RACExPOLIDEOLOGY,RACExPOLIDEOLOGY :: White | Refused,LEAD_W45,2,"0.498047,0.501953"
RACExPOLIDEOLOGY,RACExPOLIDEOLOGY :: White | Very conservative,LEAD_W45,2,"0.441673,0.558327"
RACExPOLIDEOLOGY,RACExPOLIDEOLOGY :: White | Very liberal,LEAD_W45,2,"0.430147,0.569853"
RACExPOLIDEOLOGY,RACExPOLIDEOLOGY :: Asian | Liberal,LOCALPROBB_W32,3,"0.429629,0.292982,0.277389"
RACExPOLIDEOLOGY,RACExPOLIDEOLOGY :: Asian | Moderate,LOCALPROBB_W32,3,"0.388951,0.317453,0.293596"
RACExPOLIDEOLOGY,RACExPOLIDEOLOGY :: Black | Conservative,LOCALPROBB_W32,3,"0.393478,0.318648,0.287874"
RACExPOLIDEOLOGY,RACExPOLIDEOLOGY :: Black | Liberal,LOCALPROBB_W32,3,"0.384963,0.326714,0.288324"
RACExPOLIDEOLOGY,RACExPOLIDEOLOGY :: Black | Moderate,LOCALPROBB_W32,3,"0.345980,0.348694,0.305326"
RACExPOLIDEOLOGY,RACExPOLIDEOLOGY :: Black | Very conservative,LOCALPROBB_W32,3,"0.404983,0.303318,0.291698"
RACExPOLIDEOLOGY,RACExPOLIDEOLOGY :: Black | Very liberal,LOCALPROBB_W32,3,"0.401180,0.307595,0.291225"
RACExPOLIDEOLOGY,RACExPOLIDEOLOGY :: Hispanic | Conservative,LOCALPROBB_W32,3,"0.381666,0.316412,0.301922"
RACExPOLIDEOLOGY,RACExPOLIDEOLOGY :: Hispanic | Liberal,LOCALPROBB_W32,3,"0.368654,0.330459,0.300887"
RACExPOLIDEOLOGY,RACExPOLIDEOLOGY :: Hispanic | Moderate,LOCALPROBB_W32,3,"0.346187,0.343493,0.310320"
RACExPOLIDEOLOGY,RACExPOLIDEOLOGY :: Hispanic | Very liberal,LOCALPROBB_W32,3,"0.389125,0.307824,0.303051"
RACExPOLIDEOLOGY,RACExPOLIDEOLOGY :: Mixed Race | Moderate,LOCALPROBB_W32,3,"0.343390,0.348797,0.307813"
RACExPOLIDEOLOGY,RACExPOLIDEOLOGY :: Other | Conservative,LOCALPROBB_W32,3,"0.391876,0.310000,0.298124"
RACExPOLIDEOLOGY,RACExPOLIDEOLOGY :: Other | Moderate,LOCALPROBB_W32,3,"0.344421,0.344421,0.311158"
RACExPOLIDEOLOGY,RACExPOLIDEOLOGY :: White | Conservative,LOCALPROBB_W32,3,"0.371598,0.320337,0.308065"
RACExPOLIDEOLOGY,RACExPOLIDEOLOGY :: White | Liberal,LOCALPROBB_W32,3,"0.359687,0.332656,0.307657"
RACExPOLIDEOLOGY,RACExPOLIDEOLOGY :: White | Moderate,LOCALPROBB_W32,3,"0.335737,0.346394,0.317869"
RACExPOLIDEOLOGY,RACExPOLIDEOLOGY :: White | Refused,LOCALPROBB_W32,3,"0.341148,0.322993,0.335859"
RACExPOLIDEOLOGY,RACExPOLIDEOLOGY :: White | Very conservative,LOCALPROBB_W32,3,"0.384484,0.304152,0.311364"
RACExPOLIDEOLOGY,RACExPOLIDEOLOGY :: White | Very liberal,LOCALPROBB_W32,3,"0.379881,0.307637,0.312482"
RACExPOLIDEOLOGY,RACExPOLIDEOLOGY :: Asian | Liberal,LOCALPROBC_W32,3,"0.335900,0.338535,0.325565"
RACExPOLIDEOLOGY,RACExPOLIDEOLOGY :: Asian | Moderate,LOCALPROBC_W32,3,"0.287397,0.352126,0.360477"
RACExPOLIDEOLOGY,RACExPOLIDEOLOGY :: Black | Conservative,LOCALPROBC_W32,3,"0.312809,0.348964,0.338227"
RACExPOLIDEOLOGY,RACExPOLIDEOLOGY :: Black | Liberal,LOCALPROBC_W32,3,"0.298662,0.360255,0.341083"
RACExPOLIDEOLOGY,RACExPOLIDEOLOGY :: Black | Moderate,LOCALPROBC_W32,3,"0.257991,0.372454,0.369555"
RACExPOLIDEOLOGY,RACExPOLIDEOLOGY :: Black | Very conservative,LOCALPROBC_W32,3,"0.331593,0.336815,0.331593"
RACExPOLIDEOLOGY,RACExPOLIDEOLOGY :: Black | Very liberal,LOCALPROBC_W32,3,"0.329843,0.340314,0.329843"
RACExPOLIDEOLOGY,RACExPOLIDEOLOGY :: Hispanic | Conservative,LOCALPROBC_W32,3,"0.306973,0.342453,0.350574"
RACExPOLIDEOLOGY,RACExPOLIDEOLOGY :: Hispanic | Liberal,LOCALPROBC_W32,3,"0.288206,0.358678,0.353117"
RACExPOLIDEOLOGY,RACExPOLIDEOLOGY :: Hispanic | Moderate,LOCALPROBC_W32,3,"0.252020,0.366687,0.381294"
RACExPOLIDEOLOGY,RACExPOLIDEOLOGY :: Hispanic | Very liberal,LOCALPROBC_W32,3,"0.322144,0.340252,0.337604"
RACExPOLIDEOLOGY,RACExPOLIDEOLOGY :: Mixed Race | Moderate,LOCALPROBC_W32,3,"0.262503,0.367308,0.370189"
RACExPOLIDEOLOGY,RACExPOLIDEOLOGY :: Other | Conservative,LOCALPROBC_W32,3,"0.319585,0.337550,0.342865"
RACExPOLIDEOLOGY,RACExPOLIDEOLOGY :: Other | Moderate,LOCALPROBC_W32,3,"0.271678,0.362738,0.365583"
RACExPOLIDEOLOGY,RACExPOLIDEOLOGY :: White | Conservative,LOCALPROBC_W32,3,"0.298611,0.338371,0.363019"
RACExPOLIDEOLOGY,RACExPOLIDEOLOGY :: White | Liberal,LOCALPROBC_W32,3,"0.290608,0.350540,0.358853"
RACExPOLIDEOLOGY,RACExPOLIDEOLOGY :: White | Moderate,LOCALPROBC_W32,3,"0.257816,0.355156,0.387028"
RACExPOLIDEOLOGY,RACExPOLIDEOLOGY :: White | Refused,LOCALPROBC_W32,3,"0.272128,0.325694,0.402178"
RACExPOLIDEOLOGY,RACExPOLIDEOLOGY :: White | Very conservative,LOCALPROBC_W32,3,"0.324469,0.321944,0.353587"
RACExPOLIDEOLOGY,RACExPOLIDEOLOGY :: White | Very liberal,LOCALPROBC_W32,3,"0.320241,0.325284,0.354475"
RACExPOLIDEOLOGY,RACExPOLIDEOLOGY :: Asian | Liberal,LOCALPROBD_W32,3,"0.344421,0.311158,0.344421"
RACExPOLIDEOLOGY,RACExPOLIDEOLOGY :: Asian | Moderate,LOCALPROBD_W32,3,"0.302070,0.319049,0.378881"
RACExPOLIDEOLOGY,RACExPOLIDEOLOGY :: Black | Conservative,LOCALPROBD_W32,3,"0.327149,0.324603,0.348248"
RACExPOLIDEOLOGY,RACExPOLIDEOLOGY :: Black | Liberal,LOCALPROBD_W32,3,"0.311916,0.334637,0.353447"
RACExPOLIDEOLOGY,RACExPOLIDEOLOGY :: Black | Moderate,LOCALPROBD_W32,3,"0.276085,0.343593,0.380323"
RACExPOLIDEOLOGY,RACExPOLIDEOLOGY :: Black | Very conservative,LOCALPROBD_W32,3,"0.343493,0.310320,0.346187"
RACExPOLIDEOLOGY,RACExPOLIDEOLOGY :: Black | Very liberal,LOCALPROBD_W32,3,"0.343582,0.312835,0.343582"
RACExPOLIDEOLOGY,RACExPOLIDEOLOGY :: Hispanic | Conservative,LOCALPROBD_W32,3,"0.319962,0.317473,0.362565"
RACExPOLIDEOLOGY,RACExPOLIDEOLOGY :: Hispanic | Liberal,LOCALPROBD_W32,3,"0.300887,0.330459,0.368654"
RACExPOLIDEOLOGY,RACExPOLIDEOLOGY :: Hispanic | Moderate,LOCALPROBD_W32,3,"0.269343,0.332594,0.398063"
RACExPOLIDEOLOGY,RACExPOLIDEOLOGY :: Hispanic | Very liberal,LOCALPROBD_W32,3,"0.332785,0.310189,0.357026"
RACExPOLIDEOLOGY,RACExPOLIDEOLOGY :: Mixed Race | Moderate,LOCALPROBD_W32,3,"0.280707,0.338597,0.380695"
RACExPOLIDEOLOGY,RACExPOLIDEOLOGY :: Other | Conservative,LOCALPROBD_W32,3,"0.333915,0.316145,0.349940"
RACExPOLIDEOLOGY,RACExPOLIDEOLOGY :: Other | Moderate,LOCALPROBD_W32,3,"0.291969,0.336054,0.371978"
RACExPOLIDEOLOGY,RACExPOLIDEOLOGY :: White | Conservative,LOCALPROBD_W32,3,"0.310505,0.317869,0.371626"
RACExPOLIDEOLOGY,RACExPOLIDEOLOGY :: White | Liberal,LOCALPROBD_W32,3,"0.300970,0.333143,0.365887"
RACExPOLIDEOLOGY,RACExPOLIDEOLOGY :: White | Moderate,LOCALPROBD_W32,3,"0.271015,0.334659,0.394325"
RACExPOLIDEOLOGY,RACExPOLIDEOLOGY :: White | Refused,LOCALPROBD_W32,3,"0.288917,0.309962,0.401121"
RACExPOLIDEOLOGY,RACExPOLIDEOLOGY :: White | Very conservative,LOCALPROBD_W32,3,"0.335044,0.302687,0.362269"
RACExPOLIDEOLOGY,RACExPOLIDEOLOGY :: White | Very liberal,LOCALPROBD_W32,3,"0.329843,0.305055,0.365103"
RACExPOLIDEOLOGY,RACExPOLIDEOLOGY :: Asian | Liberal,LOCALPROBF_W32,3,"0.349732,0.341631,0.308637"
RACExPOLIDEOLOGY,RACExPOLIDEOLOGY :: Asian | Moderate,LOCALPROBF_W32,3,"0.301945,0.358569,0.339486"
RACExPOLIDEOLOGY,RACExPOLIDEOLOGY :: Black | Conservative,LOCALPROBF_W32,3,"0.327082,0.350907,0.322011"
RACExPOLIDEOLOGY,RACExPOLIDEOLOGY :: Black | Liberal,LOCALPROBF_W32,3,"0.311628,0.364330,0.324042"
RACExPOLIDEOLOGY,RACExPOLIDEOLOGY :: Black | Moderate,LOCALPROBF_W32,3,"0.269217,0.379657,0.351126"
RACExPOLIDEOLOGY,RACExPOLIDEOLOGY :: Black | Very conservative,LOCALPROBF_W32,3,"0.347191,0.339148,0.313661"
RACExPOLIDEOLOGY,RACExPOLIDEOLOGY :: Black | Very liberal,LOCALPROBF_W32,3,"0.346270,0.340901,0.312829"
RACExPOLIDEOLOGY,RACExPOLIDEOLOGY :: Hispanic | Conservative,LOCALPROBF_W32,3,"0.318702,0.347302,0.333997"
RACExPOLIDEOLOGY,RACExPOLIDEOLOGY :: Hispanic | Liberal,LOCALPROBF_W32,3,"0.301829,0.364076,0.334095"
RACExPOLIDEOLOGY,RACExPOLIDEOLOGY :: Hispanic | Moderate,LOCALPROBF_W32,3,"0.263208,0.377029,0.359763"
RACExPOLIDEOLOGY,RACExPOLIDEOLOGY :: Hispanic | Very liberal,LOCALPROBF_W32,3,"0.334963,0.342906,0.322131"
RACExPOLIDEOLOGY,RACExPOLIDEOLOGY :: Mixed Race | Moderate,LOCALPROBF_W32,3,"0.271558,0.377021,0.351422"
RACExPOLIDEOLOGY,RACExPOLIDEOLOGY :: Other | Conservative,LOCALPROBF_W32,3,"0.331539,0.342063,0.326399"
RACExPOLIDEOLOGY,RACExPOLIDEOLOGY :: Other | Moderate,LOCALPROBF_W32,3,"0.281745,0.370347,0.347908"
RACExPOLIDEOLOGY,RACExPOLIDEOLOGY :: White | Conservative,LOCALPROBF_W32,3,"0.308650,0.344324,0.347025"
RACExPOLIDEOLOGY,RACExPOLIDEOLOGY :: White | Liberal,LOCALPROBF_W32,3,"0.300340,0.356662,0.342998"
RACExPOLIDEOLOGY,RACExPOLIDEOLOGY :: White | Moderate,LOCALPROBF_W32,3,"0.265539,0.365796,0.368665"
RACExPOLIDEOLOGY,RACExPOLIDEOLOGY :: White | Refused,LOCALPROBF_W32,3,"0.280609,0.335845,0.383547"
RACExPOLIDEOLOGY,RACExPOLIDEOLOGY :: White | Very conservative,LOCALPROBF_W32,3,"0.333306,0.328139,0.338555"
RACExPOLIDEOLOGY,RACExPOLIDEOLOGY :: White | Very liberal,LOCALPROBF_W32,3,"0.327270,0.332424,0.340307"
RACExPOLIDEOLOGY,RACExPOLIDEOLOGY :: Asian | Liberal,LOCALPROBG_W32,3,"0.416495,0.326910,0.256595"
RACExPOLIDEOLOGY,RACExPOLIDEOLOGY :: Asian | Moderate,LOCALPROBG_W32,3,"0.338534,0.360368,0.301098"
RACExPOLIDEOLOGY,RACExPOLIDEOLOGY :: Black | Conservative,LOCALPROBG_W32,3,"0.372682,0.339331,0.287987"
RACExPOLIDEOLOGY,RACExPOLIDEOLOGY :: Black | Liberal,LOCALPROBG_W32,3,"0.364273,0.367130,0.268598"
RACExPOLIDEOLOGY,RACExPOLIDEOLOGY :: Black | Moderate,LOCALPROBG_W32,3,"0.292703,0.390810,0.316487"
RACExPOLIDEOLOGY,RACExPOLIDEOLOGY :: Black | Very conservative,LOCALPROBG_W32,3,"0.413166,0.309447,0.277387"
RACExPOLIDEOLOGY,RACExPOLIDEOLOGY :: Black | Very liberal,LOCALPROBG_W32,3,"0.413130,0.324269,0.262601"
RACExPOLIDEOLOGY,RACExPOLIDEOLOGY :: Hispanic | Conservative,LOCALPROBG_W32,3,"0.351594,0.338125,0.310281"
RACExPOLIDEOLOGY,RACExPOLIDEOLOGY :: Hispanic | Liberal,LOCALPROBG_W32,3,"0.335482,0.368455,0.296062"
RACExPOLIDEOLOGY,RACExPOLIDEOLOGY :: Hispanic | Moderate,LOCALPROBG_W32,3,"0.280375,0.389262,0.330363"
RACExPOLIDEOLOGY,RACExPOLIDEOLOGY :: Hispanic | Very liberal,LOCALPROBG_W32,3,"0.384840,0.329171,0.285989"
RACExPOLIDEOLOGY,RACExPOLIDEOLOGY :: Mixed Race | Moderate,LOCALPROBG_W32,3,"0.292280,0.384195,0.323525"
RACExPOLIDEOLOGY,RACExPOLIDEOLOGY :: Other | Conservative,LOCALPROBG_W32,3,"0.363216,0.333306,0.303478"
RACExPOLIDEOLOGY,RACExPOLIDEOLOGY :: Other | Moderate,LOCALPROBG_W32,3,"0.299917,0.373252,0.326831"
RACExPOLIDEOLOGY,RACExPOLIDEOLOGY :: White | Conservative,LOCALPROBG_W32,3,"0.343768,0.335805,0.320427"
RACExPOLIDEOLOGY,RACExPOLIDEOLOGY :: White | Liberal,LOCALPROBG_W32,3,"0.331977,0.356159,0.311864"
RACExPOLIDEOLOGY,RACExPOLIDEOLOGY :: White | Moderate,LOCALPROBG_W32,3,"0.288112,0.367064,0.344825"
RACExPOLIDEOLOGY,RACExPOLIDEOLOGY :: White | Refused,LOCALPROBG_W32,3,"0.301829,0.334095,0.364076"
RACExPOLIDEOLOGY,RACExPOLIDEOLOGY :: White | Very conservative,LOCALPROBG_W32,3,"0.372526,0.308835,0.318639"
RACExPOLIDEOLOGY,RACExPOLIDEOLOGY :: White | Very liberal,LOCALPROBG_W32,3,"0.364330,0.324042,0.311628"
RACExPOLIDEOLOGY,RACExPOLIDEOLOGY :: Asian | Liberal,LOCALPROBH_W32,3,"0.431000,0.325336,0.243665"
RACExPOLIDEOLOGY,RACExPOLIDEOLOGY :: Asian | Moderate,LOCALPROBH_W32,3,"0.372861,0.358577,0.268562"
RACExPOLIDEOLOGY,RACExPOLIDEOLOGY :: Black | Conservative,LOCALPROBH_W32,3,"0.387282,0.344456,0.268262"
RACExPOLIDEOLOGY,RACExPOLIDEOLOGY :: Black | Liberal,LOCALPROBH_W32,3,"0.383614,0.354785,0.261602"
RACExPOLIDEOLOGY,RACExPOLIDEOLOGY :: Black | Moderate,LOCALPROBH_W32,3,"0.330637,0.386554,0.282809"
RACExPOLIDEOLOGY,RACExPOLIDEOLOGY :: Black | Very conservative,LOCALPROBH_W32,3,"0.424732,0.315634,0.259634"
RACExPOLIDEOLOGY,RACExPOLIDEOLOGY :: Black | Very liberal,LOCALPROBH_W32,3,"0.416259,0.329288,0.254454"
RACExPOLIDEOLOGY,RACExPOLIDEOLOGY :: Hispanic | Conservative,LOCALPROBH_W32,3,"0.377663,0.343866,0.278471"
RACExPOLIDEOLOGY,RACExPOLIDEOLOGY :: Hispanic | Liberal,LOCALPROBH_W32,3,"0.369215,0.360662,0.270123"
RACExPOLIDEOLOGY,RACExPOLIDEOLOGY :: Hispanic | Moderate,LOCALPROBH_W32,3,"0.327188,0.388546,0.284266"
RACExPOLIDEOLOGY,RACExPOLIDEOLOGY :: Hispanic | Very liberal,LOCALPROBH_W32,3,"0.398688,0.335729,0.265583"
RACExPOLIDEOLOGY,RACExPOLIDEOLOGY :: Mixed Race | Moderate,LOCALPROBH_W32,3,"0.329171,0.384840,0.285989"
RACExPOLIDEOLOGY,RACExPOLIDEOLOGY :: Other | Conservative,LOCALPROBH_W32,3,"0.384386,0.336580,0.279034"
RACExPOLIDEOLOGY,RACExPOLIDEOLOGY :: Other | Moderate,LOCALPROBH_W32,3,"0.334313,0.372953,0.292734"
RACExPOLIDEOLOGY,RACExPOLIDEOLOGY :: White | Conservative,LOCALPROBH_W32,3,"0.362617,0.346012,0.291371"
RACExPOLIDEOLOGY,RACExPOLIDEOLOGY :: White | Liberal,LOCALPROBH_W32,3,"0.360084,0.357282,0.282633"
RACExPOLIDEOLOGY,RACExPOLIDEOLOGY :: White | Moderate,LOCALPROBH_W32,3,"0.319049,0.378881,0.302070"
RACExPOLIDEOLOGY,RACExPOLIDEOLOGY :: White | Refused,LOCALPROBH_W32,3,"0.328085,0.343830,0.328085"
RACExPOLIDEOLOGY,RACExPOLIDEOLOGY :: White | Very conservative,LOCALPROBH_W32,3,"0.394361,0.319363,0.286276"
RACExPOLIDEOLOGY,RACExPOLIDEOLOGY :: White | Very liberal,LOCALPROBH_W32,3,"0.379307,0.332132,0.288561"
RACExPOLIDEOLOGY,RACExPOLIDEOLOGY :: Asian | Liberal,LOCALPROBI_W32,3,"0.404616,0.315115,0.280269"
RACExPOLIDEOLOGY,RACExPOLIDEOLOGY :: Asian | Moderate,LOCALPROBI_W32,3,"0.358569,0.339486,0.301945"
RACExPOLIDEOLOGY,RACExPOLIDEOLOGY :: Black | Conservative,LOCALPROBI_W32,3,"0.361488,0.331720,0.306791"
RACExPOLIDEOLOGY,RACExPOLIDEOLOGY :: Black | Liberal,LOCALPROBI_W32,3,"0.362617,0.346012,0.291371"
RACExPOLIDEOLOGY,RACExPOLIDEOLOGY :: Black | Moderate,LOCALPROBI_W32,3,"0.316322,0.369818,0.313860"
RACExPOLIDEOLOGY,RACExPOLIDEOLOGY :: Black | Very conservative,LOCALPROBI_W32,3,"0.382637,0.312299,0.305064"
RACExPOLIDEOLOGY,RACExPOLIDEOLOGY :: Black | Very liberal,LOCALPROBI_W32,3,"0.382565,0.317157,0.300278"
RACExPOLIDEOLOGY,RACExPOLIDEOLOGY :: Hispanic | Conservative,LOCALPROBI_W32,3,"0.350010,0.328804,0.321187"
RACExPOLIDEOLOGY,RACExPOLIDEOLOGY :: Hispanic | Liberal,LOCALPROBI_W32,3,"0.339876,0.350664,0.309460"
RACExPOLIDEOLOGY,RACExPOLIDEOLOGY :: Hispanic | Moderate,LOCALPROBI_W32,3,"0.311523,0.367064,0.321412"
RACExPOLIDEOLOGY,RACExPOLIDEOLOGY :: Hispanic | Very liberal,LOCALPROBI_W32,3,"0.367985,0.319711,0.312305"
RACExPOLIDEOLOGY,RACExPOLIDEOLOGY :: Mixed Race | Moderate,LOCALPROBI_W32,3,"0.321412,0.367064,0.311523"
RACExPOLIDEOLOGY,RACExPOLIDEOLOGY :: Other | Conservative,LOCALPROBI_W32,3,"0.367985,0.319711,0.312305"
RACExPOLIDEOLOGY,RACExPOLIDEOLOGY :: Other | Moderate,LOCALPROBI_W32,3,"0.325191,0.357152,0.317658"
RACExPOLIDEOLOGY,RACExPOLIDEOLOGY :: White | Conservative,LOCALPROBI_W32,3,"0.346477,0.328038,0.325485"
RACExPOLIDEOLOGY,RACExPOLIDEOLOGY :: White | Liberal,LOCALPROBI_W32,3,"0.338391,0.343720,0.317889"
RACExPOLIDEOLOGY,RACExPOLIDEOLOGY :: White | Moderate,LOCALPROBI_W32,3,"0.310923,0.360677,0.328400"
RACExPOLIDEOLOGY,RACExPOLIDEOLOGY :: White | Refused,LOCALPROBI_W32,3,"0.321127,0.326184,0.352689"
RACExPOLIDEOLOGY,RACExPOLIDEOLOGY :: White | Very conservative,LOCALPROBI_W32,3,"0.367914,0.307403,0.324683"
RACExPOLIDEOLOGY,RACExPOLIDEOLOGY :: White | Very liberal,LOCALPROBI_W32,3,"0.365251,0.312416,0.322333"
RACExPOLIDEOLOGY,RACExPOLIDEOLOGY :: Asian | Liberal,LOCALPROBL_F1_W32,3,"0.623734,0.234900,0.141366"
RACExPOLIDEOLOGY,RACExPOLIDEOLOGY :: Asian | Moderate,LOCALPROBL_F1_W32,3,"0.556752,0.279953,0.163295"
RACExPOLIDEOLOGY,RACExPOLIDEOLOGY :: Black | Conservative,LOCALPROBL_F1_W32,3,"0.557929,0.271913,0.170159"
RACExPOLIDEOLOGY,RACExPOLIDEOLOGY :: Black | Liberal,LOCALPROBL_F1_W32,3,"0.569986,0.269242,0.160772"
RACExPOLIDEOLOGY,RACExPOLIDEOLOGY :: Black | Moderate,LOCALPROBL_F1_W32,3,"0.504453,0.315679,0.179868"
RACExPOLIDEOLOGY,RACExPOLIDEOLOGY :: Black | Very conservative,LOCALPROBL_F1_W32,3,"0.603113,0.230711,0.166175"
RACExPOLIDEOLOGY,RACExPOLIDEOLOGY :: Black | Very liberal,LOCALPROBL_F1_W32,3,"0.595741,0.238828,0.165431"
RACExPOLIDEOLOGY,RACExPOLIDEOLOGY :: Hispanic | Conservative,LOCALPROBL_F1_W32,3,"0.544132,0.273607,0.182261"
RACExPOLIDEOLOGY,RACExPOLIDEOLOGY :: Hispanic | Liberal,LOCALPROBL_F1_W32,3,"0.553881,0.278509,0.167610"
RACExPOLIDEOLOGY,RACExPOLIDEOLOGY :: Hispanic | Moderate,LOCALPROBL_F1_W32,3,"0.511721,0.312809,0.175470"
RACExPOLIDEOLOGY,RACExPOLIDEOLOGY :: Hispanic | Very liberal,LOCALPROBL_F1_W32,3,"0.561014,0.256851,0.182135"
RACExPOLIDEOLOGY,RACExPOLIDEOLOGY :: Mixed Race | Moderate,LOCALPROBL_F1_W32,3,"0.489147,0.320791,0.190062"
RACExPOLIDEOLOGY,RACExPOLIDEOLOGY :: Other | Conservative,LOCALPROBL_F1_W32,3,"0.535059,0.271155,0.193786"
RACExPOLIDEOLOGY,RACExPOLIDEOLOGY :: Other | Moderate,LOCALPROBL_F1_W32,3,"0.480944,0.315411,0.203645"
RACExPOLIDEOLOGY,RACExPOLIDEOLOGY :: White | Conservative,LOCALPROBL_F1_W32,3,"0.512150,0.287290,0.200561"
RACExPOLIDEOLOGY,RACExPOLIDEOLOGY :: White | Liberal,LOCALPROBL_F1_W32,3,"0.516086,0.294057,0.189857"
RACExPOLIDEOLOGY,RACExPOLIDEOLOGY :: White | Moderate,LOCALPROBL_F1_W32,3,"0.469135,0.327509,0.203355"
RACExPOLIDEOLOGY,RACExPOLIDEOLOGY :: White | Refused,LOCALPROBL_F1_W32,3,"0.462013,0.298298,0.239689"
RACExPOLIDEOLOGY,RACExPOLIDEOLOGY :: White | Very conservative,LOCALPROBL_F1_W32,3,"0.546656,0.252240,0.201104"
RACExPOLIDEOLOGY,RACExPOLIDEOLOGY :: White | Very liberal,LOCALPROBL_F1_W32,3,"0.524559,0.270020,0.205420"
RACExPOLIDEOLOGY,RACExPOLIDEOLOGY :: Asian | Conservative,LWPT_W50,2,"0.653127,0.346873"
RACExPOLIDEOLOGY,RACExPOLIDEOLOGY :: Asian | Liberal,LWPT_W50,2,"0.629775,0.370225"
RACExPOLIDEOLOGY,RACExPOLIDEOLOGY :: Asian | Moderate,LWPT_W50,2,"0.618780,0.381220"
RACExPOLIDEOLOGY,RACExPOLIDEOLOGY :: Asian | Very liberal,LWPT_W50,2,"0.592667,0.407333"
RACExPOLIDEOLOGY,RACExPOLIDEOLOGY :: Black | Conservative,LWPT_W50,2,"0.577495,0.422505"
RACExPOLIDEOLOGY,RACExPOLIDEOLOGY :: Black | Liberal,LWPT_W50,2,"0.600188,0.399812"
RACExPOLIDEOLOGY,RACExPOLIDEOLOGY :: Black | Moderate,LWPT_W50,2,"0.577495,0.422505"
RACExPOLIDEOLOGY,RACExPOLIDEOLOGY :: Black | Refused,LWPT_W50,2,"0.556400,0.443600"
RACExPOLIDEOLOGY,RACExPOLIDEOLOGY :: Black | Very conservative,LWPT_W50,2,"0.573678,0.426322"
RACExPOLIDEOLOGY,RACExPOLIDEOLOGY :: Black | Very liberal,LWPT_W50,2,"0.564098,0.435902"
RACExPOLIDEOLOGY,RACExPOLIDEOLOGY :: Hispanic | Conservative,LWPT_W50,2,"0.577495,0.422505"
RACExPOLIDEOLOGY,RACExPOLIDEOLOGY :: Hispanic | Liberal,LWPT_W50,2,"0.588889,0.411111"
RACExPOLIDEOLOGY,RACExPOLIDEOLOGY :: Hispanic | Moderate,LWPT_W50,2,"0.605799,0.394201"
RACExPOLIDEOLOGY,RACExPOLIDEOLOGY :: Hispanic | Very liberal,LWPT_W50,2,"0.564098,0.435902"
RACExPOLIDEOLOGY,RACExPOLIDEOLOGY :: Mixed Race | Conservative,LWPT_W50,2,"0.575588,0.424412"
RACExPOLIDEOLOGY,RACExPOLIDEOLOGY :: Mixed Race | Liberal,LWPT_W50,2,"0.583203,0.416797"
RACExPOLIDEOLOGY,RACExPOLIDEOLOGY :: Mixed Race | Moderate,LWPT_W50,2,"0.581303,0.418697"
RACExPOLIDEOLOGY,RACExPOLIDEOLOGY :: Refused | Moderate,LWPT_W50,2,"0.538983,0.461017"
RACExPOLIDEOLOGY,RACExPOLIDEOLOGY :: White | Conservative,LWPT_W50,2,"0.556400,0.443600"
RACExPOLIDEOLOGY,RACExPOLIDEOLOGY :: White | Liberal,LWPT_W50,2,"0.567937,0.432063"
RACExPOLIDEOLOGY,RACExPOLIDEOLOGY :: White | Moderate,LWPT_W50,2,"0.564098,0.435902"
RACExPOLIDEOLOGY,RACExPOLIDEOLOGY :: White | Refused,LWPT_W50,2,"0.537041,0.462959"
RACExPOLIDEOLOGY,RACExPOLIDEOLOGY :: White | Very conservative,LWPT_W50,2,"0.560253,0.439747"
RACExPOLIDEOLOGY,RACExPOLIDEOLOGY :: White | Very liberal,LWPT_W50,2,"0.548674,0.451327"
RACExPOLIDEOLOGY,RACExPOLIDEOLOGY :: Asian | Liberal,MADEUPIMPa_W45,4,"0.368925,0.272028,0.234503,0.124544"
RACExPOLIDEOLOGY,RACExPOLIDEOLOGY :: Asian | Moderate,MADEUPIMPa_W45,4,"0.325786,0.308448,0.245916,0.119850"
RACExPOLIDEOLOGY,RACExPOLIDEOLOGY :: Black | Conservative,MADEUPIMPa_W45,4,"0.345343,0.277491,0.242979,0.134186"
RACExPOLIDEOLOGY,RACExPOLIDEOLOGY :: Black | Liberal,MADEUPIMPa_W45,4,"0.343883,0.294138,0.247689,0.114290"
RACExPOLIDEOLOGY,RACExPOLIDEOLOGY :: Black | Moderate,MADEUPIMPa_W45,4,"0.303213,0.333015,0.257334,0.106438"
RACExPOLIDEOLOGY,RACExPOLIDEOLOGY :: Black | Very liberal,MADEUPIMPa_W45,4,"0.365972,0.263599,0.223714,0.146715"
RACExPOLIDEOLOGY,RACExPOLIDEOLOGY :: Hispanic | Conservative,MADEUPIMPa_W45,4,"0.337816,0.273572,0.243320,0.145293"
RACExPOLIDEOLOGY,RACExPOLIDEOLOGY :: Hispanic | Liberal,MADEUPIMPa_W45,4,"0.336862,0.285891,0.248386,0.128861"
RACExPOLIDEOLOGY,RACExPOLIDEOLOGY :: Hispanic | Moderate,MADEUPIMPa_W45,4,"0.301582,0.328645,0.257957,0.111816"
RACExPOLIDEOLOGY,RACExPOLIDEOLOGY :: Mixed Race | Conservative,MADEUPIMPa_W45,4,"0.340069,0.273253,0.239269,0.147409"
RACExPOLIDEOLOGY,RACExPOLIDEOLOGY :: Mixed Race | Liberal,MADEUPIMPa_W45,4,"0.337180,0.283934,0.244766,0.134121"
RACExPOLIDEOLOGY,RACExPOLIDEOLOGY :: Mixed Race | Moderate,MADEUPIMPa_W45,4,"0.298136,0.327438,0.253024,0.121402"
RACExPOLIDEOLOGY,RACExPOLIDEOLOGY :: Refused | Moderate,MADEUPIMPa_W45,4,"0.283002,0.305999,0.249749,0.161250"
RACExPOLIDEOLOGY,RACExPOLIDEOLOGY :: White | Conservative,MADEUPIMPa_W45,4,"0.332942,0.271740,0.241690,0.153628"
RACExPOLIDEOLOGY,RACExPOLIDEOLOGY :: White | Liberal,MADEUPIMPa_W45,4,"0.331535,0.285801,0.244459,0.138204"
RACExPOLIDEOLOGY,RACExPOLIDEOLOGY :: White | Moderate,MADEUPIMPa_W45,4,"0.295986,0.322547,0.255156,0.126311"
RACExPOLIDEOLOGY,RACExPOLIDEOLOGY :: White | Refused,MADEUPIMPa_W45,4,"0.296382,0.274109,0.238150,0.191359"
RACExPOLIDEOLOGY,RACExPOLIDEOLOGY :: White | Very conservative,MADEUPIMPa_W45,4,"0.354319,0.261258,0.223466,0.160957"
RACExPOLIDEOLOGY,RACExPOLIDEOLOGY :: White | Very liberal,MADEUPIMPa_W45,4,"0.345597,0.258840,0.216269,0.179293"
RACExPOLIDEOLOGY,RACExPOLIDEOLOGY :: Asian | Liberal,MADEUPIMPc_W45,4,"0.332367,0.250883,0.246994,0.169756"
RACExPOLIDEOLOGY,RACExPOLIDEOLOGY :: Asian | Moderate,MADEUPIMPc_W45,4,"0.291649,0.280476,0.265549,0.162327"
RACExPOLIDEOLOGY,RACExPOLIDEOLOGY :: Black | Conservative,MADEUPIMPc_W45,4,"0.314210,0.256451,0.254455,0.174884"
RACExPOLIDEOLOGY,RACExPOLIDEOLOGY :: Black | Liberal,MADEUPIMPc_W45,4,"0.319283,0.270972,0.256551,0.153194"
RACExPOLIDEOLOGY,RACExPOLIDEOLOGY :: Black | Moderate,MADEUPIMPc_W45,4,"0.276750,0.303951,0.274597,0.144702"
RACExPOLIDEOLOGY,RACExPOLIDEOLOGY :: Black | Very liberal,MADEUPIMPc_W45,4,"0.347173,0.234909,0.227682,0.190235"
RACExPOLIDEOLOGY,RACExPOLIDEOLOGY :: Hispanic | Conservative,MADEUPIMPc_W45,4,"0.306924,0.252469,0.254449,0.186159"
RACExPOLIDEOLOGY,RACExPOLIDEOLOGY :: Hispanic | Liberal,MADEUPIMPc_W45,4,"0.305022,0.265008,0.258869,0.171102"
RACExPOLIDEOLOGY,RACExPOLIDEOLOGY :: Hispanic | Moderate,MADEUPIMPc_W45,4,"0.275543,0.300270,0.275543,0.148644"
RACExPOLIDEOLOGY,RACExPOLIDEOLOGY :: Mixed Race | Conservative,MADEUPIMPc_W45,4,"0.313611,0.251994,0.250033,0.184363"
RACExPOLIDEOLOGY,RACExPOLIDEOLOGY :: Mixed Race | Liberal,MADEUPIMPc_W45,4,"0.308769,0.262049,0.255978,0.173204"
RACExPOLIDEOLOGY,RACExPOLIDEOLOGY :: Mixed Race | Moderate,MADEUPIMPc_W45,4,"0.276623,0.296773,0.270215,0.156389"
RACExPOLIDEOLOGY,RACExPOLIDEOLOGY :: Refused | Moderate,MADEUPIMPc_W45,4,"0.270085,0.278658,0.259738,0.191519"
RACExPOLIDEOLOGY,RACExPOLIDEOLOGY :: White | Conservative,MADEUPIMPc_W45,4,"0.305260,0.253069,0.249146,0.192525"
RACExPOLIDEOLOGY,RACExPOLIDEOLOGY :: White | Liberal,MADEUPIMPc_W45,4,"0.305194,0.265158,0.253015,0.176633"
RACExPOLIDEOLOGY,RACExPOLIDEOLOGY :: White | Moderate,MADEUPIMPc_W45,4,"0.275543,0.293314,0.269160,0.161983"
RACExPOLIDEOLOGY,RACExPOLIDEOLOGY :: White | Refused,MADEUPIMPc_W45,4,"0.287056,0.249399,0.241725,0.221820"
RACExPOLIDEOLOGY,RACExPOLIDEOLOGY :: White | Very conservative,MADEUPIMPc_W45,4,"0.338211,0.236109,0.225297,0.200383"
RACExPOLIDEOLOGY,RACExPOLIDEOLOGY :: White | Very liberal,MADEUPIMPc_W45,4,"0.331605,0.235143,0.215780,0.217472"
RACExPOLIDEOLOGY,RACExPOLIDEOLOGY :: Asian | Liberal,MADEUPIMPd_W45,4,"0.379132,0.275220,0.233576,0.112071"
RACExPOLIDEOLOGY,RACExPOLIDEOLOGY :: Asian | Moderate,MADEUPIMPd_W45,4,"0.333346,0.323090,0.245794,0.097770"
RACExPOLIDEOLOGY,RACExPOLIDEOLOGY :: Black | Conservative,MADEUPIMPd_W45,4,"0.351650,0.280360,0.243581,0.124409"
RACExPOLIDEOLOGY,RACExPOLIDEOLOGY :: Black | Liberal,MADEUPIMPd_W45,4,"0.359218,0.293185,0.243059,0.104538"
RACExPOLIDEOLOGY,RACExPOLIDEOLOGY :: Black | Moderate,MADEUPIMPd_W45,4,"0.312175,0.340189,0.256788,0.090848"
RACExPOLIDEOLOGY,RACExPOLIDEOLOGY :: Black | Very liberal,MADEUPIMPd_W45,4,"0.378945,0.258418,0.221036,0.141601"
RACExPOLIDEOLOGY,RACExPOLIDEOLOGY :: Hispanic | Conservative,MADEUPIMPd_W45,4,"0.338280,0.282644,0.245565,0.133511"
RACExPOLIDEOLOGY,RACExPOLIDEOLOGY :: Hispanic | Liberal,MADEUPIMPd_W45,4,"0.341000,0.291673,0.249481,0.117846"
RACExPOLIDEOLOGY,RACExPOLIDEOLOGY :: Hispanic | Moderate,MADEUPIMPd_W45,4,"0.312185,0.345557,0.252815,0.089443"
RACExPOLIDEOLOGY,RACExPOLIDEOLOGY :: Mixed Race | Conservative,MADEUPIMPd_W45,4,"0.347959,0.275259,0.237288,0.139494"
RACExPOLIDEOLOGY,RACExPOLIDEOLOGY :: Mixed Race | Liberal,MADEUPIMPd_W45,4,"0.342737,0.284139,0.243037,0.130088"
RACExPOLIDEOLOGY,RACExPOLIDEOLOGY :: Mixed Race | Moderate,MADEUPIMPd_W45,4,"0.309414,0.337180,0.250571,0.102834"
RACExPOLIDEOLOGY,RACExPOLIDEOLOGY :: Refused | Moderate,MADEUPIMPd_W45,4,"0.282237,0.298101,0.247135,0.172528"
RACExPOLIDEOLOGY,RACExPOLIDEOLOGY :: White | Conservative,MADEUPIMPd_W45,4,"0.338366,0.276167,0.239938,0.145530"
RACExPOLIDEOLOGY,RACExPOLIDEOLOGY :: White | Liberal,MADEUPIMPd_W45,4,"0.338414,0.287208,0.241853,0.132525"
RACExPOLIDEOLOGY,RACExPOLIDEOLOGY :: White | Moderate,MADEUPIMPd_W45,4,"0.305052,0.332427,0.252897,0.109623"
RACExPOLIDEOLOGY,RACExPOLIDEOLOGY :: White | Refused,MADEUPIMPd_W45,4,"0.308856,0.256051,0.227736,0.207356"
RACExPOLIDEOLOGY,RACExPOLIDEOLOGY :: White | Very conservative,MADEUPIMPd_W45,4,"0.372612,0.260125,0.219047,0.148215"
RACExPOLIDEOLOGY,RACExPOLIDEOLOGY :: White | Very liberal,MADEUPIMPd_W45,4,"0.359165,0.250737,0.209499,0.180599"
RACExPOLIDEOLOGY,RACExPOLIDEOLOGY :: Asian | Liberal,MADEUPIMPe_W45,4,"0.335775,0.257448,0.241850,0.164927"
RACExPOLIDEOLOGY,RACExPOLIDEOLOGY :: Asian | Moderate,MADEUPIMPe_W45,4,"0.294869,0.299512,0.256187,0.149432"
RACExPOLIDEOLOGY,RACExPOLIDEOLOGY :: Black | Conservative,MADEUPIMPe_W45,4,"0.311861,0.262613,0.250587,0.174938"
RACExPOLIDEOLOGY,RACExPOLIDEOLOGY :: Black | Liberal,MADEUPIMPe_W45,4,"0.318940,0.279273,0.252302,0.149484"
RACExPOLIDEOLOGY,RACExPOLIDEOLOGY :: Black | Moderate,MADEUPIMPe_W45,4,"0.275399,0.324500,0.266926,0.133174"
RACExPOLIDEOLOGY,RACExPOLIDEOLOGY :: Black | Very liberal,MADEUPIMPe_W45,4,"0.336258,0.240313,0.225753,0.197676"
RACExPOLIDEOLOGY,RACExPOLIDEOLOGY :: Hispanic | Conservative,MADEUPIMPe_W45,4,"0.300307,0.258881,0.252884,0.187928"
RACExPOLIDEOLOGY,RACExPOLIDEOLOGY :: Hispanic | Liberal,MADEUPIMPe_W45,4,"0.299793,0.272964,0.256426,0.170817"
RACExPOLIDEOLOGY,RACExPOLIDEOLOGY :: Hispanic | Moderate,MADEUPIMPe_W45,4,"0.272805,0.321443,0.268576,0.137175"
RACExPOLIDEOLOGY,RACExPOLIDEOLOGY :: Mixed Race | Conservative,MADEUPIMPe_W45,4,"0.311277,0.258058,0.246240,0.184425"
RACExPOLIDEOLOGY,RACExPOLIDEOLOGY :: Mixed Race | Liberal,MADEUPIMPe_W45,4,"0.309098,0.268549,0.250315,0.172039"
RACExPOLIDEOLOGY,RACExPOLIDEOLOGY :: Mixed Race | Moderate,MADEUPIMPe_W45,4,"0.273762,0.317570,0.263274,0.145394"
RACExPOLIDEOLOGY,RACExPOLIDEOLOGY :: Refused | Moderate,MADEUPIMPe_W45,4,"0.266781,0.295299,0.254564,0.183356"
RACExPOLIDEOLOGY,RACExPOLIDEOLOGY :: White | Conservative,MADEUPIMPe_W45,4,"0.305518,0.259290,0.245491,0.189701"
RACExPOLIDEOLOGY,RACExPOLIDEOLOGY :: White | Liberal,MADEUPIMPe_W45,4,"0.307980,0.271791,0.247469,0.172761"
RACExPOLIDEOLOGY,RACExPOLIDEOLOGY :: White | Moderate,MADEUPIMPe_W45,4,"0.276290,0.313077,0.261586,0.149047"
RACExPOLIDEOLOGY,RACExPOLIDEOLOGY :: White | Refused,MADEUPIMPe_W45,4,"0.286006,0.252399,0.237107,0.224488"
RACExPOLIDEOLOGY,RACExPOLIDEOLOGY :: White | Very conservative,MADEUPIMPe_W45,4,"0.333381,0.243907,0.222080,0.200632"
RACExPOLIDEOLOGY,RACExPOLIDEOLOGY :: White | Very liberal,MADEUPIMPe_W45,4,"0.328062,0.238147,0.211813,0.221978"
RACExPOLIDEOLOGY,RACExPOLIDEOLOGY :: Asian | Liberal,MADEUPLEVELa_W45,4,"0.440915,0.300678,0.198736,0.059671"
RACExPOLIDEOLOGY,RACExPOLIDEOLOGY :: Asian | Moderate,MADEUPLEVELa_W45,4,"0.390799,0.329085,0.215819,0.064296"
RACExPOLIDEOLOGY,RACExPOLIDEOLOGY :: Black | Conservative,MADEUPLEVELa_W45,4,"0.405356,0.325713,0.202240,0.066692"
RACExPOLIDEOLOGY,RACExPOLIDEOLOGY :: Black | Liberal,MADEUPLEVELa_W45,4,"0.403967,0.337527,0.207944,0.050562"
RACExPOLIDEOLOGY,RACExPOLIDEOLOGY :: Black | Moderate,MADEUPLEVELa_W45,4,"0.357836,0.360643,0.222186,0.059335"
RACExPOLIDEOLOGY,RACExPOLIDEOLOGY :: Black | Very liberal,MADEUPLEVELa_W45,4,"0.513424,0.283540,0.150587,0.052450"
RACExPOLIDEOLOGY,RACExPOLIDEOLOGY :: Hispanic | Conservative,MADEUPLEVELa_W45,4,"0.395130,0.322496,0.209852,0.072523"
RACExPOLIDEOLOGY,RACExPOLIDEOLOGY :: Hispanic | Liberal,MADEUPLEVELa_W45,4,"0.389641,0.335891,0.215180,0.059288"
RACExPOLIDEOLOGY,RACExPOLIDEOLOGY :: Hispanic | Moderate,MADEUPLEVELa_W45,4,"0.362695,0.365540,0.218274,0.053490"
RACExPOLIDEOLOGY,RACExPOLIDEOLOGY :: Mixed Race | Conservative,MADEUPLEVELa_W45,4,"0.397756,0.314651,0.201573,0.086021"
RACExPOLIDEOLOGY,RACExPOLIDEOLOGY :: Mixed Race | Liberal,MADEUPLEVELa_W45,4,"0.389905,0.320727,0.211988,0.077379"
RACExPOLIDEOLOGY,RACExPOLIDEOLOGY :: Mixed Race | Moderate,MADEUPLEVELa_W45,4,"0.349870,0.352614,0.220660,0.076856"
RACExPOLIDEOLOGY,RACExPOLIDEOLOGY :: Refused | Moderate,MADEUPLEVELa_W45,4,"0.330450,0.322795,0.234324,0.112430"
RACExPOLIDEOLOGY,RACExPOLIDEOLOGY :: White | Conservative,MADEUPLEVELa_W45,4,"0.400471,0.316799,0.201370,0.081361"
RACExPOLIDEOLOGY,RACExPOLIDEOLOGY :: White | Liberal,MADEUPLEVELa_W45,4,"0.394905,0.322312,0.209733,0.073050"
RACExPOLIDEOLOGY,RACExPOLIDEOLOGY :: White | Moderate,MADEUPLEVELa_W45,4,"0.358676,0.342251,0.222707,0.076366"
RACExPOLIDEOLOGY,RACExPOLIDEOLOGY :: White | Refused,MADEUPLEVELa_W45,4,"0.364832,0.307219,0.209505,0.118444"
RACExPOLIDEOLOGY,RACExPOLIDEOLOGY :: White | Very conservative,MADEUPLEVELa_W45,4,"0.466962,0.287687,0.169122,0.076229"
RACExPOLIDEOLOGY,RACExPOLIDEOLOGY :: White | Very liberal,MADEUPLEVELa_W45,4,"0.482151,0.276876,0.156531,0.084442"
RACExPOLIDEOLOGY,RACExPOLIDEOLOGY :: Asian | Liberal,MADEUPLEVELb_W45,4,"0.378922,0.314137,0.226264,0.080677"
RACExPOLIDEOLOGY,RACExPOLIDEOLOGY :: Asian | Moderate,MADEUPLEVELb_W45,4,"0.334606,0.337231,0.242898,0.085265"
RACExPOLIDEOLOGY,RACExPOLIDEOLOGY :: Black | Conservative,MADEUPLEVELb_W45,4,"0.352810,0.334034,0.226019,0.087138"
RACExPOLIDEOLOGY,RACExPOLIDEOLOGY :: Black | Liberal,MADEUPLEVELb_W45,4,"0.352706,0.347238,0.229510,0.070546"
RACExPOLIDEOLOGY,RACExPOLIDEOLOGY :: Black | Moderate,MADEUPLEVELb_W45,4,"0.307511,0.365178,0.247092,0.080219"
RACExPOLIDEOLOGY,RACExPOLIDEOLOGY :: Black | Very liberal,MADEUPLEVELb_W45,4,"0.438082,0.313083,0.175624,0.073211"
RACExPOLIDEOLOGY,RACExPOLIDEOLOGY :: Hispanic | Conservative,MADEUPLEVELb_W45,4,"0.343298,0.332736,0.232287,0.091678"
RACExPOLIDEOLOGY,RACExPOLIDEOLOGY :: Hispanic | Liberal,MADEUPLEVELb_W45,4,"0.332555,0.345803,0.241409,0.080233"
RACExPOLIDEOLOGY,RACExPOLIDEOLOGY :: Hispanic | Moderate,MADEUPLEVELb_W45,4,"0.308896,0.372599,0.246273,0.072232"
RACExPOLIDEOLOGY,RACExPOLIDEOLOGY :: Mixed Race | Conservative,MADEUPLEVELb_W45,4,"0.351321,0.319881,0.223313,0.105486"
RACExPOLIDEOLOGY,RACExPOLIDEOLOGY :: Mixed Race | Liberal,MADEUPLEVELb_W45,4,"0.338385,0.327974,0.234393,0.099248"
RACExPOLIDEOLOGY,RACExPOLIDEOLOGY :: Mixed Race | Moderate,MADEUPLEVELb_W45,4,"0.299263,0.358170,0.246167,0.096400"
RACExPOLIDEOLOGY,RACExPOLIDEOLOGY :: Refused | Moderate,MADEUPLEVELb_W45,4,"0.290039,0.326100,0.250030,0.133831"
RACExPOLIDEOLOGY,RACExPOLIDEOLOGY :: White | Conservative,MADEUPLEVELb_W45,4,"0.351896,0.320405,0.223679,0.104020"
RACExPOLIDEOLOGY,RACExPOLIDEOLOGY :: White | Liberal,MADEUPLEVELb_W45,4,"0.345323,0.326945,0.231839,0.095893"
RACExPOLIDEOLOGY,RACExPOLIDEOLOGY :: White | Moderate,MADEUPLEVELb_W45,4,"0.309001,0.344716,0.248289,0.097994"
RACExPOLIDEOLOGY,RACExPOLIDEOLOGY :: White | Refused,MADEUPLEVELb_W45,4,"0.322420,0.307656,0.226851,0.143073"
RACExPOLIDEOLOGY,RACExPOLIDEOLOGY :: White | Very conservative,MADEUPLEVELb_W45,4,"0.410750,0.302868,0.188055,0.098327"
RACExPOLIDEOLOGY,RACExPOLIDEOLOGY :: White | Very liberal,MADEUPLEVELb_W45,4,"0.423131,0.295393,0.173653,0.107823"
RACExPOLIDEOLOGY,RACExPOLIDEOLOGY :: Asian | Liberal,MADEUPRESc_W45,2,"0.754915,0.245085"
RACExPOLIDEOLOGY,RACExPOLIDEOLOGY :: Asian | Moderate,MADEUPRESc_W45,2,"0.770465,0.229535"
RACExPOLIDEOLOGY,RACExPOLIDEOLOGY :: Black | Conservative,MADEUPRESc_W45,2,"0.661923,0.338077"
RACExPOLIDEOLOGY,RACExPOLIDEOLOGY :: Black | Liberal,MADEUPRESc_W45,2,"0.704160,0.295840"
RACExPOLIDEOLOGY,RACExPOLIDEOLOGY :: Black | Moderate,MADEUPRESc_W45,2,"0.709019,0.290981"
RACExPOLIDEOLOGY,RACExPOLIDEOLOGY :: Black | Very liberal,MADEUPRESc_W45,2,"0.675765,0.324235"
RACExPOLIDEOLOGY,RACExPOLIDEOLOGY :: Hispanic | Conservative,MADEUPRESc_W45,2,"0.672332,0.327668"
RACExPOLIDEOLOGY,RACExPOLIDEOLOGY :: Hispanic | Liberal,MADEUPRESc_W45,2,"0.705785,0.294215"
RACExPOLIDEOLOGY,RACExPOLIDEOLOGY :: Hispanic | Moderate,MADEUPRESc_W45,2,"0.749087,0.250913"
RACExPOLIDEOLOGY,RACExPOLIDEOLOGY :: Mixed Race | Conservative,MADEUPRESc_W45,2,"0.665411,0.334589"
RACExPOLIDEOLOGY,RACExPOLIDEOLOGY :: Mixed Race | Liberal,MADEUPRESc_W45,2,"0.685949,0.314051"
RACExPOLIDEOLOGY,RACExPOLIDEOLOGY :: Mixed Race | Moderate,MADEUPRESc_W45,2,"0.724870,0.275130"
RACExPOLIDEOLOGY,RACExPOLIDEOLOGY :: Refused | Moderate,MADEUPRESc_W45,2,"0.635222,0.364778"
RACExPOLIDEOLOGY,RACExPOLIDEOLOGY :: White | Conservative,MADEUPRESc_W45,2,"0.661923,0.338077"
RACExPOLIDEOLOGY,RACExPOLIDEOLOGY :: White | Liberal,MADEUPRESc_W45,2,"0.675765,0.324235"
RACExPOLIDEOLOGY,RACExPOLIDEOLOGY :: White | Moderate,MADEUPRESc_W45,2,"0.712232,0.287768"
RACExPOLIDEOLOGY,RACExPOLIDEOLOGY :: White | Refused,MADEUPRESc_W45,2,"0.661923,0.338077"
RACExPOLIDEOLOGY,RACExPOLIDEOLOGY :: White | Very conservative,MADEUPRESc_W45,2,"0.684264,0.315736"
RACExPOLIDEOLOGY,RACExPOLIDEOLOGY :: White | Very liberal,MADEUPRESc_W45,2,"0.668880,0.331120"
RACExPOLIDEOLOGY,RACExPOLIDEOLOGY :: Asian | Liberal,MADEUPRESd_W45,2,"0.602062,0.397938"
RACExPOLIDEOLOGY,RACExPOLIDEOLOGY :: Asian | Moderate,MADEUPRESd_W45,2,"0.598312,0.401688"
RACExPOLIDEOLOGY,RACExPOLIDEOLOGY :: Black | Conservative,MADEUPRESd_W45,2,"0.544801,0.455199"
RACExPOLIDEOLOGY,RACExPOLIDEOLOGY :: Black | Liberal,MADEUPRESd_W45,2,"0.567937,0.432063"
RACExPOLIDEOLOGY,RACExPOLIDEOLOGY :: Black | Moderate,MADEUPRESd_W45,2,"0.556400,0.443600"
RACExPOLIDEOLOGY,RACExPOLIDEOLOGY :: Black | Very liberal,MADEUPRESd_W45,2,"0.550607,0.449393"
RACExPOLIDEOLOGY,RACExPOLIDEOLOGY :: Hispanic | Conservative,MADEUPRESd_W45,2,"0.554470,0.445530"
RACExPOLIDEOLOGY,RACExPOLIDEOLOGY :: Hispanic | Liberal,MADEUPRESd_W45,2,"0.567937,0.432063"
RACExPOLIDEOLOGY,RACExPOLIDEOLOGY :: Hispanic | Moderate,MADEUPRESd_W45,2,"0.586996,0.413004"
RACExPOLIDEOLOGY,RACExPOLIDEOLOGY :: Mixed Race | Conservative,MADEUPRESd_W45,2,"0.562177,0.437824"
RACExPOLIDEOLOGY,RACExPOLIDEOLOGY :: Mixed Race | Liberal,MADEUPRESd_W45,2,"0.567937,0.432063"
RACExPOLIDEOLOGY,RACExPOLIDEOLOGY :: Mixed Race | Moderate,MADEUPRESd_W45,2,"0.577495,0.422505"
RACExPOLIDEOLOGY,RACExPOLIDEOLOGY :: Refused | Moderate,MADEUPRESd_W45,2,"0.540924,0.459076"
RACExPOLIDEOLOGY,RACExPOLIDEOLOGY :: White | Conservative,MADEUPRESd_W45,2,"0.546738,0.453262"
RACExPOLIDEOLOGY,RACExPOLIDEOLOGY :: White | Liberal,MADEUPRESd_W45,2,"0.556400,0.443600"
RACExPOLIDEOLOGY,RACExPOLIDEOLOGY :: White | Moderate,MADEUPRESd_W45,2,"0.566019,0.433981"
RACExPOLIDEOLOGY,RACExPOLIDEOLOGY :: White | Refused,MADEUPRESd_W45,2,"0.552540,0.447460"
RACExPOLIDEOLOGY,RACExPOLIDEOLOGY :: White | Very conservative,MADEUPRESd_W45,2,"0.571767,0.428233"
RACExPOLIDEOLOGY,RACExPOLIDEOLOGY :: White | Very liberal,MADEUPRESd_W45,2,"0.564098,0.435902"
RACExPOLIDEOLOGY,RACExPOLIDEOLOGY :: Asian | Liberal,MADEUPSHARE1_W45,2,"0.702530,0.297470"
RACExPOLIDEOLOGY,RACExPOLIDEOLOGY :: Asian | Moderate,MADEUPSHARE1_W45,2,"0.699254,0.300746"
RACExPOLIDEOLOGY,RACExPOLIDEOLOGY :: Black | Conservative,MADEUPSHARE1_W45,2,"0.635222,0.364778"
RACExPOLIDEOLOGY,RACExPOLIDEOLOGY :: Black | Liberal,MADEUPSHARE1_W45,2,"0.660172,0.339828"
RACExPOLIDEOLOGY,RACExPOLIDEOLOGY :: Black | Moderate,MADEUPSHARE1_W45,2,"0.647798,0.352202"
RACExPOLIDEOLOGY,RACExPOLIDEOLOGY :: Black | Very liberal,MADEUPSHARE1_W45,2,"0.642432,0.357568"
RACExPOLIDEOLOGY,RACExPOLIDEOLOGY :: Hispanic | Conservative,MADEUPSHARE1_W45,2,"0.646014,0.353986"
RACExPOLIDEOLOGY,RACExPOLIDEOLOGY :: Hispanic | Liberal,MADEUPSHARE1_W45,2,"0.660172,0.339828"
RACExPOLIDEOLOGY,RACExPOLIDEOLOGY :: Hispanic | Moderate,MADEUPSHARE1_W45,2,"0.689306,0.310694"
RACExPOLIDEOLOGY,RACExPOLIDEOLOGY :: Mixed Race | Conservative,MADEUPSHARE1_W45,2,"0.654895,0.345105"
RACExPOLIDEOLOGY,RACExPOLIDEOLOGY :: Mixed Race | Liberal,MADEUPSHARE1_W45,2,"0.661923,0.338077"
RACExPOLIDEOLOGY,RACExPOLIDEOLOGY :: Mixed Race | Moderate,MADEUPSHARE1_W45,2,"0.677474,0.322526"
RACExPOLIDEOLOGY,RACExPOLIDEOLOGY :: Refused | Moderate,MADEUPSHARE1_W45,2,"0.611382,0.388618"
RACExPOLIDEOLOGY,RACExPOLIDEOLOGY :: White | Conservative,MADEUPSHARE1_W45,2,"0.635222,0.364778"
RACExPOLIDEOLOGY,RACExPOLIDEOLOGY :: White | Liberal,MADEUPSHARE1_W45,2,"0.640636,0.359364"
RACExPOLIDEOLOGY,RACExPOLIDEOLOGY :: White | Moderate,MADEUPSHARE1_W45,2,"0.651355,0.348645"
RACExPOLIDEOLOGY,RACExPOLIDEOLOGY :: White | Refused,MADEUPSHARE1_W45,2,"0.646014,0.353986"
RACExPOLIDEOLOGY,RACExPOLIDEOLOGY :: White | Very conservative,MADEUPSHARE1_W45,2,"0.651355,0.348645"
RACExPOLIDEOLOGY,RACExPOLIDEOLOGY :: White | Very liberal,MADEUPSHARE1_W45,2,"0.644225,0.355775"
RACExPOLIDEOLOGY,RACExPOLIDEOLOGY :: Asian | Liberal,MADEUPSMFOL2_W45,2,"0.734120,0.265880"
RACExPOLIDEOLOGY,RACExPOLIDEOLOGY :: Asian | Moderate,MADEUPSMFOL2_W45,2,"0.731059,0.268941"
RACExPOLIDEOLOGY,RACExPOLIDEOLOGY :: Black | Conservative,MADEUPSMFOL2_W45,2,"0.649579,0.350421"
RACExPOLIDEOLOGY,RACExPOLIDEOLOGY :: Black | Liberal,MADEUPSMFOL2_W45,2,"0.674050,0.325950"
RACExPOLIDEOLOGY,RACExPOLIDEOLOGY :: Black | Moderate,MADEUPSMFOL2_W45,2,"0.667148,0.332852"
RACExPOLIDEOLOGY,RACExPOLIDEOLOGY :: Black | Very liberal,MADEUPSMFOL2_W45,2,"0.665411,0.334589"
RACExPOLIDEOLOGY,RACExPOLIDEOLOGY :: Hispanic | Conservative,MADEUPSMFOL2_W45,2,"0.663669,0.336331"
RACExPOLIDEOLOGY,RACExPOLIDEOLOGY :: Hispanic | Liberal,MADEUPSMFOL2_W45,2,"0.685949,0.314051"
RACExPOLIDEOLOGY,RACExPOLIDEOLOGY :: Hispanic | Moderate,MADEUPSMFOL2_W45,2,"0.712232,0.287768"
RACExPOLIDEOLOGY,RACExPOLIDEOLOGY :: Mixed Race | Conservative,MADEUPSMFOL2_W45,2,"0.661923,0.338077"
RACExPOLIDEOLOGY,RACExPOLIDEOLOGY :: Mixed Race | Liberal,MADEUPSMFOL2_W45,2,"0.674050,0.325950"
RACExPOLIDEOLOGY,RACExPOLIDEOLOGY :: Mixed Race | Moderate,MADEUPSMFOL2_W45,2,"0.694303,0.305697"
RACExPOLIDEOLOGY,RACExPOLIDEOLOGY :: Refused | Moderate,MADEUPSMFOL2_W45,2,"0.605799,0.394201"
RACExPOLIDEOLOGY,RACExPOLIDEOLOGY :: White | Conservative,MADEUPSMFOL2_W45,2,"0.647798,0.352202"
RACExPOLIDEOLOGY,RACExPOLIDEOLOGY :: White | Liberal,MADEUPSMFOL2_W45,2,"0.653127,0.346873"
RACExPOLIDEOLOGY,RACExPOLIDEOLOGY :: White | Moderate,MADEUPSMFOL2_W45,2,"0.668880,0.331120"
RACExPOLIDEOLOGY,RACExPOLIDEOLOGY :: White | Refused,MADEUPSMFOL2_W45,2,"0.644225,0.355775"
RACExPOLIDEOLOGY,RACExPOLIDEOLOGY :: White | Very conservative,MADEUPSMFOL2_W45,2,"0.667148,0.332852"
RACExPOLIDEOLOGY,RACExPOLIDEOLOGY :: White | Very liberal,MADEUPSMFOL2_W45,2,"0.660172,0.339828"
RACExPOLIDEOLOGY,RACExPOLIDEOLOGY :: Asian | Liberal,MADEUPTOPICf_W45,4,"0.350255,0.326473,0.240726,0.082545"
RACExPOLIDEOLOGY,RACExPOLIDEOLOGY :: Asian | Moderate,MADEUPTOPICf_W45,4,"0.305752,0.349180,0.257469,0.087599"
RACExPOLIDEOLOGY,RACExPOLIDEOLOGY :: Black | Conservative,MADEUPTOPICf_W45,4,"0.326732,0.345097,0.240917,0.087254"
RACExPOLIDEOLOGY,RACExPOLIDEOLOGY :: Black | Liberal,MADEUPTOPICf_W45,4,"0.320735,0.363441,0.245916,0.069908"
RACExPOLIDEOLOGY,RACExPOLIDEOLOGY :: Black | Moderate,MADEUPTOPICf_W45,4,"0.282494,0.377180,0.261265,0.079061"
RACExPOLIDEOLOGY,RACExPOLIDEOLOGY :: Black | Very liberal,MADEUPTOPICf_W45,4,"0.397298,0.331955,0.196677,0.074069"
RACExPOLIDEOLOGY,RACExPOLIDEOLOGY :: Hispanic | Conservative,MADEUPTOPICf_W45,4,"0.321592,0.342333,0.244654,0.091421"
RACExPOLIDEOLOGY,RACExPOLIDEOLOGY :: Hispanic | Liberal,MADEUPTOPICf_W45,4,"0.310908,0.360660,0.249822,0.078610"
RACExPOLIDEOLOGY,RACExPOLIDEOLOGY :: Hispanic | Moderate,MADEUPTOPICf_W45,4,"0.285558,0.384261,0.257980,0.072200"
RACExPOLIDEOLOGY,RACExPOLIDEOLOGY :: Mixed Race | Conservative,MADEUPTOPICf_W45,4,"0.327843,0.330414,0.236136,0.105607"
RACExPOLIDEOLOGY,RACExPOLIDEOLOGY :: Mixed Race | Liberal,MADEUPTOPICf_W45,4,"0.315472,0.343782,0.243778,0.096968"
RACExPOLIDEOLOGY,RACExPOLIDEOLOGY :: Mixed Race | Moderate,MADEUPTOPICf_W45,4,"0.280234,0.371250,0.253171,0.095345"
RACExPOLIDEOLOGY,RACExPOLIDEOLOGY :: Refused | Moderate,MADEUPTOPICf_W45,4,"0.280487,0.335699,0.257389,0.126425"
RACExPOLIDEOLOGY,RACExPOLIDEOLOGY :: White | Conservative,MADEUPTOPICf_W45,4,"0.328884,0.328884,0.238744,0.103488"
RACExPOLIDEOLOGY,RACExPOLIDEOLOGY :: White | Liberal,MADEUPTOPICf_W45,4,"0.321752,0.339837,0.244776,0.093635"
RACExPOLIDEOLOGY,RACExPOLIDEOLOGY :: White | Moderate,MADEUPTOPICf_W45,4,"0.288934,0.356786,0.258999,0.095280"
RACExPOLIDEOLOGY,RACExPOLIDEOLOGY :: White | Refused,MADEUPTOPICf_W45,4,"0.305065,0.322213,0.239448,0.133273"
RACExPOLIDEOLOGY,RACExPOLIDEOLOGY :: White | Very conservative,MADEUPTOPICf_W45,4,"0.381552,0.313856,0.205832,0.098759"
RACExPOLIDEOLOGY,RACExPOLIDEOLOGY :: White | Very liberal,MADEUPTOPICf_W45,4,"0.394101,0.306926,0.192070,0.106903"
RACExPOLIDEOLOGY,RACExPOLIDEOLOGY :: Asian | Conservative,MARRYPREF1_W50,3,"0.658684,0.148125,0.193191"
RACExPOLIDEOLOGY,RACExPOLIDEOLOGY :: Asian | Liberal,MARRYPREF1_W50,3,"0.626530,0.153538,0.219933"
RACExPOLIDEOLOGY,RACExPOLIDEOLOGY :: Asian | Moderate,MARRYPREF1_W50,3,"0.611902,0.140868,0.247231"
RACExPOLIDEOLOGY,RACExPOLIDEOLOGY :: Asian | Very liberal,MARRYPREF1_W50,3,"0.510906,0.211320,0.277775"
RACExPOLIDEOLOGY,RACExPOLIDEOLOGY :: Black | Conservative,MARRYPREF1_W50,3,"0.541053,0.205361,0.253586"
RACExPOLIDEOLOGY,RACExPOLIDEOLOGY :: Black | Liberal,MARRYPREF1_W50,3,"0.551381,0.198143,0.250476"
RACExPOLIDEOLOGY,RACExPOLIDEOLOGY :: Black | Moderate,MARRYPREF1_W50,3,"0.546069,0.181487,0.272444"
RACExPOLIDEOLOGY,RACExPOLIDEOLOGY :: Black | Refused,MARRYPREF1_W50,3,"0.467983,0.229865,0.302152"
RACExPOLIDEOLOGY,RACExPOLIDEOLOGY :: Black | Very conservative,MARRYPREF1_W50,3,"0.502822,0.212908,0.284270"
RACExPOLIDEOLOGY,RACExPOLIDEOLOGY :: Black | Very liberal,MARRYPREF1_W50,3,"0.469789,0.236225,0.293986"
RACExPOLIDEOLOGY,RACExPOLIDEOLOGY :: Hispanic | Conservative,MARRYPREF1_W50,3,"0.536491,0.202044,0.261465"
RACExPOLIDEOLOGY,RACExPOLIDEOLOGY :: Hispanic | Liberal,MARRYPREF1_W50,3,"0.547014,0.190526,0.262460"
RACExPOLIDEOLOGY,RACExPOLIDEOLOGY :: Hispanic | Moderate,MARRYPREF1_W50,3,"0.547958,0.176512,0.275531"
RACExPOLIDEOLOGY,RACExPOLIDEOLOGY :: Hispanic | Very liberal,MARRYPREF1_W50,3,"0.457055,0.240851,0.302095"
RACExPOLIDEOLOGY,RACExPOLIDEOLOGY :: Mixed Race | Conservative,MARRYPREF1_W50,3,"0.535016,0.206267,0.258717"
RACExPOLIDEOLOGY,RACExPOLIDEOLOGY :: Mixed Race | Liberal,MARRYPREF1_W50,3,"0.522611,0.206262,0.271127"
RACExPOLIDEOLOGY,RACExPOLIDEOLOGY :: Mixed Race | Moderate,MARRYPREF1_W50,3,"0.531703,0.188109,0.280188"
RACExPOLIDEOLOGY,RACExPOLIDEOLOGY :: Refused | Moderate,MARRYPREF1_W50,3,"0.428733,0.260040,0.311227"
RACExPOLIDEOLOGY,RACExPOLIDEOLOGY :: White | Conservative,MARRYPREF1_W50,3,"0.554164,0.196055,0.249781"
RACExPOLIDEOLOGY,RACExPOLIDEOLOGY :: White | Liberal,MARRYPREF1_W50,3,"0.541053,0.205361,0.253586"
RACExPOLIDEOLOGY,RACExPOLIDEOLOGY :: White | Moderate,MARRYPREF1_W50,3,"0.554103,0.184157,0.261740"
RACExPOLIDEOLOGY,RACExPOLIDEOLOGY :: White | Refused,MARRYPREF1_W50,3,"0.481479,0.231016,0.287504"
RACExPOLIDEOLOGY,RACExPOLIDEOLOGY :: White | Very conservative,MARRYPREF1_W50,3,"0.511634,0.216639,0.271727"
RACExPOLIDEOLOGY,RACExPOLIDEOLOGY :: White | Very liberal,MARRYPREF1_W50,3,"0.485209,0.238327,0.276464"
RACExPOLIDEOLOGY,RACExPOLIDEOLOGY :: Asian | Liberal,MEDIALOYAL3_W45,2,"0.567937,0.432063"
RACExPOLIDEOLOGY,RACExPOLIDEOLOGY :: Asian | Moderate,MEDIALOYAL3_W45,2,"0.558327,0.441673"
RACExPOLIDEOLOGY,RACExPOLIDEOLOGY :: Black | Conservative,MEDIALOYAL3_W45,2,"0.533154,0.466846"
RACExPOLIDEOLOGY,RACExPOLIDEOLOGY :: Black | Liberal,MEDIALOYAL3_W45,2,"0.535098,0.464902"
RACExPOLIDEOLOGY,RACExPOLIDEOLOGY :: Black | Moderate,MEDIALOYAL3_W45,2,"0.517571,0.482429"
RACExPOLIDEOLOGY,RACExPOLIDEOLOGY :: Black | Very liberal,MEDIALOYAL3_W45,2,"0.535098,0.464902"
RACExPOLIDEOLOGY,RACExPOLIDEOLOGY :: Hispanic | Conservative,MEDIALOYAL3_W45,2,"0.542863,0.457137"
RACExPOLIDEOLOGY,RACExPOLIDEOLOGY :: Hispanic | Liberal,MEDIALOYAL3_W45,2,"0.533154,0.466846"
RACExPOLIDEOLOGY,RACExPOLIDEOLOGY :: Hispanic | Moderate,MEDIALOYAL3_W45,2,"0.529263,0.470737"
RACExPOLIDEOLOGY,RACExPOLIDEOLOGY :: Mixed Race | Conservative,MEDIALOYAL3_W45,2,"0.546738,0.453262"
RACExPOLIDEOLOGY,RACExPOLIDEOLOGY :: Mixed Race | Liberal,MEDIALOYAL3_W45,2,"0.531209,0.468791"
RACExPOLIDEOLOGY,RACExPOLIDEOLOGY :: Mixed Race | Moderate,MEDIALOYAL3_W45,2,"0.525369,0.474631"
RACExPOLIDEOLOGY,RACExPOLIDEOLOGY :: Refused | Moderate,MEDIALOYAL3_W45,2,"0.511717,0.488283"
RACExPOLIDEOLOGY,RACExPOLIDEOLOGY :: White | Conservative,MEDIALOYAL3_W45,2,"0.546738,0.453262"
RACExPOLIDEOLOGY,RACExPOLIDEOLOGY :: White | Liberal,MEDIALOYAL3_W45,2,"0.538983,0.461017"
RACExPOLIDEOLOGY,RACExPOLIDEOLOGY :: White | Moderate,MEDIALOYAL3_W45,2,"0.535098,0.464902"
RACExPOLIDEOLOGY,RACExPOLIDEOLOGY :: White | Refused,MEDIALOYAL3_W45,2,"0.535098,0.464902"
RACExPOLIDEOLOGY,RACExPOLIDEOLOGY :: White | Very conservative,MEDIALOYAL3_W45,2,"0.564098,0.435902"
RACExPOLIDEOLOGY,RACExPOLIDEOLOGY :: White | Very liberal,MEDIALOYAL3_W45,2,"0.556400,0.443600"
RACExPOLIDEOLOGY,RACExPOLIDEOLOGY :: Asian | Liberal,MISINFT_W32,2,"0.585101,0.414899"
RACExPOLIDEOLOGY,RACExPOLIDEOLOGY :: Asian | Moderate,MISINFT_W32,2,"0.566019,0.433981"
RACExPOLIDEOLOGY,RACExPOLIDEOLOGY :: Black | Conservative,MISINFT_W32,2,"0.550607,0.449393"
RACExPOLIDEOLOGY,RACExPOLIDEOLOGY :: Black | Liberal,MISINFT_W32,2,"0.562177,0.437824"
RACExPOLIDEOLOGY,RACExPOLIDEOLOGY :: Black | Moderate,MISINFT_W32,2,"0.548674,0.451327"
RACExPOLIDEOLOGY,RACExPOLIDEOLOGY :: Black | Very conservative,MISINFT_W32,2,"0.542863,0.457137"
RACExPOLIDEOLOGY,RACExPOLIDEOLOGY :: Black | Very liberal,MISINFT_W32,2,"0.546738,0.453262"
RACExPOLIDEOLOGY,RACExPOLIDEOLOGY :: Hispanic | Conservative,MISINFT_W32,2,"0.554470,0.445530"
RACExPOLIDEOLOGY,RACExPOLIDEOLOGY :: Hispanic | Liberal,MISINFT_W32,2,"0.564098,0.435902"
RACExPOLIDEOLOGY,RACExPOLIDEOLOGY :: Hispanic | Moderate,MISINFT_W32,2,"0.558327,0.441673"
RACExPOLIDEOLOGY,RACExPOLIDEOLOGY :: Hispanic | Very liberal,MISINFT_W32,2,"0.550607,0.449393"
RACExPOLIDEOLOGY,RACExPOLIDEOLOGY :: Mixed Race | Moderate,MISINFT_W32,2,"0.552540,0.447460"
RACExPOLIDEOLOGY,RACExPOLIDEOLOGY :: Other | Conservative,MISINFT_W32,2,"0.548674,0.451327"
RACExPOLIDEOLOGY,RACExPOLIDEOLOGY :: Other | Moderate,MISINFT_W32,2,"0.546738,0.453262"
RACExPOLIDEOLOGY,RACExPOLIDEOLOGY :: White | Conservative,MISINFT_W32,2,"0.552540,0.447460"
RACExPOLIDEOLOGY,RACExPOLIDEOLOGY :: White | Liberal,MISINFT_W32,2,"0.564098,0.435902"
RACExPOLIDEOLOGY,RACExPOLIDEOLOGY :: White | Moderate,MISINFT_W32,2,"0.554470,0.445530"
RACExPOLIDEOLOGY,RACExPOLIDEOLOGY :: White | Refused,MISINFT_W32,2,"0.544801,0.455199"
RACExPOLIDEOLOGY,RACExPOLIDEOLOGY :: White | Very conservative,MISINFT_W32,2,"0.544801,0.455199"
RACExPOLIDEOLOGY,RACExPOLIDEOLOGY :: White | Very liberal,MISINFT_W32,2,"0.546738,0.453262"
RACExPOLIDEOLOGY,RACExPOLIDEOLOGY :: Asian | Conservative,MOTHER_W50,2,"0.631594,0.368406"
RACExPOLIDEOLOGY,RACExPOLIDEOLOGY :: Asian | Liberal,MOTHER_W50,2,"0.609524,0.390476"
RACExPOLIDEOLOGY,RACExPOLIDEOLOGY :: Asian | Moderate,MOTHER_W50,2,"0.626124,0.373876"
RACExPOLIDEOLOGY,RACExPOLIDEOLOGY :: Asian | Very liberal,MOTHER_W50,2,"0.511717,0.488283"
RACExPOLIDEOLOGY,RACExPOLIDEOLOGY :: Black | Conservative,MOTHER_W50,2,"0.540924,0.459076"
RACExPOLIDEOLOGY,RACExPOLIDEOLOGY :: Black | Liberal,MOTHER_W50,2,"0.546738,0.453262"
RACExPOLIDEOLOGY,RACExPOLIDEOLOGY :: Black | Moderate,MOTHER_W50,2,"0.544801,0.455199"
RACExPOLIDEOLOGY,RACExPOLIDEOLOGY :: Black | Refused,MOTHER_W50,2,"0.500000,0.500000"
RACExPOLIDEOLOGY,RACExPOLIDEOLOGY :: Black | Very conservative,MOTHER_W50,2,"0.496094,0.503906"
RACExPOLIDEOLOGY,RACExPOLIDEOLOGY :: Black | Very liberal,MOTHER_W50,2,"0.468791,0.531209"
RACExPOLIDEOLOGY,RACExPOLIDEOLOGY :: Hispanic | Conservative,MOTHER_W50,2,"0.552540,0.447460"
RACExPOLIDEOLOGY,RACExPOLIDEOLOGY :: Hispanic | Liberal,MOTHER_W50,2,"0.562177,0.437824"
RACExPOLIDEOLOGY,RACExPOLIDEOLOGY :: Hispanic | Moderate,MOTHER_W50,2,"0.588889,0.411111"
RACExPOLIDEOLOGY,RACExPOLIDEOLOGY :: Hispanic | Very liberal,MOTHER_W50,2,"0.484380,0.515620"
RACExPOLIDEOLOGY,RACExPOLIDEOLOGY :: Mixed Race | Conservative,MOTHER_W50,2,"0.529263,0.470737"
RACExPOLIDEOLOGY,RACExPOLIDEOLOGY :: Mixed Race | Liberal,MOTHER_W50,2,"0.527317,0.472683"
RACExPOLIDEOLOGY,RACExPOLIDEOLOGY :: Mixed Race | Moderate,MOTHER_W50,2,"0.531209,0.468791"
RACExPOLIDEOLOGY,RACExPOLIDEOLOGY :: Refused | Moderate,MOTHER_W50,2,"0.515620,0.484380"
RACExPOLIDEOLOGY,RACExPOLIDEOLOGY :: White | Conservative,MOTHER_W50,2,"0.540924,0.459076"
RACExPOLIDEOLOGY,RACExPOLIDEOLOGY :: White | Liberal,MOTHER_W50,2,"0.535098,0.464902"
RACExPOLIDEOLOGY,RACExPOLIDEOLOGY :: White | Moderate,MOTHER_W50,2,"0.550607,0.449393"
RACExPOLIDEOLOGY,RACExPOLIDEOLOGY :: White | Refused,MOTHER_W50,2,"0.503906,0.496094"
RACExPOLIDEOLOGY,RACExPOLIDEOLOGY :: White | Very conservative,MOTHER_W50,2,"0.498047,0.501953"
RACExPOLIDEOLOGY,RACExPOLIDEOLOGY :: White | Very liberal,MOTHER_W50,2,"0.472683,0.527317"
RACExPOLIDEOLOGY,RACExPOLIDEOLOGY :: Asian | Liberal,MOVESUBURB_W32,3,"0.410378,0.309769,0.279853"
RACExPOLIDEOLOGY,RACExPOLIDEOLOGY :: Asian | Moderate,MOVESUBURB_W32,3,"0.441838,0.294328,0.263834"
RACExPOLIDEOLOGY,RACExPOLIDEOLOGY :: Black | Conservative,MOVESUBURB_W32,3,"0.424576,0.303431,0.271993"
RACExPOLIDEOLOGY,RACExPOLIDEOLOGY :: Black | Liberal,MOVESUBURB_W32,3,"0.377333,0.335607,0.287060"
RACExPOLIDEOLOGY,RACExPOLIDEOLOGY :: Black | Moderate,MOVESUBURB_W32,3,"0.402486,0.320890,0.276624"
RACExPOLIDEOLOGY,RACExPOLIDEOLOGY :: Black | Very conservative,MOVESUBURB_W32,3,"0.327977,0.349130,0.322893"
RACExPOLIDEOLOGY,RACExPOLIDEOLOGY :: Black | Very liberal,MOVESUBURB_W32,3,"0.287905,0.375499,0.336595"
RACExPOLIDEOLOGY,RACExPOLIDEOLOGY :: Hispanic | Conservative,MOVESUBURB_W32,3,"0.419038,0.301822,0.279140"
RACExPOLIDEOLOGY,RACExPOLIDEOLOGY :: Hispanic | Liberal,MOVESUBURB_W32,3,"0.373167,0.329319,0.297515"
RACExPOLIDEOLOGY,RACExPOLIDEOLOGY :: Hispanic | Moderate,MOVESUBURB_W32,3,"0.399600,0.323606,0.276795"
RACExPOLIDEOLOGY,RACExPOLIDEOLOGY :: Hispanic | Very liberal,MOVESUBURB_W32,3,"0.285364,0.381011,0.333625"
RACExPOLIDEOLOGY,RACExPOLIDEOLOGY :: Mixed Race | Moderate,MOVESUBURB_W32,3,"0.388256,0.332093,0.279651"
RACExPOLIDEOLOGY,RACExPOLIDEOLOGY :: Other | Conservative,MOVESUBURB_W32,3,"0.401944,0.313035,0.285021"
RACExPOLIDEOLOGY,RACExPOLIDEOLOGY :: Other | Moderate,MOVESUBURB_W32,3,"0.374511,0.338342,0.287147"
RACExPOLIDEOLOGY,RACExPOLIDEOLOGY :: White | Conservative,MOVESUBURB_W32,3,"0.445944,0.285682,0.268374"
RACExPOLIDEOLOGY,RACExPOLIDEOLOGY :: White | Liberal,MOVESUBURB_W32,3,"0.401121,0.309962,0.288917"
RACExPOLIDEOLOGY,RACExPOLIDEOLOGY :: White | Moderate,MOVESUBURB_W32,3,"0.424338,0.308036,0.267626"
RACExPOLIDEOLOGY,RACExPOLIDEOLOGY :: White | Refused,MOVESUBURB_W32,3,"0.381723,0.306723,0.311553"
RACExPOLIDEOLOGY,RACExPOLIDEOLOGY :: White | Very conservative,MOVESUBURB_W32,3,"0.363463,0.320755,0.315782"
RACExPOLIDEOLOGY,RACExPOLIDEOLOGY :: White | Very liberal,MOVESUBURB_W32,3,"0.335927,0.335927,0.328146"
RACExPOLIDEOLOGY,RACExPOLIDEOLOGY :: Asian | Liberal,NEIGHINTERA_W32,6,"0.201593,0.182124,0.193870,0.161984,0.153364,0.107065"
RACExPOLIDEOLOGY,RACExPOLIDEOLOGY :: Asian | Moderate,NEIGHINTERA_W32,6,"0.190158,0.180038,0.224061,0.163927,0.146943,0.094873"
RACExPOLIDEOLOGY,RACExPOLIDEOLOGY :: Black | Conservative,NEIGHINTERA_W32,6,"0.203182,0.179308,0.190872,0.160730,0.154573,0.111335"
RACExPOLIDEOLOGY,RACExPOLIDEOLOGY :: Black | Liberal,NEIGHINTERA_W32,6,"0.186518,0.195469,0.198547,0.163320,0.149871,0.106275"
RACExPOLIDEOLOGY,RACExPOLIDEOLOGY :: Black | Moderate,NEIGHINTERA_W32,6,"0.178415,0.192912,0.225537,0.167605,0.142245,0.093286"
RACExPOLIDEOLOGY,RACExPOLIDEOLOGY :: Black | Very conservative,NEIGHINTERA_W32,6,"0.202067,0.167519,0.172837,0.152528,0.171492,0.133558"
RACExPOLIDEOLOGY,RACExPOLIDEOLOGY :: Black | Very liberal,NEIGHINTERA_W32,6,"0.203814,0.158731,0.151462,0.141178,0.166349,0.178466"
RACExPOLIDEOLOGY,RACExPOLIDEOLOGY :: Hispanic | Conservative,NEIGHINTERA_W32,6,"0.200843,0.171790,0.190155,0.162648,0.160126,0.114437"
RACExPOLIDEOLOGY,RACExPOLIDEOLOGY :: Hispanic | Liberal,NEIGHINTERA_W32,6,"0.182430,0.186756,0.200360,0.170044,0.154827,0.105583"
RACExPOLIDEOLOGY,RACExPOLIDEOLOGY :: Hispanic | Moderate,NEIGHINTERA_W32,6,"0.173318,0.181635,0.227822,0.169303,0.152952,0.094970"
RACExPOLIDEOLOGY,RACExPOLIDEOLOGY :: Hispanic | Very liberal,NEIGHINTERA_W32,6,"0.198362,0.146263,0.149731,0.142875,0.176426,0.186343"
RACExPOLIDEOLOGY,RACExPOLIDEOLOGY :: Mixed Race | Moderate,NEIGHINTERA_W32,6,"0.179618,0.176833,0.214974,0.171392,0.154840,0.102343"
RACExPOLIDEOLOGY,RACExPOLIDEOLOGY :: Other | Conservative,NEIGHINTERA_W32,6,"0.214491,0.159396,0.168356,0.147417,0.175062,0.135278"
RACExPOLIDEOLOGY,RACExPOLIDEOLOGY :: Other | Moderate,NEIGHINTERA_W32,6,"0.183038,0.169283,0.205795,0.155342,0.169283,0.117259"
RACExPOLIDEOLOGY,RACExPOLIDEOLOGY :: White | Conservative,NEIGHINTERA_W32,6,"0.217463,0.162872,0.169360,0.148297,0.161604,0.140404"
RACExPOLIDEOLOGY,RACExPOLIDEOLOGY :: White | Liberal,NEIGHINTERA_W32,6,"0.201041,0.178809,0.178809,0.154143,0.155352,0.131846"
RACExPOLIDEOLOGY,RACExPOLIDEOLOGY :: White | Moderate,NEIGHINTERA_W32,6,"0.194652,0.175854,0.203994,0.153983,0.151595,0.119922"
RACExPOLIDEOLOGY,RACExPOLIDEOLOGY :: White | Refused,NEIGHINTERA_W32,6,"0.192898,0.149060,0.152595,0.167593,0.166288,0.171567"
RACExPOLIDEOLOGY,RACExPOLIDEOLOGY :: White | Very conservative,NEIGHINTERA_W32,6,"0.215192,0.142233,0.140028,0.135720,0.188428,0.178400"
RACExPOLIDEOLOGY,RACExPOLIDEOLOGY :: White | Very liberal,NEIGHINTERA_W32,6,"0.212728,0.131058,0.119330,0.124083,0.173624,0.239177"
RACExPOLIDEOLOGY,RACExPOLIDEOLOGY :: Asian | Liberal,NEIGHINTERD_W32,6,"0.164303,0.141638,0.179047,0.195115,0.174900,0.144997"
RACExPOLIDEOLOGY,RACExPOLIDEOLOGY :: Asian | Moderate,NEIGHINTERD_W32,6,"0.149285,0.122799,0.222360,0.207262,0.174532,0.123762"
RACExPOLIDEOLOGY,RACExPOLIDEOLOGY :: Black | Conservative,NEIGHINTERD_W32,6,"0.179760,0.144441,0.178361,0.182591,0.171528,0.143317"
RACExPOLIDEOLOGY,RACExPOLIDEOLOGY :: Black | Liberal,NEIGHINTERD_W32,6,"0.158361,0.159603,0.186595,0.194028,0.165961,0.135453"
RACExPOLIDEOLOGY,RACExPOLIDEOLOGY :: Black | Moderate,NEIGHINTERD_W32,6,"0.148306,0.141514,0.219182,0.209145,0.165447,0.116407"
RACExPOLIDEOLOGY,RACExPOLIDEOLOGY :: Black | Very conservative,NEIGHINTERD_W32,6,"0.180075,0.141342,0.169165,0.171829,0.178674,0.158916"
RACExPOLIDEOLOGY,RACExPOLIDEOLOGY :: Black | Very liberal,NEIGHINTERD_W32,6,"0.186921,0.138908,0.143317,0.153757,0.170194,0.206903"
RACExPOLIDEOLOGY,RACExPOLIDEOLOGY :: Hispanic | Conservative,NEIGHINTERD_W32,6,"0.179302,0.136406,0.179302,0.182126,0.176522,0.146342"
RACExPOLIDEOLOGY,RACExPOLIDEOLOGY :: Hispanic | Liberal,NEIGHINTERD_W32,6,"0.156132,0.143274,0.185411,0.200477,0.176920,0.137786"
RACExPOLIDEOLOGY,RACExPOLIDEOLOGY :: Hispanic | Moderate,NEIGHINTERD_W32,6,"0.141418,0.125780,0.224227,0.213958,0.177378,0.117240"
RACExPOLIDEOLOGY,RACExPOLIDEOLOGY :: Hispanic | Very liberal,NEIGHINTERD_W32,6,"0.182959,0.127726,0.144733,0.155276,0.178721,0.210585"
RACExPOLIDEOLOGY,RACExPOLIDEOLOGY :: Mixed Race | Moderate,NEIGHINTERD_W32,6,"0.146459,0.130263,0.221585,0.211438,0.172571,0.117683"
RACExPOLIDEOLOGY,RACExPOLIDEOLOGY :: Other | Conservative,NEIGHINTERD_W32,6,"0.192100,0.135159,0.166900,0.164312,0.184741,0.156788"
RACExPOLIDEOLOGY,RACExPOLIDEOLOGY :: Other | Moderate,NEIGHINTERD_W32,6,"0.152422,0.131396,0.213276,0.189692,0.183856,0.129359"
RACExPOLIDEOLOGY,RACExPOLIDEOLOGY :: White | Conservative,NEIGHINTERD_W32,6,"0.195835,0.132508,0.161089,0.166203,0.175545,0.168820"
RACExPOLIDEOLOGY,RACExPOLIDEOLOGY :: White | Liberal,NEIGHINTERD_W32,6,"0.174480,0.148080,0.173123,0.180019,0.169112,0.155186"
RACExPOLIDEOLOGY,RACExPOLIDEOLOGY :: White | Moderate,NEIGHINTERD_W32,6,"0.161626,0.130889,0.209160,0.190442,0.170711,0.137171"
RACExPOLIDEOLOGY,RACExPOLIDEOLOGY :: White | Refused,NEIGHINTERD_W32,6,"0.171710,0.123678,0.146871,0.188586,0.173056,0.196099"
RACExPOLIDEOLOGY,RACExPOLIDEOLOGY :: White | Very conservative,NEIGHINTERD_W32,6,"0.199858,0.125068,0.140618,0.148522,0.190706,0.195228"
RACExPOLIDEOLOGY,RACExPOLIDEOLOGY :: White | Very liberal,NEIGHINTERD_W32,6,"0.205527,0.118950,0.112619,0.128615,0.170388,0.263901"
RACExPOLIDEOLOGY,RACExPOLIDEOLOGY :: Asian | Liberal,NEIGHKEYS_W32,2,"0.629775,0.370225"
RACExPOLIDEOLOGY,RACExPOLIDEOLOGY :: Asian | Moderate,NEIGHKEYS_W32,2,"0.640636,0.359364"
RACExPOLIDEOLOGY,RACExPOLIDEOLOGY :: Black | Conservative,NEIGHKEYS_W32,2,"0.573678,0.426322"
RACExPOLIDEOLOGY,RACExPOLIDEOLOGY :: Black | Liberal,NEIGHKEYS_W32,2,"0.588889,0.411111"
RACExPOLIDEOLOGY,RACExPOLIDEOLOGY :: Black | Moderate,NEIGHKEYS_W32,2,"0.586996,0.413004"
RACExPOLIDEOLOGY,RACExPOLIDEOLOGY :: Black | Very conservative,NEIGHKEYS_W32,2,"0.558327,0.441673"
RACExPOLIDEOLOGY,RACExPOLIDEOLOGY :: Black | Very liberal,NEIGHKEYS_W32,2,"0.537041,0.462959"
RACExPOLIDEOLOGY,RACExPOLIDEOLOGY :: Hispanic | Conservative,NEIGHKEYS_W32,2,"0.581303,0.418697"
RACExPOLIDEOLOGY,RACExPOLIDEOLOGY :: Hispanic | Liberal,NEIGHKEYS_W32,2,"0.588889,0.411111"
RACExPOLIDEOLOGY,RACExPOLIDEOLOGY :: Hispanic | Moderate,NEIGHKEYS_W32,2,"0.613237,0.386763"
RACExPOLIDEOLOGY,RACExPOLIDEOLOGY :: Hispanic | Very liberal,NEIGHKEYS_W32,2,"0.540924,0.459076"
RACExPOLIDEOLOGY,RACExPOLIDEOLOGY :: Mixed Race | Moderate,NEIGHKEYS_W32,2,"0.588889,0.411111"
RACExPOLIDEOLOGY,RACExPOLIDEOLOGY :: Other | Conservative,NEIGHKEYS_W32,2,"0.571767,0.428233"
RACExPOLIDEOLOGY,RACExPOLIDEOLOGY :: Other | Moderate,NEIGHKEYS_W32,2,"0.579400,0.420600"
RACExPOLIDEOLOGY,RACExPOLIDEOLOGY :: White | Conservative,NEIGHKEYS_W32,2,"0.567937,0.432063"
RACExPOLIDEOLOGY,RACExPOLIDEOLOGY :: White | Liberal,NEIGHKEYS_W32,2,"0.573678,0.426322"
RACExPOLIDEOLOGY,RACExPOLIDEOLOGY :: White | Moderate,NEIGHKEYS_W32,2,"0.588889,0.411111"
RACExPOLIDEOLOGY,RACExPOLIDEOLOGY :: White | Refused,NEIGHKEYS_W32,2,"0.550607,0.449393"
RACExPOLIDEOLOGY,RACExPOLIDEOLOGY :: White | Very conservative,NEIGHKEYS_W32,2,"0.556400,0.443600"
RACExPOLIDEOLOGY,RACExPOLIDEOLOGY :: White | Very liberal,NEIGHKEYS_W32,2,"0.540924,0.459076"
RACExPOLIDEOLOGY,RACExPOLIDEOLOGY :: Asian | Liberal,NEIGHKNOW_W32,4,"0.278280,0.278280,0.284880,0.158559"
RACExPOLIDEOLOGY,RACExPOLIDEOLOGY :: Asian | Moderate,NEIGHKNOW_W32,4,"0.260590,0.309459,0.299938,0.130013"
RACExPOLIDEOLOGY,RACExPOLIDEOLOGY :: Black | Conservative,NEIGHKNOW_W32,4,"0.269532,0.291434,0.278088,0.160945"
RACExPOLIDEOLOGY,RACExPOLIDEOLOGY :: Black | Liberal,NEIGHKNOW_W32,4,"0.249975,0.303892,0.299181,0.146953"
RACExPOLIDEOLOGY,RACExPOLIDEOLOGY :: Black | Moderate,NEIGHKNOW_W32,4,"0.230293,0.335075,0.312324,0.122308"
RACExPOLIDEOLOGY,RACExPOLIDEOLOGY :: Black | Very conservative,NEIGHKNOW_W32,4,"0.255683,0.278628,0.278628,0.187062"
RACExPOLIDEOLOGY,RACExPOLIDEOLOGY :: Black | Very liberal,NEIGHKNOW_W32,4,"0.248132,0.270399,0.272520,0.208948"
RACExPOLIDEOLOGY,RACExPOLIDEOLOGY :: Hispanic | Conservative,NEIGHKNOW_W32,4,"0.265027,0.293358,0.282120,0.159496"
RACExPOLIDEOLOGY,RACExPOLIDEOLOGY :: Hispanic | Liberal,NEIGHKNOW_W32,4,"0.243304,0.302796,0.305171,0.148729"
RACExPOLIDEOLOGY,RACExPOLIDEOLOGY :: Hispanic | Moderate,NEIGHKNOW_W32,4,"0.224455,0.334325,0.326580,0.114640"
RACExPOLIDEOLOGY,RACExPOLIDEOLOGY :: Hispanic | Very liberal,NEIGHKNOW_W32,4,"0.245630,0.271887,0.274020,0.208463"
RACExPOLIDEOLOGY,RACExPOLIDEOLOGY :: Mixed Race | Moderate,NEIGHKNOW_W32,4,"0.225641,0.320700,0.315728,0.137931"
RACExPOLIDEOLOGY,RACExPOLIDEOLOGY :: Other | Conservative,NEIGHKNOW_W32,4,"0.267914,0.278587,0.276419,0.177080"
RACExPOLIDEOLOGY,RACExPOLIDEOLOGY :: Other | Moderate,NEIGHKNOW_W32,4,"0.227321,0.320574,0.313147,0.138958"
RACExPOLIDEOLOGY,RACExPOLIDEOLOGY :: White | Conservative,NEIGHKNOW_W32,4,"0.273683,0.280173,0.269440,0.176703"
RACExPOLIDEOLOGY,RACExPOLIDEOLOGY :: White | Liberal,NEIGHKNOW_W32,4,"0.253048,0.286741,0.288990,0.171221"
RACExPOLIDEOLOGY,RACExPOLIDEOLOGY :: White | Moderate,NEIGHKNOW_W32,4,"0.238993,0.316614,0.309279,0.135114"
RACExPOLIDEOLOGY,RACExPOLIDEOLOGY :: White | Refused,NEIGHKNOW_W32,4,"0.236192,0.261441,0.280485,0.221882"
RACExPOLIDEOLOGY,RACExPOLIDEOLOGY :: White | Very conservative,NEIGHKNOW_W32,4,"0.261146,0.257097,0.265259,0.216498"
RACExPOLIDEOLOGY,RACExPOLIDEOLOGY :: White | Very liberal,NEIGHKNOW_W32,4,"0.255855,0.249928,0.253864,0.240353"
RACExPOLIDEOLOGY,RACExPOLIDEOLOGY :: Asian | Liberal,NEIGHSAMEA_W32,5,"0.200683,0.178491,0.215301,0.225634,0.179891"
RACExPOLIDEOLOGY,RACExPOLIDEOLOGY :: Asian | Moderate,NEIGHSAMEA_W32,5,"0.181385,0.169070,0.253804,0.229293,0.166449"
RACExPOLIDEOLOGY,RACExPOLIDEOLOGY :: Black | Conservative,NEIGHSAMEA_W32,5,"0.200507,0.188359,0.210129,0.225436,0.175570"
RACExPOLIDEOLOGY,RACExPOLIDEOLOGY :: Black | Liberal,NEIGHSAMEA_W32,5,"0.181382,0.199209,0.225733,0.231086,0.162590"
RACExPOLIDEOLOGY,RACExPOLIDEOLOGY :: Black | Moderate,NEIGHSAMEA_W32,5,"0.159867,0.191336,0.267727,0.239989,0.141082"
RACExPOLIDEOLOGY,RACExPOLIDEOLOGY :: Black | Very conservative,NEIGHSAMEA_W32,5,"0.215378,0.166431,0.177165,0.223958,0.217067"
RACExPOLIDEOLOGY,RACExPOLIDEOLOGY :: Black | Very liberal,NEIGHSAMEA_W32,5,"0.207140,0.169063,0.175798,0.220500,0.227499"
RACExPOLIDEOLOGY,RACExPOLIDEOLOGY :: Hispanic | Conservative,NEIGHSAMEA_W32,5,"0.198725,0.178136,0.214873,0.228732,0.179533"
RACExPOLIDEOLOGY,RACExPOLIDEOLOGY :: Hispanic | Liberal,NEIGHSAMEA_W32,5,"0.173060,0.185666,0.236545,0.242154,0.162575"
RACExPOLIDEOLOGY,RACExPOLIDEOLOGY :: Hispanic | Moderate,NEIGHSAMEA_W32,5,"0.158116,0.175018,0.275342,0.242988,0.148536"
RACExPOLIDEOLOGY,RACExPOLIDEOLOGY :: Hispanic | Very liberal,NEIGHSAMEA_W32,5,"0.202525,0.164010,0.181543,0.222431,0.229491"
RACExPOLIDEOLOGY,RACExPOLIDEOLOGY :: Mixed Race | Moderate,NEIGHSAMEA_W32,5,"0.154928,0.175557,0.263542,0.253446,0.152526"
RACExPOLIDEOLOGY,RACExPOLIDEOLOGY :: Other | Conservative,NEIGHSAMEA_W32,5,"0.215201,0.163716,0.177019,0.222032,0.222032"
RACExPOLIDEOLOGY,RACExPOLIDEOLOGY :: Other | Moderate,NEIGHSAMEA_W32,5,"0.166653,0.170605,0.233189,0.233189,0.196365"
RACExPOLIDEOLOGY,RACExPOLIDEOLOGY :: White | Conservative,NEIGHSAMEA_W32,5,"0.218904,0.169156,0.185782,0.218904,0.207254"
RACExPOLIDEOLOGY,RACExPOLIDEOLOGY :: White | Liberal,NEIGHSAMEA_W32,5,"0.193835,0.182091,0.209586,0.226616,0.187871"
RACExPOLIDEOLOGY,RACExPOLIDEOLOGY :: White | Moderate,NEIGHSAMEA_W32,5,"0.182563,0.176947,0.238108,0.225436,0.176947"
RACExPOLIDEOLOGY,RACExPOLIDEOLOGY :: White | Refused,NEIGHSAMEA_W32,5,"0.195558,0.163394,0.185150,0.237738,0.218160"
RACExPOLIDEOLOGY,RACExPOLIDEOLOGY :: White | Very conservative,NEIGHSAMEA_W32,5,"0.235834,0.151081,0.147581,0.216413,0.249090"
RACExPOLIDEOLOGY,RACExPOLIDEOLOGY :: White | Very liberal,NEIGHSAMEA_W32,5,"0.229675,0.154197,0.147135,0.210762,0.258231"
RACExPOLIDEOLOGY,RACExPOLIDEOLOGY :: Asian | Liberal,NEWSPREFV2_W45,5,"0.130654,0.058890,0.072154,0.152750,0.585551"
RACExPOLIDEOLOGY,RACExPOLIDEOLOGY :: Asian | Moderate,NEWSPREFV2_W45,5,"0.127218,0.052210,0.077162,0.136485,0.606924"
RACExPOLIDEOLOGY,RACExPOLIDEOLOGY :: Black | Conservative,NEWSPREFV2_W45,5,"0.160825,0.079614,0.094544,0.149906,0.515110"
RACExPOLIDEOLOGY,RACExPOLIDEOLOGY :: Black | Liberal,NEWSPREFV2_W45,5,"0.129806,0.069480,0.077511,0.141454,0.581749"
RACExPOLIDEOLOGY,RACExPOLIDEOLOGY :: Black | Moderate,NEWSPREFV2_W45,5,"0.123495,0.059254,0.081625,0.132491,0.603135"
RACExPOLIDEOLOGY,RACExPOLIDEOLOGY :: Black | Very liberal,NEWSPREFV2_W45,5,"0.128959,0.061875,0.072907,0.180446,0.555813"
RACExPOLIDEOLOGY,RACExPOLIDEOLOGY :: Hispanic | Conservative,NEWSPREFV2_W45,5,"0.163942,0.078048,0.102592,0.150441,0.504976"
RACExPOLIDEOLOGY,RACExPOLIDEOLOGY :: Hispanic | Liberal,NEWSPREFV2_W45,5,"0.127787,0.063755,0.086465,0.144801,0.577192"
RACExPOLIDEOLOGY,RACExPOLIDEOLOGY :: Hispanic | Moderate,NEWSPREFV2_W45,5,"0.115965,0.051459,0.082231,0.123444,0.626900"
RACExPOLIDEOLOGY,RACExPOLIDEOLOGY :: Mixed Race | Conservative,NEWSPREFV2_W45,5,"0.160682,0.074724,0.090841,0.167082,0.506671"
RACExPOLIDEOLOGY,RACExPOLIDEOLOGY :: Mixed Race | Liberal,NEWSPREFV2_W45,5,"0.127701,0.066770,0.079914,0.166554,0.559061"
RACExPOLIDEOLOGY,RACExPOLIDEOLOGY :: Mixed Race | Moderate,NEWSPREFV2_W45,5,"0.113175,0.051815,0.073071,0.145320,0.616618"
RACExPOLIDEOLOGY,RACExPOLIDEOLOGY :: Refused | Moderate,NEWSPREFV2_W45,5,"0.151750,0.072244,0.107607,0.159032,0.509368"
RACExPOLIDEOLOGY,RACExPOLIDEOLOGY :: White | Conservative,NEWSPREFV2_W45,5,"0.169902,0.074225,0.081520,0.134404,0.539949"
RACExPOLIDEOLOGY,RACExPOLIDEOLOGY :: White | Liberal,NEWSPREFV2_W45,5,"0.136329,0.065925,0.071840,0.129074,0.596832"
RACExPOLIDEOLOGY,RACExPOLIDEOLOGY :: White | Moderate,NEWSPREFV2_W45,5,"0.125040,0.054626,0.072367,0.112964,0.635003"
RACExPOLIDEOLOGY,RACExPOLIDEOLOGY :: White | Refused,NEWSPREFV2_W45,5,"0.137000,0.060320,0.069428,0.156459,0.576792"
RACExPOLIDEOLOGY,RACExPOLIDEOLOGY :: White | Very conservative,NEWSPREFV2_W45,5,"0.141749,0.066436,0.072398,0.163152,0.556265"
RACExPOLIDEOLOGY,RACExPOLIDEOLOGY :: White | Very liberal,NEWSPREFV2_W45,5,"0.132697,0.060280,0.065179,0.156356,0.585488"
RACExPOLIDEOLOGY,RACExPOLIDEOLOGY :: Asian | Conservative,PAR2CHILD_W92,2,"0.644225,0.355775"
RACExPOLIDEOLOGY,RACExPOLIDEOLOGY :: Asian | Liberal,PAR2CHILD_W92,2,"0.494141,0.505859"
RACExPOLIDEOLOGY,RACExPOLIDEOLOGY :: Asian | Moderate,PAR2CHILD_W92,2,"0.472683,0.527317"
RACExPOLIDEOLOGY,RACExPOLIDEOLOGY :: Black | Conservative,PAR2CHILD_W92,2,"0.598312,0.401688"
RACExPOLIDEOLOGY,RACExPOLIDEOLOGY :: Black | Liberal,PAR2CHILD_W92,2,"0.503906,0.496094"
RACExPOLIDEOLOGY,RACExPOLIDEOLOGY :: Black | Moderate,PAR2CHILD_W92,2,"0.470737,0.529263"
RACExPOLIDEOLOGY,RACExPOLIDEOLOGY :: Black | Very conservative,PAR2CHILD_W92,2,"0.546738,0.453262"
RACExPOLIDEOLOGY,RACExPOLIDEOLOGY :: Black | Very liberal,PAR2CHILD_W92,2,"0.529263,0.470737"
RACExPOLIDEOLOGY,RACExPOLIDEOLOGY :: Hispanic | Conservative,PAR2CHILD_W92,2,"0.615088,0.384912"
RACExPOLIDEOLOGY,RACExPOLIDEOLOGY :: Hispanic | Liberal,PAR2CHILD_W92,2,"0.517571,0.482429"
RACExPOLIDEOLOGY,RACExPOLIDEOLOGY :: Hispanic | Moderate,PAR2CHILD_W92,2,"0.509764,0.490236"
RACExPOLIDEOLOGY,RACExPOLIDEOLOGY :: Hispanic | Very conservative,PAR2CHILD_W92,2,"0.564098,0.435902"
RACExPOLIDEOLOGY,RACExPOLIDEOLOGY :: Hispanic | Very liberal,PAR2CHILD_W92,2,"0.542863,0.457137"
RACExPOLIDEOLOGY,RACExPOLIDEOLOGY :: Mixed Race | Conservative,PAR2CHILD_W92,2,"0.590779,0.409221"
RACExPOLIDEOLOGY,RACExPOLIDEOLOGY :: Mixed Race | Liberal,PAR2CHILD_W92,2,"0.490236,0.509764"
RACExPOLIDEOLOGY,RACExPOLIDEOLOGY :: Mixed Race | Moderate,PAR2CHILD_W92,2,"0.468791,0.531209"
RACExPOLIDEOLOGY,RACExPOLIDEOLOGY :: Refused | Conservative,PAR2CHILD_W92,2,"0.560253,0.439747"
RACExPOLIDEOLOGY,RACExPOLIDEOLOGY :: Refused | Moderate,PAR2CHILD_W92,2,"0.474631,0.525369"
RACExPOLIDEOLOGY,RACExPOLIDEOLOGY :: White | Conservative,PAR2CHILD_W92,2,"0.567937,0.432063"
RACExPOLIDEOLOGY,RACExPOLIDEOLOGY :: White | Liberal,PAR2CHILD_W92,2,"0.466846,0.533154"
RACExPOLIDEOLOGY,RACExPOLIDEOLOGY :: White | Moderate,PAR2CHILD_W92,2,"0.443600,0.556400"
RACExPOLIDEOLOGY,RACExPOLIDEOLOGY :: White | Refused,PAR2CHILD_W92,2,"0.466846,0.533154"
RACExPOLIDEOLOGY,RACExPOLIDEOLOGY :: White | Very conservative,PAR2CHILD_W92,2,"0.515620,0.484380"
RACExPOLIDEOLOGY,RACExPOLIDEOLOGY :: White | Very liberal,PAR2CHILD_W92,2,"0.498047,0.501953"
RACExPOLIDEOLOGY,RACExPOLIDEOLOGY :: Asian | Conservative,PAR2CHILDa_W92,3,"0.831783,0.095537,0.072680"
RACExPOLIDEOLOGY,RACExPOLIDEOLOGY :: Asian | Liberal,PAR2CHILDa_W92,3,"0.775771,0.128635,0.095594"
RACExPOLIDEOLOGY,RACExPOLIDEOLOGY :: Asian | Moderate,PAR2CHILDa_W92,3,"0.675912,0.170897,0.153191"
RACExPOLIDEOLOGY,RACExPOLIDEOLOGY :: Black | Conservative,PAR2CHILDa_W92,3,"0.756613,0.150154,0.093233"
RACExPOLIDEOLOGY,RACExPOLIDEOLOGY :: Black | Liberal,PAR2CHILDa_W92,3,"0.738774,0.163560,0.097666"
RACExPOLIDEOLOGY,RACExPOLIDEOLOGY :: Black | Moderate,PAR2CHILDa_W92,3,"0.628681,0.207317,0.164001"
RACExPOLIDEOLOGY,RACExPOLIDEOLOGY :: Black | Very conservative,PAR2CHILDa_W92,3,"0.769521,0.143464,0.087015"
RACExPOLIDEOLOGY,RACExPOLIDEOLOGY :: Black | Very liberal,PAR2CHILDa_W92,3,"0.738111,0.159628,0.102261"
RACExPOLIDEOLOGY,RACExPOLIDEOLOGY :: Hispanic | Conservative,PAR2CHILDa_W92,3,"0.721056,0.162151,0.116793"
RACExPOLIDEOLOGY,RACExPOLIDEOLOGY :: Hispanic | Liberal,PAR2CHILDa_W92,3,"0.699985,0.171539,0.128477"
RACExPOLIDEOLOGY,RACExPOLIDEOLOGY :: Hispanic | Moderate,PAR2CHILDa_W92,3,"0.633531,0.202489,0.163980"
RACExPOLIDEOLOGY,RACExPOLIDEOLOGY :: Hispanic | Very conservative,PAR2CHILDa_W92,3,"0.726770,0.160902,0.112328"
RACExPOLIDEOLOGY,RACExPOLIDEOLOGY :: Hispanic | Very liberal,PAR2CHILDa_W92,3,"0.698535,0.175243,0.126223"
RACExPOLIDEOLOGY,RACExPOLIDEOLOGY :: Mixed Race | Conservative,PAR2CHILDa_W92,3,"0.732931,0.157274,0.109795"
RACExPOLIDEOLOGY,RACExPOLIDEOLOGY :: Mixed Race | Liberal,PAR2CHILDa_W92,3,"0.688573,0.181034,0.130394"
RACExPOLIDEOLOGY,RACExPOLIDEOLOGY :: Mixed Race | Moderate,PAR2CHILDa_W92,3,"0.609836,0.214073,0.176091"
RACExPOLIDEOLOGY,RACExPOLIDEOLOGY :: Refused | Conservative,PAR2CHILDa_W92,3,"0.599890,0.224163,0.175947"
RACExPOLIDEOLOGY,RACExPOLIDEOLOGY :: Refused | Moderate,PAR2CHILDa_W92,3,"0.480951,0.265606,0.253443"
RACExPOLIDEOLOGY,RACExPOLIDEOLOGY :: White | Conservative,PAR2CHILDa_W92,3,"0.733558,0.157408,0.109034"
RACExPOLIDEOLOGY,RACExPOLIDEOLOGY :: White | Liberal,PAR2CHILDa_W92,3,"0.691214,0.178911,0.129875"
RACExPOLIDEOLOGY,RACExPOLIDEOLOGY :: White | Moderate,PAR2CHILDa_W92,3,"0.610854,0.212761,0.176385"
RACExPOLIDEOLOGY,RACExPOLIDEOLOGY :: White | Refused,PAR2CHILDa_W92,3,"0.640350,0.201495,0.158155"
RACExPOLIDEOLOGY,RACExPOLIDEOLOGY :: White | Very conservative,PAR2CHILDa_W92,3,"0.709084,0.172416,0.118500"
RACExPOLIDEOLOGY,RACExPOLIDEOLOGY :: White | Very liberal,PAR2CHILDa_W92,3,"0.672577,0.189709,0.137714"
RACExPOLIDEOLOGY,RACExPOLIDEOLOGY :: Asian | Conservative,POLINTOL2_a_W92,4,"0.425812,0.207524,0.212445,0.154219"
RACExPOLIDEOLOGY,RACExPOLIDEOLOGY :: Asian | Liberal,POLINTOL2_a_W92,4,"0.371883,0.223803,0.232718,0.171596"
RACExPOLIDEOLOGY,RACExPOLIDEOLOGY :: Asian | Moderate,POLINTOL2_a_W92,4,"0.373387,0.246794,0.239201,0.140619"
RACExPOLIDEOLOGY,RACExPOLIDEOLOGY :: Black | Conservative,POLINTOL2_a_W92,4,"0.369352,0.236616,0.227551,0.166480"
RACExPOLIDEOLOGY,RACExPOLIDEOLOGY :: Black | Liberal,POLINTOL2_a_W92,4,"0.349550,0.255737,0.234677,0.160036"
RACExPOLIDEOLOGY,RACExPOLIDEOLOGY :: Black | Moderate,POLINTOL2_a_W92,4,"0.344980,0.277199,0.242724,0.135096"
RACExPOLIDEOLOGY,RACExPOLIDEOLOGY :: Black | Very conservative,POLINTOL2_a_W92,4,"0.389610,0.215163,0.216851,0.178376"
RACExPOLIDEOLOGY,RACExPOLIDEOLOGY :: Black | Very liberal,POLINTOL2_a_W92,4,"0.372010,0.216991,0.210315,0.200684"
RACExPOLIDEOLOGY,RACExPOLIDEOLOGY :: Hispanic | Conservative,POLINTOL2_a_W92,4,"0.357068,0.230541,0.239724,0.172667"
RACExPOLIDEOLOGY,RACExPOLIDEOLOGY :: Hispanic | Liberal,POLINTOL2_a_W92,4,"0.337786,0.243298,0.249067,0.169849"
RACExPOLIDEOLOGY,RACExPOLIDEOLOGY :: Hispanic | Moderate,POLINTOL2_a_W92,4,"0.345260,0.270998,0.250632,0.133110"
RACExPOLIDEOLOGY,RACExPOLIDEOLOGY :: Hispanic | Very conservative,POLINTOL2_a_W92,4,"0.374782,0.210234,0.230897,0.184087"
RACExPOLIDEOLOGY,RACExPOLIDEOLOGY :: Hispanic | Very liberal,POLINTOL2_a_W92,4,"0.356930,0.213133,0.223361,0.206575"
RACExPOLIDEOLOGY,RACExPOLIDEOLOGY :: Mixed Race | Conservative,POLINTOL2_a_W92,4,"0.359684,0.225085,0.228629,0.186602"
RACExPOLIDEOLOGY,RACExPOLIDEOLOGY :: Mixed Race | Liberal,POLINTOL2_a_W92,4,"0.336782,0.236956,0.238814,0.187448"
RACExPOLIDEOLOGY,RACExPOLIDEOLOGY :: Mixed Race | Moderate,POLINTOL2_a_W92,4,"0.338473,0.267755,0.240014,0.153758"
RACExPOLIDEOLOGY,RACExPOLIDEOLOGY :: Refused | Conservative,POLINTOL2_a_W92,4,"0.347173,0.234909,0.227682,0.190235"
RACExPOLIDEOLOGY,RACExPOLIDEOLOGY :: Refused | Moderate,POLINTOL2_a_W92,4,"0.329539,0.264792,0.237358,0.168312"
RACExPOLIDEOLOGY,RACExPOLIDEOLOGY :: White | Conservative,POLINTOL2_a_W92,4,"0.372511,0.227711,0.222436,0.177342"
RACExPOLIDEOLOGY,RACExPOLIDEOLOGY :: White | Liberal,POLINTOL2_a_W92,4,"0.343507,0.239806,0.234251,0.182435"
RACExPOLIDEOLOGY,RACExPOLIDEOLOGY :: White | Moderate,POLINTOL2_a_W92,4,"0.350922,0.264890,0.235598,0.148590"
RACExPOLIDEOLOGY,RACExPOLIDEOLOGY :: White | Refused,POLINTOL2_a_W92,4,"0.336132,0.236499,0.217023,0.210346"
RACExPOLIDEOLOGY,RACExPOLIDEOLOGY :: White | Very conservative,POLINTOL2_a_W92,4,"0.391159,0.202931,0.206126,0.199784"
RACExPOLIDEOLOGY,RACExPOLIDEOLOGY :: White | Very liberal,POLINTOL2_a_W92,4,"0.372619,0.209021,0.201013,0.217347"
RACExPOLIDEOLOGY,RACExPOLIDEOLOGY :: Asian | Conservative,POORASSIST_W92,3,"0.508322,0.223811,0.267867"
RACExPOLIDEOLOGY,RACExPOLIDEOLOGY :: Asian | Liberal,POORASSIST_W92,3,"0.469561,0.220079,0.310361"
RACExPOLIDEOLOGY,RACExPOLIDEOLOGY :: Asian | Moderate,POORASSIST_W92,3,"0.279011,0.231309,0.489680"
RACExPOLIDEOLOGY,RACExPOLIDEOLOGY :: Black | Conservative,POORASSIST_W92,3,"0.436164,0.268713,0.295123"
RACExPOLIDEOLOGY,RACExPOLIDEOLOGY :: Black | Liberal,POORASSIST_W92,3,"0.434012,0.243458,0.322530"
RACExPOLIDEOLOGY,RACExPOLIDEOLOGY :: Black | Moderate,POORASSIST_W92,3,"0.257069,0.239615,0.503317"
RACExPOLIDEOLOGY,RACExPOLIDEOLOGY :: Black | Very conservative,POORASSIST_W92,3,"0.491633,0.230424,0.277944"
RACExPOLIDEOLOGY,RACExPOLIDEOLOGY :: Black | Very liberal,POORASSIST_W92,3,"0.489682,0.222448,0.287869"
RACExPOLIDEOLOGY,RACExPOLIDEOLOGY :: Hispanic | Conservative,POORASSIST_W92,3,"0.425804,0.279249,0.294946"
RACExPOLIDEOLOGY,RACExPOLIDEOLOGY :: Hispanic | Liberal,POORASSIST_W92,3,"0.440286,0.245056,0.314658"
RACExPOLIDEOLOGY,RACExPOLIDEOLOGY :: Hispanic | Moderate,POORASSIST_W92,3,"0.263615,0.240024,0.496361"
RACExPOLIDEOLOGY,RACExPOLIDEOLOGY :: Hispanic | Very conservative,POORASSIST_W92,3,"0.481947,0.253968,0.264085"
RACExPOLIDEOLOGY,RACExPOLIDEOLOGY :: Hispanic | Very liberal,POORASSIST_W92,3,"0.476846,0.249325,0.273830"
RACExPOLIDEOLOGY,RACExPOLIDEOLOGY :: Mixed Race | Conservative,POORASSIST_W92,3,"0.436164,0.268713,0.295123"
RACExPOLIDEOLOGY,RACExPOLIDEOLOGY :: Mixed Race | Liberal,POORASSIST_W92,3,"0.431818,0.242228,0.325954"
RACExPOLIDEOLOGY,RACExPOLIDEOLOGY :: Mixed Race | Moderate,POORASSIST_W92,3,"0.250620,0.239143,0.510237"
RACExPOLIDEOLOGY,RACExPOLIDEOLOGY :: Refused | Conservative,POORASSIST_W92,3,"0.380160,0.286960,0.332880"
RACExPOLIDEOLOGY,RACExPOLIDEOLOGY :: Refused | Moderate,POORASSIST_W92,3,"0.278366,0.269802,0.451833"
RACExPOLIDEOLOGY,RACExPOLIDEOLOGY :: White | Conservative,POORASSIST_W92,3,"0.409876,0.270912,0.319212"
RACExPOLIDEOLOGY,RACExPOLIDEOLOGY :: White | Liberal,POORASSIST_W92,3,"0.415463,0.248084,0.336452"
RACExPOLIDEOLOGY,RACExPOLIDEOLOGY :: White | Moderate,POORASSIST_W92,3,"0.274388,0.244046,0.481566"
RACExPOLIDEOLOGY,RACExPOLIDEOLOGY :: White | Refused,POORASSIST_W92,3,"0.295592,0.239377,0.465031"
RACExPOLIDEOLOGY,RACExPOLIDEOLOGY :: White | Very conservative,POORASSIST_W92,3,"0.472129,0.239264,0.288607"
RACExPOLIDEOLOGY,RACExPOLIDEOLOGY :: White | Very liberal,POORASSIST_W92,3,"0.439441,0.246504,0.314055"
RACExPOLIDEOLOGY,RACExPOLIDEOLOGY :: Asian | Liberal,POOREASY_W53,2,"0.433981,0.566019"
RACExPOLIDEOLOGY,RACExPOLIDEOLOGY :: Asian | Moderate,POOREASY_W53,2,"0.405449,0.594551"
RACExPOLIDEOLOGY,RACExPOLIDEOLOGY :: Black | Conservative,POOREASY_W53,2,"0.482429,0.517571"
RACExPOLIDEOLOGY,RACExPOLIDEOLOGY :: Black | Liberal,POOREASY_W53,2,"0.426322,0.573678"
RACExPOLIDEOLOGY,RACExPOLIDEOLOGY :: Black | Moderate,POOREASY_W53,2,"0.399812,0.600188"
RACExPOLIDEOLOGY,RACExPOLIDEOLOGY :: Black | Very conservative,POOREASY_W53,2,"0.474631,0.525369"
RACExPOLIDEOLOGY,RACExPOLIDEOLOGY :: Black | Very liberal,POOREASY_W53,2,"0.435902,0.564098"
RACExPOLIDEOLOGY,RACExPOLIDEOLOGY :: Hispanic | Conservative,POOREASY_W53,2,"0.496094,0.503906"
RACExPOLIDEOLOGY,RACExPOLIDEOLOGY :: Hispanic | Liberal,POOREASY_W53,2,"0.443600,0.556400"
RACExPOLIDEOLOGY,RACExPOLIDEOLOGY :: Hispanic | Moderate,POOREASY_W53,2,"0.397938,0.602062"
RACExPOLIDEOLOGY,RACExPOLIDEOLOGY :: Mixed Race | Liberal,POOREASY_W53,2,"0.435902,0.564098"
RACExPOLIDEOLOGY,RACExPOLIDEOLOGY :: Mixed Race | Moderate,POOREASY_W53,2,"0.403567,0.596433"
RACExPOLIDEOLOGY,RACExPOLIDEOLOGY :: Refused | Moderate,POOREASY_W53,2,"0.449393,0.550607"
RACExPOLIDEOLOGY,RACExPOLIDEOLOGY :: White | Conservative,POOREASY_W53,2,"0.474631,0.525369"
RACExPOLIDEOLOGY,RACExPOLIDEOLOGY :: White | Liberal,POOREASY_W53,2,"0.459076,0.540924"
RACExPOLIDEOLOGY,RACExPOLIDEOLOGY :: White | Moderate,POOREASY_W53,2,"0.428233,0.571767"
RACExPOLIDEOLOGY,RACExPOLIDEOLOGY :: White | Refused,POOREASY_W53,2,"0.449393,0.550607"
RACExPOLIDEOLOGY,RACExPOLIDEOLOGY :: White | Very conservative,POOREASY_W53,2,"0.472683,0.527317"
RACExPOLIDEOLOGY,RACExPOLIDEOLOGY :: White | Very liberal,POOREASY_W53,2,"0.447460,0.552540"
RACExPOLIDEOLOGY,RACExPOLIDEOLOGY :: Asian | Conservative,PPLRESP_W92,2,"0.763484,0.236516"
RACExPOLIDEOLOGY,RACExPOLIDEOLOGY :: Asian | Liberal,PPLRESP_W92,2,"0.690976,0.309024"
RACExPOLIDEOLOGY,RACExPOLIDEOLOGY :: Asian | Moderate,PPLRESP_W92,2,"0.598312,0.401688"
RACExPOLIDEOLOGY,RACExPOLIDEOLOGY :: Black | Conservative,PPLRESP_W92,2,"0.631594,0.368406"
RACExPOLIDEOLOGY,RACExPOLIDEOLOGY :: Black | Liberal,PPLRESP_W92,2,"0.615088,0.384912"
RACExPOLIDEOLOGY,RACExPOLIDEOLOGY :: Black | Moderate,PPLRESP_W92,2,"0.548674,0.451327"
RACExPOLIDEOLOGY,RACExPOLIDEOLOGY :: Black | Very conservative,PPLRESP_W92,2,"0.689306,0.310694"
RACExPOLIDEOLOGY,RACExPOLIDEOLOGY :: Black | Very liberal,PPLRESP_W92,2,"0.668880,0.331120"
RACExPOLIDEOLOGY,RACExPOLIDEOLOGY :: Hispanic | Conservative,PPLRESP_W92,2,"0.638835,0.361165"
RACExPOLIDEOLOGY,RACExPOLIDEOLOGY :: Hispanic | Liberal,PPLRESP_W92,2,"0.622459,0.377541"
RACExPOLIDEOLOGY,RACExPOLIDEOLOGY :: Hispanic | Moderate,PPLRESP_W92,2,"0.567937,0.432063"
RACExPOLIDEOLOGY,RACExPOLIDEOLOGY :: Hispanic | Very conservative,PPLRESP_W92,2,"0.690976,0.309024"
RACExPOLIDEOLOGY,RACExPOLIDEOLOGY :: Hispanic | Very liberal,PPLRESP_W92,2,"0.665411,0.334589"
RACExPOLIDEOLOGY,RACExPOLIDEOLOGY :: Mixed Race | Conservative,PPLRESP_W92,2,"0.642432,0.357568"
RACExPOLIDEOLOGY,RACExPOLIDEOLOGY :: Mixed Race | Liberal,PPLRESP_W92,2,"0.620622,0.379378"
RACExPOLIDEOLOGY,RACExPOLIDEOLOGY :: Mixed Race | Moderate,PPLRESP_W92,2,"0.558327,0.441673"
RACExPOLIDEOLOGY,RACExPOLIDEOLOGY :: Refused | Conservative,PPLRESP_W92,2,"0.573678,0.426322"
RACExPOLIDEOLOGY,RACExPOLIDEOLOGY :: Refused | Moderate,PPLRESP_W92,2,"0.521471,0.478529"
RACExPOLIDEOLOGY,RACExPOLIDEOLOGY :: White | Conservative,PPLRESP_W92,2,"0.596433,0.403567"
RACExPOLIDEOLOGY,RACExPOLIDEOLOGY :: White | Liberal,PPLRESP_W92,2,"0.579400,0.420600"
RACExPOLIDEOLOGY,RACExPOLIDEOLOGY :: White | Moderate,PPLRESP_W92,2,"0.523420,0.476580"
RACExPOLIDEOLOGY,RACExPOLIDEOLOGY :: White | Refused,PPLRESP_W92,2,"0.531209,0.468791"
RACExPOLIDEOLOGY,RACExPOLIDEOLOGY :: White | Very conservative,PPLRESP_W92,2,"0.622459,0.377541"
RACExPOLIDEOLOGY,RACExPOLIDEOLOGY :: White | Very liberal,PPLRESP_W92,2,"0.586996,0.413004"
RACExPOLIDEOLOGY,RACExPOLIDEOLOGY :: Asian | Conservative,PROBOFF_a_W92,3,"0.635939,0.213013,0.151049"
RACExPOLIDEOLOGY,RACExPOLIDEOLOGY :: Asian | Liberal,PROBOFF_a_W92,3,"0.604680,0.220718,0.174602"
RACExPOLIDEOLOGY,RACExPOLIDEOLOGY :: Asian | Moderate,PROBOFF_a_W92,3,"0.532601,0.255545,0.211854"
RACExPOLIDEOLOGY,RACExPOLIDEOLOGY :: Black | Conservative,PROBOFF_a_W92,3,"0.567097,0.251648,0.181255"
RACExPOLIDEOLOGY,RACExPOLIDEOLOGY :: Black | Liberal,PROBOFF_a_W92,3,"0.568695,0.252357,0.178948"
RACExPOLIDEOLOGY,RACExPOLIDEOLOGY :: Black | Moderate,PROBOFF_a_W92,3,"0.508681,0.280920,0.210399"
RACExPOLIDEOLOGY,RACExPOLIDEOLOGY :: Black | Very conservative,PROBOFF_a_W92,3,"0.665337,0.186206,0.148457"
RACExPOLIDEOLOGY,RACExPOLIDEOLOGY :: Black | Very liberal,PROBOFF_a_W92,3,"0.652391,0.197420,0.150189"
RACExPOLIDEOLOGY,RACExPOLIDEOLOGY :: Hispanic | Conservative,PROBOFF_a_W92,3,"0.551148,0.252334,0.196518"
RACExPOLIDEOLOGY,RACExPOLIDEOLOGY :: Hispanic | Liberal,PROBOFF_a_W92,3,"0.554763,0.252012,0.193225"
RACExPOLIDEOLOGY,RACExPOLIDEOLOGY :: Hispanic | Moderate,PROBOFF_a_W92,3,"0.519817,0.271793,0.208391"
RACExPOLIDEOLOGY,RACExPOLIDEOLOGY :: Hispanic | Very conservative,PROBOFF_a_W92,3,"0.638631,0.194772,0.166597"
RACExPOLIDEOLOGY,RACExPOLIDEOLOGY :: Hispanic | Very liberal,PROBOFF_a_W92,3,"0.621565,0.209831,0.168604"
RACExPOLIDEOLOGY,RACExPOLIDEOLOGY :: Mixed Race | Conservative,PROBOFF_a_W92,3,"0.551992,0.252720,0.195287"
RACExPOLIDEOLOGY,RACExPOLIDEOLOGY :: Mixed Race | Liberal,PROBOFF_a_W92,3,"0.555010,0.250163,0.194827"
RACExPOLIDEOLOGY,RACExPOLIDEOLOGY :: Mixed Race | Moderate,PROBOFF_a_W92,3,"0.501400,0.281260,0.217341"
RACExPOLIDEOLOGY,RACExPOLIDEOLOGY :: Refused | Conservative,PROBOFF_a_W92,3,"0.489285,0.283176,0.227539"
RACExPOLIDEOLOGY,RACExPOLIDEOLOGY :: Refused | Moderate,PROBOFF_a_W92,3,"0.436568,0.304774,0.258658"
RACExPOLIDEOLOGY,RACExPOLIDEOLOGY :: White | Conservative,PROBOFF_a_W92,3,"0.530900,0.262815,0.206286"
RACExPOLIDEOLOGY,RACExPOLIDEOLOGY :: White | Liberal,PROBOFF_a_W92,3,"0.529294,0.268233,0.202473"
RACExPOLIDEOLOGY,RACExPOLIDEOLOGY :: White | Moderate,PROBOFF_a_W92,3,"0.479926,0.293373,0.226701"
RACExPOLIDEOLOGY,RACExPOLIDEOLOGY :: White | Refused,PROBOFF_a_W92,3,"0.495230,0.267156,0.237614"
RACExPOLIDEOLOGY,RACExPOLIDEOLOGY :: White | Very conservative,PROBOFF_a_W92,3,"0.601989,0.212975,0.185036"
RACExPOLIDEOLOGY,RACExPOLIDEOLOGY :: White | Very liberal,PROBOFF_a_W92,3,"0.581800,0.227836,0.190364"
RACExPOLIDEOLOGY,RACExPOLIDEOLOGY :: Asian | Conservative,PROBOFF_b_W92,3,"0.607551,0.243562,0.148887"
RACExPOLIDEOLOGY,RACExPOLIDEOLOGY :: Asian | Liberal,PROBOFF_b_W92,3,"0.573563,0.264656,0.161781"
RACExPOLIDEOLOGY,RACExPOLIDEOLOGY :: Asian | Moderate,PROBOFF_b_W92,3,"0.487982,0.310180,0.201838"
RACExPOLIDEOLOGY,RACExPOLIDEOLOGY :: Black | Conservative,PROBOFF_b_W92,3,"0.557013,0.275741,0.167246"
RACExPOLIDEOLOGY,RACExPOLIDEOLOGY :: Black | Liberal,PROBOFF_b_W92,3,"0.536879,0.294185,0.168936"
RACExPOLIDEOLOGY,RACExPOLIDEOLOGY :: Black | Moderate,PROBOFF_b_W92,3,"0.465246,0.329909,0.204845"
RACExPOLIDEOLOGY,RACExPOLIDEOLOGY :: Black | Very conservative,PROBOFF_b_W92,3,"0.629848,0.219377,0.150775"
RACExPOLIDEOLOGY,RACExPOLIDEOLOGY :: Black | Very liberal,PROBOFF_b_W92,3,"0.634149,0.224353,0.141498"
RACExPOLIDEOLOGY,RACExPOLIDEOLOGY :: Hispanic | Conservative,PROBOFF_b_W92,3,"0.539087,0.277498,0.183415"
RACExPOLIDEOLOGY,RACExPOLIDEOLOGY :: Hispanic | Liberal,PROBOFF_b_W92,3,"0.529883,0.292629,0.177488"
RACExPOLIDEOLOGY,RACExPOLIDEOLOGY :: Hispanic | Moderate,PROBOFF_b_W92,3,"0.463750,0.328848,0.207402"
RACExPOLIDEOLOGY,RACExPOLIDEOLOGY :: Hispanic | Very conservative,PROBOFF_b_W92,3,"0.597490,0.233980,0.168530"
RACExPOLIDEOLOGY,RACExPOLIDEOLOGY :: Hispanic | Very liberal,PROBOFF_b_W92,3,"0.597663,0.241478,0.160859"
RACExPOLIDEOLOGY,RACExPOLIDEOLOGY :: Mixed Race | Conservative,PROBOFF_b_W92,3,"0.539087,0.277498,0.183415"
RACExPOLIDEOLOGY,RACExPOLIDEOLOGY :: Mixed Race | Liberal,PROBOFF_b_W92,3,"0.524214,0.291769,0.184017"
RACExPOLIDEOLOGY,RACExPOLIDEOLOGY :: Mixed Race | Moderate,PROBOFF_b_W92,3,"0.454051,0.334796,0.211153"
RACExPOLIDEOLOGY,RACExPOLIDEOLOGY :: Refused | Conservative,PROBOFF_b_W92,3,"0.479396,0.297664,0.222940"
RACExPOLIDEOLOGY,RACExPOLIDEOLOGY :: Refused | Moderate,PROBOFF_b_W92,3,"0.405734,0.336365,0.257900"
RACExPOLIDEOLOGY,RACExPOLIDEOLOGY :: White | Conservative,PROBOFF_b_W92,3,"0.518847,0.288782,0.192370"
RACExPOLIDEOLOGY,RACExPOLIDEOLOGY :: White | Liberal,PROBOFF_b_W92,3,"0.506205,0.304640,0.189155"
RACExPOLIDEOLOGY,RACExPOLIDEOLOGY :: White | Moderate,PROBOFF_b_W92,3,"0.440207,0.340166,0.219627"
RACExPOLIDEOLOGY,RACExPOLIDEOLOGY :: White | Refused,PROBOFF_b_W92,3,"0.450167,0.306987,0.242847"
RACExPOLIDEOLOGY,RACExPOLIDEOLOGY :: White | Very conservative,PROBOFF_b_W92,3,"0.565221,0.246927,0.187852"
RACExPOLIDEOLOGY,RACExPOLIDEOLOGY :: White | Very liberal,PROBOFF_b_W92,3,"0.548949,0.261339,0.189712"
RACExPOLIDEOLOGY,RACExPOLIDEOLOGY :: Asian | Liberal,PROBURBAN_W32,4,"0.340631,0.267365,0.239664,0.152340"
RACExPOLIDEOLOGY,RACExPOLIDEOLOGY :: Asian | Moderate,PROBURBAN_W32,4,"0.329592,0.286355,0.248789,0.135264"
RACExPOLIDEOLOGY,RACExPOLIDEOLOGY :: Black | Conservative,PROBURBAN_W32,4,"0.310395,0.280418,0.249409,0.159778"
RACExPOLIDEOLOGY,RACExPOLIDEOLOGY :: Black | Liberal,PROBURBAN_W32,4,"0.315948,0.292204,0.246061,0.145786"
RACExPOLIDEOLOGY,RACExPOLIDEOLOGY :: Black | Moderate,PROBURBAN_W32,4,"0.296844,0.313530,0.257903,0.131724"
RACExPOLIDEOLOGY,RACExPOLIDEOLOGY :: Black | Very conservative,PROBURBAN_W32,4,"0.321058,0.270358,0.236733,0.171850"
RACExPOLIDEOLOGY,RACExPOLIDEOLOGY :: Black | Very liberal,PROBURBAN_W32,4,"0.311162,0.270342,0.231236,0.187260"
RACExPOLIDEOLOGY,RACExPOLIDEOLOGY :: Hispanic | Conservative,PROBURBAN_W32,4,"0.303592,0.280777,0.255650,0.159982"
RACExPOLIDEOLOGY,RACExPOLIDEOLOGY :: Hispanic | Liberal,PROBURBAN_W32,4,"0.303140,0.291526,0.255269,0.150065"
RACExPOLIDEOLOGY,RACExPOLIDEOLOGY :: Hispanic | Moderate,PROBURBAN_W32,4,"0.301022,0.313013,0.259497,0.126469"
RACExPOLIDEOLOGY,RACExPOLIDEOLOGY :: Hispanic | Very liberal,PROBURBAN_W32,4,"0.303582,0.270011,0.236430,0.189977"
RACExPOLIDEOLOGY,RACExPOLIDEOLOGY :: Mixed Race | Moderate,PROBURBAN_W32,4,"0.296508,0.301178,0.249685,0.152629"
RACExPOLIDEOLOGY,RACExPOLIDEOLOGY :: Other | Conservative,PROBURBAN_W32,4,"0.320953,0.270270,0.242268,0.166508"
RACExPOLIDEOLOGY,RACExPOLIDEOLOGY :: Other | Moderate,PROBURBAN_W32,4,"0.302563,0.302563,0.250833,0.144041"
RACExPOLIDEOLOGY,RACExPOLIDEOLOGY :: White | Conservative,PROBURBAN_W32,4,"0.314286,0.275198,0.240971,0.169545"
RACExPOLIDEOLOGY,RACExPOLIDEOLOGY :: White | Liberal,PROBURBAN_W32,4,"0.308165,0.285006,0.241881,0.164949"
RACExPOLIDEOLOGY,RACExPOLIDEOLOGY :: White | Moderate,PROBURBAN_W32,4,"0.301751,0.304118,0.248214,0.145917"
RACExPOLIDEOLOGY,RACExPOLIDEOLOGY :: White | Refused,PROBURBAN_W32,4,"0.293638,0.269457,0.228685,0.208220"
RACExPOLIDEOLOGY,RACExPOLIDEOLOGY :: White | Very conservative,PROBURBAN_W32,4,"0.327362,0.256950,0.223242,0.192446"
RACExPOLIDEOLOGY,RACExPOLIDEOLOGY :: White | Very liberal,PROBURBAN_W32,4,"0.319139,0.260473,0.215940,0.204448"
RACExPOLIDEOLOGY,RACExPOLIDEOLOGY :: Asian | Conservative,RACATTN_W43,3,"0.483825,0.282213,0.233962"
RACExPOLIDEOLOGY,RACExPOLIDEOLOGY :: Asian | Liberal,RACATTN_W43,3,"0.421543,0.308407,0.270050"
RACExPOLIDEOLOGY,RACExPOLIDEOLOGY :: Asian | Moderate,RACATTN_W43,3,"0.358002,0.313477,0.328521"
RACExPOLIDEOLOGY,RACExPOLIDEOLOGY :: Asian | Very liberal,RACATTN_W43,3,"0.440286,0.314658,0.245056"
RACExPOLIDEOLOGY,RACExPOLIDEOLOGY :: Black | Conservative,RACATTN_W43,3,"0.433249,0.312057,0.254694"
RACExPOLIDEOLOGY,RACExPOLIDEOLOGY :: Black | Liberal,RACATTN_W43,3,"0.412048,0.313469,0.274483"
RACExPOLIDEOLOGY,RACExPOLIDEOLOGY :: Black | Moderate,RACATTN_W43,3,"0.339230,0.316197,0.344572"
RACExPOLIDEOLOGY,RACExPOLIDEOLOGY :: Black | Very conservative,RACATTN_W43,3,"0.441591,0.310698,0.247710"
RACExPOLIDEOLOGY,RACExPOLIDEOLOGY :: Black | Very liberal,RACATTN_W43,3,"0.427503,0.315221,0.257276"
RACExPOLIDEOLOGY,RACExPOLIDEOLOGY :: Hispanic | Conservative,RACATTN_W43,3,"0.421097,0.315387,0.263516"
RACExPOLIDEOLOGY,RACExPOLIDEOLOGY :: Hispanic | Liberal,RACATTN_W43,3,"0.400068,0.314017,0.285916"
RACExPOLIDEOLOGY,RACExPOLIDEOLOGY :: Hispanic | Moderate,RACATTN_W43,3,"0.329197,0.309252,0.361552"
RACExPOLIDEOLOGY,RACExPOLIDEOLOGY :: Hispanic | Refused,RACATTN_W43,3,"0.351789,0.327903,0.320308"
RACExPOLIDEOLOGY,RACExPOLIDEOLOGY :: Hispanic | Very conservative,RACATTN_W43,3,"0.433900,0.314978,0.251122"
RACExPOLIDEOLOGY,RACExPOLIDEOLOGY :: Hispanic | Very liberal,RACATTN_W43,3,"0.416256,0.319155,0.264589"
RACExPOLIDEOLOGY,RACExPOLIDEOLOGY :: Other | Conservative,RACATTN_W43,3,"0.427134,0.307653,0.265213"
RACExPOLIDEOLOGY,RACExPOLIDEOLOGY :: Other | Liberal,RACATTN_W43,3,"0.404983,0.303318,0.291698"
RACExPOLIDEOLOGY,RACExPOLIDEOLOGY :: Other | Moderate,RACATTN_W43,3,"0.340806,0.310307,0.348888"
RACExPOLIDEOLOGY,RACExPOLIDEOLOGY :: White | Conservative,RACATTN_W43,3,"0.421409,0.310727,0.267864"
RACExPOLIDEOLOGY,RACExPOLIDEOLOGY :: White | Liberal,RACATTN_W43,3,"0.401224,0.305235,0.293541"
RACExPOLIDEOLOGY,RACExPOLIDEOLOGY :: White | Moderate,RACATTN_W43,3,"0.346921,0.306157,0.346921"
RACExPOLIDEOLOGY,RACExPOLIDEOLOGY :: White | Refused,RACATTN_W43,3,"0.367914,0.307403,0.324683"
RACExPOLIDEOLOGY,RACExPOLIDEOLOGY :: White | Very conservative,RACATTN_W43,3,"0.439372,0.304344,0.256284"
RACExPOLIDEOLOGY,RACExPOLIDEOLOGY :: White | Very liberal,RACATTN_W43,3,"0.422557,0.306743,0.270700"
RACExPOLIDEOLOGY,RACExPOLIDEOLOGY :: Asian | Conservative,RACESURV11_W43,3,"0.386238,0.346222,0.267540"
RACExPOLIDEOLOGY,RACExPOLIDEOLOGY :: Asian | Liberal,RACESURV11_W43,3,"0.361790,0.345223,0.292987"
RACExPOLIDEOLOGY,RACExPOLIDEOLOGY :: Asian | Moderate,RACESURV11_W43,3,"0.322833,0.325365,0.351803"
RACExPOLIDEOLOGY,RACExPOLIDEOLOGY :: Asian | Very liberal,RACESURV11_W43,3,"0.324269,0.413130,0.262601"
RACExPOLIDEOLOGY,RACExPOLIDEOLOGY :: Black | Conservative,RACESURV11_W43,3,"0.323486,0.393259,0.283254"
RACExPOLIDEOLOGY,RACExPOLIDEOLOGY :: Black | Liberal,RACESURV11_W43,3,"0.361422,0.369993,0.268586"
RACExPOLIDEOLOGY,RACExPOLIDEOLOGY :: Black | Moderate,RACESURV11_W43,3,"0.322144,0.337604,0.340252"
RACExPOLIDEOLOGY,RACExPOLIDEOLOGY :: Black | Very conservative,RACESURV11_W43,3,"0.304157,0.435684,0.260159"
RACExPOLIDEOLOGY,RACExPOLIDEOLOGY :: Black | Very liberal,RACESURV11_W43,3,"0.305444,0.458526,0.236029"
RACExPOLIDEOLOGY,RACExPOLIDEOLOGY :: Hispanic | Conservative,RACESURV11_W43,3,"0.314551,0.394536,0.290913"
RACExPOLIDEOLOGY,RACExPOLIDEOLOGY :: Hispanic | Liberal,RACESURV11_W43,3,"0.337226,0.367488,0.295285"
RACExPOLIDEOLOGY,RACExPOLIDEOLOGY :: Hispanic | Moderate,RACESURV11_W43,3,"0.323772,0.328871,0.347357"
RACExPOLIDEOLOGY,RACExPOLIDEOLOGY :: Hispanic | Refused,RACESURV11_W43,3,"0.306973,0.342453,0.350574"
RACExPOLIDEOLOGY,RACExPOLIDEOLOGY :: Hispanic | Very conservative,RACESURV11_W43,3,"0.303537,0.434797,0.261666"
RACExPOLIDEOLOGY,RACExPOLIDEOLOGY :: Hispanic | Very liberal,RACESURV11_W43,3,"0.303673,0.452319,0.244008"
RACExPOLIDEOLOGY,RACExPOLIDEOLOGY :: Other | Conservative,RACESURV11_W43,3,"0.321817,0.385165,0.293018"
RACExPOLIDEOLOGY,RACExPOLIDEOLOGY :: Other | Liberal,RACESURV11_W43,3,"0.342485,0.364573,0.292943"
RACExPOLIDEOLOGY,RACExPOLIDEOLOGY :: Other | Moderate,RACESURV11_W43,3,"0.322939,0.346463,0.330598"
RACExPOLIDEOLOGY,RACExPOLIDEOLOGY :: White | Conservative,RACESURV11_W43,3,"0.331813,0.373067,0.295120"
RACExPOLIDEOLOGY,RACExPOLIDEOLOGY :: White | Liberal,RACESURV11_W43,3,"0.359666,0.351334,0.289000"
RACExPOLIDEOLOGY,RACExPOLIDEOLOGY :: White | Moderate,RACESURV11_W43,3,"0.338562,0.330719,0.330719"
RACExPOLIDEOLOGY,RACExPOLIDEOLOGY :: White | Refused,RACESURV11_W43,3,"0.329006,0.336808,0.334187"
RACExPOLIDEOLOGY,RACExPOLIDEOLOGY :: White | Very conservative,RACESURV11_W43,3,"0.331899,0.403487,0.264613"
RACExPOLIDEOLOGY,RACExPOLIDEOLOGY :: White | Very liberal,RACESURV11_W43,3,"0.331154,0.408920,0.259926"
RACExPOLIDEOLOGY,RACExPOLIDEOLOGY :: Asian | Conservative,RACESURV14_W43,4,"0.215248,0.109938,0.162478,0.512336"
RACExPOLIDEOLOGY,RACExPOLIDEOLOGY :: Asian | Liberal,RACESURV14_W43,4,"0.152550,0.106497,0.156168,0.584785"
RACExPOLIDEOLOGY,RACExPOLIDEOLOGY :: Asian | Moderate,RACESURV14_W43,4,"0.163039,0.127971,0.237221,0.471769"
RACExPOLIDEOLOGY,RACExPOLIDEOLOGY :: Asian | Very liberal,RACESURV14_W43,4,"0.119022,0.071629,0.097143,0.712207"
RACExPOLIDEOLOGY,RACExPOLIDEOLOGY :: Black | Conservative,RACESURV14_W43,4,"0.170977,0.130072,0.176404,0.522547"
RACExPOLIDEOLOGY,RACExPOLIDEOLOGY :: Black | Liberal,RACESURV14_W43,4,"0.144197,0.118613,0.148775,0.588415"
RACExPOLIDEOLOGY,RACExPOLIDEOLOGY :: Black | Moderate,RACESURV14_W43,4,"0.149264,0.135907,0.232998,0.481831"
RACExPOLIDEOLOGY,RACExPOLIDEOLOGY :: Black | Very conservative,RACESURV14_W43,4,"0.115664,0.080118,0.117486,0.686731"
RACExPOLIDEOLOGY,RACExPOLIDEOLOGY :: Black | Very liberal,RACESURV14_W43,4,"0.100562,0.071309,0.090850,0.737278"
RACExPOLIDEOLOGY,RACExPOLIDEOLOGY :: Hispanic | Conservative,RACESURV14_W43,4,"0.172648,0.126312,0.189617,0.511422"
RACExPOLIDEOLOGY,RACExPOLIDEOLOGY :: Hispanic | Liberal,RACESURV14_W43,4,"0.142169,0.110721,0.171488,0.575622"
RACExPOLIDEOLOGY,RACExPOLIDEOLOGY :: Hispanic | Moderate,RACESURV14_W43,4,"0.148722,0.121383,0.226774,0.503120"
RACExPOLIDEOLOGY,RACExPOLIDEOLOGY :: Hispanic | Refused,RACESURV14_W43,4,"0.147716,0.116853,0.203487,0.531945"
RACExPOLIDEOLOGY,RACExPOLIDEOLOGY :: Hispanic | Very conservative,RACESURV14_W43,4,"0.120529,0.084143,0.128303,0.667026"
RACExPOLIDEOLOGY,RACExPOLIDEOLOGY :: Hispanic | Very liberal,RACESURV14_W43,4,"0.105992,0.075749,0.105167,0.713093"
RACExPOLIDEOLOGY,RACExPOLIDEOLOGY :: Other | Conservative,RACESURV14_W43,4,"0.180103,0.122820,0.175931,0.521146"
RACExPOLIDEOLOGY,RACExPOLIDEOLOGY :: Other | Liberal,RACESURV14_W43,4,"0.145425,0.110633,0.159718,0.584224"
RACExPOLIDEOLOGY,RACExPOLIDEOLOGY :: Other | Moderate,RACESURV14_W43,4,"0.157906,0.135064,0.224430,0.482600"
RACExPOLIDEOLOGY,RACExPOLIDEOLOGY :: White | Conservative,RACESURV14_W43,4,"0.177761,0.126051,0.169621,0.526567"
RACExPOLIDEOLOGY,RACExPOLIDEOLOGY :: White | Liberal,RACESURV14_W43,4,"0.152008,0.112084,0.153201,0.582707"
RACExPOLIDEOLOGY,RACExPOLIDEOLOGY :: White | Moderate,RACESURV14_W43,4,"0.163157,0.134209,0.207867,0.494767"
RACExPOLIDEOLOGY,RACExPOLIDEOLOGY :: White | Refused,RACESURV14_W43,4,"0.156454,0.112689,0.171831,0.559026"
RACExPOLIDEOLOGY,RACExPOLIDEOLOGY :: White | Very conservative,RACESURV14_W43,4,"0.125595,0.081090,0.114355,0.678960"
RACExPOLIDEOLOGY,RACExPOLIDEOLOGY :: White | Very liberal,RACESURV14_W43,4,"0.111438,0.074816,0.098344,0.715402"
RACExPOLIDEOLOGY,RACExPOLIDEOLOGY :: Asian | Conservative,RACESURV15b_W43,3,"0.502249,0.281736,0.216015"
RACExPOLIDEOLOGY,RACExPOLIDEOLOGY :: Asian | Liberal,RACESURV15b_W43,3,"0.435932,0.321436,0.242632"
RACExPOLIDEOLOGY,RACExPOLIDEOLOGY :: Asian | Moderate,RACESURV15b_W43,3,"0.374815,0.346647,0.278539"
RACExPOLIDEOLOGY,RACExPOLIDEOLOGY :: Asian | Very liberal,RACESURV15b_W43,3,"0.494271,0.279435,0.226294"
RACExPOLIDEOLOGY,RACExPOLIDEOLOGY :: Black | Conservative,RACESURV15b_W43,3,"0.458707,0.317737,0.223556"
RACExPOLIDEOLOGY,RACExPOLIDEOLOGY :: Black | Liberal,RACESURV15b_W43,3,"0.429085,0.326430,0.244485"
RACExPOLIDEOLOGY,RACExPOLIDEOLOGY :: Black | Moderate,RACESURV15b_W43,3,"0.356883,0.354105,0.289012"
RACExPOLIDEOLOGY,RACExPOLIDEOLOGY :: Black | Very conservative,RACESURV15b_W43,3,"0.496124,0.287135,0.216741"
RACExPOLIDEOLOGY,RACExPOLIDEOLOGY :: Black | Very liberal,RACESURV15b_W43,3,"0.492734,0.285173,0.222093"
RACExPOLIDEOLOGY,RACExPOLIDEOLOGY :: Hispanic | Conservative,RACESURV15b_W43,3,"0.452722,0.316051,0.231228"
RACExPOLIDEOLOGY,RACExPOLIDEOLOGY :: Hispanic | Liberal,RACESURV15b_W43,3,"0.423619,0.327348,0.249033"
RACExPOLIDEOLOGY,RACExPOLIDEOLOGY :: Hispanic | Moderate,RACESURV15b_W43,3,"0.371530,0.343609,0.284862"
RACExPOLIDEOLOGY,RACExPOLIDEOLOGY :: Hispanic | Refused,RACESURV15b_W43,3,"0.379429,0.329653,0.290918"
RACExPOLIDEOLOGY,RACExPOLIDEOLOGY :: Hispanic | Very conservative,RACESURV15b_W43,3,"0.489065,0.285269,0.225666"
RACExPOLIDEOLOGY,RACExPOLIDEOLOGY :: Hispanic | Very liberal,RACESURV15b_W43,3,"0.479734,0.286462,0.233804"
RACExPOLIDEOLOGY,RACExPOLIDEOLOGY :: Other | Conservative,RACESURV15b_W43,3,"0.444983,0.313084,0.241933"
RACExPOLIDEOLOGY,RACExPOLIDEOLOGY :: Other | Liberal,RACESURV15b_W43,3,"0.415025,0.323222,0.261753"
RACExPOLIDEOLOGY,RACExPOLIDEOLOGY :: Other | Moderate,RACESURV15b_W43,3,"0.359294,0.342841,0.297865"
RACExPOLIDEOLOGY,RACExPOLIDEOLOGY :: White | Conservative,RACESURV15b_W43,3,"0.432831,0.316666,0.250503"
RACExPOLIDEOLOGY,RACExPOLIDEOLOGY :: White | Liberal,RACESURV15b_W43,3,"0.407826,0.322617,0.269557"
RACExPOLIDEOLOGY,RACExPOLIDEOLOGY :: White | Moderate,RACESURV15b_W43,3,"0.356774,0.340436,0.302790"
RACExPOLIDEOLOGY,RACExPOLIDEOLOGY :: White | Refused,RACESURV15b_W43,3,"0.363470,0.318265,0.318265"
RACExPOLIDEOLOGY,RACExPOLIDEOLOGY :: White | Very conservative,RACESURV15b_W43,3,"0.462739,0.289575,0.247686"
RACExPOLIDEOLOGY,RACExPOLIDEOLOGY :: White | Very liberal,RACESURV15b_W43,3,"0.442747,0.294933,0.262319"
RACExPOLIDEOLOGY,RACExPOLIDEOLOGY :: Asian | Conservative,RACESURV17_W43,4,"0.505016,0.175898,0.157674,0.161413"
RACExPOLIDEOLOGY,RACExPOLIDEOLOGY :: Asian | Liberal,RACESURV17_W43,4,"0.504634,0.188568,0.158790,0.148009"
RACExPOLIDEOLOGY,RACExPOLIDEOLOGY :: Asian | Moderate,RACESURV17_W43,4,"0.455005,0.203491,0.175420,0.166084"
RACExPOLIDEOLOGY,RACExPOLIDEOLOGY :: Asian | Very liberal,RACESURV17_W43,4,"0.533979,0.160330,0.126831,0.178861"
RACExPOLIDEOLOGY,RACExPOLIDEOLOGY :: Black | Conservative,RACESURV17_W43,4,"0.427027,0.225027,0.179408,0.168538"
RACExPOLIDEOLOGY,RACExPOLIDEOLOGY :: Black | Liberal,RACESURV17_W43,4,"0.476561,0.226877,0.162142,0.134420"
RACExPOLIDEOLOGY,RACExPOLIDEOLOGY :: Black | Moderate,RACESURV17_W43,4,"0.425061,0.240308,0.184250,0.150381"
RACExPOLIDEOLOGY,RACExPOLIDEOLOGY :: Black | Very conservative,RACESURV17_W43,4,"0.496863,0.196100,0.145729,0.161308"
RACExPOLIDEOLOGY,RACExPOLIDEOLOGY :: Black | Very liberal,RACESURV17_W43,4,"0.516818,0.190127,0.131697,0.161358"
RACExPOLIDEOLOGY,RACExPOLIDEOLOGY :: Hispanic | Conservative,RACESURV17_W43,4,"0.403342,0.222747,0.193526,0.180386"
RACExPOLIDEOLOGY,RACExPOLIDEOLOGY :: Hispanic | Liberal,RACESURV17_W43,4,"0.443754,0.226647,0.182116,0.147482"
RACExPOLIDEOLOGY,RACExPOLIDEOLOGY :: Hispanic | Moderate,RACESURV17_W43,4,"0.423906,0.232281,0.186643,0.157169"
RACExPOLIDEOLOGY,RACExPOLIDEOLOGY :: Hispanic | Refused,RACESURV17_W43,4,"0.397995,0.219794,0.183644,0.198567"
RACExPOLIDEOLOGY,RACExPOLIDEOLOGY :: Hispanic | Very conservative,RACESURV17_W43,4,"0.461981,0.200254,0.159656,0.178109"
RACExPOLIDEOLOGY,RACExPOLIDEOLOGY :: Hispanic | Very liberal,RACESURV17_W43,4,"0.470158,0.200639,0.147942,0.181262"
RACExPOLIDEOLOGY,RACExPOLIDEOLOGY :: Other | Conservative,RACESURV17_W43,4,"0.424834,0.215295,0.175719,0.184152"
RACExPOLIDEOLOGY,RACExPOLIDEOLOGY :: Other | Liberal,RACESURV17_W43,4,"0.458316,0.214809,0.165991,0.160884"
RACExPOLIDEOLOGY,RACExPOLIDEOLOGY :: Other | Moderate,RACESURV17_W43,4,"0.419075,0.231435,0.178839,0.170650"
RACExPOLIDEOLOGY,RACExPOLIDEOLOGY :: White | Conservative,RACESURV17_W43,4,"0.394677,0.219671,0.179290,0.206362"
RACExPOLIDEOLOGY,RACExPOLIDEOLOGY :: White | Liberal,RACESURV17_W43,4,"0.423804,0.226846,0.169900,0.179450"
RACExPOLIDEOLOGY,RACExPOLIDEOLOGY :: White | Moderate,RACESURV17_W43,4,"0.392786,0.234543,0.181241,0.191429"
RACExPOLIDEOLOGY,RACExPOLIDEOLOGY :: White | Refused,RACESURV17_W43,4,"0.384475,0.215671,0.166658,0.233196"
RACExPOLIDEOLOGY,RACExPOLIDEOLOGY :: White | Very conservative,RACESURV17_W43,4,"0.438886,0.196282,0.145864,0.218968"
RACExPOLIDEOLOGY,RACExPOLIDEOLOGY :: White | Very liberal,RACESURV17_W43,4,"0.440144,0.201513,0.135289,0.223054"
RACExPOLIDEOLOGY,RACExPOLIDEOLOGY :: Asian | Conservative,RACESURV18b_W43,4,"0.240647,0.268462,0.336726,0.154165"
RACExPOLIDEOLOGY,RACExPOLIDEOLOGY :: Asian | Liberal,RACESURV18b_W43,4,"0.198150,0.288306,0.361617,0.151927"
RACExPOLIDEOLOGY,RACExPOLIDEOLOGY :: Asian | Moderate,RACESURV18b_W43,4,"0.181653,0.313868,0.381567,0.122913"
RACExPOLIDEOLOGY,RACExPOLIDEOLOGY :: Asian | Very liberal,RACESURV18b_W43,4,"0.184357,0.250026,0.372412,0.193205"
RACExPOLIDEOLOGY,RACExPOLIDEOLOGY :: Black | Conservative,RACESURV18b_W43,4,"0.187817,0.277576,0.376449,0.158158"
RACExPOLIDEOLOGY,RACExPOLIDEOLOGY :: Black | Liberal,RACESURV18b_W43,4,"0.181668,0.318837,0.361290,0.138206"
RACExPOLIDEOLOGY,RACExPOLIDEOLOGY :: Black | Moderate,RACESURV18b_W43,4,"0.170853,0.339782,0.379054,0.110311"
RACExPOLIDEOLOGY,RACExPOLIDEOLOGY :: Black | Very conservative,RACESURV18b_W43,4,"0.173062,0.276552,0.383954,0.166432"
RACExPOLIDEOLOGY,RACExPOLIDEOLOGY :: Black | Very liberal,RACESURV18b_W43,4,"0.174259,0.274149,0.371801,0.179791"
RACExPOLIDEOLOGY,RACExPOLIDEOLOGY :: Hispanic | Conservative,RACESURV18b_W43,4,"0.184708,0.272980,0.387983,0.154329"
RACExPOLIDEOLOGY,RACExPOLIDEOLOGY :: Hispanic | Liberal,RACESURV18b_W43,4,"0.176160,0.306765,0.378804,0.138270"
RACExPOLIDEOLOGY,RACExPOLIDEOLOGY :: Hispanic | Moderate,RACESURV18b_W43,4,"0.154198,0.336800,0.409444,0.099558"
RACExPOLIDEOLOGY,RACExPOLIDEOLOGY :: Hispanic | Refused,RACESURV18b_W43,4,"0.169944,0.305334,0.371191,0.153531"
RACExPOLIDEOLOGY,RACExPOLIDEOLOGY :: Hispanic | Very conservative,RACESURV18b_W43,4,"0.169474,0.272943,0.397129,0.160455"
RACExPOLIDEOLOGY,RACExPOLIDEOLOGY :: Hispanic | Very liberal,RACESURV18b_W43,4,"0.171824,0.272437,0.381208,0.174530"
RACExPOLIDEOLOGY,RACExPOLIDEOLOGY :: Other | Conservative,RACESURV18b_W43,4,"0.193132,0.268138,0.381100,0.157630"
RACExPOLIDEOLOGY,RACExPOLIDEOLOGY :: Other | Liberal,RACESURV18b_W43,4,"0.184871,0.300076,0.367661,0.147392"
RACExPOLIDEOLOGY,RACExPOLIDEOLOGY :: Other | Moderate,RACESURV18b_W43,4,"0.174187,0.325425,0.383444,0.116944"
RACExPOLIDEOLOGY,RACExPOLIDEOLOGY :: White | Conservative,RACESURV18b_W43,4,"0.186061,0.262388,0.384767,0.166784"
RACExPOLIDEOLOGY,RACExPOLIDEOLOGY :: White | Liberal,RACESURV18b_W43,4,"0.185578,0.291955,0.366194,0.156272"
RACExPOLIDEOLOGY,RACExPOLIDEOLOGY :: White | Moderate,RACESURV18b_W43,4,"0.173326,0.316314,0.384540,0.125821"
RACExPOLIDEOLOGY,RACExPOLIDEOLOGY :: White | Refused,RACESURV18b_W43,4,"0.173896,0.275722,0.365272,0.185111"
RACExPOLIDEOLOGY,RACExPOLIDEOLOGY :: White | Very conservative,RACESURV18b_W43,4,"0.181318,0.253709,0.377899,0.187074"
RACExPOLIDEOLOGY,RACExPOLIDEOLOGY :: White | Very liberal,RACESURV18b_W43,4,"0.181770,0.258348,0.358680,0.201201"
RACExPOLIDEOLOGY,RACExPOLIDEOLOGY :: Asian | Conservative,RACESURV18e_W43,4,"0.297186,0.258200,0.304234,0.140381"
RACExPOLIDEOLOGY,RACExPOLIDEOLOGY :: Asian | Liberal,RACESURV18e_W43,4,"0.254990,0.277873,0.327414,0.139723"
RACExPOLIDEOLOGY,RACExPOLIDEOLOGY :: Asian | Moderate,RACESURV18e_W43,4,"0.244515,0.299587,0.344822,0.111076"
RACExPOLIDEOLOGY,RACExPOLIDEOLOGY :: Asian | Very liberal,RACESURV18e_W43,4,"0.238358,0.253731,0.333523,0.174387"
RACExPOLIDEOLOGY,RACExPOLIDEOLOGY :: Black | Conservative,RACESURV18e_W43,4,"0.226865,0.271522,0.343236,0.158377"
RACExPOLIDEOLOGY,RACExPOLIDEOLOGY :: Black | Liberal,RACESURV18e_W43,4,"0.220021,0.303091,0.338123,0.138765"
RACExPOLIDEOLOGY,RACExPOLIDEOLOGY :: Black | Moderate,RACESURV18e_W43,4,"0.209663,0.319697,0.356648,0.113992"
RACExPOLIDEOLOGY,RACExPOLIDEOLOGY :: Black | Very conservative,RACESURV18e_W43,4,"0.210285,0.265825,0.354922,0.168968"
RACExPOLIDEOLOGY,RACExPOLIDEOLOGY :: Black | Very liberal,RACESURV18e_W43,4,"0.207436,0.266353,0.347390,0.178821"
RACExPOLIDEOLOGY,RACExPOLIDEOLOGY :: Hispanic | Conservative,RACESURV18e_W43,4,"0.222571,0.266382,0.355667,0.155380"
RACExPOLIDEOLOGY,RACExPOLIDEOLOGY :: Hispanic | Liberal,RACESURV18e_W43,4,"0.213479,0.291791,0.354728,0.140003"
RACExPOLIDEOLOGY,RACExPOLIDEOLOGY :: Hispanic | Moderate,RACESURV18e_W43,4,"0.194282,0.315351,0.386376,0.103992"
RACExPOLIDEOLOGY,RACExPOLIDEOLOGY :: Hispanic | Refused,RACESURV18e_W43,4,"0.205188,0.289361,0.351773,0.153678"
RACExPOLIDEOLOGY,RACExPOLIDEOLOGY :: Hispanic | Very conservative,RACESURV18e_W43,4,"0.205855,0.264323,0.366977,0.162845"
RACExPOLIDEOLOGY,RACExPOLIDEOLOGY :: Hispanic | Very liberal,RACESURV18e_W43,4,"0.206296,0.264889,0.356448,0.172367"
RACExPOLIDEOLOGY,RACExPOLIDEOLOGY :: Other | Conservative,RACESURV18e_W43,4,"0.225106,0.261128,0.354142,0.159624"
RACExPOLIDEOLOGY,RACExPOLIDEOLOGY :: Other | Liberal,RACESURV18e_W43,4,"0.214983,0.284806,0.348952,0.151259"
RACExPOLIDEOLOGY,RACExPOLIDEOLOGY :: Other | Moderate,RACESURV18e_W43,4,"0.207630,0.306858,0.364402,0.121110"
RACExPOLIDEOLOGY,RACExPOLIDEOLOGY :: White | Conservative,RACESURV18e_W43,4,"0.220042,0.259273,0.357164,0.163521"
RACExPOLIDEOLOGY,RACExPOLIDEOLOGY :: White | Liberal,RACESURV18e_W43,4,"0.218138,0.280095,0.345871,0.155896"
RACExPOLIDEOLOGY,RACExPOLIDEOLOGY :: White | Moderate,RACESURV18e_W43,4,"0.207996,0.297941,0.367907,0.126156"
RACExPOLIDEOLOGY,RACExPOLIDEOLOGY :: White | Refused,RACESURV18e_W43,4,"0.202632,0.264282,0.352862,0.180224"
RACExPOLIDEOLOGY,RACExPOLIDEOLOGY :: White | Very conservative,RACESURV18e_W43,4,"0.208905,0.250026,0.358146,0.182923"
RACExPOLIDEOLOGY,RACExPOLIDEOLOGY :: White | Very liberal,RACESURV18e_W43,4,"0.208800,0.253837,0.344254,0.193109"
RACExPOLIDEOLOGY,RACExPOLIDEOLOGY :: Asian | Conservative,RACESURV19d_W43,3,"0.475164,0.260368,0.264468"
RACExPOLIDEOLOGY,RACExPOLIDEOLOGY :: Asian | Liberal,RACESURV19d_W43,3,"0.411628,0.291888,0.296484"
RACExPOLIDEOLOGY,RACExPOLIDEOLOGY :: Asian | Moderate,RACESURV19d_W43,3,"0.379860,0.305226,0.314915"
RACExPOLIDEOLOGY,RACExPOLIDEOLOGY :: Asian | Very liberal,RACESURV19d_W43,3,"0.404807,0.284817,0.310376"
RACExPOLIDEOLOGY,RACExPOLIDEOLOGY :: Black | Conservative,RACESURV19d_W43,3,"0.373452,0.316945,0.309603"
RACExPOLIDEOLOGY,RACExPOLIDEOLOGY :: Black | Liberal,RACESURV19d_W43,3,"0.388116,0.314306,0.297579"
RACExPOLIDEOLOGY,RACExPOLIDEOLOGY :: Black | Moderate,RACESURV19d_W43,3,"0.352633,0.331268,0.316098"
RACExPOLIDEOLOGY,RACExPOLIDEOLOGY :: Black | Very conservative,RACESURV19d_W43,3,"0.390991,0.304504,0.304504"
RACExPOLIDEOLOGY,RACExPOLIDEOLOGY :: Black | Very liberal,RACESURV19d_W43,3,"0.381702,0.304319,0.313979"
RACExPOLIDEOLOGY,RACExPOLIDEOLOGY :: Hispanic | Conservative,RACESURV19d_W43,3,"0.356264,0.319353,0.324382"
RACExPOLIDEOLOGY,RACExPOLIDEOLOGY :: Hispanic | Liberal,RACESURV19d_W43,3,"0.352696,0.323652,0.323652"
RACExPOLIDEOLOGY,RACExPOLIDEOLOGY :: Hispanic | Moderate,RACESURV19d_W43,3,"0.342934,0.332383,0.324683"
RACExPOLIDEOLOGY,RACExPOLIDEOLOGY :: Hispanic | Refused,RACESURV19d_W43,3,"0.337549,0.319585,0.342865"
RACExPOLIDEOLOGY,RACExPOLIDEOLOGY :: Hispanic | Very conservative,RACESURV19d_W43,3,"0.370702,0.309733,0.319565"
RACExPOLIDEOLOGY,RACExPOLIDEOLOGY :: Hispanic | Very liberal,RACESURV19d_W43,3,"0.364288,0.309167,0.326545"
RACExPOLIDEOLOGY,RACExPOLIDEOLOGY :: Other | Conservative,RACESURV19d_W43,3,"0.380807,0.308387,0.310806"
RACExPOLIDEOLOGY,RACExPOLIDEOLOGY :: Other | Liberal,RACESURV19d_W43,3,"0.373424,0.319406,0.307170"
RACExPOLIDEOLOGY,RACExPOLIDEOLOGY :: Other | Moderate,RACESURV19d_W43,3,"0.355332,0.328629,0.316039"
RACExPOLIDEOLOGY,RACExPOLIDEOLOGY :: White | Conservative,RACESURV19d_W43,3,"0.348797,0.307813,0.343390"
RACExPOLIDEOLOGY,RACExPOLIDEOLOGY :: White | Liberal,RACESURV19d_W43,3,"0.354370,0.312730,0.332900"
RACExPOLIDEOLOGY,RACExPOLIDEOLOGY :: White | Moderate,RACESURV19d_W43,3,"0.335859,0.322993,0.341148"
RACExPOLIDEOLOGY,RACExPOLIDEOLOGY :: White | Refused,RACESURV19d_W43,3,"0.339159,0.296977,0.363864"
RACExPOLIDEOLOGY,RACExPOLIDEOLOGY :: White | Very conservative,RACESURV19d_W43,3,"0.374033,0.295884,0.330083"
RACExPOLIDEOLOGY,RACExPOLIDEOLOGY :: White | Very liberal,RACESURV19d_W43,3,"0.362765,0.293776,0.343459"
RACExPOLIDEOLOGY,RACExPOLIDEOLOGY :: Asian | Conservative,RACESURV19e_W43,3,"0.664124,0.182985,0.152890"
RACExPOLIDEOLOGY,RACExPOLIDEOLOGY :: Asian | Liberal,RACESURV19e_W43,3,"0.648591,0.200924,0.150485"
RACExPOLIDEOLOGY,RACExPOLIDEOLOGY :: Asian | Moderate,RACESURV19e_W43,3,"0.599976,0.215606,0.184418"
RACExPOLIDEOLOGY,RACExPOLIDEOLOGY :: Asian | Very liberal,RACESURV19e_W43,3,"0.628726,0.199389,0.171884"
RACExPOLIDEOLOGY,RACExPOLIDEOLOGY :: Black | Conservative,RACESURV19e_W43,3,"0.594513,0.236481,0.169005"
RACExPOLIDEOLOGY,RACExPOLIDEOLOGY :: Black | Liberal,RACESURV19e_W43,3,"0.616298,0.230294,0.153409"
RACExPOLIDEOLOGY,RACExPOLIDEOLOGY :: Black | Moderate,RACESURV19e_W43,3,"0.575055,0.245404,0.179541"
RACExPOLIDEOLOGY,RACExPOLIDEOLOGY :: Black | Very conservative,RACESURV19e_W43,3,"0.634429,0.212507,0.153063"
RACExPOLIDEOLOGY,RACExPOLIDEOLOGY :: Black | Very liberal,RACESURV19e_W43,3,"0.629542,0.212524,0.157934"
RACExPOLIDEOLOGY,RACExPOLIDEOLOGY :: Hispanic | Conservative,RACESURV19e_W43,3,"0.563365,0.240415,0.196221"
RACExPOLIDEOLOGY,RACExPOLIDEOLOGY :: Hispanic | Liberal,RACESURV19e_W43,3,"0.589176,0.232534,0.178290"
RACExPOLIDEOLOGY,RACExPOLIDEOLOGY :: Hispanic | Moderate,RACESURV19e_W43,3,"0.558021,0.247620,0.194359"
RACExPOLIDEOLOGY,RACExPOLIDEOLOGY :: Hispanic | Refused,RACESURV19e_W43,3,"0.559518,0.242533,0.197950"
RACExPOLIDEOLOGY,RACExPOLIDEOLOGY :: Hispanic | Very conservative,RACESURV19e_W43,3,"0.593832,0.223639,0.182529"
RACExPOLIDEOLOGY,RACExPOLIDEOLOGY :: Hispanic | Very liberal,RACESURV19e_W43,3,"0.582663,0.228174,0.189163"
RACExPOLIDEOLOGY,RACExPOLIDEOLOGY :: Other | Conservative,RACESURV19e_W43,3,"0.562304,0.241844,0.195851"
RACExPOLIDEOLOGY,RACExPOLIDEOLOGY :: Other | Liberal,RACESURV19e_W43,3,"0.579672,0.243538,0.176790"
RACExPOLIDEOLOGY,RACExPOLIDEOLOGY :: Other | Moderate,RACESURV19e_W43,3,"0.530262,0.260456,0.209282"
RACExPOLIDEOLOGY,RACExPOLIDEOLOGY :: White | Conservative,RACESURV19e_W43,3,"0.532173,0.249424,0.218403"
RACExPOLIDEOLOGY,RACExPOLIDEOLOGY :: White | Liberal,RACESURV19e_W43,3,"0.549448,0.251556,0.198997"
RACExPOLIDEOLOGY,RACExPOLIDEOLOGY :: White | Moderate,RACESURV19e_W43,3,"0.508322,0.267867,0.223811"
RACExPOLIDEOLOGY,RACExPOLIDEOLOGY :: White | Refused,RACESURV19e_W43,3,"0.502304,0.258564,0.239132"
RACExPOLIDEOLOGY,RACExPOLIDEOLOGY :: White | Very conservative,RACESURV19e_W43,3,"0.540171,0.241580,0.218249"
RACExPOLIDEOLOGY,RACExPOLIDEOLOGY :: White | Very liberal,RACESURV19e_W43,3,"0.521821,0.248424,0.229755"
RACExPOLIDEOLOGY,RACExPOLIDEOLOGY :: Asian | Conservative,RACESURV19f_W43,3,"0.547935,0.248911,0.203155"
RACExPOLIDEOLOGY,RACExPOLIDEOLOGY :: Asian | Liberal,RACESURV19f_W43,3,"0.502955,0.275597,0.221448"
RACExPOLIDEOLOGY,RACExPOLIDEOLOGY :: Asian | Moderate,RACESURV19f_W43,3,"0.459205,0.298811,0.241984"
RACExPOLIDEOLOGY,RACExPOLIDEOLOGY :: Asian | Very liberal,RACESURV19f_W43,3,"0.494971,0.271222,0.233808"
RACExPOLIDEOLOGY,RACExPOLIDEOLOGY :: Black | Conservative,RACESURV19f_W43,3,"0.452954,0.306484,0.240562"
RACExPOLIDEOLOGY,RACExPOLIDEOLOGY :: Black | Liberal,RACESURV19f_W43,3,"0.465480,0.307663,0.226857"
RACExPOLIDEOLOGY,RACExPOLIDEOLOGY :: Black | Moderate,RACESURV19f_W43,3,"0.427989,0.328150,0.243861"
RACExPOLIDEOLOGY,RACExPOLIDEOLOGY :: Black | Very conservative,RACESURV19f_W43,3,"0.484297,0.286937,0.228766"
RACExPOLIDEOLOGY,RACExPOLIDEOLOGY :: Black | Very liberal,RACESURV19f_W43,3,"0.474761,0.290215,0.235024"
RACExPOLIDEOLOGY,RACExPOLIDEOLOGY :: Hispanic | Conservative,RACESURV19f_W43,3,"0.429931,0.307258,0.262811"
RACExPOLIDEOLOGY,RACExPOLIDEOLOGY :: Hispanic | Liberal,RACESURV19f_W43,3,"0.439012,0.308884,0.252104"
RACExPOLIDEOLOGY,RACExPOLIDEOLOGY :: Hispanic | Moderate,RACESURV19f_W43,3,"0.416259,0.329288,0.254454"
RACExPOLIDEOLOGY,RACExPOLIDEOLOGY :: Hispanic | Refused,RACESURV19f_W43,3,"0.414529,0.317831,0.267640"
RACExPOLIDEOLOGY,RACExPOLIDEOLOGY :: Hispanic | Very conservative,RACESURV19f_W43,3,"0.456918,0.292712,0.250370"
RACExPOLIDEOLOGY,RACExPOLIDEOLOGY :: Hispanic | Very liberal,RACESURV19f_W43,3,"0.449174,0.296886,0.253940"
RACExPOLIDEOLOGY,RACExPOLIDEOLOGY :: Other | Conservative,RACESURV19f_W43,3,"0.447965,0.300749,0.251286"
RACExPOLIDEOLOGY,RACExPOLIDEOLOGY :: Other | Liberal,RACESURV19f_W43,3,"0.449085,0.308651,0.242263"
RACExPOLIDEOLOGY,RACExPOLIDEOLOGY :: Other | Moderate,RACESURV19f_W43,3,"0.419229,0.326496,0.254275"
RACExPOLIDEOLOGY,RACExPOLIDEOLOGY :: White | Conservative,RACESURV19f_W43,3,"0.418957,0.304130,0.276913"
RACExPOLIDEOLOGY,RACExPOLIDEOLOGY :: White | Liberal,RACESURV19f_W43,3,"0.426985,0.309958,0.263058"
RACExPOLIDEOLOGY,RACExPOLIDEOLOGY :: White | Moderate,RACESURV19f_W43,3,"0.402003,0.328105,0.269892"
RACExPOLIDEOLOGY,RACExPOLIDEOLOGY :: White | Refused,RACESURV19f_W43,3,"0.402091,0.308294,0.289615"
RACExPOLIDEOLOGY,RACExPOLIDEOLOGY :: White | Very conservative,RACESURV19f_W43,3,"0.444781,0.291695,0.263524"
RACExPOLIDEOLOGY,RACExPOLIDEOLOGY :: White | Very liberal,RACESURV19f_W43,3,"0.430491,0.295872,0.273637"
RACExPOLIDEOLOGY,RACExPOLIDEOLOGY :: Asian | Conservative,RACESURV22_W43,4,"0.317995,0.220269,0.251555,0.210182"
RACExPOLIDEOLOGY,RACExPOLIDEOLOGY :: Asian | Liberal,RACESURV22_W43,4,"0.267245,0.237693,0.261054,0.234008"
RACExPOLIDEOLOGY,RACExPOLIDEOLOGY :: Asian | Moderate,RACESURV22_W43,4,"0.241927,0.255526,0.269889,0.232659"
RACExPOLIDEOLOGY,RACExPOLIDEOLOGY :: Asian | Very liberal,RACESURV22_W43,4,"0.284939,0.215083,0.234385,0.265593"
RACExPOLIDEOLOGY,RACExPOLIDEOLOGY :: Black | Conservative,RACESURV22_W43,4,"0.241634,0.253230,0.265383,0.239753"
RACExPOLIDEOLOGY,RACExPOLIDEOLOGY :: Black | Liberal,RACESURV22_W43,4,"0.237207,0.266699,0.262564,0.233530"
RACExPOLIDEOLOGY,RACExPOLIDEOLOGY :: Black | Moderate,RACESURV22_W43,4,"0.213300,0.280377,0.273882,0.232441"
RACExPOLIDEOLOGY,RACExPOLIDEOLOGY :: Black | Very conservative,RACESURV22_W43,4,"0.255893,0.244175,0.249966,0.249966"
RACExPOLIDEOLOGY,RACExPOLIDEOLOGY :: Black | Very liberal,RACESURV22_W43,4,"0.250287,0.240698,0.242586,0.266429"
RACExPOLIDEOLOGY,RACExPOLIDEOLOGY :: Hispanic | Conservative,RACESURV22_W43,4,"0.235007,0.248217,0.270491,0.246285"
RACExPOLIDEOLOGY,RACExPOLIDEOLOGY :: Hispanic | Liberal,RACESURV22_W43,4,"0.226210,0.260366,0.270737,0.242687"
RACExPOLIDEOLOGY,RACExPOLIDEOLOGY :: Hispanic | Moderate,RACESURV22_W43,4,"0.208032,0.282133,0.277759,0.232076"
RACExPOLIDEOLOGY,RACExPOLIDEOLOGY :: Hispanic | Refused,RACESURV22_W43,4,"0.203313,0.247166,0.267250,0.282272"
RACExPOLIDEOLOGY,RACExPOLIDEOLOGY :: Hispanic | Very conservative,RACESURV22_W43,4,"0.250449,0.242744,0.252414,0.254393"
RACExPOLIDEOLOGY,RACExPOLIDEOLOGY :: Hispanic | Very liberal,RACESURV22_W43,4,"0.246329,0.240622,0.242510,0.270539"
RACExPOLIDEOLOGY,RACExPOLIDEOLOGY :: Other | Conservative,RACESURV22_W43,4,"0.249927,0.244138,0.259883,0.246052"
RACExPOLIDEOLOGY,RACExPOLIDEOLOGY :: Other | Liberal,RACESURV22_W43,4,"0.242669,0.254315,0.260346,0.242669"
RACExPOLIDEOLOGY,RACExPOLIDEOLOGY :: Other | Moderate,RACESURV22_W43,4,"0.222411,0.274641,0.266192,0.236756"
RACExPOLIDEOLOGY,RACExPOLIDEOLOGY :: White | Conservative,RACESURV22_W43,4,"0.253895,0.242268,0.251919,0.251919"
RACExPOLIDEOLOGY,RACExPOLIDEOLOGY :: White | Liberal,RACESURV22_W43,4,"0.250464,0.254409,0.250464,0.244662"
RACExPOLIDEOLOGY,RACExPOLIDEOLOGY :: White | Moderate,RACESURV22_W43,4,"0.232240,0.267307,0.257067,0.243386"
RACExPOLIDEOLOGY,RACExPOLIDEOLOGY :: White | Refused,RACESURV22_W43,4,"0.231932,0.235584,0.239294,0.293189"
RACExPOLIDEOLOGY,RACExPOLIDEOLOGY :: White | Very conservative,RACESURV22_W43,4,"0.278322,0.228941,0.227160,0.265577"
RACExPOLIDEOLOGY,RACExPOLIDEOLOGY :: White | Very liberal,RACESURV22_W43,4,"0.271681,0.226998,0.216603,0.284719"
RACExPOLIDEOLOGY,RACExPOLIDEOLOGY :: Asian | Conservative,RACESURV26_W43,4,"0.364205,0.266458,0.258260,0.111076"
RACExPOLIDEOLOGY,RACExPOLIDEOLOGY :: Asian | Liberal,RACESURV26_W43,4,"0.325940,0.296772,0.268111,0.109176"
RACExPOLIDEOLOGY,RACExPOLIDEOLOGY :: Asian | Moderate,RACESURV26_W43,4,"0.302748,0.314808,0.277817,0.104627"
RACExPOLIDEOLOGY,RACExPOLIDEOLOGY :: Asian | Very liberal,RACESURV26_W43,4,"0.342878,0.269128,0.239367,0.148627"
RACExPOLIDEOLOGY,RACExPOLIDEOLOGY :: Black | Conservative,RACESURV26_W43,4,"0.291695,0.305694,0.276171,0.126440"
RACExPOLIDEOLOGY,RACExPOLIDEOLOGY :: Black | Liberal,RACESURV26_W43,4,"0.300791,0.322701,0.271742,0.104766"
RACExPOLIDEOLOGY,RACExPOLIDEOLOGY :: Black | Moderate,RACESURV26_W43,4,"0.278885,0.339038,0.281072,0.101005"
RACExPOLIDEOLOGY,RACExPOLIDEOLOGY :: Black | Very conservative,RACESURV26_W43,4,"0.319772,0.298060,0.256944,0.125224"
RACExPOLIDEOLOGY,RACExPOLIDEOLOGY :: Black | Very liberal,RACESURV26_W43,4,"0.319419,0.293115,0.246828,0.140638"
RACExPOLIDEOLOGY,RACExPOLIDEOLOGY :: Hispanic | Conservative,RACESURV26_W43,4,"0.285834,0.306656,0.283610,0.123900"
RACExPOLIDEOLOGY,RACExPOLIDEOLOGY :: Hispanic | Liberal,RACESURV26_W43,4,"0.289053,0.330109,0.280160,0.100678"
RACExPOLIDEOLOGY,RACExPOLIDEOLOGY :: Hispanic | Moderate,RACESURV26_W43,4,"0.276099,0.346306,0.289349,0.088246"
RACExPOLIDEOLOGY,RACExPOLIDEOLOGY :: Hispanic | Refused,RACESURV26_W43,4,"0.270889,0.302199,0.277313,0.149599"
RACExPOLIDEOLOGY,RACExPOLIDEOLOGY :: Hispanic | Very conservative,RACESURV26_W43,4,"0.314763,0.298012,0.262995,0.124230"
RACExPOLIDEOLOGY,RACExPOLIDEOLOGY :: Hispanic | Very liberal,RACESURV26_W43,4,"0.313464,0.294472,0.251875,0.140190"
RACExPOLIDEOLOGY,RACExPOLIDEOLOGY :: Other | Conservative,RACESURV26_W43,4,"0.302537,0.290947,0.269082,0.137434"
RACExPOLIDEOLOGY,RACExPOLIDEOLOGY :: Other | Liberal,RACESURV26_W43,4,"0.307590,0.302821,0.267239,0.122351"
RACExPOLIDEOLOGY,RACExPOLIDEOLOGY :: Other | Moderate,RACESURV26_W43,4,"0.290383,0.316442,0.274929,0.118246"
RACExPOLIDEOLOGY,RACExPOLIDEOLOGY :: White | Conservative,RACESURV26_W43,4,"0.293739,0.289185,0.271664,0.145411"
RACExPOLIDEOLOGY,RACExPOLIDEOLOGY :: White | Liberal,RACESURV26_W43,4,"0.300636,0.300636,0.267391,0.131338"
RACExPOLIDEOLOGY,RACExPOLIDEOLOGY :: White | Moderate,RACESURV26_W43,4,"0.285972,0.314079,0.275017,0.124932"
RACExPOLIDEOLOGY,RACExPOLIDEOLOGY :: White | Refused,RACESURV26_W43,4,"0.288091,0.272760,0.260269,0.178880"
RACExPOLIDEOLOGY,RACExPOLIDEOLOGY :: White | Very conservative,RACESURV26_W43,4,"0.325618,0.269947,0.241979,0.162457"
RACExPOLIDEOLOGY,RACExPOLIDEOLOGY :: White | Very liberal,RACESURV26_W43,4,"0.323003,0.267779,0.230840,0.178379"
RACExPOLIDEOLOGY,RACExPOLIDEOLOGY :: Asian | Conservative,RACESURV27_W43,4,"0.449911,0.250413,0.226230,0.073446"
RACExPOLIDEOLOGY,RACExPOLIDEOLOGY :: Asian | Liberal,RACESURV27_W43,4,"0.360585,0.292011,0.261757,0.085647"
RACExPOLIDEOLOGY,RACExPOLIDEOLOGY :: Asian | Moderate,RACESURV27_W43,4,"0.328794,0.318678,0.272580,0.079947"
RACExPOLIDEOLOGY,RACExPOLIDEOLOGY :: Asian | Very liberal,RACESURV27_W43,4,"0.381196,0.270309,0.236690,0.111805"
RACExPOLIDEOLOGY,RACExPOLIDEOLOGY :: Black | Conservative,RACESURV27_W43,4,"0.293639,0.300603,0.282390,0.123367"
RACExPOLIDEOLOGY,RACExPOLIDEOLOGY :: Black | Liberal,RACESURV27_W43,4,"0.296279,0.308081,0.284929,0.110711"
RACExPOLIDEOLOGY,RACExPOLIDEOLOGY :: Black | Moderate,RACESURV27_W43,4,"0.271333,0.329857,0.293381,0.105429"
RACExPOLIDEOLOGY,RACExPOLIDEOLOGY :: Black | Very conservative,RACESURV27_W43,4,"0.314496,0.293142,0.271112,0.121249"
RACExPOLIDEOLOGY,RACExPOLIDEOLOGY :: Black | Very liberal,RACESURV27_W43,4,"0.307504,0.286625,0.265085,0.140786"
RACExPOLIDEOLOGY,RACExPOLIDEOLOGY :: Hispanic | Conservative,RACESURV27_W43,4,"0.293258,0.304941,0.284236,0.117565"
RACExPOLIDEOLOGY,RACExPOLIDEOLOGY :: Hispanic | Liberal,RACESURV27_W43,4,"0.285828,0.313921,0.292607,0.107644"
RACExPOLIDEOLOGY,RACExPOLIDEOLOGY :: Hispanic | Moderate,RACESURV27_W43,4,"0.277847,0.337776,0.293465,0.090911"
RACExPOLIDEOLOGY,RACExPOLIDEOLOGY :: Hispanic | Refused,RACESURV27_W43,4,"0.270403,0.296979,0.285602,0.147015"
RACExPOLIDEOLOGY,RACExPOLIDEOLOGY :: Hispanic | Very conservative,RACESURV27_W43,4,"0.316344,0.294865,0.270583,0.118209"
RACExPOLIDEOLOGY,RACExPOLIDEOLOGY :: Hispanic | Very liberal,RACESURV27_W43,4,"0.306789,0.290462,0.264469,0.138281"
RACExPOLIDEOLOGY,RACExPOLIDEOLOGY :: Other | Conservative,RACESURV27_W43,4,"0.314197,0.292864,0.270855,0.122084"
RACExPOLIDEOLOGY,RACExPOLIDEOLOGY :: Other | Liberal,RACESURV27_W43,4,"0.305921,0.298834,0.276377,0.118868"
RACExPOLIDEOLOGY,RACExPOLIDEOLOGY :: Other | Moderate,RACESURV27_W43,4,"0.289213,0.317639,0.282514,0.110634"
RACExPOLIDEOLOGY,RACExPOLIDEOLOGY :: White | Conservative,RACESURV27_W43,4,"0.305878,0.287346,0.274187,0.132588"
RACExPOLIDEOLOGY,RACExPOLIDEOLOGY :: White | Liberal,RACESURV27_W43,4,"0.298199,0.293576,0.277952,0.130273"
RACExPOLIDEOLOGY,RACExPOLIDEOLOGY :: White | Moderate,RACESURV27_W43,4,"0.283473,0.308911,0.285696,0.121920"
RACExPOLIDEOLOGY,RACExPOLIDEOLOGY :: White | Refused,RACESURV27_W43,4,"0.289513,0.269856,0.267756,0.172876"
RACExPOLIDEOLOGY,RACExPOLIDEOLOGY :: White | Very conservative,RACESURV27_W43,4,"0.332017,0.268876,0.250620,0.148487"
RACExPOLIDEOLOGY,RACExPOLIDEOLOGY :: White | Very liberal,RACESURV27_W43,4,"0.324201,0.266680,0.240926,0.168193"
RACExPOLIDEOLOGY,RACExPOLIDEOLOGY :: Asian | Conservative,RACESURV28a_W43,3,"0.592718,0.216352,0.190930"
RACExPOLIDEOLOGY,RACExPOLIDEOLOGY :: Asian | Liberal,RACESURV28a_W43,3,"0.565439,0.209645,0.224916"
RACExPOLIDEOLOGY,RACExPOLIDEOLOGY :: Asian | Moderate,RACESURV28a_W43,3,"0.487973,0.225163,0.286865"
RACExPOLIDEOLOGY,RACExPOLIDEOLOGY :: Asian | Very liberal,RACESURV28a_W43,3,"0.526865,0.239339,0.233795"
RACExPOLIDEOLOGY,RACExPOLIDEOLOGY :: Black | Conservative,RACESURV28a_W43,3,"0.530622,0.242936,0.226442"
RACExPOLIDEOLOGY,RACExPOLIDEOLOGY :: Black | Liberal,RACESURV28a_W43,3,"0.550160,0.227556,0.222285"
RACExPOLIDEOLOGY,RACExPOLIDEOLOGY :: Black | Moderate,RACESURV28a_W43,3,"0.469569,0.234277,0.296154"
RACExPOLIDEOLOGY,RACExPOLIDEOLOGY :: Black | Very conservative,RACESURV28a_W43,3,"0.523930,0.241754,0.234316"
RACExPOLIDEOLOGY,RACExPOLIDEOLOGY :: Black | Very liberal,RACESURV28a_W43,3,"0.521890,0.246523,0.231587"
RACExPOLIDEOLOGY,RACExPOLIDEOLOGY :: Hispanic | Conservative,RACESURV28a_W43,3,"0.503423,0.243440,0.253137"
RACExPOLIDEOLOGY,RACExPOLIDEOLOGY :: Hispanic | Liberal,RACESURV28a_W43,3,"0.519301,0.221610,0.259089"
RACExPOLIDEOLOGY,RACExPOLIDEOLOGY :: Hispanic | Moderate,RACESURV28a_W43,3,"0.456596,0.229591,0.313813"
RACExPOLIDEOLOGY,RACExPOLIDEOLOGY :: Hispanic | Refused,RACESURV28a_W43,3,"0.459853,0.238568,0.301579"
RACExPOLIDEOLOGY,RACExPOLIDEOLOGY :: Hispanic | Very conservative,RACESURV28a_W43,3,"0.500511,0.245843,0.253647"
RACExPOLIDEOLOGY,RACExPOLIDEOLOGY :: Hispanic | Very liberal,RACESURV28a_W43,3,"0.495641,0.249224,0.255134"
RACExPOLIDEOLOGY,RACExPOLIDEOLOGY :: Other | Conservative,RACESURV28a_W43,3,"0.508231,0.253566,0.238203"
RACExPOLIDEOLOGY,RACExPOLIDEOLOGY :: Other | Liberal,RACESURV28a_W43,3,"0.516039,0.234421,0.249540"
RACExPOLIDEOLOGY,RACExPOLIDEOLOGY :: Other | Moderate,RACESURV28a_W43,3,"0.454821,0.249221,0.295958"
RACExPOLIDEOLOGY,RACExPOLIDEOLOGY :: White | Conservative,RACESURV28a_W43,3,"0.488817,0.257588,0.253595"
RACExPOLIDEOLOGY,RACExPOLIDEOLOGY :: White | Liberal,RACESURV28a_W43,3,"0.500419,0.241987,0.257594"
RACExPOLIDEOLOGY,RACExPOLIDEOLOGY :: White | Moderate,RACESURV28a_W43,3,"0.449016,0.251875,0.299109"
RACExPOLIDEOLOGY,RACExPOLIDEOLOGY :: White | Refused,RACESURV28a_W43,3,"0.448281,0.255423,0.296296"
RACExPOLIDEOLOGY,RACExPOLIDEOLOGY :: White | Very conservative,RACESURV28a_W43,3,"0.483852,0.265129,0.251019"
RACExPOLIDEOLOGY,RACExPOLIDEOLOGY :: White | Very liberal,RACESURV28a_W43,3,"0.472156,0.271137,0.256707"
RACExPOLIDEOLOGY,RACExPOLIDEOLOGY :: Asian | Conservative,RACESURV28d_W43,3,"0.637834,0.207074,0.155092"
RACExPOLIDEOLOGY,RACExPOLIDEOLOGY :: Asian | Liberal,RACESURV28d_W43,3,"0.619693,0.202763,0.177545"
RACExPOLIDEOLOGY,RACExPOLIDEOLOGY :: Asian | Moderate,RACESURV28d_W43,3,"0.538321,0.220927,0.240752"
RACExPOLIDEOLOGY,RACExPOLIDEOLOGY :: Asian | Very liberal,RACESURV28d_W43,3,"0.573306,0.231637,0.195058"
RACExPOLIDEOLOGY,RACExPOLIDEOLOGY :: Black | Conservative,RACESURV28d_W43,3,"0.579320,0.234066,0.186614"
RACExPOLIDEOLOGY,RACExPOLIDEOLOGY :: Black | Liberal,RACESURV28d_W43,3,"0.602186,0.219808,0.178006"
RACExPOLIDEOLOGY,RACExPOLIDEOLOGY :: Black | Moderate,RACESURV28d_W43,3,"0.516814,0.229335,0.253851"
RACExPOLIDEOLOGY,RACExPOLIDEOLOGY :: Black | Very conservative,RACESURV28d_W43,3,"0.573306,0.231637,0.195058"
RACExPOLIDEOLOGY,RACExPOLIDEOLOGY :: Black | Very liberal,RACESURV28d_W43,3,"0.568920,0.239021,0.192059"
RACExPOLIDEOLOGY,RACExPOLIDEOLOGY :: Hispanic | Conservative,RACESURV28d_W43,3,"0.544277,0.234091,0.221633"
RACExPOLIDEOLOGY,RACExPOLIDEOLOGY :: Hispanic | Liberal,RACESURV28d_W43,3,"0.568438,0.212410,0.219152"
RACExPOLIDEOLOGY,RACExPOLIDEOLOGY :: Hispanic | Moderate,RACESURV28d_W43,3,"0.504036,0.221924,0.274040"
RACExPOLIDEOLOGY,RACExPOLIDEOLOGY :: Hispanic | Refused,RACESURV28d_W43,3,"0.504074,0.234416,0.261510"
RACExPOLIDEOLOGY,RACExPOLIDEOLOGY :: Hispanic | Very conservative,RACESURV28d_W43,3,"0.540399,0.236083,0.223519"
RACExPOLIDEOLOGY,RACExPOLIDEOLOGY :: Hispanic | Very liberal,RACESURV28d_W43,3,"0.530622,0.242936,0.226442"
RACExPOLIDEOLOGY,RACExPOLIDEOLOGY :: Other | Conservative,RACESURV28d_W43,3,"0.548296,0.245213,0.206490"
RACExPOLIDEOLOGY,RACExPOLIDEOLOGY :: Other | Liberal,RACESURV28d_W43,3,"0.562522,0.227279,0.210199"
RACExPOLIDEOLOGY,RACExPOLIDEOLOGY :: Other | Moderate,RACESURV28d_W43,3,"0.496361,0.240024,0.263615"
RACExPOLIDEOLOGY,RACExPOLIDEOLOGY :: White | Conservative,RACESURV28d_W43,3,"0.536061,0.247351,0.216588"
RACExPOLIDEOLOGY,RACExPOLIDEOLOGY :: White | Liberal,RACESURV28d_W43,3,"0.549948,0.234689,0.215363"
RACExPOLIDEOLOGY,RACExPOLIDEOLOGY :: White | Moderate,RACESURV28d_W43,3,"0.495504,0.243383,0.261112"
RACExPOLIDEOLOGY,RACExPOLIDEOLOGY :: White | Refused,RACESURV28d_W43,3,"0.494675,0.250689,0.254637"
RACExPOLIDEOLOGY,RACExPOLIDEOLOGY :: White | Very conservative,RACESURV28d_W43,3,"0.525149,0.255937,0.218914"
RACExPOLIDEOLOGY,RACExPOLIDEOLOGY :: White | Very liberal,RACESURV28d_W43,3,"0.510594,0.262831,0.226575"
RACExPOLIDEOLOGY,RACExPOLIDEOLOGY :: Asian | Conservative,RACESURV28e_W43,3,"0.628462,0.208870,0.162668"
RACExPOLIDEOLOGY,RACExPOLIDEOLOGY :: Asian | Liberal,RACESURV28e_W43,3,"0.602317,0.208155,0.189528"
RACExPOLIDEOLOGY,RACExPOLIDEOLOGY :: Asian | Moderate,RACESURV28e_W43,3,"0.524613,0.225633,0.249753"
RACExPOLIDEOLOGY,RACExPOLIDEOLOGY :: Asian | Very liberal,RACESURV28e_W43,3,"0.549752,0.238300,0.211948"
RACExPOLIDEOLOGY,RACExPOLIDEOLOGY :: Black | Conservative,RACESURV28e_W43,3,"0.560920,0.237509,0.201571"
RACExPOLIDEOLOGY,RACExPOLIDEOLOGY :: Black | Liberal,RACESURV28e_W43,3,"0.583862,0.225099,0.191039"
RACExPOLIDEOLOGY,RACExPOLIDEOLOGY :: Black | Moderate,RACESURV28e_W43,3,"0.502121,0.235339,0.262540"
RACExPOLIDEOLOGY,RACExPOLIDEOLOGY :: Black | Very conservative,RACESURV28e_W43,3,"0.547817,0.239324,0.212859"
RACExPOLIDEOLOGY,RACExPOLIDEOLOGY :: Black | Very liberal,RACESURV28e_W43,3,"0.545625,0.244018,0.210357"
RACExPOLIDEOLOGY,RACExPOLIDEOLOGY :: Hispanic | Conservative,RACESURV28e_W43,3,"0.528813,0.238354,0.232833"
RACExPOLIDEOLOGY,RACExPOLIDEOLOGY :: Hispanic | Liberal,RACESURV28e_W43,3,"0.548150,0.219749,0.232101"
RACExPOLIDEOLOGY,RACExPOLIDEOLOGY :: Hispanic | Moderate,RACESURV28e_W43,3,"0.491443,0.228542,0.280015"
RACExPOLIDEOLOGY,RACExPOLIDEOLOGY :: Hispanic | Refused,RACESURV28e_W43,3,"0.490289,0.238948,0.270763"
RACExPOLIDEOLOGY,RACExPOLIDEOLOGY :: Hispanic | Very conservative,RACESURV28e_W43,3,"0.519070,0.243283,0.237647"
RACExPOLIDEOLOGY,RACExPOLIDEOLOGY :: Hispanic | Very liberal,RACESURV28e_W43,3,"0.511234,0.249156,0.239611"
RACExPOLIDEOLOGY,RACExPOLIDEOLOGY :: Other | Conservative,RACESURV28e_W43,3,"0.531263,0.248998,0.219740"
RACExPOLIDEOLOGY,RACExPOLIDEOLOGY :: Other | Liberal,RACESURV28e_W43,3,"0.543370,0.231882,0.224748"
RACExPOLIDEOLOGY,RACExPOLIDEOLOGY :: Other | Moderate,RACESURV28e_W43,3,"0.481673,0.246014,0.272313"
RACExPOLIDEOLOGY,RACExPOLIDEOLOGY :: White | Conservative,RACESURV28e_W43,3,"0.522665,0.250777,0.226558"
RACExPOLIDEOLOGY,RACExPOLIDEOLOGY :: White | Liberal,RACESURV28e_W43,3,"0.536516,0.238077,0.225407"
RACExPOLIDEOLOGY,RACExPOLIDEOLOGY :: White | Moderate,RACESURV28e_W43,3,"0.484799,0.249553,0.265648"
RACExPOLIDEOLOGY,RACExPOLIDEOLOGY :: White | Refused,RACESURV28e_W43,3,"0.484890,0.253531,0.261579"
RACExPOLIDEOLOGY,RACExPOLIDEOLOGY :: White | Very conservative,RACESURV28e_W43,3,"0.506826,0.262938,0.230236"
RACExPOLIDEOLOGY,RACExPOLIDEOLOGY :: White | Very liberal,RACESURV28e_W43,3,"0.495230,0.267156,0.237614"
RACExPOLIDEOLOGY,RACExPOLIDEOLOGY :: Asian | Conservative,RACESURV28g_W43,3,"0.558831,0.224031,0.217138"
RACExPOLIDEOLOGY,RACExPOLIDEOLOGY :: Asian | Liberal,RACESURV28g_W43,3,"0.526561,0.224709,0.248730"
RACExPOLIDEOLOGY,RACExPOLIDEOLOGY :: Asian | Moderate,RACESURV28g_W43,3,"0.461047,0.231829,0.307124"
RACExPOLIDEOLOGY,RACExPOLIDEOLOGY :: Asian | Very liberal,RACESURV28g_W43,3,"0.482901,0.252491,0.264608"
RACExPOLIDEOLOGY,RACExPOLIDEOLOGY :: Black | Conservative,RACESURV28g_W43,3,"0.494682,0.252659,0.252659"
RACExPOLIDEOLOGY,RACExPOLIDEOLOGY :: Black | Liberal,RACESURV28g_W43,3,"0.511264,0.241504,0.247231"
RACExPOLIDEOLOGY,RACExPOLIDEOLOGY :: Black | Moderate,RACESURV28g_W43,3,"0.441127,0.243614,0.315259"
RACExPOLIDEOLOGY,RACExPOLIDEOLOGY :: Black | Very conservative,RACESURV28g_W43,3,"0.483898,0.253012,0.263091"
RACExPOLIDEOLOGY,RACExPOLIDEOLOGY :: Black | Very liberal,RACESURV28g_W43,3,"0.478093,0.259934,0.261973"
RACExPOLIDEOLOGY,RACExPOLIDEOLOGY :: Hispanic | Conservative,RACESURV28g_W43,3,"0.468958,0.251015,0.280027"
RACExPOLIDEOLOGY,RACExPOLIDEOLOGY :: Hispanic | Liberal,RACESURV28g_W43,3,"0.481874,0.234847,0.283279"
RACExPOLIDEOLOGY,RACExPOLIDEOLOGY :: Hispanic | Moderate,RACESURV28g_W43,3,"0.427869,0.236292,0.335839"
RACExPOLIDEOLOGY,RACExPOLIDEOLOGY :: Hispanic | Refused,RACESURV28g_W43,3,"0.432354,0.246348,0.321298"
RACExPOLIDEOLOGY,RACExPOLIDEOLOGY :: Hispanic | Very conservative,RACESURV28g_W43,3,"0.462099,0.253210,0.284691"
RACExPOLIDEOLOGY,RACExPOLIDEOLOGY :: Hispanic | Very liberal,RACESURV28g_W43,3,"0.453526,0.260438,0.286035"
RACExPOLIDEOLOGY,RACExPOLIDEOLOGY :: Other | Conservative,RACESURV28g_W43,3,"0.476098,0.256836,0.267067"
RACExPOLIDEOLOGY,RACExPOLIDEOLOGY :: Other | Liberal,RACESURV28g_W43,3,"0.481566,0.244046,0.274388"
RACExPOLIDEOLOGY,RACExPOLIDEOLOGY :: Other | Moderate,RACESURV28g_W43,3,"0.433676,0.249039,0.317284"
RACExPOLIDEOLOGY,RACExPOLIDEOLOGY :: White | Conservative,RACESURV28g_W43,3,"0.461434,0.260871,0.277696"
RACExPOLIDEOLOGY,RACExPOLIDEOLOGY :: White | Liberal,RACESURV28g_W43,3,"0.471822,0.248633,0.279545"
RACExPOLIDEOLOGY,RACExPOLIDEOLOGY :: White | Moderate,RACESURV28g_W43,3,"0.429843,0.250725,0.319432"
RACExPOLIDEOLOGY,RACExPOLIDEOLOGY :: White | Refused,RACESURV28g_W43,3,"0.430469,0.257045,0.312487"
RACExPOLIDEOLOGY,RACExPOLIDEOLOGY :: White | Very conservative,RACESURV28g_W43,3,"0.455705,0.267895,0.276399"
RACExPOLIDEOLOGY,RACExPOLIDEOLOGY :: White | Very liberal,RACESURV28g_W43,3,"0.445052,0.272055,0.282892"
RACExPOLIDEOLOGY,RACExPOLIDEOLOGY :: Asian | Conservative,RACESURV29a_W43,4,"0.466295,0.225486,0.213486,0.094734"
RACExPOLIDEOLOGY,RACExPOLIDEOLOGY :: Asian | Liberal,RACESURV29a_W43,4,"0.397763,0.267045,0.233833,0.101359"
RACExPOLIDEOLOGY,RACExPOLIDEOLOGY :: Asian | Moderate,RACESURV29a_W43,4,"0.376696,0.293371,0.243213,0.086720"
RACExPOLIDEOLOGY,RACExPOLIDEOLOGY :: Asian | Very liberal,RACESURV29a_W43,4,"0.377045,0.245348,0.221654,0.155953"
RACExPOLIDEOLOGY,RACExPOLIDEOLOGY :: Black | Conservative,RACESURV29a_W43,4,"0.337527,0.293248,0.248876,0.120349"
RACExPOLIDEOLOGY,RACExPOLIDEOLOGY :: Black | Liberal,RACESURV29a_W43,4,"0.344090,0.298950,0.247838,0.109122"
RACExPOLIDEOLOGY,RACExPOLIDEOLOGY :: Black | Moderate,RACESURV29a_W43,4,"0.317705,0.330361,0.257285,0.094650"
RACExPOLIDEOLOGY,RACExPOLIDEOLOGY :: Black | Very conservative,RACESURV29a_W43,4,"0.340623,0.275845,0.241538,0.141993"
RACExPOLIDEOLOGY,RACExPOLIDEOLOGY :: Black | Very liberal,RACESURV29a_W43,4,"0.324625,0.273362,0.237501,0.164512"
RACExPOLIDEOLOGY,RACExPOLIDEOLOGY :: Hispanic | Conservative,RACESURV29a_W43,4,"0.319531,0.295518,0.260794,0.124157"
RACExPOLIDEOLOGY,RACExPOLIDEOLOGY :: Hispanic | Liberal,RACESURV29a_W43,4,"0.319503,0.307263,0.262816,0.110417"
RACExPOLIDEOLOGY,RACExPOLIDEOLOGY :: Hispanic | Moderate,RACESURV29a_W43,4,"0.306751,0.339543,0.264436,0.089270"
RACExPOLIDEOLOGY,RACExPOLIDEOLOGY :: Hispanic | Refused,RACESURV29a_W43,4,"0.283720,0.295022,0.258330,0.162927"
RACExPOLIDEOLOGY,RACExPOLIDEOLOGY :: Hispanic | Very conservative,RACESURV29a_W43,4,"0.321445,0.277103,0.254284,0.147168"
RACExPOLIDEOLOGY,RACExPOLIDEOLOGY :: Hispanic | Very liberal,RACESURV29a_W43,4,"0.304008,0.274649,0.248124,0.173219"
RACExPOLIDEOLOGY,RACExPOLIDEOLOGY :: Other | Conservative,RACESURV29a_W43,4,"0.318719,0.287938,0.254105,0.139238"
RACExPOLIDEOLOGY,RACExPOLIDEOLOGY :: Other | Liberal,RACESURV29a_W43,4,"0.312897,0.296245,0.259401,0.131458"
RACExPOLIDEOLOGY,RACExPOLIDEOLOGY :: Other | Moderate,RACESURV29a_W43,4,"0.298611,0.325408,0.263523,0.112458"
RACExPOLIDEOLOGY,RACExPOLIDEOLOGY :: White | Conservative,RACESURV29a_W43,4,"0.345295,0.275293,0.235471,0.143940"
RACExPOLIDEOLOGY,RACExPOLIDEOLOGY :: White | Liberal,RACESURV29a_W43,4,"0.344408,0.281098,0.238564,0.135930"
RACExPOLIDEOLOGY,RACExPOLIDEOLOGY :: White | Moderate,RACESURV29a_W43,4,"0.336165,0.303700,0.242130,0.118005"
RACExPOLIDEOLOGY,RACExPOLIDEOLOGY :: White | Refused,RACESURV29a_W43,4,"0.318562,0.255972,0.227666,0.197800"
RACExPOLIDEOLOGY,RACExPOLIDEOLOGY :: White | Very conservative,RACESURV29a_W43,4,"0.353563,0.244906,0.219532,0.181999"
RACExPOLIDEOLOGY,RACExPOLIDEOLOGY :: White | Very liberal,RACESURV29a_W43,4,"0.336951,0.244600,0.210859,0.207590"
RACExPOLIDEOLOGY,RACExPOLIDEOLOGY :: Asian | Conservative,RACESURV29b_W43,4,"0.377287,0.265455,0.257287,0.099971"
RACExPOLIDEOLOGY,RACExPOLIDEOLOGY :: Asian | Liberal,RACESURV29b_W43,4,"0.329589,0.302448,0.269003,0.098961"
RACExPOLIDEOLOGY,RACExPOLIDEOLOGY :: Asian | Moderate,RACESURV29b_W43,4,"0.303798,0.331060,0.278780,0.086362"
RACExPOLIDEOLOGY,RACExPOLIDEOLOGY :: Asian | Very liberal,RACESURV29b_W43,4,"0.326960,0.271059,0.248738,0.153243"
RACExPOLIDEOLOGY,RACExPOLIDEOLOGY :: Black | Conservative,RACESURV29b_W43,4,"0.285714,0.316256,0.283490,0.114540"
RACExPOLIDEOLOGY,RACExPOLIDEOLOGY :: Black | Liberal,RACESURV29b_W43,4,"0.294772,0.334021,0.274758,0.096449"
RACExPOLIDEOLOGY,RACExPOLIDEOLOGY :: Black | Moderate,RACESURV29b_W43,4,"0.265236,0.362535,0.286789,0.085440"
RACExPOLIDEOLOGY,RACExPOLIDEOLOGY :: Black | Very conservative,RACESURV29b_W43,4,"0.303168,0.300809,0.269643,0.126379"
RACExPOLIDEOLOGY,RACExPOLIDEOLOGY :: Black | Very liberal,RACESURV29b_W43,4,"0.294367,0.296676,0.259778,0.149178"
RACExPOLIDEOLOGY,RACExPOLIDEOLOGY :: Hispanic | Conservative,RACESURV29b_W43,4,"0.265891,0.315753,0.296623,0.121734"
RACExPOLIDEOLOGY,RACExPOLIDEOLOGY :: Hispanic | Liberal,RACESURV29b_W43,4,"0.265712,0.338526,0.294117,0.101644"
RACExPOLIDEOLOGY,RACExPOLIDEOLOGY :: Hispanic | Moderate,RACESURV29b_W43,4,"0.245371,0.374146,0.298295,0.082189"
RACExPOLIDEOLOGY,RACExPOLIDEOLOGY :: Hispanic | Refused,RACESURV29b_W43,4,"0.244850,0.316860,0.286259,0.152031"
RACExPOLIDEOLOGY,RACExPOLIDEOLOGY :: Hispanic | Very conservative,RACESURV29b_W43,4,"0.278692,0.301338,0.283081,0.136889"
RACExPOLIDEOLOGY,RACExPOLIDEOLOGY :: Hispanic | Very liberal,RACESURV29b_W43,4,"0.270816,0.292822,0.270816,0.165546"
RACExPOLIDEOLOGY,RACExPOLIDEOLOGY :: Other | Conservative,RACESURV29b_W43,4,"0.275597,0.300328,0.286575,0.137500"
RACExPOLIDEOLOGY,RACExPOLIDEOLOGY :: Other | Liberal,RACESURV29b_W43,4,"0.273318,0.317054,0.286434,0.123194"
RACExPOLIDEOLOGY,RACExPOLIDEOLOGY :: Other | Moderate,RACESURV29b_W43,4,"0.256003,0.347191,0.290089,0.106718"
RACExPOLIDEOLOGY,RACExPOLIDEOLOGY :: White | Conservative,RACESURV29b_W43,4,"0.285110,0.294160,0.280689,0.140041"
RACExPOLIDEOLOGY,RACExPOLIDEOLOGY :: White | Liberal,RACESURV29b_W43,4,"0.288068,0.309052,0.277032,0.125848"
RACExPOLIDEOLOGY,RACExPOLIDEOLOGY :: White | Moderate,RACESURV29b_W43,4,"0.276371,0.330772,0.282925,0.109933"
RACExPOLIDEOLOGY,RACExPOLIDEOLOGY :: White | Refused,RACESURV29b_W43,4,"0.276028,0.271749,0.265454,0.186770"
RACExPOLIDEOLOGY,RACExPOLIDEOLOGY :: White | Very conservative,RACESURV29b_W43,4,"0.304815,0.264828,0.256680,0.173678"
RACExPOLIDEOLOGY,RACExPOLIDEOLOGY :: White | Very liberal,RACESURV29b_W43,4,"0.296805,0.257869,0.246060,0.199266"
RACExPOLIDEOLOGY,RACExPOLIDEOLOGY :: Asian | Conservative,RACESURV29c_W43,4,"0.355666,0.288027,0.266381,0.089926"
RACExPOLIDEOLOGY,RACExPOLIDEOLOGY :: Asian | Liberal,RACESURV29c_W43,4,"0.316498,0.324003,0.274978,0.084521"
RACExPOLIDEOLOGY,RACExPOLIDEOLOGY :: Asian | Moderate,RACESURV29c_W43,4,"0.293438,0.351200,0.280001,0.075361"
RACExPOLIDEOLOGY,RACExPOLIDEOLOGY :: Asian | Very liberal,RACESURV29c_W43,4,"0.329899,0.298038,0.258940,0.113123"
RACExPOLIDEOLOGY,RACExPOLIDEOLOGY :: Black | Conservative,RACESURV29c_W43,4,"0.269998,0.338654,0.289666,0.101682"
RACExPOLIDEOLOGY,RACExPOLIDEOLOGY :: Black | Liberal,RACESURV29c_W43,4,"0.278366,0.354648,0.282750,0.084236"
RACExPOLIDEOLOGY,RACExPOLIDEOLOGY :: Black | Moderate,RACESURV29c_W43,4,"0.252707,0.379358,0.290864,0.077071"
RACExPOLIDEOLOGY,RACExPOLIDEOLOGY :: Black | Very conservative,RACESURV29c_W43,4,"0.290543,0.331810,0.277238,0.100409"
RACExPOLIDEOLOGY,RACExPOLIDEOLOGY :: Black | Very liberal,RACESURV29c_W43,4,"0.287758,0.323535,0.272443,0.116265"
RACExPOLIDEOLOGY,RACExPOLIDEOLOGY :: Hispanic | Conservative,RACESURV29c_W43,4,"0.264012,0.344337,0.294527,0.097125"
RACExPOLIDEOLOGY,RACExPOLIDEOLOGY :: Hispanic | Liberal,RACESURV29c_W43,4,"0.265154,0.368129,0.288948,0.077769"
RACExPOLIDEOLOGY,RACExPOLIDEOLOGY :: Hispanic | Moderate,RACESURV29c_W43,4,"0.247741,0.398995,0.289639,0.063625"
RACExPOLIDEOLOGY,RACExPOLIDEOLOGY :: Hispanic | Refused,RACESURV29c_W43,4,"0.249596,0.346530,0.285048,0.118826"
RACExPOLIDEOLOGY,RACExPOLIDEOLOGY :: Hispanic | Very conservative,RACESURV29c_W43,4,"0.287923,0.336616,0.281253,0.094208"
RACExPOLIDEOLOGY,RACExPOLIDEOLOGY :: Hispanic | Very liberal,RACESURV29c_W43,4,"0.282436,0.330201,0.275893,0.111471"
RACExPOLIDEOLOGY,RACExPOLIDEOLOGY :: Other | Conservative,RACESURV29c_W43,4,"0.275458,0.324569,0.288678,0.111295"
RACExPOLIDEOLOGY,RACExPOLIDEOLOGY :: Other | Liberal,RACESURV29c_W43,4,"0.275177,0.339798,0.286139,0.098887"
RACExPOLIDEOLOGY,RACExPOLIDEOLOGY :: Other | Moderate,RACESURV29c_W43,4,"0.259066,0.365341,0.286759,0.088834"
RACExPOLIDEOLOGY,RACExPOLIDEOLOGY :: White | Conservative,RACESURV29c_W43,4,"0.278424,0.315496,0.287263,0.118817"
RACExPOLIDEOLOGY,RACExPOLIDEOLOGY :: White | Liberal,RACESURV29c_W43,4,"0.280550,0.327997,0.284968,0.106485"
RACExPOLIDEOLOGY,RACExPOLIDEOLOGY :: White | Moderate,RACESURV29c_W43,4,"0.268034,0.349582,0.287558,0.094827"
RACExPOLIDEOLOGY,RACExPOLIDEOLOGY :: White | Refused,RACESURV29c_W43,4,"0.271426,0.295784,0.275701,0.157089"
RACExPOLIDEOLOGY,RACExPOLIDEOLOGY :: White | Very conservative,RACESURV29c_W43,4,"0.303497,0.291870,0.267835,0.136797"
RACExPOLIDEOLOGY,RACExPOLIDEOLOGY :: White | Very liberal,RACESURV29c_W43,4,"0.299289,0.287823,0.260027,0.152862"
RACExPOLIDEOLOGY,RACExPOLIDEOLOGY :: Asian | Conservative,RACESURV34a_W43,5,"0.374925,0.171653,0.167677,0.141198,0.144547"
RACExPOLIDEOLOGY,RACExPOLIDEOLOGY :: Asian | Liberal,RACESURV34a_W43,5,"0.301807,0.181631,0.184491,0.164090,0.167981"
RACExPOLIDEOLOGY,RACExPOLIDEOLOGY :: Asian | Moderate,RACESURV34a_W43,5,"0.269243,0.182179,0.182179,0.153410,0.212989"
RACExPOLIDEOLOGY,RACExPOLIDEOLOGY :: Asian | Very liberal,RACESURV34a_W43,5,"0.290152,0.174617,0.160237,0.169244,0.205749"
RACExPOLIDEOLOGY,RACExPOLIDEOLOGY :: Black | Conservative,RACESURV34a_W43,5,"0.280606,0.198980,0.191357,0.172876,0.156181"
RACExPOLIDEOLOGY,RACExPOLIDEOLOGY :: Black | Liberal,RACESURV34a_W43,5,"0.277038,0.210759,0.193403,0.169350,0.149451"
RACExPOLIDEOLOGY,RACExPOLIDEOLOGY :: Black | Moderate,RACESURV34a_W43,5,"0.248853,0.193807,0.192299,0.161932,0.203108"
RACExPOLIDEOLOGY,RACExPOLIDEOLOGY :: Black | Very conservative,RACESURV34a_W43,5,"0.268245,0.185808,0.180091,0.182927,0.182927"
RACExPOLIDEOLOGY,RACExPOLIDEOLOGY :: Black | Very liberal,RACESURV34a_W43,5,"0.266966,0.189307,0.172366,0.182055,0.189307"
RACExPOLIDEOLOGY,RACExPOLIDEOLOGY :: Hispanic | Conservative,RACESURV34a_W43,5,"0.268849,0.186226,0.193645,0.173582,0.177698"
RACExPOLIDEOLOGY,RACExPOLIDEOLOGY :: Hispanic | Liberal,RACESURV34a_W43,5,"0.259381,0.186825,0.195791,0.175506,0.182497"
RACExPOLIDEOLOGY,RACExPOLIDEOLOGY :: Hispanic | Moderate,RACESURV34a_W43,5,"0.241455,0.186582,0.191007,0.155895,0.225061"
RACExPOLIDEOLOGY,RACExPOLIDEOLOGY :: Hispanic | Refused,RACESURV34a_W43,5,"0.240289,0.175799,0.184236,0.170390,0.229285"
RACExPOLIDEOLOGY,RACExPOLIDEOLOGY :: Hispanic | Very conservative,RACESURV34a_W43,5,"0.264945,0.179270,0.175118,0.180677,0.199991"
RACExPOLIDEOLOGY,RACExPOLIDEOLOGY :: Hispanic | Very liberal,RACESURV34a_W43,5,"0.259972,0.178676,0.170494,0.178676,0.212183"
RACExPOLIDEOLOGY,RACExPOLIDEOLOGY :: Other | Conservative,RACESURV34a_W43,5,"0.275203,0.183325,0.177684,0.159275,0.204513"
RACExPOLIDEOLOGY,RACExPOLIDEOLOGY :: Other | Liberal,RACESURV34a_W43,5,"0.257374,0.183937,0.185380,0.164880,0.208428"
RACExPOLIDEOLOGY,RACExPOLIDEOLOGY :: Other | Moderate,RACESURV34a_W43,5,"0.233525,0.183296,0.181869,0.150775,0.250535"
RACExPOLIDEOLOGY,RACExPOLIDEOLOGY :: White | Conservative,RACESURV34a_W43,5,"0.285513,0.177279,0.165242,0.156448,0.215517"
RACExPOLIDEOLOGY,RACExPOLIDEOLOGY :: White | Liberal,RACESURV34a_W43,5,"0.277281,0.179026,0.173518,0.159229,0.210945"
RACExPOLIDEOLOGY,RACExPOLIDEOLOGY :: White | Moderate,RACESURV34a_W43,5,"0.253789,0.175794,0.171722,0.146882,0.251814"
RACExPOLIDEOLOGY,RACExPOLIDEOLOGY :: White | Refused,RACESURV34a_W43,5,"0.257992,0.161447,0.151666,0.162714,0.266182"
RACExPOLIDEOLOGY,RACExPOLIDEOLOGY :: White | Very conservative,RACESURV34a_W43,5,"0.289724,0.166375,0.146825,0.158756,0.238321"
RACExPOLIDEOLOGY,RACExPOLIDEOLOGY :: White | Very liberal,RACESURV34a_W43,5,"0.280267,0.166053,0.142032,0.158448,0.253200"
RACExPOLIDEOLOGY,RACExPOLIDEOLOGY :: Asian | Conservative,RACESURV34b_W43,5,"0.336902,0.186055,0.186055,0.148336,0.142653"
RACExPOLIDEOLOGY,RACExPOLIDEOLOGY :: Asian | Liberal,RACESURV34b_W43,5,"0.280648,0.197461,0.194399,0.167583,0.159909"
RACExPOLIDEOLOGY,RACExPOLIDEOLOGY :: Asian | Moderate,RACESURV34b_W43,5,"0.250921,0.204796,0.190891,0.159495,0.193897"
RACExPOLIDEOLOGY,RACExPOLIDEOLOGY :: Asian | Very liberal,RACESURV34b_W43,5,"0.278114,0.186717,0.172685,0.171341,0.191144"
RACExPOLIDEOLOGY,RACExPOLIDEOLOGY :: Black | Conservative,RACESURV34b_W43,5,"0.273506,0.201670,0.195466,0.169824,0.159534"
RACExPOLIDEOLOGY,RACExPOLIDEOLOGY :: Black | Liberal,RACESURV34b_W43,5,"0.274199,0.206976,0.197498,0.166310,0.155018"
RACExPOLIDEOLOGY,RACExPOLIDEOLOGY :: Black | Moderate,RACESURV34b_W43,5,"0.241335,0.212977,0.196972,0.160764,0.187952"
RACExPOLIDEOLOGY,RACExPOLIDEOLOGY :: Black | Very conservative,RACESURV34b_W43,5,"0.267762,0.192861,0.184030,0.176980,0.178368"
RACExPOLIDEOLOGY,RACExPOLIDEOLOGY :: Black | Very liberal,RACESURV34b_W43,5,"0.264736,0.192178,0.180534,0.177736,0.184816"
RACExPOLIDEOLOGY,RACExPOLIDEOLOGY :: Hispanic | Conservative,RACESURV34b_W43,5,"0.265688,0.202125,0.194382,0.171541,0.166264"
RACExPOLIDEOLOGY,RACExPOLIDEOLOGY :: Hispanic | Liberal,RACESURV34b_W43,5,"0.257725,0.205476,0.196067,0.173028,0.167705"
RACExPOLIDEOLOGY,RACExPOLIDEOLOGY :: Hispanic | Moderate,RACESURV34b_W43,5,"0.239731,0.213222,0.192630,0.157220,0.197198"
RACExPOLIDEOLOGY,RACExPOLIDEOLOGY :: Hispanic | Refused,RACESURV34b_W43,5,"0.234992,0.197883,0.185894,0.170586,0.210645"
RACExPOLIDEOLOGY,RACExPOLIDEOLOGY :: Hispanic | Very conservative,RACESURV34b_W43,5,"0.263174,0.194052,0.179469,0.176687,0.186618"
RACExPOLIDEOLOGY,RACExPOLIDEOLOGY :: Hispanic | Very liberal,RACESURV34b_W43,5,"0.260410,0.195038,0.174831,0.176202,0.193520"
RACExPOLIDEOLOGY,RACExPOLIDEOLOGY :: Other | Conservative,RACESURV34b_W43,5,"0.270822,0.192041,0.186133,0.160457,0.190547"
RACExPOLIDEOLOGY,RACExPOLIDEOLOGY :: Other | Liberal,RACESURV34b_W43,5,"0.254256,0.194945,0.191923,0.165448,0.193428"
RACExPOLIDEOLOGY,RACExPOLIDEOLOGY :: Other | Moderate,RACESURV34b_W43,5,"0.232676,0.199018,0.188427,0.152593,0.227286"
RACExPOLIDEOLOGY,RACExPOLIDEOLOGY :: White | Conservative,RACESURV34b_W43,5,"0.273119,0.193670,0.177722,0.161818,0.193670"
RACExPOLIDEOLOGY,RACExPOLIDEOLOGY :: White | Liberal,RACESURV34b_W43,5,"0.264431,0.196509,0.184603,0.165477,0.188981"
RACExPOLIDEOLOGY,RACExPOLIDEOLOGY :: White | Moderate,RACESURV34b_W43,5,"0.244292,0.202525,0.180129,0.154073,0.218982"
RACExPOLIDEOLOGY,RACExPOLIDEOLOGY :: White | Refused,RACESURV34b_W43,5,"0.248978,0.183585,0.165855,0.165855,0.235727"
RACExPOLIDEOLOGY,RACExPOLIDEOLOGY :: White | Very conservative,RACESURV34b_W43,5,"0.274904,0.183126,0.160350,0.164153,0.217467"
RACExPOLIDEOLOGY,RACExPOLIDEOLOGY :: White | Very liberal,RACESURV34b_W43,5,"0.274172,0.182638,0.157444,0.163715,0.222031"
RACExPOLIDEOLOGY,RACExPOLIDEOLOGY :: Asian | Conservative,RACESURV34c_W43,5,"0.311953,0.170936,0.176362,0.164387,0.176362"
RACExPOLIDEOLOGY,RACExPOLIDEOLOGY :: Asian | Liberal,RACESURV34c_W43,5,"0.249440,0.188287,0.186822,0.179665,0.195787"
RACExPOLIDEOLOGY,RACExPOLIDEOLOGY :: Asian | Moderate,RACESURV34c_W43,5,"0.225416,0.192809,0.183979,0.168829,0.228966"
RACExPOLIDEOLOGY,RACExPOLIDEOLOGY :: Asian | Very liberal,RACESURV34c_W43,5,"0.250017,0.173182,0.163965,0.188723,0.224114"
RACExPOLIDEOLOGY,RACExPOLIDEOLOGY :: Black | Conservative,RACESURV34c_W43,5,"0.239693,0.197166,0.189613,0.180930,0.192599"
RACExPOLIDEOLOGY,RACExPOLIDEOLOGY :: Black | Liberal,RACESURV34c_W43,5,"0.238860,0.202718,0.187483,0.177505,0.193434"
RACExPOLIDEOLOGY,RACExPOLIDEOLOGY :: Black | Moderate,RACESURV34c_W43,5,"0.215817,0.205934,0.187505,0.168078,0.222667"
RACExPOLIDEOLOGY,RACExPOLIDEOLOGY :: Black | Very conservative,RACESURV34c_W43,5,"0.241966,0.188443,0.175649,0.186977,0.206965"
RACExPOLIDEOLOGY,RACExPOLIDEOLOGY :: Black | Very liberal,RACESURV34c_W43,5,"0.239073,0.184741,0.170858,0.187650,0.217678"
RACExPOLIDEOLOGY,RACExPOLIDEOLOGY :: Hispanic | Conservative,RACESURV34c_W43,5,"0.231922,0.195298,0.187816,0.183466,0.201498"
RACExPOLIDEOLOGY,RACExPOLIDEOLOGY :: Hispanic | Liberal,RACESURV34c_W43,5,"0.224625,0.198231,0.187682,0.183334,0.206128"
RACExPOLIDEOLOGY,RACExPOLIDEOLOGY :: Hispanic | Moderate,RACESURV34c_W43,5,"0.210223,0.202170,0.181224,0.166300,0.240083"
RACExPOLIDEOLOGY,RACExPOLIDEOLOGY :: Hispanic | Refused,RACESURV34c_W43,5,"0.209638,0.189392,0.175159,0.180719,0.245092"
RACExPOLIDEOLOGY,RACExPOLIDEOLOGY :: Hispanic | Very conservative,RACESURV34c_W43,5,"0.237763,0.189561,0.171254,0.186622,0.214801"
RACExPOLIDEOLOGY,RACExPOLIDEOLOGY :: Hispanic | Very liberal,RACESURV34c_W43,5,"0.234713,0.184229,0.166437,0.187130,0.227492"
RACExPOLIDEOLOGY,RACExPOLIDEOLOGY :: Other | Conservative,RACESURV34c_W43,5,"0.244248,0.185814,0.181510,0.174556,0.213871"
RACExPOLIDEOLOGY,RACExPOLIDEOLOGY :: Other | Liberal,RACESURV34c_W43,5,"0.232855,0.190051,0.185648,0.174401,0.217045"
RACExPOLIDEOLOGY,RACExPOLIDEOLOGY :: Other | Moderate,RACESURV34c_W43,5,"0.213133,0.192550,0.182303,0.160882,0.251132"
RACExPOLIDEOLOGY,RACExPOLIDEOLOGY :: White | Conservative,RACESURV34c_W43,5,"0.241010,0.184789,0.173593,0.177710,0.222898"
RACExPOLIDEOLOGY,RACExPOLIDEOLOGY :: White | Liberal,RACESURV34c_W43,5,"0.236962,0.188922,0.178868,0.176095,0.219154"
RACExPOLIDEOLOGY,RACExPOLIDEOLOGY :: White | Moderate,RACESURV34c_W43,5,"0.219788,0.193962,0.173866,0.163332,0.249052"
RACExPOLIDEOLOGY,RACExPOLIDEOLOGY :: White | Refused,RACESURV34c_W43,5,"0.222335,0.174513,0.157659,0.181464,0.264029"
RACExPOLIDEOLOGY,RACExPOLIDEOLOGY :: White | Very conservative,RACESURV34c_W43,5,"0.248978,0.173815,0.157029,0.180739,0.239440"
RACExPOLIDEOLOGY,RACExPOLIDEOLOGY :: White | Very liberal,RACESURV34c_W43,5,"0.248324,0.169342,0.151798,0.180264,0.250272"
RACExPOLIDEOLOGY,RACExPOLIDEOLOGY :: Asian | Conservative,RACESURV34d_W43,5,"0.366802,0.175994,0.173265,0.141415,0.142524"
RACExPOLIDEOLOGY,RACExPOLIDEOLOGY :: Asian | Liberal,RACESURV34d_W43,5,"0.311135,0.200884,0.178670,0.151635,0.157676"
RACExPOLIDEOLOGY,RACExPOLIDEOLOGY :: Asian | Moderate,RACESURV34d_W43,5,"0.293539,0.213086,0.179437,0.138658,0.175280"
RACExPOLIDEOLOGY,RACExPOLIDEOLOGY :: Asian | Very liberal,RACESURV34d_W43,5,"0.294940,0.181708,0.160356,0.168052,0.194944"
RACExPOLIDEOLOGY,RACExPOLIDEOLOGY :: Black | Conservative,RACESURV34d_W43,5,"0.295810,0.206508,0.182243,0.157103,0.158336"
RACExPOLIDEOLOGY,RACExPOLIDEOLOGY :: Black | Liberal,RACESURV34d_W43,5,"0.288643,0.217879,0.182045,0.154500,0.156933"
RACExPOLIDEOLOGY,RACExPOLIDEOLOGY :: Black | Moderate,RACESURV34d_W43,5,"0.275161,0.229906,0.183297,0.139445,0.172191"
RACExPOLIDEOLOGY,RACExPOLIDEOLOGY :: Black | Very conservative,RACESURV34d_W43,5,"0.286139,0.199757,0.169532,0.166904,0.177668"
RACExPOLIDEOLOGY,RACExPOLIDEOLOGY :: Black | Very liberal,RACESURV34d_W43,5,"0.277430,0.198270,0.165661,0.170920,0.187719"
RACExPOLIDEOLOGY,RACExPOLIDEOLOGY :: Hispanic | Conservative,RACESURV34d_W43,5,"0.292652,0.207521,0.180297,0.156645,0.162885"
RACExPOLIDEOLOGY,RACExPOLIDEOLOGY :: Hispanic | Liberal,RACESURV34d_W43,5,"0.284283,0.219677,0.180701,0.153359,0.161980"
RACExPOLIDEOLOGY,RACExPOLIDEOLOGY :: Hispanic | Moderate,RACESURV34d_W43,5,"0.270001,0.230944,0.178460,0.137903,0.182692"
RACExPOLIDEOLOGY,RACExPOLIDEOLOGY :: Hispanic | Refused,RACESURV34d_W43,5,"0.247488,0.208406,0.172775,0.166156,0.205175"
RACExPOLIDEOLOGY,RACExPOLIDEOLOGY :: Hispanic | Very conservative,RACESURV34d_W43,5,"0.283614,0.201112,0.166728,0.165431,0.183115"
RACExPOLIDEOLOGY,RACExPOLIDEOLOGY :: Hispanic | Very liberal,RACESURV34d_W43,5,"0.274816,0.199495,0.162823,0.167992,0.194874"
RACExPOLIDEOLOGY,RACExPOLIDEOLOGY :: Other | Conservative,RACESURV34d_W43,5,"0.285376,0.193095,0.177194,0.160082,0.184253"
RACExPOLIDEOLOGY,RACExPOLIDEOLOGY :: Other | Liberal,RACESURV34d_W43,5,"0.272924,0.202820,0.180392,0.159195,0.184670"
RACExPOLIDEOLOGY,RACExPOLIDEOLOGY :: Other | Moderate,RACESURV34d_W43,5,"0.255832,0.213756,0.178599,0.144634,0.207179"
RACExPOLIDEOLOGY,RACExPOLIDEOLOGY :: White | Conservative,RACESURV34d_W43,5,"0.284519,0.195547,0.171227,0.162114,0.186592"
RACExPOLIDEOLOGY,RACExPOLIDEOLOGY :: White | Liberal,RACESURV34d_W43,5,"0.276306,0.206944,0.175631,0.159914,0.181206"
RACExPOLIDEOLOGY,RACExPOLIDEOLOGY :: White | Moderate,RACESURV34d_W43,5,"0.267837,0.218602,0.171583,0.144487,0.197491"
RACExPOLIDEOLOGY,RACExPOLIDEOLOGY :: White | Refused,RACESURV34d_W43,5,"0.249006,0.190919,0.159519,0.173834,0.226722"
RACExPOLIDEOLOGY,RACExPOLIDEOLOGY :: White | Very conservative,RACESURV34d_W43,5,"0.278012,0.186648,0.157174,0.169945,0.208221"
RACExPOLIDEOLOGY,RACExPOLIDEOLOGY :: White | Very liberal,RACESURV34d_W43,5,"0.273203,0.183420,0.153253,0.172307,0.217817"
RACExPOLIDEOLOGY,RACExPOLIDEOLOGY :: Asian | Conservative,RACESURV37_W43,2,"0.680879,0.319121"
RACExPOLIDEOLOGY,RACExPOLIDEOLOGY :: Asian | Liberal,RACESURV37_W43,2,"0.646014,0.353986"
RACExPOLIDEOLOGY,RACExPOLIDEOLOGY :: Asian | Moderate,RACESURV37_W43,2,"0.651355,0.348645"
RACExPOLIDEOLOGY,RACExPOLIDEOLOGY :: Asian | Very liberal,RACESURV37_W43,2,"0.624294,0.375706"
RACExPOLIDEOLOGY,RACExPOLIDEOLOGY :: Black | Conservative,RACESURV37_W43,2,"0.585101,0.414899"
RACExPOLIDEOLOGY,RACExPOLIDEOLOGY :: Black | Liberal,RACESURV37_W43,2,"0.605799,0.394201"
RACExPOLIDEOLOGY,RACExPOLIDEOLOGY :: Black | Moderate,RACESURV37_W43,2,"0.603932,0.396068"
RACExPOLIDEOLOGY,RACExPOLIDEOLOGY :: Black | Very conservative,RACESURV37_W43,2,"0.598312,0.401688"
RACExPOLIDEOLOGY,RACExPOLIDEOLOGY :: Black | Very liberal,RACESURV37_W43,2,"0.588889,0.411111"
RACExPOLIDEOLOGY,RACExPOLIDEOLOGY :: Hispanic | Conservative,RACESURV37_W43,2,"0.585101,0.414899"
RACExPOLIDEOLOGY,RACExPOLIDEOLOGY :: Hispanic | Liberal,RACESURV37_W43,2,"0.603932,0.396068"
RACExPOLIDEOLOGY,RACExPOLIDEOLOGY :: Hispanic | Moderate,RACESURV37_W43,2,"0.633410,0.366590"
RACExPOLIDEOLOGY,RACExPOLIDEOLOGY :: Hispanic | Refused,RACESURV37_W43,2,"0.571767,0.428233"
RACExPOLIDEOLOGY,RACExPOLIDEOLOGY :: Hispanic | Very conservative,RACESURV37_W43,2,"0.603932,0.396068"
RACExPOLIDEOLOGY,RACExPOLIDEOLOGY :: Hispanic | Very liberal,RACESURV37_W43,2,"0.588889,0.411111"
RACExPOLIDEOLOGY,RACExPOLIDEOLOGY :: Other | Conservative,RACESURV37_W43,2,"0.585101,0.414899"
RACExPOLIDEOLOGY,RACExPOLIDEOLOGY :: Other | Liberal,RACESURV37_W43,2,"0.596433,0.403567"
RACExPOLIDEOLOGY,RACExPOLIDEOLOGY :: Other | Moderate,RACESURV37_W43,2,"0.600188,0.399812"
RACExPOLIDEOLOGY,RACExPOLIDEOLOGY :: White | Conservative,RACESURV37_W43,2,"0.585101,0.414899"
RACExPOLIDEOLOGY,RACExPOLIDEOLOGY :: White | Liberal,RACESURV37_W43,2,"0.592667,0.407333"
RACExPOLIDEOLOGY,RACExPOLIDEOLOGY :: White | Moderate,RACESURV37_W43,2,"0.609524,0.390476"
RACExPOLIDEOLOGY,RACExPOLIDEOLOGY :: White | Refused,RACESURV37_W43,2,"0.573678,0.426322"
RACExPOLIDEOLOGY,RACExPOLIDEOLOGY :: White | Very conservative,RACESURV37_W43,2,"0.603932,0.396068"
RACExPOLIDEOLOGY,RACExPOLIDEOLOGY :: White | Very liberal,RACESURV37_W43,2,"0.585101,0.414899"
RACExPOLIDEOLOGY,RACExPOLIDEOLOGY :: Asian | Conservative,RACESURV38_W43,4,"0.350931,0.186378,0.219607,0.243083"
RACExPOLIDEOLOGY,RACExPOLIDEOLOGY :: Asian | Liberal,RACESURV38_W43,4,"0.326220,0.210623,0.220731,0.242426"
RACExPOLIDEOLOGY,RACExPOLIDEOLOGY :: Asian | Moderate,RACESURV38_W43,4,"0.299965,0.216057,0.239153,0.244825"
RACExPOLIDEOLOGY,RACExPOLIDEOLOGY :: Asian | Very liberal,RACESURV38_W43,4,"0.343081,0.168515,0.187993,0.300411"
RACExPOLIDEOLOGY,RACExPOLIDEOLOGY :: Black | Conservative,RACESURV38_W43,4,"0.298454,0.228833,0.225285,0.247427"
RACExPOLIDEOLOGY,RACExPOLIDEOLOGY :: Black | Liberal,RACESURV38_W43,4,"0.295693,0.243230,0.219740,0.241337"
RACExPOLIDEOLOGY,RACExPOLIDEOLOGY :: Black | Moderate,RACESURV38_W43,4,"0.274662,0.246205,0.240502,0.238630"
RACExPOLIDEOLOGY,RACExPOLIDEOLOGY :: Black | Very conservative,RACESURV38_W43,4,"0.307223,0.209508,0.207877,0.275393"
RACExPOLIDEOLOGY,RACExPOLIDEOLOGY :: Black | Very liberal,RACESURV38_W43,4,"0.322019,0.201514,0.192286,0.284181"
RACExPOLIDEOLOGY,RACExPOLIDEOLOGY :: Hispanic | Conservative,RACESURV38_W43,4,"0.292454,0.224232,0.233165,0.250149"
RACExPOLIDEOLOGY,RACExPOLIDEOLOGY :: Hispanic | Liberal,RACESURV38_W43,4,"0.291552,0.236106,0.230637,0.241705"
RACExPOLIDEOLOGY,RACExPOLIDEOLOGY :: Hispanic | Moderate,RACESURV38_W43,4,"0.275197,0.240971,0.242861,0.240971"
RACExPOLIDEOLOGY,RACExPOLIDEOLOGY :: Hispanic | Refused,RACESURV38_W43,4,"0.272203,0.215330,0.220436,0.292031"
RACExPOLIDEOLOGY,RACExPOLIDEOLOGY :: Hispanic | Very conservative,RACESURV38_W43,4,"0.304034,0.202530,0.212250,0.281186"
RACExPOLIDEOLOGY,RACExPOLIDEOLOGY :: Hispanic | Very liberal,RACESURV38_W43,4,"0.314334,0.196705,0.198248,0.290712"
RACExPOLIDEOLOGY,RACExPOLIDEOLOGY :: Other | Conservative,RACESURV38_W43,4,"0.308898,0.213967,0.219041,0.258094"
RACExPOLIDEOLOGY,RACExPOLIDEOLOGY :: Other | Liberal,RACESURV38_W43,4,"0.309257,0.228032,0.214216,0.248495"
RACExPOLIDEOLOGY,RACExPOLIDEOLOGY :: Other | Moderate,RACESURV38_W43,4,"0.282957,0.234580,0.232754,0.249709"
RACExPOLIDEOLOGY,RACExPOLIDEOLOGY :: White | Conservative,RACESURV38_W43,4,"0.297614,0.209398,0.217739,0.275248"
RACExPOLIDEOLOGY,RACExPOLIDEOLOGY :: White | Liberal,RACESURV38_W43,4,"0.295561,0.226615,0.212885,0.264939"
RACExPOLIDEOLOGY,RACExPOLIDEOLOGY :: White | Moderate,RACESURV38_W43,4,"0.276668,0.225810,0.229366,0.268156"
RACExPOLIDEOLOGY,RACExPOLIDEOLOGY :: White | Refused,RACESURV38_W43,4,"0.281148,0.194746,0.190234,0.333872"
RACExPOLIDEOLOGY,RACExPOLIDEOLOGY :: White | Very conservative,RACESURV38_W43,4,"0.307645,0.182274,0.185144,0.324938"
RACExPOLIDEOLOGY,RACExPOLIDEOLOGY :: White | Very liberal,RACESURV38_W43,4,"0.317666,0.175432,0.166096,0.340806"
RACExPOLIDEOLOGY,RACExPOLIDEOLOGY :: Asian | Conservative,RACESURV44_W43,4,"0.404295,0.216403,0.208113,0.171189"
RACExPOLIDEOLOGY,RACExPOLIDEOLOGY :: Asian | Liberal,RACESURV44_W43,4,"0.346073,0.243493,0.225194,0.185240"
RACExPOLIDEOLOGY,RACExPOLIDEOLOGY :: Asian | Moderate,RACESURV44_W43,4,"0.287674,0.242246,0.272364,0.197715"
RACExPOLIDEOLOGY,RACExPOLIDEOLOGY :: Asian | Very liberal,RACESURV44_W43,4,"0.392567,0.227200,0.179730,0.200503"
RACExPOLIDEOLOGY,RACExPOLIDEOLOGY :: Black | Conservative,RACESURV44_W43,4,"0.329490,0.256607,0.224693,0.189210"
RACExPOLIDEOLOGY,RACExPOLIDEOLOGY :: Black | Liberal,RACESURV44_W43,4,"0.306338,0.283317,0.233050,0.177295"
RACExPOLIDEOLOGY,RACExPOLIDEOLOGY :: Black | Moderate,RACESURV44_W43,4,"0.256762,0.275466,0.275466,0.192306"
RACExPOLIDEOLOGY,RACExPOLIDEOLOGY :: Black | Very conservative,RACESURV44_W43,4,"0.339454,0.262310,0.210772,0.187464"
RACExPOLIDEOLOGY,RACExPOLIDEOLOGY :: Black | Very liberal,RACESURV44_W43,4,"0.351168,0.260966,0.193933,0.193933"
RACExPOLIDEOLOGY,RACExPOLIDEOLOGY :: Hispanic | Conservative,RACESURV44_W43,4,"0.320152,0.247394,0.239783,0.192671"
RACExPOLIDEOLOGY,RACExPOLIDEOLOGY :: Hispanic | Liberal,RACESURV44_W43,4,"0.291756,0.269830,0.251509,0.186906"
RACExPOLIDEOLOGY,RACExPOLIDEOLOGY :: Hispanic | Moderate,RACESURV44_W43,4,"0.262014,0.270331,0.283305,0.184350"
RACExPOLIDEOLOGY,RACExPOLIDEOLOGY :: Hispanic | Refused,RACESURV44_W43,4,"0.277214,0.262461,0.242737,0.217588"
RACExPOLIDEOLOGY,RACExPOLIDEOLOGY :: Hispanic | Very conservative,RACESURV44_W43,4,"0.331967,0.254528,0.222872,0.190633"
RACExPOLIDEOLOGY,RACExPOLIDEOLOGY :: Hispanic | Very liberal,RACESURV44_W43,4,"0.340421,0.252980,0.206476,0.200123"
RACExPOLIDEOLOGY,RACExPOLIDEOLOGY :: Other | Conservative,RACESURV44_W43,4,"0.342970,0.243202,0.221438,0.192389"
RACExPOLIDEOLOGY,RACExPOLIDEOLOGY :: Other | Liberal,RACESURV44_W43,4,"0.311445,0.266393,0.233261,0.188901"
RACExPOLIDEOLOGY,RACExPOLIDEOLOGY :: Other | Moderate,RACESURV44_W43,4,"0.269511,0.265333,0.269511,0.195644"
RACExPOLIDEOLOGY,RACExPOLIDEOLOGY :: White | Conservative,RACESURV44_W43,4,"0.316158,0.240520,0.227720,0.215601"
RACExPOLIDEOLOGY,RACExPOLIDEOLOGY :: White | Liberal,RACESURV44_W43,4,"0.290708,0.262633,0.237269,0.209389"
RACExPOLIDEOLOGY,RACExPOLIDEOLOGY :: White | Moderate,RACESURV44_W43,4,"0.256489,0.254493,0.273032,0.215986"
RACExPOLIDEOLOGY,RACExPOLIDEOLOGY :: White | Refused,RACESURV44_W43,4,"0.281254,0.250153,0.224235,0.244358"
RACExPOLIDEOLOGY,RACExPOLIDEOLOGY :: White | Very conservative,RACESURV44_W43,4,"0.329594,0.241136,0.206255,0.223015"
RACExPOLIDEOLOGY,RACExPOLIDEOLOGY :: White | Very liberal,RACESURV44_W43,4,"0.336229,0.244076,0.188608,0.231087"
RACExPOLIDEOLOGY,RACExPOLIDEOLOGY :: Asian | Conservative,RACESURV47c_W43,4,"0.237278,0.153198,0.239139,0.370385"
RACExPOLIDEOLOGY,RACExPOLIDEOLOGY :: Asian | Liberal,RACESURV47c_W43,4,"0.134571,0.130431,0.227132,0.507866"
RACExPOLIDEOLOGY,RACExPOLIDEOLOGY :: Asian | Moderate,RACESURV47c_W43,4,"0.123241,0.118520,0.282102,0.476137"
RACExPOLIDEOLOGY,RACExPOLIDEOLOGY :: Asian | Very liberal,RACESURV47c_W43,4,"0.164263,0.115573,0.198139,0.522026"
RACExPOLIDEOLOGY,RACExPOLIDEOLOGY :: Black | Conservative,RACESURV47c_W43,4,"0.165903,0.162060,0.254956,0.417081"
RACExPOLIDEOLOGY,RACExPOLIDEOLOGY :: Black | Liberal,RACESURV47c_W43,4,"0.128608,0.171714,0.236545,0.463133"
RACExPOLIDEOLOGY,RACExPOLIDEOLOGY :: Black | Moderate,RACESURV47c_W43,4,"0.112431,0.147787,0.291623,0.448159"
RACExPOLIDEOLOGY,RACExPOLIDEOLOGY :: Black | Very conservative,RACESURV47c_W43,4,"0.150708,0.135093,0.235251,0.478948"
RACExPOLIDEOLOGY,RACExPOLIDEOLOGY :: Black | Very liberal,RACESURV47c_W43,4,"0.144756,0.137052,0.208980,0.509211"
RACExPOLIDEOLOGY,RACExPOLIDEOLOGY :: Hispanic | Conservative,RACESURV47c_W43,4,"0.162524,0.149141,0.270059,0.418276"
RACExPOLIDEOLOGY,RACExPOLIDEOLOGY :: Hispanic | Liberal,RACESURV47c_W43,4,"0.115080,0.135597,0.253329,0.495994"
RACExPOLIDEOLOGY,RACExPOLIDEOLOGY :: Hispanic | Moderate,RACESURV47c_W43,4,"0.109595,0.131169,0.304976,0.454260"
RACExPOLIDEOLOGY,RACExPOLIDEOLOGY :: Hispanic | Refused,RACESURV47c_W43,4,"0.133574,0.141082,0.255467,0.469876"
RACExPOLIDEOLOGY,RACExPOLIDEOLOGY :: Hispanic | Very conservative,RACESURV47c_W43,4,"0.154188,0.130858,0.258216,0.456738"
RACExPOLIDEOLOGY,RACExPOLIDEOLOGY :: Hispanic | Very liberal,RACESURV47c_W43,4,"0.148859,0.134483,0.232366,0.484292"
RACExPOLIDEOLOGY,RACExPOLIDEOLOGY :: Other | Conservative,RACESURV47c_W43,4,"0.199286,0.174501,0.253897,0.372316"
RACExPOLIDEOLOGY,RACExPOLIDEOLOGY :: Other | Liberal,RACESURV47c_W43,4,"0.147994,0.167700,0.245915,0.438391"
RACExPOLIDEOLOGY,RACExPOLIDEOLOGY :: Other | Moderate,RACESURV47c_W43,4,"0.142467,0.171848,0.292323,0.393363"
RACExPOLIDEOLOGY,RACExPOLIDEOLOGY :: White | Conservative,RACESURV47c_W43,4,"0.192784,0.163614,0.241805,0.401797"
RACExPOLIDEOLOGY,RACExPOLIDEOLOGY :: White | Liberal,RACESURV47c_W43,4,"0.148211,0.156542,0.224235,0.471012"
RACExPOLIDEOLOGY,RACExPOLIDEOLOGY :: White | Moderate,RACESURV47c_W43,4,"0.142548,0.154131,0.264242,0.439079"
RACExPOLIDEOLOGY,RACExPOLIDEOLOGY :: White | Refused,RACESURV47c_W43,4,"0.167831,0.158899,0.220609,0.452661"
RACExPOLIDEOLOGY,RACExPOLIDEOLOGY :: White | Very conservative,RACESURV47c_W43,4,"0.194811,0.150538,0.215636,0.439014"
RACExPOLIDEOLOGY,RACExPOLIDEOLOGY :: White | Very liberal,RACESURV47c_W43,4,"0.187162,0.156380,0.203958,0.452500"
RACExPOLIDEOLOGY,RACExPOLIDEOLOGY :: Asian | Conservative,RACESURV47e_W43,4,"0.331219,0.274590,0.227643,0.166547"
RACExPOLIDEOLOGY,RACExPOLIDEOLOGY :: Asian | Liberal,RACESURV47e_W43,4,"0.259052,0.307632,0.245265,0.188051"
RACExPOLIDEOLOGY,RACExPOLIDEOLOGY :: Asian | Moderate,RACESURV47e_W43,4,"0.248490,0.350427,0.258388,0.142696"
RACExPOLIDEOLOGY,RACExPOLIDEOLOGY :: Asian | Very liberal,RACESURV47e_W43,4,"0.252854,0.275545,0.243167,0.228434"
RACExPOLIDEOLOGY,RACExPOLIDEOLOGY :: Black | Conservative,RACESURV47e_W43,4,"0.246020,0.310998,0.255820,0.187162"
RACExPOLIDEOLOGY,RACExPOLIDEOLOGY :: Black | Liberal,RACESURV47e_W43,4,"0.235160,0.339493,0.246446,0.178900"
RACExPOLIDEOLOGY,RACExPOLIDEOLOGY :: Black | Moderate,RACESURV47e_W43,4,"0.215275,0.377819,0.267914,0.138992"
RACExPOLIDEOLOGY,RACExPOLIDEOLOGY :: Black | Very conservative,RACESURV47e_W43,4,"0.226874,0.302916,0.257082,0.213128"
RACExPOLIDEOLOGY,RACExPOLIDEOLOGY :: Black | Very liberal,RACESURV47e_W43,4,"0.226742,0.302741,0.249028,0.221490"
RACExPOLIDEOLOGY,RACExPOLIDEOLOGY :: Hispanic | Conservative,RACESURV47e_W43,4,"0.239012,0.311731,0.264563,0.184694"
RACExPOLIDEOLOGY,RACExPOLIDEOLOGY :: Hispanic | Liberal,RACESURV47e_W43,4,"0.218179,0.340573,0.263175,0.178073"
RACExPOLIDEOLOGY,RACExPOLIDEOLOGY :: Hispanic | Moderate,RACESURV47e_W43,4,"0.212959,0.385619,0.267110,0.134312"
RACExPOLIDEOLOGY,RACExPOLIDEOLOGY :: Hispanic | Refused,RACESURV47e_W43,4,"0.211886,0.330750,0.253595,0.203769"
RACExPOLIDEOLOGY,RACExPOLIDEOLOGY :: Hispanic | Very conservative,RACESURV47e_W43,4,"0.222000,0.305818,0.263632,0.208550"
RACExPOLIDEOLOGY,RACExPOLIDEOLOGY :: Hispanic | Very liberal,RACESURV47e_W43,4,"0.221137,0.304630,0.256524,0.217709"
RACExPOLIDEOLOGY,RACExPOLIDEOLOGY :: Other | Conservative,RACESURV47e_W43,4,"0.248592,0.306970,0.262565,0.181874"
RACExPOLIDEOLOGY,RACExPOLIDEOLOGY :: Other | Liberal,RACESURV47e_W43,4,"0.221147,0.329398,0.264679,0.184776"
RACExPOLIDEOLOGY,RACExPOLIDEOLOGY :: Other | Moderate,RACESURV47e_W43,4,"0.213619,0.371995,0.274292,0.140095"
RACExPOLIDEOLOGY,RACExPOLIDEOLOGY :: White | Conservative,RACESURV47e_W43,4,"0.259738,0.298956,0.249787,0.191519"
RACExPOLIDEOLOGY,RACExPOLIDEOLOGY :: White | Liberal,RACESURV47e_W43,4,"0.244319,0.316173,0.246236,0.193272"
RACExPOLIDEOLOGY,RACExPOLIDEOLOGY :: White | Moderate,RACESURV47e_W43,4,"0.238302,0.357733,0.253671,0.150295"
RACExPOLIDEOLOGY,RACExPOLIDEOLOGY :: White | Refused,RACESURV47e_W43,4,"0.240489,0.304006,0.233090,0.222416"
RACExPOLIDEOLOGY,RACExPOLIDEOLOGY :: White | Very conservative,RACESURV47e_W43,4,"0.253495,0.282794,0.240004,0.223708"
RACExPOLIDEOLOGY,RACExPOLIDEOLOGY :: White | Very liberal,RACESURV47e_W43,4,"0.253005,0.284461,0.230364,0.232170"
RACExPOLIDEOLOGY,RACExPOLIDEOLOGY :: Asian | Conservative,RACESURV49_W43,2,"0.613237,0.386763"
RACExPOLIDEOLOGY,RACExPOLIDEOLOGY :: Asian | Liberal,RACESURV49_W43,2,"0.562177,0.437824"
RACExPOLIDEOLOGY,RACExPOLIDEOLOGY :: Asian | Moderate,RACESURV49_W43,2,"0.533154,0.466846"
RACExPOLIDEOLOGY,RACExPOLIDEOLOGY :: Asian | Very liberal,RACESURV49_W43,2,"0.511717,0.488283"
RACExPOLIDEOLOGY,RACExPOLIDEOLOGY :: Black | Conservative,RACESURV49_W43,2,"0.527317,0.472683"
RACExPOLIDEOLOGY,RACExPOLIDEOLOGY :: Black | Liberal,RACESURV49_W43,2,"0.548674,0.451327"
RACExPOLIDEOLOGY,RACExPOLIDEOLOGY :: Black | Moderate,RACESURV49_W43,2,"0.517571,0.482429"
RACExPOLIDEOLOGY,RACExPOLIDEOLOGY :: Black | Very conservative,RACESURV49_W43,2,"0.509764,0.490236"
RACExPOLIDEOLOGY,RACExPOLIDEOLOGY :: Black | Very liberal,RACESURV49_W43,2,"0.507812,0.492188"
RACExPOLIDEOLOGY,RACExPOLIDEOLOGY :: Hispanic | Conservative,RACESURV49_W43,2,"0.523420,0.476580"
RACExPOLIDEOLOGY,RACExPOLIDEOLOGY :: Hispanic | Liberal,RACESURV49_W43,2,"0.537041,0.462959"
RACExPOLIDEOLOGY,RACExPOLIDEOLOGY :: Hispanic | Moderate,RACESURV49_W43,2,"0.519521,0.480479"
RACExPOLIDEOLOGY,RACExPOLIDEOLOGY :: Hispanic | Refused,RACESURV49_W43,2,"0.503906,0.496094"
RACExPOLIDEOLOGY,RACExPOLIDEOLOGY :: Hispanic | Very conservative,RACESURV49_W43,2,"0.509764,0.490236"
RACExPOLIDEOLOGY,RACExPOLIDEOLOGY :: Hispanic | Very liberal,RACESURV49_W43,2,"0.507812,0.492188"
RACExPOLIDEOLOGY,RACExPOLIDEOLOGY :: Other | Conservative,RACESURV49_W43,2,"0.521471,0.478529"
RACExPOLIDEOLOGY,RACExPOLIDEOLOGY :: Other | Liberal,RACESURV49_W43,2,"0.533154,0.466846"
RACExPOLIDEOLOGY,RACExPOLIDEOLOGY :: Other | Moderate,RACESURV49_W43,2,"0.507812,0.492188"
RACExPOLIDEOLOGY,RACExPOLIDEOLOGY :: White | Conservative,RACESURV49_W43,2,"0.505859,0.494141"
RACExPOLIDEOLOGY,RACExPOLIDEOLOGY :: White | Liberal,RACESURV49_W43,2,"0.523420,0.476580"
RACExPOLIDEOLOGY,RACExPOLIDEOLOGY :: White | Moderate,RACESURV49_W43,2,"0.500000,0.500000"
RACExPOLIDEOLOGY,RACExPOLIDEOLOGY :: White | Refused,RACESURV49_W43,2,"0.486332,0.513668"
RACExPOLIDEOLOGY,RACExPOLIDEOLOGY :: White | Very conservative,RACESURV49_W43,2,"0.498047,0.501953"
RACExPOLIDEOLOGY,RACExPOLIDEOLOGY :: White | Very liberal,RACESURV49_W43,2,"0.500000,0.500000"
RACExPOLIDEOLOGY,RACExPOLIDEOLOGY :: Asian | Conservative,RACESURV4_W43,3,"0.769021,0.102462,0.128516"
RACExPOLIDEOLOGY,RACExPOLIDEOLOGY :: Asian | Liberal,RACESURV4_W43,3,"0.791456,0.090905,0.117639"
RACExPOLIDEOLOGY,RACExPOLIDEOLOGY :: Asian | Moderate,RACESURV4_W43,3,"0.740464,0.086387,0.173149"
RACExPOLIDEOLOGY,RACExPOLIDEOLOGY :: Asian | Very liberal,RACESURV4_W43,3,"0.683943,0.130533,0.185524"
RACExPOLIDEOLOGY,RACExPOLIDEOLOGY :: Black | Conservative,RACESURV4_W43,3,"0.706617,0.130711,0.162672"
RACExPOLIDEOLOGY,RACExPOLIDEOLOGY :: Black | Liberal,RACESURV4_W43,3,"0.749596,0.114954,0.135449"
RACExPOLIDEOLOGY,RACExPOLIDEOLOGY :: Black | Moderate,RACESURV4_W43,3,"0.695008,0.107419,0.197573"
RACExPOLIDEOLOGY,RACExPOLIDEOLOGY :: Black | Very conservative,RACESURV4_W43,3,"0.683077,0.134506,0.182417"
RACExPOLIDEOLOGY,RACExPOLIDEOLOGY :: Black | Very liberal,RACESURV4_W43,3,"0.661645,0.148791,0.189564"
RACExPOLIDEOLOGY,RACExPOLIDEOLOGY :: Hispanic | Conservative,RACESURV4_W43,3,"0.690943,0.128814,0.180243"
RACExPOLIDEOLOGY,RACExPOLIDEOLOGY :: Hispanic | Liberal,RACESURV4_W43,3,"0.751983,0.103373,0.144644"
RACExPOLIDEOLOGY,RACExPOLIDEOLOGY :: Hispanic | Moderate,RACESURV4_W43,3,"0.724651,0.092129,0.183220"
RACExPOLIDEOLOGY,RACExPOLIDEOLOGY :: Hispanic | Refused,RACESURV4_W43,3,"0.628955,0.136021,0.235023"
RACExPOLIDEOLOGY,RACExPOLIDEOLOGY :: Hispanic | Very conservative,RACESURV4_W43,3,"0.663409,0.135837,0.200754"
RACExPOLIDEOLOGY,RACExPOLIDEOLOGY :: Hispanic | Very liberal,RACESURV4_W43,3,"0.645231,0.148541,0.206228"
RACExPOLIDEOLOGY,RACExPOLIDEOLOGY :: Other | Conservative,RACESURV4_W43,3,"0.653835,0.152892,0.193273"
RACExPOLIDEOLOGY,RACExPOLIDEOLOGY :: Other | Liberal,RACESURV4_W43,3,"0.704994,0.131434,0.163572"
RACExPOLIDEOLOGY,RACExPOLIDEOLOGY :: Other | Moderate,RACESURV4_W43,3,"0.641625,0.131376,0.226998"
RACExPOLIDEOLOGY,RACExPOLIDEOLOGY :: White | Conservative,RACESURV4_W43,3,"0.659948,0.144971,0.195080"
RACExPOLIDEOLOGY,RACExPOLIDEOLOGY :: White | Liberal,RACESURV4_W43,3,"0.706057,0.132664,0.161279"
RACExPOLIDEOLOGY,RACExPOLIDEOLOGY :: White | Moderate,RACESURV4_W43,3,"0.661776,0.123376,0.214847"
RACExPOLIDEOLOGY,RACExPOLIDEOLOGY :: White | Refused,RACESURV4_W43,3,"0.580646,0.167663,0.251691"
RACExPOLIDEOLOGY,RACExPOLIDEOLOGY :: White | Very conservative,RACESURV4_W43,3,"0.616413,0.167206,0.216381"
RACExPOLIDEOLOGY,RACExPOLIDEOLOGY :: White | Very liberal,RACESURV4_W43,3,"0.595898,0.183164,0.220938"
RACExPOLIDEOLOGY,RACExPOLIDEOLOGY :: Asian | Conservative,RACESURV51_W43,3,"0.700642,0.118007,0.181351"
RACExPOLIDEOLOGY,RACExPOLIDEOLOGY :: Asian | Liberal,RACESURV51_W43,3,"0.686747,0.108659,0.204594"
RACExPOLIDEOLOGY,RACExPOLIDEOLOGY :: Asian | Moderate,RACESURV51_W43,3,"0.597720,0.124314,0.277966"
RACExPOLIDEOLOGY,RACExPOLIDEOLOGY :: Asian | Very liberal,RACESURV51_W43,3,"0.658540,0.127664,0.213797"
RACExPOLIDEOLOGY,RACExPOLIDEOLOGY :: Black | Conservative,RACESURV51_W43,3,"0.560283,0.189143,0.250574"
RACExPOLIDEOLOGY,RACExPOLIDEOLOGY :: Black | Liberal,RACESURV51_W43,3,"0.623915,0.144760,0.231326"
RACExPOLIDEOLOGY,RACExPOLIDEOLOGY :: Black | Moderate,RACESURV51_W43,3,"0.534749,0.160561,0.304691"
RACExPOLIDEOLOGY,RACExPOLIDEOLOGY :: Black | Very conservative,RACESURV51_W43,3,"0.599540,0.160108,0.240351"
RACExPOLIDEOLOGY,RACExPOLIDEOLOGY :: Black | Very liberal,RACESURV51_W43,3,"0.605899,0.156828,0.237273"
RACExPOLIDEOLOGY,RACExPOLIDEOLOGY :: Hispanic | Conservative,RACESURV51_W43,3,"0.556361,0.184907,0.258732"
RACExPOLIDEOLOGY,RACExPOLIDEOLOGY :: Hispanic | Liberal,RACESURV51_W43,3,"0.611722,0.143044,0.245234"
RACExPOLIDEOLOGY,RACExPOLIDEOLOGY :: Hispanic | Moderate,RACESURV51_W43,3,"0.577182,0.137093,0.285726"
RACExPOLIDEOLOGY,RACExPOLIDEOLOGY :: Hispanic | Refused,RACESURV51_W43,3,"0.566376,0.146598,0.287025"
RACExPOLIDEOLOGY,RACExPOLIDEOLOGY :: Hispanic | Very conservative,RACESURV51_W43,3,"0.594271,0.163739,0.241990"
RACExPOLIDEOLOGY,RACExPOLIDEOLOGY :: Hispanic | Very liberal,RACESURV51_W43,3,"0.596910,0.161916,0.241174"
RACExPOLIDEOLOGY,RACExPOLIDEOLOGY :: Other | Conservative,RACESURV51_W43,3,"0.539277,0.199945,0.260778"
RACExPOLIDEOLOGY,RACExPOLIDEOLOGY :: Other | Liberal,RACESURV51_W43,3,"0.585554,0.162602,0.251844"
RACExPOLIDEOLOGY,RACExPOLIDEOLOGY :: Other | Moderate,RACESURV51_W43,3,"0.511852,0.182507,0.305641"
RACExPOLIDEOLOGY,RACExPOLIDEOLOGY :: White | Conservative,RACESURV51_W43,3,"0.527594,0.198694,0.273712"
RACExPOLIDEOLOGY,RACExPOLIDEOLOGY :: White | Liberal,RACESURV51_W43,3,"0.571804,0.166405,0.261791"
RACExPOLIDEOLOGY,RACExPOLIDEOLOGY :: White | Moderate,RACESURV51_W43,3,"0.509213,0.174610,0.316177"
RACExPOLIDEOLOGY,RACExPOLIDEOLOGY :: White | Refused,RACESURV51_W43,3,"0.515184,0.169890,0.314926"
RACExPOLIDEOLOGY,RACExPOLIDEOLOGY :: White | Very conservative,RACESURV51_W43,3,"0.552501,0.186516,0.260983"
RACExPOLIDEOLOGY,RACExPOLIDEOLOGY :: White | Very liberal,RACESURV51_W43,3,"0.566875,0.175610,0.257515"
RACExPOLIDEOLOGY,RACExPOLIDEOLOGY :: Asian | Conservative,RACESURV53a_W43,2,"0.718594,0.281406"
RACExPOLIDEOLOGY,RACExPOLIDEOLOGY :: Asian | Liberal,RACESURV53a_W43,2,"0.672332,0.327668"
RACExPOLIDEOLOGY,RACExPOLIDEOLOGY :: Asian | Moderate,RACESURV53a_W43,2,"0.653127,0.346873"
RACExPOLIDEOLOGY,RACExPOLIDEOLOGY :: Asian | Very liberal,RACESURV53a_W43,2,"0.705785,0.294215"
RACExPOLIDEOLOGY,RACExPOLIDEOLOGY :: Black | Conservative,RACESURV53a_W43,2,"0.611382,0.388618"
RACExPOLIDEOLOGY,RACExPOLIDEOLOGY :: Black | Liberal,RACESURV53a_W43,2,"0.615088,0.384912"
RACExPOLIDEOLOGY,RACExPOLIDEOLOGY :: Black | Moderate,RACESURV53a_W43,2,"0.602062,0.397938"
RACExPOLIDEOLOGY,RACExPOLIDEOLOGY :: Black | Very conservative,RACESURV53a_W43,2,"0.651355,0.348645"
RACExPOLIDEOLOGY,RACExPOLIDEOLOGY :: Black | Very liberal,RACESURV53a_W43,2,"0.651355,0.348645"
RACExPOLIDEOLOGY,RACExPOLIDEOLOGY :: Hispanic | Conservative,RACESURV53a_W43,2,"0.620622,0.379378"
RACExPOLIDEOLOGY,RACExPOLIDEOLOGY :: Hispanic | Liberal,RACESURV53a_W43,2,"0.626124,0.373876"
RACExPOLIDEOLOGY,RACExPOLIDEOLOGY :: Hispanic | Moderate,RACESURV53a_W43,2,"0.626124,0.373876"
RACExPOLIDEOLOGY,RACExPOLIDEOLOGY :: Hispanic | Refused,RACESURV53a_W43,2,"0.613237,0.386763"
RACExPOLIDEOLOGY,RACExPOLIDEOLOGY :: Hispanic | Very conservative,RACESURV53a_W43,2,"0.653127,0.346873"
RACExPOLIDEOLOGY,RACExPOLIDEOLOGY :: Hispanic | Very liberal,RACESURV53a_W43,2,"0.649579,0.350421"
RACExPOLIDEOLOGY,RACExPOLIDEOLOGY :: Other | Conservative,RACESURV53a_W43,2,"0.611382,0.388618"
RACExPOLIDEOLOGY,RACExPOLIDEOLOGY :: Other | Liberal,RACESURV53a_W43,2,"0.603932,0.396068"
RACExPOLIDEOLOGY,RACExPOLIDEOLOGY :: Other | Moderate,RACESURV53a_W43,2,"0.590779,0.409221"
RACExPOLIDEOLOGY,RACExPOLIDEOLOGY :: White | Conservative,RACESURV53a_W43,2,"0.602062,0.397938"
RACExPOLIDEOLOGY,RACExPOLIDEOLOGY :: White | Liberal,RACESURV53a_W43,2,"0.603932,0.396068"
RACExPOLIDEOLOGY,RACExPOLIDEOLOGY :: White | Moderate,RACESURV53a_W43,2,"0.594551,0.405449"
RACExPOLIDEOLOGY,RACExPOLIDEOLOGY :: White | Refused,RACESURV53a_W43,2,"0.603932,0.396068"
RACExPOLIDEOLOGY,RACExPOLIDEOLOGY :: White | Very conservative,RACESURV53a_W43,2,"0.635222,0.364778"
RACExPOLIDEOLOGY,RACExPOLIDEOLOGY :: White | Very liberal,RACESURV53a_W43,2,"0.633410,0.366590"
RACExPOLIDEOLOGY,RACExPOLIDEOLOGY :: Asian | Conservative,RACESURV53b_W43,2,"0.747616,0.252384"
RACExPOLIDEOLOGY,RACExPOLIDEOLOGY :: Asian | Liberal,RACESURV53b_W43,2,"0.690976,0.309024"
RACExPOLIDEOLOGY,RACExPOLIDEOLOGY :: Asian | Moderate,RACESURV53b_W43,2,"0.672332,0.327668"
RACExPOLIDEOLOGY,RACExPOLIDEOLOGY :: Asian | Very liberal,RACESURV53b_W43,2,"0.717012,0.282988"
RACExPOLIDEOLOGY,RACExPOLIDEOLOGY :: Black | Conservative,RACESURV53b_W43,2,"0.620622,0.379378"
RACExPOLIDEOLOGY,RACExPOLIDEOLOGY :: Black | Liberal,RACESURV53b_W43,2,"0.620622,0.379378"
RACExPOLIDEOLOGY,RACExPOLIDEOLOGY :: Black | Moderate,RACESURV53b_W43,2,"0.605799,0.394201"
RACExPOLIDEOLOGY,RACExPOLIDEOLOGY :: Black | Very conservative,RACESURV53b_W43,2,"0.654895,0.345105"
RACExPOLIDEOLOGY,RACExPOLIDEOLOGY :: Black | Very liberal,RACESURV53b_W43,2,"0.653127,0.346873"
RACExPOLIDEOLOGY,RACExPOLIDEOLOGY :: Hispanic | Conservative,RACESURV53b_W43,2,"0.629775,0.370225"
RACExPOLIDEOLOGY,RACExPOLIDEOLOGY :: Hispanic | Liberal,RACESURV53b_W43,2,"0.631594,0.368406"
RACExPOLIDEOLOGY,RACExPOLIDEOLOGY :: Hispanic | Moderate,RACESURV53b_W43,2,"0.638835,0.361165"
RACExPOLIDEOLOGY,RACExPOLIDEOLOGY :: Hispanic | Refused,RACESURV53b_W43,2,"0.620622,0.379378"
RACExPOLIDEOLOGY,RACExPOLIDEOLOGY :: Hispanic | Very conservative,RACESURV53b_W43,2,"0.658418,0.341583"
RACExPOLIDEOLOGY,RACExPOLIDEOLOGY :: Hispanic | Very liberal,RACESURV53b_W43,2,"0.651355,0.348645"
RACExPOLIDEOLOGY,RACExPOLIDEOLOGY :: Other | Conservative,RACESURV53b_W43,2,"0.618780,0.381220"
RACExPOLIDEOLOGY,RACExPOLIDEOLOGY :: Other | Liberal,RACESURV53b_W43,2,"0.609524,0.390476"
RACExPOLIDEOLOGY,RACExPOLIDEOLOGY :: Other | Moderate,RACESURV53b_W43,2,"0.596433,0.403567"
RACExPOLIDEOLOGY,RACExPOLIDEOLOGY :: White | Conservative,RACESURV53b_W43,2,"0.609524,0.390476"
RACExPOLIDEOLOGY,RACExPOLIDEOLOGY :: White | Liberal,RACESURV53b_W43,2,"0.596433,0.403567"
RACExPOLIDEOLOGY,RACExPOLIDEOLOGY :: White | Moderate,RACESURV53b_W43,2,"0.598312,0.401688"
RACExPOLIDEOLOGY,RACExPOLIDEOLOGY :: White | Refused,RACESURV53b_W43,2,"0.605799,0.394201"
RACExPOLIDEOLOGY,RACExPOLIDEOLOGY :: White | Very conservative,RACESURV53b_W43,2,"0.638835,0.361165"
RACExPOLIDEOLOGY,RACExPOLIDEOLOGY :: White | Very liberal,RACESURV53b_W43,2,"0.631594,0.368406"
RACExPOLIDEOLOGY,RACExPOLIDEOLOGY :: Asian | Conservative,RACESURV53d_W43,2,"0.675765,0.324235"
RACExPOLIDEOLOGY,RACExPOLIDEOLOGY :: Asian | Liberal,RACESURV53d_W43,2,"0.618780,0.381220"
RACExPOLIDEOLOGY,RACExPOLIDEOLOGY :: Asian | Moderate,RACESURV53d_W43,2,"0.602062,0.397938"
RACExPOLIDEOLOGY,RACExPOLIDEOLOGY :: Asian | Very liberal,RACESURV53d_W43,2,"0.640636,0.359364"
RACExPOLIDEOLOGY,RACExPOLIDEOLOGY :: Black | Conservative,RACESURV53d_W43,2,"0.579400,0.420600"
RACExPOLIDEOLOGY,RACExPOLIDEOLOGY :: Black | Liberal,RACESURV53d_W43,2,"0.571767,0.428233"
RACExPOLIDEOLOGY,RACExPOLIDEOLOGY :: Black | Moderate,RACESURV53d_W43,2,"0.554470,0.445530"
RACExPOLIDEOLOGY,RACExPOLIDEOLOGY :: Black | Very conservative,RACESURV53d_W43,2,"0.603932,0.396068"
RACExPOLIDEOLOGY,RACExPOLIDEOLOGY :: Black | Very liberal,RACESURV53d_W43,2,"0.596433,0.403567"
RACExPOLIDEOLOGY,RACExPOLIDEOLOGY :: Hispanic | Conservative,RACESURV53d_W43,2,"0.588889,0.411111"
RACExPOLIDEOLOGY,RACExPOLIDEOLOGY :: Hispanic | Liberal,RACESURV53d_W43,2,"0.579400,0.420600"
RACExPOLIDEOLOGY,RACExPOLIDEOLOGY :: Hispanic | Moderate,RACESURV53d_W43,2,"0.579400,0.420600"
RACExPOLIDEOLOGY,RACExPOLIDEOLOGY :: Hispanic | Refused,RACESURV53d_W43,2,"0.564098,0.435902"
RACExPOLIDEOLOGY,RACExPOLIDEOLOGY :: Hispanic | Very conservative,RACESURV53d_W43,2,"0.611382,0.388618"
RACExPOLIDEOLOGY,RACExPOLIDEOLOGY :: Hispanic | Very liberal,RACESURV53d_W43,2,"0.602062,0.397938"
RACExPOLIDEOLOGY,RACExPOLIDEOLOGY :: Other | Conservative,RACESURV53d_W43,2,"0.583203,0.416797"
RACExPOLIDEOLOGY,RACExPOLIDEOLOGY :: Other | Liberal,RACESURV53d_W43,2,"0.569853,0.430147"
RACExPOLIDEOLOGY,RACExPOLIDEOLOGY :: Other | Moderate,RACESURV53d_W43,2,"0.556400,0.443600"
RACExPOLIDEOLOGY,RACExPOLIDEOLOGY :: White | Conservative,RACESURV53d_W43,2,"0.567937,0.432063"
RACExPOLIDEOLOGY,RACExPOLIDEOLOGY :: White | Liberal,RACESURV53d_W43,2,"0.558327,0.441673"
RACExPOLIDEOLOGY,RACExPOLIDEOLOGY :: White | Moderate,RACESURV53d_W43,2,"0.548674,0.451327"
RACExPOLIDEOLOGY,RACExPOLIDEOLOGY :: White | Refused,RACESURV53d_W43,2,"0.556400,0.443600"
RACExPOLIDEOLOGY,RACExPOLIDEOLOGY :: White | Very conservative,RACESURV53d_W43,2,"0.592667,0.407333"
RACExPOLIDEOLOGY,RACExPOLIDEOLOGY :: White | Very liberal,RACESURV53d_W43,2,"0.585101,0.414899"
RACExPOLIDEOLOGY,RACExPOLIDEOLOGY :: Asian | Conservative,RACESURV53f_W43,2,"0.665411,0.334589"
RACExPOLIDEOLOGY,RACExPOLIDEOLOGY :: Asian | Liberal,RACESURV53f_W43,2,"0.600188,0.399812"
RACExPOLIDEOLOGY,RACExPOLIDEOLOGY :: Asian | Moderate,RACESURV53f_W43,2,"0.581303,0.418697"
RACExPOLIDEOLOGY,RACExPOLIDEOLOGY :: Asian | Very liberal,RACESURV53f_W43,2,"0.638835,0.361165"
RACExPOLIDEOLOGY,RACExPOLIDEOLOGY :: Black | Conservative,RACESURV53f_W43,2,"0.548674,0.451327"
RACExPOLIDEOLOGY,RACExPOLIDEOLOGY :: Black | Liberal,RACESURV53f_W43,2,"0.544801,0.455199"
RACExPOLIDEOLOGY,RACExPOLIDEOLOGY :: Black | Moderate,RACESURV53f_W43,2,"0.523420,0.476580"
RACExPOLIDEOLOGY,RACExPOLIDEOLOGY :: Black | Very conservative,RACESURV53f_W43,2,"0.579400,0.420600"
RACExPOLIDEOLOGY,RACExPOLIDEOLOGY :: Black | Very liberal,RACESURV53f_W43,2,"0.579400,0.420600"
RACExPOLIDEOLOGY,RACExPOLIDEOLOGY :: Hispanic | Conservative,RACESURV53f_W43,2,"0.558327,0.441673"
RACExPOLIDEOLOGY,RACExPOLIDEOLOGY :: Hispanic | Liberal,RACESURV53f_W43,2,"0.550607,0.449393"
RACExPOLIDEOLOGY,RACExPOLIDEOLOGY :: Hispanic | Moderate,RACESURV53f_W43,2,"0.550607,0.449393"
RACExPOLIDEOLOGY,RACExPOLIDEOLOGY :: Hispanic | Refused,RACESURV53f_W43,2,"0.542863,0.457137"
RACExPOLIDEOLOGY,RACExPOLIDEOLOGY :: Hispanic | Very conservative,RACESURV53f_W43,2,"0.588889,0.411111"
RACExPOLIDEOLOGY,RACExPOLIDEOLOGY :: Hispanic | Very liberal,RACESURV53f_W43,2,"0.585101,0.414899"
RACExPOLIDEOLOGY,RACExPOLIDEOLOGY :: Other | Conservative,RACESURV53f_W43,2,"0.562177,0.437824"
RACExPOLIDEOLOGY,RACExPOLIDEOLOGY :: Other | Liberal,RACESURV53f_W43,2,"0.548674,0.451327"
RACExPOLIDEOLOGY,RACExPOLIDEOLOGY :: Other | Moderate,RACESURV53f_W43,2,"0.538983,0.461017"
RACExPOLIDEOLOGY,RACExPOLIDEOLOGY :: White | Conservative,RACESURV53f_W43,2,"0.550607,0.449393"
RACExPOLIDEOLOGY,RACExPOLIDEOLOGY :: White | Liberal,RACESURV53f_W43,2,"0.540924,0.459076"
RACExPOLIDEOLOGY,RACExPOLIDEOLOGY :: White | Moderate,RACESURV53f_W43,2,"0.531209,0.468791"
RACExPOLIDEOLOGY,RACExPOLIDEOLOGY :: White | Refused,RACESURV53f_W43,2,"0.550607,0.449393"
RACExPOLIDEOLOGY,RACExPOLIDEOLOGY :: White | Very conservative,RACESURV53f_W43,2,"0.585101,0.414899"
RACExPOLIDEOLOGY,RACExPOLIDEOLOGY :: White | Very liberal,RACESURV53f_W43,2,"0.585101,0.414899"
RACExPOLIDEOLOGY,RACExPOLIDEOLOGY :: Asian | Conservative,RACESURV5c_W43,5,"0.284108,0.182006,0.183434,0.167018,0.183434"
RACExPOLIDEOLOGY,RACExPOLIDEOLOGY :: Asian | Liberal,RACESURV5c_W43,5,"0.242012,0.200635,0.191447,0.172958,0.192949"
RACExPOLIDEOLOGY,RACExPOLIDEOLOGY :: Asian | Moderate,RACESURV5c_W43,5,"0.217924,0.204720,0.192317,0.161947,0.223092"
RACExPOLIDEOLOGY,RACExPOLIDEOLOGY :: Asian | Very liberal,RACESURV5c_W43,5,"0.248370,0.186020,0.174750,0.181711,0.209148"
RACExPOLIDEOLOGY,RACExPOLIDEOLOGY :: Black | Conservative,RACESURV5c_W43,5,"0.238482,0.197708,0.191625,0.174477,0.197708"
RACExPOLIDEOLOGY,RACExPOLIDEOLOGY :: Black | Liberal,RACESURV5c_W43,5,"0.238874,0.209165,0.190447,0.168069,0.193446"
RACExPOLIDEOLOGY,RACExPOLIDEOLOGY :: Black | Moderate,RACESURV5c_W43,5,"0.214698,0.213027,0.192454,0.158308,0.221513"
RACExPOLIDEOLOGY,RACExPOLIDEOLOGY :: Black | Very conservative,RACESURV5c_W43,5,"0.241543,0.195607,0.180907,0.175341,0.206602"
RACExPOLIDEOLOGY,RACExPOLIDEOLOGY :: Black | Very liberal,RACESURV5c_W43,5,"0.243799,0.191360,0.178367,0.181176,0.205299"
RACExPOLIDEOLOGY,RACExPOLIDEOLOGY :: Hispanic | Conservative,RACESURV5c_W43,5,"0.219640,0.219640,0.214552,0.175112,0.171056"
RACExPOLIDEOLOGY,RACExPOLIDEOLOGY :: Hispanic | Liberal,RACESURV5c_W43,5,"0.212097,0.232943,0.215437,0.169098,0.170425"
RACExPOLIDEOLOGY,RACExPOLIDEOLOGY :: Hispanic | Moderate,RACESURV5c_W43,5,"0.195587,0.243412,0.213139,0.147637,0.200225"
RACExPOLIDEOLOGY,RACExPOLIDEOLOGY :: Hispanic | Refused,RACESURV5c_W43,5,"0.202966,0.224663,0.199820,0.169585,0.202966"
RACExPOLIDEOLOGY,RACExPOLIDEOLOGY :: Hispanic | Very conservative,RACESURV5c_W43,5,"0.224178,0.218985,0.196297,0.173232,0.187308"
RACExPOLIDEOLOGY,RACExPOLIDEOLOGY :: Hispanic | Very liberal,RACESURV5c_W43,5,"0.224732,0.216123,0.193731,0.183421,0.181993"
RACExPOLIDEOLOGY,RACExPOLIDEOLOGY :: Other | Conservative,RACESURV5c_W43,5,"0.236320,0.195916,0.191378,0.174251,0.202135"
RACExPOLIDEOLOGY,RACExPOLIDEOLOGY :: Other | Liberal,RACESURV5c_W43,5,"0.227778,0.205781,0.194829,0.170598,0.201014"
RACExPOLIDEOLOGY,RACExPOLIDEOLOGY :: Other | Moderate,RACESURV5c_W43,5,"0.209264,0.210905,0.195056,0.156732,0.228043"
RACExPOLIDEOLOGY,RACExPOLIDEOLOGY :: White | Conservative,RACESURV5c_W43,5,"0.238515,0.188681,0.181453,0.175870,0.215481"
RACExPOLIDEOLOGY,RACExPOLIDEOLOGY :: White | Liberal,RACESURV5c_W43,5,"0.235810,0.200130,0.188004,0.171180,0.204876"
RACExPOLIDEOLOGY,RACExPOLIDEOLOGY :: White | Moderate,RACESURV5c_W43,5,"0.218169,0.204951,0.188074,0.158374,0.230433"
RACExPOLIDEOLOGY,RACExPOLIDEOLOGY :: White | Refused,RACESURV5c_W43,5,"0.227477,0.187117,0.171708,0.177159,0.236538"
RACExPOLIDEOLOGY,RACExPOLIDEOLOGY :: White | Very conservative,RACESURV5c_W43,5,"0.244999,0.184935,0.168385,0.175093,0.226587"
RACExPOLIDEOLOGY,RACExPOLIDEOLOGY :: White | Very liberal,RACESURV5c_W43,5,"0.247899,0.182789,0.166432,0.177165,0.225715"
RACExPOLIDEOLOGY,RACExPOLIDEOLOGY :: Asian | Conservative,RACESURV5l_W43,5,"0.315337,0.162322,0.179674,0.220141,0.122527"
RACExPOLIDEOLOGY,RACExPOLIDEOLOGY :: Asian | Liberal,RACESURV5l_W43,5,"0.245209,0.171184,0.203286,0.249071,0.131251"
RACExPOLIDEOLOGY,RACExPOLIDEOLOGY :: Asian | Moderate,RACESURV5l_W43,5,"0.228011,0.186098,0.205991,0.228011,0.151888"
RACExPOLIDEOLOGY,RACExPOLIDEOLOGY :: Asian | Very liberal,RACESURV5l_W43,5,"0.241035,0.159314,0.176345,0.268894,0.154413"
RACExPOLIDEOLOGY,RACExPOLIDEOLOGY :: Black | Conservative,RACESURV5l_W43,5,"0.230940,0.184122,0.208637,0.247763,0.128538"
RACExPOLIDEOLOGY,RACExPOLIDEOLOGY :: Black | Liberal,RACESURV5l_W43,5,"0.243118,0.187867,0.201552,0.239349,0.128114"
RACExPOLIDEOLOGY,RACExPOLIDEOLOGY :: Black | Moderate,RACESURV5l_W43,5,"0.217906,0.196862,0.211202,0.226587,0.147443"
RACExPOLIDEOLOGY,RACExPOLIDEOLOGY :: Black | Very conservative,RACESURV5l_W43,5,"0.229210,0.173017,0.199141,0.261766,0.136867"
RACExPOLIDEOLOGY,RACExPOLIDEOLOGY :: Black | Very liberal,RACESURV5l_W43,5,"0.226693,0.167153,0.186472,0.275588,0.144095"
RACExPOLIDEOLOGY,RACExPOLIDEOLOGY :: Hispanic | Conservative,RACESURV5l_W43,5,"0.223244,0.182207,0.211363,0.252969,0.130217"
RACExPOLIDEOLOGY,RACExPOLIDEOLOGY :: Hispanic | Liberal,RACESURV5l_W43,5,"0.217916,0.180659,0.214538,0.258782,0.128106"
RACExPOLIDEOLOGY,RACExPOLIDEOLOGY :: Hispanic | Moderate,RACESURV5l_W43,5,"0.219192,0.196483,0.207527,0.226150,0.150648"
RACExPOLIDEOLOGY,RACExPOLIDEOLOGY :: Hispanic | Refused,RACESURV5l_W43,5,"0.219784,0.185077,0.198559,0.239507,0.157073"
RACExPOLIDEOLOGY,RACExPOLIDEOLOGY :: Hispanic | Very conservative,RACESURV5l_W43,5,"0.225769,0.174461,0.197690,0.261897,0.140183"
RACExPOLIDEOLOGY,RACExPOLIDEOLOGY :: Hispanic | Very liberal,RACESURV5l_W43,5,"0.223308,0.169884,0.186581,0.271473,0.148755"
RACExPOLIDEOLOGY,RACExPOLIDEOLOGY :: Other | Conservative,RACESURV5l_W43,5,"0.243723,0.182540,0.200481,0.234386,0.138869"
RACExPOLIDEOLOGY,RACExPOLIDEOLOGY :: Other | Liberal,RACESURV5l_W43,5,"0.235721,0.183580,0.206404,0.235721,0.138573"
RACExPOLIDEOLOGY,RACExPOLIDEOLOGY :: Other | Moderate,RACESURV5l_W43,5,"0.226973,0.198744,0.205053,0.208282,0.160948"
RACExPOLIDEOLOGY,RACExPOLIDEOLOGY :: White | Conservative,RACESURV5l_W43,5,"0.242047,0.179874,0.192976,0.238294,0.146809"
RACExPOLIDEOLOGY,RACExPOLIDEOLOGY :: White | Liberal,RACESURV5l_W43,5,"0.239116,0.183337,0.198234,0.235409,0.143903"
RACExPOLIDEOLOGY,RACExPOLIDEOLOGY :: White | Moderate,RACESURV5l_W43,5,"0.229657,0.197977,0.197977,0.214064,0.160326"
RACExPOLIDEOLOGY,RACExPOLIDEOLOGY :: White | Refused,RACESURV5l_W43,5,"0.243566,0.181003,0.179594,0.221769,0.174069"
RACExPOLIDEOLOGY,RACExPOLIDEOLOGY :: White | Very conservative,RACESURV5l_W43,5,"0.246879,0.172349,0.176436,0.241160,0.163177"
RACExPOLIDEOLOGY,RACExPOLIDEOLOGY :: White | Very liberal,RACESURV5l_W43,5,"0.251189,0.169963,0.168641,0.241566,0.168641"
RACExPOLIDEOLOGY,RACExPOLIDEOLOGY :: Asian | Conservative,RACESURV6_W43,2,"0.674050,0.325950"
RACExPOLIDEOLOGY,RACExPOLIDEOLOGY :: Asian | Liberal,RACESURV6_W43,2,"0.670608,0.329392"
RACExPOLIDEOLOGY,RACExPOLIDEOLOGY :: Asian | Moderate,RACESURV6_W43,2,"0.644225,0.355775"
RACExPOLIDEOLOGY,RACExPOLIDEOLOGY :: Asian | Very liberal,RACESURV6_W43,2,"0.633410,0.366590"
RACExPOLIDEOLOGY,RACExPOLIDEOLOGY :: Black | Conservative,RACESURV6_W43,2,"0.624294,0.375706"
RACExPOLIDEOLOGY,RACExPOLIDEOLOGY :: Black | Liberal,RACESURV6_W43,2,"0.642432,0.357568"
RACExPOLIDEOLOGY,RACExPOLIDEOLOGY :: Black | Moderate,RACESURV6_W43,2,"0.620622,0.379378"
RACExPOLIDEOLOGY,RACExPOLIDEOLOGY :: Black | Very conservative,RACESURV6_W43,2,"0.615088,0.384912"
RACExPOLIDEOLOGY,RACExPOLIDEOLOGY :: Black | Very liberal,RACESURV6_W43,2,"0.620622,0.379378"
RACExPOLIDEOLOGY,RACExPOLIDEOLOGY :: Hispanic | Conservative,RACESURV6_W43,2,"0.626124,0.373876"
RACExPOLIDEOLOGY,RACExPOLIDEOLOGY :: Hispanic | Liberal,RACESURV6_W43,2,"0.647798,0.352202"
RACExPOLIDEOLOGY,RACExPOLIDEOLOGY :: Hispanic | Moderate,RACESURV6_W43,2,"0.633410,0.366590"
RACExPOLIDEOLOGY,RACExPOLIDEOLOGY :: Hispanic | Refused,RACESURV6_W43,2,"0.624294,0.375706"
RACExPOLIDEOLOGY,RACExPOLIDEOLOGY :: Hispanic | Very conservative,RACESURV6_W43,2,"0.618780,0.381220"
RACExPOLIDEOLOGY,RACExPOLIDEOLOGY :: Hispanic | Very liberal,RACESURV6_W43,2,"0.616936,0.383064"
RACExPOLIDEOLOGY,RACExPOLIDEOLOGY :: Other | Conservative,RACESURV6_W43,2,"0.616936,0.383064"
RACExPOLIDEOLOGY,RACExPOLIDEOLOGY :: Other | Liberal,RACESURV6_W43,2,"0.640636,0.359364"
RACExPOLIDEOLOGY,RACExPOLIDEOLOGY :: Other | Moderate,RACESURV6_W43,2,"0.611382,0.388618"
RACExPOLIDEOLOGY,RACExPOLIDEOLOGY :: White | Conservative,RACESURV6_W43,2,"0.611382,0.388618"
RACExPOLIDEOLOGY,RACExPOLIDEOLOGY :: White | Liberal,RACESURV6_W43,2,"0.629775,0.370225"
RACExPOLIDEOLOGY,RACExPOLIDEOLOGY :: White | Moderate,RACESURV6_W43,2,"0.607663,0.392337"
RACExPOLIDEOLOGY,RACExPOLIDEOLOGY :: White | Refused,RACESURV6_W43,2,"0.607663,0.392337"
RACExPOLIDEOLOGY,RACExPOLIDEOLOGY :: White | Very conservative,RACESURV6_W43,2,"0.596433,0.403567"
RACExPOLIDEOLOGY,RACExPOLIDEOLOGY :: White | Very liberal,RACESURV6_W43,2,"0.596433,0.403567"
RACExPOLIDEOLOGY,RACExPOLIDEOLOGY :: Asian | Conservative,RACESURV7_W43,4,"0.335816,0.236276,0.249557,0.178351"
RACExPOLIDEOLOGY,RACExPOLIDEOLOGY :: Asian | Liberal,RACESURV7_W43,4,"0.281289,0.262190,0.260150,0.196371"
RACExPOLIDEOLOGY,RACExPOLIDEOLOGY :: Asian | Moderate,RACESURV7_W43,4,"0.241610,0.289169,0.278091,0.191129"
RACExPOLIDEOLOGY,RACExPOLIDEOLOGY :: Asian | Very liberal,RACESURV7_W43,4,"0.332452,0.209675,0.214647,0.243227"
RACExPOLIDEOLOGY,RACExPOLIDEOLOGY :: Black | Conservative,RACESURV7_W43,4,"0.257639,0.267902,0.265817,0.208642"
RACExPOLIDEOLOGY,RACExPOLIDEOLOGY :: Black | Liberal,RACESURV7_W43,4,"0.247006,0.295627,0.264999,0.192368"
RACExPOLIDEOLOGY,RACExPOLIDEOLOGY :: Black | Moderate,RACESURV7_W43,4,"0.211348,0.314802,0.284400,0.189451"
RACExPOLIDEOLOGY,RACExPOLIDEOLOGY :: Black | Very conservative,RACESURV7_W43,4,"0.290277,0.246355,0.242536,0.220831"
RACExPOLIDEOLOGY,RACExPOLIDEOLOGY :: Black | Very liberal,RACESURV7_W43,4,"0.289350,0.243657,0.227113,0.239880"
RACExPOLIDEOLOGY,RACExPOLIDEOLOGY :: Hispanic | Conservative,RACESURV7_W43,4,"0.250030,0.264084,0.270347,0.215539"
RACExPOLIDEOLOGY,RACExPOLIDEOLOGY :: Hispanic | Liberal,RACESURV7_W43,4,"0.237761,0.286794,0.273661,0.201785"
RACExPOLIDEOLOGY,RACExPOLIDEOLOGY :: Hispanic | Moderate,RACESURV7_W43,4,"0.210286,0.318153,0.287427,0.184133"
RACExPOLIDEOLOGY,RACExPOLIDEOLOGY :: Hispanic | Refused,RACESURV7_W43,4,"0.208188,0.255077,0.269415,0.267319"
RACExPOLIDEOLOGY,RACExPOLIDEOLOGY :: Hispanic | Very conservative,RACESURV7_W43,4,"0.288294,0.240879,0.242768,0.228059"
RACExPOLIDEOLOGY,RACExPOLIDEOLOGY :: Hispanic | Very liberal,RACESURV7_W43,4,"0.285582,0.238613,0.227686,0.248118"
RACExPOLIDEOLOGY,RACExPOLIDEOLOGY :: Other | Conservative,RACESURV7_W43,4,"0.266034,0.255843,0.255843,0.222280"
RACExPOLIDEOLOGY,RACExPOLIDEOLOGY :: Other | Liberal,RACESURV7_W43,4,"0.260382,0.270755,0.256345,0.212518"
RACExPOLIDEOLOGY,RACExPOLIDEOLOGY :: Other | Moderate,RACESURV7_W43,4,"0.226557,0.295486,0.273280,0.204677"
RACExPOLIDEOLOGY,RACExPOLIDEOLOGY :: White | Conservative,RACESURV7_W43,4,"0.267270,0.251077,0.253046,0.228608"
RACExPOLIDEOLOGY,RACExPOLIDEOLOGY :: White | Liberal,RACESURV7_W43,4,"0.262087,0.268302,0.254024,0.215587"
RACExPOLIDEOLOGY,RACExPOLIDEOLOGY :: White | Moderate,RACESURV7_W43,4,"0.233412,0.288225,0.270762,0.207601"
RACExPOLIDEOLOGY,RACExPOLIDEOLOGY :: White | Refused,RACESURV7_W43,4,"0.238773,0.233242,0.244435,0.283550"
RACExPOLIDEOLOGY,RACExPOLIDEOLOGY :: White | Very conservative,RACESURV7_W43,4,"0.307950,0.216670,0.220082,0.255299"
RACExPOLIDEOLOGY,RACExPOLIDEOLOGY :: White | Very liberal,RACESURV7_W43,4,"0.303860,0.215469,0.204002,0.276668"
RACExPOLIDEOLOGY,RACExPOLIDEOLOGY :: Asian | Conservative,RACESURV8_W43,4,"0.380522,0.220229,0.238125,0.161123"
RACExPOLIDEOLOGY,RACExPOLIDEOLOGY :: Asian | Liberal,RACESURV8_W43,4,"0.267319,0.257078,0.284559,0.191044"
RACExPOLIDEOLOGY,RACExPOLIDEOLOGY :: Asian | Moderate,RACESURV8_W43,4,"0.257204,0.298362,0.307833,0.136600"
RACExPOLIDEOLOGY,RACExPOLIDEOLOGY :: Asian | Very liberal,RACESURV8_W43,4,"0.254419,0.196600,0.258426,0.290556"
RACExPOLIDEOLOGY,RACExPOLIDEOLOGY :: Black | Conservative,RACESURV8_W43,4,"0.249223,0.259151,0.291371,0.200256"
RACExPOLIDEOLOGY,RACExPOLIDEOLOGY :: Black | Liberal,RACESURV8_W43,4,"0.203733,0.272019,0.320516,0.203733"
RACExPOLIDEOLOGY,RACExPOLIDEOLOGY :: Black | Moderate,RACESURV8_W43,4,"0.198895,0.312906,0.335700,0.152498"
RACExPOLIDEOLOGY,RACExPOLIDEOLOGY :: Black | Very conservative,RACESURV8_W43,4,"0.210010,0.208375,0.305562,0.276053"
RACExPOLIDEOLOGY,RACExPOLIDEOLOGY :: Black | Very liberal,RACESURV8_W43,4,"0.192207,0.204604,0.286292,0.316897"
RACExPOLIDEOLOGY,RACExPOLIDEOLOGY :: Hispanic | Conservative,RACESURV8_W43,4,"0.245210,0.261025,0.302794,0.190970"
RACExPOLIDEOLOGY,RACExPOLIDEOLOGY :: Hispanic | Liberal,RACESURV8_W43,4,"0.198342,0.264822,0.340038,0.196799"
RACExPOLIDEOLOGY,RACExPOLIDEOLOGY :: Hispanic | Moderate,RACESURV8_W43,4,"0.190743,0.316948,0.359149,0.133160"
RACExPOLIDEOLOGY,RACExPOLIDEOLOGY :: Hispanic | Refused,RACESURV8_W43,4,"0.177111,0.247823,0.344069,0.230997"
RACExPOLIDEOLOGY,RACExPOLIDEOLOGY :: Hispanic | Very conservative,RACESURV8_W43,4,"0.210969,0.212624,0.311792,0.264615"
RACExPOLIDEOLOGY,RACExPOLIDEOLOGY :: Hispanic | Very liberal,RACESURV8_W43,4,"0.199845,0.209435,0.293053,0.297668"
RACExPOLIDEOLOGY,RACExPOLIDEOLOGY :: Other | Conservative,RACESURV8_W43,4,"0.251301,0.255259,0.291514,0.201926"
RACExPOLIDEOLOGY,RACExPOLIDEOLOGY :: Other | Liberal,RACESURV8_W43,4,"0.201167,0.262372,0.323986,0.212475"
RACExPOLIDEOLOGY,RACExPOLIDEOLOGY :: Other | Moderate,RACESURV8_W43,4,"0.193166,0.313540,0.341676,0.151618"
RACExPOLIDEOLOGY,RACExPOLIDEOLOGY :: White | Conservative,RACESURV8_W43,4,"0.277948,0.253074,0.277948,0.191030"
RACExPOLIDEOLOGY,RACExPOLIDEOLOGY :: White | Liberal,RACESURV8_W43,4,"0.237043,0.264441,0.302001,0.196516"
RACExPOLIDEOLOGY,RACExPOLIDEOLOGY :: White | Moderate,RACESURV8_W43,4,"0.231195,0.308686,0.320983,0.139136"
RACExPOLIDEOLOGY,RACExPOLIDEOLOGY :: White | Refused,RACESURV8_W43,4,"0.218146,0.232215,0.300509,0.249130"
RACExPOLIDEOLOGY,RACExPOLIDEOLOGY :: White | Very conservative,RACESURV8_W43,4,"0.251562,0.191378,0.272003,0.285057"
RACExPOLIDEOLOGY,RACExPOLIDEOLOGY :: White | Very liberal,RACESURV8_W43,4,"0.231231,0.188725,0.253957,0.326087"
RACExPOLIDEOLOGY,RACExPOLIDEOLOGY :: Asian | Conservative,RACESURV9_W43,5,"0.228471,0.198499,0.241314,0.167153,0.164562"
RACExPOLIDEOLOGY,RACExPOLIDEOLOGY :: Asian | Liberal,RACESURV9_W43,5,"0.175322,0.195586,0.269431,0.168606,0.191055"
RACExPOLIDEOLOGY,RACExPOLIDEOLOGY :: Asian | Moderate,RACESURV9_W43,5,"0.145690,0.205455,0.287483,0.152681,0.208691"
RACExPOLIDEOLOGY,RACExPOLIDEOLOGY :: Asian | Very liberal,RACESURV9_W43,5,"0.185337,0.186791,0.230656,0.183895,0.213322"
RACExPOLIDEOLOGY,RACExPOLIDEOLOGY :: Black | Conservative,RACESURV9_W43,5,"0.191030,0.209806,0.245288,0.167272,0.186605"
RACExPOLIDEOLOGY,RACExPOLIDEOLOGY :: Black | Liberal,RACESURV9_W43,5,"0.174264,0.210203,0.269906,0.158669,0.186958"
RACExPOLIDEOLOGY,RACExPOLIDEOLOGY :: Black | Moderate,RACESURV9_W43,5,"0.144960,0.214236,0.281608,0.144960,0.214236"
RACExPOLIDEOLOGY,RACExPOLIDEOLOGY :: Black | Very conservative,RACESURV9_W43,5,"0.177856,0.206317,0.246929,0.165780,0.203118"
RACExPOLIDEOLOGY,RACExPOLIDEOLOGY :: Black | Very liberal,RACESURV9_W43,5,"0.180967,0.198754,0.236026,0.172680,0.211572"
RACExPOLIDEOLOGY,RACExPOLIDEOLOGY :: Hispanic | Conservative,RACESURV9_W43,5,"0.182002,0.211126,0.254667,0.164425,0.187780"
RACExPOLIDEOLOGY,RACExPOLIDEOLOGY :: Hispanic | Liberal,RACESURV9_W43,5,"0.161551,0.199489,0.281325,0.156581,0.201054"
RACExPOLIDEOLOGY,RACExPOLIDEOLOGY :: Hispanic | Moderate,RACESURV9_W43,5,"0.132016,0.210961,0.309353,0.138351,0.209319"
RACExPOLIDEOLOGY,RACExPOLIDEOLOGY :: Hispanic | Refused,RACESURV9_W43,5,"0.161411,0.212171,0.270312,0.155227,0.200879"
RACExPOLIDEOLOGY,RACExPOLIDEOLOGY :: Hispanic | Very conservative,RACESURV9_W43,5,"0.171126,0.206417,0.256890,0.160758,0.204810"
RACExPOLIDEOLOGY,RACExPOLIDEOLOGY :: Hispanic | Very liberal,RACESURV9_W43,5,"0.172987,0.199107,0.245865,0.165066,0.216975"
RACExPOLIDEOLOGY,RACExPOLIDEOLOGY :: Other | Conservative,RACESURV9_W43,5,"0.176422,0.209506,0.243032,0.163164,0.207876"
RACExPOLIDEOLOGY,RACExPOLIDEOLOGY :: Other | Liberal,RACESURV9_W43,5,"0.157874,0.194948,0.264389,0.156645,0.226144"
RACExPOLIDEOLOGY,RACExPOLIDEOLOGY :: Other | Moderate,RACESURV9_W43,5,"0.131132,0.211192,0.271176,0.139590,0.246909"
RACExPOLIDEOLOGY,RACExPOLIDEOLOGY :: White | Conservative,RACESURV9_W43,5,"0.193300,0.207380,0.234993,0.155321,0.209007"
RACExPOLIDEOLOGY,RACExPOLIDEOLOGY :: White | Liberal,RACESURV9_W43,5,"0.178649,0.199298,0.253912,0.145809,0.222332"
RACExPOLIDEOLOGY,RACExPOLIDEOLOGY :: White | Moderate,RACESURV9_W43,5,"0.149807,0.209617,0.269154,0.130154,0.241268"
RACExPOLIDEOLOGY,RACExPOLIDEOLOGY :: White | Refused,RACESURV9_W43,5,"0.180563,0.204605,0.239207,0.147371,0.228253"
RACExPOLIDEOLOGY,RACExPOLIDEOLOGY :: White | Very conservative,RACESURV9_W43,5,"0.185018,0.201622,0.233885,0.151008,0.228467"
RACExPOLIDEOLOGY,RACExPOLIDEOLOGY :: White | Very liberal,RACESURV9_W43,5,"0.187215,0.196200,0.224067,0.153999,0.238518"
RACExPOLIDEOLOGY,RACExPOLIDEOLOGY :: Asian | Conservative,RELIG_GOV_W92,2,"0.741674,0.258326"
RACExPOLIDEOLOGY,RACExPOLIDEOLOGY :: Asian | Liberal,RELIG_GOV_W92,2,"0.834407,0.165593"
RACExPOLIDEOLOGY,RACExPOLIDEOLOGY :: Asian | Moderate,RELIG_GOV_W92,2,"0.827828,0.172172"
RACExPOLIDEOLOGY,RACExPOLIDEOLOGY :: Black | Conservative,RELIG_GOV_W92,2,"0.684264,0.315736"
RACExPOLIDEOLOGY,RACExPOLIDEOLOGY :: Black | Liberal,RELIG_GOV_W92,2,"0.710628,0.289372"
RACExPOLIDEOLOGY,RACExPOLIDEOLOGY :: Black | Moderate,RELIG_GOV_W92,2,"0.747616,0.252384"
RACExPOLIDEOLOGY,RACExPOLIDEOLOGY :: Black | Very conservative,RELIG_GOV_W92,2,"0.644225,0.355775"
RACExPOLIDEOLOGY,RACExPOLIDEOLOGY :: Black | Very liberal,RELIG_GOV_W92,2,"0.644225,0.355775"
RACExPOLIDEOLOGY,RACExPOLIDEOLOGY :: Hispanic | Conservative,RELIG_GOV_W92,2,"0.710628,0.289372"
RACExPOLIDEOLOGY,RACExPOLIDEOLOGY :: Hispanic | Liberal,RELIG_GOV_W92,2,"0.771843,0.228156"
RACExPOLIDEOLOGY,RACExPOLIDEOLOGY :: Hispanic | Moderate,RELIG_GOV_W92,2,"0.767690,0.232310"
RACExPOLIDEOLOGY,RACExPOLIDEOLOGY :: Hispanic | Very conservative,RELIG_GOV_W92,2,"0.653127,0.346873"
RACExPOLIDEOLOGY,RACExPOLIDEOLOGY :: Hispanic | Very liberal,RELIG_GOV_W92,2,"0.646014,0.353986"
RACExPOLIDEOLOGY,RACExPOLIDEOLOGY :: Mixed Race | Conservative,RELIG_GOV_W92,2,"0.672332,0.327668"
RACExPOLIDEOLOGY,RACExPOLIDEOLOGY :: Mixed Race | Liberal,RELIG_GOV_W92,2,"0.732592,0.267408"
RACExPOLIDEOLOGY,RACExPOLIDEOLOGY :: Mixed Race | Moderate,RELIG_GOV_W92,2,"0.747616,0.252384"
RACExPOLIDEOLOGY,RACExPOLIDEOLOGY :: Refused | Conservative,RELIG_GOV_W92,2,"0.615088,0.384912"
RACExPOLIDEOLOGY,RACExPOLIDEOLOGY :: Refused | Moderate,RELIG_GOV_W92,2,"0.658418,0.341583"
RACExPOLIDEOLOGY,RACExPOLIDEOLOGY :: White | Conservative,RELIG_GOV_W92,2,"0.674050,0.325950"
RACExPOLIDEOLOGY,RACExPOLIDEOLOGY :: White | Liberal,RELIG_GOV_W92,2,"0.726426,0.273574"
RACExPOLIDEOLOGY,RACExPOLIDEOLOGY :: White | Moderate,RELIG_GOV_W92,2,"0.734120,0.265880"
RACExPOLIDEOLOGY,RACExPOLIDEOLOGY :: White | Refused,RELIG_GOV_W92,2,"0.646014,0.353986"
RACExPOLIDEOLOGY,RACExPOLIDEOLOGY :: White | Very conservative,RELIG_GOV_W92,2,"0.609524,0.390476"
RACExPOLIDEOLOGY,RACExPOLIDEOLOGY :: White | Very liberal,RELIG_GOV_W92,2,"0.588889,0.411111"
RACExPOLIDEOLOGY,RACExPOLIDEOLOGY :: Asian | Conservative,REMARR_W50,2,"0.552540,0.447460"
RACExPOLIDEOLOGY,RACExPOLIDEOLOGY :: Asian | Liberal,REMARR_W50,2,"0.552540,0.447460"
RACExPOLIDEOLOGY,RACExPOLIDEOLOGY :: Asian | Moderate,REMARR_W50,2,"0.523420,0.476580"
RACExPOLIDEOLOGY,RACExPOLIDEOLOGY :: Asian | Very liberal,REMARR_W50,2,"0.515620,0.484380"
RACExPOLIDEOLOGY,RACExPOLIDEOLOGY :: Black | Conservative,REMARR_W50,2,"0.494141,0.505859"
RACExPOLIDEOLOGY,RACExPOLIDEOLOGY :: Black | Liberal,REMARR_W50,2,"0.519521,0.480479"
RACExPOLIDEOLOGY,RACExPOLIDEOLOGY :: Black | Moderate,REMARR_W50,2,"0.488283,0.511717"
RACExPOLIDEOLOGY,RACExPOLIDEOLOGY :: Black | Refused,REMARR_W50,2,"0.478529,0.521471"
RACExPOLIDEOLOGY,RACExPOLIDEOLOGY :: Black | Very conservative,REMARR_W50,2,"0.501953,0.498047"
RACExPOLIDEOLOGY,RACExPOLIDEOLOGY :: Black | Very liberal,REMARR_W50,2,"0.494141,0.505859"
RACExPOLIDEOLOGY,RACExPOLIDEOLOGY :: Hispanic | Conservative,REMARR_W50,2,"0.505859,0.494141"
RACExPOLIDEOLOGY,RACExPOLIDEOLOGY :: Hispanic | Liberal,REMARR_W50,2,"0.527317,0.472683"
RACExPOLIDEOLOGY,RACExPOLIDEOLOGY :: Hispanic | Moderate,REMARR_W50,2,"0.513668,0.486332"
RACExPOLIDEOLOGY,RACExPOLIDEOLOGY :: Hispanic | Very liberal,REMARR_W50,2,"0.501953,0.498047"
RACExPOLIDEOLOGY,RACExPOLIDEOLOGY :: Mixed Race | Conservative,REMARR_W50,2,"0.503906,0.496094"
RACExPOLIDEOLOGY,RACExPOLIDEOLOGY :: Mixed Race | Liberal,REMARR_W50,2,"0.519521,0.480479"
RACExPOLIDEOLOGY,RACExPOLIDEOLOGY :: Mixed Race | Moderate,REMARR_W50,2,"0.494141,0.505859"
RACExPOLIDEOLOGY,RACExPOLIDEOLOGY :: Refused | Moderate,REMARR_W50,2,"0.474631,0.525369"
RACExPOLIDEOLOGY,RACExPOLIDEOLOGY :: White | Conservative,REMARR_W50,2,"0.474631,0.525369"
RACExPOLIDEOLOGY,RACExPOLIDEOLOGY :: White | Liberal,REMARR_W50,2,"0.490236,0.509764"
RACExPOLIDEOLOGY,RACExPOLIDEOLOGY :: White | Moderate,REMARR_W50,2,"0.464902,0.535098"
RACExPOLIDEOLOGY,RACExPOLIDEOLOGY :: White | Refused,REMARR_W50,2,"0.459076,0.540924"
RACExPOLIDEOLOGY,RACExPOLIDEOLOGY :: White | Very conservative,REMARR_W50,2,"0.490236,0.509764"
RACExPOLIDEOLOGY,RACExPOLIDEOLOGY :: White | Very liberal,REMARR_W50,2,"0.478529,0.521471"
RACExPOLIDEOLOGY,RACExPOLIDEOLOGY :: Asian | Conservative,REPRSNTDEM_W92,4,"0.293495,0.211396,0.273567,0.221542"
RACExPOLIDEOLOGY,RACExPOLIDEOLOGY :: Asian | Liberal,REPRSNTDEM_W92,4,"0.231654,0.229851,0.286054,0.252442"
RACExPOLIDEOLOGY,RACExPOLIDEOLOGY :: Asian | Moderate,REPRSNTDEM_W92,4,"0.216635,0.276000,0.317674,0.189692"
RACExPOLIDEOLOGY,RACExPOLIDEOLOGY :: Black | Conservative,REPRSNTDEM_W92,4,"0.231577,0.222705,0.306790,0.238928"
RACExPOLIDEOLOGY,RACExPOLIDEOLOGY :: Black | Liberal,REPRSNTDEM_W92,4,"0.230343,0.267202,0.275684,0.226771"
RACExPOLIDEOLOGY,RACExPOLIDEOLOGY :: Black | Moderate,REPRSNTDEM_W92,4,"0.200664,0.308375,0.320660,0.170301"
RACExPOLIDEOLOGY,RACExPOLIDEOLOGY :: Black | Very conservative,REPRSNTDEM_W92,4,"0.231539,0.149493,0.294988,0.323981"
RACExPOLIDEOLOGY,RACExPOLIDEOLOGY :: Black | Very liberal,REPRSNTDEM_W92,4,"0.219235,0.166785,0.226194,0.387787"
RACExPOLIDEOLOGY,RACExPOLIDEOLOGY :: Hispanic | Conservative,REPRSNTDEM_W92,4,"0.228234,0.214406,0.314406,0.242954"
RACExPOLIDEOLOGY,RACExPOLIDEOLOGY :: Hispanic | Liberal,REPRSNTDEM_W92,4,"0.213012,0.239496,0.300395,0.247098"
RACExPOLIDEOLOGY,RACExPOLIDEOLOGY :: Hispanic | Moderate,REPRSNTDEM_W92,4,"0.206083,0.297515,0.324214,0.172189"
RACExPOLIDEOLOGY,RACExPOLIDEOLOGY :: Hispanic | Very conservative,REPRSNTDEM_W92,4,"0.228821,0.151241,0.287006,0.332932"
RACExPOLIDEOLOGY,RACExPOLIDEOLOGY :: Hispanic | Very liberal,REPRSNTDEM_W92,4,"0.219849,0.169886,0.230400,0.379865"
RACExPOLIDEOLOGY,RACExPOLIDEOLOGY :: Mixed Race | Conservative,REPRSNTDEM_W92,4,"0.236420,0.216951,0.298863,0.247766"
RACExPOLIDEOLOGY,RACExPOLIDEOLOGY :: Mixed Race | Liberal,REPRSNTDEM_W92,4,"0.217700,0.239097,0.290667,0.252536"
RACExPOLIDEOLOGY,RACExPOLIDEOLOGY :: Mixed Race | Moderate,REPRSNTDEM_W92,4,"0.202015,0.296235,0.317814,0.183937"
RACExPOLIDEOLOGY,RACExPOLIDEOLOGY :: Refused | Conservative,REPRSNTDEM_W92,4,"0.250350,0.235182,0.279286,0.235182"
RACExPOLIDEOLOGY,RACExPOLIDEOLOGY :: Refused | Moderate,REPRSNTDEM_W92,4,"0.219274,0.285987,0.299712,0.195026"
RACExPOLIDEOLOGY,RACExPOLIDEOLOGY :: White | Conservative,REPRSNTDEM_W92,4,"0.249821,0.225695,0.289798,0.234686"
RACExPOLIDEOLOGY,RACExPOLIDEOLOGY :: White | Liberal,REPRSNTDEM_W92,4,"0.240303,0.253811,0.276587,0.229299"
RACExPOLIDEOLOGY,RACExPOLIDEOLOGY :: White | Moderate,REPRSNTDEM_W92,4,"0.225800,0.294499,0.303847,0.175853"
RACExPOLIDEOLOGY,RACExPOLIDEOLOGY :: White | Refused,REPRSNTDEM_W92,4,"0.230212,0.235671,0.264972,0.269145"
RACExPOLIDEOLOGY,RACExPOLIDEOLOGY :: White | Very conservative,REPRSNTDEM_W92,4,"0.267330,0.171258,0.263185,0.298228"
RACExPOLIDEOLOGY,RACExPOLIDEOLOGY :: White | Very liberal,REPRSNTDEM_W92,4,"0.256826,0.195383,0.223134,0.324658"
RACExPOLIDEOLOGY,RACExPOLIDEOLOGY :: Asian | Conservative,REPRSNTREP_W92,4,"0.364986,0.192334,0.254801,0.187879"
RACExPOLIDEOLOGY,RACExPOLIDEOLOGY :: Asian | Liberal,REPRSNTREP_W92,4,"0.200723,0.179927,0.308466,0.310885"
RACExPOLIDEOLOGY,RACExPOLIDEOLOGY :: Asian | Moderate,REPRSNTREP_W92,4,"0.219268,0.244611,0.331741,0.204380"
RACExPOLIDEOLOGY,RACExPOLIDEOLOGY :: Black | Conservative,REPRSNTREP_W92,4,"0.272741,0.202684,0.294904,0.229671"
RACExPOLIDEOLOGY,RACExPOLIDEOLOGY :: Black | Liberal,REPRSNTREP_W92,4,"0.211963,0.223878,0.291992,0.272166"
RACExPOLIDEOLOGY,RACExPOLIDEOLOGY :: Black | Moderate,REPRSNTREP_W92,4,"0.197806,0.272490,0.336480,0.193224"
RACExPOLIDEOLOGY,RACExPOLIDEOLOGY :: Black | Very conservative,REPRSNTREP_W92,4,"0.252580,0.123098,0.281773,0.342549"
RACExPOLIDEOLOGY,RACExPOLIDEOLOGY :: Black | Very liberal,REPRSNTREP_W92,4,"0.189768,0.136685,0.221861,0.451687"
RACExPOLIDEOLOGY,RACExPOLIDEOLOGY :: Hispanic | Conservative,REPRSNTREP_W92,4,"0.266862,0.195240,0.302394,0.235505"
RACExPOLIDEOLOGY,RACExPOLIDEOLOGY :: Hispanic | Liberal,REPRSNTREP_W92,4,"0.189794,0.191282,0.320337,0.298587"
RACExPOLIDEOLOGY,RACExPOLIDEOLOGY :: Hispanic | Moderate,REPRSNTREP_W92,4,"0.213818,0.264030,0.336383,0.185768"
RACExPOLIDEOLOGY,RACExPOLIDEOLOGY :: Hispanic | Very conservative,REPRSNTREP_W92,4,"0.254853,0.127151,0.277723,0.340273"
RACExPOLIDEOLOGY,RACExPOLIDEOLOGY :: Hispanic | Very liberal,REPRSNTREP_W92,4,"0.199891,0.141744,0.231877,0.426488"
RACExPOLIDEOLOGY,RACExPOLIDEOLOGY :: Mixed Race | Conservative,REPRSNTREP_W92,4,"0.266937,0.195295,0.290891,0.246876"
RACExPOLIDEOLOGY,RACExPOLIDEOLOGY :: Mixed Race | Liberal,REPRSNTREP_W92,4,"0.190497,0.193497,0.309207,0.306800"
RACExPOLIDEOLOGY,RACExPOLIDEOLOGY :: Mixed Race | Moderate,REPRSNTREP_W92,4,"0.198329,0.260698,0.334743,0.206229"
RACExPOLIDEOLOGY,RACExPOLIDEOLOGY :: Refused | Conservative,REPRSNTREP_W92,4,"0.277086,0.219193,0.268561,0.235160"
RACExPOLIDEOLOGY,RACExPOLIDEOLOGY :: Refused | Moderate,REPRSNTREP_W92,4,"0.216982,0.261730,0.305994,0.215294"
RACExPOLIDEOLOGY,RACExPOLIDEOLOGY :: White | Conservative,REPRSNTREP_W92,4,"0.297232,0.209129,0.272755,0.220884"
RACExPOLIDEOLOGY,RACExPOLIDEOLOGY :: White | Liberal,REPRSNTREP_W92,4,"0.218749,0.210369,0.294359,0.276524"
RACExPOLIDEOLOGY,RACExPOLIDEOLOGY :: White | Moderate,REPRSNTREP_W92,4,"0.231383,0.268409,0.311359,0.188849"
RACExPOLIDEOLOGY,RACExPOLIDEOLOGY :: White | Refused,REPRSNTREP_W92,4,"0.230273,0.211310,0.265042,0.293375"
RACExPOLIDEOLOGY,RACExPOLIDEOLOGY :: White | Very conservative,REPRSNTREP_W92,4,"0.308155,0.145562,0.247609,0.298674"
RACExPOLIDEOLOGY,RACExPOLIDEOLOGY :: White | Very liberal,REPRSNTREP_W92,4,"0.252628,0.170937,0.222944,0.353491"
RACExPOLIDEOLOGY,RACExPOLIDEOLOGY :: Asian | Liberal,RESTRICTWHO_W45,5,"0.095068,0.209276,0.169477,0.436170,0.090009"
RACExPOLIDEOLOGY,RACExPOLIDEOLOGY :: Asian | Moderate,RESTRICTWHO_W45,5,"0.083627,0.206980,0.189935,0.424695,0.094762"
RACExPOLIDEOLOGY,RACExPOLIDEOLOGY :: Black | Conservative,RESTRICTWHO_W45,5,"0.110753,0.229032,0.182601,0.365993,0.111621"
RACExPOLIDEOLOGY,RACExPOLIDEOLOGY :: Black | Liberal,RESTRICTWHO_W45,5,"0.092718,0.207318,0.166585,0.452824,0.080555"
RACExPOLIDEOLOGY,RACExPOLIDEOLOGY :: Black | Moderate,RESTRICTWHO_W45,5,"0.082207,0.208290,0.192636,0.420757,0.096110"
RACExPOLIDEOLOGY,RACExPOLIDEOLOGY :: Black | Very liberal,RESTRICTWHO_W45,5,"0.100981,0.203987,0.166489,0.378132,0.150411"
RACExPOLIDEOLOGY,RACExPOLIDEOLOGY :: Hispanic | Conservative,RESTRICTWHO_W45,5,"0.114465,0.229426,0.187252,0.349833,0.119025"
RACExPOLIDEOLOGY,RACExPOLIDEOLOGY :: Hispanic | Liberal,RESTRICTWHO_W45,5,"0.095511,0.210252,0.179838,0.418137,0.096261"
RACExPOLIDEOLOGY,RACExPOLIDEOLOGY :: Hispanic | Moderate,RESTRICTWHO_W45,5,"0.080945,0.201912,0.192665,0.434178,0.090300"
RACExPOLIDEOLOGY,RACExPOLIDEOLOGY :: Mixed Race | Conservative,RESTRICTWHO_W45,5,"0.113141,0.221518,0.180798,0.351231,0.133312"
RACExPOLIDEOLOGY,RACExPOLIDEOLOGY :: Mixed Race | Liberal,RESTRICTWHO_W45,5,"0.097621,0.201877,0.176770,0.407803,0.115928"
RACExPOLIDEOLOGY,RACExPOLIDEOLOGY :: Mixed Race | Moderate,RESTRICTWHO_W45,5,"0.079519,0.195280,0.193760,0.410190,0.121252"
RACExPOLIDEOLOGY,RACExPOLIDEOLOGY :: Refused | Moderate,RESTRICTWHO_W45,5,"0.106926,0.173558,0.180472,0.334542,0.204502"
RACExPOLIDEOLOGY,RACExPOLIDEOLOGY :: White | Conservative,RESTRICTWHO_W45,5,"0.112245,0.200098,0.163315,0.370923,0.153420"
RACExPOLIDEOLOGY,RACExPOLIDEOLOGY :: White | Liberal,RESTRICTWHO_W45,5,"0.100726,0.176780,0.153589,0.437534,0.131371"
RACExPOLIDEOLOGY,RACExPOLIDEOLOGY :: White | Moderate,RESTRICTWHO_W45,5,"0.084966,0.170301,0.166356,0.438290,0.140086"
RACExPOLIDEOLOGY,RACExPOLIDEOLOGY :: White | Refused,RESTRICTWHO_W45,5,"0.091925,0.142376,0.167760,0.372192,0.225746"
RACExPOLIDEOLOGY,RACExPOLIDEOLOGY :: White | Very conservative,RESTRICTWHO_W45,5,"0.116274,0.173189,0.158927,0.355361,0.196249"
RACExPOLIDEOLOGY,RACExPOLIDEOLOGY :: White | Very liberal,RESTRICTWHO_W45,5,"0.112090,0.160561,0.141695,0.376244,0.209411"
RACExPOLIDEOLOGY,RACExPOLIDEOLOGY :: Asian | Liberal,SATLIFEB_W32,4,"0.311778,0.304556,0.240924,0.142742"
RACExPOLIDEOLOGY,RACExPOLIDEOLOGY :: Asian | Moderate,SATLIFEB_W32,4,"0.288168,0.326537,0.252328,0.132968"
RACExPOLIDEOLOGY,RACExPOLIDEOLOGY :: Black | Conservative,SATLIFEB_W32,4,"0.279934,0.312289,0.243211,0.164565"
RACExPOLIDEOLOGY,RACExPOLIDEOLOGY :: Black | Liberal,SATLIFEB_W32,4,"0.263424,0.338244,0.249405,0.148927"
RACExPOLIDEOLOGY,RACExPOLIDEOLOGY :: Black | Moderate,SATLIFEB_W32,4,"0.239443,0.356649,0.260930,0.142978"
RACExPOLIDEOLOGY,RACExPOLIDEOLOGY :: Black | Very conservative,SATLIFEB_W32,4,"0.262124,0.313721,0.248174,0.175982"
RACExPOLIDEOLOGY,RACExPOLIDEOLOGY :: Black | Very liberal,SATLIFEB_W32,4,"0.258293,0.311561,0.242644,0.187501"
RACExPOLIDEOLOGY,RACExPOLIDEOLOGY :: Hispanic | Conservative,SATLIFEB_W32,4,"0.274978,0.309166,0.250371,0.165485"
RACExPOLIDEOLOGY,RACExPOLIDEOLOGY :: Hispanic | Liberal,SATLIFEB_W32,4,"0.254834,0.334972,0.256832,0.153362"
RACExPOLIDEOLOGY,RACExPOLIDEOLOGY :: Hispanic | Moderate,SATLIFEB_W32,4,"0.231180,0.363697,0.270277,0.134846"
RACExPOLIDEOLOGY,RACExPOLIDEOLOGY :: Hispanic | Very liberal,SATLIFEB_W32,4,"0.251859,0.308584,0.247954,0.191604"
RACExPOLIDEOLOGY,RACExPOLIDEOLOGY :: Mixed Race | Moderate,SATLIFEB_W32,4,"0.228004,0.350392,0.262431,0.159173"
RACExPOLIDEOLOGY,RACExPOLIDEOLOGY :: Other | Conservative,SATLIFEB_W32,4,"0.292936,0.295233,0.240963,0.170868"
RACExPOLIDEOLOGY,RACExPOLIDEOLOGY :: Other | Moderate,SATLIFEB_W32,4,"0.244239,0.344432,0.262030,0.149300"
RACExPOLIDEOLOGY,RACExPOLIDEOLOGY :: White | Conservative,SATLIFEB_W32,4,"0.275343,0.307167,0.241098,0.176391"
RACExPOLIDEOLOGY,RACExPOLIDEOLOGY :: White | Liberal,SATLIFEB_W32,4,"0.254798,0.324621,0.250848,0.169732"
RACExPOLIDEOLOGY,RACExPOLIDEOLOGY :: White | Moderate,SATLIFEB_W32,4,"0.235529,0.348089,0.260707,0.155675"
RACExPOLIDEOLOGY,RACExPOLIDEOLOGY :: White | Refused,SATLIFEB_W32,4,"0.228266,0.314450,0.252668,0.204616"
RACExPOLIDEOLOGY,RACExPOLIDEOLOGY :: White | Very conservative,SATLIFEB_W32,4,"0.259054,0.300508,0.243359,0.197078"
RACExPOLIDEOLOGY,RACExPOLIDEOLOGY :: White | Very liberal,SATLIFEB_W32,4,"0.253789,0.299037,0.238413,0.208761"
RACExPOLIDEOLOGY,RACExPOLIDEOLOGY :: Asian | Liberal,SATLIFED_W32,4,"0.338112,0.296061,0.232381,0.133445"
RACExPOLIDEOLOGY,RACExPOLIDEOLOGY :: Asian | Moderate,SATLIFED_W32,4,"0.315156,0.322630,0.239758,0.122456"
RACExPOLIDEOLOGY,RACExPOLIDEOLOGY :: Black | Conservative,SATLIFED_W32,4,"0.300704,0.307835,0.237876,0.153585"
RACExPOLIDEOLOGY,RACExPOLIDEOLOGY :: Black | Liberal,SATLIFED_W32,4,"0.288255,0.331780,0.242735,0.137230"
RACExPOLIDEOLOGY,RACExPOLIDEOLOGY :: Black | Moderate,SATLIFED_W32,4,"0.260541,0.358910,0.250560,0.129989"
RACExPOLIDEOLOGY,RACExPOLIDEOLOGY :: Black | Very conservative,SATLIFED_W32,4,"0.290291,0.304222,0.238787,0.166700"
RACExPOLIDEOLOGY,RACExPOLIDEOLOGY :: Black | Very liberal,SATLIFED_W32,4,"0.283353,0.301628,0.234908,0.180110"
RACExPOLIDEOLOGY,RACExPOLIDEOLOGY :: Hispanic | Conservative,SATLIFED_W32,4,"0.295746,0.305134,0.243274,0.155847"
RACExPOLIDEOLOGY,RACExPOLIDEOLOGY :: Hispanic | Liberal,SATLIFED_W32,4,"0.279854,0.327182,0.248907,0.144056"
RACExPOLIDEOLOGY,RACExPOLIDEOLOGY :: Hispanic | Moderate,SATLIFED_W32,4,"0.254124,0.366871,0.256118,0.122887"
RACExPOLIDEOLOGY,RACExPOLIDEOLOGY :: Hispanic | Very liberal,SATLIFED_W32,4,"0.274688,0.299338,0.238653,0.187321"
RACExPOLIDEOLOGY,RACExPOLIDEOLOGY :: Mixed Race | Moderate,SATLIFED_W32,4,"0.245082,0.351064,0.252862,0.150991"
RACExPOLIDEOLOGY,RACExPOLIDEOLOGY :: Other | Conservative,SATLIFED_W32,4,"0.314811,0.286639,0.233948,0.164603"
RACExPOLIDEOLOGY,RACExPOLIDEOLOGY :: Other | Moderate,SATLIFED_W32,4,"0.265233,0.340566,0.251118,0.143083"
RACExPOLIDEOLOGY,RACExPOLIDEOLOGY :: White | Conservative,SATLIFED_W32,4,"0.291141,0.302738,0.237622,0.168499"
RACExPOLIDEOLOGY,RACExPOLIDEOLOGY :: White | Liberal,SATLIFED_W32,4,"0.271979,0.317976,0.247640,0.162406"
RACExPOLIDEOLOGY,RACExPOLIDEOLOGY :: White | Moderate,SATLIFED_W32,4,"0.248360,0.350243,0.254249,0.147148"
RACExPOLIDEOLOGY,RACExPOLIDEOLOGY :: White | Refused,SATLIFED_W32,4,"0.234095,0.312557,0.253117,0.200232"
RACExPOLIDEOLOGY,RACExPOLIDEOLOGY :: White | Very conservative,SATLIFED_W32,4,"0.275884,0.289124,0.237827,0.197165"
RACExPOLIDEOLOGY,RACExPOLIDEOLOGY :: White | Very liberal,SATLIFED_W32,4,"0.268224,0.290020,0.231224,0.210532"
RACExPOLIDEOLOGY,RACExPOLIDEOLOGY :: Asian | Conservative,SATLIFEa_W50,4,"0.423546,0.262986,0.208039,0.105429"
RACExPOLIDEOLOGY,RACExPOLIDEOLOGY :: Asian | Liberal,SATLIFEa_W50,4,"0.379031,0.302190,0.215965,0.102815"
RACExPOLIDEOLOGY,RACExPOLIDEOLOGY :: Asian | Moderate,SATLIFEa_W50,4,"0.350737,0.326923,0.226453,0.095886"
RACExPOLIDEOLOGY,RACExPOLIDEOLOGY :: Asian | Very liberal,SATLIFEa_W50,4,"0.340001,0.293099,0.219521,0.147379"
RACExPOLIDEOLOGY,RACExPOLIDEOLOGY :: Black | Conservative,SATLIFEa_W50,4,"0.330703,0.318034,0.223765,0.127497"
RACExPOLIDEOLOGY,RACExPOLIDEOLOGY :: Black | Liberal,SATLIFEa_W50,4,"0.314117,0.342305,0.229813,0.113766"
RACExPOLIDEOLOGY,RACExPOLIDEOLOGY :: Black | Moderate,SATLIFEa_W50,4,"0.294315,0.363431,0.236489,0.105764"
RACExPOLIDEOLOGY,RACExPOLIDEOLOGY :: Black | Refused,SATLIFEa_W50,4,"0.264203,0.339243,0.242446,0.154108"
RACExPOLIDEOLOGY,RACExPOLIDEOLOGY :: Black | Very conservative,SATLIFEa_W50,4,"0.311251,0.321131,0.229502,0.138117"
RACExPOLIDEOLOGY,RACExPOLIDEOLOGY :: Black | Very liberal,SATLIFEa_W50,4,"0.301898,0.321369,0.226111,0.150622"
RACExPOLIDEOLOGY,RACExPOLIDEOLOGY :: Hispanic | Conservative,SATLIFEa_W50,4,"0.325413,0.315401,0.230752,0.128433"
RACExPOLIDEOLOGY,RACExPOLIDEOLOGY :: Hispanic | Liberal,SATLIFEa_W50,4,"0.316354,0.339398,0.231449,0.112799"
RACExPOLIDEOLOGY,RACExPOLIDEOLOGY :: Hispanic | Moderate,SATLIFEa_W50,4,"0.282275,0.371043,0.245245,0.101438"
RACExPOLIDEOLOGY,RACExPOLIDEOLOGY :: Hispanic | Very liberal,SATLIFEa_W50,4,"0.291476,0.320124,0.232385,0.156016"
RACExPOLIDEOLOGY,RACExPOLIDEOLOGY :: Mixed Race | Conservative,SATLIFEa_W50,4,"0.314203,0.304536,0.231679,0.149583"
RACExPOLIDEOLOGY,RACExPOLIDEOLOGY :: Mixed Race | Liberal,SATLIFEa_W50,4,"0.296369,0.325497,0.238139,0.139995"
RACExPOLIDEOLOGY,RACExPOLIDEOLOGY :: Mixed Race | Moderate,SATLIFEa_W50,4,"0.267158,0.359500,0.245158,0.128184"
RACExPOLIDEOLOGY,RACExPOLIDEOLOGY :: Refused | Moderate,SATLIFEa_W50,4,"0.269467,0.330158,0.249217,0.151158"
RACExPOLIDEOLOGY,RACExPOLIDEOLOGY :: White | Conservative,SATLIFEa_W50,4,"0.316694,0.314230,0.226331,0.142745"
RACExPOLIDEOLOGY,RACExPOLIDEOLOGY :: White | Liberal,SATLIFEa_W50,4,"0.298623,0.330546,0.236231,0.134600"
RACExPOLIDEOLOGY,RACExPOLIDEOLOGY :: White | Moderate,SATLIFEa_W50,4,"0.277782,0.356679,0.243234,0.122306"
RACExPOLIDEOLOGY,RACExPOLIDEOLOGY :: White | Refused,SATLIFEa_W50,4,"0.251055,0.322361,0.247163,0.179421"
RACExPOLIDEOLOGY,RACExPOLIDEOLOGY :: White | Very conservative,SATLIFEa_W50,4,"0.291738,0.308137,0.232594,0.167531"
RACExPOLIDEOLOGY,RACExPOLIDEOLOGY :: White | Very liberal,SATLIFEa_W50,4,"0.283266,0.308685,0.229396,0.178653"
RACExPOLIDEOLOGY,RACExPOLIDEOLOGY :: Asian | Conservative,SATLIFEc_W50,4,"0.408937,0.246103,0.224079,0.120882"
RACExPOLIDEOLOGY,RACExPOLIDEOLOGY :: Asian | Liberal,SATLIFEc_W50,4,"0.330288,0.293764,0.243539,0.132410"
RACExPOLIDEOLOGY,RACExPOLIDEOLOGY :: Asian | Moderate,SATLIFEc_W50,4,"0.309133,0.316464,0.254286,0.120116"
RACExPOLIDEOLOGY,RACExPOLIDEOLOGY :: Asian | Very liberal,SATLIFEc_W50,4,"0.333900,0.268296,0.225928,0.171877"
RACExPOLIDEOLOGY,RACExPOLIDEOLOGY :: Black | Conservative,SATLIFEc_W50,4,"0.315560,0.298767,0.240066,0.145607"
RACExPOLIDEOLOGY,RACExPOLIDEOLOGY :: Black | Liberal,SATLIFEc_W50,4,"0.297249,0.326464,0.246428,0.129859"
RACExPOLIDEOLOGY,RACExPOLIDEOLOGY :: Black | Moderate,SATLIFEc_W50,4,"0.268545,0.350249,0.258257,0.122949"
RACExPOLIDEOLOGY,RACExPOLIDEOLOGY :: Black | Refused,SATLIFEc_W50,4,"0.256562,0.319296,0.254565,0.169577"
RACExPOLIDEOLOGY,RACExPOLIDEOLOGY :: Black | Very conservative,SATLIFEc_W50,4,"0.316575,0.295080,0.235259,0.153086"
RACExPOLIDEOLOGY,RACExPOLIDEOLOGY :: Black | Very liberal,SATLIFEc_W50,4,"0.303459,0.294122,0.230859,0.171560"
RACExPOLIDEOLOGY,RACExPOLIDEOLOGY :: Hispanic | Conservative,SATLIFEc_W50,4,"0.308041,0.296240,0.245592,0.150127"
RACExPOLIDEOLOGY,RACExPOLIDEOLOGY :: Hispanic | Liberal,SATLIFEc_W50,4,"0.283317,0.323558,0.253964,0.139161"
RACExPOLIDEOLOGY,RACExPOLIDEOLOGY :: Hispanic | Moderate,SATLIFEc_W50,4,"0.264135,0.355433,0.264135,0.116297"
RACExPOLIDEOLOGY,RACExPOLIDEOLOGY :: Hispanic | Very liberal,SATLIFEc_W50,4,"0.295134,0.290558,0.235301,0.179008"
RACExPOLIDEOLOGY,RACExPOLIDEOLOGY :: Mixed Race | Conservative,SATLIFEc_W50,4,"0.305524,0.284780,0.243585,0.166111"
RACExPOLIDEOLOGY,RACExPOLIDEOLOGY :: Mixed Race | Liberal,SATLIFEc_W50,4,"0.275611,0.307467,0.254899,0.162023"
RACExPOLIDEOLOGY,RACExPOLIDEOLOGY :: Mixed Race | Moderate,SATLIFEc_W50,4,"0.250012,0.344407,0.262011,0.143570"
RACExPOLIDEOLOGY,RACExPOLIDEOLOGY :: Refused | Moderate,SATLIFEc_W50,4,"0.256557,0.321795,0.258570,0.163078"
RACExPOLIDEOLOGY,RACExPOLIDEOLOGY :: White | Conservative,SATLIFEc_W50,4,"0.310332,0.293817,0.239806,0.156045"
RACExPOLIDEOLOGY,RACExPOLIDEOLOGY :: White | Liberal,SATLIFEc_W50,4,"0.282798,0.315484,0.251526,0.150193"
RACExPOLIDEOLOGY,RACExPOLIDEOLOGY :: White | Moderate,SATLIFEc_W50,4,"0.264062,0.339062,0.262007,0.134870"
RACExPOLIDEOLOGY,RACExPOLIDEOLOGY :: White | Refused,SATLIFEc_W50,4,"0.246331,0.304178,0.256144,0.193347"
RACExPOLIDEOLOGY,RACExPOLIDEOLOGY :: White | Very conservative,SATLIFEc_W50,4,"0.304930,0.282014,0.233798,0.179259"
RACExPOLIDEOLOGY,RACExPOLIDEOLOGY :: White | Very liberal,SATLIFEc_W50,4,"0.291479,0.282511,0.228785,0.197225"
RACExPOLIDEOLOGY,RACExPOLIDEOLOGY :: Asian | Conservative,SATLIFEd_W50,4,"0.403293,0.256349,0.219267,0.121091"
RACExPOLIDEOLOGY,RACExPOLIDEOLOGY :: Asian | Liberal,SATLIFEd_W50,4,"0.338112,0.296061,0.232381,0.133445"
RACExPOLIDEOLOGY,RACExPOLIDEOLOGY :: Asian | Moderate,SATLIFEd_W50,4,"0.315156,0.322630,0.239758,0.122456"
RACExPOLIDEOLOGY,RACExPOLIDEOLOGY :: Asian | Very liberal,SATLIFEd_W50,4,"0.318376,0.274457,0.225762,0.181405"
RACExPOLIDEOLOGY,RACExPOLIDEOLOGY :: Black | Conservative,SATLIFEd_W50,4,"0.301623,0.308776,0.236747,0.152855"
RACExPOLIDEOLOGY,RACExPOLIDEOLOGY :: Black | Liberal,SATLIFEd_W50,4,"0.287707,0.331149,0.244174,0.136969"
RACExPOLIDEOLOGY,RACExPOLIDEOLOGY :: Black | Moderate,SATLIFEd_W50,4,"0.260541,0.358910,0.250560,0.129989"
RACExPOLIDEOLOGY,RACExPOLIDEOLOGY :: Black | Refused,SATLIFEd_W50,4,"0.246451,0.326494,0.252295,0.174760"
RACExPOLIDEOLOGY,RACExPOLIDEOLOGY :: Black | Very conservative,SATLIFEd_W50,4,"0.290291,0.304222,0.238787,0.166700"
RACExPOLIDEOLOGY,RACExPOLIDEOLOGY :: Black | Very liberal,SATLIFEd_W50,4,"0.282685,0.303276,0.234354,0.179685"
RACExPOLIDEOLOGY,RACExPOLIDEOLOGY :: Hispanic | Conservative,SATLIFEd_W50,4,"0.297718,0.302406,0.242990,0.156886"
RACExPOLIDEOLOGY,RACExPOLIDEOLOGY :: Hispanic | Liberal,SATLIFEd_W50,4,"0.280397,0.327817,0.247450,0.144336"
RACExPOLIDEOLOGY,RACExPOLIDEOLOGY :: Hispanic | Moderate,SATLIFEd_W50,4,"0.255608,0.366142,0.255608,0.122642"
RACExPOLIDEOLOGY,RACExPOLIDEOLOGY :: Hispanic | Very liberal,SATLIFEd_W50,4,"0.275602,0.300334,0.237583,0.186481"
RACExPOLIDEOLOGY,RACExPOLIDEOLOGY :: Mixed Race | Conservative,SATLIFEd_W50,4,"0.297296,0.290409,0.238884,0.173411"
RACExPOLIDEOLOGY,RACExPOLIDEOLOGY :: Mixed Race | Liberal,SATLIFEd_W50,4,"0.275515,0.309770,0.248907,0.165808"
RACExPOLIDEOLOGY,RACExPOLIDEOLOGY :: Mixed Race | Moderate,SATLIFEd_W50,4,"0.245371,0.351477,0.253160,0.149992"
RACExPOLIDEOLOGY,RACExPOLIDEOLOGY :: Refused | Moderate,SATLIFEd_W50,4,"0.250869,0.327195,0.254820,0.167115"
RACExPOLIDEOLOGY,RACExPOLIDEOLOGY :: White | Conservative,SATLIFEd_W50,4,"0.291141,0.302738,0.237622,0.168499"
RACExPOLIDEOLOGY,RACExPOLIDEOLOGY :: White | Liberal,SATLIFEd_W50,4,"0.270958,0.319267,0.246710,0.163065"
RACExPOLIDEOLOGY,RACExPOLIDEOLOGY :: White | Moderate,SATLIFEd_W50,4,"0.247188,0.351324,0.255034,0.146454"
RACExPOLIDEOLOGY,RACExPOLIDEOLOGY :: White | Refused,SATLIFEd_W50,4,"0.232697,0.313128,0.253579,0.200597"
RACExPOLIDEOLOGY,RACExPOLIDEOLOGY :: White | Very conservative,SATLIFEd_W50,4,"0.277020,0.288055,0.236948,0.197977"
RACExPOLIDEOLOGY,RACExPOLIDEOLOGY :: White | Very liberal,SATLIFEd_W50,4,"0.268224,0.290020,0.231224,0.210532"
RACExPOLIDEOLOGY,RACExPOLIDEOLOGY :: Asian | Liberal,SEEK_W45,2,"0.627951,0.372049"
RACExPOLIDEOLOGY,RACExPOLIDEOLOGY :: Asian | Moderate,SEEK_W45,2,"0.629775,0.370225"
RACExPOLIDEOLOGY,RACExPOLIDEOLOGY :: Black | Conservative,SEEK_W45,2,"0.567937,0.432063"
RACExPOLIDEOLOGY,RACExPOLIDEOLOGY :: Black | Liberal,SEEK_W45,2,"0.567937,0.432063"
RACExPOLIDEOLOGY,RACExPOLIDEOLOGY :: Black | Moderate,SEEK_W45,2,"0.577495,0.422505"
RACExPOLIDEOLOGY,RACExPOLIDEOLOGY :: Black | Very liberal,SEEK_W45,2,"0.552540,0.447460"
RACExPOLIDEOLOGY,RACExPOLIDEOLOGY :: Hispanic | Conservative,SEEK_W45,2,"0.583203,0.416797"
RACExPOLIDEOLOGY,RACExPOLIDEOLOGY :: Hispanic | Liberal,SEEK_W45,2,"0.585101,0.414899"
RACExPOLIDEOLOGY,RACExPOLIDEOLOGY :: Hispanic | Moderate,SEEK_W45,2,"0.583203,0.416797"
RACExPOLIDEOLOGY,RACExPOLIDEOLOGY :: Mixed Race | Conservative,SEEK_W45,2,"0.579400,0.420600"
RACExPOLIDEOLOGY,RACExPOLIDEOLOGY :: Mixed Race | Liberal,SEEK_W45,2,"0.575588,0.424412"
RACExPOLIDEOLOGY,RACExPOLIDEOLOGY :: Mixed Race | Moderate,SEEK_W45,2,"0.583203,0.416797"
RACExPOLIDEOLOGY,RACExPOLIDEOLOGY :: Refused | Moderate,SEEK_W45,2,"0.556400,0.443600"
RACExPOLIDEOLOGY,RACExPOLIDEOLOGY :: White | Conservative,SEEK_W45,2,"0.575588,0.424412"
RACExPOLIDEOLOGY,RACExPOLIDEOLOGY :: White | Liberal,SEEK_W45,2,"0.566019,0.433981"
RACExPOLIDEOLOGY,RACExPOLIDEOLOGY :: White | Moderate,SEEK_W45,2,"0.573678,0.426322"
RACExPOLIDEOLOGY,RACExPOLIDEOLOGY :: White | Refused,SEEK_W45,2,"0.542863,0.457137"
RACExPOLIDEOLOGY,RACExPOLIDEOLOGY :: White | Very conservative,SEEK_W45,2,"0.556400,0.443600"
RACExPOLIDEOLOGY,RACExPOLIDEOLOGY :: White | Very liberal,SEEK_W45,2,"0.544801,0.455199"
RACExPOLIDEOLOGY,RACExPOLIDEOLOGY :: Asian | Conservative,SIB_W50,3,"0.331720,0.306791,0.361488"
RACExPOLIDEOLOGY,RACExPOLIDEOLOGY :: Asian | Liberal,SIB_W50,3,"0.297693,0.334705,0.367602"
RACExPOLIDEOLOGY,RACExPOLIDEOLOGY :: Asian | Moderate,SIB_W50,3,"0.291119,0.335076,0.373805"
RACExPOLIDEOLOGY,RACExPOLIDEOLOGY :: Asian | Very liberal,SIB_W50,3,"0.268983,0.342694,0.388323"
RACExPOLIDEOLOGY,RACExPOLIDEOLOGY :: Black | Conservative,SIB_W50,3,"0.272429,0.358102,0.369469"
RACExPOLIDEOLOGY,RACExPOLIDEOLOGY :: Black | Liberal,SIB_W50,3,"0.273950,0.354518,0.371532"
RACExPOLIDEOLOGY,RACExPOLIDEOLOGY :: Black | Moderate,SIB_W50,3,"0.264780,0.367610,0.367610"
RACExPOLIDEOLOGY,RACExPOLIDEOLOGY :: Black | Refused,SIB_W50,3,"0.251039,0.354022,0.394940"
RACExPOLIDEOLOGY,RACExPOLIDEOLOGY :: Black | Very conservative,SIB_W50,3,"0.256487,0.367400,0.376113"
RACExPOLIDEOLOGY,RACExPOLIDEOLOGY :: Black | Very liberal,SIB_W50,3,"0.250515,0.364498,0.384987"
RACExPOLIDEOLOGY,RACExPOLIDEOLOGY :: Hispanic | Conservative,SIB_W50,3,"0.273908,0.351705,0.374388"
RACExPOLIDEOLOGY,RACExPOLIDEOLOGY :: Hispanic | Liberal,SIB_W50,3,"0.270063,0.354991,0.374946"
RACExPOLIDEOLOGY,RACExPOLIDEOLOGY :: Hispanic | Moderate,SIB_W50,3,"0.265206,0.345894,0.388899"
RACExPOLIDEOLOGY,RACExPOLIDEOLOGY :: Hispanic | Very liberal,SIB_W50,3,"0.249710,0.360498,0.389792"
RACExPOLIDEOLOGY,RACExPOLIDEOLOGY :: Mixed Race | Conservative,SIB_W50,3,"0.273950,0.354518,0.371532"
RACExPOLIDEOLOGY,RACExPOLIDEOLOGY :: Mixed Race | Liberal,SIB_W50,3,"0.264774,0.364741,0.370485"
RACExPOLIDEOLOGY,RACExPOLIDEOLOGY :: Mixed Race | Moderate,SIB_W50,3,"0.256487,0.367400,0.376113"
RACExPOLIDEOLOGY,RACExPOLIDEOLOGY :: Refused | Moderate,SIB_W50,3,"0.270063,0.354991,0.374946"
RACExPOLIDEOLOGY,RACExPOLIDEOLOGY :: White | Conservative,SIB_W50,3,"0.275792,0.335278,0.388929"
RACExPOLIDEOLOGY,RACExPOLIDEOLOGY :: White | Liberal,SIB_W50,3,"0.270691,0.347574,0.381735"
RACExPOLIDEOLOGY,RACExPOLIDEOLOGY :: White | Moderate,SIB_W50,3,"0.261372,0.346262,0.392366"
RACExPOLIDEOLOGY,RACExPOLIDEOLOGY :: White | Refused,SIB_W50,3,"0.246129,0.318514,0.435357"
RACExPOLIDEOLOGY,RACExPOLIDEOLOGY :: White | Very conservative,SIB_W50,3,"0.256263,0.334230,0.409507"
RACExPOLIDEOLOGY,RACExPOLIDEOLOGY :: White | Very liberal,SIB_W50,3,"0.251501,0.330592,0.417907"
RACExPOLIDEOLOGY,RACExPOLIDEOLOGY :: Asian | Liberal,SMLIKESa_W45,3,"0.827628,0.112886,0.059487"
RACExPOLIDEOLOGY,RACExPOLIDEOLOGY :: Asian | Moderate,SMLIKESa_W45,3,"0.824317,0.100785,0.074897"
RACExPOLIDEOLOGY,RACExPOLIDEOLOGY :: Black | Conservative,SMLIKESa_W45,3,"0.716782,0.189928,0.093290"
RACExPOLIDEOLOGY,RACExPOLIDEOLOGY :: Black | Liberal,SMLIKESa_W45,3,"0.754010,0.169562,0.076428"
RACExPOLIDEOLOGY,RACExPOLIDEOLOGY :: Black | Moderate,SMLIKESa_W45,3,"0.759487,0.151907,0.088606"
RACExPOLIDEOLOGY,RACExPOLIDEOLOGY :: Black | Very liberal,SMLIKESa_W45,3,"0.753262,0.164182,0.082556"
RACExPOLIDEOLOGY,RACExPOLIDEOLOGY :: Hispanic | Conservative,SMLIKESa_W45,3,"0.712264,0.175917,0.111819"
RACExPOLIDEOLOGY,RACExPOLIDEOLOGY :: Hispanic | Liberal,SMLIKESa_W45,3,"0.751199,0.156235,0.092566"
RACExPOLIDEOLOGY,RACExPOLIDEOLOGY :: Hispanic | Moderate,SMLIKESa_W45,3,"0.774886,0.132567,0.092547"
RACExPOLIDEOLOGY,RACExPOLIDEOLOGY :: Mixed Race | Conservative,SMLIKESa_W45,3,"0.718300,0.177408,0.104293"
RACExPOLIDEOLOGY,RACExPOLIDEOLOGY :: Mixed Race | Liberal,SMLIKESa_W45,3,"0.740283,0.167781,0.091936"
RACExPOLIDEOLOGY,RACExPOLIDEOLOGY :: Mixed Race | Moderate,SMLIKESa_W45,3,"0.770251,0.139182,0.090567"
RACExPOLIDEOLOGY,RACExPOLIDEOLOGY :: Refused | Moderate,SMLIKESa_W45,3,"0.610478,0.215979,0.173544"
RACExPOLIDEOLOGY,RACExPOLIDEOLOGY :: White | Conservative,SMLIKESa_W45,3,"0.701591,0.193309,0.105100"
RACExPOLIDEOLOGY,RACExPOLIDEOLOGY :: White | Liberal,SMLIKESa_W45,3,"0.716770,0.186981,0.096249"
RACExPOLIDEOLOGY,RACExPOLIDEOLOGY :: White | Moderate,SMLIKESa_W45,3,"0.726104,0.168470,0.105426"
RACExPOLIDEOLOGY,RACExPOLIDEOLOGY :: White | Refused,SMLIKESa_W45,3,"0.685207,0.194787,0.120005"
RACExPOLIDEOLOGY,RACExPOLIDEOLOGY :: White | Very conservative,SMLIKESa_W45,3,"0.712680,0.183031,0.104288"
RACExPOLIDEOLOGY,RACExPOLIDEOLOGY :: White | Very liberal,SMLIKESa_W45,3,"0.693994,0.192715,0.113291"
RACExPOLIDEOLOGY,RACExPOLIDEOLOGY :: Asian | Liberal,SMLIKESc_W45,3,"0.746966,0.156573,0.096462"
RACExPOLIDEOLOGY,RACExPOLIDEOLOGY :: Asian | Moderate,SMLIKESc_W45,3,"0.731460,0.146301,0.122239"
RACExPOLIDEOLOGY,RACExPOLIDEOLOGY :: Black | Conservative,SMLIKESc_W45,3,"0.643436,0.220635,0.135929"
RACExPOLIDEOLOGY,RACExPOLIDEOLOGY :: Black | Liberal,SMLIKESc_W45,3,"0.671231,0.211212,0.117557"
RACExPOLIDEOLOGY,RACExPOLIDEOLOGY :: Black | Moderate,SMLIKESc_W45,3,"0.662905,0.195954,0.141141"
RACExPOLIDEOLOGY,RACExPOLIDEOLOGY :: Black | Very liberal,SMLIKESc_W45,3,"0.660961,0.204756,0.134282"
RACExPOLIDEOLOGY,RACExPOLIDEOLOGY :: Hispanic | Conservative,SMLIKESc_W45,3,"0.628228,0.210430,0.161342"
RACExPOLIDEOLOGY,RACExPOLIDEOLOGY :: Hispanic | Liberal,SMLIKESc_W45,3,"0.657355,0.200482,0.142163"
RACExPOLIDEOLOGY,RACExPOLIDEOLOGY :: Hispanic | Moderate,SMLIKESc_W45,3,"0.671842,0.179417,0.148742"
RACExPOLIDEOLOGY,RACExPOLIDEOLOGY :: Mixed Race | Conservative,SMLIKESc_W45,3,"0.635480,0.211203,0.153317"
RACExPOLIDEOLOGY,RACExPOLIDEOLOGY :: Mixed Race | Liberal,SMLIKESc_W45,3,"0.648964,0.210688,0.140348"
RACExPOLIDEOLOGY,RACExPOLIDEOLOGY :: Mixed Race | Moderate,SMLIKESc_W45,3,"0.661645,0.189564,0.148791"
RACExPOLIDEOLOGY,RACExPOLIDEOLOGY :: Refused | Moderate,SMLIKESc_W45,3,"0.515137,0.247166,0.237697"
RACExPOLIDEOLOGY,RACExPOLIDEOLOGY :: White | Conservative,SMLIKESc_W45,3,"0.611029,0.228325,0.160647"
RACExPOLIDEOLOGY,RACExPOLIDEOLOGY :: White | Liberal,SMLIKESc_W45,3,"0.616651,0.232233,0.151117"
RACExPOLIDEOLOGY,RACExPOLIDEOLOGY :: White | Moderate,SMLIKESc_W45,3,"0.609228,0.218931,0.171841"
RACExPOLIDEOLOGY,RACExPOLIDEOLOGY :: White | Refused,SMLIKESc_W45,3,"0.574178,0.231989,0.193834"
RACExPOLIDEOLOGY,RACExPOLIDEOLOGY :: White | Very conservative,SMLIKESc_W45,3,"0.610611,0.221149,0.168241"
RACExPOLIDEOLOGY,RACExPOLIDEOLOGY :: White | Very liberal,SMLIKESc_W45,3,"0.583963,0.232285,0.183752"
RACExPOLIDEOLOGY,RACExPOLIDEOLOGY :: Asian | Liberal,SMLIKESf_W45,3,"0.722036,0.183991,0.093973"
RACExPOLIDEOLOGY,RACExPOLIDEOLOGY :: Asian | Moderate,SMLIKESf_W45,3,"0.707791,0.177565,0.114644"
RACExPOLIDEOLOGY,RACExPOLIDEOLOGY :: Black | Conservative,SMLIKESf_W45,3,"0.621404,0.245254,0.133342"
RACExPOLIDEOLOGY,RACExPOLIDEOLOGY :: Black | Liberal,SMLIKESf_W45,3,"0.651001,0.237626,0.111373"
RACExPOLIDEOLOGY,RACExPOLIDEOLOGY :: Black | Moderate,SMLIKESf_W45,3,"0.645374,0.226548,0.128078"
RACExPOLIDEOLOGY,RACExPOLIDEOLOGY :: Black | Very liberal,SMLIKESf_W45,3,"0.659677,0.219245,0.121078"
RACExPOLIDEOLOGY,RACExPOLIDEOLOGY :: Hispanic | Conservative,SMLIKESf_W45,3,"0.606130,0.242993,0.150878"
RACExPOLIDEOLOGY,RACExPOLIDEOLOGY :: Hispanic | Liberal,SMLIKESf_W45,3,"0.640766,0.232070,0.127164"
RACExPOLIDEOLOGY,RACExPOLIDEOLOGY :: Hispanic | Moderate,SMLIKESf_W45,3,"0.656781,0.214898,0.128321"
RACExPOLIDEOLOGY,RACExPOLIDEOLOGY :: Mixed Race | Conservative,SMLIKESf_W45,3,"0.613991,0.236715,0.149294"
RACExPOLIDEOLOGY,RACExPOLIDEOLOGY :: Mixed Race | Liberal,SMLIKESf_W45,3,"0.632103,0.234362,0.133535"
RACExPOLIDEOLOGY,RACExPOLIDEOLOGY :: Mixed Race | Moderate,SMLIKESf_W45,3,"0.644795,0.221101,0.134105"
RACExPOLIDEOLOGY,RACExPOLIDEOLOGY :: Refused | Moderate,SMLIKESf_W45,3,"0.524200,0.265652,0.210148"
RACExPOLIDEOLOGY,RACExPOLIDEOLOGY :: White | Conservative,SMLIKESf_W45,3,"0.592553,0.252871,0.154577"
RACExPOLIDEOLOGY,RACExPOLIDEOLOGY :: White | Liberal,SMLIKESf_W45,3,"0.606472,0.252815,0.140713"
RACExPOLIDEOLOGY,RACExPOLIDEOLOGY :: White | Moderate,SMLIKESf_W45,3,"0.606130,0.242993,0.150878"
RACExPOLIDEOLOGY,RACExPOLIDEOLOGY :: White | Refused,SMLIKESf_W45,3,"0.573755,0.252621,0.173624"
RACExPOLIDEOLOGY,RACExPOLIDEOLOGY :: White | Very conservative,SMLIKESf_W45,3,"0.614802,0.233353,0.151845"
RACExPOLIDEOLOGY,RACExPOLIDEOLOGY :: White | Very liberal,SMLIKESf_W45,3,"0.600264,0.236910,0.162826"
RACExPOLIDEOLOGY,RACExPOLIDEOLOGY :: Asian | Conservative,SNGLPYER_W92,2,"0.396068,0.603932"
RACExPOLIDEOLOGY,RACExPOLIDEOLOGY :: Asian | Liberal,SNGLPYER_W92,2,"0.439747,0.560253"
RACExPOLIDEOLOGY,RACExPOLIDEOLOGY :: Asian | Moderate,SNGLPYER_W92,2,"0.181263,0.818737"
RACExPOLIDEOLOGY,RACExPOLIDEOLOGY :: Black | Conservative,SNGLPYER_W92,2,"0.392337,0.607663"
RACExPOLIDEOLOGY,RACExPOLIDEOLOGY :: Black | Liberal,SNGLPYER_W92,2,"0.346873,0.653127"
RACExPOLIDEOLOGY,RACExPOLIDEOLOGY :: Black | Moderate,SNGLPYER_W92,2,"0.180107,0.819893"
RACExPOLIDEOLOGY,RACExPOLIDEOLOGY :: Black | Very conservative,SNGLPYER_W92,2,"0.494141,0.505859"
RACExPOLIDEOLOGY,RACExPOLIDEOLOGY :: Black | Very liberal,SNGLPYER_W92,2,"0.523420,0.476580"
RACExPOLIDEOLOGY,RACExPOLIDEOLOGY :: Hispanic | Conservative,SNGLPYER_W92,2,"0.409221,0.590779"
RACExPOLIDEOLOGY,RACExPOLIDEOLOGY :: Hispanic | Liberal,SNGLPYER_W92,2,"0.428233,0.571767"
RACExPOLIDEOLOGY,RACExPOLIDEOLOGY :: Hispanic | Moderate,SNGLPYER_W92,2,"0.183594,0.816406"
RACExPOLIDEOLOGY,RACExPOLIDEOLOGY :: Hispanic | Very conservative,SNGLPYER_W92,2,"0.494141,0.505859"
RACExPOLIDEOLOGY,RACExPOLIDEOLOGY :: Hispanic | Very liberal,SNGLPYER_W92,2,"0.531209,0.468791"
RACExPOLIDEOLOGY,RACExPOLIDEOLOGY :: Mixed Race | Conservative,SNGLPYER_W92,2,"0.381220,0.618780"
RACExPOLIDEOLOGY,RACExPOLIDEOLOGY :: Mixed Race | Liberal,SNGLPYER_W92,2,"0.409221,0.590779"
RACExPOLIDEOLOGY,RACExPOLIDEOLOGY :: Mixed Race | Moderate,SNGLPYER_W92,2,"0.167763,0.832237"
RACExPOLIDEOLOGY,RACExPOLIDEOLOGY :: Refused | Conservative,SNGLPYER_W92,2,"0.418697,0.581303"
RACExPOLIDEOLOGY,RACExPOLIDEOLOGY :: Refused | Moderate,SNGLPYER_W92,2,"0.256832,0.743168"
RACExPOLIDEOLOGY,RACExPOLIDEOLOGY :: White | Conservative,SNGLPYER_W92,2,"0.329392,0.670608"
RACExPOLIDEOLOGY,RACExPOLIDEOLOGY :: White | Liberal,SNGLPYER_W92,2,"0.366590,0.633410"
RACExPOLIDEOLOGY,RACExPOLIDEOLOGY :: White | Moderate,SNGLPYER_W92,2,"0.162380,0.837620"
RACExPOLIDEOLOGY,RACExPOLIDEOLOGY :: White | Refused,SNGLPYER_W92,2,"0.275130,0.724870"
RACExPOLIDEOLOGY,RACExPOLIDEOLOGY :: White | Very conservative,SNGLPYER_W92,2,"0.401688,0.598312"
RACExPOLIDEOLOGY,RACExPOLIDEOLOGY :: White | Very liberal,SNGLPYER_W92,2,"0.409221,0.590779"
RACExPOLIDEOLOGY,RACExPOLIDEOLOGY :: Asian | Conservative,SOCIETY_SSM_W92,5,"0.251911,0.193147,0.264001,0.169125,0.121816"
RACExPOLIDEOLOGY,RACExPOLIDEOLOGY :: Asian | Liberal,SOCIETY_SSM_W92,5,"0.209680,0.221466,0.312317,0.162028,0.094510"
RACExPOLIDEOLOGY,RACExPOLIDEOLOGY :: Asian | Moderate,SOCIETY_SSM_W92,5,"0.149181,0.191552,0.435054,0.148020,0.076194"
RACExPOLIDEOLOGY,RACExPOLIDEOLOGY :: Black | Conservative,SOCIETY_SSM_W92,5,"0.193221,0.197803,0.318567,0.175930,0.114480"
RACExPOLIDEOLOGY,RACExPOLIDEOLOGY :: Black | Liberal,SOCIETY_SSM_W92,5,"0.197547,0.245851,0.296553,0.163772,0.096277"
RACExPOLIDEOLOGY,RACExPOLIDEOLOGY :: Black | Moderate,SOCIETY_SSM_W92,5,"0.140049,0.216913,0.424695,0.147922,0.070421"
RACExPOLIDEOLOGY,RACExPOLIDEOLOGY :: Black | Very conservative,SOCIETY_SSM_W92,5,"0.201978,0.176857,0.282617,0.182471,0.156076"
RACExPOLIDEOLOGY,RACExPOLIDEOLOGY :: Black | Very liberal,SOCIETY_SSM_W92,5,"0.221476,0.196985,0.254917,0.162035,0.164587"
RACExPOLIDEOLOGY,RACExPOLIDEOLOGY :: Hispanic | Conservative,SOCIETY_SSM_W92,5,"0.187727,0.187727,0.332055,0.177736,0.114755"
RACExPOLIDEOLOGY,RACExPOLIDEOLOGY :: Hispanic | Liberal,SOCIETY_SSM_W92,5,"0.183177,0.226194,0.329110,0.169411,0.092107"
RACExPOLIDEOLOGY,RACExPOLIDEOLOGY :: Hispanic | Moderate,SOCIETY_SSM_W92,5,"0.129762,0.190284,0.460048,0.149356,0.070551"
RACExPOLIDEOLOGY,RACExPOLIDEOLOGY :: Hispanic | Very conservative,SOCIETY_SSM_W92,5,"0.198177,0.169510,0.281667,0.187630,0.163016"
RACExPOLIDEOLOGY,RACExPOLIDEOLOGY :: Hispanic | Very liberal,SOCIETY_SSM_W92,5,"0.214525,0.189317,0.256752,0.169703,0.169703"
RACExPOLIDEOLOGY,RACExPOLIDEOLOGY :: Mixed Race | Conservative,SOCIETY_SSM_W92,5,"0.202864,0.196622,0.297480,0.179026,0.124008"
RACExPOLIDEOLOGY,RACExPOLIDEOLOGY :: Mixed Race | Liberal,SOCIETY_SSM_W92,5,"0.195205,0.228218,0.297652,0.173619,0.105305"
RACExPOLIDEOLOGY,RACExPOLIDEOLOGY :: Mixed Race | Moderate,SOCIETY_SSM_W92,5,"0.138681,0.203363,0.420546,0.157147,0.080263"
RACExPOLIDEOLOGY,RACExPOLIDEOLOGY :: Refused | Conservative,SOCIETY_SSM_W92,5,"0.209052,0.201044,0.281311,0.174670,0.133924"
RACExPOLIDEOLOGY,RACExPOLIDEOLOGY :: Refused | Moderate,SOCIETY_SSM_W92,5,"0.160704,0.211241,0.367855,0.161964,0.098236"
RACExPOLIDEOLOGY,RACExPOLIDEOLOGY :: White | Conservative,SOCIETY_SSM_W92,5,"0.203761,0.191416,0.294163,0.177031,0.133630"
RACExPOLIDEOLOGY,RACExPOLIDEOLOGY :: White | Liberal,SOCIETY_SSM_W92,5,"0.201063,0.222556,0.290268,0.173327,0.112786"
RACExPOLIDEOLOGY,RACExPOLIDEOLOGY :: White | Moderate,SOCIETY_SSM_W92,5,"0.149562,0.201258,0.406553,0.156740,0.085886"
RACExPOLIDEOLOGY,RACExPOLIDEOLOGY :: White | Refused,SOCIETY_SSM_W92,5,"0.167255,0.194019,0.330037,0.191011,0.117678"
RACExPOLIDEOLOGY,RACExPOLIDEOLOGY :: White | Very conservative,SOCIETY_SSM_W92,5,"0.228065,0.169484,0.221049,0.183256,0.198147"
RACExPOLIDEOLOGY,RACExPOLIDEOLOGY :: White | Very liberal,SOCIETY_SSM_W92,5,"0.229421,0.187248,0.212179,0.171828,0.199324"
RACExPOLIDEOLOGY,RACExPOLIDEOLOGY :: Asian | Liberal,SOCTRUST4_W32,4,"0.427136,0.324948,0.194035,0.053882"
RACExPOLIDEOLOGY,RACExPOLIDEOLOGY :: Asian | Moderate,SOCTRUST4_W32,4,"0.361603,0.416202,0.192046,0.030150"
RACExPOLIDEOLOGY,RACExPOLIDEOLOGY :: Black | Conservative,SOCTRUST4_W32,4,"0.380959,0.325852,0.220482,0.072707"
RACExPOLIDEOLOGY,RACExPOLIDEOLOGY :: Black | Liberal,SOCTRUST4_W32,4,"0.353624,0.367710,0.219570,0.059096"
RACExPOLIDEOLOGY,RACExPOLIDEOLOGY :: Black | Moderate,SOCTRUST4_W32,4,"0.282276,0.469044,0.213073,0.035608"
RACExPOLIDEOLOGY,RACExPOLIDEOLOGY :: Black | Very conservative,SOCTRUST4_W32,4,"0.416534,0.266842,0.222954,0.093670"
RACExPOLIDEOLOGY,RACExPOLIDEOLOGY :: Black | Very liberal,SOCTRUST4_W32,4,"0.388979,0.271551,0.219909,0.119562"
RACExPOLIDEOLOGY,RACExPOLIDEOLOGY :: Hispanic | Conservative,SOCTRUST4_W32,4,"0.378192,0.326022,0.225829,0.069958"
RACExPOLIDEOLOGY,RACExPOLIDEOLOGY :: Hispanic | Liberal,SOCTRUST4_W32,4,"0.343851,0.380608,0.220279,0.055262"
RACExPOLIDEOLOGY,RACExPOLIDEOLOGY :: Hispanic | Moderate,SOCTRUST4_W32,4,"0.286612,0.472544,0.211335,0.029509"
RACExPOLIDEOLOGY,RACExPOLIDEOLOGY :: Hispanic | Very liberal,SOCTRUST4_W32,4,"0.385321,0.264827,0.224756,0.125096"
RACExPOLIDEOLOGY,RACExPOLIDEOLOGY :: Mixed Race | Moderate,SOCTRUST4_W32,4,"0.304080,0.442433,0.208991,0.044497"
RACExPOLIDEOLOGY,RACExPOLIDEOLOGY :: Other | Conservative,SOCTRUST4_W32,4,"0.395220,0.303026,0.218261,0.083492"
RACExPOLIDEOLOGY,RACExPOLIDEOLOGY :: Other | Moderate,SOCTRUST4_W32,4,"0.306861,0.426035,0.219304,0.047800"
RACExPOLIDEOLOGY,RACExPOLIDEOLOGY :: White | Conservative,SOCTRUST4_W32,4,"0.395229,0.310219,0.214882,0.079671"
RACExPOLIDEOLOGY,RACExPOLIDEOLOGY :: White | Liberal,SOCTRUST4_W32,4,"0.361478,0.350356,0.217541,0.070625"
RACExPOLIDEOLOGY,RACExPOLIDEOLOGY :: White | Moderate,SOCTRUST4_W32,4,"0.321466,0.425873,0.210822,0.041839"
RACExPOLIDEOLOGY,RACExPOLIDEOLOGY :: White | Refused,SOCTRUST4_W32,4,"0.326473,0.311523,0.235150,0.126854"
RACExPOLIDEOLOGY,RACExPOLIDEOLOGY :: White | Very conservative,SOCTRUST4_W32,4,"0.424525,0.238137,0.218527,0.118811"
RACExPOLIDEOLOGY,RACExPOLIDEOLOGY :: White | Very liberal,SOCTRUST4_W32,4,"0.388587,0.247001,0.214598,0.149814"
RACExPOLIDEOLOGY,RACExPOLIDEOLOGY :: Asian | Liberal,SOURCESKEPd_W45,4,"0.369281,0.247923,0.270172,0.112624"
RACExPOLIDEOLOGY,RACExPOLIDEOLOGY :: Asian | Moderate,SOURCESKEPd_W45,4,"0.366391,0.257789,0.278736,0.097084"
RACExPOLIDEOLOGY,RACExPOLIDEOLOGY :: Black | Conservative,SOURCESKEPd_W45,4,"0.326128,0.270370,0.276782,0.126720"
RACExPOLIDEOLOGY,RACExPOLIDEOLOGY :: Black | Liberal,SOURCESKEPd_W45,4,"0.323268,0.289776,0.278675,0.108281"
RACExPOLIDEOLOGY,RACExPOLIDEOLOGY :: Black | Moderate,SOURCESKEPd_W45,4,"0.318109,0.301180,0.282932,0.097779"
RACExPOLIDEOLOGY,RACExPOLIDEOLOGY :: Black | Very liberal,SOURCESKEPd_W45,4,"0.320659,0.249729,0.265835,0.163776"
RACExPOLIDEOLOGY,RACExPOLIDEOLOGY :: Hispanic | Conservative,SOURCESKEPd_W45,4,"0.318881,0.266435,0.285843,0.128840"
RACExPOLIDEOLOGY,RACExPOLIDEOLOGY :: Hispanic | Liberal,SOURCESKEPd_W45,4,"0.317792,0.282650,0.282650,0.116909"
RACExPOLIDEOLOGY,RACExPOLIDEOLOGY :: Hispanic | Moderate,SOURCESKEPd_W45,4,"0.315974,0.296830,0.294520,0.092675"
RACExPOLIDEOLOGY,RACExPOLIDEOLOGY :: Mixed Race | Conservative,SOURCESKEPd_W45,4,"0.322286,0.250996,0.275666,0.151052"
RACExPOLIDEOLOGY,RACExPOLIDEOLOGY :: Mixed Race | Liberal,SOURCESKEPd_W45,4,"0.314268,0.268808,0.273041,0.143883"
RACExPOLIDEOLOGY,RACExPOLIDEOLOGY :: Mixed Race | Moderate,SOURCESKEPd_W45,4,"0.312257,0.284313,0.282100,0.121330"
RACExPOLIDEOLOGY,RACExPOLIDEOLOGY :: Refused | Moderate,SOURCESKEPd_W45,4,"0.293148,0.279724,0.279724,0.147404"
RACExPOLIDEOLOGY,RACExPOLIDEOLOGY :: White | Conservative,SOURCESKEPd_W45,4,"0.335442,0.255191,0.269535,0.139833"
RACExPOLIDEOLOGY,RACExPOLIDEOLOGY :: White | Liberal,SOURCESKEPd_W45,4,"0.331061,0.270204,0.266015,0.132720"
RACExPOLIDEOLOGY,RACExPOLIDEOLOGY :: White | Moderate,SOURCESKEPd_W45,4,"0.330286,0.278129,0.273817,0.117767"
RACExPOLIDEOLOGY,RACExPOLIDEOLOGY :: White | Refused,SOURCESKEPd_W45,4,"0.309383,0.244742,0.262570,0.183304"
RACExPOLIDEOLOGY,RACExPOLIDEOLOGY :: White | Very conservative,SOURCESKEPd_W45,4,"0.349047,0.230706,0.255368,0.164878"
RACExPOLIDEOLOGY,RACExPOLIDEOLOGY :: White | Very liberal,SOURCESKEPd_W45,4,"0.329354,0.229926,0.248609,0.192110"
RACExPOLIDEOLOGY,RACExPOLIDEOLOGY :: Asian | Liberal,SOURCESKEPe_W45,4,"0.234605,0.215285,0.349442,0.200668"
RACExPOLIDEOLOGY,RACExPOLIDEOLOGY :: Asian | Moderate,SOURCESKEPe_W45,4,"0.234355,0.227145,0.362976,0.175524"
RACExPOLIDEOLOGY,RACExPOLIDEOLOGY :: Black | Conservative,SOURCESKEPe_W45,4,"0.226925,0.234128,0.343326,0.195621"
RACExPOLIDEOLOGY,RACExPOLIDEOLOGY :: Black | Liberal,SOURCESKEPe_W45,4,"0.231340,0.256070,0.336597,0.175994"
RACExPOLIDEOLOGY,RACExPOLIDEOLOGY :: Black | Moderate,SOURCESKEPe_W45,4,"0.220644,0.264076,0.352588,0.162693"
RACExPOLIDEOLOGY,RACExPOLIDEOLOGY :: Black | Very liberal,SOURCESKEPe_W45,4,"0.223098,0.206332,0.309741,0.260828"
RACExPOLIDEOLOGY,RACExPOLIDEOLOGY :: Hispanic | Conservative,SOURCESKEPe_W45,4,"0.221170,0.224653,0.358995,0.195182"
RACExPOLIDEOLOGY,RACExPOLIDEOLOGY :: Hispanic | Liberal,SOURCESKEPe_W45,4,"0.211653,0.234278,0.362857,0.191212"
RACExPOLIDEOLOGY,RACExPOLIDEOLOGY :: Hispanic | Moderate,SOURCESKEPe_W45,4,"0.216513,0.251159,0.379992,0.152336"
RACExPOLIDEOLOGY,RACExPOLIDEOLOGY :: Mixed Race | Conservative,SOURCESKEPe_W45,4,"0.233115,0.220709,0.333922,0.212254"
RACExPOLIDEOLOGY,RACExPOLIDEOLOGY :: Mixed Race | Liberal,SOURCESKEPe_W45,4,"0.220896,0.231497,0.336826,0.210781"
RACExPOLIDEOLOGY,RACExPOLIDEOLOGY :: Mixed Race | Moderate,SOURCESKEPe_W45,4,"0.221992,0.247650,0.351982,0.178376"
RACExPOLIDEOLOGY,RACExPOLIDEOLOGY :: Refused | Moderate,SOURCESKEPe_W45,4,"0.239792,0.253271,0.312748,0.194189"
RACExPOLIDEOLOGY,RACExPOLIDEOLOGY :: White | Conservative,SOURCESKEPe_W45,4,"0.245515,0.228846,0.325255,0.200384"
RACExPOLIDEOLOGY,RACExPOLIDEOLOGY :: White | Liberal,SOURCESKEPe_W45,4,"0.242465,0.242465,0.318715,0.196354"
RACExPOLIDEOLOGY,RACExPOLIDEOLOGY :: White | Moderate,SOURCESKEPe_W45,4,"0.243294,0.252985,0.332543,0.171178"
RACExPOLIDEOLOGY,RACExPOLIDEOLOGY :: White | Refused,SOURCESKEPe_W45,4,"0.250480,0.224529,0.295138,0.229853"
RACExPOLIDEOLOGY,RACExPOLIDEOLOGY :: White | Very conservative,SOURCESKEPe_W45,4,"0.263047,0.211364,0.293450,0.232138"
RACExPOLIDEOLOGY,RACExPOLIDEOLOGY :: White | Very liberal,SOURCESKEPe_W45,4,"0.259738,0.210342,0.272203,0.257717"
RACExPOLIDEOLOGY,RACExPOLIDEOLOGY :: Asian | Liberal,SUBURBNEAR_W32,3,"0.352633,0.316098,0.331268"
RACExPOLIDEOLOGY,RACExPOLIDEOLOGY :: Asian | Moderate,SUBURBNEAR_W32,3,"0.337549,0.319585,0.342865"
RACExPOLIDEOLOGY,RACExPOLIDEOLOGY :: Black | Conservative,SUBURBNEAR_W32,3,"0.339422,0.334160,0.326419"
RACExPOLIDEOLOGY,RACExPOLIDEOLOGY :: Black | Liberal,SUBURBNEAR_W32,3,"0.322144,0.340252,0.337604"
RACExPOLIDEOLOGY,RACExPOLIDEOLOGY :: Black | Moderate,SUBURBNEAR_W32,3,"0.307819,0.346090,0.346090"
RACExPOLIDEOLOGY,RACExPOLIDEOLOGY :: Black | Very conservative,SUBURBNEAR_W32,3,"0.331539,0.326399,0.342063"
RACExPOLIDEOLOGY,RACExPOLIDEOLOGY :: Black | Very liberal,SUBURBNEAR_W32,3,"0.331491,0.323812,0.344696"
RACExPOLIDEOLOGY,RACExPOLIDEOLOGY :: Hispanic | Conservative,SUBURBNEAR_W32,3,"0.335065,0.329870,0.335065"
RACExPOLIDEOLOGY,RACExPOLIDEOLOGY :: Hispanic | Liberal,SUBURBNEAR_W32,3,"0.312809,0.338227,0.348964"
RACExPOLIDEOLOGY,RACExPOLIDEOLOGY :: Hispanic | Moderate,SUBURBNEAR_W32,3,"0.306099,0.338820,0.355081"
RACExPOLIDEOLOGY,RACExPOLIDEOLOGY :: Hispanic | Very liberal,SUBURBNEAR_W32,3,"0.327977,0.322893,0.349130"
RACExPOLIDEOLOGY,RACExPOLIDEOLOGY :: Mixed Race | Moderate,SUBURBNEAR_W32,3,"0.312829,0.340901,0.346270"
RACExPOLIDEOLOGY,RACExPOLIDEOLOGY :: Other | Conservative,SUBURBNEAR_W32,3,"0.359856,0.317572,0.322573"
RACExPOLIDEOLOGY,RACExPOLIDEOLOGY :: Other | Moderate,SUBURBNEAR_W32,3,"0.317048,0.340142,0.342810"
RACExPOLIDEOLOGY,RACExPOLIDEOLOGY :: White | Conservative,SUBURBNEAR_W32,3,"0.343803,0.322973,0.333225"
RACExPOLIDEOLOGY,RACExPOLIDEOLOGY :: White | Liberal,SUBURBNEAR_W32,3,"0.319532,0.332261,0.348207"
RACExPOLIDEOLOGY,RACExPOLIDEOLOGY :: White | Moderate,SUBURBNEAR_W32,3,"0.309428,0.337195,0.353377"
RACExPOLIDEOLOGY,RACExPOLIDEOLOGY :: White | Refused,SUBURBNEAR_W32,3,"0.319962,0.317473,0.362565"
RACExPOLIDEOLOGY,RACExPOLIDEOLOGY :: White | Very conservative,SUBURBNEAR_W32,3,"0.345154,0.306986,0.347861"
RACExPOLIDEOLOGY,RACExPOLIDEOLOGY :: White | Very liberal,SUBURBNEAR_W32,3,"0.343273,0.305313,0.351414"
RACExPOLIDEOLOGY,RACExPOLIDEOLOGY :: Asian | Liberal,SUCCESSIMPA_W32,3,"0.783962,0.125994,0.090044"
RACExPOLIDEOLOGY,RACExPOLIDEOLOGY :: Asian | Moderate,SUCCESSIMPA_W32,3,"0.764674,0.142560,0.092766"
RACExPOLIDEOLOGY,RACExPOLIDEOLOGY :: Black | Conservative,SUCCESSIMPA_W32,3,"0.700289,0.182681,0.117030"
RACExPOLIDEOLOGY,RACExPOLIDEOLOGY :: Black | Liberal,SUCCESSIMPA_W32,3,"0.720281,0.175139,0.104580"
RACExPOLIDEOLOGY,RACExPOLIDEOLOGY :: Black | Moderate,SUCCESSIMPA_W32,3,"0.718029,0.180133,0.101838"
RACExPOLIDEOLOGY,RACExPOLIDEOLOGY :: Black | Very conservative,SUCCESSIMPA_W32,3,"0.749674,0.139763,0.110562"
RACExPOLIDEOLOGY,RACExPOLIDEOLOGY :: Black | Very liberal,SUCCESSIMPA_W32,3,"0.723935,0.154135,0.121931"
RACExPOLIDEOLOGY,RACExPOLIDEOLOGY :: Hispanic | Conservative,SUCCESSIMPA_W32,3,"0.693692,0.180960,0.125348"
RACExPOLIDEOLOGY,RACExPOLIDEOLOGY :: Hispanic | Liberal,SUCCESSIMPA_W32,3,"0.743546,0.153439,0.103014"
RACExPOLIDEOLOGY,RACExPOLIDEOLOGY :: Hispanic | Moderate,SUCCESSIMPA_W32,3,"0.732698,0.167364,0.099938"
RACExPOLIDEOLOGY,RACExPOLIDEOLOGY :: Hispanic | Very liberal,SUCCESSIMPA_W32,3,"0.696979,0.166845,0.136175"
RACExPOLIDEOLOGY,RACExPOLIDEOLOGY :: Mixed Race | Moderate,SUCCESSIMPA_W32,3,"0.723178,0.175843,0.100978"
RACExPOLIDEOLOGY,RACExPOLIDEOLOGY :: Other | Conservative,SUCCESSIMPA_W32,3,"0.685629,0.184535,0.129836"
RACExPOLIDEOLOGY,RACExPOLIDEOLOGY :: Other | Moderate,SUCCESSIMPA_W32,3,"0.691714,0.193589,0.114697"
RACExPOLIDEOLOGY,RACExPOLIDEOLOGY :: White | Conservative,SUCCESSIMPA_W32,3,"0.681989,0.190867,0.127145"
RACExPOLIDEOLOGY,RACExPOLIDEOLOGY :: White | Liberal,SUCCESSIMPA_W32,3,"0.711901,0.177206,0.110893"
RACExPOLIDEOLOGY,RACExPOLIDEOLOGY :: White | Moderate,SUCCESSIMPA_W32,3,"0.698390,0.196990,0.104621"
RACExPOLIDEOLOGY,RACExPOLIDEOLOGY :: White | Refused,SUCCESSIMPA_W32,3,"0.617688,0.234448,0.147864"
RACExPOLIDEOLOGY,RACExPOLIDEOLOGY :: White | Very conservative,SUCCESSIMPA_W32,3,"0.697140,0.165585,0.137275"
RACExPOLIDEOLOGY,RACExPOLIDEOLOGY :: White | Very liberal,SUCCESSIMPA_W32,3,"0.657561,0.189872,0.152567"
RACExPOLIDEOLOGY,RACExPOLIDEOLOGY :: Asian | Conservative,UNIMMIGCOMM_W92,4,"0.285188,0.156270,0.298875,0.259667"
RACExPOLIDEOLOGY,RACExPOLIDEOLOGY :: Asian | Liberal,UNIMMIGCOMM_W92,4,"0.227653,0.169177,0.339088,0.264082"
RACExPOLIDEOLOGY,RACExPOLIDEOLOGY :: Asian | Moderate,UNIMMIGCOMM_W92,4,"0.230303,0.206442,0.376750,0.186505"
RACExPOLIDEOLOGY,RACExPOLIDEOLOGY :: Black | Conservative,UNIMMIGCOMM_W92,4,"0.227007,0.170020,0.335494,0.267479"
RACExPOLIDEOLOGY,RACExPOLIDEOLOGY :: Black | Liberal,UNIMMIGCOMM_W92,4,"0.201368,0.186235,0.361792,0.250606"
RACExPOLIDEOLOGY,RACExPOLIDEOLOGY :: Black | Moderate,UNIMMIGCOMM_W92,4,"0.203415,0.223408,0.404540,0.168637"
RACExPOLIDEOLOGY,RACExPOLIDEOLOGY :: Black | Very conservative,UNIMMIGCOMM_W92,4,"0.193338,0.129801,0.321260,0.355602"
RACExPOLIDEOLOGY,RACExPOLIDEOLOGY :: Black | Very liberal,UNIMMIGCOMM_W92,4,"0.198865,0.145493,0.278262,0.377380"
RACExPOLIDEOLOGY,RACExPOLIDEOLOGY :: Hispanic | Conservative,UNIMMIGCOMM_W92,4,"0.226444,0.168279,0.342598,0.262679"
RACExPOLIDEOLOGY,RACExPOLIDEOLOGY :: Hispanic | Liberal,UNIMMIGCOMM_W92,4,"0.197159,0.168639,0.383015,0.251187"
RACExPOLIDEOLOGY,RACExPOLIDEOLOGY :: Hispanic | Moderate,UNIMMIGCOMM_W92,4,"0.191734,0.204099,0.438882,0.165285"
RACExPOLIDEOLOGY,RACExPOLIDEOLOGY :: Hispanic | Very conservative,UNIMMIGCOMM_W92,4,"0.191941,0.133996,0.326503,0.347560"
RACExPOLIDEOLOGY,RACExPOLIDEOLOGY :: Hispanic | Very liberal,UNIMMIGCOMM_W92,4,"0.200644,0.151454,0.287409,0.360492"
RACExPOLIDEOLOGY,RACExPOLIDEOLOGY :: Mixed Race | Conservative,UNIMMIGCOMM_W92,4,"0.239468,0.169808,0.317243,0.273481"
RACExPOLIDEOLOGY,RACExPOLIDEOLOGY :: Mixed Race | Liberal,UNIMMIGCOMM_W92,4,"0.212306,0.177388,0.341925,0.268380"
RACExPOLIDEOLOGY,RACExPOLIDEOLOGY :: Mixed Race | Moderate,UNIMMIGCOMM_W92,4,"0.212129,0.222310,0.384117,0.181444"
RACExPOLIDEOLOGY,RACExPOLIDEOLOGY :: Refused | Conservative,UNIMMIGCOMM_W92,4,"0.252009,0.194737,0.299268,0.253986"
RACExPOLIDEOLOGY,RACExPOLIDEOLOGY :: Refused | Moderate,UNIMMIGCOMM_W92,4,"0.227114,0.236162,0.340939,0.195785"
RACExPOLIDEOLOGY,RACExPOLIDEOLOGY :: White | Conservative,UNIMMIGCOMM_W92,4,"0.242557,0.168015,0.318836,0.270592"
RACExPOLIDEOLOGY,RACExPOLIDEOLOGY :: White | Liberal,UNIMMIGCOMM_W92,4,"0.226844,0.180856,0.335253,0.257048"
RACExPOLIDEOLOGY,RACExPOLIDEOLOGY :: White | Moderate,UNIMMIGCOMM_W92,4,"0.224944,0.214643,0.379665,0.180748"
RACExPOLIDEOLOGY,RACExPOLIDEOLOGY :: White | Refused,UNIMMIGCOMM_W92,4,"0.228816,0.189695,0.320172,0.261317"
RACExPOLIDEOLOGY,RACExPOLIDEOLOGY :: White | Very conservative,UNIMMIGCOMM_W92,4,"0.225993,0.139230,0.290180,0.344597"
RACExPOLIDEOLOGY,RACExPOLIDEOLOGY :: White | Very liberal,UNIMMIGCOMM_W92,4,"0.233995,0.157097,0.263087,0.345822"
RACExPOLIDEOLOGY,RACExPOLIDEOLOGY :: Asian | Conservative,USMILSIZ_W92,5,"0.237558,0.175164,0.258876,0.208013,0.120389"
RACExPOLIDEOLOGY,RACExPOLIDEOLOGY :: Asian | Liberal,USMILSIZ_W92,5,"0.220291,0.202150,0.282859,0.202150,0.092551"
RACExPOLIDEOLOGY,RACExPOLIDEOLOGY :: Asian | Moderate,USMILSIZ_W92,5,"0.160627,0.207867,0.359162,0.195273,0.077070"
RACExPOLIDEOLOGY,RACExPOLIDEOLOGY :: Black | Conservative,USMILSIZ_W92,5,"0.224345,0.201101,0.254216,0.196443,0.123895"
RACExPOLIDEOLOGY,RACExPOLIDEOLOGY :: Black | Liberal,USMILSIZ_W92,5,"0.195952,0.205356,0.298791,0.200599,0.099303"
RACExPOLIDEOLOGY,RACExPOLIDEOLOGY :: Black | Moderate,USMILSIZ_W92,5,"0.153510,0.216483,0.368250,0.185168,0.076589"
RACExPOLIDEOLOGY,RACExPOLIDEOLOGY :: Black | Very conservative,USMILSIZ_W92,5,"0.237081,0.174813,0.222717,0.215865,0.149525"
RACExPOLIDEOLOGY,RACExPOLIDEOLOGY :: Black | Very liberal,USMILSIZ_W92,5,"0.236817,0.170573,0.207364,0.210629,0.174618"
RACExPOLIDEOLOGY,RACExPOLIDEOLOGY :: Hispanic | Conservative,USMILSIZ_W92,5,"0.237187,0.206071,0.237187,0.193586,0.125969"
RACExPOLIDEOLOGY,RACExPOLIDEOLOGY :: Hispanic | Liberal,USMILSIZ_W92,5,"0.226562,0.212835,0.277590,0.187827,0.095186"
RACExPOLIDEOLOGY,RACExPOLIDEOLOGY :: Hispanic | Moderate,USMILSIZ_W92,5,"0.158439,0.213204,0.365516,0.183793,0.079048"
RACExPOLIDEOLOGY,RACExPOLIDEOLOGY :: Hispanic | Very conservative,USMILSIZ_W92,5,"0.251992,0.180090,0.204069,0.212198,0.151651"
RACExPOLIDEOLOGY,RACExPOLIDEOLOGY :: Hispanic | Very liberal,USMILSIZ_W92,5,"0.246492,0.176160,0.194991,0.207567,0.174789"
RACExPOLIDEOLOGY,RACExPOLIDEOLOGY :: Mixed Race | Conservative,USMILSIZ_W92,5,"0.226336,0.193595,0.240933,0.206081,0.133056"
RACExPOLIDEOLOGY,RACExPOLIDEOLOGY :: Mixed Race | Liberal,USMILSIZ_W92,5,"0.210645,0.204164,0.272595,0.204164,0.108431"
RACExPOLIDEOLOGY,RACExPOLIDEOLOGY :: Mixed Race | Moderate,USMILSIZ_W92,5,"0.155250,0.208912,0.355372,0.194728,0.085737"
RACExPOLIDEOLOGY,RACExPOLIDEOLOGY :: Refused | Conservative,USMILSIZ_W92,5,"0.219968,0.192611,0.247317,0.200283,0.139820"
RACExPOLIDEOLOGY,RACExPOLIDEOLOGY :: Refused | Moderate,USMILSIZ_W92,5,"0.174413,0.205508,0.318297,0.197635,0.104146"
RACExPOLIDEOLOGY,RACExPOLIDEOLOGY :: White | Conservative,USMILSIZ_W92,5,"0.215531,0.190206,0.246144,0.205661,0.142457"
RACExPOLIDEOLOGY,RACExPOLIDEOLOGY :: White | Liberal,USMILSIZ_W92,5,"0.205544,0.193090,0.276589,0.203944,0.120833"
RACExPOLIDEOLOGY,RACExPOLIDEOLOGY :: White | Moderate,USMILSIZ_W92,5,"0.162445,0.203751,0.343896,0.192908,0.097000"
RACExPOLIDEOLOGY,RACExPOLIDEOLOGY :: White | Refused,USMILSIZ_W92,5,"0.170175,0.181150,0.298666,0.218509,0.131501"
RACExPOLIDEOLOGY,RACExPOLIDEOLOGY :: White | Very conservative,USMILSIZ_W92,5,"0.230297,0.162034,0.196984,0.228505,0.182180"
RACExPOLIDEOLOGY,RACExPOLIDEOLOGY :: White | Very liberal,USMILSIZ_W92,5,"0.223235,0.160790,0.192440,0.224986,0.198549"
RACExPOLIDEOLOGY,RACExPOLIDEOLOGY :: Asian | Liberal,VIDOFT_W45,4,"0.384896,0.299757,0.212560,0.102787"
RACExPOLIDEOLOGY,RACExPOLIDEOLOGY :: Asian | Moderate,VIDOFT_W45,4,"0.343677,0.325387,0.223635,0.107301"
RACExPOLIDEOLOGY,RACExPOLIDEOLOGY :: Black | Conservative,VIDOFT_W45,4,"0.345320,0.316884,0.221221,0.116575"
RACExPOLIDEOLOGY,RACExPOLIDEOLOGY :: Black | Liberal,VIDOFT_W45,4,"0.346517,0.338490,0.220260,0.094733"
RACExPOLIDEOLOGY,RACExPOLIDEOLOGY :: Black | Moderate,VIDOFT_W45,4,"0.310333,0.351653,0.232429,0.105585"
RACExPOLIDEOLOGY,RACExPOLIDEOLOGY :: Black | Very liberal,VIDOFT_W45,4,"0.394065,0.292844,0.196606,0.116485"
RACExPOLIDEOLOGY,RACExPOLIDEOLOGY :: Hispanic | Conservative,VIDOFT_W45,4,"0.335354,0.312584,0.228692,0.123370"
RACExPOLIDEOLOGY,RACExPOLIDEOLOGY :: Hispanic | Liberal,VIDOFT_W45,4,"0.336632,0.328834,0.227777,0.106757"
RACExPOLIDEOLOGY,RACExPOLIDEOLOGY :: Hispanic | Moderate,VIDOFT_W45,4,"0.309656,0.362025,0.230117,0.098202"
RACExPOLIDEOLOGY,RACExPOLIDEOLOGY :: Mixed Race | Conservative,VIDOFT_W45,4,"0.341896,0.297045,0.220745,0.140314"
RACExPOLIDEOLOGY,RACExPOLIDEOLOGY :: Mixed Race | Liberal,VIDOFT_W45,4,"0.338524,0.308229,0.223750,0.129497"
RACExPOLIDEOLOGY,RACExPOLIDEOLOGY :: Mixed Race | Moderate,VIDOFT_W45,4,"0.304444,0.339632,0.228018,0.127906"
RACExPOLIDEOLOGY,RACExPOLIDEOLOGY :: Refused | Moderate,VIDOFT_W45,4,"0.283830,0.314171,0.239009,0.162990"
RACExPOLIDEOLOGY,RACExPOLIDEOLOGY :: White | Conservative,VIDOFT_W45,4,"0.333594,0.296705,0.223965,0.145737"
RACExPOLIDEOLOGY,RACExPOLIDEOLOGY :: White | Liberal,VIDOFT_W45,4,"0.334003,0.308902,0.224239,0.132857"
RACExPOLIDEOLOGY,RACExPOLIDEOLOGY :: White | Moderate,VIDOFT_W45,4,"0.304663,0.329420,0.231776,0.134141"
RACExPOLIDEOLOGY,RACExPOLIDEOLOGY :: White | Refused,VIDOFT_W45,4,"0.302613,0.295603,0.226646,0.175139"
RACExPOLIDEOLOGY,RACExPOLIDEOLOGY :: White | Very conservative,VIDOFT_W45,4,"0.373668,0.277687,0.200010,0.148635"
RACExPOLIDEOLOGY,RACExPOLIDEOLOGY :: White | Very liberal,VIDOFT_W45,4,"0.374650,0.269850,0.194366,0.161135"
RACExPOLIDEOLOGY,RACExPOLIDEOLOGY :: Asian | Conservative,VTRS_VALS_W92,2,"0.515620,0.484380"
RACExPOLIDEOLOGY,RACExPOLIDEOLOGY :: Asian | Liberal,VTRS_VALS_W92,2,"0.494141,0.505859"
RACExPOLIDEOLOGY,RACExPOLIDEOLOGY :: Asian | Moderate,VTRS_VALS_W92,2,"0.537041,0.462959"
RACExPOLIDEOLOGY,RACExPOLIDEOLOGY :: Black | Conservative,VTRS_VALS_W92,2,"0.449393,0.550607"
RACExPOLIDEOLOGY,RACExPOLIDEOLOGY :: Black | Liberal,VTRS_VALS_W92,2,"0.461017,0.538983"
RACExPOLIDEOLOGY,RACExPOLIDEOLOGY :: Black | Moderate,VTRS_VALS_W92,2,"0.507812,0.492188"
RACExPOLIDEOLOGY,RACExPOLIDEOLOGY :: Black | Very conservative,VTRS_VALS_W92,2,"0.414899,0.585101"
RACExPOLIDEOLOGY,RACExPOLIDEOLOGY :: Black | Very liberal,VTRS_VALS_W92,2,"0.403567,0.596433"
RACExPOLIDEOLOGY,RACExPOLIDEOLOGY :: Hispanic | Conservative,VTRS_VALS_W92,2,"0.462959,0.537041"
RACExPOLIDEOLOGY,RACExPOLIDEOLOGY :: Hispanic | Liberal,VTRS_VALS_W92,2,"0.468791,0.531209"
RACExPOLIDEOLOGY,RACExPOLIDEOLOGY :: Hispanic | Moderate,VTRS_VALS_W92,2,"0.511717,0.488283"
RACExPOLIDEOLOGY,RACExPOLIDEOLOGY :: Hispanic | Very conservative,VTRS_VALS_W92,2,"0.433981,0.566019"
RACExPOLIDEOLOGY,RACExPOLIDEOLOGY :: Hispanic | Very liberal,VTRS_VALS_W92,2,"0.422505,0.577495"
RACExPOLIDEOLOGY,RACExPOLIDEOLOGY :: Mixed Race | Conservative,VTRS_VALS_W92,2,"0.455199,0.544801"
RACExPOLIDEOLOGY,RACExPOLIDEOLOGY :: Mixed Race | Liberal,VTRS_VALS_W92,2,"0.455199,0.544801"
RACExPOLIDEOLOGY,RACExPOLIDEOLOGY :: Mixed Race | Moderate,VTRS_VALS_W92,2,"0.507812,0.492188"
RACExPOLIDEOLOGY,RACExPOLIDEOLOGY :: Refused | Conservative,VTRS_VALS_W92,2,"0.443600,0.556400"
RACExPOLIDEOLOGY,RACExPOLIDEOLOGY :: Refused | Moderate,VTRS_VALS_W92,2,"0.490236,0.509764"
RACExPOLIDEOLOGY,RACExPOLIDEOLOGY :: White | Conservative,VTRS_VALS_W92,2,"0.455199,0.544801"
RACExPOLIDEOLOGY,RACExPOLIDEOLOGY :: White | Liberal,VTRS_VALS_W92,2,"0.459076,0.540924"
RACExPOLIDEOLOGY,RACExPOLIDEOLOGY :: White | Moderate,VTRS_VALS_W92,2,"0.503906,0.496094"
RACExPOLIDEOLOGY,RACExPOLIDEOLOGY :: White | Refused,VTRS_VALS_W92,2,"0.457137,0.542863"
RACExPOLIDEOLOGY,RACExPOLIDEOLOGY :: White | Very conservative,VTRS_VALS_W92,2,"0.428233,0.571767"
RACExPOLIDEOLOGY,RACExPOLIDEOLOGY :: White | Very liberal,VTRS_VALS_W92,2,"0.424412,0.575588"
RACExPOLIDEOLOGY,RACExPOLIDEOLOGY :: Asian | Liberal,WATCHDOG_1_W45,2,"0.319121,0.680879"
RACExPOLIDEOLOGY,RACExPOLIDEOLOGY :: Asian | Moderate,WATCHDOG_1_W45,2,"0.299105,0.700895"
RACExPOLIDEOLOGY,RACExPOLIDEOLOGY :: Black | Conservative,WATCHDOG_1_W45,2,"0.355775,0.644225"
RACExPOLIDEOLOGY,RACExPOLIDEOLOGY :: Black | Liberal,WATCHDOG_1_W45,2,"0.329392,0.670608"
RACExPOLIDEOLOGY,RACExPOLIDEOLOGY :: Black | Moderate,WATCHDOG_1_W45,2,"0.304042,0.695958"
RACExPOLIDEOLOGY,RACExPOLIDEOLOGY :: Black | Very liberal,WATCHDOG_1_W45,2,"0.357568,0.642432"
RACExPOLIDEOLOGY,RACExPOLIDEOLOGY :: Hispanic | Conservative,WATCHDOG_1_W45,2,"0.368406,0.631594"
RACExPOLIDEOLOGY,RACExPOLIDEOLOGY :: Hispanic | Liberal,WATCHDOG_1_W45,2,"0.331120,0.668880"
RACExPOLIDEOLOGY,RACExPOLIDEOLOGY :: Hispanic | Moderate,WATCHDOG_1_W45,2,"0.297470,0.702530"
RACExPOLIDEOLOGY,RACExPOLIDEOLOGY :: Mixed Race | Conservative,WATCHDOG_1_W45,2,"0.373876,0.626124"
RACExPOLIDEOLOGY,RACExPOLIDEOLOGY :: Mixed Race | Liberal,WATCHDOG_1_W45,2,"0.341583,0.658418"
RACExPOLIDEOLOGY,RACExPOLIDEOLOGY :: Mixed Race | Moderate,WATCHDOG_1_W45,2,"0.312370,0.687630"
RACExPOLIDEOLOGY,RACExPOLIDEOLOGY :: Refused | Moderate,WATCHDOG_1_W45,2,"0.390476,0.609524"
RACExPOLIDEOLOGY,RACExPOLIDEOLOGY :: White | Conservative,WATCHDOG_1_W45,2,"0.390476,0.609524"
RACExPOLIDEOLOGY,RACExPOLIDEOLOGY :: White | Liberal,WATCHDOG_1_W45,2,"0.373876,0.626124"
RACExPOLIDEOLOGY,RACExPOLIDEOLOGY :: White | Moderate,WATCHDOG_1_W45,2,"0.341583,0.658418"
RACExPOLIDEOLOGY,RACExPOLIDEOLOGY :: White | Refused,WATCHDOG_1_W45,2,"0.388618,0.611382"
RACExPOLIDEOLOGY,RACExPOLIDEOLOGY :: White | Very conservative,WATCHDOG_1_W45,2,"0.394201,0.605799"
RACExPOLIDEOLOGY,RACExPOLIDEOLOGY :: White | Very liberal,WATCHDOG_1_W45,2,"0.401688,0.598312"
RACExPOLIDEOLOGY,RACExPOLIDEOLOGY :: Asian | Conservative,WHADVANT_W92,4,"0.494175,0.166826,0.165528,0.173472"
RACExPOLIDEOLOGY,RACExPOLIDEOLOGY :: Asian | Liberal,WHADVANT_W92,4,"0.455895,0.185643,0.179931,0.178531"
RACExPOLIDEOLOGY,RACExPOLIDEOLOGY :: Asian | Moderate,WHADVANT_W92,4,"0.403409,0.209286,0.199702,0.187603"
RACExPOLIDEOLOGY,RACExPOLIDEOLOGY :: Black | Conservative,WHADVANT_W92,4,"0.421469,0.210279,0.184126,0.184126"
RACExPOLIDEOLOGY,RACExPOLIDEOLOGY :: Black | Liberal,WHADVANT_W92,4,"0.431506,0.216975,0.179878,0.171641"
RACExPOLIDEOLOGY,RACExPOLIDEOLOGY :: Black | Moderate,WHADVANT_W92,4,"0.375885,0.240801,0.204365,0.178948"
RACExPOLIDEOLOGY,RACExPOLIDEOLOGY :: Black | Very conservative,WHADVANT_W92,4,"0.501238,0.171875,0.148166,0.178722"
RACExPOLIDEOLOGY,RACExPOLIDEOLOGY :: Black | Very liberal,WHADVANT_W92,4,"0.477762,0.178527,0.149164,0.194547"
RACExPOLIDEOLOGY,RACExPOLIDEOLOGY :: Hispanic | Conservative,WHADVANT_W92,4,"0.406027,0.207378,0.193298,0.193298"
RACExPOLIDEOLOGY,RACExPOLIDEOLOGY :: Hispanic | Liberal,WHADVANT_W92,4,"0.408218,0.213442,0.194341,0.183998"
RACExPOLIDEOLOGY,RACExPOLIDEOLOGY :: Hispanic | Moderate,WHADVANT_W92,4,"0.385140,0.229978,0.202955,0.181927"
RACExPOLIDEOLOGY,RACExPOLIDEOLOGY :: Hispanic | Very conservative,WHADVANT_W92,4,"0.479834,0.173785,0.157001,0.189380"
RACExPOLIDEOLOGY,RACExPOLIDEOLOGY :: Hispanic | Very liberal,WHADVANT_W92,4,"0.449480,0.184466,0.160267,0.205787"
RACExPOLIDEOLOGY,RACExPOLIDEOLOGY :: Mixed Race | Conservative,WHADVANT_W92,4,"0.417279,0.200213,0.182296,0.200213"
RACExPOLIDEOLOGY,RACExPOLIDEOLOGY :: Mixed Race | Liberal,WHADVANT_W92,4,"0.409075,0.208935,0.188757,0.193233"
RACExPOLIDEOLOGY,RACExPOLIDEOLOGY :: Mixed Race | Moderate,WHADVANT_W92,4,"0.373357,0.230018,0.201411,0.195214"
RACExPOLIDEOLOGY,RACExPOLIDEOLOGY :: Refused | Conservative,WHADVANT_W92,4,"0.375553,0.219058,0.196362,0.209027"
RACExPOLIDEOLOGY,RACExPOLIDEOLOGY :: Refused | Moderate,WHADVANT_W92,4,"0.334863,0.239316,0.217900,0.207921"
RACExPOLIDEOLOGY,RACExPOLIDEOLOGY :: White | Conservative,WHADVANT_W92,4,"0.419550,0.201302,0.176266,0.202881"
RACExPOLIDEOLOGY,RACExPOLIDEOLOGY :: White | Liberal,WHADVANT_W92,4,"0.408134,0.213398,0.181108,0.197361"
RACExPOLIDEOLOGY,RACExPOLIDEOLOGY :: White | Moderate,WHADVANT_W92,4,"0.374623,0.229003,0.197413,0.198961"
RACExPOLIDEOLOGY,RACExPOLIDEOLOGY :: White | Refused,WHADVANT_W92,4,"0.384236,0.212195,0.175916,0.227652"
RACExPOLIDEOLOGY,RACExPOLIDEOLOGY :: White | Very conservative,WHADVANT_W92,4,"0.481527,0.169032,0.142339,0.207102"
RACExPOLIDEOLOGY,RACExPOLIDEOLOGY :: White | Very liberal,WHADVANT_W92,4,"0.460544,0.180351,0.141559,0.217545"
RACExPOLIDEOLOGY,RACExPOLIDEOLOGY :: Asian | Liberal,WILLMOVE_W32,4,"0.325062,0.295972,0.243460,0.135506"
RACExPOLIDEOLOGY,RACExPOLIDEOLOGY :: Asian | Moderate,WILLMOVE_W32,4,"0.303701,0.310903,0.253752,0.131645"
RACExPOLIDEOLOGY,RACExPOLIDEOLOGY :: Black | Conservative,WILLMOVE_W32,4,"0.300249,0.300249,0.250868,0.148634"
RACExPOLIDEOLOGY,RACExPOLIDEOLOGY :: Black | Liberal,WILLMOVE_W32,4,"0.295058,0.316551,0.254356,0.134036"
RACExPOLIDEOLOGY,RACExPOLIDEOLOGY :: Black | Moderate,WILLMOVE_W32,4,"0.272592,0.331387,0.264205,0.131817"
RACExPOLIDEOLOGY,RACExPOLIDEOLOGY :: Black | Very conservative,WILLMOVE_W32,4,"0.302776,0.298082,0.243287,0.155856"
RACExPOLIDEOLOGY,RACExPOLIDEOLOGY :: Black | Very liberal,WILLMOVE_W32,4,"0.300293,0.291054,0.237551,0.171102"
RACExPOLIDEOLOGY,RACExPOLIDEOLOGY :: Hispanic | Conservative,WILLMOVE_W32,4,"0.289914,0.301463,0.255848,0.152774"
RACExPOLIDEOLOGY,RACExPOLIDEOLOGY :: Hispanic | Liberal,WILLMOVE_W32,4,"0.281218,0.316182,0.260085,0.142515"
RACExPOLIDEOLOGY,RACExPOLIDEOLOGY :: Hispanic | Moderate,WILLMOVE_W32,4,"0.269607,0.335531,0.267509,0.127353"
RACExPOLIDEOLOGY,RACExPOLIDEOLOGY :: Hispanic | Very liberal,WILLMOVE_W32,4,"0.292166,0.292166,0.238459,0.177208"
RACExPOLIDEOLOGY,RACExPOLIDEOLOGY :: Mixed Race | Moderate,WILLMOVE_W32,4,"0.271436,0.327415,0.256991,0.144159"
RACExPOLIDEOLOGY,RACExPOLIDEOLOGY :: Other | Conservative,WILLMOVE_W32,4,"0.312104,0.295494,0.244974,0.147428"
RACExPOLIDEOLOGY,RACExPOLIDEOLOGY :: Other | Moderate,WILLMOVE_W32,4,"0.278928,0.326100,0.257967,0.137005"
RACExPOLIDEOLOGY,RACExPOLIDEOLOGY :: White | Conservative,WILLMOVE_W32,4,"0.299223,0.290017,0.244218,0.166542"
RACExPOLIDEOLOGY,RACExPOLIDEOLOGY :: White | Liberal,WILLMOVE_W32,4,"0.291317,0.300565,0.247238,0.160881"
RACExPOLIDEOLOGY,RACExPOLIDEOLOGY :: White | Moderate,WILLMOVE_W32,4,"0.275979,0.315178,0.255239,0.153605"
RACExPOLIDEOLOGY,RACExPOLIDEOLOGY :: White | Refused,WILLMOVE_W32,4,"0.271269,0.284288,0.241272,0.203171"
RACExPOLIDEOLOGY,RACExPOLIDEOLOGY :: White | Very conservative,WILLMOVE_W32,4,"0.310736,0.276375,0.227340,0.185549"
RACExPOLIDEOLOGY,RACExPOLIDEOLOGY :: White | Very liberal,WILLMOVE_W32,4,"0.305266,0.271509,0.219875,0.203351"
RACExPOLIDEOLOGY,RACExPOLIDEOLOGY :: Asian | Liberal,WOMENOPPS_W32,2,"0.246533,0.753467"
RACExPOLIDEOLOGY,RACExPOLIDEOLOGY :: Asian | Moderate,WOMENOPPS_W32,2,"0.213377,0.786623"
RACExPOLIDEOLOGY,RACExPOLIDEOLOGY :: Black | Conservative,WOMENOPPS_W32,2,"0.267408,0.732592"
RACExPOLIDEOLOGY,RACExPOLIDEOLOGY :: Black | Liberal,WOMENOPPS_W32,2,"0.213377,0.786623"
RACExPOLIDEOLOGY,RACExPOLIDEOLOGY :: Black | Moderate,WOMENOPPS_W32,2,"0.194368,0.805632"
RACExPOLIDEOLOGY,RACExPOLIDEOLOGY :: Black | Very conservative,WOMENOPPS_W32,2,"0.216012,0.783988"
RACExPOLIDEOLOGY,RACExPOLIDEOLOGY :: Black | Very liberal,WOMENOPPS_W32,2,"0.206894,0.793106"
RACExPOLIDEOLOGY,RACExPOLIDEOLOGY :: Hispanic | Conservative,WOMENOPPS_W32,2,"0.268941,0.731059"
RACExPOLIDEOLOGY,RACExPOLIDEOLOGY :: Hispanic | Liberal,WOMENOPPS_W32,2,"0.213377,0.786623"
RACExPOLIDEOLOGY,RACExPOLIDEOLOGY :: Hispanic | Moderate,WOMENOPPS_W32,2,"0.167763,0.832237"
RACExPOLIDEOLOGY,RACExPOLIDEOLOGY :: Hispanic | Very liberal,WOMENOPPS_W32,2,"0.213377,0.786623"
RACExPOLIDEOLOGY,RACExPOLIDEOLOGY :: Mixed Race | Moderate,WOMENOPPS_W32,2,"0.177811,0.822189"
RACExPOLIDEOLOGY,RACExPOLIDEOLOGY :: Other | Conservative,WOMENOPPS_W32,2,"0.272025,0.727975"
RACExPOLIDEOLOGY,RACExPOLIDEOLOGY :: Other | Moderate,WOMENOPPS_W32,2,"0.206894,0.793106"
RACExPOLIDEOLOGY,RACExPOLIDEOLOGY :: White | Conservative,WOMENOPPS_W32,2,"0.286169,0.713831"
RACExPOLIDEOLOGY,RACExPOLIDEOLOGY :: White | Liberal,WOMENOPPS_W32,2,"0.264358,0.735642"
RACExPOLIDEOLOGY,RACExPOLIDEOLOGY :: White | Moderate,WOMENOPPS_W32,2,"0.220007,0.779993"
RACExPOLIDEOLOGY,RACExPOLIDEOLOGY :: White | Refused,WOMENOPPS_W32,2,"0.250913,0.749087"
RACExPOLIDEOLOGY,RACExPOLIDEOLOGY :: White | Very conservative,WOMENOPPS_W32,2,"0.249447,0.750553"
RACExPOLIDEOLOGY,RACExPOLIDEOLOGY :: White | Very liberal,WOMENOPPS_W32,2,"0.259826,0.740174"
RACExPOLIDEOLOGY,RACExPOLIDEOLOGY :: Asian | Liberal,WORKHARD_W53,2,"0.600188,0.399812"
RACExPOLIDEOLOGY,RACExPOLIDEOLOGY :: Asian | Moderate,WORKHARD_W53,2,"0.631594,0.368406"
RACExPOLIDEOLOGY,RACExPOLIDEOLOGY :: Black | Conservative,WORKHARD_W53,2,"0.581303,0.418697"
RACExPOLIDEOLOGY,RACExPOLIDEOLOGY :: Black | Liberal,WORKHARD_W53,2,"0.569853,0.430147"
RACExPOLIDEOLOGY,RACExPOLIDEOLOGY :: Black | Moderate,WORKHARD_W53,2,"0.566019,0.433981"
RACExPOLIDEOLOGY,RACExPOLIDEOLOGY :: Black | Very conservative,WORKHARD_W53,2,"0.533154,0.466846"
RACExPOLIDEOLOGY,RACExPOLIDEOLOGY :: Black | Very liberal,WORKHARD_W53,2,"0.484380,0.515620"
RACExPOLIDEOLOGY,RACExPOLIDEOLOGY :: Hispanic | Conservative,WORKHARD_W53,2,"0.594551,0.405449"
RACExPOLIDEOLOGY,RACExPOLIDEOLOGY :: Hispanic | Liberal,WORKHARD_W53,2,"0.569853,0.430147"
RACExPOLIDEOLOGY,RACExPOLIDEOLOGY :: Hispanic | Moderate,WORKHARD_W53,2,"0.592667,0.407333"
RACExPOLIDEOLOGY,RACExPOLIDEOLOGY :: Mixed Race | Liberal,WORKHARD_W53,2,"0.537041,0.462959"
RACExPOLIDEOLOGY,RACExPOLIDEOLOGY :: Mixed Race | Moderate,WORKHARD_W53,2,"0.546738,0.453262"
RACExPOLIDEOLOGY,RACExPOLIDEOLOGY :: Refused | Moderate,WORKHARD_W53,2,"0.513668,0.486332"
RACExPOLIDEOLOGY,RACExPOLIDEOLOGY :: White | Conservative,WORKHARD_W53,2,"0.575588,0.424412"
RACExPOLIDEOLOGY,RACExPOLIDEOLOGY :: White | Liberal,WORKHARD_W53,2,"0.556400,0.443600"
RACExPOLIDEOLOGY,RACExPOLIDEOLOGY :: White | Moderate,WORKHARD_W53,2,"0.575588,0.424412"
RACExPOLIDEOLOGY,RACExPOLIDEOLOGY :: White | Refused,WORKHARD_W53,2,"0.533154,0.466846"
RACExPOLIDEOLOGY,RACExPOLIDEOLOGY :: White | Very conservative,WORKHARD_W53,2,"0.529263,0.470737"
RACExPOLIDEOLOGY,RACExPOLIDEOLOGY :: White | Very liberal,WORKHARD_W53,2,"0.501953,0.498047"
RACExPOLIDEOLOGY,RACExPOLIDEOLOGY :: Asian | Liberal,WORRY2a_W54,5,"0.288646,0.161916,0.204680,0.175072,0.169686"
RACExPOLIDEOLOGY,RACExPOLIDEOLOGY :: Asian | Moderate,WORRY2a_W54,5,"0.251898,0.157634,0.238493,0.182859,0.169117"
RACExPOLIDEOLOGY,RACExPOLIDEOLOGY :: Black | Conservative,WORRY2a_W54,5,"0.275707,0.175250,0.206495,0.176625,0.165923"
RACExPOLIDEOLOGY,RACExPOLIDEOLOGY :: Black | Liberal,WORRY2a_W54,5,"0.245263,0.191011,0.225066,0.175281,0.163380"
RACExPOLIDEOLOGY,RACExPOLIDEOLOGY :: Black | Moderate,WORRY2a_W54,5,"0.219012,0.182991,0.252081,0.184427,0.161489"
RACExPOLIDEOLOGY,RACExPOLIDEOLOGY :: Black | Very conservative,WORRY2a_W54,5,"0.310343,0.154836,0.179613,0.154836,0.200373"
RACExPOLIDEOLOGY,RACExPOLIDEOLOGY :: Black | Very liberal,WORRY2a_W54,5,"0.314209,0.153133,0.176255,0.151942,0.204460"
RACExPOLIDEOLOGY,RACExPOLIDEOLOGY :: Hispanic | Conservative,WORRY2a_W54,5,"0.274002,0.168808,0.210085,0.178297,0.168808"
RACExPOLIDEOLOGY,RACExPOLIDEOLOGY :: Hispanic | Liberal,WORRY2a_W54,5,"0.251952,0.180062,0.224091,0.178661,0.165234"
RACExPOLIDEOLOGY,RACExPOLIDEOLOGY :: Hispanic | Moderate,WORRY2a_W54,5,"0.214738,0.172547,0.263103,0.183675,0.165937"
RACExPOLIDEOLOGY,RACExPOLIDEOLOGY :: Mixed Race | Liberal,WORRY2a_W54,5,"0.254721,0.180624,0.212827,0.183468,0.168360"
RACExPOLIDEOLOGY,RACExPOLIDEOLOGY :: Mixed Race | Moderate,WORRY2a_W54,5,"0.219454,0.173603,0.250625,0.190665,0.165653"
RACExPOLIDEOLOGY,RACExPOLIDEOLOGY :: Refused | Moderate,WORRY2a_W54,5,"0.219450,0.173599,0.235435,0.195183,0.176333"
RACExPOLIDEOLOGY,RACExPOLIDEOLOGY :: White | Conservative,WORRY2a_W54,5,"0.273007,0.158005,0.195110,0.183288,0.190590"
RACExPOLIDEOLOGY,RACExPOLIDEOLOGY :: White | Liberal,WORRY2a_W54,5,"0.250104,0.171894,0.210608,0.182980,0.184415"
RACExPOLIDEOLOGY,RACExPOLIDEOLOGY :: White | Moderate,WORRY2a_W54,5,"0.221299,0.161905,0.241157,0.189287,0.186352"
RACExPOLIDEOLOGY,RACExPOLIDEOLOGY :: White | Refused,WORRY2a_W54,5,"0.228563,0.158321,0.206490,0.200137,0.206490"
RACExPOLIDEOLOGY,RACExPOLIDEOLOGY :: White | Very conservative,WORRY2a_W54,5,"0.299806,0.139423,0.163002,0.164280,0.233489"
RACExPOLIDEOLOGY,RACExPOLIDEOLOGY :: White | Very liberal,WORRY2a_W54,5,"0.299141,0.140205,0.161374,0.162640,0.236640"
RACExPOLIDEOLOGY,RACExPOLIDEOLOGY :: Asian | Liberal,WORRY2b_W54,5,"0.257147,0.151169,0.214855,0.198708,0.178121"
RACExPOLIDEOLOGY,RACExPOLIDEOLOGY :: Asian | Moderate,WORRY2b_W54,5,"0.216942,0.137897,0.253631,0.210268,0.181262"
RACExPOLIDEOLOGY,RACExPOLIDEOLOGY :: Black | Conservative,WORRY2b_W54,5,"0.255261,0.167404,0.213279,0.192681,0.171374"
RACExPOLIDEOLOGY,RACExPOLIDEOLOGY :: Black | Liberal,WORRY2b_W54,5,"0.215713,0.181649,0.236914,0.196409,0.169315"
RACExPOLIDEOLOGY,RACExPOLIDEOLOGY :: Black | Moderate,WORRY2b_W54,5,"0.184947,0.165786,0.267003,0.211216,0.171048"
RACExPOLIDEOLOGY,RACExPOLIDEOLOGY :: Black | Very conservative,WORRY2b_W54,5,"0.300566,0.147633,0.183732,0.164696,0.203373"
RACExPOLIDEOLOGY,RACExPOLIDEOLOGY :: Black | Very liberal,WORRY2b_W54,5,"0.300516,0.147609,0.182272,0.164669,0.204934"
RACExPOLIDEOLOGY,RACExPOLIDEOLOGY :: Hispanic | Conservative,WORRY2b_W54,5,"0.254215,0.161589,0.217441,0.193396,0.173359"
RACExPOLIDEOLOGY,RACExPOLIDEOLOGY :: Hispanic | Liberal,WORRY2b_W54,5,"0.221961,0.168859,0.234437,0.200525,0.174219"
RACExPOLIDEOLOGY,RACExPOLIDEOLOGY :: Hispanic | Moderate,WORRY2b_W54,5,"0.180618,0.154491,0.281941,0.207890,0.175061"
RACExPOLIDEOLOGY,RACExPOLIDEOLOGY :: Mixed Race | Liberal,WORRY2b_W54,5,"0.231996,0.169732,0.221372,0.203143,0.173757"
RACExPOLIDEOLOGY,RACExPOLIDEOLOGY :: Mixed Race | Moderate,WORRY2b_W54,5,"0.191182,0.156038,0.265429,0.213278,0.174073"
RACExPOLIDEOLOGY,RACExPOLIDEOLOGY :: Refused | Moderate,WORRY2b_W54,5,"0.198699,0.160911,0.243451,0.213173,0.183766"
RACExPOLIDEOLOGY,RACExPOLIDEOLOGY :: White | Conservative,WORRY2b_W54,5,"0.258589,0.145055,0.199822,0.198267,0.198267"
RACExPOLIDEOLOGY,RACExPOLIDEOLOGY :: White | Liberal,WORRY2b_W54,5,"0.224611,0.158033,0.217700,0.204510,0.195145"
RACExPOLIDEOLOGY,RACExPOLIDEOLOGY :: White | Moderate,WORRY2b_W54,5,"0.190365,0.140366,0.254170,0.214033,0.201065"
RACExPOLIDEOLOGY,RACExPOLIDEOLOGY :: White | Refused,WORRY2b_W54,5,"0.211894,0.142259,0.208608,0.218620,0.218620"
RACExPOLIDEOLOGY,RACExPOLIDEOLOGY :: White | Very conservative,WORRY2b_W54,5,"0.296633,0.127580,0.162541,0.173025,0.240221"
RACExPOLIDEOLOGY,RACExPOLIDEOLOGY :: White | Very liberal,WORRY2b_W54,5,"0.293631,0.131320,0.160897,0.172617,0.241535"
RACExPOLIDEOLOGY,RACExPOLIDEOLOGY :: Asian | Liberal,WORRY2e_W54,5,"0.270411,0.154076,0.218986,0.187308,0.169219"
RACExPOLIDEOLOGY,RACExPOLIDEOLOGY :: Asian | Moderate,WORRY2e_W54,5,"0.224070,0.145805,0.255895,0.202430,0.171800"
RACExPOLIDEOLOGY,RACExPOLIDEOLOGY :: Black | Conservative,WORRY2e_W54,5,"0.260334,0.166776,0.215824,0.188982,0.168084"
RACExPOLIDEOLOGY,RACExPOLIDEOLOGY :: Black | Liberal,WORRY2e_W54,5,"0.235191,0.177532,0.237036,0.186052,0.164190"
RACExPOLIDEOLOGY,RACExPOLIDEOLOGY :: Black | Moderate,WORRY2e_W54,5,"0.201259,0.168159,0.266625,0.199693,0.164263"
RACExPOLIDEOLOGY,RACExPOLIDEOLOGY :: Black | Very conservative,WORRY2e_W54,5,"0.312369,0.146405,0.187987,0.160794,0.192445"
RACExPOLIDEOLOGY,RACExPOLIDEOLOGY :: Black | Very liberal,WORRY2e_W54,5,"0.321313,0.143700,0.181654,0.155377,0.197955"
RACExPOLIDEOLOGY,RACExPOLIDEOLOGY :: Hispanic | Conservative,WORRY2e_W54,5,"0.257995,0.163992,0.217254,0.190234,0.170525"
RACExPOLIDEOLOGY,RACExPOLIDEOLOGY :: Hispanic | Liberal,WORRY2e_W54,5,"0.240492,0.170534,0.234921,0.188764,0.165288"
RACExPOLIDEOLOGY,RACExPOLIDEOLOGY :: Hispanic | Moderate,WORRY2e_W54,5,"0.195068,0.159210,0.279422,0.198140,0.168159"
RACExPOLIDEOLOGY,RACExPOLIDEOLOGY :: Mixed Race | Liberal,WORRY2e_W54,5,"0.245313,0.169923,0.225112,0.191050,0.168601"
RACExPOLIDEOLOGY,RACExPOLIDEOLOGY :: Mixed Race | Moderate,WORRY2e_W54,5,"0.199389,0.158967,0.268307,0.204117,0.169219"
RACExPOLIDEOLOGY,RACExPOLIDEOLOGY :: Refused | Moderate,WORRY2e_W54,5,"0.208420,0.162318,0.245579,0.206798,0.176884"
RACExPOLIDEOLOGY,RACExPOLIDEOLOGY :: White | Conservative,WORRY2e_W54,5,"0.254367,0.149534,0.205992,0.198101,0.192006"
RACExPOLIDEOLOGY,RACExPOLIDEOLOGY :: White | Liberal,WORRY2e_W54,5,"0.236862,0.161526,0.220779,0.196365,0.184468"
RACExPOLIDEOLOGY,RACExPOLIDEOLOGY :: White | Moderate,WORRY2e_W54,5,"0.200310,0.146550,0.255201,0.208289,0.189650"
RACExPOLIDEOLOGY,RACExPOLIDEOLOGY :: White | Refused,WORRY2e_W54,5,"0.223217,0.147537,0.216349,0.208061,0.204835"
RACExPOLIDEOLOGY,RACExPOLIDEOLOGY :: White | Very conservative,WORRY2e_W54,5,"0.298547,0.131448,0.171441,0.171441,0.227123"
RACExPOLIDEOLOGY,RACExPOLIDEOLOGY :: White | Very liberal,WORRY2e_W54,5,"0.300872,0.133511,0.166157,0.168774,0.230686"
