ty,gk,qk,n_opt,mouth_pred
EDUCATIONxINCOME,"EDUCATIONxINCOME :: Associate's degree | $100,000 or more",ADMISSIONe_W43,3,"0.495395,0.322360,0.182246"
EDUCATIONxINCOME,"EDUCATIONxINCOME :: Associate's degree | $30,000-$50,000",ADMISSIONe_W43,3,"0.414198,0.357061,0.228742"
EDUCATIONxINCOME,"EDUCATIONxINCOME :: Associate's degree | $50,000-$75,000",ADMISSIONe_W43,3,"0.388272,0.385251,0.226477"
EDUCATIONxINCOME,"EDUCATIONxINCOME :: Associate's degree | $75,000-$100,000",ADMISSIONe_W43,3,"0.421966,0.372384,0.205650"
EDUCATIONxINCOME,"EDUCATIONxINCOME :: Associate's degree | Less than $30,000",ADMISSIONe_W43,3,"0.372454,0.369555,0.257991"
EDUCATIONxINCOME,"EDUCATIONxINCOME :: College graduate/some postgrad | $100,000 or more",ADMISSIONe_W43,3,"0.460655,0.339666,0.199679"
EDUCATIONxINCOME,"EDUCATIONxINCOME :: College graduate/some postgrad | $30,000-$50,000",ADMISSIONe_W43,3,"0.428271,0.349545,0.222184"
EDUCATIONxINCOME,"EDUCATIONxINCOME :: College graduate/some postgrad | $50,000-$75,000",ADMISSIONe_W43,3,"0.397590,0.379383,0.223028"
EDUCATIONxINCOME,"EDUCATIONxINCOME :: College graduate/some postgrad | $75,000-$100,000",ADMISSIONe_W43,3,"0.429987,0.362085,0.207928"
EDUCATIONxINCOME,"EDUCATIONxINCOME :: College graduate/some postgrad | Less than $30,000",ADMISSIONe_W43,3,"0.368947,0.363227,0.267827"
EDUCATIONxINCOME,EDUCATIONxINCOME :: College graduate/some postgrad | Refused,ADMISSIONe_W43,3,"0.360255,0.341083,0.298662"
EDUCATIONxINCOME,"EDUCATIONxINCOME :: High school graduate | $100,000 or more",ADMISSIONe_W43,3,"0.426206,0.356109,0.217685"
EDUCATIONxINCOME,"EDUCATIONxINCOME :: High school graduate | $30,000-$50,000",ADMISSIONe_W43,3,"0.390575,0.366911,0.242514"
EDUCATIONxINCOME,"EDUCATIONxINCOME :: High school graduate | $50,000-$75,000",ADMISSIONe_W43,3,"0.383882,0.386892,0.229226"
EDUCATIONxINCOME,"EDUCATIONxINCOME :: High school graduate | $75,000-$100,000",ADMISSIONe_W43,3,"0.400155,0.378859,0.220986"
EDUCATIONxINCOME,"EDUCATIONxINCOME :: High school graduate | Less than $30,000",ADMISSIONe_W43,3,"0.339855,0.376185,0.283960"
EDUCATIONxINCOME,EDUCATIONxINCOME :: High school graduate | Refused,ADMISSIONe_W43,3,"0.338820,0.355081,0.306099"
EDUCATIONxINCOME,"EDUCATIONxINCOME :: Less than high school | $30,000-$50,000",ADMISSIONe_W43,3,"0.398354,0.354303,0.247343"
EDUCATIONxINCOME,"EDUCATIONxINCOME :: Less than high school | Less than $30,000",ADMISSIONe_W43,3,"0.350919,0.364898,0.284183"
EDUCATIONxINCOME,"EDUCATIONxINCOME :: Postgraduate | $100,000 or more",ADMISSIONe_W43,3,"0.459693,0.336319,0.203988"
EDUCATIONxINCOME,"EDUCATIONxINCOME :: Postgraduate | $30,000-$50,000",ADMISSIONe_W43,3,"0.410065,0.350747,0.239189"
EDUCATIONxINCOME,"EDUCATIONxINCOME :: Postgraduate | $50,000-$75,000",ADMISSIONe_W43,3,"0.390805,0.375834,0.233361"
EDUCATIONxINCOME,"EDUCATIONxINCOME :: Postgraduate | $75,000-$100,000",ADMISSIONe_W43,3,"0.429563,0.356120,0.214317"
EDUCATIONxINCOME,"EDUCATIONxINCOME :: Postgraduate | Less than $30,000",ADMISSIONe_W43,3,"0.371759,0.351974,0.276267"
EDUCATIONxINCOME,"EDUCATIONxINCOME :: Some college, no degree | $100,000 or more",ADMISSIONe_W43,3,"0.411212,0.354487,0.234301"
EDUCATIONxINCOME,"EDUCATIONxINCOME :: Some college, no degree | $30,000-$50,000",ADMISSIONe_W43,3,"0.387315,0.352654,0.260031"
EDUCATIONxINCOME,"EDUCATIONxINCOME :: Some college, no degree | $50,000-$75,000",ADMISSIONe_W43,3,"0.368503,0.380200,0.251297"
EDUCATIONxINCOME,"EDUCATIONxINCOME :: Some college, no degree | $75,000-$100,000",ADMISSIONe_W43,3,"0.396514,0.366716,0.236770"
EDUCATIONxINCOME,"EDUCATIONxINCOME :: Some college, no degree | Less than $30,000",ADMISSIONe_W43,3,"0.353480,0.364701,0.281819"
EDUCATIONxINCOME,"EDUCATIONxINCOME :: Some college, no degree | Refused",ADMISSIONe_W43,3,"0.316945,0.309603,0.373452"
EDUCATIONxINCOME,"EDUCATIONxINCOME :: Associate's degree | $100,000 or more",ADMISSIONg_W43,3,"0.478807,0.301980,0.219214"
EDUCATIONxINCOME,"EDUCATIONxINCOME :: Associate's degree | $30,000-$50,000",ADMISSIONg_W43,3,"0.402213,0.336062,0.261725"
EDUCATIONxINCOME,"EDUCATIONxINCOME :: Associate's degree | $50,000-$75,000",ADMISSIONg_W43,3,"0.373075,0.364433,0.262491"
EDUCATIONxINCOME,"EDUCATIONxINCOME :: Associate's degree | $75,000-$100,000",ADMISSIONg_W43,3,"0.396483,0.355405,0.248113"
EDUCATIONxINCOME,"EDUCATIONxINCOME :: Associate's degree | Less than $30,000",ADMISSIONg_W43,3,"0.339876,0.350664,0.309460"
EDUCATIONxINCOME,"EDUCATIONxINCOME :: College graduate/some postgrad | $100,000 or more",ADMISSIONg_W43,3,"0.430438,0.322383,0.247180"
EDUCATIONxINCOME,"EDUCATIONxINCOME :: College graduate/some postgrad | $30,000-$50,000",ADMISSIONg_W43,3,"0.413534,0.329698,0.256769"
EDUCATIONxINCOME,"EDUCATIONxINCOME :: College graduate/some postgrad | $50,000-$75,000",ADMISSIONg_W43,3,"0.376252,0.359022,0.264726"
EDUCATIONxINCOME,"EDUCATIONxINCOME :: College graduate/some postgrad | $75,000-$100,000",ADMISSIONg_W43,3,"0.396900,0.344833,0.258268"
EDUCATIONxINCOME,"EDUCATIONxINCOME :: College graduate/some postgrad | Less than $30,000",ADMISSIONg_W43,3,"0.330652,0.343823,0.325525"
EDUCATIONxINCOME,EDUCATIONxINCOME :: College graduate/some postgrad | Refused,ADMISSIONg_W43,3,"0.350887,0.319486,0.329627"
EDUCATIONxINCOME,"EDUCATIONxINCOME :: High school graduate | $100,000 or more",ADMISSIONg_W43,3,"0.408686,0.333560,0.257755"
EDUCATIONxINCOME,"EDUCATIONxINCOME :: High school graduate | $30,000-$50,000",ADMISSIONg_W43,3,"0.381141,0.344333,0.274526"
EDUCATIONxINCOME,"EDUCATIONxINCOME :: High school graduate | $50,000-$75,000",ADMISSIONg_W43,3,"0.374137,0.362626,0.263238"
EDUCATIONxINCOME,"EDUCATIONxINCOME :: High school graduate | $75,000-$100,000",ADMISSIONg_W43,3,"0.383327,0.357300,0.259372"
EDUCATIONxINCOME,"EDUCATIONxINCOME :: High school graduate | Less than $30,000",ADMISSIONg_W43,3,"0.316915,0.353545,0.329540"
EDUCATIONxINCOME,EDUCATIONxINCOME :: High school graduate | Refused,ADMISSIONg_W43,3,"0.337686,0.332451,0.329863"
EDUCATIONxINCOME,"EDUCATIONxINCOME :: Less than high school | $30,000-$50,000",ADMISSIONg_W43,3,"0.384552,0.334104,0.281344"
EDUCATIONxINCOME,"EDUCATIONxINCOME :: Less than high school | Less than $30,000",ADMISSIONg_W43,3,"0.327243,0.342948,0.329809"
EDUCATIONxINCOME,"EDUCATIONxINCOME :: Postgraduate | $100,000 or more",ADMISSIONg_W43,3,"0.419673,0.321774,0.258553"
EDUCATIONxINCOME,"EDUCATIONxINCOME :: Postgraduate | $30,000-$50,000",ADMISSIONg_W43,3,"0.385395,0.334837,0.279767"
EDUCATIONxINCOME,"EDUCATIONxINCOME :: Postgraduate | $50,000-$75,000",ADMISSIONg_W43,3,"0.365284,0.356822,0.277894"
EDUCATIONxINCOME,"EDUCATIONxINCOME :: Postgraduate | $75,000-$100,000",ADMISSIONg_W43,3,"0.396351,0.341676,0.261972"
EDUCATIONxINCOME,"EDUCATIONxINCOME :: Postgraduate | Less than $30,000",ADMISSIONg_W43,3,"0.335941,0.330733,0.333327"
EDUCATIONxINCOME,"EDUCATIONxINCOME :: Some college, no degree | $100,000 or more",ADMISSIONg_W43,3,"0.392461,0.335690,0.271850"
EDUCATIONxINCOME,"EDUCATIONxINCOME :: Some college, no degree | $30,000-$50,000",ADMISSIONg_W43,3,"0.371000,0.337799,0.291201"
EDUCATIONxINCOME,"EDUCATIONxINCOME :: Some college, no degree | $50,000-$75,000",ADMISSIONg_W43,3,"0.353702,0.362090,0.284208"
EDUCATIONxINCOME,"EDUCATIONxINCOME :: Some college, no degree | $75,000-$100,000",ADMISSIONg_W43,3,"0.377249,0.348898,0.273853"
EDUCATIONxINCOME,"EDUCATIONxINCOME :: Some college, no degree | Less than $30,000",ADMISSIONg_W43,3,"0.330652,0.343823,0.325525"
EDUCATIONxINCOME,"EDUCATIONxINCOME :: Some college, no degree | Refused",ADMISSIONg_W43,3,"0.320115,0.293754,0.386132"
EDUCATIONxINCOME,"EDUCATIONxINCOME :: Associate's degree | $100,000 or more",BENEFITSb_W54,2,"0.629775,0.370225"
EDUCATIONxINCOME,"EDUCATIONxINCOME :: Associate's degree | $30,000-$50,000",BENEFITSb_W54,2,"0.592667,0.407333"
EDUCATIONxINCOME,"EDUCATIONxINCOME :: Associate's degree | $50,000-$75,000",BENEFITSb_W54,2,"0.567937,0.432063"
EDUCATIONxINCOME,"EDUCATIONxINCOME :: Associate's degree | $75,000-$100,000",BENEFITSb_W54,2,"0.594551,0.405449"
EDUCATIONxINCOME,"EDUCATIONxINCOME :: Associate's degree | Less than $30,000",BENEFITSb_W54,2,"0.588889,0.411111"
EDUCATIONxINCOME,EDUCATIONxINCOME :: Associate's degree | Refused,BENEFITSb_W54,2,"0.562177,0.437824"
EDUCATIONxINCOME,"EDUCATIONxINCOME :: College graduate/some postgrad | $100,000 or more",BENEFITSb_W54,2,"0.586996,0.413004"
EDUCATIONxINCOME,"EDUCATIONxINCOME :: College graduate/some postgrad | $30,000-$50,000",BENEFITSb_W54,2,"0.581303,0.418697"
EDUCATIONxINCOME,"EDUCATIONxINCOME :: College graduate/some postgrad | $50,000-$75,000",BENEFITSb_W54,2,"0.556400,0.443600"
EDUCATIONxINCOME,"EDUCATIONxINCOME :: College graduate/some postgrad | $75,000-$100,000",BENEFITSb_W54,2,"0.579400,0.420600"
EDUCATIONxINCOME,"EDUCATIONxINCOME :: College graduate/some postgrad | Less than $30,000",BENEFITSb_W54,2,"0.569853,0.430147"
EDUCATIONxINCOME,EDUCATIONxINCOME :: College graduate/some postgrad | Refused,BENEFITSb_W54,2,"0.546738,0.453262"
EDUCATIONxINCOME,"EDUCATIONxINCOME :: High school graduate | $100,000 or more",BENEFITSb_W54,2,"0.583203,0.416797"
EDUCATIONxINCOME,"EDUCATIONxINCOME :: High school graduate | $30,000-$50,000",BENEFITSb_W54,2,"0.575588,0.424412"
EDUCATIONxINCOME,"EDUCATIONxINCOME :: High school graduate | $50,000-$75,000",BENEFITSb_W54,2,"0.560253,0.439747"
EDUCATIONxINCOME,"EDUCATIONxINCOME :: High school graduate | $75,000-$100,000",BENEFITSb_W54,2,"0.577495,0.422505"
EDUCATIONxINCOME,"EDUCATIONxINCOME :: High school graduate | Less than $30,000",BENEFITSb_W54,2,"0.567937,0.432063"
EDUCATIONxINCOME,EDUCATIONxINCOME :: High school graduate | Refused,BENEFITSb_W54,2,"0.546738,0.453262"
EDUCATIONxINCOME,"EDUCATIONxINCOME :: Less than high school | $30,000-$50,000",BENEFITSb_W54,2,"0.575588,0.424412"
EDUCATIONxINCOME,"EDUCATIONxINCOME :: Less than high school | Less than $30,000",BENEFITSb_W54,2,"0.579400,0.420600"
EDUCATIONxINCOME,"EDUCATIONxINCOME :: Postgraduate | $100,000 or more",BENEFITSb_W54,2,"0.603932,0.396068"
EDUCATIONxINCOME,"EDUCATIONxINCOME :: Postgraduate | $30,000-$50,000",BENEFITSb_W54,2,"0.585101,0.414899"
EDUCATIONxINCOME,"EDUCATIONxINCOME :: Postgraduate | $50,000-$75,000",BENEFITSb_W54,2,"0.567937,0.432063"
EDUCATIONxINCOME,"EDUCATIONxINCOME :: Postgraduate | $75,000-$100,000",BENEFITSb_W54,2,"0.596433,0.403567"
EDUCATIONxINCOME,"EDUCATIONxINCOME :: Postgraduate | Less than $30,000",BENEFITSb_W54,2,"0.598312,0.401688"
EDUCATIONxINCOME,EDUCATIONxINCOME :: Postgraduate | Refused,BENEFITSb_W54,2,"0.564098,0.435902"
EDUCATIONxINCOME,"EDUCATIONxINCOME :: Some college, no degree | $100,000 or more",BENEFITSb_W54,2,"0.567937,0.432063"
EDUCATIONxINCOME,"EDUCATIONxINCOME :: Some college, no degree | $30,000-$50,000",BENEFITSb_W54,2,"0.558327,0.441673"
EDUCATIONxINCOME,"EDUCATIONxINCOME :: Some college, no degree | $50,000-$75,000",BENEFITSb_W54,2,"0.540924,0.459076"
EDUCATIONxINCOME,"EDUCATIONxINCOME :: Some college, no degree | $75,000-$100,000",BENEFITSb_W54,2,"0.566019,0.433981"
EDUCATIONxINCOME,"EDUCATIONxINCOME :: Some college, no degree | Less than $30,000",BENEFITSb_W54,2,"0.562177,0.437824"
EDUCATIONxINCOME,"EDUCATIONxINCOME :: Some college, no degree | Refused",BENEFITSb_W54,2,"0.552540,0.447460"
EDUCATIONxINCOME,"EDUCATIONxINCOME :: Associate's degree | $100,000 or more",BETTERPOL1F1C_W36,3,"0.183036,0.274770,0.542193"
EDUCATIONxINCOME,"EDUCATIONxINCOME :: Associate's degree | $30,000-$50,000",BETTERPOL1F1C_W36,3,"0.163270,0.271298,0.565433"
EDUCATIONxINCOME,"EDUCATIONxINCOME :: Associate's degree | $50,000-$75,000",BETTERPOL1F1C_W36,3,"0.156170,0.263587,0.580243"
EDUCATIONxINCOME,"EDUCATIONxINCOME :: Associate's degree | $75,000-$100,000",BETTERPOL1F1C_W36,3,"0.155571,0.270911,0.573518"
EDUCATIONxINCOME,"EDUCATIONxINCOME :: Associate's degree | Less than $30,000",BETTERPOL1F1C_W36,3,"0.152546,0.253478,0.593976"
EDUCATIONxINCOME,"EDUCATIONxINCOME :: College graduate/some postgrad | $100,000 or more",BETTERPOL1F1C_W36,3,"0.175379,0.275910,0.548712"
EDUCATIONxINCOME,"EDUCATIONxINCOME :: College graduate/some postgrad | $30,000-$50,000",BETTERPOL1F1C_W36,3,"0.172387,0.275473,0.552140"
EDUCATIONxINCOME,"EDUCATIONxINCOME :: College graduate/some postgrad | $50,000-$75,000",BETTERPOL1F1C_W36,3,"0.168638,0.265305,0.566056"
EDUCATIONxINCOME,"EDUCATIONxINCOME :: College graduate/some postgrad | $75,000-$100,000",BETTERPOL1F1C_W36,3,"0.165765,0.269063,0.565173"
EDUCATIONxINCOME,"EDUCATIONxINCOME :: College graduate/some postgrad | Less than $30,000",BETTERPOL1F1C_W36,3,"0.163669,0.251523,0.584808"
EDUCATIONxINCOME,EDUCATIONxINCOME :: College graduate/some postgrad | Refused,BETTERPOL1F1C_W36,3,"0.184254,0.234745,0.581001"
EDUCATIONxINCOME,"EDUCATIONxINCOME :: High school graduate | $100,000 or more",BETTERPOL1F1C_W36,3,"0.186569,0.269343,0.544088"
EDUCATIONxINCOME,"EDUCATIONxINCOME :: High school graduate | $30,000-$50,000",BETTERPOL1F1C_W36,3,"0.174402,0.253754,0.571844"
EDUCATIONxINCOME,"EDUCATIONxINCOME :: High school graduate | $50,000-$75,000",BETTERPOL1F1C_W36,3,"0.163285,0.239442,0.597273"
EDUCATIONxINCOME,"EDUCATIONxINCOME :: High school graduate | $75,000-$100,000",BETTERPOL1F1C_W36,3,"0.168849,0.255461,0.575690"
EDUCATIONxINCOME,"EDUCATIONxINCOME :: High school graduate | Less than $30,000",BETTERPOL1F1C_W36,3,"0.164355,0.239136,0.596509"
EDUCATIONxINCOME,"EDUCATIONxINCOME :: Less than high school | Less than $30,000",BETTERPOL1F1C_W36,3,"0.174832,0.256375,0.568793"
EDUCATIONxINCOME,"EDUCATIONxINCOME :: Postgraduate | $100,000 or more",BETTERPOL1F1C_W36,3,"0.180296,0.281438,0.538265"
EDUCATIONxINCOME,"EDUCATIONxINCOME :: Postgraduate | $30,000-$50,000",BETTERPOL1F1C_W36,3,"0.182261,0.273607,0.544132"
EDUCATIONxINCOME,"EDUCATIONxINCOME :: Postgraduate | $50,000-$75,000",BETTERPOL1F1C_W36,3,"0.180319,0.268584,0.551098"
EDUCATIONxINCOME,"EDUCATIONxINCOME :: Postgraduate | $75,000-$100,000",BETTERPOL1F1C_W36,3,"0.177269,0.272423,0.550309"
EDUCATIONxINCOME,"EDUCATIONxINCOME :: Postgraduate | Less than $30,000",BETTERPOL1F1C_W36,3,"0.173421,0.262378,0.564201"
EDUCATIONxINCOME,EDUCATIONxINCOME :: Postgraduate | Refused,BETTERPOL1F1C_W36,3,"0.200706,0.253717,0.545577"
EDUCATIONxINCOME,"EDUCATIONxINCOME :: Some college, no degree | $100,000 or more",BETTERPOL1F1C_W36,3,"0.220491,0.278727,0.500782"
EDUCATIONxINCOME,"EDUCATIONxINCOME :: Some college, no degree | $30,000-$50,000",BETTERPOL1F1C_W36,3,"0.203737,0.267808,0.528455"
EDUCATIONxINCOME,"EDUCATIONxINCOME :: Some college, no degree | $50,000-$75,000",BETTERPOL1F1C_W36,3,"0.202897,0.266702,0.530401"
EDUCATIONxINCOME,"EDUCATIONxINCOME :: Some college, no degree | $75,000-$100,000",BETTERPOL1F1C_W36,3,"0.202048,0.269769,0.528183"
EDUCATIONxINCOME,"EDUCATIONxINCOME :: Some college, no degree | Less than $30,000",BETTERPOL1F1C_W36,3,"0.187124,0.249844,0.563032"
EDUCATIONxINCOME,"EDUCATIONxINCOME :: Some college, no degree | Refused",BETTERPOL1F1C_W36,3,"0.186563,0.201722,0.611715"
EDUCATIONxINCOME,"EDUCATIONxINCOME :: Associate's degree | $100,000 or more",BETTERPOL2F1A_W36,3,"0.257009,0.235845,0.507146"
EDUCATIONxINCOME,"EDUCATIONxINCOME :: Associate's degree | $30,000-$50,000",BETTERPOL2F1A_W36,3,"0.207548,0.237027,0.555426"
EDUCATIONxINCOME,"EDUCATIONxINCOME :: Associate's degree | $50,000-$75,000",BETTERPOL2F1A_W36,3,"0.199831,0.226438,0.573731"
EDUCATIONxINCOME,"EDUCATIONxINCOME :: Associate's degree | $75,000-$100,000",BETTERPOL2F1A_W36,3,"0.208533,0.229028,0.562439"
EDUCATIONxINCOME,"EDUCATIONxINCOME :: Associate's degree | Less than $30,000",BETTERPOL2F1A_W36,3,"0.196373,0.217365,0.586262"
EDUCATIONxINCOME,"EDUCATIONxINCOME :: College graduate/some postgrad | $100,000 or more",BETTERPOL2F1A_W36,3,"0.243620,0.220092,0.536288"
EDUCATIONxINCOME,"EDUCATIONxINCOME :: College graduate/some postgrad | $30,000-$50,000",BETTERPOL2F1A_W36,3,"0.214046,0.235083,0.550871"
EDUCATIONxINCOME,"EDUCATIONxINCOME :: College graduate/some postgrad | $50,000-$75,000",BETTERPOL2F1A_W36,3,"0.205728,0.217292,0.576979"
EDUCATIONxINCOME,"EDUCATIONxINCOME :: College graduate/some postgrad | $75,000-$100,000",BETTERPOL2F1A_W36,3,"0.212773,0.217818,0.569409"
EDUCATIONxINCOME,"EDUCATIONxINCOME :: College graduate/some postgrad | Less than $30,000",BETTERPOL2F1A_W36,3,"0.198071,0.205961,0.595968"
EDUCATIONxINCOME,EDUCATIONxINCOME :: College graduate/some postgrad | Refused,BETTERPOL2F1A_W36,3,"0.213047,0.203290,0.583663"
EDUCATIONxINCOME,"EDUCATIONxINCOME :: High school graduate | $100,000 or more",BETTERPOL2F1A_W36,3,"0.248998,0.219740,0.531263"
EDUCATIONxINCOME,"EDUCATIONxINCOME :: High school graduate | $30,000-$50,000",BETTERPOL2F1A_W36,3,"0.206769,0.213333,0.579898"
EDUCATIONxINCOME,"EDUCATIONxINCOME :: High school graduate | $50,000-$75,000",BETTERPOL2F1A_W36,3,"0.201205,0.202783,0.596012"
EDUCATIONxINCOME,"EDUCATIONxINCOME :: High school graduate | $75,000-$100,000",BETTERPOL2F1A_W36,3,"0.210988,0.210988,0.578024"
EDUCATIONxINCOME,"EDUCATIONxINCOME :: High school graduate | Less than $30,000",BETTERPOL2F1A_W36,3,"0.196539,0.198080,0.605381"
EDUCATIONxINCOME,"EDUCATIONxINCOME :: Less than high school | Less than $30,000",BETTERPOL2F1A_W36,3,"0.211827,0.216850,0.571324"
EDUCATIONxINCOME,"EDUCATIONxINCOME :: Postgraduate | $100,000 or more",BETTERPOL2F1A_W36,3,"0.252374,0.229789,0.517837"
EDUCATIONxINCOME,"EDUCATIONxINCOME :: Postgraduate | $30,000-$50,000",BETTERPOL2F1A_W36,3,"0.216812,0.238122,0.545066"
EDUCATIONxINCOME,"EDUCATIONxINCOME :: Postgraduate | $50,000-$75,000",BETTERPOL2F1A_W36,3,"0.216540,0.230506,0.552954"
EDUCATIONxINCOME,"EDUCATIONxINCOME :: Postgraduate | $75,000-$100,000",BETTERPOL2F1A_W36,3,"0.222440,0.231301,0.546259"
EDUCATIONxINCOME,"EDUCATIONxINCOME :: Postgraduate | Less than $30,000",BETTERPOL2F1A_W36,3,"0.211499,0.226905,0.561596"
EDUCATIONxINCOME,EDUCATIONxINCOME :: Postgraduate | Refused,BETTERPOL2F1A_W36,3,"0.226520,0.230087,0.543393"
EDUCATIONxINCOME,"EDUCATIONxINCOME :: Some college, no degree | $100,000 or more",BETTERPOL2F1A_W36,3,"0.274390,0.240264,0.485346"
EDUCATIONxINCOME,"EDUCATIONxINCOME :: Some college, no degree | $30,000-$50,000",BETTERPOL2F1A_W36,3,"0.230573,0.241639,0.527788"
EDUCATIONxINCOME,"EDUCATIONxINCOME :: Some college, no degree | $50,000-$75,000",BETTERPOL2F1A_W36,3,"0.229949,0.235402,0.534648"
EDUCATIONxINCOME,"EDUCATIONxINCOME :: Some college, no degree | $75,000-$100,000",BETTERPOL2F1A_W36,3,"0.238461,0.236606,0.524933"
EDUCATIONxINCOME,"EDUCATIONxINCOME :: Some college, no degree | Less than $30,000",BETTERPOL2F1A_W36,3,"0.218850,0.222297,0.558853"
EDUCATIONxINCOME,"EDUCATIONxINCOME :: Some college, no degree | Refused",BETTERPOL2F1A_W36,3,"0.208155,0.189528,0.602317"
EDUCATIONxINCOME,"EDUCATIONxINCOME :: Associate's degree | $100,000 or more",BIO15_W34,2,"0.721743,0.278257"
EDUCATIONxINCOME,"EDUCATIONxINCOME :: Associate's degree | $30,000-$50,000",BIO15_W34,2,"0.672332,0.327668"
EDUCATIONxINCOME,"EDUCATIONxINCOME :: Associate's degree | $50,000-$75,000",BIO15_W34,2,"0.660172,0.339828"
EDUCATIONxINCOME,"EDUCATIONxINCOME :: Associate's degree | $75,000-$100,000",BIO15_W34,2,"0.663669,0.336331"
EDUCATIONxINCOME,"EDUCATIONxINCOME :: Associate's degree | Less than $30,000",BIO15_W34,2,"0.581303,0.418697"
EDUCATIONxINCOME,"EDUCATIONxINCOME :: College graduate/some postgrad | $100,000 or more",BIO15_W34,2,"0.677474,0.322526"
EDUCATIONxINCOME,"EDUCATIONxINCOME :: College graduate/some postgrad | $30,000-$50,000",BIO15_W34,2,"0.680879,0.319121"
EDUCATIONxINCOME,"EDUCATIONxINCOME :: College graduate/some postgrad | $50,000-$75,000",BIO15_W34,2,"0.663669,0.336331"
EDUCATIONxINCOME,"EDUCATIONxINCOME :: College graduate/some postgrad | $75,000-$100,000",BIO15_W34,2,"0.665411,0.334589"
EDUCATIONxINCOME,"EDUCATIONxINCOME :: College graduate/some postgrad | Less than $30,000",BIO15_W34,2,"0.585101,0.414899"
EDUCATIONxINCOME,"EDUCATIONxINCOME :: High school graduate | $100,000 or more",BIO15_W34,2,"0.651355,0.348645"
EDUCATIONxINCOME,"EDUCATIONxINCOME :: High school graduate | $30,000-$50,000",BIO15_W34,2,"0.661923,0.338077"
EDUCATIONxINCOME,"EDUCATIONxINCOME :: High school graduate | $50,000-$75,000",BIO15_W34,2,"0.685949,0.314051"
EDUCATIONxINCOME,"EDUCATIONxINCOME :: High school graduate | $75,000-$100,000",BIO15_W34,2,"0.649579,0.350421"
EDUCATIONxINCOME,"EDUCATIONxINCOME :: High school graduate | Less than $30,000",BIO15_W34,2,"0.566019,0.433981"
EDUCATIONxINCOME,"EDUCATIONxINCOME :: Less than high school | Less than $30,000",BIO15_W34,2,"0.550607,0.449393"
EDUCATIONxINCOME,"EDUCATIONxINCOME :: Postgraduate | $100,000 or more",BIO15_W34,2,"0.668880,0.331120"
EDUCATIONxINCOME,"EDUCATIONxINCOME :: Postgraduate | $30,000-$50,000",BIO15_W34,2,"0.642432,0.357568"
EDUCATIONxINCOME,"EDUCATIONxINCOME :: Postgraduate | $50,000-$75,000",BIO15_W34,2,"0.633410,0.366590"
EDUCATIONxINCOME,"EDUCATIONxINCOME :: Postgraduate | $75,000-$100,000",BIO15_W34,2,"0.644225,0.355775"
EDUCATIONxINCOME,"EDUCATIONxINCOME :: Postgraduate | Less than $30,000",BIO15_W34,2,"0.558327,0.441673"
EDUCATIONxINCOME,"EDUCATIONxINCOME :: Some college, no degree | $100,000 or more",BIO15_W34,2,"0.605799,0.394201"
EDUCATIONxINCOME,"EDUCATIONxINCOME :: Some college, no degree | $30,000-$50,000",BIO15_W34,2,"0.596433,0.403567"
EDUCATIONxINCOME,"EDUCATIONxINCOME :: Some college, no degree | $50,000-$75,000",BIO15_W34,2,"0.590779,0.409221"
EDUCATIONxINCOME,"EDUCATIONxINCOME :: Some college, no degree | $75,000-$100,000",BIO15_W34,2,"0.598312,0.401688"
EDUCATIONxINCOME,"EDUCATIONxINCOME :: Some college, no degree | Less than $30,000",BIO15_W34,2,"0.527317,0.472683"
EDUCATIONxINCOME,"EDUCATIONxINCOME :: Associate's degree | $100,000 or more",BIOTECHD_W34,2,"0.800692,0.199308"
EDUCATIONxINCOME,"EDUCATIONxINCOME :: Associate's degree | $30,000-$50,000",BIOTECHD_W34,2,"0.744656,0.255344"
EDUCATIONxINCOME,"EDUCATIONxINCOME :: Associate's degree | $50,000-$75,000",BIOTECHD_W34,2,"0.757794,0.242206"
EDUCATIONxINCOME,"EDUCATIONxINCOME :: Associate's degree | $75,000-$100,000",BIOTECHD_W34,2,"0.759225,0.240775"
EDUCATIONxINCOME,"EDUCATIONxINCOME :: Associate's degree | Less than $30,000",BIOTECHD_W34,2,"0.692642,0.307358"
EDUCATIONxINCOME,"EDUCATIONxINCOME :: College graduate/some postgrad | $100,000 or more",BIOTECHD_W34,2,"0.782663,0.217338"
EDUCATIONxINCOME,"EDUCATIONxINCOME :: College graduate/some postgrad | $30,000-$50,000",BIOTECHD_W34,2,"0.752013,0.247987"
EDUCATIONxINCOME,"EDUCATIONxINCOME :: College graduate/some postgrad | $50,000-$75,000",BIOTECHD_W34,2,"0.763484,0.236516"
EDUCATIONxINCOME,"EDUCATIONxINCOME :: College graduate/some postgrad | $75,000-$100,000",BIOTECHD_W34,2,"0.764892,0.235108"
EDUCATIONxINCOME,"EDUCATIONxINCOME :: College graduate/some postgrad | Less than $30,000",BIOTECHD_W34,2,"0.699254,0.300746"
EDUCATIONxINCOME,"EDUCATIONxINCOME :: High school graduate | $100,000 or more",BIOTECHD_W34,2,"0.752013,0.247987"
EDUCATIONxINCOME,"EDUCATIONxINCOME :: High school graduate | $30,000-$50,000",BIOTECHD_W34,2,"0.744656,0.255344"
EDUCATIONxINCOME,"EDUCATIONxINCOME :: High school graduate | $50,000-$75,000",BIOTECHD_W34,2,"0.773216,0.226784"
EDUCATIONxINCOME,"EDUCATIONxINCOME :: High school graduate | $75,000-$100,000",BIOTECHD_W34,2,"0.753467,0.246533"
EDUCATIONxINCOME,"EDUCATIONxINCOME :: High school graduate | Less than $30,000",BIOTECHD_W34,2,"0.690976,0.309024"
EDUCATIONxINCOME,"EDUCATIONxINCOME :: Less than high school | Less than $30,000",BIOTECHD_W34,2,"0.665411,0.334589"
EDUCATIONxINCOME,"EDUCATIONxINCOME :: Postgraduate | $100,000 or more",BIOTECHD_W34,2,"0.764892,0.235108"
EDUCATIONxINCOME,"EDUCATIONxINCOME :: Postgraduate | $30,000-$50,000",BIOTECHD_W34,2,"0.723310,0.276691"
EDUCATIONxINCOME,"EDUCATIONxINCOME :: Postgraduate | $50,000-$75,000",BIOTECHD_W34,2,"0.740174,0.259826"
EDUCATIONxINCOME,"EDUCATIONxINCOME :: Postgraduate | $75,000-$100,000",BIOTECHD_W34,2,"0.746139,0.253861"
EDUCATIONxINCOME,"EDUCATIONxINCOME :: Postgraduate | Less than $30,000",BIOTECHD_W34,2,"0.679179,0.320821"
EDUCATIONxINCOME,"EDUCATIONxINCOME :: Some college, no degree | $100,000 or more",BIOTECHD_W34,2,"0.685949,0.314051"
EDUCATIONxINCOME,"EDUCATIONxINCOME :: Some college, no degree | $30,000-$50,000",BIOTECHD_W34,2,"0.672332,0.327668"
EDUCATIONxINCOME,"EDUCATIONxINCOME :: Some college, no degree | $50,000-$75,000",BIOTECHD_W34,2,"0.682574,0.317426"
EDUCATIONxINCOME,"EDUCATIONxINCOME :: Some college, no degree | $75,000-$100,000",BIOTECHD_W34,2,"0.685949,0.314051"
EDUCATIONxINCOME,"EDUCATIONxINCOME :: Some college, no degree | Less than $30,000",BIOTECHD_W34,2,"0.642432,0.357568"
EDUCATIONxINCOME,"EDUCATIONxINCOME :: Associate's degree | $100,000 or more",BOYSF1A_W29,3,"0.207179,0.325938,0.466884"
EDUCATIONxINCOME,"EDUCATIONxINCOME :: Associate's degree | $30,000-$50,000",BOYSF1A_W29,3,"0.194542,0.338775,0.466683"
EDUCATIONxINCOME,"EDUCATIONxINCOME :: Associate's degree | $50,000-$75,000",BOYSF1A_W29,3,"0.194173,0.354360,0.451467"
EDUCATIONxINCOME,"EDUCATIONxINCOME :: Associate's degree | $75,000-$100,000",BOYSF1A_W29,3,"0.205471,0.366291,0.428238"
EDUCATIONxINCOME,"EDUCATIONxINCOME :: Associate's degree | Less than $30,000",BOYSF1A_W29,3,"0.214397,0.391267,0.394336"
EDUCATIONxINCOME,"EDUCATIONxINCOME :: College graduate/some postgrad | $100,000 or more",BOYSF1A_W29,3,"0.213169,0.346007,0.440824"
EDUCATIONxINCOME,"EDUCATIONxINCOME :: College graduate/some postgrad | $30,000-$50,000",BOYSF1A_W29,3,"0.207472,0.313895,0.478633"
EDUCATIONxINCOME,"EDUCATIONxINCOME :: College graduate/some postgrad | $50,000-$75,000",BOYSF1A_W29,3,"0.210404,0.333608,0.455988"
EDUCATIONxINCOME,"EDUCATIONxINCOME :: College graduate/some postgrad | $75,000-$100,000",BOYSF1A_W29,3,"0.222042,0.346603,0.431355"
EDUCATIONxINCOME,"EDUCATIONxINCOME :: College graduate/some postgrad | Less than $30,000",BOYSF1A_W29,3,"0.230382,0.365285,0.404333"
EDUCATIONxINCOME,EDUCATIONxINCOME :: College graduate/some postgrad | Refused,BOYSF1A_W29,3,"0.213690,0.308498,0.477811"
EDUCATIONxINCOME,"EDUCATIONxINCOME :: High school graduate | $100,000 or more",BOYSF1A_W29,3,"0.220358,0.354892,0.424750"
EDUCATIONxINCOME,"EDUCATIONxINCOME :: High school graduate | $30,000-$50,000",BOYSF1A_W29,3,"0.215643,0.331395,0.452963"
EDUCATIONxINCOME,"EDUCATIONxINCOME :: High school graduate | $50,000-$75,000",BOYSF1A_W29,3,"0.206946,0.323038,0.470017"
EDUCATIONxINCOME,"EDUCATIONxINCOME :: High school graduate | $75,000-$100,000",BOYSF1A_W29,3,"0.223669,0.351881,0.424450"
EDUCATIONxINCOME,"EDUCATIONxINCOME :: High school graduate | Less than $30,000",BOYSF1A_W29,3,"0.229832,0.373054,0.397114"
EDUCATIONxINCOME,"EDUCATIONxINCOME :: Less than high school | Less than $30,000",BOYSF1A_W29,3,"0.244728,0.385011,0.370261"
EDUCATIONxINCOME,"EDUCATIONxINCOME :: Postgraduate | $100,000 or more",BOYSF1A_W29,3,"0.228490,0.376716,0.394795"
EDUCATIONxINCOME,"EDUCATIONxINCOME :: Postgraduate | $30,000-$50,000",BOYSF1A_W29,3,"0.226875,0.345943,0.427182"
EDUCATIONxINCOME,"EDUCATIONxINCOME :: Postgraduate | $50,000-$75,000",BOYSF1A_W29,3,"0.227259,0.354747,0.417994"
EDUCATIONxINCOME,"EDUCATIONxINCOME :: Postgraduate | $75,000-$100,000",BOYSF1A_W29,3,"0.234487,0.360355,0.405158"
EDUCATIONxINCOME,"EDUCATIONxINCOME :: Postgraduate | Less than $30,000",BOYSF1A_W29,3,"0.252043,0.378361,0.369596"
EDUCATIONxINCOME,EDUCATIONxINCOME :: Postgraduate | Refused,BOYSF1A_W29,3,"0.237144,0.326680,0.436175"
EDUCATIONxINCOME,"EDUCATIONxINCOME :: Some college, no degree | $100,000 or more",BOYSF1A_W29,3,"0.244533,0.339501,0.415965"
EDUCATIONxINCOME,"EDUCATIONxINCOME :: Some college, no degree | $30,000-$50,000",BOYSF1A_W29,3,"0.232664,0.308230,0.459107"
EDUCATIONxINCOME,"EDUCATIONxINCOME :: Some college, no degree | $50,000-$75,000",BOYSF1A_W29,3,"0.236123,0.322742,0.441136"
EDUCATIONxINCOME,"EDUCATIONxINCOME :: Some college, no degree | $75,000-$100,000",BOYSF1A_W29,3,"0.239372,0.327182,0.433446"
EDUCATIONxINCOME,"EDUCATIONxINCOME :: Some college, no degree | Less than $30,000",BOYSF1A_W29,3,"0.245587,0.346333,0.408080"
EDUCATIONxINCOME,"EDUCATIONxINCOME :: Some college, no degree | Refused",BOYSF1A_W29,3,"0.242468,0.279079,0.478453"
EDUCATIONxINCOME,"EDUCATIONxINCOME :: Associate's degree | $100,000 or more",BOYSF1B_W29,3,"0.169345,0.355714,0.474941"
EDUCATIONxINCOME,"EDUCATIONxINCOME :: Associate's degree | $30,000-$50,000",BOYSF1B_W29,3,"0.162211,0.368415,0.469373"
EDUCATIONxINCOME,"EDUCATIONxINCOME :: Associate's degree | $50,000-$75,000",BOYSF1B_W29,3,"0.165968,0.382884,0.451148"
EDUCATIONxINCOME,"EDUCATIONxINCOME :: Associate's degree | $75,000-$100,000",BOYSF1B_W29,3,"0.173489,0.397121,0.429390"
EDUCATIONxINCOME,"EDUCATIONxINCOME :: Associate's degree | Less than $30,000",BOYSF1B_W29,3,"0.179113,0.429669,0.391218"
EDUCATIONxINCOME,"EDUCATIONxINCOME :: College graduate/some postgrad | $100,000 or more",BOYSF1B_W29,3,"0.175107,0.370701,0.454192"
EDUCATIONxINCOME,"EDUCATIONxINCOME :: College graduate/some postgrad | $30,000-$50,000",BOYSF1B_W29,3,"0.171120,0.329843,0.499037"
EDUCATIONxINCOME,"EDUCATIONxINCOME :: College graduate/some postgrad | $50,000-$75,000",BOYSF1B_W29,3,"0.180430,0.358827,0.460743"
EDUCATIONxINCOME,"EDUCATIONxINCOME :: College graduate/some postgrad | $75,000-$100,000",BOYSF1B_W29,3,"0.188189,0.374259,0.437553"
EDUCATIONxINCOME,"EDUCATIONxINCOME :: College graduate/some postgrad | Less than $30,000",BOYSF1B_W29,3,"0.197169,0.401416,0.401416"
EDUCATIONxINCOME,EDUCATIONxINCOME :: College graduate/some postgrad | Refused,BOYSF1B_W29,3,"0.185298,0.322677,0.492024"
EDUCATIONxINCOME,"EDUCATIONxINCOME :: High school graduate | $100,000 or more",BOYSF1B_W29,3,"0.187295,0.387319,0.425386"
EDUCATIONxINCOME,"EDUCATIONxINCOME :: High school graduate | $30,000-$50,000",BOYSF1B_W29,3,"0.184195,0.363465,0.452340"
EDUCATIONxINCOME,"EDUCATIONxINCOME :: High school graduate | $50,000-$75,000",BOYSF1B_W29,3,"0.176844,0.357235,0.465922"
EDUCATIONxINCOME,"EDUCATIONxINCOME :: High school graduate | $75,000-$100,000",BOYSF1B_W29,3,"0.192150,0.388154,0.419695"
EDUCATIONxINCOME,"EDUCATIONxINCOME :: High school graduate | Less than $30,000",BOYSF1B_W29,3,"0.196405,0.419051,0.384543"
EDUCATIONxINCOME,"EDUCATIONxINCOME :: Less than high school | Less than $30,000",BOYSF1B_W29,3,"0.207439,0.425638,0.366923"
EDUCATIONxINCOME,"EDUCATIONxINCOME :: Postgraduate | $100,000 or more",BOYSF1B_W29,3,"0.186867,0.404978,0.408155"
EDUCATIONxINCOME,"EDUCATIONxINCOME :: Postgraduate | $30,000-$50,000",BOYSF1B_W29,3,"0.192448,0.373863,0.433689"
EDUCATIONxINCOME,"EDUCATIONxINCOME :: Postgraduate | $50,000-$75,000",BOYSF1B_W29,3,"0.196405,0.384543,0.419051"
EDUCATIONxINCOME,"EDUCATIONxINCOME :: Postgraduate | $75,000-$100,000",BOYSF1B_W29,3,"0.198365,0.391425,0.410210"
EDUCATIONxINCOME,"EDUCATIONxINCOME :: Postgraduate | Less than $30,000",BOYSF1B_W29,3,"0.208817,0.421823,0.369360"
EDUCATIONxINCOME,EDUCATIONxINCOME :: Postgraduate | Refused,BOYSF1B_W29,3,"0.204697,0.348202,0.447100"
EDUCATIONxINCOME,"EDUCATIONxINCOME :: Some college, no degree | $100,000 or more",BOYSF1B_W29,3,"0.208516,0.360283,0.431202"
EDUCATIONxINCOME,"EDUCATIONxINCOME :: Some college, no degree | $30,000-$50,000",BOYSF1B_W29,3,"0.202092,0.328028,0.469879"
EDUCATIONxINCOME,"EDUCATIONxINCOME :: Some college, no degree | $50,000-$75,000",BOYSF1B_W29,3,"0.205809,0.344664,0.449527"
EDUCATIONxINCOME,"EDUCATIONxINCOME :: Some college, no degree | $75,000-$100,000",BOYSF1B_W29,3,"0.207408,0.350067,0.442526"
EDUCATIONxINCOME,"EDUCATIONxINCOME :: Some college, no degree | Less than $30,000",BOYSF1B_W29,3,"0.210324,0.377883,0.411793"
EDUCATIONxINCOME,"EDUCATIONxINCOME :: Some college, no degree | Refused",BOYSF1B_W29,3,"0.201553,0.307332,0.491115"
EDUCATIONxINCOME,"EDUCATIONxINCOME :: Associate's degree | $100,000 or more",CAREGIV4_W27,2,"0.757794,0.242206"
EDUCATIONxINCOME,"EDUCATIONxINCOME :: Associate's degree | $30,000-$50,000",CAREGIV4_W27,2,"0.699254,0.300746"
EDUCATIONxINCOME,"EDUCATIONxINCOME :: Associate's degree | $50,000-$75,000",CAREGIV4_W27,2,"0.684264,0.315736"
EDUCATIONxINCOME,"EDUCATIONxINCOME :: Associate's degree | $75,000-$100,000",CAREGIV4_W27,2,"0.692642,0.307358"
EDUCATIONxINCOME,"EDUCATIONxINCOME :: Associate's degree | Less than $30,000",CAREGIV4_W27,2,"0.646014,0.353986"
EDUCATIONxINCOME,"EDUCATIONxINCOME :: College graduate/some postgrad | $100,000 or more",CAREGIV4_W27,2,"0.718594,0.281406"
EDUCATIONxINCOME,"EDUCATIONxINCOME :: College graduate/some postgrad | $30,000-$50,000",CAREGIV4_W27,2,"0.721743,0.278257"
EDUCATIONxINCOME,"EDUCATIONxINCOME :: College graduate/some postgrad | $50,000-$75,000",CAREGIV4_W27,2,"0.700895,0.299105"
EDUCATIONxINCOME,"EDUCATIONxINCOME :: College graduate/some postgrad | $75,000-$100,000",CAREGIV4_W27,2,"0.704160,0.295840"
EDUCATIONxINCOME,"EDUCATIONxINCOME :: College graduate/some postgrad | Less than $30,000",CAREGIV4_W27,2,"0.654895,0.345105"
EDUCATIONxINCOME,"EDUCATIONxINCOME :: High school graduate | $100,000 or more",CAREGIV4_W27,2,"0.677474,0.322526"
EDUCATIONxINCOME,"EDUCATIONxINCOME :: High school graduate | $30,000-$50,000",CAREGIV4_W27,2,"0.692642,0.307358"
EDUCATIONxINCOME,"EDUCATIONxINCOME :: High school graduate | $50,000-$75,000",CAREGIV4_W27,2,"0.712232,0.287768"
EDUCATIONxINCOME,"EDUCATIONxINCOME :: High school graduate | $75,000-$100,000",CAREGIV4_W27,2,"0.684264,0.315736"
EDUCATIONxINCOME,"EDUCATIONxINCOME :: High school graduate | Less than $30,000",CAREGIV4_W27,2,"0.629775,0.370225"
EDUCATIONxINCOME,"EDUCATIONxINCOME :: Less than high school | Less than $30,000",CAREGIV4_W27,2,"0.629775,0.370225"
EDUCATIONxINCOME,"EDUCATIONxINCOME :: Postgraduate | $100,000 or more",CAREGIV4_W27,2,"0.694303,0.305697"
EDUCATIONxINCOME,"EDUCATIONxINCOME :: Postgraduate | $30,000-$50,000",CAREGIV4_W27,2,"0.684264,0.315736"
EDUCATIONxINCOME,"EDUCATIONxINCOME :: Postgraduate | $50,000-$75,000",CAREGIV4_W27,2,"0.668880,0.331120"
EDUCATIONxINCOME,"EDUCATIONxINCOME :: Postgraduate | $75,000-$100,000",CAREGIV4_W27,2,"0.682574,0.317426"
EDUCATIONxINCOME,"EDUCATIONxINCOME :: Postgraduate | Less than $30,000",CAREGIV4_W27,2,"0.646014,0.353986"
EDUCATIONxINCOME,"EDUCATIONxINCOME :: Some college, no degree | $100,000 or more",CAREGIV4_W27,2,"0.640636,0.359364"
EDUCATIONxINCOME,"EDUCATIONxINCOME :: Some college, no degree | $30,000-$50,000",CAREGIV4_W27,2,"0.654895,0.345105"
EDUCATIONxINCOME,"EDUCATIONxINCOME :: Some college, no degree | $50,000-$75,000",CAREGIV4_W27,2,"0.635222,0.364778"
EDUCATIONxINCOME,"EDUCATIONxINCOME :: Some college, no degree | $75,000-$100,000",CAREGIV4_W27,2,"0.644225,0.355775"
EDUCATIONxINCOME,"EDUCATIONxINCOME :: Some college, no degree | Less than $30,000",CAREGIV4_W27,2,"0.598312,0.401688"
EDUCATIONxINCOME,"EDUCATIONxINCOME :: Associate's degree | $100,000 or more",CARS3B_W27,4,"0.348453,0.260980,0.228521,0.162046"
EDUCATIONxINCOME,"EDUCATIONxINCOME :: Associate's degree | $30,000-$50,000",CARS3B_W27,4,"0.291246,0.284500,0.253039,0.171215"
EDUCATIONxINCOME,"EDUCATIONxINCOME :: Associate's degree | $50,000-$75,000",CARS3B_W27,4,"0.272304,0.301413,0.251840,0.174444"
EDUCATIONxINCOME,"EDUCATIONxINCOME :: Associate's degree | $75,000-$100,000",CARS3B_W27,4,"0.288582,0.300078,0.243011,0.168329"
EDUCATIONxINCOME,"EDUCATIONxINCOME :: Associate's degree | Less than $30,000",CARS3B_W27,4,"0.321461,0.279290,0.217511,0.181738"
EDUCATIONxINCOME,"EDUCATIONxINCOME :: College graduate/some postgrad | $100,000 or more",CARS3B_W27,4,"0.333607,0.270163,0.231083,0.165147"
EDUCATIONxINCOME,"EDUCATIONxINCOME :: College graduate/some postgrad | $30,000-$50,000",CARS3B_W27,4,"0.284193,0.288668,0.258760,0.168379"
EDUCATIONxINCOME,"EDUCATIONxINCOME :: College graduate/some postgrad | $50,000-$75,000",CARS3B_W27,4,"0.266807,0.302332,0.258598,0.172263"
EDUCATIONxINCOME,"EDUCATIONxINCOME :: College graduate/some postgrad | $75,000-$100,000",CARS3B_W27,4,"0.284224,0.297864,0.250826,0.167086"
EDUCATIONxINCOME,"EDUCATIONxINCOME :: College graduate/some postgrad | Less than $30,000",CARS3B_W27,4,"0.307044,0.277391,0.226400,0.189164"
EDUCATIONxINCOME,"EDUCATIONxINCOME :: High school graduate | $100,000 or more",CARS3B_W27,4,"0.317969,0.285026,0.225474,0.171531"
EDUCATIONxINCOME,"EDUCATIONxINCOME :: High school graduate | $30,000-$50,000",CARS3B_W27,4,"0.278703,0.299005,0.247884,0.174408"
EDUCATIONxINCOME,"EDUCATIONxINCOME :: High school graduate | $50,000-$75,000",CARS3B_W27,4,"0.260018,0.308779,0.257994,0.173209"
EDUCATIONxINCOME,"EDUCATIONxINCOME :: High school graduate | $75,000-$100,000",CARS3B_W27,4,"0.275654,0.309926,0.243263,0.171157"
EDUCATIONxINCOME,"EDUCATIONxINCOME :: High school graduate | Less than $30,000",CARS3B_W27,4,"0.301801,0.292515,0.212343,0.193341"
EDUCATIONxINCOME,"EDUCATIONxINCOME :: Less than high school | Less than $30,000",CARS3B_W27,4,"0.297465,0.288313,0.228074,0.186149"
EDUCATIONxINCOME,"EDUCATIONxINCOME :: Postgraduate | $100,000 or more",CARS3B_W27,4,"0.345373,0.275355,0.216129,0.163143"
EDUCATIONxINCOME,"EDUCATIONxINCOME :: Postgraduate | $30,000-$50,000",CARS3B_W27,4,"0.292641,0.288104,0.244511,0.174744"
EDUCATIONxINCOME,"EDUCATIONxINCOME :: Postgraduate | $50,000-$75,000",CARS3B_W27,4,"0.278840,0.303863,0.244161,0.173136"
EDUCATIONxINCOME,"EDUCATIONxINCOME :: Postgraduate | $75,000-$100,000",CARS3B_W27,4,"0.290513,0.299735,0.238969,0.170784"
EDUCATIONxINCOME,"EDUCATIONxINCOME :: Postgraduate | Less than $30,000",CARS3B_W27,4,"0.338830,0.270139,0.203911,0.187120"
EDUCATIONxINCOME,"EDUCATIONxINCOME :: Some college, no degree | $100,000 or more",CARS3B_W27,4,"0.307320,0.284224,0.231977,0.176479"
EDUCATIONxINCOME,"EDUCATIONxINCOME :: Some college, no degree | $30,000-$50,000",CARS3B_W27,4,"0.275569,0.286546,0.252876,0.185008"
EDUCATIONxINCOME,"EDUCATIONxINCOME :: Some college, no degree | $50,000-$75,000",CARS3B_W27,4,"0.264066,0.301573,0.250013,0.184348"
EDUCATIONxINCOME,"EDUCATIONxINCOME :: Some college, no degree | $75,000-$100,000",CARS3B_W27,4,"0.270569,0.299492,0.248288,0.181651"
EDUCATIONxINCOME,"EDUCATIONxINCOME :: Some college, no degree | Less than $30,000",CARS3B_W27,4,"0.288158,0.288158,0.220939,0.202745"
EDUCATIONxINCOME,"EDUCATIONxINCOME :: Associate's degree | $100,000 or more",COMMIMPD_W32,4,"0.405229,0.253586,0.208594,0.132591"
EDUCATIONxINCOME,"EDUCATIONxINCOME :: Associate's degree | $30,000-$50,000",COMMIMPD_W32,4,"0.327830,0.271781,0.245533,0.154856"
EDUCATIONxINCOME,"EDUCATIONxINCOME :: Associate's degree | $50,000-$75,000",COMMIMPD_W32,4,"0.311756,0.286084,0.246619,0.155541"
EDUCATIONxINCOME,"EDUCATIONxINCOME :: Associate's degree | $75,000-$100,000",COMMIMPD_W32,4,"0.323830,0.276986,0.235075,0.164109"
EDUCATIONxINCOME,"EDUCATIONxINCOME :: Associate's degree | Less than $30,000",COMMIMPD_W32,4,"0.342177,0.252306,0.220926,0.184591"
EDUCATIONxINCOME,"EDUCATIONxINCOME :: College graduate/some postgrad | $100,000 or more",COMMIMPD_W32,4,"0.357778,0.259719,0.227418,0.155085"
EDUCATIONxINCOME,"EDUCATIONxINCOME :: College graduate/some postgrad | $30,000-$50,000",COMMIMPD_W32,4,"0.326401,0.277013,0.248313,0.148274"
EDUCATIONxINCOME,"EDUCATIONxINCOME :: College graduate/some postgrad | $50,000-$75,000",COMMIMPD_W32,4,"0.308235,0.289560,0.249617,0.152588"
EDUCATIONxINCOME,"EDUCATIONxINCOME :: College graduate/some postgrad | $75,000-$100,000",COMMIMPD_W32,4,"0.322557,0.278062,0.239704,0.159677"
EDUCATIONxINCOME,"EDUCATIONxINCOME :: College graduate/some postgrad | Less than $30,000",COMMIMPD_W32,4,"0.322824,0.253388,0.232521,0.191267"
EDUCATIONxINCOME,EDUCATIONxINCOME :: College graduate/some postgrad | Refused,COMMIMPD_W32,4,"0.328616,0.264050,0.225854,0.181479"
EDUCATIONxINCOME,"EDUCATIONxINCOME :: High school graduate | $100,000 or more",COMMIMPD_W32,4,"0.347837,0.270896,0.228117,0.153150"
EDUCATIONxINCOME,"EDUCATIONxINCOME :: High school graduate | $30,000-$50,000",COMMIMPD_W32,4,"0.311240,0.283388,0.250089,0.155284"
EDUCATIONxINCOME,"EDUCATIONxINCOME :: High school graduate | $50,000-$75,000",COMMIMPD_W32,4,"0.305145,0.295757,0.254958,0.144140"
EDUCATIONxINCOME,"EDUCATIONxINCOME :: High school graduate | $75,000-$100,000",COMMIMPD_W32,4,"0.317982,0.289526,0.236304,0.156188"
EDUCATIONxINCOME,"EDUCATIONxINCOME :: High school graduate | Less than $30,000",COMMIMPD_W32,4,"0.322792,0.267604,0.227113,0.182490"
EDUCATIONxINCOME,"EDUCATIONxINCOME :: Less than high school | $30,000-$50,000",COMMIMPD_W32,4,"0.314382,0.273140,0.250647,0.161830"
EDUCATIONxINCOME,"EDUCATIONxINCOME :: Less than high school | Less than $30,000",COMMIMPD_W32,4,"0.324410,0.256629,0.228251,0.190711"
EDUCATIONxINCOME,"EDUCATIONxINCOME :: Postgraduate | $100,000 or more",COMMIMPD_W32,4,"0.383306,0.259358,0.208400,0.148937"
EDUCATIONxINCOME,"EDUCATIONxINCOME :: Postgraduate | $30,000-$50,000",COMMIMPD_W32,4,"0.336153,0.272225,0.236513,0.155109"
EDUCATIONxINCOME,"EDUCATIONxINCOME :: Postgraduate | $50,000-$75,000",COMMIMPD_W32,4,"0.325366,0.287134,0.236190,0.151309"
EDUCATIONxINCOME,"EDUCATIONxINCOME :: Postgraduate | $75,000-$100,000",COMMIMPD_W32,4,"0.343846,0.278455,0.220276,0.157424"
EDUCATIONxINCOME,"EDUCATIONxINCOME :: Postgraduate | Less than $30,000",COMMIMPD_W32,4,"0.367715,0.244951,0.209518,0.177816"
EDUCATIONxINCOME,EDUCATIONxINCOME :: Postgraduate | Refused,COMMIMPD_W32,4,"0.345993,0.259136,0.208222,0.186649"
EDUCATIONxINCOME,"EDUCATIONxINCOME :: Some college, no degree | $100,000 or more",COMMIMPD_W32,4,"0.347206,0.276817,0.220697,0.155280"
EDUCATIONxINCOME,"EDUCATIONxINCOME :: Some college, no degree | $30,000-$50,000",COMMIMPD_W32,4,"0.321234,0.283488,0.238721,0.156557"
EDUCATIONxINCOME,"EDUCATIONxINCOME :: Some college, no degree | $50,000-$75,000",COMMIMPD_W32,4,"0.310967,0.299054,0.238426,0.151553"
EDUCATIONxINCOME,"EDUCATIONxINCOME :: Some college, no degree | $75,000-$100,000",COMMIMPD_W32,4,"0.325790,0.289764,0.225668,0.158777"
EDUCATIONxINCOME,"EDUCATIONxINCOME :: Some college, no degree | Less than $30,000",COMMIMPD_W32,4,"0.331545,0.272722,0.214062,0.181672"
EDUCATIONxINCOME,"EDUCATIONxINCOME :: Some college, no degree | Refused",COMMIMPD_W32,4,"0.322230,0.252921,0.223202,0.201646"
EDUCATIONxINCOME,"EDUCATIONxINCOME :: Associate's degree | $100,000 or more",COMMIMPH_W32,4,"0.403938,0.237463,0.217908,0.140692"
EDUCATIONxINCOME,"EDUCATIONxINCOME :: Associate's degree | $30,000-$50,000",COMMIMPH_W32,4,"0.317752,0.259342,0.259342,0.163565"
EDUCATIONxINCOME,"EDUCATIONxINCOME :: Associate's degree | $50,000-$75,000",COMMIMPH_W32,4,"0.307280,0.273300,0.258755,0.160665"
EDUCATIONxINCOME,"EDUCATIONxINCOME :: Associate's degree | $75,000-$100,000",COMMIMPH_W32,4,"0.308940,0.264251,0.252150,0.174659"
EDUCATIONxINCOME,"EDUCATIONxINCOME :: Associate's degree | Less than $30,000",COMMIMPH_W32,4,"0.321421,0.237001,0.238860,0.202718"
EDUCATIONxINCOME,"EDUCATIONxINCOME :: College graduate/some postgrad | $100,000 or more",COMMIMPH_W32,4,"0.341933,0.240580,0.248217,0.169269"
EDUCATIONxINCOME,"EDUCATIONxINCOME :: College graduate/some postgrad | $30,000-$50,000",COMMIMPH_W32,4,"0.317407,0.261092,0.263140,0.158360"
EDUCATIONxINCOME,"EDUCATIONxINCOME :: College graduate/some postgrad | $50,000-$75,000",COMMIMPH_W32,4,"0.303104,0.273831,0.263341,0.159724"
EDUCATIONxINCOME,"EDUCATIONxINCOME :: College graduate/some postgrad | $75,000-$100,000",COMMIMPH_W32,4,"0.305868,0.259587,0.261623,0.172922"
EDUCATIONxINCOME,"EDUCATIONxINCOME :: College graduate/some postgrad | Less than $30,000",COMMIMPH_W32,4,"0.299249,0.231241,0.253969,0.215541"
EDUCATIONxINCOME,EDUCATIONxINCOME :: College graduate/some postgrad | Refused,COMMIMPH_W32,4,"0.308973,0.250214,0.244418,0.196395"
EDUCATIONxINCOME,"EDUCATIONxINCOME :: High school graduate | $100,000 or more",COMMIMPH_W32,4,"0.333860,0.255980,0.246173,0.163987"
EDUCATIONxINCOME,"EDUCATIONxINCOME :: High school graduate | $30,000-$50,000",COMMIMPH_W32,4,"0.300590,0.267350,0.267350,0.164710"
EDUCATIONxINCOME,"EDUCATIONxINCOME :: High school graduate | $50,000-$75,000",COMMIMPH_W32,4,"0.305486,0.282529,0.265411,0.146574"
EDUCATIONxINCOME,"EDUCATIONxINCOME :: High school graduate | $75,000-$100,000",COMMIMPH_W32,4,"0.305070,0.273463,0.256895,0.164573"
EDUCATIONxINCOME,"EDUCATIONxINCOME :: High school graduate | Less than $30,000",COMMIMPH_W32,4,"0.302684,0.245121,0.248981,0.203213"
EDUCATIONxINCOME,"EDUCATIONxINCOME :: Less than high school | $30,000-$50,000",COMMIMPH_W32,4,"0.300688,0.257192,0.265356,0.176765"
EDUCATIONxINCOME,"EDUCATIONxINCOME :: Less than high school | Less than $30,000",COMMIMPH_W32,4,"0.302656,0.235709,0.247020,0.214615"
EDUCATIONxINCOME,"EDUCATIONxINCOME :: Postgraduate | $100,000 or more",COMMIMPH_W32,4,"0.356504,0.243114,0.231981,0.168400"
EDUCATIONxINCOME,"EDUCATIONxINCOME :: Postgraduate | $30,000-$50,000",COMMIMPH_W32,4,"0.313803,0.258128,0.256119,0.171950"
EDUCATIONxINCOME,"EDUCATIONxINCOME :: Postgraduate | $50,000-$75,000",COMMIMPH_W32,4,"0.310804,0.274283,0.253670,0.161243"
EDUCATIONxINCOME,"EDUCATIONxINCOME :: Postgraduate | $75,000-$100,000",COMMIMPH_W32,4,"0.320226,0.263411,0.243615,0.172749"
EDUCATIONxINCOME,"EDUCATIONxINCOME :: Postgraduate | Less than $30,000",COMMIMPH_W32,4,"0.337185,0.228151,0.231743,0.202921"
EDUCATIONxINCOME,EDUCATIONxINCOME :: Postgraduate | Refused,COMMIMPH_W32,4,"0.327044,0.246866,0.223024,0.203066"
EDUCATIONxINCOME,"EDUCATIONxINCOME :: Some college, no degree | $100,000 or more",COMMIMPH_W32,4,"0.329104,0.264443,0.237045,0.169408"
EDUCATIONxINCOME,"EDUCATIONxINCOME :: Some college, no degree | $30,000-$50,000",COMMIMPH_W32,4,"0.304736,0.271037,0.254616,0.169611"
EDUCATIONxINCOME,"EDUCATIONxINCOME :: Some college, no degree | $50,000-$75,000",COMMIMPH_W32,4,"0.302097,0.288263,0.250447,0.159194"
EDUCATIONxINCOME,"EDUCATIONxINCOME :: Some college, no degree | $75,000-$100,000",COMMIMPH_W32,4,"0.307005,0.277356,0.244766,0.170874"
EDUCATIONxINCOME,"EDUCATIONxINCOME :: Some college, no degree | Less than $30,000",COMMIMPH_W32,4,"0.308723,0.253948,0.234864,0.202465"
EDUCATIONxINCOME,"EDUCATIONxINCOME :: Some college, no degree | Refused",COMMIMPH_W32,4,"0.304960,0.235655,0.243136,0.216249"
EDUCATIONxINCOME,"EDUCATIONxINCOME :: Associate's degree | $100,000 or more",CONCERNGOV_W49,4,"0.527389,0.225062,0.145311,0.102239"
EDUCATIONxINCOME,"EDUCATIONxINCOME :: Associate's degree | $30,000-$50,000",CONCERNGOV_W49,4,"0.439410,0.268606,0.181748,0.110236"
EDUCATIONxINCOME,"EDUCATIONxINCOME :: Associate's degree | $50,000-$75,000",CONCERNGOV_W49,4,"0.420224,0.291081,0.173812,0.114883"
EDUCATIONxINCOME,"EDUCATIONxINCOME :: Associate's degree | $75,000-$100,000",CONCERNGOV_W49,4,"0.447224,0.279866,0.160713,0.112196"
EDUCATIONxINCOME,"EDUCATIONxINCOME :: Associate's degree | Less than $30,000",CONCERNGOV_W49,4,"0.512879,0.240382,0.128667,0.118072"
EDUCATIONxINCOME,"EDUCATIONxINCOME :: College graduate/some postgrad | $100,000 or more",CONCERNGOV_W49,4,"0.514471,0.233709,0.149720,0.102100"
EDUCATIONxINCOME,"EDUCATIONxINCOME :: College graduate/some postgrad | $30,000-$50,000",CONCERNGOV_W49,4,"0.422852,0.273014,0.192089,0.112045"
EDUCATIONxINCOME,"EDUCATIONxINCOME :: College graduate/some postgrad | $50,000-$75,000",CONCERNGOV_W49,4,"0.403089,0.297219,0.185995,0.113696"
EDUCATIONxINCOME,"EDUCATIONxINCOME :: College graduate/some postgrad | $75,000-$100,000",CONCERNGOV_W49,4,"0.434365,0.282647,0.171434,0.111554"
EDUCATIONxINCOME,"EDUCATIONxINCOME :: College graduate/some postgrad | Less than $30,000",CONCERNGOV_W49,4,"0.478975,0.252402,0.142695,0.125928"
EDUCATIONxINCOME,"EDUCATIONxINCOME :: High school graduate | $100,000 or more",CONCERNGOV_W49,4,"0.472182,0.258734,0.156930,0.112153"
EDUCATIONxINCOME,"EDUCATIONxINCOME :: High school graduate | $30,000-$50,000",CONCERNGOV_W49,4,"0.407792,0.293721,0.185248,0.113240"
EDUCATIONxINCOME,"EDUCATIONxINCOME :: High school graduate | $50,000-$75,000",CONCERNGOV_W49,4,"0.391296,0.311968,0.181969,0.114767"
EDUCATIONxINCOME,"EDUCATIONxINCOME :: High school graduate | $75,000-$100,000",CONCERNGOV_W49,4,"0.403835,0.307221,0.172336,0.116608"
EDUCATIONxINCOME,"EDUCATIONxINCOME :: High school graduate | Less than $30,000",CONCERNGOV_W49,4,"0.454968,0.278116,0.135543,0.131373"
EDUCATIONxINCOME,EDUCATIONxINCOME :: High school graduate | Refused,CONCERNGOV_W49,4,"0.353376,0.288417,0.181902,0.176306"
EDUCATIONxINCOME,"EDUCATIONxINCOME :: Less than high school | $30,000-$50,000",CONCERNGOV_W49,4,"0.389051,0.289118,0.205016,0.116814"
EDUCATIONxINCOME,"EDUCATIONxINCOME :: Less than high school | Less than $30,000",CONCERNGOV_W49,4,"0.435236,0.276653,0.156405,0.131706"
EDUCATIONxINCOME,"EDUCATIONxINCOME :: Postgraduate | $100,000 or more",CONCERNGOV_W49,4,"0.519790,0.239844,0.138811,0.101556"
EDUCATIONxINCOME,"EDUCATIONxINCOME :: Postgraduate | $30,000-$50,000",CONCERNGOV_W49,4,"0.421408,0.280718,0.182667,0.115207"
EDUCATIONxINCOME,"EDUCATIONxINCOME :: Postgraduate | $50,000-$75,000",CONCERNGOV_W49,4,"0.400186,0.299726,0.181793,0.118295"
EDUCATIONxINCOME,"EDUCATIONxINCOME :: Postgraduate | $75,000-$100,000",CONCERNGOV_W49,4,"0.423007,0.290728,0.166951,0.119314"
EDUCATIONxINCOME,"EDUCATIONxINCOME :: Postgraduate | Less than $30,000",CONCERNGOV_W49,4,"0.496792,0.244016,0.129596,0.129596"
EDUCATIONxINCOME,"EDUCATIONxINCOME :: Some college, no degree | $100,000 or more",CONCERNGOV_W49,4,"0.433904,0.265240,0.172595,0.128262"
EDUCATIONxINCOME,"EDUCATIONxINCOME :: Some college, no degree | $30,000-$50,000",CONCERNGOV_W49,4,"0.374314,0.289247,0.201927,0.134512"
EDUCATIONxINCOME,"EDUCATIONxINCOME :: Some college, no degree | $50,000-$75,000",CONCERNGOV_W49,4,"0.355202,0.308605,0.199250,0.136943"
EDUCATIONxINCOME,"EDUCATIONxINCOME :: Some college, no degree | $75,000-$100,000",CONCERNGOV_W49,4,"0.369340,0.301446,0.190120,0.139095"
EDUCATIONxINCOME,"EDUCATIONxINCOME :: Some college, no degree | Less than $30,000",CONCERNGOV_W49,4,"0.409737,0.281608,0.151916,0.156738"
EDUCATIONxINCOME,"EDUCATIONxINCOME :: Some college, no degree | Refused",CONCERNGOV_W49,4,"0.347769,0.260467,0.192056,0.199707"
EDUCATIONxINCOME,"EDUCATIONxINCOME :: Associate's degree | $100,000 or more",CONCERNGRPa_W49,3,"0.468673,0.329753,0.201574"
EDUCATIONxINCOME,"EDUCATIONxINCOME :: Associate's degree | $30,000-$50,000",CONCERNGRPa_W49,3,"0.415746,0.347369,0.236885"
EDUCATIONxINCOME,"EDUCATIONxINCOME :: Associate's degree | $50,000-$75,000",CONCERNGRPa_W49,3,"0.384348,0.384348,0.231305"
EDUCATIONxINCOME,"EDUCATIONxINCOME :: Associate's degree | $75,000-$100,000",CONCERNGRPa_W49,3,"0.419744,0.367540,0.212716"
EDUCATIONxINCOME,"EDUCATIONxINCOME :: Associate's degree | Less than $30,000",CONCERNGRPa_W49,3,"0.467201,0.336513,0.196286"
EDUCATIONxINCOME,"EDUCATIONxINCOME :: College graduate/some postgrad | $100,000 or more",CONCERNGRPa_W49,3,"0.466127,0.325409,0.208465"
EDUCATIONxINCOME,"EDUCATIONxINCOME :: College graduate/some postgrad | $30,000-$50,000",CONCERNGRPa_W49,3,"0.408861,0.346996,0.244142"
EDUCATIONxINCOME,"EDUCATIONxINCOME :: College graduate/some postgrad | $50,000-$75,000",CONCERNGRPa_W49,3,"0.387092,0.378125,0.234783"
EDUCATIONxINCOME,"EDUCATIONxINCOME :: College graduate/some postgrad | $75,000-$100,000",CONCERNGRPa_W49,3,"0.421665,0.357862,0.220473"
EDUCATIONxINCOME,"EDUCATIONxINCOME :: College graduate/some postgrad | Less than $30,000",CONCERNGRPa_W49,3,"0.456736,0.334155,0.209109"
EDUCATIONxINCOME,"EDUCATIONxINCOME :: High school graduate | $100,000 or more",CONCERNGRPa_W49,3,"0.436513,0.350748,0.212739"
EDUCATIONxINCOME,"EDUCATIONxINCOME :: High school graduate | $30,000-$50,000",CONCERNGRPa_W49,3,"0.400259,0.364440,0.235300"
EDUCATIONxINCOME,"EDUCATIONxINCOME :: High school graduate | $50,000-$75,000",CONCERNGRPa_W49,3,"0.367851,0.394647,0.237502"
EDUCATIONxINCOME,"EDUCATIONxINCOME :: High school graduate | $75,000-$100,000",CONCERNGRPa_W49,3,"0.394724,0.385580,0.219697"
EDUCATIONxINCOME,"EDUCATIONxINCOME :: High school graduate | Less than $30,000",CONCERNGRPa_W49,3,"0.437135,0.359578,0.203287"
EDUCATIONxINCOME,EDUCATIONxINCOME :: High school graduate | Refused,CONCERNGRPa_W49,3,"0.353244,0.367316,0.279439"
EDUCATIONxINCOME,"EDUCATIONxINCOME :: Less than high school | $30,000-$50,000",CONCERNGRPa_W49,3,"0.399122,0.354986,0.245892"
EDUCATIONxINCOME,"EDUCATIONxINCOME :: Less than high school | Less than $30,000",CONCERNGRPa_W49,3,"0.435055,0.349577,0.215368"
EDUCATIONxINCOME,"EDUCATIONxINCOME :: Postgraduate | $100,000 or more",CONCERNGRPa_W49,3,"0.489147,0.320791,0.190062"
EDUCATIONxINCOME,"EDUCATIONxINCOME :: Postgraduate | $30,000-$50,000",CONCERNGRPa_W49,3,"0.428335,0.344177,0.227487"
EDUCATIONxINCOME,"EDUCATIONxINCOME :: Postgraduate | $50,000-$75,000",CONCERNGRPa_W49,3,"0.394795,0.376716,0.228490"
EDUCATIONxINCOME,"EDUCATIONxINCOME :: Postgraduate | $75,000-$100,000",CONCERNGRPa_W49,3,"0.428583,0.360903,0.210513"
EDUCATIONxINCOME,"EDUCATIONxINCOME :: Postgraduate | Less than $30,000",CONCERNGRPa_W49,3,"0.486214,0.318867,0.194919"
EDUCATIONxINCOME,"EDUCATIONxINCOME :: Some college, no degree | $100,000 or more",CONCERNGRPa_W49,3,"0.417571,0.357167,0.225262"
EDUCATIONxINCOME,"EDUCATIONxINCOME :: Some college, no degree | $30,000-$50,000",CONCERNGRPa_W49,3,"0.386411,0.360175,0.253414"
EDUCATIONxINCOME,"EDUCATIONxINCOME :: Some college, no degree | $50,000-$75,000",CONCERNGRPa_W49,3,"0.357603,0.392750,0.249647"
EDUCATIONxINCOME,"EDUCATIONxINCOME :: Some college, no degree | $75,000-$100,000",CONCERNGRPa_W49,3,"0.383391,0.380408,0.236201"
EDUCATIONxINCOME,"EDUCATIONxINCOME :: Some college, no degree | Less than $30,000",CONCERNGRPa_W49,3,"0.409822,0.367362,0.222816"
EDUCATIONxINCOME,"EDUCATIONxINCOME :: Some college, no degree | Refused",CONCERNGRPa_W49,3,"0.344696,0.331491,0.323812"
EDUCATIONxINCOME,"EDUCATIONxINCOME :: Associate's degree | $100,000 or more",CONCERNGRPc_W49,3,"0.441750,0.330856,0.227394"
EDUCATIONxINCOME,"EDUCATIONxINCOME :: Associate's degree | $30,000-$50,000",CONCERNGRPc_W49,3,"0.400646,0.342691,0.256663"
EDUCATIONxINCOME,"EDUCATIONxINCOME :: Associate's degree | $50,000-$75,000",CONCERNGRPc_W49,3,"0.369225,0.380945,0.249830"
EDUCATIONxINCOME,"EDUCATIONxINCOME :: Associate's degree | $75,000-$100,000",CONCERNGRPc_W49,3,"0.398385,0.365579,0.236036"
EDUCATIONxINCOME,"EDUCATIONxINCOME :: Associate's degree | Less than $30,000",CONCERNGRPc_W49,3,"0.442162,0.333761,0.224077"
EDUCATIONxINCOME,"EDUCATIONxINCOME :: College graduate/some postgrad | $100,000 or more",CONCERNGRPc_W49,3,"0.438585,0.328485,0.232931"
EDUCATIONxINCOME,"EDUCATIONxINCOME :: College graduate/some postgrad | $30,000-$50,000",CONCERNGRPc_W49,3,"0.394723,0.340273,0.265005"
EDUCATIONxINCOME,"EDUCATIONxINCOME :: College graduate/some postgrad | $50,000-$75,000",CONCERNGRPc_W49,3,"0.373949,0.371039,0.255011"
EDUCATIONxINCOME,"EDUCATIONxINCOME :: College graduate/some postgrad | $75,000-$100,000",CONCERNGRPc_W49,3,"0.398775,0.357459,0.243766"
EDUCATIONxINCOME,"EDUCATIONxINCOME :: College graduate/some postgrad | Less than $30,000",CONCERNGRPc_W49,3,"0.434741,0.330734,0.234525"
EDUCATIONxINCOME,"EDUCATIONxINCOME :: High school graduate | $100,000 or more",CONCERNGRPc_W49,3,"0.410458,0.353837,0.235706"
EDUCATIONxINCOME,"EDUCATIONxINCOME :: High school graduate | $30,000-$50,000",CONCERNGRPc_W49,3,"0.385644,0.359460,0.254895"
EDUCATIONxINCOME,"EDUCATIONxINCOME :: High school graduate | $50,000-$75,000",CONCERNGRPc_W49,3,"0.355156,0.387028,0.257816"
EDUCATIONxINCOME,"EDUCATIONxINCOME :: High school graduate | $75,000-$100,000",CONCERNGRPc_W49,3,"0.376862,0.379818,0.243320"
EDUCATIONxINCOME,"EDUCATIONxINCOME :: High school graduate | Less than $30,000",CONCERNGRPc_W49,3,"0.413857,0.353991,0.232153"
EDUCATIONxINCOME,EDUCATIONxINCOME :: High school graduate | Refused,CONCERNGRPc_W49,3,"0.352501,0.355266,0.292234"
EDUCATIONxINCOME,"EDUCATIONxINCOME :: Less than high school | $30,000-$50,000",CONCERNGRPc_W49,3,"0.390505,0.347322,0.262173"
EDUCATIONxINCOME,"EDUCATIONxINCOME :: Less than high school | Less than $30,000",CONCERNGRPc_W49,3,"0.417997,0.343835,0.238168"
EDUCATIONxINCOME,"EDUCATIONxINCOME :: Postgraduate | $100,000 or more",CONCERNGRPc_W49,3,"0.461120,0.324439,0.214441"
EDUCATIONxINCOME,"EDUCATIONxINCOME :: Postgraduate | $30,000-$50,000",CONCERNGRPc_W49,3,"0.413274,0.339950,0.246777"
EDUCATIONxINCOME,"EDUCATIONxINCOME :: Postgraduate | $50,000-$75,000",CONCERNGRPc_W49,3,"0.383163,0.371374,0.245463"
EDUCATIONxINCOME,"EDUCATIONxINCOME :: Postgraduate | $75,000-$100,000",CONCERNGRPc_W49,3,"0.410072,0.356277,0.233652"
EDUCATIONxINCOME,"EDUCATIONxINCOME :: Postgraduate | Less than $30,000",CONCERNGRPc_W49,3,"0.460302,0.318842,0.220856"
EDUCATIONxINCOME,"EDUCATIONxINCOME :: Some college, no degree | $100,000 or more",CONCERNGRPc_W49,3,"0.400997,0.353879,0.245125"
EDUCATIONxINCOME,"EDUCATIONxINCOME :: Some college, no degree | $30,000-$50,000",CONCERNGRPc_W49,3,"0.378857,0.350386,0.270757"
EDUCATIONxINCOME,"EDUCATIONxINCOME :: Some college, no degree | $50,000-$75,000",CONCERNGRPc_W49,3,"0.352273,0.383886,0.263841"
EDUCATIONxINCOME,"EDUCATIONxINCOME :: Some college, no degree | $75,000-$100,000",CONCERNGRPc_W49,3,"0.372122,0.372122,0.255756"
EDUCATIONxINCOME,"EDUCATIONxINCOME :: Some college, no degree | Less than $30,000",CONCERNGRPc_W49,3,"0.396143,0.357886,0.245971"
EDUCATIONxINCOME,"EDUCATIONxINCOME :: Some college, no degree | Refused",CONCERNGRPc_W49,3,"0.348207,0.319532,0.332261"
EDUCATIONxINCOME,"EDUCATIONxINCOME :: Associate's degree | $100,000 or more",CONCERNGRPd_W49,3,"0.444941,0.346520,0.208539"
EDUCATIONxINCOME,"EDUCATIONxINCOME :: Associate's degree | $30,000-$50,000",CONCERNGRPd_W49,3,"0.401763,0.354555,0.243682"
EDUCATIONxINCOME,"EDUCATIONxINCOME :: Associate's degree | $50,000-$75,000",CONCERNGRPd_W49,3,"0.364225,0.396910,0.238865"
EDUCATIONxINCOME,"EDUCATIONxINCOME :: Associate's degree | $75,000-$100,000",CONCERNGRPd_W49,3,"0.395228,0.383069,0.221703"
EDUCATIONxINCOME,"EDUCATIONxINCOME :: Associate's degree | Less than $30,000",CONCERNGRPd_W49,3,"0.426206,0.356109,0.217685"
EDUCATIONxINCOME,"EDUCATIONxINCOME :: College graduate/some postgrad | $100,000 or more",CONCERNGRPd_W49,3,"0.438164,0.346617,0.215219"
EDUCATIONxINCOME,"EDUCATIONxINCOME :: College graduate/some postgrad | $30,000-$50,000",CONCERNGRPd_W49,3,"0.400997,0.353879,0.245125"
EDUCATIONxINCOME,"EDUCATIONxINCOME :: College graduate/some postgrad | $50,000-$75,000",CONCERNGRPd_W49,3,"0.366480,0.393176,0.240344"
EDUCATIONxINCOME,"EDUCATIONxINCOME :: College graduate/some postgrad | $75,000-$100,000",CONCERNGRPd_W49,3,"0.401115,0.373880,0.225005"
EDUCATIONxINCOME,"EDUCATIONxINCOME :: College graduate/some postgrad | Less than $30,000",CONCERNGRPd_W49,3,"0.417994,0.354747,0.227259"
EDUCATIONxINCOME,"EDUCATIONxINCOME :: High school graduate | $100,000 or more",CONCERNGRPd_W49,3,"0.408644,0.369179,0.222176"
EDUCATIONxINCOME,"EDUCATIONxINCOME :: High school graduate | $30,000-$50,000",CONCERNGRPd_W49,3,"0.382779,0.373912,0.243309"
EDUCATIONxINCOME,"EDUCATIONxINCOME :: High school graduate | $50,000-$75,000",CONCERNGRPd_W49,3,"0.349879,0.405866,0.244255"
EDUCATIONxINCOME,"EDUCATIONxINCOME :: High school graduate | $75,000-$100,000",CONCERNGRPd_W49,3,"0.375553,0.396663,0.227784"
EDUCATIONxINCOME,"EDUCATIONxINCOME :: High school graduate | Less than $30,000",CONCERNGRPd_W49,3,"0.398069,0.376884,0.225048"
EDUCATIONxINCOME,EDUCATIONxINCOME :: High school graduate | Refused,CONCERNGRPd_W49,3,"0.336257,0.369306,0.294437"
EDUCATIONxINCOME,"EDUCATIONxINCOME :: Less than high school | $30,000-$50,000",CONCERNGRPd_W49,3,"0.389353,0.357290,0.253357"
EDUCATIONxINCOME,"EDUCATIONxINCOME :: Less than high school | Less than $30,000",CONCERNGRPd_W49,3,"0.405158,0.360355,0.234487"
EDUCATIONxINCOME,"EDUCATIONxINCOME :: Postgraduate | $100,000 or more",CONCERNGRPd_W49,3,"0.455333,0.341029,0.203638"
EDUCATIONxINCOME,"EDUCATIONxINCOME :: Postgraduate | $30,000-$50,000",CONCERNGRPd_W49,3,"0.410829,0.351401,0.237770"
EDUCATIONxINCOME,"EDUCATIONxINCOME :: Postgraduate | $50,000-$75,000",CONCERNGRPd_W49,3,"0.372630,0.390513,0.236858"
EDUCATIONxINCOME,"EDUCATIONxINCOME :: Postgraduate | $75,000-$100,000",CONCERNGRPd_W49,3,"0.406282,0.372826,0.220892"
EDUCATIONxINCOME,"EDUCATIONxINCOME :: Postgraduate | Less than $30,000",CONCERNGRPd_W49,3,"0.445990,0.336651,0.217358"
EDUCATIONxINCOME,"EDUCATIONxINCOME :: Some college, no degree | $100,000 or more",CONCERNGRPd_W49,3,"0.396514,0.366716,0.236770"
EDUCATIONxINCOME,"EDUCATIONxINCOME :: Some college, no degree | $30,000-$50,000",CONCERNGRPd_W49,3,"0.377029,0.359763,0.263208"
EDUCATIONxINCOME,"EDUCATIONxINCOME :: Some college, no degree | $50,000-$75,000",CONCERNGRPd_W49,3,"0.343070,0.397968,0.258963"
EDUCATIONxINCOME,"EDUCATIONxINCOME :: Some college, no degree | $75,000-$100,000",CONCERNGRPd_W49,3,"0.369552,0.384273,0.246175"
EDUCATIONxINCOME,"EDUCATIONxINCOME :: Some college, no degree | Less than $30,000",CONCERNGRPd_W49,3,"0.380935,0.375029,0.244036"
EDUCATIONxINCOME,"EDUCATIONxINCOME :: Some college, no degree | Refused",CONCERNGRPd_W49,3,"0.329843,0.329843,0.340314"
EDUCATIONxINCOME,"EDUCATIONxINCOME :: Associate's degree | $100,000 or more",CONCERNGRPf_W49,3,"0.491784,0.312597,0.195618"
EDUCATIONxINCOME,"EDUCATIONxINCOME :: Associate's degree | $30,000-$50,000",CONCERNGRPf_W49,3,"0.447736,0.319982,0.232282"
EDUCATIONxINCOME,"EDUCATIONxINCOME :: Associate's degree | $50,000-$75,000",CONCERNGRPf_W49,3,"0.412889,0.364374,0.222737"
EDUCATIONxINCOME,"EDUCATIONxINCOME :: Associate's degree | $75,000-$100,000",CONCERNGRPf_W49,3,"0.449527,0.344664,0.205809"
EDUCATIONxINCOME,"EDUCATIONxINCOME :: Associate's degree | Less than $30,000",CONCERNGRPf_W49,3,"0.491784,0.312597,0.195618"
EDUCATIONxINCOME,"EDUCATIONxINCOME :: College graduate/some postgrad | $100,000 or more",CONCERNGRPf_W49,3,"0.493839,0.306632,0.199529"
EDUCATIONxINCOME,"EDUCATIONxINCOME :: College graduate/some postgrad | $30,000-$50,000",CONCERNGRPf_W49,3,"0.439501,0.321546,0.238953"
EDUCATIONxINCOME,"EDUCATIONxINCOME :: College graduate/some postgrad | $50,000-$75,000",CONCERNGRPf_W49,3,"0.413041,0.358856,0.228103"
EDUCATIONxINCOME,"EDUCATIONxINCOME :: College graduate/some postgrad | $75,000-$100,000",CONCERNGRPf_W49,3,"0.448678,0.336044,0.215278"
EDUCATIONxINCOME,"EDUCATIONxINCOME :: College graduate/some postgrad | Less than $30,000",CONCERNGRPf_W49,3,"0.473958,0.315724,0.210318"
EDUCATIONxINCOME,"EDUCATIONxINCOME :: High school graduate | $100,000 or more",CONCERNGRPf_W49,3,"0.460615,0.331769,0.207616"
EDUCATIONxINCOME,"EDUCATIONxINCOME :: High school graduate | $30,000-$50,000",CONCERNGRPf_W49,3,"0.428658,0.336457,0.234885"
EDUCATIONxINCOME,"EDUCATIONxINCOME :: High school graduate | $50,000-$75,000",CONCERNGRPf_W49,3,"0.393379,0.375365,0.231256"
EDUCATIONxINCOME,"EDUCATIONxINCOME :: High school graduate | $75,000-$100,000",CONCERNGRPf_W49,3,"0.418117,0.363266,0.218617"
EDUCATIONxINCOME,"EDUCATIONxINCOME :: High school graduate | Less than $30,000",CONCERNGRPf_W49,3,"0.452409,0.338839,0.208752"
EDUCATIONxINCOME,EDUCATIONxINCOME :: High school graduate | Refused,CONCERNGRPf_W49,3,"0.373358,0.353488,0.273154"
EDUCATIONxINCOME,"EDUCATIONxINCOME :: Less than high school | $30,000-$50,000",CONCERNGRPf_W49,3,"0.427989,0.328150,0.243861"
EDUCATIONxINCOME,"EDUCATIONxINCOME :: Less than high school | Less than $30,000",CONCERNGRPf_W49,3,"0.458010,0.327325,0.214665"
EDUCATIONxINCOME,"EDUCATIONxINCOME :: Postgraduate | $100,000 or more",CONCERNGRPf_W49,3,"0.510110,0.302230,0.187659"
EDUCATIONxINCOME,"EDUCATIONxINCOME :: Postgraduate | $30,000-$50,000",CONCERNGRPf_W49,3,"0.451288,0.320011,0.228701"
EDUCATIONxINCOME,"EDUCATIONxINCOME :: Postgraduate | $50,000-$75,000",CONCERNGRPf_W49,3,"0.414507,0.360130,0.225363"
EDUCATIONxINCOME,"EDUCATIONxINCOME :: Postgraduate | $75,000-$100,000",CONCERNGRPf_W49,3,"0.450474,0.340036,0.209490"
EDUCATIONxINCOME,"EDUCATIONxINCOME :: Postgraduate | Less than $30,000",CONCERNGRPf_W49,3,"0.495020,0.304973,0.200006"
EDUCATIONxINCOME,"EDUCATIONxINCOME :: Some college, no degree | $100,000 or more",CONCERNGRPf_W49,3,"0.439850,0.337245,0.222905"
EDUCATIONxINCOME,"EDUCATIONxINCOME :: Some college, no degree | $30,000-$50,000",CONCERNGRPf_W49,3,"0.409507,0.334230,0.256263"
EDUCATIONxINCOME,"EDUCATIONxINCOME :: Some college, no degree | $50,000-$75,000",CONCERNGRPf_W49,3,"0.377639,0.374700,0.247661"
EDUCATIONxINCOME,"EDUCATIONxINCOME :: Some college, no degree | $75,000-$100,000",CONCERNGRPf_W49,3,"0.404414,0.359693,0.235893"
EDUCATIONxINCOME,"EDUCATIONxINCOME :: Some college, no degree | Less than $30,000",CONCERNGRPf_W49,3,"0.430250,0.343025,0.226726"
EDUCATIONxINCOME,"EDUCATIONxINCOME :: Some college, no degree | Refused",CONCERNGRPf_W49,3,"0.368881,0.320490,0.310629"
EDUCATIONxINCOME,"EDUCATIONxINCOME :: Associate's degree | $100,000 or more",CONFb_W42,4,"0.305788,0.197431,0.229024,0.267757"
EDUCATIONxINCOME,"EDUCATIONxINCOME :: Associate's degree | $30,000-$50,000",CONFb_W42,4,"0.185642,0.182764,0.313330,0.318264"
EDUCATIONxINCOME,"EDUCATIONxINCOME :: Associate's degree | $50,000-$75,000",CONFb_W42,4,"0.186417,0.190837,0.327171,0.295575"
EDUCATIONxINCOME,"EDUCATIONxINCOME :: Associate's degree | $75,000-$100,000",CONFb_W42,4,"0.191876,0.187431,0.301863,0.318831"
EDUCATIONxINCOME,"EDUCATIONxINCOME :: Associate's degree | Less than $30,000",CONFb_W42,4,"0.151993,0.133090,0.264680,0.450237"
EDUCATIONxINCOME,"EDUCATIONxINCOME :: College graduate/some postgrad | $100,000 or more",CONFb_W42,4,"0.222247,0.150380,0.283150,0.344223"
EDUCATIONxINCOME,"EDUCATIONxINCOME :: College graduate/some postgrad | $30,000-$50,000",CONFb_W42,4,"0.190144,0.180025,0.325982,0.303849"
EDUCATIONxINCOME,"EDUCATIONxINCOME :: College graduate/some postgrad | $50,000-$75,000",CONFb_W42,4,"0.182562,0.175569,0.354658,0.287211"
EDUCATIONxINCOME,"EDUCATIONxINCOME :: College graduate/some postgrad | $75,000-$100,000",CONFb_W42,4,"0.188461,0.167621,0.330760,0.313157"
EDUCATIONxINCOME,"EDUCATIONxINCOME :: College graduate/some postgrad | Less than $30,000",CONFb_W42,4,"0.145480,0.120607,0.296183,0.437730"
EDUCATIONxINCOME,"EDUCATIONxINCOME :: High school graduate | $100,000 or more",CONFb_W42,4,"0.229459,0.170519,0.278951,0.321071"
EDUCATIONxINCOME,"EDUCATIONxINCOME :: High school graduate | $30,000-$50,000",CONFb_W42,4,"0.176176,0.172095,0.344936,0.306793"
EDUCATIONxINCOME,"EDUCATIONxINCOME :: High school graduate | $50,000-$75,000",CONFb_W42,4,"0.188924,0.188924,0.355725,0.266426"
EDUCATIONxINCOME,"EDUCATIONxINCOME :: High school graduate | $75,000-$100,000",CONFb_W42,4,"0.192489,0.186567,0.327434,0.293510"
EDUCATIONxINCOME,"EDUCATIONxINCOME :: High school graduate | Less than $30,000",CONFb_W42,4,"0.148357,0.127892,0.304409,0.419342"
EDUCATIONxINCOME,EDUCATIONxINCOME :: High school graduate | Refused,CONFb_W42,4,"0.205017,0.180927,0.265311,0.348745"
EDUCATIONxINCOME,"EDUCATIONxINCOME :: Less than high school | $30,000-$50,000",CONFb_W42,4,"0.184369,0.173199,0.331251,0.311181"
EDUCATIONxINCOME,"EDUCATIONxINCOME :: Less than high school | Less than $30,000",CONFb_W42,4,"0.153982,0.128656,0.292206,0.425157"
EDUCATIONxINCOME,"EDUCATIONxINCOME :: Postgraduate | $100,000 or more",CONFb_W42,4,"0.230431,0.159615,0.269401,0.340554"
EDUCATIONxINCOME,"EDUCATIONxINCOME :: Postgraduate | $30,000-$50,000",CONFb_W42,4,"0.185809,0.174552,0.323567,0.316072"
EDUCATIONxINCOME,"EDUCATIONxINCOME :: Postgraduate | $50,000-$75,000",CONFb_W42,4,"0.194437,0.188454,0.338591,0.278518"
EDUCATIONxINCOME,"EDUCATIONxINCOME :: Postgraduate | $75,000-$100,000",CONFb_W42,4,"0.203430,0.188142,0.307779,0.300649"
EDUCATIONxINCOME,"EDUCATIONxINCOME :: Postgraduate | Less than $30,000",CONFb_W42,4,"0.153935,0.122728,0.274419,0.448919"
EDUCATIONxINCOME,"EDUCATIONxINCOME :: Some college, no degree | $100,000 or more",CONFb_W42,4,"0.241604,0.192624,0.267431,0.298341"
EDUCATIONxINCOME,"EDUCATIONxINCOME :: Some college, no degree | $30,000-$50,000",CONFb_W42,4,"0.196178,0.197717,0.318429,0.287676"
EDUCATIONxINCOME,"EDUCATIONxINCOME :: Some college, no degree | $50,000-$75,000",CONFb_W42,4,"0.202325,0.212035,0.325850,0.259790"
EDUCATIONxINCOME,"EDUCATIONxINCOME :: Some college, no degree | $75,000-$100,000",CONFb_W42,4,"0.212113,0.212113,0.299127,0.276647"
EDUCATIONxINCOME,"EDUCATIONxINCOME :: Some college, no degree | Less than $30,000",CONFb_W42,4,"0.164577,0.148683,0.288842,0.397897"
EDUCATIONxINCOME,"EDUCATIONxINCOME :: Some college, no degree | Refused",CONFb_W42,4,"0.199867,0.163127,0.260676,0.376330"
EDUCATIONxINCOME,"EDUCATIONxINCOME :: Associate's degree | $100,000 or more",CONFf_W42,4,"0.407261,0.265010,0.192376,0.135354"
EDUCATIONxINCOME,"EDUCATIONxINCOME :: Associate's degree | $30,000-$50,000",CONFf_W42,4,"0.292307,0.296910,0.244232,0.166551"
EDUCATIONxINCOME,"EDUCATIONxINCOME :: Associate's degree | $50,000-$75,000",CONFf_W42,4,"0.290188,0.308904,0.244363,0.156545"
EDUCATIONxINCOME,"EDUCATIONxINCOME :: Associate's degree | $75,000-$100,000",CONFf_W42,4,"0.296674,0.303709,0.229252,0.170365"
EDUCATIONxINCOME,"EDUCATIONxINCOME :: Associate's degree | Less than $30,000",CONFf_W42,4,"0.252641,0.230032,0.262705,0.254622"
EDUCATIONxINCOME,"EDUCATIONxINCOME :: College graduate/some postgrad | $100,000 or more",CONFf_W42,4,"0.355670,0.260214,0.217417,0.166699"
EDUCATIONxINCOME,"EDUCATIONxINCOME :: College graduate/some postgrad | $30,000-$50,000",CONFf_W42,4,"0.285442,0.296813,0.249942,0.167803"
EDUCATIONxINCOME,"EDUCATIONxINCOME :: College graduate/some postgrad | $50,000-$75,000",CONFf_W42,4,"0.279607,0.299975,0.258594,0.161824"
EDUCATIONxINCOME,"EDUCATIONxINCOME :: College graduate/some postgrad | $75,000-$100,000",CONFf_W42,4,"0.288916,0.291182,0.243292,0.176611"
EDUCATIONxINCOME,"EDUCATIONxINCOME :: College graduate/some postgrad | Less than $30,000",CONFf_W42,4,"0.237528,0.219677,0.279876,0.262919"
EDUCATIONxINCOME,"EDUCATIONxINCOME :: High school graduate | $100,000 or more",CONFf_W42,4,"0.341267,0.276367,0.218624,0.163742"
EDUCATIONxINCOME,"EDUCATIONxINCOME :: High school graduate | $30,000-$50,000",CONFf_W42,4,"0.268242,0.299245,0.257965,0.174548"
EDUCATIONxINCOME,"EDUCATIONxINCOME :: High school graduate | $50,000-$75,000",CONFf_W42,4,"0.279273,0.318940,0.252302,0.149484"
EDUCATIONxINCOME,"EDUCATIONxINCOME :: High school graduate | $75,000-$100,000",CONFf_W42,4,"0.285334,0.308520,0.238406,0.167739"
EDUCATIONxINCOME,"EDUCATIONxINCOME :: High school graduate | Less than $30,000",CONFf_W42,4,"0.238253,0.229126,0.282933,0.249687"
EDUCATIONxINCOME,EDUCATIONxINCOME :: High school graduate | Refused,CONFf_W42,4,"0.264046,0.257930,0.253931,0.224093"
EDUCATIONxINCOME,"EDUCATIONxINCOME :: Less than high school | $30,000-$50,000",CONFf_W42,4,"0.261610,0.280667,0.267814,0.189909"
EDUCATIONxINCOME,"EDUCATIONxINCOME :: Less than high school | Less than $30,000",CONFf_W42,4,"0.232713,0.218614,0.282907,0.265767"
EDUCATIONxINCOME,"EDUCATIONxINCOME :: Postgraduate | $100,000 or more",CONFf_W42,4,"0.345039,0.262491,0.217613,0.174857"
EDUCATIONxINCOME,"EDUCATIONxINCOME :: Postgraduate | $30,000-$50,000",CONFf_W42,4,"0.270830,0.286053,0.258427,0.184690"
EDUCATIONxINCOME,"EDUCATIONxINCOME :: Postgraduate | $50,000-$75,000",CONFf_W42,4,"0.277977,0.298225,0.259103,0.164696"
EDUCATIONxINCOME,"EDUCATIONxINCOME :: Postgraduate | $75,000-$100,000",CONFf_W42,4,"0.288543,0.293087,0.239210,0.179160"
EDUCATIONxINCOME,"EDUCATIONxINCOME :: Postgraduate | Less than $30,000",CONFf_W42,4,"0.240095,0.213545,0.278515,0.267845"
EDUCATIONxINCOME,"EDUCATIONxINCOME :: Some college, no degree | $100,000 or more",CONFf_W42,4,"0.323057,0.278493,0.225530,0.172920"
EDUCATIONxINCOME,"EDUCATIONxINCOME :: Some college, no degree | $30,000-$50,000",CONFf_W42,4,"0.264105,0.290063,0.260011,0.185821"
EDUCATIONxINCOME,"EDUCATIONxINCOME :: Some college, no degree | $50,000-$75,000",CONFf_W42,4,"0.265452,0.303156,0.261337,0.170055"
EDUCATIONxINCOME,"EDUCATIONxINCOME :: Some college, no degree | $75,000-$100,000",CONFf_W42,4,"0.275207,0.295254,0.244774,0.184765"
EDUCATIONxINCOME,"EDUCATIONxINCOME :: Some college, no degree | Less than $30,000",CONFf_W42,4,"0.233752,0.231933,0.277588,0.256727"
EDUCATIONxINCOME,"EDUCATIONxINCOME :: Some college, no degree | Refused",CONFf_W42,4,"0.245655,0.228976,0.271916,0.253453"
EDUCATIONxINCOME,"EDUCATIONxINCOME :: Associate's degree | $100,000 or more",CONTROLGRPc_W49,3,"0.514955,0.252937,0.232108"
EDUCATIONxINCOME,"EDUCATIONxINCOME :: Associate's degree | $30,000-$50,000",CONTROLGRPc_W49,3,"0.406691,0.309394,0.283916"
EDUCATIONxINCOME,"EDUCATIONxINCOME :: Associate's degree | $50,000-$75,000",CONTROLGRPc_W49,3,"0.398428,0.327738,0.273835"
EDUCATIONxINCOME,"EDUCATIONxINCOME :: Associate's degree | $75,000-$100,000",CONTROLGRPc_W49,3,"0.413498,0.319527,0.266975"
EDUCATIONxINCOME,"EDUCATIONxINCOME :: Associate's degree | Less than $30,000",CONTROLGRPc_W49,3,"0.357057,0.291422,0.351521"
EDUCATIONxINCOME,"EDUCATIONxINCOME :: College graduate/some postgrad | $100,000 or more",CONTROLGRPc_W49,3,"0.453609,0.283862,0.262529"
EDUCATIONxINCOME,"EDUCATIONxINCOME :: College graduate/some postgrad | $30,000-$50,000",CONTROLGRPc_W49,3,"0.412432,0.304108,0.283460"
EDUCATIONxINCOME,"EDUCATIONxINCOME :: College graduate/some postgrad | $50,000-$75,000",CONTROLGRPc_W49,3,"0.393990,0.326629,0.279381"
EDUCATIONxINCOME,"EDUCATIONxINCOME :: College graduate/some postgrad | $75,000-$100,000",CONTROLGRPc_W49,3,"0.406499,0.314118,0.279383"
EDUCATIONxINCOME,"EDUCATIONxINCOME :: College graduate/some postgrad | Less than $30,000",CONTROLGRPc_W49,3,"0.338566,0.289591,0.371842"
EDUCATIONxINCOME,"EDUCATIONxINCOME :: High school graduate | $100,000 or more",CONTROLGRPc_W49,3,"0.420860,0.303134,0.276006"
EDUCATIONxINCOME,"EDUCATIONxINCOME :: High school graduate | $30,000-$50,000",CONTROLGRPc_W49,3,"0.375153,0.323402,0.301444"
EDUCATIONxINCOME,"EDUCATIONxINCOME :: High school graduate | $50,000-$75,000",CONTROLGRPc_W49,3,"0.389407,0.327914,0.282679"
EDUCATIONxINCOME,"EDUCATIONxINCOME :: High school graduate | $75,000-$100,000",CONTROLGRPc_W49,3,"0.385698,0.329905,0.284396"
EDUCATIONxINCOME,"EDUCATIONxINCOME :: High school graduate | Less than $30,000",CONTROLGRPc_W49,3,"0.322042,0.295523,0.382435"
EDUCATIONxINCOME,EDUCATIONxINCOME :: High school graduate | Refused,CONTROLGRPc_W49,3,"0.340093,0.286387,0.373519"
EDUCATIONxINCOME,"EDUCATIONxINCOME :: Less than high school | $30,000-$50,000",CONTROLGRPc_W49,3,"0.368903,0.313084,0.318014"
EDUCATIONxINCOME,"EDUCATIONxINCOME :: Less than high school | Less than $30,000",CONTROLGRPc_W49,3,"0.311442,0.279175,0.409383"
EDUCATIONxINCOME,"EDUCATIONxINCOME :: Postgraduate | $100,000 or more",CONTROLGRPc_W49,3,"0.451674,0.284867,0.263459"
EDUCATIONxINCOME,"EDUCATIONxINCOME :: Postgraduate | $30,000-$50,000",CONTROLGRPc_W49,3,"0.389067,0.312624,0.298308"
EDUCATIONxINCOME,"EDUCATIONxINCOME :: Postgraduate | $50,000-$75,000",CONTROLGRPc_W49,3,"0.386691,0.328181,0.285128"
EDUCATIONxINCOME,"EDUCATIONxINCOME :: Postgraduate | $75,000-$100,000",CONTROLGRPc_W49,3,"0.402735,0.316110,0.281154"
EDUCATIONxINCOME,"EDUCATIONxINCOME :: Postgraduate | Less than $30,000",CONTROLGRPc_W49,3,"0.340976,0.263486,0.395539"
EDUCATIONxINCOME,"EDUCATIONxINCOME :: Some college, no degree | $100,000 or more",CONTROLGRPc_W49,3,"0.404880,0.308017,0.287103"
EDUCATIONxINCOME,"EDUCATIONxINCOME :: Some college, no degree | $30,000-$50,000",CONTROLGRPc_W49,3,"0.365279,0.317360,0.317360"
EDUCATIONxINCOME,"EDUCATIONxINCOME :: Some college, no degree | $50,000-$75,000",CONTROLGRPc_W49,3,"0.359519,0.337736,0.302745"
EDUCATIONxINCOME,"EDUCATIONxINCOME :: Some college, no degree | $75,000-$100,000",CONTROLGRPc_W49,3,"0.371427,0.327783,0.300790"
EDUCATIONxINCOME,"EDUCATIONxINCOME :: Some college, no degree | Less than $30,000",CONTROLGRPc_W49,3,"0.314077,0.295048,0.390875"
EDUCATIONxINCOME,"EDUCATIONxINCOME :: Some college, no degree | Refused",CONTROLGRPc_W49,3,"0.312114,0.233763,0.454123"
EDUCATIONxINCOME,"EDUCATIONxINCOME :: Associate's degree | $100,000 or more",DIFF1C_W29,2,"0.416797,0.583203"
EDUCATIONxINCOME,"EDUCATIONxINCOME :: Associate's degree | $30,000-$50,000",DIFF1C_W29,2,"0.424412,0.575588"
EDUCATIONxINCOME,"EDUCATIONxINCOME :: Associate's degree | $50,000-$75,000",DIFF1C_W29,2,"0.409221,0.590779"
EDUCATIONxINCOME,"EDUCATIONxINCOME :: Associate's degree | $75,000-$100,000",DIFF1C_W29,2,"0.401688,0.598312"
EDUCATIONxINCOME,"EDUCATIONxINCOME :: Associate's degree | Less than $30,000",DIFF1C_W29,2,"0.394201,0.605799"
EDUCATIONxINCOME,"EDUCATIONxINCOME :: College graduate/some postgrad | $100,000 or more",DIFF1C_W29,2,"0.414899,0.585101"
EDUCATIONxINCOME,"EDUCATIONxINCOME :: College graduate/some postgrad | $30,000-$50,000",DIFF1C_W29,2,"0.447460,0.552540"
EDUCATIONxINCOME,"EDUCATIONxINCOME :: College graduate/some postgrad | $50,000-$75,000",DIFF1C_W29,2,"0.435902,0.564098"
EDUCATIONxINCOME,"EDUCATIONxINCOME :: College graduate/some postgrad | $75,000-$100,000",DIFF1C_W29,2,"0.433981,0.566019"
EDUCATIONxINCOME,"EDUCATIONxINCOME :: College graduate/some postgrad | Less than $30,000",DIFF1C_W29,2,"0.422505,0.577495"
EDUCATIONxINCOME,EDUCATIONxINCOME :: College graduate/some postgrad | Refused,DIFF1C_W29,2,"0.472683,0.527317"
EDUCATIONxINCOME,"EDUCATIONxINCOME :: High school graduate | $100,000 or more",DIFF1C_W29,2,"0.411111,0.588889"
EDUCATIONxINCOME,"EDUCATIONxINCOME :: High school graduate | $30,000-$50,000",DIFF1C_W29,2,"0.433981,0.566019"
EDUCATIONxINCOME,"EDUCATIONxINCOME :: High school graduate | $50,000-$75,000",DIFF1C_W29,2,"0.433981,0.566019"
EDUCATIONxINCOME,"EDUCATIONxINCOME :: High school graduate | $75,000-$100,000",DIFF1C_W29,2,"0.424412,0.575588"
EDUCATIONxINCOME,"EDUCATIONxINCOME :: High school graduate | Less than $30,000",DIFF1C_W29,2,"0.411111,0.588889"
EDUCATIONxINCOME,"EDUCATIONxINCOME :: Less than high school | Less than $30,000",DIFF1C_W29,2,"0.420600,0.579400"
EDUCATIONxINCOME,"EDUCATIONxINCOME :: Postgraduate | $100,000 or more",DIFF1C_W29,2,"0.405449,0.594551"
EDUCATIONxINCOME,"EDUCATIONxINCOME :: Postgraduate | $30,000-$50,000",DIFF1C_W29,2,"0.433981,0.566019"
EDUCATIONxINCOME,"EDUCATIONxINCOME :: Postgraduate | $50,000-$75,000",DIFF1C_W29,2,"0.430147,0.569853"
EDUCATIONxINCOME,"EDUCATIONxINCOME :: Postgraduate | $75,000-$100,000",DIFF1C_W29,2,"0.430147,0.569853"
EDUCATIONxINCOME,"EDUCATIONxINCOME :: Postgraduate | Less than $30,000",DIFF1C_W29,2,"0.409221,0.590779"
EDUCATIONxINCOME,EDUCATIONxINCOME :: Postgraduate | Refused,DIFF1C_W29,2,"0.459076,0.540924"
EDUCATIONxINCOME,"EDUCATIONxINCOME :: Some college, no degree | $100,000 or more",DIFF1C_W29,2,"0.441673,0.558327"
EDUCATIONxINCOME,"EDUCATIONxINCOME :: Some college, no degree | $30,000-$50,000",DIFF1C_W29,2,"0.462959,0.537041"
EDUCATIONxINCOME,"EDUCATIONxINCOME :: Some college, no degree | $50,000-$75,000",DIFF1C_W29,2,"0.455199,0.544801"
EDUCATIONxINCOME,"EDUCATIONxINCOME :: Some college, no degree | $75,000-$100,000",DIFF1C_W29,2,"0.457137,0.542863"
EDUCATIONxINCOME,"EDUCATIONxINCOME :: Some college, no degree | Less than $30,000",DIFF1C_W29,2,"0.437824,0.562177"
EDUCATIONxINCOME,"EDUCATIONxINCOME :: Some college, no degree | Refused",DIFF1C_W29,2,"0.443600,0.556400"
EDUCATIONxINCOME,"EDUCATIONxINCOME :: Associate's degree | $100,000 or more",DIGWDOG_3_W45,3,"0.351563,0.536070,0.112366"
EDUCATIONxINCOME,"EDUCATIONxINCOME :: Associate's degree | $30,000-$50,000",DIGWDOG_3_W45,3,"0.333382,0.516352,0.150267"
EDUCATIONxINCOME,"EDUCATIONxINCOME :: Associate's degree | $50,000-$75,000",DIGWDOG_3_W45,3,"0.316007,0.525094,0.158898"
EDUCATIONxINCOME,"EDUCATIONxINCOME :: Associate's degree | $75,000-$100,000",DIGWDOG_3_W45,3,"0.313200,0.571580,0.115220"
EDUCATIONxINCOME,"EDUCATIONxINCOME :: Associate's degree | Less than $30,000",DIGWDOG_3_W45,3,"0.392824,0.452138,0.155039"
EDUCATIONxINCOME,"EDUCATIONxINCOME :: College graduate/some postgrad | $100,000 or more",DIGWDOG_3_W45,3,"0.326859,0.543126,0.130015"
EDUCATIONxINCOME,"EDUCATIONxINCOME :: College graduate/some postgrad | $30,000-$50,000",DIGWDOG_3_W45,3,"0.349962,0.493525,0.156513"
EDUCATIONxINCOME,"EDUCATIONxINCOME :: College graduate/some postgrad | $50,000-$75,000",DIGWDOG_3_W45,3,"0.329414,0.506236,0.164351"
EDUCATIONxINCOME,"EDUCATIONxINCOME :: College graduate/some postgrad | $75,000-$100,000",DIGWDOG_3_W45,3,"0.329454,0.547438,0.123108"
EDUCATIONxINCOME,"EDUCATIONxINCOME :: College graduate/some postgrad | Less than $30,000",DIGWDOG_3_W45,3,"0.410529,0.416994,0.172476"
EDUCATIONxINCOME,EDUCATIONxINCOME :: College graduate/some postgrad | Refused,DIGWDOG_3_W45,3,"0.342741,0.342741,0.314517"
EDUCATIONxINCOME,"EDUCATIONxINCOME :: High school graduate | $100,000 or more",DIGWDOG_3_W45,3,"0.322018,0.498752,0.179230"
EDUCATIONxINCOME,"EDUCATIONxINCOME :: High school graduate | $30,000-$50,000",DIGWDOG_3_W45,3,"0.349354,0.459217,0.191430"
EDUCATIONxINCOME,"EDUCATIONxINCOME :: High school graduate | $50,000-$75,000",DIGWDOG_3_W45,3,"0.348100,0.461157,0.190743"
EDUCATIONxINCOME,"EDUCATIONxINCOME :: High school graduate | $75,000-$100,000",DIGWDOG_3_W45,3,"0.343625,0.503893,0.152483"
EDUCATIONxINCOME,"EDUCATIONxINCOME :: High school graduate | Less than $30,000",DIGWDOG_3_W45,3,"0.420840,0.377239,0.201921"
EDUCATIONxINCOME,EDUCATIONxINCOME :: High school graduate | Refused,DIGWDOG_3_W45,3,"0.335072,0.332464,0.332464"
EDUCATIONxINCOME,"EDUCATIONxINCOME :: Less than high school | $30,000-$50,000",DIGWDOG_3_W45,3,"0.349287,0.473703,0.177010"
EDUCATIONxINCOME,"EDUCATIONxINCOME :: Less than high school | Less than $30,000",DIGWDOG_3_W45,3,"0.438129,0.380653,0.181218"
EDUCATIONxINCOME,"EDUCATIONxINCOME :: Postgraduate | $100,000 or more",DIGWDOG_3_W45,3,"0.323463,0.541698,0.134839"
EDUCATIONxINCOME,"EDUCATIONxINCOME :: Postgraduate | $30,000-$50,000",DIGWDOG_3_W45,3,"0.336340,0.493211,0.170449"
EDUCATIONxINCOME,"EDUCATIONxINCOME :: Postgraduate | $50,000-$75,000",DIGWDOG_3_W45,3,"0.328957,0.497695,0.173348"
EDUCATIONxINCOME,"EDUCATIONxINCOME :: Postgraduate | $75,000-$100,000",DIGWDOG_3_W45,3,"0.328613,0.537574,0.133813"
EDUCATIONxINCOME,"EDUCATIONxINCOME :: Postgraduate | Less than $30,000",DIGWDOG_3_W45,3,"0.429877,0.379366,0.190757"
EDUCATIONxINCOME,EDUCATIONxINCOME :: Postgraduate | Refused,DIGWDOG_3_W45,3,"0.331855,0.358821,0.309323"
EDUCATIONxINCOME,"EDUCATIONxINCOME :: Some college, no degree | $100,000 or more",DIGWDOG_3_W45,3,"0.336810,0.471282,0.191908"
EDUCATIONxINCOME,"EDUCATIONxINCOME :: Some college, no degree | $30,000-$50,000",DIGWDOG_3_W45,3,"0.346007,0.440824,0.213169"
EDUCATIONxINCOME,"EDUCATIONxINCOME :: Some college, no degree | $50,000-$75,000",DIGWDOG_3_W45,3,"0.336085,0.441776,0.222139"
EDUCATIONxINCOME,"EDUCATIONxINCOME :: Some college, no degree | $75,000-$100,000",DIGWDOG_3_W45,3,"0.344933,0.478892,0.176175"
EDUCATIONxINCOME,"EDUCATIONxINCOME :: Some college, no degree | Less than $30,000",DIGWDOG_3_W45,3,"0.392678,0.383581,0.223741"
EDUCATIONxINCOME,"EDUCATIONxINCOME :: Some college, no degree | Refused",DIGWDOG_3_W45,3,"0.324615,0.277658,0.397727"
EDUCATIONxINCOME,"EDUCATIONxINCOME :: Associate's degree | $100,000 or more",DNA3a_W50,2,"0.713831,0.286169"
EDUCATIONxINCOME,"EDUCATIONxINCOME :: Associate's degree | $30,000-$50,000",DNA3a_W50,2,"0.661923,0.338077"
EDUCATIONxINCOME,"EDUCATIONxINCOME :: Associate's degree | $50,000-$75,000",DNA3a_W50,2,"0.646014,0.353986"
EDUCATIONxINCOME,"EDUCATIONxINCOME :: Associate's degree | $75,000-$100,000",DNA3a_W50,2,"0.653127,0.346873"
EDUCATIONxINCOME,"EDUCATIONxINCOME :: Associate's degree | Less than $30,000",DNA3a_W50,2,"0.663669,0.336331"
EDUCATIONxINCOME,EDUCATIONxINCOME :: Associate's degree | Refused,DNA3a_W50,2,"0.605799,0.394201"
EDUCATIONxINCOME,"EDUCATIONxINCOME :: College graduate/some postgrad | $100,000 or more",DNA3a_W50,2,"0.677474,0.322526"
EDUCATIONxINCOME,"EDUCATIONxINCOME :: College graduate/some postgrad | $30,000-$50,000",DNA3a_W50,2,"0.670608,0.329392"
EDUCATIONxINCOME,"EDUCATIONxINCOME :: College graduate/some postgrad | $50,000-$75,000",DNA3a_W50,2,"0.644225,0.355775"
EDUCATIONxINCOME,"EDUCATIONxINCOME :: College graduate/some postgrad | $75,000-$100,000",DNA3a_W50,2,"0.647798,0.352202"
EDUCATIONxINCOME,"EDUCATIONxINCOME :: College graduate/some postgrad | Less than $30,000",DNA3a_W50,2,"0.646014,0.353986"
EDUCATIONxINCOME,EDUCATIONxINCOME :: College graduate/some postgrad | Refused,DNA3a_W50,2,"0.594551,0.405449"
EDUCATIONxINCOME,"EDUCATIONxINCOME :: High school graduate | $100,000 or more",DNA3a_W50,2,"0.638835,0.361165"
EDUCATIONxINCOME,"EDUCATIONxINCOME :: High school graduate | $30,000-$50,000",DNA3a_W50,2,"0.638835,0.361165"
EDUCATIONxINCOME,"EDUCATIONxINCOME :: High school graduate | $50,000-$75,000",DNA3a_W50,2,"0.649579,0.350421"
EDUCATIONxINCOME,"EDUCATIONxINCOME :: High school graduate | $75,000-$100,000",DNA3a_W50,2,"0.631594,0.368406"
EDUCATIONxINCOME,"EDUCATIONxINCOME :: High school graduate | Less than $30,000",DNA3a_W50,2,"0.640636,0.359364"
EDUCATIONxINCOME,EDUCATIONxINCOME :: High school graduate | Refused,DNA3a_W50,2,"0.579400,0.420600"
EDUCATIONxINCOME,"EDUCATIONxINCOME :: Less than high school | $30,000-$50,000",DNA3a_W50,2,"0.626124,0.373876"
EDUCATIONxINCOME,"EDUCATIONxINCOME :: Less than high school | Less than $30,000",DNA3a_W50,2,"0.646014,0.353986"
EDUCATIONxINCOME,"EDUCATIONxINCOME :: Postgraduate | $100,000 or more",DNA3a_W50,2,"0.667148,0.332852"
EDUCATIONxINCOME,"EDUCATIONxINCOME :: Postgraduate | $30,000-$50,000",DNA3a_W50,2,"0.631594,0.368406"
EDUCATIONxINCOME,"EDUCATIONxINCOME :: Postgraduate | $50,000-$75,000",DNA3a_W50,2,"0.627951,0.372049"
EDUCATIONxINCOME,"EDUCATIONxINCOME :: Postgraduate | $75,000-$100,000",DNA3a_W50,2,"0.646014,0.353986"
EDUCATIONxINCOME,"EDUCATIONxINCOME :: Postgraduate | Less than $30,000",DNA3a_W50,2,"0.680879,0.319121"
EDUCATIONxINCOME,EDUCATIONxINCOME :: Postgraduate | Refused,DNA3a_W50,2,"0.594551,0.405449"
EDUCATIONxINCOME,"EDUCATIONxINCOME :: Some college, no degree | $100,000 or more",DNA3a_W50,2,"0.615088,0.384912"
EDUCATIONxINCOME,"EDUCATIONxINCOME :: Some college, no degree | $30,000-$50,000",DNA3a_W50,2,"0.602062,0.397938"
EDUCATIONxINCOME,"EDUCATIONxINCOME :: Some college, no degree | $50,000-$75,000",DNA3a_W50,2,"0.594551,0.405449"
EDUCATIONxINCOME,"EDUCATIONxINCOME :: Some college, no degree | $75,000-$100,000",DNA3a_W50,2,"0.603932,0.396068"
EDUCATIONxINCOME,"EDUCATIONxINCOME :: Some college, no degree | Less than $30,000",DNA3a_W50,2,"0.618780,0.381220"
EDUCATIONxINCOME,"EDUCATIONxINCOME :: Some college, no degree | Refused",DNA3a_W50,2,"0.624294,0.375706"
EDUCATIONxINCOME,"EDUCATIONxINCOME :: Associate's degree | $100,000 or more",DNA3c_W50,2,"0.699254,0.300746"
EDUCATIONxINCOME,"EDUCATIONxINCOME :: Associate's degree | $30,000-$50,000",DNA3c_W50,2,"0.637031,0.362969"
EDUCATIONxINCOME,"EDUCATIONxINCOME :: Associate's degree | $50,000-$75,000",DNA3c_W50,2,"0.607663,0.392337"
EDUCATIONxINCOME,"EDUCATIONxINCOME :: Associate's degree | $75,000-$100,000",DNA3c_W50,2,"0.638835,0.361165"
EDUCATIONxINCOME,"EDUCATIONxINCOME :: Associate's degree | Less than $30,000",DNA3c_W50,2,"0.656658,0.343342"
EDUCATIONxINCOME,EDUCATIONxINCOME :: Associate's degree | Refused,DNA3c_W50,2,"0.592667,0.407333"
EDUCATIONxINCOME,"EDUCATIONxINCOME :: College graduate/some postgrad | $100,000 or more",DNA3c_W50,2,"0.672332,0.327668"
EDUCATIONxINCOME,"EDUCATIONxINCOME :: College graduate/some postgrad | $30,000-$50,000",DNA3c_W50,2,"0.637031,0.362969"
EDUCATIONxINCOME,"EDUCATIONxINCOME :: College graduate/some postgrad | $50,000-$75,000",DNA3c_W50,2,"0.618780,0.381220"
EDUCATIONxINCOME,"EDUCATIONxINCOME :: College graduate/some postgrad | $75,000-$100,000",DNA3c_W50,2,"0.620622,0.379378"
EDUCATIONxINCOME,"EDUCATIONxINCOME :: College graduate/some postgrad | Less than $30,000",DNA3c_W50,2,"0.611382,0.388618"
EDUCATIONxINCOME,EDUCATIONxINCOME :: College graduate/some postgrad | Refused,DNA3c_W50,2,"0.566019,0.433981"
EDUCATIONxINCOME,"EDUCATIONxINCOME :: High school graduate | $100,000 or more",DNA3c_W50,2,"0.635222,0.364778"
EDUCATIONxINCOME,"EDUCATIONxINCOME :: High school graduate | $30,000-$50,000",DNA3c_W50,2,"0.607663,0.392337"
EDUCATIONxINCOME,"EDUCATIONxINCOME :: High school graduate | $50,000-$75,000",DNA3c_W50,2,"0.622459,0.377541"
EDUCATIONxINCOME,"EDUCATIONxINCOME :: High school graduate | $75,000-$100,000",DNA3c_W50,2,"0.607663,0.392337"
EDUCATIONxINCOME,"EDUCATIONxINCOME :: High school graduate | Less than $30,000",DNA3c_W50,2,"0.607663,0.392337"
EDUCATIONxINCOME,EDUCATIONxINCOME :: High school graduate | Refused,DNA3c_W50,2,"0.554470,0.445530"
EDUCATIONxINCOME,"EDUCATIONxINCOME :: Less than high school | $30,000-$50,000",DNA3c_W50,2,"0.598312,0.401688"
EDUCATIONxINCOME,"EDUCATIONxINCOME :: Less than high school | Less than $30,000",DNA3c_W50,2,"0.616936,0.383064"
EDUCATIONxINCOME,"EDUCATIONxINCOME :: Postgraduate | $100,000 or more",DNA3c_W50,2,"0.667148,0.332852"
EDUCATIONxINCOME,"EDUCATIONxINCOME :: Postgraduate | $30,000-$50,000",DNA3c_W50,2,"0.603932,0.396068"
EDUCATIONxINCOME,"EDUCATIONxINCOME :: Postgraduate | $50,000-$75,000",DNA3c_W50,2,"0.602062,0.397938"
EDUCATIONxINCOME,"EDUCATIONxINCOME :: Postgraduate | $75,000-$100,000",DNA3c_W50,2,"0.620622,0.379378"
EDUCATIONxINCOME,"EDUCATIONxINCOME :: Postgraduate | Less than $30,000",DNA3c_W50,2,"0.656658,0.343342"
EDUCATIONxINCOME,EDUCATIONxINCOME :: Postgraduate | Refused,DNA3c_W50,2,"0.571767,0.428233"
EDUCATIONxINCOME,"EDUCATIONxINCOME :: Some college, no degree | $100,000 or more",DNA3c_W50,2,"0.613237,0.386763"
EDUCATIONxINCOME,"EDUCATIONxINCOME :: Some college, no degree | $30,000-$50,000",DNA3c_W50,2,"0.573678,0.426322"
EDUCATIONxINCOME,"EDUCATIONxINCOME :: Some college, no degree | $50,000-$75,000",DNA3c_W50,2,"0.567937,0.432063"
EDUCATIONxINCOME,"EDUCATIONxINCOME :: Some college, no degree | $75,000-$100,000",DNA3c_W50,2,"0.577495,0.422505"
EDUCATIONxINCOME,"EDUCATIONxINCOME :: Some college, no degree | Less than $30,000",DNA3c_W50,2,"0.585101,0.414899"
EDUCATIONxINCOME,"EDUCATIONxINCOME :: Associate's degree | $100,000 or more",DNA5_W50,2,"0.596433,0.403567"
EDUCATIONxINCOME,"EDUCATIONxINCOME :: Associate's degree | $30,000-$50,000",DNA5_W50,2,"0.581303,0.418697"
EDUCATIONxINCOME,"EDUCATIONxINCOME :: Associate's degree | $50,000-$75,000",DNA5_W50,2,"0.548674,0.451327"
EDUCATIONxINCOME,"EDUCATIONxINCOME :: Associate's degree | $75,000-$100,000",DNA5_W50,2,"0.554470,0.445530"
EDUCATIONxINCOME,"EDUCATIONxINCOME :: Associate's degree | Less than $30,000",DNA5_W50,2,"0.537041,0.462959"
EDUCATIONxINCOME,EDUCATIONxINCOME :: Associate's degree | Refused,DNA5_W50,2,"0.509764,0.490236"
EDUCATIONxINCOME,"EDUCATIONxINCOME :: College graduate/some postgrad | $100,000 or more",DNA5_W50,2,"0.571767,0.428233"
EDUCATIONxINCOME,"EDUCATIONxINCOME :: College graduate/some postgrad | $30,000-$50,000",DNA5_W50,2,"0.596433,0.403567"
EDUCATIONxINCOME,"EDUCATIONxINCOME :: College graduate/some postgrad | $50,000-$75,000",DNA5_W50,2,"0.567937,0.432063"
EDUCATIONxINCOME,"EDUCATIONxINCOME :: College graduate/some postgrad | $75,000-$100,000",DNA5_W50,2,"0.571767,0.428233"
EDUCATIONxINCOME,"EDUCATIONxINCOME :: College graduate/some postgrad | Less than $30,000",DNA5_W50,2,"0.548674,0.451327"
EDUCATIONxINCOME,EDUCATIONxINCOME :: College graduate/some postgrad | Refused,DNA5_W50,2,"0.521471,0.478529"
EDUCATIONxINCOME,"EDUCATIONxINCOME :: High school graduate | $100,000 or more",DNA5_W50,2,"0.546738,0.453262"
EDUCATIONxINCOME,"EDUCATIONxINCOME :: High school graduate | $30,000-$50,000",DNA5_W50,2,"0.569853,0.430147"
EDUCATIONxINCOME,"EDUCATIONxINCOME :: High school graduate | $50,000-$75,000",DNA5_W50,2,"0.560253,0.439747"
EDUCATIONxINCOME,"EDUCATIONxINCOME :: High school graduate | $75,000-$100,000",DNA5_W50,2,"0.552540,0.447460"
EDUCATIONxINCOME,"EDUCATIONxINCOME :: High school graduate | Less than $30,000",DNA5_W50,2,"0.529263,0.470737"
EDUCATIONxINCOME,EDUCATIONxINCOME :: High school graduate | Refused,DNA5_W50,2,"0.503906,0.496094"
EDUCATIONxINCOME,"EDUCATIONxINCOME :: Less than high school | $30,000-$50,000",DNA5_W50,2,"0.566019,0.433981"
EDUCATIONxINCOME,"EDUCATIONxINCOME :: Less than high school | Less than $30,000",DNA5_W50,2,"0.540924,0.459076"
EDUCATIONxINCOME,"EDUCATIONxINCOME :: Postgraduate | $100,000 or more",DNA5_W50,2,"0.562177,0.437824"
EDUCATIONxINCOME,"EDUCATIONxINCOME :: Postgraduate | $30,000-$50,000",DNA5_W50,2,"0.569853,0.430147"
EDUCATIONxINCOME,"EDUCATIONxINCOME :: Postgraduate | $50,000-$75,000",DNA5_W50,2,"0.548674,0.451327"
EDUCATIONxINCOME,"EDUCATIONxINCOME :: Postgraduate | $75,000-$100,000",DNA5_W50,2,"0.567937,0.432063"
EDUCATIONxINCOME,"EDUCATIONxINCOME :: Postgraduate | Less than $30,000",DNA5_W50,2,"0.558327,0.441673"
EDUCATIONxINCOME,EDUCATIONxINCOME :: Postgraduate | Refused,DNA5_W50,2,"0.529263,0.470737"
EDUCATIONxINCOME,"EDUCATIONxINCOME :: Some college, no degree | $100,000 or more",DNA5_W50,2,"0.529263,0.470737"
EDUCATIONxINCOME,"EDUCATIONxINCOME :: Some college, no degree | $30,000-$50,000",DNA5_W50,2,"0.540924,0.459076"
EDUCATIONxINCOME,"EDUCATIONxINCOME :: Some college, no degree | $50,000-$75,000",DNA5_W50,2,"0.521471,0.478529"
EDUCATIONxINCOME,"EDUCATIONxINCOME :: Some college, no degree | $75,000-$100,000",DNA5_W50,2,"0.529263,0.470737"
EDUCATIONxINCOME,"EDUCATIONxINCOME :: Some college, no degree | Less than $30,000",DNA5_W50,2,"0.515620,0.484380"
EDUCATIONxINCOME,"EDUCATIONxINCOME :: Some college, no degree | Refused",DNA5_W50,2,"0.511717,0.488283"
EDUCATIONxINCOME,"EDUCATIONxINCOME :: Associate's degree | $100,000 or more",DNATEST_W50,2,"0.684264,0.315736"
EDUCATIONxINCOME,"EDUCATIONxINCOME :: Associate's degree | $30,000-$50,000",DNATEST_W50,2,"0.627951,0.372049"
EDUCATIONxINCOME,"EDUCATIONxINCOME :: Associate's degree | $50,000-$75,000",DNATEST_W50,2,"0.600188,0.399812"
EDUCATIONxINCOME,"EDUCATIONxINCOME :: Associate's degree | $75,000-$100,000",DNATEST_W50,2,"0.613237,0.386763"
EDUCATIONxINCOME,"EDUCATIONxINCOME :: Associate's degree | Less than $30,000",DNATEST_W50,2,"0.598312,0.401688"
EDUCATIONxINCOME,EDUCATIONxINCOME :: Associate's degree | Refused,DNATEST_W50,2,"0.566019,0.433981"
EDUCATIONxINCOME,"EDUCATIONxINCOME :: College graduate/some postgrad | $100,000 or more",DNATEST_W50,2,"0.629775,0.370225"
EDUCATIONxINCOME,"EDUCATIONxINCOME :: College graduate/some postgrad | $30,000-$50,000",DNATEST_W50,2,"0.631594,0.368406"
EDUCATIONxINCOME,"EDUCATIONxINCOME :: College graduate/some postgrad | $50,000-$75,000",DNATEST_W50,2,"0.607663,0.392337"
EDUCATIONxINCOME,"EDUCATIONxINCOME :: College graduate/some postgrad | $75,000-$100,000",DNATEST_W50,2,"0.609524,0.390476"
EDUCATIONxINCOME,"EDUCATIONxINCOME :: College graduate/some postgrad | Less than $30,000",DNATEST_W50,2,"0.585101,0.414899"
EDUCATIONxINCOME,EDUCATIONxINCOME :: College graduate/some postgrad | Refused,DNATEST_W50,2,"0.566019,0.433981"
EDUCATIONxINCOME,"EDUCATIONxINCOME :: High school graduate | $100,000 or more",DNATEST_W50,2,"0.615088,0.384912"
EDUCATIONxINCOME,"EDUCATIONxINCOME :: High school graduate | $30,000-$50,000",DNATEST_W50,2,"0.611382,0.388618"
EDUCATIONxINCOME,"EDUCATIONxINCOME :: High school graduate | $50,000-$75,000",DNATEST_W50,2,"0.616936,0.383064"
EDUCATIONxINCOME,"EDUCATIONxINCOME :: High school graduate | $75,000-$100,000",DNATEST_W50,2,"0.605799,0.394201"
EDUCATIONxINCOME,"EDUCATIONxINCOME :: High school graduate | Less than $30,000",DNATEST_W50,2,"0.581303,0.418697"
EDUCATIONxINCOME,EDUCATIONxINCOME :: High school graduate | Refused,DNATEST_W50,2,"0.564098,0.435902"
EDUCATIONxINCOME,"EDUCATIONxINCOME :: Less than high school | $30,000-$50,000",DNATEST_W50,2,"0.615088,0.384912"
EDUCATIONxINCOME,"EDUCATIONxINCOME :: Less than high school | Less than $30,000",DNATEST_W50,2,"0.603932,0.396068"
EDUCATIONxINCOME,"EDUCATIONxINCOME :: Postgraduate | $100,000 or more",DNATEST_W50,2,"0.651355,0.348645"
EDUCATIONxINCOME,"EDUCATIONxINCOME :: Postgraduate | $30,000-$50,000",DNATEST_W50,2,"0.618780,0.381220"
EDUCATIONxINCOME,"EDUCATIONxINCOME :: Postgraduate | $50,000-$75,000",DNATEST_W50,2,"0.613237,0.386763"
EDUCATIONxINCOME,"EDUCATIONxINCOME :: Postgraduate | $75,000-$100,000",DNATEST_W50,2,"0.631594,0.368406"
EDUCATIONxINCOME,"EDUCATIONxINCOME :: Postgraduate | Less than $30,000",DNATEST_W50,2,"0.620622,0.379378"
EDUCATIONxINCOME,EDUCATIONxINCOME :: Postgraduate | Refused,DNATEST_W50,2,"0.592667,0.407333"
EDUCATIONxINCOME,"EDUCATIONxINCOME :: Some college, no degree | $100,000 or more",DNATEST_W50,2,"0.596433,0.403567"
EDUCATIONxINCOME,"EDUCATIONxINCOME :: Some college, no degree | $30,000-$50,000",DNATEST_W50,2,"0.586996,0.413004"
EDUCATIONxINCOME,"EDUCATIONxINCOME :: Some college, no degree | $50,000-$75,000",DNATEST_W50,2,"0.577495,0.422505"
EDUCATIONxINCOME,"EDUCATIONxINCOME :: Some college, no degree | $75,000-$100,000",DNATEST_W50,2,"0.586996,0.413004"
EDUCATIONxINCOME,"EDUCATIONxINCOME :: Some college, no degree | Less than $30,000",DNATEST_W50,2,"0.583203,0.416797"
EDUCATIONxINCOME,"EDUCATIONxINCOME :: Some college, no degree | Refused",DNATEST_W50,2,"0.569853,0.430147"
EDUCATIONxINCOME,"EDUCATIONxINCOME :: Associate's degree | $100,000 or more",DRONE4B_W27,3,"0.383850,0.399141,0.217009"
EDUCATIONxINCOME,"EDUCATIONxINCOME :: Associate's degree | $30,000-$50,000",DRONE4B_W27,3,"0.309762,0.433436,0.256802"
EDUCATIONxINCOME,"EDUCATIONxINCOME :: Associate's degree | $50,000-$75,000",DRONE4B_W27,3,"0.289403,0.434446,0.276151"
EDUCATIONxINCOME,"EDUCATIONxINCOME :: Associate's degree | $75,000-$100,000",DRONE4B_W27,3,"0.298519,0.448131,0.253350"
EDUCATIONxINCOME,"EDUCATIONxINCOME :: Associate's degree | Less than $30,000",DRONE4B_W27,3,"0.289375,0.455252,0.255373"
EDUCATIONxINCOME,"EDUCATIONxINCOME :: College graduate/some postgrad | $100,000 or more",DRONE4B_W27,3,"0.308094,0.434483,0.257423"
EDUCATIONxINCOME,"EDUCATIONxINCOME :: College graduate/some postgrad | $30,000-$50,000",DRONE4B_W27,3,"0.298136,0.430409,0.271455"
EDUCATIONxINCOME,"EDUCATIONxINCOME :: College graduate/some postgrad | $50,000-$75,000",DRONE4B_W27,3,"0.273343,0.433402,0.293255"
EDUCATIONxINCOME,"EDUCATIONxINCOME :: College graduate/some postgrad | $75,000-$100,000",DRONE4B_W27,3,"0.277566,0.447028,0.275406"
EDUCATIONxINCOME,"EDUCATIONxINCOME :: College graduate/some postgrad | Less than $30,000",DRONE4B_W27,3,"0.267092,0.450803,0.282105"
EDUCATIONxINCOME,"EDUCATIONxINCOME :: High school graduate | $100,000 or more",DRONE4B_W27,3,"0.307653,0.427134,0.265213"
EDUCATIONxINCOME,"EDUCATIONxINCOME :: High school graduate | $30,000-$50,000",DRONE4B_W27,3,"0.278896,0.442207,0.278896"
EDUCATIONxINCOME,"EDUCATIONxINCOME :: High school graduate | $50,000-$75,000",DRONE4B_W27,3,"0.289124,0.430648,0.280228"
EDUCATIONxINCOME,"EDUCATIONxINCOME :: High school graduate | $75,000-$100,000",DRONE4B_W27,3,"0.283493,0.445997,0.270511"
EDUCATIONxINCOME,"EDUCATIONxINCOME :: High school graduate | Less than $30,000",DRONE4B_W27,3,"0.270193,0.459614,0.270193"
EDUCATIONxINCOME,"EDUCATIONxINCOME :: Less than high school | Less than $30,000",DRONE4B_W27,3,"0.279121,0.456612,0.264267"
EDUCATIONxINCOME,"EDUCATIONxINCOME :: Postgraduate | $100,000 or more",DRONE4B_W27,3,"0.316273,0.425592,0.258135"
EDUCATIONxINCOME,"EDUCATIONxINCOME :: Postgraduate | $30,000-$50,000",DRONE4B_W27,3,"0.287853,0.428756,0.283391"
EDUCATIONxINCOME,"EDUCATIONxINCOME :: Postgraduate | $50,000-$75,000",DRONE4B_W27,3,"0.281756,0.422966,0.295278"
EDUCATIONxINCOME,"EDUCATIONxINCOME :: Postgraduate | $75,000-$100,000",DRONE4B_W27,3,"0.292261,0.435322,0.272417"
EDUCATIONxINCOME,"EDUCATIONxINCOME :: Postgraduate | Less than $30,000",DRONE4B_W27,3,"0.295343,0.439913,0.264744"
EDUCATIONxINCOME,"EDUCATIONxINCOME :: Some college, no degree | $100,000 or more",DRONE4B_W27,3,"0.334259,0.390788,0.274954"
EDUCATIONxINCOME,"EDUCATIONxINCOME :: Some college, no degree | $30,000-$50,000",DRONE4B_W27,3,"0.303581,0.402179,0.294240"
EDUCATIONxINCOME,"EDUCATIONxINCOME :: Some college, no degree | $50,000-$75,000",DRONE4B_W27,3,"0.297717,0.397505,0.304778"
EDUCATIONxINCOME,"EDUCATIONxINCOME :: Some college, no degree | $75,000-$100,000",DRONE4B_W27,3,"0.313730,0.402838,0.283432"
EDUCATIONxINCOME,"EDUCATIONxINCOME :: Some college, no degree | Less than $30,000",DRONE4B_W27,3,"0.297884,0.420084,0.282031"
EDUCATIONxINCOME,"EDUCATIONxINCOME :: Associate's degree | $100,000 or more",E5_W36,3,"0.564915,0.201427,0.233659"
EDUCATIONxINCOME,"EDUCATIONxINCOME :: Associate's degree | $30,000-$50,000",E5_W36,3,"0.435355,0.255932,0.308713"
EDUCATIONxINCOME,"EDUCATIONxINCOME :: Associate's degree | $50,000-$75,000",E5_W36,3,"0.435052,0.265942,0.299006"
EDUCATIONxINCOME,"EDUCATIONxINCOME :: Associate's degree | $75,000-$100,000",E5_W36,3,"0.438896,0.264132,0.296972"
EDUCATIONxINCOME,"EDUCATIONxINCOME :: Associate's degree | Less than $30,000",E5_W36,3,"0.249476,0.291667,0.458857"
EDUCATIONxINCOME,"EDUCATIONxINCOME :: College graduate/some postgrad | $100,000 or more",E5_W36,3,"0.512227,0.222034,0.265740"
EDUCATIONxINCOME,"EDUCATIONxINCOME :: College graduate/some postgrad | $30,000-$50,000",E5_W36,3,"0.440937,0.251239,0.307824"
EDUCATIONxINCOME,"EDUCATIONxINCOME :: College graduate/some postgrad | $50,000-$75,000",E5_W36,3,"0.436718,0.260776,0.302506"
EDUCATIONxINCOME,"EDUCATIONxINCOME :: College graduate/some postgrad | $75,000-$100,000",E5_W36,3,"0.441125,0.253317,0.305558"
EDUCATIONxINCOME,"EDUCATIONxINCOME :: College graduate/some postgrad | Less than $30,000",E5_W36,3,"0.238189,0.280655,0.481155"
EDUCATIONxINCOME,EDUCATIONxINCOME :: College graduate/some postgrad | Refused,E5_W36,3,"0.250639,0.277432,0.471928"
EDUCATIONxINCOME,"EDUCATIONxINCOME :: High school graduate | $100,000 or more",E5_W36,3,"0.485381,0.229278,0.285341"
EDUCATIONxINCOME,"EDUCATIONxINCOME :: High school graduate | $30,000-$50,000",E5_W36,3,"0.423871,0.251135,0.324993"
EDUCATIONxINCOME,"EDUCATIONxINCOME :: High school graduate | $50,000-$75,000",E5_W36,3,"0.439875,0.250633,0.309491"
EDUCATIONxINCOME,"EDUCATIONxINCOME :: High school graduate | $75,000-$100,000",E5_W36,3,"0.430648,0.259168,0.310184"
EDUCATIONxINCOME,"EDUCATIONxINCOME :: High school graduate | Less than $30,000",E5_W36,3,"0.238189,0.280655,0.481155"
EDUCATIONxINCOME,"EDUCATIONxINCOME :: Less than high school | Less than $30,000",E5_W36,3,"0.219629,0.277637,0.502735"
EDUCATIONxINCOME,"EDUCATIONxINCOME :: Postgraduate | $100,000 or more",E5_W36,3,"0.486249,0.227900,0.285851"
EDUCATIONxINCOME,"EDUCATIONxINCOME :: Postgraduate | $30,000-$50,000",E5_W36,3,"0.407253,0.262943,0.329804"
EDUCATIONxINCOME,"EDUCATIONxINCOME :: Postgraduate | $50,000-$75,000",E5_W36,3,"0.411163,0.276042,0.312796"
EDUCATIONxINCOME,"EDUCATIONxINCOME :: Postgraduate | $75,000-$100,000",E5_W36,3,"0.416582,0.268966,0.314453"
EDUCATIONxINCOME,"EDUCATIONxINCOME :: Postgraduate | Less than $30,000",E5_W36,3,"0.221521,0.271413,0.507066"
EDUCATIONxINCOME,EDUCATIONxINCOME :: Postgraduate | Refused,E5_W36,3,"0.241562,0.278036,0.480403"
EDUCATIONxINCOME,"EDUCATIONxINCOME :: Some college, no degree | $100,000 or more",E5_W36,3,"0.418482,0.268090,0.313428"
EDUCATIONxINCOME,"EDUCATIONxINCOME :: Some college, no degree | $30,000-$50,000",E5_W36,3,"0.369134,0.278637,0.352230"
EDUCATIONxINCOME,"EDUCATIONxINCOME :: Some college, no degree | $50,000-$75,000",E5_W36,3,"0.376614,0.291025,0.332361"
EDUCATIONxINCOME,"EDUCATIONxINCOME :: Some college, no degree | $75,000-$100,000",E5_W36,3,"0.371842,0.289591,0.338566"
EDUCATIONxINCOME,"EDUCATIONxINCOME :: Some college, no degree | Less than $30,000",E5_W36,3,"0.241028,0.290735,0.468237"
EDUCATIONxINCOME,"EDUCATIONxINCOME :: Some college, no degree | Refused",E5_W36,3,"0.196110,0.227491,0.576399"
EDUCATIONxINCOME,"EDUCATIONxINCOME :: Associate's degree | $100,000 or more",EARN_W36,3,"0.419194,0.264382,0.316424"
EDUCATIONxINCOME,"EDUCATIONxINCOME :: Associate's degree | $30,000-$50,000",EARN_W36,3,"0.371978,0.291969,0.336054"
EDUCATIONxINCOME,"EDUCATIONxINCOME :: Associate's degree | $50,000-$75,000",EARN_W36,3,"0.357687,0.287410,0.354903"
EDUCATIONxINCOME,"EDUCATIONxINCOME :: Associate's degree | $75,000-$100,000",EARN_W36,3,"0.359413,0.300301,0.340286"
EDUCATIONxINCOME,"EDUCATIONxINCOME :: Associate's degree | Less than $30,000",EARN_W36,3,"0.364087,0.285775,0.350139"
EDUCATIONxINCOME,"EDUCATIONxINCOME :: College graduate/some postgrad | $100,000 or more",EARN_W36,3,"0.389947,0.276514,0.333539"
EDUCATIONxINCOME,"EDUCATIONxINCOME :: College graduate/some postgrad | $30,000-$50,000",EARN_W36,3,"0.371160,0.280167,0.348673"
EDUCATIONxINCOME,"EDUCATIONxINCOME :: College graduate/some postgrad | $50,000-$75,000",EARN_W36,3,"0.357840,0.278686,0.363475"
EDUCATIONxINCOME,"EDUCATIONxINCOME :: College graduate/some postgrad | $75,000-$100,000",EARN_W36,3,"0.356883,0.289012,0.354105"
EDUCATIONxINCOME,"EDUCATIONxINCOME :: College graduate/some postgrad | Less than $30,000",EARN_W36,3,"0.361967,0.273227,0.364806"
EDUCATIONxINCOME,EDUCATIONxINCOME :: College graduate/some postgrad | Refused,EARN_W36,3,"0.325623,0.278520,0.395857"
EDUCATIONxINCOME,"EDUCATIONxINCOME :: High school graduate | $100,000 or more",EARN_W36,3,"0.381529,0.279132,0.339339"
EDUCATIONxINCOME,"EDUCATIONxINCOME :: High school graduate | $30,000-$50,000",EARN_W36,3,"0.368117,0.277869,0.354014"
EDUCATIONxINCOME,"EDUCATIONxINCOME :: High school graduate | $50,000-$75,000",EARN_W36,3,"0.365922,0.259478,0.374600"
EDUCATIONxINCOME,"EDUCATIONxINCOME :: High school graduate | $75,000-$100,000",EARN_W36,3,"0.356694,0.286612,0.356694"
EDUCATIONxINCOME,"EDUCATIONxINCOME :: High school graduate | Less than $30,000",EARN_W36,3,"0.366848,0.266303,0.366848"
EDUCATIONxINCOME,"EDUCATIONxINCOME :: Less than high school | Less than $30,000",EARN_W36,3,"0.357059,0.280259,0.362682"
EDUCATIONxINCOME,"EDUCATIONxINCOME :: Postgraduate | $100,000 or more",EARN_W36,3,"0.388408,0.281954,0.329638"
EDUCATIONxINCOME,"EDUCATIONxINCOME :: Postgraduate | $30,000-$50,000",EARN_W36,3,"0.358037,0.292221,0.349743"
EDUCATIONxINCOME,"EDUCATIONxINCOME :: Postgraduate | $50,000-$75,000",EARN_W36,3,"0.350919,0.284183,0.364898"
EDUCATIONxINCOME,"EDUCATIONxINCOME :: Postgraduate | $75,000-$100,000",EARN_W36,3,"0.350220,0.299559,0.350220"
EDUCATIONxINCOME,"EDUCATIONxINCOME :: Postgraduate | Less than $30,000",EARN_W36,3,"0.374153,0.271606,0.354241"
EDUCATIONxINCOME,EDUCATIONxINCOME :: Postgraduate | Refused,EARN_W36,3,"0.318852,0.299533,0.381615"
EDUCATIONxINCOME,"EDUCATIONxINCOME :: Some college, no degree | $100,000 or more",EARN_W36,3,"0.368562,0.298470,0.332968"
EDUCATIONxINCOME,"EDUCATIONxINCOME :: Some college, no degree | $30,000-$50,000",EARN_W36,3,"0.351039,0.297923,0.351039"
EDUCATIONxINCOME,"EDUCATIONxINCOME :: Some college, no degree | $50,000-$75,000",EARN_W36,3,"0.343267,0.291327,0.365406"
EDUCATIONxINCOME,"EDUCATIONxINCOME :: Some college, no degree | $75,000-$100,000",EARN_W36,3,"0.344091,0.303659,0.352250"
EDUCATIONxINCOME,"EDUCATIONxINCOME :: Some college, no degree | Less than $30,000",EARN_W36,3,"0.348763,0.291403,0.359834"
EDUCATIONxINCOME,"EDUCATIONxINCOME :: Some college, no degree | Refused",EARN_W36,3,"0.330862,0.270042,0.399096"
EDUCATIONxINCOME,"EDUCATIONxINCOME :: Associate's degree | $100,000 or more",EASIERPOLF2_W36,3,"0.406602,0.281645,0.311753"
EDUCATIONxINCOME,"EDUCATIONxINCOME :: Associate's degree | $30,000-$50,000",EASIERPOLF2_W36,3,"0.401972,0.259533,0.338495"
EDUCATIONxINCOME,"EDUCATIONxINCOME :: Associate's degree | $50,000-$75,000",EASIERPOLF2_W36,3,"0.412930,0.272930,0.314140"
EDUCATIONxINCOME,"EDUCATIONxINCOME :: Associate's degree | $75,000-$100,000",EASIERPOLF2_W36,3,"0.411163,0.276042,0.312796"
EDUCATIONxINCOME,"EDUCATIONxINCOME :: Associate's degree | Less than $30,000",EASIERPOLF2_W36,3,"0.405574,0.265982,0.328444"
EDUCATIONxINCOME,"EDUCATIONxINCOME :: College graduate/some postgrad | $100,000 or more",EASIERPOLF2_W36,3,"0.414818,0.259587,0.325595"
EDUCATIONxINCOME,"EDUCATIONxINCOME :: College graduate/some postgrad | $30,000-$50,000",EASIERPOLF2_W36,3,"0.393384,0.253988,0.352628"
EDUCATIONxINCOME,"EDUCATIONxINCOME :: College graduate/some postgrad | $50,000-$75,000",EASIERPOLF2_W36,3,"0.409141,0.262105,0.328754"
EDUCATIONxINCOME,"EDUCATIONxINCOME :: College graduate/some postgrad | $75,000-$100,000",EASIERPOLF2_W36,3,"0.407861,0.259252,0.332887"
EDUCATIONxINCOME,"EDUCATIONxINCOME :: College graduate/some postgrad | Less than $30,000",EASIERPOLF2_W36,3,"0.401955,0.251537,0.346507"
EDUCATIONxINCOME,EDUCATIONxINCOME :: College graduate/some postgrad | Refused,EASIERPOLF2_W36,3,"0.380945,0.249830,0.369225"
EDUCATIONxINCOME,"EDUCATIONxINCOME :: High school graduate | $100,000 or more",EASIERPOLF2_W36,3,"0.430648,0.259168,0.310184"
EDUCATIONxINCOME,"EDUCATIONxINCOME :: High school graduate | $30,000-$50,000",EASIERPOLF2_W36,3,"0.423259,0.239289,0.337452"
EDUCATIONxINCOME,"EDUCATIONxINCOME :: High school graduate | $50,000-$75,000",EASIERPOLF2_W36,3,"0.412702,0.258263,0.329035"
EDUCATIONxINCOME,"EDUCATIONxINCOME :: High school graduate | $75,000-$100,000",EASIERPOLF2_W36,3,"0.417971,0.261560,0.320469"
EDUCATIONxINCOME,"EDUCATIONxINCOME :: High school graduate | Less than $30,000",EASIERPOLF2_W36,3,"0.415186,0.253798,0.331015"
EDUCATIONxINCOME,"EDUCATIONxINCOME :: Less than high school | Less than $30,000",EASIERPOLF2_W36,3,"0.410810,0.259095,0.330095"
EDUCATIONxINCOME,"EDUCATIONxINCOME :: Postgraduate | $100,000 or more",EASIERPOLF2_W36,3,"0.431690,0.259795,0.308515"
EDUCATIONxINCOME,"EDUCATIONxINCOME :: Postgraduate | $30,000-$50,000",EASIERPOLF2_W36,3,"0.406287,0.254248,0.339465"
EDUCATIONxINCOME,"EDUCATIONxINCOME :: Postgraduate | $50,000-$75,000",EASIERPOLF2_W36,3,"0.416582,0.268966,0.314453"
EDUCATIONxINCOME,"EDUCATIONxINCOME :: Postgraduate | $75,000-$100,000",EASIERPOLF2_W36,3,"0.407120,0.273328,0.319552"
EDUCATIONxINCOME,"EDUCATIONxINCOME :: Postgraduate | Less than $30,000",EASIERPOLF2_W36,3,"0.395704,0.276246,0.328050"
EDUCATIONxINCOME,EDUCATIONxINCOME :: Postgraduate | Refused,EASIERPOLF2_W36,3,"0.369428,0.264018,0.366553"
EDUCATIONxINCOME,"EDUCATIONxINCOME :: Some college, no degree | $100,000 or more",EASIERPOLF2_W36,3,"0.395857,0.278520,0.325623"
EDUCATIONxINCOME,"EDUCATIONxINCOME :: Some college, no degree | $30,000-$50,000",EASIERPOLF2_W36,3,"0.381482,0.260148,0.358369"
EDUCATIONxINCOME,"EDUCATIONxINCOME :: Some college, no degree | $50,000-$75,000",EASIERPOLF2_W36,3,"0.388256,0.279651,0.332093"
EDUCATIONxINCOME,"EDUCATIONxINCOME :: Some college, no degree | $75,000-$100,000",EASIERPOLF2_W36,3,"0.383547,0.280609,0.335845"
EDUCATIONxINCOME,"EDUCATIONxINCOME :: Some college, no degree | Less than $30,000",EASIERPOLF2_W36,3,"0.377249,0.273853,0.348898"
EDUCATIONxINCOME,"EDUCATIONxINCOME :: Some college, no degree | Refused",EASIERPOLF2_W36,3,"0.353879,0.245125,0.400997"
EDUCATIONxINCOME,"EDUCATIONxINCOME :: Associate's degree | $100,000 or more",EAT3G_W34,2,"0.414899,0.585101"
EDUCATIONxINCOME,"EDUCATIONxINCOME :: Associate's degree | $30,000-$50,000",EAT3G_W34,2,"0.413004,0.586996"
EDUCATIONxINCOME,"EDUCATIONxINCOME :: Associate's degree | $50,000-$75,000",EAT3G_W34,2,"0.390476,0.609524"
EDUCATIONxINCOME,"EDUCATIONxINCOME :: Associate's degree | $75,000-$100,000",EAT3G_W34,2,"0.405449,0.594551"
EDUCATIONxINCOME,"EDUCATIONxINCOME :: Associate's degree | Less than $30,000",EAT3G_W34,2,"0.411111,0.588889"
EDUCATIONxINCOME,"EDUCATIONxINCOME :: College graduate/some postgrad | $100,000 or more",EAT3G_W34,2,"0.405449,0.594551"
EDUCATIONxINCOME,"EDUCATIONxINCOME :: College graduate/some postgrad | $30,000-$50,000",EAT3G_W34,2,"0.414899,0.585101"
EDUCATIONxINCOME,"EDUCATIONxINCOME :: College graduate/some postgrad | $50,000-$75,000",EAT3G_W34,2,"0.397938,0.602062"
EDUCATIONxINCOME,"EDUCATIONxINCOME :: College graduate/some postgrad | $75,000-$100,000",EAT3G_W34,2,"0.418697,0.581303"
EDUCATIONxINCOME,"EDUCATIONxINCOME :: College graduate/some postgrad | Less than $30,000",EAT3G_W34,2,"0.433981,0.566019"
EDUCATIONxINCOME,"EDUCATIONxINCOME :: High school graduate | $100,000 or more",EAT3G_W34,2,"0.394201,0.605799"
EDUCATIONxINCOME,"EDUCATIONxINCOME :: High school graduate | $30,000-$50,000",EAT3G_W34,2,"0.403567,0.596433"
EDUCATIONxINCOME,"EDUCATIONxINCOME :: High school graduate | $50,000-$75,000",EAT3G_W34,2,"0.379378,0.620622"
EDUCATIONxINCOME,"EDUCATIONxINCOME :: High school graduate | $75,000-$100,000",EAT3G_W34,2,"0.394201,0.605799"
EDUCATIONxINCOME,"EDUCATIONxINCOME :: High school graduate | Less than $30,000",EAT3G_W34,2,"0.407333,0.592667"
EDUCATIONxINCOME,"EDUCATIONxINCOME :: Less than high school | Less than $30,000",EAT3G_W34,2,"0.411111,0.588889"
EDUCATIONxINCOME,"EDUCATIONxINCOME :: Postgraduate | $100,000 or more",EAT3G_W34,2,"0.381220,0.618780"
EDUCATIONxINCOME,"EDUCATIONxINCOME :: Postgraduate | $30,000-$50,000",EAT3G_W34,2,"0.397938,0.602062"
EDUCATIONxINCOME,"EDUCATIONxINCOME :: Postgraduate | $50,000-$75,000",EAT3G_W34,2,"0.381220,0.618780"
EDUCATIONxINCOME,"EDUCATIONxINCOME :: Postgraduate | $75,000-$100,000",EAT3G_W34,2,"0.390476,0.609524"
EDUCATIONxINCOME,"EDUCATIONxINCOME :: Postgraduate | Less than $30,000",EAT3G_W34,2,"0.397938,0.602062"
EDUCATIONxINCOME,"EDUCATIONxINCOME :: Some college, no degree | $100,000 or more",EAT3G_W34,2,"0.411111,0.588889"
EDUCATIONxINCOME,"EDUCATIONxINCOME :: Some college, no degree | $30,000-$50,000",EAT3G_W34,2,"0.396068,0.603932"
EDUCATIONxINCOME,"EDUCATIONxINCOME :: Some college, no degree | $50,000-$75,000",EAT3G_W34,2,"0.383064,0.616936"
EDUCATIONxINCOME,"EDUCATIONxINCOME :: Some college, no degree | $75,000-$100,000",EAT3G_W34,2,"0.390476,0.609524"
EDUCATIONxINCOME,"EDUCATIONxINCOME :: Some college, no degree | Less than $30,000",EAT3G_W34,2,"0.384912,0.615088"
EDUCATIONxINCOME,"EDUCATIONxINCOME :: Associate's degree | $100,000 or more",EAT5C_W34,4,"0.303899,0.251941,0.238533,0.205628"
EDUCATIONxINCOME,"EDUCATIONxINCOME :: Associate's degree | $30,000-$50,000",EAT5C_W34,4,"0.253064,0.269385,0.269385,0.208165"
EDUCATIONxINCOME,"EDUCATIONxINCOME :: Associate's degree | $50,000-$75,000",EAT5C_W34,4,"0.250623,0.288466,0.262651,0.198260"
EDUCATIONxINCOME,"EDUCATIONxINCOME :: Associate's degree | $75,000-$100,000",EAT5C_W34,4,"0.272585,0.290165,0.242442,0.194808"
EDUCATIONxINCOME,"EDUCATIONxINCOME :: Associate's degree | Less than $30,000",EAT5C_W34,4,"0.297534,0.268799,0.215986,0.217680"
EDUCATIONxINCOME,"EDUCATIONxINCOME :: College graduate/some postgrad | $100,000 or more",EAT5C_W34,4,"0.287550,0.257758,0.245954,0.208739"
EDUCATIONxINCOME,"EDUCATIONxINCOME :: College graduate/some postgrad | $30,000-$50,000",EAT5C_W34,4,"0.242482,0.272630,0.279095,0.205792"
EDUCATIONxINCOME,"EDUCATIONxINCOME :: College graduate/some postgrad | $50,000-$75,000",EAT5C_W34,4,"0.241228,0.284236,0.277652,0.196884"
EDUCATIONxINCOME,"EDUCATIONxINCOME :: College graduate/some postgrad | $75,000-$100,000",EAT5C_W34,4,"0.267234,0.282256,0.254997,0.195513"
EDUCATIONxINCOME,"EDUCATIONxINCOME :: College graduate/some postgrad | Less than $30,000",EAT5C_W34,4,"0.283444,0.266271,0.229540,0.220746"
EDUCATIONxINCOME,"EDUCATIONxINCOME :: High school graduate | $100,000 or more",EAT5C_W34,4,"0.281596,0.281596,0.237127,0.199681"
EDUCATIONxINCOME,"EDUCATIONxINCOME :: High school graduate | $30,000-$50,000",EAT5C_W34,4,"0.241371,0.293432,0.265094,0.200103"
EDUCATIONxINCOME,"EDUCATIONxINCOME :: High school graduate | $50,000-$75,000",EAT5C_W34,4,"0.239614,0.300543,0.267308,0.192535"
EDUCATIONxINCOME,"EDUCATIONxINCOME :: High school graduate | $75,000-$100,000",EAT5C_W34,4,"0.259786,0.306103,0.244047,0.190064"
EDUCATIONxINCOME,"EDUCATIONxINCOME :: High school graduate | Less than $30,000",EAT5C_W34,4,"0.275751,0.291251,0.221572,0.211426"
EDUCATIONxINCOME,"EDUCATIONxINCOME :: Less than high school | Less than $30,000",EAT5C_W34,4,"0.286096,0.281661,0.224559,0.207684"
EDUCATIONxINCOME,"EDUCATIONxINCOME :: Postgraduate | $100,000 or more",EAT5C_W34,4,"0.313556,0.274559,0.217194,0.194691"
EDUCATIONxINCOME,"EDUCATIONxINCOME :: Postgraduate | $30,000-$50,000",EAT5C_W34,4,"0.260872,0.284282,0.254829,0.200017"
EDUCATIONxINCOME,"EDUCATIONxINCOME :: Postgraduate | $50,000-$75,000",EAT5C_W34,4,"0.260000,0.299259,0.252001,0.188740"
EDUCATIONxINCOME,"EDUCATIONxINCOME :: Postgraduate | $75,000-$100,000",EAT5C_W34,4,"0.277326,0.295212,0.235364,0.192098"
EDUCATIONxINCOME,"EDUCATIONxINCOME :: Postgraduate | Less than $30,000",EAT5C_W34,4,"0.308032,0.271837,0.208425,0.211707"
EDUCATIONxINCOME,"EDUCATIONxINCOME :: Some college, no degree | $100,000 or more",EAT5C_W34,4,"0.282687,0.276139,0.234356,0.206818"
EDUCATIONxINCOME,"EDUCATIONxINCOME :: Some college, no degree | $30,000-$50,000",EAT5C_W34,4,"0.244059,0.278724,0.261837,0.215381"
EDUCATIONxINCOME,"EDUCATIONxINCOME :: Some college, no degree | $50,000-$75,000",EAT5C_W34,4,"0.242095,0.294312,0.259729,0.203864"
EDUCATIONxINCOME,"EDUCATIONxINCOME :: Some college, no degree | $75,000-$100,000",EAT5C_W34,4,"0.257011,0.291232,0.245242,0.206514"
EDUCATIONxINCOME,"EDUCATIONxINCOME :: Some college, no degree | Less than $30,000",EAT5C_W34,4,"0.272443,0.281091,0.222361,0.224105"
EDUCATIONxINCOME,"EDUCATIONxINCOME :: Associate's degree | $100,000 or more",ECON1_W54,4,"0.291682,0.185404,0.293970,0.228944"
EDUCATIONxINCOME,"EDUCATIONxINCOME :: Associate's degree | $30,000-$50,000",ECON1_W54,4,"0.117966,0.162505,0.455757,0.263772"
EDUCATIONxINCOME,"EDUCATIONxINCOME :: Associate's degree | $50,000-$75,000",ECON1_W54,4,"0.115819,0.164613,0.480058,0.239510"
EDUCATIONxINCOME,"EDUCATIONxINCOME :: Associate's degree | $75,000-$100,000",ECON1_W54,4,"0.121564,0.162309,0.458777,0.257350"
EDUCATIONxINCOME,"EDUCATIONxINCOME :: Associate's degree | Less than $30,000",ECON1_W54,4,"0.090040,0.085917,0.432927,0.391116"
EDUCATIONxINCOME,EDUCATIONxINCOME :: Associate's degree | Refused,ECON1_W54,4,"0.141619,0.127942,0.416242,0.314196"
EDUCATIONxINCOME,"EDUCATIONxINCOME :: College graduate/some postgrad | $100,000 or more",ECON1_W54,4,"0.206417,0.157034,0.379659,0.256890"
EDUCATIONxINCOME,"EDUCATIONxINCOME :: College graduate/some postgrad | $30,000-$50,000",ECON1_W54,4,"0.117024,0.175673,0.455662,0.251641"
EDUCATIONxINCOME,"EDUCATIONxINCOME :: College graduate/some postgrad | $50,000-$75,000",ECON1_W54,4,"0.113313,0.164870,0.499961,0.221856"
EDUCATIONxINCOME,"EDUCATIONxINCOME :: College graduate/some postgrad | $75,000-$100,000",ECON1_W54,4,"0.122763,0.158867,0.478010,0.240359"
EDUCATIONxINCOME,"EDUCATIONxINCOME :: College graduate/some postgrad | Less than $30,000",ECON1_W54,4,"0.086167,0.079691,0.447969,0.386173"
EDUCATIONxINCOME,EDUCATIONxINCOME :: College graduate/some postgrad | Refused,ECON1_W54,4,"0.132809,0.127722,0.435465,0.304004"
EDUCATIONxINCOME,"EDUCATIONxINCOME :: High school graduate | $100,000 or more",ECON1_W54,4,"0.221889,0.170128,0.354578,0.253405"
EDUCATIONxINCOME,"EDUCATIONxINCOME :: High school graduate | $30,000-$50,000",ECON1_W54,4,"0.110818,0.156279,0.488954,0.243948"
EDUCATIONxINCOME,"EDUCATIONxINCOME :: High school graduate | $50,000-$75,000",ECON1_W54,4,"0.108538,0.157921,0.525958,0.207583"
EDUCATIONxINCOME,"EDUCATIONxINCOME :: High school graduate | $75,000-$100,000",ECON1_W54,4,"0.126377,0.166120,0.469548,0.237955"
EDUCATIONxINCOME,"EDUCATIONxINCOME :: High school graduate | Less than $30,000",ECON1_W54,4,"0.083338,0.074703,0.468466,0.373493"
EDUCATIONxINCOME,EDUCATIONxINCOME :: High school graduate | Refused,ECON1_W54,4,"0.135642,0.124472,0.441292,0.298593"
EDUCATIONxINCOME,"EDUCATIONxINCOME :: Less than high school | $30,000-$50,000",ECON1_W54,4,"0.118449,0.152091,0.454060,0.275401"
EDUCATIONxINCOME,"EDUCATIONxINCOME :: Less than high school | Less than $30,000",ECON1_W54,4,"0.082192,0.073103,0.417404,0.427302"
EDUCATIONxINCOME,"EDUCATIONxINCOME :: Postgraduate | $100,000 or more",ECON1_W54,4,"0.221442,0.154591,0.348377,0.275589"
EDUCATIONxINCOME,"EDUCATIONxINCOME :: Postgraduate | $30,000-$50,000",ECON1_W54,4,"0.124367,0.160943,0.440918,0.273772"
EDUCATIONxINCOME,"EDUCATIONxINCOME :: Postgraduate | $50,000-$75,000",ECON1_W54,4,"0.127890,0.170756,0.460550,0.240804"
EDUCATIONxINCOME,"EDUCATIONxINCOME :: Postgraduate | $75,000-$100,000",ECON1_W54,4,"0.134858,0.167833,0.435326,0.261984"
EDUCATIONxINCOME,"EDUCATIONxINCOME :: Postgraduate | Less than $30,000",ECON1_W54,4,"0.083580,0.066117,0.380477,0.469826"
EDUCATIONxINCOME,EDUCATIONxINCOME :: Postgraduate | Refused,ECON1_W54,4,"0.150012,0.127313,0.368394,0.354281"
EDUCATIONxINCOME,"EDUCATIONxINCOME :: Some college, no degree | $100,000 or more",ECON1_W54,4,"0.227700,0.187301,0.344499,0.240499"
EDUCATIONxINCOME,"EDUCATIONxINCOME :: Some college, no degree | $30,000-$50,000",ECON1_W54,4,"0.130939,0.181791,0.446436,0.240834"
EDUCATIONxINCOME,"EDUCATIONxINCOME :: Some college, no degree | $50,000-$75,000",ECON1_W54,4,"0.135684,0.186912,0.455440,0.221964"
EDUCATIONxINCOME,"EDUCATIONxINCOME :: Some college, no degree | $75,000-$100,000",ECON1_W54,4,"0.136045,0.177437,0.432352,0.254166"
EDUCATIONxINCOME,"EDUCATIONxINCOME :: Some college, no degree | Less than $30,000",ECON1_W54,4,"0.087488,0.084137,0.451300,0.377075"
EDUCATIONxINCOME,"EDUCATIONxINCOME :: Some college, no degree | Refused",ECON1_W54,4,"0.105158,0.085160,0.415908,0.393774"
EDUCATIONxINCOME,"EDUCATIONxINCOME :: Associate's degree | $100,000 or more",ECON3_a_W54,4,"0.491658,0.219883,0.172588,0.115870"
EDUCATIONxINCOME,"EDUCATIONxINCOME :: Associate's degree | $30,000-$50,000",ECON3_a_W54,4,"0.409036,0.255968,0.207289,0.127707"
EDUCATIONxINCOME,"EDUCATIONxINCOME :: Associate's degree | $50,000-$75,000",ECON3_a_W54,4,"0.395041,0.271507,0.208172,0.125280"
EDUCATIONxINCOME,"EDUCATIONxINCOME :: Associate's degree | $75,000-$100,000",ECON3_a_W54,4,"0.411446,0.267733,0.194353,0.126468"
EDUCATIONxINCOME,"EDUCATIONxINCOME :: Associate's degree | Less than $30,000",ECON3_a_W54,4,"0.398571,0.232485,0.198855,0.170089"
EDUCATIONxINCOME,EDUCATIONxINCOME :: Associate's degree | Refused,ECON3_a_W54,4,"0.364005,0.226016,0.204189,0.205790"
EDUCATIONxINCOME,"EDUCATIONxINCOME :: College graduate/some postgrad | $100,000 or more",ECON3_a_W54,4,"0.448913,0.244070,0.187135,0.119883"
EDUCATIONxINCOME,"EDUCATIONxINCOME :: College graduate/some postgrad | $30,000-$50,000",ECON3_a_W54,4,"0.399359,0.266030,0.213761,0.120850"
EDUCATIONxINCOME,"EDUCATIONxINCOME :: College graduate/some postgrad | $50,000-$75,000",ECON3_a_W54,4,"0.387479,0.281280,0.213986,0.117255"
EDUCATIONxINCOME,"EDUCATIONxINCOME :: College graduate/some postgrad | $75,000-$100,000",ECON3_a_W54,4,"0.405421,0.274322,0.202272,0.117984"
EDUCATIONxINCOME,"EDUCATIONxINCOME :: College graduate/some postgrad | Less than $30,000",ECON3_a_W54,4,"0.384309,0.242381,0.210584,0.162727"
EDUCATIONxINCOME,EDUCATIONxINCOME :: College graduate/some postgrad | Refused,ECON3_a_W54,4,"0.348703,0.235945,0.218213,0.197139"
EDUCATIONxINCOME,"EDUCATIONxINCOME :: High school graduate | $100,000 or more",ECON3_a_W54,4,"0.427986,0.251600,0.192909,0.127505"
EDUCATIONxINCOME,"EDUCATIONxINCOME :: High school graduate | $30,000-$50,000",ECON3_a_W54,4,"0.393100,0.270174,0.212062,0.124665"
EDUCATIONxINCOME,"EDUCATIONxINCOME :: High school graduate | $50,000-$75,000",ECON3_a_W54,4,"0.392986,0.278669,0.210350,0.117996"
EDUCATIONxINCOME,"EDUCATIONxINCOME :: High school graduate | $75,000-$100,000",ECON3_a_W54,4,"0.401058,0.279984,0.198538,0.120420"
EDUCATIONxINCOME,"EDUCATIONxINCOME :: High school graduate | Less than $30,000",ECON3_a_W54,4,"0.385582,0.245091,0.204781,0.164546"
EDUCATIONxINCOME,EDUCATIONxINCOME :: High school graduate | Refused,ECON3_a_W54,4,"0.346859,0.240262,0.213694,0.199185"
EDUCATIONxINCOME,"EDUCATIONxINCOME :: Less than high school | $30,000-$50,000",ECON3_a_W54,4,"0.377772,0.265796,0.223822,0.132610"
EDUCATIONxINCOME,"EDUCATIONxINCOME :: Less than high school | Less than $30,000",ECON3_a_W54,4,"0.372561,0.240544,0.212279,0.174616"
EDUCATIONxINCOME,"EDUCATIONxINCOME :: Postgraduate | $100,000 or more",ECON3_a_W54,4,"0.451020,0.239535,0.182229,0.127216"
EDUCATIONxINCOME,"EDUCATIONxINCOME :: Postgraduate | $30,000-$50,000",ECON3_a_W54,4,"0.396688,0.262195,0.212332,0.128786"
EDUCATIONxINCOME,"EDUCATIONxINCOME :: Postgraduate | $50,000-$75,000",ECON3_a_W54,4,"0.387260,0.276763,0.212201,0.123776"
EDUCATIONxINCOME,"EDUCATIONxINCOME :: Postgraduate | $75,000-$100,000",ECON3_a_W54,4,"0.404303,0.271436,0.197041,0.127220"
EDUCATIONxINCOME,"EDUCATIONxINCOME :: Postgraduate | Less than $30,000",ECON3_a_W54,4,"0.405529,0.223954,0.196101,0.174416"
EDUCATIONxINCOME,EDUCATIONxINCOME :: Postgraduate | Refused,ECON3_a_W54,4,"0.356736,0.230326,0.204856,0.208082"
EDUCATIONxINCOME,"EDUCATIONxINCOME :: Some college, no degree | $100,000 or more",ECON3_a_W54,4,"0.394994,0.257028,0.204920,0.143057"
EDUCATIONxINCOME,"EDUCATIONxINCOME :: Some college, no degree | $30,000-$50,000",ECON3_a_W54,4,"0.361086,0.270441,0.225962,0.142512"
EDUCATIONxINCOME,"EDUCATIONxINCOME :: Some college, no degree | $50,000-$75,000",ECON3_a_W54,4,"0.352236,0.285249,0.225651,0.136864"
EDUCATIONxINCOME,"EDUCATIONxINCOME :: Some college, no degree | $75,000-$100,000",ECON3_a_W54,4,"0.365346,0.280121,0.214776,0.139757"
EDUCATIONxINCOME,"EDUCATIONxINCOME :: Some college, no degree | Less than $30,000",ECON3_a_W54,4,"0.355950,0.248493,0.210893,0.184664"
EDUCATIONxINCOME,"EDUCATIONxINCOME :: Some college, no degree | Refused",ECON3_a_W54,4,"0.336770,0.214064,0.214064,0.235103"
EDUCATIONxINCOME,"EDUCATIONxINCOME :: Associate's degree | $100,000 or more",ECON4_c_W54,4,"0.499357,0.195551,0.168575,0.136517"
EDUCATIONxINCOME,"EDUCATIONxINCOME :: Associate's degree | $30,000-$50,000",ECON4_c_W54,4,"0.387272,0.250042,0.212208,0.150478"
EDUCATIONxINCOME,"EDUCATIONxINCOME :: Associate's degree | $50,000-$75,000",ECON4_c_W54,4,"0.367351,0.262534,0.219355,0.150760"
EDUCATIONxINCOME,"EDUCATIONxINCOME :: Associate's degree | $75,000-$100,000",ECON4_c_W54,4,"0.393818,0.254268,0.196483,0.155431"
EDUCATIONxINCOME,"EDUCATIONxINCOME :: Associate's degree | Less than $30,000",ECON4_c_W54,4,"0.393248,0.212142,0.185757,0.208853"
EDUCATIONxINCOME,EDUCATIONxINCOME :: Associate's degree | Refused,ECON4_c_W54,4,"0.360486,0.208633,0.194468,0.236413"
EDUCATIONxINCOME,"EDUCATIONxINCOME :: College graduate/some postgrad | $100,000 or more",ECON4_c_W54,4,"0.436206,0.226301,0.189081,0.148412"
EDUCATIONxINCOME,"EDUCATIONxINCOME :: College graduate/some postgrad | $30,000-$50,000",ECON4_c_W54,4,"0.377986,0.259786,0.218761,0.143467"
EDUCATIONxINCOME,"EDUCATIONxINCOME :: College graduate/some postgrad | $50,000-$75,000",ECON4_c_W54,4,"0.352618,0.276773,0.225895,0.144714"
EDUCATIONxINCOME,"EDUCATIONxINCOME :: College graduate/some postgrad | $75,000-$100,000",ECON4_c_W54,4,"0.384479,0.264249,0.204195,0.147077"
EDUCATIONxINCOME,"EDUCATIONxINCOME :: College graduate/some postgrad | Less than $30,000",ECON4_c_W54,4,"0.368176,0.225061,0.198616,0.208148"
EDUCATIONxINCOME,EDUCATIONxINCOME :: College graduate/some postgrad | Refused,ECON4_c_W54,4,"0.337276,0.222926,0.206173,0.233625"
EDUCATIONxINCOME,"EDUCATIONxINCOME :: High school graduate | $100,000 or more",ECON4_c_W54,4,"0.409015,0.238576,0.194720,0.157689"
EDUCATIONxINCOME,"EDUCATIONxINCOME :: High school graduate | $30,000-$50,000",ECON4_c_W54,4,"0.355222,0.270239,0.220562,0.153977"
EDUCATIONxINCOME,"EDUCATIONxINCOME :: High school graduate | $50,000-$75,000",ECON4_c_W54,4,"0.356218,0.275264,0.221181,0.147338"
EDUCATIONxINCOME,"EDUCATIONxINCOME :: High school graduate | $75,000-$100,000",ECON4_c_W54,4,"0.370370,0.273093,0.204538,0.151999"
EDUCATIONxINCOME,"EDUCATIONxINCOME :: High school graduate | Less than $30,000",ECON4_c_W54,4,"0.360507,0.232761,0.191464,0.215269"
EDUCATIONxINCOME,EDUCATIONxINCOME :: High school graduate | Refused,ECON4_c_W54,4,"0.330750,0.229104,0.203769,0.236377"
EDUCATIONxINCOME,"EDUCATIONxINCOME :: Less than high school | $30,000-$50,000",ECON4_c_W54,4,"0.349786,0.259939,0.227610,0.162666"
EDUCATIONxINCOME,"EDUCATIONxINCOME :: Less than high school | Less than $30,000",ECON4_c_W54,4,"0.362726,0.223469,0.197211,0.216594"
EDUCATIONxINCOME,"EDUCATIONxINCOME :: Postgraduate | $100,000 or more",ECON4_c_W54,4,"0.451233,0.219913,0.175330,0.153524"
EDUCATIONxINCOME,"EDUCATIONxINCOME :: Postgraduate | $30,000-$50,000",ECON4_c_W54,4,"0.369581,0.260032,0.213897,0.156490"
EDUCATIONxINCOME,"EDUCATIONxINCOME :: Postgraduate | $50,000-$75,000",ECON4_c_W54,4,"0.357109,0.271674,0.220008,0.151209"
EDUCATIONxINCOME,"EDUCATIONxINCOME :: Postgraduate | $75,000-$100,000",ECON4_c_W54,4,"0.387742,0.260318,0.196498,0.155443"
EDUCATIONxINCOME,"EDUCATIONxINCOME :: Postgraduate | Less than $30,000",ECON4_c_W54,4,"0.409057,0.202498,0.174564,0.213881"
EDUCATIONxINCOME,EDUCATIONxINCOME :: Postgraduate | Refused,ECON4_c_W54,4,"0.354926,0.218664,0.189978,0.236432"
EDUCATIONxINCOME,"EDUCATIONxINCOME :: Some college, no degree | $100,000 or more",ECON4_c_W54,4,"0.383853,0.243992,0.199140,0.173016"
EDUCATIONxINCOME,"EDUCATIONxINCOME :: Some college, no degree | $30,000-$50,000",ECON4_c_W54,4,"0.330570,0.269803,0.225429,0.174198"
EDUCATIONxINCOME,"EDUCATIONxINCOME :: Some college, no degree | $50,000-$75,000",ECON4_c_W54,4,"0.319060,0.279378,0.233429,0.168133"
EDUCATIONxINCOME,"EDUCATIONxINCOME :: Some college, no degree | $75,000-$100,000",ECON4_c_W54,4,"0.341421,0.272205,0.211993,0.174381"
EDUCATIONxINCOME,"EDUCATIONxINCOME :: Some college, no degree | Less than $30,000",ECON4_c_W54,4,"0.338499,0.234471,0.194383,0.232647"
EDUCATIONxINCOME,"EDUCATIONxINCOME :: Some college, no degree | Refused",ECON4_c_W54,4,"0.340694,0.198725,0.178136,0.282445"
EDUCATIONxINCOME,"EDUCATIONxINCOME :: Associate's degree | $100,000 or more",ECON4_h_W54,4,"0.469089,0.203335,0.175286,0.152291"
EDUCATIONxINCOME,"EDUCATIONxINCOME :: Associate's degree | $30,000-$50,000",ECON4_h_W54,4,"0.349314,0.253575,0.225534,0.171577"
EDUCATIONxINCOME,"EDUCATIONxINCOME :: Associate's degree | $50,000-$75,000",ECON4_h_W54,4,"0.335686,0.263483,0.230713,0.170117"
EDUCATIONxINCOME,"EDUCATIONxINCOME :: Associate's degree | $75,000-$100,000",ECON4_h_W54,4,"0.362490,0.257044,0.206541,0.173925"
EDUCATIONxINCOME,"EDUCATIONxINCOME :: Associate's degree | Less than $30,000",ECON4_h_W54,4,"0.341098,0.216815,0.202094,0.239993"
EDUCATIONxINCOME,EDUCATIONxINCOME :: Associate's degree | Refused,ECON4_h_W54,4,"0.325208,0.209970,0.203510,0.261312"
EDUCATIONxINCOME,"EDUCATIONxINCOME :: College graduate/some postgrad | $100,000 or more",ECON4_h_W54,4,"0.395260,0.234184,0.201879,0.168676"
EDUCATIONxINCOME,"EDUCATIONxINCOME :: College graduate/some postgrad | $30,000-$50,000",ECON4_h_W54,4,"0.343151,0.263103,0.230381,0.163365"
EDUCATIONxINCOME,"EDUCATIONxINCOME :: College graduate/some postgrad | $50,000-$75,000",ECON4_h_W54,4,"0.322635,0.275965,0.237896,0.163504"
EDUCATIONxINCOME,"EDUCATIONxINCOME :: College graduate/some postgrad | $75,000-$100,000",ECON4_h_W54,4,"0.352434,0.263961,0.217128,0.166478"
EDUCATIONxINCOME,"EDUCATIONxINCOME :: College graduate/some postgrad | Less than $30,000",ECON4_h_W54,4,"0.313903,0.226096,0.217435,0.242566"
EDUCATIONxINCOME,EDUCATIONxINCOME :: College graduate/some postgrad | Refused,ECON4_h_W54,4,"0.302889,0.219874,0.218163,0.259075"
EDUCATIONxINCOME,"EDUCATIONxINCOME :: High school graduate | $100,000 or more",ECON4_h_W54,4,"0.371443,0.243598,0.206739,0.178220"
EDUCATIONxINCOME,"EDUCATIONxINCOME :: High school graduate | $30,000-$50,000",ECON4_h_W54,4,"0.318875,0.268520,0.235124,0.177481"
EDUCATIONxINCOME,"EDUCATIONxINCOME :: High school graduate | $50,000-$75,000",ECON4_h_W54,4,"0.327121,0.273320,0.233783,0.165777"
EDUCATIONxINCOME,"EDUCATIONxINCOME :: High school graduate | $75,000-$100,000",ECON4_h_W54,4,"0.341205,0.272032,0.215195,0.171568"
EDUCATIONxINCOME,"EDUCATIONxINCOME :: High school graduate | Less than $30,000",ECON4_h_W54,4,"0.309128,0.229725,0.210807,0.250340"
EDUCATIONxINCOME,EDUCATIONxINCOME :: High school graduate | Refused,ECON4_h_W54,4,"0.301193,0.225583,0.213578,0.259645"
EDUCATIONxINCOME,"EDUCATIONxINCOME :: Less than high school | $30,000-$50,000",ECON4_h_W54,4,"0.313653,0.260028,0.240486,0.185833"
EDUCATIONxINCOME,"EDUCATIONxINCOME :: Less than high school | Less than $30,000",ECON4_h_W54,4,"0.308787,0.218963,0.212226,0.260025"
EDUCATIONxINCOME,"EDUCATIONxINCOME :: Postgraduate | $100,000 or more",ECON4_h_W54,4,"0.408310,0.229041,0.188404,0.174245"
EDUCATIONxINCOME,"EDUCATIONxINCOME :: Postgraduate | $30,000-$50,000",ECON4_h_W54,4,"0.332968,0.261349,0.228845,0.176838"
EDUCATIONxINCOME,"EDUCATIONxINCOME :: Postgraduate | $50,000-$75,000",ECON4_h_W54,4,"0.328412,0.270144,0.231066,0.170378"
EDUCATIONxINCOME,"EDUCATIONxINCOME :: Postgraduate | $75,000-$100,000",ECON4_h_W54,4,"0.358980,0.262635,0.206145,0.172240"
EDUCATIONxINCOME,"EDUCATIONxINCOME :: Postgraduate | Less than $30,000",ECON4_h_W54,4,"0.354383,0.205101,0.191175,0.249340"
EDUCATIONxINCOME,EDUCATIONxINCOME :: Postgraduate | Refused,ECON4_h_W54,4,"0.327056,0.217866,0.198369,0.256709"
EDUCATIONxINCOME,"EDUCATIONxINCOME :: Some college, no degree | $100,000 or more",ECON4_h_W54,4,"0.355137,0.245997,0.208775,0.190091"
EDUCATIONxINCOME,"EDUCATIONxINCOME :: Some college, no degree | $30,000-$50,000",ECON4_h_W54,4,"0.302295,0.266774,0.237274,0.193657"
EDUCATIONxINCOME,"EDUCATIONxINCOME :: Some college, no degree | $50,000-$75,000",ECON4_h_W54,4,"0.297447,0.275094,0.242769,0.184689"
EDUCATIONxINCOME,"EDUCATIONxINCOME :: Some college, no degree | $75,000-$100,000",ECON4_h_W54,4,"0.319770,0.269274,0.221498,0.189458"
EDUCATIONxINCOME,"EDUCATIONxINCOME :: Some college, no degree | Less than $30,000",ECON4_h_W54,4,"0.295606,0.230218,0.211260,0.262917"
EDUCATIONxINCOME,"EDUCATIONxINCOME :: Some college, no degree | Refused",ECON4_h_W54,4,"0.302123,0.189063,0.184684,0.324130"
EDUCATIONxINCOME,"EDUCATIONxINCOME :: Associate's degree | $100,000 or more",ECON4_i_W54,4,"0.411456,0.202100,0.205283,0.181161"
EDUCATIONxINCOME,"EDUCATIONxINCOME :: Associate's degree | $30,000-$50,000",ECON4_i_W54,4,"0.296589,0.245881,0.253686,0.203843"
EDUCATIONxINCOME,"EDUCATIONxINCOME :: Associate's degree | $50,000-$75,000",ECON4_i_W54,4,"0.286528,0.248940,0.262933,0.201598"
EDUCATIONxINCOME,"EDUCATIONxINCOME :: Associate's degree | $75,000-$100,000",ECON4_i_W54,4,"0.303038,0.247332,0.239722,0.209908"
EDUCATIONxINCOME,"EDUCATIONxINCOME :: Associate's degree | Less than $30,000",ECON4_i_W54,4,"0.278889,0.202452,0.224094,0.294566"
EDUCATIONxINCOME,EDUCATIONxINCOME :: Associate's degree | Refused,ECON4_i_W54,4,"0.280607,0.194371,0.216836,0.308186"
EDUCATIONxINCOME,"EDUCATIONxINCOME :: College graduate/some postgrad | $100,000 or more",ECON4_i_W54,4,"0.341807,0.224163,0.233092,0.200938"
EDUCATIONxINCOME,"EDUCATIONxINCOME :: College graduate/some postgrad | $30,000-$50,000",ECON4_i_W54,4,"0.289522,0.253514,0.259526,0.197437"
EDUCATIONxINCOME,"EDUCATIONxINCOME :: College graduate/some postgrad | $50,000-$75,000",ECON4_i_W54,4,"0.274802,0.256143,0.272663,0.196392"
EDUCATIONxINCOME,"EDUCATIONxINCOME :: College graduate/some postgrad | $75,000-$100,000",ECON4_i_W54,4,"0.293358,0.250922,0.250922,0.204797"
EDUCATIONxINCOME,"EDUCATIONxINCOME :: College graduate/some postgrad | Less than $30,000",ECON4_i_W54,4,"0.255709,0.202282,0.238347,0.303662"
EDUCATIONxINCOME,EDUCATIONxINCOME :: College graduate/some postgrad | Refused,ECON4_i_W54,4,"0.261212,0.195639,0.230519,0.312630"
EDUCATIONxINCOME,"EDUCATIONxINCOME :: High school graduate | $100,000 or more",ECON4_i_W54,4,"0.335441,0.232353,0.228751,0.203455"
EDUCATIONxINCOME,"EDUCATIONxINCOME :: High school graduate | $30,000-$50,000",ECON4_i_W54,4,"0.272287,0.253799,0.261856,0.212057"
EDUCATIONxINCOME,"EDUCATIONxINCOME :: High school graduate | $50,000-$75,000",ECON4_i_W54,4,"0.276758,0.251991,0.270347,0.200905"
EDUCATIONxINCOME,"EDUCATIONxINCOME :: High school graduate | $75,000-$100,000",ECON4_i_W54,4,"0.289733,0.255688,0.245893,0.208687"
EDUCATIONxINCOME,"EDUCATIONxINCOME :: High school graduate | Less than $30,000",ECON4_i_W54,4,"0.250923,0.201622,0.230260,0.317196"
EDUCATIONxINCOME,EDUCATIONxINCOME :: High school graduate | Refused,ECON4_i_W54,4,"0.263133,0.201751,0.225070,0.310046"
EDUCATIONxINCOME,"EDUCATIONxINCOME :: Less than high school | $30,000-$50,000",ECON4_i_W54,4,"0.272581,0.246256,0.262138,0.219025"
EDUCATIONxINCOME,"EDUCATIONxINCOME :: Less than high school | Less than $30,000",ECON4_i_W54,4,"0.256475,0.195116,0.231706,0.316704"
EDUCATIONxINCOME,"EDUCATIONxINCOME :: Postgraduate | $100,000 or more",ECON4_i_W54,4,"0.367043,0.222623,0.210775,0.199558"
EDUCATIONxINCOME,"EDUCATIONxINCOME :: Postgraduate | $30,000-$50,000",ECON4_i_W54,4,"0.289759,0.251747,0.249788,0.208706"
EDUCATIONxINCOME,"EDUCATIONxINCOME :: Postgraduate | $50,000-$75,000",ECON4_i_W54,4,"0.285292,0.253744,0.261799,0.199166"
EDUCATIONxINCOME,"EDUCATIONxINCOME :: Postgraduate | $75,000-$100,000",ECON4_i_W54,4,"0.306191,0.251866,0.234765,0.207179"
EDUCATIONxINCOME,"EDUCATIONxINCOME :: Postgraduate | Less than $30,000",ECON4_i_W54,4,"0.290990,0.186415,0.207961,0.314635"
EDUCATIONxINCOME,EDUCATIONxINCOME :: Postgraduate | Refused,ECON4_i_W54,4,"0.290775,0.201414,0.207807,0.300005"
EDUCATIONxINCOME,"EDUCATIONxINCOME :: Some college, no degree | $100,000 or more",ECON4_i_W54,4,"0.326344,0.236900,0.226052,0.210704"
EDUCATIONxINCOME,"EDUCATIONxINCOME :: Some college, no degree | $30,000-$50,000",ECON4_i_W54,4,"0.268095,0.253828,0.255818,0.222259"
EDUCATIONxINCOME,"EDUCATIONxINCOME :: Some college, no degree | $50,000-$75,000",ECON4_i_W54,4,"0.264508,0.256370,0.266583,0.212538"
EDUCATIONxINCOME,"EDUCATIONxINCOME :: Some college, no degree | $75,000-$100,000",ECON4_i_W54,4,"0.280638,0.253536,0.243823,0.222003"
EDUCATIONxINCOME,"EDUCATIONxINCOME :: Some college, no degree | Less than $30,000",ECON4_i_W54,4,"0.254455,0.206064,0.222808,0.316674"
EDUCATIONxINCOME,"EDUCATIONxINCOME :: Some college, no degree | Refused",ECON4_i_W54,4,"0.273721,0.171290,0.183768,0.371221"
EDUCATIONxINCOME,"EDUCATIONxINCOME :: Associate's degree | $100,000 or more",ECON5_e_W54,5,"0.220371,0.167649,0.199088,0.243928,0.168964"
EDUCATIONxINCOME,"EDUCATIONxINCOME :: Associate's degree | $30,000-$50,000",ECON5_e_W54,5,"0.169483,0.169483,0.240883,0.258430,0.161721"
EDUCATIONxINCOME,"EDUCATIONxINCOME :: Associate's degree | $50,000-$75,000",ECON5_e_W54,5,"0.154218,0.169375,0.250320,0.270660,0.155427"
EDUCATIONxINCOME,"EDUCATIONxINCOME :: Associate's degree | $75,000-$100,000",ECON5_e_W54,5,"0.156866,0.169613,0.250672,0.273166,0.149683"
EDUCATIONxINCOME,"EDUCATIONxINCOME :: Associate's degree | Less than $30,000",ECON5_e_W54,5,"0.151689,0.148175,0.234940,0.287854,0.177342"
EDUCATIONxINCOME,EDUCATIONxINCOME :: Associate's degree | Refused,ECON5_e_W54,5,"0.186211,0.145021,0.173567,0.226375,0.268826"
EDUCATIONxINCOME,"EDUCATIONxINCOME :: College graduate/some postgrad | $100,000 or more",ECON5_e_W54,5,"0.180872,0.162133,0.221609,0.269408,0.165978"
EDUCATIONxINCOME,"EDUCATIONxINCOME :: College graduate/some postgrad | $30,000-$50,000",ECON5_e_W54,5,"0.177342,0.169221,0.229498,0.252054,0.171886"
EDUCATIONxINCOME,"EDUCATIONxINCOME :: College graduate/some postgrad | $50,000-$75,000",ECON5_e_W54,5,"0.158083,0.165670,0.246765,0.268909,0.160573"
EDUCATIONxINCOME,"EDUCATIONxINCOME :: College graduate/some postgrad | $75,000-$100,000",ECON5_e_W54,5,"0.159009,0.162779,0.254095,0.274742,0.149375"
EDUCATIONxINCOME,"EDUCATIONxINCOME :: College graduate/some postgrad | Less than $30,000",ECON5_e_W54,5,"0.151816,0.146000,0.238840,0.285854,0.177491"
EDUCATIONxINCOME,EDUCATIONxINCOME :: College graduate/some postgrad | Refused,ECON5_e_W54,5,"0.186099,0.144934,0.170774,0.220998,0.277194"
EDUCATIONxINCOME,"EDUCATIONxINCOME :: High school graduate | $100,000 or more",ECON5_e_W54,5,"0.179057,0.166900,0.226350,0.270905,0.156788"
EDUCATIONxINCOME,"EDUCATIONxINCOME :: High school graduate | $30,000-$50,000",ECON5_e_W54,5,"0.162361,0.162361,0.245645,0.269788,0.159844"
EDUCATIONxINCOME,"EDUCATIONxINCOME :: High school graduate | $50,000-$75,000",ECON5_e_W54,5,"0.158784,0.166404,0.245929,0.270100,0.158784"
EDUCATIONxINCOME,"EDUCATIONxINCOME :: High school graduate | $75,000-$100,000",ECON5_e_W54,5,"0.158102,0.166989,0.248729,0.275318,0.150862"
EDUCATIONxINCOME,"EDUCATIONxINCOME :: High school graduate | Less than $30,000",ECON5_e_W54,5,"0.150952,0.148611,0.239343,0.288702,0.172392"
EDUCATIONxINCOME,EDUCATIONxINCOME :: High school graduate | Refused,ECON5_e_W54,5,"0.185716,0.150397,0.171759,0.224016,0.268112"
EDUCATIONxINCOME,"EDUCATIONxINCOME :: Less than high school | $30,000-$50,000",ECON5_e_W54,5,"0.170963,0.169633,0.250701,0.256646,0.152058"
EDUCATIONxINCOME,"EDUCATIONxINCOME :: Less than high school | Less than $30,000",ECON5_e_W54,5,"0.160325,0.156611,0.244466,0.277016,0.161582"
EDUCATIONxINCOME,"EDUCATIONxINCOME :: Postgraduate | $100,000 or more",ECON5_e_W54,5,"0.184227,0.167740,0.220491,0.259802,0.167740"
EDUCATIONxINCOME,"EDUCATIONxINCOME :: Postgraduate | $30,000-$50,000",ECON5_e_W54,5,"0.175039,0.170985,0.235541,0.248781,0.169654"
EDUCATIONxINCOME,"EDUCATIONxINCOME :: Postgraduate | $50,000-$75,000",ECON5_e_W54,5,"0.165046,0.174323,0.243922,0.251664,0.165046"
EDUCATIONxINCOME,"EDUCATIONxINCOME :: Postgraduate | $75,000-$100,000",ECON5_e_W54,5,"0.171093,0.176524,0.237538,0.252858,0.161987"
EDUCATIONxINCOME,"EDUCATIONxINCOME :: Postgraduate | Less than $30,000",ECON5_e_W54,5,"0.168557,0.153473,0.219840,0.261066,0.197063"
EDUCATIONxINCOME,EDUCATIONxINCOME :: Postgraduate | Refused,ECON5_e_W54,5,"0.202074,0.151346,0.162371,0.203658,0.280551"
EDUCATIONxINCOME,"EDUCATIONxINCOME :: Some college, no degree | $100,000 or more",ECON5_e_W54,5,"0.196901,0.169739,0.207969,0.237508,0.187884"
EDUCATIONxINCOME,"EDUCATIONxINCOME :: Some college, no degree | $30,000-$50,000",ECON5_e_W54,5,"0.182586,0.170189,0.220241,0.232621,0.194362"
EDUCATIONxINCOME,"EDUCATIONxINCOME :: Some college, no degree | $50,000-$75,000",ECON5_e_W54,5,"0.173855,0.173855,0.228528,0.235782,0.187982"
EDUCATIONxINCOME,"EDUCATIONxINCOME :: Some college, no degree | $75,000-$100,000",ECON5_e_W54,5,"0.178634,0.174496,0.224057,0.238508,0.184305"
EDUCATIONxINCOME,"EDUCATIONxINCOME :: Some college, no degree | Less than $30,000",ECON5_e_W54,5,"0.171516,0.158626,0.208510,0.249554,0.211794"
EDUCATIONxINCOME,"EDUCATIONxINCOME :: Some college, no degree | Refused",ECON5_e_W54,5,"0.189609,0.134453,0.147668,0.208245,0.320026"
EDUCATIONxINCOME,"EDUCATIONxINCOME :: Associate's degree | $100,000 or more",ECON5_g_W54,5,"0.263227,0.178109,0.214840,0.201823,0.142001"
EDUCATIONxINCOME,"EDUCATIONxINCOME :: Associate's degree | $30,000-$50,000",ECON5_g_W54,5,"0.217414,0.187423,0.244445,0.215722,0.134996"
EDUCATIONxINCOME,"EDUCATIONxINCOME :: Associate's degree | $50,000-$75,000",ECON5_g_W54,5,"0.202477,0.191702,0.251987,0.224122,0.129712"
EDUCATIONxINCOME,"EDUCATIONxINCOME :: Associate's degree | $75,000-$100,000",ECON5_g_W54,5,"0.203925,0.190079,0.255779,0.227494,0.122724"
EDUCATIONxINCOME,"EDUCATIONxINCOME :: Associate's degree | Less than $30,000",ECON5_g_W54,5,"0.191187,0.168722,0.243579,0.241683,0.154828"
EDUCATIONxINCOME,EDUCATIONxINCOME :: Associate's degree | Refused,ECON5_g_W54,5,"0.225106,0.159624,0.191045,0.195575,0.228651"
EDUCATIONxINCOME,"EDUCATIONxINCOME :: College graduate/some postgrad | $100,000 or more",ECON5_g_W54,5,"0.242630,0.183147,0.226156,0.204315,0.143753"
EDUCATIONxINCOME,"EDUCATIONxINCOME :: College graduate/some postgrad | $30,000-$50,000",ECON5_g_W54,5,"0.234499,0.185504,0.232674,0.200578,0.146746"
EDUCATIONxINCOME,"EDUCATIONxINCOME :: College graduate/some postgrad | $50,000-$75,000",ECON5_g_W54,5,"0.215249,0.189956,0.243909,0.211912,0.138975"
EDUCATIONxINCOME,"EDUCATIONxINCOME :: College graduate/some postgrad | $75,000-$100,000",ECON5_g_W54,5,"0.217278,0.187306,0.250086,0.215587,0.129743"
EDUCATIONxINCOME,"EDUCATIONxINCOME :: College graduate/some postgrad | Less than $30,000",ECON5_g_W54,5,"0.198867,0.168776,0.239879,0.228894,0.163583"
EDUCATIONxINCOME,EDUCATIONxINCOME :: College graduate/some postgrad | Refused,ECON5_g_W54,5,"0.232736,0.157477,0.185553,0.184109,0.240124"
EDUCATIONxINCOME,"EDUCATIONxINCOME :: High school graduate | $100,000 or more",ECON5_g_W54,5,"0.236719,0.190209,0.227651,0.210542,0.134879"
EDUCATIONxINCOME,"EDUCATIONxINCOME :: High school graduate | $30,000-$50,000",ECON5_g_W54,5,"0.220548,0.188645,0.242225,0.213763,0.134819"
EDUCATIONxINCOME,"EDUCATIONxINCOME :: High school graduate | $50,000-$75,000",ECON5_g_W54,5,"0.218506,0.191331,0.243762,0.211784,0.134618"
EDUCATIONxINCOME,"EDUCATIONxINCOME :: High school graduate | $75,000-$100,000",ECON5_g_W54,5,"0.216115,0.192217,0.246811,0.217810,0.127047"
EDUCATIONxINCOME,"EDUCATIONxINCOME :: High school graduate | Less than $30,000",ECON5_g_W54,5,"0.198723,0.172653,0.239706,0.234153,0.154766"
EDUCATIONxINCOME,EDUCATIONxINCOME :: High school graduate | Refused,ECON5_g_W54,5,"0.229209,0.165093,0.190021,0.190021,0.225656"
EDUCATIONxINCOME,"EDUCATIONxINCOME :: Less than high school | $30,000-$50,000",ECON5_g_W54,5,"0.222302,0.190145,0.246066,0.205596,0.135891"
EDUCATIONxINCOME,"EDUCATIONxINCOME :: Less than high school | Less than $30,000",ECON5_g_W54,5,"0.201336,0.174924,0.244763,0.224607,0.154370"
EDUCATIONxINCOME,"EDUCATIONxINCOME :: Postgraduate | $100,000 or more",ECON5_g_W54,5,"0.234108,0.188111,0.225139,0.204992,0.147650"
EDUCATIONxINCOME,"EDUCATIONxINCOME :: Postgraduate | $30,000-$50,000",ECON5_g_W54,5,"0.217994,0.189397,0.237557,0.206393,0.148659"
EDUCATIONxINCOME,"EDUCATIONxINCOME :: Postgraduate | $50,000-$75,000",ECON5_g_W54,5,"0.211952,0.196023,0.242056,0.205431,0.144538"
EDUCATIONxINCOME,"EDUCATIONxINCOME :: Postgraduate | $75,000-$100,000",ECON5_g_W54,5,"0.214825,0.192568,0.239655,0.209849,0.143104"
EDUCATIONxINCOME,"EDUCATIONxINCOME :: Postgraduate | Less than $30,000",ECON5_g_W54,5,"0.206601,0.166008,0.225141,0.219925,0.182325"
EDUCATIONxINCOME,EDUCATIONxINCOME :: Postgraduate | Refused,ECON5_g_W54,5,"0.231639,0.160452,0.178997,0.180401,0.248512"
EDUCATIONxINCOME,"EDUCATIONxINCOME :: Some college, no degree | $100,000 or more",ECON5_g_W54,5,"0.236998,0.186022,0.212444,0.196479,0.168057"
EDUCATIONxINCOME,"EDUCATIONxINCOME :: Some college, no degree | $30,000-$50,000",ECON5_g_W54,5,"0.218555,0.186940,0.223738,0.200557,0.170211"
EDUCATIONxINCOME,"EDUCATIONxINCOME :: Some college, no degree | $50,000-$75,000",ECON5_g_W54,5,"0.213016,0.192444,0.228533,0.200110,0.165897"
EDUCATIONxINCOME,"EDUCATIONxINCOME :: Some college, no degree | $75,000-$100,000",ECON5_g_W54,5,"0.213644,0.188540,0.225653,0.207071,0.165091"
EDUCATIONxINCOME,"EDUCATIONxINCOME :: Some college, no degree | Less than $30,000",ECON5_g_W54,5,"0.201500,0.172352,0.214495,0.217873,0.193780"
EDUCATIONxINCOME,"EDUCATIONxINCOME :: Some college, no degree | Refused",ECON5_g_W54,5,"0.230274,0.145232,0.164569,0.182162,0.277763"
EDUCATIONxINCOME,"EDUCATIONxINCOME :: Associate's degree | $100,000 or more",ECON5_i_W54,5,"0.187799,0.183449,0.233720,0.258704,0.136328"
EDUCATIONxINCOME,"EDUCATIONxINCOME :: Associate's degree | $30,000-$50,000",ECON5_i_W54,5,"0.149391,0.177406,0.272633,0.274771,0.125799"
EDUCATIONxINCOME,"EDUCATIONxINCOME :: Associate's degree | $50,000-$75,000",ECON5_i_W54,5,"0.132592,0.177034,0.287354,0.289608,0.113412"
EDUCATIONxINCOME,"EDUCATIONxINCOME :: Associate's degree | $75,000-$100,000",ECON5_i_W54,5,"0.132937,0.177494,0.292638,0.285859,0.111073"
EDUCATIONxINCOME,"EDUCATIONxINCOME :: Associate's degree | Less than $30,000",ECON5_i_W54,5,"0.133751,0.160079,0.272303,0.299067,0.134800"
EDUCATIONxINCOME,EDUCATIONxINCOME :: Associate's degree | Refused,ECON5_i_W54,5,"0.172687,0.158467,0.200321,0.239752,0.228773"
EDUCATIONxINCOME,"EDUCATIONxINCOME :: College graduate/some postgrad | $100,000 or more",ECON5_i_W54,5,"0.148963,0.172800,0.261438,0.289385,0.127415"
EDUCATIONxINCOME,"EDUCATIONxINCOME :: College graduate/some postgrad | $30,000-$50,000",ECON5_i_W54,5,"0.158455,0.178156,0.257198,0.267443,0.138748"
EDUCATIONxINCOME,"EDUCATIONxINCOME :: College graduate/some postgrad | $50,000-$75,000",ECON5_i_W54,5,"0.135286,0.173711,0.279766,0.290911,0.120326"
EDUCATIONxINCOME,"EDUCATIONxINCOME :: College graduate/some postgrad | $75,000-$100,000",ECON5_i_W54,5,"0.134148,0.170909,0.293006,0.290725,0.111212"
EDUCATIONxINCOME,"EDUCATIONxINCOME :: College graduate/some postgrad | Less than $30,000",ECON5_i_W54,5,"0.132761,0.155213,0.276697,0.301527,0.133802"
EDUCATIONxINCOME,EDUCATIONxINCOME :: College graduate/some postgrad | Refused,ECON5_i_W54,5,"0.171282,0.155954,0.197145,0.235951,0.239667"
EDUCATIONxINCOME,"EDUCATIONxINCOME :: High school graduate | $100,000 or more",ECON5_i_W54,5,"0.149559,0.177606,0.262485,0.288283,0.122067"
EDUCATIONxINCOME,"EDUCATIONxINCOME :: High school graduate | $30,000-$50,000",ECON5_i_W54,5,"0.142609,0.168034,0.277041,0.290337,0.121980"
EDUCATIONxINCOME,"EDUCATIONxINCOME :: High school graduate | $50,000-$75,000",ECON5_i_W54,5,"0.137785,0.176919,0.276167,0.289420,0.119709"
EDUCATIONxINCOME,"EDUCATIONxINCOME :: High school graduate | $75,000-$100,000",ECON5_i_W54,5,"0.134280,0.175134,0.286500,0.291012,0.113075"
EDUCATIONxINCOME,"EDUCATIONxINCOME :: High school graduate | Less than $30,000",ECON5_i_W54,5,"0.131102,0.159379,0.273239,0.307211,0.129069"
EDUCATIONxINCOME,EDUCATIONxINCOME :: High school graduate | Refused,ECON5_i_W54,5,"0.170992,0.163161,0.198354,0.237398,0.230094"
EDUCATIONxINCOME,"EDUCATIONxINCOME :: Less than high school | $30,000-$50,000",ECON5_i_W54,5,"0.149019,0.172865,0.282789,0.269839,0.125487"
EDUCATIONxINCOME,"EDUCATIONxINCOME :: Less than high school | Less than $30,000",ECON5_i_W54,5,"0.139541,0.165709,0.277510,0.284091,0.133151"
EDUCATIONxINCOME,"EDUCATIONxINCOME :: Postgraduate | $100,000 or more",ECON5_i_W54,5,"0.151278,0.179647,0.257332,0.278242,0.133502"
EDUCATIONxINCOME,"EDUCATIONxINCOME :: Postgraduate | $30,000-$50,000",ECON5_i_W54,5,"0.151443,0.177055,0.267875,0.267875,0.135752"
EDUCATIONxINCOME,"EDUCATIONxINCOME :: Postgraduate | $50,000-$75,000",ECON5_i_W54,5,"0.139940,0.182516,0.276138,0.273989,0.127417"
EDUCATIONxINCOME,"EDUCATIONxINCOME :: Postgraduate | $75,000-$100,000",ECON5_i_W54,5,"0.142900,0.183487,0.275447,0.269066,0.129099"
EDUCATIONxINCOME,"EDUCATIONxINCOME :: Postgraduate | Less than $30,000",ECON5_i_W54,5,"0.148781,0.164686,0.251116,0.275797,0.159619"
EDUCATIONxINCOME,EDUCATIONxINCOME :: Postgraduate | Refused,ECON5_i_W54,5,"0.189650,0.163489,0.182385,0.213230,0.251246"
EDUCATIONxINCOME,"EDUCATIONxINCOME :: Some college, no degree | $100,000 or more",ECON5_i_W54,5,"0.168469,0.182158,0.239442,0.252901,0.157030"
EDUCATIONxINCOME,"EDUCATIONxINCOME :: Some college, no degree | $30,000-$50,000",ECON5_i_W54,5,"0.161080,0.176912,0.249486,0.251442,0.161080"
EDUCATIONxINCOME,"EDUCATIONxINCOME :: Some college, no degree | $50,000-$75,000",ECON5_i_W54,5,"0.150145,0.182530,0.257408,0.257408,0.152509"
EDUCATIONxINCOME,"EDUCATIONxINCOME :: Some college, no degree | $75,000-$100,000",ECON5_i_W54,5,"0.152940,0.183045,0.258134,0.254132,0.151749"
EDUCATIONxINCOME,"EDUCATIONxINCOME :: Some college, no degree | Less than $30,000",ECON5_i_W54,5,"0.149354,0.169241,0.240539,0.266253,0.174613"
EDUCATIONxINCOME,"EDUCATIONxINCOME :: Some college, no degree | Refused",ECON5_i_W54,5,"0.178599,0.144634,0.169095,0.222271,0.285401"
EDUCATIONxINCOME,"EDUCATIONxINCOME :: Associate's degree | $100,000 or more",ESSENBIZF2L_W36,3,"0.801243,0.124810,0.073947"
EDUCATIONxINCOME,"EDUCATIONxINCOME :: Associate's degree | $30,000-$50,000",ESSENBIZF2L_W36,3,"0.747311,0.155426,0.097263"
EDUCATIONxINCOME,"EDUCATIONxINCOME :: Associate's degree | $50,000-$75,000",ESSENBIZF2L_W36,3,"0.722564,0.184126,0.093310"
EDUCATIONxINCOME,"EDUCATIONxINCOME :: Associate's degree | $75,000-$100,000",ESSENBIZF2L_W36,3,"0.781963,0.142406,0.075631"
EDUCATIONxINCOME,"EDUCATIONxINCOME :: Associate's degree | Less than $30,000",ESSENBIZF2L_W36,3,"0.787822,0.134780,0.077398"
EDUCATIONxINCOME,"EDUCATIONxINCOME :: College graduate/some postgrad | $100,000 or more",ESSENBIZF2L_W36,3,"0.801832,0.125881,0.072287"
EDUCATIONxINCOME,"EDUCATIONxINCOME :: College graduate/some postgrad | $30,000-$50,000",ESSENBIZF2L_W36,3,"0.748999,0.155777,0.095224"
EDUCATIONxINCOME,"EDUCATIONxINCOME :: College graduate/some postgrad | $50,000-$75,000",ESSENBIZF2L_W36,3,"0.720465,0.185031,0.094504"
EDUCATIONxINCOME,"EDUCATIONxINCOME :: College graduate/some postgrad | $75,000-$100,000",ESSENBIZF2L_W36,3,"0.789328,0.136097,0.074575"
EDUCATIONxINCOME,"EDUCATIONxINCOME :: College graduate/some postgrad | Less than $30,000",ESSENBIZF2L_W36,3,"0.777048,0.140410,0.082543"
EDUCATIONxINCOME,EDUCATIONxINCOME :: College graduate/some postgrad | Refused,ESSENBIZF2L_W36,3,"0.634670,0.228073,0.137257"
EDUCATIONxINCOME,"EDUCATIONxINCOME :: High school graduate | $100,000 or more",ESSENBIZF2L_W36,3,"0.732044,0.171180,0.096776"
EDUCATIONxINCOME,"EDUCATIONxINCOME :: High school graduate | $30,000-$50,000",ESSENBIZF2L_W36,3,"0.713113,0.181717,0.105170"
EDUCATIONxINCOME,"EDUCATIONxINCOME :: High school graduate | $50,000-$75,000",ESSENBIZF2L_W36,3,"0.707139,0.197905,0.094956"
EDUCATIONxINCOME,"EDUCATIONxINCOME :: High school graduate | $75,000-$100,000",ESSENBIZF2L_W36,3,"0.735920,0.177549,0.086530"
EDUCATIONxINCOME,"EDUCATIONxINCOME :: High school graduate | Less than $30,000",ESSENBIZF2L_W36,3,"0.739433,0.171562,0.089005"
EDUCATIONxINCOME,"EDUCATIONxINCOME :: Less than high school | Less than $30,000",ESSENBIZF2L_W36,3,"0.721747,0.178259,0.099994"
EDUCATIONxINCOME,"EDUCATIONxINCOME :: Postgraduate | $100,000 or more",ESSENBIZF2L_W36,3,"0.788768,0.134942,0.076289"
EDUCATIONxINCOME,"EDUCATIONxINCOME :: Postgraduate | $30,000-$50,000",ESSENBIZF2L_W36,3,"0.721612,0.176839,0.101550"
EDUCATIONxINCOME,"EDUCATIONxINCOME :: Postgraduate | $50,000-$75,000",ESSENBIZF2L_W36,3,"0.690183,0.207230,0.102587"
EDUCATIONxINCOME,"EDUCATIONxINCOME :: Postgraduate | $75,000-$100,000",ESSENBIZF2L_W36,3,"0.756626,0.161095,0.082279"
EDUCATIONxINCOME,"EDUCATIONxINCOME :: Postgraduate | Less than $30,000",ESSENBIZF2L_W36,3,"0.771423,0.142699,0.085878"
EDUCATIONxINCOME,EDUCATIONxINCOME :: Postgraduate | Refused,ESSENBIZF2L_W36,3,"0.586882,0.256390,0.156728"
EDUCATIONxINCOME,"EDUCATIONxINCOME :: Some college, no degree | $100,000 or more",ESSENBIZF2L_W36,3,"0.667633,0.211728,0.120639"
EDUCATIONxINCOME,"EDUCATIONxINCOME :: Some college, no degree | $30,000-$50,000",ESSENBIZF2L_W36,3,"0.640527,0.223096,0.136376"
EDUCATIONxINCOME,"EDUCATIONxINCOME :: Some college, no degree | $50,000-$75,000",ESSENBIZF2L_W36,3,"0.603010,0.261385,0.135605"
EDUCATIONxINCOME,"EDUCATIONxINCOME :: Some college, no degree | $75,000-$100,000",ESSENBIZF2L_W36,3,"0.663994,0.222410,0.113596"
EDUCATIONxINCOME,"EDUCATIONxINCOME :: Some college, no degree | Less than $30,000",ESSENBIZF2L_W36,3,"0.671482,0.216302,0.112216"
EDUCATIONxINCOME,"EDUCATIONxINCOME :: Some college, no degree | Refused",ESSENBIZF2L_W36,3,"0.542555,0.256285,0.201160"
EDUCATIONxINCOME,"EDUCATIONxINCOME :: Associate's degree | $100,000 or more",ESSENPOLF1C_W36,3,"0.714728,0.203180,0.082092"
EDUCATIONxINCOME,"EDUCATIONxINCOME :: Associate's degree | $30,000-$50,000",ESSENPOLF1C_W36,3,"0.616907,0.271620,0.111473"
EDUCATIONxINCOME,"EDUCATIONxINCOME :: Associate's degree | $50,000-$75,000",ESSENPOLF1C_W36,3,"0.575523,0.312907,0.111570"
EDUCATIONxINCOME,"EDUCATIONxINCOME :: Associate's degree | $75,000-$100,000",ESSENPOLF1C_W36,3,"0.649616,0.262468,0.087916"
EDUCATIONxINCOME,"EDUCATIONxINCOME :: Associate's degree | Less than $30,000",ESSENPOLF1C_W36,3,"0.615252,0.279491,0.105257"
EDUCATIONxINCOME,"EDUCATIONxINCOME :: College graduate/some postgrad | $100,000 or more",ESSENPOLF1C_W36,3,"0.675916,0.235423,0.088661"
EDUCATIONxINCOME,"EDUCATIONxINCOME :: College graduate/some postgrad | $30,000-$50,000",ESSENPOLF1C_W36,3,"0.574887,0.310128,0.114985"
EDUCATIONxINCOME,"EDUCATIONxINCOME :: College graduate/some postgrad | $50,000-$75,000",ESSENPOLF1C_W36,3,"0.540964,0.343858,0.115178"
EDUCATIONxINCOME,"EDUCATIONxINCOME :: College graduate/some postgrad | $75,000-$100,000",ESSENPOLF1C_W36,3,"0.618304,0.289793,0.091903"
EDUCATIONxINCOME,"EDUCATIONxINCOME :: College graduate/some postgrad | Less than $30,000",ESSENPOLF1C_W36,3,"0.566712,0.315423,0.117865"
EDUCATIONxINCOME,EDUCATIONxINCOME :: College graduate/some postgrad | Refused,ESSENPOLF1C_W36,3,"0.491905,0.340733,0.167362"
EDUCATIONxINCOME,"EDUCATIONxINCOME :: High school graduate | $100,000 or more",ESSENPOLF1C_W36,3,"0.623192,0.265946,0.110863"
EDUCATIONxINCOME,"EDUCATIONxINCOME :: High school graduate | $30,000-$50,000",ESSENPOLF1C_W36,3,"0.556571,0.322118,0.121311"
EDUCATIONxINCOME,"EDUCATIONxINCOME :: High school graduate | $50,000-$75,000",ESSENPOLF1C_W36,3,"0.533654,0.352724,0.113622"
EDUCATIONxINCOME,"EDUCATIONxINCOME :: High school graduate | $75,000-$100,000",ESSENPOLF1C_W36,3,"0.579820,0.320207,0.099973"
EDUCATIONxINCOME,"EDUCATIONxINCOME :: High school graduate | Less than $30,000",ESSENPOLF1C_W36,3,"0.541255,0.336073,0.122672"
EDUCATIONxINCOME,"EDUCATIONxINCOME :: Less than high school | Less than $30,000",ESSENPOLF1C_W36,3,"0.536444,0.327922,0.135634"
EDUCATIONxINCOME,"EDUCATIONxINCOME :: Postgraduate | $100,000 or more",ESSENPOLF1C_W36,3,"0.690463,0.218968,0.090569"
EDUCATIONxINCOME,"EDUCATIONxINCOME :: Postgraduate | $30,000-$50,000",ESSENPOLF1C_W36,3,"0.580160,0.296317,0.123523"
EDUCATIONxINCOME,"EDUCATIONxINCOME :: Postgraduate | $50,000-$75,000",ESSENPOLF1C_W36,3,"0.541625,0.333686,0.124689"
EDUCATIONxINCOME,"EDUCATIONxINCOME :: Postgraduate | $75,000-$100,000",ESSENPOLF1C_W36,3,"0.616946,0.284674,0.098381"
EDUCATIONxINCOME,"EDUCATIONxINCOME :: Postgraduate | Less than $30,000",ESSENPOLF1C_W36,3,"0.584926,0.289559,0.125515"
EDUCATIONxINCOME,EDUCATIONxINCOME :: Postgraduate | Refused,ESSENPOLF1C_W36,3,"0.485633,0.328596,0.185771"
EDUCATIONxINCOME,"EDUCATIONxINCOME :: Some college, no degree | $100,000 or more",ESSENPOLF1C_W36,3,"0.570080,0.293452,0.136468"
EDUCATIONxINCOME,"EDUCATIONxINCOME :: Some college, no degree | $30,000-$50,000",ESSENPOLF1C_W36,3,"0.502892,0.337625,0.159483"
EDUCATIONxINCOME,"EDUCATIONxINCOME :: Some college, no degree | $50,000-$75,000",ESSENPOLF1C_W36,3,"0.464527,0.376186,0.159287"
EDUCATIONxINCOME,"EDUCATIONxINCOME :: Some college, no degree | $75,000-$100,000",ESSENPOLF1C_W36,3,"0.523385,0.343244,0.133370"
EDUCATIONxINCOME,"EDUCATIONxINCOME :: Some college, no degree | Less than $30,000",ESSENPOLF1C_W36,3,"0.492008,0.354380,0.153612"
EDUCATIONxINCOME,"EDUCATIONxINCOME :: Some college, no degree | Refused",ESSENPOLF1C_W36,3,"0.427078,0.335217,0.237705"
EDUCATIONxINCOME,"EDUCATIONxINCOME :: Associate's degree | $100,000 or more",EVOBIOA_W34,2,"0.975762,0.024238"
EDUCATIONxINCOME,"EDUCATIONxINCOME :: Associate's degree | $30,000-$50,000",EVOBIOA_W34,2,"0.974043,0.025957"
EDUCATIONxINCOME,"EDUCATIONxINCOME :: Associate's degree | $50,000-$75,000",EVOBIOA_W34,2,"0.977714,0.022286"
EDUCATIONxINCOME,"EDUCATIONxINCOME :: Associate's degree | $75,000-$100,000",EVOBIOA_W34,2,"0.979195,0.020804"
EDUCATIONxINCOME,"EDUCATIONxINCOME :: Associate's degree | Less than $30,000",EVOBIOA_W34,2,"0.977023,0.022977"
EDUCATIONxINCOME,"EDUCATIONxINCOME :: College graduate/some postgrad | $100,000 or more",EVOBIOA_W34,2,"0.980281,0.019719"
EDUCATIONxINCOME,"EDUCATIONxINCOME :: College graduate/some postgrad | $30,000-$50,000",EVOBIOA_W34,2,"0.977197,0.022803"
EDUCATIONxINCOME,"EDUCATIONxINCOME :: College graduate/some postgrad | $50,000-$75,000",EVOBIOA_W34,2,"0.980581,0.019419"
EDUCATIONxINCOME,"EDUCATIONxINCOME :: College graduate/some postgrad | $75,000-$100,000",EVOBIOA_W34,2,"0.982288,0.017712"
EDUCATIONxINCOME,"EDUCATIONxINCOME :: College graduate/some postgrad | Less than $30,000",EVOBIOA_W34,2,"0.979668,0.020332"
EDUCATIONxINCOME,"EDUCATIONxINCOME :: High school graduate | $100,000 or more",EVOBIOA_W34,2,"0.977371,0.022629"
EDUCATIONxINCOME,"EDUCATIONxINCOME :: High school graduate | $30,000-$50,000",EVOBIOA_W34,2,"0.978549,0.021451"
EDUCATIONxINCOME,"EDUCATIONxINCOME :: High school graduate | $50,000-$75,000",EVOBIOA_W34,2,"0.982014,0.017986"
EDUCATIONxINCOME,"EDUCATIONxINCOME :: High school graduate | $75,000-$100,000",EVOBIOA_W34,2,"0.981736,0.018264"
EDUCATIONxINCOME,"EDUCATIONxINCOME :: High school graduate | Less than $30,000",EVOBIOA_W34,2,"0.980581,0.019419"
EDUCATIONxINCOME,"EDUCATIONxINCOME :: Less than high school | Less than $30,000",EVOBIOA_W34,2,"0.978875,0.021125"
EDUCATIONxINCOME,"EDUCATIONxINCOME :: Postgraduate | $100,000 or more",EVOBIOA_W34,2,"0.979977,0.020023"
EDUCATIONxINCOME,"EDUCATIONxINCOME :: Postgraduate | $30,000-$50,000",EVOBIOA_W34,2,"0.974043,0.025957"
EDUCATIONxINCOME,"EDUCATIONxINCOME :: Postgraduate | $50,000-$75,000",EVOBIOA_W34,2,"0.976847,0.023153"
EDUCATIONxINCOME,"EDUCATIONxINCOME :: Postgraduate | $75,000-$100,000",EVOBIOA_W34,2,"0.979977,0.020023"
EDUCATIONxINCOME,"EDUCATIONxINCOME :: Postgraduate | Less than $30,000",EVOBIOA_W34,2,"0.978875,0.021125"
EDUCATIONxINCOME,"EDUCATIONxINCOME :: Some college, no degree | $100,000 or more",EVOBIOA_W34,2,"0.962673,0.037327"
EDUCATIONxINCOME,"EDUCATIONxINCOME :: Some college, no degree | $30,000-$50,000",EVOBIOA_W34,2,"0.963780,0.036220"
EDUCATIONxINCOME,"EDUCATIONxINCOME :: Some college, no degree | $50,000-$75,000",EVOBIOA_W34,2,"0.967163,0.032837"
EDUCATIONxINCOME,"EDUCATIONxINCOME :: Some college, no degree | $75,000-$100,000",EVOBIOA_W34,2,"0.972415,0.027585"
EDUCATIONxINCOME,"EDUCATIONxINCOME :: Some college, no degree | Less than $30,000",EVOBIOA_W34,2,"0.975762,0.024238"
EDUCATIONxINCOME,"EDUCATIONxINCOME :: Associate's degree | $100,000 or more",EVOPERS3_W34,3,"0.694547,0.243809,0.061645"
EDUCATIONxINCOME,"EDUCATIONxINCOME :: Associate's degree | $30,000-$50,000",EVOPERS3_W34,3,"0.668623,0.255771,0.075606"
EDUCATIONxINCOME,"EDUCATIONxINCOME :: Associate's degree | $50,000-$75,000",EVOPERS3_W34,3,"0.652602,0.274179,0.073220"
EDUCATIONxINCOME,"EDUCATIONxINCOME :: Associate's degree | $75,000-$100,000",EVOPERS3_W34,3,"0.686318,0.256458,0.057224"
EDUCATIONxINCOME,"EDUCATIONxINCOME :: Associate's degree | Less than $30,000",EVOPERS3_W34,3,"0.661281,0.265103,0.073616"
EDUCATIONxINCOME,"EDUCATIONxINCOME :: College graduate/some postgrad | $100,000 or more",EVOPERS3_W34,3,"0.708271,0.231745,0.059984"
EDUCATIONxINCOME,"EDUCATIONxINCOME :: College graduate/some postgrad | $30,000-$50,000",EVOPERS3_W34,3,"0.689057,0.239999,0.070944"
EDUCATIONxINCOME,"EDUCATIONxINCOME :: College graduate/some postgrad | $50,000-$75,000",EVOPERS3_W34,3,"0.675136,0.254259,0.070605"
EDUCATIONxINCOME,"EDUCATIONxINCOME :: College graduate/some postgrad | $75,000-$100,000",EVOPERS3_W34,3,"0.714055,0.230016,0.055929"
EDUCATIONxINCOME,"EDUCATIONxINCOME :: College graduate/some postgrad | Less than $30,000",EVOPERS3_W34,3,"0.678143,0.247534,0.074323"
EDUCATIONxINCOME,"EDUCATIONxINCOME :: High school graduate | $100,000 or more",EVOPERS3_W34,3,"0.664010,0.262070,0.073920"
EDUCATIONxINCOME,"EDUCATIONxINCOME :: High school graduate | $30,000-$50,000",EVOPERS3_W34,3,"0.677218,0.253058,0.069725"
EDUCATIONxINCOME,"EDUCATIONxINCOME :: High school graduate | $50,000-$75,000",EVOPERS3_W34,3,"0.669461,0.266293,0.064246"
EDUCATIONxINCOME,"EDUCATIONxINCOME :: High school graduate | $75,000-$100,000",EVOPERS3_W34,3,"0.690875,0.254159,0.054966"
EDUCATIONxINCOME,"EDUCATIONxINCOME :: High school graduate | Less than $30,000",EVOPERS3_W34,3,"0.664894,0.264477,0.070629"
EDUCATIONxINCOME,"EDUCATIONxINCOME :: Less than high school | Less than $30,000",EVOPERS3_W34,3,"0.656531,0.263198,0.080271"
EDUCATIONxINCOME,"EDUCATIONxINCOME :: Postgraduate | $100,000 or more",EVOPERS3_W34,3,"0.698481,0.233962,0.067557"
EDUCATIONxINCOME,"EDUCATIONxINCOME :: Postgraduate | $30,000-$50,000",EVOPERS3_W34,3,"0.671076,0.246875,0.082049"
EDUCATIONxINCOME,"EDUCATIONxINCOME :: Postgraduate | $50,000-$75,000",EVOPERS3_W34,3,"0.655587,0.264881,0.079532"
EDUCATIONxINCOME,"EDUCATIONxINCOME :: Postgraduate | $75,000-$100,000",EVOPERS3_W34,3,"0.701435,0.236794,0.061771"
EDUCATIONxINCOME,"EDUCATIONxINCOME :: Postgraduate | Less than $30,000",EVOPERS3_W34,3,"0.667618,0.249471,0.082912"
EDUCATIONxINCOME,"EDUCATIONxINCOME :: Some college, no degree | $100,000 or more",EVOPERS3_W34,3,"0.564938,0.319387,0.115674"
EDUCATIONxINCOME,"EDUCATIONxINCOME :: Some college, no degree | $30,000-$50,000",EVOPERS3_W34,3,"0.576615,0.306238,0.117147"
EDUCATIONxINCOME,"EDUCATIONxINCOME :: Some college, no degree | $50,000-$75,000",EVOPERS3_W34,3,"0.558262,0.325631,0.116107"
EDUCATIONxINCOME,"EDUCATIONxINCOME :: Some college, no degree | $75,000-$100,000",EVOPERS3_W34,3,"0.598680,0.313027,0.088293"
EDUCATIONxINCOME,"EDUCATIONxINCOME :: Some college, no degree | Less than $30,000",EVOPERS3_W34,3,"0.581792,0.316315,0.101893"
EDUCATIONxINCOME,"EDUCATIONxINCOME :: Associate's degree | $100,000 or more",FACE3c_W49,4,"0.344832,0.262335,0.244523,0.148311"
EDUCATIONxINCOME,"EDUCATIONxINCOME :: Associate's degree | $30,000-$50,000",FACE3c_W49,4,"0.230919,0.278541,0.303537,0.187004"
EDUCATIONxINCOME,"EDUCATIONxINCOME :: Associate's degree | $50,000-$75,000",FACE3c_W49,4,"0.232887,0.287578,0.303742,0.175793"
EDUCATIONxINCOME,"EDUCATIONxINCOME :: Associate's degree | $75,000-$100,000",FACE3c_W49,4,"0.231916,0.271137,0.300122,0.196825"
EDUCATIONxINCOME,"EDUCATIONxINCOME :: Associate's degree | Less than $30,000",FACE3c_W49,4,"0.202805,0.217578,0.329185,0.250431"
EDUCATIONxINCOME,"EDUCATIONxINCOME :: College graduate/some postgrad | $100,000 or more",FACE3c_W49,4,"0.268274,0.262059,0.292348,0.177318"
EDUCATIONxINCOME,"EDUCATIONxINCOME :: College graduate/some postgrad | $30,000-$50,000",FACE3c_W49,4,"0.223305,0.280088,0.310029,0.186579"
EDUCATIONxINCOME,"EDUCATIONxINCOME :: College graduate/some postgrad | $50,000-$75,000",FACE3c_W49,4,"0.216802,0.287215,0.320412,0.175571"
EDUCATIONxINCOME,"EDUCATIONxINCOME :: College graduate/some postgrad | $75,000-$100,000",FACE3c_W49,4,"0.216383,0.269293,0.317305,0.197019"
EDUCATIONxINCOME,"EDUCATIONxINCOME :: College graduate/some postgrad | Less than $30,000",FACE3c_W49,4,"0.189341,0.216234,0.345541,0.248884"
EDUCATIONxINCOME,"EDUCATIONxINCOME :: High school graduate | $100,000 or more",FACE3c_W49,4,"0.271646,0.263288,0.286915,0.178150"
EDUCATIONxINCOME,"EDUCATIONxINCOME :: High school graduate | $30,000-$50,000",FACE3c_W49,4,"0.210319,0.276459,0.323214,0.190008"
EDUCATIONxINCOME,"EDUCATIONxINCOME :: High school graduate | $50,000-$75,000",FACE3c_W49,4,"0.224299,0.292541,0.313851,0.169310"
EDUCATIONxINCOME,"EDUCATIONxINCOME :: High school graduate | $75,000-$100,000",FACE3c_W49,4,"0.218584,0.269915,0.315563,0.195938"
EDUCATIONxINCOME,"EDUCATIONxINCOME :: High school graduate | Less than $30,000",FACE3c_W49,4,"0.186252,0.212707,0.356217,0.244824"
EDUCATIONxINCOME,EDUCATIONxINCOME :: High school graduate | Refused,FACE3c_W49,4,"0.211093,0.226469,0.326947,0.235491"
EDUCATIONxINCOME,"EDUCATIONxINCOME :: Less than high school | $30,000-$50,000",FACE3c_W49,4,"0.212529,0.262438,0.319043,0.205990"
EDUCATIONxINCOME,"EDUCATIONxINCOME :: Less than high school | Less than $30,000",FACE3c_W49,4,"0.186698,0.201868,0.346083,0.265351"
EDUCATIONxINCOME,"EDUCATIONxINCOME :: Postgraduate | $100,000 or more",FACE3c_W49,4,"0.276648,0.255857,0.283208,0.184287"
EDUCATIONxINCOME,"EDUCATIONxINCOME :: Postgraduate | $30,000-$50,000",FACE3c_W49,4,"0.217453,0.270624,0.313930,0.197993"
EDUCATIONxINCOME,"EDUCATIONxINCOME :: Postgraduate | $50,000-$75,000",FACE3c_W49,4,"0.227828,0.285760,0.308980,0.177432"
EDUCATIONxINCOME,"EDUCATIONxINCOME :: Postgraduate | $75,000-$100,000",FACE3c_W49,4,"0.227598,0.266089,0.303883,0.202430"
EDUCATIONxINCOME,"EDUCATIONxINCOME :: Postgraduate | Less than $30,000",FACE3c_W49,4,"0.193121,0.203976,0.338938,0.263965"
EDUCATIONxINCOME,"EDUCATIONxINCOME :: Some college, no degree | $100,000 or more",FACE3c_W49,4,"0.273189,0.258650,0.281861,0.186299"
EDUCATIONxINCOME,"EDUCATIONxINCOME :: Some college, no degree | $30,000-$50,000",FACE3c_W49,4,"0.214845,0.267378,0.317520,0.200257"
EDUCATIONxINCOME,"EDUCATIONxINCOME :: Some college, no degree | $50,000-$75,000",FACE3c_W49,4,"0.221129,0.277358,0.316753,0.184760"
EDUCATIONxINCOME,"EDUCATIONxINCOME :: Some college, no degree | $75,000-$100,000",FACE3c_W49,4,"0.218434,0.259396,0.310457,0.211713"
EDUCATIONxINCOME,"EDUCATIONxINCOME :: Some college, no degree | Less than $30,000",FACE3c_W49,4,"0.191643,0.212129,0.344319,0.251909"
EDUCATIONxINCOME,"EDUCATIONxINCOME :: Some college, no degree | Refused",FACE3c_W49,4,"0.208374,0.197285,0.332981,0.261360"
EDUCATIONxINCOME,"EDUCATIONxINCOME :: Associate's degree | $100,000 or more",FACE4b_W49,2,"0.538983,0.461017"
EDUCATIONxINCOME,"EDUCATIONxINCOME :: Associate's degree | $30,000-$50,000",FACE4b_W49,2,"0.488283,0.511717"
EDUCATIONxINCOME,"EDUCATIONxINCOME :: Associate's degree | $50,000-$75,000",FACE4b_W49,2,"0.488283,0.511717"
EDUCATIONxINCOME,"EDUCATIONxINCOME :: Associate's degree | $75,000-$100,000",FACE4b_W49,2,"0.480479,0.519521"
EDUCATIONxINCOME,"EDUCATIONxINCOME :: Associate's degree | Less than $30,000",FACE4b_W49,2,"0.472683,0.527317"
EDUCATIONxINCOME,"EDUCATIONxINCOME :: College graduate/some postgrad | $100,000 or more",FACE4b_W49,2,"0.507812,0.492188"
EDUCATIONxINCOME,"EDUCATIONxINCOME :: College graduate/some postgrad | $30,000-$50,000",FACE4b_W49,2,"0.496094,0.503906"
EDUCATIONxINCOME,"EDUCATIONxINCOME :: College graduate/some postgrad | $50,000-$75,000",FACE4b_W49,2,"0.496094,0.503906"
EDUCATIONxINCOME,"EDUCATIONxINCOME :: College graduate/some postgrad | $75,000-$100,000",FACE4b_W49,2,"0.488283,0.511717"
EDUCATIONxINCOME,"EDUCATIONxINCOME :: College graduate/some postgrad | Less than $30,000",FACE4b_W49,2,"0.472683,0.527317"
EDUCATIONxINCOME,"EDUCATIONxINCOME :: High school graduate | $100,000 or more",FACE4b_W49,2,"0.500000,0.500000"
EDUCATIONxINCOME,"EDUCATIONxINCOME :: High school graduate | $30,000-$50,000",FACE4b_W49,2,"0.476580,0.523420"
EDUCATIONxINCOME,"EDUCATIONxINCOME :: High school graduate | $50,000-$75,000",FACE4b_W49,2,"0.488283,0.511717"
EDUCATIONxINCOME,"EDUCATIONxINCOME :: High school graduate | $75,000-$100,000",FACE4b_W49,2,"0.478529,0.521471"
EDUCATIONxINCOME,"EDUCATIONxINCOME :: High school graduate | Less than $30,000",FACE4b_W49,2,"0.461017,0.538983"
EDUCATIONxINCOME,EDUCATIONxINCOME :: High school graduate | Refused,FACE4b_W49,2,"0.480479,0.519521"
EDUCATIONxINCOME,"EDUCATIONxINCOME :: Less than high school | $30,000-$50,000",FACE4b_W49,2,"0.464902,0.535098"
EDUCATIONxINCOME,"EDUCATIONxINCOME :: Less than high school | Less than $30,000",FACE4b_W49,2,"0.441673,0.558327"
EDUCATIONxINCOME,"EDUCATIONxINCOME :: Postgraduate | $100,000 or more",FACE4b_W49,2,"0.492188,0.507812"
EDUCATIONxINCOME,"EDUCATIONxINCOME :: Postgraduate | $30,000-$50,000",FACE4b_W49,2,"0.472683,0.527317"
EDUCATIONxINCOME,"EDUCATIONxINCOME :: Postgraduate | $50,000-$75,000",FACE4b_W49,2,"0.478529,0.521471"
EDUCATIONxINCOME,"EDUCATIONxINCOME :: Postgraduate | $75,000-$100,000",FACE4b_W49,2,"0.472683,0.527317"
EDUCATIONxINCOME,"EDUCATIONxINCOME :: Postgraduate | Less than $30,000",FACE4b_W49,2,"0.453262,0.546738"
EDUCATIONxINCOME,"EDUCATIONxINCOME :: Some college, no degree | $100,000 or more",FACE4b_W49,2,"0.507812,0.492188"
EDUCATIONxINCOME,"EDUCATIONxINCOME :: Some college, no degree | $30,000-$50,000",FACE4b_W49,2,"0.480479,0.519521"
EDUCATIONxINCOME,"EDUCATIONxINCOME :: Some college, no degree | $50,000-$75,000",FACE4b_W49,2,"0.488283,0.511717"
EDUCATIONxINCOME,"EDUCATIONxINCOME :: Some college, no degree | $75,000-$100,000",FACE4b_W49,2,"0.482429,0.517571"
EDUCATIONxINCOME,"EDUCATIONxINCOME :: Some college, no degree | Less than $30,000",FACE4b_W49,2,"0.457137,0.542863"
EDUCATIONxINCOME,"EDUCATIONxINCOME :: Some college, no degree | Refused",FACE4b_W49,2,"0.457137,0.542863"
EDUCATIONxINCOME,"EDUCATIONxINCOME :: Associate's degree | $100,000 or more",FAMSURV11M_W50,3,"0.597778,0.182312,0.219910"
EDUCATIONxINCOME,"EDUCATIONxINCOME :: Associate's degree | $30,000-$50,000",FAMSURV11M_W50,3,"0.547561,0.209461,0.242979"
EDUCATIONxINCOME,"EDUCATIONxINCOME :: Associate's degree | $50,000-$75,000",FAMSURV11M_W50,3,"0.544050,0.216408,0.239542"
EDUCATIONxINCOME,"EDUCATIONxINCOME :: Associate's degree | $75,000-$100,000",FAMSURV11M_W50,3,"0.562102,0.203580,0.234319"
EDUCATIONxINCOME,"EDUCATIONxINCOME :: Associate's degree | Less than $30,000",FAMSURV11M_W50,3,"0.487538,0.230297,0.282165"
EDUCATIONxINCOME,EDUCATIONxINCOME :: Associate's degree | Refused,FAMSURV11M_W50,3,"0.436403,0.256548,0.307048"
EDUCATIONxINCOME,"EDUCATIONxINCOME :: College graduate/some postgrad | $100,000 or more",FAMSURV11M_W50,3,"0.589418,0.179762,0.230819"
EDUCATIONxINCOME,"EDUCATIONxINCOME :: College graduate/some postgrad | $30,000-$50,000",FAMSURV11M_W50,3,"0.537715,0.212224,0.250061"
EDUCATIONxINCOME,"EDUCATIONxINCOME :: College graduate/some postgrad | $50,000-$75,000",FAMSURV11M_W50,3,"0.535924,0.214848,0.249228"
EDUCATIONxINCOME,"EDUCATIONxINCOME :: College graduate/some postgrad | $75,000-$100,000",FAMSURV11M_W50,3,"0.550932,0.202676,0.246392"
EDUCATIONxINCOME,"EDUCATIONxINCOME :: College graduate/some postgrad | Less than $30,000",FAMSURV11M_W50,3,"0.474321,0.231166,0.294513"
EDUCATIONxINCOME,EDUCATIONxINCOME :: College graduate/some postgrad | Refused,FAMSURV11M_W50,3,"0.436439,0.246740,0.316821"
EDUCATIONxINCOME,"EDUCATIONxINCOME :: High school graduate | $100,000 or more",FAMSURV11M_W50,3,"0.560178,0.204474,0.235348"
EDUCATIONxINCOME,"EDUCATIONxINCOME :: High school graduate | $30,000-$50,000",FAMSURV11M_W50,3,"0.537094,0.217006,0.245900"
EDUCATIONxINCOME,"EDUCATIONxINCOME :: High school graduate | $50,000-$75,000",FAMSURV11M_W50,3,"0.534436,0.222786,0.242778"
EDUCATIONxINCOME,"EDUCATIONxINCOME :: High school graduate | $75,000-$100,000",FAMSURV11M_W50,3,"0.539400,0.223106,0.237495"
EDUCATIONxINCOME,"EDUCATIONxINCOME :: High school graduate | Less than $30,000",FAMSURV11M_W50,3,"0.475596,0.244816,0.279588"
EDUCATIONxINCOME,EDUCATIONxINCOME :: High school graduate | Refused,FAMSURV11M_W50,3,"0.430409,0.271455,0.298136"
EDUCATIONxINCOME,"EDUCATIONxINCOME :: Less than high school | $30,000-$50,000",FAMSURV11M_W50,3,"0.513996,0.219347,0.266658"
EDUCATIONxINCOME,"EDUCATIONxINCOME :: Less than high school | Less than $30,000",FAMSURV11M_W50,3,"0.460072,0.240554,0.299374"
EDUCATIONxINCOME,"EDUCATIONxINCOME :: Postgraduate | $100,000 or more",FAMSURV11M_W50,3,"0.579933,0.183915,0.236152"
EDUCATIONxINCOME,"EDUCATIONxINCOME :: Postgraduate | $30,000-$50,000",FAMSURV11M_W50,3,"0.519141,0.219818,0.261041"
EDUCATIONxINCOME,"EDUCATIONxINCOME :: Postgraduate | $50,000-$75,000",FAMSURV11M_W50,3,"0.517738,0.227957,0.254305"
EDUCATIONxINCOME,"EDUCATIONxINCOME :: Postgraduate | $75,000-$100,000",FAMSURV11M_W50,3,"0.533981,0.215748,0.250272"
EDUCATIONxINCOME,"EDUCATIONxINCOME :: Postgraduate | Less than $30,000",FAMSURV11M_W50,3,"0.461560,0.235742,0.302698"
EDUCATIONxINCOME,EDUCATIONxINCOME :: Postgraduate | Refused,FAMSURV11M_W50,3,"0.415217,0.263928,0.320855"
EDUCATIONxINCOME,"EDUCATIONxINCOME :: Some college, no degree | $100,000 or more",FAMSURV11M_W50,3,"0.511640,0.227039,0.261320"
EDUCATIONxINCOME,"EDUCATIONxINCOME :: Some college, no degree | $30,000-$50,000",FAMSURV11M_W50,3,"0.485209,0.238327,0.276464"
EDUCATIONxINCOME,"EDUCATIONxINCOME :: Some college, no degree | $50,000-$75,000",FAMSURV11M_W50,3,"0.477940,0.251857,0.270203"
EDUCATIONxINCOME,"EDUCATIONxINCOME :: Some college, no degree | $75,000-$100,000",FAMSURV11M_W50,3,"0.491324,0.239452,0.269223"
EDUCATIONxINCOME,"EDUCATIONxINCOME :: Some college, no degree | Less than $30,000",FAMSURV11M_W50,3,"0.446911,0.250694,0.302395"
EDUCATIONxINCOME,"EDUCATIONxINCOME :: Some college, no degree | Refused",FAMSURV11M_W50,3,"0.396143,0.245971,0.357886"
EDUCATIONxINCOME,"EDUCATIONxINCOME :: Associate's degree | $100,000 or more",FAMSURV12_W50,3,"0.300865,0.247484,0.451651"
EDUCATIONxINCOME,"EDUCATIONxINCOME :: Associate's degree | $30,000-$50,000",FAMSURV12_W50,3,"0.280696,0.263689,0.455615"
EDUCATIONxINCOME,"EDUCATIONxINCOME :: Associate's degree | $50,000-$75,000",FAMSURV12_W50,3,"0.261050,0.273578,0.465372"
EDUCATIONxINCOME,"EDUCATIONxINCOME :: Associate's degree | $75,000-$100,000",FAMSURV12_W50,3,"0.272299,0.278756,0.448945"
EDUCATIONxINCOME,"EDUCATIONxINCOME :: Associate's degree | Less than $30,000",FAMSURV12_W50,3,"0.276151,0.289403,0.434446"
EDUCATIONxINCOME,EDUCATIONxINCOME :: Associate's degree | Refused,FAMSURV12_W50,3,"0.275626,0.273481,0.450894"
EDUCATIONxINCOME,"EDUCATIONxINCOME :: College graduate/some postgrad | $100,000 or more",FAMSURV12_W50,3,"0.266861,0.264784,0.468355"
EDUCATIONxINCOME,"EDUCATIONxINCOME :: College graduate/some postgrad | $30,000-$50,000",FAMSURV12_W50,3,"0.271262,0.248924,0.479814"
EDUCATIONxINCOME,"EDUCATIONxINCOME :: College graduate/some postgrad | $50,000-$75,000",FAMSURV12_W50,3,"0.256940,0.263033,0.480027"
EDUCATIONxINCOME,"EDUCATIONxINCOME :: College graduate/some postgrad | $75,000-$100,000",FAMSURV12_W50,3,"0.267280,0.267280,0.465440"
EDUCATIONxINCOME,"EDUCATIONxINCOME :: College graduate/some postgrad | Less than $30,000",FAMSURV12_W50,3,"0.269308,0.286677,0.444014"
EDUCATIONxINCOME,EDUCATIONxINCOME :: College graduate/some postgrad | Refused,FAMSURV12_W50,3,"0.262845,0.264907,0.472248"
EDUCATIONxINCOME,"EDUCATIONxINCOME :: High school graduate | $100,000 or more",FAMSURV12_W50,3,"0.258047,0.274690,0.467263"
EDUCATIONxINCOME,"EDUCATIONxINCOME :: High school graduate | $30,000-$50,000",FAMSURV12_W50,3,"0.261521,0.257467,0.481012"
EDUCATIONxINCOME,"EDUCATIONxINCOME :: High school graduate | $50,000-$75,000",FAMSURV12_W50,3,"0.247782,0.251684,0.500534"
EDUCATIONxINCOME,"EDUCATIONxINCOME :: High school graduate | $75,000-$100,000",FAMSURV12_W50,3,"0.258600,0.273136,0.468264"
EDUCATIONxINCOME,"EDUCATIONxINCOME :: High school graduate | Less than $30,000",FAMSURV12_W50,3,"0.261361,0.287049,0.451591"
EDUCATIONxINCOME,EDUCATIONxINCOME :: High school graduate | Refused,FAMSURV12_W50,3,"0.258600,0.273136,0.468264"
EDUCATIONxINCOME,"EDUCATIONxINCOME :: Less than high school | $30,000-$50,000",FAMSURV12_W50,3,"0.279135,0.274808,0.446057"
EDUCATIONxINCOME,"EDUCATIONxINCOME :: Less than high school | Less than $30,000",FAMSURV12_W50,3,"0.277156,0.306784,0.416060"
EDUCATIONxINCOME,"EDUCATIONxINCOME :: Postgraduate | $100,000 or more",FAMSURV12_W50,3,"0.272394,0.285467,0.442139"
EDUCATIONxINCOME,"EDUCATIONxINCOME :: Postgraduate | $30,000-$50,000",FAMSURV12_W50,3,"0.275036,0.275036,0.449928"
EDUCATIONxINCOME,"EDUCATIONxINCOME :: Postgraduate | $50,000-$75,000",FAMSURV12_W50,3,"0.263110,0.282276,0.454614"
EDUCATIONxINCOME,"EDUCATIONxINCOME :: Postgraduate | $75,000-$100,000",FAMSURV12_W50,3,"0.271453,0.284480,0.444067"
EDUCATIONxINCOME,"EDUCATIONxINCOME :: Postgraduate | Less than $30,000",FAMSURV12_W50,3,"0.287996,0.299469,0.412535"
EDUCATIONxINCOME,EDUCATIONxINCOME :: Postgraduate | Refused,FAMSURV12_W50,3,"0.275502,0.284247,0.440251"
EDUCATIONxINCOME,"EDUCATIONxINCOME :: Some college, no degree | $100,000 or more",FAMSURV12_W50,3,"0.273945,0.284858,0.441197"
EDUCATIONxINCOME,"EDUCATIONxINCOME :: Some college, no degree | $30,000-$50,000",FAMSURV12_W50,3,"0.273859,0.267515,0.458627"
EDUCATIONxINCOME,"EDUCATIONxINCOME :: Some college, no degree | $50,000-$75,000",FAMSURV12_W50,3,"0.261436,0.276131,0.462433"
EDUCATIONxINCOME,"EDUCATIONxINCOME :: Some college, no degree | $75,000-$100,000",FAMSURV12_W50,3,"0.268473,0.274839,0.456688"
EDUCATIONxINCOME,"EDUCATIONxINCOME :: Some college, no degree | Less than $30,000",FAMSURV12_W50,3,"0.267438,0.284687,0.447875"
EDUCATIONxINCOME,"EDUCATIONxINCOME :: Some college, no degree | Refused",FAMSURV12_W50,3,"0.277696,0.260871,0.461434"
EDUCATIONxINCOME,"EDUCATIONxINCOME :: Associate's degree | $100,000 or more",FAMSURV1_W50,3,"0.579921,0.211681,0.208399"
EDUCATIONxINCOME,"EDUCATIONxINCOME :: Associate's degree | $30,000-$50,000",FAMSURV1_W50,3,"0.473193,0.259288,0.267519"
EDUCATIONxINCOME,"EDUCATIONxINCOME :: Associate's degree | $50,000-$75,000",FAMSURV1_W50,3,"0.459606,0.272308,0.268086"
EDUCATIONxINCOME,"EDUCATIONxINCOME :: Associate's degree | $75,000-$100,000",FAMSURV1_W50,3,"0.479814,0.271262,0.248924"
EDUCATIONxINCOME,"EDUCATIONxINCOME :: Associate's degree | Less than $30,000",FAMSURV1_W50,3,"0.377569,0.267737,0.354694"
EDUCATIONxINCOME,EDUCATIONxINCOME :: Associate's degree | Refused,FAMSURV1_W50,3,"0.349348,0.269955,0.380697"
EDUCATIONxINCOME,"EDUCATIONxINCOME :: College graduate/some postgrad | $100,000 or more",FAMSURV1_W50,3,"0.547086,0.217616,0.235299"
EDUCATIONxINCOME,"EDUCATIONxINCOME :: College graduate/some postgrad | $30,000-$50,000",FAMSURV1_W50,3,"0.460491,0.262380,0.277129"
EDUCATIONxINCOME,"EDUCATIONxINCOME :: College graduate/some postgrad | $50,000-$75,000",FAMSURV1_W50,3,"0.447966,0.271705,0.280330"
EDUCATIONxINCOME,"EDUCATIONxINCOME :: College graduate/some postgrad | $75,000-$100,000",FAMSURV1_W50,3,"0.463497,0.268252,0.268252"
EDUCATIONxINCOME,"EDUCATIONxINCOME :: College graduate/some postgrad | Less than $30,000",FAMSURV1_W50,3,"0.352518,0.248027,0.399455"
EDUCATIONxINCOME,EDUCATIONxINCOME :: College graduate/some postgrad | Refused,FAMSURV1_W50,3,"0.342566,0.250627,0.406807"
EDUCATIONxINCOME,"EDUCATIONxINCOME :: High school graduate | $100,000 or more",FAMSURV1_W50,3,"0.510298,0.242938,0.246764"
EDUCATIONxINCOME,"EDUCATIONxINCOME :: High school graduate | $30,000-$50,000",FAMSURV1_W50,3,"0.442139,0.272394,0.285467"
EDUCATIONxINCOME,"EDUCATIONxINCOME :: High school graduate | $50,000-$75,000",FAMSURV1_W50,3,"0.437393,0.282402,0.280205"
EDUCATIONxINCOME,"EDUCATIONxINCOME :: High school graduate | $75,000-$100,000",FAMSURV1_W50,3,"0.442943,0.290489,0.266568"
EDUCATIONxINCOME,"EDUCATIONxINCOME :: High school graduate | Less than $30,000",FAMSURV1_W50,3,"0.339862,0.256541,0.403596"
EDUCATIONxINCOME,EDUCATIONxINCOME :: High school graduate | Refused,FAMSURV1_W50,3,"0.339898,0.268882,0.391220"
EDUCATIONxINCOME,"EDUCATIONxINCOME :: Less than high school | $30,000-$50,000",FAMSURV1_W50,3,"0.422668,0.272895,0.304437"
EDUCATIONxINCOME,"EDUCATIONxINCOME :: Less than high school | Less than $30,000",FAMSURV1_W50,3,"0.339056,0.251965,0.408979"
EDUCATIONxINCOME,"EDUCATIONxINCOME :: Postgraduate | $100,000 or more",FAMSURV1_W50,3,"0.545881,0.213770,0.240348"
EDUCATIONxINCOME,"EDUCATIONxINCOME :: Postgraduate | $30,000-$50,000",FAMSURV1_W50,3,"0.441936,0.265962,0.292102"
EDUCATIONxINCOME,"EDUCATIONxINCOME :: Postgraduate | $50,000-$75,000",FAMSURV1_W50,3,"0.435457,0.278964,0.285579"
EDUCATIONxINCOME,"EDUCATIONxINCOME :: Postgraduate | $75,000-$100,000",FAMSURV1_W50,3,"0.456688,0.274839,0.268473"
EDUCATIONxINCOME,"EDUCATIONxINCOME :: Postgraduate | Less than $30,000",FAMSURV1_W50,3,"0.333479,0.238326,0.428195"
EDUCATIONxINCOME,EDUCATIONxINCOME :: Postgraduate | Refused,FAMSURV1_W50,3,"0.334898,0.254777,0.410325"
EDUCATIONxINCOME,"EDUCATIONxINCOME :: Some college, no degree | $100,000 or more",FAMSURV1_W50,3,"0.462433,0.261436,0.276131"
EDUCATIONxINCOME,"EDUCATIONxINCOME :: Some college, no degree | $30,000-$50,000",FAMSURV1_W50,3,"0.404616,0.280269,0.315115"
EDUCATIONxINCOME,"EDUCATIONxINCOME :: Some college, no degree | $50,000-$75,000",FAMSURV1_W50,3,"0.395606,0.296295,0.308098"
EDUCATIONxINCOME,"EDUCATIONxINCOME :: Some college, no degree | $75,000-$100,000",FAMSURV1_W50,3,"0.407856,0.296072,0.296072"
EDUCATIONxINCOME,"EDUCATIONxINCOME :: Some college, no degree | Less than $30,000",FAMSURV1_W50,3,"0.343070,0.258963,0.397968"
EDUCATIONxINCOME,"EDUCATIONxINCOME :: Some college, no degree | Refused",FAMSURV1_W50,3,"0.294359,0.193045,0.512596"
EDUCATIONxINCOME,"EDUCATIONxINCOME :: Associate's degree | $100,000 or more",FAMSURV21_W50,2,"0.622459,0.377541"
EDUCATIONxINCOME,"EDUCATIONxINCOME :: Associate's degree | $30,000-$50,000",FAMSURV21_W50,2,"0.602062,0.397938"
EDUCATIONxINCOME,"EDUCATIONxINCOME :: Associate's degree | $50,000-$75,000",FAMSURV21_W50,2,"0.577495,0.422505"
EDUCATIONxINCOME,"EDUCATIONxINCOME :: Associate's degree | $75,000-$100,000",FAMSURV21_W50,2,"0.588889,0.411111"
EDUCATIONxINCOME,"EDUCATIONxINCOME :: Associate's degree | Less than $30,000",FAMSURV21_W50,2,"0.552540,0.447460"
EDUCATIONxINCOME,EDUCATIONxINCOME :: Associate's degree | Refused,FAMSURV21_W50,2,"0.523420,0.476580"
EDUCATIONxINCOME,"EDUCATIONxINCOME :: College graduate/some postgrad | $100,000 or more",FAMSURV21_W50,2,"0.590779,0.409221"
EDUCATIONxINCOME,"EDUCATIONxINCOME :: College graduate/some postgrad | $30,000-$50,000",FAMSURV21_W50,2,"0.590779,0.409221"
EDUCATIONxINCOME,"EDUCATIONxINCOME :: College graduate/some postgrad | $50,000-$75,000",FAMSURV21_W50,2,"0.577495,0.422505"
EDUCATIONxINCOME,"EDUCATIONxINCOME :: College graduate/some postgrad | $75,000-$100,000",FAMSURV21_W50,2,"0.586996,0.413004"
EDUCATIONxINCOME,"EDUCATIONxINCOME :: College graduate/some postgrad | Less than $30,000",FAMSURV21_W50,2,"0.548674,0.451327"
EDUCATIONxINCOME,"EDUCATIONxINCOME :: High school graduate | $30,000-$50,000",FAMSURV21_W50,2,"0.579400,0.420600"
EDUCATIONxINCOME,"EDUCATIONxINCOME :: High school graduate | $50,000-$75,000",FAMSURV21_W50,2,"0.562177,0.437824"
EDUCATIONxINCOME,"EDUCATIONxINCOME :: High school graduate | $75,000-$100,000",FAMSURV21_W50,2,"0.567937,0.432063"
EDUCATIONxINCOME,"EDUCATIONxINCOME :: High school graduate | Less than $30,000",FAMSURV21_W50,2,"0.529263,0.470737"
EDUCATIONxINCOME,EDUCATIONxINCOME :: High school graduate | Refused,FAMSURV21_W50,2,"0.505859,0.494141"
EDUCATIONxINCOME,"EDUCATIONxINCOME :: Less than high school | $30,000-$50,000",FAMSURV21_W50,2,"0.571767,0.428233"
EDUCATIONxINCOME,"EDUCATIONxINCOME :: Less than high school | Less than $30,000",FAMSURV21_W50,2,"0.523420,0.476580"
EDUCATIONxINCOME,"EDUCATIONxINCOME :: Postgraduate | $100,000 or more",FAMSURV21_W50,2,"0.590779,0.409221"
EDUCATIONxINCOME,"EDUCATIONxINCOME :: Postgraduate | $30,000-$50,000",FAMSURV21_W50,2,"0.579400,0.420600"
EDUCATIONxINCOME,"EDUCATIONxINCOME :: Postgraduate | $50,000-$75,000",FAMSURV21_W50,2,"0.564098,0.435902"
EDUCATIONxINCOME,"EDUCATIONxINCOME :: Postgraduate | $75,000-$100,000",FAMSURV21_W50,2,"0.577495,0.422505"
EDUCATIONxINCOME,"EDUCATIONxINCOME :: Postgraduate | Less than $30,000",FAMSURV21_W50,2,"0.529263,0.470737"
EDUCATIONxINCOME,"EDUCATIONxINCOME :: Some college, no degree | $100,000 or more",FAMSURV21_W50,2,"0.546738,0.453262"
EDUCATIONxINCOME,"EDUCATIONxINCOME :: Some college, no degree | $30,000-$50,000",FAMSURV21_W50,2,"0.538983,0.461017"
EDUCATIONxINCOME,"EDUCATIONxINCOME :: Some college, no degree | $50,000-$75,000",FAMSURV21_W50,2,"0.527317,0.472683"
EDUCATIONxINCOME,"EDUCATIONxINCOME :: Some college, no degree | $75,000-$100,000",FAMSURV21_W50,2,"0.533154,0.466846"
EDUCATIONxINCOME,"EDUCATIONxINCOME :: Some college, no degree | Less than $30,000",FAMSURV21_W50,2,"0.498047,0.501953"
EDUCATIONxINCOME,"EDUCATIONxINCOME :: Some college, no degree | Refused",FAMSURV21_W50,2,"0.459076,0.540924"
EDUCATIONxINCOME,"EDUCATIONxINCOME :: Associate's degree | $100,000 or more",FAMSURV23b_W50,3,"0.609553,0.222497,0.167950"
EDUCATIONxINCOME,"EDUCATIONxINCOME :: Associate's degree | $30,000-$50,000",FAMSURV23b_W50,3,"0.526765,0.266951,0.206284"
EDUCATIONxINCOME,"EDUCATIONxINCOME :: Associate's degree | $50,000-$75,000",FAMSURV23b_W50,3,"0.497236,0.285538,0.217226"
EDUCATIONxINCOME,"EDUCATIONxINCOME :: Associate's degree | $75,000-$100,000",FAMSURV23b_W50,3,"0.535868,0.271564,0.192568"
EDUCATIONxINCOME,"EDUCATIONxINCOME :: Associate's degree | Less than $30,000",FAMSURV23b_W50,3,"0.511496,0.263296,0.225209"
EDUCATIONxINCOME,EDUCATIONxINCOME :: Associate's degree | Refused,FAMSURV23b_W50,3,"0.416582,0.268966,0.314453"
EDUCATIONxINCOME,"EDUCATIONxINCOME :: College graduate/some postgrad | $100,000 or more",FAMSURV23b_W50,3,"0.552501,0.260983,0.186516"
EDUCATIONxINCOME,"EDUCATIONxINCOME :: College graduate/some postgrad | $30,000-$50,000",FAMSURV23b_W50,3,"0.509515,0.281381,0.209104"
EDUCATIONxINCOME,"EDUCATIONxINCOME :: College graduate/some postgrad | $50,000-$75,000",FAMSURV23b_W50,3,"0.480229,0.298181,0.221589"
EDUCATIONxINCOME,"EDUCATIONxINCOME :: College graduate/some postgrad | $75,000-$100,000",FAMSURV23b_W50,3,"0.513629,0.283653,0.202718"
EDUCATIONxINCOME,"EDUCATIONxINCOME :: College graduate/some postgrad | Less than $30,000",FAMSURV23b_W50,3,"0.472463,0.284333,0.243203"
EDUCATIONxINCOME,EDUCATIONxINCOME :: College graduate/some postgrad | Refused,FAMSURV23b_W50,3,"0.390403,0.283402,0.326194"
EDUCATIONxINCOME,"EDUCATIONxINCOME :: High school graduate | $100,000 or more",FAMSURV23b_W50,3,"0.509682,0.272813,0.217505"
EDUCATIONxINCOME,"EDUCATIONxINCOME :: High school graduate | $30,000-$50,000",FAMSURV23b_W50,3,"0.481479,0.287504,0.231016"
EDUCATIONxINCOME,"EDUCATIONxINCOME :: High school graduate | $50,000-$75,000",FAMSURV23b_W50,3,"0.476497,0.291277,0.232226"
EDUCATIONxINCOME,"EDUCATIONxINCOME :: High school graduate | $75,000-$100,000",FAMSURV23b_W50,3,"0.490266,0.290473,0.219261"
EDUCATIONxINCOME,"EDUCATIONxINCOME :: High school graduate | Less than $30,000",FAMSURV23b_W50,3,"0.458097,0.288918,0.252985"
EDUCATIONxINCOME,EDUCATIONxINCOME :: High school graduate | Refused,FAMSURV23b_W50,3,"0.373519,0.286387,0.340093"
EDUCATIONxINCOME,"EDUCATIONxINCOME :: Less than high school | $30,000-$50,000",FAMSURV23b_W50,3,"0.473010,0.289145,0.237844"
EDUCATIONxINCOME,"EDUCATIONxINCOME :: Less than high school | Less than $30,000",FAMSURV23b_W50,3,"0.453526,0.286035,0.260438"
EDUCATIONxINCOME,"EDUCATIONxINCOME :: Postgraduate | $100,000 or more",FAMSURV23b_W50,3,"0.556153,0.254625,0.189222"
EDUCATIONxINCOME,"EDUCATIONxINCOME :: Postgraduate | $30,000-$50,000",FAMSURV23b_W50,3,"0.492734,0.285173,0.222093"
EDUCATIONxINCOME,"EDUCATIONxINCOME :: Postgraduate | $50,000-$75,000",FAMSURV23b_W50,3,"0.471032,0.299406,0.229562"
EDUCATIONxINCOME,"EDUCATIONxINCOME :: Postgraduate | $75,000-$100,000",FAMSURV23b_W50,3,"0.509515,0.281381,0.209104"
EDUCATIONxINCOME,"EDUCATIONxINCOME :: Postgraduate | Less than $30,000",FAMSURV23b_W50,3,"0.485742,0.266165,0.248093"
EDUCATIONxINCOME,EDUCATIONxINCOME :: Postgraduate | Refused,FAMSURV23b_W50,3,"0.384386,0.279034,0.336580"
EDUCATIONxINCOME,"EDUCATIONxINCOME :: Some college, no degree | $100,000 or more",FAMSURV23b_W50,3,"0.477360,0.291804,0.230836"
EDUCATIONxINCOME,"EDUCATIONxINCOME :: Some college, no degree | $30,000-$50,000",FAMSURV23b_W50,3,"0.441996,0.306162,0.251842"
EDUCATIONxINCOME,"EDUCATIONxINCOME :: Some college, no degree | $50,000-$75,000",FAMSURV23b_W50,3,"0.424539,0.317965,0.257496"
EDUCATIONxINCOME,"EDUCATIONxINCOME :: Some college, no degree | $75,000-$100,000",FAMSURV23b_W50,3,"0.452713,0.308724,0.238563"
EDUCATIONxINCOME,"EDUCATIONxINCOME :: Some college, no degree | Less than $30,000",FAMSURV23b_W50,3,"0.422557,0.306743,0.270700"
EDUCATIONxINCOME,"EDUCATIONxINCOME :: Some college, no degree | Refused",FAMSURV23b_W50,3,"0.326717,0.272982,0.400302"
EDUCATIONxINCOME,"EDUCATIONxINCOME :: Associate's degree | $100,000 or more",FAMSURV23e_W50,3,"0.506826,0.262938,0.230236"
EDUCATIONxINCOME,"EDUCATIONxINCOME :: Associate's degree | $30,000-$50,000",FAMSURV23e_W50,3,"0.426821,0.312269,0.260910"
EDUCATIONxINCOME,"EDUCATIONxINCOME :: Associate's degree | $50,000-$75,000",FAMSURV23e_W50,3,"0.392649,0.333237,0.274113"
EDUCATIONxINCOME,"EDUCATIONxINCOME :: Associate's degree | $75,000-$100,000",FAMSURV23e_W50,3,"0.427087,0.319873,0.253040"
EDUCATIONxINCOME,"EDUCATIONxINCOME :: Associate's degree | Less than $30,000",FAMSURV23e_W50,3,"0.419038,0.301822,0.279140"
EDUCATIONxINCOME,EDUCATIONxINCOME :: Associate's degree | Refused,FAMSURV23e_W50,3,"0.361285,0.285800,0.352916"
EDUCATIONxINCOME,"EDUCATIONxINCOME :: College graduate/some postgrad | $100,000 or more",FAMSURV23e_W50,3,"0.439666,0.311770,0.248565"
EDUCATIONxINCOME,"EDUCATIONxINCOME :: College graduate/some postgrad | $30,000-$50,000",FAMSURV23e_W50,3,"0.406415,0.329125,0.264459"
EDUCATIONxINCOME,"EDUCATIONxINCOME :: College graduate/some postgrad | $50,000-$75,000",FAMSURV23e_W50,3,"0.373798,0.348418,0.277783"
EDUCATIONxINCOME,"EDUCATIONxINCOME :: College graduate/some postgrad | $75,000-$100,000",FAMSURV23e_W50,3,"0.400562,0.334682,0.264755"
EDUCATIONxINCOME,"EDUCATIONxINCOME :: College graduate/some postgrad | Less than $30,000",FAMSURV23e_W50,3,"0.379773,0.319801,0.300425"
EDUCATIONxINCOME,EDUCATIONxINCOME :: College graduate/some postgrad | Refused,FAMSURV23e_W50,3,"0.328733,0.301662,0.369605"
EDUCATIONxINCOME,"EDUCATIONxINCOME :: High school graduate | $100,000 or more",FAMSURV23e_W50,3,"0.412930,0.314140,0.272930"
EDUCATIONxINCOME,"EDUCATIONxINCOME :: High school graduate | $30,000-$50,000",FAMSURV23e_W50,3,"0.383849,0.330899,0.285252"
EDUCATIONxINCOME,"EDUCATIONxINCOME :: High school graduate | $50,000-$75,000",FAMSURV23e_W50,3,"0.371842,0.338566,0.289591"
EDUCATIONxINCOME,"EDUCATIONxINCOME :: High school graduate | $75,000-$100,000",FAMSURV23e_W50,3,"0.389103,0.332818,0.278079"
EDUCATIONxINCOME,"EDUCATIONxINCOME :: High school graduate | Less than $30,000",FAMSURV23e_W50,3,"0.369775,0.321266,0.308959"
EDUCATIONxINCOME,EDUCATIONxINCOME :: High school graduate | Refused,FAMSURV23e_W50,3,"0.324921,0.298164,0.376915"
EDUCATIONxINCOME,"EDUCATIONxINCOME :: Less than high school | $30,000-$50,000",FAMSURV23e_W50,3,"0.384094,0.325976,0.289929"
EDUCATIONxINCOME,"EDUCATIONxINCOME :: Less than high school | Less than $30,000",FAMSURV23e_W50,3,"0.374383,0.312809,0.312809"
EDUCATIONxINCOME,"EDUCATIONxINCOME :: Postgraduate | $100,000 or more",FAMSURV23e_W50,3,"0.446034,0.301802,0.252165"
EDUCATIONxINCOME,"EDUCATIONxINCOME :: Postgraduate | $30,000-$50,000",FAMSURV23e_W50,3,"0.397727,0.324615,0.277658"
EDUCATIONxINCOME,"EDUCATIONxINCOME :: Postgraduate | $50,000-$75,000",FAMSURV23e_W50,3,"0.377183,0.338105,0.284713"
EDUCATIONxINCOME,"EDUCATIONxINCOME :: Postgraduate | $75,000-$100,000",FAMSURV23e_W50,3,"0.406797,0.324327,0.268876"
EDUCATIONxINCOME,"EDUCATIONxINCOME :: Postgraduate | Less than $30,000",FAMSURV23e_W50,3,"0.405013,0.294008,0.300980"
EDUCATIONxINCOME,EDUCATIONxINCOME :: Postgraduate | Refused,FAMSURV23e_W50,3,"0.341303,0.289660,0.369037"
EDUCATIONxINCOME,"EDUCATIONxINCOME :: Some college, no degree | $100,000 or more",FAMSURV23e_W50,3,"0.405236,0.320568,0.274196"
EDUCATIONxINCOME,"EDUCATIONxINCOME :: Some college, no degree | $30,000-$50,000",FAMSURV23e_W50,3,"0.368455,0.335482,0.296062"
EDUCATIONxINCOME,"EDUCATIONxINCOME :: Some college, no degree | $50,000-$75,000",FAMSURV23e_W50,3,"0.352960,0.347487,0.299553"
EDUCATIONxINCOME,"EDUCATIONxINCOME :: Some college, no degree | $75,000-$100,000",FAMSURV23e_W50,3,"0.374511,0.338342,0.287147"
EDUCATIONxINCOME,"EDUCATIONxINCOME :: Some college, no degree | Less than $30,000",FAMSURV23e_W50,3,"0.362480,0.327474,0.310046"
EDUCATIONxINCOME,"EDUCATIONxINCOME :: Some college, no degree | Refused",FAMSURV23e_W50,3,"0.319190,0.277317,0.403494"
EDUCATIONxINCOME,"EDUCATIONxINCOME :: Associate's degree | $100,000 or more",FAMSURV25_W50,4,"0.526176,0.219343,0.148415,0.106067"
EDUCATIONxINCOME,"EDUCATIONxINCOME :: Associate's degree | $30,000-$50,000",FAMSURV25_W50,4,"0.381546,0.281334,0.204227,0.132893"
EDUCATIONxINCOME,"EDUCATIONxINCOME :: Associate's degree | $50,000-$75,000",FAMSURV25_W50,4,"0.372940,0.309178,0.188997,0.128885"
EDUCATIONxINCOME,"EDUCATIONxINCOME :: Associate's degree | $75,000-$100,000",FAMSURV25_W50,4,"0.375618,0.299469,0.188873,0.136040"
EDUCATIONxINCOME,"EDUCATIONxINCOME :: Associate's degree | Less than $30,000",FAMSURV25_W50,4,"0.304460,0.258392,0.210893,0.226255"
EDUCATIONxINCOME,EDUCATIONxINCOME :: Associate's degree | Refused,FAMSURV25_W50,4,"0.298199,0.255063,0.203354,0.243383"
EDUCATIONxINCOME,"EDUCATIONxINCOME :: College graduate/some postgrad | $100,000 or more",FAMSURV25_W50,4,"0.461708,0.249073,0.165918,0.123300"
EDUCATIONxINCOME,"EDUCATIONxINCOME :: College graduate/some postgrad | $30,000-$50,000",FAMSURV25_W50,4,"0.389941,0.285287,0.199162,0.125610"
EDUCATIONxINCOME,"EDUCATIONxINCOME :: College graduate/some postgrad | $50,000-$75,000",FAMSURV25_W50,4,"0.371324,0.312686,0.189654,0.126337"
EDUCATIONxINCOME,"EDUCATIONxINCOME :: College graduate/some postgrad | $75,000-$100,000",FAMSURV25_W50,4,"0.376953,0.298195,0.192529,0.132323"
EDUCATIONxINCOME,"EDUCATIONxINCOME :: College graduate/some postgrad | Less than $30,000",FAMSURV25_W50,4,"0.283191,0.253851,0.218833,0.244126"
EDUCATIONxINCOME,EDUCATIONxINCOME :: College graduate/some postgrad | Refused,FAMSURV25_W50,4,"0.292870,0.254450,0.206060,0.246621"
EDUCATIONxINCOME,"EDUCATIONxINCOME :: High school graduate | $100,000 or more",FAMSURV25_W50,4,"0.425633,0.266355,0.171971,0.136041"
EDUCATIONxINCOME,"EDUCATIONxINCOME :: High school graduate | $30,000-$50,000",FAMSURV25_W50,4,"0.361875,0.297670,0.199846,0.140609"
EDUCATIONxINCOME,"EDUCATIONxINCOME :: High school graduate | $50,000-$75,000",FAMSURV25_W50,4,"0.380023,0.317521,0.178113,0.124343"
EDUCATIONxINCOME,"EDUCATIONxINCOME :: High school graduate | $75,000-$100,000",FAMSURV25_W50,4,"0.363715,0.313542,0.185767,0.136976"
EDUCATIONxINCOME,"EDUCATIONxINCOME :: High school graduate | Less than $30,000",FAMSURV25_W50,4,"0.275284,0.262677,0.209425,0.252614"
EDUCATIONxINCOME,EDUCATIONxINCOME :: High school graduate | Refused,FAMSURV25_W50,4,"0.288677,0.269076,0.195329,0.246918"
EDUCATIONxINCOME,"EDUCATIONxINCOME :: Less than high school | $30,000-$50,000",FAMSURV25_W50,4,"0.338226,0.289300,0.223554,0.148919"
EDUCATIONxINCOME,"EDUCATIONxINCOME :: Less than high school | Less than $30,000",FAMSURV25_W50,4,"0.260034,0.254010,0.225921,0.260034"
EDUCATIONxINCOME,"EDUCATIONxINCOME :: Postgraduate | $100,000 or more",FAMSURV25_W50,4,"0.444339,0.255162,0.166037,0.134461"
EDUCATIONxINCOME,"EDUCATIONxINCOME :: Postgraduate | $30,000-$50,000",FAMSURV25_W50,4,"0.358658,0.288190,0.205960,0.147193"
EDUCATIONxINCOME,"EDUCATIONxINCOME :: Postgraduate | $50,000-$75,000",FAMSURV25_W50,4,"0.361043,0.311238,0.191748,0.135970"
EDUCATIONxINCOME,"EDUCATIONxINCOME :: Postgraduate | $75,000-$100,000",FAMSURV25_W50,4,"0.367716,0.300121,0.189284,0.142879"
EDUCATIONxINCOME,"EDUCATIONxINCOME :: Postgraduate | Less than $30,000",FAMSURV25_W50,4,"0.275942,0.236026,0.209926,0.278106"
EDUCATIONxINCOME,"EDUCATIONxINCOME :: Some college, no degree | $100,000 or more",FAMSURV25_W50,4,"0.376797,0.280012,0.190951,0.152240"
EDUCATIONxINCOME,"EDUCATIONxINCOME :: Some college, no degree | $30,000-$50,000",FAMSURV25_W50,4,"0.325001,0.295917,0.218195,0.160887"
EDUCATIONxINCOME,"EDUCATIONxINCOME :: Some college, no degree | $50,000-$75,000",FAMSURV25_W50,4,"0.323700,0.321181,0.205756,0.149363"
EDUCATIONxINCOME,"EDUCATIONxINCOME :: Some college, no degree | $75,000-$100,000",FAMSURV25_W50,4,"0.324567,0.309704,0.206307,0.159422"
EDUCATIONxINCOME,"EDUCATIONxINCOME :: Some college, no degree | Less than $30,000",FAMSURV25_W50,4,"0.257803,0.261862,0.220510,0.259825"
EDUCATIONxINCOME,"EDUCATIONxINCOME :: Associate's degree | $100,000 or more",FAMSURV26b_W50,4,"0.274054,0.206866,0.265622,0.253458"
EDUCATIONxINCOME,"EDUCATIONxINCOME :: Associate's degree | $30,000-$50,000",FAMSURV26b_W50,4,"0.207961,0.223109,0.295571,0.273359"
EDUCATIONxINCOME,"EDUCATIONxINCOME :: Associate's degree | $50,000-$75,000",FAMSURV26b_W50,4,"0.194635,0.222280,0.308605,0.274479"
EDUCATIONxINCOME,"EDUCATIONxINCOME :: Associate's degree | $75,000-$100,000",FAMSURV26b_W50,4,"0.208195,0.218186,0.284569,0.289050"
EDUCATIONxINCOME,"EDUCATIONxINCOME :: Associate's degree | Less than $30,000",FAMSURV26b_W50,4,"0.206441,0.189441,0.230302,0.373816"
EDUCATIONxINCOME,EDUCATIONxINCOME :: Associate's degree | Refused,FAMSURV26b_W50,4,"0.222558,0.199499,0.233239,0.344704"
EDUCATIONxINCOME,"EDUCATIONxINCOME :: College graduate/some postgrad | $100,000 or more",FAMSURV26b_W50,4,"0.222701,0.207581,0.281521,0.288197"
EDUCATIONxINCOME,"EDUCATIONxINCOME :: College graduate/some postgrad | $30,000-$50,000",FAMSURV26b_W50,4,"0.204705,0.231961,0.302534,0.260801"
EDUCATIONxINCOME,"EDUCATIONxINCOME :: College graduate/some postgrad | $50,000-$75,000",FAMSURV26b_W50,4,"0.193087,0.227512,0.313412,0.265989"
EDUCATIONxINCOME,"EDUCATIONxINCOME :: College graduate/some postgrad | $75,000-$100,000",FAMSURV26b_W50,4,"0.204749,0.219663,0.297908,0.277680"
EDUCATIONxINCOME,"EDUCATIONxINCOME :: College graduate/some postgrad | Less than $30,000",FAMSURV26b_W50,4,"0.198403,0.187844,0.243088,0.370665"
EDUCATIONxINCOME,EDUCATIONxINCOME :: College graduate/some postgrad | Refused,FAMSURV26b_W50,4,"0.211734,0.195822,0.251440,0.341004"
EDUCATIONxINCOME,"EDUCATIONxINCOME :: High school graduate | $100,000 or more",FAMSURV26b_W50,4,"0.227909,0.224376,0.277067,0.270649"
EDUCATIONxINCOME,"EDUCATIONxINCOME :: High school graduate | $30,000-$50,000",FAMSURV26b_W50,4,"0.198372,0.230115,0.302481,0.269032"
EDUCATIONxINCOME,"EDUCATIONxINCOME :: High school graduate | $50,000-$75,000",FAMSURV26b_W50,4,"0.189955,0.232738,0.325658,0.251649"
EDUCATIONxINCOME,"EDUCATIONxINCOME :: High school graduate | $75,000-$100,000",FAMSURV26b_W50,4,"0.205775,0.233174,0.294759,0.266293"
EDUCATIONxINCOME,"EDUCATIONxINCOME :: High school graduate | Less than $30,000",FAMSURV26b_W50,4,"0.199696,0.199696,0.239005,0.361603"
EDUCATIONxINCOME,EDUCATIONxINCOME :: High school graduate | Refused,FAMSURV26b_W50,4,"0.218020,0.214640,0.245127,0.322213"
EDUCATIONxINCOME,"EDUCATIONxINCOME :: Less than high school | $30,000-$50,000",FAMSURV26b_W50,4,"0.210633,0.222473,0.285661,0.281232"
EDUCATIONxINCOME,"EDUCATIONxINCOME :: Less than high school | Less than $30,000",FAMSURV26b_W50,4,"0.209204,0.190482,0.224443,0.375871"
EDUCATIONxINCOME,"EDUCATIONxINCOME :: Postgraduate | $100,000 or more",FAMSURV26b_W50,4,"0.247189,0.219854,0.255035,0.277922"
EDUCATIONxINCOME,"EDUCATIONxINCOME :: Postgraduate | $30,000-$50,000",FAMSURV26b_W50,4,"0.215774,0.227902,0.281422,0.274903"
EDUCATIONxINCOME,"EDUCATIONxINCOME :: Postgraduate | $50,000-$75,000",FAMSURV26b_W50,4,"0.210547,0.233054,0.292315,0.264085"
EDUCATIONxINCOME,"EDUCATIONxINCOME :: Postgraduate | $75,000-$100,000",FAMSURV26b_W50,4,"0.221279,0.230093,0.273243,0.275386"
EDUCATIONxINCOME,"EDUCATIONxINCOME :: Postgraduate | Less than $30,000",FAMSURV26b_W50,4,"0.234815,0.190159,0.205611,0.369416"
EDUCATIONxINCOME,EDUCATIONxINCOME :: Postgraduate | Refused,FAMSURV26b_W50,4,"0.246898,0.216191,0.224803,0.312108"
EDUCATIONxINCOME,"EDUCATIONxINCOME :: Some college, no degree | $100,000 or more",FAMSURV26b_W50,4,"0.241880,0.230803,0.257480,0.269837"
EDUCATIONxINCOME,"EDUCATIONxINCOME :: Some college, no degree | $30,000-$50,000",FAMSURV26b_W50,4,"0.214209,0.233432,0.281573,0.270786"
EDUCATIONxINCOME,"EDUCATIONxINCOME :: Some college, no degree | $50,000-$75,000",FAMSURV26b_W50,4,"0.211233,0.241236,0.288722,0.258809"
EDUCATIONxINCOME,"EDUCATIONxINCOME :: Some college, no degree | $75,000-$100,000",FAMSURV26b_W50,4,"0.219667,0.235668,0.275524,0.269141"
EDUCATIONxINCOME,"EDUCATIONxINCOME :: Some college, no degree | Less than $30,000",FAMSURV26b_W50,4,"0.216516,0.211500,0.228686,0.343298"
EDUCATIONxINCOME,"EDUCATIONxINCOME :: Some college, no degree | Refused",FAMSURV26b_W50,4,"0.248703,0.204577,0.209429,0.337291"
EDUCATIONxINCOME,"EDUCATIONxINCOME :: Associate's degree | $100,000 or more",FAMSURV2We_W50,3,"0.322729,0.462288,0.214984"
EDUCATIONxINCOME,"EDUCATIONxINCOME :: Associate's degree | $30,000-$50,000",FAMSURV2We_W50,3,"0.245088,0.483623,0.271288"
EDUCATIONxINCOME,"EDUCATIONxINCOME :: Associate's degree | $50,000-$75,000",FAMSURV2We_W50,3,"0.215360,0.516621,0.268019"
EDUCATIONxINCOME,"EDUCATIONxINCOME :: Associate's degree | $75,000-$100,000",FAMSURV2We_W50,3,"0.247231,0.511264,0.241504"
EDUCATIONxINCOME,"EDUCATIONxINCOME :: Associate's degree | Less than $30,000",FAMSURV2We_W50,3,"0.265789,0.455667,0.278544"
EDUCATIONxINCOME,EDUCATIONxINCOME :: Associate's degree | Refused,FAMSURV2We_W50,3,"0.285287,0.424934,0.289780"
EDUCATIONxINCOME,"EDUCATIONxINCOME :: College graduate/some postgrad | $100,000 or more",FAMSURV2We_W50,3,"0.292897,0.468048,0.239055"
EDUCATIONxINCOME,"EDUCATIONxINCOME :: College graduate/some postgrad | $30,000-$50,000",FAMSURV2We_W50,3,"0.251968,0.481901,0.266131"
EDUCATIONxINCOME,"EDUCATIONxINCOME :: College graduate/some postgrad | $50,000-$75,000",FAMSURV2We_W50,3,"0.217968,0.510766,0.271266"
EDUCATIONxINCOME,"EDUCATIONxINCOME :: College graduate/some postgrad | $75,000-$100,000",FAMSURV2We_W50,3,"0.248255,0.505422,0.246323"
EDUCATIONxINCOME,"EDUCATIONxINCOME :: College graduate/some postgrad | Less than $30,000",FAMSURV2We_W50,3,"0.260185,0.449559,0.290257"
EDUCATIONxINCOME,EDUCATIONxINCOME :: College graduate/some postgrad | Refused,FAMSURV2We_W50,3,"0.277389,0.429629,0.292982"
EDUCATIONxINCOME,"EDUCATIONxINCOME :: High school graduate | $100,000 or more",FAMSURV2We_W50,3,"0.277484,0.475717,0.246799"
EDUCATIONxINCOME,"EDUCATIONxINCOME :: High school graduate | $30,000-$50,000",FAMSURV2We_W50,3,"0.226883,0.499444,0.273673"
EDUCATIONxINCOME,"EDUCATIONxINCOME :: High school graduate | $50,000-$75,000",FAMSURV2We_W50,3,"0.211009,0.522251,0.266740"
EDUCATIONxINCOME,"EDUCATIONxINCOME :: High school graduate | $75,000-$100,000",FAMSURV2We_W50,3,"0.235332,0.518043,0.246625"
EDUCATIONxINCOME,"EDUCATIONxINCOME :: High school graduate | Less than $30,000",FAMSURV2We_W50,3,"0.247686,0.462739,0.289575"
EDUCATIONxINCOME,EDUCATIONxINCOME :: High school graduate | Refused,FAMSURV2We_W50,3,"0.271490,0.437243,0.291267"
EDUCATIONxINCOME,"EDUCATIONxINCOME :: Less than high school | $30,000-$50,000",FAMSURV2We_W50,3,"0.256175,0.460264,0.283560"
EDUCATIONxINCOME,"EDUCATIONxINCOME :: Less than high school | Less than $30,000",FAMSURV2We_W50,3,"0.280532,0.427761,0.291707"
EDUCATIONxINCOME,"EDUCATIONxINCOME :: Postgraduate | $100,000 or more",FAMSURV2We_W50,3,"0.320581,0.452092,0.227326"
EDUCATIONxINCOME,"EDUCATIONxINCOME :: Postgraduate | $30,000-$50,000",FAMSURV2We_W50,3,"0.260792,0.472232,0.266976"
EDUCATIONxINCOME,"EDUCATIONxINCOME :: Postgraduate | $50,000-$75,000",FAMSURV2We_W50,3,"0.238109,0.496262,0.265630"
EDUCATIONxINCOME,"EDUCATIONxINCOME :: Postgraduate | $75,000-$100,000",FAMSURV2We_W50,3,"0.273319,0.491065,0.235616"
EDUCATIONxINCOME,"EDUCATIONxINCOME :: Postgraduate | Less than $30,000",FAMSURV2We_W50,3,"0.307755,0.420652,0.271593"
EDUCATIONxINCOME,EDUCATIONxINCOME :: Postgraduate | Refused,FAMSURV2We_W50,3,"0.317174,0.407260,0.275566"
EDUCATIONxINCOME,"EDUCATIONxINCOME :: Some college, no degree | $100,000 or more",FAMSURV2We_W50,3,"0.302853,0.444104,0.253043"
EDUCATIONxINCOME,"EDUCATIONxINCOME :: Some college, no degree | $30,000-$50,000",FAMSURV2We_W50,3,"0.256175,0.460264,0.283560"
EDUCATIONxINCOME,"EDUCATIONxINCOME :: Some college, no degree | $50,000-$75,000",FAMSURV2We_W50,3,"0.234991,0.485951,0.279058"
EDUCATIONxINCOME,"EDUCATIONxINCOME :: Some college, no degree | $75,000-$100,000",FAMSURV2We_W50,3,"0.262570,0.482939,0.254491"
EDUCATIONxINCOME,"EDUCATIONxINCOME :: Some college, no degree | Less than $30,000",FAMSURV2We_W50,3,"0.276113,0.441227,0.282661"
EDUCATIONxINCOME,"EDUCATIONxINCOME :: Some college, no degree | Refused",FAMSURV2We_W50,3,"0.308387,0.380807,0.310806"
EDUCATIONxINCOME,"EDUCATIONxINCOME :: Associate's degree | $100,000 or more",FAMSURV30a_W50,3,"0.397408,0.262671,0.339921"
EDUCATIONxINCOME,"EDUCATIONxINCOME :: Associate's degree | $30,000-$50,000",FAMSURV30a_W50,3,"0.338820,0.306099,0.355081"
EDUCATIONxINCOME,"EDUCATIONxINCOME :: Associate's degree | $50,000-$75,000",FAMSURV30a_W50,3,"0.316177,0.311275,0.372548"
EDUCATIONxINCOME,"EDUCATIONxINCOME :: Associate's degree | $75,000-$100,000",FAMSURV30a_W50,3,"0.354230,0.307761,0.338009"
EDUCATIONxINCOME,"EDUCATIONxINCOME :: Associate's degree | Less than $30,000",FAMSURV30a_W50,3,"0.374608,0.276219,0.349173"
EDUCATIONxINCOME,EDUCATIONxINCOME :: Associate's degree | Refused,FAMSURV30a_W50,3,"0.292712,0.250370,0.456918"
EDUCATIONxINCOME,"EDUCATIONxINCOME :: College graduate/some postgrad | $100,000 or more",FAMSURV30a_W50,3,"0.364087,0.285775,0.350139"
EDUCATIONxINCOME,"EDUCATIONxINCOME :: College graduate/some postgrad | $30,000-$50,000",FAMSURV30a_W50,3,"0.329197,0.309252,0.361552"
EDUCATIONxINCOME,"EDUCATIONxINCOME :: College graduate/some postgrad | $50,000-$75,000",FAMSURV30a_W50,3,"0.313084,0.318014,0.368903"
EDUCATIONxINCOME,"EDUCATIONxINCOME :: College graduate/some postgrad | $75,000-$100,000",FAMSURV30a_W50,3,"0.343493,0.310320,0.346187"
EDUCATIONxINCOME,"EDUCATIONxINCOME :: College graduate/some postgrad | Less than $30,000",FAMSURV30a_W50,3,"0.355031,0.278667,0.366301"
EDUCATIONxINCOME,EDUCATIONxINCOME :: College graduate/some postgrad | Refused,FAMSURV30a_W50,3,"0.275327,0.252654,0.472020"
EDUCATIONxINCOME,"EDUCATIONxINCOME :: High school graduate | $100,000 or more",FAMSURV30a_W50,3,"0.342669,0.295400,0.361931"
EDUCATIONxINCOME,"EDUCATIONxINCOME :: High school graduate | $30,000-$50,000",FAMSURV30a_W50,3,"0.309603,0.316945,0.373452"
EDUCATIONxINCOME,"EDUCATIONxINCOME :: High school graduate | $50,000-$75,000",FAMSURV30a_W50,3,"0.296792,0.303830,0.399377"
EDUCATIONxINCOME,"EDUCATIONxINCOME :: High school graduate | $75,000-$100,000",FAMSURV30a_W50,3,"0.329439,0.314353,0.356208"
EDUCATIONxINCOME,"EDUCATIONxINCOME :: High school graduate | Less than $30,000",FAMSURV30a_W50,3,"0.346138,0.282510,0.371352"
EDUCATIONxINCOME,EDUCATIONxINCOME :: High school graduate | Refused,FAMSURV30a_W50,3,"0.271212,0.252797,0.475991"
EDUCATIONxINCOME,"EDUCATIONxINCOME :: Less than high school | $30,000-$50,000",FAMSURV30a_W50,3,"0.326907,0.316849,0.356243"
EDUCATIONxINCOME,"EDUCATIONxINCOME :: Less than high school | Less than $30,000",FAMSURV30a_W50,3,"0.358855,0.279476,0.361669"
EDUCATIONxINCOME,"EDUCATIONxINCOME :: Postgraduate | $100,000 or more",FAMSURV30a_W50,3,"0.377333,0.287060,0.335607"
EDUCATIONxINCOME,"EDUCATIONxINCOME :: Postgraduate | $30,000-$50,000",FAMSURV30a_W50,3,"0.333001,0.315279,0.351719"
EDUCATIONxINCOME,"EDUCATIONxINCOME :: Postgraduate | $50,000-$75,000",FAMSURV30a_W50,3,"0.319055,0.316572,0.364372"
EDUCATIONxINCOME,"EDUCATIONxINCOME :: Postgraduate | $75,000-$100,000",FAMSURV30a_W50,3,"0.353447,0.311916,0.334637"
EDUCATIONxINCOME,"EDUCATIONxINCOME :: Postgraduate | Less than $30,000",FAMSURV30a_W50,3,"0.395539,0.263486,0.340976"
EDUCATIONxINCOME,"EDUCATIONxINCOME :: Some college, no degree | $100,000 or more",FAMSURV30a_W50,3,"0.353085,0.302009,0.344906"
EDUCATIONxINCOME,"EDUCATIONxINCOME :: Some college, no degree | $30,000-$50,000",FAMSURV30a_W50,3,"0.317473,0.319962,0.362565"
EDUCATIONxINCOME,"EDUCATIONxINCOME :: Some college, no degree | $50,000-$75,000",FAMSURV30a_W50,3,"0.308959,0.321266,0.369775"
EDUCATIONxINCOME,"EDUCATIONxINCOME :: Some college, no degree | $75,000-$100,000",FAMSURV30a_W50,3,"0.334119,0.323839,0.342042"
EDUCATIONxINCOME,"EDUCATIONxINCOME :: Some college, no degree | Less than $30,000",FAMSURV30a_W50,3,"0.347336,0.297092,0.355572"
EDUCATIONxINCOME,"EDUCATIONxINCOME :: Associate's degree | $100,000 or more",FAMSURV30b_W50,3,"0.414684,0.269840,0.315475"
EDUCATIONxINCOME,"EDUCATIONxINCOME :: Associate's degree | $30,000-$50,000",FAMSURV30b_W50,3,"0.353294,0.306947,0.339759"
EDUCATIONxINCOME,"EDUCATIONxINCOME :: Associate's degree | $50,000-$75,000",FAMSURV30b_W50,3,"0.328629,0.316039,0.355332"
EDUCATIONxINCOME,"EDUCATIONxINCOME :: Associate's degree | $75,000-$100,000",FAMSURV30b_W50,3,"0.364330,0.311628,0.324042"
EDUCATIONxINCOME,"EDUCATIONxINCOME :: Associate's degree | Less than $30,000",FAMSURV30b_W50,3,"0.387551,0.283538,0.328910"
EDUCATIONxINCOME,EDUCATIONxINCOME :: Associate's degree | Refused,FAMSURV30b_W50,3,"0.313949,0.260273,0.425778"
EDUCATIONxINCOME,"EDUCATIONxINCOME :: College graduate/some postgrad | $100,000 or more",FAMSURV30b_W50,3,"0.380405,0.291666,0.327929"
EDUCATIONxINCOME,"EDUCATIONxINCOME :: College graduate/some postgrad | $30,000-$50,000",FAMSURV30b_W50,3,"0.351511,0.307793,0.340696"
EDUCATIONxINCOME,"EDUCATIONxINCOME :: College graduate/some postgrad | $50,000-$75,000",FAMSURV30b_W50,3,"0.330530,0.320361,0.349109"
EDUCATIONxINCOME,"EDUCATIONxINCOME :: College graduate/some postgrad | $75,000-$100,000",FAMSURV30b_W50,3,"0.360677,0.310923,0.328400"
EDUCATIONxINCOME,"EDUCATIONxINCOME :: College graduate/some postgrad | Less than $30,000",FAMSURV30b_W50,3,"0.372526,0.285625,0.341849"
EDUCATIONxINCOME,EDUCATIONxINCOME :: College graduate/some postgrad | Refused,FAMSURV30b_W50,3,"0.302506,0.260776,0.436718"
EDUCATIONxINCOME,"EDUCATIONxINCOME :: High school graduate | $100,000 or more",FAMSURV30b_W50,3,"0.360255,0.298662,0.341083"
EDUCATIONxINCOME,"EDUCATIONxINCOME :: High school graduate | $30,000-$50,000",FAMSURV30b_W50,3,"0.330355,0.315227,0.354419"
EDUCATIONxINCOME,"EDUCATIONxINCOME :: High school graduate | $50,000-$75,000",FAMSURV30b_W50,3,"0.316177,0.311275,0.372548"
EDUCATIONxINCOME,"EDUCATIONxINCOME :: High school graduate | $75,000-$100,000",FAMSURV30b_W50,3,"0.344572,0.316197,0.339230"
EDUCATIONxINCOME,"EDUCATIONxINCOME :: High school graduate | Less than $30,000",FAMSURV30b_W50,3,"0.363596,0.292158,0.344246"
EDUCATIONxINCOME,EDUCATIONxINCOME :: High school graduate | Refused,FAMSURV30b_W50,3,"0.297371,0.266562,0.436066"
EDUCATIONxINCOME,"EDUCATIONxINCOME :: Less than high school | $30,000-$50,000",FAMSURV30b_W50,3,"0.342741,0.314517,0.342741"
EDUCATIONxINCOME,"EDUCATIONxINCOME :: Less than high school | Less than $30,000",FAMSURV30b_W50,3,"0.379170,0.286213,0.334617"
EDUCATIONxINCOME,"EDUCATIONxINCOME :: Postgraduate | $100,000 or more",FAMSURV30b_W50,3,"0.394536,0.290913,0.314551"
EDUCATIONxINCOME,"EDUCATIONxINCOME :: Postgraduate | $30,000-$50,000",FAMSURV30b_W50,3,"0.347191,0.313661,0.339148"
EDUCATIONxINCOME,"EDUCATIONxINCOME :: Postgraduate | $50,000-$75,000",FAMSURV30b_W50,3,"0.331430,0.321233,0.347336"
EDUCATIONxINCOME,"EDUCATIONxINCOME :: Postgraduate | $75,000-$100,000",FAMSURV30b_W50,3,"0.365272,0.314884,0.319843"
EDUCATIONxINCOME,"EDUCATIONxINCOME :: Postgraduate | Less than $30,000",FAMSURV30b_W50,3,"0.406966,0.271098,0.321936"
EDUCATIONxINCOME,"EDUCATIONxINCOME :: Some college, no degree | $100,000 or more",FAMSURV30b_W50,3,"0.363294,0.305924,0.330783"
EDUCATIONxINCOME,"EDUCATIONxINCOME :: Some college, no degree | $30,000-$50,000",FAMSURV30b_W50,3,"0.329540,0.316915,0.353545"
EDUCATIONxINCOME,"EDUCATIONxINCOME :: Some college, no degree | $50,000-$75,000",FAMSURV30b_W50,3,"0.320161,0.322673,0.357166"
EDUCATIONxINCOME,"EDUCATIONxINCOME :: Some college, no degree | $75,000-$100,000",FAMSURV30b_W50,3,"0.345567,0.322104,0.332329"
EDUCATIONxINCOME,"EDUCATIONxINCOME :: Some college, no degree | Less than $30,000",FAMSURV30b_W50,3,"0.361319,0.301894,0.336787"
EDUCATIONxINCOME,"EDUCATIONxINCOME :: Associate's degree | $100,000 or more",FAMSURV32c_W50,4,"0.568888,0.217619,0.128935,0.084558"
EDUCATIONxINCOME,"EDUCATIONxINCOME :: Associate's degree | $30,000-$50,000",FAMSURV32c_W50,4,"0.416873,0.295607,0.182118,0.105402"
EDUCATIONxINCOME,"EDUCATIONxINCOME :: Associate's degree | $50,000-$75,000",FAMSURV32c_W50,4,"0.413002,0.311750,0.170825,0.104423"
EDUCATIONxINCOME,"EDUCATIONxINCOME :: Associate's degree | $75,000-$100,000",FAMSURV32c_W50,4,"0.399759,0.313774,0.171934,0.114533"
EDUCATIONxINCOME,"EDUCATIONxINCOME :: Associate's degree | Less than $30,000",FAMSURV32c_W50,4,"0.366305,0.308460,0.191527,0.133708"
EDUCATIONxINCOME,EDUCATIONxINCOME :: Associate's degree | Refused,FAMSURV32c_W50,4,"0.319097,0.321599,0.210910,0.148394"
EDUCATIONxINCOME,"EDUCATIONxINCOME :: College graduate/some postgrad | $100,000 or more",FAMSURV32c_W50,4,"0.491088,0.267000,0.147451,0.094461"
EDUCATIONxINCOME,"EDUCATIONxINCOME :: College graduate/some postgrad | $30,000-$50,000",FAMSURV32c_W50,4,"0.411694,0.308345,0.179856,0.100105"
EDUCATIONxINCOME,"EDUCATIONxINCOME :: College graduate/some postgrad | $50,000-$75,000",FAMSURV32c_W50,4,"0.394370,0.326944,0.175001,0.103685"
EDUCATIONxINCOME,"EDUCATIONxINCOME :: College graduate/some postgrad | $75,000-$100,000",FAMSURV32c_W50,4,"0.382265,0.326968,0.177770,0.112997"
EDUCATIONxINCOME,"EDUCATIONxINCOME :: College graduate/some postgrad | Less than $30,000",FAMSURV32c_W50,4,"0.330160,0.325041,0.205001,0.139798"
EDUCATIONxINCOME,EDUCATIONxINCOME :: College graduate/some postgrad | Refused,FAMSURV32c_W50,4,"0.296948,0.336486,0.217252,0.149315"
EDUCATIONxINCOME,"EDUCATIONxINCOME :: High school graduate | $100,000 or more",FAMSURV32c_W50,4,"0.446488,0.279405,0.165542,0.108565"
EDUCATIONxINCOME,"EDUCATIONxINCOME :: High school graduate | $30,000-$50,000",FAMSURV32c_W50,4,"0.382569,0.319648,0.186449,0.111334"
EDUCATIONxINCOME,"EDUCATIONxINCOME :: High school graduate | $50,000-$75,000",FAMSURV32c_W50,4,"0.396224,0.331058,0.171751,0.100967"
EDUCATIONxINCOME,"EDUCATIONxINCOME :: High school graduate | $75,000-$100,000",FAMSURV32c_W50,4,"0.363400,0.338726,0.179896,0.117979"
EDUCATIONxINCOME,"EDUCATIONxINCOME :: High school graduate | Less than $30,000",FAMSURV32c_W50,4,"0.317199,0.335029,0.204799,0.142973"
EDUCATIONxINCOME,EDUCATIONxINCOME :: High school graduate | Refused,FAMSURV32c_W50,4,"0.290478,0.342266,0.214185,0.153071"
EDUCATIONxINCOME,"EDUCATIONxINCOME :: Less than high school | $30,000-$50,000",FAMSURV32c_W50,4,"0.339558,0.324008,0.212490,0.123944"
EDUCATIONxINCOME,"EDUCATIONxINCOME :: Less than high school | Less than $30,000",FAMSURV32c_W50,4,"0.287923,0.331397,0.227766,0.152915"
EDUCATIONxINCOME,"EDUCATIONxINCOME :: Postgraduate | $100,000 or more",FAMSURV32c_W50,4,"0.468882,0.273497,0.154621,0.103000"
EDUCATIONxINCOME,"EDUCATIONxINCOME :: Postgraduate | $30,000-$50,000",FAMSURV32c_W50,4,"0.374664,0.315499,0.192861,0.116976"
EDUCATIONxINCOME,"EDUCATIONxINCOME :: Postgraduate | $50,000-$75,000",FAMSURV32c_W50,4,"0.372688,0.331475,0.183058,0.112779"
EDUCATIONxINCOME,"EDUCATIONxINCOME :: Postgraduate | $75,000-$100,000",FAMSURV32c_W50,4,"0.364511,0.326745,0.184725,0.124019"
EDUCATIONxINCOME,"EDUCATIONxINCOME :: Postgraduate | Less than $30,000",FAMSURV32c_W50,4,"0.328766,0.311270,0.210616,0.149349"
EDUCATIONxINCOME,EDUCATIONxINCOME :: Postgraduate | Refused,FAMSURV32c_W50,4,"0.292905,0.321693,0.221096,0.164305"
EDUCATIONxINCOME,"EDUCATIONxINCOME :: Some college, no degree | $100,000 or more",FAMSURV32c_W50,4,"0.388802,0.302799,0.185097,0.123301"
EDUCATIONxINCOME,"EDUCATIONxINCOME :: Some college, no degree | $30,000-$50,000",FAMSURV32c_W50,4,"0.335539,0.327766,0.208341,0.128355"
EDUCATIONxINCOME,"EDUCATIONxINCOME :: Some college, no degree | $50,000-$75,000",FAMSURV32c_W50,4,"0.325633,0.346634,0.202190,0.125543"
EDUCATIONxINCOME,"EDUCATIONxINCOME :: Some college, no degree | $75,000-$100,000",FAMSURV32c_W50,4,"0.314889,0.340477,0.204902,0.139731"
EDUCATIONxINCOME,"EDUCATIONxINCOME :: Some college, no degree | Less than $30,000",FAMSURV32c_W50,4,"0.279954,0.335061,0.226714,0.158272"
EDUCATIONxINCOME,"EDUCATIONxINCOME :: Some college, no degree | Refused",FAMSURV32c_W50,4,"0.257466,0.315454,0.251502,0.175577"
EDUCATIONxINCOME,"EDUCATIONxINCOME :: Associate's degree | $100,000 or more",FAMSURV43_W50,4,"0.531240,0.216324,0.153396,0.099040"
EDUCATIONxINCOME,"EDUCATIONxINCOME :: Associate's degree | $30,000-$50,000",FAMSURV43_W50,4,"0.406338,0.283670,0.198034,0.111958"
EDUCATIONxINCOME,"EDUCATIONxINCOME :: Associate's degree | $50,000-$75,000",FAMSURV43_W50,4,"0.391191,0.290708,0.207760,0.110340"
EDUCATIONxINCOME,"EDUCATIONxINCOME :: Associate's degree | $75,000-$100,000",FAMSURV43_W50,4,"0.409016,0.278925,0.184358,0.127701"
EDUCATIONxINCOME,"EDUCATIONxINCOME :: Associate's degree | Less than $30,000",FAMSURV43_W50,4,"0.436226,0.233495,0.173519,0.156761"
EDUCATIONxINCOME,EDUCATIONxINCOME :: Associate's degree | Refused,FAMSURV43_W50,4,"0.413321,0.228258,0.175011,0.183410"
EDUCATIONxINCOME,"EDUCATIONxINCOME :: College graduate/some postgrad | $100,000 or more",FAMSURV43_W50,4,"0.457168,0.264589,0.172171,0.106072"
EDUCATIONxINCOME,"EDUCATIONxINCOME :: College graduate/some postgrad | $30,000-$50,000",FAMSURV43_W50,4,"0.389916,0.308449,0.200711,0.100924"
EDUCATIONxINCOME,"EDUCATIONxINCOME :: College graduate/some postgrad | $50,000-$75,000",FAMSURV43_W50,4,"0.370889,0.317238,0.209682,0.102191"
EDUCATIONxINCOME,"EDUCATIONxINCOME :: College graduate/some postgrad | $75,000-$100,000",FAMSURV43_W50,4,"0.393574,0.299415,0.188839,0.118172"
EDUCATIONxINCOME,"EDUCATIONxINCOME :: College graduate/some postgrad | Less than $30,000",FAMSURV43_W50,4,"0.412297,0.258009,0.181532,0.148162"
EDUCATIONxINCOME,EDUCATIONxINCOME :: College graduate/some postgrad | Refused,FAMSURV43_W50,4,"0.386183,0.257254,0.183851,0.172712"
EDUCATIONxINCOME,"EDUCATIONxINCOME :: High school graduate | $100,000 or more",FAMSURV43_W50,4,"0.430840,0.267515,0.183860,0.117785"
EDUCATIONxINCOME,"EDUCATIONxINCOME :: High school graduate | $30,000-$50,000",FAMSURV43_W50,4,"0.369018,0.313182,0.207001,0.110799"
EDUCATIONxINCOME,"EDUCATIONxINCOME :: High school graduate | $50,000-$75,000",FAMSURV43_W50,4,"0.376655,0.312258,0.211284,0.099804"
EDUCATIONxINCOME,"EDUCATIONxINCOME :: High school graduate | $75,000-$100,000",FAMSURV43_W50,4,"0.383566,0.303425,0.191368,0.121641"
EDUCATIONxINCOME,"EDUCATIONxINCOME :: High school graduate | Less than $30,000",FAMSURV43_W50,4,"0.408004,0.263427,0.179642,0.148928"
EDUCATIONxINCOME,EDUCATIONxINCOME :: High school graduate | Refused,FAMSURV43_W50,4,"0.378031,0.261854,0.185682,0.174433"
EDUCATIONxINCOME,"EDUCATIONxINCOME :: Less than high school | $30,000-$50,000",FAMSURV43_W50,4,"0.360196,0.296289,0.215083,0.128432"
EDUCATIONxINCOME,"EDUCATIONxINCOME :: Less than high school | Less than $30,000",FAMSURV43_W50,4,"0.400464,0.246719,0.181919,0.170897"
EDUCATIONxINCOME,"EDUCATIONxINCOME :: Postgraduate | $100,000 or more",FAMSURV43_W50,4,"0.478432,0.242457,0.162778,0.116332"
EDUCATIONxINCOME,"EDUCATIONxINCOME :: Postgraduate | $30,000-$50,000",FAMSURV43_W50,4,"0.387879,0.295083,0.199663,0.117376"
EDUCATIONxINCOME,"EDUCATIONxINCOME :: Postgraduate | $50,000-$75,000",FAMSURV43_W50,4,"0.378384,0.301674,0.208963,0.110980"
EDUCATIONxINCOME,"EDUCATIONxINCOME :: Postgraduate | $75,000-$100,000",FAMSURV43_W50,4,"0.401415,0.282431,0.183781,0.132373"
EDUCATIONxINCOME,"EDUCATIONxINCOME :: Postgraduate | Less than $30,000",FAMSURV43_W50,4,"0.459251,0.222079,0.159958,0.158713"
EDUCATIONxINCOME,EDUCATIONxINCOME :: Postgraduate | Refused,FAMSURV43_W50,4,"0.393413,0.238617,0.173217,0.194753"
EDUCATIONxINCOME,"EDUCATIONxINCOME :: Some college, no degree | $100,000 or more",FAMSURV43_W50,4,"0.410207,0.262788,0.186345,0.140660"
EDUCATIONxINCOME,"EDUCATIONxINCOME :: Some college, no degree | $30,000-$50,000",FAMSURV43_W50,4,"0.349174,0.303367,0.211785,0.135674"
EDUCATIONxINCOME,"EDUCATIONxINCOME :: Some college, no degree | $50,000-$75,000",FAMSURV43_W50,4,"0.339338,0.306566,0.224288,0.129808"
EDUCATIONxINCOME,"EDUCATIONxINCOME :: Some college, no degree | $75,000-$100,000",FAMSURV43_W50,4,"0.358018,0.289932,0.199267,0.152783"
EDUCATIONxINCOME,"EDUCATIONxINCOME :: Some college, no degree | Less than $30,000",FAMSURV43_W50,4,"0.380627,0.255541,0.181206,0.182627"
EDUCATIONxINCOME,"EDUCATIONxINCOME :: Some college, no degree | Refused",FAMSURV43_W50,4,"0.391086,0.229907,0.163029,0.215978"
EDUCATIONxINCOME,"EDUCATIONxINCOME :: Associate's degree | $100,000 or more",FAMSURV8_W50,2,"0.554470,0.445530"
EDUCATIONxINCOME,"EDUCATIONxINCOME :: Associate's degree | $30,000-$50,000",FAMSURV8_W50,2,"0.566019,0.433981"
EDUCATIONxINCOME,"EDUCATIONxINCOME :: Associate's degree | $50,000-$75,000",FAMSURV8_W50,2,"0.554470,0.445530"
EDUCATIONxINCOME,"EDUCATIONxINCOME :: Associate's degree | $75,000-$100,000",FAMSURV8_W50,2,"0.556400,0.443600"
EDUCATIONxINCOME,"EDUCATIONxINCOME :: Associate's degree | Less than $30,000",FAMSURV8_W50,2,"0.546738,0.453262"
EDUCATIONxINCOME,EDUCATIONxINCOME :: Associate's degree | Refused,FAMSURV8_W50,2,"0.515620,0.484380"
EDUCATIONxINCOME,"EDUCATIONxINCOME :: College graduate/some postgrad | $100,000 or more",FAMSURV8_W50,2,"0.588889,0.411111"
EDUCATIONxINCOME,"EDUCATIONxINCOME :: College graduate/some postgrad | $30,000-$50,000",FAMSURV8_W50,2,"0.596433,0.403567"
EDUCATIONxINCOME,"EDUCATIONxINCOME :: College graduate/some postgrad | $50,000-$75,000",FAMSURV8_W50,2,"0.581303,0.418697"
EDUCATIONxINCOME,"EDUCATIONxINCOME :: College graduate/some postgrad | $75,000-$100,000",FAMSURV8_W50,2,"0.590779,0.409221"
EDUCATIONxINCOME,"EDUCATIONxINCOME :: College graduate/some postgrad | Less than $30,000",FAMSURV8_W50,2,"0.569853,0.430147"
EDUCATIONxINCOME,EDUCATIONxINCOME :: College graduate/some postgrad | Refused,FAMSURV8_W50,2,"0.544801,0.455199"
EDUCATIONxINCOME,"EDUCATIONxINCOME :: High school graduate | $100,000 or more",FAMSURV8_W50,2,"0.577495,0.422505"
EDUCATIONxINCOME,"EDUCATIONxINCOME :: High school graduate | $30,000-$50,000",FAMSURV8_W50,2,"0.594551,0.405449"
EDUCATIONxINCOME,"EDUCATIONxINCOME :: High school graduate | $50,000-$75,000",FAMSURV8_W50,2,"0.586996,0.413004"
EDUCATIONxINCOME,"EDUCATIONxINCOME :: High school graduate | $75,000-$100,000",FAMSURV8_W50,2,"0.579400,0.420600"
EDUCATIONxINCOME,"EDUCATIONxINCOME :: High school graduate | Less than $30,000",FAMSURV8_W50,2,"0.564098,0.435902"
EDUCATIONxINCOME,EDUCATIONxINCOME :: High school graduate | Refused,FAMSURV8_W50,2,"0.525369,0.474631"
EDUCATIONxINCOME,"EDUCATIONxINCOME :: Less than high school | $30,000-$50,000",FAMSURV8_W50,2,"0.592667,0.407333"
EDUCATIONxINCOME,"EDUCATIONxINCOME :: Less than high school | Less than $30,000",FAMSURV8_W50,2,"0.571767,0.428233"
EDUCATIONxINCOME,"EDUCATIONxINCOME :: Postgraduate | $100,000 or more",FAMSURV8_W50,2,"0.594551,0.405449"
EDUCATIONxINCOME,"EDUCATIONxINCOME :: Postgraduate | $30,000-$50,000",FAMSURV8_W50,2,"0.588889,0.411111"
EDUCATIONxINCOME,"EDUCATIONxINCOME :: Postgraduate | $50,000-$75,000",FAMSURV8_W50,2,"0.581303,0.418697"
EDUCATIONxINCOME,"EDUCATIONxINCOME :: Postgraduate | $75,000-$100,000",FAMSURV8_W50,2,"0.585101,0.414899"
EDUCATIONxINCOME,"EDUCATIONxINCOME :: Postgraduate | Less than $30,000",FAMSURV8_W50,2,"0.569853,0.430147"
EDUCATIONxINCOME,EDUCATIONxINCOME :: Postgraduate | Refused,FAMSURV8_W50,2,"0.533154,0.466846"
EDUCATIONxINCOME,"EDUCATIONxINCOME :: Some college, no degree | $100,000 or more",FAMSURV8_W50,2,"0.544801,0.455199"
EDUCATIONxINCOME,"EDUCATIONxINCOME :: Some college, no degree | $30,000-$50,000",FAMSURV8_W50,2,"0.562177,0.437824"
EDUCATIONxINCOME,"EDUCATIONxINCOME :: Some college, no degree | $50,000-$75,000",FAMSURV8_W50,2,"0.550607,0.449393"
EDUCATIONxINCOME,"EDUCATIONxINCOME :: Some college, no degree | $75,000-$100,000",FAMSURV8_W50,2,"0.554470,0.445530"
EDUCATIONxINCOME,"EDUCATIONxINCOME :: Some college, no degree | Less than $30,000",FAMSURV8_W50,2,"0.540924,0.459076"
EDUCATIONxINCOME,"EDUCATIONxINCOME :: Some college, no degree | Refused",FAMSURV8_W50,2,"0.523420,0.476580"
EDUCATIONxINCOME,"EDUCATIONxINCOME :: Associate's degree | $100,000 or more",FAMSURV9b_W50,4,"0.568265,0.209053,0.141452,0.081229"
EDUCATIONxINCOME,"EDUCATIONxINCOME :: Associate's degree | $30,000-$50,000",FAMSURV9b_W50,4,"0.479988,0.245154,0.176578,0.098280"
EDUCATIONxINCOME,"EDUCATIONxINCOME :: Associate's degree | $50,000-$75,000",FAMSURV9b_W50,4,"0.471347,0.264401,0.170710,0.093542"
EDUCATIONxINCOME,"EDUCATIONxINCOME :: Associate's degree | $75,000-$100,000",FAMSURV9b_W50,4,"0.481825,0.255895,0.158889,0.103391"
EDUCATIONxINCOME,"EDUCATIONxINCOME :: Associate's degree | Less than $30,000",FAMSURV9b_W50,4,"0.456670,0.229628,0.173332,0.140369"
EDUCATIONxINCOME,EDUCATIONxINCOME :: Associate's degree | Refused,FAMSURV9b_W50,4,"0.395294,0.249309,0.195685,0.159713"
EDUCATIONxINCOME,"EDUCATIONxINCOME :: College graduate/some postgrad | $100,000 or more",FAMSURV9b_W50,4,"0.526195,0.224552,0.159231,0.090021"
EDUCATIONxINCOME,"EDUCATIONxINCOME :: College graduate/some postgrad | $30,000-$50,000",FAMSURV9b_W50,4,"0.471339,0.256262,0.183142,0.089257"
EDUCATIONxINCOME,"EDUCATIONxINCOME :: College graduate/some postgrad | $50,000-$75,000",FAMSURV9b_W50,4,"0.459095,0.276288,0.176997,0.087620"
EDUCATIONxINCOME,"EDUCATIONxINCOME :: College graduate/some postgrad | $75,000-$100,000",FAMSURV9b_W50,4,"0.473755,0.261632,0.167608,0.097004"
EDUCATIONxINCOME,"EDUCATIONxINCOME :: College graduate/some postgrad | Less than $30,000",FAMSURV9b_W50,4,"0.428523,0.240380,0.188676,0.142420"
EDUCATIONxINCOME,EDUCATIONxINCOME :: College graduate/some postgrad | Refused,FAMSURV9b_W50,4,"0.378119,0.261915,0.207192,0.152774"
EDUCATIONxINCOME,"EDUCATIONxINCOME :: High school graduate | $100,000 or more",FAMSURV9b_W50,4,"0.490020,0.244480,0.166721,0.098779"
EDUCATIONxINCOME,"EDUCATIONxINCOME :: High school graduate | $30,000-$50,000",FAMSURV9b_W50,4,"0.455793,0.265862,0.181302,0.097044"
EDUCATIONxINCOME,"EDUCATIONxINCOME :: High school graduate | $50,000-$75,000",FAMSURV9b_W50,4,"0.459110,0.285068,0.171557,0.084266"
EDUCATIONxINCOME,"EDUCATIONxINCOME :: High school graduate | $75,000-$100,000",FAMSURV9b_W50,4,"0.457029,0.279376,0.165525,0.098070"
EDUCATIONxINCOME,"EDUCATIONxINCOME :: High school graduate | Less than $30,000",FAMSURV9b_W50,4,"0.419619,0.256508,0.183318,0.140555"
EDUCATIONxINCOME,EDUCATIONxINCOME :: High school graduate | Refused,FAMSURV9b_W50,4,"0.367020,0.274886,0.202688,0.155406"
EDUCATIONxINCOME,"EDUCATIONxINCOME :: Less than high school | $30,000-$50,000",FAMSURV9b_W50,4,"0.421100,0.263517,0.202046,0.113337"
EDUCATIONxINCOME,"EDUCATIONxINCOME :: Less than high school | Less than $30,000",FAMSURV9b_W50,4,"0.391936,0.251084,0.198624,0.158357"
EDUCATIONxINCOME,"EDUCATIONxINCOME :: Postgraduate | $100,000 or more",FAMSURV9b_W50,4,"0.516201,0.225512,0.157432,0.100855"
EDUCATIONxINCOME,"EDUCATIONxINCOME :: Postgraduate | $30,000-$50,000",FAMSURV9b_W50,4,"0.452198,0.255650,0.185582,0.106571"
EDUCATIONxINCOME,"EDUCATIONxINCOME :: Postgraduate | $50,000-$75,000",FAMSURV9b_W50,4,"0.447098,0.275449,0.179238,0.098214"
EDUCATIONxINCOME,"EDUCATIONxINCOME :: Postgraduate | $75,000-$100,000",FAMSURV9b_W50,4,"0.459219,0.265776,0.167623,0.107383"
EDUCATIONxINCOME,"EDUCATIONxINCOME :: Postgraduate | Less than $30,000",FAMSURV9b_W50,4,"0.423228,0.233729,0.184895,0.158149"
EDUCATIONxINCOME,EDUCATIONxINCOME :: Postgraduate | Refused,FAMSURV9b_W50,4,"0.371255,0.257161,0.200277,0.171306"
EDUCATIONxINCOME,"EDUCATIONxINCOME :: Some college, no degree | $100,000 or more",FAMSURV9b_W50,4,"0.433845,0.263140,0.188058,0.114957"
EDUCATIONxINCOME,"EDUCATIONxINCOME :: Some college, no degree | $30,000-$50,000",FAMSURV9b_W50,4,"0.403638,0.275257,0.204554,0.116551"
EDUCATIONxINCOME,"EDUCATIONxINCOME :: Some college, no degree | $50,000-$75,000",FAMSURV9b_W50,4,"0.393226,0.299151,0.199277,0.108345"
EDUCATIONxINCOME,"EDUCATIONxINCOME :: Some college, no degree | $75,000-$100,000",FAMSURV9b_W50,4,"0.398671,0.289404,0.191284,0.120641"
EDUCATIONxINCOME,"EDUCATIONxINCOME :: Some college, no degree | Less than $30,000",FAMSURV9b_W50,4,"0.374375,0.265472,0.200389,0.159764"
EDUCATIONxINCOME,"EDUCATIONxINCOME :: Some college, no degree | Refused",FAMSURV9b_W50,4,"0.322532,0.255144,0.225164,0.197160"
EDUCATIONxINCOME,"EDUCATIONxINCOME :: Associate's degree | $100,000 or more",FEDSHAREA_W32,3,"0.441125,0.305558,0.253317"
EDUCATIONxINCOME,"EDUCATIONxINCOME :: Associate's degree | $30,000-$50,000",FEDSHAREA_W32,3,"0.382507,0.319596,0.297897"
EDUCATIONxINCOME,"EDUCATIONxINCOME :: Associate's degree | $50,000-$75,000",FEDSHAREA_W32,3,"0.371530,0.343609,0.284862"
EDUCATIONxINCOME,"EDUCATIONxINCOME :: Associate's degree | $75,000-$100,000",FEDSHAREA_W32,3,"0.403034,0.336748,0.260218"
EDUCATIONxINCOME,"EDUCATIONxINCOME :: Associate's degree | Less than $30,000",FEDSHAREA_W32,3,"0.420316,0.345743,0.233941"
EDUCATIONxINCOME,"EDUCATIONxINCOME :: College graduate/some postgrad | $100,000 or more",FEDSHAREA_W32,3,"0.436887,0.312229,0.250883"
EDUCATIONxINCOME,"EDUCATIONxINCOME :: College graduate/some postgrad | $30,000-$50,000",FEDSHAREA_W32,3,"0.403971,0.307325,0.288705"
EDUCATIONxINCOME,"EDUCATIONxINCOME :: College graduate/some postgrad | $50,000-$75,000",FEDSHAREA_W32,3,"0.383979,0.328434,0.287587"
EDUCATIONxINCOME,"EDUCATIONxINCOME :: College graduate/some postgrad | $75,000-$100,000",FEDSHAREA_W32,3,"0.420058,0.317076,0.262866"
EDUCATIONxINCOME,"EDUCATIONxINCOME :: College graduate/some postgrad | Less than $30,000",FEDSHAREA_W32,3,"0.425789,0.331604,0.242607"
EDUCATIONxINCOME,EDUCATIONxINCOME :: College graduate/some postgrad | Refused,FEDSHAREA_W32,3,"0.366746,0.299329,0.333926"
EDUCATIONxINCOME,"EDUCATIONxINCOME :: High school graduate | $100,000 or more",FEDSHAREA_W32,3,"0.417971,0.320469,0.261560"
EDUCATIONxINCOME,"EDUCATIONxINCOME :: High school graduate | $30,000-$50,000",FEDSHAREA_W32,3,"0.395431,0.315265,0.289304"
EDUCATIONxINCOME,"EDUCATIONxINCOME :: High school graduate | $50,000-$75,000",FEDSHAREA_W32,3,"0.385944,0.324997,0.289059"
EDUCATIONxINCOME,"EDUCATIONxINCOME :: High school graduate | $75,000-$100,000",FEDSHAREA_W32,3,"0.412082,0.325983,0.261935"
EDUCATIONxINCOME,"EDUCATIONxINCOME :: High school graduate | Less than $30,000",FEDSHAREA_W32,3,"0.427529,0.338204,0.234267"
EDUCATIONxINCOME,"EDUCATIONxINCOME :: Less than high school | $30,000-$50,000",FEDSHAREA_W32,3,"0.405706,0.311066,0.283228"
EDUCATIONxINCOME,"EDUCATIONxINCOME :: Less than high school | Less than $30,000",FEDSHAREA_W32,3,"0.441776,0.336085,0.222139"
EDUCATIONxINCOME,"EDUCATIONxINCOME :: Postgraduate | $100,000 or more",FEDSHAREA_W32,3,"0.439210,0.323853,0.236936"
EDUCATIONxINCOME,"EDUCATIONxINCOME :: Postgraduate | $30,000-$50,000",FEDSHAREA_W32,3,"0.397213,0.316686,0.286102"
EDUCATIONxINCOME,"EDUCATIONxINCOME :: Postgraduate | $50,000-$75,000",FEDSHAREA_W32,3,"0.384386,0.336580,0.279034"
EDUCATIONxINCOME,"EDUCATIONxINCOME :: Postgraduate | $75,000-$100,000",FEDSHAREA_W32,3,"0.416495,0.326910,0.256595"
EDUCATIONxINCOME,"EDUCATIONxINCOME :: Postgraduate | Less than $30,000",FEDSHAREA_W32,3,"0.455661,0.330775,0.213564"
EDUCATIONxINCOME,EDUCATIONxINCOME :: Postgraduate | Refused,FEDSHAREA_W32,3,"0.364161,0.304268,0.331572"
EDUCATIONxINCOME,"EDUCATIONxINCOME :: Some college, no degree | $100,000 or more",FEDSHAREA_W32,3,"0.398982,0.318097,0.282921"
EDUCATIONxINCOME,"EDUCATIONxINCOME :: Some college, no degree | $30,000-$50,000",FEDSHAREA_W32,3,"0.372491,0.306402,0.321107"
EDUCATIONxINCOME,"EDUCATIONxINCOME :: Some college, no degree | $50,000-$75,000",FEDSHAREA_W32,3,"0.361657,0.321665,0.316678"
EDUCATIONxINCOME,"EDUCATIONxINCOME :: Some college, no degree | $75,000-$100,000",FEDSHAREA_W32,3,"0.388058,0.316724,0.295219"
EDUCATIONxINCOME,"EDUCATIONxINCOME :: Some college, no degree | Less than $30,000",FEDSHAREA_W32,3,"0.403487,0.331899,0.264613"
EDUCATIONxINCOME,"EDUCATIONxINCOME :: Some college, no degree | Refused",FEDSHAREA_W32,3,"0.385165,0.293018,0.321817"
EDUCATIONxINCOME,"EDUCATIONxINCOME :: Associate's degree | $100,000 or more",FEDSHAREC_W32,3,"0.220406,0.448725,0.330869"
EDUCATIONxINCOME,"EDUCATIONxINCOME :: Associate's degree | $30,000-$50,000",FEDSHAREC_W32,3,"0.180782,0.465264,0.353954"
EDUCATIONxINCOME,"EDUCATIONxINCOME :: Associate's degree | $50,000-$75,000",FEDSHAREC_W32,3,"0.175875,0.474357,0.349769"
EDUCATIONxINCOME,"EDUCATIONxINCOME :: Associate's degree | $75,000-$100,000",FEDSHAREC_W32,3,"0.176732,0.495658,0.327610"
EDUCATIONxINCOME,"EDUCATIONxINCOME :: Associate's degree | Less than $30,000",FEDSHAREC_W32,3,"0.171642,0.549755,0.278603"
EDUCATIONxINCOME,"EDUCATIONxINCOME :: College graduate/some postgrad | $100,000 or more",FEDSHAREC_W32,3,"0.206451,0.476279,0.317270"
EDUCATIONxINCOME,"EDUCATIONxINCOME :: College graduate/some postgrad | $30,000-$50,000",FEDSHAREC_W32,3,"0.196314,0.456443,0.347243"
EDUCATIONxINCOME,"EDUCATIONxINCOME :: College graduate/some postgrad | $50,000-$75,000",FEDSHAREC_W32,3,"0.187662,0.464468,0.347870"
EDUCATIONxINCOME,"EDUCATIONxINCOME :: College graduate/some postgrad | $75,000-$100,000",FEDSHAREC_W32,3,"0.193196,0.478166,0.328638"
EDUCATIONxINCOME,"EDUCATIONxINCOME :: College graduate/some postgrad | Less than $30,000",FEDSHAREC_W32,3,"0.189338,0.535177,0.275485"
EDUCATIONxINCOME,EDUCATIONxINCOME :: College graduate/some postgrad | Refused,FEDSHAREC_W32,3,"0.206607,0.398246,0.395147"
EDUCATIONxINCOME,"EDUCATIONxINCOME :: High school graduate | $100,000 or more",FEDSHAREC_W32,3,"0.211096,0.472011,0.316893"
EDUCATIONxINCOME,"EDUCATIONxINCOME :: High school graduate | $30,000-$50,000",FEDSHAREC_W32,3,"0.194135,0.473040,0.332825"
EDUCATIONxINCOME,"EDUCATIONxINCOME :: High school graduate | $50,000-$75,000",FEDSHAREC_W32,3,"0.186796,0.458727,0.354477"
EDUCATIONxINCOME,"EDUCATIONxINCOME :: High school graduate | $75,000-$100,000",FEDSHAREC_W32,3,"0.194919,0.486214,0.318867"
EDUCATIONxINCOME,"EDUCATIONxINCOME :: High school graduate | Less than $30,000",FEDSHAREC_W32,3,"0.187322,0.550569,0.262110"
EDUCATIONxINCOME,"EDUCATIONxINCOME :: Less than high school | $30,000-$50,000",FEDSHAREC_W32,3,"0.198619,0.476462,0.324919"
EDUCATIONxINCOME,"EDUCATIONxINCOME :: Less than high school | Less than $30,000",FEDSHAREC_W32,3,"0.181245,0.580513,0.238242"
EDUCATIONxINCOME,"EDUCATIONxINCOME :: Postgraduate | $100,000 or more",FEDSHAREC_W32,3,"0.202507,0.505140,0.292353"
EDUCATIONxINCOME,"EDUCATIONxINCOME :: Postgraduate | $30,000-$50,000",FEDSHAREC_W32,3,"0.196372,0.474767,0.328861"
EDUCATIONxINCOME,"EDUCATIONxINCOME :: Postgraduate | $50,000-$75,000",FEDSHAREC_W32,3,"0.192916,0.473756,0.333329"
EDUCATIONxINCOME,"EDUCATIONxINCOME :: Postgraduate | $75,000-$100,000",FEDSHAREC_W32,3,"0.190278,0.493545,0.316177"
EDUCATIONxINCOME,"EDUCATIONxINCOME :: Postgraduate | Less than $30,000",FEDSHAREC_W32,3,"0.194132,0.566146,0.239721"
EDUCATIONxINCOME,EDUCATIONxINCOME :: Postgraduate | Refused,FEDSHAREC_W32,3,"0.216358,0.397943,0.385699"
EDUCATIONxINCOME,"EDUCATIONxINCOME :: Some college, no degree | $100,000 or more",FEDSHAREC_W32,3,"0.229745,0.435979,0.334277"
EDUCATIONxINCOME,"EDUCATIONxINCOME :: Some college, no degree | $30,000-$50,000",FEDSHAREC_W32,3,"0.212522,0.425966,0.361512"
EDUCATIONxINCOME,"EDUCATIONxINCOME :: Some college, no degree | $50,000-$75,000",FEDSHAREC_W32,3,"0.208033,0.426857,0.365110"
EDUCATIONxINCOME,"EDUCATIONxINCOME :: Some college, no degree | $75,000-$100,000",FEDSHAREC_W32,3,"0.209415,0.439881,0.350704"
EDUCATIONxINCOME,"EDUCATIONxINCOME :: Some college, no degree | Less than $30,000",FEDSHAREC_W32,3,"0.190193,0.501093,0.308714"
EDUCATIONxINCOME,"EDUCATIONxINCOME :: Some college, no degree | Refused",FEDSHAREC_W32,3,"0.203405,0.392074,0.404520"
EDUCATIONxINCOME,"EDUCATIONxINCOME :: Associate's degree | $100,000 or more",FIN_SIT_W54,4,"0.802157,0.072884,0.086552,0.038407"
EDUCATIONxINCOME,"EDUCATIONxINCOME :: Associate's degree | $30,000-$50,000",FIN_SIT_W54,4,"0.415182,0.263906,0.236563,0.084349"
EDUCATIONxINCOME,"EDUCATIONxINCOME :: Associate's degree | $50,000-$75,000",FIN_SIT_W54,4,"0.439754,0.244760,0.221122,0.094363"
EDUCATIONxINCOME,"EDUCATIONxINCOME :: Associate's degree | $75,000-$100,000",FIN_SIT_W54,4,"0.520069,0.188357,0.182562,0.109012"
EDUCATIONxINCOME,"EDUCATIONxINCOME :: Associate's degree | Less than $30,000",FIN_SIT_W54,4,"0.173069,0.128614,0.259808,0.438509"
EDUCATIONxINCOME,EDUCATIONxINCOME :: Associate's degree | Refused,FIN_SIT_W54,4,"0.336474,0.191717,0.229455,0.242353"
EDUCATIONxINCOME,"EDUCATIONxINCOME :: College graduate/some postgrad | $100,000 or more",FIN_SIT_W54,4,"0.781334,0.081075,0.095530,0.042061"
EDUCATIONxINCOME,"EDUCATIONxINCOME :: College graduate/some postgrad | $30,000-$50,000",FIN_SIT_W54,4,"0.427522,0.263388,0.232440,0.076650"
EDUCATIONxINCOME,"EDUCATIONxINCOME :: College graduate/some postgrad | $50,000-$75,000",FIN_SIT_W54,4,"0.455167,0.243633,0.215006,0.086194"
EDUCATIONxINCOME,"EDUCATIONxINCOME :: College graduate/some postgrad | $75,000-$100,000",FIN_SIT_W54,4,"0.545599,0.177130,0.177130,0.100140"
EDUCATIONxINCOME,"EDUCATIONxINCOME :: College graduate/some postgrad | Less than $30,000",FIN_SIT_W54,4,"0.167643,0.113433,0.259650,0.459274"
EDUCATIONxINCOME,EDUCATIONxINCOME :: College graduate/some postgrad | Refused,FIN_SIT_W54,4,"0.347809,0.190584,0.233508,0.228099"
EDUCATIONxINCOME,"EDUCATIONxINCOME :: High school graduate | $100,000 or more",FIN_SIT_W54,4,"0.742056,0.098869,0.103614,0.055461"
EDUCATIONxINCOME,"EDUCATIONxINCOME :: High school graduate | $30,000-$50,000",FIN_SIT_W54,4,"0.361718,0.302227,0.240956,0.095100"
EDUCATIONxINCOME,"EDUCATIONxINCOME :: High school graduate | $50,000-$75,000",FIN_SIT_W54,4,"0.421352,0.265743,0.227302,0.085603"
EDUCATIONxINCOME,"EDUCATIONxINCOME :: High school graduate | $75,000-$100,000",FIN_SIT_W54,4,"0.498212,0.212611,0.176261,0.112917"
EDUCATIONxINCOME,"EDUCATIONxINCOME :: High school graduate | Less than $30,000",FIN_SIT_W54,4,"0.142914,0.113054,0.256769,0.487263"
EDUCATIONxINCOME,EDUCATIONxINCOME :: High school graduate | Refused,FIN_SIT_W54,4,"0.328441,0.205533,0.225734,0.240292"
EDUCATIONxINCOME,"EDUCATIONxINCOME :: Less than high school | $30,000-$50,000",FIN_SIT_W54,4,"0.340209,0.269128,0.271238,0.119425"
EDUCATIONxINCOME,"EDUCATIONxINCOME :: Less than high school | Less than $30,000",FIN_SIT_W54,4,"0.130009,0.101251,0.254545,0.514195"
EDUCATIONxINCOME,"EDUCATIONxINCOME :: Postgraduate | $100,000 or more",FIN_SIT_W54,4,"0.793525,0.074388,0.086969,0.045119"
EDUCATIONxINCOME,"EDUCATIONxINCOME :: Postgraduate | $30,000-$50,000",FIN_SIT_W54,4,"0.418270,0.253693,0.230990,0.097046"
EDUCATIONxINCOME,"EDUCATIONxINCOME :: Postgraduate | $50,000-$75,000",FIN_SIT_W54,4,"0.452034,0.232687,0.215201,0.100078"
EDUCATIONxINCOME,"EDUCATIONxINCOME :: Postgraduate | $75,000-$100,000",FIN_SIT_W54,4,"0.515786,0.185352,0.178251,0.120611"
EDUCATIONxINCOME,"EDUCATIONxINCOME :: Postgraduate | Less than $30,000",FIN_SIT_W54,4,"0.158210,0.106217,0.224862,0.510710"
EDUCATIONxINCOME,EDUCATIONxINCOME :: Postgraduate | Refused,FIN_SIT_W54,4,"0.325196,0.179590,0.223503,0.271711"
EDUCATIONxINCOME,"EDUCATIONxINCOME :: Some college, no degree | $100,000 or more",FIN_SIT_W54,4,"0.585362,0.150334,0.171686,0.092618"
EDUCATIONxINCOME,"EDUCATIONxINCOME :: Some college, no degree | $30,000-$50,000",FIN_SIT_W54,4,"0.332487,0.282178,0.263019,0.122315"
EDUCATIONxINCOME,"EDUCATIONxINCOME :: Some college, no degree | $50,000-$75,000",FIN_SIT_W54,4,"0.347781,0.279450,0.254442,0.118327"
EDUCATIONxINCOME,"EDUCATIONxINCOME :: Some college, no degree | $75,000-$100,000",FIN_SIT_W54,4,"0.391345,0.231864,0.224731,0.152060"
EDUCATIONxINCOME,"EDUCATIONxINCOME :: Some college, no degree | Less than $30,000",FIN_SIT_W54,4,"0.165534,0.128918,0.248495,0.457053"
EDUCATIONxINCOME,"EDUCATIONxINCOME :: Some college, no degree | Refused",FIN_SIT_W54,4,"0.248193,0.141416,0.225982,0.384409"
EDUCATIONxINCOME,"EDUCATIONxINCOME :: Associate's degree | $100,000 or more",FTRWORRYd_W41,4,"0.489121,0.234683,0.156332,0.119864"
EDUCATIONxINCOME,"EDUCATIONxINCOME :: Associate's degree | $30,000-$50,000",FTRWORRYd_W41,4,"0.381504,0.290233,0.199474,0.128790"
EDUCATIONxINCOME,"EDUCATIONxINCOME :: Associate's degree | $50,000-$75,000",FTRWORRYd_W41,4,"0.363312,0.305939,0.202214,0.128535"
EDUCATIONxINCOME,"EDUCATIONxINCOME :: Associate's degree | Less than $30,000",FTRWORRYd_W41,4,"0.421761,0.270190,0.158836,0.149213"
EDUCATIONxINCOME,"EDUCATIONxINCOME :: College graduate/some postgrad | $100,000 or more",FTRWORRYd_W41,4,"0.436965,0.271318,0.168465,0.123252"
EDUCATIONxINCOME,"EDUCATIONxINCOME :: College graduate/some postgrad | $30,000-$50,000",FTRWORRYd_W41,4,"0.360425,0.298803,0.210234,0.130537"
EDUCATIONxINCOME,"EDUCATIONxINCOME :: College graduate/some postgrad | $50,000-$75,000",FTRWORRYd_W41,4,"0.340775,0.317637,0.213251,0.128337"
EDUCATIONxINCOME,"EDUCATIONxINCOME :: College graduate/some postgrad | $75,000-$100,000",FTRWORRYd_W41,4,"0.367848,0.312188,0.190837,0.129127"
EDUCATIONxINCOME,"EDUCATIONxINCOME :: College graduate/some postgrad | Less than $30,000",FTRWORRYd_W41,4,"0.390157,0.283224,0.166499,0.160120"
EDUCATIONxINCOME,"EDUCATIONxINCOME :: High school graduate | $100,000 or more",FTRWORRYd_W41,4,"0.413636,0.282075,0.175145,0.129144"
EDUCATIONxINCOME,"EDUCATIONxINCOME :: High school graduate | $30,000-$50,000",FTRWORRYd_W41,4,"0.350312,0.316480,0.204335,0.128873"
EDUCATIONxINCOME,"EDUCATIONxINCOME :: High school graduate | $50,000-$75,000",FTRWORRYd_W41,4,"0.338739,0.320712,0.211978,0.128571"
EDUCATIONxINCOME,"EDUCATIONxINCOME :: High school graduate | $75,000-$100,000",FTRWORRYd_W41,4,"0.353094,0.324017,0.191974,0.130915"
EDUCATIONxINCOME,"EDUCATIONxINCOME :: High school graduate | Less than $30,000",FTRWORRYd_W41,4,"0.388728,0.293427,0.157060,0.160785"
EDUCATIONxINCOME,EDUCATIONxINCOME :: High school graduate | Refused,FTRWORRYd_W41,4,"0.310051,0.273619,0.206539,0.209791"
EDUCATIONxINCOME,"EDUCATIONxINCOME :: Less than high school | Less than $30,000",FTRWORRYd_W41,4,"0.377789,0.282951,0.171618,0.167643"
EDUCATIONxINCOME,"EDUCATIONxINCOME :: Postgraduate | $100,000 or more",FTRWORRYd_W41,4,"0.452141,0.265800,0.157481,0.124578"
EDUCATIONxINCOME,"EDUCATIONxINCOME :: Postgraduate | $30,000-$50,000",FTRWORRYd_W41,4,"0.357772,0.303637,0.203852,0.134738"
EDUCATIONxINCOME,"EDUCATIONxINCOME :: Postgraduate | $50,000-$75,000",FTRWORRYd_W41,4,"0.346851,0.313353,0.207114,0.132682"
EDUCATIONxINCOME,"EDUCATIONxINCOME :: Postgraduate | $75,000-$100,000",FTRWORRYd_W41,4,"0.370011,0.306750,0.186053,0.137187"
EDUCATIONxINCOME,"EDUCATIONxINCOME :: Some college, no degree | $100,000 or more",FTRWORRYd_W41,4,"0.383255,0.276048,0.188249,0.152448"
EDUCATIONxINCOME,"EDUCATIONxINCOME :: Some college, no degree | $30,000-$50,000",FTRWORRYd_W41,4,"0.316149,0.301671,0.220707,0.161473"
EDUCATIONxINCOME,"EDUCATIONxINCOME :: Some college, no degree | $50,000-$75,000",FTRWORRYd_W41,4,"0.304927,0.309729,0.228380,0.156963"
EDUCATIONxINCOME,"EDUCATIONxINCOME :: Some college, no degree | $75,000-$100,000",FTRWORRYd_W41,4,"0.321481,0.306759,0.207564,0.164196"
EDUCATIONxINCOME,"EDUCATIONxINCOME :: Some college, no degree | Less than $30,000",FTRWORRYd_W41,4,"0.349000,0.282629,0.174123,0.194248"
EDUCATIONxINCOME,"EDUCATIONxINCOME :: Associate's degree | $100,000 or more",FUTRCLASSb_W41,3,"0.483570,0.223131,0.293300"
EDUCATIONxINCOME,"EDUCATIONxINCOME :: Associate's degree | $30,000-$50,000",FUTRCLASSb_W41,3,"0.420888,0.251324,0.327788"
EDUCATIONxINCOME,"EDUCATIONxINCOME :: Associate's degree | $50,000-$75,000",FUTRCLASSb_W41,3,"0.416427,0.266773,0.316801"
EDUCATIONxINCOME,"EDUCATIONxINCOME :: Associate's degree | Less than $30,000",FUTRCLASSb_W41,3,"0.396193,0.270180,0.333628"
EDUCATIONxINCOME,"EDUCATIONxINCOME :: College graduate/some postgrad | $100,000 or more",FUTRCLASSb_W41,3,"0.458227,0.226839,0.314934"
EDUCATIONxINCOME,"EDUCATIONxINCOME :: College graduate/some postgrad | $30,000-$50,000",FUTRCLASSb_W41,3,"0.440022,0.235527,0.324452"
EDUCATIONxINCOME,"EDUCATIONxINCOME :: College graduate/some postgrad | $50,000-$75,000",FUTRCLASSb_W41,3,"0.430066,0.252823,0.317111"
EDUCATIONxINCOME,"EDUCATIONxINCOME :: College graduate/some postgrad | $75,000-$100,000",FUTRCLASSb_W41,3,"0.442444,0.246257,0.311298"
EDUCATIONxINCOME,"EDUCATIONxINCOME :: College graduate/some postgrad | Less than $30,000",FUTRCLASSb_W41,3,"0.399514,0.264062,0.336424"
EDUCATIONxINCOME,"EDUCATIONxINCOME :: High school graduate | $100,000 or more",FUTRCLASSb_W41,3,"0.442212,0.244213,0.313575"
EDUCATIONxINCOME,"EDUCATIONxINCOME :: High school graduate | $30,000-$50,000",FUTRCLASSb_W41,3,"0.417907,0.251501,0.330592"
EDUCATIONxINCOME,"EDUCATIONxINCOME :: High school graduate | $50,000-$75,000",FUTRCLASSb_W41,3,"0.428152,0.253672,0.318176"
EDUCATIONxINCOME,"EDUCATIONxINCOME :: High school graduate | $75,000-$100,000",FUTRCLASSb_W41,3,"0.428733,0.260040,0.311227"
EDUCATIONxINCOME,"EDUCATIONxINCOME :: High school graduate | Less than $30,000",FUTRCLASSb_W41,3,"0.388742,0.273514,0.337745"
EDUCATIONxINCOME,EDUCATIONxINCOME :: High school graduate | Refused,FUTRCLASSb_W41,3,"0.390439,0.254063,0.355498"
EDUCATIONxINCOME,"EDUCATIONxINCOME :: Less than high school | Less than $30,000",FUTRCLASSb_W41,3,"0.389407,0.282679,0.327914"
EDUCATIONxINCOME,"EDUCATIONxINCOME :: Postgraduate | $100,000 or more",FUTRCLASSb_W41,3,"0.446302,0.244553,0.309144"
EDUCATIONxINCOME,"EDUCATIONxINCOME :: Postgraduate | $30,000-$50,000",FUTRCLASSb_W41,3,"0.415658,0.258088,0.326254"
EDUCATIONxINCOME,"EDUCATIONxINCOME :: Postgraduate | $50,000-$75,000",FUTRCLASSb_W41,3,"0.413942,0.273599,0.312460"
EDUCATIONxINCOME,"EDUCATIONxINCOME :: Postgraduate | $75,000-$100,000",FUTRCLASSb_W41,3,"0.429046,0.264328,0.306626"
EDUCATIONxINCOME,"EDUCATIONxINCOME :: Some college, no degree | $100,000 or more",FUTRCLASSb_W41,3,"0.428152,0.253672,0.318176"
EDUCATIONxINCOME,"EDUCATIONxINCOME :: Some college, no degree | $30,000-$50,000",FUTRCLASSb_W41,3,"0.403596,0.256541,0.339862"
EDUCATIONxINCOME,"EDUCATIONxINCOME :: Some college, no degree | $50,000-$75,000",FUTRCLASSb_W41,3,"0.401154,0.271434,0.327412"
EDUCATIONxINCOME,"EDUCATIONxINCOME :: Some college, no degree | $75,000-$100,000",FUTRCLASSb_W41,3,"0.418156,0.263728,0.318116"
EDUCATIONxINCOME,"EDUCATIONxINCOME :: Some college, no degree | Less than $30,000",FUTRCLASSb_W41,3,"0.381529,0.279132,0.339339"
EDUCATIONxINCOME,"EDUCATIONxINCOME :: Associate's degree | $100,000 or more",FUTR_ABR_W41,4,"0.340750,0.351567,0.170007,0.137676"
EDUCATIONxINCOME,"EDUCATIONxINCOME :: Associate's degree | $30,000-$50,000",FUTR_ABR_W41,4,"0.268858,0.376200,0.202944,0.151998"
EDUCATIONxINCOME,"EDUCATIONxINCOME :: Associate's degree | $50,000-$75,000",FUTR_ABR_W41,4,"0.253013,0.394947,0.203301,0.148739"
EDUCATIONxINCOME,"EDUCATIONxINCOME :: Associate's degree | Less than $30,000",FUTR_ABR_W41,4,"0.258562,0.350663,0.204540,0.186235"
EDUCATIONxINCOME,"EDUCATIONxINCOME :: College graduate/some postgrad | $100,000 or more",FUTR_ABR_W41,4,"0.298206,0.351373,0.189551,0.160870"
EDUCATIONxINCOME,"EDUCATIONxINCOME :: College graduate/some postgrad | $30,000-$50,000",FUTR_ABR_W41,4,"0.266271,0.366804,0.204157,0.162768"
EDUCATIONxINCOME,"EDUCATIONxINCOME :: College graduate/some postgrad | $50,000-$75,000",FUTR_ABR_W41,4,"0.247791,0.386797,0.205426,0.159986"
EDUCATIONxINCOME,"EDUCATIONxINCOME :: College graduate/some postgrad | $75,000-$100,000",FUTR_ABR_W41,4,"0.256414,0.373081,0.199696,0.170809"
EDUCATIONxINCOME,"EDUCATIONxINCOME :: College graduate/some postgrad | Less than $30,000",FUTR_ABR_W41,4,"0.252387,0.336981,0.212531,0.198101"
EDUCATIONxINCOME,"EDUCATIONxINCOME :: High school graduate | $100,000 or more",FUTR_ABR_W41,4,"0.293091,0.356308,0.193721,0.156880"
EDUCATIONxINCOME,"EDUCATIONxINCOME :: High school graduate | $30,000-$50,000",FUTR_ABR_W41,4,"0.258124,0.381483,0.202604,0.157788"
EDUCATIONxINCOME,"EDUCATIONxINCOME :: High school graduate | $50,000-$75,000",FUTR_ABR_W41,4,"0.255780,0.399267,0.194587,0.150365"
EDUCATIONxINCOME,"EDUCATIONxINCOME :: High school graduate | $75,000-$100,000",FUTR_ABR_W41,4,"0.255858,0.387101,0.193132,0.163909"
EDUCATIONxINCOME,"EDUCATIONxINCOME :: High school graduate | Less than $30,000",FUTR_ABR_W41,4,"0.252813,0.359320,0.199992,0.187875"
EDUCATIONxINCOME,EDUCATIONxINCOME :: High school graduate | Refused,FUTR_ABR_W41,4,"0.266859,0.342653,0.193719,0.196769"
EDUCATIONxINCOME,"EDUCATIONxINCOME :: Less than high school | Less than $30,000",FUTR_ABR_W41,4,"0.252914,0.340333,0.211317,0.195437"
EDUCATIONxINCOME,"EDUCATIONxINCOME :: Postgraduate | $100,000 or more",FUTR_ABR_W41,4,"0.300245,0.342890,0.192344,0.164521"
EDUCATIONxINCOME,"EDUCATIONxINCOME :: Postgraduate | $30,000-$50,000",FUTR_ABR_W41,4,"0.260843,0.356530,0.212894,0.169734"
EDUCATIONxINCOME,"EDUCATIONxINCOME :: Postgraduate | $50,000-$75,000",FUTR_ABR_W41,4,"0.252153,0.378527,0.209042,0.160278"
EDUCATIONxINCOME,"EDUCATIONxINCOME :: Postgraduate | $75,000-$100,000",FUTR_ABR_W41,4,"0.259800,0.366377,0.200758,0.173064"
EDUCATIONxINCOME,"EDUCATIONxINCOME :: Some college, no degree | $100,000 or more",FUTR_ABR_W41,4,"0.295800,0.327421,0.200148,0.176630"
EDUCATIONxINCOME,"EDUCATIONxINCOME :: Some college, no degree | $30,000-$50,000",FUTR_ABR_W41,4,"0.263652,0.338536,0.215186,0.182626"
EDUCATIONxINCOME,"EDUCATIONxINCOME :: Some college, no degree | $50,000-$75,000",FUTR_ABR_W41,4,"0.254230,0.361333,0.212417,0.172020"
EDUCATIONxINCOME,"EDUCATIONxINCOME :: Some college, no degree | $75,000-$100,000",FUTR_ABR_W41,4,"0.261189,0.348733,0.203414,0.186663"
EDUCATIONxINCOME,"EDUCATIONxINCOME :: Some college, no degree | Less than $30,000",FUTR_ABR_W41,4,"0.256402,0.326664,0.206024,0.210910"
EDUCATIONxINCOME,"EDUCATIONxINCOME :: Associate's degree | $100,000 or more",FUTURE_W42,3,"0.884566,0.055238,0.060195"
EDUCATIONxINCOME,"EDUCATIONxINCOME :: Associate's degree | $30,000-$50,000",FUTURE_W42,3,"0.819200,0.079854,0.100945"
EDUCATIONxINCOME,"EDUCATIONxINCOME :: Associate's degree | $50,000-$75,000",FUTURE_W42,3,"0.827902,0.077007,0.095091"
EDUCATIONxINCOME,"EDUCATIONxINCOME :: Associate's degree | $75,000-$100,000",FUTURE_W42,3,"0.851308,0.068261,0.080431"
EDUCATIONxINCOME,"EDUCATIONxINCOME :: Associate's degree | Less than $30,000",FUTURE_W42,3,"0.790715,0.088025,0.121260"
EDUCATIONxINCOME,"EDUCATIONxINCOME :: College graduate/some postgrad | $100,000 or more",FUTURE_W42,3,"0.878454,0.054857,0.066689"
EDUCATIONxINCOME,"EDUCATIONxINCOME :: College graduate/some postgrad | $30,000-$50,000",FUTURE_W42,3,"0.835764,0.074760,0.089476"
EDUCATIONxINCOME,"EDUCATIONxINCOME :: College graduate/some postgrad | $50,000-$75,000",FUTURE_W42,3,"0.844183,0.068220,0.087597"
EDUCATIONxINCOME,"EDUCATIONxINCOME :: College graduate/some postgrad | $75,000-$100,000",FUTURE_W42,3,"0.861499,0.061439,0.077062"
EDUCATIONxINCOME,"EDUCATIONxINCOME :: College graduate/some postgrad | Less than $30,000",FUTURE_W42,3,"0.782999,0.087166,0.129834"
EDUCATIONxINCOME,"EDUCATIONxINCOME :: High school graduate | $100,000 or more",FUTURE_W42,3,"0.835462,0.068579,0.095959"
EDUCATIONxINCOME,"EDUCATIONxINCOME :: High school graduate | $30,000-$50,000",FUTURE_W42,3,"0.816453,0.074765,0.108782"
EDUCATIONxINCOME,"EDUCATIONxINCOME :: High school graduate | $50,000-$75,000",FUTURE_W42,3,"0.840201,0.068431,0.091368"
EDUCATIONxINCOME,"EDUCATIONxINCOME :: High school graduate | $75,000-$100,000",FUTURE_W42,3,"0.840047,0.067886,0.092067"
EDUCATIONxINCOME,"EDUCATIONxINCOME :: High school graduate | Less than $30,000",FUTURE_W42,3,"0.775735,0.088406,0.135860"
EDUCATIONxINCOME,EDUCATIONxINCOME :: High school graduate | Refused,FUTURE_W42,3,"0.650557,0.128102,0.221341"
EDUCATIONxINCOME,"EDUCATIONxINCOME :: Less than high school | $30,000-$50,000",FUTURE_W42,3,"0.770259,0.092716,0.137025"
EDUCATIONxINCOME,"EDUCATIONxINCOME :: Less than high school | Less than $30,000",FUTURE_W42,3,"0.746218,0.100990,0.152792"
EDUCATIONxINCOME,"EDUCATIONxINCOME :: Postgraduate | $100,000 or more",FUTURE_W42,3,"0.858450,0.061702,0.079848"
EDUCATIONxINCOME,"EDUCATIONxINCOME :: Postgraduate | $30,000-$50,000",FUTURE_W42,3,"0.786596,0.088946,0.124458"
EDUCATIONxINCOME,"EDUCATIONxINCOME :: Postgraduate | $50,000-$75,000",FUTURE_W42,3,"0.795678,0.087889,0.116433"
EDUCATIONxINCOME,"EDUCATIONxINCOME :: Postgraduate | $75,000-$100,000",FUTURE_W42,3,"0.827512,0.075188,0.097300"
EDUCATIONxINCOME,"EDUCATIONxINCOME :: Postgraduate | Less than $30,000",FUTURE_W42,3,"0.760254,0.101294,0.138452"
EDUCATIONxINCOME,"EDUCATIONxINCOME :: Some college, no degree | $100,000 or more",FUTURE_W42,3,"0.771453,0.099624,0.128923"
EDUCATIONxINCOME,"EDUCATIONxINCOME :: Some college, no degree | $30,000-$50,000",FUTURE_W42,3,"0.735858,0.111098,0.153044"
EDUCATIONxINCOME,"EDUCATIONxINCOME :: Some college, no degree | $50,000-$75,000",FUTURE_W42,3,"0.737831,0.112270,0.149899"
EDUCATIONxINCOME,"EDUCATIONxINCOME :: Some college, no degree | $75,000-$100,000",FUTURE_W42,3,"0.769102,0.099320,0.131578"
EDUCATIONxINCOME,"EDUCATIONxINCOME :: Some college, no degree | Less than $30,000",FUTURE_W42,3,"0.721510,0.112390,0.166101"
EDUCATIONxINCOME,"EDUCATIONxINCOME :: Some college, no degree | Refused",FUTURE_W42,3,"0.598349,0.156089,0.245562"
EDUCATIONxINCOME,"EDUCATIONxINCOME :: Associate's degree | $30,000-$50,000",GAP21Q13_b_W82,4,"0.522032,0.214241,0.147246,0.116481"
EDUCATIONxINCOME,"EDUCATIONxINCOME :: Associate's degree | $50,000-$75,000",GAP21Q13_b_W82,4,"0.491905,0.239735,0.155999,0.112362"
EDUCATIONxINCOME,"EDUCATIONxINCOME :: Associate's degree | $75,000-$100,000",GAP21Q13_b_W82,4,"0.580485,0.202184,0.110788,0.106543"
EDUCATIONxINCOME,"EDUCATIONxINCOME :: Associate's degree | Less than $30,000",GAP21Q13_b_W82,4,"0.609608,0.176025,0.107602,0.106765"
EDUCATIONxINCOME,"EDUCATIONxINCOME :: College graduate/some postgrad | $100,000 or more",GAP21Q13_b_W82,4,"0.628516,0.175902,0.105036,0.090546"
EDUCATIONxINCOME,"EDUCATIONxINCOME :: College graduate/some postgrad | $30,000-$50,000",GAP21Q13_b_W82,4,"0.516915,0.224066,0.148099,0.110921"
EDUCATIONxINCOME,"EDUCATIONxINCOME :: College graduate/some postgrad | $50,000-$75,000",GAP21Q13_b_W82,4,"0.482096,0.250108,0.160225,0.107570"
EDUCATIONxINCOME,"EDUCATIONxINCOME :: College graduate/some postgrad | $75,000-$100,000",GAP21Q13_b_W82,4,"0.581008,0.208790,0.110024,0.100178"
EDUCATIONxINCOME,"EDUCATIONxINCOME :: College graduate/some postgrad | Less than $30,000",GAP21Q13_b_W82,4,"0.593069,0.186617,0.112308,0.108006"
EDUCATIONxINCOME,"EDUCATIONxINCOME :: High school graduate | $100,000 or more",GAP21Q13_b_W82,4,"0.578444,0.198349,0.120305,0.102902"
EDUCATIONxINCOME,"EDUCATIONxINCOME :: High school graduate | $30,000-$50,000",GAP21Q13_b_W82,4,"0.500925,0.234779,0.148073,0.116224"
EDUCATIONxINCOME,"EDUCATIONxINCOME :: High school graduate | $50,000-$75,000",GAP21Q13_b_W82,4,"0.477253,0.253467,0.161114,0.108166"
EDUCATIONxINCOME,"EDUCATIONxINCOME :: High school graduate | $75,000-$100,000",GAP21Q13_b_W82,4,"0.546884,0.231565,0.115532,0.106018"
EDUCATIONxINCOME,"EDUCATIONxINCOME :: High school graduate | Less than $30,000",GAP21Q13_b_W82,4,"0.588427,0.195565,0.108848,0.107161"
EDUCATIONxINCOME,EDUCATIONxINCOME :: High school graduate | Refused,GAP21Q13_b_W82,4,"0.469805,0.220193,0.150159,0.159843"
EDUCATIONxINCOME,"EDUCATIONxINCOME :: Less than high school | $30,000-$50,000",GAP21Q13_b_W82,4,"0.487603,0.233954,0.157069,0.121374"
EDUCATIONxINCOME,"EDUCATIONxINCOME :: Less than high school | Less than $30,000",GAP21Q13_b_W82,4,"0.587264,0.193659,0.112960,0.106116"
EDUCATIONxINCOME,"EDUCATIONxINCOME :: Postgraduate | $100,000 or more",GAP21Q13_b_W82,4,"0.644495,0.169445,0.098837,0.087223"
EDUCATIONxINCOME,"EDUCATIONxINCOME :: Postgraduate | $30,000-$50,000",GAP21Q13_b_W82,4,"0.518355,0.222942,0.143942,0.114761"
EDUCATIONxINCOME,"EDUCATIONxINCOME :: Postgraduate | $50,000-$75,000",GAP21Q13_b_W82,4,"0.483892,0.251040,0.157097,0.107971"
EDUCATIONxINCOME,"EDUCATIONxINCOME :: Postgraduate | $75,000-$100,000",GAP21Q13_b_W82,4,"0.570583,0.213211,0.111480,0.104726"
EDUCATIONxINCOME,"EDUCATIONxINCOME :: Some college, no degree | $100,000 or more",GAP21Q13_b_W82,4,"0.530789,0.214458,0.136318,0.118435"
EDUCATIONxINCOME,"EDUCATIONxINCOME :: Some college, no degree | $30,000-$50,000",GAP21Q13_b_W82,4,"0.453136,0.240659,0.168007,0.138199"
EDUCATIONxINCOME,"EDUCATIONxINCOME :: Some college, no degree | $50,000-$75,000",GAP21Q13_b_W82,4,"0.421752,0.263926,0.185695,0.128627"
EDUCATIONxINCOME,"EDUCATIONxINCOME :: Some college, no degree | $75,000-$100,000",GAP21Q13_b_W82,4,"0.494950,0.237480,0.137443,0.130128"
EDUCATIONxINCOME,"EDUCATIONxINCOME :: Some college, no degree | Less than $30,000",GAP21Q13_b_W82,4,"0.538361,0.210825,0.123938,0.126877"
EDUCATIONxINCOME,"EDUCATIONxINCOME :: Associate's degree | $30,000-$50,000",GAP21Q15_b_W82,5,"0.165584,0.250521,0.260501,0.201299,0.122094"
EDUCATIONxINCOME,"EDUCATIONxINCOME :: Associate's degree | $50,000-$75,000",GAP21Q15_b_W82,5,"0.163297,0.250951,0.267136,0.200076,0.118541"
EDUCATIONxINCOME,"EDUCATIONxINCOME :: Associate's degree | $75,000-$100,000",GAP21Q15_b_W82,5,"0.172820,0.249494,0.245626,0.203631,0.128429"
EDUCATIONxINCOME,"EDUCATIONxINCOME :: Associate's degree | Less than $30,000",GAP21Q15_b_W82,5,"0.171463,0.218449,0.227151,0.216749,0.166187"
EDUCATIONxINCOME,"EDUCATIONxINCOME :: College graduate/some postgrad | $100,000 or more",GAP21Q15_b_W82,5,"0.193135,0.246061,0.238490,0.191632,0.130682"
EDUCATIONxINCOME,"EDUCATIONxINCOME :: College graduate/some postgrad | $30,000-$50,000",GAP21Q15_b_W82,5,"0.162930,0.260361,0.260361,0.198073,0.118275"
EDUCATIONxINCOME,"EDUCATIONxINCOME :: College graduate/some postgrad | $50,000-$75,000",GAP21Q15_b_W82,5,"0.155681,0.254678,0.271103,0.204639,0.113899"
EDUCATIONxINCOME,"EDUCATIONxINCOME :: College graduate/some postgrad | $75,000-$100,000",GAP21Q15_b_W82,5,"0.165268,0.250042,0.250042,0.208918,0.125729"
EDUCATIONxINCOME,"EDUCATIONxINCOME :: College graduate/some postgrad | Less than $30,000",GAP21Q15_b_W82,5,"0.163025,0.217667,0.231706,0.224577,0.163025"
EDUCATIONxINCOME,"EDUCATIONxINCOME :: High school graduate | $100,000 or more",GAP21Q15_b_W82,5,"0.190856,0.250875,0.241265,0.190856,0.126148"
EDUCATIONxINCOME,"EDUCATIONxINCOME :: High school graduate | $30,000-$50,000",GAP21Q15_b_W82,5,"0.152776,0.255851,0.268130,0.208820,0.114424"
EDUCATIONxINCOME,"EDUCATIONxINCOME :: High school graduate | $50,000-$75,000",GAP21Q15_b_W82,5,"0.152500,0.265563,0.280490,0.195814,0.105634"
EDUCATIONxINCOME,"EDUCATIONxINCOME :: High school graduate | $75,000-$100,000",GAP21Q15_b_W82,5,"0.158485,0.257246,0.257246,0.208324,0.118699"
EDUCATIONxINCOME,"EDUCATIONxINCOME :: High school graduate | Less than $30,000",GAP21Q15_b_W82,5,"0.156704,0.228002,0.238944,0.224467,0.151882"
EDUCATIONxINCOME,EDUCATIONxINCOME :: High school graduate | Refused,GAP21Q15_b_W82,5,"0.169038,0.265934,0.251781,0.185652,0.127596"
EDUCATIONxINCOME,"EDUCATIONxINCOME :: Less than high school | $30,000-$50,000",GAP21Q15_b_W82,5,"0.159694,0.247338,0.253204,0.218275,0.121489"
EDUCATIONxINCOME,"EDUCATIONxINCOME :: Less than high school | Less than $30,000",GAP21Q15_b_W82,5,"0.162063,0.225002,0.232145,0.228546,0.152244"
EDUCATIONxINCOME,"EDUCATIONxINCOME :: Postgraduate | $100,000 or more",GAP21Q15_b_W82,5,"0.202585,0.236846,0.219047,0.193308,0.148214"
EDUCATIONxINCOME,"EDUCATIONxINCOME :: Postgraduate | $30,000-$50,000",GAP21Q15_b_W82,5,"0.165088,0.243985,0.242086,0.211978,0.136863"
EDUCATIONxINCOME,"EDUCATIONxINCOME :: Postgraduate | $50,000-$75,000",GAP21Q15_b_W82,5,"0.164442,0.246856,0.250744,0.207874,0.130084"
EDUCATIONxINCOME,"EDUCATIONxINCOME :: Postgraduate | $75,000-$100,000",GAP21Q15_b_W82,5,"0.170338,0.243998,0.234650,0.211989,0.139026"
EDUCATIONxINCOME,"EDUCATIONxINCOME :: Some college, no degree | $100,000 or more",GAP21Q15_b_W82,5,"0.206308,0.244997,0.223072,0.184933,0.140690"
EDUCATIONxINCOME,"EDUCATIONxINCOME :: Some college, no degree | $30,000-$50,000",GAP21Q15_b_W82,5,"0.166531,0.248047,0.248047,0.205638,0.131737"
EDUCATIONxINCOME,"EDUCATIONxINCOME :: Some college, no degree | $50,000-$75,000",GAP21Q15_b_W82,5,"0.164459,0.252737,0.258731,0.199932,0.124140"
EDUCATIONxINCOME,"EDUCATIONxINCOME :: Some college, no degree | $75,000-$100,000",GAP21Q15_b_W82,5,"0.170937,0.248712,0.237322,0.207807,0.135222"
EDUCATIONxINCOME,"EDUCATIONxINCOME :: Some college, no degree | Less than $30,000",GAP21Q15_b_W82,5,"0.171917,0.222478,0.217324,0.219029,0.169252"
EDUCATIONxINCOME,"EDUCATIONxINCOME :: Associate's degree | $30,000-$50,000",GAP21Q15_c_W82,5,"0.182387,0.255205,0.298365,0.168680,0.095363"
EDUCATIONxINCOME,"EDUCATIONxINCOME :: Associate's degree | $50,000-$75,000",GAP21Q15_c_W82,5,"0.176054,0.256157,0.316312,0.161556,0.089920"
EDUCATIONxINCOME,"EDUCATIONxINCOME :: Associate's degree | $75,000-$100,000",GAP21Q15_c_W82,5,"0.190574,0.252470,0.281650,0.174881,0.100425"
EDUCATIONxINCOME,"EDUCATIONxINCOME :: Associate's degree | Less than $30,000",GAP21Q15_c_W82,5,"0.183226,0.210892,0.262459,0.195043,0.148381"
EDUCATIONxINCOME,"EDUCATIONxINCOME :: College graduate/some postgrad | $100,000 or more",GAP21Q15_c_W82,5,"0.232305,0.245363,0.265301,0.154749,0.102283"
EDUCATIONxINCOME,"EDUCATIONxINCOME :: College graduate/some postgrad | $30,000-$50,000",GAP21Q15_c_W82,5,"0.181904,0.266744,0.292961,0.166924,0.091467"
EDUCATIONxINCOME,"EDUCATIONxINCOME :: College graduate/some postgrad | $50,000-$75,000",GAP21Q15_c_W82,5,"0.172835,0.259457,0.317893,0.164921,0.084894"
EDUCATIONxINCOME,"EDUCATIONxINCOME :: College graduate/some postgrad | $75,000-$100,000",GAP21Q15_c_W82,5,"0.187035,0.253657,0.285194,0.177081,0.097032"
EDUCATIONxINCOME,"EDUCATIONxINCOME :: College graduate/some postgrad | Less than $30,000",GAP21Q15_c_W82,5,"0.179066,0.212646,0.264642,0.199762,0.143883"
EDUCATIONxINCOME,"EDUCATIONxINCOME :: High school graduate | $100,000 or more",GAP21Q15_c_W82,5,"0.226115,0.252250,0.270624,0.152997,0.098014"
EDUCATIONxINCOME,"EDUCATIONxINCOME :: High school graduate | $30,000-$50,000",GAP21Q15_c_W82,5,"0.170326,0.261752,0.313277,0.169000,0.085645"
EDUCATIONxINCOME,"EDUCATIONxINCOME :: High school graduate | $50,000-$75,000",GAP21Q15_c_W82,5,"0.166185,0.269745,0.333091,0.153696,0.077283"
EDUCATIONxINCOME,"EDUCATIONxINCOME :: High school graduate | $75,000-$100,000",GAP21Q15_c_W82,5,"0.178679,0.259976,0.296902,0.173182,0.091260"
EDUCATIONxINCOME,"EDUCATIONxINCOME :: High school graduate | Less than $30,000",GAP21Q15_c_W82,5,"0.171763,0.220549,0.278800,0.196160,0.132728"
EDUCATIONxINCOME,EDUCATIONxINCOME :: High school graduate | Refused,GAP21Q15_c_W82,5,"0.187733,0.256601,0.279628,0.165674,0.110363"
EDUCATIONxINCOME,"EDUCATIONxINCOME :: Less than high school | $30,000-$50,000",GAP21Q15_c_W82,5,"0.176561,0.252911,0.286586,0.187948,0.095994"
EDUCATIONxINCOME,"EDUCATIONxINCOME :: Less than high school | Less than $30,000",GAP21Q15_c_W82,5,"0.176460,0.217899,0.260792,0.209552,0.135297"
EDUCATIONxINCOME,"EDUCATIONxINCOME :: Postgraduate | $100,000 or more",GAP21Q15_c_W82,5,"0.236663,0.232994,0.242276,0.161390,0.126677"
EDUCATIONxINCOME,"EDUCATIONxINCOME :: Postgraduate | $30,000-$50,000",GAP21Q15_c_W82,5,"0.179765,0.247637,0.276260,0.181175,0.115162"
EDUCATIONxINCOME,"EDUCATIONxINCOME :: Postgraduate | $50,000-$75,000",GAP21Q15_c_W82,5,"0.177232,0.249938,0.292207,0.173127,0.107497"
EDUCATIONxINCOME,"EDUCATIONxINCOME :: Postgraduate | $75,000-$100,000",GAP21Q15_c_W82,5,"0.186870,0.243724,0.265596,0.186870,0.116940"
EDUCATIONxINCOME,"EDUCATIONxINCOME :: Some college, no degree | $100,000 or more",GAP21Q15_c_W82,5,"0.234868,0.244225,0.242324,0.157683,0.120900"
EDUCATIONxINCOME,"EDUCATIONxINCOME :: Some college, no degree | $30,000-$50,000",GAP21Q15_c_W82,5,"0.183554,0.254839,0.277708,0.175148,0.108752"
EDUCATIONxINCOME,"EDUCATIONxINCOME :: Some college, no degree | $50,000-$75,000",GAP21Q15_c_W82,5,"0.178675,0.259970,0.294585,0.166543,0.100227"
EDUCATIONxINCOME,"EDUCATIONxINCOME :: Some college, no degree | $75,000-$100,000",GAP21Q15_c_W82,5,"0.187722,0.250642,0.264731,0.184812,0.112094"
EDUCATIONxINCOME,"EDUCATIONxINCOME :: Some college, no degree | Less than $30,000",GAP21Q15_c_W82,5,"0.184882,0.216149,0.243022,0.201473,0.154474"
EDUCATIONxINCOME,"EDUCATIONxINCOME :: Associate's degree | $30,000-$50,000",GAP21Q26_c_W82,4,"0.238897,0.268599,0.288165,0.204339"
EDUCATIONxINCOME,"EDUCATIONxINCOME :: Associate's degree | $50,000-$75,000",GAP21Q26_c_W82,4,"0.224740,0.277517,0.293116,0.204628"
EDUCATIONxINCOME,"EDUCATIONxINCOME :: Associate's degree | $75,000-$100,000",GAP21Q26_c_W82,4,"0.229665,0.274873,0.281391,0.214071"
EDUCATIONxINCOME,"EDUCATIONxINCOME :: Associate's degree | Less than $30,000",GAP21Q26_c_W82,4,"0.219296,0.248495,0.295095,0.237115"
EDUCATIONxINCOME,"EDUCATIONxINCOME :: College graduate/some postgrad | $100,000 or more",GAP21Q26_c_W82,4,"0.272416,0.257918,0.264035,0.205631"
EDUCATIONxINCOME,"EDUCATIONxINCOME :: College graduate/some postgrad | $30,000-$50,000",GAP21Q26_c_W82,4,"0.240981,0.273067,0.286172,0.199780"
EDUCATIONxINCOME,"EDUCATIONxINCOME :: College graduate/some postgrad | $50,000-$75,000",GAP21Q26_c_W82,4,"0.224708,0.275319,0.295374,0.204599"
EDUCATIONxINCOME,"EDUCATIONxINCOME :: College graduate/some postgrad | $75,000-$100,000",GAP21Q26_c_W82,4,"0.232756,0.267901,0.287416,0.211927"
EDUCATIONxINCOME,"EDUCATIONxINCOME :: College graduate/some postgrad | Less than $30,000",GAP21Q26_c_W82,4,"0.215138,0.245695,0.301032,0.238136"
EDUCATIONxINCOME,"EDUCATIONxINCOME :: High school graduate | $100,000 or more",GAP21Q26_c_W82,4,"0.267796,0.265712,0.259556,0.206936"
EDUCATIONxINCOME,"EDUCATIONxINCOME :: High school graduate | $30,000-$50,000",GAP21Q26_c_W82,4,"0.232679,0.272029,0.285084,0.210208"
EDUCATIONxINCOME,"EDUCATIONxINCOME :: High school graduate | $50,000-$75,000",GAP21Q26_c_W82,4,"0.225992,0.281251,0.290179,0.202578"
EDUCATIONxINCOME,"EDUCATIONxINCOME :: High school graduate | $75,000-$100,000",GAP21Q26_c_W82,4,"0.230558,0.278106,0.278106,0.213231"
EDUCATIONxINCOME,"EDUCATIONxINCOME :: High school graduate | Less than $30,000",GAP21Q26_c_W82,4,"0.214579,0.250868,0.293295,0.241258"
EDUCATIONxINCOME,EDUCATIONxINCOME :: High school graduate | Refused,GAP21Q26_c_W82,4,"0.226959,0.263277,0.273765,0.236000"
EDUCATIONxINCOME,"EDUCATIONxINCOME :: Less than high school | $30,000-$50,000",GAP21Q26_c_W82,4,"0.233596,0.268867,0.292994,0.204543"
EDUCATIONxINCOME,"EDUCATIONxINCOME :: Less than high school | Less than $30,000",GAP21Q26_c_W82,4,"0.214258,0.252457,0.299800,0.233485"
EDUCATIONxINCOME,"EDUCATIONxINCOME :: Postgraduate | $100,000 or more",GAP21Q26_c_W82,4,"0.280456,0.259379,0.253370,0.206795"
EDUCATIONxINCOME,"EDUCATIONxINCOME :: Postgraduate | $30,000-$50,000",GAP21Q26_c_W82,4,"0.241397,0.267202,0.280026,0.211375"
EDUCATIONxINCOME,"EDUCATIONxINCOME :: Postgraduate | $50,000-$75,000",GAP21Q26_c_W82,4,"0.235252,0.277195,0.281560,0.205994"
EDUCATIONxINCOME,"EDUCATIONxINCOME :: Postgraduate | $75,000-$100,000",GAP21Q26_c_W82,4,"0.241547,0.273709,0.271579,0.213165"
EDUCATIONxINCOME,"EDUCATIONxINCOME :: Some college, no degree | $100,000 or more",GAP21Q26_c_W82,4,"0.270625,0.266429,0.260257,0.202689"
EDUCATIONxINCOME,"EDUCATIONxINCOME :: Some college, no degree | $30,000-$50,000",GAP21Q26_c_W82,4,"0.234049,0.269389,0.286763,0.209800"
EDUCATIONxINCOME,"EDUCATIONxINCOME :: Some college, no degree | $50,000-$75,000",GAP21Q26_c_W82,4,"0.228509,0.277796,0.288862,0.204834"
EDUCATIONxINCOME,"EDUCATIONxINCOME :: Some college, no degree | $75,000-$100,000",GAP21Q26_c_W82,4,"0.231774,0.273097,0.277397,0.217732"
EDUCATIONxINCOME,"EDUCATIONxINCOME :: Some college, no degree | Less than $30,000",GAP21Q26_c_W82,4,"0.213667,0.251761,0.294339,0.240232"
EDUCATIONxINCOME,"EDUCATIONxINCOME :: Associate's degree | $30,000-$50,000",GAP21Q27_W82,3,"0.359899,0.271666,0.368434"
EDUCATIONxINCOME,"EDUCATIONxINCOME :: Associate's degree | $50,000-$75,000",GAP21Q27_W82,3,"0.357596,0.276329,0.366076"
EDUCATIONxINCOME,"EDUCATIONxINCOME :: Associate's degree | $75,000-$100,000",GAP21Q27_W82,3,"0.366236,0.289717,0.344047"
EDUCATIONxINCOME,"EDUCATIONxINCOME :: Associate's degree | Less than $30,000",GAP21Q27_W82,3,"0.300278,0.317157,0.382565"
EDUCATIONxINCOME,"EDUCATIONxINCOME :: College graduate/some postgrad | $100,000 or more",GAP21Q27_W82,3,"0.385698,0.284396,0.329905"
EDUCATIONxINCOME,"EDUCATIONxINCOME :: College graduate/some postgrad | $30,000-$50,000",GAP21Q27_W82,3,"0.362457,0.277906,0.359637"
EDUCATIONxINCOME,"EDUCATIONxINCOME :: College graduate/some postgrad | $50,000-$75,000",GAP21Q27_W82,3,"0.355546,0.274745,0.369709"
EDUCATIONxINCOME,"EDUCATIONxINCOME :: College graduate/some postgrad | $75,000-$100,000",GAP21Q27_W82,3,"0.360652,0.289792,0.349556"
EDUCATIONxINCOME,"EDUCATIONxINCOME :: College graduate/some postgrad | Less than $30,000",GAP21Q27_W82,3,"0.293157,0.324495,0.382348"
EDUCATIONxINCOME,"EDUCATIONxINCOME :: High school graduate | $100,000 or more",GAP21Q27_W82,3,"0.380516,0.278392,0.341092"
EDUCATIONxINCOME,"EDUCATIONxINCOME :: High school graduate | $30,000-$50,000",GAP21Q27_W82,3,"0.344129,0.265922,0.389949"
EDUCATIONxINCOME,"EDUCATIONxINCOME :: High school graduate | $50,000-$75,000",GAP21Q27_W82,3,"0.353329,0.264631,0.382040"
EDUCATIONxINCOME,"EDUCATIONxINCOME :: High school graduate | $75,000-$100,000",GAP21Q27_W82,3,"0.355699,0.285812,0.358489"
EDUCATIONxINCOME,"EDUCATIONxINCOME :: High school graduate | Less than $30,000",GAP21Q27_W82,3,"0.294323,0.315762,0.389915"
EDUCATIONxINCOME,EDUCATIONxINCOME :: High school graduate | Refused,GAP21Q27_W82,3,"0.313042,0.303411,0.383547"
EDUCATIONxINCOME,"EDUCATIONxINCOME :: Less than high school | $30,000-$50,000",GAP21Q27_W82,3,"0.333867,0.287812,0.378321"
EDUCATIONxINCOME,"EDUCATIONxINCOME :: Less than high school | Less than $30,000",GAP21Q27_W82,3,"0.284146,0.348143,0.367712"
EDUCATIONxINCOME,"EDUCATIONxINCOME :: Postgraduate | $100,000 or more",GAP21Q27_W82,3,"0.357722,0.303594,0.338684"
EDUCATIONxINCOME,"EDUCATIONxINCOME :: Postgraduate | $30,000-$50,000",GAP21Q27_W82,3,"0.328181,0.285128,0.386691"
EDUCATIONxINCOME,"EDUCATIONxINCOME :: Postgraduate | $50,000-$75,000",GAP21Q27_W82,3,"0.332132,0.288561,0.379307"
EDUCATIONxINCOME,"EDUCATIONxINCOME :: Postgraduate | $75,000-$100,000",GAP21Q27_W82,3,"0.340122,0.297821,0.362058"
EDUCATIONxINCOME,"EDUCATIONxINCOME :: Some college, no degree | $100,000 or more",GAP21Q27_W82,3,"0.358457,0.299502,0.342042"
EDUCATIONxINCOME,"EDUCATIONxINCOME :: Some college, no degree | $30,000-$50,000",GAP21Q27_W82,3,"0.330637,0.282809,0.386554"
EDUCATIONxINCOME,"EDUCATIONxINCOME :: Some college, no degree | $50,000-$75,000",GAP21Q27_W82,3,"0.334617,0.286213,0.379170"
EDUCATIONxINCOME,"EDUCATIONxINCOME :: Some college, no degree | $75,000-$100,000",GAP21Q27_W82,3,"0.342485,0.292943,0.364573"
EDUCATIONxINCOME,"EDUCATIONxINCOME :: Some college, no degree | Less than $30,000",GAP21Q27_W82,3,"0.296113,0.317683,0.386204"
EDUCATIONxINCOME,"EDUCATIONxINCOME :: Associate's degree | $30,000-$50,000",GAP21Q33_b_W82,3,"0.563100,0.296733,0.140167"
EDUCATIONxINCOME,"EDUCATIONxINCOME :: Associate's degree | $50,000-$75,000",GAP21Q33_b_W82,3,"0.551138,0.318974,0.129888"
EDUCATIONxINCOME,"EDUCATIONxINCOME :: Associate's degree | $75,000-$100,000",GAP21Q33_b_W82,3,"0.600155,0.287957,0.111888"
EDUCATIONxINCOME,"EDUCATIONxINCOME :: Associate's degree | Less than $30,000",GAP21Q33_b_W82,3,"0.563556,0.281168,0.155276"
EDUCATIONxINCOME,"EDUCATIONxINCOME :: College graduate/some postgrad | $100,000 or more",GAP21Q33_b_W82,3,"0.619666,0.258315,0.122019"
EDUCATIONxINCOME,"EDUCATIONxINCOME :: College graduate/some postgrad | $30,000-$50,000",GAP21Q33_b_W82,3,"0.541154,0.313196,0.145650"
EDUCATIONxINCOME,"EDUCATIONxINCOME :: College graduate/some postgrad | $50,000-$75,000",GAP21Q33_b_W82,3,"0.532305,0.333108,0.134588"
EDUCATIONxINCOME,"EDUCATIONxINCOME :: College graduate/some postgrad | $75,000-$100,000",GAP21Q33_b_W82,3,"0.587253,0.295289,0.117458"
EDUCATIONxINCOME,"EDUCATIONxINCOME :: College graduate/some postgrad | Less than $30,000",GAP21Q33_b_W82,3,"0.534242,0.288202,0.177556"
EDUCATIONxINCOME,"EDUCATIONxINCOME :: High school graduate | $100,000 or more",GAP21Q33_b_W82,3,"0.568241,0.292505,0.139253"
EDUCATIONxINCOME,"EDUCATIONxINCOME :: High school graduate | $30,000-$50,000",GAP21Q33_b_W82,3,"0.524004,0.330485,0.145511"
EDUCATIONxINCOME,"EDUCATIONxINCOME :: High school graduate | $50,000-$75,000",GAP21Q33_b_W82,3,"0.511136,0.359629,0.129235"
EDUCATIONxINCOME,"EDUCATIONxINCOME :: High school graduate | $75,000-$100,000",GAP21Q33_b_W82,3,"0.544090,0.332595,0.123315"
EDUCATIONxINCOME,"EDUCATIONxINCOME :: High school graduate | Less than $30,000",GAP21Q33_b_W82,3,"0.504832,0.323408,0.171760"
EDUCATIONxINCOME,EDUCATIONxINCOME :: High school graduate | Refused,GAP21Q33_b_W82,3,"0.417652,0.351698,0.230649"
EDUCATIONxINCOME,"EDUCATIONxINCOME :: Less than high school | $30,000-$50,000",GAP21Q33_b_W82,3,"0.512093,0.325506,0.162401"
EDUCATIONxINCOME,"EDUCATIONxINCOME :: Less than high school | Less than $30,000",GAP21Q33_b_W82,3,"0.496715,0.313274,0.190011"
EDUCATIONxINCOME,"EDUCATIONxINCOME :: Postgraduate | $100,000 or more",GAP21Q33_b_W82,3,"0.620319,0.256575,0.123106"
EDUCATIONxINCOME,"EDUCATIONxINCOME :: Postgraduate | $30,000-$50,000",GAP21Q33_b_W82,3,"0.539340,0.309717,0.150944"
EDUCATIONxINCOME,"EDUCATIONxINCOME :: Postgraduate | $50,000-$75,000",GAP21Q33_b_W82,3,"0.523045,0.335075,0.141880"
EDUCATIONxINCOME,"EDUCATIONxINCOME :: Postgraduate | $75,000-$100,000",GAP21Q33_b_W82,3,"0.572843,0.304235,0.122922"
EDUCATIONxINCOME,"EDUCATIONxINCOME :: Some college, no degree | $100,000 or more",GAP21Q33_b_W82,3,"0.518401,0.311979,0.169620"
EDUCATIONxINCOME,"EDUCATIONxINCOME :: Some college, no degree | $30,000-$50,000",GAP21Q33_b_W82,3,"0.474877,0.342041,0.183081"
EDUCATIONxINCOME,"EDUCATIONxINCOME :: Some college, no degree | $50,000-$75,000",GAP21Q33_b_W82,3,"0.456750,0.369887,0.173363"
EDUCATIONxINCOME,"EDUCATIONxINCOME :: Some college, no degree | $75,000-$100,000",GAP21Q33_b_W82,3,"0.493525,0.349962,0.156513"
EDUCATIONxINCOME,"EDUCATIONxINCOME :: Some college, no degree | Less than $30,000",GAP21Q33_b_W82,3,"0.460900,0.334577,0.204523"
EDUCATIONxINCOME,"EDUCATIONxINCOME :: Associate's degree | $30,000-$50,000",GAP21Q33_c_W82,3,"0.367462,0.429606,0.202932"
EDUCATIONxINCOME,"EDUCATIONxINCOME :: Associate's degree | $50,000-$75,000",GAP21Q33_c_W82,3,"0.337027,0.467916,0.195056"
EDUCATIONxINCOME,"EDUCATIONxINCOME :: Associate's degree | $75,000-$100,000",GAP21Q33_c_W82,3,"0.370701,0.454192,0.175107"
EDUCATIONxINCOME,"EDUCATIONxINCOME :: Associate's degree | Less than $30,000",GAP21Q33_c_W82,3,"0.345857,0.423753,0.230390"
EDUCATIONxINCOME,"EDUCATIONxINCOME :: College graduate/some postgrad | $100,000 or more",GAP21Q33_c_W82,3,"0.413400,0.410183,0.176417"
EDUCATIONxINCOME,"EDUCATIONxINCOME :: College graduate/some postgrad | $30,000-$50,000",GAP21Q33_c_W82,3,"0.335782,0.458959,0.205259"
EDUCATIONxINCOME,"EDUCATIONxINCOME :: College graduate/some postgrad | $50,000-$75,000",GAP21Q33_c_W82,3,"0.310180,0.487982,0.201838"
EDUCATIONxINCOME,"EDUCATIONxINCOME :: College graduate/some postgrad | $75,000-$100,000",GAP21Q33_c_W82,3,"0.343802,0.473607,0.182592"
EDUCATIONxINCOME,"EDUCATIONxINCOME :: College graduate/some postgrad | Less than $30,000",GAP21Q33_c_W82,3,"0.312487,0.430469,0.257045"
EDUCATIONxINCOME,"EDUCATIONxINCOME :: High school graduate | $100,000 or more",GAP21Q33_c_W82,3,"0.387570,0.419064,0.193366"
EDUCATIONxINCOME,"EDUCATIONxINCOME :: High school graduate | $30,000-$50,000",GAP21Q33_c_W82,3,"0.317004,0.468501,0.214495"
EDUCATIONxINCOME,"EDUCATIONxINCOME :: High school graduate | $50,000-$75,000",GAP21Q33_c_W82,3,"0.295814,0.499281,0.204905"
EDUCATIONxINCOME,"EDUCATIONxINCOME :: High school graduate | $75,000-$100,000",GAP21Q33_c_W82,3,"0.323242,0.485244,0.191515"
EDUCATIONxINCOME,"EDUCATIONxINCOME :: High school graduate | Less than $30,000",GAP21Q33_c_W82,3,"0.299564,0.446199,0.254237"
EDUCATIONxINCOME,EDUCATIONxINCOME :: High school graduate | Refused,GAP21Q33_c_W82,3,"0.276928,0.409272,0.313800"
EDUCATIONxINCOME,"EDUCATIONxINCOME :: Less than high school | $30,000-$50,000",GAP21Q33_c_W82,3,"0.321036,0.442246,0.236717"
EDUCATIONxINCOME,"EDUCATIONxINCOME :: Less than high school | Less than $30,000",GAP21Q33_c_W82,3,"0.297884,0.420084,0.282031"
EDUCATIONxINCOME,"EDUCATIONxINCOME :: Postgraduate | $100,000 or more",GAP21Q33_c_W82,3,"0.431305,0.395788,0.172907"
EDUCATIONxINCOME,"EDUCATIONxINCOME :: Postgraduate | $30,000-$50,000",GAP21Q33_c_W82,3,"0.347802,0.436242,0.215955"
EDUCATIONxINCOME,"EDUCATIONxINCOME :: Postgraduate | $50,000-$75,000",GAP21Q33_c_W82,3,"0.329909,0.465246,0.204845"
EDUCATIONxINCOME,"EDUCATIONxINCOME :: Postgraduate | $75,000-$100,000",GAP21Q33_c_W82,3,"0.362180,0.454276,0.183544"
EDUCATIONxINCOME,"EDUCATIONxINCOME :: Some college, no degree | $100,000 or more",GAP21Q33_c_W82,3,"0.378968,0.403409,0.217623"
EDUCATIONxINCOME,"EDUCATIONxINCOME :: Some college, no degree | $30,000-$50,000",GAP21Q33_c_W82,3,"0.319125,0.436193,0.244682"
EDUCATIONxINCOME,"EDUCATIONxINCOME :: Some college, no degree | $50,000-$75,000",GAP21Q33_c_W82,3,"0.303255,0.462408,0.234337"
EDUCATIONxINCOME,"EDUCATIONxINCOME :: Some college, no degree | $75,000-$100,000",GAP21Q33_c_W82,3,"0.323398,0.456064,0.220538"
EDUCATIONxINCOME,"EDUCATIONxINCOME :: Some college, no degree | Less than $30,000",GAP21Q33_c_W82,3,"0.293974,0.421098,0.284929"
EDUCATIONxINCOME,"EDUCATIONxINCOME :: Associate's degree | $30,000-$50,000",GAP21Q33_i_W82,3,"0.564327,0.297379,0.138294"
EDUCATIONxINCOME,"EDUCATIONxINCOME :: Associate's degree | $50,000-$75,000",GAP21Q33_i_W82,3,"0.551963,0.321957,0.126080"
EDUCATIONxINCOME,"EDUCATIONxINCOME :: Associate's degree | $75,000-$100,000",GAP21Q33_i_W82,3,"0.602738,0.289197,0.108065"
EDUCATIONxINCOME,"EDUCATIONxINCOME :: Associate's degree | Less than $30,000",GAP21Q33_i_W82,3,"0.544453,0.298335,0.157212"
EDUCATIONxINCOME,"EDUCATIONxINCOME :: College graduate/some postgrad | $100,000 or more",GAP21Q33_i_W82,3,"0.654867,0.244706,0.100427"
EDUCATIONxINCOME,"EDUCATIONxINCOME :: College graduate/some postgrad | $30,000-$50,000",GAP21Q33_i_W82,3,"0.538215,0.321383,0.140402"
EDUCATIONxINCOME,"EDUCATIONxINCOME :: College graduate/some postgrad | $50,000-$75,000",GAP21Q33_i_W82,3,"0.526601,0.345354,0.128045"
EDUCATIONxINCOME,"EDUCATIONxINCOME :: College graduate/some postgrad | $75,000-$100,000",GAP21Q33_i_W82,3,"0.574514,0.312358,0.113128"
EDUCATIONxINCOME,"EDUCATIONxINCOME :: College graduate/some postgrad | Less than $30,000",GAP21Q33_i_W82,3,"0.500831,0.323361,0.175808"
EDUCATIONxINCOME,"EDUCATIONxINCOME :: High school graduate | $100,000 or more",GAP21Q33_i_W82,3,"0.600581,0.279296,0.120124"
EDUCATIONxINCOME,"EDUCATIONxINCOME :: High school graduate | $30,000-$50,000",GAP21Q33_i_W82,3,"0.520514,0.336069,0.143417"
EDUCATIONxINCOME,"EDUCATIONxINCOME :: High school graduate | $50,000-$75,000",GAP21Q33_i_W82,3,"0.510618,0.359265,0.130117"
EDUCATIONxINCOME,"EDUCATIONxINCOME :: High school graduate | $75,000-$100,000",GAP21Q33_i_W82,3,"0.538917,0.339891,0.121192"
EDUCATIONxINCOME,"EDUCATIONxINCOME :: High school graduate | Less than $30,000",GAP21Q33_i_W82,3,"0.480181,0.343170,0.176649"
EDUCATIONxINCOME,EDUCATIONxINCOME :: High school graduate | Refused,GAP21Q33_i_W82,3,"0.403276,0.361495,0.235229"
EDUCATIONxINCOME,"EDUCATIONxINCOME :: Less than high school | $30,000-$50,000",GAP21Q33_i_W82,3,"0.500377,0.333323,0.166301"
EDUCATIONxINCOME,"EDUCATIONxINCOME :: Less than high school | Less than $30,000",GAP21Q33_i_W82,3,"0.471093,0.334055,0.194852"
EDUCATIONxINCOME,"EDUCATIONxINCOME :: Postgraduate | $100,000 or more",GAP21Q33_i_W82,3,"0.660011,0.237180,0.102810"
EDUCATIONxINCOME,"EDUCATIONxINCOME :: Postgraduate | $30,000-$50,000",GAP21Q33_i_W82,3,"0.529573,0.318702,0.151725"
EDUCATIONxINCOME,"EDUCATIONxINCOME :: Postgraduate | $50,000-$75,000",GAP21Q33_i_W82,3,"0.522569,0.340042,0.137389"
EDUCATIONxINCOME,"EDUCATIONxINCOME :: Postgraduate | $75,000-$100,000",GAP21Q33_i_W82,3,"0.567902,0.311185,0.120913"
EDUCATIONxINCOME,"EDUCATIONxINCOME :: Some college, no degree | $100,000 or more",GAP21Q33_i_W82,3,"0.543878,0.302714,0.153408"
EDUCATIONxINCOME,"EDUCATIONxINCOME :: Some college, no degree | $30,000-$50,000",GAP21Q33_i_W82,3,"0.463785,0.347359,0.188856"
EDUCATIONxINCOME,"EDUCATIONxINCOME :: Some college, no degree | $50,000-$75,000",GAP21Q33_i_W82,3,"0.453492,0.373032,0.173476"
EDUCATIONxINCOME,"EDUCATIONxINCOME :: Some college, no degree | $75,000-$100,000",GAP21Q33_i_W82,3,"0.482553,0.355812,0.161635"
EDUCATIONxINCOME,"EDUCATIONxINCOME :: Some college, no degree | Less than $30,000",GAP21Q33_i_W82,3,"0.439631,0.347777,0.212592"
EDUCATIONxINCOME,"EDUCATIONxINCOME :: Associate's degree | $30,000-$50,000",GAP21Q34_b_W82,4,"0.364422,0.314151,0.201253,0.120174"
EDUCATIONxINCOME,"EDUCATIONxINCOME :: Associate's degree | $50,000-$75,000",GAP21Q34_b_W82,4,"0.353655,0.329643,0.206285,0.110417"
EDUCATIONxINCOME,"EDUCATIONxINCOME :: Associate's degree | $75,000-$100,000",GAP21Q34_b_W82,4,"0.357202,0.320194,0.191197,0.131407"
EDUCATIONxINCOME,"EDUCATIONxINCOME :: Associate's degree | Less than $30,000",GAP21Q34_b_W82,4,"0.301443,0.268109,0.240331,0.190118"
EDUCATIONxINCOME,"EDUCATIONxINCOME :: College graduate/some postgrad | $100,000 or more",GAP21Q34_b_W82,4,"0.446357,0.285947,0.168100,0.099596"
EDUCATIONxINCOME,"EDUCATIONxINCOME :: College graduate/some postgrad | $30,000-$50,000",GAP21Q34_b_W82,4,"0.350639,0.329395,0.206130,0.113836"
EDUCATIONxINCOME,"EDUCATIONxINCOME :: College graduate/some postgrad | $50,000-$75,000",GAP21Q34_b_W82,4,"0.339454,0.342116,0.214091,0.104340"
EDUCATIONxINCOME,"EDUCATIONxINCOME :: College graduate/some postgrad | $75,000-$100,000",GAP21Q34_b_W82,4,"0.347715,0.329210,0.198122,0.124954"
EDUCATIONxINCOME,"EDUCATIONxINCOME :: College graduate/some postgrad | Less than $30,000",GAP21Q34_b_W82,4,"0.278772,0.272314,0.255815,0.193099"
EDUCATIONxINCOME,"EDUCATIONxINCOME :: High school graduate | $100,000 or more",GAP21Q34_b_W82,4,"0.415716,0.294787,0.180200,0.109297"
EDUCATIONxINCOME,"EDUCATIONxINCOME :: High school graduate | $30,000-$50,000",GAP21Q34_b_W82,4,"0.329865,0.332453,0.216331,0.121351"
EDUCATIONxINCOME,"EDUCATIONxINCOME :: High school graduate | $50,000-$75,000",GAP21Q34_b_W82,4,"0.343183,0.343183,0.209784,0.103850"
EDUCATIONxINCOME,"EDUCATIONxINCOME :: High school graduate | $75,000-$100,000",GAP21Q34_b_W82,4,"0.336487,0.333869,0.200926,0.128718"
EDUCATIONxINCOME,"EDUCATIONxINCOME :: High school graduate | Less than $30,000",GAP21Q34_b_W82,4,"0.271568,0.273698,0.259132,0.195603"
EDUCATIONxINCOME,EDUCATIONxINCOME :: High school graduate | Refused,GAP21Q34_b_W82,4,"0.275749,0.284503,0.239575,0.200173"
EDUCATIONxINCOME,"EDUCATIONxINCOME :: Less than high school | $30,000-$50,000",GAP21Q34_b_W82,4,"0.310213,0.322571,0.225191,0.142026"
EDUCATIONxINCOME,"EDUCATIONxINCOME :: Less than high school | Less than $30,000",GAP21Q34_b_W82,4,"0.252413,0.254393,0.268693,0.224501"
EDUCATIONxINCOME,"EDUCATIONxINCOME :: Postgraduate | $100,000 or more",GAP21Q34_b_W82,4,"0.427070,0.288970,0.172552,0.111408"
EDUCATIONxINCOME,"EDUCATIONxINCOME :: Postgraduate | $30,000-$50,000",GAP21Q34_b_W82,4,"0.333889,0.326154,0.212233,0.127724"
EDUCATIONxINCOME,"EDUCATIONxINCOME :: Postgraduate | $50,000-$75,000",GAP21Q34_b_W82,4,"0.335450,0.338081,0.213225,0.113243"
EDUCATIONxINCOME,"EDUCATIONxINCOME :: Postgraduate | $75,000-$100,000",GAP21Q34_b_W82,4,"0.343839,0.323006,0.197450,0.135705"
EDUCATIONxINCOME,"EDUCATIONxINCOME :: Some college, no degree | $100,000 or more",GAP21Q34_b_W82,4,"0.374553,0.298620,0.194316,0.132512"
EDUCATIONxINCOME,"EDUCATIONxINCOME :: Some college, no degree | $30,000-$50,000",GAP21Q34_b_W82,4,"0.297800,0.327069,0.226554,0.148578"
EDUCATIONxINCOME,"EDUCATIONxINCOME :: Some college, no degree | $50,000-$75,000",GAP21Q34_b_W82,4,"0.296369,0.338464,0.232623,0.132544"
EDUCATIONxINCOME,"EDUCATIONxINCOME :: Some college, no degree | $75,000-$100,000",GAP21Q34_b_W82,4,"0.297677,0.324389,0.216090,0.161844"
EDUCATIONxINCOME,"EDUCATIONxINCOME :: Some college, no degree | Less than $30,000",GAP21Q34_b_W82,4,"0.243200,0.260915,0.269198,0.226687"
EDUCATIONxINCOME,"EDUCATIONxINCOME :: Associate's degree | $30,000-$50,000",GAP21Q37_W82,2,"0.898410,0.101589"
EDUCATIONxINCOME,"EDUCATIONxINCOME :: Associate's degree | $50,000-$75,000",GAP21Q37_W82,2,"0.908618,0.091382"
EDUCATIONxINCOME,"EDUCATIONxINCOME :: Associate's degree | $75,000-$100,000",GAP21Q37_W82,2,"0.913058,0.086942"
EDUCATIONxINCOME,"EDUCATIONxINCOME :: Associate's degree | Less than $30,000",GAP21Q37_W82,2,"0.858719,0.141281"
EDUCATIONxINCOME,"EDUCATIONxINCOME :: College graduate/some postgrad | $100,000 or more",GAP21Q37_W82,2,"0.921358,0.078642"
EDUCATIONxINCOME,"EDUCATIONxINCOME :: College graduate/some postgrad | $30,000-$50,000",GAP21Q37_W82,2,"0.892563,0.107437"
EDUCATIONxINCOME,"EDUCATIONxINCOME :: College graduate/some postgrad | $50,000-$75,000",GAP21Q37_W82,2,"0.901921,0.098079"
EDUCATIONxINCOME,"EDUCATIONxINCOME :: College graduate/some postgrad | $75,000-$100,000",GAP21Q37_W82,2,"0.905990,0.094010"
EDUCATIONxINCOME,"EDUCATIONxINCOME :: College graduate/some postgrad | Less than $30,000",GAP21Q37_W82,2,"0.828939,0.171061"
EDUCATIONxINCOME,"EDUCATIONxINCOME :: High school graduate | $100,000 or more",GAP21Q37_W82,2,"0.898410,0.101589"
EDUCATIONxINCOME,"EDUCATIONxINCOME :: High school graduate | $30,000-$50,000",GAP21Q37_W82,2,"0.894789,0.105211"
EDUCATIONxINCOME,"EDUCATIONxINCOME :: High school graduate | $50,000-$75,000",GAP21Q37_W82,2,"0.909907,0.090093"
EDUCATIONxINCOME,"EDUCATIONxINCOME :: High school graduate | $75,000-$100,000",GAP21Q37_W82,2,"0.901227,0.098773"
EDUCATIONxINCOME,"EDUCATIONxINCOME :: High school graduate | Less than $30,000",GAP21Q37_W82,2,"0.830044,0.169956"
EDUCATIONxINCOME,EDUCATIONxINCOME :: High school graduate | Refused,GAP21Q37_W82,2,"0.726426,0.273574"
EDUCATIONxINCOME,"EDUCATIONxINCOME :: Less than high school | $30,000-$50,000",GAP21Q37_W82,2,"0.859664,0.140336"
EDUCATIONxINCOME,"EDUCATIONxINCOME :: Less than high school | Less than $30,000",GAP21Q37_W82,2,"0.786623,0.213377"
EDUCATIONxINCOME,"EDUCATIONxINCOME :: Postgraduate | $100,000 or more",GAP21Q37_W82,2,"0.917893,0.082107"
EDUCATIONxINCOME,"EDUCATIONxINCOME :: Postgraduate | $30,000-$50,000",GAP21Q37_W82,2,"0.880797,0.119203"
EDUCATIONxINCOME,"EDUCATIONxINCOME :: Postgraduate | $50,000-$75,000",GAP21Q37_W82,2,"0.884838,0.115162"
EDUCATIONxINCOME,"EDUCATIONxINCOME :: Postgraduate | $75,000-$100,000",GAP21Q37_W82,2,"0.895523,0.104477"
EDUCATIONxINCOME,"EDUCATIONxINCOME :: Some college, no degree | $100,000 or more",GAP21Q37_W82,2,"0.811676,0.188324"
EDUCATIONxINCOME,"EDUCATIONxINCOME :: Some college, no degree | $30,000-$50,000",GAP21Q37_W82,2,"0.810479,0.189521"
EDUCATIONxINCOME,"EDUCATIONxINCOME :: Some college, no degree | $50,000-$75,000",GAP21Q37_W82,2,"0.808067,0.191933"
EDUCATIONxINCOME,"EDUCATIONxINCOME :: Some college, no degree | $75,000-$100,000",GAP21Q37_W82,2,"0.811676,0.188324"
EDUCATIONxINCOME,"EDUCATIONxINCOME :: Some college, no degree | Less than $30,000",GAP21Q37_W82,2,"0.743168,0.256832"
EDUCATIONxINCOME,"EDUCATIONxINCOME :: Associate's degree | $30,000-$50,000",GAP21Q42_W82,2,"0.583203,0.416797"
EDUCATIONxINCOME,"EDUCATIONxINCOME :: Associate's degree | $50,000-$75,000",GAP21Q42_W82,2,"0.573678,0.426322"
EDUCATIONxINCOME,"EDUCATIONxINCOME :: Associate's degree | $75,000-$100,000",GAP21Q42_W82,2,"0.571767,0.428233"
EDUCATIONxINCOME,"EDUCATIONxINCOME :: Associate's degree | Less than $30,000",GAP21Q42_W82,2,"0.540924,0.459076"
EDUCATIONxINCOME,"EDUCATIONxINCOME :: College graduate/some postgrad | $100,000 or more",GAP21Q42_W82,2,"0.583203,0.416797"
EDUCATIONxINCOME,"EDUCATIONxINCOME :: College graduate/some postgrad | $30,000-$50,000",GAP21Q42_W82,2,"0.583203,0.416797"
EDUCATIONxINCOME,"EDUCATIONxINCOME :: College graduate/some postgrad | $50,000-$75,000",GAP21Q42_W82,2,"0.573678,0.426322"
EDUCATIONxINCOME,"EDUCATIONxINCOME :: College graduate/some postgrad | $75,000-$100,000",GAP21Q42_W82,2,"0.573678,0.426322"
EDUCATIONxINCOME,"EDUCATIONxINCOME :: College graduate/some postgrad | Less than $30,000",GAP21Q42_W82,2,"0.537041,0.462959"
EDUCATIONxINCOME,"EDUCATIONxINCOME :: High school graduate | $100,000 or more",GAP21Q42_W82,2,"0.575588,0.424412"
EDUCATIONxINCOME,"EDUCATIONxINCOME :: High school graduate | $30,000-$50,000",GAP21Q42_W82,2,"0.575588,0.424412"
EDUCATIONxINCOME,"EDUCATIONxINCOME :: High school graduate | $50,000-$75,000",GAP21Q42_W82,2,"0.577495,0.422505"
EDUCATIONxINCOME,"EDUCATIONxINCOME :: High school graduate | $75,000-$100,000",GAP21Q42_W82,2,"0.571767,0.428233"
EDUCATIONxINCOME,"EDUCATIONxINCOME :: High school graduate | Less than $30,000",GAP21Q42_W82,2,"0.538983,0.461017"
EDUCATIONxINCOME,EDUCATIONxINCOME :: High school graduate | Refused,GAP21Q42_W82,2,"0.544801,0.455199"
EDUCATIONxINCOME,"EDUCATIONxINCOME :: Less than high school | $30,000-$50,000",GAP21Q42_W82,2,"0.562177,0.437824"
EDUCATIONxINCOME,"EDUCATIONxINCOME :: Less than high school | Less than $30,000",GAP21Q42_W82,2,"0.533154,0.466846"
EDUCATIONxINCOME,"EDUCATIONxINCOME :: Postgraduate | $100,000 or more",GAP21Q42_W82,2,"0.573678,0.426322"
EDUCATIONxINCOME,"EDUCATIONxINCOME :: Postgraduate | $30,000-$50,000",GAP21Q42_W82,2,"0.558327,0.441673"
EDUCATIONxINCOME,"EDUCATIONxINCOME :: Postgraduate | $50,000-$75,000",GAP21Q42_W82,2,"0.562177,0.437824"
EDUCATIONxINCOME,"EDUCATIONxINCOME :: Postgraduate | $75,000-$100,000",GAP21Q42_W82,2,"0.564098,0.435902"
EDUCATIONxINCOME,"EDUCATIONxINCOME :: Some college, no degree | $100,000 or more",GAP21Q42_W82,2,"0.554470,0.445530"
EDUCATIONxINCOME,"EDUCATIONxINCOME :: Some college, no degree | $30,000-$50,000",GAP21Q42_W82,2,"0.548674,0.451327"
EDUCATIONxINCOME,"EDUCATIONxINCOME :: Some college, no degree | $50,000-$75,000",GAP21Q42_W82,2,"0.546738,0.453262"
EDUCATIONxINCOME,"EDUCATIONxINCOME :: Some college, no degree | $75,000-$100,000",GAP21Q42_W82,2,"0.548674,0.451327"
EDUCATIONxINCOME,"EDUCATIONxINCOME :: Some college, no degree | Less than $30,000",GAP21Q42_W82,2,"0.521471,0.478529"
EDUCATIONxINCOME,"EDUCATIONxINCOME :: Associate's degree | $30,000-$50,000",GAP21Q43_f_W82,4,"0.633324,0.200847,0.110055,0.055773"
EDUCATIONxINCOME,"EDUCATIONxINCOME :: Associate's degree | $50,000-$75,000",GAP21Q43_f_W82,4,"0.625490,0.212812,0.109546,0.052152"
EDUCATIONxINCOME,"EDUCATIONxINCOME :: Associate's degree | $75,000-$100,000",GAP21Q43_f_W82,4,"0.653436,0.196197,0.090530,0.059837"
EDUCATIONxINCOME,"EDUCATIONxINCOME :: Associate's degree | Less than $30,000",GAP21Q43_f_W82,4,"0.635582,0.192333,0.104570,0.067515"
EDUCATIONxINCOME,"EDUCATIONxINCOME :: College graduate/some postgrad | $100,000 or more",GAP21Q43_f_W82,4,"0.702650,0.168203,0.084578,0.044569"
EDUCATIONxINCOME,"EDUCATIONxINCOME :: College graduate/some postgrad | $30,000-$50,000",GAP21Q43_f_W82,4,"0.645285,0.198344,0.106999,0.049372"
EDUCATIONxINCOME,"EDUCATIONxINCOME :: College graduate/some postgrad | $50,000-$75,000",GAP21Q43_f_W82,4,"0.628742,0.215596,0.110116,0.045546"
EDUCATIONxINCOME,"EDUCATIONxINCOME :: College graduate/some postgrad | $75,000-$100,000",GAP21Q43_f_W82,4,"0.661297,0.195479,0.090199,0.053025"
EDUCATIONxINCOME,"EDUCATIONxINCOME :: College graduate/some postgrad | Less than $30,000",GAP21Q43_f_W82,4,"0.619802,0.204389,0.111996,0.063813"
EDUCATIONxINCOME,"EDUCATIONxINCOME :: High school graduate | $100,000 or more",GAP21Q43_f_W82,4,"0.660712,0.192278,0.094444,0.052566"
EDUCATIONxINCOME,"EDUCATIONxINCOME :: High school graduate | $30,000-$50,000",GAP21Q43_f_W82,4,"0.618670,0.218877,0.110058,0.052396"
EDUCATIONxINCOME,"EDUCATIONxINCOME :: High school graduate | $50,000-$75,000",GAP21Q43_f_W82,4,"0.636361,0.214826,0.103075,0.045739"
EDUCATIONxINCOME,"EDUCATIONxINCOME :: High school graduate | $75,000-$100,000",GAP21Q43_f_W82,4,"0.641489,0.213200,0.090983,0.054328"
EDUCATIONxINCOME,"EDUCATIONxINCOME :: High school graduate | Less than $30,000",GAP21Q43_f_W82,4,"0.612699,0.215078,0.108148,0.064075"
EDUCATIONxINCOME,EDUCATIONxINCOME :: High school graduate | Refused,GAP21Q43_f_W82,4,"0.553304,0.232460,0.129384,0.084852"
EDUCATIONxINCOME,"EDUCATIONxINCOME :: Less than high school | $30,000-$50,000",GAP21Q43_f_W82,4,"0.583688,0.225032,0.130238,0.061042"
EDUCATIONxINCOME,"EDUCATIONxINCOME :: Less than high school | Less than $30,000",GAP21Q43_f_W82,4,"0.588114,0.218052,0.121364,0.072470"
EDUCATIONxINCOME,"EDUCATIONxINCOME :: Postgraduate | $100,000 or more",GAP21Q43_f_W82,4,"0.693573,0.172644,0.085465,0.048318"
EDUCATIONxINCOME,"EDUCATIONxINCOME :: Postgraduate | $30,000-$50,000",GAP21Q43_f_W82,4,"0.606619,0.217993,0.118521,0.056867"
EDUCATIONxINCOME,"EDUCATIONxINCOME :: Postgraduate | $50,000-$75,000",GAP21Q43_f_W82,4,"0.602121,0.228539,0.116727,0.052613"
EDUCATIONxINCOME,"EDUCATIONxINCOME :: Postgraduate | $75,000-$100,000",GAP21Q43_f_W82,4,"0.637074,0.206828,0.095435,0.060662"
EDUCATIONxINCOME,"EDUCATIONxINCOME :: Some college, no degree | $100,000 or more",GAP21Q43_f_W82,4,"0.591221,0.222656,0.115512,0.070611"
EDUCATIONxINCOME,"EDUCATIONxINCOME :: Some college, no degree | $30,000-$50,000",GAP21Q43_f_W82,4,"0.551630,0.239114,0.135183,0.074074"
EDUCATIONxINCOME,"EDUCATIONxINCOME :: Some college, no degree | $50,000-$75,000",GAP21Q43_f_W82,4,"0.544295,0.253121,0.133385,0.069199"
EDUCATIONxINCOME,"EDUCATIONxINCOME :: Some college, no degree | $75,000-$100,000",GAP21Q43_f_W82,4,"0.577811,0.233457,0.111142,0.077590"
EDUCATIONxINCOME,"EDUCATIONxINCOME :: Some college, no degree | Less than $30,000",GAP21Q43_f_W82,4,"0.563891,0.233235,0.121001,0.081873"
EDUCATIONxINCOME,"EDUCATIONxINCOME :: Associate's degree | $30,000-$50,000",GAP21Q4_a_W82,4,"0.391035,0.337093,0.180433,0.091439"
EDUCATIONxINCOME,"EDUCATIONxINCOME :: Associate's degree | $50,000-$75,000",GAP21Q4_a_W82,4,"0.371819,0.380636,0.159917,0.087627"
EDUCATIONxINCOME,"EDUCATIONxINCOME :: Associate's degree | $75,000-$100,000",GAP21Q4_a_W82,4,"0.377527,0.365911,0.161109,0.095454"
EDUCATIONxINCOME,"EDUCATIONxINCOME :: Associate's degree | Less than $30,000",GAP21Q4_a_W82,4,"0.363133,0.351960,0.171532,0.113376"
EDUCATIONxINCOME,"EDUCATIONxINCOME :: College graduate/some postgrad | $100,000 or more",GAP21Q4_a_W82,4,"0.510509,0.293161,0.122208,0.074123"
EDUCATIONxINCOME,"EDUCATIONxINCOME :: College graduate/some postgrad | $30,000-$50,000",GAP21Q4_a_W82,4,"0.376054,0.347793,0.183274,0.092879"
EDUCATIONxINCOME,"EDUCATIONxINCOME :: College graduate/some postgrad | $50,000-$75,000",GAP21Q4_a_W82,4,"0.356489,0.385456,0.165783,0.092272"
EDUCATIONxINCOME,"EDUCATIONxINCOME :: College graduate/some postgrad | $75,000-$100,000",GAP21Q4_a_W82,4,"0.366901,0.366901,0.166672,0.099525"
EDUCATIONxINCOME,"EDUCATIONxINCOME :: College graduate/some postgrad | Less than $30,000",GAP21Q4_a_W82,4,"0.341547,0.352389,0.181394,0.124670"
EDUCATIONxINCOME,"EDUCATIONxINCOME :: High school graduate | $100,000 or more",GAP21Q4_a_W82,4,"0.467318,0.308878,0.135997,0.087806"
EDUCATIONxINCOME,"EDUCATIONxINCOME :: High school graduate | $30,000-$50,000",GAP21Q4_a_W82,4,"0.354134,0.362532,0.179466,0.103867"
EDUCATIONxINCOME,"EDUCATIONxINCOME :: High school graduate | $50,000-$75,000",GAP21Q4_a_W82,4,"0.337475,0.407072,0.163192,0.092261"
EDUCATIONxINCOME,"EDUCATIONxINCOME :: High school graduate | $75,000-$100,000",GAP21Q4_a_W82,4,"0.341263,0.386701,0.166318,0.105718"
EDUCATIONxINCOME,"EDUCATIONxINCOME :: High school graduate | Less than $30,000",GAP21Q4_a_W82,4,"0.314865,0.371001,0.180812,0.133322"
EDUCATIONxINCOME,EDUCATIONxINCOME :: High school graduate | Refused,GAP21Q4_a_W82,4,"0.286357,0.350852,0.204650,0.158141"
EDUCATIONxINCOME,"EDUCATIONxINCOME :: Less than high school | $30,000-$50,000",GAP21Q4_a_W82,4,"0.329325,0.342443,0.212628,0.115604"
EDUCATIONxINCOME,"EDUCATIONxINCOME :: Less than high school | Less than $30,000",GAP21Q4_a_W82,4,"0.296803,0.349720,0.208827,0.144650"
EDUCATIONxINCOME,"EDUCATIONxINCOME :: Postgraduate | $100,000 or more",GAP21Q4_a_W82,4,"0.507311,0.284576,0.125297,0.082816"
EDUCATIONxINCOME,"EDUCATIONxINCOME :: Postgraduate | $30,000-$50,000",GAP21Q4_a_W82,4,"0.369358,0.331091,0.188650,0.110901"
EDUCATIONxINCOME,"EDUCATIONxINCOME :: Postgraduate | $50,000-$75,000",GAP21Q4_a_W82,4,"0.361376,0.369946,0.166748,0.101931"
EDUCATIONxINCOME,"EDUCATIONxINCOME :: Postgraduate | $75,000-$100,000",GAP21Q4_a_W82,4,"0.362452,0.354056,0.171210,0.112282"
EDUCATIONxINCOME,"EDUCATIONxINCOME :: Some college, no degree | $100,000 or more",GAP21Q4_a_W82,4,"0.399020,0.320622,0.172963,0.107395"
EDUCATIONxINCOME,"EDUCATIONxINCOME :: Some college, no degree | $30,000-$50,000",GAP21Q4_a_W82,4,"0.317511,0.343311,0.214839,0.124339"
EDUCATIONxINCOME,"EDUCATIONxINCOME :: Some college, no degree | $50,000-$75,000",GAP21Q4_a_W82,4,"0.306465,0.378433,0.197869,0.117233"
EDUCATIONxINCOME,"EDUCATIONxINCOME :: Some college, no degree | $75,000-$100,000",GAP21Q4_a_W82,4,"0.304839,0.362005,0.203067,0.130089"
EDUCATIONxINCOME,"EDUCATIONxINCOME :: Some college, no degree | Less than $30,000",GAP21Q4_a_W82,4,"0.283050,0.352261,0.211995,0.152694"
EDUCATIONxINCOME,"EDUCATIONxINCOME :: Associate's degree | $30,000-$50,000",GAP21Q5_a_W82,2,"0.505859,0.494141"
EDUCATIONxINCOME,"EDUCATIONxINCOME :: Associate's degree | $50,000-$75,000",GAP21Q5_a_W82,2,"0.476580,0.523420"
EDUCATIONxINCOME,"EDUCATIONxINCOME :: Associate's degree | $75,000-$100,000",GAP21Q5_a_W82,2,"0.476580,0.523420"
EDUCATIONxINCOME,"EDUCATIONxINCOME :: Associate's degree | Less than $30,000",GAP21Q5_a_W82,2,"0.461017,0.538983"
EDUCATIONxINCOME,"EDUCATIONxINCOME :: College graduate/some postgrad | $100,000 or more",GAP21Q5_a_W82,2,"0.492188,0.507812"
EDUCATIONxINCOME,"EDUCATIONxINCOME :: College graduate/some postgrad | $30,000-$50,000",GAP21Q5_a_W82,2,"0.523420,0.476580"
EDUCATIONxINCOME,"EDUCATIONxINCOME :: College graduate/some postgrad | $50,000-$75,000",GAP21Q5_a_W82,2,"0.490236,0.509764"
EDUCATIONxINCOME,"EDUCATIONxINCOME :: College graduate/some postgrad | $75,000-$100,000",GAP21Q5_a_W82,2,"0.486332,0.513668"
EDUCATIONxINCOME,"EDUCATIONxINCOME :: College graduate/some postgrad | Less than $30,000",GAP21Q5_a_W82,2,"0.462959,0.537041"
EDUCATIONxINCOME,"EDUCATIONxINCOME :: High school graduate | $100,000 or more",GAP21Q5_a_W82,2,"0.486332,0.513668"
EDUCATIONxINCOME,"EDUCATIONxINCOME :: High school graduate | $30,000-$50,000",GAP21Q5_a_W82,2,"0.492188,0.507812"
EDUCATIONxINCOME,"EDUCATIONxINCOME :: High school graduate | $50,000-$75,000",GAP21Q5_a_W82,2,"0.490236,0.509764"
EDUCATIONxINCOME,"EDUCATIONxINCOME :: High school graduate | $75,000-$100,000",GAP21Q5_a_W82,2,"0.482429,0.517571"
EDUCATIONxINCOME,"EDUCATIONxINCOME :: High school graduate | Less than $30,000",GAP21Q5_a_W82,2,"0.455199,0.544801"
EDUCATIONxINCOME,EDUCATIONxINCOME :: High school graduate | Refused,GAP21Q5_a_W82,2,"0.513668,0.486332"
EDUCATIONxINCOME,"EDUCATIONxINCOME :: Less than high school | $30,000-$50,000",GAP21Q5_a_W82,2,"0.490236,0.509764"
EDUCATIONxINCOME,"EDUCATIONxINCOME :: Less than high school | Less than $30,000",GAP21Q5_a_W82,2,"0.455199,0.544801"
EDUCATIONxINCOME,"EDUCATIONxINCOME :: Postgraduate | $100,000 or more",GAP21Q5_a_W82,2,"0.480479,0.519521"
EDUCATIONxINCOME,"EDUCATIONxINCOME :: Postgraduate | $30,000-$50,000",GAP21Q5_a_W82,2,"0.490236,0.509764"
EDUCATIONxINCOME,"EDUCATIONxINCOME :: Postgraduate | $50,000-$75,000",GAP21Q5_a_W82,2,"0.478529,0.521471"
EDUCATIONxINCOME,"EDUCATIONxINCOME :: Postgraduate | $75,000-$100,000",GAP21Q5_a_W82,2,"0.486332,0.513668"
EDUCATIONxINCOME,"EDUCATIONxINCOME :: Some college, no degree | $100,000 or more",GAP21Q5_a_W82,2,"0.505859,0.494141"
EDUCATIONxINCOME,"EDUCATIONxINCOME :: Some college, no degree | $30,000-$50,000",GAP21Q5_a_W82,2,"0.505859,0.494141"
EDUCATIONxINCOME,"EDUCATIONxINCOME :: Some college, no degree | $50,000-$75,000",GAP21Q5_a_W82,2,"0.496094,0.503906"
EDUCATIONxINCOME,"EDUCATIONxINCOME :: Some college, no degree | $75,000-$100,000",GAP21Q5_a_W82,2,"0.501953,0.498047"
EDUCATIONxINCOME,"EDUCATIONxINCOME :: Some college, no degree | Less than $30,000",GAP21Q5_a_W82,2,"0.474631,0.525369"
EDUCATIONxINCOME,"EDUCATIONxINCOME :: Associate's degree | $100,000 or more",GIRLSF2C_W29,3,"0.197383,0.317891,0.484726"
EDUCATIONxINCOME,"EDUCATIONxINCOME :: Associate's degree | $30,000-$50,000",GIRLSF2C_W29,3,"0.187434,0.326398,0.486168"
EDUCATIONxINCOME,"EDUCATIONxINCOME :: Associate's degree | $50,000-$75,000",GIRLSF2C_W29,3,"0.188171,0.346100,0.465729"
EDUCATIONxINCOME,"EDUCATIONxINCOME :: Associate's degree | $75,000-$100,000",GIRLSF2C_W29,3,"0.197461,0.357555,0.444984"
EDUCATIONxINCOME,"EDUCATIONxINCOME :: Associate's degree | Less than $30,000",GIRLSF2C_W29,3,"0.215036,0.386350,0.398614"
EDUCATIONxINCOME,"EDUCATIONxINCOME :: College graduate/some postgrad | $100,000 or more",GIRLSF2C_W29,3,"0.201462,0.337386,0.461152"
EDUCATIONxINCOME,"EDUCATIONxINCOME :: College graduate/some postgrad | $30,000-$50,000",GIRLSF2C_W29,3,"0.195680,0.300716,0.503604"
EDUCATIONxINCOME,"EDUCATIONxINCOME :: College graduate/some postgrad | $50,000-$75,000",GIRLSF2C_W29,3,"0.202610,0.326309,0.471082"
EDUCATIONxINCOME,"EDUCATIONxINCOME :: College graduate/some postgrad | $75,000-$100,000",GIRLSF2C_W29,3,"0.212089,0.338918,0.448993"
EDUCATIONxINCOME,"EDUCATIONxINCOME :: College graduate/some postgrad | Less than $30,000",GIRLSF2C_W29,3,"0.228924,0.362973,0.408102"
EDUCATIONxINCOME,EDUCATIONxINCOME :: College graduate/some postgrad | Refused,GIRLSF2C_W29,3,"0.209882,0.298302,0.491817"
EDUCATIONxINCOME,"EDUCATIONxINCOME :: High school graduate | $100,000 or more",GIRLSF2C_W29,3,"0.211287,0.348353,0.440360"
EDUCATIONxINCOME,"EDUCATIONxINCOME :: High school graduate | $30,000-$50,000",GIRLSF2C_W29,3,"0.207987,0.319630,0.472383"
EDUCATIONxINCOME,"EDUCATIONxINCOME :: High school graduate | $50,000-$75,000",GIRLSF2C_W29,3,"0.198361,0.314513,0.487127"
EDUCATIONxINCOME,"EDUCATIONxINCOME :: High school graduate | $75,000-$100,000",GIRLSF2C_W29,3,"0.215801,0.344849,0.439349"
EDUCATIONxINCOME,"EDUCATIONxINCOME :: High school graduate | Less than $30,000",GIRLSF2C_W29,3,"0.229783,0.370073,0.400144"
EDUCATIONxINCOME,"EDUCATIONxINCOME :: Less than high school | Less than $30,000",GIRLSF2C_W29,3,"0.247650,0.380583,0.371767"
EDUCATIONxINCOME,"EDUCATIONxINCOME :: Postgraduate | $100,000 or more",GIRLSF2C_W29,3,"0.222816,0.367362,0.409822"
EDUCATIONxINCOME,"EDUCATIONxINCOME :: Postgraduate | $30,000-$50,000",GIRLSF2C_W29,3,"0.222139,0.336085,0.441776"
EDUCATIONxINCOME,"EDUCATIONxINCOME :: Postgraduate | $50,000-$75,000",GIRLSF2C_W29,3,"0.223537,0.348937,0.427526"
EDUCATIONxINCOME,"EDUCATIONxINCOME :: Postgraduate | $75,000-$100,000",GIRLSF2C_W29,3,"0.229379,0.355269,0.415352"
EDUCATIONxINCOME,"EDUCATIONxINCOME :: Postgraduate | Less than $30,000",GIRLSF2C_W29,3,"0.252054,0.375434,0.372512"
EDUCATIONxINCOME,EDUCATIONxINCOME :: Postgraduate | Refused,GIRLSF2C_W29,3,"0.233678,0.319400,0.446921"
EDUCATIONxINCOME,"EDUCATIONxINCOME :: Some college, no degree | $100,000 or more",GIRLSF2C_W29,3,"0.236117,0.332978,0.430905"
EDUCATIONxINCOME,"EDUCATIONxINCOME :: Some college, no degree | $30,000-$50,000",GIRLSF2C_W29,3,"0.226501,0.297729,0.475770"
EDUCATIONxINCOME,"EDUCATIONxINCOME :: Some college, no degree | $50,000-$75,000",GIRLSF2C_W29,3,"0.228462,0.317188,0.454351"
EDUCATIONxINCOME,"EDUCATIONxINCOME :: Some college, no degree | $75,000-$100,000",GIRLSF2C_W29,3,"0.232045,0.317168,0.450787"
EDUCATIONxINCOME,"EDUCATIONxINCOME :: Some college, no degree | Less than $30,000",GIRLSF2C_W29,3,"0.243093,0.340148,0.416759"
EDUCATIONxINCOME,"EDUCATIONxINCOME :: Some college, no degree | Refused",GIRLSF2C_W29,3,"0.235616,0.273319,0.491065"
EDUCATIONxINCOME,"EDUCATIONxINCOME :: Associate's degree | $100,000 or more",GODMORALIMP_W92,4,"0.455537,0.298749,0.140021,0.105693"
EDUCATIONxINCOME,"EDUCATIONxINCOME :: Associate's degree | $30,000-$50,000",GODMORALIMP_W92,4,"0.350655,0.345218,0.179097,0.125030"
EDUCATIONxINCOME,"EDUCATIONxINCOME :: Associate's degree | $50,000-$75,000",GODMORALIMP_W92,4,"0.335814,0.354690,0.184011,0.125485"
EDUCATIONxINCOME,"EDUCATIONxINCOME :: Associate's degree | $75,000-$100,000",GODMORALIMP_W92,4,"0.358844,0.345097,0.163012,0.133047"
EDUCATIONxINCOME,"EDUCATIONxINCOME :: Associate's degree | Less than $30,000",GODMORALIMP_W92,4,"0.356037,0.290589,0.164284,0.189090"
EDUCATIONxINCOME,EDUCATIONxINCOME :: Associate's degree | Refused,GODMORALIMP_W92,4,"0.340457,0.300452,0.172535,0.186555"
EDUCATIONxINCOME,"EDUCATIONxINCOME :: College graduate/some postgrad | $100,000 or more",GODMORALIMP_W92,4,"0.432370,0.292556,0.148260,0.126814"
EDUCATIONxINCOME,"EDUCATIONxINCOME :: College graduate/some postgrad | $30,000-$50,000",GODMORALIMP_W92,4,"0.374868,0.336030,0.172973,0.116129"
EDUCATIONxINCOME,"EDUCATIONxINCOME :: College graduate/some postgrad | $50,000-$75,000",GODMORALIMP_W92,4,"0.345853,0.348565,0.185122,0.120461"
EDUCATIONxINCOME,"EDUCATIONxINCOME :: College graduate/some postgrad | $75,000-$100,000",GODMORALIMP_W92,4,"0.373789,0.332455,0.164577,0.129178"
EDUCATIONxINCOME,"EDUCATIONxINCOME :: College graduate/some postgrad | Less than $30,000",GODMORALIMP_W92,4,"0.346825,0.289783,0.170355,0.193037"
EDUCATIONxINCOME,EDUCATIONxINCOME :: College graduate/some postgrad | Refused,GODMORALIMP_W92,4,"0.330708,0.308254,0.178404,0.182634"
EDUCATIONxINCOME,"EDUCATIONxINCOME :: High school graduate | $100,000 or more",GODMORALIMP_W92,4,"0.410624,0.302775,0.152245,0.134356"
EDUCATIONxINCOME,"EDUCATIONxINCOME :: High school graduate | $30,000-$50,000",GODMORALIMP_W92,4,"0.353685,0.345492,0.173724,0.127099"
EDUCATIONxINCOME,"EDUCATIONxINCOME :: High school graduate | $50,000-$75,000",GODMORALIMP_W92,4,"0.358885,0.350572,0.172195,0.118348"
EDUCATIONxINCOME,"EDUCATIONxINCOME :: High school graduate | $75,000-$100,000",GODMORALIMP_W92,4,"0.364936,0.345514,0.159429,0.130122"
EDUCATIONxINCOME,"EDUCATIONxINCOME :: High school graduate | Less than $30,000",GODMORALIMP_W92,4,"0.347738,0.299769,0.160455,0.192039"
EDUCATIONxINCOME,EDUCATIONxINCOME :: High school graduate | Refused,GODMORALIMP_W92,4,"0.325280,0.315272,0.174110,0.185339"
EDUCATIONxINCOME,"EDUCATIONxINCOME :: Less than high school | $30,000-$50,000",GODMORALIMP_W92,4,"0.343806,0.330635,0.189868,0.135692"
EDUCATIONxINCOME,"EDUCATIONxINCOME :: Less than high school | $50,000-$75,000",GODMORALIMP_W92,4,"0.331811,0.337036,0.198133,0.133020"
EDUCATIONxINCOME,"EDUCATIONxINCOME :: Less than high school | Less than $30,000",GODMORALIMP_W92,4,"0.338365,0.284932,0.171475,0.205229"
EDUCATIONxINCOME,"EDUCATIONxINCOME :: Postgraduate | $100,000 or more",GODMORALIMP_W92,4,"0.430884,0.284797,0.146601,0.137719"
EDUCATIONxINCOME,"EDUCATIONxINCOME :: Postgraduate | $30,000-$50,000",GODMORALIMP_W92,4,"0.349088,0.333102,0.181105,0.136705"
EDUCATIONxINCOME,"EDUCATIONxINCOME :: Postgraduate | $50,000-$75,000",GODMORALIMP_W92,4,"0.340945,0.338291,0.188287,0.132477"
EDUCATIONxINCOME,"EDUCATIONxINCOME :: Postgraduate | $75,000-$100,000",GODMORALIMP_W92,4,"0.366817,0.328813,0.164051,0.140320"
EDUCATIONxINCOME,"EDUCATIONxINCOME :: Postgraduate | Less than $30,000",GODMORALIMP_W92,4,"0.358869,0.268781,0.163024,0.209327"
EDUCATIONxINCOME,EDUCATIONxINCOME :: Postgraduate | Refused,GODMORALIMP_W92,4,"0.332596,0.298137,0.175266,0.194001"
EDUCATIONxINCOME,"EDUCATIONxINCOME :: Some college, no degree | $100,000 or more",GODMORALIMP_W92,4,"0.374349,0.303157,0.170056,0.152437"
EDUCATIONxINCOME,"EDUCATIONxINCOME :: Some college, no degree | $30,000-$50,000",GODMORALIMP_W92,4,"0.323970,0.334254,0.193451,0.148324"
EDUCATIONxINCOME,"EDUCATIONxINCOME :: Some college, no degree | $50,000-$75,000",GODMORALIMP_W92,4,"0.310991,0.341557,0.203953,0.143499"
EDUCATIONxINCOME,"EDUCATIONxINCOME :: Some college, no degree | $75,000-$100,000",GODMORALIMP_W92,4,"0.329373,0.334560,0.180482,0.155585"
EDUCATIONxINCOME,"EDUCATIONxINCOME :: Some college, no degree | Less than $30,000",GODMORALIMP_W92,4,"0.324085,0.295083,0.174831,0.206001"
EDUCATIONxINCOME,"EDUCATIONxINCOME :: Some college, no degree | Refused",GODMORALIMP_W92,4,"0.326398,0.277010,0.177459,0.219133"
EDUCATIONxINCOME,"EDUCATIONxINCOME :: Associate's degree | $100,000 or more",GOVPRIOb_W41,4,"0.777689,0.147269,0.052102,0.022940"
EDUCATIONxINCOME,"EDUCATIONxINCOME :: Associate's degree | $30,000-$50,000",GOVPRIOb_W41,4,"0.741917,0.168151,0.063326,0.026605"
EDUCATIONxINCOME,"EDUCATIONxINCOME :: Associate's degree | $50,000-$75,000",GOVPRIOb_W41,4,"0.708131,0.204474,0.059505,0.027890"
EDUCATIONxINCOME,"EDUCATIONxINCOME :: Associate's degree | Less than $30,000",GOVPRIOb_W41,4,"0.705558,0.200573,0.062134,0.031735"
EDUCATIONxINCOME,"EDUCATIONxINCOME :: College graduate/some postgrad | $100,000 or more",GOVPRIOb_W41,4,"0.774164,0.151256,0.052273,0.022307"
EDUCATIONxINCOME,"EDUCATIONxINCOME :: College graduate/some postgrad | $30,000-$50,000",GOVPRIOb_W41,4,"0.748202,0.161810,0.063366,0.026622"
EDUCATIONxINCOME,"EDUCATIONxINCOME :: College graduate/some postgrad | $50,000-$75,000",GOVPRIOb_W41,4,"0.716264,0.197351,0.059256,0.027129"
EDUCATIONxINCOME,"EDUCATIONxINCOME :: College graduate/some postgrad | $75,000-$100,000",GOVPRIOb_W41,4,"0.738463,0.179560,0.052665,0.029312"
EDUCATIONxINCOME,"EDUCATIONxINCOME :: College graduate/some postgrad | Less than $30,000",GOVPRIOb_W41,4,"0.710326,0.192681,0.064540,0.032453"
EDUCATIONxINCOME,"EDUCATIONxINCOME :: High school graduate | $100,000 or more",GOVPRIOb_W41,4,"0.717866,0.191707,0.060797,0.029630"
EDUCATIONxINCOME,"EDUCATIONxINCOME :: High school graduate | $30,000-$50,000",GOVPRIOb_W41,4,"0.722998,0.185681,0.061711,0.029609"
EDUCATIONxINCOME,"EDUCATIONxINCOME :: High school graduate | $50,000-$75,000",GOVPRIOb_W41,4,"0.695008,0.216992,0.058403,0.029597"
EDUCATIONxINCOME,"EDUCATIONxINCOME :: High school graduate | $75,000-$100,000",GOVPRIOb_W41,4,"0.691412,0.220988,0.055008,0.032591"
EDUCATIONxINCOME,"EDUCATIONxINCOME :: High school graduate | Less than $30,000",GOVPRIOb_W41,4,"0.672698,0.227093,0.064557,0.035652"
EDUCATIONxINCOME,EDUCATIONxINCOME :: High school graduate | Refused,GOVPRIOb_W41,4,"0.554200,0.283058,0.098589,0.064153"
EDUCATIONxINCOME,"EDUCATIONxINCOME :: Less than high school | Less than $30,000",GOVPRIOb_W41,4,"0.633460,0.246136,0.079909,0.040496"
EDUCATIONxINCOME,"EDUCATIONxINCOME :: Postgraduate | $100,000 or more",GOVPRIOb_W41,4,"0.754412,0.165722,0.054649,0.025217"
EDUCATIONxINCOME,"EDUCATIONxINCOME :: Postgraduate | $30,000-$50,000",GOVPRIOb_W41,4,"0.719301,0.181868,0.067959,0.030872"
EDUCATIONxINCOME,"EDUCATIONxINCOME :: Postgraduate | $50,000-$75,000",GOVPRIOb_W41,4,"0.683222,0.216672,0.067648,0.032458"
EDUCATIONxINCOME,"EDUCATIONxINCOME :: Postgraduate | $75,000-$100,000",GOVPRIOb_W41,4,"0.700328,0.205406,0.058850,0.035416"
EDUCATIONxINCOME,"EDUCATIONxINCOME :: Some college, no degree | $100,000 or more",GOVPRIOb_W41,4,"0.647727,0.229157,0.081708,0.041408"
EDUCATIONxINCOME,"EDUCATIONxINCOME :: Some college, no degree | $30,000-$50,000",GOVPRIOb_W41,4,"0.647151,0.221909,0.086901,0.044039"
EDUCATIONxINCOME,"EDUCATIONxINCOME :: Some college, no degree | $50,000-$75,000",GOVPRIOb_W41,4,"0.605639,0.262525,0.086572,0.045265"
EDUCATIONxINCOME,"EDUCATIONxINCOME :: Some college, no degree | $75,000-$100,000",GOVPRIOb_W41,4,"0.622477,0.251503,0.076107,0.049912"
EDUCATIONxINCOME,"EDUCATIONxINCOME :: Some college, no degree | Less than $30,000",GOVPRIOb_W41,4,"0.618543,0.251874,0.081135,0.048448"
EDUCATIONxINCOME,"EDUCATIONxINCOME :: Associate's degree | $100,000 or more",GOVPRIOc_W41,4,"0.811034,0.127326,0.041337,0.020304"
EDUCATIONxINCOME,"EDUCATIONxINCOME :: Associate's degree | $30,000-$50,000",GOVPRIOc_W41,4,"0.772556,0.154521,0.049775,0.023148"
EDUCATIONxINCOME,"EDUCATIONxINCOME :: Associate's degree | $50,000-$75,000",GOVPRIOc_W41,4,"0.745002,0.179740,0.051496,0.023762"
EDUCATIONxINCOME,"EDUCATIONxINCOME :: Associate's degree | Less than $30,000",GOVPRIOc_W41,4,"0.747380,0.176137,0.049682,0.026801"
EDUCATIONxINCOME,"EDUCATIONxINCOME :: College graduate/some postgrad | $100,000 or more",GOVPRIOc_W41,4,"0.817623,0.126370,0.037943,0.018064"
EDUCATIONxINCOME,"EDUCATIONxINCOME :: College graduate/some postgrad | $30,000-$50,000",GOVPRIOc_W41,4,"0.792409,0.139868,0.045765,0.021958"
EDUCATIONxINCOME,"EDUCATIONxINCOME :: College graduate/some postgrad | $50,000-$75,000",GOVPRIOc_W41,4,"0.769835,0.161366,0.046960,0.021839"
EDUCATIONxINCOME,"EDUCATIONxINCOME :: College graduate/some postgrad | $75,000-$100,000",GOVPRIOc_W41,4,"0.794726,0.141378,0.038350,0.025546"
EDUCATIONxINCOME,"EDUCATIONxINCOME :: College graduate/some postgrad | Less than $30,000",GOVPRIOc_W41,4,"0.769223,0.158738,0.046923,0.025116"
EDUCATIONxINCOME,"EDUCATIONxINCOME :: High school graduate | $100,000 or more",GOVPRIOc_W41,4,"0.761055,0.163309,0.050197,0.025439"
EDUCATIONxINCOME,"EDUCATIONxINCOME :: High school graduate | $30,000-$50,000",GOVPRIOc_W41,4,"0.767644,0.158412,0.049074,0.024869"
EDUCATIONxINCOME,"EDUCATIONxINCOME :: High school graduate | $50,000-$75,000",GOVPRIOc_W41,4,"0.754576,0.172361,0.048617,0.024446"
EDUCATIONxINCOME,"EDUCATIONxINCOME :: High school graduate | $75,000-$100,000",GOVPRIOc_W41,4,"0.751159,0.175650,0.044066,0.029126"
EDUCATIONxINCOME,"EDUCATIONxINCOME :: High school graduate | Less than $30,000",GOVPRIOc_W41,4,"0.733953,0.187028,0.050338,0.028682"
EDUCATIONxINCOME,EDUCATIONxINCOME :: High school graduate | Refused,GOVPRIOc_W41,4,"0.628815,0.246248,0.074517,0.050421"
EDUCATIONxINCOME,"EDUCATIONxINCOME :: Less than high school | Less than $30,000",GOVPRIOc_W41,4,"0.698605,0.209759,0.058705,0.032930"
EDUCATIONxINCOME,"EDUCATIONxINCOME :: Postgraduate | $100,000 or more",GOVPRIOc_W41,4,"0.800712,0.136986,0.041131,0.021172"
EDUCATIONxINCOME,"EDUCATIONxINCOME :: Postgraduate | $30,000-$50,000",GOVPRIOc_W41,4,"0.763057,0.158701,0.051927,0.026315"
EDUCATIONxINCOME,"EDUCATIONxINCOME :: Postgraduate | $50,000-$75,000",GOVPRIOc_W41,4,"0.733983,0.182703,0.056158,0.027156"
EDUCATIONxINCOME,"EDUCATIONxINCOME :: Postgraduate | $75,000-$100,000",GOVPRIOc_W41,4,"0.755535,0.167271,0.045020,0.032175"
EDUCATIONxINCOME,"EDUCATIONxINCOME :: Some college, no degree | $100,000 or more",GOVPRIOc_W41,4,"0.695172,0.202306,0.065679,0.036843"
EDUCATIONxINCOME,"EDUCATIONxINCOME :: Some college, no degree | $30,000-$50,000",GOVPRIOc_W41,4,"0.695456,0.199252,0.067264,0.038028"
EDUCATIONxINCOME,"EDUCATIONxINCOME :: Some college, no degree | $50,000-$75,000",GOVPRIOc_W41,4,"0.657858,0.229133,0.073810,0.039200"
EDUCATIONxINCOME,"EDUCATIONxINCOME :: Some college, no degree | $75,000-$100,000",GOVPRIOc_W41,4,"0.683372,0.211699,0.058787,0.046142"
EDUCATIONxINCOME,"EDUCATIONxINCOME :: Some college, no degree | Less than $30,000",GOVPRIOc_W41,4,"0.685447,0.215686,0.059894,0.038974"
EDUCATIONxINCOME,"EDUCATIONxINCOME :: Associate's degree | $100,000 or more",GOVPRIOlF2_W41,4,"0.428692,0.240474,0.181520,0.149314"
EDUCATIONxINCOME,"EDUCATIONxINCOME :: Associate's degree | $30,000-$50,000",GOVPRIOlF2_W41,4,"0.375344,0.272470,0.199344,0.152842"
EDUCATIONxINCOME,"EDUCATIONxINCOME :: Associate's degree | $50,000-$75,000",GOVPRIOlF2_W41,4,"0.356091,0.290633,0.201315,0.151961"
EDUCATIONxINCOME,"EDUCATIONxINCOME :: Associate's degree | Less than $30,000",GOVPRIOlF2_W41,4,"0.349665,0.263941,0.199233,0.187162"
EDUCATIONxINCOME,"EDUCATIONxINCOME :: College graduate/some postgrad | $100,000 or more",GOVPRIOlF2_W41,4,"0.387692,0.266457,0.190428,0.155423"
EDUCATIONxINCOME,"EDUCATIONxINCOME :: College graduate/some postgrad | $30,000-$50,000",GOVPRIOlF2_W41,4,"0.375108,0.268078,0.199219,0.157595"
EDUCATIONxINCOME,"EDUCATIONxINCOME :: College graduate/some postgrad | $50,000-$75,000",GOVPRIOlF2_W41,4,"0.355141,0.292131,0.202353,0.150376"
EDUCATIONxINCOME,"EDUCATIONxINCOME :: College graduate/some postgrad | $75,000-$100,000",GOVPRIOlF2_W41,4,"0.354049,0.284487,0.195525,0.165940"
EDUCATIONxINCOME,"EDUCATIONxINCOME :: College graduate/some postgrad | Less than $30,000",GOVPRIOlF2_W41,4,"0.344100,0.267986,0.202286,0.185628"
EDUCATIONxINCOME,"EDUCATIONxINCOME :: High school graduate | $100,000 or more",GOVPRIOlF2_W41,4,"0.371943,0.274254,0.197538,0.156265"
EDUCATIONxINCOME,"EDUCATIONxINCOME :: High school graduate | $30,000-$50,000",GOVPRIOlF2_W41,4,"0.362242,0.284327,0.200049,0.153383"
EDUCATIONxINCOME,"EDUCATIONxINCOME :: High school graduate | $50,000-$75,000",GOVPRIOlF2_W41,4,"0.363713,0.287721,0.199298,0.149268"
EDUCATIONxINCOME,"EDUCATIONxINCOME :: High school graduate | $75,000-$100,000",GOVPRIOlF2_W41,4,"0.353288,0.292886,0.192079,0.161747"
EDUCATIONxINCOME,"EDUCATIONxINCOME :: High school graduate | Less than $30,000",GOVPRIOlF2_W41,4,"0.344960,0.275026,0.199648,0.180367"
EDUCATIONxINCOME,EDUCATIONxINCOME :: High school graduate | Refused,GOVPRIOlF2_W41,4,"0.343692,0.261467,0.192794,0.202046"
EDUCATIONxINCOME,"EDUCATIONxINCOME :: Less than high school | Less than $30,000",GOVPRIOlF2_W41,4,"0.333543,0.261801,0.205490,0.199167"
EDUCATIONxINCOME,"EDUCATIONxINCOME :: Postgraduate | $100,000 or more",GOVPRIOlF2_W41,4,"0.388038,0.262560,0.187643,0.161758"
EDUCATIONxINCOME,"EDUCATIONxINCOME :: Postgraduate | $30,000-$50,000",GOVPRIOlF2_W41,4,"0.362068,0.277607,0.198397,0.161927"
EDUCATIONxINCOME,"EDUCATIONxINCOME :: Postgraduate | $50,000-$75,000",GOVPRIOlF2_W41,4,"0.353072,0.292707,0.201175,0.153046"
EDUCATIONxINCOME,"EDUCATIONxINCOME :: Postgraduate | $75,000-$100,000",GOVPRIOlF2_W41,4,"0.352787,0.283472,0.191807,0.171934"
EDUCATIONxINCOME,"EDUCATIONxINCOME :: Some college, no degree | $100,000 or more",GOVPRIOlF2_W41,4,"0.357560,0.267800,0.199012,0.175628"
EDUCATIONxINCOME,"EDUCATIONxINCOME :: Some college, no degree | $30,000-$50,000",GOVPRIOlF2_W41,4,"0.343477,0.275992,0.205100,0.175431"
EDUCATIONxINCOME,"EDUCATIONxINCOME :: Some college, no degree | $50,000-$75,000",GOVPRIOlF2_W41,4,"0.334921,0.290984,0.209588,0.164507"
EDUCATIONxINCOME,"EDUCATIONxINCOME :: Some college, no degree | $75,000-$100,000",GOVPRIOlF2_W41,4,"0.332330,0.284257,0.198443,0.184970"
EDUCATIONxINCOME,"EDUCATIONxINCOME :: Some college, no degree | Less than $30,000",GOVPRIOlF2_W41,4,"0.329936,0.265111,0.201686,0.203268"
EDUCATIONxINCOME,"EDUCATIONxINCOME :: Associate's degree | $100,000 or more",GOVREGV1_W49,3,"0.509515,0.281381,0.209104"
EDUCATIONxINCOME,"EDUCATIONxINCOME :: Associate's degree | $30,000-$50,000",GOVREGV1_W49,3,"0.476747,0.275920,0.247333"
EDUCATIONxINCOME,"EDUCATIONxINCOME :: Associate's degree | $50,000-$75,000",GOVREGV1_W49,3,"0.447378,0.307478,0.245143"
EDUCATIONxINCOME,"EDUCATIONxINCOME :: Associate's degree | $75,000-$100,000",GOVREGV1_W49,3,"0.489925,0.285771,0.224304"
EDUCATIONxINCOME,"EDUCATIONxINCOME :: Associate's degree | Less than $30,000",GOVREGV1_W49,3,"0.497797,0.288103,0.214100"
EDUCATIONxINCOME,"EDUCATIONxINCOME :: College graduate/some postgrad | $100,000 or more",GOVREGV1_W49,3,"0.507501,0.275924,0.216575"
EDUCATIONxINCOME,"EDUCATIONxINCOME :: College graduate/some postgrad | $30,000-$50,000",GOVREGV1_W49,3,"0.496567,0.257615,0.245818"
EDUCATIONxINCOME,"EDUCATIONxINCOME :: College graduate/some postgrad | $50,000-$75,000",GOVREGV1_W49,3,"0.461842,0.289013,0.249145"
EDUCATIONxINCOME,"EDUCATIONxINCOME :: College graduate/some postgrad | $75,000-$100,000",GOVREGV1_W49,3,"0.503960,0.263501,0.232539"
EDUCATIONxINCOME,"EDUCATIONxINCOME :: College graduate/some postgrad | Less than $30,000",GOVREGV1_W49,3,"0.503160,0.273564,0.223276"
EDUCATIONxINCOME,"EDUCATIONxINCOME :: High school graduate | $100,000 or more",GOVREGV1_W49,3,"0.481346,0.296549,0.222105"
EDUCATIONxINCOME,"EDUCATIONxINCOME :: High school graduate | $30,000-$50,000",GOVREGV1_W49,3,"0.474798,0.276947,0.248254"
EDUCATIONxINCOME,"EDUCATIONxINCOME :: High school graduate | $50,000-$75,000",GOVREGV1_W49,3,"0.452711,0.299224,0.248065"
EDUCATIONxINCOME,"EDUCATIONxINCOME :: High school graduate | $75,000-$100,000",GOVREGV1_W49,3,"0.483210,0.288538,0.228252"
EDUCATIONxINCOME,"EDUCATIONxINCOME :: High school graduate | Less than $30,000",GOVREGV1_W49,3,"0.494722,0.290832,0.214446"
EDUCATIONxINCOME,EDUCATIONxINCOME :: High school graduate | Refused,GOVREGV1_W49,3,"0.420025,0.300178,0.279797"
EDUCATIONxINCOME,"EDUCATIONxINCOME :: Less than high school | $30,000-$50,000",GOVREGV1_W49,3,"0.479814,0.271262,0.248924"
EDUCATIONxINCOME,"EDUCATIONxINCOME :: Less than high school | Less than $30,000",GOVREGV1_W49,3,"0.506137,0.286144,0.207718"
EDUCATIONxINCOME,"EDUCATIONxINCOME :: Postgraduate | $100,000 or more",GOVREGV1_W49,3,"0.515898,0.280489,0.203613"
EDUCATIONxINCOME,"EDUCATIONxINCOME :: Postgraduate | $30,000-$50,000",GOVREGV1_W49,3,"0.485666,0.268210,0.246124"
EDUCATIONxINCOME,"EDUCATIONxINCOME :: Postgraduate | $50,000-$75,000",GOVREGV1_W49,3,"0.454647,0.298165,0.247188"
EDUCATIONxINCOME,"EDUCATIONxINCOME :: Postgraduate | $75,000-$100,000",GOVREGV1_W49,3,"0.499254,0.275714,0.225031"
EDUCATIONxINCOME,"EDUCATIONxINCOME :: Postgraduate | Less than $30,000",GOVREGV1_W49,3,"0.537905,0.264210,0.197884"
EDUCATIONxINCOME,"EDUCATIONxINCOME :: Some college, no degree | $100,000 or more",GOVREGV1_W49,3,"0.462876,0.298855,0.238268"
EDUCATIONxINCOME,"EDUCATIONxINCOME :: Some college, no degree | $30,000-$50,000",GOVREGV1_W49,3,"0.455705,0.276399,0.267895"
EDUCATIONxINCOME,"EDUCATIONxINCOME :: Some college, no degree | $50,000-$75,000",GOVREGV1_W49,3,"0.426486,0.302424,0.271091"
EDUCATIONxINCOME,"EDUCATIONxINCOME :: Some college, no degree | $75,000-$100,000",GOVREGV1_W49,3,"0.461070,0.286285,0.252645"
EDUCATIONxINCOME,"EDUCATIONxINCOME :: Some college, no degree | Less than $30,000",GOVREGV1_W49,3,"0.473887,0.289682,0.236431"
EDUCATIONxINCOME,"EDUCATIONxINCOME :: Some college, no degree | Refused",GOVREGV1_W49,3,"0.448945,0.278756,0.272299"
EDUCATIONxINCOME,"EDUCATIONxINCOME :: Associate's degree | $100,000 or more",GOVRESP_b_W54,2,"0.777300,0.222700"
EDUCATIONxINCOME,"EDUCATIONxINCOME :: Associate's degree | $30,000-$50,000",GOVRESP_b_W54,2,"0.762070,0.237930"
EDUCATIONxINCOME,"EDUCATIONxINCOME :: Associate's degree | $50,000-$75,000",GOVRESP_b_W54,2,"0.735642,0.264358"
EDUCATIONxINCOME,"EDUCATIONxINCOME :: Associate's degree | $75,000-$100,000",GOVRESP_b_W54,2,"0.752013,0.247987"
EDUCATIONxINCOME,"EDUCATIONxINCOME :: Associate's degree | Less than $30,000",GOVRESP_b_W54,2,"0.724870,0.275130"
EDUCATIONxINCOME,EDUCATIONxINCOME :: Associate's degree | Refused,GOVRESP_b_W54,2,"0.692642,0.307358"
EDUCATIONxINCOME,"EDUCATIONxINCOME :: College graduate/some postgrad | $100,000 or more",GOVRESP_b_W54,2,"0.767690,0.232310"
EDUCATIONxINCOME,"EDUCATIONxINCOME :: College graduate/some postgrad | $30,000-$50,000",GOVRESP_b_W54,2,"0.760651,0.239349"
EDUCATIONxINCOME,"EDUCATIONxINCOME :: College graduate/some postgrad | $50,000-$75,000",GOVRESP_b_W54,2,"0.734120,0.265880"
EDUCATIONxINCOME,"EDUCATIONxINCOME :: College graduate/some postgrad | $75,000-$100,000",GOVRESP_b_W54,2,"0.749087,0.250913"
EDUCATIONxINCOME,"EDUCATIONxINCOME :: College graduate/some postgrad | Less than $30,000",GOVRESP_b_W54,2,"0.715424,0.284576"
EDUCATIONxINCOME,EDUCATIONxINCOME :: College graduate/some postgrad | Refused,GOVRESP_b_W54,2,"0.690976,0.309024"
EDUCATIONxINCOME,"EDUCATIONxINCOME :: High school graduate | $100,000 or more",GOVRESP_b_W54,2,"0.740174,0.259826"
EDUCATIONxINCOME,"EDUCATIONxINCOME :: High school graduate | $30,000-$50,000",GOVRESP_b_W54,2,"0.738669,0.261331"
EDUCATIONxINCOME,"EDUCATIONxINCOME :: High school graduate | $50,000-$75,000",GOVRESP_b_W54,2,"0.726426,0.273574"
EDUCATIONxINCOME,"EDUCATIONxINCOME :: High school graduate | $75,000-$100,000",GOVRESP_b_W54,2,"0.727975,0.272025"
EDUCATIONxINCOME,"EDUCATIONxINCOME :: High school graduate | Less than $30,000",GOVRESP_b_W54,2,"0.699254,0.300746"
EDUCATIONxINCOME,EDUCATIONxINCOME :: High school graduate | Refused,GOVRESP_b_W54,2,"0.668880,0.331120"
EDUCATIONxINCOME,"EDUCATIONxINCOME :: Less than high school | $30,000-$50,000",GOVRESP_b_W54,2,"0.721743,0.278257"
EDUCATIONxINCOME,"EDUCATIONxINCOME :: Less than high school | Less than $30,000",GOVRESP_b_W54,2,"0.689306,0.310694"
EDUCATIONxINCOME,"EDUCATIONxINCOME :: Postgraduate | $100,000 or more",GOVRESP_b_W54,2,"0.750553,0.249447"
EDUCATIONxINCOME,"EDUCATIONxINCOME :: Postgraduate | $30,000-$50,000",GOVRESP_b_W54,2,"0.726426,0.273574"
EDUCATIONxINCOME,"EDUCATIONxINCOME :: Postgraduate | $50,000-$75,000",GOVRESP_b_W54,2,"0.704160,0.295840"
EDUCATIONxINCOME,"EDUCATIONxINCOME :: Postgraduate | $75,000-$100,000",GOVRESP_b_W54,2,"0.726426,0.273574"
EDUCATIONxINCOME,"EDUCATIONxINCOME :: Postgraduate | Less than $30,000",GOVRESP_b_W54,2,"0.694303,0.305697"
EDUCATIONxINCOME,EDUCATIONxINCOME :: Postgraduate | Refused,GOVRESP_b_W54,2,"0.667148,0.332852"
EDUCATIONxINCOME,"EDUCATIONxINCOME :: Some college, no degree | $100,000 or more",GOVRESP_b_W54,2,"0.690976,0.309024"
EDUCATIONxINCOME,"EDUCATIONxINCOME :: Some college, no degree | $30,000-$50,000",GOVRESP_b_W54,2,"0.689306,0.310694"
EDUCATIONxINCOME,"EDUCATIONxINCOME :: Some college, no degree | $50,000-$75,000",GOVRESP_b_W54,2,"0.660172,0.339828"
EDUCATIONxINCOME,"EDUCATIONxINCOME :: Some college, no degree | $75,000-$100,000",GOVRESP_b_W54,2,"0.675765,0.324235"
EDUCATIONxINCOME,"EDUCATIONxINCOME :: Some college, no degree | Less than $30,000",GOVRESP_b_W54,2,"0.653127,0.346873"
EDUCATIONxINCOME,"EDUCATIONxINCOME :: Some college, no degree | Refused",GOVRESP_b_W54,2,"0.635222,0.364778"
EDUCATIONxINCOME,"EDUCATIONxINCOME :: Associate's degree | $100,000 or more",GROWUPGUN6_W26,4,"0.428092,0.208635,0.207012,0.156261"
EDUCATIONxINCOME,"EDUCATIONxINCOME :: Associate's degree | $30,000-$50,000",GROWUPGUN6_W26,4,"0.290989,0.271232,0.252816,0.184964"
EDUCATIONxINCOME,"EDUCATIONxINCOME :: Associate's degree | $50,000-$75,000",GROWUPGUN6_W26,4,"0.298757,0.280657,0.247679,0.172908"
EDUCATIONxINCOME,"EDUCATIONxINCOME :: Associate's degree | $75,000-$100,000",GROWUPGUN6_W26,4,"0.295250,0.266736,0.242866,0.195148"
EDUCATIONxINCOME,"EDUCATIONxINCOME :: Associate's degree | Less than $30,000",GROWUPGUN6_W26,4,"0.222912,0.206160,0.256571,0.314357"
EDUCATIONxINCOME,"EDUCATIONxINCOME :: College graduate/some postgrad | $100,000 or more",GROWUPGUN6_W26,4,"0.360250,0.241860,0.223684,0.174205"
EDUCATIONxINCOME,"EDUCATIONxINCOME :: College graduate/some postgrad | $30,000-$50,000",GROWUPGUN6_W26,4,"0.287111,0.287111,0.247506,0.178272"
EDUCATIONxINCOME,"EDUCATIONxINCOME :: College graduate/some postgrad | $50,000-$75,000",GROWUPGUN6_W26,4,"0.289204,0.291472,0.249309,0.170014"
EDUCATIONxINCOME,"EDUCATIONxINCOME :: College graduate/some postgrad | $75,000-$100,000",GROWUPGUN6_W26,4,"0.286728,0.273598,0.247175,0.192500"
EDUCATIONxINCOME,"EDUCATIONxINCOME :: College graduate/some postgrad | Less than $30,000",GROWUPGUN6_W26,4,"0.213500,0.211838,0.261585,0.313077"
EDUCATIONxINCOME,"EDUCATIONxINCOME :: High school graduate | $100,000 or more",GROWUPGUN6_W26,4,"0.339350,0.242523,0.235061,0.183066"
EDUCATIONxINCOME,"EDUCATIONxINCOME :: High school graduate | $30,000-$50,000",GROWUPGUN6_W26,4,"0.269384,0.277936,0.263144,0.189536"
EDUCATIONxINCOME,"EDUCATIONxINCOME :: High school graduate | $50,000-$75,000",GROWUPGUN6_W26,4,"0.298660,0.282765,0.257461,0.161115"
EDUCATIONxINCOME,"EDUCATIONxINCOME :: High school graduate | $75,000-$100,000",GROWUPGUN6_W26,4,"0.283330,0.272476,0.253975,0.190219"
EDUCATIONxINCOME,"EDUCATIONxINCOME :: High school graduate | Less than $30,000",GROWUPGUN6_W26,4,"0.205648,0.204047,0.276729,0.313575"
EDUCATIONxINCOME,"EDUCATIONxINCOME :: Less than high school | Less than $30,000",GROWUPGUN6_W26,4,"0.188511,0.185589,0.259685,0.366215"
EDUCATIONxINCOME,"EDUCATIONxINCOME :: Postgraduate | $100,000 or more",GROWUPGUN6_W26,4,"0.362354,0.230326,0.216372,0.190947"
EDUCATIONxINCOME,"EDUCATIONxINCOME :: Postgraduate | $30,000-$50,000",GROWUPGUN6_W26,4,"0.283309,0.266145,0.248074,0.202472"
EDUCATIONxINCOME,"EDUCATIONxINCOME :: Postgraduate | $50,000-$75,000",GROWUPGUN6_W26,4,"0.297946,0.273411,0.245084,0.183559"
EDUCATIONxINCOME,"EDUCATIONxINCOME :: Postgraduate | $75,000-$100,000",GROWUPGUN6_W26,4,"0.295972,0.261194,0.237820,0.205014"
EDUCATIONxINCOME,"EDUCATIONxINCOME :: Postgraduate | Less than $30,000",GROWUPGUN6_W26,4,"0.208992,0.169247,0.252092,0.369669"
EDUCATIONxINCOME,"EDUCATIONxINCOME :: Some college, no degree | $100,000 or more",GROWUPGUN6_W26,4,"0.315934,0.246050,0.227559,0.210457"
EDUCATIONxINCOME,"EDUCATIONxINCOME :: Some college, no degree | $30,000-$50,000",GROWUPGUN6_W26,4,"0.257276,0.269623,0.251316,0.221786"
EDUCATIONxINCOME,"EDUCATIONxINCOME :: Some college, no degree | $50,000-$75,000",GROWUPGUN6_W26,4,"0.268225,0.278910,0.251974,0.200891"
EDUCATIONxINCOME,"EDUCATIONxINCOME :: Some college, no degree | $75,000-$100,000",GROWUPGUN6_W26,4,"0.263188,0.261140,0.243409,0.232263"
EDUCATIONxINCOME,"EDUCATIONxINCOME :: Some college, no degree | Less than $30,000",GROWUPGUN6_W26,4,"0.195893,0.198978,0.247632,0.357498"
EDUCATIONxINCOME,"EDUCATIONxINCOME :: Associate's degree | $100,000 or more",GUNACTIVITYC_W26,4,"0.492426,0.228999,0.176957,0.101618"
EDUCATIONxINCOME,"EDUCATIONxINCOME :: Associate's degree | $30,000-$50,000",GUNACTIVITYC_W26,4,"0.308338,0.303558,0.245829,0.142275"
EDUCATIONxINCOME,"EDUCATIONxINCOME :: Associate's degree | $50,000-$75,000",GUNACTIVITYC_W26,4,"0.317319,0.322316,0.232156,0.128209"
EDUCATIONxINCOME,"EDUCATIONxINCOME :: Associate's degree | $75,000-$100,000",GUNACTIVITYC_W26,4,"0.317166,0.309818,0.226668,0.146348"
EDUCATIONxINCOME,"EDUCATIONxINCOME :: Associate's degree | Less than $30,000",GUNACTIVITYC_W26,4,"0.213339,0.236144,0.263438,0.287079"
EDUCATIONxINCOME,"EDUCATIONxINCOME :: College graduate/some postgrad | $100,000 or more",GUNACTIVITYC_W26,4,"0.403690,0.268916,0.206185,0.121210"
EDUCATIONxINCOME,"EDUCATIONxINCOME :: College graduate/some postgrad | $30,000-$50,000",GUNACTIVITYC_W26,4,"0.307244,0.324515,0.241159,0.127082"
EDUCATIONxINCOME,"EDUCATIONxINCOME :: College graduate/some postgrad | $50,000-$75,000",GUNACTIVITYC_W26,4,"0.303412,0.335847,0.238151,0.122590"
EDUCATIONxINCOME,"EDUCATIONxINCOME :: College graduate/some postgrad | $75,000-$100,000",GUNACTIVITYC_W26,4,"0.305343,0.319997,0.235951,0.138708"
EDUCATIONxINCOME,"EDUCATIONxINCOME :: College graduate/some postgrad | Less than $30,000",GUNACTIVITYC_W26,4,"0.191761,0.229507,0.274684,0.304048"
EDUCATIONxINCOME,"EDUCATIONxINCOME :: High school graduate | $100,000 or more",GUNACTIVITYC_W26,4,"0.373925,0.269328,0.218109,0.138638"
EDUCATIONxINCOME,"EDUCATIONxINCOME :: High school graduate | $30,000-$50,000",GUNACTIVITYC_W26,4,"0.275201,0.314290,0.258528,0.151981"
EDUCATIONxINCOME,"EDUCATIONxINCOME :: High school graduate | $50,000-$75,000",GUNACTIVITYC_W26,4,"0.310643,0.333272,0.238178,0.117907"
EDUCATIONxINCOME,"EDUCATIONxINCOME :: High school graduate | $75,000-$100,000",GUNACTIVITYC_W26,4,"0.295874,0.319916,0.237741,0.146468"
EDUCATIONxINCOME,"EDUCATIONxINCOME :: High school graduate | Less than $30,000",GUNACTIVITYC_W26,4,"0.184556,0.219165,0.274895,0.321384"
EDUCATIONxINCOME,"EDUCATIONxINCOME :: Less than high school | Less than $30,000",GUNACTIVITYC_W26,4,"0.175885,0.204030,0.270296,0.349789"
EDUCATIONxINCOME,"EDUCATIONxINCOME :: Postgraduate | $100,000 or more",GUNACTIVITYC_W26,4,"0.405839,0.262029,0.199341,0.132790"
EDUCATIONxINCOME,"EDUCATIONxINCOME :: Postgraduate | $30,000-$50,000",GUNACTIVITYC_W26,4,"0.293705,0.305404,0.247324,0.153567"
EDUCATIONxINCOME,"EDUCATIONxINCOME :: Postgraduate | $50,000-$75,000",GUNACTIVITYC_W26,4,"0.311876,0.324300,0.231767,0.132057"
EDUCATIONxINCOME,"EDUCATIONxINCOME :: Postgraduate | $75,000-$100,000",GUNACTIVITYC_W26,4,"0.316226,0.311324,0.224238,0.148212"
EDUCATIONxINCOME,"EDUCATIONxINCOME :: Postgraduate | Less than $30,000",GUNACTIVITYC_W26,4,"0.197993,0.194924,0.262298,0.344785"
EDUCATIONxINCOME,"EDUCATIONxINCOME :: Some college, no degree | $100,000 or more",GUNACTIVITYC_W26,4,"0.339074,0.274590,0.222370,0.163965"
EDUCATIONxINCOME,"EDUCATIONxINCOME :: Some college, no degree | $30,000-$50,000",GUNACTIVITYC_W26,4,"0.260974,0.302735,0.256928,0.179364"
EDUCATIONxINCOME,"EDUCATIONxINCOME :: Some college, no degree | $50,000-$75,000",GUNACTIVITYC_W26,4,"0.273662,0.322452,0.249172,0.154714"
EDUCATIONxINCOME,"EDUCATIONxINCOME :: Some college, no degree | $75,000-$100,000",GUNACTIVITYC_W26,4,"0.273810,0.305457,0.239756,0.180977"
EDUCATIONxINCOME,"EDUCATIONxINCOME :: Some college, no degree | Less than $30,000",GUNACTIVITYC_W26,4,"0.183343,0.219433,0.262627,0.334596"
EDUCATIONxINCOME,"EDUCATIONxINCOME :: Associate's degree | $100,000 or more",GUNCOURSES_W26,2,"0.637031,0.362969"
EDUCATIONxINCOME,"EDUCATIONxINCOME :: Associate's degree | $30,000-$50,000",GUNCOURSES_W26,2,"0.602062,0.397938"
EDUCATIONxINCOME,"EDUCATIONxINCOME :: Associate's degree | $50,000-$75,000",GUNCOURSES_W26,2,"0.569853,0.430147"
EDUCATIONxINCOME,"EDUCATIONxINCOME :: Associate's degree | $75,000-$100,000",GUNCOURSES_W26,2,"0.581303,0.418697"
EDUCATIONxINCOME,"EDUCATIONxINCOME :: Associate's degree | Less than $30,000",GUNCOURSES_W26,2,"0.531209,0.468791"
EDUCATIONxINCOME,"EDUCATIONxINCOME :: College graduate/some postgrad | $100,000 or more",GUNCOURSES_W26,2,"0.581303,0.418697"
EDUCATIONxINCOME,"EDUCATIONxINCOME :: College graduate/some postgrad | $30,000-$50,000",GUNCOURSES_W26,2,"0.600188,0.399812"
EDUCATIONxINCOME,"EDUCATIONxINCOME :: College graduate/some postgrad | $50,000-$75,000",GUNCOURSES_W26,2,"0.573678,0.426322"
EDUCATIONxINCOME,"EDUCATIONxINCOME :: College graduate/some postgrad | $75,000-$100,000",GUNCOURSES_W26,2,"0.575588,0.424412"
EDUCATIONxINCOME,"EDUCATIONxINCOME :: College graduate/some postgrad | Less than $30,000",GUNCOURSES_W26,2,"0.531209,0.468791"
EDUCATIONxINCOME,"EDUCATIONxINCOME :: High school graduate | $100,000 or more",GUNCOURSES_W26,2,"0.567937,0.432063"
EDUCATIONxINCOME,"EDUCATIONxINCOME :: High school graduate | $30,000-$50,000",GUNCOURSES_W26,2,"0.590779,0.409221"
EDUCATIONxINCOME,"EDUCATIONxINCOME :: High school graduate | $50,000-$75,000",GUNCOURSES_W26,2,"0.583203,0.416797"
EDUCATIONxINCOME,"EDUCATIONxINCOME :: High school graduate | $75,000-$100,000",GUNCOURSES_W26,2,"0.566019,0.433981"
EDUCATIONxINCOME,"EDUCATIONxINCOME :: High school graduate | Less than $30,000",GUNCOURSES_W26,2,"0.515620,0.484380"
EDUCATIONxINCOME,"EDUCATIONxINCOME :: Less than high school | Less than $30,000",GUNCOURSES_W26,2,"0.511717,0.488283"
EDUCATIONxINCOME,"EDUCATIONxINCOME :: Postgraduate | $100,000 or more",GUNCOURSES_W26,2,"0.573678,0.426322"
EDUCATIONxINCOME,"EDUCATIONxINCOME :: Postgraduate | $30,000-$50,000",GUNCOURSES_W26,2,"0.581303,0.418697"
EDUCATIONxINCOME,"EDUCATIONxINCOME :: Postgraduate | $50,000-$75,000",GUNCOURSES_W26,2,"0.558327,0.441673"
EDUCATIONxINCOME,"EDUCATIONxINCOME :: Postgraduate | $75,000-$100,000",GUNCOURSES_W26,2,"0.567937,0.432063"
EDUCATIONxINCOME,"EDUCATIONxINCOME :: Postgraduate | Less than $30,000",GUNCOURSES_W26,2,"0.519521,0.480479"
EDUCATIONxINCOME,"EDUCATIONxINCOME :: Some college, no degree | $100,000 or more",GUNCOURSES_W26,2,"0.550607,0.449393"
EDUCATIONxINCOME,"EDUCATIONxINCOME :: Some college, no degree | $30,000-$50,000",GUNCOURSES_W26,2,"0.558327,0.441673"
EDUCATIONxINCOME,"EDUCATIONxINCOME :: Some college, no degree | $50,000-$75,000",GUNCOURSES_W26,2,"0.537041,0.462959"
EDUCATIONxINCOME,"EDUCATIONxINCOME :: Some college, no degree | $75,000-$100,000",GUNCOURSES_W26,2,"0.548674,0.451327"
EDUCATIONxINCOME,"EDUCATIONxINCOME :: Some college, no degree | Less than $30,000",GUNCOURSES_W26,2,"0.500000,0.500000"
EDUCATIONxINCOME,"EDUCATIONxINCOME :: Associate's degree | $100,000 or more",GUNIDENTITY_W26,4,"0.589213,0.210090,0.134589,0.066108"
EDUCATIONxINCOME,"EDUCATIONxINCOME :: Associate's degree | $30,000-$50,000",GUNIDENTITY_W26,4,"0.437971,0.282776,0.194349,0.084905"
EDUCATIONxINCOME,"EDUCATIONxINCOME :: Associate's degree | $50,000-$75,000",GUNIDENTITY_W26,4,"0.445032,0.291859,0.186972,0.076136"
EDUCATIONxINCOME,"EDUCATIONxINCOME :: Associate's degree | $75,000-$100,000",GUNIDENTITY_W26,4,"0.462552,0.276202,0.170163,0.091082"
EDUCATIONxINCOME,"EDUCATIONxINCOME :: Associate's degree | Less than $30,000",GUNIDENTITY_W26,4,"0.441959,0.253796,0.187137,0.117108"
EDUCATIONxINCOME,"EDUCATIONxINCOME :: College graduate/some postgrad | $100,000 or more",GUNIDENTITY_W26,4,"0.548006,0.230235,0.150991,0.070768"
EDUCATIONxINCOME,"EDUCATIONxINCOME :: College graduate/some postgrad | $30,000-$50,000",GUNIDENTITY_W26,4,"0.445312,0.283057,0.193028,0.078602"
EDUCATIONxINCOME,"EDUCATIONxINCOME :: College graduate/some postgrad | $50,000-$75,000",GUNIDENTITY_W26,4,"0.447095,0.293212,0.187839,0.071855"
EDUCATIONxINCOME,"EDUCATIONxINCOME :: College graduate/some postgrad | $75,000-$100,000",GUNIDENTITY_W26,4,"0.465856,0.273863,0.175443,0.084839"
EDUCATIONxINCOME,"EDUCATIONxINCOME :: College graduate/some postgrad | Less than $30,000",GUNIDENTITY_W26,4,"0.427494,0.259288,0.197256,0.115961"
EDUCATIONxINCOME,"EDUCATIONxINCOME :: High school graduate | $100,000 or more",GUNIDENTITY_W26,4,"0.500650,0.255707,0.161273,0.082370"
EDUCATIONxINCOME,"EDUCATIONxINCOME :: High school graduate | $30,000-$50,000",GUNIDENTITY_W26,4,"0.413325,0.302395,0.198316,0.085963"
EDUCATIONxINCOME,"EDUCATIONxINCOME :: High school graduate | $50,000-$75,000",GUNIDENTITY_W26,4,"0.439669,0.306938,0.183281,0.070111"
EDUCATIONxINCOME,"EDUCATIONxINCOME :: High school graduate | $75,000-$100,000",GUNIDENTITY_W26,4,"0.439479,0.295052,0.176184,0.089286"
EDUCATIONxINCOME,"EDUCATIONxINCOME :: High school graduate | Less than $30,000",GUNIDENTITY_W26,4,"0.402278,0.274330,0.200704,0.122688"
EDUCATIONxINCOME,"EDUCATIONxINCOME :: Less than high school | Less than $30,000",GUNIDENTITY_W26,4,"0.392635,0.261551,0.206904,0.138909"
EDUCATIONxINCOME,"EDUCATIONxINCOME :: Postgraduate | $100,000 or more",GUNIDENTITY_W26,4,"0.550484,0.231276,0.141376,0.076865"
EDUCATIONxINCOME,"EDUCATIONxINCOME :: Postgraduate | $30,000-$50,000",GUNIDENTITY_W26,4,"0.433084,0.284023,0.190684,0.092209"
EDUCATIONxINCOME,"EDUCATIONxINCOME :: Postgraduate | $50,000-$75,000",GUNIDENTITY_W26,4,"0.443957,0.293437,0.183628,0.078978"
EDUCATIONxINCOME,"EDUCATIONxINCOME :: Postgraduate | $75,000-$100,000",GUNIDENTITY_W26,4,"0.461407,0.275519,0.167111,0.095964"
EDUCATIONxINCOME,"EDUCATIONxINCOME :: Postgraduate | Less than $30,000",GUNIDENTITY_W26,4,"0.452408,0.238403,0.178555,0.130634"
EDUCATIONxINCOME,"EDUCATIONxINCOME :: Some college, no degree | $100,000 or more",GUNIDENTITY_W26,4,"0.463559,0.270392,0.171871,0.094178"
EDUCATIONxINCOME,"EDUCATIONxINCOME :: Some college, no degree | $30,000-$50,000",GUNIDENTITY_W26,4,"0.385589,0.305026,0.208010,0.101376"
EDUCATIONxINCOME,"EDUCATIONxINCOME :: Some college, no degree | $50,000-$75,000",GUNIDENTITY_W26,4,"0.392589,0.315454,0.203672,0.088285"
EDUCATIONxINCOME,"EDUCATIONxINCOME :: Some college, no degree | $75,000-$100,000",GUNIDENTITY_W26,4,"0.402624,0.299204,0.187237,0.110934"
EDUCATIONxINCOME,"EDUCATIONxINCOME :: Some college, no degree | Less than $30,000",GUNIDENTITY_W26,4,"0.374024,0.277951,0.204948,0.143077"
EDUCATIONxINCOME,"EDUCATIONxINCOME :: Associate's degree | $100,000 or more",GUNLOADED2_W26,2,"0.631594,0.368406"
EDUCATIONxINCOME,"EDUCATIONxINCOME :: Associate's degree | $30,000-$50,000",GUNLOADED2_W26,2,"0.596433,0.403567"
EDUCATIONxINCOME,"EDUCATIONxINCOME :: Associate's degree | $50,000-$75,000",GUNLOADED2_W26,2,"0.577495,0.422505"
EDUCATIONxINCOME,"EDUCATIONxINCOME :: Associate's degree | $75,000-$100,000",GUNLOADED2_W26,2,"0.571767,0.428233"
EDUCATIONxINCOME,"EDUCATIONxINCOME :: Associate's degree | Less than $30,000",GUNLOADED2_W26,2,"0.558327,0.441673"
EDUCATIONxINCOME,"EDUCATIONxINCOME :: College graduate/some postgrad | $100,000 or more",GUNLOADED2_W26,2,"0.609524,0.390476"
EDUCATIONxINCOME,"EDUCATIONxINCOME :: College graduate/some postgrad | $30,000-$50,000",GUNLOADED2_W26,2,"0.624294,0.375706"
EDUCATIONxINCOME,"EDUCATIONxINCOME :: College graduate/some postgrad | $50,000-$75,000",GUNLOADED2_W26,2,"0.598312,0.401688"
EDUCATIONxINCOME,"EDUCATIONxINCOME :: College graduate/some postgrad | $75,000-$100,000",GUNLOADED2_W26,2,"0.594551,0.405449"
EDUCATIONxINCOME,"EDUCATIONxINCOME :: College graduate/some postgrad | Less than $30,000",GUNLOADED2_W26,2,"0.571767,0.428233"
EDUCATIONxINCOME,"EDUCATIONxINCOME :: High school graduate | $100,000 or more",GUNLOADED2_W26,2,"0.583203,0.416797"
EDUCATIONxINCOME,"EDUCATIONxINCOME :: High school graduate | $30,000-$50,000",GUNLOADED2_W26,2,"0.594551,0.405449"
EDUCATIONxINCOME,"EDUCATIONxINCOME :: High school graduate | $50,000-$75,000",GUNLOADED2_W26,2,"0.594551,0.405449"
EDUCATIONxINCOME,"EDUCATIONxINCOME :: High school graduate | $75,000-$100,000",GUNLOADED2_W26,2,"0.577495,0.422505"
EDUCATIONxINCOME,"EDUCATIONxINCOME :: High school graduate | Less than $30,000",GUNLOADED2_W26,2,"0.558327,0.441673"
EDUCATIONxINCOME,"EDUCATIONxINCOME :: Less than high school | Less than $30,000",GUNLOADED2_W26,2,"0.562177,0.437824"
EDUCATIONxINCOME,"EDUCATIONxINCOME :: Postgraduate | $100,000 or more",GUNLOADED2_W26,2,"0.602062,0.397938"
EDUCATIONxINCOME,"EDUCATIONxINCOME :: Postgraduate | $30,000-$50,000",GUNLOADED2_W26,2,"0.588889,0.411111"
EDUCATIONxINCOME,"EDUCATIONxINCOME :: Postgraduate | $50,000-$75,000",GUNLOADED2_W26,2,"0.579400,0.420600"
EDUCATIONxINCOME,"EDUCATIONxINCOME :: Postgraduate | $75,000-$100,000",GUNLOADED2_W26,2,"0.581303,0.418697"
EDUCATIONxINCOME,"EDUCATIONxINCOME :: Postgraduate | Less than $30,000",GUNLOADED2_W26,2,"0.575588,0.424412"
EDUCATIONxINCOME,"EDUCATIONxINCOME :: Some college, no degree | $100,000 or more",GUNLOADED2_W26,2,"0.571767,0.428233"
EDUCATIONxINCOME,"EDUCATIONxINCOME :: Some college, no degree | $30,000-$50,000",GUNLOADED2_W26,2,"0.571767,0.428233"
EDUCATIONxINCOME,"EDUCATIONxINCOME :: Some college, no degree | $50,000-$75,000",GUNLOADED2_W26,2,"0.560253,0.439747"
EDUCATIONxINCOME,"EDUCATIONxINCOME :: Some college, no degree | $75,000-$100,000",GUNLOADED2_W26,2,"0.560253,0.439747"
EDUCATIONxINCOME,"EDUCATIONxINCOME :: Some college, no degree | Less than $30,000",GUNLOADED2_W26,2,"0.548674,0.451327"
EDUCATIONxINCOME,"EDUCATIONxINCOME :: Associate's degree | $100,000 or more",GUNRESPKIDSF_W26,4,"0.678544,0.158670,0.094009,0.068778"
EDUCATIONxINCOME,"EDUCATIONxINCOME :: Associate's degree | $30,000-$50,000",GUNRESPKIDSF_W26,4,"0.601051,0.210989,0.115612,0.072348"
EDUCATIONxINCOME,"EDUCATIONxINCOME :: Associate's degree | $50,000-$75,000",GUNRESPKIDSF_W26,4,"0.589428,0.218539,0.121635,0.070397"
EDUCATIONxINCOME,"EDUCATIONxINCOME :: Associate's degree | $75,000-$100,000",GUNRESPKIDSF_W26,4,"0.605035,0.202662,0.105139,0.087164"
EDUCATIONxINCOME,"EDUCATIONxINCOME :: Associate's degree | Less than $30,000",GUNRESPKIDSF_W26,4,"0.611215,0.192327,0.110444,0.086014"
EDUCATIONxINCOME,"EDUCATIONxINCOME :: College graduate/some postgrad | $100,000 or more",GUNRESPKIDSF_W26,4,"0.617835,0.202155,0.107364,0.072646"
EDUCATIONxINCOME,"EDUCATIONxINCOME :: College graduate/some postgrad | $30,000-$50,000",GUNRESPKIDSF_W26,4,"0.542877,0.248547,0.130975,0.077600"
EDUCATIONxINCOME,"EDUCATIONxINCOME :: College graduate/some postgrad | $50,000-$75,000",GUNRESPKIDSF_W26,4,"0.533654,0.258058,0.134929,0.073360"
EDUCATIONxINCOME,"EDUCATIONxINCOME :: College graduate/some postgrad | $75,000-$100,000",GUNRESPKIDSF_W26,4,"0.553240,0.237946,0.117792,0.091022"
EDUCATIONxINCOME,"EDUCATIONxINCOME :: College graduate/some postgrad | Less than $30,000",GUNRESPKIDSF_W26,4,"0.545592,0.231018,0.128581,0.094810"
EDUCATIONxINCOME,"EDUCATIONxINCOME :: High school graduate | $100,000 or more",GUNRESPKIDSF_W26,4,"0.572859,0.217433,0.127822,0.081886"
EDUCATIONxINCOME,"EDUCATIONxINCOME :: High school graduate | $30,000-$50,000",GUNRESPKIDSF_W26,4,"0.532938,0.253717,0.134748,0.078598"
EDUCATIONxINCOME,"EDUCATIONxINCOME :: High school graduate | $50,000-$75,000",GUNRESPKIDSF_W26,4,"0.539113,0.252677,0.135248,0.072961"
EDUCATIONxINCOME,"EDUCATIONxINCOME :: High school graduate | $75,000-$100,000",GUNRESPKIDSF_W26,4,"0.532826,0.249731,0.125572,0.091871"
EDUCATIONxINCOME,"EDUCATIONxINCOME :: High school graduate | Less than $30,000",GUNRESPKIDSF_W26,4,"0.529719,0.242523,0.134984,0.092773"
EDUCATIONxINCOME,"EDUCATIONxINCOME :: Less than high school | Less than $30,000",GUNRESPKIDSF_W26,4,"0.484256,0.245409,0.148848,0.121486"
EDUCATIONxINCOME,"EDUCATIONxINCOME :: Postgraduate | $100,000 or more",GUNRESPKIDSF_W26,4,"0.618307,0.194559,0.109138,0.077997"
EDUCATIONxINCOME,"EDUCATIONxINCOME :: Postgraduate | $30,000-$50,000",GUNRESPKIDSF_W26,4,"0.543286,0.242973,0.131074,0.082667"
EDUCATIONxINCOME,"EDUCATIONxINCOME :: Postgraduate | $50,000-$75,000",GUNRESPKIDSF_W26,4,"0.536501,0.249496,0.136713,0.077290"
EDUCATIONxINCOME,"EDUCATIONxINCOME :: Postgraduate | $75,000-$100,000",GUNRESPKIDSF_W26,4,"0.543689,0.237520,0.121313,0.097478"
EDUCATIONxINCOME,"EDUCATIONxINCOME :: Postgraduate | Less than $30,000",GUNRESPKIDSF_W26,4,"0.551972,0.216155,0.132133,0.099739"
EDUCATIONxINCOME,"EDUCATIONxINCOME :: Some college, no degree | $100,000 or more",GUNRESPKIDSF_W26,4,"0.485758,0.248101,0.151661,0.114480"
EDUCATIONxINCOME,"EDUCATIONxINCOME :: Some college, no degree | $30,000-$50,000",GUNRESPKIDSF_W26,4,"0.446884,0.275317,0.165689,0.112111"
EDUCATIONxINCOME,"EDUCATIONxINCOME :: Some college, no degree | $50,000-$75,000",GUNRESPKIDSF_W26,4,"0.443377,0.286265,0.168287,0.102071"
EDUCATIONxINCOME,"EDUCATIONxINCOME :: Some college, no degree | $75,000-$100,000",GUNRESPKIDSF_W26,4,"0.450523,0.273256,0.152090,0.124132"
EDUCATIONxINCOME,"EDUCATIONxINCOME :: Some college, no degree | Less than $30,000",GUNRESPKIDSF_W26,4,"0.450809,0.265017,0.157017,0.127157"
EDUCATIONxINCOME,"EDUCATIONxINCOME :: Associate's degree | $100,000 or more",GUNRESPNOKIDSA_W26,4,"0.678412,0.164958,0.092533,0.064096"
EDUCATIONxINCOME,"EDUCATIONxINCOME :: Associate's degree | $30,000-$50,000",GUNRESPNOKIDSA_W26,4,"0.567904,0.238595,0.121862,0.071639"
EDUCATIONxINCOME,"EDUCATIONxINCOME :: Associate's degree | $50,000-$75,000",GUNRESPNOKIDSA_W26,4,"0.551478,0.248570,0.133050,0.066902"
EDUCATIONxINCOME,"EDUCATIONxINCOME :: Associate's degree | $75,000-$100,000",GUNRESPNOKIDSA_W26,4,"0.592511,0.219682,0.103771,0.084036"
EDUCATIONxINCOME,"EDUCATIONxINCOME :: Associate's degree | Less than $30,000",GUNRESPNOKIDSA_W26,4,"0.599075,0.207035,0.113446,0.080445"
EDUCATIONxINCOME,"EDUCATIONxINCOME :: College graduate/some postgrad | $100,000 or more",GUNRESPNOKIDSA_W26,4,"0.608641,0.215329,0.108274,0.067756"
EDUCATIONxINCOME,"EDUCATIONxINCOME :: College graduate/some postgrad | $30,000-$50,000",GUNRESPNOKIDSA_W26,4,"0.501705,0.279241,0.141512,0.077542"
EDUCATIONxINCOME,"EDUCATIONxINCOME :: College graduate/some postgrad | $50,000-$75,000",GUNRESPNOKIDSA_W26,4,"0.483396,0.295494,0.150924,0.070186"
EDUCATIONxINCOME,"EDUCATIONxINCOME :: College graduate/some postgrad | $75,000-$100,000",GUNRESPNOKIDSA_W26,4,"0.524684,0.265897,0.121736,0.087683"
EDUCATIONxINCOME,"EDUCATIONxINCOME :: College graduate/some postgrad | Less than $30,000",GUNRESPNOKIDSA_W26,4,"0.514976,0.256931,0.138604,0.089489"
EDUCATIONxINCOME,"EDUCATIONxINCOME :: High school graduate | $100,000 or more",GUNRESPNOKIDSA_W26,4,"0.555481,0.233375,0.132973,0.078171"
EDUCATIONxINCOME,"EDUCATIONxINCOME :: High school graduate | $30,000-$50,000",GUNRESPNOKIDSA_W26,4,"0.471923,0.295322,0.152019,0.080736"
EDUCATIONxINCOME,"EDUCATIONxINCOME :: High school graduate | $50,000-$75,000",GUNRESPNOKIDSA_W26,4,"0.480563,0.293762,0.154802,0.070873"
EDUCATIONxINCOME,"EDUCATIONxINCOME :: High school graduate | $75,000-$100,000",GUNRESPNOKIDSA_W26,4,"0.495141,0.282123,0.133265,0.089470"
EDUCATIONxINCOME,"EDUCATIONxINCOME :: High school graduate | Less than $30,000",GUNRESPNOKIDSA_W26,4,"0.490223,0.272850,0.148346,0.088581"
EDUCATIONxINCOME,"EDUCATIONxINCOME :: Less than high school | Less than $30,000",GUNRESPNOKIDSA_W26,4,"0.468494,0.264863,0.154493,0.112150"
EDUCATIONxINCOME,"EDUCATIONxINCOME :: Postgraduate | $100,000 or more",GUNRESPNOKIDSA_W26,4,"0.613605,0.200771,0.110013,0.075611"
EDUCATIONxINCOME,"EDUCATIONxINCOME :: Postgraduate | $30,000-$50,000",GUNRESPNOKIDSA_W26,4,"0.506652,0.269081,0.139597,0.084670"
EDUCATIONxINCOME,"EDUCATIONxINCOME :: Postgraduate | $50,000-$75,000",GUNRESPNOKIDSA_W26,4,"0.496101,0.278287,0.150125,0.075487"
EDUCATIONxINCOME,"EDUCATIONxINCOME :: Postgraduate | $75,000-$100,000",GUNRESPNOKIDSA_W26,4,"0.531348,0.252960,0.120427,0.095265"
EDUCATIONxINCOME,"EDUCATIONxINCOME :: Postgraduate | Less than $30,000",GUNRESPNOKIDSA_W26,4,"0.543588,0.224838,0.136371,0.095202"
EDUCATIONxINCOME,"EDUCATIONxINCOME :: Some college, no degree | $100,000 or more",GUNRESPNOKIDSA_W26,4,"0.482542,0.258286,0.150657,0.108514"
EDUCATIONxINCOME,"EDUCATIONxINCOME :: Some college, no degree | $30,000-$50,000",GUNRESPNOKIDSA_W26,4,"0.411375,0.303329,0.172832,0.112464"
EDUCATIONxINCOME,"EDUCATIONxINCOME :: Some college, no degree | $50,000-$75,000",GUNRESPNOKIDSA_W26,4,"0.405564,0.315854,0.179968,0.098614"
EDUCATIONxINCOME,"EDUCATIONxINCOME :: Some college, no degree | $75,000-$100,000",GUNRESPNOKIDSA_W26,4,"0.431371,0.296477,0.151425,0.120727"
EDUCATIONxINCOME,"EDUCATIONxINCOME :: Some college, no degree | Less than $30,000",GUNRESPNOKIDSA_W26,4,"0.440151,0.281971,0.159412,0.118465"
EDUCATIONxINCOME,"EDUCATIONxINCOME :: Associate's degree | $100,000 or more",GUNSAFE_W26,3,"0.801697,0.058989,0.139314"
EDUCATIONxINCOME,"EDUCATIONxINCOME :: Associate's degree | $30,000-$50,000",GUNSAFE_W26,3,"0.764472,0.066279,0.169249"
EDUCATIONxINCOME,"EDUCATIONxINCOME :: Associate's degree | $50,000-$75,000",GUNSAFE_W26,3,"0.798734,0.063547,0.137719"
EDUCATIONxINCOME,"EDUCATIONxINCOME :: Associate's degree | $75,000-$100,000",GUNSAFE_W26,3,"0.815355,0.054625,0.130020"
EDUCATIONxINCOME,"EDUCATIONxINCOME :: Associate's degree | Less than $30,000",GUNSAFE_W26,3,"0.746089,0.066739,0.187173"
EDUCATIONxINCOME,"EDUCATIONxINCOME :: College graduate/some postgrad | $100,000 or more",GUNSAFE_W26,3,"0.831733,0.046558,0.121709"
EDUCATIONxINCOME,"EDUCATIONxINCOME :: College graduate/some postgrad | $30,000-$50,000",GUNSAFE_W26,3,"0.779744,0.060599,0.159657"
EDUCATIONxINCOME,"EDUCATIONxINCOME :: College graduate/some postgrad | $50,000-$75,000",GUNSAFE_W26,3,"0.817002,0.054736,0.128262"
EDUCATIONxINCOME,"EDUCATIONxINCOME :: College graduate/some postgrad | $75,000-$100,000",GUNSAFE_W26,3,"0.832217,0.046950,0.120833"
EDUCATIONxINCOME,"EDUCATIONxINCOME :: College graduate/some postgrad | Less than $30,000",GUNSAFE_W26,3,"0.750212,0.061581,0.188207"
EDUCATIONxINCOME,"EDUCATIONxINCOME :: High school graduate | $100,000 or more",GUNSAFE_W26,3,"0.799573,0.059294,0.141133"
EDUCATIONxINCOME,"EDUCATIONxINCOME :: High school graduate | $30,000-$50,000",GUNSAFE_W26,3,"0.782842,0.061798,0.155360"
EDUCATIONxINCOME,"EDUCATIONxINCOME :: High school graduate | $50,000-$75,000",GUNSAFE_W26,3,"0.808144,0.059930,0.131926"
EDUCATIONxINCOME,"EDUCATIONxINCOME :: High school graduate | $75,000-$100,000",GUNSAFE_W26,3,"0.815006,0.055030,0.129964"
EDUCATIONxINCOME,"EDUCATIONxINCOME :: High school graduate | Less than $30,000",GUNSAFE_W26,3,"0.744214,0.067619,0.188167"
EDUCATIONxINCOME,"EDUCATIONxINCOME :: Less than high school | Less than $30,000",GUNSAFE_W26,3,"0.711828,0.074442,0.213730"
EDUCATIONxINCOME,"EDUCATIONxINCOME :: Postgraduate | $100,000 or more",GUNSAFE_W26,3,"0.811988,0.052316,0.135697"
EDUCATIONxINCOME,"EDUCATIONxINCOME :: Postgraduate | $30,000-$50,000",GUNSAFE_W26,3,"0.752393,0.068898,0.178709"
EDUCATIONxINCOME,"EDUCATIONxINCOME :: Postgraduate | $50,000-$75,000",GUNSAFE_W26,3,"0.780394,0.067133,0.152473"
EDUCATIONxINCOME,"EDUCATIONxINCOME :: Postgraduate | $75,000-$100,000",GUNSAFE_W26,3,"0.797096,0.057741,0.145162"
EDUCATIONxINCOME,"EDUCATIONxINCOME :: Postgraduate | Less than $30,000",GUNSAFE_W26,3,"0.723993,0.073385,0.202622"
EDUCATIONxINCOME,"EDUCATIONxINCOME :: Some college, no degree | $100,000 or more",GUNSAFE_W26,3,"0.699243,0.092440,0.208317"
EDUCATIONxINCOME,"EDUCATIONxINCOME :: Some college, no degree | $30,000-$50,000",GUNSAFE_W26,3,"0.677145,0.096040,0.226815"
EDUCATIONxINCOME,"EDUCATIONxINCOME :: Some college, no degree | $50,000-$75,000",GUNSAFE_W26,3,"0.698984,0.097600,0.203416"
EDUCATIONxINCOME,"EDUCATIONxINCOME :: Some college, no degree | $75,000-$100,000",GUNSAFE_W26,3,"0.715277,0.086098,0.198625"
EDUCATIONxINCOME,"EDUCATIONxINCOME :: Some college, no degree | Less than $30,000",GUNSAFE_W26,3,"0.659154,0.096455,0.244391"
EDUCATIONxINCOME,"EDUCATIONxINCOME :: Associate's degree | $100,000 or more",GUNTYPEOWNC_W26,3,"0.554734,0.233061,0.212205"
EDUCATIONxINCOME,"EDUCATIONxINCOME :: Associate's degree | $30,000-$50,000",GUNTYPEOWNC_W26,3,"0.480027,0.263033,0.256940"
EDUCATIONxINCOME,"EDUCATIONxINCOME :: Associate's degree | $50,000-$75,000",GUNTYPEOWNC_W26,3,"0.456476,0.283432,0.260092"
EDUCATIONxINCOME,"EDUCATIONxINCOME :: Associate's degree | $75,000-$100,000",GUNTYPEOWNC_W26,3,"0.472608,0.282207,0.245186"
EDUCATIONxINCOME,"EDUCATIONxINCOME :: Associate's degree | Less than $30,000",GUNTYPEOWNC_W26,3,"0.408651,0.285284,0.306065"
EDUCATIONxINCOME,"EDUCATIONxINCOME :: College graduate/some postgrad | $100,000 or more",GUNTYPEOWNC_W26,3,"0.505193,0.258027,0.236779"
EDUCATIONxINCOME,"EDUCATIONxINCOME :: College graduate/some postgrad | $30,000-$50,000",GUNTYPEOWNC_W26,3,"0.479039,0.256411,0.264550"
EDUCATIONxINCOME,"EDUCATIONxINCOME :: College graduate/some postgrad | $50,000-$75,000",GUNTYPEOWNC_W26,3,"0.453730,0.279535,0.266734"
EDUCATIONxINCOME,"EDUCATIONxINCOME :: College graduate/some postgrad | $75,000-$100,000",GUNTYPEOWNC_W26,3,"0.467195,0.276804,0.256002"
EDUCATIONxINCOME,"EDUCATIONxINCOME :: College graduate/some postgrad | Less than $30,000",GUNTYPEOWNC_W26,3,"0.398982,0.282921,0.318097"
EDUCATIONxINCOME,"EDUCATIONxINCOME :: High school graduate | $100,000 or more",GUNTYPEOWNC_W26,3,"0.475049,0.270675,0.254276"
EDUCATIONxINCOME,"EDUCATIONxINCOME :: High school graduate | $30,000-$50,000",GUNTYPEOWNC_W26,3,"0.455728,0.270010,0.274262"
EDUCATIONxINCOME,"EDUCATIONxINCOME :: High school graduate | $50,000-$75,000",GUNTYPEOWNC_W26,3,"0.453791,0.270971,0.275238"
EDUCATIONxINCOME,"EDUCATIONxINCOME :: High school graduate | $75,000-$100,000",GUNTYPEOWNC_W26,3,"0.448734,0.287470,0.263797"
EDUCATIONxINCOME,"EDUCATIONxINCOME :: High school graduate | Less than $30,000",GUNTYPEOWNC_W26,3,"0.383979,0.287587,0.328434"
EDUCATIONxINCOME,"EDUCATIONxINCOME :: Less than high school | Less than $30,000",GUNTYPEOWNC_W26,3,"0.375635,0.290268,0.334097"
EDUCATIONxINCOME,"EDUCATIONxINCOME :: Postgraduate | $100,000 or more",GUNTYPEOWNC_W26,3,"0.502006,0.264539,0.233455"
EDUCATIONxINCOME,"EDUCATIONxINCOME :: Postgraduate | $30,000-$50,000",GUNTYPEOWNC_W26,3,"0.447013,0.279734,0.273254"
EDUCATIONxINCOME,"EDUCATIONxINCOME :: Postgraduate | $50,000-$75,000",GUNTYPEOWNC_W26,3,"0.433402,0.293255,0.273343"
EDUCATIONxINCOME,"EDUCATIONxINCOME :: Postgraduate | $75,000-$100,000",GUNTYPEOWNC_W26,3,"0.448538,0.291869,0.259594"
EDUCATIONxINCOME,"EDUCATIONxINCOME :: Postgraduate | Less than $30,000",GUNTYPEOWNC_W26,3,"0.378676,0.279218,0.342105"
EDUCATIONxINCOME,"EDUCATIONxINCOME :: Some college, no degree | $100,000 or more",GUNTYPEOWNC_W26,3,"0.432228,0.299396,0.268376"
EDUCATIONxINCOME,"EDUCATIONxINCOME :: Some college, no degree | $30,000-$50,000",GUNTYPEOWNC_W26,3,"0.404081,0.295632,0.300287"
EDUCATIONxINCOME,"EDUCATIONxINCOME :: Some college, no degree | $50,000-$75,000",GUNTYPEOWNC_W26,3,"0.391876,0.310000,0.298124"
EDUCATIONxINCOME,"EDUCATIONxINCOME :: Some college, no degree | $75,000-$100,000",GUNTYPEOWNC_W26,3,"0.397300,0.314290,0.288409"
EDUCATIONxINCOME,"EDUCATIONxINCOME :: Some college, no degree | Less than $30,000",GUNTYPEOWNC_W26,3,"0.355929,0.304442,0.339629"
EDUCATIONxINCOME,"EDUCATIONxINCOME :: Associate's degree | $100,000 or more",HAPPENa_W41,2,"0.653127,0.346873"
EDUCATIONxINCOME,"EDUCATIONxINCOME :: Associate's degree | $30,000-$50,000",HAPPENa_W41,2,"0.586996,0.413004"
EDUCATIONxINCOME,"EDUCATIONxINCOME :: Associate's degree | $50,000-$75,000",HAPPENa_W41,2,"0.586996,0.413004"
EDUCATIONxINCOME,"EDUCATIONxINCOME :: Associate's degree | Less than $30,000",HAPPENa_W41,2,"0.525369,0.474631"
EDUCATIONxINCOME,"EDUCATIONxINCOME :: College graduate/some postgrad | $100,000 or more",HAPPENa_W41,2,"0.680879,0.319121"
EDUCATIONxINCOME,"EDUCATIONxINCOME :: College graduate/some postgrad | $30,000-$50,000",HAPPENa_W41,2,"0.635222,0.364778"
EDUCATIONxINCOME,"EDUCATIONxINCOME :: College graduate/some postgrad | $50,000-$75,000",HAPPENa_W41,2,"0.629775,0.370225"
EDUCATIONxINCOME,"EDUCATIONxINCOME :: College graduate/some postgrad | $75,000-$100,000",HAPPENa_W41,2,"0.616936,0.383064"
EDUCATIONxINCOME,"EDUCATIONxINCOME :: College graduate/some postgrad | Less than $30,000",HAPPENa_W41,2,"0.569853,0.430147"
EDUCATIONxINCOME,"EDUCATIONxINCOME :: High school graduate | $100,000 or more",HAPPENa_W41,2,"0.663669,0.336331"
EDUCATIONxINCOME,"EDUCATIONxINCOME :: High school graduate | $30,000-$50,000",HAPPENa_W41,2,"0.618780,0.381220"
EDUCATIONxINCOME,"EDUCATIONxINCOME :: High school graduate | $50,000-$75,000",HAPPENa_W41,2,"0.644225,0.355775"
EDUCATIONxINCOME,"EDUCATIONxINCOME :: High school graduate | $75,000-$100,000",HAPPENa_W41,2,"0.611382,0.388618"
EDUCATIONxINCOME,"EDUCATIONxINCOME :: High school graduate | Less than $30,000",HAPPENa_W41,2,"0.564098,0.435902"
EDUCATIONxINCOME,EDUCATIONxINCOME :: High school graduate | Refused,HAPPENa_W41,2,"0.556400,0.443600"
EDUCATIONxINCOME,"EDUCATIONxINCOME :: Less than high school | Less than $30,000",HAPPENa_W41,2,"0.552540,0.447460"
EDUCATIONxINCOME,"EDUCATIONxINCOME :: Postgraduate | $100,000 or more",HAPPENa_W41,2,"0.654895,0.345105"
EDUCATIONxINCOME,"EDUCATIONxINCOME :: Postgraduate | $30,000-$50,000",HAPPENa_W41,2,"0.588889,0.411111"
EDUCATIONxINCOME,"EDUCATIONxINCOME :: Postgraduate | $50,000-$75,000",HAPPENa_W41,2,"0.590779,0.409221"
EDUCATIONxINCOME,"EDUCATIONxINCOME :: Postgraduate | $75,000-$100,000",HAPPENa_W41,2,"0.586996,0.413004"
EDUCATIONxINCOME,"EDUCATIONxINCOME :: Some college, no degree | $100,000 or more",HAPPENa_W41,2,"0.607663,0.392337"
EDUCATIONxINCOME,"EDUCATIONxINCOME :: Some college, no degree | $30,000-$50,000",HAPPENa_W41,2,"0.558327,0.441673"
EDUCATIONxINCOME,"EDUCATIONxINCOME :: Some college, no degree | $50,000-$75,000",HAPPENa_W41,2,"0.556400,0.443600"
EDUCATIONxINCOME,"EDUCATIONxINCOME :: Some college, no degree | $75,000-$100,000",HAPPENa_W41,2,"0.548674,0.451327"
EDUCATIONxINCOME,"EDUCATIONxINCOME :: Some college, no degree | Less than $30,000",HAPPENa_W41,2,"0.513668,0.486332"
EDUCATIONxINCOME,"EDUCATIONxINCOME :: Associate's degree | $100,000 or more",HAPPENf_W41,2,"0.480479,0.519521"
EDUCATIONxINCOME,"EDUCATIONxINCOME :: Associate's degree | $30,000-$50,000",HAPPENf_W41,2,"0.432063,0.567937"
EDUCATIONxINCOME,"EDUCATIONxINCOME :: Associate's degree | $50,000-$75,000",HAPPENf_W41,2,"0.433981,0.566019"
EDUCATIONxINCOME,"EDUCATIONxINCOME :: Associate's degree | Less than $30,000",HAPPENf_W41,2,"0.377541,0.622459"
EDUCATIONxINCOME,"EDUCATIONxINCOME :: College graduate/some postgrad | $100,000 or more",HAPPENf_W41,2,"0.494141,0.505859"
EDUCATIONxINCOME,"EDUCATIONxINCOME :: College graduate/some postgrad | $30,000-$50,000",HAPPENf_W41,2,"0.453262,0.546738"
EDUCATIONxINCOME,"EDUCATIONxINCOME :: College graduate/some postgrad | $50,000-$75,000",HAPPENf_W41,2,"0.457137,0.542863"
EDUCATIONxINCOME,"EDUCATIONxINCOME :: College graduate/some postgrad | $75,000-$100,000",HAPPENf_W41,2,"0.455199,0.544801"
EDUCATIONxINCOME,"EDUCATIONxINCOME :: College graduate/some postgrad | Less than $30,000",HAPPENf_W41,2,"0.401688,0.598312"
EDUCATIONxINCOME,"EDUCATIONxINCOME :: High school graduate | $100,000 or more",HAPPENf_W41,2,"0.492188,0.507812"
EDUCATIONxINCOME,"EDUCATIONxINCOME :: High school graduate | $30,000-$50,000",HAPPENf_W41,2,"0.435902,0.564098"
EDUCATIONxINCOME,"EDUCATIONxINCOME :: High school graduate | $50,000-$75,000",HAPPENf_W41,2,"0.457137,0.542863"
EDUCATIONxINCOME,"EDUCATIONxINCOME :: High school graduate | $75,000-$100,000",HAPPENf_W41,2,"0.445530,0.554470"
EDUCATIONxINCOME,"EDUCATIONxINCOME :: High school graduate | Less than $30,000",HAPPENf_W41,2,"0.390476,0.609524"
EDUCATIONxINCOME,EDUCATIONxINCOME :: High school graduate | Refused,HAPPENf_W41,2,"0.453262,0.546738"
EDUCATIONxINCOME,"EDUCATIONxINCOME :: Less than high school | Less than $30,000",HAPPENf_W41,2,"0.386763,0.613237"
EDUCATIONxINCOME,"EDUCATIONxINCOME :: Postgraduate | $100,000 or more",HAPPENf_W41,2,"0.484380,0.515620"
EDUCATIONxINCOME,"EDUCATIONxINCOME :: Postgraduate | $30,000-$50,000",HAPPENf_W41,2,"0.426322,0.573678"
EDUCATIONxINCOME,"EDUCATIONxINCOME :: Postgraduate | $50,000-$75,000",HAPPENf_W41,2,"0.435902,0.564098"
EDUCATIONxINCOME,"EDUCATIONxINCOME :: Postgraduate | $75,000-$100,000",HAPPENf_W41,2,"0.437824,0.562177"
EDUCATIONxINCOME,"EDUCATIONxINCOME :: Some college, no degree | $100,000 or more",HAPPENf_W41,2,"0.490236,0.509764"
EDUCATIONxINCOME,"EDUCATIONxINCOME :: Some college, no degree | $30,000-$50,000",HAPPENf_W41,2,"0.426322,0.573678"
EDUCATIONxINCOME,"EDUCATIONxINCOME :: Some college, no degree | $50,000-$75,000",HAPPENf_W41,2,"0.432063,0.567937"
EDUCATIONxINCOME,"EDUCATIONxINCOME :: Some college, no degree | $75,000-$100,000",HAPPENf_W41,2,"0.430147,0.569853"
EDUCATIONxINCOME,"EDUCATIONxINCOME :: Some college, no degree | Less than $30,000",HAPPENf_W41,2,"0.384912,0.615088"
EDUCATIONxINCOME,"EDUCATIONxINCOME :: Associate's degree | $100,000 or more",HARASS1D_W32,3,"0.771119,0.149488,0.079393"
EDUCATIONxINCOME,"EDUCATIONxINCOME :: Associate's degree | $30,000-$50,000",HARASS1D_W32,3,"0.729285,0.178719,0.091997"
EDUCATIONxINCOME,"EDUCATIONxINCOME :: Associate's degree | $50,000-$75,000",HARASS1D_W32,3,"0.705461,0.200545,0.093994"
EDUCATIONxINCOME,"EDUCATIONxINCOME :: Associate's degree | $75,000-$100,000",HARASS1D_W32,3,"0.767412,0.158364,0.074224"
EDUCATIONxINCOME,"EDUCATIONxINCOME :: Associate's degree | Less than $30,000",HARASS1D_W32,3,"0.747900,0.168188,0.083912"
EDUCATIONxINCOME,"EDUCATIONxINCOME :: College graduate/some postgrad | $100,000 or more",HARASS1D_W32,3,"0.783724,0.147257,0.069018"
EDUCATIONxINCOME,"EDUCATIONxINCOME :: College graduate/some postgrad | $30,000-$50,000",HARASS1D_W32,3,"0.749855,0.166013,0.084131"
EDUCATIONxINCOME,"EDUCATIONxINCOME :: College graduate/some postgrad | $50,000-$75,000",HARASS1D_W32,3,"0.722213,0.192868,0.084919"
EDUCATIONxINCOME,"EDUCATIONxINCOME :: College graduate/some postgrad | $75,000-$100,000",HARASS1D_W32,3,"0.787193,0.145616,0.067191"
EDUCATIONxINCOME,"EDUCATIONxINCOME :: College graduate/some postgrad | Less than $30,000",HARASS1D_W32,3,"0.756121,0.164805,0.079074"
EDUCATIONxINCOME,EDUCATIONxINCOME :: College graduate/some postgrad | Refused,HARASS1D_W32,3,"0.623279,0.223980,0.152741"
EDUCATIONxINCOME,"EDUCATIONxINCOME :: High school graduate | $100,000 or more",HARASS1D_W32,3,"0.722566,0.185570,0.091864"
EDUCATIONxINCOME,"EDUCATIONxINCOME :: High school graduate | $30,000-$50,000",HARASS1D_W32,3,"0.713568,0.193561,0.092871"
EDUCATIONxINCOME,"EDUCATIONxINCOME :: High school graduate | $50,000-$75,000",HARASS1D_W32,3,"0.692747,0.211276,0.095976"
EDUCATIONxINCOME,"EDUCATIONxINCOME :: High school graduate | $75,000-$100,000",HARASS1D_W32,3,"0.734109,0.184167,0.081724"
EDUCATIONxINCOME,"EDUCATIONxINCOME :: High school graduate | Less than $30,000",HARASS1D_W32,3,"0.717200,0.193032,0.089768"
EDUCATIONxINCOME,"EDUCATIONxINCOME :: Less than high school | $30,000-$50,000",HARASS1D_W32,3,"0.703304,0.193780,0.102916"
EDUCATIONxINCOME,"EDUCATIONxINCOME :: Less than high school | Less than $30,000",HARASS1D_W32,3,"0.716229,0.186840,0.096931"
EDUCATIONxINCOME,"EDUCATIONxINCOME :: Postgraduate | $100,000 or more",HARASS1D_W32,3,"0.778007,0.147330,0.074663"
EDUCATIONxINCOME,"EDUCATIONxINCOME :: Postgraduate | $30,000-$50,000",HARASS1D_W32,3,"0.728264,0.179868,0.091868"
EDUCATIONxINCOME,"EDUCATIONxINCOME :: Postgraduate | $50,000-$75,000",HARASS1D_W32,3,"0.697338,0.204528,0.098134"
EDUCATIONxINCOME,"EDUCATIONxINCOME :: Postgraduate | $75,000-$100,000",HARASS1D_W32,3,"0.761865,0.159696,0.078440"
EDUCATIONxINCOME,"EDUCATIONxINCOME :: Postgraduate | Less than $30,000",HARASS1D_W32,3,"0.748561,0.160628,0.090811"
EDUCATIONxINCOME,EDUCATIONxINCOME :: Postgraduate | Refused,HARASS1D_W32,3,"0.596463,0.229957,0.173581"
EDUCATIONxINCOME,"EDUCATIONxINCOME :: Some college, no degree | $100,000 or more",HARASS1D_W32,3,"0.667273,0.214946,0.117781"
EDUCATIONxINCOME,"EDUCATIONxINCOME :: Some college, no degree | $30,000-$50,000",HARASS1D_W32,3,"0.644229,0.227919,0.127851"
EDUCATIONxINCOME,"EDUCATIONxINCOME :: Some college, no degree | $50,000-$75,000",HARASS1D_W32,3,"0.612322,0.255254,0.132424"
EDUCATIONxINCOME,"EDUCATIONxINCOME :: Some college, no degree | $75,000-$100,000",HARASS1D_W32,3,"0.684026,0.210252,0.105722"
EDUCATIONxINCOME,"EDUCATIONxINCOME :: Some college, no degree | Less than $30,000",HARASS1D_W32,3,"0.676084,0.214408,0.109509"
EDUCATIONxINCOME,"EDUCATIONxINCOME :: Some college, no degree | Refused",HARASS1D_W32,3,"0.568437,0.235116,0.196447"
EDUCATIONxINCOME,"EDUCATIONxINCOME :: Associate's degree | $100,000 or more",HARASS1F1a_W41,3,"0.335942,0.232700,0.431358"
EDUCATIONxINCOME,"EDUCATIONxINCOME :: Associate's degree | $30,000-$50,000",HARASS1F1a_W41,3,"0.300022,0.266845,0.433133"
EDUCATIONxINCOME,"EDUCATIONxINCOME :: Associate's degree | $50,000-$75,000",HARASS1F1a_W41,3,"0.284091,0.268972,0.446937"
EDUCATIONxINCOME,"EDUCATIONxINCOME :: Associate's degree | Less than $30,000",HARASS1F1a_W41,3,"0.296533,0.247762,0.455705"
EDUCATIONxINCOME,"EDUCATIONxINCOME :: College graduate/some postgrad | $100,000 or more",HARASS1F1a_W41,3,"0.309335,0.233498,0.457167"
EDUCATIONxINCOME,"EDUCATIONxINCOME :: College graduate/some postgrad | $30,000-$50,000",HARASS1F1a_W41,3,"0.300008,0.256610,0.443382"
EDUCATIONxINCOME,"EDUCATIONxINCOME :: College graduate/some postgrad | $50,000-$75,000",HARASS1F1a_W41,3,"0.280696,0.263689,0.455615"
EDUCATIONxINCOME,"EDUCATIONxINCOME :: College graduate/some postgrad | $75,000-$100,000",HARASS1F1a_W41,3,"0.290056,0.250044,0.459901"
EDUCATIONxINCOME,"EDUCATIONxINCOME :: College graduate/some postgrad | Less than $30,000",HARASS1F1a_W41,3,"0.289127,0.241574,0.469299"
EDUCATIONxINCOME,"EDUCATIONxINCOME :: High school graduate | $100,000 or more",HARASS1F1a_W41,3,"0.308884,0.252104,0.439012"
EDUCATIONxINCOME,"EDUCATIONxINCOME :: High school graduate | $30,000-$50,000",HARASS1F1a_W41,3,"0.288277,0.268704,0.443018"
EDUCATIONxINCOME,"EDUCATIONxINCOME :: High school graduate | $50,000-$75,000",HARASS1F1a_W41,3,"0.276694,0.259930,0.463376"
EDUCATIONxINCOME,"EDUCATIONxINCOME :: High school graduate | $75,000-$100,000",HARASS1F1a_W41,3,"0.290083,0.264124,0.445793"
EDUCATIONxINCOME,"EDUCATIONxINCOME :: High school graduate | Less than $30,000",HARASS1F1a_W41,3,"0.290056,0.250044,0.459901"
EDUCATIONxINCOME,EDUCATIONxINCOME :: High school graduate | Refused,HARASS1F1a_W41,3,"0.291292,0.235895,0.472813"
EDUCATIONxINCOME,"EDUCATIONxINCOME :: Less than high school | Less than $30,000",HARASS1F1a_W41,3,"0.295547,0.243110,0.461342"
EDUCATIONxINCOME,"EDUCATIONxINCOME :: Postgraduate | $100,000 or more",HARASS1F1a_W41,3,"0.318816,0.235080,0.446104"
EDUCATIONxINCOME,"EDUCATIONxINCOME :: Postgraduate | $30,000-$50,000",HARASS1F1a_W41,3,"0.293720,0.265354,0.440926"
EDUCATIONxINCOME,"EDUCATIONxINCOME :: Postgraduate | $50,000-$75,000",HARASS1F1a_W41,3,"0.284687,0.267438,0.447875"
EDUCATIONxINCOME,"EDUCATIONxINCOME :: Postgraduate | $75,000-$100,000",HARASS1F1a_W41,3,"0.298369,0.257211,0.444420"
EDUCATIONxINCOME,"EDUCATIONxINCOME :: Some college, no degree | $100,000 or more",HARASS1F1a_W41,3,"0.327973,0.257429,0.414597"
EDUCATIONxINCOME,"EDUCATIONxINCOME :: Some college, no degree | $30,000-$50,000",HARASS1F1a_W41,3,"0.301486,0.276659,0.421855"
EDUCATIONxINCOME,"EDUCATIONxINCOME :: Some college, no degree | $50,000-$75,000",HARASS1F1a_W41,3,"0.294946,0.279249,0.425804"
EDUCATIONxINCOME,"EDUCATIONxINCOME :: Some college, no degree | $75,000-$100,000",HARASS1F1a_W41,3,"0.306093,0.272245,0.421661"
EDUCATIONxINCOME,"EDUCATIONxINCOME :: Some college, no degree | Less than $30,000",HARASS1F1a_W41,3,"0.307662,0.255061,0.437276"
EDUCATIONxINCOME,"EDUCATIONxINCOME :: Associate's degree | $100,000 or more",HARASS1F1b_W41,3,"0.404667,0.257222,0.338112"
EDUCATIONxINCOME,"EDUCATIONxINCOME :: Associate's degree | $30,000-$50,000",HARASS1F1b_W41,3,"0.358037,0.292221,0.349743"
EDUCATIONxINCOME,"EDUCATIONxINCOME :: Associate's degree | $50,000-$75,000",HARASS1F1b_W41,3,"0.337580,0.300250,0.362170"
EDUCATIONxINCOME,"EDUCATIONxINCOME :: Associate's degree | Less than $30,000",HARASS1F1b_W41,3,"0.354014,0.277869,0.368117"
EDUCATIONxINCOME,"EDUCATIONxINCOME :: College graduate/some postgrad | $100,000 or more",HARASS1F1b_W41,3,"0.371532,0.273950,0.354518"
EDUCATIONxINCOME,"EDUCATIONxINCOME :: College graduate/some postgrad | $30,000-$50,000",HARASS1F1b_W41,3,"0.352126,0.287397,0.360477"
EDUCATIONxINCOME,"EDUCATIONxINCOME :: College graduate/some postgrad | $50,000-$75,000",HARASS1F1b_W41,3,"0.333143,0.300970,0.365887"
EDUCATIONxINCOME,"EDUCATIONxINCOME :: College graduate/some postgrad | $75,000-$100,000",HARASS1F1b_W41,3,"0.351334,0.289000,0.359666"
EDUCATIONxINCOME,"EDUCATIONxINCOME :: College graduate/some postgrad | Less than $30,000",HARASS1F1b_W41,3,"0.340077,0.277563,0.382359"
EDUCATIONxINCOME,"EDUCATIONxINCOME :: High school graduate | $100,000 or more",HARASS1F1b_W41,3,"0.352126,0.287397,0.360477"
EDUCATIONxINCOME,"EDUCATIONxINCOME :: High school graduate | $30,000-$50,000",HARASS1F1b_W41,3,"0.334881,0.300186,0.364933"
EDUCATIONxINCOME,"EDUCATIONxINCOME :: High school graduate | $50,000-$75,000",HARASS1F1b_W41,3,"0.319596,0.297897,0.382507"
EDUCATIONxINCOME,"EDUCATIONxINCOME :: High school graduate | $75,000-$100,000",HARASS1F1b_W41,3,"0.339329,0.299457,0.361214"
EDUCATIONxINCOME,"EDUCATIONxINCOME :: High school graduate | Less than $30,000",HARASS1F1b_W41,3,"0.330899,0.285252,0.383849"
EDUCATIONxINCOME,EDUCATIONxINCOME :: High school graduate | Refused,HARASS1F1b_W41,3,"0.297166,0.260207,0.442627"
EDUCATIONxINCOME,"EDUCATIONxINCOME :: Less than high school | Less than $30,000",HARASS1F1b_W41,3,"0.338042,0.275902,0.386056"
EDUCATIONxINCOME,"EDUCATIONxINCOME :: Postgraduate | $100,000 or more",HARASS1F1b_W41,3,"0.376219,0.273106,0.350675"
EDUCATIONxINCOME,"EDUCATIONxINCOME :: Postgraduate | $30,000-$50,000",HARASS1F1b_W41,3,"0.348763,0.291403,0.359834"
EDUCATIONxINCOME,"EDUCATIONxINCOME :: Postgraduate | $50,000-$75,000",HARASS1F1b_W41,3,"0.334881,0.300186,0.364933"
EDUCATIONxINCOME,"EDUCATIONxINCOME :: Postgraduate | $75,000-$100,000",HARASS1F1b_W41,3,"0.356883,0.289012,0.354105"
EDUCATIONxINCOME,"EDUCATIONxINCOME :: Some college, no degree | $100,000 or more",HARASS1F1b_W41,3,"0.363897,0.283403,0.352701"
EDUCATIONxINCOME,"EDUCATIONxINCOME :: Some college, no degree | $30,000-$50,000",HARASS1F1b_W41,3,"0.338194,0.296132,0.365674"
EDUCATIONxINCOME,"EDUCATIONxINCOME :: Some college, no degree | $50,000-$75,000",HARASS1F1b_W41,3,"0.327179,0.304964,0.367857"
EDUCATIONxINCOME,"EDUCATIONxINCOME :: Some college, no degree | $75,000-$100,000",HARASS1F1b_W41,3,"0.346370,0.296266,0.357365"
EDUCATIONxINCOME,"EDUCATIONxINCOME :: Some college, no degree | Less than $30,000",HARASS1F1b_W41,3,"0.337107,0.283873,0.379020"
EDUCATIONxINCOME,"EDUCATIONxINCOME :: Associate's degree | $100,000 or more",HARASS1F1d_W41,3,"0.747088,0.161569,0.091343"
EDUCATIONxINCOME,"EDUCATIONxINCOME :: Associate's degree | $30,000-$50,000",HARASS1F1d_W41,3,"0.703304,0.193780,0.102916"
EDUCATIONxINCOME,"EDUCATIONxINCOME :: Associate's degree | $50,000-$75,000",HARASS1F1d_W41,3,"0.678338,0.211788,0.109874"
EDUCATIONxINCOME,"EDUCATIONxINCOME :: Associate's degree | Less than $30,000",HARASS1F1d_W41,3,"0.727697,0.178330,0.093973"
EDUCATIONxINCOME,"EDUCATIONxINCOME :: College graduate/some postgrad | $100,000 or more",HARASS1F1d_W41,3,"0.757592,0.161301,0.081107"
EDUCATIONxINCOME,"EDUCATIONxINCOME :: College graduate/some postgrad | $30,000-$50,000",HARASS1F1d_W41,3,"0.711944,0.188646,0.099410"
EDUCATIONxINCOME,"EDUCATIONxINCOME :: College graduate/some postgrad | $50,000-$75,000",HARASS1F1d_W41,3,"0.689063,0.208517,0.102420"
EDUCATIONxINCOME,"EDUCATIONxINCOME :: College graduate/some postgrad | $75,000-$100,000",HARASS1F1d_W41,3,"0.753228,0.166760,0.080012"
EDUCATIONxINCOME,"EDUCATIONxINCOME :: College graduate/some postgrad | Less than $30,000",HARASS1F1d_W41,3,"0.731345,0.177829,0.090826"
EDUCATIONxINCOME,"EDUCATIONxINCOME :: High school graduate | $100,000 or more",HARASS1F1d_W41,3,"0.693932,0.198815,0.107253"
EDUCATIONxINCOME,"EDUCATIONxINCOME :: High school graduate | $30,000-$50,000",HARASS1F1d_W41,3,"0.677792,0.213277,0.108931"
EDUCATIONxINCOME,"EDUCATIONxINCOME :: High school graduate | $50,000-$75,000",HARASS1F1d_W41,3,"0.655789,0.226635,0.117576"
EDUCATIONxINCOME,"EDUCATIONxINCOME :: High school graduate | $75,000-$100,000",HARASS1F1d_W41,3,"0.699515,0.203571,0.096914"
EDUCATIONxINCOME,"EDUCATIONxINCOME :: High school graduate | Less than $30,000",HARASS1F1d_W41,3,"0.688508,0.206728,0.104764"
EDUCATIONxINCOME,EDUCATIONxINCOME :: High school graduate | Refused,HARASS1F1d_W41,3,"0.552001,0.258718,0.189282"
EDUCATIONxINCOME,"EDUCATIONxINCOME :: Less than high school | Less than $30,000",HARASS1F1d_W41,3,"0.695366,0.194611,0.110023"
EDUCATIONxINCOME,"EDUCATIONxINCOME :: Postgraduate | $100,000 or more",HARASS1F1d_W41,3,"0.752632,0.160245,0.087123"
EDUCATIONxINCOME,"EDUCATIONxINCOME :: Postgraduate | $30,000-$50,000",HARASS1F1d_W41,3,"0.693349,0.198648,0.108003"
EDUCATIONxINCOME,"EDUCATIONxINCOME :: Postgraduate | $50,000-$75,000",HARASS1F1d_W41,3,"0.664411,0.217394,0.118195"
EDUCATIONxINCOME,"EDUCATIONxINCOME :: Postgraduate | $75,000-$100,000",HARASS1F1d_W41,3,"0.726681,0.179477,0.093842"
EDUCATIONxINCOME,"EDUCATIONxINCOME :: Some college, no degree | $100,000 or more",HARASS1F1d_W41,3,"0.646138,0.221562,0.132300"
EDUCATIONxINCOME,"EDUCATIONxINCOME :: Some college, no degree | $30,000-$50,000",HARASS1F1d_W41,3,"0.615676,0.239226,0.145098"
EDUCATIONxINCOME,"EDUCATIONxINCOME :: Some college, no degree | $50,000-$75,000",HARASS1F1d_W41,3,"0.585940,0.260009,0.154050"
EDUCATIONxINCOME,"EDUCATIONxINCOME :: Some college, no degree | $75,000-$100,000",HARASS1F1d_W41,3,"0.651483,0.225147,0.123370"
EDUCATIONxINCOME,"EDUCATIONxINCOME :: Some college, no degree | Less than $30,000",HARASS1F1d_W41,3,"0.652493,0.222000,0.125507"
EDUCATIONxINCOME,"EDUCATIONxINCOME :: Associate's degree | $100,000 or more",HARASS3F1_W41,3,"0.263448,0.411237,0.325315"
EDUCATIONxINCOME,"EDUCATIONxINCOME :: Associate's degree | $30,000-$50,000",HARASS3F1_W41,3,"0.228404,0.400861,0.370736"
EDUCATIONxINCOME,"EDUCATIONxINCOME :: Associate's degree | $50,000-$75,000",HARASS3F1_W41,3,"0.225151,0.420637,0.354212"
EDUCATIONxINCOME,"EDUCATIONxINCOME :: Associate's degree | Less than $30,000",HARASS3F1_W41,3,"0.220044,0.414320,0.365636"
EDUCATIONxINCOME,"EDUCATIONxINCOME :: College graduate/some postgrad | $100,000 or more",HARASS3F1_W41,3,"0.246369,0.406194,0.347436"
EDUCATIONxINCOME,"EDUCATIONxINCOME :: College graduate/some postgrad | $30,000-$50,000",HARASS3F1_W41,3,"0.239020,0.384949,0.376031"
EDUCATIONxINCOME,"EDUCATIONxINCOME :: College graduate/some postgrad | $50,000-$75,000",HARASS3F1_W41,3,"0.235229,0.403276,0.361495"
EDUCATIONxINCOME,"EDUCATIONxINCOME :: College graduate/some postgrad | $75,000-$100,000",HARASS3F1_W41,3,"0.233548,0.413105,0.353347"
EDUCATIONxINCOME,"EDUCATIONxINCOME :: College graduate/some postgrad | Less than $30,000",HARASS3F1_W41,3,"0.229161,0.395955,0.374883"
EDUCATIONxINCOME,"EDUCATIONxINCOME :: High school graduate | $100,000 or more",HARASS3F1_W41,3,"0.243233,0.413753,0.343014"
EDUCATIONxINCOME,"EDUCATIONxINCOME :: High school graduate | $30,000-$50,000",HARASS3F1_W41,3,"0.231256,0.393379,0.375365"
EDUCATIONxINCOME,"EDUCATIONxINCOME :: High school graduate | $50,000-$75,000",HARASS3F1_W41,3,"0.234564,0.402136,0.363300"
EDUCATIONxINCOME,"EDUCATIONxINCOME :: High school graduate | $75,000-$100,000",HARASS3F1_W41,3,"0.230390,0.423753,0.345857"
EDUCATIONxINCOME,"EDUCATIONxINCOME :: High school graduate | Less than $30,000",HARASS3F1_W41,3,"0.225603,0.405335,0.369062"
EDUCATIONxINCOME,EDUCATIONxINCOME :: High school graduate | Refused,HARASS3F1_W41,3,"0.238965,0.370116,0.390920"
EDUCATIONxINCOME,"EDUCATIONxINCOME :: Less than high school | Less than $30,000",HARASS3F1_W41,3,"0.234564,0.402136,0.363300"
EDUCATIONxINCOME,"EDUCATIONxINCOME :: Postgraduate | $100,000 or more",HARASS3F1_W41,3,"0.246630,0.416267,0.337103"
EDUCATIONxINCOME,"EDUCATIONxINCOME :: Postgraduate | $30,000-$50,000",HARASS3F1_W41,3,"0.234045,0.391952,0.374003"
EDUCATIONxINCOME,"EDUCATIONxINCOME :: Postgraduate | $50,000-$75,000",HARASS3F1_W41,3,"0.236461,0.408568,0.354970"
EDUCATIONxINCOME,"EDUCATIONxINCOME :: Postgraduate | $75,000-$100,000",HARASS3F1_W41,3,"0.236753,0.418773,0.344474"
EDUCATIONxINCOME,"EDUCATIONxINCOME :: Some college, no degree | $100,000 or more",HARASS3F1_W41,3,"0.266011,0.387044,0.346944"
EDUCATIONxINCOME,"EDUCATIONxINCOME :: Some college, no degree | $30,000-$50,000",HARASS3F1_W41,3,"0.248300,0.364108,0.387591"
EDUCATIONxINCOME,"EDUCATIONxINCOME :: Some college, no degree | $50,000-$75,000",HARASS3F1_W41,3,"0.249086,0.382789,0.368125"
EDUCATIONxINCOME,"EDUCATIONxINCOME :: Some college, no degree | $75,000-$100,000",HARASS3F1_W41,3,"0.251882,0.390122,0.357996"
EDUCATIONxINCOME,"EDUCATIONxINCOME :: Some college, no degree | Less than $30,000",HARASS3F1_W41,3,"0.244762,0.376144,0.379094"
EDUCATIONxINCOME,"EDUCATIONxINCOME :: Associate's degree | $100,000 or more",HELPHURTC_W29,3,"0.463422,0.210519,0.326058"
EDUCATIONxINCOME,"EDUCATIONxINCOME :: Associate's degree | $30,000-$50,000",HELPHURTC_W29,3,"0.352206,0.232794,0.415000"
EDUCATIONxINCOME,"EDUCATIONxINCOME :: Associate's degree | $50,000-$75,000",HELPHURTC_W29,3,"0.352769,0.244356,0.402875"
EDUCATIONxINCOME,"EDUCATIONxINCOME :: Associate's degree | $75,000-$100,000",HELPHURTC_W29,3,"0.368840,0.247627,0.383533"
EDUCATIONxINCOME,"EDUCATIONxINCOME :: Associate's degree | Less than $30,000",HELPHURTC_W29,3,"0.317549,0.241578,0.440873"
EDUCATIONxINCOME,"EDUCATIONxINCOME :: College graduate/some postgrad | $100,000 or more",HELPHURTC_W29,3,"0.402365,0.213695,0.383940"
EDUCATIONxINCOME,"EDUCATIONxINCOME :: College graduate/some postgrad | $30,000-$50,000",HELPHURTC_W29,3,"0.356421,0.230123,0.413456"
EDUCATIONxINCOME,"EDUCATIONxINCOME :: College graduate/some postgrad | $50,000-$75,000",HELPHURTC_W29,3,"0.347369,0.236885,0.415746"
EDUCATIONxINCOME,"EDUCATIONxINCOME :: College graduate/some postgrad | $75,000-$100,000",HELPHURTC_W29,3,"0.358815,0.240897,0.400287"
EDUCATIONxINCOME,"EDUCATIONxINCOME :: College graduate/some postgrad | Less than $30,000",HELPHURTC_W29,3,"0.303809,0.232938,0.463253"
EDUCATIONxINCOME,EDUCATIONxINCOME :: College graduate/some postgrad | Refused,HELPHURTC_W29,3,"0.288103,0.214100,0.497797"
EDUCATIONxINCOME,"EDUCATIONxINCOME :: High school graduate | $100,000 or more",HELPHURTC_W29,3,"0.390091,0.234761,0.375147"
EDUCATIONxINCOME,"EDUCATIONxINCOME :: High school graduate | $30,000-$50,000",HELPHURTC_W29,3,"0.331941,0.231732,0.436328"
EDUCATIONxINCOME,"EDUCATIONxINCOME :: High school graduate | $50,000-$75,000",HELPHURTC_W29,3,"0.356761,0.235805,0.407434"
EDUCATIONxINCOME,"EDUCATIONxINCOME :: High school graduate | $75,000-$100,000",HELPHURTC_W29,3,"0.354715,0.249573,0.395713"
EDUCATIONxINCOME,"EDUCATIONxINCOME :: High school graduate | Less than $30,000",HELPHURTC_W29,3,"0.298855,0.238268,0.462876"
EDUCATIONxINCOME,"EDUCATIONxINCOME :: Less than high school | Less than $30,000",HELPHURTC_W29,3,"0.310383,0.255314,0.434303"
EDUCATIONxINCOME,"EDUCATIONxINCOME :: Postgraduate | $100,000 or more",HELPHURTC_W29,3,"0.410412,0.230220,0.359368"
EDUCATIONxINCOME,"EDUCATIONxINCOME :: Postgraduate | $30,000-$50,000",HELPHURTC_W29,3,"0.347657,0.242704,0.409640"
EDUCATIONxINCOME,"EDUCATIONxINCOME :: Postgraduate | $50,000-$75,000",HELPHURTC_W29,3,"0.355498,0.254063,0.390439"
EDUCATIONxINCOME,"EDUCATIONxINCOME :: Postgraduate | $75,000-$100,000",HELPHURTC_W29,3,"0.373203,0.256498,0.370299"
EDUCATIONxINCOME,"EDUCATIONxINCOME :: Postgraduate | Less than $30,000",HELPHURTC_W29,3,"0.329698,0.256769,0.413534"
EDUCATIONxINCOME,EDUCATIONxINCOME :: Postgraduate | Refused,HELPHURTC_W29,3,"0.314055,0.246504,0.439441"
EDUCATIONxINCOME,"EDUCATIONxINCOME :: Some college, no degree | $100,000 or more",HELPHURTC_W29,3,"0.369218,0.255750,0.375032"
EDUCATIONxINCOME,"EDUCATIONxINCOME :: Some college, no degree | $30,000-$50,000",HELPHURTC_W29,3,"0.315221,0.257276,0.427503"
EDUCATIONxINCOME,"EDUCATIONxINCOME :: Some college, no degree | $50,000-$75,000",HELPHURTC_W29,3,"0.327032,0.262778,0.410190"
EDUCATIONxINCOME,"EDUCATIONxINCOME :: Some college, no degree | $75,000-$100,000",HELPHURTC_W29,3,"0.336071,0.267940,0.395989"
EDUCATIONxINCOME,"EDUCATIONxINCOME :: Some college, no degree | Less than $30,000",HELPHURTC_W29,3,"0.292460,0.258095,0.449445"
EDUCATIONxINCOME,"EDUCATIONxINCOME :: Some college, no degree | Refused",HELPHURTC_W29,3,"0.284829,0.230661,0.484510"
EDUCATIONxINCOME,"EDUCATIONxINCOME :: Associate's degree | $100,000 or more",HIGHEDWRNGS_W36,2,"0.794385,0.205615"
EDUCATIONxINCOME,"EDUCATIONxINCOME :: Associate's degree | $30,000-$50,000",HIGHEDWRNGS_W36,2,"0.740174,0.259826"
EDUCATIONxINCOME,"EDUCATIONxINCOME :: Associate's degree | $50,000-$75,000",HIGHEDWRNGS_W36,2,"0.729520,0.270480"
EDUCATIONxINCOME,"EDUCATIONxINCOME :: Associate's degree | $75,000-$100,000",HIGHEDWRNGS_W36,2,"0.752013,0.247987"
EDUCATIONxINCOME,"EDUCATIONxINCOME :: Associate's degree | Less than $30,000",HIGHEDWRNGS_W36,2,"0.770465,0.229535"
EDUCATIONxINCOME,"EDUCATIONxINCOME :: College graduate/some postgrad | $100,000 or more",HIGHEDWRNGS_W36,2,"0.770465,0.229535"
EDUCATIONxINCOME,"EDUCATIONxINCOME :: College graduate/some postgrad | $30,000-$50,000",HIGHEDWRNGS_W36,2,"0.726426,0.273574"
EDUCATIONxINCOME,"EDUCATIONxINCOME :: College graduate/some postgrad | $50,000-$75,000",HIGHEDWRNGS_W36,2,"0.715424,0.284576"
EDUCATIONxINCOME,"EDUCATIONxINCOME :: College graduate/some postgrad | $75,000-$100,000",HIGHEDWRNGS_W36,2,"0.731059,0.268941"
EDUCATIONxINCOME,"EDUCATIONxINCOME :: College graduate/some postgrad | Less than $30,000",HIGHEDWRNGS_W36,2,"0.741674,0.258326"
EDUCATIONxINCOME,EDUCATIONxINCOME :: College graduate/some postgrad | Refused,HIGHEDWRNGS_W36,2,"0.712232,0.287768"
EDUCATIONxINCOME,"EDUCATIONxINCOME :: High school graduate | $100,000 or more",HIGHEDWRNGS_W36,2,"0.746139,0.253861"
EDUCATIONxINCOME,"EDUCATIONxINCOME :: High school graduate | $30,000-$50,000",HIGHEDWRNGS_W36,2,"0.718594,0.281406"
EDUCATIONxINCOME,"EDUCATIONxINCOME :: High school graduate | $50,000-$75,000",HIGHEDWRNGS_W36,2,"0.734120,0.265880"
EDUCATIONxINCOME,"EDUCATIONxINCOME :: High school graduate | $75,000-$100,000",HIGHEDWRNGS_W36,2,"0.726426,0.273574"
EDUCATIONxINCOME,"EDUCATIONxINCOME :: High school graduate | Less than $30,000",HIGHEDWRNGS_W36,2,"0.747616,0.252384"
EDUCATIONxINCOME,"EDUCATIONxINCOME :: Less than high school | Less than $30,000",HIGHEDWRNGS_W36,2,"0.759225,0.240775"
EDUCATIONxINCOME,"EDUCATIONxINCOME :: Postgraduate | $100,000 or more",HIGHEDWRNGS_W36,2,"0.771843,0.228156"
EDUCATIONxINCOME,"EDUCATIONxINCOME :: Postgraduate | $30,000-$50,000",HIGHEDWRNGS_W36,2,"0.709019,0.290981"
EDUCATIONxINCOME,"EDUCATIONxINCOME :: Postgraduate | $50,000-$75,000",HIGHEDWRNGS_W36,2,"0.702530,0.297470"
EDUCATIONxINCOME,"EDUCATIONxINCOME :: Postgraduate | $75,000-$100,000",HIGHEDWRNGS_W36,2,"0.731059,0.268941"
EDUCATIONxINCOME,"EDUCATIONxINCOME :: Postgraduate | Less than $30,000",HIGHEDWRNGS_W36,2,"0.781331,0.218669"
EDUCATIONxINCOME,EDUCATIONxINCOME :: Postgraduate | Refused,HIGHEDWRNGS_W36,2,"0.718594,0.281406"
EDUCATIONxINCOME,"EDUCATIONxINCOME :: Some college, no degree | $100,000 or more",HIGHEDWRNGS_W36,2,"0.729520,0.270480"
EDUCATIONxINCOME,"EDUCATIONxINCOME :: Some college, no degree | $30,000-$50,000",HIGHEDWRNGS_W36,2,"0.690976,0.309024"
EDUCATIONxINCOME,"EDUCATIONxINCOME :: Some college, no degree | $50,000-$75,000",HIGHEDWRNGS_W36,2,"0.679179,0.320821"
EDUCATIONxINCOME,"EDUCATIONxINCOME :: Some college, no degree | $75,000-$100,000",HIGHEDWRNGS_W36,2,"0.710628,0.289372"
EDUCATIONxINCOME,"EDUCATIONxINCOME :: Some college, no degree | Less than $30,000",HIGHEDWRNGS_W36,2,"0.757794,0.242206"
EDUCATIONxINCOME,"EDUCATIONxINCOME :: Some college, no degree | Refused",HIGHEDWRNGS_W36,2,"0.810479,0.189521"
EDUCATIONxINCOME,"EDUCATIONxINCOME :: Associate's degree | $100,000 or more",HIRING3A_W27,4,"0.416066,0.231576,0.174803,0.177555"
EDUCATIONxINCOME,"EDUCATIONxINCOME :: Associate's degree | $30,000-$50,000",HIRING3A_W27,4,"0.297275,0.262344,0.227928,0.212453"
EDUCATIONxINCOME,"EDUCATIONxINCOME :: Associate's degree | $50,000-$75,000",HIRING3A_W27,4,"0.293414,0.282174,0.216350,0.208062"
EDUCATIONxINCOME,"EDUCATIONxINCOME :: Associate's degree | $75,000-$100,000",HIRING3A_W27,4,"0.290359,0.264375,0.220894,0.224372"
EDUCATIONxINCOME,"EDUCATIONxINCOME :: Associate's degree | Less than $30,000",HIRING3A_W27,4,"0.261499,0.228976,0.228976,0.280548"
EDUCATIONxINCOME,"EDUCATIONxINCOME :: College graduate/some postgrad | $100,000 or more",HIRING3A_W27,4,"0.358052,0.248016,0.197735,0.196197"
EDUCATIONxINCOME,"EDUCATIONxINCOME :: College graduate/some postgrad | $30,000-$50,000",HIRING3A_W27,4,"0.303150,0.269627,0.225282,0.201941"
EDUCATIONxINCOME,"EDUCATIONxINCOME :: College graduate/some postgrad | $50,000-$75,000",HIRING3A_W27,4,"0.287985,0.283520,0.224283,0.204212"
EDUCATIONxINCOME,"EDUCATIONxINCOME :: College graduate/some postgrad | $75,000-$100,000",HIRING3A_W27,4,"0.285130,0.263702,0.229108,0.222059"
EDUCATIONxINCOME,"EDUCATIONxINCOME :: College graduate/some postgrad | Less than $30,000",HIRING3A_W27,4,"0.249666,0.227324,0.240102,0.282909"
EDUCATIONxINCOME,"EDUCATIONxINCOME :: High school graduate | $100,000 or more",HIRING3A_W27,4,"0.337037,0.260442,0.199688,0.202833"
EDUCATIONxINCOME,"EDUCATIONxINCOME :: High school graduate | $30,000-$50,000",HIRING3A_W27,4,"0.278993,0.272530,0.229493,0.218984"
EDUCATIONxINCOME,"EDUCATIONxINCOME :: High school graduate | $50,000-$75,000",HIRING3A_W27,4,"0.293551,0.286751,0.214766,0.204932"
EDUCATIONxINCOME,"EDUCATIONxINCOME :: High school graduate | $75,000-$100,000",HIRING3A_W27,4,"0.280492,0.273994,0.221887,0.223627"
EDUCATIONxINCOME,"EDUCATIONxINCOME :: High school graduate | Less than $30,000",HIRING3A_W27,4,"0.246139,0.234868,0.231227,0.287766"
EDUCATIONxINCOME,"EDUCATIONxINCOME :: Less than high school | Less than $30,000",HIRING3A_W27,4,"0.237662,0.223263,0.243298,0.295776"
EDUCATIONxINCOME,"EDUCATIONxINCOME :: Postgraduate | $100,000 or more",HIRING3A_W27,4,"0.361733,0.252530,0.192115,0.193622"
EDUCATIONxINCOME,"EDUCATIONxINCOME :: Postgraduate | $30,000-$50,000",HIRING3A_W27,4,"0.290670,0.266733,0.229939,0.212658"
EDUCATIONxINCOME,"EDUCATIONxINCOME :: Postgraduate | $50,000-$75,000",HIRING3A_W27,4,"0.292486,0.285711,0.220780,0.201023"
EDUCATIONxINCOME,"EDUCATIONxINCOME :: Postgraduate | $75,000-$100,000",HIRING3A_W27,4,"0.293775,0.269583,0.220027,0.216616"
EDUCATIONxINCOME,"EDUCATIONxINCOME :: Postgraduate | Less than $30,000",HIRING3A_W27,4,"0.260125,0.217342,0.227773,0.294760"
EDUCATIONxINCOME,"EDUCATIONxINCOME :: Some college, no degree | $100,000 or more",HIRING3A_W27,4,"0.331657,0.264420,0.204328,0.199595"
EDUCATIONxINCOME,"EDUCATIONxINCOME :: Some college, no degree | $30,000-$50,000",HIRING3A_W27,4,"0.275524,0.269141,0.235668,0.219667"
EDUCATIONxINCOME,"EDUCATIONxINCOME :: Some college, no degree | $50,000-$75,000",HIRING3A_W27,4,"0.276453,0.287466,0.227404,0.208678"
EDUCATIONxINCOME,"EDUCATIONxINCOME :: Some college, no degree | $75,000-$100,000",HIRING3A_W27,4,"0.277559,0.271129,0.226537,0.224774"
EDUCATIONxINCOME,"EDUCATIONxINCOME :: Some college, no degree | Less than $30,000",HIRING3A_W27,4,"0.243255,0.233936,0.233936,0.288873"
EDUCATIONxINCOME,"EDUCATIONxINCOME :: Associate's degree | $100,000 or more",HOMEIOT_W49,2,"0.734120,0.265880"
EDUCATIONxINCOME,"EDUCATIONxINCOME :: Associate's degree | $30,000-$50,000",HOMEIOT_W49,2,"0.672332,0.327668"
EDUCATIONxINCOME,"EDUCATIONxINCOME :: Associate's degree | $50,000-$75,000",HOMEIOT_W49,2,"0.658418,0.341583"
EDUCATIONxINCOME,"EDUCATIONxINCOME :: Associate's degree | $75,000-$100,000",HOMEIOT_W49,2,"0.677474,0.322526"
EDUCATIONxINCOME,"EDUCATIONxINCOME :: Associate's degree | Less than $30,000",HOMEIOT_W49,2,"0.640636,0.359364"
EDUCATIONxINCOME,"EDUCATIONxINCOME :: College graduate/some postgrad | $100,000 or more",HOMEIOT_W49,2,"0.690976,0.309024"
EDUCATIONxINCOME,"EDUCATIONxINCOME :: College graduate/some postgrad | $30,000-$50,000",HOMEIOT_W49,2,"0.679179,0.320821"
EDUCATIONxINCOME,"EDUCATIONxINCOME :: College graduate/some postgrad | $50,000-$75,000",HOMEIOT_W49,2,"0.663669,0.336331"
EDUCATIONxINCOME,"EDUCATIONxINCOME :: College graduate/some postgrad | $75,000-$100,000",HOMEIOT_W49,2,"0.679179,0.320821"
EDUCATIONxINCOME,"EDUCATIONxINCOME :: College graduate/some postgrad | Less than $30,000",HOMEIOT_W49,2,"0.629775,0.370225"
EDUCATIONxINCOME,"EDUCATIONxINCOME :: High school graduate | $100,000 or more",HOMEIOT_W49,2,"0.660172,0.339828"
EDUCATIONxINCOME,"EDUCATIONxINCOME :: High school graduate | $30,000-$50,000",HOMEIOT_W49,2,"0.663669,0.336331"
EDUCATIONxINCOME,"EDUCATIONxINCOME :: High school graduate | $50,000-$75,000",HOMEIOT_W49,2,"0.674050,0.325950"
EDUCATIONxINCOME,"EDUCATIONxINCOME :: High school graduate | $75,000-$100,000",HOMEIOT_W49,2,"0.661923,0.338077"
EDUCATIONxINCOME,"EDUCATIONxINCOME :: High school graduate | Less than $30,000",HOMEIOT_W49,2,"0.618780,0.381220"
EDUCATIONxINCOME,EDUCATIONxINCOME :: High school graduate | Refused,HOMEIOT_W49,2,"0.550607,0.449393"
EDUCATIONxINCOME,"EDUCATIONxINCOME :: Less than high school | $30,000-$50,000",HOMEIOT_W49,2,"0.649579,0.350421"
EDUCATIONxINCOME,"EDUCATIONxINCOME :: Less than high school | Less than $30,000",HOMEIOT_W49,2,"0.607663,0.392337"
EDUCATIONxINCOME,"EDUCATIONxINCOME :: Postgraduate | $100,000 or more",HOMEIOT_W49,2,"0.685949,0.314051"
EDUCATIONxINCOME,"EDUCATIONxINCOME :: Postgraduate | $30,000-$50,000",HOMEIOT_W49,2,"0.654895,0.345105"
EDUCATIONxINCOME,"EDUCATIONxINCOME :: Postgraduate | $50,000-$75,000",HOMEIOT_W49,2,"0.642432,0.357568"
EDUCATIONxINCOME,"EDUCATIONxINCOME :: Postgraduate | $75,000-$100,000",HOMEIOT_W49,2,"0.663669,0.336331"
EDUCATIONxINCOME,"EDUCATIONxINCOME :: Postgraduate | Less than $30,000",HOMEIOT_W49,2,"0.626124,0.373876"
EDUCATIONxINCOME,"EDUCATIONxINCOME :: Some college, no degree | $100,000 or more",HOMEIOT_W49,2,"0.637031,0.362969"
EDUCATIONxINCOME,"EDUCATIONxINCOME :: Some college, no degree | $30,000-$50,000",HOMEIOT_W49,2,"0.620622,0.379378"
EDUCATIONxINCOME,"EDUCATIONxINCOME :: Some college, no degree | $50,000-$75,000",HOMEIOT_W49,2,"0.609524,0.390476"
EDUCATIONxINCOME,"EDUCATIONxINCOME :: Some college, no degree | $75,000-$100,000",HOMEIOT_W49,2,"0.627951,0.372049"
EDUCATIONxINCOME,"EDUCATIONxINCOME :: Some college, no degree | Less than $30,000",HOMEIOT_W49,2,"0.585101,0.414899"
EDUCATIONxINCOME,"EDUCATIONxINCOME :: Some college, no degree | Refused",HOMEIOT_W49,2,"0.515620,0.484380"
EDUCATIONxINCOME,"EDUCATIONxINCOME :: Associate's degree | $100,000 or more",IMMCOMM_W32,4,"0.390270,0.301577,0.187253,0.120900"
EDUCATIONxINCOME,"EDUCATIONxINCOME :: Associate's degree | $30,000-$50,000",IMMCOMM_W32,4,"0.288923,0.329960,0.241404,0.139714"
EDUCATIONxINCOME,"EDUCATIONxINCOME :: Associate's degree | $50,000-$75,000",IMMCOMM_W32,4,"0.266254,0.352730,0.248176,0.132839"
EDUCATIONxINCOME,"EDUCATIONxINCOME :: Associate's degree | $75,000-$100,000",IMMCOMM_W32,4,"0.285933,0.347606,0.222685,0.143776"
EDUCATIONxINCOME,"EDUCATIONxINCOME :: Associate's degree | Less than $30,000",IMMCOMM_W32,4,"0.287144,0.280493,0.227150,0.205213"
EDUCATIONxINCOME,"EDUCATIONxINCOME :: College graduate/some postgrad | $100,000 or more",IMMCOMM_W32,4,"0.325159,0.327709,0.211585,0.135546"
EDUCATIONxINCOME,"EDUCATIONxINCOME :: College graduate/some postgrad | $30,000-$50,000",IMMCOMM_W32,4,"0.278410,0.351943,0.238136,0.131511"
EDUCATIONxINCOME,"EDUCATIONxINCOME :: College graduate/some postgrad | $50,000-$75,000",IMMCOMM_W32,4,"0.250656,0.364702,0.254603,0.130039"
EDUCATIONxINCOME,"EDUCATIONxINCOME :: College graduate/some postgrad | $75,000-$100,000",IMMCOMM_W32,4,"0.271295,0.356610,0.230245,0.141850"
EDUCATIONxINCOME,"EDUCATIONxINCOME :: College graduate/some postgrad | Less than $30,000",IMMCOMM_W32,4,"0.261536,0.285006,0.239999,0.213459"
EDUCATIONxINCOME,EDUCATIONxINCOME :: College graduate/some postgrad | Refused,IMMCOMM_W32,4,"0.255043,0.259059,0.226840,0.259059"
EDUCATIONxINCOME,"EDUCATIONxINCOME :: High school graduate | $100,000 or more",IMMCOMM_W32,4,"0.308201,0.315510,0.227253,0.149036"
EDUCATIONxINCOME,"EDUCATIONxINCOME :: High school graduate | $30,000-$50,000",IMMCOMM_W32,4,"0.261955,0.336357,0.255887,0.145800"
EDUCATIONxINCOME,"EDUCATIONxINCOME :: High school graduate | $50,000-$75,000",IMMCOMM_W32,4,"0.251770,0.357838,0.261800,0.128592"
EDUCATIONxINCOME,"EDUCATIONxINCOME :: High school graduate | $75,000-$100,000",IMMCOMM_W32,4,"0.267491,0.346159,0.239777,0.146573"
EDUCATIONxINCOME,"EDUCATIONxINCOME :: High school graduate | Less than $30,000",IMMCOMM_W32,4,"0.258073,0.274717,0.248186,0.219024"
EDUCATIONxINCOME,"EDUCATIONxINCOME :: Less than high school | $30,000-$50,000",IMMCOMM_W32,4,"0.261283,0.307867,0.251273,0.179577"
EDUCATIONxINCOME,"EDUCATIONxINCOME :: Less than high school | Less than $30,000",IMMCOMM_W32,4,"0.250221,0.244425,0.236905,0.268448"
EDUCATIONxINCOME,"EDUCATIONxINCOME :: Postgraduate | $100,000 or more",IMMCOMM_W32,4,"0.337061,0.321626,0.199702,0.141610"
EDUCATIONxINCOME,"EDUCATIONxINCOME :: Postgraduate | $30,000-$50,000",IMMCOMM_W32,4,"0.277576,0.329630,0.243054,0.149741"
EDUCATIONxINCOME,"EDUCATIONxINCOME :: Postgraduate | $50,000-$75,000",IMMCOMM_W32,4,"0.262765,0.350837,0.246845,0.139553"
EDUCATIONxINCOME,"EDUCATIONxINCOME :: Postgraduate | $75,000-$100,000",IMMCOMM_W32,4,"0.281498,0.342215,0.224430,0.151857"
EDUCATIONxINCOME,"EDUCATIONxINCOME :: Postgraduate | Less than $30,000",IMMCOMM_W32,4,"0.290539,0.260438,0.224511,0.224511"
EDUCATIONxINCOME,EDUCATIONxINCOME :: Postgraduate | Refused,IMMCOMM_W32,4,"0.275376,0.244925,0.212794,0.266904"
EDUCATIONxINCOME,"EDUCATIONxINCOME :: Some college, no degree | $100,000 or more",IMMCOMM_W32,4,"0.306563,0.308968,0.219091,0.165378"
EDUCATIONxINCOME,"EDUCATIONxINCOME :: Some college, no degree | $30,000-$50,000",IMMCOMM_W32,4,"0.260879,0.317148,0.250885,0.171089"
EDUCATIONxINCOME,"EDUCATIONxINCOME :: Some college, no degree | $50,000-$75,000",IMMCOMM_W32,4,"0.248903,0.332329,0.256804,0.161964"
EDUCATIONxINCOME,"EDUCATIONxINCOME :: Some college, no degree | $75,000-$100,000",IMMCOMM_W32,4,"0.262978,0.324735,0.235732,0.176555"
EDUCATIONxINCOME,"EDUCATIONxINCOME :: Some college, no degree | Less than $30,000",IMMCOMM_W32,4,"0.251690,0.267923,0.236441,0.243946"
EDUCATIONxINCOME,"EDUCATIONxINCOME :: Some college, no degree | Refused",IMMCOMM_W32,4,"0.253575,0.213532,0.202168,0.330725"
EDUCATIONxINCOME,"EDUCATIONxINCOME :: Associate's degree | $100,000 or more",IMMCULT2_W32,2,"0.309024,0.690976"
EDUCATIONxINCOME,"EDUCATIONxINCOME :: Associate's degree | $30,000-$50,000",IMMCULT2_W32,2,"0.334589,0.665411"
EDUCATIONxINCOME,"EDUCATIONxINCOME :: Associate's degree | $50,000-$75,000",IMMCULT2_W32,2,"0.334589,0.665411"
EDUCATIONxINCOME,"EDUCATIONxINCOME :: Associate's degree | $75,000-$100,000",IMMCULT2_W32,2,"0.339828,0.660172"
EDUCATIONxINCOME,"EDUCATIONxINCOME :: Associate's degree | Less than $30,000",IMMCULT2_W32,2,"0.366590,0.633410"
EDUCATIONxINCOME,"EDUCATIONxINCOME :: College graduate/some postgrad | $100,000 or more",IMMCULT2_W32,2,"0.357568,0.642432"
EDUCATIONxINCOME,"EDUCATIONxINCOME :: College graduate/some postgrad | $30,000-$50,000",IMMCULT2_W32,2,"0.381220,0.618780"
EDUCATIONxINCOME,"EDUCATIONxINCOME :: College graduate/some postgrad | $50,000-$75,000",IMMCULT2_W32,2,"0.381220,0.618780"
EDUCATIONxINCOME,"EDUCATIONxINCOME :: College graduate/some postgrad | $75,000-$100,000",IMMCULT2_W32,2,"0.396068,0.603932"
EDUCATIONxINCOME,"EDUCATIONxINCOME :: College graduate/some postgrad | Less than $30,000",IMMCULT2_W32,2,"0.418697,0.581303"
EDUCATIONxINCOME,EDUCATIONxINCOME :: College graduate/some postgrad | Refused,IMMCULT2_W32,2,"0.443600,0.556400"
EDUCATIONxINCOME,"EDUCATIONxINCOME :: High school graduate | $100,000 or more",IMMCULT2_W32,2,"0.383064,0.616936"
EDUCATIONxINCOME,"EDUCATIONxINCOME :: High school graduate | $30,000-$50,000",IMMCULT2_W32,2,"0.392337,0.607663"
EDUCATIONxINCOME,"EDUCATIONxINCOME :: High school graduate | $50,000-$75,000",IMMCULT2_W32,2,"0.386763,0.613237"
EDUCATIONxINCOME,"EDUCATIONxINCOME :: High school graduate | $75,000-$100,000",IMMCULT2_W32,2,"0.401688,0.598312"
EDUCATIONxINCOME,"EDUCATIONxINCOME :: High school graduate | Less than $30,000",IMMCULT2_W32,2,"0.437824,0.562177"
EDUCATIONxINCOME,"EDUCATIONxINCOME :: Less than high school | $30,000-$50,000",IMMCULT2_W32,2,"0.428233,0.571767"
EDUCATIONxINCOME,"EDUCATIONxINCOME :: Less than high school | Less than $30,000",IMMCULT2_W32,2,"0.478529,0.521471"
EDUCATIONxINCOME,"EDUCATIONxINCOME :: Postgraduate | $100,000 or more",IMMCULT2_W32,2,"0.368406,0.631594"
EDUCATIONxINCOME,"EDUCATIONxINCOME :: Postgraduate | $30,000-$50,000",IMMCULT2_W32,2,"0.379378,0.620622"
EDUCATIONxINCOME,"EDUCATIONxINCOME :: Postgraduate | $50,000-$75,000",IMMCULT2_W32,2,"0.381220,0.618780"
EDUCATIONxINCOME,"EDUCATIONxINCOME :: Postgraduate | $75,000-$100,000",IMMCULT2_W32,2,"0.388618,0.611382"
EDUCATIONxINCOME,"EDUCATIONxINCOME :: Postgraduate | Less than $30,000",IMMCULT2_W32,2,"0.437824,0.562177"
EDUCATIONxINCOME,EDUCATIONxINCOME :: Postgraduate | Refused,IMMCULT2_W32,2,"0.449393,0.550607"
EDUCATIONxINCOME,"EDUCATIONxINCOME :: Some college, no degree | $100,000 or more",IMMCULT2_W32,2,"0.405449,0.594551"
EDUCATIONxINCOME,"EDUCATIONxINCOME :: Some college, no degree | $30,000-$50,000",IMMCULT2_W32,2,"0.413004,0.586996"
EDUCATIONxINCOME,"EDUCATIONxINCOME :: Some college, no degree | $50,000-$75,000",IMMCULT2_W32,2,"0.409221,0.590779"
EDUCATIONxINCOME,"EDUCATIONxINCOME :: Some college, no degree | $75,000-$100,000",IMMCULT2_W32,2,"0.420600,0.579400"
EDUCATIONxINCOME,"EDUCATIONxINCOME :: Some college, no degree | Less than $30,000",IMMCULT2_W32,2,"0.445530,0.554470"
EDUCATIONxINCOME,"EDUCATIONxINCOME :: Some college, no degree | Refused",IMMCULT2_W32,2,"0.501953,0.498047"
EDUCATIONxINCOME,"EDUCATIONxINCOME :: Associate's degree | $100,000 or more",IMPROVE3_W36,4,"0.686015,0.174812,0.093570,0.045602"
EDUCATIONxINCOME,"EDUCATIONxINCOME :: Associate's degree | $30,000-$50,000",IMPROVE3_W36,4,"0.561708,0.245392,0.135518,0.057382"
EDUCATIONxINCOME,"EDUCATIONxINCOME :: Associate's degree | $50,000-$75,000",IMPROVE3_W36,4,"0.550694,0.268387,0.122876,0.058043"
EDUCATIONxINCOME,"EDUCATIONxINCOME :: Associate's degree | $75,000-$100,000",IMPROVE3_W36,4,"0.579137,0.247146,0.113151,0.060566"
EDUCATIONxINCOME,"EDUCATIONxINCOME :: Associate's degree | Less than $30,000",IMPROVE3_W36,4,"0.559113,0.234901,0.129725,0.076261"
EDUCATIONxINCOME,"EDUCATIONxINCOME :: College graduate/some postgrad | $100,000 or more",IMPROVE3_W36,4,"0.639852,0.212656,0.099670,0.047822"
EDUCATIONxINCOME,"EDUCATIONxINCOME :: College graduate/some postgrad | $30,000-$50,000",IMPROVE3_W36,4,"0.556240,0.260705,0.132119,0.050936"
EDUCATIONxINCOME,"EDUCATIONxINCOME :: College graduate/some postgrad | $50,000-$75,000",IMPROVE3_W36,4,"0.539820,0.286696,0.120450,0.053033"
EDUCATIONxINCOME,"EDUCATIONxINCOME :: College graduate/some postgrad | $75,000-$100,000",IMPROVE3_W36,4,"0.576995,0.260072,0.109264,0.053669"
EDUCATIONxINCOME,"EDUCATIONxINCOME :: College graduate/some postgrad | Less than $30,000",IMPROVE3_W36,4,"0.543191,0.250641,0.132079,0.074089"
EDUCATIONxINCOME,EDUCATIONxINCOME :: College graduate/some postgrad | Refused,IMPROVE3_W36,4,"0.461089,0.256634,0.165696,0.116581"
EDUCATIONxINCOME,"EDUCATIONxINCOME :: High school graduate | $100,000 or more",IMPROVE3_W36,4,"0.587605,0.239276,0.112146,0.060973"
EDUCATIONxINCOME,"EDUCATIONxINCOME :: High school graduate | $30,000-$50,000",IMPROVE3_W36,4,"0.518798,0.284278,0.136398,0.060526"
EDUCATIONxINCOME,"EDUCATIONxINCOME :: High school graduate | $50,000-$75,000",IMPROVE3_W36,4,"0.531200,0.293356,0.119456,0.055988"
EDUCATIONxINCOME,"EDUCATIONxINCOME :: High school graduate | $75,000-$100,000",IMPROVE3_W36,4,"0.539679,0.284391,0.114904,0.061025"
EDUCATIONxINCOME,"EDUCATIONxINCOME :: High school graduate | Less than $30,000",IMPROVE3_W36,4,"0.511787,0.271808,0.133508,0.082897"
EDUCATIONxINCOME,"EDUCATIONxINCOME :: Less than high school | Less than $30,000",IMPROVE3_W36,4,"0.490985,0.264867,0.158159,0.085990"
EDUCATIONxINCOME,"EDUCATIONxINCOME :: Postgraduate | $100,000 or more",IMPROVE3_W36,4,"0.630661,0.214572,0.101356,0.053411"
EDUCATIONxINCOME,"EDUCATIONxINCOME :: Postgraduate | $30,000-$50,000",IMPROVE3_W36,4,"0.532598,0.265723,0.140026,0.061653"
EDUCATIONxINCOME,"EDUCATIONxINCOME :: Postgraduate | $50,000-$75,000",IMPROVE3_W36,4,"0.524922,0.283174,0.130663,0.061241"
EDUCATIONxINCOME,"EDUCATIONxINCOME :: Postgraduate | $75,000-$100,000",IMPROVE3_W36,4,"0.554391,0.261876,0.118037,0.065697"
EDUCATIONxINCOME,"EDUCATIONxINCOME :: Postgraduate | Less than $30,000",IMPROVE3_W36,4,"0.554679,0.233038,0.131748,0.080536"
EDUCATIONxINCOME,EDUCATIONxINCOME :: Postgraduate | Refused,IMPROVE3_W36,4,"0.443846,0.241315,0.175176,0.139662"
EDUCATIONxINCOME,"EDUCATIONxINCOME :: Some college, no degree | $100,000 or more",IMPROVE3_W36,4,"0.538272,0.252283,0.137164,0.072280"
EDUCATIONxINCOME,"EDUCATIONxINCOME :: Some college, no degree | $30,000-$50,000",IMPROVE3_W36,4,"0.479975,0.279967,0.165875,0.074184"
EDUCATIONxINCOME,"EDUCATIONxINCOME :: Some college, no degree | $50,000-$75,000",IMPROVE3_W36,4,"0.470619,0.303855,0.152788,0.072738"
EDUCATIONxINCOME,"EDUCATIONxINCOME :: Some college, no degree | $75,000-$100,000",IMPROVE3_W36,4,"0.494446,0.283936,0.142772,0.078846"
EDUCATIONxINCOME,"EDUCATIONxINCOME :: Some college, no degree | Less than $30,000",IMPROVE3_W36,4,"0.471104,0.274793,0.155354,0.098749"
EDUCATIONxINCOME,"EDUCATIONxINCOME :: Some college, no degree | Refused",IMPROVE3_W36,4,"0.369701,0.236839,0.209010,0.184450"
EDUCATIONxINCOME,"EDUCATIONxINCOME :: Associate's degree | $100,000 or more",INC_W32,2,"0.692642,0.307358"
EDUCATIONxINCOME,"EDUCATIONxINCOME :: Associate's degree | $30,000-$50,000",INC_W32,2,"0.577495,0.422505"
EDUCATIONxINCOME,"EDUCATIONxINCOME :: Associate's degree | $50,000-$75,000",INC_W32,2,"0.588889,0.411111"
EDUCATIONxINCOME,"EDUCATIONxINCOME :: Associate's degree | $75,000-$100,000",INC_W32,2,"0.569853,0.430147"
EDUCATIONxINCOME,"EDUCATIONxINCOME :: Associate's degree | Less than $30,000",INC_W32,2,"0.418697,0.581303"
EDUCATIONxINCOME,"EDUCATIONxINCOME :: College graduate/some postgrad | $100,000 or more",INC_W32,2,"0.626124,0.373876"
EDUCATIONxINCOME,"EDUCATIONxINCOME :: College graduate/some postgrad | $30,000-$50,000",INC_W32,2,"0.585101,0.414899"
EDUCATIONxINCOME,"EDUCATIONxINCOME :: College graduate/some postgrad | $50,000-$75,000",INC_W32,2,"0.588889,0.411111"
EDUCATIONxINCOME,"EDUCATIONxINCOME :: College graduate/some postgrad | $75,000-$100,000",INC_W32,2,"0.569853,0.430147"
EDUCATIONxINCOME,"EDUCATIONxINCOME :: College graduate/some postgrad | Less than $30,000",INC_W32,2,"0.399812,0.600188"
EDUCATIONxINCOME,EDUCATIONxINCOME :: College graduate/some postgrad | Refused,INC_W32,2,"0.464902,0.535098"
EDUCATIONxINCOME,"EDUCATIONxINCOME :: High school graduate | $100,000 or more",INC_W32,2,"0.603932,0.396068"
EDUCATIONxINCOME,"EDUCATIONxINCOME :: High school graduate | $30,000-$50,000",INC_W32,2,"0.550607,0.449393"
EDUCATIONxINCOME,"EDUCATIONxINCOME :: High school graduate | $50,000-$75,000",INC_W32,2,"0.607663,0.392337"
EDUCATIONxINCOME,"EDUCATIONxINCOME :: High school graduate | $75,000-$100,000",INC_W32,2,"0.558327,0.441673"
EDUCATIONxINCOME,"EDUCATIONxINCOME :: High school graduate | Less than $30,000",INC_W32,2,"0.373876,0.626124"
EDUCATIONxINCOME,"EDUCATIONxINCOME :: Less than high school | $30,000-$50,000",INC_W32,2,"0.519521,0.480479"
EDUCATIONxINCOME,"EDUCATIONxINCOME :: Less than high school | Less than $30,000",INC_W32,2,"0.341583,0.658418"
EDUCATIONxINCOME,"EDUCATIONxINCOME :: Postgraduate | $100,000 or more",INC_W32,2,"0.596433,0.403567"
EDUCATIONxINCOME,"EDUCATIONxINCOME :: Postgraduate | $30,000-$50,000",INC_W32,2,"0.535098,0.464902"
EDUCATIONxINCOME,"EDUCATIONxINCOME :: Postgraduate | $50,000-$75,000",INC_W32,2,"0.554470,0.445530"
EDUCATIONxINCOME,"EDUCATIONxINCOME :: Postgraduate | $75,000-$100,000",INC_W32,2,"0.538983,0.461017"
EDUCATIONxINCOME,"EDUCATIONxINCOME :: Postgraduate | Less than $30,000",INC_W32,2,"0.334589,0.665411"
EDUCATIONxINCOME,EDUCATIONxINCOME :: Postgraduate | Refused,INC_W32,2,"0.437824,0.562177"
EDUCATIONxINCOME,"EDUCATIONxINCOME :: Some college, no degree | $100,000 or more",INC_W32,2,"0.562177,0.437824"
EDUCATIONxINCOME,"EDUCATIONxINCOME :: Some college, no degree | $30,000-$50,000",INC_W32,2,"0.515620,0.484380"
EDUCATIONxINCOME,"EDUCATIONxINCOME :: Some college, no degree | $50,000-$75,000",INC_W32,2,"0.531209,0.468791"
EDUCATIONxINCOME,"EDUCATIONxINCOME :: Some college, no degree | $75,000-$100,000",INC_W32,2,"0.519521,0.480479"
EDUCATIONxINCOME,"EDUCATIONxINCOME :: Some college, no degree | Less than $30,000",INC_W32,2,"0.366590,0.633410"
EDUCATIONxINCOME,"EDUCATIONxINCOME :: Some college, no degree | Refused",INC_W32,2,"0.320821,0.679179"
EDUCATIONxINCOME,"EDUCATIONxINCOME :: Associate's degree | $100,000 or more",INEQ2_W54,2,"0.679179,0.320821"
EDUCATIONxINCOME,"EDUCATIONxINCOME :: Associate's degree | $30,000-$50,000",INEQ2_W54,2,"0.674050,0.325950"
EDUCATIONxINCOME,"EDUCATIONxINCOME :: Associate's degree | $50,000-$75,000",INEQ2_W54,2,"0.670608,0.329392"
EDUCATIONxINCOME,"EDUCATIONxINCOME :: Associate's degree | $75,000-$100,000",INEQ2_W54,2,"0.677474,0.322526"
EDUCATIONxINCOME,"EDUCATIONxINCOME :: Associate's degree | Less than $30,000",INEQ2_W54,2,"0.620622,0.379378"
EDUCATIONxINCOME,EDUCATIONxINCOME :: Associate's degree | Refused,INEQ2_W54,2,"0.569853,0.430147"
EDUCATIONxINCOME,"EDUCATIONxINCOME :: College graduate/some postgrad | $100,000 or more",INEQ2_W54,2,"0.692642,0.307358"
EDUCATIONxINCOME,"EDUCATIONxINCOME :: College graduate/some postgrad | $30,000-$50,000",INEQ2_W54,2,"0.694303,0.305697"
EDUCATIONxINCOME,"EDUCATIONxINCOME :: College graduate/some postgrad | $50,000-$75,000",INEQ2_W54,2,"0.695958,0.304042"
EDUCATIONxINCOME,"EDUCATIONxINCOME :: College graduate/some postgrad | $75,000-$100,000",INEQ2_W54,2,"0.702530,0.297470"
EDUCATIONxINCOME,"EDUCATIONxINCOME :: College graduate/some postgrad | Less than $30,000",INEQ2_W54,2,"0.637031,0.362969"
EDUCATIONxINCOME,EDUCATIONxINCOME :: College graduate/some postgrad | Refused,INEQ2_W54,2,"0.600188,0.399812"
EDUCATIONxINCOME,"EDUCATIONxINCOME :: High school graduate | $100,000 or more",INEQ2_W54,2,"0.675765,0.324235"
EDUCATIONxINCOME,"EDUCATIONxINCOME :: High school graduate | $30,000-$50,000",INEQ2_W54,2,"0.702530,0.297470"
EDUCATIONxINCOME,"EDUCATIONxINCOME :: High school graduate | $50,000-$75,000",INEQ2_W54,2,"0.707405,0.292595"
EDUCATIONxINCOME,"EDUCATIONxINCOME :: High school graduate | $75,000-$100,000",INEQ2_W54,2,"0.700895,0.299105"
EDUCATIONxINCOME,"EDUCATIONxINCOME :: High school graduate | Less than $30,000",INEQ2_W54,2,"0.640636,0.359364"
EDUCATIONxINCOME,EDUCATIONxINCOME :: High school graduate | Refused,INEQ2_W54,2,"0.588889,0.411111"
EDUCATIONxINCOME,"EDUCATIONxINCOME :: Less than high school | $30,000-$50,000",INEQ2_W54,2,"0.667148,0.332852"
EDUCATIONxINCOME,"EDUCATIONxINCOME :: Less than high school | Less than $30,000",INEQ2_W54,2,"0.613237,0.386763"
EDUCATIONxINCOME,"EDUCATIONxINCOME :: Postgraduate | $100,000 or more",INEQ2_W54,2,"0.672332,0.327668"
EDUCATIONxINCOME,"EDUCATIONxINCOME :: Postgraduate | $30,000-$50,000",INEQ2_W54,2,"0.670608,0.329392"
EDUCATIONxINCOME,"EDUCATIONxINCOME :: Postgraduate | $50,000-$75,000",INEQ2_W54,2,"0.670608,0.329392"
EDUCATIONxINCOME,"EDUCATIONxINCOME :: Postgraduate | $75,000-$100,000",INEQ2_W54,2,"0.679179,0.320821"
EDUCATIONxINCOME,"EDUCATIONxINCOME :: Postgraduate | Less than $30,000",INEQ2_W54,2,"0.613237,0.386763"
EDUCATIONxINCOME,EDUCATIONxINCOME :: Postgraduate | Refused,INEQ2_W54,2,"0.564098,0.435902"
EDUCATIONxINCOME,"EDUCATIONxINCOME :: Some college, no degree | $100,000 or more",INEQ2_W54,2,"0.624294,0.375706"
EDUCATIONxINCOME,"EDUCATIONxINCOME :: Some college, no degree | $30,000-$50,000",INEQ2_W54,2,"0.640636,0.359364"
EDUCATIONxINCOME,"EDUCATIONxINCOME :: Some college, no degree | $50,000-$75,000",INEQ2_W54,2,"0.629775,0.370225"
EDUCATIONxINCOME,"EDUCATIONxINCOME :: Some college, no degree | $75,000-$100,000",INEQ2_W54,2,"0.640636,0.359364"
EDUCATIONxINCOME,"EDUCATIONxINCOME :: Some college, no degree | Less than $30,000",INEQ2_W54,2,"0.592667,0.407333"
EDUCATIONxINCOME,"EDUCATIONxINCOME :: Some college, no degree | Refused",INEQ2_W54,2,"0.556400,0.443600"
EDUCATIONxINCOME,"EDUCATIONxINCOME :: Associate's degree | $100,000 or more",INEQ4_c_W54,4,"0.648288,0.178622,0.091947,0.081143"
EDUCATIONxINCOME,"EDUCATIONxINCOME :: Associate's degree | $30,000-$50,000",INEQ4_c_W54,4,"0.552477,0.237617,0.120419,0.089487"
EDUCATIONxINCOME,"EDUCATIONxINCOME :: Associate's degree | $50,000-$75,000",INEQ4_c_W54,4,"0.531744,0.261184,0.116809,0.090263"
EDUCATIONxINCOME,"EDUCATIONxINCOME :: Associate's degree | $75,000-$100,000",INEQ4_c_W54,4,"0.559829,0.237047,0.102752,0.100372"
EDUCATIONxINCOME,"EDUCATIONxINCOME :: Associate's degree | Less than $30,000",INEQ4_c_W54,4,"0.550360,0.213847,0.110079,0.125714"
EDUCATIONxINCOME,EDUCATIONxINCOME :: Associate's degree | Refused,INEQ4_c_W54,4,"0.454773,0.221639,0.135485,0.188102"
EDUCATIONxINCOME,"EDUCATIONxINCOME :: College graduate/some postgrad | $100,000 or more",INEQ4_c_W54,4,"0.617411,0.206807,0.095426,0.080356"
EDUCATIONxINCOME,"EDUCATIONxINCOME :: College graduate/some postgrad | $30,000-$50,000",INEQ4_c_W54,4,"0.558785,0.246030,0.115312,0.079874"
EDUCATIONxINCOME,"EDUCATIONxINCOME :: College graduate/some postgrad | $50,000-$75,000",INEQ4_c_W54,4,"0.536046,0.271655,0.113243,0.079056"
EDUCATIONxINCOME,"EDUCATIONxINCOME :: College graduate/some postgrad | $75,000-$100,000",INEQ4_c_W54,4,"0.571577,0.240138,0.098552,0.089733"
EDUCATIONxINCOME,"EDUCATIONxINCOME :: College graduate/some postgrad | Less than $30,000",INEQ4_c_W54,4,"0.543494,0.221314,0.113923,0.121270"
EDUCATIONxINCOME,EDUCATIONxINCOME :: College graduate/some postgrad | Refused,INEQ4_c_W54,4,"0.450695,0.235651,0.138532,0.175121"
EDUCATIONxINCOME,"EDUCATIONxINCOME :: High school graduate | $100,000 or more",INEQ4_c_W54,4,"0.565565,0.224966,0.109640,0.099828"
EDUCATIONxINCOME,"EDUCATIONxINCOME :: High school graduate | $30,000-$50,000",INEQ4_c_W54,4,"0.522921,0.262941,0.120383,0.093755"
EDUCATIONxINCOME,"EDUCATIONxINCOME :: High school graduate | $50,000-$75,000",INEQ4_c_W54,4,"0.521454,0.274787,0.114548,0.089210"
EDUCATIONxINCOME,"EDUCATIONxINCOME :: High school graduate | $75,000-$100,000",INEQ4_c_W54,4,"0.529188,0.264021,0.104203,0.102588"
EDUCATIONxINCOME,"EDUCATIONxINCOME :: High school graduate | Less than $30,000",INEQ4_c_W54,4,"0.513531,0.238814,0.113693,0.133963"
EDUCATIONxINCOME,EDUCATIONxINCOME :: High school graduate | Refused,INEQ4_c_W54,4,"0.422747,0.246586,0.141603,0.189064"
EDUCATIONxINCOME,"EDUCATIONxINCOME :: Less than high school | $30,000-$50,000",INEQ4_c_W54,4,"0.487692,0.256996,0.143040,0.112273"
EDUCATIONxINCOME,"EDUCATIONxINCOME :: Less than high school | Less than $30,000",INEQ4_c_W54,4,"0.474275,0.231143,0.130677,0.163905"
EDUCATIONxINCOME,"EDUCATIONxINCOME :: Postgraduate | $100,000 or more",INEQ4_c_W54,4,"0.616496,0.200147,0.094543,0.088815"
EDUCATIONxINCOME,"EDUCATIONxINCOME :: Postgraduate | $30,000-$50,000",INEQ4_c_W54,4,"0.539174,0.244931,0.122201,0.093694"
EDUCATIONxINCOME,"EDUCATIONxINCOME :: Postgraduate | $50,000-$75,000",INEQ4_c_W54,4,"0.522265,0.266747,0.120232,0.090756"
EDUCATIONxINCOME,"EDUCATIONxINCOME :: Postgraduate | $75,000-$100,000",INEQ4_c_W54,4,"0.553604,0.239970,0.104019,0.102407"
EDUCATIONxINCOME,"EDUCATIONxINCOME :: Postgraduate | Less than $30,000",INEQ4_c_W54,4,"0.556217,0.201448,0.111250,0.131085"
EDUCATIONxINCOME,EDUCATIONxINCOME :: Postgraduate | Refused,INEQ4_c_W54,4,"0.438577,0.224003,0.141277,0.196144"
EDUCATIONxINCOME,"EDUCATIONxINCOME :: Some college, no degree | $100,000 or more",INEQ4_c_W54,4,"0.506980,0.239481,0.131224,0.122315"
EDUCATIONxINCOME,"EDUCATIONxINCOME :: Some college, no degree | $30,000-$50,000",INEQ4_c_W54,4,"0.471763,0.266711,0.145008,0.116517"
EDUCATIONxINCOME,"EDUCATIONxINCOME :: Some college, no degree | $50,000-$75,000",INEQ4_c_W54,4,"0.455721,0.285183,0.145657,0.113438"
EDUCATIONxINCOME,"EDUCATIONxINCOME :: Some college, no degree | $75,000-$100,000",INEQ4_c_W54,4,"0.479326,0.262649,0.128005,0.130021"
EDUCATIONxINCOME,"EDUCATIONxINCOME :: Some college, no degree | Less than $30,000",INEQ4_c_W54,4,"0.468834,0.243228,0.127175,0.160764"
EDUCATIONxINCOME,"EDUCATIONxINCOME :: Some college, no degree | Refused",INEQ4_c_W54,4,"0.371153,0.209831,0.145346,0.273671"
EDUCATIONxINCOME,"EDUCATIONxINCOME :: Associate's degree | $100,000 or more",INEQ4_e_W54,4,"0.675048,0.161595,0.077534,0.085823"
EDUCATIONxINCOME,"EDUCATIONxINCOME :: Associate's degree | $30,000-$50,000",INEQ4_e_W54,4,"0.577468,0.227914,0.100349,0.094269"
EDUCATIONxINCOME,"EDUCATIONxINCOME :: Associate's degree | $50,000-$75,000",INEQ4_e_W54,4,"0.557377,0.247335,0.099932,0.095356"
EDUCATIONxINCOME,"EDUCATIONxINCOME :: Associate's degree | $75,000-$100,000",INEQ4_e_W54,4,"0.589440,0.223726,0.083600,0.103233"
EDUCATIONxINCOME,"EDUCATIONxINCOME :: Associate's degree | Less than $30,000",INEQ4_e_W54,4,"0.594358,0.187023,0.084959,0.133659"
EDUCATIONxINCOME,EDUCATIONxINCOME :: Associate's degree | Refused,INEQ4_e_W54,4,"0.474832,0.205824,0.111905,0.207439"
EDUCATIONxINCOME,"EDUCATIONxINCOME :: College graduate/some postgrad | $100,000 or more",INEQ4_e_W54,4,"0.666188,0.173785,0.075330,0.084696"
EDUCATIONxINCOME,"EDUCATIONxINCOME :: College graduate/some postgrad | $30,000-$50,000",INEQ4_e_W54,4,"0.593654,0.228874,0.093930,0.083543"
EDUCATIONxINCOME,"EDUCATIONxINCOME :: College graduate/some postgrad | $50,000-$75,000",INEQ4_e_W54,4,"0.567544,0.251846,0.095590,0.085020"
EDUCATIONxINCOME,"EDUCATIONxINCOME :: College graduate/some postgrad | $75,000-$100,000",INEQ4_e_W54,4,"0.611670,0.218098,0.077160,0.093073"
EDUCATIONxINCOME,"EDUCATIONxINCOME :: College graduate/some postgrad | Less than $30,000",INEQ4_e_W54,4,"0.599350,0.185670,0.084344,0.130635"
EDUCATIONxINCOME,EDUCATIONxINCOME :: College graduate/some postgrad | Refused,INEQ4_e_W54,4,"0.473529,0.216797,0.110729,0.198944"
EDUCATIONxINCOME,"EDUCATIONxINCOME :: High school graduate | $100,000 or more",INEQ4_e_W54,4,"0.608468,0.199090,0.088346,0.104097"
EDUCATIONxINCOME,"EDUCATIONxINCOME :: High school graduate | $30,000-$50,000",INEQ4_e_W54,4,"0.552891,0.251162,0.098356,0.097591"
EDUCATIONxINCOME,"EDUCATIONxINCOME :: High school graduate | $50,000-$75,000",INEQ4_e_W54,4,"0.549065,0.259360,0.096162,0.095413"
EDUCATIONxINCOME,"EDUCATIONxINCOME :: High school graduate | $75,000-$100,000",INEQ4_e_W54,4,"0.562802,0.247798,0.083653,0.105747"
EDUCATIONxINCOME,"EDUCATIONxINCOME :: High school graduate | Less than $30,000",INEQ4_e_W54,4,"0.563424,0.207272,0.085731,0.143573"
EDUCATIONxINCOME,EDUCATIONxINCOME :: High school graduate | Refused,INEQ4_e_W54,4,"0.444045,0.230367,0.115836,0.209752"
EDUCATIONxINCOME,"EDUCATIONxINCOME :: Less than high school | $30,000-$50,000",INEQ4_e_W54,4,"0.516356,0.247750,0.117947,0.117947"
EDUCATIONxINCOME,"EDUCATIONxINCOME :: Less than high school | Less than $30,000",INEQ4_e_W54,4,"0.524617,0.202258,0.100125,0.173000"
EDUCATIONxINCOME,"EDUCATIONxINCOME :: Postgraduate | $100,000 or more",INEQ4_e_W54,4,"0.665620,0.172286,0.074099,0.087995"
EDUCATIONxINCOME,"EDUCATIONxINCOME :: Postgraduate | $30,000-$50,000",INEQ4_e_W54,4,"0.575675,0.232594,0.098486,0.093245"
EDUCATIONxINCOME,"EDUCATIONxINCOME :: Postgraduate | $50,000-$75,000",INEQ4_e_W54,4,"0.551665,0.252571,0.102848,0.092916"
EDUCATIONxINCOME,"EDUCATIONxINCOME :: Postgraduate | $75,000-$100,000",INEQ4_e_W54,4,"0.589824,0.223872,0.083004,0.103300"
EDUCATIONxINCOME,"EDUCATIONxINCOME :: Postgraduate | Less than $30,000",INEQ4_e_W54,4,"0.612250,0.168693,0.083509,0.135548"
EDUCATIONxINCOME,EDUCATIONxINCOME :: Postgraduate | Refused,INEQ4_e_W54,4,"0.465451,0.209795,0.114958,0.209795"
EDUCATIONxINCOME,"EDUCATIONxINCOME :: Some college, no degree | $100,000 or more",INEQ4_e_W54,4,"0.546972,0.217570,0.108550,0.126908"
EDUCATIONxINCOME,"EDUCATIONxINCOME :: Some college, no degree | $30,000-$50,000",INEQ4_e_W54,4,"0.501621,0.258212,0.121022,0.119145"
EDUCATIONxINCOME,"EDUCATIONxINCOME :: Some college, no degree | $50,000-$75,000",INEQ4_e_W54,4,"0.475882,0.277580,0.128082,0.118456"
EDUCATIONxINCOME,"EDUCATIONxINCOME :: Some college, no degree | $75,000-$100,000",INEQ4_e_W54,4,"0.508191,0.253546,0.105694,0.132570"
EDUCATIONxINCOME,"EDUCATIONxINCOME :: Some college, no degree | Less than $30,000",INEQ4_e_W54,4,"0.512440,0.218682,0.098568,0.170310"
EDUCATIONxINCOME,"EDUCATIONxINCOME :: Some college, no degree | Refused",INEQ4_e_W54,4,"0.392992,0.190038,0.117998,0.298972"
EDUCATIONxINCOME,"EDUCATIONxINCOME :: Associate's degree | $100,000 or more",INEQ5_a_W54,4,"0.494129,0.196551,0.172106,0.137215"
EDUCATIONxINCOME,"EDUCATIONxINCOME :: Associate's degree | $30,000-$50,000",INEQ5_a_W54,4,"0.437852,0.221893,0.191283,0.148972"
EDUCATIONxINCOME,"EDUCATIONxINCOME :: Associate's degree | $50,000-$75,000",INEQ5_a_W54,4,"0.423856,0.245309,0.180880,0.149955"
EDUCATIONxINCOME,"EDUCATIONxINCOME :: Associate's degree | $75,000-$100,000",INEQ5_a_W54,4,"0.469231,0.226905,0.167310,0.136554"
EDUCATIONxINCOME,"EDUCATIONxINCOME :: Associate's degree | Less than $30,000",INEQ5_a_W54,4,"0.478856,0.202760,0.162922,0.155462"
EDUCATIONxINCOME,EDUCATIONxINCOME :: Associate's degree | Refused,INEQ5_a_W54,4,"0.419851,0.216121,0.179170,0.184858"
EDUCATIONxINCOME,"EDUCATIONxINCOME :: College graduate/some postgrad | $100,000 or more",INEQ5_a_W54,4,"0.482235,0.201025,0.171946,0.144793"
EDUCATIONxINCOME,"EDUCATIONxINCOME :: College graduate/some postgrad | $30,000-$50,000",INEQ5_a_W54,4,"0.441293,0.215069,0.195823,0.147815"
EDUCATIONxINCOME,"EDUCATIONxINCOME :: College graduate/some postgrad | $50,000-$75,000",INEQ5_a_W54,4,"0.423153,0.241105,0.184862,0.150880"
EDUCATIONxINCOME,"EDUCATIONxINCOME :: College graduate/some postgrad | $75,000-$100,000",INEQ5_a_W54,4,"0.476995,0.218384,0.170078,0.134543"
EDUCATIONxINCOME,"EDUCATIONxINCOME :: College graduate/some postgrad | Less than $30,000",INEQ5_a_W54,4,"0.476097,0.198467,0.168436,0.157000"
EDUCATIONxINCOME,EDUCATIONxINCOME :: College graduate/some postgrad | Refused,INEQ5_a_W54,4,"0.416175,0.215909,0.183239,0.184677"
EDUCATIONxINCOME,"EDUCATIONxINCOME :: High school graduate | $100,000 or more",INEQ5_a_W54,4,"0.451180,0.225102,0.172592,0.151126"
EDUCATIONxINCOME,"EDUCATIONxINCOME :: High school graduate | $30,000-$50,000",INEQ5_a_W54,4,"0.424515,0.236278,0.185457,0.153749"
EDUCATIONxINCOME,"EDUCATIONxINCOME :: High school graduate | $50,000-$75,000",INEQ5_a_W54,4,"0.416875,0.252847,0.179296,0.150982"
EDUCATIONxINCOME,"EDUCATIONxINCOME :: High school graduate | $75,000-$100,000",INEQ5_a_W54,4,"0.453461,0.242720,0.165521,0.138298"
EDUCATIONxINCOME,"EDUCATIONxINCOME :: High school graduate | Less than $30,000",INEQ5_a_W54,4,"0.456379,0.220690,0.162727,0.160204"
EDUCATIONxINCOME,EDUCATIONxINCOME :: High school graduate | Refused,INEQ5_a_W54,4,"0.395675,0.236268,0.181153,0.186904"
EDUCATIONxINCOME,"EDUCATIONxINCOME :: Less than high school | $30,000-$50,000",INEQ5_a_W54,4,"0.415995,0.233352,0.201162,0.149491"
EDUCATIONxINCOME,"EDUCATIONxINCOME :: Less than high school | Less than $30,000",INEQ5_a_W54,4,"0.451821,0.215099,0.176935,0.156145"
EDUCATIONxINCOME,"EDUCATIONxINCOME :: Postgraduate | $100,000 or more",INEQ5_a_W54,4,"0.496457,0.202160,0.162440,0.138942"
EDUCATIONxINCOME,"EDUCATIONxINCOME :: Postgraduate | $30,000-$50,000",INEQ5_a_W54,4,"0.441470,0.223726,0.186930,0.147874"
EDUCATIONxINCOME,"EDUCATIONxINCOME :: Postgraduate | $50,000-$75,000",INEQ5_a_W54,4,"0.424560,0.243804,0.182601,0.149035"
EDUCATIONxINCOME,"EDUCATIONxINCOME :: Postgraduate | $75,000-$100,000",INEQ5_a_W54,4,"0.468541,0.224809,0.167064,0.139587"
EDUCATIONxINCOME,"EDUCATIONxINCOME :: Postgraduate | Less than $30,000",INEQ5_a_W54,4,"0.494821,0.192267,0.163175,0.149737"
EDUCATIONxINCOME,EDUCATIONxINCOME :: Postgraduate | Refused,INEQ5_a_W54,4,"0.418441,0.218787,0.179969,0.182803"
EDUCATIONxINCOME,"EDUCATIONxINCOME :: Some college, no degree | $100,000 or more",INEQ5_a_W54,4,"0.426455,0.228265,0.183416,0.161864"
EDUCATIONxINCOME,"EDUCATIONxINCOME :: Some college, no degree | $30,000-$50,000",INEQ5_a_W54,4,"0.399515,0.234863,0.197774,0.167849"
EDUCATIONxINCOME,"EDUCATIONxINCOME :: Some college, no degree | $50,000-$75,000",INEQ5_a_W54,4,"0.381244,0.255955,0.196248,0.166553"
EDUCATIONxINCOME,"EDUCATIONxINCOME :: Some college, no degree | $75,000-$100,000",INEQ5_a_W54,4,"0.420000,0.241186,0.180640,0.158174"
EDUCATIONxINCOME,"EDUCATIONxINCOME :: Some college, no degree | Less than $30,000",INEQ5_a_W54,4,"0.435497,0.220699,0.169216,0.174588"
EDUCATIONxINCOME,"EDUCATIONxINCOME :: Some college, no degree | Refused",INEQ5_a_W54,4,"0.401282,0.214791,0.183720,0.200207"
EDUCATIONxINCOME,"EDUCATIONxINCOME :: Associate's degree | $100,000 or more",INEQ5_k_W54,4,"0.537453,0.196179,0.158871,0.107497"
EDUCATIONxINCOME,"EDUCATIONxINCOME :: Associate's degree | $30,000-$50,000",INEQ5_k_W54,4,"0.482596,0.219229,0.176156,0.122019"
EDUCATIONxINCOME,"EDUCATIONxINCOME :: Associate's degree | $50,000-$75,000",INEQ5_k_W54,4,"0.459322,0.249729,0.166355,0.124594"
EDUCATIONxINCOME,"EDUCATIONxINCOME :: Associate's degree | $75,000-$100,000",INEQ5_k_W54,4,"0.494668,0.230042,0.156875,0.118415"
EDUCATIONxINCOME,"EDUCATIONxINCOME :: Associate's degree | Less than $30,000",INEQ5_k_W54,4,"0.498833,0.204721,0.155743,0.140702"
EDUCATIONxINCOME,EDUCATIONxINCOME :: Associate's degree | Refused,INEQ5_k_W54,4,"0.431201,0.213460,0.175587,0.179751"
EDUCATIONxINCOME,"EDUCATIONxINCOME :: College graduate/some postgrad | $100,000 or more",INEQ5_k_W54,4,"0.517477,0.204236,0.155375,0.122912"
EDUCATIONxINCOME,"EDUCATIONxINCOME :: College graduate/some postgrad | $30,000-$50,000",INEQ5_k_W54,4,"0.482898,0.215965,0.179041,0.122096"
EDUCATIONxINCOME,"EDUCATIONxINCOME :: College graduate/some postgrad | $50,000-$75,000",INEQ5_k_W54,4,"0.459144,0.245762,0.167595,0.127500"
EDUCATIONxINCOME,"EDUCATIONxINCOME :: College graduate/some postgrad | $75,000-$100,000",INEQ5_k_W54,4,"0.502972,0.221456,0.157036,0.118537"
EDUCATIONxINCOME,"EDUCATIONxINCOME :: College graduate/some postgrad | Less than $30,000",INEQ5_k_W54,4,"0.488548,0.203657,0.161106,0.146689"
EDUCATIONxINCOME,EDUCATIONxINCOME :: College graduate/some postgrad | Refused,INEQ5_k_W54,4,"0.424979,0.213693,0.178547,0.182781"
EDUCATIONxINCOME,"EDUCATIONxINCOME :: High school graduate | $100,000 or more",INEQ5_k_W54,4,"0.479858,0.228446,0.159481,0.132215"
EDUCATIONxINCOME,"EDUCATIONxINCOME :: High school graduate | $30,000-$50,000",INEQ5_k_W54,4,"0.460486,0.238897,0.170732,0.129886"
EDUCATIONxINCOME,"EDUCATIONxINCOME :: High school graduate | $50,000-$75,000",INEQ5_k_W54,4,"0.445738,0.259996,0.166560,0.127706"
EDUCATIONxINCOME,"EDUCATIONxINCOME :: High school graduate | $75,000-$100,000",INEQ5_k_W54,4,"0.470860,0.250072,0.155273,0.123795"
EDUCATIONxINCOME,"EDUCATIONxINCOME :: High school graduate | Less than $30,000",INEQ5_k_W54,4,"0.464923,0.228362,0.156951,0.149764"
EDUCATIONxINCOME,EDUCATIONxINCOME :: High school graduate | Refused,INEQ5_k_W54,4,"0.401695,0.236144,0.178251,0.183909"
EDUCATIONxINCOME,"EDUCATIONxINCOME :: Less than high school | $30,000-$50,000",INEQ5_k_W54,4,"0.442801,0.233340,0.191940,0.131918"
EDUCATIONxINCOME,"EDUCATIONxINCOME :: Less than high school | Less than $30,000",INEQ5_k_W54,4,"0.447662,0.223347,0.176682,0.152309"
EDUCATIONxINCOME,"EDUCATIONxINCOME :: Postgraduate | $100,000 or more",INEQ5_k_W54,4,"0.523135,0.204863,0.148714,0.123288"
EDUCATIONxINCOME,"EDUCATIONxINCOME :: Postgraduate | $30,000-$50,000",INEQ5_k_W54,4,"0.478137,0.222354,0.171822,0.127687"
EDUCATIONxINCOME,"EDUCATIONxINCOME :: Postgraduate | $50,000-$75,000",INEQ5_k_W54,4,"0.455721,0.247771,0.168965,0.127542"
EDUCATIONxINCOME,"EDUCATIONxINCOME :: Postgraduate | $75,000-$100,000",INEQ5_k_W54,4,"0.489840,0.227797,0.156562,0.125801"
EDUCATIONxINCOME,"EDUCATIONxINCOME :: Postgraduate | Less than $30,000",INEQ5_k_W54,4,"0.498053,0.196570,0.160436,0.144942"
EDUCATIONxINCOME,EDUCATIONxINCOME :: Postgraduate | Refused,INEQ5_k_W54,4,"0.425053,0.212067,0.177188,0.185692"
EDUCATIONxINCOME,"EDUCATIONxINCOME :: Some college, no degree | $100,000 or more",INEQ5_k_W54,4,"0.439293,0.235136,0.176109,0.149462"
EDUCATIONxINCOME,"EDUCATIONxINCOME :: Some college, no degree | $30,000-$50,000",INEQ5_k_W54,4,"0.418647,0.240409,0.191671,0.149273"
EDUCATIONxINCOME,"EDUCATIONxINCOME :: Some college, no degree | $50,000-$75,000",INEQ5_k_W54,4,"0.396650,0.266298,0.188834,0.148217"
EDUCATIONxINCOME,"EDUCATIONxINCOME :: Some college, no degree | $75,000-$100,000",INEQ5_k_W54,4,"0.425474,0.250123,0.177364,0.147040"
EDUCATIONxINCOME,"EDUCATIONxINCOME :: Some college, no degree | Less than $30,000",INEQ5_k_W54,4,"0.429032,0.229644,0.169329,0.171995"
EDUCATIONxINCOME,"EDUCATIONxINCOME :: Some college, no degree | Refused",INEQ5_k_W54,4,"0.380354,0.213359,0.191254,0.215033"
EDUCATIONxINCOME,"EDUCATIONxINCOME :: Associate's degree | $100,000 or more",INEQ6_W54,4,"0.562821,0.175721,0.124605,0.136852"
EDUCATIONxINCOME,"EDUCATIONxINCOME :: Associate's degree | $30,000-$50,000",INEQ6_W54,4,"0.485744,0.218942,0.152846,0.142468"
EDUCATIONxINCOME,"EDUCATIONxINCOME :: Associate's degree | $50,000-$75,000",INEQ6_W54,4,"0.460447,0.233343,0.157888,0.148322"
EDUCATIONxINCOME,"EDUCATIONxINCOME :: Associate's degree | $75,000-$100,000",INEQ6_W54,4,"0.507549,0.213237,0.130349,0.148864"
EDUCATIONxINCOME,"EDUCATIONxINCOME :: Associate's degree | Less than $30,000",INEQ6_W54,4,"0.508083,0.189857,0.126472,0.175589"
EDUCATIONxINCOME,EDUCATIONxINCOME :: Associate's degree | Refused,INEQ6_W54,4,"0.437649,0.200370,0.153629,0.208352"
EDUCATIONxINCOME,"EDUCATIONxINCOME :: College graduate/some postgrad | $100,000 or more",INEQ6_W54,4,"0.523313,0.200185,0.132314,0.144188"
EDUCATIONxINCOME,"EDUCATIONxINCOME :: College graduate/some postgrad | $30,000-$50,000",INEQ6_W54,4,"0.483079,0.222904,0.155612,0.138404"
EDUCATIONxINCOME,"EDUCATIONxINCOME :: College graduate/some postgrad | $50,000-$75,000",INEQ6_W54,4,"0.454984,0.239760,0.160967,0.144290"
EDUCATIONxINCOME,"EDUCATIONxINCOME :: College graduate/some postgrad | $75,000-$100,000",INEQ6_W54,4,"0.507736,0.216675,0.133490,0.142099"
EDUCATIONxINCOME,"EDUCATIONxINCOME :: College graduate/some postgrad | Less than $30,000",INEQ6_W54,4,"0.491551,0.200162,0.134383,0.173904"
EDUCATIONxINCOME,EDUCATIONxINCOME :: College graduate/some postgrad | Refused,INEQ6_W54,4,"0.422829,0.210957,0.161747,0.204467"
EDUCATIONxINCOME,"EDUCATIONxINCOME :: High school graduate | $100,000 or more",INEQ6_W54,4,"0.484621,0.218436,0.143254,0.153689"
EDUCATIONxINCOME,"EDUCATIONxINCOME :: High school graduate | $30,000-$50,000",INEQ6_W54,4,"0.458145,0.239547,0.155876,0.146432"
EDUCATIONxINCOME,"EDUCATIONxINCOME :: High school graduate | $50,000-$75,000",INEQ6_W54,4,"0.451995,0.243833,0.157430,0.146741"
EDUCATIONxINCOME,"EDUCATIONxINCOME :: High school graduate | $75,000-$100,000",INEQ6_W54,4,"0.478717,0.236982,0.137155,0.147146"
EDUCATIONxINCOME,"EDUCATIONxINCOME :: High school graduate | Less than $30,000",INEQ6_W54,4,"0.475223,0.214200,0.133000,0.177578"
EDUCATIONxINCOME,EDUCATIONxINCOME :: High school graduate | Refused,INEQ6_W54,4,"0.403404,0.226289,0.164268,0.206039"
EDUCATIONxINCOME,"EDUCATIONxINCOME :: Less than high school | $30,000-$50,000",INEQ6_W54,4,"0.443535,0.235560,0.172339,0.148566"
EDUCATIONxINCOME,"EDUCATIONxINCOME :: Less than high school | Less than $30,000",INEQ6_W54,4,"0.465444,0.209792,0.145319,0.179445"
EDUCATIONxINCOME,"EDUCATIONxINCOME :: Postgraduate | $100,000 or more",INEQ6_W54,4,"0.524147,0.197396,0.129455,0.149002"
EDUCATIONxINCOME,"EDUCATIONxINCOME :: Postgraduate | $30,000-$50,000",INEQ6_W54,4,"0.466836,0.227518,0.157597,0.148049"
EDUCATIONxINCOME,"EDUCATIONxINCOME :: Postgraduate | $50,000-$75,000",INEQ6_W54,4,"0.442949,0.240827,0.165518,0.150706"
EDUCATIONxINCOME,"EDUCATIONxINCOME :: Postgraduate | $75,000-$100,000",INEQ6_W54,4,"0.490362,0.219303,0.137237,0.153098"
EDUCATIONxINCOME,"EDUCATIONxINCOME :: Postgraduate | Less than $30,000",INEQ6_W54,4,"0.508139,0.182603,0.129485,0.179772"
EDUCATIONxINCOME,EDUCATIONxINCOME :: Postgraduate | Refused,INEQ6_W54,4,"0.423223,0.209510,0.159387,0.207880"
EDUCATIONxINCOME,"EDUCATIONxINCOME :: Some college, no degree | $100,000 or more",INEQ6_W54,4,"0.443883,0.226713,0.158271,0.171132"
EDUCATIONxINCOME,"EDUCATIONxINCOME :: Some college, no degree | $30,000-$50,000",INEQ6_W54,4,"0.413453,0.243057,0.176440,0.167050"
EDUCATIONxINCOME,"EDUCATIONxINCOME :: Some college, no degree | $50,000-$75,000",INEQ6_W54,4,"0.391669,0.254864,0.185012,0.168455"
EDUCATIONxINCOME,"EDUCATIONxINCOME :: Some college, no degree | $75,000-$100,000",INEQ6_W54,4,"0.432300,0.240611,0.157797,0.169291"
EDUCATIONxINCOME,"EDUCATIONxINCOME :: Some college, no degree | Less than $30,000",INEQ6_W54,4,"0.437035,0.218045,0.146388,0.198532"
EDUCATIONxINCOME,"EDUCATIONxINCOME :: Some college, no degree | Refused",INEQ6_W54,4,"0.410657,0.197035,0.158322,0.233985"
EDUCATIONxINCOME,"EDUCATIONxINCOME :: Associate's degree | $100,000 or more",INFOCHALe_W45,4,"0.518369,0.212738,0.153229,0.115664"
EDUCATIONxINCOME,"EDUCATIONxINCOME :: Associate's degree | $30,000-$50,000",INFOCHALe_W45,4,"0.450118,0.237196,0.184728,0.127958"
EDUCATIONxINCOME,"EDUCATIONxINCOME :: Associate's degree | $50,000-$75,000",INFOCHALe_W45,4,"0.433806,0.261069,0.180837,0.124288"
EDUCATIONxINCOME,"EDUCATIONxINCOME :: Associate's degree | $75,000-$100,000",INFOCHALe_W45,4,"0.470035,0.245764,0.158677,0.125524"
EDUCATIONxINCOME,"EDUCATIONxINCOME :: Associate's degree | Less than $30,000",INFOCHALe_W45,4,"0.472767,0.223319,0.160851,0.143064"
EDUCATIONxINCOME,"EDUCATIONxINCOME :: College graduate/some postgrad | $100,000 or more",INFOCHALe_W45,4,"0.487725,0.226813,0.165940,0.119522"
EDUCATIONxINCOME,"EDUCATIONxINCOME :: College graduate/some postgrad | $30,000-$50,000",INFOCHALe_W45,4,"0.435953,0.242645,0.196500,0.124903"
EDUCATIONxINCOME,"EDUCATIONxINCOME :: College graduate/some postgrad | $50,000-$75,000",INFOCHALe_W45,4,"0.415577,0.268317,0.193261,0.122844"
EDUCATIONxINCOME,"EDUCATIONxINCOME :: College graduate/some postgrad | $75,000-$100,000",INFOCHALe_W45,4,"0.451370,0.249270,0.174019,0.125341"
EDUCATIONxINCOME,"EDUCATIONxINCOME :: College graduate/some postgrad | Less than $30,000",INFOCHALe_W45,4,"0.442115,0.231165,0.178630,0.148090"
EDUCATIONxINCOME,EDUCATIONxINCOME :: College graduate/some postgrad | Refused,INFOCHALe_W45,4,"0.385641,0.239450,0.196966,0.177944"
EDUCATIONxINCOME,"EDUCATIONxINCOME :: High school graduate | $100,000 or more",INFOCHALe_W45,4,"0.454352,0.247027,0.172452,0.126169"
EDUCATIONxINCOME,"EDUCATIONxINCOME :: High school graduate | $30,000-$50,000",INFOCHALe_W45,4,"0.417407,0.259174,0.194112,0.129307"
EDUCATIONxINCOME,"EDUCATIONxINCOME :: High school graduate | $50,000-$75,000",INFOCHALe_W45,4,"0.416196,0.275089,0.187594,0.121120"
EDUCATIONxINCOME,"EDUCATIONxINCOME :: High school graduate | $75,000-$100,000",INFOCHALe_W45,4,"0.435457,0.268277,0.170527,0.125739"
EDUCATIONxINCOME,"EDUCATIONxINCOME :: High school graduate | Less than $30,000",INFOCHALe_W45,4,"0.437067,0.245172,0.172500,0.145260"
EDUCATIONxINCOME,EDUCATIONxINCOME :: High school graduate | Refused,INFOCHALe_W45,4,"0.373181,0.252507,0.196652,0.177661"
EDUCATIONxINCOME,"EDUCATIONxINCOME :: Less than high school | $30,000-$50,000",INFOCHALe_W45,4,"0.408170,0.251466,0.203644,0.136720"
EDUCATIONxINCOME,"EDUCATIONxINCOME :: Less than high school | Less than $30,000",INFOCHALe_W45,4,"0.434418,0.236189,0.176897,0.152495"
EDUCATIONxINCOME,"EDUCATIONxINCOME :: Postgraduate | $100,000 or more",INFOCHALe_W45,4,"0.495043,0.226647,0.156994,0.121316"
EDUCATIONxINCOME,"EDUCATIONxINCOME :: Postgraduate | $30,000-$50,000",INFOCHALe_W45,4,"0.429207,0.248406,0.190459,0.131927"
EDUCATIONxINCOME,"EDUCATIONxINCOME :: Postgraduate | $50,000-$75,000",INFOCHALe_W45,4,"0.414944,0.270009,0.188497,0.126551"
EDUCATIONxINCOME,"EDUCATIONxINCOME :: Postgraduate | $75,000-$100,000",INFOCHALe_W45,4,"0.446033,0.254142,0.167978,0.131847"
EDUCATIONxINCOME,"EDUCATIONxINCOME :: Postgraduate | Less than $30,000",INFOCHALe_W45,4,"0.471259,0.220875,0.164140,0.143726"
EDUCATIONxINCOME,EDUCATIONxINCOME :: Postgraduate | Refused,INFOCHALe_W45,4,"0.399819,0.236885,0.184486,0.178810"
EDUCATIONxINCOME,"EDUCATIONxINCOME :: Some college, no degree | $100,000 or more",INFOCHALe_W45,4,"0.428954,0.252169,0.177423,0.141454"
EDUCATIONxINCOME,"EDUCATIONxINCOME :: Some college, no degree | $30,000-$50,000",INFOCHALe_W45,4,"0.395868,0.255591,0.200616,0.147925"
EDUCATIONxINCOME,"EDUCATIONxINCOME :: Some college, no degree | $50,000-$75,000",INFOCHALe_W45,4,"0.378835,0.281526,0.198078,0.141560"
EDUCATIONxINCOME,"EDUCATIONxINCOME :: Some college, no degree | $75,000-$100,000",INFOCHALe_W45,4,"0.407254,0.267084,0.179312,0.146350"
EDUCATIONxINCOME,"EDUCATIONxINCOME :: Some college, no degree | Less than $30,000",INFOCHALe_W45,4,"0.424364,0.245603,0.171459,0.158573"
EDUCATIONxINCOME,"EDUCATIONxINCOME :: Some college, no degree | Refused",INFOCHALe_W45,4,"0.410307,0.228370,0.179250,0.182073"
EDUCATIONxINCOME,"EDUCATIONxINCOME :: Associate's degree | $100,000 or more",INFOOWNc_W45,2,"0.583203,0.416797"
EDUCATIONxINCOME,"EDUCATIONxINCOME :: Associate's degree | $30,000-$50,000",INFOOWNc_W45,2,"0.535098,0.464902"
EDUCATIONxINCOME,"EDUCATIONxINCOME :: Associate's degree | $50,000-$75,000",INFOOWNc_W45,2,"0.525369,0.474631"
EDUCATIONxINCOME,"EDUCATIONxINCOME :: Associate's degree | $75,000-$100,000",INFOOWNc_W45,2,"0.529263,0.470737"
EDUCATIONxINCOME,"EDUCATIONxINCOME :: Associate's degree | Less than $30,000",INFOOWNc_W45,2,"0.482429,0.517571"
EDUCATIONxINCOME,"EDUCATIONxINCOME :: College graduate/some postgrad | $100,000 or more",INFOOWNc_W45,2,"0.538983,0.461017"
EDUCATIONxINCOME,"EDUCATIONxINCOME :: College graduate/some postgrad | $30,000-$50,000",INFOOWNc_W45,2,"0.535098,0.464902"
EDUCATIONxINCOME,"EDUCATIONxINCOME :: College graduate/some postgrad | $50,000-$75,000",INFOOWNc_W45,2,"0.525369,0.474631"
EDUCATIONxINCOME,"EDUCATIONxINCOME :: College graduate/some postgrad | $75,000-$100,000",INFOOWNc_W45,2,"0.525369,0.474631"
EDUCATIONxINCOME,"EDUCATIONxINCOME :: College graduate/some postgrad | Less than $30,000",INFOOWNc_W45,2,"0.472683,0.527317"
EDUCATIONxINCOME,EDUCATIONxINCOME :: College graduate/some postgrad | Refused,INFOOWNc_W45,2,"0.492188,0.507812"
EDUCATIONxINCOME,"EDUCATIONxINCOME :: High school graduate | $100,000 or more",INFOOWNc_W45,2,"0.525369,0.474631"
EDUCATIONxINCOME,"EDUCATIONxINCOME :: High school graduate | $30,000-$50,000",INFOOWNc_W45,2,"0.515620,0.484380"
EDUCATIONxINCOME,"EDUCATIONxINCOME :: High school graduate | $50,000-$75,000",INFOOWNc_W45,2,"0.525369,0.474631"
EDUCATIONxINCOME,"EDUCATIONxINCOME :: High school graduate | $75,000-$100,000",INFOOWNc_W45,2,"0.515620,0.484380"
EDUCATIONxINCOME,"EDUCATIONxINCOME :: High school graduate | Less than $30,000",INFOOWNc_W45,2,"0.466846,0.533154"
EDUCATIONxINCOME,EDUCATIONxINCOME :: High school graduate | Refused,INFOOWNc_W45,2,"0.488283,0.511717"
EDUCATIONxINCOME,"EDUCATIONxINCOME :: Less than high school | $30,000-$50,000",INFOOWNc_W45,2,"0.511717,0.488283"
EDUCATIONxINCOME,"EDUCATIONxINCOME :: Less than high school | Less than $30,000",INFOOWNc_W45,2,"0.461017,0.538983"
EDUCATIONxINCOME,"EDUCATIONxINCOME :: Postgraduate | $100,000 or more",INFOOWNc_W45,2,"0.538983,0.461017"
EDUCATIONxINCOME,"EDUCATIONxINCOME :: Postgraduate | $30,000-$50,000",INFOOWNc_W45,2,"0.519521,0.480479"
EDUCATIONxINCOME,"EDUCATIONxINCOME :: Postgraduate | $50,000-$75,000",INFOOWNc_W45,2,"0.523420,0.476580"
EDUCATIONxINCOME,"EDUCATIONxINCOME :: Postgraduate | $75,000-$100,000",INFOOWNc_W45,2,"0.531209,0.468791"
EDUCATIONxINCOME,"EDUCATIONxINCOME :: Postgraduate | Less than $30,000",INFOOWNc_W45,2,"0.472683,0.527317"
EDUCATIONxINCOME,EDUCATIONxINCOME :: Postgraduate | Refused,INFOOWNc_W45,2,"0.496094,0.503906"
EDUCATIONxINCOME,"EDUCATIONxINCOME :: Some college, no degree | $100,000 or more",INFOOWNc_W45,2,"0.523420,0.476580"
EDUCATIONxINCOME,"EDUCATIONxINCOME :: Some college, no degree | $30,000-$50,000",INFOOWNc_W45,2,"0.505859,0.494141"
EDUCATIONxINCOME,"EDUCATIONxINCOME :: Some college, no degree | $50,000-$75,000",INFOOWNc_W45,2,"0.505859,0.494141"
EDUCATIONxINCOME,"EDUCATIONxINCOME :: Some college, no degree | $75,000-$100,000",INFOOWNc_W45,2,"0.509764,0.490236"
EDUCATIONxINCOME,"EDUCATIONxINCOME :: Some college, no degree | Less than $30,000",INFOOWNc_W45,2,"0.457137,0.542863"
EDUCATIONxINCOME,"EDUCATIONxINCOME :: Some college, no degree | Refused",INFOOWNc_W45,2,"0.433981,0.566019"
EDUCATIONxINCOME,"EDUCATIONxINCOME :: Associate's degree | $100,000 or more",INFORESTRICTe_W45,2,"0.684264,0.315736"
EDUCATIONxINCOME,"EDUCATIONxINCOME :: Associate's degree | $30,000-$50,000",INFORESTRICTe_W45,2,"0.638835,0.361165"
EDUCATIONxINCOME,"EDUCATIONxINCOME :: Associate's degree | $50,000-$75,000",INFORESTRICTe_W45,2,"0.626124,0.373876"
EDUCATIONxINCOME,"EDUCATIONxINCOME :: Associate's degree | $75,000-$100,000",INFORESTRICTe_W45,2,"0.629775,0.370225"
EDUCATIONxINCOME,"EDUCATIONxINCOME :: Associate's degree | Less than $30,000",INFORESTRICTe_W45,2,"0.611382,0.388618"
EDUCATIONxINCOME,"EDUCATIONxINCOME :: College graduate/some postgrad | $100,000 or more",INFORESTRICTe_W45,2,"0.663669,0.336331"
EDUCATIONxINCOME,"EDUCATIONxINCOME :: College graduate/some postgrad | $30,000-$50,000",INFORESTRICTe_W45,2,"0.642432,0.357568"
EDUCATIONxINCOME,"EDUCATIONxINCOME :: College graduate/some postgrad | $50,000-$75,000",INFORESTRICTe_W45,2,"0.627951,0.372049"
EDUCATIONxINCOME,"EDUCATIONxINCOME :: College graduate/some postgrad | $75,000-$100,000",INFORESTRICTe_W45,2,"0.633410,0.366590"
EDUCATIONxINCOME,"EDUCATIONxINCOME :: College graduate/some postgrad | Less than $30,000",INFORESTRICTe_W45,2,"0.611382,0.388618"
EDUCATIONxINCOME,EDUCATIONxINCOME :: College graduate/some postgrad | Refused,INFORESTRICTe_W45,2,"0.620622,0.379378"
EDUCATIONxINCOME,"EDUCATIONxINCOME :: High school graduate | $100,000 or more",INFORESTRICTe_W45,2,"0.638835,0.361165"
EDUCATIONxINCOME,"EDUCATIONxINCOME :: High school graduate | $30,000-$50,000",INFORESTRICTe_W45,2,"0.622459,0.377541"
EDUCATIONxINCOME,"EDUCATIONxINCOME :: High school graduate | $50,000-$75,000",INFORESTRICTe_W45,2,"0.633410,0.366590"
EDUCATIONxINCOME,"EDUCATIONxINCOME :: High school graduate | $75,000-$100,000",INFORESTRICTe_W45,2,"0.624294,0.375706"
EDUCATIONxINCOME,"EDUCATIONxINCOME :: High school graduate | Less than $30,000",INFORESTRICTe_W45,2,"0.602062,0.397938"
EDUCATIONxINCOME,EDUCATIONxINCOME :: High school graduate | Refused,INFORESTRICTe_W45,2,"0.607663,0.392337"
EDUCATIONxINCOME,"EDUCATIONxINCOME :: Less than high school | $30,000-$50,000",INFORESTRICTe_W45,2,"0.613237,0.386763"
EDUCATIONxINCOME,"EDUCATIONxINCOME :: Less than high school | Less than $30,000",INFORESTRICTe_W45,2,"0.602062,0.397938"
EDUCATIONxINCOME,"EDUCATIONxINCOME :: Postgraduate | $100,000 or more",INFORESTRICTe_W45,2,"0.646014,0.353986"
EDUCATIONxINCOME,"EDUCATIONxINCOME :: Postgraduate | $30,000-$50,000",INFORESTRICTe_W45,2,"0.611382,0.388618"
EDUCATIONxINCOME,"EDUCATIONxINCOME :: Postgraduate | $50,000-$75,000",INFORESTRICTe_W45,2,"0.611382,0.388618"
EDUCATIONxINCOME,"EDUCATIONxINCOME :: Postgraduate | $75,000-$100,000",INFORESTRICTe_W45,2,"0.624294,0.375706"
EDUCATIONxINCOME,"EDUCATIONxINCOME :: Postgraduate | Less than $30,000",INFORESTRICTe_W45,2,"0.602062,0.397938"
EDUCATIONxINCOME,EDUCATIONxINCOME :: Postgraduate | Refused,INFORESTRICTe_W45,2,"0.600188,0.399812"
EDUCATIONxINCOME,"EDUCATIONxINCOME :: Some college, no degree | $100,000 or more",INFORESTRICTe_W45,2,"0.607663,0.392337"
EDUCATIONxINCOME,"EDUCATIONxINCOME :: Some college, no degree | $30,000-$50,000",INFORESTRICTe_W45,2,"0.586996,0.413004"
EDUCATIONxINCOME,"EDUCATIONxINCOME :: Some college, no degree | $50,000-$75,000",INFORESTRICTe_W45,2,"0.586996,0.413004"
EDUCATIONxINCOME,"EDUCATIONxINCOME :: Some college, no degree | $75,000-$100,000",INFORESTRICTe_W45,2,"0.594551,0.405449"
EDUCATIONxINCOME,"EDUCATIONxINCOME :: Some college, no degree | Less than $30,000",INFORESTRICTe_W45,2,"0.583203,0.416797"
EDUCATIONxINCOME,"EDUCATIONxINCOME :: Some college, no degree | Refused",INFORESTRICTe_W45,2,"0.581303,0.418697"
EDUCATIONxINCOME,"EDUCATIONxINCOME :: Associate's degree | $100,000 or more",INSTN_CHR_W92,2,"0.649579,0.350421"
EDUCATIONxINCOME,"EDUCATIONxINCOME :: Associate's degree | $30,000-$50,000",INSTN_CHR_W92,2,"0.611382,0.388618"
EDUCATIONxINCOME,"EDUCATIONxINCOME :: Associate's degree | $50,000-$75,000",INSTN_CHR_W92,2,"0.605799,0.394201"
EDUCATIONxINCOME,"EDUCATIONxINCOME :: Associate's degree | $75,000-$100,000",INSTN_CHR_W92,2,"0.603932,0.396068"
EDUCATIONxINCOME,"EDUCATIONxINCOME :: Associate's degree | Less than $30,000",INSTN_CHR_W92,2,"0.550607,0.449393"
EDUCATIONxINCOME,EDUCATIONxINCOME :: Associate's degree | Refused,INSTN_CHR_W92,2,"0.554470,0.445530"
EDUCATIONxINCOME,"EDUCATIONxINCOME :: College graduate/some postgrad | $100,000 or more",INSTN_CHR_W92,2,"0.647798,0.352202"
EDUCATIONxINCOME,"EDUCATIONxINCOME :: College graduate/some postgrad | $30,000-$50,000",INSTN_CHR_W92,2,"0.626124,0.373876"
EDUCATIONxINCOME,"EDUCATIONxINCOME :: College graduate/some postgrad | $50,000-$75,000",INSTN_CHR_W92,2,"0.616936,0.383064"
EDUCATIONxINCOME,"EDUCATIONxINCOME :: College graduate/some postgrad | $75,000-$100,000",INSTN_CHR_W92,2,"0.613237,0.386763"
EDUCATIONxINCOME,"EDUCATIONxINCOME :: College graduate/some postgrad | Less than $30,000",INSTN_CHR_W92,2,"0.556400,0.443600"
EDUCATIONxINCOME,EDUCATIONxINCOME :: College graduate/some postgrad | Refused,INSTN_CHR_W92,2,"0.564098,0.435902"
EDUCATIONxINCOME,"EDUCATIONxINCOME :: High school graduate | $100,000 or more",INSTN_CHR_W92,2,"0.626124,0.373876"
EDUCATIONxINCOME,"EDUCATIONxINCOME :: High school graduate | $30,000-$50,000",INSTN_CHR_W92,2,"0.605799,0.394201"
EDUCATIONxINCOME,"EDUCATIONxINCOME :: High school graduate | $50,000-$75,000",INSTN_CHR_W92,2,"0.616936,0.383064"
EDUCATIONxINCOME,"EDUCATIONxINCOME :: High school graduate | $75,000-$100,000",INSTN_CHR_W92,2,"0.600188,0.399812"
EDUCATIONxINCOME,"EDUCATIONxINCOME :: High school graduate | Less than $30,000",INSTN_CHR_W92,2,"0.531209,0.468791"
EDUCATIONxINCOME,EDUCATIONxINCOME :: High school graduate | Refused,INSTN_CHR_W92,2,"0.544801,0.455199"
EDUCATIONxINCOME,"EDUCATIONxINCOME :: Less than high school | $30,000-$50,000",INSTN_CHR_W92,2,"0.586996,0.413004"
EDUCATIONxINCOME,"EDUCATIONxINCOME :: Less than high school | $50,000-$75,000",INSTN_CHR_W92,2,"0.579400,0.420600"
EDUCATIONxINCOME,"EDUCATIONxINCOME :: Less than high school | Less than $30,000",INSTN_CHR_W92,2,"0.517571,0.482429"
EDUCATIONxINCOME,"EDUCATIONxINCOME :: Postgraduate | $100,000 or more",INSTN_CHR_W92,2,"0.615088,0.384912"
EDUCATIONxINCOME,"EDUCATIONxINCOME :: Postgraduate | $30,000-$50,000",INSTN_CHR_W92,2,"0.596433,0.403567"
EDUCATIONxINCOME,"EDUCATIONxINCOME :: Postgraduate | $50,000-$75,000",INSTN_CHR_W92,2,"0.590779,0.409221"
EDUCATIONxINCOME,"EDUCATIONxINCOME :: Postgraduate | $75,000-$100,000",INSTN_CHR_W92,2,"0.592667,0.407333"
EDUCATIONxINCOME,"EDUCATIONxINCOME :: Postgraduate | Less than $30,000",INSTN_CHR_W92,2,"0.521471,0.478529"
EDUCATIONxINCOME,EDUCATIONxINCOME :: Postgraduate | Refused,INSTN_CHR_W92,2,"0.535098,0.464902"
EDUCATIONxINCOME,"EDUCATIONxINCOME :: Some college, no degree | $100,000 or more",INSTN_CHR_W92,2,"0.602062,0.397938"
EDUCATIONxINCOME,"EDUCATIONxINCOME :: Some college, no degree | $30,000-$50,000",INSTN_CHR_W92,2,"0.586996,0.413004"
EDUCATIONxINCOME,"EDUCATIONxINCOME :: Some college, no degree | $50,000-$75,000",INSTN_CHR_W92,2,"0.579400,0.420600"
EDUCATIONxINCOME,"EDUCATIONxINCOME :: Some college, no degree | $75,000-$100,000",INSTN_CHR_W92,2,"0.583203,0.416797"
EDUCATIONxINCOME,"EDUCATIONxINCOME :: Some college, no degree | Less than $30,000",INSTN_CHR_W92,2,"0.525369,0.474631"
EDUCATIONxINCOME,"EDUCATIONxINCOME :: Some college, no degree | Refused",INSTN_CHR_W92,2,"0.490236,0.509764"
EDUCATIONxINCOME,"EDUCATIONxINCOME :: Associate's degree | $100,000 or more",INSTN_K12_W92,2,"0.552540,0.447460"
EDUCATIONxINCOME,"EDUCATIONxINCOME :: Associate's degree | $30,000-$50,000",INSTN_K12_W92,2,"0.535098,0.464902"
EDUCATIONxINCOME,"EDUCATIONxINCOME :: Associate's degree | $50,000-$75,000",INSTN_K12_W92,2,"0.515620,0.484380"
EDUCATIONxINCOME,"EDUCATIONxINCOME :: Associate's degree | $75,000-$100,000",INSTN_K12_W92,2,"0.515620,0.484380"
EDUCATIONxINCOME,"EDUCATIONxINCOME :: Associate's degree | Less than $30,000",INSTN_K12_W92,2,"0.486332,0.513668"
EDUCATIONxINCOME,EDUCATIONxINCOME :: Associate's degree | Refused,INSTN_K12_W92,2,"0.519521,0.480479"
EDUCATIONxINCOME,"EDUCATIONxINCOME :: College graduate/some postgrad | $100,000 or more",INSTN_K12_W92,2,"0.550607,0.449393"
EDUCATIONxINCOME,"EDUCATIONxINCOME :: College graduate/some postgrad | $30,000-$50,000",INSTN_K12_W92,2,"0.544801,0.455199"
EDUCATIONxINCOME,"EDUCATIONxINCOME :: College graduate/some postgrad | $50,000-$75,000",INSTN_K12_W92,2,"0.533154,0.466846"
EDUCATIONxINCOME,"EDUCATIONxINCOME :: College graduate/some postgrad | $75,000-$100,000",INSTN_K12_W92,2,"0.531209,0.468791"
EDUCATIONxINCOME,"EDUCATIONxINCOME :: College graduate/some postgrad | Less than $30,000",INSTN_K12_W92,2,"0.496094,0.503906"
EDUCATIONxINCOME,EDUCATIONxINCOME :: College graduate/some postgrad | Refused,INSTN_K12_W92,2,"0.533154,0.466846"
EDUCATIONxINCOME,"EDUCATIONxINCOME :: High school graduate | $100,000 or more",INSTN_K12_W92,2,"0.535098,0.464902"
EDUCATIONxINCOME,"EDUCATIONxINCOME :: High school graduate | $30,000-$50,000",INSTN_K12_W92,2,"0.527317,0.472683"
EDUCATIONxINCOME,"EDUCATIONxINCOME :: High school graduate | $50,000-$75,000",INSTN_K12_W92,2,"0.527317,0.472683"
EDUCATIONxINCOME,"EDUCATIONxINCOME :: High school graduate | $75,000-$100,000",INSTN_K12_W92,2,"0.517571,0.482429"
EDUCATIONxINCOME,"EDUCATIONxINCOME :: High school graduate | Less than $30,000",INSTN_K12_W92,2,"0.480479,0.519521"
EDUCATIONxINCOME,EDUCATIONxINCOME :: High school graduate | Refused,INSTN_K12_W92,2,"0.517571,0.482429"
EDUCATIONxINCOME,"EDUCATIONxINCOME :: Less than high school | $30,000-$50,000",INSTN_K12_W92,2,"0.517571,0.482429"
EDUCATIONxINCOME,"EDUCATIONxINCOME :: Less than high school | $50,000-$75,000",INSTN_K12_W92,2,"0.513668,0.486332"
EDUCATIONxINCOME,"EDUCATIONxINCOME :: Less than high school | Less than $30,000",INSTN_K12_W92,2,"0.476580,0.523420"
EDUCATIONxINCOME,"EDUCATIONxINCOME :: Postgraduate | $100,000 or more",INSTN_K12_W92,2,"0.521471,0.478529"
EDUCATIONxINCOME,"EDUCATIONxINCOME :: Postgraduate | $30,000-$50,000",INSTN_K12_W92,2,"0.523420,0.476580"
EDUCATIONxINCOME,"EDUCATIONxINCOME :: Postgraduate | $50,000-$75,000",INSTN_K12_W92,2,"0.513668,0.486332"
EDUCATIONxINCOME,"EDUCATIONxINCOME :: Postgraduate | $75,000-$100,000",INSTN_K12_W92,2,"0.517571,0.482429"
EDUCATIONxINCOME,"EDUCATIONxINCOME :: Postgraduate | Less than $30,000",INSTN_K12_W92,2,"0.470737,0.529263"
EDUCATIONxINCOME,EDUCATIONxINCOME :: Postgraduate | Refused,INSTN_K12_W92,2,"0.511717,0.488283"
EDUCATIONxINCOME,"EDUCATIONxINCOME :: Some college, no degree | $100,000 or more",INSTN_K12_W92,2,"0.537041,0.462959"
EDUCATIONxINCOME,"EDUCATIONxINCOME :: Some college, no degree | $30,000-$50,000",INSTN_K12_W92,2,"0.531209,0.468791"
EDUCATIONxINCOME,"EDUCATIONxINCOME :: Some college, no degree | $50,000-$75,000",INSTN_K12_W92,2,"0.521471,0.478529"
EDUCATIONxINCOME,"EDUCATIONxINCOME :: Some college, no degree | $75,000-$100,000",INSTN_K12_W92,2,"0.527317,0.472683"
EDUCATIONxINCOME,"EDUCATIONxINCOME :: Some college, no degree | Less than $30,000",INSTN_K12_W92,2,"0.492188,0.507812"
EDUCATIONxINCOME,"EDUCATIONxINCOME :: Some college, no degree | Refused",INSTN_K12_W92,2,"0.490236,0.509764"
EDUCATIONxINCOME,"EDUCATIONxINCOME :: Associate's degree | $100,000 or more",INSTN_LGECRP_W92,2,"0.511717,0.488283"
EDUCATIONxINCOME,"EDUCATIONxINCOME :: Associate's degree | $30,000-$50,000",INSTN_LGECRP_W92,2,"0.470737,0.529263"
EDUCATIONxINCOME,"EDUCATIONxINCOME :: Associate's degree | $50,000-$75,000",INSTN_LGECRP_W92,2,"0.447460,0.552540"
EDUCATIONxINCOME,"EDUCATIONxINCOME :: Associate's degree | $75,000-$100,000",INSTN_LGECRP_W92,2,"0.441673,0.558327"
EDUCATIONxINCOME,"EDUCATIONxINCOME :: Associate's degree | Less than $30,000",INSTN_LGECRP_W92,2,"0.413004,0.586996"
EDUCATIONxINCOME,EDUCATIONxINCOME :: Associate's degree | Refused,INSTN_LGECRP_W92,2,"0.482429,0.517571"
EDUCATIONxINCOME,"EDUCATIONxINCOME :: College graduate/some postgrad | $100,000 or more",INSTN_LGECRP_W92,2,"0.498047,0.501953"
EDUCATIONxINCOME,"EDUCATIONxINCOME :: College graduate/some postgrad | $30,000-$50,000",INSTN_LGECRP_W92,2,"0.490236,0.509764"
EDUCATIONxINCOME,"EDUCATIONxINCOME :: College graduate/some postgrad | $50,000-$75,000",INSTN_LGECRP_W92,2,"0.468791,0.531209"
EDUCATIONxINCOME,"EDUCATIONxINCOME :: College graduate/some postgrad | $75,000-$100,000",INSTN_LGECRP_W92,2,"0.461017,0.538983"
EDUCATIONxINCOME,"EDUCATIONxINCOME :: College graduate/some postgrad | Less than $30,000",INSTN_LGECRP_W92,2,"0.430147,0.569853"
EDUCATIONxINCOME,EDUCATIONxINCOME :: College graduate/some postgrad | Refused,INSTN_LGECRP_W92,2,"0.498047,0.501953"
EDUCATIONxINCOME,"EDUCATIONxINCOME :: High school graduate | $100,000 or more",INSTN_LGECRP_W92,2,"0.482429,0.517571"
EDUCATIONxINCOME,"EDUCATIONxINCOME :: High school graduate | $30,000-$50,000",INSTN_LGECRP_W92,2,"0.462959,0.537041"
EDUCATIONxINCOME,"EDUCATIONxINCOME :: High school graduate | $50,000-$75,000",INSTN_LGECRP_W92,2,"0.461017,0.538983"
EDUCATIONxINCOME,"EDUCATIONxINCOME :: High school graduate | $75,000-$100,000",INSTN_LGECRP_W92,2,"0.451327,0.548674"
EDUCATIONxINCOME,"EDUCATIONxINCOME :: High school graduate | Less than $30,000",INSTN_LGECRP_W92,2,"0.409221,0.590779"
EDUCATIONxINCOME,EDUCATIONxINCOME :: High school graduate | Refused,INSTN_LGECRP_W92,2,"0.484380,0.515620"
EDUCATIONxINCOME,"EDUCATIONxINCOME :: Less than high school | $30,000-$50,000",INSTN_LGECRP_W92,2,"0.462959,0.537041"
EDUCATIONxINCOME,"EDUCATIONxINCOME :: Less than high school | $50,000-$75,000",INSTN_LGECRP_W92,2,"0.459076,0.540924"
EDUCATIONxINCOME,"EDUCATIONxINCOME :: Less than high school | Less than $30,000",INSTN_LGECRP_W92,2,"0.414899,0.585101"
EDUCATIONxINCOME,"EDUCATIONxINCOME :: Postgraduate | $100,000 or more",INSTN_LGECRP_W92,2,"0.476580,0.523420"
EDUCATIONxINCOME,"EDUCATIONxINCOME :: Postgraduate | $30,000-$50,000",INSTN_LGECRP_W92,2,"0.464902,0.535098"
EDUCATIONxINCOME,"EDUCATIONxINCOME :: Postgraduate | $50,000-$75,000",INSTN_LGECRP_W92,2,"0.457137,0.542863"
EDUCATIONxINCOME,"EDUCATIONxINCOME :: Postgraduate | $75,000-$100,000",INSTN_LGECRP_W92,2,"0.461017,0.538983"
EDUCATIONxINCOME,"EDUCATIONxINCOME :: Postgraduate | Less than $30,000",INSTN_LGECRP_W92,2,"0.414899,0.585101"
EDUCATIONxINCOME,EDUCATIONxINCOME :: Postgraduate | Refused,INSTN_LGECRP_W92,2,"0.484380,0.515620"
EDUCATIONxINCOME,"EDUCATIONxINCOME :: Some college, no degree | $100,000 or more",INSTN_LGECRP_W92,2,"0.501953,0.498047"
EDUCATIONxINCOME,"EDUCATIONxINCOME :: Some college, no degree | $30,000-$50,000",INSTN_LGECRP_W92,2,"0.484380,0.515620"
EDUCATIONxINCOME,"EDUCATIONxINCOME :: Some college, no degree | $50,000-$75,000",INSTN_LGECRP_W92,2,"0.474631,0.525369"
EDUCATIONxINCOME,"EDUCATIONxINCOME :: Some college, no degree | $75,000-$100,000",INSTN_LGECRP_W92,2,"0.476580,0.523420"
EDUCATIONxINCOME,"EDUCATIONxINCOME :: Some college, no degree | Less than $30,000",INSTN_LGECRP_W92,2,"0.441673,0.558327"
EDUCATIONxINCOME,"EDUCATIONxINCOME :: Some college, no degree | Refused",INSTN_LGECRP_W92,2,"0.459076,0.540924"
EDUCATIONxINCOME,"EDUCATIONxINCOME :: Associate's degree | $100,000 or more",INSTN_TECHCMP_W92,2,"0.626124,0.373876"
EDUCATIONxINCOME,"EDUCATIONxINCOME :: Associate's degree | $30,000-$50,000",INSTN_TECHCMP_W92,2,"0.607663,0.392337"
EDUCATIONxINCOME,"EDUCATIONxINCOME :: Associate's degree | $50,000-$75,000",INSTN_TECHCMP_W92,2,"0.594551,0.405449"
EDUCATIONxINCOME,"EDUCATIONxINCOME :: Associate's degree | $75,000-$100,000",INSTN_TECHCMP_W92,2,"0.592667,0.407333"
EDUCATIONxINCOME,"EDUCATIONxINCOME :: Associate's degree | Less than $30,000",INSTN_TECHCMP_W92,2,"0.560253,0.439747"
EDUCATIONxINCOME,EDUCATIONxINCOME :: Associate's degree | Refused,INSTN_TECHCMP_W92,2,"0.566019,0.433981"
EDUCATIONxINCOME,"EDUCATIONxINCOME :: College graduate/some postgrad | $100,000 or more",INSTN_TECHCMP_W92,2,"0.644225,0.355775"
EDUCATIONxINCOME,"EDUCATIONxINCOME :: College graduate/some postgrad | $30,000-$50,000",INSTN_TECHCMP_W92,2,"0.627951,0.372049"
EDUCATIONxINCOME,"EDUCATIONxINCOME :: College graduate/some postgrad | $50,000-$75,000",INSTN_TECHCMP_W92,2,"0.618780,0.381220"
EDUCATIONxINCOME,"EDUCATIONxINCOME :: College graduate/some postgrad | $75,000-$100,000",INSTN_TECHCMP_W92,2,"0.615088,0.384912"
EDUCATIONxINCOME,"EDUCATIONxINCOME :: College graduate/some postgrad | Less than $30,000",INSTN_TECHCMP_W92,2,"0.579400,0.420600"
EDUCATIONxINCOME,EDUCATIONxINCOME :: College graduate/some postgrad | Refused,INSTN_TECHCMP_W92,2,"0.586996,0.413004"
EDUCATIONxINCOME,"EDUCATIONxINCOME :: High school graduate | $100,000 or more",INSTN_TECHCMP_W92,2,"0.616936,0.383064"
EDUCATIONxINCOME,"EDUCATIONxINCOME :: High school graduate | $30,000-$50,000",INSTN_TECHCMP_W92,2,"0.609524,0.390476"
EDUCATIONxINCOME,"EDUCATIONxINCOME :: High school graduate | $50,000-$75,000",INSTN_TECHCMP_W92,2,"0.613237,0.386763"
EDUCATIONxINCOME,"EDUCATIONxINCOME :: High school graduate | $75,000-$100,000",INSTN_TECHCMP_W92,2,"0.600188,0.399812"
EDUCATIONxINCOME,"EDUCATIONxINCOME :: High school graduate | Less than $30,000",INSTN_TECHCMP_W92,2,"0.562177,0.437824"
EDUCATIONxINCOME,EDUCATIONxINCOME :: High school graduate | Refused,INSTN_TECHCMP_W92,2,"0.567937,0.432063"
EDUCATIONxINCOME,"EDUCATIONxINCOME :: Less than high school | $30,000-$50,000",INSTN_TECHCMP_W92,2,"0.592667,0.407333"
EDUCATIONxINCOME,"EDUCATIONxINCOME :: Less than high school | $50,000-$75,000",INSTN_TECHCMP_W92,2,"0.585101,0.414899"
EDUCATIONxINCOME,"EDUCATIONxINCOME :: Less than high school | Less than $30,000",INSTN_TECHCMP_W92,2,"0.554470,0.445530"
EDUCATIONxINCOME,"EDUCATIONxINCOME :: Postgraduate | $100,000 or more",INSTN_TECHCMP_W92,2,"0.613237,0.386763"
EDUCATIONxINCOME,"EDUCATIONxINCOME :: Postgraduate | $30,000-$50,000",INSTN_TECHCMP_W92,2,"0.596433,0.403567"
EDUCATIONxINCOME,"EDUCATIONxINCOME :: Postgraduate | $50,000-$75,000",INSTN_TECHCMP_W92,2,"0.590779,0.409221"
EDUCATIONxINCOME,"EDUCATIONxINCOME :: Postgraduate | $75,000-$100,000",INSTN_TECHCMP_W92,2,"0.590779,0.409221"
EDUCATIONxINCOME,"EDUCATIONxINCOME :: Postgraduate | Less than $30,000",INSTN_TECHCMP_W92,2,"0.552540,0.447460"
EDUCATIONxINCOME,EDUCATIONxINCOME :: Postgraduate | Refused,INSTN_TECHCMP_W92,2,"0.556400,0.443600"
EDUCATIONxINCOME,"EDUCATIONxINCOME :: Some college, no degree | $100,000 or more",INSTN_TECHCMP_W92,2,"0.603932,0.396068"
EDUCATIONxINCOME,"EDUCATIONxINCOME :: Some college, no degree | $30,000-$50,000",INSTN_TECHCMP_W92,2,"0.592667,0.407333"
EDUCATIONxINCOME,"EDUCATIONxINCOME :: Some college, no degree | $50,000-$75,000",INSTN_TECHCMP_W92,2,"0.583203,0.416797"
EDUCATIONxINCOME,"EDUCATIONxINCOME :: Some college, no degree | $75,000-$100,000",INSTN_TECHCMP_W92,2,"0.585101,0.414899"
EDUCATIONxINCOME,"EDUCATIONxINCOME :: Some college, no degree | Less than $30,000",INSTN_TECHCMP_W92,2,"0.554470,0.445530"
EDUCATIONxINCOME,"EDUCATIONxINCOME :: Some college, no degree | Refused",INSTN_TECHCMP_W92,2,"0.550607,0.449393"
EDUCATIONxINCOME,"EDUCATIONxINCOME :: Associate's degree | $100,000 or more",LOCALELECT_W29,4,"0.667917,0.161143,0.097738,0.073202"
EDUCATIONxINCOME,"EDUCATIONxINCOME :: Associate's degree | $30,000-$50,000",LOCALELECT_W29,4,"0.437892,0.289429,0.166205,0.106475"
EDUCATIONxINCOME,"EDUCATIONxINCOME :: Associate's degree | $50,000-$75,000",LOCALELECT_W29,4,"0.441852,0.303680,0.155105,0.099364"
EDUCATIONxINCOME,"EDUCATIONxINCOME :: Associate's degree | $75,000-$100,000",LOCALELECT_W29,4,"0.465729,0.278100,0.142039,0.114132"
EDUCATIONxINCOME,"EDUCATIONxINCOME :: Associate's degree | Less than $30,000",LOCALELECT_W29,4,"0.364947,0.273333,0.172389,0.189332"
EDUCATIONxINCOME,"EDUCATIONxINCOME :: College graduate/some postgrad | $100,000 or more",LOCALELECT_W29,4,"0.586498,0.212416,0.114590,0.086497"
EDUCATIONxINCOME,"EDUCATIONxINCOME :: College graduate/some postgrad | $30,000-$50,000",LOCALELECT_W29,4,"0.416711,0.309673,0.165756,0.107860"
EDUCATIONxINCOME,"EDUCATIONxINCOME :: College graduate/some postgrad | $50,000-$75,000",LOCALELECT_W29,4,"0.406031,0.331393,0.161508,0.101069"
EDUCATIONxINCOME,"EDUCATIONxINCOME :: College graduate/some postgrad | $75,000-$100,000",LOCALELECT_W29,4,"0.430449,0.300502,0.152287,0.116762"
EDUCATIONxINCOME,"EDUCATIONxINCOME :: College graduate/some postgrad | Less than $30,000",LOCALELECT_W29,4,"0.315907,0.289892,0.188637,0.205564"
EDUCATIONxINCOME,EDUCATIONxINCOME :: College graduate/some postgrad | Refused,LOCALELECT_W29,4,"0.273304,0.293212,0.192293,0.241190"
EDUCATIONxINCOME,"EDUCATIONxINCOME :: High school graduate | $100,000 or more",LOCALELECT_W29,4,"0.524456,0.236391,0.132603,0.106550"
EDUCATIONxINCOME,"EDUCATIONxINCOME :: High school graduate | $30,000-$50,000",LOCALELECT_W29,4,"0.372686,0.328895,0.177425,0.120994"
EDUCATIONxINCOME,"EDUCATIONxINCOME :: High school graduate | $50,000-$75,000",LOCALELECT_W29,4,"0.400434,0.334575,0.160531,0.104460"
EDUCATIONxINCOME,"EDUCATIONxINCOME :: High school graduate | $75,000-$100,000",LOCALELECT_W29,4,"0.393727,0.321350,0.159080,0.125843"
EDUCATIONxINCOME,"EDUCATIONxINCOME :: High school graduate | Less than $30,000",LOCALELECT_W29,4,"0.289305,0.307963,0.192719,0.210013"
EDUCATIONxINCOME,"EDUCATIONxINCOME :: Less than high school | Less than $30,000",LOCALELECT_W29,4,"0.258221,0.266418,0.219149,0.256212"
EDUCATIONxINCOME,"EDUCATIONxINCOME :: Postgraduate | $100,000 or more",LOCALELECT_W29,4,"0.577314,0.201079,0.117288,0.104318"
EDUCATIONxINCOME,"EDUCATIONxINCOME :: Postgraduate | $30,000-$50,000",LOCALELECT_W29,4,"0.407111,0.288685,0.175096,0.129108"
EDUCATIONxINCOME,"EDUCATIONxINCOME :: Postgraduate | $50,000-$75,000",LOCALELECT_W29,4,"0.413619,0.307376,0.163246,0.115759"
EDUCATIONxINCOME,"EDUCATIONxINCOME :: Postgraduate | $75,000-$100,000",LOCALELECT_W29,4,"0.426301,0.286205,0.154396,0.133098"
EDUCATIONxINCOME,"EDUCATIONxINCOME :: Postgraduate | Less than $30,000",LOCALELECT_W29,4,"0.327992,0.255440,0.183987,0.232581"
EDUCATIONxINCOME,EDUCATIONxINCOME :: Postgraduate | Refused,LOCALELECT_W29,4,"0.269334,0.263095,0.193994,0.273576"
EDUCATIONxINCOME,"EDUCATIONxINCOME :: Some college, no degree | $100,000 or more",LOCALELECT_W29,4,"0.442090,0.257869,0.157632,0.142409"
EDUCATIONxINCOME,"EDUCATIONxINCOME :: Some college, no degree | $30,000-$50,000",LOCALELECT_W29,4,"0.341892,0.308873,0.196332,0.152903"
EDUCATIONxINCOME,"EDUCATIONxINCOME :: Some college, no degree | $50,000-$75,000",LOCALELECT_W29,4,"0.342835,0.329702,0.187858,0.139604"
EDUCATIONxINCOME,"EDUCATIONxINCOME :: Some college, no degree | $75,000-$100,000",LOCALELECT_W29,4,"0.352032,0.308250,0.179800,0.159918"
EDUCATIONxINCOME,"EDUCATIONxINCOME :: Some college, no degree | Less than $30,000",LOCALELECT_W29,4,"0.274007,0.287157,0.198908,0.239929"
EDUCATIONxINCOME,"EDUCATIONxINCOME :: Some college, no degree | Refused",LOCALELECT_W29,4,"0.226896,0.226896,0.200235,0.345974"
EDUCATIONxINCOME,"EDUCATIONxINCOME :: Associate's degree | $100,000 or more",LOCALPROBA_W32,3,"0.501870,0.277159,0.220971"
EDUCATIONxINCOME,"EDUCATIONxINCOME :: Associate's degree | $30,000-$50,000",LOCALPROBA_W32,3,"0.373798,0.348418,0.277783"
EDUCATIONxINCOME,"EDUCATIONxINCOME :: Associate's degree | $50,000-$75,000",LOCALPROBA_W32,3,"0.343835,0.368881,0.287285"
EDUCATIONxINCOME,"EDUCATIONxINCOME :: Associate's degree | $75,000-$100,000",LOCALPROBA_W32,3,"0.391817,0.351223,0.256960"
EDUCATIONxINCOME,"EDUCATIONxINCOME :: Associate's degree | Less than $30,000",LOCALPROBA_W32,3,"0.376100,0.321695,0.302205"
EDUCATIONxINCOME,"EDUCATIONxINCOME :: College graduate/some postgrad | $100,000 or more",LOCALPROBA_W32,3,"0.434932,0.301269,0.263800"
EDUCATIONxINCOME,"EDUCATIONxINCOME :: College graduate/some postgrad | $30,000-$50,000",LOCALPROBA_W32,3,"0.373358,0.353488,0.273154"
EDUCATIONxINCOME,"EDUCATIONxINCOME :: College graduate/some postgrad | $50,000-$75,000",LOCALPROBA_W32,3,"0.333338,0.374782,0.291880"
EDUCATIONxINCOME,"EDUCATIONxINCOME :: College graduate/some postgrad | $75,000-$100,000",LOCALPROBA_W32,3,"0.382297,0.350816,0.266887"
EDUCATIONxINCOME,"EDUCATIONxINCOME :: College graduate/some postgrad | Less than $30,000",LOCALPROBA_W32,3,"0.349130,0.322893,0.327977"
EDUCATIONxINCOME,EDUCATIONxINCOME :: College graduate/some postgrad | Refused,LOCALPROBA_W32,3,"0.298896,0.298896,0.402208"
EDUCATIONxINCOME,"EDUCATIONxINCOME :: High school graduate | $100,000 or more",LOCALPROBA_W32,3,"0.412048,0.313469,0.274483"
EDUCATIONxINCOME,"EDUCATIONxINCOME :: High school graduate | $30,000-$50,000",LOCALPROBA_W32,3,"0.340529,0.368200,0.291270"
EDUCATIONxINCOME,"EDUCATIONxINCOME :: High school graduate | $50,000-$75,000",LOCALPROBA_W32,3,"0.327783,0.371427,0.300790"
EDUCATIONxINCOME,"EDUCATIONxINCOME :: High school graduate | $75,000-$100,000",LOCALPROBA_W32,3,"0.364026,0.361193,0.274781"
EDUCATIONxINCOME,"EDUCATIONxINCOME :: High school graduate | Less than $30,000",LOCALPROBA_W32,3,"0.341189,0.328119,0.330692"
EDUCATIONxINCOME,"EDUCATIONxINCOME :: Less than high school | $30,000-$50,000",LOCALPROBA_W32,3,"0.347336,0.355572,0.297092"
EDUCATIONxINCOME,"EDUCATIONxINCOME :: Less than high school | Less than $30,000",LOCALPROBA_W32,3,"0.356243,0.316849,0.326907"
EDUCATIONxINCOME,"EDUCATIONxINCOME :: Postgraduate | $100,000 or more",LOCALPROBA_W32,3,"0.453934,0.295380,0.250686"
EDUCATIONxINCOME,"EDUCATIONxINCOME :: Postgraduate | $30,000-$50,000",LOCALPROBA_W32,3,"0.360477,0.352126,0.287397"
EDUCATIONxINCOME,"EDUCATIONxINCOME :: Postgraduate | $50,000-$75,000",LOCALPROBA_W32,3,"0.340529,0.368200,0.291270"
EDUCATIONxINCOME,"EDUCATIONxINCOME :: Postgraduate | $75,000-$100,000",LOCALPROBA_W32,3,"0.390505,0.347322,0.262173"
EDUCATIONxINCOME,"EDUCATIONxINCOME :: Postgraduate | Less than $30,000",LOCALPROBA_W32,3,"0.398428,0.296087,0.305485"
EDUCATIONxINCOME,EDUCATIONxINCOME :: Postgraduate | Refused,LOCALPROBA_W32,3,"0.336787,0.301894,0.361319"
EDUCATIONxINCOME,"EDUCATIONxINCOME :: Some college, no degree | $100,000 or more",LOCALPROBA_W32,3,"0.391397,0.324479,0.284124"
EDUCATIONxINCOME,"EDUCATIONxINCOME :: Some college, no degree | $30,000-$50,000",LOCALPROBA_W32,3,"0.338009,0.354230,0.307761"
EDUCATIONxINCOME,"EDUCATIONxINCOME :: Some college, no degree | $50,000-$75,000",LOCALPROBA_W32,3,"0.326398,0.366979,0.306623"
EDUCATIONxINCOME,"EDUCATIONxINCOME :: Some college, no degree | $75,000-$100,000",LOCALPROBA_W32,3,"0.361088,0.355490,0.283421"
EDUCATIONxINCOME,"EDUCATIONxINCOME :: Some college, no degree | Less than $30,000",LOCALPROBA_W32,3,"0.344696,0.331491,0.323812"
EDUCATIONxINCOME,"EDUCATIONxINCOME :: Some college, no degree | Refused",LOCALPROBA_W32,3,"0.331805,0.277233,0.390962"
EDUCATIONxINCOME,"EDUCATIONxINCOME :: Associate's degree | $100,000 or more",LOCALPROBB_W32,3,"0.577140,0.266306,0.156553"
EDUCATIONxINCOME,"EDUCATIONxINCOME :: Associate's degree | $30,000-$50,000",LOCALPROBB_W32,3,"0.457927,0.332419,0.209654"
EDUCATIONxINCOME,"EDUCATIONxINCOME :: Associate's degree | $50,000-$75,000",LOCALPROBB_W32,3,"0.418117,0.363266,0.218617"
EDUCATIONxINCOME,"EDUCATIONxINCOME :: Associate's degree | $75,000-$100,000",LOCALPROBB_W32,3,"0.476416,0.332592,0.190992"
EDUCATIONxINCOME,"EDUCATIONxINCOME :: Associate's degree | Less than $30,000",LOCALPROBB_W32,3,"0.441427,0.320441,0.238132"
EDUCATIONxINCOME,"EDUCATIONxINCOME :: College graduate/some postgrad | $100,000 or more",LOCALPROBB_W32,3,"0.518449,0.290824,0.190727"
EDUCATIONxINCOME,"EDUCATIONxINCOME :: College graduate/some postgrad | $30,000-$50,000",LOCALPROBB_W32,3,"0.452862,0.336538,0.210600"
EDUCATIONxINCOME,"EDUCATIONxINCOME :: College graduate/some postgrad | $50,000-$75,000",LOCALPROBB_W32,3,"0.409107,0.366721,0.224172"
EDUCATIONxINCOME,"EDUCATIONxINCOME :: College graduate/some postgrad | $75,000-$100,000",LOCALPROBB_W32,3,"0.466728,0.330960,0.202312"
EDUCATIONxINCOME,"EDUCATIONxINCOME :: College graduate/some postgrad | Less than $30,000",LOCALPROBB_W32,3,"0.415872,0.323882,0.260246"
EDUCATIONxINCOME,EDUCATIONxINCOME :: College graduate/some postgrad | Refused,LOCALPROBB_W32,3,"0.365216,0.309955,0.324830"
EDUCATIONxINCOME,"EDUCATIONxINCOME :: High school graduate | $100,000 or more",LOCALPROBB_W32,3,"0.471967,0.311951,0.216082"
EDUCATIONxINCOME,"EDUCATIONxINCOME :: High school graduate | $30,000-$50,000",LOCALPROBB_W32,3,"0.409672,0.358721,0.231607"
EDUCATIONxINCOME,"EDUCATIONxINCOME :: High school graduate | $50,000-$75,000",LOCALPROBB_W32,3,"0.399942,0.375711,0.224347"
EDUCATIONxINCOME,"EDUCATIONxINCOME :: High school graduate | $75,000-$100,000",LOCALPROBB_W32,3,"0.430032,0.353735,0.216234"
EDUCATIONxINCOME,"EDUCATIONxINCOME :: High school graduate | Less than $30,000",LOCALPROBB_W32,3,"0.397408,0.339921,0.262671"
EDUCATIONxINCOME,"EDUCATIONxINCOME :: Less than high school | $30,000-$50,000",LOCALPROBB_W32,3,"0.409640,0.347657,0.242704"
EDUCATIONxINCOME,"EDUCATIONxINCOME :: Less than high school | Less than $30,000",LOCALPROBB_W32,3,"0.398252,0.330163,0.271585"
EDUCATIONxINCOME,"EDUCATIONxINCOME :: Postgraduate | $100,000 or more",LOCALPROBB_W32,3,"0.523524,0.286868,0.189608"
EDUCATIONxINCOME,"EDUCATIONxINCOME :: Postgraduate | $30,000-$50,000",LOCALPROBB_W32,3,"0.433319,0.340116,0.226566"
EDUCATIONxINCOME,"EDUCATIONxINCOME :: Postgraduate | $50,000-$75,000",LOCALPROBB_W32,3,"0.402453,0.366438,0.231109"
EDUCATIONxINCOME,"EDUCATIONxINCOME :: Postgraduate | $75,000-$100,000",LOCALPROBB_W32,3,"0.458675,0.332962,0.208363"
EDUCATIONxINCOME,"EDUCATIONxINCOME :: Postgraduate | Less than $30,000",LOCALPROBB_W32,3,"0.441996,0.306162,0.251842"
EDUCATIONxINCOME,EDUCATIONxINCOME :: Postgraduate | Refused,LOCALPROBB_W32,3,"0.377130,0.310219,0.312652"
EDUCATIONxINCOME,"EDUCATIONxINCOME :: Some college, no degree | $100,000 or more",LOCALPROBB_W32,3,"0.443875,0.322219,0.233906"
EDUCATIONxINCOME,"EDUCATIONxINCOME :: Some college, no degree | $30,000-$50,000",LOCALPROBB_W32,3,"0.395547,0.349069,0.255384"
EDUCATIONxINCOME,"EDUCATIONxINCOME :: Some college, no degree | $50,000-$75,000",LOCALPROBB_W32,3,"0.372864,0.372864,0.254271"
EDUCATIONxINCOME,"EDUCATIONxINCOME :: Some college, no degree | $75,000-$100,000",LOCALPROBB_W32,3,"0.411187,0.348970,0.239843"
EDUCATIONxINCOME,"EDUCATIONxINCOME :: Some college, no degree | Less than $30,000",LOCALPROBB_W32,3,"0.383187,0.340814,0.275999"
EDUCATIONxINCOME,"EDUCATIONxINCOME :: Some college, no degree | Refused",LOCALPROBB_W32,3,"0.355426,0.294658,0.349916"
EDUCATIONxINCOME,"EDUCATIONxINCOME :: Associate's degree | $100,000 or more",LOCALPROBH_W32,3,"0.584200,0.278121,0.137680"
EDUCATIONxINCOME,"EDUCATIONxINCOME :: Associate's degree | $30,000-$50,000",LOCALPROBH_W32,3,"0.460743,0.358827,0.180430"
EDUCATIONxINCOME,"EDUCATIONxINCOME :: Associate's degree | $50,000-$75,000",LOCALPROBH_W32,3,"0.414632,0.389510,0.195858"
EDUCATIONxINCOME,"EDUCATIONxINCOME :: Associate's degree | $75,000-$100,000",LOCALPROBH_W32,3,"0.483608,0.359387,0.157005"
EDUCATIONxINCOME,"EDUCATIONxINCOME :: Associate's degree | Less than $30,000",LOCALPROBH_W32,3,"0.480725,0.338232,0.181043"
EDUCATIONxINCOME,"EDUCATIONxINCOME :: College graduate/some postgrad | $100,000 or more",LOCALPROBH_W32,3,"0.531572,0.310063,0.158365"
EDUCATIONxINCOME,"EDUCATIONxINCOME :: College graduate/some postgrad | $30,000-$50,000",LOCALPROBH_W32,3,"0.450322,0.373330,0.176349"
EDUCATIONxINCOME,"EDUCATIONxINCOME :: College graduate/some postgrad | $50,000-$75,000",LOCALPROBH_W32,3,"0.398299,0.401423,0.200277"
EDUCATIONxINCOME,"EDUCATIONxINCOME :: College graduate/some postgrad | $75,000-$100,000",LOCALPROBH_W32,3,"0.470860,0.363853,0.165287"
EDUCATIONxINCOME,"EDUCATIONxINCOME :: College graduate/some postgrad | Less than $30,000",LOCALPROBH_W32,3,"0.448001,0.351640,0.200359"
EDUCATIONxINCOME,EDUCATIONxINCOME :: College graduate/some postgrad | Refused,LOCALPROBH_W32,3,"0.335072,0.332464,0.332464"
EDUCATIONxINCOME,"EDUCATIONxINCOME :: High school graduate | $100,000 or more",LOCALPROBH_W32,3,"0.490072,0.323918,0.186010"
EDUCATIONxINCOME,"EDUCATIONxINCOME :: High school graduate | $30,000-$50,000",LOCALPROBH_W32,3,"0.412729,0.393829,0.193442"
EDUCATIONxINCOME,"EDUCATIONxINCOME :: High school graduate | $50,000-$75,000",LOCALPROBH_W32,3,"0.393281,0.399474,0.207245"
EDUCATIONxINCOME,"EDUCATIONxINCOME :: High school graduate | $75,000-$100,000",LOCALPROBH_W32,3,"0.435585,0.381411,0.183003"
EDUCATIONxINCOME,"EDUCATIONxINCOME :: High school graduate | Less than $30,000",LOCALPROBH_W32,3,"0.426857,0.365110,0.208033"
EDUCATIONxINCOME,"EDUCATIONxINCOME :: Less than high school | $30,000-$50,000",LOCALPROBH_W32,3,"0.415583,0.375448,0.208968"
EDUCATIONxINCOME,"EDUCATIONxINCOME :: Less than high school | Less than $30,000",LOCALPROBH_W32,3,"0.430185,0.348375,0.221440"
EDUCATIONxINCOME,"EDUCATIONxINCOME :: Postgraduate | $100,000 or more",LOCALPROBH_W32,3,"0.547719,0.297790,0.154491"
EDUCATIONxINCOME,"EDUCATIONxINCOME :: Postgraduate | $30,000-$50,000",LOCALPROBH_W32,3,"0.437530,0.371327,0.191143"
EDUCATIONxINCOME,"EDUCATIONxINCOME :: Postgraduate | $50,000-$75,000",LOCALPROBH_W32,3,"0.402578,0.390192,0.207230"
EDUCATIONxINCOME,"EDUCATIONxINCOME :: Postgraduate | $75,000-$100,000",LOCALPROBH_W32,3,"0.470416,0.357874,0.171710"
EDUCATIONxINCOME,"EDUCATIONxINCOME :: Postgraduate | Less than $30,000",LOCALPROBH_W32,3,"0.494023,0.314020,0.191957"
EDUCATIONxINCOME,EDUCATIONxINCOME :: Postgraduate | Refused,LOCALPROBH_W32,3,"0.365216,0.324830,0.309955"
EDUCATIONxINCOME,"EDUCATIONxINCOME :: Some college, no degree | $100,000 or more",LOCALPROBH_W32,3,"0.454345,0.337641,0.208014"
EDUCATIONxINCOME,"EDUCATIONxINCOME :: Some college, no degree | $30,000-$50,000",LOCALPROBH_W32,3,"0.396663,0.375553,0.227784"
EDUCATIONxINCOME,"EDUCATIONxINCOME :: Some college, no degree | $50,000-$75,000",LOCALPROBH_W32,3,"0.370805,0.391648,0.237547"
EDUCATIONxINCOME,"EDUCATIONxINCOME :: Some college, no degree | $75,000-$100,000",LOCALPROBH_W32,3,"0.419918,0.370577,0.209505"
EDUCATIONxINCOME,"EDUCATIONxINCOME :: Some college, no degree | Less than $30,000",LOCALPROBH_W32,3,"0.400994,0.365109,0.233898"
EDUCATIONxINCOME,"EDUCATIONxINCOME :: Some college, no degree | Refused",LOCALPROBH_W32,3,"0.351302,0.302842,0.345856"
EDUCATIONxINCOME,"EDUCATIONxINCOME :: Associate's degree | $100,000 or more",LOCALPROBI_W32,3,"0.576365,0.259788,0.163846"
EDUCATIONxINCOME,"EDUCATIONxINCOME :: Associate's degree | $30,000-$50,000",LOCALPROBI_W32,3,"0.427100,0.351323,0.221577"
EDUCATIONxINCOME,"EDUCATIONxINCOME :: Associate's degree | $50,000-$75,000",LOCALPROBI_W32,3,"0.386078,0.374200,0.239722"
EDUCATIONxINCOME,"EDUCATIONxINCOME :: Associate's degree | $75,000-$100,000",LOCALPROBI_W32,3,"0.454119,0.342787,0.203094"
EDUCATIONxINCOME,"EDUCATIONxINCOME :: Associate's degree | Less than $30,000",LOCALPROBI_W32,3,"0.426077,0.329247,0.244676"
EDUCATIONxINCOME,"EDUCATIONxINCOME :: College graduate/some postgrad | $100,000 or more",LOCALPROBI_W32,3,"0.495722,0.296009,0.208269"
EDUCATIONxINCOME,"EDUCATIONxINCOME :: College graduate/some postgrad | $30,000-$50,000",LOCALPROBI_W32,3,"0.416682,0.362020,0.221298"
EDUCATIONxINCOME,"EDUCATIONxINCOME :: College graduate/some postgrad | $50,000-$75,000",LOCALPROBI_W32,3,"0.367023,0.384637,0.248340"
EDUCATIONxINCOME,"EDUCATIONxINCOME :: College graduate/some postgrad | $75,000-$100,000",LOCALPROBI_W32,3,"0.435504,0.347214,0.217281"
EDUCATIONxINCOME,"EDUCATIONxINCOME :: College graduate/some postgrad | Less than $30,000",LOCALPROBI_W32,3,"0.395159,0.335367,0.269475"
EDUCATIONxINCOME,EDUCATIONxINCOME :: College graduate/some postgrad | Refused,LOCALPROBI_W32,3,"0.339876,0.309460,0.350664"
EDUCATIONxINCOME,"EDUCATIONxINCOME :: High school graduate | $100,000 or more",LOCALPROBI_W32,3,"0.463537,0.308782,0.227682"
EDUCATIONxINCOME,"EDUCATIONxINCOME :: High school graduate | $30,000-$50,000",LOCALPROBI_W32,3,"0.375029,0.380935,0.244036"
EDUCATIONxINCOME,"EDUCATIONxINCOME :: High school graduate | $50,000-$75,000",LOCALPROBI_W32,3,"0.362690,0.386082,0.251228"
EDUCATIONxINCOME,"EDUCATIONxINCOME :: High school graduate | $75,000-$100,000",LOCALPROBI_W32,3,"0.406216,0.364130,0.229654"
EDUCATIONxINCOME,"EDUCATIONxINCOME :: High school graduate | Less than $30,000",LOCALPROBI_W32,3,"0.374388,0.351705,0.273908"
EDUCATIONxINCOME,"EDUCATIONxINCOME :: Less than high school | $30,000-$50,000",LOCALPROBI_W32,3,"0.386082,0.362690,0.251228"
EDUCATIONxINCOME,"EDUCATIONxINCOME :: Less than high school | Less than $30,000",LOCALPROBI_W32,3,"0.383547,0.335845,0.280609"
EDUCATIONxINCOME,"EDUCATIONxINCOME :: Postgraduate | $100,000 or more",LOCALPROBI_W32,3,"0.519150,0.282257,0.198593"
EDUCATIONxINCOME,"EDUCATIONxINCOME :: Postgraduate | $30,000-$50,000",LOCALPROBI_W32,3,"0.404798,0.357233,0.237969"
EDUCATIONxINCOME,"EDUCATIONxINCOME :: Postgraduate | $50,000-$75,000",LOCALPROBI_W32,3,"0.372512,0.375434,0.252054"
EDUCATIONxINCOME,"EDUCATIONxINCOME :: Postgraduate | $75,000-$100,000",LOCALPROBI_W32,3,"0.437861,0.343681,0.218457"
EDUCATIONxINCOME,"EDUCATIONxINCOME :: Postgraduate | Less than $30,000",LOCALPROBI_W32,3,"0.437276,0.307662,0.255061"
EDUCATIONxINCOME,EDUCATIONxINCOME :: Postgraduate | Refused,LOCALPROBI_W32,3,"0.369676,0.304087,0.326238"
EDUCATIONxINCOME,"EDUCATIONxINCOME :: Some college, no degree | $100,000 or more",LOCALPROBI_W32,3,"0.439202,0.316345,0.244453"
EDUCATIONxINCOME,"EDUCATIONxINCOME :: Some college, no degree | $30,000-$50,000",LOCALPROBI_W32,3,"0.370768,0.362179,0.267054"
EDUCATIONxINCOME,"EDUCATIONxINCOME :: Some college, no degree | $50,000-$75,000",LOCALPROBI_W32,3,"0.350675,0.376219,0.273106"
EDUCATIONxINCOME,"EDUCATIONxINCOME :: Some college, no degree | $75,000-$100,000",LOCALPROBI_W32,3,"0.397582,0.353617,0.248801"
EDUCATIONxINCOME,"EDUCATIONxINCOME :: Some college, no degree | Less than $30,000",LOCALPROBI_W32,3,"0.368711,0.346372,0.284918"
EDUCATIONxINCOME,"EDUCATIONxINCOME :: Some college, no degree | Refused",LOCALPROBI_W32,3,"0.349683,0.280978,0.369339"
EDUCATIONxINCOME,"EDUCATIONxINCOME :: Associate's degree | $100,000 or more",MADEUPIMPd_W45,4,"0.444999,0.243839,0.191392,0.119770"
EDUCATIONxINCOME,"EDUCATIONxINCOME :: Associate's degree | $30,000-$50,000",MADEUPIMPd_W45,4,"0.358361,0.268400,0.229575,0.143664"
EDUCATIONxINCOME,"EDUCATIONxINCOME :: Associate's degree | $50,000-$75,000",MADEUPIMPd_W45,4,"0.344166,0.285324,0.229264,0.141246"
EDUCATIONxINCOME,"EDUCATIONxINCOME :: Associate's degree | $75,000-$100,000",MADEUPIMPd_W45,4,"0.363133,0.282808,0.215149,0.138911"
EDUCATIONxINCOME,"EDUCATIONxINCOME :: Associate's degree | Less than $30,000",MADEUPIMPd_W45,4,"0.344803,0.246420,0.210774,0.198004"
EDUCATIONxINCOME,"EDUCATIONxINCOME :: College graduate/some postgrad | $100,000 or more",MADEUPIMPd_W45,4,"0.394339,0.250657,0.214398,0.140606"
EDUCATIONxINCOME,"EDUCATIONxINCOME :: College graduate/some postgrad | $30,000-$50,000",MADEUPIMPd_W45,4,"0.363444,0.261779,0.234657,0.140120"
EDUCATIONxINCOME,"EDUCATIONxINCOME :: College graduate/some postgrad | $50,000-$75,000",MADEUPIMPd_W45,4,"0.342283,0.277190,0.238952,0.141575"
EDUCATIONxINCOME,"EDUCATIONxINCOME :: College graduate/some postgrad | $75,000-$100,000",MADEUPIMPd_W45,4,"0.365463,0.267378,0.225155,0.142004"
EDUCATIONxINCOME,"EDUCATIONxINCOME :: College graduate/some postgrad | Less than $30,000",MADEUPIMPd_W45,4,"0.328062,0.238147,0.221978,0.211813"
EDUCATIONxINCOME,EDUCATIONxINCOME :: College graduate/some postgrad | Refused,MADEUPIMPd_W45,4,"0.299173,0.222327,0.220597,0.257903"
EDUCATIONxINCOME,"EDUCATIONxINCOME :: High school graduate | $100,000 or more",MADEUPIMPd_W45,4,"0.368438,0.269555,0.216593,0.145414"
EDUCATIONxINCOME,"EDUCATIONxINCOME :: High school graduate | $30,000-$50,000",MADEUPIMPd_W45,4,"0.337042,0.275085,0.237138,0.150734"
EDUCATIONxINCOME,"EDUCATIONxINCOME :: High school graduate | $50,000-$75,000",MADEUPIMPd_W45,4,"0.341630,0.287681,0.234798,0.135891"
EDUCATIONxINCOME,"EDUCATIONxINCOME :: High school graduate | $75,000-$100,000",MADEUPIMPd_W45,4,"0.348972,0.289308,0.221820,0.139900"
EDUCATIONxINCOME,"EDUCATIONxINCOME :: High school graduate | Less than $30,000",MADEUPIMPd_W45,4,"0.321805,0.252587,0.219452,0.206156"
EDUCATIONxINCOME,EDUCATIONxINCOME :: High school graduate | Refused,MADEUPIMPd_W45,4,"0.293472,0.237661,0.219800,0.249067"
EDUCATIONxINCOME,"EDUCATIONxINCOME :: Less than high school | $30,000-$50,000",MADEUPIMPd_W45,4,"0.330945,0.268007,0.245937,0.155111"
EDUCATIONxINCOME,"EDUCATIONxINCOME :: Less than high school | Less than $30,000",MADEUPIMPd_W45,4,"0.315053,0.241559,0.225158,0.218230"
EDUCATIONxINCOME,"EDUCATIONxINCOME :: Postgraduate | $100,000 or more",MADEUPIMPd_W45,4,"0.394072,0.260466,0.206045,0.139417"
EDUCATIONxINCOME,"EDUCATIONxINCOME :: Postgraduate | $30,000-$50,000",MADEUPIMPd_W45,4,"0.349368,0.269971,0.232729,0.147932"
EDUCATIONxINCOME,"EDUCATIONxINCOME :: Postgraduate | $50,000-$75,000",MADEUPIMPd_W45,4,"0.340173,0.284225,0.233797,0.141805"
EDUCATIONxINCOME,"EDUCATIONxINCOME :: Postgraduate | $75,000-$100,000",MADEUPIMPd_W45,4,"0.361911,0.279663,0.217802,0.140624"
EDUCATIONxINCOME,"EDUCATIONxINCOME :: Postgraduate | Less than $30,000",MADEUPIMPd_W45,4,"0.350568,0.237206,0.209333,0.202893"
EDUCATIONxINCOME,EDUCATIONxINCOME :: Postgraduate | Refused,MADEUPIMPd_W45,4,"0.313206,0.230944,0.211926,0.243925"
EDUCATIONxINCOME,"EDUCATIONxINCOME :: Some college, no degree | $100,000 or more",MADEUPIMPd_W45,4,"0.352709,0.268327,0.222451,0.156514"
EDUCATIONxINCOME,"EDUCATIONxINCOME :: Some college, no degree | $30,000-$50,000",MADEUPIMPd_W45,4,"0.322239,0.269240,0.241346,0.167175"
EDUCATIONxINCOME,"EDUCATIONxINCOME :: Some college, no degree | $50,000-$75,000",MADEUPIMPd_W45,4,"0.312777,0.287020,0.241695,0.158508"
EDUCATIONxINCOME,"EDUCATIONxINCOME :: Some college, no degree | $75,000-$100,000",MADEUPIMPd_W45,4,"0.328268,0.280782,0.230965,0.159985"
EDUCATIONxINCOME,"EDUCATIONxINCOME :: Some college, no degree | Less than $30,000",MADEUPIMPd_W45,4,"0.306587,0.248282,0.220827,0.224304"
EDUCATIONxINCOME,"EDUCATIONxINCOME :: Some college, no degree | Refused",MADEUPIMPd_W45,4,"0.293495,0.204892,0.208119,0.293495"
EDUCATIONxINCOME,"EDUCATIONxINCOME :: Associate's degree | $100,000 or more",MADEUPRESc_W45,2,"0.844922,0.155078"
EDUCATIONxINCOME,"EDUCATIONxINCOME :: Associate's degree | $30,000-$50,000",MADEUPRESc_W45,2,"0.808067,0.191933"
EDUCATIONxINCOME,"EDUCATIONxINCOME :: Associate's degree | $50,000-$75,000",MADEUPRESc_W45,2,"0.801936,0.198064"
EDUCATIONxINCOME,"EDUCATIONxINCOME :: Associate's degree | $75,000-$100,000",MADEUPRESc_W45,2,"0.814053,0.185947"
EDUCATIONxINCOME,"EDUCATIONxINCOME :: Associate's degree | Less than $30,000",MADEUPRESc_W45,2,"0.786623,0.213377"
EDUCATIONxINCOME,"EDUCATIONxINCOME :: College graduate/some postgrad | $100,000 or more",MADEUPRESc_W45,2,"0.835484,0.164516"
EDUCATIONxINCOME,"EDUCATIONxINCOME :: College graduate/some postgrad | $30,000-$50,000",MADEUPRESc_W45,2,"0.825590,0.174410"
EDUCATIONxINCOME,"EDUCATIONxINCOME :: College graduate/some postgrad | $50,000-$75,000",MADEUPRESc_W45,2,"0.812867,0.187133"
EDUCATIONxINCOME,"EDUCATIONxINCOME :: College graduate/some postgrad | $75,000-$100,000",MADEUPRESc_W45,2,"0.823328,0.176672"
EDUCATIONxINCOME,"EDUCATIONxINCOME :: College graduate/some postgrad | Less than $30,000",MADEUPRESc_W45,2,"0.775945,0.224055"
EDUCATIONxINCOME,EDUCATIONxINCOME :: College graduate/some postgrad | Refused,MADEUPRESc_W45,2,"0.687630,0.312370"
EDUCATIONxINCOME,"EDUCATIONxINCOME :: High school graduate | $100,000 or more",MADEUPRESc_W45,2,"0.795658,0.204342"
EDUCATIONxINCOME,"EDUCATIONxINCOME :: High school graduate | $30,000-$50,000",MADEUPRESc_W45,2,"0.804406,0.195594"
EDUCATIONxINCOME,"EDUCATIONxINCOME :: High school graduate | $50,000-$75,000",MADEUPRESc_W45,2,"0.822189,0.177811"
EDUCATIONxINCOME,"EDUCATIONxINCOME :: High school graduate | $75,000-$100,000",MADEUPRESc_W45,2,"0.804406,0.195594"
EDUCATIONxINCOME,"EDUCATIONxINCOME :: High school graduate | Less than $30,000",MADEUPRESc_W45,2,"0.769080,0.230920"
EDUCATIONxINCOME,EDUCATIONxINCOME :: High school graduate | Refused,MADEUPRESc_W45,2,"0.668880,0.331120"
EDUCATIONxINCOME,"EDUCATIONxINCOME :: Less than high school | $30,000-$50,000",MADEUPRESc_W45,2,"0.774583,0.225417"
EDUCATIONxINCOME,"EDUCATIONxINCOME :: Less than high school | Less than $30,000",MADEUPRESc_W45,2,"0.763484,0.236516"
EDUCATIONxINCOME,"EDUCATIONxINCOME :: Postgraduate | $100,000 or more",MADEUPRESc_W45,2,"0.823328,0.176672"
EDUCATIONxINCOME,"EDUCATIONxINCOME :: Postgraduate | $30,000-$50,000",MADEUPRESc_W45,2,"0.782663,0.217338"
EDUCATIONxINCOME,"EDUCATIONxINCOME :: Postgraduate | $50,000-$75,000",MADEUPRESc_W45,2,"0.778649,0.221351"
EDUCATIONxINCOME,"EDUCATIONxINCOME :: Postgraduate | $75,000-$100,000",MADEUPRESc_W45,2,"0.808067,0.191933"
EDUCATIONxINCOME,"EDUCATIONxINCOME :: Postgraduate | Less than $30,000",MADEUPRESc_W45,2,"0.791821,0.208179"
EDUCATIONxINCOME,EDUCATIONxINCOME :: Postgraduate | Refused,MADEUPRESc_W45,2,"0.672332,0.327668"
EDUCATIONxINCOME,"EDUCATIONxINCOME :: Some college, no degree | $100,000 or more",MADEUPRESc_W45,2,"0.732592,0.267408"
EDUCATIONxINCOME,"EDUCATIONxINCOME :: Some college, no degree | $30,000-$50,000",MADEUPRESc_W45,2,"0.723310,0.276691"
EDUCATIONxINCOME,"EDUCATIONxINCOME :: Some college, no degree | $50,000-$75,000",MADEUPRESc_W45,2,"0.715424,0.284576"
EDUCATIONxINCOME,"EDUCATIONxINCOME :: Some college, no degree | $75,000-$100,000",MADEUPRESc_W45,2,"0.740174,0.259826"
EDUCATIONxINCOME,"EDUCATIONxINCOME :: Some college, no degree | Less than $30,000",MADEUPRESc_W45,2,"0.723310,0.276691"
EDUCATIONxINCOME,"EDUCATIONxINCOME :: Some college, no degree | Refused",MADEUPRESc_W45,2,"0.665411,0.334589"
EDUCATIONxINCOME,"EDUCATIONxINCOME :: Associate's degree | $100,000 or more",MADEUPSMFOL2_W45,2,"0.799442,0.200558"
EDUCATIONxINCOME,"EDUCATIONxINCOME :: Associate's degree | $30,000-$50,000",MADEUPSMFOL2_W45,2,"0.787931,0.212069"
EDUCATIONxINCOME,"EDUCATIONxINCOME :: Associate's degree | $50,000-$75,000",MADEUPSMFOL2_W45,2,"0.775945,0.224055"
EDUCATIONxINCOME,"EDUCATIONxINCOME :: Associate's degree | $75,000-$100,000",MADEUPSMFOL2_W45,2,"0.790530,0.209470"
EDUCATIONxINCOME,"EDUCATIONxINCOME :: Associate's degree | Less than $30,000",MADEUPSMFOL2_W45,2,"0.783988,0.216012"
EDUCATIONxINCOME,"EDUCATIONxINCOME :: College graduate/some postgrad | $100,000 or more",MADEUPSMFOL2_W45,2,"0.798187,0.201813"
EDUCATIONxINCOME,"EDUCATIONxINCOME :: College graduate/some postgrad | $30,000-$50,000",MADEUPSMFOL2_W45,2,"0.790530,0.209470"
EDUCATIONxINCOME,"EDUCATIONxINCOME :: College graduate/some postgrad | $50,000-$75,000",MADEUPSMFOL2_W45,2,"0.779993,0.220007"
EDUCATIONxINCOME,"EDUCATIONxINCOME :: College graduate/some postgrad | $75,000-$100,000",MADEUPSMFOL2_W45,2,"0.793106,0.206894"
EDUCATIONxINCOME,"EDUCATIONxINCOME :: College graduate/some postgrad | Less than $30,000",MADEUPSMFOL2_W45,2,"0.769080,0.230920"
EDUCATIONxINCOME,EDUCATIONxINCOME :: College graduate/some postgrad | Refused,MADEUPSMFOL2_W45,2,"0.692642,0.307358"
EDUCATIONxINCOME,"EDUCATIONxINCOME :: High school graduate | $100,000 or more",MADEUPSMFOL2_W45,2,"0.762070,0.237930"
EDUCATIONxINCOME,"EDUCATIONxINCOME :: High school graduate | $30,000-$50,000",MADEUPSMFOL2_W45,2,"0.778649,0.221351"
EDUCATIONxINCOME,"EDUCATIONxINCOME :: High school graduate | $50,000-$75,000",MADEUPSMFOL2_W45,2,"0.782663,0.217338"
EDUCATIONxINCOME,"EDUCATIONxINCOME :: High school graduate | $75,000-$100,000",MADEUPSMFOL2_W45,2,"0.777300,0.222700"
EDUCATIONxINCOME,"EDUCATIONxINCOME :: High school graduate | Less than $30,000",MADEUPSMFOL2_W45,2,"0.762070,0.237930"
EDUCATIONxINCOME,EDUCATIONxINCOME :: High school graduate | Refused,MADEUPSMFOL2_W45,2,"0.675765,0.324235"
EDUCATIONxINCOME,"EDUCATIONxINCOME :: Less than high school | $30,000-$50,000",MADEUPSMFOL2_W45,2,"0.754915,0.245085"
EDUCATIONxINCOME,"EDUCATIONxINCOME :: Less than high school | Less than $30,000",MADEUPSMFOL2_W45,2,"0.762070,0.237930"
EDUCATIONxINCOME,"EDUCATIONxINCOME :: Postgraduate | $100,000 or more",MADEUPSMFOL2_W45,2,"0.790530,0.209470"
EDUCATIONxINCOME,"EDUCATIONxINCOME :: Postgraduate | $30,000-$50,000",MADEUPSMFOL2_W45,2,"0.762070,0.237930"
EDUCATIONxINCOME,"EDUCATIONxINCOME :: Postgraduate | $50,000-$75,000",MADEUPSMFOL2_W45,2,"0.753467,0.246533"
EDUCATIONxINCOME,"EDUCATIONxINCOME :: Postgraduate | $75,000-$100,000",MADEUPSMFOL2_W45,2,"0.781331,0.218669"
EDUCATIONxINCOME,"EDUCATIONxINCOME :: Postgraduate | Less than $30,000",MADEUPSMFOL2_W45,2,"0.782663,0.217338"
EDUCATIONxINCOME,EDUCATIONxINCOME :: Postgraduate | Refused,MADEUPSMFOL2_W45,2,"0.687630,0.312370"
EDUCATIONxINCOME,"EDUCATIONxINCOME :: Some college, no degree | $100,000 or more",MADEUPSMFOL2_W45,2,"0.707405,0.292595"
EDUCATIONxINCOME,"EDUCATIONxINCOME :: Some college, no degree | $30,000-$50,000",MADEUPSMFOL2_W45,2,"0.704160,0.295840"
EDUCATIONxINCOME,"EDUCATIONxINCOME :: Some college, no degree | $50,000-$75,000",MADEUPSMFOL2_W45,2,"0.692642,0.307358"
EDUCATIONxINCOME,"EDUCATIONxINCOME :: Some college, no degree | $75,000-$100,000",MADEUPSMFOL2_W45,2,"0.710628,0.289372"
EDUCATIONxINCOME,"EDUCATIONxINCOME :: Some college, no degree | Less than $30,000",MADEUPSMFOL2_W45,2,"0.718594,0.281406"
EDUCATIONxINCOME,"EDUCATIONxINCOME :: Some college, no degree | Refused",MADEUPSMFOL2_W45,2,"0.690976,0.309024"
EDUCATIONxINCOME,"EDUCATIONxINCOME :: Associate's degree | $100,000 or more",MADEUPTOPICb_W45,4,"0.461536,0.282131,0.182158,0.074176"
EDUCATIONxINCOME,"EDUCATIONxINCOME :: Associate's degree | $30,000-$50,000",MADEUPTOPICb_W45,4,"0.410681,0.302817,0.208123,0.078380"
EDUCATIONxINCOME,"EDUCATIONxINCOME :: Associate's degree | $50,000-$75,000",MADEUPTOPICb_W45,4,"0.388896,0.324935,0.206541,0.079629"
EDUCATIONxINCOME,"EDUCATIONxINCOME :: Associate's degree | $75,000-$100,000",MADEUPTOPICb_W45,4,"0.406219,0.313902,0.193389,0.086489"
EDUCATIONxINCOME,"EDUCATIONxINCOME :: Associate's degree | Less than $30,000",MADEUPTOPICb_W45,4,"0.424005,0.298325,0.186687,0.090984"
EDUCATIONxINCOME,"EDUCATIONxINCOME :: College graduate/some postgrad | $100,000 or more",MADEUPTOPICb_W45,4,"0.447474,0.298082,0.183643,0.070801"
EDUCATIONxINCOME,"EDUCATIONxINCOME :: College graduate/some postgrad | $30,000-$50,000",MADEUPTOPICb_W45,4,"0.418707,0.313597,0.202474,0.065222"
EDUCATIONxINCOME,"EDUCATIONxINCOME :: College graduate/some postgrad | $50,000-$75,000",MADEUPTOPICb_W45,4,"0.396386,0.331193,0.202454,0.069966"
EDUCATIONxINCOME,"EDUCATIONxINCOME :: College graduate/some postgrad | $75,000-$100,000",MADEUPTOPICb_W45,4,"0.417074,0.314824,0.190951,0.077151"
EDUCATIONxINCOME,"EDUCATIONxINCOME :: College graduate/some postgrad | Less than $30,000",MADEUPTOPICb_W45,4,"0.427381,0.303058,0.186709,0.082852"
EDUCATIONxINCOME,EDUCATIONxINCOME :: College graduate/some postgrad | Refused,MADEUPTOPICb_W45,4,"0.401933,0.296367,0.194362,0.107337"
EDUCATIONxINCOME,"EDUCATIONxINCOME :: High school graduate | $100,000 or more",MADEUPTOPICb_W45,4,"0.411892,0.310912,0.196090,0.081106"
EDUCATIONxINCOME,"EDUCATIONxINCOME :: High school graduate | $30,000-$50,000",MADEUPTOPICb_W45,4,"0.395966,0.323178,0.207036,0.073821"
EDUCATIONxINCOME,"EDUCATIONxINCOME :: High school graduate | $50,000-$75,000",MADEUPTOPICb_W45,4,"0.384439,0.341927,0.205776,0.067858"
EDUCATIONxINCOME,"EDUCATIONxINCOME :: High school graduate | $75,000-$100,000",MADEUPTOPICb_W45,4,"0.393410,0.331285,0.194752,0.080553"
EDUCATIONxINCOME,"EDUCATIONxINCOME :: High school graduate | Less than $30,000",MADEUPTOPICb_W45,4,"0.409062,0.318578,0.187282,0.085077"
EDUCATIONxINCOME,EDUCATIONxINCOME :: High school graduate | Refused,MADEUPTOPICb_W45,4,"0.381027,0.303781,0.200787,0.114405"
EDUCATIONxINCOME,"EDUCATIONxINCOME :: Less than high school | $30,000-$50,000",MADEUPTOPICb_W45,4,"0.388572,0.309797,0.216273,0.085358"
EDUCATIONxINCOME,"EDUCATIONxINCOME :: Less than high school | Less than $30,000",MADEUPTOPICb_W45,4,"0.405714,0.306249,0.190154,0.097883"
EDUCATIONxINCOME,"EDUCATIONxINCOME :: Postgraduate | $100,000 or more",MADEUPTOPICb_W45,4,"0.461608,0.291133,0.172490,0.074769"
EDUCATIONxINCOME,"EDUCATIONxINCOME :: Postgraduate | $30,000-$50,000",MADEUPTOPICb_W45,4,"0.415644,0.306477,0.200992,0.076886"
EDUCATIONxINCOME,"EDUCATIONxINCOME :: Postgraduate | $50,000-$75,000",MADEUPTOPICb_W45,4,"0.398573,0.322774,0.201987,0.076666"
EDUCATIONxINCOME,"EDUCATIONxINCOME :: Postgraduate | $75,000-$100,000",MADEUPTOPICb_W45,4,"0.413721,0.312293,0.187941,0.086046"
EDUCATIONxINCOME,"EDUCATIONxINCOME :: Postgraduate | Less than $30,000",MADEUPTOPICb_W45,4,"0.459888,0.287790,0.170510,0.081812"
EDUCATIONxINCOME,EDUCATIONxINCOME :: Postgraduate | Refused,MADEUPTOPICb_W45,4,"0.408351,0.287311,0.185502,0.118837"
EDUCATIONxINCOME,"EDUCATIONxINCOME :: Some college, no degree | $100,000 or more",MADEUPTOPICb_W45,4,"0.406640,0.304559,0.196638,0.092162"
EDUCATIONxINCOME,"EDUCATIONxINCOME :: Some college, no degree | $30,000-$50,000",MADEUPTOPICb_W45,4,"0.385646,0.312306,0.214644,0.087404"
EDUCATIONxINCOME,"EDUCATIONxINCOME :: Some college, no degree | $50,000-$75,000",MADEUPTOPICb_W45,4,"0.366902,0.328889,0.215690,0.088519"
EDUCATIONxINCOME,"EDUCATIONxINCOME :: Some college, no degree | $75,000-$100,000",MADEUPTOPICb_W45,4,"0.382417,0.317035,0.203100,0.097448"
EDUCATIONxINCOME,"EDUCATIONxINCOME :: Some college, no degree | Less than $30,000",MADEUPTOPICb_W45,4,"0.405186,0.313103,0.186963,0.094748"
EDUCATIONxINCOME,"EDUCATIONxINCOME :: Some college, no degree | Refused",MADEUPTOPICb_W45,4,"0.421977,0.294587,0.175906,0.107529"
EDUCATIONxINCOME,"EDUCATIONxINCOME :: Associate's degree | $100,000 or more",MADEUPTOPICc_W45,4,"0.397907,0.324762,0.193924,0.083406"
EDUCATIONxINCOME,"EDUCATIONxINCOME :: Associate's degree | $30,000-$50,000",MADEUPTOPICc_W45,4,"0.343288,0.340616,0.225134,0.090962"
EDUCATIONxINCOME,"EDUCATIONxINCOME :: Associate's degree | $50,000-$75,000",MADEUPTOPICc_W45,4,"0.324911,0.365308,0.218135,0.091645"
EDUCATIONxINCOME,"EDUCATIONxINCOME :: Associate's degree | $75,000-$100,000",MADEUPTOPICc_W45,4,"0.335188,0.359604,0.211400,0.093808"
EDUCATIONxINCOME,"EDUCATIONxINCOME :: Associate's degree | Less than $30,000",MADEUPTOPICc_W45,4,"0.366671,0.344455,0.193222,0.095652"
EDUCATIONxINCOME,"EDUCATIONxINCOME :: College graduate/some postgrad | $100,000 or more",MADEUPTOPICc_W45,4,"0.385608,0.340298,0.193896,0.080199"
EDUCATIONxINCOME,"EDUCATIONxINCOME :: College graduate/some postgrad | $30,000-$50,000",MADEUPTOPICc_W45,4,"0.353220,0.350472,0.219320,0.076988"
EDUCATIONxINCOME,"EDUCATIONxINCOME :: College graduate/some postgrad | $50,000-$75,000",MADEUPTOPICc_W45,4,"0.330692,0.371807,0.215185,0.082316"
EDUCATIONxINCOME,"EDUCATIONxINCOME :: College graduate/some postgrad | $75,000-$100,000",MADEUPTOPICc_W45,4,"0.348186,0.359239,0.207912,0.084663"
EDUCATIONxINCOME,"EDUCATIONxINCOME :: College graduate/some postgrad | Less than $30,000",MADEUPTOPICc_W45,4,"0.371212,0.348721,0.192582,0.087484"
EDUCATIONxINCOME,EDUCATIONxINCOME :: College graduate/some postgrad | Refused,MADEUPTOPICc_W45,4,"0.358548,0.323921,0.201127,0.116404"
EDUCATIONxINCOME,"EDUCATIONxINCOME :: High school graduate | $100,000 or more",MADEUPTOPICc_W45,4,"0.357779,0.349491,0.202270,0.090461"
EDUCATIONxINCOME,"EDUCATIONxINCOME :: High school graduate | $30,000-$50,000",MADEUPTOPICc_W45,4,"0.331928,0.361714,0.221112,0.085246"
EDUCATIONxINCOME,"EDUCATIONxINCOME :: High school graduate | $50,000-$75,000",MADEUPTOPICc_W45,4,"0.321205,0.384433,0.215647,0.078715"
EDUCATIONxINCOME,"EDUCATIONxINCOME :: High school graduate | $75,000-$100,000",MADEUPTOPICc_W45,4,"0.329624,0.373513,0.209522,0.087342"
EDUCATIONxINCOME,"EDUCATIONxINCOME :: High school graduate | Less than $30,000",MADEUPTOPICc_W45,4,"0.358462,0.364107,0.188896,0.088534"
EDUCATIONxINCOME,EDUCATIONxINCOME :: High school graduate | Refused,MADEUPTOPICc_W45,4,"0.342668,0.332125,0.203024,0.122182"
EDUCATIONxINCOME,"EDUCATIONxINCOME :: Less than high school | $30,000-$50,000",MADEUPTOPICc_W45,4,"0.331365,0.344566,0.231330,0.092739"
EDUCATIONxINCOME,"EDUCATIONxINCOME :: Less than high school | Less than $30,000",MADEUPTOPICc_W45,4,"0.359268,0.350946,0.195331,0.094456"
EDUCATIONxINCOME,"EDUCATIONxINCOME :: Postgraduate | $100,000 or more",MADEUPTOPICc_W45,4,"0.398514,0.338215,0.181033,0.082238"
EDUCATIONxINCOME,"EDUCATIONxINCOME :: Postgraduate | $30,000-$50,000",MADEUPTOPICc_W45,4,"0.352829,0.341973,0.217372,0.087826"
EDUCATIONxINCOME,"EDUCATIONxINCOME :: Postgraduate | $50,000-$75,000",MADEUPTOPICc_W45,4,"0.338128,0.362758,0.211595,0.087519"
EDUCATIONxINCOME,"EDUCATIONxINCOME :: Postgraduate | $75,000-$100,000",MADEUPTOPICc_W45,4,"0.349714,0.355221,0.202399,0.092665"
EDUCATIONxINCOME,"EDUCATIONxINCOME :: Postgraduate | Less than $30,000",MADEUPTOPICc_W45,4,"0.413976,0.332639,0.171228,0.082156"
EDUCATIONxINCOME,EDUCATIONxINCOME :: Postgraduate | Refused,MADEUPTOPICc_W45,4,"0.374067,0.312544,0.188092,0.125297"
EDUCATIONxINCOME,"EDUCATIONxINCOME :: Some college, no degree | $100,000 or more",MADEUPTOPICc_W45,4,"0.358154,0.339094,0.204070,0.098682"
EDUCATIONxINCOME,"EDUCATIONxINCOME :: Some college, no degree | $30,000-$50,000",MADEUPTOPICc_W45,4,"0.329351,0.345157,0.228135,0.097356"
EDUCATIONxINCOME,"EDUCATIONxINCOME :: Some college, no degree | $50,000-$75,000",MADEUPTOPICc_W45,4,"0.316363,0.361298,0.224335,0.098005"
EDUCATIONxINCOME,"EDUCATIONxINCOME :: Some college, no degree | $75,000-$100,000",MADEUPTOPICc_W45,4,"0.325150,0.354329,0.216597,0.103924"
EDUCATIONxINCOME,"EDUCATIONxINCOME :: Some college, no degree | Less than $30,000",MADEUPTOPICc_W45,4,"0.361162,0.352795,0.188838,0.097205"
EDUCATIONxINCOME,"EDUCATIONxINCOME :: Some college, no degree | Refused",MADEUPTOPICc_W45,4,"0.404608,0.322582,0.164759,0.108051"
EDUCATIONxINCOME,"EDUCATIONxINCOME :: Associate's degree | $100,000 or more",MAN1B_W29,4,"0.332483,0.209694,0.275638,0.182185"
EDUCATIONxINCOME,"EDUCATIONxINCOME :: Associate's degree | $30,000-$50,000",MAN1B_W29,4,"0.258151,0.235049,0.304176,0.202625"
EDUCATIONxINCOME,"EDUCATIONxINCOME :: Associate's degree | $50,000-$75,000",MAN1B_W29,4,"0.248182,0.236817,0.318672,0.196328"
EDUCATIONxINCOME,"EDUCATIONxINCOME :: Associate's degree | $75,000-$100,000",MAN1B_W29,4,"0.252519,0.229921,0.299874,0.217685"
EDUCATIONxINCOME,"EDUCATIONxINCOME :: Associate's degree | Less than $30,000",MAN1B_W29,4,"0.264528,0.214221,0.270801,0.250450"
EDUCATIONxINCOME,"EDUCATIONxINCOME :: College graduate/some postgrad | $100,000 or more",MAN1B_W29,4,"0.288732,0.230198,0.288732,0.192337"
EDUCATIONxINCOME,"EDUCATIONxINCOME :: College graduate/some postgrad | $30,000-$50,000",MAN1B_W29,4,"0.255699,0.247832,0.310851,0.185618"
EDUCATIONxINCOME,"EDUCATIONxINCOME :: College graduate/some postgrad | $50,000-$75,000",MAN1B_W29,4,"0.241696,0.245502,0.330360,0.182442"
EDUCATIONxINCOME,"EDUCATIONxINCOME :: College graduate/some postgrad | $75,000-$100,000",MAN1B_W29,4,"0.246471,0.235184,0.314012,0.204332"
EDUCATIONxINCOME,"EDUCATIONxINCOME :: College graduate/some postgrad | Less than $30,000",MAN1B_W29,4,"0.247763,0.218650,0.289665,0.243922"
EDUCATIONxINCOME,EDUCATIONxINCOME :: College graduate/some postgrad | Refused,MAN1B_W29,4,"0.264816,0.226509,0.290843,0.217832"
EDUCATIONxINCOME,"EDUCATIONxINCOME :: High school graduate | $100,000 or more",MAN1B_W29,4,"0.288417,0.242871,0.283945,0.184767"
EDUCATIONxINCOME,"EDUCATIONxINCOME :: High school graduate | $30,000-$50,000",MAN1B_W29,4,"0.246633,0.250517,0.316683,0.186168"
EDUCATIONxINCOME,"EDUCATIONxINCOME :: High school graduate | $50,000-$75,000",MAN1B_W29,4,"0.241649,0.243544,0.343452,0.171355"
EDUCATIONxINCOME,"EDUCATIONxINCOME :: High school graduate | $75,000-$100,000",MAN1B_W29,4,"0.247717,0.247717,0.313144,0.191421"
EDUCATIONxINCOME,"EDUCATIONxINCOME :: High school graduate | Less than $30,000",MAN1B_W29,4,"0.251187,0.226929,0.291382,0.230502"
EDUCATIONxINCOME,"EDUCATIONxINCOME :: Less than high school | Less than $30,000",MAN1B_W29,4,"0.254284,0.217500,0.283674,0.244542"
EDUCATIONxINCOME,"EDUCATIONxINCOME :: Postgraduate | $100,000 or more",MAN1B_W29,4,"0.315870,0.236575,0.261865,0.185690"
EDUCATIONxINCOME,"EDUCATIONxINCOME :: Postgraduate | $30,000-$50,000",MAN1B_W29,4,"0.261274,0.245444,0.296062,0.197220"
EDUCATIONxINCOME,"EDUCATIONxINCOME :: Postgraduate | $50,000-$75,000",MAN1B_W29,4,"0.259044,0.251074,0.307622,0.182260"
EDUCATIONxINCOME,"EDUCATIONxINCOME :: Postgraduate | $75,000-$100,000",MAN1B_W29,4,"0.261309,0.239790,0.293797,0.205104"
EDUCATIONxINCOME,"EDUCATIONxINCOME :: Postgraduate | Less than $30,000",MAN1B_W29,4,"0.284098,0.217826,0.260703,0.237373"
EDUCATIONxINCOME,EDUCATIONxINCOME :: Postgraduate | Refused,MAN1B_W29,4,"0.296874,0.236689,0.255922,0.210515"
EDUCATIONxINCOME,"EDUCATIONxINCOME :: Some college, no degree | $100,000 or more",MAN1B_W29,4,"0.303553,0.247753,0.261679,0.187014"
EDUCATIONxINCOME,"EDUCATIONxINCOME :: Some college, no degree | $30,000-$50,000",MAN1B_W29,4,"0.257951,0.251975,0.292296,0.197778"
EDUCATIONxINCOME,"EDUCATIONxINCOME :: Some college, no degree | $50,000-$75,000",MAN1B_W29,4,"0.252835,0.254818,0.307369,0.184978"
EDUCATIONxINCOME,"EDUCATIONxINCOME :: Some college, no degree | $75,000-$100,000",MAN1B_W29,4,"0.257011,0.245242,0.291232,0.206514"
EDUCATIONxINCOME,"EDUCATIONxINCOME :: Some college, no degree | Less than $30,000",MAN1B_W29,4,"0.266504,0.231543,0.268594,0.233359"
EDUCATIONxINCOME,"EDUCATIONxINCOME :: Some college, no degree | Refused",MAN1B_W29,4,"0.291267,0.228618,0.255042,0.225074"
EDUCATIONxINCOME,"EDUCATIONxINCOME :: Associate's degree | $100,000 or more",MAR2_W50,2,"0.626124,0.373876"
EDUCATIONxINCOME,"EDUCATIONxINCOME :: Associate's degree | $30,000-$50,000",MAR2_W50,2,"0.554470,0.445530"
EDUCATIONxINCOME,"EDUCATIONxINCOME :: Associate's degree | $50,000-$75,000",MAR2_W50,2,"0.531209,0.468791"
EDUCATIONxINCOME,"EDUCATIONxINCOME :: Associate's degree | $75,000-$100,000",MAR2_W50,2,"0.538983,0.461017"
EDUCATIONxINCOME,"EDUCATIONxINCOME :: Associate's degree | Less than $30,000",MAR2_W50,2,"0.430147,0.569853"
EDUCATIONxINCOME,EDUCATIONxINCOME :: Associate's degree | Refused,MAR2_W50,2,"0.422505,0.577495"
EDUCATIONxINCOME,"EDUCATIONxINCOME :: College graduate/some postgrad | $100,000 or more",MAR2_W50,2,"0.566019,0.433981"
EDUCATIONxINCOME,"EDUCATIONxINCOME :: College graduate/some postgrad | $30,000-$50,000",MAR2_W50,2,"0.581303,0.418697"
EDUCATIONxINCOME,"EDUCATIONxINCOME :: College graduate/some postgrad | $50,000-$75,000",MAR2_W50,2,"0.554470,0.445530"
EDUCATIONxINCOME,"EDUCATIONxINCOME :: College graduate/some postgrad | $75,000-$100,000",MAR2_W50,2,"0.558327,0.441673"
EDUCATIONxINCOME,"EDUCATIONxINCOME :: College graduate/some postgrad | Less than $30,000",MAR2_W50,2,"0.445530,0.554470"
EDUCATIONxINCOME,EDUCATIONxINCOME :: College graduate/some postgrad | Refused,MAR2_W50,2,"0.441673,0.558327"
EDUCATIONxINCOME,"EDUCATIONxINCOME :: High school graduate | $100,000 or more",MAR2_W50,2,"0.535098,0.464902"
EDUCATIONxINCOME,"EDUCATIONxINCOME :: High school graduate | $30,000-$50,000",MAR2_W50,2,"0.546738,0.453262"
EDUCATIONxINCOME,"EDUCATIONxINCOME :: High school graduate | $50,000-$75,000",MAR2_W50,2,"0.554470,0.445530"
EDUCATIONxINCOME,"EDUCATIONxINCOME :: High school graduate | $75,000-$100,000",MAR2_W50,2,"0.527317,0.472683"
EDUCATIONxINCOME,"EDUCATIONxINCOME :: High school graduate | Less than $30,000",MAR2_W50,2,"0.407333,0.592667"
EDUCATIONxINCOME,EDUCATIONxINCOME :: High school graduate | Refused,MAR2_W50,2,"0.420600,0.579400"
EDUCATIONxINCOME,"EDUCATIONxINCOME :: Less than high school | $30,000-$50,000",MAR2_W50,2,"0.535098,0.464902"
EDUCATIONxINCOME,"EDUCATIONxINCOME :: Less than high school | Less than $30,000",MAR2_W50,2,"0.399812,0.600188"
EDUCATIONxINCOME,"EDUCATIONxINCOME :: Postgraduate | $100,000 or more",MAR2_W50,2,"0.542863,0.457137"
EDUCATIONxINCOME,"EDUCATIONxINCOME :: Postgraduate | $30,000-$50,000",MAR2_W50,2,"0.538983,0.461017"
EDUCATIONxINCOME,"EDUCATIONxINCOME :: Postgraduate | $50,000-$75,000",MAR2_W50,2,"0.523420,0.476580"
EDUCATIONxINCOME,"EDUCATIONxINCOME :: Postgraduate | $75,000-$100,000",MAR2_W50,2,"0.531209,0.468791"
EDUCATIONxINCOME,"EDUCATIONxINCOME :: Postgraduate | Less than $30,000",MAR2_W50,2,"0.396068,0.603932"
EDUCATIONxINCOME,EDUCATIONxINCOME :: Postgraduate | Refused,MAR2_W50,2,"0.414899,0.585101"
EDUCATIONxINCOME,"EDUCATIONxINCOME :: Some college, no degree | $100,000 or more",MAR2_W50,2,"0.515620,0.484380"
EDUCATIONxINCOME,"EDUCATIONxINCOME :: Some college, no degree | $30,000-$50,000",MAR2_W50,2,"0.515620,0.484380"
EDUCATIONxINCOME,"EDUCATIONxINCOME :: Some college, no degree | $50,000-$75,000",MAR2_W50,2,"0.503906,0.496094"
EDUCATIONxINCOME,"EDUCATIONxINCOME :: Some college, no degree | $75,000-$100,000",MAR2_W50,2,"0.507812,0.492188"
EDUCATIONxINCOME,"EDUCATIONxINCOME :: Some college, no degree | Less than $30,000",MAR2_W50,2,"0.399812,0.600188"
EDUCATIONxINCOME,"EDUCATIONxINCOME :: Some college, no degree | Refused",MAR2_W50,2,"0.322526,0.677474"
EDUCATIONxINCOME,"EDUCATIONxINCOME :: Associate's degree | $100,000 or more",MASC2_W29,4,"0.417393,0.269489,0.192595,0.120523"
EDUCATIONxINCOME,"EDUCATIONxINCOME :: Associate's degree | $30,000-$50,000",MASC2_W29,4,"0.286494,0.317120,0.248911,0.147475"
EDUCATIONxINCOME,"EDUCATIONxINCOME :: Associate's degree | $50,000-$75,000",MASC2_W29,4,"0.261745,0.354979,0.242075,0.141201"
EDUCATIONxINCOME,"EDUCATIONxINCOME :: Associate's degree | $75,000-$100,000",MASC2_W29,4,"0.284904,0.317833,0.236193,0.161070"
EDUCATIONxINCOME,"EDUCATIONxINCOME :: Associate's degree | Less than $30,000",MASC2_W29,4,"0.281761,0.264690,0.250604,0.202945"
EDUCATIONxINCOME,"EDUCATIONxINCOME :: College graduate/some postgrad | $100,000 or more",MASC2_W29,4,"0.327189,0.307365,0.221387,0.144059"
EDUCATIONxINCOME,"EDUCATIONxINCOME :: College graduate/some postgrad | $30,000-$50,000",MASC2_W29,4,"0.266892,0.340029,0.246835,0.146245"
EDUCATIONxINCOME,"EDUCATIONxINCOME :: College graduate/some postgrad | $50,000-$75,000",MASC2_W29,4,"0.238439,0.369301,0.249882,0.142378"
EDUCATIONxINCOME,"EDUCATIONxINCOME :: College graduate/some postgrad | $75,000-$100,000",MASC2_W29,4,"0.264847,0.327042,0.244943,0.163167"
EDUCATIONxINCOME,"EDUCATIONxINCOME :: College graduate/some postgrad | Less than $30,000",MASC2_W29,4,"0.252221,0.272716,0.264325,0.210738"
EDUCATIONxINCOME,EDUCATIONxINCOME :: College graduate/some postgrad | Refused,MASC2_W29,4,"0.269194,0.271306,0.243197,0.216304"
EDUCATIONxINCOME,"EDUCATIONxINCOME :: High school graduate | $100,000 or more",MASC2_W29,4,"0.311591,0.306760,0.226191,0.155458"
EDUCATIONxINCOME,"EDUCATIONxINCOME :: High school graduate | $30,000-$50,000",MASC2_W29,4,"0.248036,0.336386,0.257916,0.157661"
EDUCATIONxINCOME,"EDUCATIONxINCOME :: High school graduate | $50,000-$75,000",MASC2_W29,4,"0.236683,0.375275,0.249987,0.138056"
EDUCATIONxINCOME,"EDUCATIONxINCOME :: High school graduate | $75,000-$100,000",MASC2_W29,4,"0.257428,0.338383,0.241831,0.162358"
EDUCATIONxINCOME,"EDUCATIONxINCOME :: High school graduate | Less than $30,000",MASC2_W29,4,"0.245605,0.278307,0.267645,0.208442"
EDUCATIONxINCOME,"EDUCATIONxINCOME :: Less than high school | Less than $30,000",MASC2_W29,4,"0.255161,0.249251,0.263261,0.232327"
EDUCATIONxINCOME,"EDUCATIONxINCOME :: Postgraduate | $100,000 or more",MASC2_W29,4,"0.347293,0.283452,0.209005,0.160250"
EDUCATIONxINCOME,"EDUCATIONxINCOME :: Postgraduate | $30,000-$50,000",MASC2_W29,4,"0.267376,0.310161,0.251176,0.171287"
EDUCATIONxINCOME,"EDUCATIONxINCOME :: Postgraduate | $50,000-$75,000",MASC2_W29,4,"0.257448,0.346434,0.239968,0.156150"
EDUCATIONxINCOME,"EDUCATIONxINCOME :: Postgraduate | $75,000-$100,000",MASC2_W29,4,"0.280844,0.313304,0.232828,0.173023"
EDUCATIONxINCOME,"EDUCATIONxINCOME :: Postgraduate | Less than $30,000",MASC2_W29,4,"0.286201,0.239130,0.242896,0.231773"
EDUCATIONxINCOME,EDUCATIONxINCOME :: Postgraduate | Refused,MASC2_W29,4,"0.282405,0.249222,0.228699,0.239674"
EDUCATIONxINCOME,"EDUCATIONxINCOME :: Some college, no degree | $100,000 or more",MASC2_W29,4,"0.302060,0.297377,0.229795,0.170769"
EDUCATIONxINCOME,"EDUCATIONxINCOME :: Some college, no degree | $30,000-$50,000",MASC2_W29,4,"0.251612,0.313136,0.259599,0.175653"
EDUCATIONxINCOME,"EDUCATIONxINCOME :: Some college, no degree | $50,000-$75,000",MASC2_W29,4,"0.239434,0.345664,0.252893,0.162009"
EDUCATIONxINCOME,"EDUCATIONxINCOME :: Some college, no degree | $75,000-$100,000",MASC2_W29,4,"0.256041,0.316168,0.246232,0.181560"
EDUCATIONxINCOME,"EDUCATIONxINCOME :: Some college, no degree | Less than $30,000",MASC2_W29,4,"0.246448,0.268563,0.262342,0.222647"
EDUCATIONxINCOME,"EDUCATIONxINCOME :: Some college, no degree | Refused",MASC2_W29,4,"0.271431,0.254986,0.241416,0.232167"
EDUCATIONxINCOME,"EDUCATIONxINCOME :: Associate's degree | $100,000 or more",MED4A_W34,2,"0.692642,0.307358"
EDUCATIONxINCOME,"EDUCATIONxINCOME :: Associate's degree | $30,000-$50,000",MED4A_W34,2,"0.672332,0.327668"
EDUCATIONxINCOME,"EDUCATIONxINCOME :: Associate's degree | $50,000-$75,000",MED4A_W34,2,"0.646014,0.353986"
EDUCATIONxINCOME,"EDUCATIONxINCOME :: Associate's degree | $75,000-$100,000",MED4A_W34,2,"0.647798,0.352202"
EDUCATIONxINCOME,"EDUCATIONxINCOME :: Associate's degree | Less than $30,000",MED4A_W34,2,"0.605799,0.394201"
EDUCATIONxINCOME,"EDUCATIONxINCOME :: College graduate/some postgrad | $100,000 or more",MED4A_W34,2,"0.672332,0.327668"
EDUCATIONxINCOME,"EDUCATIONxINCOME :: College graduate/some postgrad | $30,000-$50,000",MED4A_W34,2,"0.680879,0.319121"
EDUCATIONxINCOME,"EDUCATIONxINCOME :: College graduate/some postgrad | $50,000-$75,000",MED4A_W34,2,"0.663669,0.336331"
EDUCATIONxINCOME,"EDUCATIONxINCOME :: College graduate/some postgrad | $75,000-$100,000",MED4A_W34,2,"0.667148,0.332852"
EDUCATIONxINCOME,"EDUCATIONxINCOME :: College graduate/some postgrad | Less than $30,000",MED4A_W34,2,"0.618780,0.381220"
EDUCATIONxINCOME,"EDUCATIONxINCOME :: High school graduate | $100,000 or more",MED4A_W34,2,"0.633410,0.366590"
EDUCATIONxINCOME,"EDUCATIONxINCOME :: High school graduate | $30,000-$50,000",MED4A_W34,2,"0.647798,0.352202"
EDUCATIONxINCOME,"EDUCATIONxINCOME :: High school graduate | $50,000-$75,000",MED4A_W34,2,"0.649579,0.350421"
EDUCATIONxINCOME,"EDUCATIONxINCOME :: High school graduate | $75,000-$100,000",MED4A_W34,2,"0.638835,0.361165"
EDUCATIONxINCOME,"EDUCATIONxINCOME :: High school graduate | Less than $30,000",MED4A_W34,2,"0.598312,0.401688"
EDUCATIONxINCOME,"EDUCATIONxINCOME :: Less than high school | Less than $30,000",MED4A_W34,2,"0.594551,0.405449"
EDUCATIONxINCOME,"EDUCATIONxINCOME :: Postgraduate | $100,000 or more",MED4A_W34,2,"0.642432,0.357568"
EDUCATIONxINCOME,"EDUCATIONxINCOME :: Postgraduate | $30,000-$50,000",MED4A_W34,2,"0.640636,0.359364"
EDUCATIONxINCOME,"EDUCATIONxINCOME :: Postgraduate | $50,000-$75,000",MED4A_W34,2,"0.629775,0.370225"
EDUCATIONxINCOME,"EDUCATIONxINCOME :: Postgraduate | $75,000-$100,000",MED4A_W34,2,"0.638835,0.361165"
EDUCATIONxINCOME,"EDUCATIONxINCOME :: Postgraduate | Less than $30,000",MED4A_W34,2,"0.594551,0.405449"
EDUCATIONxINCOME,"EDUCATIONxINCOME :: Some college, no degree | $100,000 or more",MED4A_W34,2,"0.611382,0.388618"
EDUCATIONxINCOME,"EDUCATIONxINCOME :: Some college, no degree | $30,000-$50,000",MED4A_W34,2,"0.624294,0.375706"
EDUCATIONxINCOME,"EDUCATIONxINCOME :: Some college, no degree | $50,000-$75,000",MED4A_W34,2,"0.607663,0.392337"
EDUCATIONxINCOME,"EDUCATIONxINCOME :: Some college, no degree | $75,000-$100,000",MED4A_W34,2,"0.618780,0.381220"
EDUCATIONxINCOME,"EDUCATIONxINCOME :: Some college, no degree | Less than $30,000",MED4A_W34,2,"0.586996,0.413004"
EDUCATIONxINCOME,"EDUCATIONxINCOME :: Associate's degree | $100,000 or more",MED6C_W34,4,"0.416589,0.235518,0.192224,0.155668"
EDUCATIONxINCOME,"EDUCATIONxINCOME :: Associate's degree | $30,000-$50,000",MED6C_W34,4,"0.374409,0.249410,0.220104,0.156077"
EDUCATIONxINCOME,"EDUCATIONxINCOME :: Associate's degree | $50,000-$75,000",MED6C_W34,4,"0.353762,0.282044,0.204742,0.159453"
EDUCATIONxINCOME,"EDUCATIONxINCOME :: Associate's degree | $75,000-$100,000",MED6C_W34,4,"0.365556,0.280282,0.213227,0.140935"
EDUCATIONxINCOME,"EDUCATIONxINCOME :: Associate's degree | Less than $30,000",MED6C_W34,4,"0.394887,0.261004,0.189469,0.154640"
EDUCATIONxINCOME,"EDUCATIONxINCOME :: College graduate/some postgrad | $100,000 or more",MED6C_W34,4,"0.382058,0.254505,0.212647,0.150789"
EDUCATIONxINCOME,"EDUCATIONxINCOME :: College graduate/some postgrad | $30,000-$50,000",MED6C_W34,4,"0.361100,0.244332,0.236815,0.157753"
EDUCATIONxINCOME,"EDUCATIONxINCOME :: College graduate/some postgrad | $50,000-$75,000",MED6C_W34,4,"0.351953,0.276251,0.216832,0.154963"
EDUCATIONxINCOME,"EDUCATIONxINCOME :: College graduate/some postgrad | $75,000-$100,000",MED6C_W34,4,"0.366041,0.272019,0.227280,0.134659"
EDUCATIONxINCOME,"EDUCATIONxINCOME :: College graduate/some postgrad | Less than $30,000",MED6C_W34,4,"0.378891,0.260408,0.207615,0.153086"
EDUCATIONxINCOME,"EDUCATIONxINCOME :: High school graduate | $100,000 or more",MED6C_W34,4,"0.368042,0.279992,0.198544,0.153423"
EDUCATIONxINCOME,"EDUCATIONxINCOME :: High school graduate | $30,000-$50,000",MED6C_W34,4,"0.368314,0.267367,0.213164,0.151156"
EDUCATIONxINCOME,"EDUCATIONxINCOME :: High school graduate | $50,000-$75,000",MED6C_W34,4,"0.349935,0.287849,0.205716,0.156501"
EDUCATIONxINCOME,"EDUCATIONxINCOME :: High school graduate | $75,000-$100,000",MED6C_W34,4,"0.365639,0.298426,0.203509,0.132426"
EDUCATIONxINCOME,"EDUCATIONxINCOME :: High school graduate | Less than $30,000",MED6C_W34,4,"0.385463,0.279816,0.184947,0.149775"
EDUCATIONxINCOME,"EDUCATIONxINCOME :: Less than high school | Less than $30,000",MED6C_W34,4,"0.371137,0.271529,0.213126,0.144208"
EDUCATIONxINCOME,"EDUCATIONxINCOME :: Postgraduate | $100,000 or more",MED6C_W34,4,"0.404299,0.267225,0.186553,0.141922"
EDUCATIONxINCOME,"EDUCATIONxINCOME :: Postgraduate | $30,000-$50,000",MED6C_W34,4,"0.376704,0.258905,0.218020,0.146371"
EDUCATIONxINCOME,"EDUCATIONxINCOME :: Postgraduate | $50,000-$75,000",MED6C_W34,4,"0.362002,0.286367,0.203065,0.148565"
EDUCATIONxINCOME,"EDUCATIONxINCOME :: Postgraduate | $75,000-$100,000",MED6C_W34,4,"0.374422,0.282629,0.208397,0.134551"
EDUCATIONxINCOME,"EDUCATIONxINCOME :: Postgraduate | Less than $30,000",MED6C_W34,4,"0.407525,0.253038,0.189517,0.149920"
EDUCATIONxINCOME,"EDUCATIONxINCOME :: Some college, no degree | $100,000 or more",MED6C_W34,4,"0.365733,0.269675,0.203561,0.161030"
EDUCATIONxINCOME,"EDUCATIONxINCOME :: Some college, no degree | $30,000-$50,000",MED6C_W34,4,"0.356350,0.256669,0.221263,0.165718"
EDUCATIONxINCOME,"EDUCATIONxINCOME :: Some college, no degree | $50,000-$75,000",MED6C_W34,4,"0.341009,0.282707,0.210090,0.166195"
EDUCATIONxINCOME,"EDUCATIONxINCOME :: Some college, no degree | $75,000-$100,000",MED6C_W34,4,"0.351862,0.280529,0.215089,0.152521"
EDUCATIONxINCOME,"EDUCATIONxINCOME :: Some college, no degree | Less than $30,000",MED6C_W34,4,"0.378179,0.270273,0.190161,0.161387"
EDUCATIONxINCOME,"EDUCATIONxINCOME :: Associate's degree | $100,000 or more",MESUM2_FB_W29,2,"0.778649,0.221351"
EDUCATIONxINCOME,"EDUCATIONxINCOME :: Associate's degree | $30,000-$50,000",MESUM2_FB_W29,2,"0.663669,0.336331"
EDUCATIONxINCOME,"EDUCATIONxINCOME :: Associate's degree | $50,000-$75,000",MESUM2_FB_W29,2,"0.699254,0.300746"
EDUCATIONxINCOME,"EDUCATIONxINCOME :: Associate's degree | $75,000-$100,000",MESUM2_FB_W29,2,"0.689306,0.310694"
EDUCATIONxINCOME,"EDUCATIONxINCOME :: Associate's degree | Less than $30,000",MESUM2_FB_W29,2,"0.620622,0.379378"
EDUCATIONxINCOME,"EDUCATIONxINCOME :: College graduate/some postgrad | $100,000 or more",MESUM2_FB_W29,2,"0.740174,0.259826"
EDUCATIONxINCOME,"EDUCATIONxINCOME :: College graduate/some postgrad | $30,000-$50,000",MESUM2_FB_W29,2,"0.661923,0.338077"
EDUCATIONxINCOME,"EDUCATIONxINCOME :: College graduate/some postgrad | $50,000-$75,000",MESUM2_FB_W29,2,"0.690976,0.309024"
EDUCATIONxINCOME,"EDUCATIONxINCOME :: College graduate/some postgrad | $75,000-$100,000",MESUM2_FB_W29,2,"0.685949,0.314051"
EDUCATIONxINCOME,"EDUCATIONxINCOME :: College graduate/some postgrad | Less than $30,000",MESUM2_FB_W29,2,"0.609524,0.390476"
EDUCATIONxINCOME,EDUCATIONxINCOME :: College graduate/some postgrad | Refused,MESUM2_FB_W29,2,"0.603932,0.396068"
EDUCATIONxINCOME,"EDUCATIONxINCOME :: High school graduate | $100,000 or more",MESUM2_FB_W29,2,"0.724870,0.275130"
EDUCATIONxINCOME,"EDUCATIONxINCOME :: High school graduate | $30,000-$50,000",MESUM2_FB_W29,2,"0.649579,0.350421"
EDUCATIONxINCOME,"EDUCATIONxINCOME :: High school graduate | $50,000-$75,000",MESUM2_FB_W29,2,"0.712232,0.287768"
EDUCATIONxINCOME,"EDUCATIONxINCOME :: High school graduate | $75,000-$100,000",MESUM2_FB_W29,2,"0.680879,0.319121"
EDUCATIONxINCOME,"EDUCATIONxINCOME :: High school graduate | Less than $30,000",MESUM2_FB_W29,2,"0.600188,0.399812"
EDUCATIONxINCOME,"EDUCATIONxINCOME :: Less than high school | Less than $30,000",MESUM2_FB_W29,2,"0.575588,0.424412"
EDUCATIONxINCOME,"EDUCATIONxINCOME :: Postgraduate | $100,000 or more",MESUM2_FB_W29,2,"0.763484,0.236516"
EDUCATIONxINCOME,"EDUCATIONxINCOME :: Postgraduate | $30,000-$50,000",MESUM2_FB_W29,2,"0.658418,0.341583"
EDUCATIONxINCOME,"EDUCATIONxINCOME :: Postgraduate | $50,000-$75,000",MESUM2_FB_W29,2,"0.699254,0.300746"
EDUCATIONxINCOME,"EDUCATIONxINCOME :: Postgraduate | $75,000-$100,000",MESUM2_FB_W29,2,"0.699254,0.300746"
EDUCATIONxINCOME,"EDUCATIONxINCOME :: Postgraduate | Less than $30,000",MESUM2_FB_W29,2,"0.624294,0.375706"
EDUCATIONxINCOME,EDUCATIONxINCOME :: Postgraduate | Refused,MESUM2_FB_W29,2,"0.602062,0.397938"
EDUCATIONxINCOME,"EDUCATIONxINCOME :: Some college, no degree | $100,000 or more",MESUM2_FB_W29,2,"0.679179,0.320821"
EDUCATIONxINCOME,"EDUCATIONxINCOME :: Some college, no degree | $30,000-$50,000",MESUM2_FB_W29,2,"0.609524,0.390476"
EDUCATIONxINCOME,"EDUCATIONxINCOME :: Some college, no degree | $50,000-$75,000",MESUM2_FB_W29,2,"0.640636,0.359364"
EDUCATIONxINCOME,"EDUCATIONxINCOME :: Some college, no degree | $75,000-$100,000",MESUM2_FB_W29,2,"0.638835,0.361165"
EDUCATIONxINCOME,"EDUCATIONxINCOME :: Some college, no degree | Less than $30,000",MESUM2_FB_W29,2,"0.575588,0.424412"
EDUCATIONxINCOME,"EDUCATIONxINCOME :: Some college, no degree | Refused",MESUM2_FB_W29,2,"0.523420,0.476580"
EDUCATIONxINCOME,"EDUCATIONxINCOME :: Associate's degree | $100,000 or more",MESUM2_FE_W29,2,"0.904651,0.095349"
EDUCATIONxINCOME,"EDUCATIONxINCOME :: Associate's degree | $30,000-$50,000",MESUM2_FE_W29,2,"0.862468,0.137532"
EDUCATIONxINCOME,"EDUCATIONxINCOME :: Associate's degree | $50,000-$75,000",MESUM2_FE_W29,2,"0.870597,0.129403"
EDUCATIONxINCOME,"EDUCATIONxINCOME :: Associate's degree | $75,000-$100,000",MESUM2_FE_W29,2,"0.882428,0.117572"
EDUCATIONxINCOME,"EDUCATIONxINCOME :: Associate's degree | Less than $30,000",MESUM2_FE_W29,2,"0.850965,0.149035"
EDUCATIONxINCOME,"EDUCATIONxINCOME :: College graduate/some postgrad | $100,000 or more",MESUM2_FE_W29,2,"0.899121,0.100879"
EDUCATIONxINCOME,"EDUCATIONxINCOME :: College graduate/some postgrad | $30,000-$50,000",MESUM2_FE_W29,2,"0.857768,0.142232"
EDUCATIONxINCOME,"EDUCATIONxINCOME :: College graduate/some postgrad | $50,000-$75,000",MESUM2_FE_W29,2,"0.868827,0.131173"
EDUCATIONxINCOME,"EDUCATIONxINCOME :: College graduate/some postgrad | $75,000-$100,000",MESUM2_FE_W29,2,"0.883236,0.116764"
EDUCATIONxINCOME,"EDUCATIONxINCOME :: College graduate/some postgrad | Less than $30,000",MESUM2_FE_W29,2,"0.841826,0.158174"
EDUCATIONxINCOME,EDUCATIONxINCOME :: College graduate/some postgrad | Refused,MESUM2_FE_W29,2,"0.764892,0.235108"
EDUCATIONxINCOME,"EDUCATIONxINCOME :: High school graduate | $100,000 or more",MESUM2_FE_W29,2,"0.881615,0.118385"
EDUCATIONxINCOME,"EDUCATIONxINCOME :: High school graduate | $30,000-$50,000",MESUM2_FE_W29,2,"0.862468,0.137532"
EDUCATIONxINCOME,"EDUCATIONxINCOME :: High school graduate | $50,000-$75,000",MESUM2_FE_W29,2,"0.878314,0.121686"
EDUCATIONxINCOME,"EDUCATIONxINCOME :: High school graduate | $75,000-$100,000",MESUM2_FE_W29,2,"0.877477,0.122523"
EDUCATIONxINCOME,"EDUCATIONxINCOME :: High school graduate | Less than $30,000",MESUM2_FE_W29,2,"0.838680,0.161320"
EDUCATIONxINCOME,"EDUCATIONxINCOME :: Less than high school | Less than $30,000",MESUM2_FE_W29,2,"0.811676,0.188324"
EDUCATIONxINCOME,"EDUCATIONxINCOME :: Postgraduate | $100,000 or more",MESUM2_FE_W29,2,"0.905322,0.094678"
EDUCATIONxINCOME,"EDUCATIONxINCOME :: Postgraduate | $30,000-$50,000",MESUM2_FE_W29,2,"0.852935,0.147065"
EDUCATIONxINCOME,"EDUCATIONxINCOME :: Postgraduate | $50,000-$75,000",MESUM2_FE_W29,2,"0.862468,0.137532"
EDUCATIONxINCOME,"EDUCATIONxINCOME :: Postgraduate | $75,000-$100,000",MESUM2_FE_W29,2,"0.881615,0.118385"
EDUCATIONxINCOME,"EDUCATIONxINCOME :: Postgraduate | Less than $30,000",MESUM2_FE_W29,2,"0.849971,0.150029"
EDUCATIONxINCOME,EDUCATIONxINCOME :: Postgraduate | Refused,MESUM2_FE_W29,2,"0.747616,0.252384"
EDUCATIONxINCOME,"EDUCATIONxINCOME :: Some college, no degree | $100,000 or more",MESUM2_FE_W29,2,"0.821044,0.178956"
EDUCATIONxINCOME,"EDUCATIONxINCOME :: Some college, no degree | $30,000-$50,000",MESUM2_FE_W29,2,"0.786623,0.213377"
EDUCATIONxINCOME,"EDUCATIONxINCOME :: Some college, no degree | $50,000-$75,000",MESUM2_FE_W29,2,"0.791821,0.208179"
EDUCATIONxINCOME,"EDUCATIONxINCOME :: Some college, no degree | $75,000-$100,000",MESUM2_FE_W29,2,"0.806853,0.193147"
EDUCATIONxINCOME,"EDUCATIONxINCOME :: Some college, no degree | Less than $30,000",MESUM2_FE_W29,2,"0.778649,0.221351"
EDUCATIONxINCOME,"EDUCATIONxINCOME :: Some college, no degree | Refused",MESUM2_FE_W29,2,"0.692642,0.307358"
EDUCATIONxINCOME,"EDUCATIONxINCOME :: Associate's degree | $100,000 or more",MOREWMN2F2_W36,3,"0.927397,0.022679,0.049924"
EDUCATIONxINCOME,"EDUCATIONxINCOME :: Associate's degree | $30,000-$50,000",MOREWMN2F2_W36,3,"0.930364,0.019159,0.050477"
EDUCATIONxINCOME,"EDUCATIONxINCOME :: Associate's degree | $50,000-$75,000",MOREWMN2F2_W36,3,"0.935552,0.020349,0.044100"
EDUCATIONxINCOME,"EDUCATIONxINCOME :: Associate's degree | $75,000-$100,000",MOREWMN2F2_W36,3,"0.941547,0.018357,0.040096"
EDUCATIONxINCOME,"EDUCATIONxINCOME :: Associate's degree | Less than $30,000",MOREWMN2F2_W36,3,"0.928849,0.020361,0.050790"
EDUCATIONxINCOME,"EDUCATIONxINCOME :: College graduate/some postgrad | $100,000 or more",MOREWMN2F2_W36,3,"0.941262,0.016069,0.042669"
EDUCATIONxINCOME,"EDUCATIONxINCOME :: College graduate/some postgrad | $30,000-$50,000",MOREWMN2F2_W36,3,"0.934274,0.016979,0.048747"
EDUCATIONxINCOME,"EDUCATIONxINCOME :: College graduate/some postgrad | $50,000-$75,000",MOREWMN2F2_W36,3,"0.944290,0.016121,0.039589"
EDUCATIONxINCOME,"EDUCATIONxINCOME :: College graduate/some postgrad | $75,000-$100,000",MOREWMN2F2_W36,3,"0.949452,0.014304,0.036243"
EDUCATIONxINCOME,"EDUCATIONxINCOME :: College graduate/some postgrad | Less than $30,000",MOREWMN2F2_W36,3,"0.938912,0.015781,0.045307"
EDUCATIONxINCOME,EDUCATIONxINCOME :: College graduate/some postgrad | Refused,MOREWMN2F2_W36,3,"0.875475,0.027064,0.097461"
EDUCATIONxINCOME,"EDUCATIONxINCOME :: High school graduate | $100,000 or more",MOREWMN2F2_W36,3,"0.929132,0.020850,0.050018"
EDUCATIONxINCOME,"EDUCATIONxINCOME :: High school graduate | $30,000-$50,000",MOREWMN2F2_W36,3,"0.942074,0.016209,0.041716"
EDUCATIONxINCOME,"EDUCATIONxINCOME :: High school graduate | $50,000-$75,000",MOREWMN2F2_W36,3,"0.943660,0.017694,0.038646"
EDUCATIONxINCOME,"EDUCATIONxINCOME :: High school graduate | $75,000-$100,000",MOREWMN2F2_W36,3,"0.946866,0.016420,0.036714"
EDUCATIONxINCOME,"EDUCATIONxINCOME :: High school graduate | Less than $30,000",MOREWMN2F2_W36,3,"0.938508,0.017597,0.043895"
EDUCATIONxINCOME,"EDUCATIONxINCOME :: Less than high school | Less than $30,000",MOREWMN2F2_W36,3,"0.918691,0.022118,0.059191"
EDUCATIONxINCOME,"EDUCATIONxINCOME :: Postgraduate | $100,000 or more",MOREWMN2F2_W36,3,"0.932936,0.019514,0.047550"
EDUCATIONxINCOME,"EDUCATIONxINCOME :: Postgraduate | $30,000-$50,000",MOREWMN2F2_W36,3,"0.927501,0.020173,0.052326"
EDUCATIONxINCOME,"EDUCATIONxINCOME :: Postgraduate | $50,000-$75,000",MOREWMN2F2_W36,3,"0.928083,0.022344,0.049572"
EDUCATIONxINCOME,"EDUCATIONxINCOME :: Postgraduate | $75,000-$100,000",MOREWMN2F2_W36,3,"0.935159,0.019714,0.045126"
EDUCATIONxINCOME,"EDUCATIONxINCOME :: Postgraduate | Less than $30,000",MOREWMN2F2_W36,3,"0.919390,0.023197,0.057413"
EDUCATIONxINCOME,EDUCATIONxINCOME :: Postgraduate | Refused,MOREWMN2F2_W36,3,"0.772796,0.053418,0.173786"
EDUCATIONxINCOME,"EDUCATIONxINCOME :: Some college, no degree | $100,000 or more",MOREWMN2F2_W36,3,"0.884932,0.036526,0.078542"
EDUCATIONxINCOME,"EDUCATIONxINCOME :: Some college, no degree | $30,000-$50,000",MOREWMN2F2_W36,3,"0.902398,0.028558,0.069044"
EDUCATIONxINCOME,"EDUCATIONxINCOME :: Some college, no degree | $50,000-$75,000",MOREWMN2F2_W36,3,"0.901357,0.033349,0.065294"
EDUCATIONxINCOME,"EDUCATIONxINCOME :: Some college, no degree | $75,000-$100,000",MOREWMN2F2_W36,3,"0.910025,0.029482,0.060493"
EDUCATIONxINCOME,"EDUCATIONxINCOME :: Some college, no degree | Less than $30,000",MOREWMN2F2_W36,3,"0.907963,0.028288,0.063749"
EDUCATIONxINCOME,"EDUCATIONxINCOME :: Some college, no degree | Refused",MOREWMN2F2_W36,3,"0.787689,0.058413,0.153898"
EDUCATIONxINCOME,"EDUCATIONxINCOME :: Associate's degree | $100,000 or more",MOVEURBAN_W32,3,"0.414220,0.374217,0.211563"
EDUCATIONxINCOME,"EDUCATIONxINCOME :: Associate's degree | $30,000-$50,000",MOVEURBAN_W32,3,"0.313054,0.421260,0.265686"
EDUCATIONxINCOME,"EDUCATIONxINCOME :: Associate's degree | $50,000-$75,000",MOVEURBAN_W32,3,"0.300865,0.451651,0.247484"
EDUCATIONxINCOME,"EDUCATIONxINCOME :: Associate's degree | $75,000-$100,000",MOVEURBAN_W32,3,"0.306296,0.445658,0.248046"
EDUCATIONxINCOME,"EDUCATIONxINCOME :: Associate's degree | Less than $30,000",MOVEURBAN_W32,3,"0.306161,0.390060,0.303779"
EDUCATIONxINCOME,"EDUCATIONxINCOME :: College graduate/some postgrad | $100,000 or more",MOVEURBAN_W32,3,"0.355625,0.409322,0.235054"
EDUCATIONxINCOME,"EDUCATIONxINCOME :: College graduate/some postgrad | $30,000-$50,000",MOVEURBAN_W32,3,"0.301665,0.432116,0.266219"
EDUCATIONxINCOME,"EDUCATIONxINCOME :: College graduate/some postgrad | $50,000-$75,000",MOVEURBAN_W32,3,"0.292712,0.456918,0.250370"
EDUCATIONxINCOME,"EDUCATIONxINCOME :: College graduate/some postgrad | $75,000-$100,000",MOVEURBAN_W32,3,"0.299405,0.442492,0.258103"
EDUCATIONxINCOME,"EDUCATIONxINCOME :: College graduate/some postgrad | Less than $30,000",MOVEURBAN_W32,3,"0.305510,0.374319,0.320172"
EDUCATIONxINCOME,EDUCATIONxINCOME :: College graduate/some postgrad | Refused,MOVEURBAN_W32,3,"0.348234,0.329702,0.322064"
EDUCATIONxINCOME,"EDUCATIONxINCOME :: High school graduate | $100,000 or more",MOVEURBAN_W32,3,"0.355113,0.393074,0.251813"
EDUCATIONxINCOME,"EDUCATIONxINCOME :: High school graduate | $30,000-$50,000",MOVEURBAN_W32,3,"0.317174,0.407260,0.275566"
EDUCATIONxINCOME,"EDUCATIONxINCOME :: High school graduate | $50,000-$75,000",MOVEURBAN_W32,3,"0.305558,0.441125,0.253317"
EDUCATIONxINCOME,"EDUCATIONxINCOME :: High school graduate | $75,000-$100,000",MOVEURBAN_W32,3,"0.309555,0.429774,0.260671"
EDUCATIONxINCOME,"EDUCATIONxINCOME :: High school graduate | Less than $30,000",MOVEURBAN_W32,3,"0.303092,0.374269,0.322640"
EDUCATIONxINCOME,"EDUCATIONxINCOME :: Less than high school | $30,000-$50,000",MOVEURBAN_W32,3,"0.316208,0.384412,0.299380"
EDUCATIONxINCOME,"EDUCATIONxINCOME :: Less than high school | Less than $30,000",MOVEURBAN_W32,3,"0.291428,0.354286,0.354286"
EDUCATIONxINCOME,"EDUCATIONxINCOME :: Postgraduate | $100,000 or more",MOVEURBAN_W32,3,"0.363289,0.392810,0.243901"
EDUCATIONxINCOME,"EDUCATIONxINCOME :: Postgraduate | $30,000-$50,000",MOVEURBAN_W32,3,"0.314017,0.400068,0.285916"
EDUCATIONxINCOME,"EDUCATIONxINCOME :: Postgraduate | $50,000-$75,000",MOVEURBAN_W32,3,"0.307474,0.433607,0.258919"
EDUCATIONxINCOME,"EDUCATIONxINCOME :: Postgraduate | $75,000-$100,000",MOVEURBAN_W32,3,"0.309057,0.422430,0.268513"
EDUCATIONxINCOME,"EDUCATIONxINCOME :: Postgraduate | Less than $30,000",MOVEURBAN_W32,3,"0.288187,0.350346,0.361467"
EDUCATIONxINCOME,"EDUCATIONxINCOME :: Some college, no degree | $100,000 or more",MOVEURBAN_W32,3,"0.354694,0.377569,0.267737"
EDUCATIONxINCOME,"EDUCATIONxINCOME :: Some college, no degree | $30,000-$50,000",MOVEURBAN_W32,3,"0.321503,0.378823,0.299674"
EDUCATIONxINCOME,"EDUCATIONxINCOME :: Some college, no degree | $50,000-$75,000",MOVEURBAN_W32,3,"0.313469,0.412048,0.274483"
EDUCATIONxINCOME,"EDUCATIONxINCOME :: Some college, no degree | $75,000-$100,000",MOVEURBAN_W32,3,"0.314017,0.400068,0.285916"
EDUCATIONxINCOME,"EDUCATIONxINCOME :: Some college, no degree | Less than $30,000",MOVEURBAN_W32,3,"0.300970,0.365887,0.333143"
EDUCATIONxINCOME,"EDUCATIONxINCOME :: Some college, no degree | Refused",MOVEURBAN_W32,3,"0.321328,0.288037,0.390635"
EDUCATIONxINCOME,"EDUCATIONxINCOME :: Associate's degree | $100,000 or more",NEIGHINTERB_W32,6,"0.257341,0.162303,0.176868,0.137745,0.143232,0.122513"
EDUCATIONxINCOME,"EDUCATIONxINCOME :: Associate's degree | $30,000-$50,000",NEIGHINTERB_W32,6,"0.169064,0.190084,0.205529,0.173073,0.142366,0.119884"
EDUCATIONxINCOME,"EDUCATIONxINCOME :: Associate's degree | $50,000-$75,000",NEIGHINTERB_W32,6,"0.165980,0.185164,0.230440,0.175310,0.137602,0.105503"
EDUCATIONxINCOME,"EDUCATIONxINCOME :: Associate's degree | $75,000-$100,000",NEIGHINTERB_W32,6,"0.179582,0.178184,0.192663,0.176798,0.145430,0.127343"
EDUCATIONxINCOME,"EDUCATIONxINCOME :: Associate's degree | Less than $30,000",NEIGHINTERB_W32,6,"0.168299,0.116577,0.131071,0.161851,0.212750,0.209451"
EDUCATIONxINCOME,"EDUCATIONxINCOME :: College graduate/some postgrad | $100,000 or more",NEIGHINTERB_W32,6,"0.202924,0.172219,0.177686,0.156807,0.151983,0.138382"
EDUCATIONxINCOME,"EDUCATIONxINCOME :: College graduate/some postgrad | $30,000-$50,000",NEIGHINTERB_W32,6,"0.158887,0.194673,0.205615,0.174503,0.143543,0.122779"
EDUCATIONxINCOME,"EDUCATIONxINCOME :: College graduate/some postgrad | $50,000-$75,000",NEIGHINTERB_W32,6,"0.159088,0.184546,0.226110,0.180271,0.141496,0.108489"
EDUCATIONxINCOME,"EDUCATIONxINCOME :: College graduate/some postgrad | $75,000-$100,000",NEIGHINTERB_W32,6,"0.170727,0.178920,0.194976,0.176146,0.148330,0.130901"
EDUCATIONxINCOME,"EDUCATIONxINCOME :: College graduate/some postgrad | Less than $30,000",NEIGHINTERB_W32,6,"0.155836,0.120421,0.136455,0.171152,0.208068,0.208068"
EDUCATIONxINCOME,EDUCATIONxINCOME :: College graduate/some postgrad | Refused,NEIGHINTERB_W32,6,"0.171143,0.128180,0.121359,0.139683,0.172485,0.267150"
EDUCATIONxINCOME,"EDUCATIONxINCOME :: High school graduate | $100,000 or more",NEIGHINTERB_W32,6,"0.202601,0.170607,0.184470,0.159023,0.149388,0.133911"
EDUCATIONxINCOME,"EDUCATIONxINCOME :: High school graduate | $30,000-$50,000",NEIGHINTERB_W32,6,"0.159496,0.182150,0.206403,0.182150,0.147510,0.122290"
EDUCATIONxINCOME,"EDUCATIONxINCOME :: High school graduate | $50,000-$75,000",NEIGHINTERB_W32,6,"0.160735,0.179313,0.239414,0.177918,0.139649,0.102971"
EDUCATIONxINCOME,"EDUCATIONxINCOME :: High school graduate | $75,000-$100,000",NEIGHINTERB_W32,6,"0.170863,0.176287,0.199759,0.177669,0.148448,0.126974"
EDUCATIONxINCOME,"EDUCATIONxINCOME :: High school graduate | Less than $30,000",NEIGHINTERB_W32,6,"0.153478,0.114055,0.137577,0.175278,0.213084,0.206528"
EDUCATIONxINCOME,"EDUCATIONxINCOME :: Less than high school | $30,000-$50,000",NEIGHINTERB_W32,6,"0.166556,0.177298,0.197790,0.177298,0.149300,0.131757"
EDUCATIONxINCOME,"EDUCATIONxINCOME :: Less than high school | Less than $30,000",NEIGHINTERB_W32,6,"0.157527,0.116153,0.133691,0.170327,0.210326,0.211976"
EDUCATIONxINCOME,"EDUCATIONxINCOME :: Postgraduate | $100,000 or more",NEIGHINTERB_W32,6,"0.218264,0.162200,0.163472,0.148843,0.157210,0.150011"
EDUCATIONxINCOME,"EDUCATIONxINCOME :: Postgraduate | $30,000-$50,000",NEIGHINTERB_W32,6,"0.174559,0.177308,0.190223,0.170515,0.149308,0.138087"
EDUCATIONxINCOME,"EDUCATIONxINCOME :: Postgraduate | $50,000-$75,000",NEIGHINTERB_W32,6,"0.174186,0.179716,0.210109,0.170151,0.143282,0.122555"
EDUCATIONxINCOME,"EDUCATIONxINCOME :: Postgraduate | $75,000-$100,000",NEIGHINTERB_W32,6,"0.183087,0.170656,0.180248,0.169328,0.152975,0.143707"
EDUCATIONxINCOME,"EDUCATIONxINCOME :: Postgraduate | Less than $30,000",NEIGHINTERB_W32,6,"0.159910,0.104871,0.121653,0.158665,0.236331,0.218570"
EDUCATIONxINCOME,EDUCATIONxINCOME :: Postgraduate | Refused,NEIGHINTERB_W32,6,"0.182514,0.121580,0.117840,0.133530,0.176898,0.267638"
EDUCATIONxINCOME,"EDUCATIONxINCOME :: Some college, no degree | $100,000 or more",NEIGHINTERB_W32,6,"0.221426,0.160738,0.158246,0.145215,0.149825,0.164550"
EDUCATIONxINCOME,"EDUCATIONxINCOME :: Some college, no degree | $30,000-$50,000",NEIGHINTERB_W32,6,"0.177886,0.173766,0.180688,0.164518,0.149795,0.153348"
EDUCATIONxINCOME,"EDUCATIONxINCOME :: Some college, no degree | $50,000-$75,000",NEIGHINTERB_W32,6,"0.178877,0.170685,0.204284,0.164146,0.144859,0.137149"
EDUCATIONxINCOME,"EDUCATIONxINCOME :: Some college, no degree | $75,000-$100,000",NEIGHINTERB_W32,6,"0.184857,0.164416,0.172306,0.167005,0.152059,0.159357"
EDUCATIONxINCOME,"EDUCATIONxINCOME :: Some college, no degree | Less than $30,000",NEIGHINTERB_W32,6,"0.162742,0.115401,0.118138,0.157735,0.207339,0.238645"
EDUCATIONxINCOME,"EDUCATIONxINCOME :: Some college, no degree | Refused",NEIGHINTERB_W32,6,"0.136597,0.086826,0.083500,0.111487,0.167362,0.414226"
EDUCATIONxINCOME,"EDUCATIONxINCOME :: Associate's degree | $100,000 or more",NEWSPROBa_W45,4,"0.642456,0.184067,0.098524,0.074953"
EDUCATIONxINCOME,"EDUCATIONxINCOME :: Associate's degree | $30,000-$50,000",NEWSPROBa_W45,4,"0.590517,0.208917,0.118111,0.082455"
EDUCATIONxINCOME,"EDUCATIONxINCOME :: Associate's degree | $50,000-$75,000",NEWSPROBa_W45,4,"0.562672,0.229123,0.124572,0.083634"
EDUCATIONxINCOME,"EDUCATIONxINCOME :: Associate's degree | $75,000-$100,000",NEWSPROBa_W45,4,"0.604997,0.209081,0.098763,0.087158"
EDUCATIONxINCOME,"EDUCATIONxINCOME :: Associate's degree | Less than $30,000",NEWSPROBa_W45,4,"0.603593,0.199044,0.104073,0.093290"
EDUCATIONxINCOME,"EDUCATIONxINCOME :: College graduate/some postgrad | $100,000 or more",NEWSPROBa_W45,4,"0.636640,0.182401,0.103120,0.077839"
EDUCATIONxINCOME,"EDUCATIONxINCOME :: College graduate/some postgrad | $30,000-$50,000",NEWSPROBa_W45,4,"0.591125,0.201120,0.125858,0.081897"
EDUCATIONxINCOME,"EDUCATIONxINCOME :: College graduate/some postgrad | $50,000-$75,000",NEWSPROBa_W45,4,"0.566905,0.220275,0.130509,0.082311"
EDUCATIONxINCOME,"EDUCATIONxINCOME :: College graduate/some postgrad | $75,000-$100,000",NEWSPROBa_W45,4,"0.616221,0.195423,0.102981,0.085374"
EDUCATIONxINCOME,"EDUCATIONxINCOME :: College graduate/some postgrad | Less than $30,000",NEWSPROBa_W45,4,"0.597635,0.194024,0.112292,0.096049"
EDUCATIONxINCOME,EDUCATIONxINCOME :: College graduate/some postgrad | Refused,NEWSPROBa_W45,4,"0.523345,0.209805,0.137593,0.129257"
EDUCATIONxINCOME,"EDUCATIONxINCOME :: High school graduate | $100,000 or more",NEWSPROBa_W45,4,"0.592563,0.211285,0.108760,0.087391"
EDUCATIONxINCOME,"EDUCATIONxINCOME :: High school graduate | $30,000-$50,000",NEWSPROBa_W45,4,"0.572697,0.220794,0.120044,0.086464"
EDUCATIONxINCOME,"EDUCATIONxINCOME :: High school graduate | $50,000-$75,000",NEWSPROBa_W45,4,"0.551005,0.236984,0.126849,0.085162"
EDUCATIONxINCOME,"EDUCATIONxINCOME :: High school graduate | $75,000-$100,000",NEWSPROBa_W45,4,"0.580583,0.225590,0.104093,0.089734"
EDUCATIONxINCOME,"EDUCATIONxINCOME :: High school graduate | Less than $30,000",NEWSPROBa_W45,4,"0.576239,0.213649,0.109977,0.100135"
EDUCATIONxINCOME,EDUCATIONxINCOME :: High school graduate | Refused,NEWSPROBa_W45,4,"0.490111,0.233328,0.141521,0.135040"
EDUCATIONxINCOME,"EDUCATIONxINCOME :: Less than high school | $30,000-$50,000",NEWSPROBa_W45,4,"0.554638,0.220620,0.136986,0.087756"
EDUCATIONxINCOME,"EDUCATIONxINCOME :: Less than high school | Less than $30,000",NEWSPROBa_W45,4,"0.563788,0.213990,0.121928,0.100295"
EDUCATIONxINCOME,"EDUCATIONxINCOME :: Postgraduate | $100,000 or more",NEWSPROBa_W45,4,"0.645461,0.184928,0.093717,0.075894"
EDUCATIONxINCOME,"EDUCATIONxINCOME :: Postgraduate | $30,000-$50,000",NEWSPROBa_W45,4,"0.584095,0.209899,0.120535,0.085472"
EDUCATIONxINCOME,"EDUCATIONxINCOME :: Postgraduate | $50,000-$75,000",NEWSPROBa_W45,4,"0.554561,0.229377,0.129678,0.086384"
EDUCATIONxINCOME,"EDUCATIONxINCOME :: Postgraduate | $75,000-$100,000",NEWSPROBa_W45,4,"0.593150,0.209848,0.103882,0.093120"
EDUCATIONxINCOME,"EDUCATIONxINCOME :: Postgraduate | Less than $30,000",NEWSPROBa_W45,4,"0.606722,0.192411,0.107093,0.093774"
EDUCATIONxINCOME,EDUCATIONxINCOME :: Postgraduate | Refused,NEWSPROBa_W45,4,"0.512683,0.218786,0.134790,0.133741"
EDUCATIONxINCOME,"EDUCATIONxINCOME :: Some college, no degree | $100,000 or more",NEWSPROBa_W45,4,"0.551305,0.224494,0.123013,0.101188"
EDUCATIONxINCOME,"EDUCATIONxINCOME :: Some college, no degree | $30,000-$50,000",NEWSPROBa_W45,4,"0.528752,0.229197,0.137933,0.104117"
EDUCATIONxINCOME,"EDUCATIONxINCOME :: Some college, no degree | $50,000-$75,000",NEWSPROBa_W45,4,"0.497021,0.251878,0.146919,0.104181"
EDUCATIONxINCOME,"EDUCATIONxINCOME :: Some college, no degree | $75,000-$100,000",NEWSPROBa_W45,4,"0.531873,0.236017,0.121491,0.110619"
EDUCATIONxINCOME,"EDUCATIONxINCOME :: Some college, no degree | Less than $30,000",NEWSPROBa_W45,4,"0.549933,0.222193,0.115272,0.112602"
EDUCATIONxINCOME,"EDUCATIONxINCOME :: Some college, no degree | Refused",NEWSPROBa_W45,4,"0.511705,0.214983,0.135588,0.137723"
EDUCATIONxINCOME,"EDUCATIONxINCOME :: Associate's degree | $100,000 or more",ORIENTATIONMOD_W50,4,"0.517751,0.220949,0.202754,0.058546"
EDUCATIONxINCOME,"EDUCATIONxINCOME :: Associate's degree | $30,000-$50,000",ORIENTATIONMOD_W50,4,"0.444731,0.259409,0.216745,0.079115"
EDUCATIONxINCOME,"EDUCATIONxINCOME :: Associate's degree | $50,000-$75,000",ORIENTATIONMOD_W50,4,"0.429385,0.275075,0.214228,0.081312"
EDUCATIONxINCOME,"EDUCATIONxINCOME :: Associate's degree | $75,000-$100,000",ORIENTATIONMOD_W50,4,"0.438601,0.266025,0.205568,0.089806"
EDUCATIONxINCOME,"EDUCATIONxINCOME :: Associate's degree | Less than $30,000",ORIENTATIONMOD_W50,4,"0.433070,0.262670,0.201396,0.102863"
EDUCATIONxINCOME,EDUCATIONxINCOME :: Associate's degree | Refused,ORIENTATIONMOD_W50,4,"0.352144,0.282955,0.208638,0.156263"
EDUCATIONxINCOME,"EDUCATIONxINCOME :: College graduate/some postgrad | $100,000 or more",ORIENTATIONMOD_W50,4,"0.458316,0.243410,0.214808,0.083466"
EDUCATIONxINCOME,"EDUCATIONxINCOME :: College graduate/some postgrad | $30,000-$50,000",ORIENTATIONMOD_W50,4,"0.415464,0.281117,0.224126,0.079293"
EDUCATIONxINCOME,"EDUCATIONxINCOME :: College graduate/some postgrad | $50,000-$75,000",ORIENTATIONMOD_W50,4,"0.401651,0.284813,0.225306,0.088231"
EDUCATIONxINCOME,"EDUCATIONxINCOME :: College graduate/some postgrad | $75,000-$100,000",ORIENTATIONMOD_W50,4,"0.404101,0.277734,0.221429,0.096735"
EDUCATIONxINCOME,"EDUCATIONxINCOME :: College graduate/some postgrad | Less than $30,000",ORIENTATIONMOD_W50,4,"0.392375,0.271790,0.213330,0.122505"
EDUCATIONxINCOME,EDUCATIONxINCOME :: College graduate/some postgrad | Refused,ORIENTATIONMOD_W50,4,"0.328530,0.283211,0.213779,0.174481"
EDUCATIONxINCOME,"EDUCATIONxINCOME :: High school graduate | $100,000 or more",ORIENTATIONMOD_W50,4,"0.443921,0.247079,0.212996,0.096005"
EDUCATIONxINCOME,"EDUCATIONxINCOME :: High school graduate | $30,000-$50,000",ORIENTATIONMOD_W50,4,"0.413848,0.273537,0.218083,0.094532"
EDUCATIONxINCOME,"EDUCATIONxINCOME :: High school graduate | $50,000-$75,000",ORIENTATIONMOD_W50,4,"0.408197,0.296319,0.215105,0.080379"
EDUCATIONxINCOME,"EDUCATIONxINCOME :: High school graduate | $75,000-$100,000",ORIENTATIONMOD_W50,4,"0.400852,0.286476,0.212891,0.099780"
EDUCATIONxINCOME,"EDUCATIONxINCOME :: High school graduate | Less than $30,000",ORIENTATIONMOD_W50,4,"0.392284,0.282551,0.198800,0.126365"
EDUCATIONxINCOME,EDUCATIONxINCOME :: High school graduate | Refused,ORIENTATIONMOD_W50,4,"0.317615,0.293746,0.213236,0.175403"
EDUCATIONxINCOME,"EDUCATIONxINCOME :: Less than high school | $30,000-$50,000",ORIENTATIONMOD_W50,4,"0.391059,0.262545,0.229892,0.116504"
EDUCATIONxINCOME,"EDUCATIONxINCOME :: Less than high school | Less than $30,000",ORIENTATIONMOD_W50,4,"0.387084,0.268125,0.202391,0.142400"
EDUCATIONxINCOME,"EDUCATIONxINCOME :: Postgraduate | $100,000 or more",ORIENTATIONMOD_W50,4,"0.461558,0.223195,0.214645,0.100602"
EDUCATIONxINCOME,"EDUCATIONxINCOME :: Postgraduate | $30,000-$50,000",ORIENTATIONMOD_W50,4,"0.411338,0.253418,0.225395,0.109849"
EDUCATIONxINCOME,"EDUCATIONxINCOME :: Postgraduate | $50,000-$75,000",ORIENTATIONMOD_W50,4,"0.402498,0.270224,0.222280,0.104998"
EDUCATIONxINCOME,"EDUCATIONxINCOME :: Postgraduate | $75,000-$100,000",ORIENTATIONMOD_W50,4,"0.412042,0.259871,0.215441,0.112646"
EDUCATIONxINCOME,"EDUCATIONxINCOME :: Postgraduate | Less than $30,000",ORIENTATIONMOD_W50,4,"0.415635,0.252096,0.199424,0.132845"
EDUCATIONxINCOME,EDUCATIONxINCOME :: Postgraduate | Refused,ORIENTATIONMOD_W50,4,"0.321662,0.264592,0.206065,0.207681"
EDUCATIONxINCOME,"EDUCATIONxINCOME :: Some college, no degree | $100,000 or more",ORIENTATIONMOD_W50,4,"0.388932,0.259084,0.228641,0.123343"
EDUCATIONxINCOME,"EDUCATIONxINCOME :: Some college, no degree | $30,000-$50,000",ORIENTATIONMOD_W50,4,"0.353299,0.281674,0.239054,0.125973"
EDUCATIONxINCOME,"EDUCATIONxINCOME :: Some college, no degree | $50,000-$75,000",ORIENTATIONMOD_W50,4,"0.340776,0.296071,0.241646,0.121507"
EDUCATIONxINCOME,"EDUCATIONxINCOME :: Some college, no degree | $75,000-$100,000",ORIENTATIONMOD_W50,4,"0.344016,0.287436,0.232773,0.135775"
EDUCATIONxINCOME,"EDUCATIONxINCOME :: Some college, no degree | Less than $30,000",ORIENTATIONMOD_W50,4,"0.334518,0.283902,0.215981,0.165599"
EDUCATIONxINCOME,"EDUCATIONxINCOME :: Some college, no degree | Refused",ORIENTATIONMOD_W50,4,"0.279079,0.254104,0.202590,0.264227"
EDUCATIONxINCOME,"EDUCATIONxINCOME :: Associate's degree | $100,000 or more",PEACESTR_W92,2,"0.515620,0.484380"
EDUCATIONxINCOME,"EDUCATIONxINCOME :: Associate's degree | $30,000-$50,000",PEACESTR_W92,2,"0.455199,0.544801"
EDUCATIONxINCOME,"EDUCATIONxINCOME :: Associate's degree | $50,000-$75,000",PEACESTR_W92,2,"0.445530,0.554470"
EDUCATIONxINCOME,"EDUCATIONxINCOME :: Associate's degree | $75,000-$100,000",PEACESTR_W92,2,"0.447460,0.552540"
EDUCATIONxINCOME,"EDUCATIONxINCOME :: Associate's degree | Less than $30,000",PEACESTR_W92,2,"0.443600,0.556400"
EDUCATIONxINCOME,EDUCATIONxINCOME :: Associate's degree | Refused,PEACESTR_W92,2,"0.486332,0.513668"
EDUCATIONxINCOME,"EDUCATIONxINCOME :: College graduate/some postgrad | $100,000 or more",PEACESTR_W92,2,"0.515620,0.484380"
EDUCATIONxINCOME,"EDUCATIONxINCOME :: College graduate/some postgrad | $30,000-$50,000",PEACESTR_W92,2,"0.498047,0.501953"
EDUCATIONxINCOME,"EDUCATIONxINCOME :: College graduate/some postgrad | $50,000-$75,000",PEACESTR_W92,2,"0.486332,0.513668"
EDUCATIONxINCOME,"EDUCATIONxINCOME :: College graduate/some postgrad | $75,000-$100,000",PEACESTR_W92,2,"0.492188,0.507812"
EDUCATIONxINCOME,"EDUCATIONxINCOME :: College graduate/some postgrad | Less than $30,000",PEACESTR_W92,2,"0.480479,0.519521"
EDUCATIONxINCOME,EDUCATIONxINCOME :: College graduate/some postgrad | Refused,PEACESTR_W92,2,"0.519521,0.480479"
EDUCATIONxINCOME,"EDUCATIONxINCOME :: High school graduate | $100,000 or more",PEACESTR_W92,2,"0.503906,0.496094"
EDUCATIONxINCOME,"EDUCATIONxINCOME :: High school graduate | $30,000-$50,000",PEACESTR_W92,2,"0.474631,0.525369"
EDUCATIONxINCOME,"EDUCATIONxINCOME :: High school graduate | $50,000-$75,000",PEACESTR_W92,2,"0.478529,0.521471"
EDUCATIONxINCOME,"EDUCATIONxINCOME :: High school graduate | $75,000-$100,000",PEACESTR_W92,2,"0.476580,0.523420"
EDUCATIONxINCOME,"EDUCATIONxINCOME :: High school graduate | Less than $30,000",PEACESTR_W92,2,"0.464902,0.535098"
EDUCATIONxINCOME,EDUCATIONxINCOME :: High school graduate | Refused,PEACESTR_W92,2,"0.494141,0.505859"
EDUCATIONxINCOME,"EDUCATIONxINCOME :: Less than high school | $30,000-$50,000",PEACESTR_W92,2,"0.500000,0.500000"
EDUCATIONxINCOME,"EDUCATIONxINCOME :: Less than high school | $50,000-$75,000",PEACESTR_W92,2,"0.496094,0.503906"
EDUCATIONxINCOME,"EDUCATIONxINCOME :: Less than high school | Less than $30,000",PEACESTR_W92,2,"0.492188,0.507812"
EDUCATIONxINCOME,"EDUCATIONxINCOME :: Postgraduate | $100,000 or more",PEACESTR_W92,2,"0.529263,0.470737"
EDUCATIONxINCOME,"EDUCATIONxINCOME :: Postgraduate | $30,000-$50,000",PEACESTR_W92,2,"0.486332,0.513668"
EDUCATIONxINCOME,"EDUCATIONxINCOME :: Postgraduate | $50,000-$75,000",PEACESTR_W92,2,"0.488283,0.511717"
EDUCATIONxINCOME,"EDUCATIONxINCOME :: Postgraduate | $75,000-$100,000",PEACESTR_W92,2,"0.492188,0.507812"
EDUCATIONxINCOME,"EDUCATIONxINCOME :: Postgraduate | Less than $30,000",PEACESTR_W92,2,"0.486332,0.513668"
EDUCATIONxINCOME,EDUCATIONxINCOME :: Postgraduate | Refused,PEACESTR_W92,2,"0.515620,0.484380"
EDUCATIONxINCOME,"EDUCATIONxINCOME :: Some college, no degree | $100,000 or more",PEACESTR_W92,2,"0.505859,0.494141"
EDUCATIONxINCOME,"EDUCATIONxINCOME :: Some college, no degree | $30,000-$50,000",PEACESTR_W92,2,"0.482429,0.517571"
EDUCATIONxINCOME,"EDUCATIONxINCOME :: Some college, no degree | $50,000-$75,000",PEACESTR_W92,2,"0.480479,0.519521"
EDUCATIONxINCOME,"EDUCATIONxINCOME :: Some college, no degree | $75,000-$100,000",PEACESTR_W92,2,"0.484380,0.515620"
EDUCATIONxINCOME,"EDUCATIONxINCOME :: Some college, no degree | Less than $30,000",PEACESTR_W92,2,"0.476580,0.523420"
EDUCATIONxINCOME,"EDUCATIONxINCOME :: Some college, no degree | Refused",PEACESTR_W92,2,"0.515620,0.484380"
EDUCATIONxINCOME,"EDUCATIONxINCOME :: Associate's degree | $100,000 or more",POLINTOL2_b_W92,4,"0.405368,0.247797,0.185591,0.161244"
EDUCATIONxINCOME,"EDUCATIONxINCOME :: Associate's degree | $30,000-$50,000",POLINTOL2_b_W92,4,"0.314630,0.275500,0.231994,0.177876"
EDUCATIONxINCOME,"EDUCATIONxINCOME :: Associate's degree | $50,000-$75,000",POLINTOL2_b_W92,4,"0.310213,0.293704,0.228737,0.167347"
EDUCATIONxINCOME,"EDUCATIONxINCOME :: Associate's degree | $75,000-$100,000",POLINTOL2_b_W92,4,"0.312925,0.278321,0.221897,0.186856"
EDUCATIONxINCOME,"EDUCATIONxINCOME :: Associate's degree | Less than $30,000",POLINTOL2_b_W92,4,"0.286722,0.245246,0.234016,0.234016"
EDUCATIONxINCOME,EDUCATIONxINCOME :: Associate's degree | Refused,POLINTOL2_b_W92,4,"0.309605,0.254674,0.221265,0.214457"
EDUCATIONxINCOME,"EDUCATIONxINCOME :: College graduate/some postgrad | $100,000 or more",POLINTOL2_b_W92,4,"0.358375,0.252148,0.210678,0.178800"
EDUCATIONxINCOME,"EDUCATIONxINCOME :: College graduate/some postgrad | $30,000-$50,000",POLINTOL2_b_W92,4,"0.313727,0.281223,0.233142,0.171908"
EDUCATIONxINCOME,"EDUCATIONxINCOME :: College graduate/some postgrad | $50,000-$75,000",POLINTOL2_b_W92,4,"0.300404,0.293445,0.237639,0.168511"
EDUCATIONxINCOME,"EDUCATIONxINCOME :: College graduate/some postgrad | $75,000-$100,000",POLINTOL2_b_W92,4,"0.303498,0.272054,0.234525,0.189924"
EDUCATIONxINCOME,"EDUCATIONxINCOME :: College graduate/some postgrad | Less than $30,000",POLINTOL2_b_W92,4,"0.269997,0.242024,0.249707,0.238272"
EDUCATIONxINCOME,EDUCATIONxINCOME :: College graduate/some postgrad | Refused,POLINTOL2_b_W92,4,"0.304709,0.262675,0.226440,0.206176"
EDUCATIONxINCOME,"EDUCATIONxINCOME :: High school graduate | $100,000 or more",POLINTOL2_b_W92,4,"0.341595,0.266034,0.213764,0.178607"
EDUCATIONxINCOME,"EDUCATIONxINCOME :: High school graduate | $30,000-$50,000",POLINTOL2_b_W92,4,"0.294157,0.287343,0.240084,0.178415"
EDUCATIONxINCOME,"EDUCATIONxINCOME :: High school graduate | $50,000-$75,000",POLINTOL2_b_W92,4,"0.304552,0.309348,0.228099,0.158000"
EDUCATIONxINCOME,"EDUCATIONxINCOME :: High school graduate | $75,000-$100,000",POLINTOL2_b_W92,4,"0.298753,0.289561,0.229062,0.182624"
EDUCATIONxINCOME,"EDUCATIONxINCOME :: High school graduate | Less than $30,000",POLINTOL2_b_W92,4,"0.269809,0.257454,0.243752,0.228984"
EDUCATIONxINCOME,EDUCATIONxINCOME :: High school graduate | Refused,POLINTOL2_b_W92,4,"0.298514,0.276080,0.221837,0.203569"
EDUCATIONxINCOME,"EDUCATIONxINCOME :: Less than high school | $30,000-$50,000",POLINTOL2_b_W92,4,"0.283467,0.272608,0.252121,0.191804"
EDUCATIONxINCOME,"EDUCATIONxINCOME :: Less than high school | $50,000-$75,000",POLINTOL2_b_W92,4,"0.287967,0.290226,0.244395,0.177412"
EDUCATIONxINCOME,"EDUCATIONxINCOME :: Less than high school | Less than $30,000",POLINTOL2_b_W92,4,"0.260346,0.242669,0.254315,0.242669"
EDUCATIONxINCOME,"EDUCATIONxINCOME :: Postgraduate | $100,000 or more",POLINTOL2_b_W92,4,"0.355904,0.250410,0.207597,0.186089"
EDUCATIONxINCOME,"EDUCATIONxINCOME :: Postgraduate | $30,000-$50,000",POLINTOL2_b_W92,4,"0.298537,0.271821,0.239881,0.189761"
EDUCATIONxINCOME,"EDUCATIONxINCOME :: Postgraduate | $50,000-$75,000",POLINTOL2_b_W92,4,"0.300720,0.289199,0.236038,0.174043"
EDUCATIONxINCOME,"EDUCATIONxINCOME :: Postgraduate | $75,000-$100,000",POLINTOL2_b_W92,4,"0.302208,0.273022,0.228119,0.196651"
EDUCATIONxINCOME,"EDUCATIONxINCOME :: Postgraduate | Less than $30,000",POLINTOL2_b_W92,4,"0.277778,0.235747,0.241337,0.245138"
EDUCATIONxINCOME,EDUCATIONxINCOME :: Postgraduate | Refused,POLINTOL2_b_W92,4,"0.305580,0.259343,0.216689,0.218388"
EDUCATIONxINCOME,"EDUCATIONxINCOME :: Some college, no degree | $100,000 or more",POLINTOL2_b_W92,4,"0.329455,0.260620,0.217756,0.192169"
EDUCATIONxINCOME,"EDUCATIONxINCOME :: Some college, no degree | $30,000-$50,000",POLINTOL2_b_W92,4,"0.293421,0.273499,0.237620,0.195461"
EDUCATIONxINCOME,"EDUCATIONxINCOME :: Some college, no degree | $50,000-$75,000",POLINTOL2_b_W92,4,"0.290532,0.290532,0.237125,0.181810"
EDUCATIONxINCOME,"EDUCATIONxINCOME :: Some college, no degree | $75,000-$100,000",POLINTOL2_b_W92,4,"0.292654,0.274923,0.229707,0.202716"
EDUCATIONxINCOME,"EDUCATIONxINCOME :: Some college, no degree | Less than $30,000",POLINTOL2_b_W92,4,"0.265419,0.247398,0.239786,0.247398"
EDUCATIONxINCOME,"EDUCATIONxINCOME :: Some college, no degree | Refused",POLINTOL2_b_W92,4,"0.281924,0.235556,0.233723,0.248797"
EDUCATIONxINCOME,"EDUCATIONxINCOME :: Associate's degree | $100,000 or more",POP3_W42,2,"0.352202,0.647798"
EDUCATIONxINCOME,"EDUCATIONxINCOME :: Associate's degree | $30,000-$50,000",POP3_W42,2,"0.381220,0.618780"
EDUCATIONxINCOME,"EDUCATIONxINCOME :: Associate's degree | $50,000-$75,000",POP3_W42,2,"0.345105,0.654895"
EDUCATIONxINCOME,"EDUCATIONxINCOME :: Associate's degree | $75,000-$100,000",POP3_W42,2,"0.341583,0.658418"
EDUCATIONxINCOME,"EDUCATIONxINCOME :: Associate's degree | Less than $30,000",POP3_W42,2,"0.352202,0.647798"
EDUCATIONxINCOME,"EDUCATIONxINCOME :: College graduate/some postgrad | $100,000 or more",POP3_W42,2,"0.381220,0.618780"
EDUCATIONxINCOME,"EDUCATIONxINCOME :: College graduate/some postgrad | $30,000-$50,000",POP3_W42,2,"0.418697,0.581303"
EDUCATIONxINCOME,"EDUCATIONxINCOME :: College graduate/some postgrad | $50,000-$75,000",POP3_W42,2,"0.386763,0.613237"
EDUCATIONxINCOME,"EDUCATIONxINCOME :: College graduate/some postgrad | $75,000-$100,000",POP3_W42,2,"0.388618,0.611382"
EDUCATIONxINCOME,"EDUCATIONxINCOME :: College graduate/some postgrad | Less than $30,000",POP3_W42,2,"0.401688,0.598312"
EDUCATIONxINCOME,"EDUCATIONxINCOME :: High school graduate | $100,000 or more",POP3_W42,2,"0.370225,0.629775"
EDUCATIONxINCOME,"EDUCATIONxINCOME :: High school graduate | $30,000-$50,000",POP3_W42,2,"0.396068,0.603932"
EDUCATIONxINCOME,"EDUCATIONxINCOME :: High school graduate | $50,000-$75,000",POP3_W42,2,"0.352202,0.647798"
EDUCATIONxINCOME,"EDUCATIONxINCOME :: High school graduate | $75,000-$100,000",POP3_W42,2,"0.362969,0.637031"
EDUCATIONxINCOME,"EDUCATIONxINCOME :: High school graduate | Less than $30,000",POP3_W42,2,"0.372049,0.627951"
EDUCATIONxINCOME,EDUCATIONxINCOME :: High school graduate | Refused,POP3_W42,2,"0.414899,0.585101"
EDUCATIONxINCOME,"EDUCATIONxINCOME :: Less than high school | $30,000-$50,000",POP3_W42,2,"0.422505,0.577495"
EDUCATIONxINCOME,"EDUCATIONxINCOME :: Less than high school | Less than $30,000",POP3_W42,2,"0.392337,0.607663"
EDUCATIONxINCOME,"EDUCATIONxINCOME :: Postgraduate | $100,000 or more",POP3_W42,2,"0.368406,0.631594"
EDUCATIONxINCOME,"EDUCATIONxINCOME :: Postgraduate | $30,000-$50,000",POP3_W42,2,"0.407333,0.592667"
EDUCATIONxINCOME,"EDUCATIONxINCOME :: Postgraduate | $50,000-$75,000",POP3_W42,2,"0.377541,0.622459"
EDUCATIONxINCOME,"EDUCATIONxINCOME :: Postgraduate | $75,000-$100,000",POP3_W42,2,"0.373876,0.626124"
EDUCATIONxINCOME,"EDUCATIONxINCOME :: Postgraduate | Less than $30,000",POP3_W42,2,"0.373876,0.626124"
EDUCATIONxINCOME,"EDUCATIONxINCOME :: Some college, no degree | $100,000 or more",POP3_W42,2,"0.413004,0.586996"
EDUCATIONxINCOME,"EDUCATIONxINCOME :: Some college, no degree | $30,000-$50,000",POP3_W42,2,"0.443600,0.556400"
EDUCATIONxINCOME,"EDUCATIONxINCOME :: Some college, no degree | $50,000-$75,000",POP3_W42,2,"0.411111,0.588889"
EDUCATIONxINCOME,"EDUCATIONxINCOME :: Some college, no degree | $75,000-$100,000",POP3_W42,2,"0.411111,0.588889"
EDUCATIONxINCOME,"EDUCATIONxINCOME :: Some college, no degree | Less than $30,000",POP3_W42,2,"0.413004,0.586996"
EDUCATIONxINCOME,"EDUCATIONxINCOME :: Some college, no degree | Refused",POP3_W42,2,"0.441673,0.558327"
EDUCATIONxINCOME,"EDUCATIONxINCOME :: Associate's degree | $100,000 or more",POSNEGCO_W49,2,"0.592667,0.407333"
EDUCATIONxINCOME,"EDUCATIONxINCOME :: Associate's degree | $30,000-$50,000",POSNEGCO_W49,2,"0.552540,0.447460"
EDUCATIONxINCOME,"EDUCATIONxINCOME :: Associate's degree | $50,000-$75,000",POSNEGCO_W49,2,"0.525369,0.474631"
EDUCATIONxINCOME,"EDUCATIONxINCOME :: Associate's degree | $75,000-$100,000",POSNEGCO_W49,2,"0.519521,0.480479"
EDUCATIONxINCOME,"EDUCATIONxINCOME :: Associate's degree | Less than $30,000",POSNEGCO_W49,2,"0.470737,0.529263"
EDUCATIONxINCOME,"EDUCATIONxINCOME :: College graduate/some postgrad | $100,000 or more",POSNEGCO_W49,2,"0.560253,0.439747"
EDUCATIONxINCOME,"EDUCATIONxINCOME :: College graduate/some postgrad | $30,000-$50,000",POSNEGCO_W49,2,"0.567937,0.432063"
EDUCATIONxINCOME,"EDUCATIONxINCOME :: College graduate/some postgrad | $50,000-$75,000",POSNEGCO_W49,2,"0.535098,0.464902"
EDUCATIONxINCOME,"EDUCATIONxINCOME :: College graduate/some postgrad | $75,000-$100,000",POSNEGCO_W49,2,"0.529263,0.470737"
EDUCATIONxINCOME,"EDUCATIONxINCOME :: College graduate/some postgrad | Less than $30,000",POSNEGCO_W49,2,"0.474631,0.525369"
EDUCATIONxINCOME,"EDUCATIONxINCOME :: High school graduate | $100,000 or more",POSNEGCO_W49,2,"0.540924,0.459076"
EDUCATIONxINCOME,"EDUCATIONxINCOME :: High school graduate | $30,000-$50,000",POSNEGCO_W49,2,"0.525369,0.474631"
EDUCATIONxINCOME,"EDUCATIONxINCOME :: High school graduate | $50,000-$75,000",POSNEGCO_W49,2,"0.531209,0.468791"
EDUCATIONxINCOME,"EDUCATIONxINCOME :: High school graduate | $75,000-$100,000",POSNEGCO_W49,2,"0.509764,0.490236"
EDUCATIONxINCOME,"EDUCATIONxINCOME :: High school graduate | Less than $30,000",POSNEGCO_W49,2,"0.449393,0.550607"
EDUCATIONxINCOME,EDUCATIONxINCOME :: High school graduate | Refused,POSNEGCO_W49,2,"0.507812,0.492188"
EDUCATIONxINCOME,"EDUCATIONxINCOME :: Less than high school | $30,000-$50,000",POSNEGCO_W49,2,"0.525369,0.474631"
EDUCATIONxINCOME,"EDUCATIONxINCOME :: Less than high school | Less than $30,000",POSNEGCO_W49,2,"0.457137,0.542863"
EDUCATIONxINCOME,"EDUCATIONxINCOME :: Postgraduate | $100,000 or more",POSNEGCO_W49,2,"0.537041,0.462959"
EDUCATIONxINCOME,"EDUCATIONxINCOME :: Postgraduate | $30,000-$50,000",POSNEGCO_W49,2,"0.517571,0.482429"
EDUCATIONxINCOME,"EDUCATIONxINCOME :: Postgraduate | $50,000-$75,000",POSNEGCO_W49,2,"0.507812,0.492188"
EDUCATIONxINCOME,"EDUCATIONxINCOME :: Postgraduate | $75,000-$100,000",POSNEGCO_W49,2,"0.509764,0.490236"
EDUCATIONxINCOME,"EDUCATIONxINCOME :: Postgraduate | Less than $30,000",POSNEGCO_W49,2,"0.441673,0.558327"
EDUCATIONxINCOME,"EDUCATIONxINCOME :: Some college, no degree | $100,000 or more",POSNEGCO_W49,2,"0.521471,0.478529"
EDUCATIONxINCOME,"EDUCATIONxINCOME :: Some college, no degree | $30,000-$50,000",POSNEGCO_W49,2,"0.513668,0.486332"
EDUCATIONxINCOME,"EDUCATIONxINCOME :: Some college, no degree | $50,000-$75,000",POSNEGCO_W49,2,"0.494141,0.505859"
EDUCATIONxINCOME,"EDUCATIONxINCOME :: Some college, no degree | $75,000-$100,000",POSNEGCO_W49,2,"0.494141,0.505859"
EDUCATIONxINCOME,"EDUCATIONxINCOME :: Some college, no degree | Less than $30,000",POSNEGCO_W49,2,"0.447460,0.552540"
EDUCATIONxINCOME,"EDUCATIONxINCOME :: Some college, no degree | Refused",POSNEGCO_W49,2,"0.464902,0.535098"
EDUCATIONxINCOME,"EDUCATIONxINCOME :: Associate's degree | $100,000 or more",PQ2_F2A_W42,3,"0.591198,0.240739,0.168063"
EDUCATIONxINCOME,"EDUCATIONxINCOME :: Associate's degree | $30,000-$50,000",PQ2_F2A_W42,3,"0.425958,0.336961,0.237081"
EDUCATIONxINCOME,"EDUCATIONxINCOME :: Associate's degree | $50,000-$75,000",PQ2_F2A_W42,3,"0.424750,0.354892,0.220358"
EDUCATIONxINCOME,"EDUCATIONxINCOME :: Associate's degree | $75,000-$100,000",PQ2_F2A_W42,3,"0.458959,0.335782,0.205259"
EDUCATIONxINCOME,"EDUCATIONxINCOME :: Associate's degree | Less than $30,000",PQ2_F2A_W42,3,"0.363977,0.336624,0.299399"
EDUCATIONxINCOME,"EDUCATIONxINCOME :: College graduate/some postgrad | $100,000 or more",PQ2_F2A_W42,3,"0.534729,0.273113,0.192159"
EDUCATIONxINCOME,"EDUCATIONxINCOME :: College graduate/some postgrad | $30,000-$50,000",PQ2_F2A_W42,3,"0.443678,0.329713,0.226609"
EDUCATIONxINCOME,"EDUCATIONxINCOME :: College graduate/some postgrad | $50,000-$75,000",PQ2_F2A_W42,3,"0.427838,0.351930,0.220232"
EDUCATIONxINCOME,"EDUCATIONxINCOME :: College graduate/some postgrad | $75,000-$100,000",PQ2_F2A_W42,3,"0.460615,0.331769,0.207616"
EDUCATIONxINCOME,"EDUCATIONxINCOME :: College graduate/some postgrad | Less than $30,000",PQ2_F2A_W42,3,"0.353377,0.337195,0.309428"
EDUCATIONxINCOME,"EDUCATIONxINCOME :: High school graduate | $100,000 or more",PQ2_F2A_W42,3,"0.490196,0.297319,0.212484"
EDUCATIONxINCOME,"EDUCATIONxINCOME :: High school graduate | $30,000-$50,000",PQ2_F2A_W42,3,"0.400227,0.353200,0.246573"
EDUCATIONxINCOME,"EDUCATIONxINCOME :: High school graduate | $50,000-$75,000",PQ2_F2A_W42,3,"0.424297,0.357294,0.218409"
EDUCATIONxINCOME,"EDUCATIONxINCOME :: High school graduate | $75,000-$100,000",PQ2_F2A_W42,3,"0.429304,0.353136,0.217561"
EDUCATIONxINCOME,"EDUCATIONxINCOME :: High school graduate | Less than $30,000",PQ2_F2A_W42,3,"0.333089,0.349075,0.317836"
EDUCATIONxINCOME,EDUCATIONxINCOME :: High school graduate | Refused,PQ2_F2A_W42,3,"0.343803,0.333225,0.322973"
EDUCATIONxINCOME,"EDUCATIONxINCOME :: Less than high school | $30,000-$50,000",PQ2_F2A_W42,3,"0.394230,0.345199,0.260570"
EDUCATIONxINCOME,"EDUCATIONxINCOME :: Less than high school | Less than $30,000",PQ2_F2A_W42,3,"0.320427,0.335805,0.343768"
EDUCATIONxINCOME,"EDUCATIONxINCOME :: Postgraduate | $100,000 or more",PQ2_F2A_W42,3,"0.529541,0.272584,0.197875"
EDUCATIONxINCOME,"EDUCATIONxINCOME :: Postgraduate | $30,000-$50,000",PQ2_F2A_W42,3,"0.420068,0.334908,0.245024"
EDUCATIONxINCOME,"EDUCATIONxINCOME :: Postgraduate | $50,000-$75,000",PQ2_F2A_W42,3,"0.424117,0.348869,0.227014"
EDUCATIONxINCOME,"EDUCATIONxINCOME :: Postgraduate | $75,000-$100,000",PQ2_F2A_W42,3,"0.452963,0.331395,0.215643"
EDUCATIONxINCOME,"EDUCATIONxINCOME :: Postgraduate | Less than $30,000",PQ2_F2A_W42,3,"0.345257,0.309486,0.345257"
EDUCATIONxINCOME,"EDUCATIONxINCOME :: Some college, no degree | $100,000 or more",PQ2_F2A_W42,3,"0.453838,0.314364,0.231798"
EDUCATIONxINCOME,"EDUCATIONxINCOME :: Some college, no degree | $30,000-$50,000",PQ2_F2A_W42,3,"0.380454,0.351863,0.267683"
EDUCATIONxINCOME,"EDUCATIONxINCOME :: Some college, no degree | $50,000-$75,000",PQ2_F2A_W42,3,"0.382043,0.367407,0.250550"
EDUCATIONxINCOME,"EDUCATIONxINCOME :: Some college, no degree | $75,000-$100,000",PQ2_F2A_W42,3,"0.402527,0.355229,0.242245"
EDUCATIONxINCOME,"EDUCATIONxINCOME :: Some college, no degree | Less than $30,000",PQ2_F2A_W42,3,"0.316204,0.341898,0.341898"
EDUCATIONxINCOME,"EDUCATIONxINCOME :: Some college, no degree | Refused",PQ2_F2A_W42,3,"0.278696,0.261811,0.459493"
EDUCATIONxINCOME,"EDUCATIONxINCOME :: Associate's degree | $100,000 or more",PQ3_F2Cc_W42,2,"0.729520,0.270480"
EDUCATIONxINCOME,"EDUCATIONxINCOME :: Associate's degree | $30,000-$50,000",PQ3_F2Cc_W42,2,"0.651355,0.348645"
EDUCATIONxINCOME,"EDUCATIONxINCOME :: Associate's degree | $50,000-$75,000",PQ3_F2Cc_W42,2,"0.638835,0.361165"
EDUCATIONxINCOME,"EDUCATIONxINCOME :: Associate's degree | $75,000-$100,000",PQ3_F2Cc_W42,2,"0.653127,0.346873"
EDUCATIONxINCOME,"EDUCATIONxINCOME :: Associate's degree | Less than $30,000",PQ3_F2Cc_W42,2,"0.615088,0.384912"
EDUCATIONxINCOME,"EDUCATIONxINCOME :: College graduate/some postgrad | $100,000 or more",PQ3_F2Cc_W42,2,"0.654895,0.345105"
EDUCATIONxINCOME,"EDUCATIONxINCOME :: College graduate/some postgrad | $30,000-$50,000",PQ3_F2Cc_W42,2,"0.627951,0.372049"
EDUCATIONxINCOME,"EDUCATIONxINCOME :: College graduate/some postgrad | $50,000-$75,000",PQ3_F2Cc_W42,2,"0.622459,0.377541"
EDUCATIONxINCOME,"EDUCATIONxINCOME :: College graduate/some postgrad | $75,000-$100,000",PQ3_F2Cc_W42,2,"0.631594,0.368406"
EDUCATIONxINCOME,"EDUCATIONxINCOME :: College graduate/some postgrad | Less than $30,000",PQ3_F2Cc_W42,2,"0.586996,0.413004"
EDUCATIONxINCOME,"EDUCATIONxINCOME :: High school graduate | $100,000 or more",PQ3_F2Cc_W42,2,"0.651355,0.348645"
EDUCATIONxINCOME,"EDUCATIONxINCOME :: High school graduate | $30,000-$50,000",PQ3_F2Cc_W42,2,"0.633410,0.366590"
EDUCATIONxINCOME,"EDUCATIONxINCOME :: High school graduate | $50,000-$75,000",PQ3_F2Cc_W42,2,"0.646014,0.353986"
EDUCATIONxINCOME,"EDUCATIONxINCOME :: High school graduate | $75,000-$100,000",PQ3_F2Cc_W42,2,"0.642432,0.357568"
EDUCATIONxINCOME,"EDUCATIONxINCOME :: High school graduate | Less than $30,000",PQ3_F2Cc_W42,2,"0.603932,0.396068"
EDUCATIONxINCOME,EDUCATIONxINCOME :: High school graduate | Refused,PQ3_F2Cc_W42,2,"0.548674,0.451327"
EDUCATIONxINCOME,"EDUCATIONxINCOME :: Less than high school | $30,000-$50,000",PQ3_F2Cc_W42,2,"0.609524,0.390476"
EDUCATIONxINCOME,"EDUCATIONxINCOME :: Less than high school | Less than $30,000",PQ3_F2Cc_W42,2,"0.600188,0.399812"
EDUCATIONxINCOME,"EDUCATIONxINCOME :: Postgraduate | $100,000 or more",PQ3_F2Cc_W42,2,"0.675765,0.324235"
EDUCATIONxINCOME,"EDUCATIONxINCOME :: Postgraduate | $30,000-$50,000",PQ3_F2Cc_W42,2,"0.618780,0.381220"
EDUCATIONxINCOME,"EDUCATIONxINCOME :: Postgraduate | $50,000-$75,000",PQ3_F2Cc_W42,2,"0.620622,0.379378"
EDUCATIONxINCOME,"EDUCATIONxINCOME :: Postgraduate | $75,000-$100,000",PQ3_F2Cc_W42,2,"0.653127,0.346873"
EDUCATIONxINCOME,"EDUCATIONxINCOME :: Postgraduate | Less than $30,000",PQ3_F2Cc_W42,2,"0.618780,0.381220"
EDUCATIONxINCOME,"EDUCATIONxINCOME :: Some college, no degree | $100,000 or more",PQ3_F2Cc_W42,2,"0.616936,0.383064"
EDUCATIONxINCOME,"EDUCATIONxINCOME :: Some college, no degree | $30,000-$50,000",PQ3_F2Cc_W42,2,"0.581303,0.418697"
EDUCATIONxINCOME,"EDUCATIONxINCOME :: Some college, no degree | $50,000-$75,000",PQ3_F2Cc_W42,2,"0.581303,0.418697"
EDUCATIONxINCOME,"EDUCATIONxINCOME :: Some college, no degree | $75,000-$100,000",PQ3_F2Cc_W42,2,"0.600188,0.399812"
EDUCATIONxINCOME,"EDUCATIONxINCOME :: Some college, no degree | Less than $30,000",PQ3_F2Cc_W42,2,"0.583203,0.416797"
EDUCATIONxINCOME,"EDUCATIONxINCOME :: Some college, no degree | Refused",PQ3_F2Cc_W42,2,"0.567937,0.432063"
EDUCATIONxINCOME,"EDUCATIONxINCOME :: Associate's degree | $100,000 or more",PQ4_F2Ac_W42,4,"0.555395,0.202728,0.135046,0.106830"
EDUCATIONxINCOME,"EDUCATIONxINCOME :: Associate's degree | $30,000-$50,000",PQ4_F2Ac_W42,4,"0.419158,0.274891,0.176102,0.129849"
EDUCATIONxINCOME,"EDUCATIONxINCOME :: Associate's degree | $50,000-$75,000",PQ4_F2Ac_W42,4,"0.427446,0.263342,0.183842,0.125370"
EDUCATIONxINCOME,"EDUCATIONxINCOME :: Associate's degree | $75,000-$100,000",PQ4_F2Ac_W42,4,"0.443068,0.258440,0.157981,0.140511"
EDUCATIONxINCOME,"EDUCATIONxINCOME :: Associate's degree | Less than $30,000",PQ4_F2Ac_W42,4,"0.412462,0.246292,0.173288,0.167957"
EDUCATIONxINCOME,"EDUCATIONxINCOME :: College graduate/some postgrad | $100,000 or more",PQ4_F2Ac_W42,4,"0.488275,0.232454,0.154848,0.124424"
EDUCATIONxINCOME,"EDUCATIONxINCOME :: College graduate/some postgrad | $30,000-$50,000",PQ4_F2Ac_W42,4,"0.412471,0.283487,0.180195,0.123846"
EDUCATIONxINCOME,"EDUCATIONxINCOME :: College graduate/some postgrad | $50,000-$75,000",PQ4_F2Ac_W42,4,"0.404738,0.278172,0.192684,0.124406"
EDUCATIONxINCOME,"EDUCATIONxINCOME :: College graduate/some postgrad | $75,000-$100,000",PQ4_F2Ac_W42,4,"0.420235,0.269213,0.169790,0.140761"
EDUCATIONxINCOME,"EDUCATIONxINCOME :: College graduate/some postgrad | Less than $30,000",PQ4_F2Ac_W42,4,"0.378414,0.258056,0.190279,0.173251"
EDUCATIONxINCOME,"EDUCATIONxINCOME :: High school graduate | $100,000 or more",PQ4_F2Ac_W42,4,"0.452539,0.246041,0.171765,0.129655"
EDUCATIONxINCOME,"EDUCATIONxINCOME :: High school graduate | $30,000-$50,000",PQ4_F2Ac_W42,4,"0.371672,0.296323,0.197394,0.134611"
EDUCATIONxINCOME,"EDUCATIONxINCOME :: High school graduate | $50,000-$75,000",PQ4_F2Ac_W42,4,"0.403051,0.281375,0.196432,0.119142"
EDUCATIONxINCOME,"EDUCATIONxINCOME :: High school graduate | $75,000-$100,000",PQ4_F2Ac_W42,4,"0.395276,0.282491,0.182390,0.139843"
EDUCATIONxINCOME,"EDUCATIONxINCOME :: High school graduate | Less than $30,000",PQ4_F2Ac_W42,4,"0.362536,0.271527,0.198654,0.167283"
EDUCATIONxINCOME,EDUCATIONxINCOME :: High school graduate | Refused,PQ4_F2Ac_W42,4,"0.345094,0.281657,0.199725,0.173524"
EDUCATIONxINCOME,"EDUCATIONxINCOME :: Less than high school | $30,000-$50,000",PQ4_F2Ac_W42,4,"0.347006,0.292209,0.205594,0.155191"
EDUCATIONxINCOME,"EDUCATIONxINCOME :: Less than high school | Less than $30,000",PQ4_F2Ac_W42,4,"0.339366,0.264298,0.207450,0.188886"
EDUCATIONxINCOME,"EDUCATIONxINCOME :: Postgraduate | $100,000 or more",PQ4_F2Ac_W42,4,"0.479318,0.231783,0.156832,0.132066"
EDUCATIONxINCOME,"EDUCATIONxINCOME :: Postgraduate | $30,000-$50,000",PQ4_F2Ac_W42,4,"0.384576,0.283568,0.190379,0.141477"
EDUCATIONxINCOME,"EDUCATIONxINCOME :: Postgraduate | $50,000-$75,000",PQ4_F2Ac_W42,4,"0.394946,0.275717,0.197046,0.132290"
EDUCATIONxINCOME,"EDUCATIONxINCOME :: Postgraduate | $75,000-$100,000",PQ4_F2Ac_W42,4,"0.411565,0.267810,0.171566,0.149059"
EDUCATIONxINCOME,"EDUCATIONxINCOME :: Postgraduate | Less than $30,000",PQ4_F2Ac_W42,4,"0.393264,0.246098,0.190170,0.170467"
EDUCATIONxINCOME,"EDUCATIONxINCOME :: Some college, no degree | $100,000 or more",PQ4_F2Ac_W42,4,"0.412773,0.258307,0.181741,0.147179"
EDUCATIONxINCOME,"EDUCATIONxINCOME :: Some college, no degree | $30,000-$50,000",PQ4_F2Ac_W42,4,"0.343283,0.300588,0.204983,0.151145"
EDUCATIONxINCOME,"EDUCATIONxINCOME :: Some college, no degree | $50,000-$75,000",PQ4_F2Ac_W42,4,"0.349580,0.294376,0.213694,0.142351"
EDUCATIONxINCOME,"EDUCATIONxINCOME :: Some college, no degree | $75,000-$100,000",PQ4_F2Ac_W42,4,"0.362263,0.288821,0.189414,0.159502"
EDUCATIONxINCOME,"EDUCATIONxINCOME :: Some college, no degree | Less than $30,000",PQ4_F2Ac_W42,4,"0.333381,0.278551,0.205390,0.182678"
EDUCATIONxINCOME,"EDUCATIONxINCOME :: Some college, no degree | Refused",PQ4_F2Ac_W42,4,"0.324854,0.271426,0.209741,0.193979"
EDUCATIONxINCOME,"EDUCATIONxINCOME :: Associate's degree | $100,000 or more",PQ4_F2Ae_W42,4,"0.898502,0.043357,0.034568,0.023573"
EDUCATIONxINCOME,"EDUCATIONxINCOME :: Associate's degree | $30,000-$50,000",PQ4_F2Ae_W42,4,"0.848718,0.065959,0.051369,0.033953"
EDUCATIONxINCOME,"EDUCATIONxINCOME :: Associate's degree | $50,000-$75,000",PQ4_F2Ae_W42,4,"0.849268,0.060567,0.056455,0.033711"
EDUCATIONxINCOME,"EDUCATIONxINCOME :: Associate's degree | $75,000-$100,000",PQ4_F2Ae_W42,4,"0.863019,0.054316,0.042301,0.040364"
EDUCATIONxINCOME,"EDUCATIONxINCOME :: Associate's degree | Less than $30,000",PQ4_F2Ae_W42,4,"0.817421,0.074853,0.060146,0.047580"
EDUCATIONxINCOME,"EDUCATIONxINCOME :: College graduate/some postgrad | $100,000 or more",PQ4_F2Ae_W42,4,"0.892840,0.044106,0.037726,0.025328"
EDUCATIONxINCOME,"EDUCATIONxINCOME :: College graduate/some postgrad | $30,000-$50,000",PQ4_F2Ae_W42,4,"0.851695,0.066191,0.050355,0.031759"
EDUCATIONxINCOME,"EDUCATIONxINCOME :: College graduate/some postgrad | $50,000-$75,000",PQ4_F2Ae_W42,4,"0.850333,0.060171,0.056525,0.032971"
EDUCATIONxINCOME,"EDUCATIONxINCOME :: College graduate/some postgrad | $75,000-$100,000",PQ4_F2Ae_W42,4,"0.864508,0.053566,0.043041,0.038885"
EDUCATIONxINCOME,"EDUCATIONxINCOME :: College graduate/some postgrad | Less than $30,000",PQ4_F2Ae_W42,4,"0.805503,0.079756,0.065605,0.049136"
EDUCATIONxINCOME,"EDUCATIONxINCOME :: High school graduate | $100,000 or more",PQ4_F2Ae_W42,4,"0.861224,0.056804,0.049352,0.032620"
EDUCATIONxINCOME,"EDUCATIONxINCOME :: High school graduate | $30,000-$50,000",PQ4_F2Ae_W42,4,"0.832549,0.072747,0.057548,0.037156"
EDUCATIONxINCOME,"EDUCATIONxINCOME :: High school graduate | $50,000-$75,000",PQ4_F2Ae_W42,4,"0.847071,0.062817,0.056750,0.033362"
EDUCATIONxINCOME,"EDUCATIONxINCOME :: High school graduate | $75,000-$100,000",PQ4_F2Ae_W42,4,"0.842266,0.063942,0.050188,0.043604"
EDUCATIONxINCOME,"EDUCATIONxINCOME :: High school graduate | Less than $30,000",PQ4_F2Ae_W42,4,"0.784959,0.090159,0.071881,0.053001"
EDUCATIONxINCOME,EDUCATIONxINCOME :: High school graduate | Refused,PQ4_F2Ae_W42,4,"0.676690,0.138556,0.101370,0.083385"
EDUCATIONxINCOME,"EDUCATIONxINCOME :: Less than high school | $30,000-$50,000",PQ4_F2Ae_W42,4,"0.778974,0.095241,0.073597,0.052188"
EDUCATIONxINCOME,"EDUCATIONxINCOME :: Less than high school | Less than $30,000",PQ4_F2Ae_W42,4,"0.723431,0.115361,0.088450,0.072757"
EDUCATIONxINCOME,"EDUCATIONxINCOME :: Postgraduate | $100,000 or more",PQ4_F2Ae_W42,4,"0.871939,0.051957,0.044095,0.032009"
EDUCATIONxINCOME,"EDUCATIONxINCOME :: Postgraduate | $30,000-$50,000",PQ4_F2Ae_W42,4,"0.810441,0.082792,0.063479,0.043289"
EDUCATIONxINCOME,"EDUCATIONxINCOME :: Postgraduate | $50,000-$75,000",PQ4_F2Ae_W42,4,"0.810081,0.076536,0.070784,0.042599"
EDUCATIONxINCOME,"EDUCATIONxINCOME :: Postgraduate | $75,000-$100,000",PQ4_F2Ae_W42,4,"0.826821,0.067870,0.053271,0.052037"
EDUCATIONxINCOME,"EDUCATIONxINCOME :: Postgraduate | Less than $30,000",PQ4_F2Ae_W42,4,"0.760613,0.098994,0.078925,0.061467"
EDUCATIONxINCOME,"EDUCATIONxINCOME :: Some college, no degree | $100,000 or more",PQ4_F2Ae_W42,4,"0.790944,0.090846,0.068040,0.050170"
EDUCATIONxINCOME,"EDUCATIONxINCOME :: Some college, no degree | $30,000-$50,000",PQ4_F2Ae_W42,4,"0.748111,0.115626,0.079469,0.056794"
EDUCATIONxINCOME,"EDUCATIONxINCOME :: Some college, no degree | $50,000-$75,000",PQ4_F2Ae_W42,4,"0.738183,0.112323,0.091675,0.057819"
EDUCATIONxINCOME,"EDUCATIONxINCOME :: Some college, no degree | $75,000-$100,000",PQ4_F2Ae_W42,4,"0.761078,0.100615,0.069694,0.068613"
EDUCATIONxINCOME,"EDUCATIONxINCOME :: Some college, no degree | Less than $30,000",PQ4_F2Ae_W42,4,"0.705540,0.130512,0.089001,0.074947"
EDUCATIONxINCOME,"EDUCATIONxINCOME :: Some college, no degree | Refused",PQ4_F2Ae_W42,4,"0.581702,0.184476,0.121931,0.111890"
EDUCATIONxINCOME,"EDUCATIONxINCOME :: Associate's degree | $100,000 or more",PQ4_F2Ba_W42,4,"0.760206,0.110377,0.078883,0.050534"
EDUCATIONxINCOME,"EDUCATIONxINCOME :: Associate's degree | $30,000-$50,000",PQ4_F2Ba_W42,4,"0.643874,0.180200,0.113651,0.062275"
EDUCATIONxINCOME,"EDUCATIONxINCOME :: Associate's degree | $50,000-$75,000",PQ4_F2Ba_W42,4,"0.648468,0.163958,0.121844,0.065730"
EDUCATIONxINCOME,"EDUCATIONxINCOME :: Associate's degree | $75,000-$100,000",PQ4_F2Ba_W42,4,"0.666812,0.155926,0.100674,0.076588"
EDUCATIONxINCOME,"EDUCATIONxINCOME :: Associate's degree | Less than $30,000",PQ4_F2Ba_W42,4,"0.589525,0.188423,0.129501,0.092550"
EDUCATIONxINCOME,"EDUCATIONxINCOME :: College graduate/some postgrad | $100,000 or more",PQ4_F2Ba_W42,4,"0.730543,0.125961,0.089320,0.054175"
EDUCATIONxINCOME,"EDUCATIONxINCOME :: College graduate/some postgrad | $30,000-$50,000",PQ4_F2Ba_W42,4,"0.647771,0.179880,0.112566,0.059783"
EDUCATIONxINCOME,"EDUCATIONxINCOME :: College graduate/some postgrad | $50,000-$75,000",PQ4_F2Ba_W42,4,"0.641169,0.168571,0.125271,0.064990"
EDUCATIONxINCOME,"EDUCATIONxINCOME :: College graduate/some postgrad | $75,000-$100,000",PQ4_F2Ba_W42,4,"0.665053,0.156735,0.103595,0.074617"
EDUCATIONxINCOME,"EDUCATIONxINCOME :: College graduate/some postgrad | Less than $30,000",PQ4_F2Ba_W42,4,"0.567147,0.199087,0.138985,0.094780"
EDUCATIONxINCOME,"EDUCATIONxINCOME :: High school graduate | $100,000 or more",PQ4_F2Ba_W42,4,"0.680035,0.151736,0.103475,0.064753"
EDUCATIONxINCOME,"EDUCATIONxINCOME :: High school graduate | $30,000-$50,000",PQ4_F2Ba_W42,4,"0.603428,0.203708,0.123555,0.069308"
EDUCATIONxINCOME,"EDUCATIONxINCOME :: High school graduate | $50,000-$75,000",PQ4_F2Ba_W42,4,"0.636450,0.172642,0.124349,0.066559"
EDUCATIONxINCOME,"EDUCATIONxINCOME :: High school graduate | $75,000-$100,000",PQ4_F2Ba_W42,4,"0.625707,0.180674,0.112183,0.081436"
EDUCATIONxINCOME,"EDUCATIONxINCOME :: High school graduate | Less than $30,000",PQ4_F2Ba_W42,4,"0.540293,0.216599,0.143163,0.099944"
EDUCATIONxINCOME,EDUCATIONxINCOME :: High school graduate | Refused,PQ4_F2Ba_W42,4,"0.457988,0.245144,0.158277,0.138592"
EDUCATIONxINCOME,"EDUCATIONxINCOME :: Less than high school | $30,000-$50,000",PQ4_F2Ba_W42,4,"0.545604,0.225672,0.145705,0.083020"
EDUCATIONxINCOME,"EDUCATIONxINCOME :: Less than high school | Less than $30,000",PQ4_F2Ba_W42,4,"0.486324,0.229723,0.162898,0.121055"
EDUCATIONxINCOME,"EDUCATIONxINCOME :: Postgraduate | $100,000 or more",PQ4_F2Ba_W42,4,"0.699517,0.137743,0.097674,0.065065"
EDUCATIONxINCOME,"EDUCATIONxINCOME :: Postgraduate | $30,000-$50,000",PQ4_F2Ba_W42,4,"0.591127,0.204288,0.128843,0.075743"
EDUCATIONxINCOME,"EDUCATIONxINCOME :: Postgraduate | $50,000-$75,000",PQ4_F2Ba_W42,4,"0.599329,0.184219,0.139056,0.077396"
EDUCATIONxINCOME,"EDUCATIONxINCOME :: Postgraduate | $75,000-$100,000",PQ4_F2Ba_W42,4,"0.622500,0.172862,0.114255,0.090383"
EDUCATIONxINCOME,"EDUCATIONxINCOME :: Postgraduate | Less than $30,000",PQ4_F2Ba_W42,4,"0.541791,0.200877,0.148117,0.109215"
EDUCATIONxINCOME,"EDUCATIONxINCOME :: Some college, no degree | $100,000 or more",PQ4_F2Ba_W42,4,"0.596148,0.192035,0.127923,0.083894"
EDUCATIONxINCOME,"EDUCATIONxINCOME :: Some college, no degree | $30,000-$50,000",PQ4_F2Ba_W42,4,"0.520098,0.243765,0.147851,0.088286"
EDUCATIONxINCOME,"EDUCATIONxINCOME :: Some college, no degree | $50,000-$75,000",PQ4_F2Ba_W42,4,"0.522667,0.226559,0.160655,0.090119"
EDUCATIONxINCOME,"EDUCATIONxINCOME :: Some college, no degree | $75,000-$100,000",PQ4_F2Ba_W42,4,"0.543888,0.216344,0.134331,0.105437"
EDUCATIONxINCOME,"EDUCATIONxINCOME :: Some college, no degree | Less than $30,000",PQ4_F2Ba_W42,4,"0.473216,0.245501,0.159751,0.121532"
EDUCATIONxINCOME,"EDUCATIONxINCOME :: Some college, no degree | Refused",PQ4_F2Ba_W42,4,"0.396355,0.259936,0.175882,0.167827"
EDUCATIONxINCOME,"EDUCATIONxINCOME :: Associate's degree | $100,000 or more",PQ4_F2Cb_W42,4,"0.726396,0.115834,0.095282,0.062488"
EDUCATIONxINCOME,"EDUCATIONxINCOME :: Associate's degree | $30,000-$50,000",PQ4_F2Cb_W42,4,"0.580935,0.191572,0.145740,0.081753"
EDUCATIONxINCOME,"EDUCATIONxINCOME :: Associate's degree | $50,000-$75,000",PQ4_F2Cb_W42,4,"0.592120,0.173668,0.150885,0.083327"
EDUCATIONxINCOME,"EDUCATIONxINCOME :: Associate's degree | $75,000-$100,000",PQ4_F2Cb_W42,4,"0.604780,0.169258,0.128765,0.097197"
EDUCATIONxINCOME,"EDUCATIONxINCOME :: Associate's degree | Less than $30,000",PQ4_F2Cb_W42,4,"0.505019,0.205646,0.166538,0.122797"
EDUCATIONxINCOME,"EDUCATIONxINCOME :: College graduate/some postgrad | $100,000 or more",PQ4_F2Cb_W42,4,"0.673409,0.140056,0.116110,0.070424"
EDUCATIONxINCOME,"EDUCATIONxINCOME :: College graduate/some postgrad | $30,000-$50,000",PQ4_F2Cb_W42,4,"0.567255,0.203847,0.150308,0.078590"
EDUCATIONxINCOME,"EDUCATIONxINCOME :: College graduate/some postgrad | $50,000-$75,000",PQ4_F2Cb_W42,4,"0.568062,0.187327,0.161486,0.083126"
EDUCATIONxINCOME,"EDUCATIONxINCOME :: College graduate/some postgrad | $75,000-$100,000",PQ4_F2Cb_W42,4,"0.581830,0.181656,0.139281,0.097234"
EDUCATIONxINCOME,"EDUCATIONxINCOME :: College graduate/some postgrad | Less than $30,000",PQ4_F2Cb_W42,4,"0.460212,0.226049,0.185943,0.127796"
EDUCATIONxINCOME,"EDUCATIONxINCOME :: High school graduate | $100,000 or more",PQ4_F2Cb_W42,4,"0.619935,0.162988,0.135122,0.081956"
EDUCATIONxINCOME,"EDUCATIONxINCOME :: High school graduate | $30,000-$50,000",PQ4_F2Cb_W42,4,"0.518896,0.223174,0.168461,0.089469"
EDUCATIONxINCOME,"EDUCATIONxINCOME :: High school graduate | $50,000-$75,000",PQ4_F2Cb_W42,4,"0.558453,0.191494,0.165078,0.084975"
EDUCATIONxINCOME,"EDUCATIONxINCOME :: High school graduate | $75,000-$100,000",PQ4_F2Cb_W42,4,"0.546496,0.201045,0.150575,0.101884"
EDUCATIONxINCOME,"EDUCATIONxINCOME :: High school graduate | Less than $30,000",PQ4_F2Cb_W42,4,"0.439120,0.238745,0.193342,0.128793"
EDUCATIONxINCOME,EDUCATIONxINCOME :: High school graduate | Refused,PQ4_F2Cb_W42,4,"0.387634,0.256211,0.199537,0.156618"
EDUCATIONxINCOME,"EDUCATIONxINCOME :: Less than high school | $30,000-$50,000",PQ4_F2Cb_W42,4,"0.456695,0.244451,0.190379,0.108475"
EDUCATIONxINCOME,"EDUCATIONxINCOME :: Less than high school | Less than $30,000",PQ4_F2Cb_W42,4,"0.380281,0.249394,0.216677,0.153647"
EDUCATIONxINCOME,"EDUCATIONxINCOME :: Postgraduate | $100,000 or more",PQ4_F2Cb_W42,4,"0.643496,0.149303,0.124747,0.082453"
EDUCATIONxINCOME,"EDUCATIONxINCOME :: Postgraduate | $30,000-$50,000",PQ4_F2Cb_W42,4,"0.517991,0.219331,0.166858,0.095819"
EDUCATIONxINCOME,"EDUCATIONxINCOME :: Postgraduate | $50,000-$75,000",PQ4_F2Cb_W42,4,"0.533089,0.197651,0.174426,0.094834"
EDUCATIONxINCOME,"EDUCATIONxINCOME :: Postgraduate | $75,000-$100,000",PQ4_F2Cb_W42,4,"0.544278,0.192558,0.149964,0.113199"
EDUCATIONxINCOME,"EDUCATIONxINCOME :: Postgraduate | Less than $30,000",PQ4_F2Cb_W42,4,"0.435215,0.225786,0.197705,0.141294"
EDUCATIONxINCOME,"EDUCATIONxINCOME :: Some college, no degree | $100,000 or more",PQ4_F2Cb_W42,4,"0.538028,0.201046,0.159041,0.101885"
EDUCATIONxINCOME,"EDUCATIONxINCOME :: Some college, no degree | $30,000-$50,000",PQ4_F2Cb_W42,4,"0.447674,0.257078,0.188082,0.107166"
EDUCATIONxINCOME,"EDUCATIONxINCOME :: Some college, no degree | $50,000-$75,000",PQ4_F2Cb_W42,4,"0.457436,0.237315,0.198284,0.106966"
EDUCATIONxINCOME,"EDUCATIONxINCOME :: Some college, no degree | $75,000-$100,000",PQ4_F2Cb_W42,4,"0.467468,0.231413,0.173321,0.127799"
EDUCATIONxINCOME,"EDUCATIONxINCOME :: Some college, no degree | Less than $30,000",PQ4_F2Cb_W42,4,"0.379462,0.262845,0.207928,0.149765"
EDUCATIONxINCOME,"EDUCATIONxINCOME :: Some college, no degree | Refused",PQ4_F2Cb_W42,4,"0.325389,0.265574,0.223636,0.185401"
EDUCATIONxINCOME,"EDUCATIONxINCOME :: Associate's degree | $100,000 or more",PQ4_F2Cc_W42,4,"0.573284,0.193532,0.135107,0.098077"
EDUCATIONxINCOME,"EDUCATIONxINCOME :: Associate's degree | $30,000-$50,000",PQ4_F2Cc_W42,4,"0.431856,0.272368,0.175854,0.119922"
EDUCATIONxINCOME,"EDUCATIONxINCOME :: Associate's degree | $50,000-$75,000",PQ4_F2Cc_W42,4,"0.441878,0.257745,0.184202,0.116175"
EDUCATIONxINCOME,"EDUCATIONxINCOME :: Associate's degree | $75,000-$100,000",PQ4_F2Cc_W42,4,"0.450174,0.254505,0.158026,0.137295"
EDUCATIONxINCOME,"EDUCATIONxINCOME :: Associate's degree | Less than $30,000",PQ4_F2Cc_W42,4,"0.421082,0.251439,0.170132,0.157347"
EDUCATIONxINCOME,"EDUCATIONxINCOME :: College graduate/some postgrad | $100,000 or more",PQ4_F2Cc_W42,4,"0.500337,0.232678,0.156213,0.110772"
EDUCATIONxINCOME,"EDUCATIONxINCOME :: College graduate/some postgrad | $30,000-$50,000",PQ4_F2Cc_W42,4,"0.418995,0.285729,0.181621,0.113655"
EDUCATIONxINCOME,"EDUCATIONxINCOME :: College graduate/some postgrad | $50,000-$75,000",PQ4_F2Cc_W42,4,"0.413236,0.277433,0.193680,0.115651"
EDUCATIONxINCOME,"EDUCATIONxINCOME :: College graduate/some postgrad | $75,000-$100,000",PQ4_F2Cc_W42,4,"0.424533,0.271966,0.168868,0.134633"
EDUCATIONxINCOME,"EDUCATIONxINCOME :: College graduate/some postgrad | Less than $30,000",PQ4_F2Cc_W42,4,"0.382176,0.271003,0.186257,0.160564"
EDUCATIONxINCOME,"EDUCATIONxINCOME :: High school graduate | $100,000 or more",PQ4_F2Cc_W42,4,"0.459626,0.246020,0.174454,0.119900"
EDUCATIONxINCOME,"EDUCATIONxINCOME :: High school graduate | $30,000-$50,000",PQ4_F2Cc_W42,4,"0.381940,0.297455,0.196606,0.123998"
EDUCATIONxINCOME,"EDUCATIONxINCOME :: High school graduate | $50,000-$75,000",PQ4_F2Cc_W42,4,"0.416876,0.275538,0.195386,0.112201"
EDUCATIONxINCOME,"EDUCATIONxINCOME :: High school graduate | $75,000-$100,000",PQ4_F2Cc_W42,4,"0.403316,0.281560,0.178970,0.136154"
EDUCATIONxINCOME,"EDUCATIONxINCOME :: High school graduate | Less than $30,000",PQ4_F2Cc_W42,4,"0.368844,0.278418,0.192855,0.159882"
EDUCATIONxINCOME,EDUCATIONxINCOME :: High school graduate | Refused,PQ4_F2Cc_W42,4,"0.339514,0.283675,0.196496,0.180315"
EDUCATIONxINCOME,"EDUCATIONxINCOME :: Less than high school | $30,000-$50,000",PQ4_F2Cc_W42,4,"0.355405,0.292348,0.204092,0.148155"
EDUCATIONxINCOME,"EDUCATIONxINCOME :: Less than high school | Less than $30,000",PQ4_F2Cc_W42,4,"0.341159,0.269879,0.200557,0.188406"
EDUCATIONxINCOME,"EDUCATIONxINCOME :: Postgraduate | $100,000 or more",PQ4_F2Cc_W42,4,"0.497047,0.227565,0.156403,0.118985"
EDUCATIONxINCOME,"EDUCATIONxINCOME :: Postgraduate | $30,000-$50,000",PQ4_F2Cc_W42,4,"0.396746,0.283542,0.188879,0.130833"
EDUCATIONxINCOME,"EDUCATIONxINCOME :: Postgraduate | $50,000-$75,000",PQ4_F2Cc_W42,4,"0.410686,0.271447,0.195516,0.122351"
EDUCATIONxINCOME,"EDUCATIONxINCOME :: Postgraduate | $75,000-$100,000",PQ4_F2Cc_W42,4,"0.420112,0.264961,0.169740,0.145187"
EDUCATIONxINCOME,"EDUCATIONxINCOME :: Postgraduate | Less than $30,000",PQ4_F2Cc_W42,4,"0.397477,0.250686,0.184844,0.166993"
EDUCATIONxINCOME,"EDUCATIONxINCOME :: Some college, no degree | $100,000 or more",PQ4_F2Cc_W42,4,"0.421384,0.261643,0.181235,0.135739"
EDUCATIONxINCOME,"EDUCATIONxINCOME :: Some college, no degree | $30,000-$50,000",PQ4_F2Cc_W42,4,"0.350679,0.304676,0.202958,0.141687"
EDUCATIONxINCOME,"EDUCATIONxINCOME :: Some college, no degree | $50,000-$75,000",PQ4_F2Cc_W42,4,"0.359787,0.293650,0.213167,0.133396"
EDUCATIONxINCOME,"EDUCATIONxINCOME :: Some college, no degree | $75,000-$100,000",PQ4_F2Cc_W42,4,"0.367560,0.290764,0.184821,0.156855"
EDUCATIONxINCOME,"EDUCATIONxINCOME :: Some college, no degree | Less than $30,000",PQ4_F2Cc_W42,4,"0.336019,0.285176,0.197536,0.181269"
EDUCATIONxINCOME,"EDUCATIONxINCOME :: Some college, no degree | Refused",PQ4_F2Cc_W42,4,"0.306620,0.268485,0.207469,0.217426"
EDUCATIONxINCOME,"EDUCATIONxINCOME :: Associate's degree | $100,000 or more",PQ5_F2C_W42,4,"0.421290,0.272005,0.181195,0.125510"
EDUCATIONxINCOME,"EDUCATIONxINCOME :: Associate's degree | $30,000-$50,000",PQ5_F2C_W42,4,"0.346979,0.296787,0.217134,0.139101"
EDUCATIONxINCOME,"EDUCATIONxINCOME :: Associate's degree | $50,000-$75,000",PQ5_F2C_W42,4,"0.332030,0.314360,0.219458,0.134152"
EDUCATIONxINCOME,"EDUCATIONxINCOME :: Associate's degree | $75,000-$100,000",PQ5_F2C_W42,4,"0.352009,0.310647,0.200569,0.136776"
EDUCATIONxINCOME,"EDUCATIONxINCOME :: Associate's degree | Less than $30,000",PQ5_F2C_W42,4,"0.371239,0.273734,0.194107,0.160920"
EDUCATIONxINCOME,"EDUCATIONxINCOME :: College graduate/some postgrad | $100,000 or more",PQ5_F2C_W42,4,"0.390255,0.283295,0.194706,0.131744"
EDUCATIONxINCOME,"EDUCATIONxINCOME :: College graduate/some postgrad | $30,000-$50,000",PQ5_F2C_W42,4,"0.354090,0.298174,0.216451,0.131284"
EDUCATIONxINCOME,"EDUCATIONxINCOME :: College graduate/some postgrad | $50,000-$75,000",PQ5_F2C_W42,4,"0.330703,0.318034,0.223765,0.127497"
EDUCATIONxINCOME,"EDUCATIONxINCOME :: College graduate/some postgrad | $75,000-$100,000",PQ5_F2C_W42,4,"0.354819,0.308272,0.205354,0.131555"
EDUCATIONxINCOME,"EDUCATIONxINCOME :: College graduate/some postgrad | Less than $30,000",PQ5_F2C_W42,4,"0.357664,0.276381,0.202205,0.163750"
EDUCATIONxINCOME,"EDUCATIONxINCOME :: High school graduate | $100,000 or more",PQ5_F2C_W42,4,"0.369189,0.298978,0.199162,0.132671"
EDUCATIONxINCOME,"EDUCATIONxINCOME :: High school graduate | $30,000-$50,000",PQ5_F2C_W42,4,"0.335504,0.312724,0.218317,0.133454"
EDUCATIONxINCOME,"EDUCATIONxINCOME :: High school graduate | $50,000-$75,000",PQ5_F2C_W42,4,"0.337928,0.322453,0.218183,0.121437"
EDUCATIONxINCOME,"EDUCATIONxINCOME :: High school graduate | $75,000-$100,000",PQ5_F2C_W42,4,"0.346828,0.323279,0.202303,0.127591"
EDUCATIONxINCOME,"EDUCATIONxINCOME :: High school graduate | Less than $30,000",PQ5_F2C_W42,4,"0.355737,0.288084,0.199550,0.156629"
EDUCATIONxINCOME,EDUCATIONxINCOME :: High school graduate | Refused,PQ5_F2C_W42,4,"0.321160,0.279029,0.213939,0.185873"
EDUCATIONxINCOME,"EDUCATIONxINCOME :: Less than high school | $30,000-$50,000",PQ5_F2C_W42,4,"0.332163,0.302438,0.224753,0.140647"
EDUCATIONxINCOME,"EDUCATIONxINCOME :: Less than high school | Less than $30,000",PQ5_F2C_W42,4,"0.354953,0.276438,0.202246,0.166363"
EDUCATIONxINCOME,"EDUCATIONxINCOME :: Postgraduate | $100,000 or more",PQ5_F2C_W42,4,"0.404620,0.284686,0.182377,0.128318"
EDUCATIONxINCOME,"EDUCATIONxINCOME :: Postgraduate | $30,000-$50,000",PQ5_F2C_W42,4,"0.352151,0.301211,0.211928,0.134710"
EDUCATIONxINCOME,"EDUCATIONxINCOME :: Postgraduate | $50,000-$75,000",PQ5_F2C_W42,4,"0.340035,0.319434,0.214458,0.126073"
EDUCATIONxINCOME,"EDUCATIONxINCOME :: Postgraduate | $75,000-$100,000",PQ5_F2C_W42,4,"0.363641,0.311039,0.194643,0.130677"
EDUCATIONxINCOME,"EDUCATIONxINCOME :: Postgraduate | Less than $30,000",PQ5_F2C_W42,4,"0.403543,0.262590,0.181891,0.151976"
EDUCATIONxINCOME,"EDUCATIONxINCOME :: Some college, no degree | $100,000 or more",PQ5_F2C_W42,4,"0.352516,0.292246,0.202433,0.152804"
EDUCATIONxINCOME,"EDUCATIONxINCOME :: Some college, no degree | $30,000-$50,000",PQ5_F2C_W42,4,"0.322858,0.298595,0.223637,0.154909"
EDUCATIONxINCOME,"EDUCATIONxINCOME :: Some college, no degree | $50,000-$75,000",PQ5_F2C_W42,4,"0.311073,0.318450,0.225815,0.144662"
EDUCATIONxINCOME,"EDUCATIONxINCOME :: Some college, no degree | $75,000-$100,000",PQ5_F2C_W42,4,"0.330794,0.310752,0.207006,0.151448"
EDUCATIONxINCOME,"EDUCATIONxINCOME :: Some college, no degree | Less than $30,000",PQ5_F2C_W42,4,"0.343929,0.282908,0.197502,0.175662"
EDUCATIONxINCOME,"EDUCATIONxINCOME :: Some college, no degree | Refused",PQ5_F2C_W42,4,"0.334416,0.248517,0.202833,0.214235"
EDUCATIONxINCOME,"EDUCATIONxINCOME :: Associate's degree | $100,000 or more",PQ6_F2C_W42,2,"0.265880,0.734120"
EDUCATIONxINCOME,"EDUCATIONxINCOME :: Associate's degree | $30,000-$50,000",PQ6_F2C_W42,2,"0.262842,0.737158"
EDUCATIONxINCOME,"EDUCATIONxINCOME :: Associate's degree | $50,000-$75,000",PQ6_F2C_W42,2,"0.242206,0.757794"
EDUCATIONxINCOME,"EDUCATIONxINCOME :: Associate's degree | $75,000-$100,000",PQ6_F2C_W42,2,"0.229535,0.770465"
EDUCATIONxINCOME,"EDUCATIONxINCOME :: Associate's degree | Less than $30,000",PQ6_F2C_W42,2,"0.222700,0.777300"
EDUCATIONxINCOME,"EDUCATIONxINCOME :: College graduate/some postgrad | $100,000 or more",PQ6_F2C_W42,2,"0.243642,0.756358"
EDUCATIONxINCOME,"EDUCATIONxINCOME :: College graduate/some postgrad | $30,000-$50,000",PQ6_F2C_W42,2,"0.247987,0.752013"
EDUCATIONxINCOME,"EDUCATIONxINCOME :: College graduate/some postgrad | $50,000-$75,000",PQ6_F2C_W42,2,"0.239349,0.760651"
EDUCATIONxINCOME,"EDUCATIONxINCOME :: College graduate/some postgrad | $75,000-$100,000",PQ6_F2C_W42,2,"0.229535,0.770465"
EDUCATIONxINCOME,"EDUCATIONxINCOME :: College graduate/some postgrad | Less than $30,000",PQ6_F2C_W42,2,"0.229535,0.770465"
EDUCATIONxINCOME,"EDUCATIONxINCOME :: High school graduate | $100,000 or more",PQ6_F2C_W42,2,"0.276691,0.723310"
EDUCATIONxINCOME,"EDUCATIONxINCOME :: High school graduate | $30,000-$50,000",PQ6_F2C_W42,2,"0.265880,0.734120"
EDUCATIONxINCOME,"EDUCATIONxINCOME :: High school graduate | $50,000-$75,000",PQ6_F2C_W42,2,"0.243642,0.756358"
EDUCATIONxINCOME,"EDUCATIONxINCOME :: High school graduate | $75,000-$100,000",PQ6_F2C_W42,2,"0.243642,0.756358"
EDUCATIONxINCOME,"EDUCATIONxINCOME :: High school graduate | Less than $30,000",PQ6_F2C_W42,2,"0.228156,0.771843"
EDUCATIONxINCOME,EDUCATIONxINCOME :: High school graduate | Refused,PQ6_F2C_W42,2,"0.300746,0.699254"
EDUCATIONxINCOME,"EDUCATIONxINCOME :: Less than high school | $30,000-$50,000",PQ6_F2C_W42,2,"0.279829,0.720172"
EDUCATIONxINCOME,"EDUCATIONxINCOME :: Less than high school | Less than $30,000",PQ6_F2C_W42,2,"0.235108,0.764892"
EDUCATIONxINCOME,"EDUCATIONxINCOME :: Postgraduate | $100,000 or more",PQ6_F2C_W42,2,"0.240775,0.759225"
EDUCATIONxINCOME,"EDUCATIONxINCOME :: Postgraduate | $30,000-$50,000",PQ6_F2C_W42,2,"0.247987,0.752013"
EDUCATIONxINCOME,"EDUCATIONxINCOME :: Postgraduate | $50,000-$75,000",PQ6_F2C_W42,2,"0.236516,0.763484"
EDUCATIONxINCOME,"EDUCATIONxINCOME :: Postgraduate | $75,000-$100,000",PQ6_F2C_W42,2,"0.220007,0.779993"
EDUCATIONxINCOME,"EDUCATIONxINCOME :: Postgraduate | Less than $30,000",PQ6_F2C_W42,2,"0.195594,0.804406"
EDUCATIONxINCOME,"EDUCATIONxINCOME :: Some college, no degree | $100,000 or more",PQ6_F2C_W42,2,"0.312370,0.687630"
EDUCATIONxINCOME,"EDUCATIONxINCOME :: Some college, no degree | $30,000-$50,000",PQ6_F2C_W42,2,"0.295840,0.704160"
EDUCATIONxINCOME,"EDUCATIONxINCOME :: Some college, no degree | $50,000-$75,000",PQ6_F2C_W42,2,"0.279829,0.720172"
EDUCATIONxINCOME,"EDUCATIONxINCOME :: Some college, no degree | $75,000-$100,000",PQ6_F2C_W42,2,"0.264358,0.735642"
EDUCATIONxINCOME,"EDUCATIONxINCOME :: Some college, no degree | Less than $30,000",PQ6_F2C_W42,2,"0.235108,0.764892"
EDUCATIONxINCOME,"EDUCATIONxINCOME :: Some college, no degree | Refused",PQ6_F2C_W42,2,"0.236516,0.763484"
EDUCATIONxINCOME,"EDUCATIONxINCOME :: Associate's degree | $100,000 or more",PREDICTB_W27,4,"0.371311,0.291445,0.209920,0.127323"
EDUCATIONxINCOME,"EDUCATIONxINCOME :: Associate's degree | $30,000-$50,000",PREDICTB_W27,4,"0.308389,0.310808,0.243956,0.136847"
EDUCATIONxINCOME,"EDUCATIONxINCOME :: Associate's degree | $50,000-$75,000",PREDICTB_W27,4,"0.289539,0.308213,0.255517,0.146731"
EDUCATIONxINCOME,"EDUCATIONxINCOME :: Associate's degree | $75,000-$100,000",PREDICTB_W27,4,"0.300153,0.319512,0.237441,0.142894"
EDUCATIONxINCOME,"EDUCATIONxINCOME :: Associate's degree | Less than $30,000",PREDICTB_W27,4,"0.313224,0.301225,0.236434,0.149117"
EDUCATIONxINCOME,"EDUCATIONxINCOME :: College graduate/some postgrad | $100,000 or more",PREDICTB_W27,4,"0.341386,0.303635,0.227412,0.127567"
EDUCATIONxINCOME,"EDUCATIONxINCOME :: College graduate/some postgrad | $30,000-$50,000",PREDICTB_W27,4,"0.298239,0.310120,0.255097,0.136544"
EDUCATIONxINCOME,"EDUCATIONxINCOME :: College graduate/some postgrad | $50,000-$75,000",PREDICTB_W27,4,"0.279528,0.302242,0.270928,0.147301"
EDUCATIONxINCOME,"EDUCATIONxINCOME :: College graduate/some postgrad | $75,000-$100,000",PREDICTB_W27,4,"0.291629,0.312872,0.253371,0.142128"
EDUCATIONxINCOME,"EDUCATIONxINCOME :: College graduate/some postgrad | Less than $30,000",PREDICTB_W27,4,"0.294512,0.296822,0.255876,0.152791"
EDUCATIONxINCOME,"EDUCATIONxINCOME :: High school graduate | $100,000 or more",PREDICTB_W27,4,"0.330432,0.303222,0.225335,0.141011"
EDUCATIONxINCOME,"EDUCATIONxINCOME :: High school graduate | $30,000-$50,000",PREDICTB_W27,4,"0.292025,0.313297,0.247838,0.146839"
EDUCATIONxINCOME,"EDUCATIONxINCOME :: High school graduate | $50,000-$75,000",PREDICTB_W27,4,"0.277494,0.302396,0.266863,0.153247"
EDUCATIONxINCOME,"EDUCATIONxINCOME :: High school graduate | $75,000-$100,000",PREDICTB_W27,4,"0.285674,0.318692,0.246266,0.149368"
EDUCATIONxINCOME,"EDUCATIONxINCOME :: High school graduate | Less than $30,000",PREDICTB_W27,4,"0.290071,0.301626,0.248111,0.160192"
EDUCATIONxINCOME,"EDUCATIONxINCOME :: Less than high school | Less than $30,000",PREDICTB_W27,4,"0.284406,0.293434,0.265096,0.157064"
EDUCATIONxINCOME,"EDUCATIONxINCOME :: Postgraduate | $100,000 or more",PREDICTB_W27,4,"0.357665,0.303546,0.210260,0.128529"
EDUCATIONxINCOME,"EDUCATIONxINCOME :: Postgraduate | $30,000-$50,000",PREDICTB_W27,4,"0.305396,0.310205,0.243483,0.140917"
EDUCATIONxINCOME,"EDUCATIONxINCOME :: Postgraduate | $50,000-$75,000",PREDICTB_W27,4,"0.289673,0.303575,0.257641,0.149111"
EDUCATIONxINCOME,"EDUCATIONxINCOME :: Postgraduate | $75,000-$100,000",PREDICTB_W27,4,"0.296963,0.313655,0.242374,0.147007"
EDUCATIONxINCOME,"EDUCATIONxINCOME :: Postgraduate | Less than $30,000",PREDICTB_W27,4,"0.314351,0.290727,0.242912,0.152010"
EDUCATIONxINCOME,"EDUCATIONxINCOME :: Some college, no degree | $100,000 or more",PREDICTB_W27,4,"0.334095,0.299481,0.226060,0.140364"
EDUCATIONxINCOME,"EDUCATIONxINCOME :: Some college, no degree | $30,000-$50,000",PREDICTB_W27,4,"0.293725,0.303049,0.253207,0.150020"
EDUCATIONxINCOME,"EDUCATIONxINCOME :: Some college, no degree | $50,000-$75,000",PREDICTB_W27,4,"0.279203,0.301891,0.262287,0.156619"
EDUCATIONxINCOME,"EDUCATIONxINCOME :: Some college, no degree | $75,000-$100,000",PREDICTB_W27,4,"0.285320,0.308504,0.249834,0.156342"
EDUCATIONxINCOME,"EDUCATIONxINCOME :: Some college, no degree | Less than $30,000",PREDICTB_W27,4,"0.294716,0.299357,0.248176,0.157750"
EDUCATIONxINCOME,"EDUCATIONxINCOME :: Associate's degree | $100,000 or more",PRIVACYREG_W49,4,"0.319615,0.233836,0.297914,0.148635"
EDUCATIONxINCOME,"EDUCATIONxINCOME :: Associate's degree | $30,000-$50,000",PRIVACYREG_W49,4,"0.204169,0.264214,0.350026,0.181591"
EDUCATIONxINCOME,"EDUCATIONxINCOME :: Associate's degree | $50,000-$75,000",PRIVACYREG_W49,4,"0.203183,0.269173,0.348336,0.179308"
EDUCATIONxINCOME,"EDUCATIONxINCOME :: Associate's degree | $75,000-$100,000",PRIVACYREG_W49,4,"0.220516,0.259832,0.331034,0.188618"
EDUCATIONxINCOME,"EDUCATIONxINCOME :: Associate's degree | Less than $30,000",PRIVACYREG_W49,4,"0.159205,0.192038,0.400241,0.248516"
EDUCATIONxINCOME,"EDUCATIONxINCOME :: College graduate/some postgrad | $100,000 or more",PRIVACYREG_W49,4,"0.238337,0.234642,0.341403,0.185617"
EDUCATIONxINCOME,"EDUCATIONxINCOME :: College graduate/some postgrad | $30,000-$50,000",PRIVACYREG_W49,4,"0.198869,0.269706,0.351763,0.179663"
EDUCATIONxINCOME,"EDUCATIONxINCOME :: College graduate/some postgrad | $50,000-$75,000",PRIVACYREG_W49,4,"0.190559,0.268732,0.356012,0.184697"
EDUCATIONxINCOME,"EDUCATIONxINCOME :: College graduate/some postgrad | $75,000-$100,000",PRIVACYREG_W49,4,"0.209677,0.254903,0.343009,0.192411"
EDUCATIONxINCOME,"EDUCATIONxINCOME :: College graduate/some postgrad | Less than $30,000",PRIVACYREG_W49,4,"0.150063,0.186757,0.407914,0.255266"
EDUCATIONxINCOME,"EDUCATIONxINCOME :: High school graduate | $100,000 or more",PRIVACYREG_W49,4,"0.243350,0.247183,0.330032,0.179435"
EDUCATIONxINCOME,"EDUCATIONxINCOME :: High school graduate | $30,000-$50,000",PRIVACYREG_W49,4,"0.188174,0.269547,0.359893,0.182385"
EDUCATIONxINCOME,"EDUCATIONxINCOME :: High school graduate | $50,000-$75,000",PRIVACYREG_W49,4,"0.198182,0.273007,0.364512,0.164299"
EDUCATIONxINCOME,"EDUCATIONxINCOME :: High school graduate | $75,000-$100,000",PRIVACYREG_W49,4,"0.214742,0.265171,0.337837,0.182249"
EDUCATIONxINCOME,"EDUCATIONxINCOME :: High school graduate | Less than $30,000",PRIVACYREG_W49,4,"0.153294,0.195302,0.410237,0.241166"
EDUCATIONxINCOME,EDUCATIONxINCOME :: High school graduate | Refused,PRIVACYREG_W49,4,"0.204292,0.220893,0.326458,0.248356"
EDUCATIONxINCOME,"EDUCATIONxINCOME :: Less than high school | $30,000-$50,000",PRIVACYREG_W49,4,"0.190842,0.254807,0.364994,0.189357"
EDUCATIONxINCOME,"EDUCATIONxINCOME :: Less than high school | Less than $30,000",PRIVACYREG_W49,4,"0.151927,0.189076,0.416219,0.242778"
EDUCATIONxINCOME,"EDUCATIONxINCOME :: Postgraduate | $100,000 or more",PRIVACYREG_W49,4,"0.246707,0.231760,0.329397,0.192136"
EDUCATIONxINCOME,"EDUCATIONxINCOME :: Postgraduate | $30,000-$50,000",PRIVACYREG_W49,4,"0.197350,0.257393,0.346360,0.198898"
EDUCATIONxINCOME,"EDUCATIONxINCOME :: Postgraduate | $50,000-$75,000",PRIVACYREG_W49,4,"0.203550,0.263413,0.346250,0.186788"
EDUCATIONxINCOME,"EDUCATIONxINCOME :: Postgraduate | $75,000-$100,000",PRIVACYREG_W49,4,"0.223336,0.253073,0.324952,0.198639"
EDUCATIONxINCOME,"EDUCATIONxINCOME :: Postgraduate | Less than $30,000",PRIVACYREG_W49,4,"0.156668,0.178921,0.416004,0.248407"
EDUCATIONxINCOME,"EDUCATIONxINCOME :: Some college, no degree | $100,000 or more",PRIVACYREG_W49,4,"0.244549,0.244549,0.318952,0.191949"
EDUCATIONxINCOME,"EDUCATIONxINCOME :: Some college, no degree | $30,000-$50,000",PRIVACYREG_W49,4,"0.199874,0.260685,0.342665,0.196776"
EDUCATIONxINCOME,"EDUCATIONxINCOME :: Some college, no degree | $50,000-$75,000",PRIVACYREG_W49,4,"0.204347,0.264445,0.342217,0.188990"
EDUCATIONxINCOME,"EDUCATIONxINCOME :: Some college, no degree | $75,000-$100,000",PRIVACYREG_W49,4,"0.216933,0.253621,0.325656,0.203790"
EDUCATIONxINCOME,"EDUCATIONxINCOME :: Some college, no degree | Less than $30,000",PRIVACYREG_W49,4,"0.159824,0.197357,0.383399,0.259420"
EDUCATIONxINCOME,"EDUCATIONxINCOME :: Some college, no degree | Refused",PRIVACYREG_W49,4,"0.186240,0.186240,0.347942,0.279579"
EDUCATIONxINCOME,"EDUCATIONxINCOME :: Associate's degree | $100,000 or more",PROBOFF_a_W92,3,"0.653910,0.217328,0.128762"
EDUCATIONxINCOME,"EDUCATIONxINCOME :: Associate's degree | $30,000-$50,000",PROBOFF_a_W92,3,"0.559112,0.270369,0.170519"
EDUCATIONxINCOME,"EDUCATIONxINCOME :: Associate's degree | $50,000-$75,000",PROBOFF_a_W92,3,"0.523766,0.293806,0.182428"
EDUCATIONxINCOME,"EDUCATIONxINCOME :: Associate's degree | $75,000-$100,000",PROBOFF_a_W92,3,"0.598448,0.259408,0.142144"
EDUCATIONxINCOME,"EDUCATIONxINCOME :: Associate's degree | Less than $30,000",PROBOFF_a_W92,3,"0.581020,0.249894,0.169086"
EDUCATIONxINCOME,EDUCATIONxINCOME :: Associate's degree | Refused,PROBOFF_a_W92,3,"0.473967,0.274311,0.251722"
EDUCATIONxINCOME,"EDUCATIONxINCOME :: College graduate/some postgrad | $100,000 or more",PROBOFF_a_W92,3,"0.655218,0.217763,0.127020"
EDUCATIONxINCOME,"EDUCATIONxINCOME :: College graduate/some postgrad | $30,000-$50,000",PROBOFF_a_W92,3,"0.590427,0.257939,0.151634"
EDUCATIONxINCOME,"EDUCATIONxINCOME :: College graduate/some postgrad | $50,000-$75,000",PROBOFF_a_W92,3,"0.547595,0.284088,0.168317"
EDUCATIONxINCOME,"EDUCATIONxINCOME :: College graduate/some postgrad | $75,000-$100,000",PROBOFF_a_W92,3,"0.626256,0.241443,0.132300"
EDUCATIONxINCOME,"EDUCATIONxINCOME :: College graduate/some postgrad | Less than $30,000",PROBOFF_a_W92,3,"0.582152,0.248432,0.169416"
EDUCATIONxINCOME,EDUCATIONxINCOME :: College graduate/some postgrad | Refused,PROBOFF_a_W92,3,"0.478696,0.274892,0.246412"
EDUCATIONxINCOME,"EDUCATIONxINCOME :: High school graduate | $100,000 or more",PROBOFF_a_W92,3,"0.594162,0.249626,0.156212"
EDUCATIONxINCOME,"EDUCATIONxINCOME :: High school graduate | $30,000-$50,000",PROBOFF_a_W92,3,"0.547354,0.281754,0.170892"
EDUCATIONxINCOME,"EDUCATIONxINCOME :: High school graduate | $50,000-$75,000",PROBOFF_a_W92,3,"0.527452,0.295874,0.176674"
EDUCATIONxINCOME,"EDUCATIONxINCOME :: High school graduate | $75,000-$100,000",PROBOFF_a_W92,3,"0.577633,0.272855,0.149512"
EDUCATIONxINCOME,"EDUCATIONxINCOME :: High school graduate | Less than $30,000",PROBOFF_a_W92,3,"0.554573,0.268174,0.177252"
EDUCATIONxINCOME,EDUCATIONxINCOME :: High school graduate | Refused,PROBOFF_a_W92,3,"0.440926,0.293720,0.265354"
EDUCATIONxINCOME,"EDUCATIONxINCOME :: Less than high school | $30,000-$50,000",PROBOFF_a_W92,3,"0.551825,0.273173,0.175001"
EDUCATIONxINCOME,"EDUCATIONxINCOME :: Less than high school | $50,000-$75,000",PROBOFF_a_W92,3,"0.505137,0.301631,0.193232"
EDUCATIONxINCOME,"EDUCATIONxINCOME :: Less than high school | Less than $30,000",PROBOFF_a_W92,3,"0.574928,0.255123,0.169949"
EDUCATIONxINCOME,"EDUCATIONxINCOME :: Postgraduate | $100,000 or more",PROBOFF_a_W92,3,"0.656120,0.214682,0.129198"
EDUCATIONxINCOME,"EDUCATIONxINCOME :: Postgraduate | $30,000-$50,000",PROBOFF_a_W92,3,"0.565622,0.267181,0.167197"
EDUCATIONxINCOME,"EDUCATIONxINCOME :: Postgraduate | $50,000-$75,000",PROBOFF_a_W92,3,"0.530056,0.288187,0.181757"
EDUCATIONxINCOME,"EDUCATIONxINCOME :: Postgraduate | $75,000-$100,000",PROBOFF_a_W92,3,"0.611386,0.248960,0.139654"
EDUCATIONxINCOME,"EDUCATIONxINCOME :: Postgraduate | Less than $30,000",PROBOFF_a_W92,3,"0.609936,0.229704,0.160359"
EDUCATIONxINCOME,EDUCATIONxINCOME :: Postgraduate | Refused,PROBOFF_a_W92,3,"0.477864,0.272279,0.249857"
EDUCATIONxINCOME,"EDUCATIONxINCOME :: Some college, no degree | $100,000 or more",PROBOFF_a_W92,3,"0.558787,0.268109,0.173104"
EDUCATIONxINCOME,"EDUCATIONxINCOME :: Some college, no degree | $30,000-$50,000",PROBOFF_a_W92,3,"0.516499,0.292002,0.191500"
EDUCATIONxINCOME,"EDUCATIONxINCOME :: Some college, no degree | $50,000-$75,000",PROBOFF_a_W92,3,"0.482895,0.314226,0.202879"
EDUCATIONxINCOME,"EDUCATIONxINCOME :: Some college, no degree | $75,000-$100,000",PROBOFF_a_W92,3,"0.546576,0.288025,0.165399"
EDUCATIONxINCOME,"EDUCATIONxINCOME :: Some college, no degree | Less than $30,000",PROBOFF_a_W92,3,"0.540962,0.280647,0.178390"
EDUCATIONxINCOME,"EDUCATIONxINCOME :: Some college, no degree | Refused",PROBOFF_a_W92,3,"0.472248,0.262845,0.264907"
EDUCATIONxINCOME,"EDUCATIONxINCOME :: Associate's degree | $100,000 or more",PROBRURAL_W32,4,"0.421402,0.230910,0.182664,0.165024"
EDUCATIONxINCOME,"EDUCATIONxINCOME :: Associate's degree | $30,000-$50,000",PROBRURAL_W32,4,"0.277238,0.277238,0.250463,0.195061"
EDUCATIONxINCOME,"EDUCATIONxINCOME :: Associate's degree | $50,000-$75,000",PROBRURAL_W32,4,"0.280726,0.298832,0.242001,0.178441"
EDUCATIONxINCOME,"EDUCATIONxINCOME :: Associate's degree | $75,000-$100,000",PROBRURAL_W32,4,"0.290451,0.283722,0.226203,0.199624"
EDUCATIONxINCOME,"EDUCATIONxINCOME :: Associate's degree | Less than $30,000",PROBRURAL_W32,4,"0.231900,0.230095,0.235551,0.302454"
EDUCATIONxINCOME,"EDUCATIONxINCOME :: College graduate/some postgrad | $100,000 or more",PROBRURAL_W32,4,"0.342649,0.256632,0.214424,0.186295"
EDUCATIONxINCOME,"EDUCATIONxINCOME :: College graduate/some postgrad | $30,000-$50,000",PROBRURAL_W32,4,"0.267655,0.287152,0.255398,0.189796"
EDUCATIONxINCOME,"EDUCATIONxINCOME :: College graduate/some postgrad | $50,000-$75,000",PROBRURAL_W32,4,"0.260977,0.307506,0.254931,0.176586"
EDUCATIONxINCOME,"EDUCATIONxINCOME :: College graduate/some postgrad | $75,000-$100,000",PROBRURAL_W32,4,"0.274654,0.290092,0.240495,0.194759"
EDUCATIONxINCOME,"EDUCATIONxINCOME :: College graduate/some postgrad | Less than $30,000",PROBRURAL_W32,4,"0.207229,0.232994,0.255894,0.303882"
EDUCATIONxINCOME,EDUCATIONxINCOME :: College graduate/some postgrad | Refused,PROBRURAL_W32,4,"0.244361,0.250156,0.235000,0.270483"
EDUCATIONxINCOME,"EDUCATIONxINCOME :: High school graduate | $100,000 or more",PROBRURAL_W32,4,"0.327829,0.267566,0.223560,0.181044"
EDUCATIONxINCOME,"EDUCATIONxINCOME :: High school graduate | $30,000-$50,000",PROBRURAL_W32,4,"0.247478,0.291600,0.269686,0.191236"
EDUCATIONxINCOME,"EDUCATIONxINCOME :: High school graduate | $50,000-$75,000",PROBRURAL_W32,4,"0.272386,0.311074,0.253891,0.162649"
EDUCATIONxINCOME,"EDUCATIONxINCOME :: High school graduate | $75,000-$100,000",PROBRURAL_W32,4,"0.271594,0.298287,0.243455,0.186664"
EDUCATIONxINCOME,"EDUCATIONxINCOME :: High school graduate | Less than $30,000",PROBRURAL_W32,4,"0.205918,0.237010,0.264404,0.292668"
EDUCATIONxINCOME,"EDUCATIONxINCOME :: Less than high school | $30,000-$50,000",PROBRURAL_W32,4,"0.242973,0.275325,0.268947,0.212755"
EDUCATIONxINCOME,"EDUCATIONxINCOME :: Less than high school | Less than $30,000",PROBRURAL_W32,4,"0.196509,0.217516,0.254302,0.331672"
EDUCATIONxINCOME,"EDUCATIONxINCOME :: Postgraduate | $100,000 or more",PROBRURAL_W32,4,"0.342492,0.254519,0.209361,0.193628"
EDUCATIONxINCOME,"EDUCATIONxINCOME :: Postgraduate | $30,000-$50,000",PROBRURAL_W32,4,"0.259742,0.278663,0.257721,0.203874"
EDUCATIONxINCOME,"EDUCATIONxINCOME :: Postgraduate | $50,000-$75,000",PROBRURAL_W32,4,"0.266574,0.302068,0.252388,0.178970"
EDUCATIONxINCOME,"EDUCATIONxINCOME :: Postgraduate | $75,000-$100,000",PROBRURAL_W32,4,"0.282524,0.284739,0.232398,0.200339"
EDUCATIONxINCOME,"EDUCATIONxINCOME :: Postgraduate | Less than $30,000",PROBRURAL_W32,4,"0.214280,0.207688,0.240922,0.337110"
EDUCATIONxINCOME,EDUCATIONxINCOME :: Postgraduate | Refused,PROBRURAL_W32,4,"0.264043,0.244200,0.217196,0.274561"
EDUCATIONxINCOME,"EDUCATIONxINCOME :: Some college, no degree | $100,000 or more",PROBRURAL_W32,4,"0.316930,0.271085,0.221253,0.190732"
EDUCATIONxINCOME,"EDUCATIONxINCOME :: Some college, no degree | $30,000-$50,000",PROBRURAL_W32,4,"0.252217,0.288041,0.260223,0.199520"
EDUCATIONxINCOME,"EDUCATIONxINCOME :: Some college, no degree | $50,000-$75,000",PROBRURAL_W32,4,"0.255861,0.311048,0.255861,0.177230"
EDUCATIONxINCOME,"EDUCATIONxINCOME :: Some college, no degree | $75,000-$100,000",PROBRURAL_W32,4,"0.267810,0.291842,0.238195,0.202153"
EDUCATIONxINCOME,"EDUCATIONxINCOME :: Some college, no degree | Less than $30,000",PROBRURAL_W32,4,"0.210388,0.238401,0.249843,0.301368"
EDUCATIONxINCOME,"EDUCATIONxINCOME :: Some college, no degree | Refused",PROBRURAL_W32,4,"0.230885,0.211872,0.229088,0.328154"
EDUCATIONxINCOME,"EDUCATIONxINCOME :: Associate's degree | $100,000 or more",PROG_RNEED2b_W92,2,"0.501953,0.498047"
EDUCATIONxINCOME,"EDUCATIONxINCOME :: Associate's degree | $30,000-$50,000",PROG_RNEED2b_W92,2,"0.515620,0.484380"
EDUCATIONxINCOME,"EDUCATIONxINCOME :: Associate's degree | $50,000-$75,000",PROG_RNEED2b_W92,2,"0.462959,0.537041"
EDUCATIONxINCOME,"EDUCATIONxINCOME :: Associate's degree | $75,000-$100,000",PROG_RNEED2b_W92,2,"0.472683,0.527317"
EDUCATIONxINCOME,"EDUCATIONxINCOME :: Associate's degree | Less than $30,000",PROG_RNEED2b_W92,2,"0.472683,0.527317"
EDUCATIONxINCOME,EDUCATIONxINCOME :: Associate's degree | Refused,PROG_RNEED2b_W92,2,"0.488283,0.511717"
EDUCATIONxINCOME,"EDUCATIONxINCOME :: College graduate/some postgrad | $100,000 or more",PROG_RNEED2b_W92,2,"0.482429,0.517571"
EDUCATIONxINCOME,"EDUCATIONxINCOME :: College graduate/some postgrad | $30,000-$50,000",PROG_RNEED2b_W92,2,"0.507812,0.492188"
EDUCATIONxINCOME,"EDUCATIONxINCOME :: College graduate/some postgrad | $50,000-$75,000",PROG_RNEED2b_W92,2,"0.474631,0.525369"
EDUCATIONxINCOME,"EDUCATIONxINCOME :: College graduate/some postgrad | $75,000-$100,000",PROG_RNEED2b_W92,2,"0.484380,0.515620"
EDUCATIONxINCOME,"EDUCATIONxINCOME :: College graduate/some postgrad | Less than $30,000",PROG_RNEED2b_W92,2,"0.486332,0.513668"
EDUCATIONxINCOME,EDUCATIONxINCOME :: College graduate/some postgrad | Refused,PROG_RNEED2b_W92,2,"0.500000,0.500000"
EDUCATIONxINCOME,"EDUCATIONxINCOME :: High school graduate | $100,000 or more",PROG_RNEED2b_W92,2,"0.461017,0.538983"
EDUCATIONxINCOME,"EDUCATIONxINCOME :: High school graduate | $30,000-$50,000",PROG_RNEED2b_W92,2,"0.492188,0.507812"
EDUCATIONxINCOME,"EDUCATIONxINCOME :: High school graduate | $50,000-$75,000",PROG_RNEED2b_W92,2,"0.447460,0.552540"
EDUCATIONxINCOME,"EDUCATIONxINCOME :: High school graduate | $75,000-$100,000",PROG_RNEED2b_W92,2,"0.464902,0.535098"
EDUCATIONxINCOME,"EDUCATIONxINCOME :: High school graduate | Less than $30,000",PROG_RNEED2b_W92,2,"0.466846,0.533154"
EDUCATIONxINCOME,EDUCATIONxINCOME :: High school graduate | Refused,PROG_RNEED2b_W92,2,"0.472683,0.527317"
EDUCATIONxINCOME,"EDUCATIONxINCOME :: Less than high school | $30,000-$50,000",PROG_RNEED2b_W92,2,"0.509764,0.490236"
EDUCATIONxINCOME,"EDUCATIONxINCOME :: Less than high school | $50,000-$75,000",PROG_RNEED2b_W92,2,"0.476580,0.523420"
EDUCATIONxINCOME,"EDUCATIONxINCOME :: Less than high school | Less than $30,000",PROG_RNEED2b_W92,2,"0.484380,0.515620"
EDUCATIONxINCOME,"EDUCATIONxINCOME :: Postgraduate | $100,000 or more",PROG_RNEED2b_W92,2,"0.478529,0.521471"
EDUCATIONxINCOME,"EDUCATIONxINCOME :: Postgraduate | $30,000-$50,000",PROG_RNEED2b_W92,2,"0.507812,0.492188"
EDUCATIONxINCOME,"EDUCATIONxINCOME :: Postgraduate | $50,000-$75,000",PROG_RNEED2b_W92,2,"0.474631,0.525369"
EDUCATIONxINCOME,"EDUCATIONxINCOME :: Postgraduate | $75,000-$100,000",PROG_RNEED2b_W92,2,"0.478529,0.521471"
EDUCATIONxINCOME,"EDUCATIONxINCOME :: Postgraduate | Less than $30,000",PROG_RNEED2b_W92,2,"0.488283,0.511717"
EDUCATIONxINCOME,EDUCATIONxINCOME :: Postgraduate | Refused,PROG_RNEED2b_W92,2,"0.492188,0.507812"
EDUCATIONxINCOME,"EDUCATIONxINCOME :: Some college, no degree | $100,000 or more",PROG_RNEED2b_W92,2,"0.468791,0.531209"
EDUCATIONxINCOME,"EDUCATIONxINCOME :: Some college, no degree | $30,000-$50,000",PROG_RNEED2b_W92,2,"0.494141,0.505859"
EDUCATIONxINCOME,"EDUCATIONxINCOME :: Some college, no degree | $50,000-$75,000",PROG_RNEED2b_W92,2,"0.464902,0.535098"
EDUCATIONxINCOME,"EDUCATIONxINCOME :: Some college, no degree | $75,000-$100,000",PROG_RNEED2b_W92,2,"0.470737,0.529263"
EDUCATIONxINCOME,"EDUCATIONxINCOME :: Some college, no degree | Less than $30,000",PROG_RNEED2b_W92,2,"0.468791,0.531209"
EDUCATIONxINCOME,"EDUCATIONxINCOME :: Some college, no degree | Refused",PROG_RNEED2b_W92,2,"0.474631,0.525369"
EDUCATIONxINCOME,"EDUCATIONxINCOME :: Associate's degree | $100,000 or more",PROG_RNEED_W92,3,"0.681742,0.223065,0.095193"
EDUCATIONxINCOME,"EDUCATIONxINCOME :: Associate's degree | $30,000-$50,000",PROG_RNEED_W92,3,"0.623928,0.256059,0.120013"
EDUCATIONxINCOME,"EDUCATIONxINCOME :: Associate's degree | $50,000-$75,000",PROG_RNEED_W92,3,"0.580369,0.294117,0.125514"
EDUCATIONxINCOME,"EDUCATIONxINCOME :: Associate's degree | $75,000-$100,000",PROG_RNEED_W92,3,"0.652063,0.245569,0.102368"
EDUCATIONxINCOME,"EDUCATIONxINCOME :: Associate's degree | Less than $30,000",PROG_RNEED_W92,3,"0.683459,0.210078,0.106462"
EDUCATIONxINCOME,EDUCATIONxINCOME :: Associate's degree | Refused,PROG_RNEED_W92,3,"0.562960,0.268009,0.169031"
EDUCATIONxINCOME,"EDUCATIONxINCOME :: College graduate/some postgrad | $100,000 or more",PROG_RNEED_W92,3,"0.671255,0.226606,0.102139"
EDUCATIONxINCOME,"EDUCATIONxINCOME :: College graduate/some postgrad | $30,000-$50,000",PROG_RNEED_W92,3,"0.632467,0.249620,0.117912"
EDUCATIONxINCOME,"EDUCATIONxINCOME :: College graduate/some postgrad | $50,000-$75,000",PROG_RNEED_W92,3,"0.579971,0.291628,0.128402"
EDUCATIONxINCOME,"EDUCATIONxINCOME :: College graduate/some postgrad | $75,000-$100,000",PROG_RNEED_W92,3,"0.652569,0.240067,0.107364"
EDUCATIONxINCOME,"EDUCATIONxINCOME :: College graduate/some postgrad | Less than $30,000",PROG_RNEED_W92,3,"0.668391,0.213631,0.117978"
EDUCATIONxINCOME,EDUCATIONxINCOME :: College graduate/some postgrad | Refused,PROG_RNEED_W92,3,"0.552241,0.271252,0.176507"
EDUCATIONxINCOME,"EDUCATIONxINCOME :: High school graduate | $100,000 or more",PROG_RNEED_W92,3,"0.616567,0.261071,0.122362"
EDUCATIONxINCOME,"EDUCATIONxINCOME :: High school graduate | $30,000-$50,000",PROG_RNEED_W92,3,"0.591686,0.277318,0.130996"
EDUCATIONxINCOME,"EDUCATIONxINCOME :: High school graduate | $50,000-$75,000",PROG_RNEED_W92,3,"0.575220,0.298420,0.126359"
EDUCATIONxINCOME,"EDUCATIONxINCOME :: High school graduate | $75,000-$100,000",PROG_RNEED_W92,3,"0.618425,0.268068,0.113507"
EDUCATIONxINCOME,"EDUCATIONxINCOME :: High school graduate | Less than $30,000",PROG_RNEED_W92,3,"0.659337,0.226088,0.114576"
EDUCATIONxINCOME,EDUCATIONxINCOME :: High school graduate | Refused,PROG_RNEED_W92,3,"0.527662,0.291402,0.180936"
EDUCATIONxINCOME,"EDUCATIONxINCOME :: Less than high school | $30,000-$50,000",PROG_RNEED_W92,3,"0.602369,0.261108,0.136523"
EDUCATIONxINCOME,"EDUCATIONxINCOME :: Less than high school | $50,000-$75,000",PROG_RNEED_W92,3,"0.548401,0.300499,0.151100"
EDUCATIONxINCOME,"EDUCATIONxINCOME :: Less than high school | Less than $30,000",PROG_RNEED_W92,3,"0.683184,0.203533,0.113283"
EDUCATIONxINCOME,"EDUCATIONxINCOME :: Postgraduate | $100,000 or more",PROG_RNEED_W92,3,"0.682775,0.216530,0.100696"
EDUCATIONxINCOME,"EDUCATIONxINCOME :: Postgraduate | $30,000-$50,000",PROG_RNEED_W92,3,"0.609871,0.258236,0.131894"
EDUCATIONxINCOME,"EDUCATIONxINCOME :: Postgraduate | $50,000-$75,000",PROG_RNEED_W92,3,"0.567621,0.292186,0.140193"
EDUCATIONxINCOME,"EDUCATIONxINCOME :: Postgraduate | $75,000-$100,000",PROG_RNEED_W92,3,"0.644438,0.242697,0.112865"
EDUCATIONxINCOME,"EDUCATIONxINCOME :: Postgraduate | Less than $30,000",PROG_RNEED_W92,3,"0.707103,0.184459,0.108438"
EDUCATIONxINCOME,EDUCATIONxINCOME :: Postgraduate | Refused,PROG_RNEED_W92,3,"0.565312,0.256805,0.177883"
EDUCATIONxINCOME,"EDUCATIONxINCOME :: Some college, no degree | $100,000 or more",PROG_RNEED_W92,3,"0.596146,0.266613,0.137241"
EDUCATIONxINCOME,"EDUCATIONxINCOME :: Some college, no degree | $30,000-$50,000",PROG_RNEED_W92,3,"0.562870,0.280826,0.156303"
EDUCATIONxINCOME,"EDUCATIONxINCOME :: Some college, no degree | $50,000-$75,000",PROG_RNEED_W92,3,"0.517891,0.316581,0.165528"
EDUCATIONxINCOME,"EDUCATIONxINCOME :: Some college, no degree | $75,000-$100,000",PROG_RNEED_W92,3,"0.589254,0.274028,0.136718"
EDUCATIONxINCOME,"EDUCATIONxINCOME :: Some college, no degree | Less than $30,000",PROG_RNEED_W92,3,"0.634270,0.238868,0.126862"
EDUCATIONxINCOME,"EDUCATIONxINCOME :: Some college, no degree | Refused",PROG_RNEED_W92,3,"0.603894,0.231010,0.165096"
EDUCATIONxINCOME,"EDUCATIONxINCOME :: Associate's degree | $100,000 or more",PROG_RRETRO_W92,3,"0.474228,0.323396,0.202376"
EDUCATIONxINCOME,"EDUCATIONxINCOME :: Associate's degree | $30,000-$50,000",PROG_RRETRO_W92,3,"0.354241,0.374153,0.271606"
EDUCATIONxINCOME,"EDUCATIONxINCOME :: Associate's degree | $50,000-$75,000",PROG_RRETRO_W92,3,"0.326629,0.393990,0.279381"
EDUCATIONxINCOME,"EDUCATIONxINCOME :: Associate's degree | $75,000-$100,000",PROG_RRETRO_W92,3,"0.354413,0.392299,0.253288"
EDUCATIONxINCOME,"EDUCATIONxINCOME :: Associate's degree | Less than $30,000",PROG_RRETRO_W92,3,"0.293586,0.335286,0.371128"
EDUCATIONxINCOME,EDUCATIONxINCOME :: Associate's degree | Refused,PROG_RRETRO_W92,3,"0.329324,0.311798,0.358877"
EDUCATIONxINCOME,"EDUCATIONxINCOME :: College graduate/some postgrad | $100,000 or more",PROG_RRETRO_W92,3,"0.404126,0.342978,0.252896"
EDUCATIONxINCOME,"EDUCATIONxINCOME :: College graduate/some postgrad | $30,000-$50,000",PROG_RRETRO_W92,3,"0.360376,0.371815,0.267809"
EDUCATIONxINCOME,"EDUCATIONxINCOME :: College graduate/some postgrad | $50,000-$75,000",PROG_RRETRO_W92,3,"0.327188,0.388546,0.284266"
EDUCATIONxINCOME,"EDUCATIONxINCOME :: College graduate/some postgrad | $75,000-$100,000",PROG_RRETRO_W92,3,"0.354785,0.383614,0.261602"
EDUCATIONxINCOME,"EDUCATIONxINCOME :: College graduate/some postgrad | Less than $30,000",PROG_RRETRO_W92,3,"0.291540,0.325237,0.383223"
EDUCATIONxINCOME,EDUCATIONxINCOME :: College graduate/some postgrad | Refused,PROG_RRETRO_W92,3,"0.324963,0.312514,0.362523"
EDUCATIONxINCOME,"EDUCATIONxINCOME :: High school graduate | $100,000 or more",PROG_RRETRO_W92,3,"0.385463,0.353720,0.260817"
EDUCATIONxINCOME,"EDUCATIONxINCOME :: High school graduate | $30,000-$50,000",PROG_RRETRO_W92,3,"0.330630,0.377591,0.291780"
EDUCATIONxINCOME,"EDUCATIONxINCOME :: High school graduate | $50,000-$75,000",PROG_RRETRO_W92,3,"0.323034,0.389653,0.287312"
EDUCATIONxINCOME,"EDUCATIONxINCOME :: High school graduate | $75,000-$100,000",PROG_RRETRO_W92,3,"0.340936,0.389361,0.269703"
EDUCATIONxINCOME,"EDUCATIONxINCOME :: High school graduate | Less than $30,000",PROG_RRETRO_W92,3,"0.274372,0.323289,0.402339"
EDUCATIONxINCOME,EDUCATIONxINCOME :: High school graduate | Refused,PROG_RRETRO_W92,3,"0.318929,0.313985,0.367086"
EDUCATIONxINCOME,"EDUCATIONxINCOME :: Less than high school | $30,000-$50,000",PROG_RRETRO_W92,3,"0.335044,0.362269,0.302687"
EDUCATIONxINCOME,"EDUCATIONxINCOME :: Less than high school | $50,000-$75,000",PROG_RRETRO_W92,3,"0.322640,0.374269,0.303092"
EDUCATIONxINCOME,"EDUCATIONxINCOME :: Less than high school | Less than $30,000",PROG_RRETRO_W92,3,"0.278480,0.303471,0.418049"
EDUCATIONxINCOME,"EDUCATIONxINCOME :: Postgraduate | $100,000 or more",PROG_RRETRO_W92,3,"0.400908,0.340246,0.258846"
EDUCATIONxINCOME,"EDUCATIONxINCOME :: Postgraduate | $30,000-$50,000",PROG_RRETRO_W92,3,"0.346991,0.360813,0.292196"
EDUCATIONxINCOME,"EDUCATIONxINCOME :: Postgraduate | $50,000-$75,000",PROG_RRETRO_W92,3,"0.327595,0.374126,0.298279"
EDUCATIONxINCOME,"EDUCATIONxINCOME :: Postgraduate | $75,000-$100,000",PROG_RRETRO_W92,3,"0.356782,0.373904,0.269313"
EDUCATIONxINCOME,"EDUCATIONxINCOME :: Postgraduate | Less than $30,000",PROG_RRETRO_W92,3,"0.290090,0.287832,0.422078"
EDUCATIONxINCOME,EDUCATIONxINCOME :: Postgraduate | Refused,PROG_RRETRO_W92,3,"0.334516,0.295209,0.370275"
EDUCATIONxINCOME,"EDUCATIONxINCOME :: Some college, no degree | $100,000 or more",PROG_RRETRO_W92,3,"0.382541,0.348308,0.269151"
EDUCATIONxINCOME,"EDUCATIONxINCOME :: Some college, no degree | $30,000-$50,000",PROG_RRETRO_W92,3,"0.334881,0.364933,0.300186"
EDUCATIONxINCOME,"EDUCATIONxINCOME :: Some college, no degree | $50,000-$75,000",PROG_RRETRO_W92,3,"0.317710,0.374354,0.307935"
EDUCATIONxINCOME,"EDUCATIONxINCOME :: Some college, no degree | $75,000-$100,000",PROG_RRETRO_W92,3,"0.342365,0.376014,0.281621"
EDUCATIONxINCOME,"EDUCATIONxINCOME :: Some college, no degree | Less than $30,000",PROG_RRETRO_W92,3,"0.282539,0.312742,0.404719"
EDUCATIONxINCOME,"EDUCATIONxINCOME :: Some college, no degree | Refused",PROG_RRETRO_W92,3,"0.288580,0.243009,0.468411"
EDUCATIONxINCOME,"EDUCATIONxINCOME :: Associate's degree | $100,000 or more",Q6F1_W42,3,"0.883008,0.041623,0.075369"
EDUCATIONxINCOME,"EDUCATIONxINCOME :: Associate's degree | $30,000-$50,000",Q6F1_W42,3,"0.849772,0.047941,0.102287"
EDUCATIONxINCOME,"EDUCATIONxINCOME :: Associate's degree | $50,000-$75,000",Q6F1_W42,3,"0.862261,0.048267,0.089473"
EDUCATIONxINCOME,"EDUCATIONxINCOME :: Associate's degree | $75,000-$100,000",Q6F1_W42,3,"0.883657,0.039130,0.077213"
EDUCATIONxINCOME,"EDUCATIONxINCOME :: Associate's degree | Less than $30,000",Q6F1_W42,3,"0.837019,0.051459,0.111522"
EDUCATIONxINCOME,"EDUCATIONxINCOME :: College graduate/some postgrad | $100,000 or more",Q6F1_W42,3,"0.885136,0.035688,0.079176"
EDUCATIONxINCOME,"EDUCATIONxINCOME :: College graduate/some postgrad | $30,000-$50,000",Q6F1_W42,3,"0.851946,0.045506,0.102548"
EDUCATIONxINCOME,"EDUCATIONxINCOME :: College graduate/some postgrad | $50,000-$75,000",Q6F1_W42,3,"0.865369,0.043422,0.091209"
EDUCATIONxINCOME,"EDUCATIONxINCOME :: College graduate/some postgrad | $75,000-$100,000",Q6F1_W42,3,"0.884832,0.035398,0.079770"
EDUCATIONxINCOME,"EDUCATIONxINCOME :: College graduate/some postgrad | Less than $30,000",Q6F1_W42,3,"0.820542,0.051642,0.127816"
EDUCATIONxINCOME,"EDUCATIONxINCOME :: High school graduate | $100,000 or more",Q6F1_W42,3,"0.856997,0.047599,0.095404"
EDUCATIONxINCOME,"EDUCATIONxINCOME :: High school graduate | $30,000-$50,000",Q6F1_W42,3,"0.841892,0.049388,0.108720"
EDUCATIONxINCOME,"EDUCATIONxINCOME :: High school graduate | $50,000-$75,000",Q6F1_W42,3,"0.864146,0.046884,0.088970"
EDUCATIONxINCOME,"EDUCATIONxINCOME :: High school graduate | $75,000-$100,000",Q6F1_W42,3,"0.870166,0.042319,0.087515"
EDUCATIONxINCOME,"EDUCATIONxINCOME :: High school graduate | Less than $30,000",Q6F1_W42,3,"0.817648,0.056961,0.125390"
EDUCATIONxINCOME,EDUCATIONxINCOME :: High school graduate | Refused,Q6F1_W42,3,"0.655078,0.102042,0.242880"
EDUCATIONxINCOME,"EDUCATIONxINCOME :: Less than high school | $30,000-$50,000",Q6F1_W42,3,"0.810838,0.057826,0.131336"
EDUCATIONxINCOME,"EDUCATIONxINCOME :: Less than high school | Less than $30,000",Q6F1_W42,3,"0.798267,0.063015,0.138718"
EDUCATIONxINCOME,"EDUCATIONxINCOME :: Postgraduate | $100,000 or more",Q6F1_W42,3,"0.878715,0.038911,0.082374"
EDUCATIONxINCOME,"EDUCATIONxINCOME :: Postgraduate | $30,000-$50,000",Q6F1_W42,3,"0.827550,0.054158,0.118292"
EDUCATIONxINCOME,"EDUCATIONxINCOME :: Postgraduate | $50,000-$75,000",Q6F1_W42,3,"0.838877,0.054472,0.106651"
EDUCATIONxINCOME,"EDUCATIONxINCOME :: Postgraduate | $75,000-$100,000",Q6F1_W42,3,"0.868968,0.042261,0.088771"
EDUCATIONxINCOME,"EDUCATIONxINCOME :: Postgraduate | Less than $30,000",Q6F1_W42,3,"0.816621,0.060087,0.123291"
EDUCATIONxINCOME,"EDUCATIONxINCOME :: Some college, no degree | $100,000 or more",Q6F1_W42,3,"0.784235,0.072945,0.142820"
EDUCATIONxINCOME,"EDUCATIONxINCOME :: Some college, no degree | $30,000-$50,000",Q6F1_W42,3,"0.755007,0.076529,0.168465"
EDUCATIONxINCOME,"EDUCATIONxINCOME :: Some college, no degree | $50,000-$75,000",Q6F1_W42,3,"0.767866,0.080932,0.151202"
EDUCATIONxINCOME,"EDUCATIONxINCOME :: Some college, no degree | $75,000-$100,000",Q6F1_W42,3,"0.797980,0.065502,0.136518"
EDUCATIONxINCOME,"EDUCATIONxINCOME :: Some college, no degree | Less than $30,000",Q6F1_W42,3,"0.750187,0.078454,0.171359"
EDUCATIONxINCOME,"EDUCATIONxINCOME :: Some college, no degree | Refused",Q6F1_W42,3,"0.601321,0.121215,0.277464"
EDUCATIONxINCOME,"EDUCATIONxINCOME :: Associate's degree | $100,000 or more",Q6F2_W42,3,"0.814651,0.063312,0.122037"
EDUCATIONxINCOME,"EDUCATIONxINCOME :: Associate's degree | $30,000-$50,000",Q6F2_W42,3,"0.757342,0.074987,0.167671"
EDUCATIONxINCOME,"EDUCATIONxINCOME :: Associate's degree | $50,000-$75,000",Q6F2_W42,3,"0.777552,0.075205,0.147244"
EDUCATIONxINCOME,"EDUCATIONxINCOME :: Associate's degree | $75,000-$100,000",Q6F2_W42,3,"0.800081,0.065164,0.134756"
EDUCATIONxINCOME,"EDUCATIONxINCOME :: Associate's degree | Less than $30,000",Q6F2_W42,3,"0.716524,0.082944,0.200532"
EDUCATIONxINCOME,"EDUCATIONxINCOME :: College graduate/some postgrad | $100,000 or more",Q6F2_W42,3,"0.810838,0.057826,0.131336"
EDUCATIONxINCOME,"EDUCATIONxINCOME :: College graduate/some postgrad | $30,000-$50,000",Q6F2_W42,3,"0.761797,0.070858,0.167345"
EDUCATIONxINCOME,"EDUCATIONxINCOME :: College graduate/some postgrad | $50,000-$75,000",Q6F2_W42,3,"0.782820,0.068939,0.148241"
EDUCATIONxINCOME,"EDUCATIONxINCOME :: College graduate/some postgrad | $75,000-$100,000",Q6F2_W42,3,"0.799201,0.059732,0.141067"
EDUCATIONxINCOME,"EDUCATIONxINCOME :: College graduate/some postgrad | Less than $30,000",Q6F2_W42,3,"0.692480,0.082705,0.224815"
EDUCATIONxINCOME,"EDUCATIONxINCOME :: High school graduate | $100,000 or more",Q6F2_W42,3,"0.769335,0.075582,0.155084"
EDUCATIONxINCOME,"EDUCATIONxINCOME :: High school graduate | $30,000-$50,000",Q6F2_W42,3,"0.734438,0.079866,0.185695"
EDUCATIONxINCOME,"EDUCATIONxINCOME :: High school graduate | $50,000-$75,000",Q6F2_W42,3,"0.767958,0.077236,0.154806"
EDUCATIONxINCOME,"EDUCATIONxINCOME :: High school graduate | $75,000-$100,000",Q6F2_W42,3,"0.769245,0.073248,0.157507"
EDUCATIONxINCOME,"EDUCATIONxINCOME :: High school graduate | Less than $30,000",Q6F2_W42,3,"0.677942,0.093194,0.228863"
EDUCATIONxINCOME,EDUCATIONxINCOME :: High school graduate | Refused,Q6F2_W42,3,"0.509047,0.132793,0.358160"
EDUCATIONxINCOME,"EDUCATIONxINCOME :: Less than high school | $30,000-$50,000",Q6F2_W42,3,"0.694149,0.092486,0.213364"
EDUCATIONxINCOME,"EDUCATIONxINCOME :: Less than high school | Less than $30,000",Q6F2_W42,3,"0.649764,0.103614,0.246622"
EDUCATIONxINCOME,"EDUCATIONxINCOME :: Postgraduate | $100,000 or more",Q6F2_W42,3,"0.797399,0.062947,0.139654"
EDUCATIONxINCOME,"EDUCATIONxINCOME :: Postgraduate | $30,000-$50,000",Q6F2_W42,3,"0.727363,0.082893,0.189744"
EDUCATIONxINCOME,"EDUCATIONxINCOME :: Postgraduate | $50,000-$75,000",Q6F2_W42,3,"0.748389,0.083313,0.168298"
EDUCATIONxINCOME,"EDUCATIONxINCOME :: Postgraduate | $75,000-$100,000",Q6F2_W42,3,"0.774243,0.070899,0.154858"
EDUCATIONxINCOME,"EDUCATIONxINCOME :: Postgraduate | Less than $30,000",Q6F2_W42,3,"0.684108,0.095523,0.220369"
EDUCATIONxINCOME,"EDUCATIONxINCOME :: Some college, no degree | $100,000 or more",Q6F2_W42,3,"0.687393,0.104595,0.208012"
EDUCATIONxINCOME,"EDUCATIONxINCOME :: Some college, no degree | $30,000-$50,000",Q6F2_W42,3,"0.643661,0.110117,0.246222"
EDUCATIONxINCOME,"EDUCATIONxINCOME :: Some college, no degree | $50,000-$75,000",Q6F2_W42,3,"0.662210,0.115977,0.221813"
EDUCATIONxINCOME,"EDUCATIONxINCOME :: Some college, no degree | $75,000-$100,000",Q6F2_W42,3,"0.683986,0.102463,0.213551"
EDUCATIONxINCOME,"EDUCATIONxINCOME :: Some college, no degree | Less than $30,000",Q6F2_W42,3,"0.601701,0.118482,0.279817"
EDUCATIONxINCOME,"EDUCATIONxINCOME :: Some college, no degree | Refused",Q6F2_W42,3,"0.450337,0.142816,0.406846"
EDUCATIONxINCOME,"EDUCATIONxINCOME :: Associate's degree | $100,000 or more",Q7F1_W42,3,"0.725136,0.073501,0.201363"
EDUCATIONxINCOME,"EDUCATIONxINCOME :: Associate's degree | $30,000-$50,000",Q7F1_W42,3,"0.656214,0.088809,0.254977"
EDUCATIONxINCOME,"EDUCATIONxINCOME :: Associate's degree | $50,000-$75,000",Q7F1_W42,3,"0.673538,0.091868,0.234594"
EDUCATIONxINCOME,"EDUCATIONxINCOME :: Associate's degree | $75,000-$100,000",Q7F1_W42,3,"0.694141,0.082258,0.223601"
EDUCATIONxINCOME,"EDUCATIONxINCOME :: Associate's degree | Less than $30,000",Q7F1_W42,3,"0.632991,0.092627,0.274381"
EDUCATIONxINCOME,"EDUCATIONxINCOME :: College graduate/some postgrad | $100,000 or more",Q7F1_W42,3,"0.704130,0.070816,0.225054"
EDUCATIONxINCOME,"EDUCATIONxINCOME :: College graduate/some postgrad | $30,000-$50,000",Q7F1_W42,3,"0.652276,0.086231,0.261493"
EDUCATIONxINCOME,"EDUCATIONxINCOME :: College graduate/some postgrad | $50,000-$75,000",Q7F1_W42,3,"0.663229,0.086997,0.249774"
EDUCATIONxINCOME,"EDUCATIONxINCOME :: College graduate/some postgrad | $75,000-$100,000",Q7F1_W42,3,"0.678782,0.079191,0.242027"
EDUCATIONxINCOME,"EDUCATIONxINCOME :: College graduate/some postgrad | Less than $30,000",Q7F1_W42,3,"0.597736,0.094576,0.307688"
EDUCATIONxINCOME,"EDUCATIONxINCOME :: High school graduate | $100,000 or more",Q7F1_W42,3,"0.670288,0.090714,0.238999"
EDUCATIONxINCOME,"EDUCATIONxINCOME :: High school graduate | $30,000-$50,000",Q7F1_W42,3,"0.631533,0.096849,0.271619"
EDUCATIONxINCOME,"EDUCATIONxINCOME :: High school graduate | $50,000-$75,000",Q7F1_W42,3,"0.663148,0.094792,0.242060"
EDUCATIONxINCOME,"EDUCATIONxINCOME :: High school graduate | $75,000-$100,000",Q7F1_W42,3,"0.662555,0.091793,0.245652"
EDUCATIONxINCOME,"EDUCATIONxINCOME :: High school graduate | Less than $30,000",Q7F1_W42,3,"0.600616,0.104371,0.295013"
EDUCATIONxINCOME,EDUCATIONxINCOME :: High school graduate | Refused,Q7F1_W42,3,"0.466397,0.134673,0.398930"
EDUCATIONxINCOME,"EDUCATIONxINCOME :: Less than high school | $30,000-$50,000",Q7F1_W42,3,"0.597623,0.108835,0.293542"
EDUCATIONxINCOME,"EDUCATIONxINCOME :: Less than high school | Less than $30,000",Q7F1_W42,3,"0.578701,0.113953,0.307346"
EDUCATIONxINCOME,"EDUCATIONxINCOME :: Postgraduate | $100,000 or more",Q7F1_W42,3,"0.696811,0.076968,0.226221"
EDUCATIONxINCOME,"EDUCATIONxINCOME :: Postgraduate | $30,000-$50,000",Q7F1_W42,3,"0.619586,0.101145,0.279269"
EDUCATIONxINCOME,"EDUCATIONxINCOME :: Postgraduate | $50,000-$75,000",Q7F1_W42,3,"0.630800,0.106244,0.262956"
EDUCATIONxINCOME,"EDUCATIONxINCOME :: Postgraduate | $75,000-$100,000",Q7F1_W42,3,"0.661752,0.090969,0.247279"
EDUCATIONxINCOME,"EDUCATIONxINCOME :: Postgraduate | Less than $30,000",Q7F1_W42,3,"0.601502,0.112139,0.286358"
EDUCATIONxINCOME,"EDUCATIONxINCOME :: Some college, no degree | $100,000 or more",Q7F1_W42,3,"0.600383,0.118222,0.281394"
EDUCATIONxINCOME,"EDUCATIONxINCOME :: Some college, no degree | $30,000-$50,000",Q7F1_W42,3,"0.554732,0.126713,0.318556"
EDUCATIONxINCOME,"EDUCATIONxINCOME :: Some college, no degree | $50,000-$75,000",Q7F1_W42,3,"0.568058,0.134926,0.297016"
EDUCATIONxINCOME,"EDUCATIONxINCOME :: Some college, no degree | $75,000-$100,000",Q7F1_W42,3,"0.585858,0.121847,0.292295"
EDUCATIONxINCOME,"EDUCATIONxINCOME :: Some college, no degree | Less than $30,000",Q7F1_W42,3,"0.539490,0.128140,0.332370"
EDUCATIONxINCOME,"EDUCATIONxINCOME :: Some college, no degree | Refused",Q7F1_W42,3,"0.412087,0.149248,0.438665"
EDUCATIONxINCOME,"EDUCATIONxINCOME :: Associate's degree | $100,000 or more",RACATTN_W43,3,"0.334187,0.336808,0.329006"
EDUCATIONxINCOME,"EDUCATIONxINCOME :: Associate's degree | $30,000-$50,000",RACATTN_W43,3,"0.280259,0.357059,0.362682"
EDUCATIONxINCOME,"EDUCATIONxINCOME :: Associate's degree | $50,000-$75,000",RACATTN_W43,3,"0.277100,0.367097,0.355803"
EDUCATIONxINCOME,"EDUCATIONxINCOME :: Associate's degree | $75,000-$100,000",RACATTN_W43,3,"0.295523,0.382435,0.322042"
EDUCATIONxINCOME,"EDUCATIONxINCOME :: Associate's degree | Less than $30,000",RACATTN_W43,3,"0.291211,0.410673,0.298117"
EDUCATIONxINCOME,"EDUCATIONxINCOME :: College graduate/some postgrad | $100,000 or more",RACATTN_W43,3,"0.329809,0.342948,0.327243"
EDUCATIONxINCOME,"EDUCATIONxINCOME :: College graduate/some postgrad | $30,000-$50,000",RACATTN_W43,3,"0.288661,0.334853,0.376485"
EDUCATIONxINCOME,"EDUCATIONxINCOME :: College graduate/some postgrad | $50,000-$75,000",RACATTN_W43,3,"0.288887,0.343062,0.368051"
EDUCATIONxINCOME,"EDUCATIONxINCOME :: College graduate/some postgrad | $75,000-$100,000",RACATTN_W43,3,"0.308572,0.355165,0.336263"
EDUCATIONxINCOME,"EDUCATIONxINCOME :: College graduate/some postgrad | Less than $30,000",RACATTN_W43,3,"0.302321,0.388188,0.309491"
EDUCATIONxINCOME,EDUCATIONxINCOME :: College graduate/some postgrad | Refused,RACATTN_W43,3,"0.290918,0.329653,0.379429"
EDUCATIONxINCOME,"EDUCATIONxINCOME :: High school graduate | $100,000 or more",RACATTN_W43,3,"0.328723,0.352668,0.318609"
EDUCATIONxINCOME,"EDUCATIONxINCOME :: High school graduate | $30,000-$50,000",RACATTN_W43,3,"0.294639,0.347170,0.358190"
EDUCATIONxINCOME,"EDUCATIONxINCOME :: High school graduate | $50,000-$75,000",RACATTN_W43,3,"0.281541,0.339604,0.378855"
EDUCATIONxINCOME,"EDUCATIONxINCOME :: High school graduate | $75,000-$100,000",RACATTN_W43,3,"0.305743,0.368796,0.325461"
EDUCATIONxINCOME,"EDUCATIONxINCOME :: High school graduate | Less than $30,000",RACATTN_W43,3,"0.300771,0.398457,0.300771"
EDUCATIONxINCOME,EDUCATIONxINCOME :: High school graduate | Refused,RACATTN_W43,3,"0.284918,0.346372,0.368711"
EDUCATIONxINCOME,"EDUCATIONxINCOME :: Less than high school | $30,000-$50,000",RACATTN_W43,3,"0.305313,0.351414,0.343273"
EDUCATIONxINCOME,"EDUCATIONxINCOME :: Less than high school | Less than $30,000",RACATTN_W43,3,"0.307325,0.403971,0.288705"
EDUCATIONxINCOME,"EDUCATIONxINCOME :: Postgraduate | $100,000 or more",RACATTN_W43,3,"0.337410,0.364827,0.297763"
EDUCATIONxINCOME,"EDUCATIONxINCOME :: Postgraduate | $30,000-$50,000",RACATTN_W43,3,"0.293839,0.357218,0.348943"
EDUCATIONxINCOME,"EDUCATIONxINCOME :: Postgraduate | $50,000-$75,000",RACATTN_W43,3,"0.292987,0.361790,0.345223"
EDUCATIONxINCOME,"EDUCATIONxINCOME :: Postgraduate | $75,000-$100,000",RACATTN_W43,3,"0.304745,0.373381,0.321874"
EDUCATIONxINCOME,"EDUCATIONxINCOME :: Postgraduate | Less than $30,000",RACATTN_W43,3,"0.305235,0.401224,0.293541"
EDUCATIONxINCOME,"EDUCATIONxINCOME :: Some college, no degree | $100,000 or more",RACATTN_W43,3,"0.335805,0.343768,0.320427"
EDUCATIONxINCOME,"EDUCATIONxINCOME :: Some college, no degree | $30,000-$50,000",RACATTN_W43,3,"0.298279,0.327595,0.374126"
EDUCATIONxINCOME,"EDUCATIONxINCOME :: Some college, no degree | $50,000-$75,000",RACATTN_W43,3,"0.295285,0.337226,0.367488"
EDUCATIONxINCOME,"EDUCATIONxINCOME :: Some college, no degree | $75,000-$100,000",RACATTN_W43,3,"0.308650,0.344324,0.347025"
EDUCATIONxINCOME,"EDUCATIONxINCOME :: Some college, no degree | Less than $30,000",RACATTN_W43,3,"0.305633,0.371555,0.322812"
EDUCATIONxINCOME,"EDUCATIONxINCOME :: Some college, no degree | Refused",RACATTN_W43,3,"0.320755,0.315782,0.363463"
EDUCATIONxINCOME,"EDUCATIONxINCOME :: Associate's degree | $100,000 or more",RACESURV10_W43,2,"0.422505,0.577495"
EDUCATIONxINCOME,"EDUCATIONxINCOME :: Associate's degree | $30,000-$50,000",RACESURV10_W43,2,"0.377541,0.622459"
EDUCATIONxINCOME,"EDUCATIONxINCOME :: Associate's degree | $50,000-$75,000",RACESURV10_W43,2,"0.366590,0.633410"
EDUCATIONxINCOME,"EDUCATIONxINCOME :: Associate's degree | $75,000-$100,000",RACESURV10_W43,2,"0.357568,0.642432"
EDUCATIONxINCOME,"EDUCATIONxINCOME :: Associate's degree | Less than $30,000",RACESURV10_W43,2,"0.287768,0.712232"
EDUCATIONxINCOME,"EDUCATIONxINCOME :: College graduate/some postgrad | $100,000 or more",RACESURV10_W43,2,"0.375706,0.624294"
EDUCATIONxINCOME,"EDUCATIONxINCOME :: College graduate/some postgrad | $30,000-$50,000",RACESURV10_W43,2,"0.403567,0.596433"
EDUCATIONxINCOME,"EDUCATIONxINCOME :: College graduate/some postgrad | $50,000-$75,000",RACESURV10_W43,2,"0.383064,0.616936"
EDUCATIONxINCOME,"EDUCATIONxINCOME :: College graduate/some postgrad | $75,000-$100,000",RACESURV10_W43,2,"0.381220,0.618780"
EDUCATIONxINCOME,"EDUCATIONxINCOME :: College graduate/some postgrad | Less than $30,000",RACESURV10_W43,2,"0.300746,0.699254"
EDUCATIONxINCOME,EDUCATIONxINCOME :: College graduate/some postgrad | Refused,RACESURV10_W43,2,"0.407333,0.592667"
EDUCATIONxINCOME,"EDUCATIONxINCOME :: High school graduate | $100,000 or more",RACESURV10_W43,2,"0.370225,0.629775"
EDUCATIONxINCOME,"EDUCATIONxINCOME :: High school graduate | $30,000-$50,000",RACESURV10_W43,2,"0.375706,0.624294"
EDUCATIONxINCOME,"EDUCATIONxINCOME :: High school graduate | $50,000-$75,000",RACESURV10_W43,2,"0.388618,0.611382"
EDUCATIONxINCOME,"EDUCATIONxINCOME :: High school graduate | $75,000-$100,000",RACESURV10_W43,2,"0.368406,0.631594"
EDUCATIONxINCOME,"EDUCATIONxINCOME :: High school graduate | Less than $30,000",RACESURV10_W43,2,"0.275130,0.724870"
EDUCATIONxINCOME,EDUCATIONxINCOME :: High school graduate | Refused,RACESURV10_W43,2,"0.390476,0.609524"
EDUCATIONxINCOME,"EDUCATIONxINCOME :: Less than high school | $30,000-$50,000",RACESURV10_W43,2,"0.372049,0.627951"
EDUCATIONxINCOME,"EDUCATIONxINCOME :: Less than high school | Less than $30,000",RACESURV10_W43,2,"0.267408,0.732592"
EDUCATIONxINCOME,"EDUCATIONxINCOME :: Postgraduate | $100,000 or more",RACESURV10_W43,2,"0.350421,0.649579"
EDUCATIONxINCOME,"EDUCATIONxINCOME :: Postgraduate | $30,000-$50,000",RACESURV10_W43,2,"0.381220,0.618780"
EDUCATIONxINCOME,"EDUCATIONxINCOME :: Postgraduate | $50,000-$75,000",RACESURV10_W43,2,"0.372049,0.627951"
EDUCATIONxINCOME,"EDUCATIONxINCOME :: Postgraduate | $75,000-$100,000",RACESURV10_W43,2,"0.373876,0.626124"
EDUCATIONxINCOME,"EDUCATIONxINCOME :: Postgraduate | Less than $30,000",RACESURV10_W43,2,"0.270480,0.729520"
EDUCATIONxINCOME,"EDUCATIONxINCOME :: Some college, no degree | $100,000 or more",RACESURV10_W43,2,"0.383064,0.616936"
EDUCATIONxINCOME,"EDUCATIONxINCOME :: Some college, no degree | $30,000-$50,000",RACESURV10_W43,2,"0.394201,0.605799"
EDUCATIONxINCOME,"EDUCATIONxINCOME :: Some college, no degree | $50,000-$75,000",RACESURV10_W43,2,"0.386763,0.613237"
EDUCATIONxINCOME,"EDUCATIONxINCOME :: Some college, no degree | $75,000-$100,000",RACESURV10_W43,2,"0.386763,0.613237"
EDUCATIONxINCOME,"EDUCATIONxINCOME :: Some college, no degree | Less than $30,000",RACESURV10_W43,2,"0.295840,0.704160"
EDUCATIONxINCOME,"EDUCATIONxINCOME :: Some college, no degree | Refused",RACESURV10_W43,2,"0.329392,0.670608"
EDUCATIONxINCOME,"EDUCATIONxINCOME :: Associate's degree | $100,000 or more",RACESURV18d_W43,4,"0.423003,0.353432,0.172249,0.051316"
EDUCATIONxINCOME,"EDUCATIONxINCOME :: Associate's degree | $30,000-$50,000",RACESURV18d_W43,4,"0.372433,0.381265,0.188740,0.057562"
EDUCATIONxINCOME,"EDUCATIONxINCOME :: Associate's degree | $50,000-$75,000",RACESURV18d_W43,4,"0.345174,0.397293,0.202918,0.054615"
EDUCATIONxINCOME,"EDUCATIONxINCOME :: Associate's degree | $75,000-$100,000",RACESURV18d_W43,4,"0.345257,0.400505,0.186252,0.067985"
EDUCATIONxINCOME,"EDUCATIONxINCOME :: Associate's degree | Less than $30,000",RACESURV18d_W43,4,"0.341815,0.375410,0.212238,0.070537"
EDUCATIONxINCOME,"EDUCATIONxINCOME :: College graduate/some postgrad | $100,000 or more",RACESURV18d_W43,4,"0.381610,0.390660,0.176084,0.051645"
EDUCATIONxINCOME,"EDUCATIONxINCOME :: College graduate/some postgrad | $30,000-$50,000",RACESURV18d_W43,4,"0.341190,0.395787,0.203734,0.059290"
EDUCATIONxINCOME,"EDUCATIONxINCOME :: College graduate/some postgrad | $50,000-$75,000",RACESURV18d_W43,4,"0.322700,0.407931,0.213292,0.056077"
EDUCATIONxINCOME,"EDUCATIONxINCOME :: College graduate/some postgrad | $75,000-$100,000",RACESURV18d_W43,4,"0.330100,0.407619,0.192546,0.069735"
EDUCATIONxINCOME,"EDUCATIONxINCOME :: College graduate/some postgrad | Less than $30,000",RACESURV18d_W43,4,"0.322794,0.383328,0.221853,0.072025"
EDUCATIONxINCOME,EDUCATIONxINCOME :: College graduate/some postgrad | Refused,RACESURV18d_W43,4,"0.303380,0.368816,0.238125,0.089679"
EDUCATIONxINCOME,"EDUCATIONxINCOME :: High school graduate | $100,000 or more",RACESURV18d_W43,4,"0.360658,0.383918,0.196086,0.059338"
EDUCATIONxINCOME,"EDUCATIONxINCOME :: High school graduate | $30,000-$50,000",RACESURV18d_W43,4,"0.331296,0.399620,0.207320,0.061764"
EDUCATIONxINCOME,"EDUCATIONxINCOME :: High school graduate | $50,000-$75,000",RACESURV18d_W43,4,"0.304935,0.407142,0.230177,0.057745"
EDUCATIONxINCOME,"EDUCATIONxINCOME :: High school graduate | $75,000-$100,000",RACESURV18d_W43,4,"0.307045,0.406769,0.212684,0.073502"
EDUCATIONxINCOME,"EDUCATIONxINCOME :: High school graduate | Less than $30,000",RACESURV18d_W43,4,"0.298467,0.386245,0.239825,0.075464"
EDUCATIONxINCOME,EDUCATIONxINCOME :: High school graduate | Refused,RACESURV18d_W43,4,"0.286005,0.361545,0.254378,0.098072"
EDUCATIONxINCOME,"EDUCATIONxINCOME :: Less than high school | $30,000-$50,000",RACESURV18d_W43,4,"0.320502,0.383591,0.225502,0.070405"
EDUCATIONxINCOME,"EDUCATIONxINCOME :: Less than high school | Less than $30,000",RACESURV18d_W43,4,"0.278659,0.363440,0.263829,0.094071"
EDUCATIONxINCOME,"EDUCATIONxINCOME :: Postgraduate | $100,000 or more",RACESURV18d_W43,4,"0.370751,0.385520,0.186426,0.057303"
EDUCATIONxINCOME,"EDUCATIONxINCOME :: Postgraduate | $30,000-$50,000",RACESURV18d_W43,4,"0.331072,0.390098,0.212093,0.066738"
EDUCATIONxINCOME,"EDUCATIONxINCOME :: Postgraduate | $50,000-$75,000",RACESURV18d_W43,4,"0.307747,0.398254,0.230492,0.063507"
EDUCATIONxINCOME,"EDUCATIONxINCOME :: Postgraduate | $75,000-$100,000",RACESURV18d_W43,4,"0.307208,0.397557,0.214466,0.080769"
EDUCATIONxINCOME,"EDUCATIONxINCOME :: Postgraduate | Less than $30,000",RACESURV18d_W43,4,"0.302827,0.354040,0.255006,0.088128"
EDUCATIONxINCOME,"EDUCATIONxINCOME :: Some college, no degree | $100,000 or more",RACESURV18d_W43,4,"0.345716,0.373809,0.209688,0.070787"
EDUCATIONxINCOME,"EDUCATIONxINCOME :: Some college, no degree | $30,000-$50,000",RACESURV18d_W43,4,"0.311006,0.384041,0.227537,0.077416"
EDUCATIONxINCOME,"EDUCATIONxINCOME :: Some college, no degree | $50,000-$75,000",RACESURV18d_W43,4,"0.292591,0.387620,0.246386,0.073403"
EDUCATIONxINCOME,"EDUCATIONxINCOME :: Some college, no degree | $75,000-$100,000",RACESURV18d_W43,4,"0.291815,0.386592,0.229048,0.092544"
EDUCATIONxINCOME,"EDUCATIONxINCOME :: Some college, no degree | Less than $30,000",RACESURV18d_W43,4,"0.271534,0.362546,0.265244,0.100675"
EDUCATIONxINCOME,"EDUCATIONxINCOME :: Some college, no degree | Refused",RACESURV18d_W43,4,"0.242146,0.299010,0.303719,0.155125"
EDUCATIONxINCOME,"EDUCATIONxINCOME :: Associate's degree | $100,000 or more",RACESURV18f_W43,4,"0.312786,0.386240,0.230634,0.070339"
EDUCATIONxINCOME,"EDUCATIONxINCOME :: Associate's degree | $30,000-$50,000",RACESURV18f_W43,4,"0.273459,0.404146,0.247049,0.075346"
EDUCATIONxINCOME,"EDUCATIONxINCOME :: Associate's degree | $50,000-$75,000",RACESURV18f_W43,4,"0.251283,0.414296,0.261293,0.073128"
EDUCATIONxINCOME,"EDUCATIONxINCOME :: Associate's degree | $75,000-$100,000",RACESURV18f_W43,4,"0.251589,0.408369,0.249631,0.090410"
EDUCATIONxINCOME,"EDUCATIONxINCOME :: Associate's degree | Less than $30,000",RACESURV18f_W43,4,"0.246017,0.381038,0.276604,0.096341"
EDUCATIONxINCOME,"EDUCATIONxINCOME :: College graduate/some postgrad | $100,000 or more",RACESURV18f_W43,4,"0.272537,0.418829,0.238641,0.069993"
EDUCATIONxINCOME,"EDUCATIONxINCOME :: College graduate/some postgrad | $30,000-$50,000",RACESURV18f_W43,4,"0.250611,0.413187,0.258566,0.077636"
EDUCATIONxINCOME,"EDUCATIONxINCOME :: College graduate/some postgrad | $50,000-$75,000",RACESURV18f_W43,4,"0.233709,0.419899,0.271107,0.075284"
EDUCATIONxINCOME,"EDUCATIONxINCOME :: College graduate/some postgrad | $75,000-$100,000",RACESURV18f_W43,4,"0.237166,0.416239,0.254442,0.092153"
EDUCATIONxINCOME,"EDUCATIONxINCOME :: College graduate/some postgrad | Less than $30,000",RACESURV18f_W43,4,"0.229394,0.390212,0.283263,0.097131"
EDUCATIONxINCOME,EDUCATIONxINCOME :: College graduate/some postgrad | Refused,RACESURV18f_W43,4,"0.229545,0.363957,0.290171,0.116328"
EDUCATIONxINCOME,"EDUCATIONxINCOME :: High school graduate | $100,000 or more",RACESURV18f_W43,4,"0.260328,0.403204,0.258302,0.078165"
EDUCATIONxINCOME,"EDUCATIONxINCOME :: High school graduate | $30,000-$50,000",RACESURV18f_W43,4,"0.240250,0.411884,0.268018,0.079847"
EDUCATIONxINCOME,"EDUCATIONxINCOME :: High school graduate | $50,000-$75,000",RACESURV18f_W43,4,"0.223579,0.414450,0.287081,0.074890"
EDUCATIONxINCOME,"EDUCATIONxINCOME :: High school graduate | $75,000-$100,000",RACESURV18f_W43,4,"0.224817,0.410284,0.271181,0.093718"
EDUCATIONxINCOME,"EDUCATIONxINCOME :: High school graduate | Less than $30,000",RACESURV18f_W43,4,"0.216684,0.383275,0.300836,0.099205"
EDUCATIONxINCOME,EDUCATIONxINCOME :: High school graduate | Refused,RACESURV18f_W43,4,"0.220769,0.355555,0.301756,0.121920"
EDUCATIONxINCOME,"EDUCATIONxINCOME :: Less than high school | $30,000-$50,000",RACESURV18f_W43,4,"0.240055,0.389647,0.278468,0.091829"
EDUCATIONxINCOME,"EDUCATIONxINCOME :: Less than high school | Less than $30,000",RACESURV18f_W43,4,"0.211477,0.348666,0.317464,0.122393"
EDUCATIONxINCOME,"EDUCATIONxINCOME :: Postgraduate | $100,000 or more",RACESURV18f_W43,4,"0.264241,0.402919,0.254118,0.078722"
EDUCATIONxINCOME,"EDUCATIONxINCOME :: Postgraduate | $30,000-$50,000",RACESURV18f_W43,4,"0.244621,0.400173,0.268663,0.086543"
EDUCATIONxINCOME,"EDUCATIONxINCOME :: Postgraduate | $50,000-$75,000",RACESURV18f_W43,4,"0.229117,0.402112,0.285140,0.083631"
EDUCATIONxINCOME,"EDUCATIONxINCOME :: Postgraduate | $75,000-$100,000",RACESURV18f_W43,4,"0.228179,0.394258,0.273095,0.104468"
EDUCATIONxINCOME,"EDUCATIONxINCOME :: Postgraduate | Less than $30,000",RACESURV18f_W43,4,"0.226734,0.345728,0.309909,0.117628"
EDUCATIONxINCOME,"EDUCATIONxINCOME :: Some college, no degree | $100,000 or more",RACESURV18f_W43,4,"0.262741,0.382286,0.262741,0.092231"
EDUCATIONxINCOME,"EDUCATIONxINCOME :: Some college, no degree | $30,000-$50,000",RACESURV18f_W43,4,"0.239698,0.386040,0.275890,0.098372"
EDUCATIONxINCOME,"EDUCATIONxINCOME :: Some college, no degree | $50,000-$75,000",RACESURV18f_W43,4,"0.225970,0.387404,0.292428,0.094199"
EDUCATIONxINCOME,"EDUCATIONxINCOME :: Some college, no degree | $75,000-$100,000",RACESURV18f_W43,4,"0.223587,0.380334,0.278258,0.117822"
EDUCATIONxINCOME,"EDUCATIONxINCOME :: Some college, no degree | Less than $30,000",RACESURV18f_W43,4,"0.207541,0.347566,0.313999,0.130894"
EDUCATIONxINCOME,"EDUCATIONxINCOME :: Some college, no degree | Refused",RACESURV18f_W43,4,"0.195227,0.284053,0.337322,0.183399"
EDUCATIONxINCOME,"EDUCATIONxINCOME :: Associate's degree | $100,000 or more",RACESURV1b_W43,3,"0.237649,0.121379,0.640971"
EDUCATIONxINCOME,"EDUCATIONxINCOME :: Associate's degree | $30,000-$50,000",RACESURV1b_W43,3,"0.163084,0.139493,0.697423"
EDUCATIONxINCOME,"EDUCATIONxINCOME :: Associate's degree | $50,000-$75,000",RACESURV1b_W43,3,"0.153479,0.131277,0.715244"
EDUCATIONxINCOME,"EDUCATIONxINCOME :: Associate's degree | $75,000-$100,000",RACESURV1b_W43,3,"0.151089,0.116753,0.732158"
EDUCATIONxINCOME,"EDUCATIONxINCOME :: Associate's degree | Less than $30,000",RACESURV1b_W43,3,"0.176984,0.128477,0.694539"
EDUCATIONxINCOME,"EDUCATIONxINCOME :: College graduate/some postgrad | $100,000 or more",RACESURV1b_W43,3,"0.186821,0.108124,0.705055"
EDUCATIONxINCOME,"EDUCATIONxINCOME :: College graduate/some postgrad | $30,000-$50,000",RACESURV1b_W43,3,"0.160390,0.131934,0.707676"
EDUCATIONxINCOME,"EDUCATIONxINCOME :: College graduate/some postgrad | $50,000-$75,000",RACESURV1b_W43,3,"0.155582,0.125014,0.719404"
EDUCATIONxINCOME,"EDUCATIONxINCOME :: College graduate/some postgrad | $75,000-$100,000",RACESURV1b_W43,3,"0.150800,0.106934,0.742266"
EDUCATIONxINCOME,"EDUCATIONxINCOME :: College graduate/some postgrad | Less than $30,000",RACESURV1b_W43,3,"0.182121,0.125170,0.692709"
EDUCATIONxINCOME,EDUCATIONxINCOME :: College graduate/some postgrad | Refused,RACESURV1b_W43,3,"0.216399,0.147571,0.636031"
EDUCATIONxINCOME,"EDUCATIONxINCOME :: High school graduate | $100,000 or more",RACESURV1b_W43,3,"0.203684,0.128462,0.667854"
EDUCATIONxINCOME,"EDUCATIONxINCOME :: High school graduate | $30,000-$50,000",RACESURV1b_W43,3,"0.153947,0.128627,0.717426"
EDUCATIONxINCOME,"EDUCATIONxINCOME :: High school graduate | $50,000-$75,000",RACESURV1b_W43,3,"0.141340,0.118094,0.740567"
EDUCATIONxINCOME,"EDUCATIONxINCOME :: High school graduate | $75,000-$100,000",RACESURV1b_W43,3,"0.150090,0.116890,0.733020"
EDUCATIONxINCOME,"EDUCATIONxINCOME :: High school graduate | Less than $30,000",RACESURV1b_W43,3,"0.165476,0.126875,0.707650"
EDUCATIONxINCOME,EDUCATIONxINCOME :: High school graduate | Refused,RACESURV1b_W43,3,"0.213038,0.160809,0.626153"
EDUCATIONxINCOME,"EDUCATIONxINCOME :: Less than high school | $30,000-$50,000",RACESURV1b_W43,3,"0.190157,0.156419,0.653424"
EDUCATIONxINCOME,"EDUCATIONxINCOME :: Less than high school | Less than $30,000",RACESURV1b_W43,3,"0.197241,0.156031,0.646728"
EDUCATIONxINCOME,"EDUCATIONxINCOME :: Postgraduate | $100,000 or more",RACESURV1b_W43,3,"0.236737,0.124752,0.638511"
EDUCATIONxINCOME,"EDUCATIONxINCOME :: Postgraduate | $30,000-$50,000",RACESURV1b_W43,3,"0.190546,0.149561,0.659894"
EDUCATIONxINCOME,"EDUCATIONxINCOME :: Postgraduate | $50,000-$75,000",RACESURV1b_W43,3,"0.186422,0.147472,0.666106"
EDUCATIONxINCOME,"EDUCATIONxINCOME :: Postgraduate | $75,000-$100,000",RACESURV1b_W43,3,"0.184158,0.131612,0.684230"
EDUCATIONxINCOME,"EDUCATIONxINCOME :: Postgraduate | Less than $30,000",RACESURV1b_W43,3,"0.216473,0.157142,0.626385"
EDUCATIONxINCOME,"EDUCATIONxINCOME :: Some college, no degree | $100,000 or more",RACESURV1b_W43,3,"0.250550,0.166903,0.582547"
EDUCATIONxINCOME,"EDUCATIONxINCOME :: Some college, no degree | $30,000-$50,000",RACESURV1b_W43,3,"0.191574,0.170389,0.638037"
EDUCATIONxINCOME,"EDUCATIONxINCOME :: Some college, no degree | $50,000-$75,000",RACESURV1b_W43,3,"0.189917,0.167601,0.642482"
EDUCATIONxINCOME,"EDUCATIONxINCOME :: Some college, no degree | $75,000-$100,000",RACESURV1b_W43,3,"0.182468,0.150094,0.667439"
EDUCATIONxINCOME,"EDUCATIONxINCOME :: Some college, no degree | Less than $30,000",RACESURV1b_W43,3,"0.189218,0.160587,0.650195"
EDUCATIONxINCOME,"EDUCATIONxINCOME :: Some college, no degree | Refused",RACESURV1b_W43,3,"0.219031,0.194810,0.586158"
EDUCATIONxINCOME,"EDUCATIONxINCOME :: Associate's degree | $100,000 or more",RACESURV22_W43,4,"0.357460,0.220225,0.202090,0.220225"
EDUCATIONxINCOME,"EDUCATIONxINCOME :: Associate's degree | $30,000-$50,000",RACESURV22_W43,4,"0.235581,0.262809,0.246886,0.254723"
EDUCATIONxINCOME,"EDUCATIONxINCOME :: Associate's degree | $50,000-$75,000",RACESURV22_W43,4,"0.229770,0.277155,0.242685,0.250389"
EDUCATIONxINCOME,"EDUCATIONxINCOME :: Associate's degree | $75,000-$100,000",RACESURV22_W43,4,"0.238188,0.261598,0.234495,0.265718"
EDUCATIONxINCOME,"EDUCATIONxINCOME :: Associate's degree | Less than $30,000",RACESURV22_W43,4,"0.190113,0.203961,0.236599,0.369326"
EDUCATIONxINCOME,"EDUCATIONxINCOME :: College graduate/some postgrad | $100,000 or more",RACESURV22_W43,4,"0.281694,0.246659,0.221104,0.250543"
EDUCATIONxINCOME,"EDUCATIONxINCOME :: College graduate/some postgrad | $30,000-$50,000",RACESURV22_W43,4,"0.234840,0.276709,0.240409,0.248041"
EDUCATIONxINCOME,"EDUCATIONxINCOME :: College graduate/some postgrad | $50,000-$75,000",RACESURV22_W43,4,"0.222750,0.286016,0.242739,0.248495"
EDUCATIONxINCOME,"EDUCATIONxINCOME :: College graduate/some postgrad | $75,000-$100,000",RACESURV22_W43,4,"0.231649,0.268717,0.237142,0.262492"
EDUCATIONxINCOME,"EDUCATIONxINCOME :: College graduate/some postgrad | Less than $30,000",RACESURV22_W43,4,"0.180384,0.207620,0.238970,0.373026"
EDUCATIONxINCOME,EDUCATIONxINCOME :: College graduate/some postgrad | Refused,RACESURV22_W43,4,"0.202710,0.220900,0.226139,0.350251"
EDUCATIONxINCOME,"EDUCATIONxINCOME :: High school graduate | $100,000 or more",RACESURV22_W43,4,"0.260762,0.250772,0.233745,0.254721"
EDUCATIONxINCOME,"EDUCATIONxINCOME :: High school graduate | $30,000-$50,000",RACESURV22_W43,4,"0.209895,0.269510,0.253182,0.267413"
EDUCATIONxINCOME,"EDUCATIONxINCOME :: High school graduate | $50,000-$75,000",RACESURV22_W43,4,"0.220555,0.285420,0.246047,0.247977"
EDUCATIONxINCOME,"EDUCATIONxINCOME :: High school graduate | $75,000-$100,000",RACESURV22_W43,4,"0.222529,0.270527,0.240611,0.266333"
EDUCATIONxINCOME,"EDUCATIONxINCOME :: High school graduate | Less than $30,000",RACESURV22_W43,4,"0.172394,0.207947,0.243115,0.376544"
EDUCATIONxINCOME,EDUCATIONxINCOME :: High school graduate | Refused,RACESURV22_W43,4,"0.202389,0.227553,0.225782,0.344276"
EDUCATIONxINCOME,"EDUCATIONxINCOME :: Less than high school | $30,000-$50,000",RACESURV22_W43,4,"0.205720,0.248146,0.256023,0.290112"
EDUCATIONxINCOME,"EDUCATIONxINCOME :: Less than high school | Less than $30,000",RACESURV22_W43,4,"0.163807,0.184174,0.240208,0.411812"
EDUCATIONxINCOME,"EDUCATIONxINCOME :: Postgraduate | $100,000 or more",RACESURV22_W43,4,"0.290040,0.240452,0.215540,0.253968"
EDUCATIONxINCOME,"EDUCATIONxINCOME :: Postgraduate | $30,000-$50,000",RACESURV22_W43,4,"0.231784,0.260602,0.242908,0.264706"
EDUCATIONxINCOME,"EDUCATIONxINCOME :: Postgraduate | $50,000-$75,000",RACESURV22_W43,4,"0.233422,0.277195,0.238957,0.250425"
EDUCATIONxINCOME,"EDUCATIONxINCOME :: Postgraduate | $75,000-$100,000",RACESURV22_W43,4,"0.242784,0.264571,0.228074,0.264571"
EDUCATIONxINCOME,"EDUCATIONxINCOME :: Postgraduate | Less than $30,000",RACESURV22_W43,4,"0.190160,0.181452,0.225820,0.402568"
EDUCATIONxINCOME,"EDUCATIONxINCOME :: Some college, no degree | $100,000 or more",RACESURV22_W43,4,"0.267111,0.247037,0.224930,0.260923"
EDUCATIONxINCOME,"EDUCATIONxINCOME :: Some college, no degree | $30,000-$50,000",RACESURV22_W43,4,"0.220765,0.260125,0.244364,0.274746"
EDUCATIONxINCOME,"EDUCATIONxINCOME :: Some college, no degree | $50,000-$75,000",RACESURV22_W43,4,"0.220260,0.276268,0.241908,0.261565"
EDUCATIONxINCOME,"EDUCATIONxINCOME :: Some college, no degree | $75,000-$100,000",RACESURV22_W43,4,"0.228184,0.262638,0.231777,0.277401"
EDUCATIONxINCOME,"EDUCATIONxINCOME :: Some college, no degree | Less than $30,000",RACESURV22_W43,4,"0.180578,0.204622,0.226496,0.388304"
EDUCATIONxINCOME,"EDUCATIONxINCOME :: Some college, no degree | Refused",RACESURV22_W43,4,"0.169245,0.164037,0.199419,0.467299"
EDUCATIONxINCOME,"EDUCATIONxINCOME :: Associate's degree | $100,000 or more",RACESURV25_W43,4,"0.524362,0.216885,0.158677,0.100076"
EDUCATIONxINCOME,"EDUCATIONxINCOME :: Associate's degree | $30,000-$50,000",RACESURV25_W43,4,"0.408162,0.278343,0.203640,0.109855"
EDUCATIONxINCOME,"EDUCATIONxINCOME :: Associate's degree | $50,000-$75,000",RACESURV25_W43,4,"0.385763,0.300432,0.203283,0.110523"
EDUCATIONxINCOME,"EDUCATIONxINCOME :: Associate's degree | $75,000-$100,000",RACESURV25_W43,4,"0.423293,0.277602,0.180639,0.118466"
EDUCATIONxINCOME,"EDUCATIONxINCOME :: Associate's degree | Less than $30,000",RACESURV25_W43,4,"0.411375,0.239953,0.191307,0.157365"
EDUCATIONxINCOME,"EDUCATIONxINCOME :: College graduate/some postgrad | $100,000 or more",RACESURV25_W43,4,"0.458344,0.253121,0.175332,0.113203"
EDUCATIONxINCOME,"EDUCATIONxINCOME :: College graduate/some postgrad | $30,000-$50,000",RACESURV25_W43,4,"0.403180,0.290400,0.199589,0.106832"
EDUCATIONxINCOME,"EDUCATIONxINCOME :: College graduate/some postgrad | $50,000-$75,000",RACESURV25_W43,4,"0.374816,0.313171,0.203784,0.108229"
EDUCATIONxINCOME,"EDUCATIONxINCOME :: College graduate/some postgrad | $75,000-$100,000",RACESURV25_W43,4,"0.415196,0.287598,0.182808,0.114398"
EDUCATIONxINCOME,"EDUCATIONxINCOME :: College graduate/some postgrad | Less than $30,000",RACESURV25_W43,4,"0.383749,0.255632,0.200648,0.159971"
EDUCATIONxINCOME,EDUCATIONxINCOME :: College graduate/some postgrad | Refused,RACESURV25_W43,4,"0.342752,0.248811,0.216171,0.192266"
EDUCATIONxINCOME,"EDUCATIONxINCOME :: High school graduate | $100,000 or more",RACESURV25_W43,4,"0.421563,0.270063,0.188534,0.119840"
EDUCATIONxINCOME,"EDUCATIONxINCOME :: High school graduate | $30,000-$50,000",RACESURV25_W43,4,"0.368715,0.310489,0.210087,0.110708"
EDUCATIONxINCOME,"EDUCATIONxINCOME :: High school graduate | $50,000-$75,000",RACESURV25_W43,4,"0.373894,0.319808,0.204877,0.101421"
EDUCATIONxINCOME,"EDUCATIONxINCOME :: High school graduate | $75,000-$100,000",RACESURV25_W43,4,"0.388497,0.307326,0.189338,0.114839"
EDUCATIONxINCOME,"EDUCATIONxINCOME :: High school graduate | Less than $30,000",RACESURV25_W43,4,"0.365873,0.271894,0.203639,0.158594"
EDUCATIONxINCOME,EDUCATIONxINCOME :: High school graduate | Refused,RACESURV25_W43,4,"0.328635,0.262011,0.220635,0.188719"
EDUCATIONxINCOME,"EDUCATIONxINCOME :: Less than high school | $30,000-$50,000",RACESURV25_W43,4,"0.363513,0.289817,0.223954,0.122716"
EDUCATIONxINCOME,"EDUCATIONxINCOME :: Less than high school | Less than $30,000",RACESURV25_W43,4,"0.357244,0.253324,0.216680,0.172752"
EDUCATIONxINCOME,"EDUCATIONxINCOME :: Postgraduate | $100,000 or more",RACESURV25_W43,4,"0.467058,0.242306,0.167841,0.122795"
EDUCATIONxINCOME,"EDUCATIONxINCOME :: Postgraduate | $30,000-$50,000",RACESURV25_W43,4,"0.392457,0.284893,0.202019,0.120631"
EDUCATIONxINCOME,"EDUCATIONxINCOME :: Postgraduate | $50,000-$75,000",RACESURV25_W43,4,"0.376965,0.302900,0.203357,0.116778"
EDUCATIONxINCOME,"EDUCATIONxINCOME :: Postgraduate | $75,000-$100,000",RACESURV25_W43,4,"0.414064,0.280170,0.179484,0.126282"
EDUCATIONxINCOME,"EDUCATIONxINCOME :: Postgraduate | Less than $30,000",RACESURV25_W43,4,"0.409640,0.227999,0.187547,0.174813"
EDUCATIONxINCOME,"EDUCATIONxINCOME :: Some college, no degree | $100,000 or more",RACESURV25_W43,4,"0.395479,0.265512,0.195776,0.143233"
EDUCATIONxINCOME,"EDUCATIONxINCOME :: Some college, no degree | $30,000-$50,000",RACESURV25_W43,4,"0.349280,0.296430,0.218574,0.135716"
EDUCATIONxINCOME,"EDUCATIONxINCOME :: Some college, no degree | $50,000-$75,000",RACESURV25_W43,4,"0.335624,0.312836,0.220108,0.131432"
EDUCATIONxINCOME,"EDUCATIONxINCOME :: Some college, no degree | $75,000-$100,000",RACESURV25_W43,4,"0.365121,0.293383,0.198513,0.142983"
EDUCATIONxINCOME,"EDUCATIONxINCOME :: Some college, no degree | Less than $30,000",RACESURV25_W43,4,"0.343626,0.261417,0.205189,0.189768"
EDUCATIONxINCOME,"EDUCATIONxINCOME :: Some college, no degree | Refused",RACESURV25_W43,4,"0.307653,0.219870,0.223332,0.249145"
EDUCATIONxINCOME,"EDUCATIONxINCOME :: Associate's degree | $100,000 or more",RACESURV27_W43,4,"0.416180,0.262482,0.226273,0.095065"
EDUCATIONxINCOME,"EDUCATIONxINCOME :: Associate's degree | $30,000-$50,000",RACESURV27_W43,4,"0.300576,0.312549,0.273677,0.113198"
EDUCATIONxINCOME,"EDUCATIONxINCOME :: Associate's degree | $50,000-$75,000",RACESURV27_W43,4,"0.281458,0.334240,0.274938,0.109363"
EDUCATIONxINCOME,"EDUCATIONxINCOME :: Associate's degree | $75,000-$100,000",RACESURV27_W43,4,"0.303862,0.318445,0.255877,0.121816"
EDUCATIONxINCOME,"EDUCATIONxINCOME :: Associate's degree | Less than $30,000",RACESURV27_W43,4,"0.288071,0.268512,0.272740,0.170677"
EDUCATIONxINCOME,"EDUCATIONxINCOME :: College graduate/some postgrad | $100,000 or more",RACESURV27_W43,4,"0.343840,0.296408,0.251558,0.108194"
EDUCATIONxINCOME,"EDUCATIONxINCOME :: College graduate/some postgrad | $30,000-$50,000",RACESURV27_W43,4,"0.292399,0.326194,0.270425,0.110982"
EDUCATIONxINCOME,"EDUCATIONxINCOME :: College graduate/some postgrad | $50,000-$75,000",RACESURV27_W43,4,"0.271914,0.343731,0.276196,0.108160"
EDUCATIONxINCOME,"EDUCATIONxINCOME :: College graduate/some postgrad | $75,000-$100,000",RACESURV27_W43,4,"0.293485,0.324858,0.263078,0.118579"
EDUCATIONxINCOME,"EDUCATIONxINCOME :: College graduate/some postgrad | Less than $30,000",RACESURV27_W43,4,"0.264852,0.275402,0.281933,0.177813"
EDUCATIONxINCOME,EDUCATIONxINCOME :: College graduate/some postgrad | Refused,RACESURV27_W43,4,"0.257971,0.251996,0.281121,0.208912"
EDUCATIONxINCOME,"EDUCATIONxINCOME :: High school graduate | $100,000 or more",RACESURV27_W43,4,"0.322922,0.303357,0.259475,0.114245"
EDUCATIONxINCOME,"EDUCATIONxINCOME :: High school graduate | $30,000-$50,000",RACESURV27_W43,4,"0.270054,0.333473,0.283015,0.113458"
EDUCATIONxINCOME,"EDUCATIONxINCOME :: High school graduate | $50,000-$75,000",RACESURV27_W43,4,"0.270278,0.347044,0.283249,0.099430"
EDUCATIONxINCOME,"EDUCATIONxINCOME :: High school graduate | $75,000-$100,000",RACESURV27_W43,4,"0.283439,0.333972,0.266266,0.116323"
EDUCATIONxINCOME,"EDUCATIONxINCOME :: High school graduate | Less than $30,000",RACESURV27_W43,4,"0.256299,0.277125,0.290425,0.176151"
EDUCATIONxINCOME,EDUCATIONxINCOME :: High school graduate | Refused,RACESURV27_W43,4,"0.254085,0.256077,0.285675,0.204163"
EDUCATIONxINCOME,"EDUCATIONxINCOME :: Less than high school | $30,000-$50,000",RACESURV27_W43,4,"0.273655,0.312524,0.284556,0.129265"
EDUCATIONxINCOME,"EDUCATIONxINCOME :: Less than high school | Less than $30,000",RACESURV27_W43,4,"0.255804,0.255804,0.287608,0.200783"
EDUCATIONxINCOME,"EDUCATIONxINCOME :: Postgraduate | $100,000 or more",RACESURV27_W43,4,"0.353636,0.288629,0.239282,0.118453"
EDUCATIONxINCOME,"EDUCATIONxINCOME :: Postgraduate | $30,000-$50,000",RACESURV27_W43,4,"0.291585,0.315278,0.269672,0.123465"
EDUCATIONxINCOME,"EDUCATIONxINCOME :: Postgraduate | $50,000-$75,000",RACESURV27_W43,4,"0.280836,0.333501,0.272195,0.113468"
EDUCATIONxINCOME,"EDUCATIONxINCOME :: Postgraduate | $75,000-$100,000",RACESURV27_W43,4,"0.302995,0.317536,0.253162,0.126307"
EDUCATIONxINCOME,"EDUCATIONxINCOME :: Postgraduate | Less than $30,000",RACESURV27_W43,4,"0.297453,0.248531,0.260459,0.193556"
EDUCATIONxINCOME,"EDUCATIONxINCOME :: Some college, no degree | $100,000 or more",RACESURV27_W43,4,"0.314863,0.295786,0.254984,0.134367"
EDUCATIONxINCOME,"EDUCATIONxINCOME :: Some college, no degree | $30,000-$50,000",RACESURV27_W43,4,"0.271830,0.315328,0.278276,0.134566"
EDUCATIONxINCOME,"EDUCATIONxINCOME :: Some college, no degree | $50,000-$75,000",RACESURV27_W43,4,"0.262002,0.331201,0.281087,0.125710"
EDUCATIONxINCOME,"EDUCATIONxINCOME :: Some college, no degree | $75,000-$100,000",RACESURV27_W43,4,"0.277615,0.314579,0.264902,0.142904"
EDUCATIONxINCOME,"EDUCATIONxINCOME :: Some college, no degree | Less than $30,000",RACESURV27_W43,4,"0.254531,0.266746,0.277372,0.201351"
EDUCATIONxINCOME,"EDUCATIONxINCOME :: Some college, no degree | Refused",RACESURV27_W43,4,"0.242340,0.210549,0.276761,0.270350"
EDUCATIONxINCOME,"EDUCATIONxINCOME :: Associate's degree | $100,000 or more",RACESURV28a_W43,3,"0.566430,0.223557,0.210012"
EDUCATIONxINCOME,"EDUCATIONxINCOME :: Associate's degree | $30,000-$50,000",RACESURV28a_W43,3,"0.515065,0.219803,0.265133"
EDUCATIONxINCOME,"EDUCATIONxINCOME :: Associate's degree | $50,000-$75,000",RACESURV28a_W43,3,"0.488756,0.249632,0.261612"
EDUCATIONxINCOME,"EDUCATIONxINCOME :: Associate's degree | $75,000-$100,000",RACESURV28a_W43,3,"0.529317,0.250031,0.220652"
EDUCATIONxINCOME,"EDUCATIONxINCOME :: Associate's degree | Less than $30,000",RACESURV28a_W43,3,"0.506370,0.242959,0.250671"
EDUCATIONxINCOME,"EDUCATIONxINCOME :: College graduate/some postgrad | $100,000 or more",RACESURV28a_W43,3,"0.543279,0.221226,0.235494"
EDUCATIONxINCOME,"EDUCATIONxINCOME :: College graduate/some postgrad | $30,000-$50,000",RACESURV28a_W43,3,"0.527234,0.209719,0.263047"
EDUCATIONxINCOME,"EDUCATIONxINCOME :: College graduate/some postgrad | $50,000-$75,000",RACESURV28a_W43,3,"0.497183,0.236694,0.266123"
EDUCATIONxINCOME,"EDUCATIONxINCOME :: College graduate/some postgrad | $75,000-$100,000",RACESURV28a_W43,3,"0.532719,0.234553,0.232728"
EDUCATIONxINCOME,"EDUCATIONxINCOME :: College graduate/some postgrad | Less than $30,000",RACESURV28a_W43,3,"0.502783,0.230191,0.267026"
EDUCATIONxINCOME,EDUCATIONxINCOME :: College graduate/some postgrad | Refused,RACESURV28a_W43,3,"0.439381,0.231538,0.329081"
EDUCATIONxINCOME,"EDUCATIONxINCOME :: High school graduate | $100,000 or more",RACESURV28a_W43,3,"0.516153,0.240033,0.243813"
EDUCATIONxINCOME,"EDUCATIONxINCOME :: High school graduate | $30,000-$50,000",RACESURV28a_W43,3,"0.507942,0.220177,0.271882"
EDUCATIONxINCOME,"EDUCATIONxINCOME :: High school graduate | $50,000-$75,000",RACESURV28a_W43,3,"0.498466,0.242933,0.258601"
EDUCATIONxINCOME,"EDUCATIONxINCOME :: High school graduate | $75,000-$100,000",RACESURV28a_W43,3,"0.514019,0.252478,0.233504"
EDUCATIONxINCOME,"EDUCATIONxINCOME :: High school graduate | Less than $30,000",RACESURV28a_W43,3,"0.491522,0.243321,0.265156"
EDUCATIONxINCOME,EDUCATIONxINCOME :: High school graduate | Refused,RACESURV28a_W43,3,"0.419809,0.250679,0.329512"
EDUCATIONxINCOME,"EDUCATIONxINCOME :: Less than high school | $30,000-$50,000",RACESURV28a_W43,3,"0.499254,0.225031,0.275714"
EDUCATIONxINCOME,"EDUCATIONxINCOME :: Less than high school | Less than $30,000",RACESURV28a_W43,3,"0.496567,0.245818,0.257615"
EDUCATIONxINCOME,"EDUCATIONxINCOME :: Postgraduate | $100,000 or more",RACESURV28a_W43,3,"0.543279,0.235494,0.221226"
EDUCATIONxINCOME,"EDUCATIONxINCOME :: Postgraduate | $30,000-$50,000",RACESURV28a_W43,3,"0.506369,0.224700,0.268931"
EDUCATIONxINCOME,"EDUCATIONxINCOME :: Postgraduate | $50,000-$75,000",RACESURV28a_W43,3,"0.483928,0.255012,0.261060"
EDUCATIONxINCOME,"EDUCATIONxINCOME :: Postgraduate | $75,000-$100,000",RACESURV28a_W43,3,"0.529431,0.248139,0.222430"
EDUCATIONxINCOME,"EDUCATIONxINCOME :: Postgraduate | Less than $30,000",RACESURV28a_W43,3,"0.511280,0.243406,0.245315"
EDUCATIONxINCOME,"EDUCATIONxINCOME :: Some college, no degree | $100,000 or more",RACESURV28a_W43,3,"0.469322,0.267412,0.263266"
EDUCATIONxINCOME,"EDUCATIONxINCOME :: Some college, no degree | $30,000-$50,000",RACESURV28a_W43,3,"0.451455,0.245452,0.303093"
EDUCATIONxINCOME,"EDUCATIONxINCOME :: Some college, no degree | $50,000-$75,000",RACESURV28a_W43,3,"0.437303,0.273657,0.289040"
EDUCATIONxINCOME,"EDUCATIONxINCOME :: Some college, no degree | $75,000-$100,000",RACESURV28a_W43,3,"0.470149,0.274235,0.255616"
EDUCATIONxINCOME,"EDUCATIONxINCOME :: Some college, no degree | Less than $30,000",RACESURV28a_W43,3,"0.448869,0.268032,0.283098"
EDUCATIONxINCOME,"EDUCATIONxINCOME :: Some college, no degree | Refused",RACESURV28a_W43,3,"0.412217,0.253960,0.333824"
EDUCATIONxINCOME,"EDUCATIONxINCOME :: Associate's degree | $100,000 or more",RACESURV28b_W43,3,"0.571819,0.227454,0.200727"
EDUCATIONxINCOME,"EDUCATIONxINCOME :: Associate's degree | $30,000-$50,000",RACESURV28b_W43,3,"0.513592,0.226132,0.260276"
EDUCATIONxINCOME,"EDUCATIONxINCOME :: Associate's degree | $50,000-$75,000",RACESURV28b_W43,3,"0.484921,0.257540,0.257540"
EDUCATIONxINCOME,"EDUCATIONxINCOME :: Associate's degree | $75,000-$100,000",RACESURV28b_W43,3,"0.528710,0.257672,0.213618"
EDUCATIONxINCOME,"EDUCATIONxINCOME :: Associate's degree | Less than $30,000",RACESURV28b_W43,3,"0.504417,0.251663,0.243920"
EDUCATIONxINCOME,"EDUCATIONxINCOME :: College graduate/some postgrad | $100,000 or more",RACESURV28b_W43,3,"0.540474,0.227070,0.232455"
EDUCATIONxINCOME,"EDUCATIONxINCOME :: College graduate/some postgrad | $30,000-$50,000",RACESURV28b_W43,3,"0.521980,0.217594,0.260426"
EDUCATIONxINCOME,"EDUCATIONxINCOME :: College graduate/some postgrad | $50,000-$75,000",RACESURV28b_W43,3,"0.490502,0.242816,0.266681"
EDUCATIONxINCOME,"EDUCATIONxINCOME :: College graduate/some postgrad | $75,000-$100,000",RACESURV28b_W43,3,"0.527788,0.241639,0.230573"
EDUCATIONxINCOME,"EDUCATIONxINCOME :: College graduate/some postgrad | Less than $30,000",RACESURV28b_W43,3,"0.497289,0.238602,0.264108"
EDUCATIONxINCOME,EDUCATIONxINCOME :: College graduate/some postgrad | Refused,RACESURV28b_W43,3,"0.431529,0.240182,0.328290"
EDUCATIONxINCOME,"EDUCATIONxINCOME :: High school graduate | $100,000 or more",RACESURV28b_W43,3,"0.508345,0.247748,0.243907"
EDUCATIONxINCOME,"EDUCATIONxINCOME :: High school graduate | $30,000-$50,000",RACESURV28b_W43,3,"0.503525,0.226957,0.269518"
EDUCATIONxINCOME,"EDUCATIONxINCOME :: High school graduate | $50,000-$75,000",RACESURV28b_W43,3,"0.491736,0.251154,0.257110"
EDUCATIONxINCOME,"EDUCATIONxINCOME :: High school graduate | $75,000-$100,000",RACESURV28b_W43,3,"0.509818,0.260389,0.229793"
EDUCATIONxINCOME,"EDUCATIONxINCOME :: High school graduate | Less than $30,000",RACESURV28b_W43,3,"0.484913,0.255531,0.259555"
EDUCATIONxINCOME,EDUCATIONxINCOME :: High school graduate | Refused,RACESURV28b_W43,3,"0.412082,0.261935,0.325983"
EDUCATIONxINCOME,"EDUCATIONxINCOME :: Less than high school | $30,000-$50,000",RACESURV28b_W43,3,"0.494971,0.233808,0.271222"
EDUCATIONxINCOME,"EDUCATIONxINCOME :: Less than high school | Less than $30,000",RACESURV28b_W43,3,"0.492699,0.257614,0.249688"
EDUCATIONxINCOME,"EDUCATIONxINCOME :: Postgraduate | $100,000 or more",RACESURV28b_W43,3,"0.544050,0.239542,0.216408"
EDUCATIONxINCOME,"EDUCATIONxINCOME :: Postgraduate | $30,000-$50,000",RACESURV28b_W43,3,"0.503959,0.232539,0.263501"
EDUCATIONxINCOME,"EDUCATIONxINCOME :: Postgraduate | $50,000-$75,000",RACESURV28b_W43,3,"0.481012,0.261521,0.257467"
EDUCATIONxINCOME,"EDUCATIONxINCOME :: Postgraduate | $75,000-$100,000",RACESURV28b_W43,3,"0.526937,0.256809,0.216254"
EDUCATIONxINCOME,"EDUCATIONxINCOME :: Postgraduate | Less than $30,000",RACESURV28b_W43,3,"0.509236,0.252090,0.238674"
EDUCATIONxINCOME,"EDUCATIONxINCOME :: Some college, no degree | $100,000 or more",RACESURV28b_W43,3,"0.466365,0.272028,0.261607"
EDUCATIONxINCOME,"EDUCATIONxINCOME :: Some college, no degree | $30,000-$50,000",RACESURV28b_W43,3,"0.449898,0.250406,0.299697"
EDUCATIONxINCOME,"EDUCATIONxINCOME :: Some college, no degree | $50,000-$75,000",RACESURV28b_W43,3,"0.433537,0.279913,0.286550"
EDUCATIONxINCOME,"EDUCATIONxINCOME :: Some college, no degree | $75,000-$100,000",RACESURV28b_W43,3,"0.470904,0.279001,0.250095"
EDUCATIONxINCOME,"EDUCATIONxINCOME :: Some college, no degree | Less than $30,000",RACESURV28b_W43,3,"0.449928,0.275036,0.275036"
EDUCATIONxINCOME,"EDUCATIONxINCOME :: Some college, no degree | Refused",RACESURV28b_W43,3,"0.416072,0.262413,0.321515"
EDUCATIONxINCOME,"EDUCATIONxINCOME :: Associate's degree | $100,000 or more",RACESURV29b_W43,4,"0.409242,0.292472,0.202589,0.095696"
EDUCATIONxINCOME,"EDUCATIONxINCOME :: Associate's degree | $30,000-$50,000",RACESURV29b_W43,4,"0.266055,0.358016,0.257869,0.118061"
EDUCATIONxINCOME,"EDUCATIONxINCOME :: Associate's degree | $50,000-$75,000",RACESURV29b_W43,4,"0.255524,0.383587,0.253535,0.107354"
EDUCATIONxINCOME,"EDUCATIONxINCOME :: Associate's degree | $75,000-$100,000",RACESURV29b_W43,4,"0.280677,0.360397,0.238208,0.120718"
EDUCATIONxINCOME,"EDUCATIONxINCOME :: Associate's degree | Less than $30,000",RACESURV29b_W43,4,"0.236109,0.289287,0.280386,0.194218"
EDUCATIONxINCOME,"EDUCATIONxINCOME :: College graduate/some postgrad | $100,000 or more",RACESURV29b_W43,4,"0.305870,0.333318,0.241963,0.118848"
EDUCATIONxINCOME,"EDUCATIONxINCOME :: College graduate/some postgrad | $30,000-$50,000",RACESURV29b_W43,4,"0.252534,0.367434,0.262593,0.117439"
EDUCATIONxINCOME,"EDUCATIONxINCOME :: College graduate/some postgrad | $50,000-$75,000",RACESURV29b_W43,4,"0.232464,0.389303,0.267564,0.110669"
EDUCATIONxINCOME,"EDUCATIONxINCOME :: College graduate/some postgrad | $75,000-$100,000",RACESURV29b_W43,4,"0.258365,0.367211,0.252380,0.122043"
EDUCATIONxINCOME,"EDUCATIONxINCOME :: College graduate/some postgrad | Less than $30,000",RACESURV29b_W43,4,"0.207286,0.287788,0.299253,0.205673"
EDUCATIONxINCOME,EDUCATIONxINCOME :: College graduate/some postgrad | Refused,RACESURV29b_W43,4,"0.229687,0.270637,0.277055,0.222620"
EDUCATIONxINCOME,"EDUCATIONxINCOME :: High school graduate | $100,000 or more",RACESURV29b_W43,4,"0.290703,0.334597,0.252567,0.122133"
EDUCATIONxINCOME,"EDUCATIONxINCOME :: High school graduate | $30,000-$50,000",RACESURV29b_W43,4,"0.226023,0.372648,0.281290,0.120040"
EDUCATIONxINCOME,"EDUCATIONxINCOME :: High school graduate | $50,000-$75,000",RACESURV29b_W43,4,"0.232905,0.396184,0.272293,0.098618"
EDUCATIONxINCOME,"EDUCATIONxINCOME :: High school graduate | $75,000-$100,000",RACESURV29b_W43,4,"0.250168,0.372624,0.258109,0.119098"
EDUCATIONxINCOME,"EDUCATIONxINCOME :: High school graduate | Less than $30,000",RACESURV29b_W43,4,"0.200251,0.289097,0.315040,0.195613"
EDUCATIONxINCOME,EDUCATIONxINCOME :: High school graduate | Refused,RACESURV29b_W43,4,"0.228787,0.275970,0.280316,0.214926"
EDUCATIONxINCOME,"EDUCATIONxINCOME :: Less than high school | $30,000-$50,000",RACESURV29b_W43,4,"0.233431,0.342304,0.281572,0.142694"
EDUCATIONxINCOME,"EDUCATIONxINCOME :: Less than high school | Less than $30,000",RACESURV29b_W43,4,"0.202905,0.262578,0.304596,0.229921"
EDUCATIONxINCOME,"EDUCATIONxINCOME :: Postgraduate | $100,000 or more",RACESURV29b_W43,4,"0.321349,0.321349,0.231459,0.125842"
EDUCATIONxINCOME,"EDUCATIONxINCOME :: Postgraduate | $30,000-$50,000",RACESURV29b_W43,4,"0.248942,0.353819,0.267076,0.130163"
EDUCATIONxINCOME,"EDUCATIONxINCOME :: Postgraduate | $50,000-$75,000",RACESURV29b_W43,4,"0.248381,0.372863,0.262342,0.116414"
EDUCATIONxINCOME,"EDUCATIONxINCOME :: Postgraduate | $75,000-$100,000",RACESURV29b_W43,4,"0.272458,0.352586,0.244229,0.130727"
EDUCATIONxINCOME,"EDUCATIONxINCOME :: Postgraduate | Less than $30,000",RACESURV29b_W43,4,"0.217149,0.247992,0.294497,0.240362"
EDUCATIONxINCOME,"EDUCATIONxINCOME :: Some college, no degree | $100,000 or more",RACESURV29b_W43,4,"0.285554,0.318559,0.250040,0.145847"
EDUCATIONxINCOME,"EDUCATIONxINCOME :: Some college, no degree | $30,000-$50,000",RACESURV29b_W43,4,"0.235419,0.339867,0.277392,0.147322"
EDUCATIONxINCOME,"EDUCATIONxINCOME :: Some college, no degree | $50,000-$75,000",RACESURV29b_W43,4,"0.233205,0.361195,0.274783,0.130816"
EDUCATIONxINCOME,"EDUCATIONxINCOME :: Some college, no degree | $75,000-$100,000",RACESURV29b_W43,4,"0.250135,0.339233,0.260099,0.150534"
EDUCATIONxINCOME,"EDUCATIONxINCOME :: Some college, no degree | Less than $30,000",RACESURV29b_W43,4,"0.204029,0.266104,0.296860,0.233008"
EDUCATIONxINCOME,"EDUCATIONxINCOME :: Some college, no degree | Refused",RACESURV29b_W43,4,"0.212247,0.220702,0.292383,0.274668"
EDUCATIONxINCOME,"EDUCATIONxINCOME :: Associate's degree | $100,000 or more",RACESURV29d_W43,4,"0.367330,0.326710,0.215942,0.090018"
EDUCATIONxINCOME,"EDUCATIONxINCOME :: Associate's degree | $30,000-$50,000",RACESURV29d_W43,4,"0.254129,0.372655,0.262196,0.111021"
EDUCATIONxINCOME,"EDUCATIONxINCOME :: Associate's degree | $50,000-$75,000",RACESURV29d_W43,4,"0.241935,0.398883,0.257538,0.101644"
EDUCATIONxINCOME,"EDUCATIONxINCOME :: Associate's degree | $75,000-$100,000",RACESURV29d_W43,4,"0.263486,0.380387,0.243685,0.112442"
EDUCATIONxINCOME,"EDUCATIONxINCOME :: Associate's degree | Less than $30,000",RACESURV29d_W43,4,"0.239007,0.326684,0.275096,0.159213"
EDUCATIONxINCOME,"EDUCATIONxINCOME :: College graduate/some postgrad | $100,000 or more",RACESURV29d_W43,4,"0.287875,0.361076,0.244316,0.106734"
EDUCATIONxINCOME,"EDUCATIONxINCOME :: College graduate/some postgrad | $30,000-$50,000",RACESURV29d_W43,4,"0.240906,0.387985,0.262524,0.108585"
EDUCATIONxINCOME,"EDUCATIONxINCOME :: College graduate/some postgrad | $50,000-$75,000",RACESURV29d_W43,4,"0.221348,0.410315,0.266997,0.101341"
EDUCATIONxINCOME,"EDUCATIONxINCOME :: College graduate/some postgrad | $75,000-$100,000",RACESURV29d_W43,4,"0.242976,0.388275,0.256634,0.112115"
EDUCATIONxINCOME,"EDUCATIONxINCOME :: College graduate/some postgrad | Less than $30,000",RACESURV29d_W43,4,"0.210399,0.328429,0.292111,0.169061"
EDUCATIONxINCOME,EDUCATIONxINCOME :: College graduate/some postgrad | Refused,RACESURV29d_W43,4,"0.223285,0.300463,0.282259,0.193993"
EDUCATIONxINCOME,"EDUCATIONxINCOME :: High school graduate | $100,000 or more",RACESURV29d_W43,4,"0.277338,0.356109,0.254499,0.112055"
EDUCATIONxINCOME,"EDUCATIONxINCOME :: High school graduate | $30,000-$50,000",RACESURV29d_W43,4,"0.218461,0.389450,0.280510,0.111579"
EDUCATIONxINCOME,"EDUCATIONxINCOME :: High school graduate | $50,000-$75,000",RACESURV29d_W43,4,"0.222903,0.413197,0.270981,0.092920"
EDUCATIONxINCOME,"EDUCATIONxINCOME :: High school graduate | $75,000-$100,000",RACESURV29d_W43,4,"0.239727,0.392167,0.259206,0.108901"
EDUCATIONxINCOME,"EDUCATIONxINCOME :: High school graduate | Less than $30,000",RACESURV29d_W43,4,"0.205752,0.328790,0.306466,0.158992"
EDUCATIONxINCOME,EDUCATIONxINCOME :: High school graduate | Refused,RACESURV29d_W43,4,"0.223426,0.303010,0.286884,0.186679"
EDUCATIONxINCOME,"EDUCATIONxINCOME :: Less than high school | $30,000-$50,000",RACESURV29d_W43,4,"0.228971,0.363047,0.280541,0.127441"
EDUCATIONxINCOME,"EDUCATIONxINCOME :: Less than high school | Less than $30,000",RACESURV29d_W43,4,"0.211324,0.302707,0.298014,0.187955"
EDUCATIONxINCOME,"EDUCATIONxINCOME :: Postgraduate | $100,000 or more",RACESURV29d_W43,4,"0.301292,0.352246,0.236486,0.109976"
EDUCATIONxINCOME,"EDUCATIONxINCOME :: Postgraduate | $30,000-$50,000",RACESURV29d_W43,4,"0.241807,0.374518,0.267656,0.116020"
EDUCATIONxINCOME,"EDUCATIONxINCOME :: Postgraduate | $50,000-$75,000",RACESURV29d_W43,4,"0.237731,0.398124,0.261096,0.103049"
EDUCATIONxINCOME,"EDUCATIONxINCOME :: Postgraduate | $75,000-$100,000",RACESURV29d_W43,4,"0.259775,0.377970,0.247879,0.114377"
EDUCATIONxINCOME,"EDUCATIONxINCOME :: Postgraduate | Less than $30,000",RACESURV29d_W43,4,"0.234412,0.298649,0.287208,0.179730"
EDUCATIONxINCOME,"EDUCATIONxINCOME :: Some college, no degree | $100,000 or more",RACESURV29d_W43,4,"0.275959,0.343437,0.251264,0.129340"
EDUCATIONxINCOME,"EDUCATIONxINCOME :: Some college, no degree | $30,000-$50,000",RACESURV29d_W43,4,"0.232704,0.360419,0.276343,0.130535"
EDUCATIONxINCOME,"EDUCATIONxINCOME :: Some college, no degree | $50,000-$75,000",RACESURV29d_W43,4,"0.228192,0.382149,0.273110,0.116549"
EDUCATIONxINCOME,"EDUCATIONxINCOME :: Some college, no degree | $75,000-$100,000",RACESURV29d_W43,4,"0.243292,0.362382,0.261014,0.133313"
EDUCATIONxINCOME,"EDUCATIONxINCOME :: Some college, no degree | Less than $30,000",RACESURV29d_W43,4,"0.210982,0.306977,0.292919,0.189123"
EDUCATIONxINCOME,"EDUCATIONxINCOME :: Some college, no degree | Refused",RACESURV29d_W43,4,"0.219448,0.260601,0.295299,0.224652"
EDUCATIONxINCOME,"EDUCATIONxINCOME :: Associate's degree | $100,000 or more",RACESURV34d_W43,5,"0.449657,0.174718,0.138213,0.116387,0.121024"
EDUCATIONxINCOME,"EDUCATIONxINCOME :: Associate's degree | $30,000-$50,000",RACESURV34d_W43,5,"0.352975,0.202697,0.172027,0.140404,0.131897"
EDUCATIONxINCOME,"EDUCATIONxINCOME :: Associate's degree | $50,000-$75,000",RACESURV34d_W43,5,"0.352600,0.222382,0.155248,0.135939,0.133832"
EDUCATIONxINCOME,"EDUCATIONxINCOME :: Associate's degree | $75,000-$100,000",RACESURV34d_W43,5,"0.346206,0.220062,0.163536,0.138791,0.131405"
EDUCATIONxINCOME,"EDUCATIONxINCOME :: Associate's degree | Less than $30,000",RACESURV34d_W43,5,"0.296363,0.194359,0.167548,0.172867,0.168862"
EDUCATIONxINCOME,"EDUCATIONxINCOME :: College graduate/some postgrad | $100,000 or more",RACESURV34d_W43,5,"0.402344,0.187107,0.146862,0.124640,0.139046"
EDUCATIONxINCOME,"EDUCATIONxINCOME :: College graduate/some postgrad | $30,000-$50,000",RACESURV34d_W43,5,"0.349983,0.205744,0.173254,0.139214,0.131805"
EDUCATIONxINCOME,"EDUCATIONxINCOME :: College graduate/some postgrad | $50,000-$75,000",RACESURV34d_W43,5,"0.347207,0.224173,0.157726,0.137034,0.133860"
EDUCATIONxINCOME,"EDUCATIONxINCOME :: College graduate/some postgrad | $75,000-$100,000",RACESURV34d_W43,5,"0.340489,0.216428,0.169876,0.141937,0.131270"
EDUCATIONxINCOME,"EDUCATIONxINCOME :: College graduate/some postgrad | Less than $30,000",RACESURV34d_W43,5,"0.281198,0.194780,0.175969,0.180142,0.167911"
EDUCATIONxINCOME,EDUCATIONxINCOME :: College graduate/some postgrad | Refused,RACESURV34d_W43,5,"0.274717,0.177371,0.155311,0.166624,0.225976"
EDUCATIONxINCOME,"EDUCATIONxINCOME :: High school graduate | $100,000 or more",RACESURV34d_W43,5,"0.389837,0.199109,0.146814,0.132636,0.131603"
EDUCATIONxINCOME,"EDUCATIONxINCOME :: High school graduate | $30,000-$50,000",RACESURV34d_W43,5,"0.348030,0.214415,0.165687,0.142831,0.129037"
EDUCATIONxINCOME,"EDUCATIONxINCOME :: High school graduate | $50,000-$75,000",RACESURV34d_W43,5,"0.357986,0.232946,0.151581,0.133770,0.123717"
EDUCATIONxINCOME,"EDUCATIONxINCOME :: High school graduate | $75,000-$100,000",RACESURV34d_W43,5,"0.340226,0.230209,0.160711,0.140724,0.128130"
EDUCATIONxINCOME,"EDUCATIONxINCOME :: High school graduate | Less than $30,000",RACESURV34d_W43,5,"0.282274,0.206516,0.165940,0.178028,0.167242"
EDUCATIONxINCOME,EDUCATIONxINCOME :: High school graduate | Refused,RACESURV34d_W43,5,"0.271523,0.188078,0.152310,0.169914,0.218174"
EDUCATIONxINCOME,"EDUCATIONxINCOME :: Less than high school | $30,000-$50,000",RACESURV34d_W43,5,"0.316277,0.209046,0.188858,0.152941,0.132878"
EDUCATIONxINCOME,"EDUCATIONxINCOME :: Less than high school | Less than $30,000",RACESURV34d_W43,5,"0.257276,0.200367,0.195725,0.194202,0.152431"
EDUCATIONxINCOME,"EDUCATIONxINCOME :: Postgraduate | $100,000 or more",RACESURV34d_W43,5,"0.385562,0.193873,0.148647,0.131181,0.140737"
EDUCATIONxINCOME,"EDUCATIONxINCOME :: Postgraduate | $30,000-$50,000",RACESURV34d_W43,5,"0.327569,0.208215,0.176710,0.148805,0.138701"
EDUCATIONxINCOME,"EDUCATIONxINCOME :: Postgraduate | $50,000-$75,000",RACESURV34d_W43,5,"0.331253,0.227667,0.162706,0.141362,0.137012"
EDUCATIONxINCOME,"EDUCATIONxINCOME :: Postgraduate | $75,000-$100,000",RACESURV34d_W43,5,"0.322272,0.221494,0.171158,0.147547,0.137529"
EDUCATIONxINCOME,"EDUCATIONxINCOME :: Postgraduate | Less than $30,000",RACESURV34d_W43,5,"0.267237,0.186561,0.180821,0.195515,0.169866"
EDUCATIONxINCOME,"EDUCATIONxINCOME :: Some college, no degree | $100,000 or more",RACESURV34d_W43,5,"0.340095,0.196832,0.160650,0.141773,0.160650"
EDUCATIONxINCOME,"EDUCATIONxINCOME :: Some college, no degree | $30,000-$50,000",RACESURV34d_W43,5,"0.302178,0.207683,0.179034,0.154337,0.156768"
EDUCATIONxINCOME,"EDUCATIONxINCOME :: Some college, no degree | $50,000-$75,000",RACESURV34d_W43,5,"0.303020,0.226952,0.169979,0.147680,0.152368"
EDUCATIONxINCOME,"EDUCATIONxINCOME :: Some college, no degree | $75,000-$100,000",RACESURV34d_W43,5,"0.296849,0.220599,0.174508,0.156428,0.151615"
EDUCATIONxINCOME,"EDUCATIONxINCOME :: Some college, no degree | Less than $30,000",RACESURV34d_W43,5,"0.251922,0.197736,0.175870,0.190161,0.184310"
EDUCATIONxINCOME,"EDUCATIONxINCOME :: Some college, no degree | Refused",RACESURV34d_W43,5,"0.239317,0.159419,0.145153,0.184930,0.271181"
EDUCATIONxINCOME,"EDUCATIONxINCOME :: Associate's degree | $100,000 or more",RACESURV38_W43,4,"0.327034,0.187800,0.216156,0.269011"
EDUCATIONxINCOME,"EDUCATIONxINCOME :: Associate's degree | $30,000-$50,000",RACESURV38_W43,4,"0.262687,0.231820,0.244851,0.260642"
EDUCATIONxINCOME,"EDUCATIONxINCOME :: Associate's degree | $50,000-$75,000",RACESURV38_W43,4,"0.248837,0.237442,0.248837,0.264885"
EDUCATIONxINCOME,"EDUCATIONxINCOME :: Associate's degree | $75,000-$100,000",RACESURV38_W43,4,"0.261383,0.225326,0.230669,0.282622"
EDUCATIONxINCOME,"EDUCATIONxINCOME :: Associate's degree | Less than $30,000",RACESURV38_W43,4,"0.262045,0.190225,0.213875,0.333855"
EDUCATIONxINCOME,"EDUCATIONxINCOME :: College graduate/some postgrad | $100,000 or more",RACESURV38_W43,4,"0.306625,0.201089,0.217429,0.274857"
EDUCATIONxINCOME,"EDUCATIONxINCOME :: College graduate/some postgrad | $30,000-$50,000",RACESURV38_W43,4,"0.260732,0.237399,0.241137,0.260732"
EDUCATIONxINCOME,"EDUCATIONxINCOME :: College graduate/some postgrad | $50,000-$75,000",RACESURV38_W43,4,"0.247443,0.241711,0.247443,0.263402"
EDUCATIONxINCOME,"EDUCATIONxINCOME :: College graduate/some postgrad | $75,000-$100,000",RACESURV38_W43,4,"0.265467,0.225299,0.228846,0.280389"
EDUCATIONxINCOME,"EDUCATIONxINCOME :: College graduate/some postgrad | Less than $30,000",RACESURV38_W43,4,"0.258887,0.192388,0.216308,0.332417"
EDUCATIONxINCOME,EDUCATIONxINCOME :: College graduate/some postgrad | Refused,RACESURV38_W43,4,"0.248083,0.184359,0.212196,0.355362"
EDUCATIONxINCOME,"EDUCATIONxINCOME :: High school graduate | $100,000 or more",RACESURV38_W43,4,"0.292145,0.215414,0.222252,0.270190"
EDUCATIONxINCOME,"EDUCATIONxINCOME :: High school graduate | $30,000-$50,000",RACESURV38_W43,4,"0.252798,0.243113,0.241221,0.262868"
EDUCATIONxINCOME,"EDUCATIONxINCOME :: High school graduate | $50,000-$75,000",RACESURV38_W43,4,"0.244583,0.244583,0.248435,0.262399"
EDUCATIONxINCOME,"EDUCATIONxINCOME :: High school graduate | $75,000-$100,000",RACESURV38_W43,4,"0.257719,0.238351,0.227437,0.276493"
EDUCATIONxINCOME,"EDUCATIONxINCOME :: High school graduate | Less than $30,000",RACESURV38_W43,4,"0.255915,0.204034,0.208872,0.331179"
EDUCATIONxINCOME,EDUCATIONxINCOME :: High school graduate | Refused,RACESURV38_W43,4,"0.246939,0.196877,0.207944,0.348240"
EDUCATIONxINCOME,"EDUCATIONxINCOME :: Less than high school | $30,000-$50,000",RACESURV38_W43,4,"0.252402,0.229814,0.242732,0.275052"
EDUCATIONxINCOME,"EDUCATIONxINCOME :: Less than high school | Less than $30,000",RACESURV38_W43,4,"0.255394,0.189793,0.208447,0.346366"
EDUCATIONxINCOME,"EDUCATIONxINCOME :: Postgraduate | $100,000 or more",RACESURV38_W43,4,"0.314379,0.199832,0.206175,0.279615"
EDUCATIONxINCOME,"EDUCATIONxINCOME :: Postgraduate | $30,000-$50,000",RACESURV38_W43,4,"0.263461,0.232503,0.234327,0.269709"
EDUCATIONxINCOME,"EDUCATIONxINCOME :: Postgraduate | $50,000-$75,000",RACESURV38_W43,4,"0.253175,0.237836,0.241582,0.267407"
EDUCATIONxINCOME,"EDUCATIONxINCOME :: Postgraduate | $75,000-$100,000",RACESURV38_W43,4,"0.268739,0.228076,0.219339,0.283845"
EDUCATIONxINCOME,"EDUCATIONxINCOME :: Postgraduate | Less than $30,000",RACESURV38_W43,4,"0.271954,0.175586,0.200526,0.351934"
EDUCATIONxINCOME,"EDUCATIONxINCOME :: Some college, no degree | $100,000 or more",RACESURV38_W43,4,"0.289557,0.210196,0.215180,0.285067"
EDUCATIONxINCOME,"EDUCATIONxINCOME :: Some college, no degree | $30,000-$50,000",RACESURV38_W43,4,"0.253104,0.230454,0.234083,0.282358"
EDUCATIONxINCOME,"EDUCATIONxINCOME :: Some college, no degree | $50,000-$75,000",RACESURV38_W43,4,"0.245145,0.237603,0.239466,0.277786"
EDUCATIONxINCOME,"EDUCATIONxINCOME :: Some college, no degree | $75,000-$100,000",RACESURV38_W43,4,"0.258642,0.226474,0.219506,0.295378"
EDUCATIONxINCOME,"EDUCATIONxINCOME :: Some college, no degree | Less than $30,000",RACESURV38_W43,4,"0.255996,0.196279,0.197819,0.349906"
EDUCATIONxINCOME,"EDUCATIONxINCOME :: Some college, no degree | Refused",RACESURV38_W43,4,"0.245265,0.144184,0.169890,0.440661"
EDUCATIONxINCOME,"EDUCATIONxINCOME :: Associate's degree | $100,000 or more",RACESURV45_W43,4,"0.403502,0.229908,0.160502,0.206088"
EDUCATIONxINCOME,"EDUCATIONxINCOME :: Associate's degree | $30,000-$50,000",RACESURV45_W43,4,"0.318477,0.264027,0.191663,0.225834"
EDUCATIONxINCOME,"EDUCATIONxINCOME :: Associate's degree | $50,000-$75,000",RACESURV45_W43,4,"0.308749,0.268245,0.204070,0.218936"
EDUCATIONxINCOME,"EDUCATIONxINCOME :: Associate's degree | $75,000-$100,000",RACESURV45_W43,4,"0.327731,0.259257,0.171358,0.241654"
EDUCATIONxINCOME,"EDUCATIONxINCOME :: Associate's degree | Less than $30,000",RACESURV45_W43,4,"0.309862,0.223185,0.159503,0.307450"
EDUCATIONxINCOME,"EDUCATIONxINCOME :: College graduate/some postgrad | $100,000 or more",RACESURV45_W43,4,"0.345842,0.253023,0.172547,0.228588"
EDUCATIONxINCOME,"EDUCATIONxINCOME :: College graduate/some postgrad | $30,000-$50,000",RACESURV45_W43,4,"0.300121,0.281938,0.198368,0.219573"
EDUCATIONxINCOME,"EDUCATIONxINCOME :: College graduate/some postgrad | $50,000-$75,000",RACESURV45_W43,4,"0.288416,0.279543,0.214333,0.217708"
EDUCATIONxINCOME,"EDUCATIONxINCOME :: College graduate/some postgrad | $75,000-$100,000",RACESURV45_W43,4,"0.310159,0.267374,0.180914,0.241552"
EDUCATIONxINCOME,"EDUCATIONxINCOME :: College graduate/some postgrad | Less than $30,000",RACESURV45_W43,4,"0.283000,0.230978,0.170312,0.315709"
EDUCATIONxINCOME,EDUCATIONxINCOME :: College graduate/some postgrad | Refused,RACESURV45_W43,4,"0.275158,0.219375,0.163026,0.342440"
EDUCATIONxINCOME,"EDUCATIONxINCOME :: High school graduate | $100,000 or more",RACESURV45_W43,4,"0.325605,0.253582,0.189924,0.230889"
EDUCATIONxINCOME,"EDUCATIONxINCOME :: High school graduate | $30,000-$50,000",RACESURV45_W43,4,"0.283257,0.276695,0.208861,0.231187"
EDUCATIONxINCOME,"EDUCATIONxINCOME :: High school graduate | $50,000-$75,000",RACESURV45_W43,4,"0.285220,0.280798,0.218686,0.215296"
EDUCATIONxINCOME,"EDUCATIONxINCOME :: High school graduate | $75,000-$100,000",RACESURV45_W43,4,"0.299235,0.268232,0.190205,0.242328"
EDUCATIONxINCOME,"EDUCATIONxINCOME :: High school graduate | Less than $30,000",RACESURV45_W43,4,"0.278125,0.232382,0.176787,0.312705"
EDUCATIONxINCOME,EDUCATIONxINCOME :: High school graduate | Refused,RACESURV45_W43,4,"0.270901,0.221103,0.170855,0.337141"
EDUCATIONxINCOME,"EDUCATIONxINCOME :: Less than high school | $30,000-$50,000",RACESURV45_W43,4,"0.275197,0.252535,0.201338,0.270930"
EDUCATIONxINCOME,"EDUCATIONxINCOME :: Less than high school | Less than $30,000",RACESURV45_W43,4,"0.262043,0.204079,0.161440,0.372438"
EDUCATIONxINCOME,"EDUCATIONxINCOME :: Postgraduate | $100,000 or more",RACESURV45_W43,4,"0.354600,0.243713,0.163621,0.238067"
EDUCATIONxINCOME,"EDUCATIONxINCOME :: Postgraduate | $30,000-$50,000",RACESURV45_W43,4,"0.297541,0.266714,0.196663,0.239081"
EDUCATIONxINCOME,"EDUCATIONxINCOME :: Postgraduate | $50,000-$75,000",RACESURV45_W43,4,"0.294298,0.267961,0.210325,0.227416"
EDUCATIONxINCOME,"EDUCATIONxINCOME :: Postgraduate | $75,000-$100,000",RACESURV45_W43,4,"0.313770,0.258100,0.176009,0.252121"
EDUCATIONxINCOME,"EDUCATIONxINCOME :: Postgraduate | Less than $30,000",RACESURV45_W43,4,"0.293113,0.212778,0.159363,0.334746"
EDUCATIONxINCOME,"EDUCATIONxINCOME :: Some college, no degree | $100,000 or more",RACESURV45_W43,4,"0.309327,0.246617,0.187616,0.256441"
EDUCATIONxINCOME,"EDUCATIONxINCOME :: Some college, no degree | $30,000-$50,000",RACESURV45_W43,4,"0.268784,0.264617,0.206084,0.260515"
EDUCATIONxINCOME,"EDUCATIONxINCOME :: Some college, no degree | $50,000-$75,000",RACESURV45_W43,4,"0.266978,0.262839,0.221332,0.248851"
EDUCATIONxINCOME,"EDUCATIONxINCOME :: Some college, no degree | $75,000-$100,000",RACESURV45_W43,4,"0.282996,0.255666,0.187049,0.274289"
EDUCATIONxINCOME,"EDUCATIONxINCOME :: Some college, no degree | Less than $30,000",RACESURV45_W43,4,"0.261385,0.223574,0.168763,0.346278"
EDUCATIONxINCOME,"EDUCATIONxINCOME :: Some college, no degree | Refused",RACESURV45_W43,4,"0.243198,0.187929,0.148664,0.420209"
EDUCATIONxINCOME,"EDUCATIONxINCOME :: Associate's degree | $100,000 or more",RACESURV47c_W43,4,"0.177706,0.133096,0.206143,0.483055"
EDUCATIONxINCOME,"EDUCATIONxINCOME :: Associate's degree | $30,000-$50,000",RACESURV47c_W43,4,"0.104213,0.125705,0.236691,0.533391"
EDUCATIONxINCOME,"EDUCATIONxINCOME :: Associate's degree | $50,000-$75,000",RACESURV47c_W43,4,"0.091474,0.105286,0.242893,0.560347"
EDUCATIONxINCOME,"EDUCATIONxINCOME :: Associate's degree | $75,000-$100,000",RACESURV47c_W43,4,"0.082641,0.087286,0.174951,0.655121"
EDUCATIONxINCOME,"EDUCATIONxINCOME :: Associate's degree | Less than $30,000",RACESURV47c_W43,4,"0.088107,0.083418,0.167197,0.661278"
EDUCATIONxINCOME,"EDUCATIONxINCOME :: College graduate/some postgrad | $100,000 or more",RACESURV47c_W43,4,"0.135374,0.120404,0.212973,0.531248"
EDUCATIONxINCOME,"EDUCATIONxINCOME :: College graduate/some postgrad | $30,000-$50,000",RACESURV47c_W43,4,"0.117751,0.155995,0.253205,0.473049"
EDUCATIONxINCOME,"EDUCATIONxINCOME :: College graduate/some postgrad | $50,000-$75,000",RACESURV47c_W43,4,"0.099574,0.120109,0.270671,0.509646"
EDUCATIONxINCOME,"EDUCATIONxINCOME :: College graduate/some postgrad | $75,000-$100,000",RACESURV47c_W43,4,"0.092491,0.100791,0.203603,0.603116"
EDUCATIONxINCOME,"EDUCATIONxINCOME :: College graduate/some postgrad | Less than $30,000",RACESURV47c_W43,4,"0.098868,0.098868,0.196623,0.605641"
EDUCATIONxINCOME,EDUCATIONxINCOME :: College graduate/some postgrad | Refused,RACESURV47c_W43,4,"0.145527,0.150146,0.227164,0.477163"
EDUCATIONxINCOME,"EDUCATIONxINCOME :: High school graduate | $100,000 or more",RACESURV47c_W43,4,"0.144275,0.129327,0.214897,0.511500"
EDUCATIONxINCOME,"EDUCATIONxINCOME :: High school graduate | $30,000-$50,000",RACESURV47c_W43,4,"0.102328,0.130369,0.243562,0.523741"
EDUCATIONxINCOME,"EDUCATIONxINCOME :: High school graduate | $50,000-$75,000",RACESURV47c_W43,4,"0.102232,0.119522,0.263107,0.515139"
EDUCATIONxINCOME,"EDUCATIONxINCOME :: High school graduate | $75,000-$100,000",RACESURV47c_W43,4,"0.094094,0.105792,0.200759,0.599355"
EDUCATIONxINCOME,"EDUCATIONxINCOME :: High school graduate | Less than $30,000",RACESURV47c_W43,4,"0.098559,0.101687,0.196008,0.603746"
EDUCATIONxINCOME,EDUCATIONxINCOME :: High school graduate | Refused,RACESURV47c_W43,4,"0.147955,0.159978,0.229157,0.462910"
EDUCATIONxINCOME,"EDUCATIONxINCOME :: Less than high school | $30,000-$50,000",RACESURV47c_W43,4,"0.111324,0.136397,0.237521,0.514757"
EDUCATIONxINCOME,"EDUCATIONxINCOME :: Less than high school | Less than $30,000",RACESURV47c_W43,4,"0.104330,0.103518,0.196444,0.595708"
EDUCATIONxINCOME,"EDUCATIONxINCOME :: Postgraduate | $100,000 or more",RACESURV47c_W43,4,"0.137798,0.118789,0.206860,0.536553"
EDUCATIONxINCOME,"EDUCATIONxINCOME :: Postgraduate | $30,000-$50,000",RACESURV47c_W43,4,"0.114116,0.138730,0.239703,0.507452"
EDUCATIONxINCOME,"EDUCATIONxINCOME :: Postgraduate | $50,000-$75,000",RACESURV47c_W43,4,"0.109017,0.125478,0.257463,0.508042"
EDUCATIONxINCOME,"EDUCATIONxINCOME :: Postgraduate | $75,000-$100,000",RACESURV47c_W43,4,"0.103636,0.109462,0.199764,0.587139"
EDUCATIONxINCOME,"EDUCATIONxINCOME :: Postgraduate | Less than $30,000",RACESURV47c_W43,4,"0.112298,0.107996,0.204940,0.574767"
EDUCATIONxINCOME,"EDUCATIONxINCOME :: Some college, no degree | $100,000 or more",RACESURV47c_W43,4,"0.176644,0.148749,0.216428,0.458179"
EDUCATIONxINCOME,"EDUCATIONxINCOME :: Some college, no degree | $30,000-$50,000",RACESURV47c_W43,4,"0.134482,0.163488,0.243515,0.458515"
EDUCATIONxINCOME,"EDUCATIONxINCOME :: Some college, no degree | $50,000-$75,000",RACESURV47c_W43,4,"0.128139,0.147488,0.262925,0.461448"
EDUCATIONxINCOME,"EDUCATIONxINCOME :: Some college, no degree | $75,000-$100,000",RACESURV47c_W43,4,"0.125276,0.133356,0.209798,0.531569"
EDUCATIONxINCOME,"EDUCATIONxINCOME :: Some college, no degree | Less than $30,000",RACESURV47c_W43,4,"0.119509,0.121391,0.206494,0.552606"
EDUCATIONxINCOME,"EDUCATIONxINCOME :: Some college, no degree | Refused",RACESURV47c_W43,4,"0.160777,0.163309,0.228511,0.447402"
EDUCATIONxINCOME,"EDUCATIONxINCOME :: Associate's degree | $100,000 or more",RACESURV47f_W43,4,"0.220219,0.154944,0.278383,0.346454"
EDUCATIONxINCOME,"EDUCATIONxINCOME :: Associate's degree | $30,000-$50,000",RACESURV47f_W43,4,"0.138828,0.148940,0.343602,0.368631"
EDUCATIONxINCOME,"EDUCATIONxINCOME :: Associate's degree | $50,000-$75,000",RACESURV47f_W43,4,"0.129866,0.129866,0.381697,0.358571"
EDUCATIONxINCOME,"EDUCATIONxINCOME :: Associate's degree | $75,000-$100,000",RACESURV47f_W43,4,"0.123152,0.112131,0.348098,0.416619"
EDUCATIONxINCOME,"EDUCATIONxINCOME :: Associate's degree | Less than $30,000",RACESURV47f_W43,4,"0.121888,0.099482,0.318632,0.459999"
EDUCATIONxINCOME,"EDUCATIONxINCOME :: College graduate/some postgrad | $100,000 or more",RACESURV47f_W43,4,"0.170285,0.129546,0.328233,0.371936"
EDUCATIONxINCOME,"EDUCATIONxINCOME :: College graduate/some postgrad | $30,000-$50,000",RACESURV47f_W43,4,"0.141802,0.169715,0.337519,0.350964"
EDUCATIONxINCOME,"EDUCATIONxINCOME :: College graduate/some postgrad | $50,000-$75,000",RACESURV47f_W43,4,"0.128902,0.138291,0.387848,0.344959"
EDUCATIONxINCOME,"EDUCATIONxINCOME :: College graduate/some postgrad | $75,000-$100,000",RACESURV47f_W43,4,"0.122514,0.115994,0.362912,0.398581"
EDUCATIONxINCOME,"EDUCATIONxINCOME :: College graduate/some postgrad | Less than $30,000",RACESURV47f_W43,4,"0.121491,0.104732,0.332838,0.440939"
EDUCATIONxINCOME,EDUCATIONxINCOME :: College graduate/some postgrad | Refused,RACESURV47f_W43,4,"0.158735,0.147957,0.294248,0.399060"
EDUCATIONxINCOME,"EDUCATIONxINCOME :: High school graduate | $100,000 or more",RACESURV47f_W43,4,"0.175457,0.143204,0.312786,0.368552"
EDUCATIONxINCOME,"EDUCATIONxINCOME :: High school graduate | $30,000-$50,000",RACESURV47f_W43,4,"0.128249,0.152299,0.354106,0.365346"
EDUCATIONxINCOME,"EDUCATIONxINCOME :: High school graduate | $50,000-$75,000",RACESURV47f_W43,4,"0.129079,0.140663,0.379385,0.350874"
EDUCATIONxINCOME,"EDUCATIONxINCOME :: High school graduate | $75,000-$100,000",RACESURV47f_W43,4,"0.121451,0.123363,0.356964,0.398222"
EDUCATIONxINCOME,"EDUCATIONxINCOME :: High school graduate | Less than $30,000",RACESURV47f_W43,4,"0.119336,0.111233,0.329496,0.439935"
EDUCATIONxINCOME,EDUCATIONxINCOME :: High school graduate | Refused,RACESURV47f_W43,4,"0.159944,0.163737,0.289622,0.386696"
EDUCATIONxINCOME,"EDUCATIONxINCOME :: Less than high school | $30,000-$50,000",RACESURV47f_W43,4,"0.133016,0.148390,0.339668,0.378927"
EDUCATIONxINCOME,"EDUCATIONxINCOME :: Less than high school | Less than $30,000",RACESURV47f_W43,4,"0.118440,0.104523,0.319448,0.457589"
EDUCATIONxINCOME,"EDUCATIONxINCOME :: Postgraduate | $100,000 or more",RACESURV47f_W43,4,"0.163055,0.124046,0.321750,0.391149"
EDUCATIONxINCOME,"EDUCATIONxINCOME :: Postgraduate | $30,000-$50,000",RACESURV47f_W43,4,"0.132543,0.149023,0.343791,0.374643"
EDUCATIONxINCOME,"EDUCATIONxINCOME :: Postgraduate | $50,000-$75,000",RACESURV47f_W43,4,"0.130384,0.137713,0.380239,0.351663"
EDUCATIONxINCOME,"EDUCATIONxINCOME :: Postgraduate | $75,000-$100,000",RACESURV47f_W43,4,"0.123847,0.116343,0.347337,0.412473"
EDUCATIONxINCOME,"EDUCATIONxINCOME :: Postgraduate | Less than $30,000",RACESURV47f_W43,4,"0.123452,0.104772,0.320209,0.451567"
EDUCATIONxINCOME,"EDUCATIONxINCOME :: Some college, no degree | $100,000 or more",RACESURV47f_W43,4,"0.202094,0.157391,0.294045,0.346470"
EDUCATIONxINCOME,"EDUCATIONxINCOME :: Some college, no degree | $30,000-$50,000",RACESURV47f_W43,4,"0.151915,0.176224,0.324126,0.347736"
EDUCATIONxINCOME,"EDUCATIONxINCOME :: Some college, no degree | $50,000-$75,000",RACESURV47f_W43,4,"0.148071,0.162624,0.360797,0.328509"
EDUCATIONxINCOME,"EDUCATIONxINCOME :: Some college, no degree | $75,000-$100,000",RACESURV47f_W43,4,"0.143149,0.140930,0.332832,0.383088"
EDUCATIONxINCOME,"EDUCATIONxINCOME :: Some college, no degree | Less than $30,000",RACESURV47f_W43,4,"0.132133,0.119372,0.321963,0.426531"
EDUCATIONxINCOME,"EDUCATIONxINCOME :: Some college, no degree | Refused",RACESURV47f_W43,4,"0.165742,0.156921,0.279743,0.397594"
EDUCATIONxINCOME,"EDUCATIONxINCOME :: Associate's degree | $100,000 or more",RACESURV48_W43,4,"0.874436,0.073480,0.031358,0.020726"
EDUCATIONxINCOME,"EDUCATIONxINCOME :: Associate's degree | $30,000-$50,000",RACESURV48_W43,4,"0.833777,0.099580,0.040868,0.025775"
EDUCATIONxINCOME,"EDUCATIONxINCOME :: Associate's degree | $50,000-$75,000",RACESURV48_W43,4,"0.829532,0.105463,0.040343,0.024661"
EDUCATIONxINCOME,"EDUCATIONxINCOME :: Associate's degree | $75,000-$100,000",RACESURV48_W43,4,"0.857467,0.083585,0.030510,0.028438"
EDUCATIONxINCOME,"EDUCATIONxINCOME :: Associate's degree | Less than $30,000",RACESURV48_W43,4,"0.833540,0.094993,0.038381,0.033086"
EDUCATIONxINCOME,"EDUCATIONxINCOME :: College graduate/some postgrad | $100,000 or more",RACESURV48_W43,4,"0.876631,0.071958,0.030469,0.020941"
EDUCATIONxINCOME,"EDUCATIONxINCOME :: College graduate/some postgrad | $30,000-$50,000",RACESURV48_W43,4,"0.839645,0.098727,0.038361,0.023267"
EDUCATIONxINCOME,"EDUCATIONxINCOME :: College graduate/some postgrad | $50,000-$75,000",RACESURV48_W43,4,"0.832188,0.104977,0.039227,0.023607"
EDUCATIONxINCOME,"EDUCATIONxINCOME :: College graduate/some postgrad | $75,000-$100,000",RACESURV48_W43,4,"0.870130,0.076031,0.027970,0.025868"
EDUCATIONxINCOME,"EDUCATIONxINCOME :: College graduate/some postgrad | Less than $30,000",RACESURV48_W43,4,"0.833218,0.094218,0.038970,0.033594"
EDUCATIONxINCOME,EDUCATIONxINCOME :: College graduate/some postgrad | Refused,RACESURV48_W43,4,"0.710577,0.158551,0.061606,0.069266"
EDUCATIONxINCOME,"EDUCATIONxINCOME :: High school graduate | $100,000 or more",RACESURV48_W43,4,"0.839875,0.092770,0.039281,0.028073"
EDUCATIONxINCOME,"EDUCATIONxINCOME :: High school graduate | $30,000-$50,000",RACESURV48_W43,4,"0.828878,0.103746,0.040311,0.027064"
EDUCATIONxINCOME,"EDUCATIONxINCOME :: High school graduate | $50,000-$75,000",RACESURV48_W43,4,"0.825614,0.111735,0.037720,0.024931"
EDUCATIONxINCOME,"EDUCATIONxINCOME :: High school graduate | $75,000-$100,000",RACESURV48_W43,4,"0.844837,0.093319,0.032250,0.029594"
EDUCATIONxINCOME,"EDUCATIONxINCOME :: High school graduate | Less than $30,000",RACESURV48_W43,4,"0.811243,0.109790,0.041025,0.037942"
EDUCATIONxINCOME,EDUCATIONxINCOME :: High school graduate | Refused,RACESURV48_W43,4,"0.659450,0.190417,0.069505,0.080628"
EDUCATIONxINCOME,"EDUCATIONxINCOME :: Less than high school | $30,000-$50,000",RACESURV48_W43,4,"0.795390,0.121977,0.050059,0.032574"
EDUCATIONxINCOME,"EDUCATIONxINCOME :: Less than high school | Less than $30,000",RACESURV48_W43,4,"0.777425,0.126911,0.049699,0.045964"
EDUCATIONxINCOME,"EDUCATIONxINCOME :: Postgraduate | $100,000 or more",RACESURV48_W43,4,"0.863250,0.079050,0.033211,0.024489"
EDUCATIONxINCOME,"EDUCATIONxINCOME :: Postgraduate | $30,000-$50,000",RACESURV48_W43,4,"0.818994,0.107429,0.043746,0.029832"
EDUCATIONxINCOME,"EDUCATIONxINCOME :: Postgraduate | $50,000-$75,000",RACESURV48_W43,4,"0.802913,0.120278,0.047102,0.029707"
EDUCATIONxINCOME,"EDUCATIONxINCOME :: Postgraduate | $75,000-$100,000",RACESURV48_W43,4,"0.840772,0.091430,0.033899,0.033899"
EDUCATIONxINCOME,"EDUCATIONxINCOME :: Postgraduate | Less than $30,000",RACESURV48_W43,4,"0.801816,0.107669,0.046671,0.043844"
EDUCATIONxINCOME,"EDUCATIONxINCOME :: Some college, no degree | $100,000 or more",RACESURV48_W43,4,"0.766773,0.136405,0.055545,0.041277"
EDUCATIONxINCOME,"EDUCATIONxINCOME :: Some college, no degree | $30,000-$50,000",RACESURV48_W43,4,"0.754883,0.147488,0.057308,0.040321"
EDUCATIONxINCOME,"EDUCATIONxINCOME :: Some college, no degree | $50,000-$75,000",RACESURV48_W43,4,"0.725010,0.172205,0.061883,0.040902"
EDUCATIONxINCOME,"EDUCATIONxINCOME :: Some college, no degree | $75,000-$100,000",RACESURV48_W43,4,"0.770691,0.137102,0.046284,0.045923"
EDUCATIONxINCOME,"EDUCATIONxINCOME :: Some college, no degree | Less than $30,000",RACESURV48_W43,4,"0.734163,0.153889,0.054444,0.057504"
EDUCATIONxINCOME,"EDUCATIONxINCOME :: Some college, no degree | Refused",RACESURV48_W43,4,"0.518350,0.219483,0.105309,0.156858"
EDUCATIONxINCOME,"EDUCATIONxINCOME :: Associate's degree | $100,000 or more",RACESURV53c_W43,2,"0.687630,0.312370"
EDUCATIONxINCOME,"EDUCATIONxINCOME :: Associate's degree | $30,000-$50,000",RACESURV53c_W43,2,"0.637031,0.362969"
EDUCATIONxINCOME,"EDUCATIONxINCOME :: Associate's degree | $50,000-$75,000",RACESURV53c_W43,2,"0.627951,0.372049"
EDUCATIONxINCOME,"EDUCATIONxINCOME :: Associate's degree | $75,000-$100,000",RACESURV53c_W43,2,"0.651355,0.348645"
EDUCATIONxINCOME,"EDUCATIONxINCOME :: Associate's degree | Less than $30,000",RACESURV53c_W43,2,"0.670608,0.329392"
EDUCATIONxINCOME,"EDUCATIONxINCOME :: College graduate/some postgrad | $100,000 or more",RACESURV53c_W43,2,"0.637031,0.362969"
EDUCATIONxINCOME,"EDUCATIONxINCOME :: College graduate/some postgrad | $30,000-$50,000",RACESURV53c_W43,2,"0.615088,0.384912"
EDUCATIONxINCOME,"EDUCATIONxINCOME :: College graduate/some postgrad | $50,000-$75,000",RACESURV53c_W43,2,"0.607663,0.392337"
EDUCATIONxINCOME,"EDUCATIONxINCOME :: College graduate/some postgrad | $75,000-$100,000",RACESURV53c_W43,2,"0.622459,0.377541"
EDUCATIONxINCOME,"EDUCATIONxINCOME :: College graduate/some postgrad | Less than $30,000",RACESURV53c_W43,2,"0.633410,0.366590"
EDUCATIONxINCOME,EDUCATIONxINCOME :: College graduate/some postgrad | Refused,RACESURV53c_W43,2,"0.603932,0.396068"
EDUCATIONxINCOME,"EDUCATIONxINCOME :: High school graduate | $100,000 or more",RACESURV53c_W43,2,"0.633410,0.366590"
EDUCATIONxINCOME,"EDUCATIONxINCOME :: High school graduate | $30,000-$50,000",RACESURV53c_W43,2,"0.622459,0.377541"
EDUCATIONxINCOME,"EDUCATIONxINCOME :: High school graduate | $50,000-$75,000",RACESURV53c_W43,2,"0.622459,0.377541"
EDUCATIONxINCOME,"EDUCATIONxINCOME :: High school graduate | $75,000-$100,000",RACESURV53c_W43,2,"0.631594,0.368406"
EDUCATIONxINCOME,"EDUCATIONxINCOME :: High school graduate | Less than $30,000",RACESURV53c_W43,2,"0.651355,0.348645"
EDUCATIONxINCOME,EDUCATIONxINCOME :: High school graduate | Refused,RACESURV53c_W43,2,"0.605799,0.394201"
EDUCATIONxINCOME,"EDUCATIONxINCOME :: Less than high school | $30,000-$50,000",RACESURV53c_W43,2,"0.611382,0.388618"
EDUCATIONxINCOME,"EDUCATIONxINCOME :: Less than high school | Less than $30,000",RACESURV53c_W43,2,"0.647798,0.352202"
EDUCATIONxINCOME,"EDUCATIONxINCOME :: Postgraduate | $100,000 or more",RACESURV53c_W43,2,"0.665411,0.334589"
EDUCATIONxINCOME,"EDUCATIONxINCOME :: Postgraduate | $30,000-$50,000",RACESURV53c_W43,2,"0.620622,0.379378"
EDUCATIONxINCOME,"EDUCATIONxINCOME :: Postgraduate | $50,000-$75,000",RACESURV53c_W43,2,"0.615088,0.384912"
EDUCATIONxINCOME,"EDUCATIONxINCOME :: Postgraduate | $75,000-$100,000",RACESURV53c_W43,2,"0.642432,0.357568"
EDUCATIONxINCOME,"EDUCATIONxINCOME :: Postgraduate | Less than $30,000",RACESURV53c_W43,2,"0.684264,0.315736"
EDUCATIONxINCOME,"EDUCATIONxINCOME :: Some college, no degree | $100,000 or more",RACESURV53c_W43,2,"0.622459,0.377541"
EDUCATIONxINCOME,"EDUCATIONxINCOME :: Some college, no degree | $30,000-$50,000",RACESURV53c_W43,2,"0.600188,0.399812"
EDUCATIONxINCOME,"EDUCATIONxINCOME :: Some college, no degree | $50,000-$75,000",RACESURV53c_W43,2,"0.594551,0.405449"
EDUCATIONxINCOME,"EDUCATIONxINCOME :: Some college, no degree | $75,000-$100,000",RACESURV53c_W43,2,"0.616936,0.383064"
EDUCATIONxINCOME,"EDUCATIONxINCOME :: Some college, no degree | Less than $30,000",RACESURV53c_W43,2,"0.642432,0.357568"
EDUCATIONxINCOME,"EDUCATIONxINCOME :: Some college, no degree | Refused",RACESURV53c_W43,2,"0.654895,0.345105"
EDUCATIONxINCOME,"EDUCATIONxINCOME :: Associate's degree | $100,000 or more",RACESURV5b_W43,5,"0.189495,0.165928,0.214727,0.291212,0.138638"
EDUCATIONxINCOME,"EDUCATIONxINCOME :: Associate's degree | $30,000-$50,000",RACESURV5b_W43,5,"0.154970,0.167562,0.245714,0.285033,0.146722"
EDUCATIONxINCOME,"EDUCATIONxINCOME :: Associate's degree | $50,000-$75,000",RACESURV5b_W43,5,"0.145071,0.174989,0.242948,0.293051,0.143942"
EDUCATIONxINCOME,"EDUCATIONxINCOME :: Associate's degree | $75,000-$100,000",RACESURV5b_W43,5,"0.143511,0.167782,0.255837,0.299103,0.133767"
EDUCATIONxINCOME,"EDUCATIONxINCOME :: Associate's degree | Less than $30,000",RACESURV5b_W43,5,"0.142325,0.147995,0.242103,0.320734,0.146843"
EDUCATIONxINCOME,"EDUCATIONxINCOME :: College graduate/some postgrad | $100,000 or more",RACESURV5b_W43,5,"0.166411,0.157555,0.236518,0.303695,0.135821"
EDUCATIONxINCOME,"EDUCATIONxINCOME :: College graduate/some postgrad | $30,000-$50,000",RACESURV5b_W43,5,"0.164962,0.164962,0.243799,0.289518,0.136759"
EDUCATIONxINCOME,"EDUCATIONxINCOME :: College graduate/some postgrad | $50,000-$75,000",RACESURV5b_W43,5,"0.150450,0.169155,0.244204,0.299205,0.136986"
EDUCATIONxINCOME,"EDUCATIONxINCOME :: College graduate/some postgrad | $75,000-$100,000",RACESURV5b_W43,5,"0.151304,0.158565,0.261430,0.303264,0.125436"
EDUCATIONxINCOME,"EDUCATIONxINCOME :: College graduate/some postgrad | Less than $30,000",RACESURV5b_W43,5,"0.145433,0.140959,0.253257,0.322658,0.137693"
EDUCATIONxINCOME,EDUCATIONxINCOME :: College graduate/some postgrad | Refused,RACESURV5b_W43,5,"0.182338,0.146512,0.206616,0.267380,0.197154"
EDUCATIONxINCOME,"EDUCATIONxINCOME :: High school graduate | $100,000 or more",RACESURV5b_W43,5,"0.169769,0.171101,0.230241,0.295636,0.133253"
EDUCATIONxINCOME,"EDUCATIONxINCOME :: High school graduate | $30,000-$50,000",RACESURV5b_W43,5,"0.156372,0.166457,0.247937,0.294433,0.134801"
EDUCATIONxINCOME,"EDUCATIONxINCOME :: High school graduate | $50,000-$75,000",RACESURV5b_W43,5,"0.153789,0.177010,0.241944,0.298761,0.128496"
EDUCATIONxINCOME,"EDUCATIONxINCOME :: High school graduate | $75,000-$100,000",RACESURV5b_W43,5,"0.151077,0.171192,0.253006,0.300452,0.124272"
EDUCATIONxINCOME,"EDUCATIONxINCOME :: High school graduate | Less than $30,000",RACESURV5b_W43,5,"0.146294,0.150938,0.244997,0.324568,0.133202"
EDUCATIONxINCOME,EDUCATIONxINCOME :: High school graduate | Refused,RACESURV5b_W43,5,"0.180714,0.158238,0.201601,0.267078,0.192369"
EDUCATIONxINCOME,"EDUCATIONxINCOME :: Less than high school | $30,000-$50,000",RACESURV5b_W43,5,"0.162978,0.169470,0.258412,0.275078,0.134062"
EDUCATIONxINCOME,"EDUCATIONxINCOME :: Less than high school | Less than $30,000",RACESURV5b_W43,5,"0.150428,0.152797,0.261955,0.311080,0.123739"
EDUCATIONxINCOME,"EDUCATIONxINCOME :: Postgraduate | $100,000 or more",RACESURV5b_W43,5,"0.172219,0.166920,0.233564,0.295252,0.132045"
EDUCATIONxINCOME,"EDUCATIONxINCOME :: Postgraduate | $30,000-$50,000",RACESURV5b_W43,5,"0.164295,0.168192,0.248571,0.281668,0.137274"
EDUCATIONxINCOME,"EDUCATIONxINCOME :: Postgraduate | $50,000-$75,000",RACESURV5b_W43,5,"0.158864,0.180016,0.244138,0.283205,0.133777"
EDUCATIONxINCOME,"EDUCATIONxINCOME :: Postgraduate | $75,000-$100,000",RACESURV5b_W43,5,"0.157953,0.172128,0.256384,0.290521,0.123014"
EDUCATIONxINCOME,"EDUCATIONxINCOME :: Postgraduate | Less than $30,000",RACESURV5b_W43,5,"0.160042,0.146863,0.242135,0.318281,0.132679"
EDUCATIONxINCOME,"EDUCATIONxINCOME :: Some college, no degree | $100,000 or more",RACESURV5b_W43,5,"0.180880,0.171254,0.221619,0.271533,0.154715"
EDUCATIONxINCOME,"EDUCATIONxINCOME :: Some college, no degree | $30,000-$50,000",RACESURV5b_W43,5,"0.168173,0.169492,0.237162,0.270848,0.154324"
EDUCATIONxINCOME,"EDUCATIONxINCOME :: Some college, no degree | $50,000-$75,000",RACESURV5b_W43,5,"0.160600,0.179162,0.237352,0.273190,0.149696"
EDUCATIONxINCOME,"EDUCATIONxINCOME :: Some college, no degree | $75,000-$100,000",RACESURV5b_W43,5,"0.161299,0.171702,0.245952,0.278700,0.142346"
EDUCATIONxINCOME,"EDUCATIONxINCOME :: Some college, no degree | Less than $30,000",RACESURV5b_W43,5,"0.155289,0.154080,0.231302,0.304041,0.155289"
EDUCATIONxINCOME,"EDUCATIONxINCOME :: Some college, no degree | Refused",RACESURV5b_W43,5,"0.181471,0.138056,0.184329,0.270300,0.225844"
EDUCATIONxINCOME,"EDUCATIONxINCOME :: Associate's degree | $100,000 or more",RACESURV5e_W43,5,"0.238749,0.167981,0.169298,0.197930,0.226043"
EDUCATIONxINCOME,"EDUCATIONxINCOME :: Associate's degree | $30,000-$50,000",RACESURV5e_W43,5,"0.190705,0.176374,0.195228,0.209449,0.228244"
EDUCATIONxINCOME,"EDUCATIONxINCOME :: Associate's degree | $50,000-$75,000",RACESURV5e_W43,5,"0.180372,0.184650,0.189029,0.212530,0.233419"
EDUCATIONxINCOME,"EDUCATIONxINCOME :: Associate's degree | $75,000-$100,000",RACESURV5e_W43,5,"0.185709,0.179995,0.193106,0.215426,0.225764"
EDUCATIONxINCOME,"EDUCATIONxINCOME :: Associate's degree | Less than $30,000",RACESURV5e_W43,5,"0.185271,0.157238,0.176787,0.223480,0.257224"
EDUCATIONxINCOME,"EDUCATIONxINCOME :: College graduate/some postgrad | $100,000 or more",RACESURV5e_W43,5,"0.211909,0.167634,0.177056,0.207000,0.236401"
EDUCATIONxINCOME,"EDUCATIONxINCOME :: College graduate/some postgrad | $30,000-$50,000",RACESURV5e_W43,5,"0.203050,0.175040,0.190748,0.204643,0.226519"
EDUCATIONxINCOME,"EDUCATIONxINCOME :: College graduate/some postgrad | $50,000-$75,000",RACESURV5e_W43,5,"0.186648,0.180905,0.186648,0.209854,0.235945"
EDUCATIONxINCOME,"EDUCATIONxINCOME :: College graduate/some postgrad | $75,000-$100,000",RACESURV5e_W43,5,"0.193674,0.173608,0.193674,0.214378,0.224666"
EDUCATIONxINCOME,"EDUCATIONxINCOME :: College graduate/some postgrad | Less than $30,000",RACESURV5e_W43,5,"0.187146,0.153942,0.178576,0.220511,0.259826"
EDUCATIONxINCOME,EDUCATIONxINCOME :: College graduate/some postgrad | Refused,RACESURV5e_W43,5,"0.203720,0.147885,0.159901,0.194391,0.294104"
EDUCATIONxINCOME,"EDUCATIONxINCOME :: High school graduate | $100,000 or more",RACESURV5e_W43,5,"0.207438,0.177431,0.181639,0.207438,0.226053"
EDUCATIONxINCOME,"EDUCATIONxINCOME :: High school graduate | $30,000-$50,000",RACESURV5e_W43,5,"0.187968,0.177965,0.192426,0.211338,0.230303"
EDUCATIONxINCOME,"EDUCATIONxINCOME :: High school graduate | $50,000-$75,000",RACESURV5e_W43,5,"0.189627,0.186687,0.186687,0.208265,0.228734"
EDUCATIONxINCOME,"EDUCATIONxINCOME :: High school graduate | $75,000-$100,000",RACESURV5e_W43,5,"0.189405,0.183578,0.190890,0.212954,0.223173"
EDUCATIONxINCOME,"EDUCATIONxINCOME :: High school graduate | Less than $30,000",RACESURV5e_W43,5,"0.183293,0.160497,0.174899,0.222827,0.258484"
EDUCATIONxINCOME,EDUCATIONxINCOME :: High school graduate | Refused,RACESURV5e_W43,5,"0.200985,0.157755,0.161496,0.196329,0.283434"
EDUCATIONxINCOME,"EDUCATIONxINCOME :: Less than high school | $30,000-$50,000",RACESURV5e_W43,5,"0.193458,0.178919,0.207550,0.205935,0.214138"
EDUCATIONxINCOME,"EDUCATIONxINCOME :: Less than high school | Less than $30,000",RACESURV5e_W43,5,"0.188460,0.163737,0.192929,0.220332,0.234542"
EDUCATIONxINCOME,"EDUCATIONxINCOME :: Postgraduate | $100,000 or more",RACESURV5e_W43,5,"0.216360,0.172497,0.179369,0.203252,0.228522"
EDUCATIONxINCOME,"EDUCATIONxINCOME :: Postgraduate | $30,000-$50,000",RACESURV5e_W43,5,"0.195070,0.177613,0.196600,0.204432,0.226285"
EDUCATIONxINCOME,"EDUCATIONxINCOME :: Postgraduate | $50,000-$75,000",RACESURV5e_W43,5,"0.189013,0.184634,0.191989,0.202781,0.231583"
EDUCATIONxINCOME,"EDUCATIONxINCOME :: Postgraduate | $75,000-$100,000",RACESURV5e_W43,5,"0.195515,0.180821,0.193993,0.208124,0.221547"
EDUCATIONxINCOME,"EDUCATIONxINCOME :: Postgraduate | Less than $30,000",RACESURV5e_W43,5,"0.205386,0.156249,0.177054,0.213568,0.247743"
EDUCATIONxINCOME,"EDUCATIONxINCOME :: Some college, no degree | $100,000 or more",RACESURV5e_W43,5,"0.214757,0.176654,0.180843,0.195538,0.232207"
EDUCATIONxINCOME,"EDUCATIONxINCOME :: Some college, no degree | $30,000-$50,000",RACESURV5e_W43,5,"0.195838,0.178313,0.192802,0.200483,0.232564"
EDUCATIONxINCOME,"EDUCATIONxINCOME :: Some college, no degree | $50,000-$75,000",RACESURV5e_W43,5,"0.189629,0.186689,0.192615,0.198729,0.232338"
EDUCATIONxINCOME,"EDUCATIONxINCOME :: Some college, no degree | $75,000-$100,000",RACESURV5e_W43,5,"0.196432,0.183095,0.191882,0.204257,0.224333"
EDUCATIONxINCOME,"EDUCATIONxINCOME :: Some college, no degree | Less than $30,000",RACESURV5e_W43,5,"0.191184,0.163529,0.172721,0.213282,0.259285"
EDUCATIONxINCOME,"EDUCATIONxINCOME :: Some college, no degree | Refused",RACESURV5e_W43,5,"0.201500,0.138489,0.140670,0.192273,0.327067"
EDUCATIONxINCOME,"EDUCATIONxINCOME :: Associate's degree | $100,000 or more",RACESURV5f_W43,5,"0.280332,0.162244,0.130366,0.135560,0.291499"
EDUCATIONxINCOME,"EDUCATIONxINCOME :: Associate's degree | $30,000-$50,000",RACESURV5f_W43,5,"0.207264,0.175902,0.156451,0.156451,0.303932"
EDUCATIONxINCOME,"EDUCATIONxINCOME :: Associate's degree | $50,000-$75,000",RACESURV5f_W43,5,"0.197397,0.179732,0.153733,0.156154,0.312985"
EDUCATIONxINCOME,"EDUCATIONxINCOME :: Associate's degree | $75,000-$100,000",RACESURV5f_W43,5,"0.208177,0.178064,0.147620,0.160867,0.305272"
EDUCATIONxINCOME,"EDUCATIONxINCOME :: Associate's degree | Less than $30,000",RACESURV5f_W43,5,"0.197975,0.151793,0.141486,0.169337,0.339408"
EDUCATIONxINCOME,"EDUCATIONxINCOME :: College graduate/some postgrad | $100,000 or more",RACESURV5f_W43,5,"0.242815,0.163018,0.133052,0.139437,0.321678"
EDUCATIONxINCOME,"EDUCATIONxINCOME :: College graduate/some postgrad | $30,000-$50,000",RACESURV5f_W43,5,"0.221065,0.183269,0.154328,0.150753,0.290584"
EDUCATIONxINCOME,"EDUCATIONxINCOME :: College graduate/some postgrad | $50,000-$75,000",RACESURV5f_W43,5,"0.200573,0.181203,0.153785,0.153785,0.310654"
EDUCATIONxINCOME,"EDUCATIONxINCOME :: College graduate/some postgrad | $75,000-$100,000",RACESURV5f_W43,5,"0.215233,0.177046,0.149088,0.157468,0.301165"
EDUCATIONxINCOME,"EDUCATIONxINCOME :: College graduate/some postgrad | Less than $30,000",RACESURV5f_W43,5,"0.197065,0.153474,0.143054,0.168559,0.337848"
EDUCATIONxINCOME,EDUCATIONxINCOME :: College graduate/some postgrad | Refused,RACESURV5f_W43,5,"0.216151,0.155688,0.141755,0.159380,0.327026"
EDUCATIONxINCOME,"EDUCATIONxINCOME :: High school graduate | $100,000 or more",RACESURV5f_W43,5,"0.239794,0.174072,0.138782,0.146583,0.300769"
EDUCATIONxINCOME,"EDUCATIONxINCOME :: High school graduate | $30,000-$50,000",RACESURV5f_W43,5,"0.202507,0.182950,0.154059,0.156485,0.303999"
EDUCATIONxINCOME,"EDUCATIONxINCOME :: High school graduate | $50,000-$75,000",RACESURV5f_W43,5,"0.207518,0.190429,0.150642,0.151823,0.299587"
EDUCATIONxINCOME,"EDUCATIONxINCOME :: High school graduate | $75,000-$100,000",RACESURV5f_W43,5,"0.209422,0.186264,0.147347,0.159320,0.297648"
EDUCATIONxINCOME,"EDUCATIONxINCOME :: High school graduate | Less than $30,000",RACESURV5f_W43,5,"0.195110,0.159244,0.141635,0.169515,0.334496"
EDUCATIONxINCOME,EDUCATIONxINCOME :: High school graduate | Refused,RACESURV5f_W43,5,"0.214300,0.164310,0.141644,0.163031,0.316715"
EDUCATIONxINCOME,"EDUCATIONxINCOME :: Less than high school | $30,000-$50,000",RACESURV5f_W43,5,"0.211311,0.185030,0.169793,0.158265,0.275601"
EDUCATIONxINCOME,"EDUCATIONxINCOME :: Less than high school | Less than $30,000",RACESURV5f_W43,5,"0.209064,0.166680,0.154154,0.170633,0.299470"
EDUCATIONxINCOME,"EDUCATIONxINCOME :: Postgraduate | $100,000 or more",RACESURV5f_W43,5,"0.247153,0.165930,0.137561,0.144163,0.305193"
EDUCATIONxINCOME,"EDUCATIONxINCOME :: Postgraduate | $30,000-$50,000",RACESURV5f_W43,5,"0.207010,0.179854,0.162484,0.158720,0.291931"
EDUCATIONxINCOME,"EDUCATIONxINCOME :: Postgraduate | $50,000-$75,000",RACESURV5f_W43,5,"0.202321,0.185660,0.161304,0.156341,0.294375"
EDUCATIONxINCOME,"EDUCATIONxINCOME :: Postgraduate | $75,000-$100,000",RACESURV5f_W43,5,"0.215561,0.184379,0.155263,0.161448,0.283350"
EDUCATIONxINCOME,"EDUCATIONxINCOME :: Postgraduate | Less than $30,000",RACESURV5f_W43,5,"0.218088,0.158315,0.146417,0.167214,0.309966"
EDUCATIONxINCOME,"EDUCATIONxINCOME :: Some college, no degree | $100,000 or more",RACESURV5f_W43,5,"0.246230,0.177353,0.147031,0.148184,0.281203"
EDUCATIONxINCOME,"EDUCATIONxINCOME :: Some college, no degree | $30,000-$50,000",RACESURV5f_W43,5,"0.212504,0.186075,0.162932,0.159158,0.279331"
EDUCATIONxINCOME,"EDUCATIONxINCOME :: Some college, no degree | $50,000-$75,000",RACESURV5f_W43,5,"0.206076,0.192084,0.165586,0.156774,0.279480"
EDUCATIONxINCOME,"EDUCATIONxINCOME :: Some college, no degree | $75,000-$100,000",RACESURV5f_W43,5,"0.218342,0.191187,0.156042,0.164813,0.269616"
EDUCATIONxINCOME,"EDUCATIONxINCOME :: Some college, no degree | Less than $30,000",RACESURV5f_W43,5,"0.207217,0.167809,0.146939,0.171789,0.306247"
EDUCATIONxINCOME,"EDUCATIONxINCOME :: Some college, no degree | Refused",RACESURV5f_W43,5,"0.221321,0.149753,0.132157,0.161922,0.334848"
EDUCATIONxINCOME,"EDUCATIONxINCOME :: Associate's degree | $100,000 or more",RACESURV5h_W43,5,"0.367453,0.173573,0.158040,0.126000,0.174934"
EDUCATIONxINCOME,"EDUCATIONxINCOME :: Associate's degree | $30,000-$50,000",RACESURV5h_W43,5,"0.283967,0.196698,0.184781,0.143907,0.190646"
EDUCATIONxINCOME,"EDUCATIONxINCOME :: Associate's degree | $50,000-$75,000",RACESURV5h_W43,5,"0.280664,0.208571,0.181210,0.141126,0.188429"
EDUCATIONxINCOME,"EDUCATIONxINCOME :: Associate's degree | $75,000-$100,000",RACESURV5h_W43,5,"0.288027,0.202652,0.178840,0.145965,0.184517"
EDUCATIONxINCOME,"EDUCATIONxINCOME :: Associate's degree | Less than $30,000",RACESURV5h_W43,5,"0.259391,0.172792,0.167475,0.158563,0.241779"
EDUCATIONxINCOME,"EDUCATIONxINCOME :: College graduate/some postgrad | $100,000 or more",RACESURV5h_W43,5,"0.344462,0.178705,0.165275,0.125734,0.185824"
EDUCATIONxINCOME,"EDUCATIONxINCOME :: College graduate/some postgrad | $30,000-$50,000",RACESURV5h_W43,5,"0.301557,0.190190,0.181480,0.138063,0.188710"
EDUCATIONxINCOME,"EDUCATIONxINCOME :: College graduate/some postgrad | $50,000-$75,000",RACESURV5h_W43,5,"0.287190,0.203648,0.181129,0.136723,0.191310"
EDUCATIONxINCOME,"EDUCATIONxINCOME :: College graduate/some postgrad | $75,000-$100,000",RACESURV5h_W43,5,"0.297585,0.195161,0.181910,0.140569,0.184775"
EDUCATIONxINCOME,"EDUCATIONxINCOME :: College graduate/some postgrad | Less than $30,000",RACESURV5h_W43,5,"0.259892,0.169115,0.170441,0.156406,0.244146"
EDUCATIONxINCOME,EDUCATIONxINCOME :: College graduate/some postgrad | Refused,RACESURV5h_W43,5,"0.270852,0.165568,0.164280,0.150752,0.248548"
EDUCATIONxINCOME,"EDUCATIONxINCOME :: High school graduate | $100,000 or more",RACESURV5h_W43,5,"0.325391,0.194300,0.168810,0.134587,0.176912"
EDUCATIONxINCOME,"EDUCATIONxINCOME :: High school graduate | $30,000-$50,000",RACESURV5h_W43,5,"0.280189,0.201812,0.182322,0.143106,0.192571"
EDUCATIONxINCOME,"EDUCATIONxINCOME :: High school graduate | $50,000-$75,000",RACESURV5h_W43,5,"0.291279,0.211446,0.176670,0.135457,0.185148"
EDUCATIONxINCOME,"EDUCATIONxINCOME :: High school graduate | $75,000-$100,000",RACESURV5h_W43,5,"0.286737,0.208148,0.178039,0.141945,0.185131"
EDUCATIONxINCOME,"EDUCATIONxINCOME :: High school graduate | Less than $30,000",RACESURV5h_W43,5,"0.252840,0.179290,0.165817,0.156992,0.245061"
EDUCATIONxINCOME,EDUCATIONxINCOME :: High school graduate | Refused,RACESURV5h_W43,5,"0.259613,0.177040,0.163736,0.153815,0.245796"
EDUCATIONxINCOME,"EDUCATIONxINCOME :: Less than high school | $30,000-$50,000",RACESURV5h_W43,5,"0.272122,0.200650,0.196002,0.145656,0.185571"
EDUCATIONxINCOME,"EDUCATIONxINCOME :: Less than high school | Less than $30,000",RACESURV5h_W43,5,"0.254404,0.181815,0.181815,0.159202,0.222764"
EDUCATIONxINCOME,"EDUCATIONxINCOME :: Postgraduate | $100,000 or more",RACESURV5h_W43,5,"0.329402,0.184778,0.165634,0.131027,0.189160"
EDUCATIONxINCOME,"EDUCATIONxINCOME :: Postgraduate | $30,000-$50,000",RACESURV5h_W43,5,"0.274410,0.196112,0.185675,0.144604,0.199200"
EDUCATIONxINCOME,"EDUCATIONxINCOME :: Postgraduate | $50,000-$75,000",RACESURV5h_W43,5,"0.273824,0.208314,0.183837,0.139855,0.194170"
EDUCATIONxINCOME,"EDUCATIONxINCOME :: Postgraduate | $75,000-$100,000",RACESURV5h_W43,5,"0.280395,0.200389,0.181037,0.145467,0.192712"
EDUCATIONxINCOME,"EDUCATIONxINCOME :: Postgraduate | Less than $30,000",RACESURV5h_W43,5,"0.269893,0.166276,0.167580,0.156202,0.240048"
EDUCATIONxINCOME,"EDUCATIONxINCOME :: Some college, no degree | $100,000 or more",RACESURV5h_W43,5,"0.302802,0.192473,0.172532,0.139720,0.192473"
EDUCATIONxINCOME,"EDUCATIONxINCOME :: Some college, no degree | $30,000-$50,000",RACESURV5h_W43,5,"0.263117,0.197065,0.186578,0.149919,0.203321"
EDUCATIONxINCOME,"EDUCATIONxINCOME :: Some college, no degree | $50,000-$75,000",RACESURV5h_W43,5,"0.258879,0.208015,0.189400,0.145218,0.198489"
EDUCATIONxINCOME,"EDUCATIONxINCOME :: Some college, no degree | $75,000-$100,000",RACESURV5h_W43,5,"0.265243,0.203369,0.182299,0.153511,0.195578"
EDUCATIONxINCOME,"EDUCATIONxINCOME :: Some college, no degree | Less than $30,000",RACESURV5h_W43,5,"0.243073,0.177836,0.167062,0.163192,0.248837"
EDUCATIONxINCOME,"EDUCATIONxINCOME :: Some college, no degree | Refused",RACESURV5h_W43,5,"0.254921,0.155830,0.152220,0.157052,0.279976"
EDUCATIONxINCOME,"EDUCATIONxINCOME :: Associate's degree | $100,000 or more",RACESURV7_W43,4,"0.330922,0.238354,0.218726,0.211997"
EDUCATIONxINCOME,"EDUCATIONxINCOME :: Associate's degree | $30,000-$50,000",RACESURV7_W43,4,"0.208782,0.280946,0.268081,0.242191"
EDUCATIONxINCOME,"EDUCATIONxINCOME :: Associate's degree | $50,000-$75,000",RACESURV7_W43,4,"0.201270,0.292846,0.268730,0.237154"
EDUCATIONxINCOME,"EDUCATIONxINCOME :: Associate's degree | $75,000-$100,000",RACESURV7_W43,4,"0.215489,0.276694,0.253908,0.253908"
EDUCATIONxINCOME,"EDUCATIONxINCOME :: Associate's degree | Less than $30,000",RACESURV7_W43,4,"0.180156,0.200979,0.252084,0.366780"
EDUCATIONxINCOME,"EDUCATIONxINCOME :: College graduate/some postgrad | $100,000 or more",RACESURV7_W43,4,"0.264369,0.250300,0.236979,0.248352"
EDUCATIONxINCOME,"EDUCATIONxINCOME :: College graduate/some postgrad | $30,000-$50,000",RACESURV7_W43,4,"0.210056,0.296226,0.259384,0.234334"
EDUCATIONxINCOME,"EDUCATIONxINCOME :: College graduate/some postgrad | $50,000-$75,000",RACESURV7_W43,4,"0.196522,0.299660,0.268613,0.235206"
EDUCATIONxINCOME,"EDUCATIONxINCOME :: College graduate/some postgrad | $75,000-$100,000",RACESURV7_W43,4,"0.210250,0.278536,0.257604,0.253610"
EDUCATIONxINCOME,"EDUCATIONxINCOME :: College graduate/some postgrad | Less than $30,000",RACESURV7_W43,4,"0.169705,0.199962,0.256756,0.373577"
EDUCATIONxINCOME,EDUCATIONxINCOME :: College graduate/some postgrad | Refused,RACESURV7_W43,4,"0.189951,0.203788,0.240121,0.366140"
EDUCATIONxINCOME,"EDUCATIONxINCOME :: High school graduate | $100,000 or more",RACESURV7_W43,4,"0.250434,0.258383,0.244632,0.246551"
EDUCATIONxINCOME,"EDUCATIONxINCOME :: High school graduate | $30,000-$50,000",RACESURV7_W43,4,"0.190060,0.289807,0.272248,0.247885"
EDUCATIONxINCOME,"EDUCATIONxINCOME :: High school graduate | $50,000-$75,000",RACESURV7_W43,4,"0.194194,0.303132,0.273857,0.228816"
EDUCATIONxINCOME,"EDUCATIONxINCOME :: High school graduate | $75,000-$100,000",RACESURV7_W43,4,"0.205014,0.284634,0.259162,0.251189"
EDUCATIONxINCOME,"EDUCATIONxINCOME :: High school graduate | Less than $30,000",RACESURV7_W43,4,"0.162568,0.197632,0.261820,0.377981"
EDUCATIONxINCOME,EDUCATIONxINCOME :: High school graduate | Refused,RACESURV7_W43,4,"0.192652,0.213247,0.239760,0.354342"
EDUCATIONxINCOME,"EDUCATIONxINCOME :: Less than high school | $30,000-$50,000",RACESURV7_W43,4,"0.196055,0.267976,0.270078,0.265891"
EDUCATIONxINCOME,"EDUCATIONxINCOME :: Less than high school | Less than $30,000",RACESURV7_W43,4,"0.159656,0.179506,0.253144,0.407695"
EDUCATIONxINCOME,"EDUCATIONxINCOME :: Postgraduate | $100,000 or more",RACESURV7_W43,4,"0.273465,0.245132,0.228489,0.252914"
EDUCATIONxINCOME,"EDUCATIONxINCOME :: Postgraduate | $30,000-$50,000",RACESURV7_W43,4,"0.210268,0.276392,0.261683,0.251658"
EDUCATIONxINCOME,"EDUCATIONxINCOME :: Postgraduate | $50,000-$75,000",RACESURV7_W43,4,"0.206898,0.289502,0.263595,0.240006"
EDUCATIONxINCOME,"EDUCATIONxINCOME :: Postgraduate | $75,000-$100,000",RACESURV7_W43,4,"0.222582,0.274852,0.246376,0.256190"
EDUCATIONxINCOME,"EDUCATIONxINCOME :: Postgraduate | Less than $30,000",RACESURV7_W43,4,"0.172723,0.166106,0.243579,0.417591"
EDUCATIONxINCOME,"EDUCATIONxINCOME :: Some college, no degree | $100,000 or more",RACESURV7_W43,4,"0.255239,0.251282,0.234221,0.259258"
EDUCATIONxINCOME,"EDUCATIONxINCOME :: Some college, no degree | $30,000-$50,000",RACESURV7_W43,4,"0.203489,0.275973,0.261286,0.259252"
EDUCATIONxINCOME,"EDUCATIONxINCOME :: Some college, no degree | $50,000-$75,000",RACESURV7_W43,4,"0.200733,0.287537,0.263858,0.247872"
EDUCATIONxINCOME,"EDUCATIONxINCOME :: Some college, no degree | $75,000-$100,000",RACESURV7_W43,4,"0.212437,0.270652,0.248364,0.268546"
EDUCATIONxINCOME,"EDUCATIONxINCOME :: Some college, no degree | Less than $30,000",RACESURV7_W43,4,"0.170933,0.196743,0.241054,0.391270"
EDUCATIONxINCOME,"EDUCATIONxINCOME :: Some college, no degree | Refused",RACESURV7_W43,4,"0.153972,0.134822,0.202392,0.508814"
EDUCATIONxINCOME,"EDUCATIONxINCOME :: Associate's degree | $100,000 or more",REMARR_W50,2,"0.472683,0.527317"
EDUCATIONxINCOME,"EDUCATIONxINCOME :: Associate's degree | $30,000-$50,000",REMARR_W50,2,"0.484380,0.515620"
EDUCATIONxINCOME,"EDUCATIONxINCOME :: Associate's degree | $50,000-$75,000",REMARR_W50,2,"0.449393,0.550607"
EDUCATIONxINCOME,"EDUCATIONxINCOME :: Associate's degree | $75,000-$100,000",REMARR_W50,2,"0.468791,0.531209"
EDUCATIONxINCOME,"EDUCATIONxINCOME :: Associate's degree | Less than $30,000",REMARR_W50,2,"0.445530,0.554470"
EDUCATIONxINCOME,EDUCATIONxINCOME :: Associate's degree | Refused,REMARR_W50,2,"0.437824,0.562177"
EDUCATIONxINCOME,"EDUCATIONxINCOME :: College graduate/some postgrad | $100,000 or more",REMARR_W50,2,"0.457137,0.542863"
EDUCATIONxINCOME,"EDUCATIONxINCOME :: College graduate/some postgrad | $30,000-$50,000",REMARR_W50,2,"0.523420,0.476580"
EDUCATIONxINCOME,"EDUCATIONxINCOME :: College graduate/some postgrad | $50,000-$75,000",REMARR_W50,2,"0.492188,0.507812"
EDUCATIONxINCOME,"EDUCATIONxINCOME :: College graduate/some postgrad | $75,000-$100,000",REMARR_W50,2,"0.503906,0.496094"
EDUCATIONxINCOME,"EDUCATIONxINCOME :: College graduate/some postgrad | Less than $30,000",REMARR_W50,2,"0.480479,0.519521"
EDUCATIONxINCOME,EDUCATIONxINCOME :: College graduate/some postgrad | Refused,REMARR_W50,2,"0.461017,0.538983"
EDUCATIONxINCOME,"EDUCATIONxINCOME :: High school graduate | $100,000 or more",REMARR_W50,2,"0.445530,0.554470"
EDUCATIONxINCOME,"EDUCATIONxINCOME :: High school graduate | $30,000-$50,000",REMARR_W50,2,"0.503906,0.496094"
EDUCATIONxINCOME,"EDUCATIONxINCOME :: High school graduate | $50,000-$75,000",REMARR_W50,2,"0.480479,0.519521"
EDUCATIONxINCOME,"EDUCATIONxINCOME :: High school graduate | $75,000-$100,000",REMARR_W50,2,"0.496094,0.503906"
EDUCATIONxINCOME,"EDUCATIONxINCOME :: High school graduate | Less than $30,000",REMARR_W50,2,"0.468791,0.531209"
EDUCATIONxINCOME,EDUCATIONxINCOME :: High school graduate | Refused,REMARR_W50,2,"0.455199,0.544801"
EDUCATIONxINCOME,"EDUCATIONxINCOME :: Less than high school | $30,000-$50,000",REMARR_W50,2,"0.511717,0.488283"
EDUCATIONxINCOME,"EDUCATIONxINCOME :: Less than high school | Less than $30,000",REMARR_W50,2,"0.476580,0.523420"
EDUCATIONxINCOME,"EDUCATIONxINCOME :: Postgraduate | $100,000 or more",REMARR_W50,2,"0.457137,0.542863"
EDUCATIONxINCOME,"EDUCATIONxINCOME :: Postgraduate | $30,000-$50,000",REMARR_W50,2,"0.503906,0.496094"
EDUCATIONxINCOME,"EDUCATIONxINCOME :: Postgraduate | $50,000-$75,000",REMARR_W50,2,"0.484380,0.515620"
EDUCATIONxINCOME,"EDUCATIONxINCOME :: Postgraduate | $75,000-$100,000",REMARR_W50,2,"0.500000,0.500000"
EDUCATIONxINCOME,"EDUCATIONxINCOME :: Postgraduate | Less than $30,000",REMARR_W50,2,"0.500000,0.500000"
EDUCATIONxINCOME,EDUCATIONxINCOME :: Postgraduate | Refused,REMARR_W50,2,"0.466846,0.533154"
EDUCATIONxINCOME,"EDUCATIONxINCOME :: Some college, no degree | $100,000 or more",REMARR_W50,2,"0.464902,0.535098"
EDUCATIONxINCOME,"EDUCATIONxINCOME :: Some college, no degree | $30,000-$50,000",REMARR_W50,2,"0.501953,0.498047"
EDUCATIONxINCOME,"EDUCATIONxINCOME :: Some college, no degree | $50,000-$75,000",REMARR_W50,2,"0.482429,0.517571"
EDUCATIONxINCOME,"EDUCATIONxINCOME :: Some college, no degree | $75,000-$100,000",REMARR_W50,2,"0.500000,0.500000"
EDUCATIONxINCOME,"EDUCATIONxINCOME :: Some college, no degree | Less than $30,000",REMARR_W50,2,"0.484380,0.515620"
EDUCATIONxINCOME,"EDUCATIONxINCOME :: Some college, no degree | Refused",REMARR_W50,2,"0.509764,0.490236"
EDUCATIONxINCOME,"EDUCATIONxINCOME :: Associate's degree | $100,000 or more",REPRSNTDEM_W92,4,"0.346632,0.240105,0.220333,0.192930"
EDUCATIONxINCOME,"EDUCATIONxINCOME :: Associate's degree | $30,000-$50,000",REPRSNTDEM_W92,4,"0.213865,0.266159,0.292318,0.227658"
EDUCATIONxINCOME,"EDUCATIONxINCOME :: Associate's degree | $50,000-$75,000",REPRSNTDEM_W92,4,"0.205099,0.278156,0.298418,0.218327"
EDUCATIONxINCOME,"EDUCATIONxINCOME :: Associate's degree | $75,000-$100,000",REPRSNTDEM_W92,4,"0.213264,0.269590,0.284744,0.232402"
EDUCATIONxINCOME,"EDUCATIONxINCOME :: Associate's degree | Less than $30,000",REPRSNTDEM_W92,4,"0.165033,0.181253,0.298836,0.354877"
EDUCATIONxINCOME,EDUCATIONxINCOME :: Associate's degree | Refused,REPRSNTDEM_W92,4,"0.224053,0.232978,0.261944,0.281025"
EDUCATIONxINCOME,"EDUCATIONxINCOME :: College graduate/some postgrad | $100,000 or more",REPRSNTDEM_W92,4,"0.279078,0.240580,0.256096,0.224245"
EDUCATIONxINCOME,"EDUCATIONxINCOME :: College graduate/some postgrad | $30,000-$50,000",REPRSNTDEM_W92,4,"0.216705,0.276089,0.287088,0.220118"
EDUCATIONxINCOME,"EDUCATIONxINCOME :: College graduate/some postgrad | $50,000-$75,000",REPRSNTDEM_W92,4,"0.203117,0.279806,0.302542,0.214535"
EDUCATIONxINCOME,"EDUCATIONxINCOME :: College graduate/some postgrad | $75,000-$100,000",REPRSNTDEM_W92,4,"0.213905,0.268297,0.290098,0.227700"
EDUCATIONxINCOME,"EDUCATIONxINCOME :: College graduate/some postgrad | Less than $30,000",REPRSNTDEM_W92,4,"0.156131,0.167504,0.310503,0.365862"
EDUCATIONxINCOME,EDUCATIONxINCOME :: College graduate/some postgrad | Refused,REPRSNTDEM_W92,4,"0.214389,0.228216,0.268904,0.288492"
EDUCATIONxINCOME,"EDUCATIONxINCOME :: High school graduate | $100,000 or more",REPRSNTDEM_W92,4,"0.276429,0.253665,0.247789,0.222117"
EDUCATIONxINCOME,"EDUCATIONxINCOME :: High school graduate | $30,000-$50,000",REPRSNTDEM_W92,4,"0.198481,0.269180,0.300292,0.232048"
EDUCATIONxINCOME,"EDUCATIONxINCOME :: High school graduate | $50,000-$75,000",REPRSNTDEM_W92,4,"0.207222,0.285461,0.296832,0.210485"
EDUCATIONxINCOME,"EDUCATIONxINCOME :: High school graduate | $75,000-$100,000",REPRSNTDEM_W92,4,"0.213059,0.277882,0.282258,0.226801"
EDUCATIONxINCOME,"EDUCATIONxINCOME :: High school graduate | Less than $30,000",REPRSNTDEM_W92,4,"0.150581,0.166678,0.304182,0.378560"
EDUCATIONxINCOME,EDUCATIONxINCOME :: High school graduate | Refused,REPRSNTDEM_W92,4,"0.216001,0.239092,0.256508,0.288399"
EDUCATIONxINCOME,"EDUCATIONxINCOME :: Less than high school | $30,000-$50,000",REPRSNTDEM_W92,4,"0.196574,0.252406,0.304460,0.246559"
EDUCATIONxINCOME,"EDUCATIONxINCOME :: Less than high school | $50,000-$75,000",REPRSNTDEM_W92,4,"0.206712,0.269603,0.298423,0.225262"
EDUCATIONxINCOME,"EDUCATIONxINCOME :: Less than high school | Less than $30,000",REPRSNTDEM_W92,4,"0.144998,0.155561,0.302203,0.397238"
EDUCATIONxINCOME,"EDUCATIONxINCOME :: Postgraduate | $100,000 or more",REPRSNTDEM_W92,4,"0.287713,0.242279,0.244179,0.225829"
EDUCATIONxINCOME,"EDUCATIONxINCOME :: Postgraduate | $30,000-$50,000",REPRSNTDEM_W92,4,"0.213688,0.261816,0.289804,0.234691"
EDUCATIONxINCOME,"EDUCATIONxINCOME :: Postgraduate | $50,000-$75,000",REPRSNTDEM_W92,4,"0.212414,0.279213,0.292613,0.215759"
EDUCATIONxINCOME,"EDUCATIONxINCOME :: Postgraduate | $75,000-$100,000",REPRSNTDEM_W92,4,"0.223502,0.271709,0.275988,0.228802"
EDUCATIONxINCOME,"EDUCATIONxINCOME :: Postgraduate | Less than $30,000",REPRSNTDEM_W92,4,"0.153232,0.146215,0.277467,0.423086"
EDUCATIONxINCOME,EDUCATIONxINCOME :: Postgraduate | Refused,REPRSNTDEM_W92,4,"0.229897,0.226332,0.248578,0.295193"
EDUCATIONxINCOME,"EDUCATIONxINCOME :: Some college, no degree | $100,000 or more",REPRSNTDEM_W92,4,"0.276555,0.261837,0.247902,0.213705"
EDUCATIONxINCOME,"EDUCATIONxINCOME :: Some college, no degree | $30,000-$50,000",REPRSNTDEM_W92,4,"0.213694,0.276541,0.287557,0.222207"
EDUCATIONxINCOME,"EDUCATIONxINCOME :: Some college, no degree | $50,000-$75,000",REPRSNTDEM_W92,4,"0.211466,0.289040,0.291307,0.208188"
EDUCATIONxINCOME,"EDUCATIONxINCOME :: Some college, no degree | $75,000-$100,000",REPRSNTDEM_W92,4,"0.218429,0.280469,0.273972,0.227130"
EDUCATIONxINCOME,"EDUCATIONxINCOME :: Some college, no degree | Less than $30,000",REPRSNTDEM_W92,4,"0.164507,0.189347,0.297884,0.348262"
EDUCATIONxINCOME,"EDUCATIONxINCOME :: Some college, no degree | Refused",REPRSNTDEM_W92,4,"0.191423,0.174293,0.253594,0.380690"
EDUCATIONxINCOME,"EDUCATIONxINCOME :: Associate's degree | $100,000 or more",REPRSNTREP_W92,4,"0.332521,0.206467,0.239506,0.221507"
EDUCATIONxINCOME,"EDUCATIONxINCOME :: Associate's degree | $30,000-$50,000",REPRSNTREP_W92,4,"0.190869,0.224899,0.317158,0.267074"
EDUCATIONxINCOME,"EDUCATIONxINCOME :: Associate's degree | $50,000-$75,000",REPRSNTREP_W92,4,"0.190300,0.231345,0.326249,0.252106"
EDUCATIONxINCOME,"EDUCATIONxINCOME :: Associate's degree | $75,000-$100,000",REPRSNTREP_W92,4,"0.191236,0.220111,0.310406,0.278247"
EDUCATIONxINCOME,"EDUCATIONxINCOME :: Associate's degree | Less than $30,000",REPRSNTREP_W92,4,"0.143020,0.148717,0.291174,0.417088"
EDUCATIONxINCOME,EDUCATIONxINCOME :: Associate's degree | Refused,REPRSNTREP_W92,4,"0.207948,0.196881,0.262871,0.332300"
EDUCATIONxINCOME,"EDUCATIONxINCOME :: College graduate/some postgrad | $100,000 or more",REPRSNTREP_W92,4,"0.258117,0.196365,0.281280,0.264238"
EDUCATIONxINCOME,"EDUCATIONxINCOME :: College graduate/some postgrad | $30,000-$50,000",REPRSNTREP_W92,4,"0.194762,0.229486,0.313670,0.262081"
EDUCATIONxINCOME,"EDUCATIONxINCOME :: College graduate/some postgrad | $50,000-$75,000",REPRSNTREP_W92,4,"0.189757,0.227109,0.335645,0.247489"
EDUCATIONxINCOME,"EDUCATIONxINCOME :: College graduate/some postgrad | $75,000-$100,000",REPRSNTREP_W92,4,"0.188808,0.210631,0.323692,0.276869"
EDUCATIONxINCOME,"EDUCATIONxINCOME :: College graduate/some postgrad | Less than $30,000",REPRSNTREP_W92,4,"0.135829,0.135829,0.296678,0.431664"
EDUCATIONxINCOME,EDUCATIONxINCOME :: College graduate/some postgrad | Refused,REPRSNTREP_W92,4,"0.196874,0.186396,0.271205,0.345524"
EDUCATIONxINCOME,"EDUCATIONxINCOME :: High school graduate | $100,000 or more",REPRSNTREP_W92,4,"0.262129,0.215621,0.264185,0.258065"
EDUCATIONxINCOME,"EDUCATIONxINCOME :: High school graduate | $30,000-$50,000",REPRSNTREP_W92,4,"0.179662,0.223593,0.322794,0.273952"
EDUCATIONxINCOME,"EDUCATIONxINCOME :: High school graduate | $50,000-$75,000",REPRSNTREP_W92,4,"0.196563,0.233424,0.329180,0.240833"
EDUCATIONxINCOME,"EDUCATIONxINCOME :: High school graduate | $75,000-$100,000",REPRSNTREP_W92,4,"0.191807,0.224245,0.311334,0.272613"
EDUCATIONxINCOME,"EDUCATIONxINCOME :: High school graduate | Less than $30,000",REPRSNTREP_W92,4,"0.132046,0.137306,0.283943,0.446705"
EDUCATIONxINCOME,EDUCATIONxINCOME :: High school graduate | Refused,REPRSNTREP_W92,4,"0.201854,0.200283,0.257169,0.340693"
EDUCATIONxINCOME,"EDUCATIONxINCOME :: Less than high school | $30,000-$50,000",REPRSNTREP_W92,4,"0.178819,0.212353,0.316299,0.292529"
EDUCATIONxINCOME,"EDUCATIONxINCOME :: Less than high school | $50,000-$75,000",REPRSNTREP_W92,4,"0.196434,0.231456,0.313901,0.258208"
EDUCATIONxINCOME,"EDUCATIONxINCOME :: Less than high school | Less than $30,000",REPRSNTREP_W92,4,"0.127683,0.130711,0.274561,0.467045"
EDUCATIONxINCOME,"EDUCATIONxINCOME :: Postgraduate | $100,000 or more",REPRSNTREP_W92,4,"0.269094,0.203123,0.264922,0.262861"
EDUCATIONxINCOME,"EDUCATIONxINCOME :: Postgraduate | $30,000-$50,000",REPRSNTREP_W92,4,"0.189064,0.217612,0.311714,0.281610"
EDUCATIONxINCOME,"EDUCATIONxINCOME :: Postgraduate | $50,000-$75,000",REPRSNTREP_W92,4,"0.199899,0.231886,0.319437,0.248778"
EDUCATIONxINCOME,"EDUCATIONxINCOME :: Postgraduate | $75,000-$100,000",REPRSNTREP_W92,4,"0.199200,0.220494,0.303744,0.276562"
EDUCATIONxINCOME,"EDUCATIONxINCOME :: Postgraduate | Less than $30,000",REPRSNTREP_W92,4,"0.129719,0.119037,0.253978,0.497265"
EDUCATIONxINCOME,EDUCATIONxINCOME :: Postgraduate | Refused,REPRSNTREP_W92,4,"0.215357,0.194559,0.245945,0.344139"
EDUCATIONxINCOME,"EDUCATIONxINCOME :: Some college, no degree | $100,000 or more",REPRSNTREP_W92,4,"0.270285,0.229388,0.259931,0.240396"
EDUCATIONxINCOME,"EDUCATIONxINCOME :: Some college, no degree | $30,000-$50,000",REPRSNTREP_W92,4,"0.196889,0.239357,0.304948,0.258806"
EDUCATIONxINCOME,"EDUCATIONxINCOME :: Some college, no degree | $50,000-$75,000",REPRSNTREP_W92,4,"0.203542,0.249385,0.312798,0.234275"
EDUCATIONxINCOME,"EDUCATIONxINCOME :: Some college, no degree | $75,000-$100,000",REPRSNTREP_W92,4,"0.203283,0.235812,0.295775,0.265131"
EDUCATIONxINCOME,"EDUCATIONxINCOME :: Some college, no degree | Less than $30,000",REPRSNTREP_W92,4,"0.149024,0.158635,0.287251,0.405089"
EDUCATIONxINCOME,"EDUCATIONxINCOME :: Some college, no degree | Refused",REPRSNTREP_W92,4,"0.177860,0.146304,0.235627,0.440209"
EDUCATIONxINCOME,"EDUCATIONxINCOME :: Associate's degree | $100,000 or more",RESTRICTWHO_W45,5,"0.100396,0.169450,0.108554,0.546992,0.074608"
EDUCATIONxINCOME,"EDUCATIONxINCOME :: Associate's degree | $30,000-$50,000",RESTRICTWHO_W45,5,"0.083414,0.183621,0.129194,0.514978,0.088793"
EDUCATIONxINCOME,"EDUCATIONxINCOME :: Associate's degree | $50,000-$75,000",RESTRICTWHO_W45,5,"0.081828,0.212247,0.126738,0.497359,0.081828"
EDUCATIONxINCOME,"EDUCATIONxINCOME :: Associate's degree | $75,000-$100,000",RESTRICTWHO_W45,5,"0.078899,0.206254,0.126081,0.498659,0.090106"
EDUCATIONxINCOME,"EDUCATIONxINCOME :: Associate's degree | Less than $30,000",RESTRICTWHO_W45,5,"0.085307,0.184877,0.135259,0.483296,0.111261"
EDUCATIONxINCOME,"EDUCATIONxINCOME :: College graduate/some postgrad | $100,000 or more",RESTRICTWHO_W45,5,"0.083394,0.193898,0.112219,0.518897,0.091591"
EDUCATIONxINCOME,"EDUCATIONxINCOME :: College graduate/some postgrad | $30,000-$50,000",RESTRICTWHO_W45,5,"0.079585,0.171134,0.119471,0.539630,0.090181"
EDUCATIONxINCOME,"EDUCATIONxINCOME :: College graduate/some postgrad | $50,000-$75,000",RESTRICTWHO_W45,5,"0.078765,0.198016,0.121045,0.513615,0.088558"
EDUCATIONxINCOME,"EDUCATIONxINCOME :: College graduate/some postgrad | $75,000-$100,000",RESTRICTWHO_W45,5,"0.075665,0.196260,0.121860,0.509059,0.097156"
EDUCATIONxINCOME,"EDUCATIONxINCOME :: College graduate/some postgrad | Less than $30,000",RESTRICTWHO_W45,5,"0.081053,0.175659,0.134683,0.488815,0.119789"
EDUCATIONxINCOME,EDUCATIONxINCOME :: College graduate/some postgrad | Refused,RESTRICTWHO_W45,5,"0.075685,0.134923,0.106733,0.445864,0.236796"
EDUCATIONxINCOME,"EDUCATIONxINCOME :: High school graduate | $100,000 or more",RESTRICTWHO_W45,5,"0.093115,0.206584,0.122397,0.480322,0.097583"
EDUCATIONxINCOME,"EDUCATIONxINCOME :: High school graduate | $30,000-$50,000",RESTRICTWHO_W45,5,"0.083642,0.179859,0.124585,0.516391,0.095523"
EDUCATIONxINCOME,"EDUCATIONxINCOME :: High school graduate | $50,000-$75,000",RESTRICTWHO_W45,5,"0.081742,0.187109,0.122709,0.524760,0.083680"
EDUCATIONxINCOME,"EDUCATIONxINCOME :: High school graduate | $75,000-$100,000",RESTRICTWHO_W45,5,"0.081992,0.201353,0.124050,0.494474,0.098131"
EDUCATIONxINCOME,"EDUCATIONxINCOME :: High school graduate | Less than $30,000",RESTRICTWHO_W45,5,"0.086764,0.178027,0.135436,0.483928,0.115845"
EDUCATIONxINCOME,EDUCATIONxINCOME :: High school graduate | Refused,RESTRICTWHO_W45,5,"0.085377,0.141867,0.117612,0.430206,0.224938"
EDUCATIONxINCOME,"EDUCATIONxINCOME :: Less than high school | $30,000-$50,000",RESTRICTWHO_W45,5,"0.088593,0.186091,0.141571,0.475200,0.108546"
EDUCATIONxINCOME,"EDUCATIONxINCOME :: Less than high school | Less than $30,000",RESTRICTWHO_W45,5,"0.089423,0.180640,0.145149,0.457691,0.127096"
EDUCATIONxINCOME,"EDUCATIONxINCOME :: Postgraduate | $100,000 or more",RESTRICTWHO_W45,5,"0.084509,0.202727,0.111957,0.493976,0.106830"
EDUCATIONxINCOME,"EDUCATIONxINCOME :: Postgraduate | $30,000-$50,000",RESTRICTWHO_W45,5,"0.085784,0.184465,0.129788,0.489813,0.110149"
EDUCATIONxINCOME,"EDUCATIONxINCOME :: Postgraduate | $50,000-$75,000",RESTRICTWHO_W45,5,"0.085639,0.211958,0.127559,0.473938,0.100907"
EDUCATIONxINCOME,"EDUCATIONxINCOME :: Postgraduate | $75,000-$100,000",RESTRICTWHO_W45,5,"0.080763,0.201458,0.124115,0.483274,0.110390"
EDUCATIONxINCOME,"EDUCATIONxINCOME :: Postgraduate | Less than $30,000",RESTRICTWHO_W45,5,"0.089597,0.171358,0.135555,0.465800,0.137690"
EDUCATIONxINCOME,EDUCATIONxINCOME :: Postgraduate | Refused,RESTRICTWHO_W45,5,"0.094507,0.129176,0.107091,0.397890,0.271337"
EDUCATIONxINCOME,"EDUCATIONxINCOME :: Some college, no degree | $100,000 or more",RESTRICTWHO_W45,5,"0.108222,0.199051,0.127517,0.441615,0.123594"
EDUCATIONxINCOME,"EDUCATIONxINCOME :: Some college, no degree | $30,000-$50,000",RESTRICTWHO_W45,5,"0.098789,0.172030,0.133977,0.471295,0.123909"
EDUCATIONxINCOME,"EDUCATIONxINCOME :: Some college, no degree | $50,000-$75,000",RESTRICTWHO_W45,5,"0.098956,0.198341,0.132124,0.457568,0.113011"
EDUCATIONxINCOME,"EDUCATIONxINCOME :: Some college, no degree | $75,000-$100,000",RESTRICTWHO_W45,5,"0.094383,0.189176,0.132066,0.457368,0.127007"
EDUCATIONxINCOME,"EDUCATIONxINCOME :: Some college, no degree | Less than $30,000",RESTRICTWHO_W45,5,"0.096525,0.164195,0.128878,0.467747,0.142655"
EDUCATIONxINCOME,"EDUCATIONxINCOME :: Some college, no degree | Refused",RESTRICTWHO_W45,5,"0.090985,0.112352,0.110610,0.420712,0.265340"
EDUCATIONxINCOME,"EDUCATIONxINCOME :: Associate's degree | $100,000 or more",ROBJOB5D_W27,4,"0.285253,0.242091,0.303650,0.169007"
EDUCATIONxINCOME,"EDUCATIONxINCOME :: Associate's degree | $30,000-$50,000",ROBJOB5D_W27,4,"0.223643,0.249492,0.327952,0.198913"
EDUCATIONxINCOME,"EDUCATIONxINCOME :: Associate's degree | $50,000-$75,000",ROBJOB5D_W27,4,"0.207482,0.256207,0.336777,0.199534"
EDUCATIONxINCOME,"EDUCATIONxINCOME :: Associate's degree | $75,000-$100,000",ROBJOB5D_W27,4,"0.216045,0.258572,0.314343,0.211040"
EDUCATIONxINCOME,"EDUCATIONxINCOME :: Associate's degree | Less than $30,000",ROBJOB5D_W27,4,"0.216326,0.245130,0.322217,0.216326"
EDUCATIONxINCOME,"EDUCATIONxINCOME :: College graduate/some postgrad | $100,000 or more",ROBJOB5D_W27,4,"0.231118,0.251858,0.320876,0.196148"
EDUCATIONxINCOME,"EDUCATIONxINCOME :: College graduate/some postgrad | $30,000-$50,000",ROBJOB5D_W27,4,"0.214714,0.251026,0.332555,0.201705"
EDUCATIONxINCOME,"EDUCATIONxINCOME :: College graduate/some postgrad | $50,000-$75,000",ROBJOB5D_W27,4,"0.197313,0.253355,0.340927,0.208404"
EDUCATIONxINCOME,"EDUCATIONxINCOME :: College graduate/some postgrad | $75,000-$100,000",ROBJOB5D_W27,4,"0.205339,0.255549,0.320530,0.218582"
EDUCATIONxINCOME,"EDUCATIONxINCOME :: College graduate/some postgrad | Less than $30,000",ROBJOB5D_W27,4,"0.206165,0.244827,0.324343,0.224666"
EDUCATIONxINCOME,"EDUCATIONxINCOME :: High school graduate | $100,000 or more",ROBJOB5D_W27,4,"0.223223,0.256928,0.319752,0.200096"
EDUCATIONxINCOME,"EDUCATIONxINCOME :: High school graduate | $30,000-$50,000",ROBJOB5D_W27,4,"0.198622,0.253051,0.335238,0.213090"
EDUCATIONxINCOME,"EDUCATIONxINCOME :: High school graduate | $50,000-$75,000",ROBJOB5D_W27,4,"0.188245,0.251340,0.360028,0.200386"
EDUCATIONxINCOME,"EDUCATIONxINCOME :: High school graduate | $75,000-$100,000",ROBJOB5D_W27,4,"0.198409,0.260803,0.324575,0.216213"
EDUCATIONxINCOME,"EDUCATIONxINCOME :: High school graduate | Less than $30,000",ROBJOB5D_W27,4,"0.195762,0.249407,0.333003,0.221828"
EDUCATIONxINCOME,"EDUCATIONxINCOME :: Less than high school | Less than $30,000",ROBJOB5D_W27,4,"0.197928,0.246325,0.331466,0.224281"
EDUCATIONxINCOME,"EDUCATIONxINCOME :: Postgraduate | $100,000 or more",ROBJOB5D_W27,4,"0.236909,0.256159,0.308987,0.197945"
EDUCATIONxINCOME,"EDUCATIONxINCOME :: Postgraduate | $30,000-$50,000",ROBJOB5D_W27,4,"0.215661,0.254111,0.316246,0.213983"
EDUCATIONxINCOME,"EDUCATIONxINCOME :: Postgraduate | $50,000-$75,000",ROBJOB5D_W27,4,"0.206284,0.258738,0.327076,0.207902"
EDUCATIONxINCOME,"EDUCATIONxINCOME :: Postgraduate | $75,000-$100,000",ROBJOB5D_W27,4,"0.214778,0.261104,0.307655,0.216463"
EDUCATIONxINCOME,"EDUCATIONxINCOME :: Postgraduate | Less than $30,000",ROBJOB5D_W27,4,"0.217544,0.248443,0.321509,0.212504"
EDUCATIONxINCOME,"EDUCATIONxINCOME :: Some college, no degree | $100,000 or more",ROBJOB5D_W27,4,"0.237935,0.251310,0.300778,0.209977"
EDUCATIONxINCOME,"EDUCATIONxINCOME :: Some college, no degree | $30,000-$50,000",ROBJOB5D_W27,4,"0.212541,0.244633,0.316578,0.226248"
EDUCATIONxINCOME,"EDUCATIONxINCOME :: Some college, no degree | $50,000-$75,000",ROBJOB5D_W27,4,"0.204766,0.250884,0.324668,0.219682"
EDUCATIONxINCOME,"EDUCATIONxINCOME :: Some college, no degree | $75,000-$100,000",ROBJOB5D_W27,4,"0.210860,0.254346,0.306800,0.227994"
EDUCATIONxINCOME,"EDUCATIONxINCOME :: Some college, no degree | Less than $30,000",ROBJOB5D_W27,4,"0.201081,0.240662,0.321326,0.236931"
EDUCATIONxINCOME,"EDUCATIONxINCOME :: Associate's degree | $100,000 or more",ROBJOB8D_W27,4,"0.327026,0.212800,0.258699,0.201475"
EDUCATIONxINCOME,"EDUCATIONxINCOME :: Associate's degree | $30,000-$50,000",ROBJOB8D_W27,4,"0.244471,0.229659,0.292594,0.233276"
EDUCATIONxINCOME,"EDUCATIONxINCOME :: Associate's degree | $50,000-$75,000",ROBJOB8D_W27,4,"0.225788,0.215449,0.318413,0.240350"
EDUCATIONxINCOME,"EDUCATIONxINCOME :: Associate's degree | $75,000-$100,000",ROBJOB8D_W27,4,"0.240686,0.222598,0.290323,0.246394"
EDUCATIONxINCOME,"EDUCATIONxINCOME :: Associate's degree | Less than $30,000",ROBJOB8D_W27,4,"0.246040,0.225779,0.272341,0.255841"
EDUCATIONxINCOME,"EDUCATIONxINCOME :: College graduate/some postgrad | $100,000 or more",ROBJOB8D_W27,4,"0.260758,0.209525,0.297795,0.231923"
EDUCATIONxINCOME,"EDUCATIONxINCOME :: College graduate/some postgrad | $30,000-$50,000",ROBJOB8D_W27,4,"0.240052,0.232667,0.296425,0.230856"
EDUCATIONxINCOME,"EDUCATIONxINCOME :: College graduate/some postgrad | $50,000-$75,000",ROBJOB8D_W27,4,"0.216319,0.208032,0.332434,0.243214"
EDUCATIONxINCOME,"EDUCATIONxINCOME :: College graduate/some postgrad | $75,000-$100,000",ROBJOB8D_W27,4,"0.231513,0.215793,0.304317,0.248377"
EDUCATIONxINCOME,"EDUCATIONxINCOME :: College graduate/some postgrad | Less than $30,000",ROBJOB8D_W27,4,"0.229339,0.218837,0.289911,0.261913"
EDUCATIONxINCOME,"EDUCATIONxINCOME :: High school graduate | $100,000 or more",ROBJOB8D_W27,4,"0.261559,0.218540,0.287266,0.232635"
EDUCATIONxINCOME,"EDUCATIONxINCOME :: High school graduate | $30,000-$50,000",ROBJOB8D_W27,4,"0.223811,0.222069,0.308312,0.245808"
EDUCATIONxINCOME,"EDUCATIONxINCOME :: High school graduate | $50,000-$75,000",ROBJOB8D_W27,4,"0.217968,0.203168,0.337595,0.241268"
EDUCATIONxINCOME,"EDUCATIONxINCOME :: High school graduate | $75,000-$100,000",ROBJOB8D_W27,4,"0.229833,0.217601,0.302109,0.250457"
EDUCATIONxINCOME,"EDUCATIONxINCOME :: High school graduate | Less than $30,000",ROBJOB8D_W27,4,"0.228435,0.217975,0.286522,0.267068"
EDUCATIONxINCOME,"EDUCATIONxINCOME :: Less than high school | Less than $30,000",ROBJOB8D_W27,4,"0.237927,0.228812,0.276000,0.257261"
EDUCATIONxINCOME,"EDUCATIONxINCOME :: Postgraduate | $100,000 or more",ROBJOB8D_W27,4,"0.281471,0.227942,0.264418,0.226169"
EDUCATIONxINCOME,"EDUCATIONxINCOME :: Postgraduate | $30,000-$50,000",ROBJOB8D_W27,4,"0.239772,0.236055,0.282521,0.241653"
EDUCATIONxINCOME,"EDUCATIONxINCOME :: Postgraduate | $50,000-$75,000",ROBJOB8D_W27,4,"0.227550,0.224022,0.306202,0.242226"
EDUCATIONxINCOME,"EDUCATIONxINCOME :: Postgraduate | $75,000-$100,000",ROBJOB8D_W27,4,"0.245633,0.232561,0.276173,0.245633"
EDUCATIONxINCOME,"EDUCATIONxINCOME :: Postgraduate | Less than $30,000",ROBJOB8D_W27,4,"0.254050,0.227729,0.264170,0.254050"
EDUCATIONxINCOME,"EDUCATIONxINCOME :: Some college, no degree | $100,000 or more",ROBJOB8D_W27,4,"0.274564,0.240417,0.266117,0.218902"
EDUCATIONxINCOME,"EDUCATIONxINCOME :: Some college, no degree | $30,000-$50,000",ROBJOB8D_W27,4,"0.237809,0.243449,0.284620,0.234122"
EDUCATIONxINCOME,"EDUCATIONxINCOME :: Some college, no degree | $50,000-$75,000",ROBJOB8D_W27,4,"0.228175,0.233586,0.304653,0.233586"
EDUCATIONxINCOME,"EDUCATIONxINCOME :: Some college, no degree | $75,000-$100,000",ROBJOB8D_W27,4,"0.242792,0.240903,0.277277,0.239028"
EDUCATIONxINCOME,"EDUCATIONxINCOME :: Some college, no degree | Less than $30,000",ROBJOB8D_W27,4,"0.239675,0.239675,0.269474,0.251177"
EDUCATIONxINCOME,"EDUCATIONxINCOME :: Associate's degree | $100,000 or more",ROBJOB8E_W27,4,"0.376512,0.239325,0.206311,0.177852"
EDUCATIONxINCOME,"EDUCATIONxINCOME :: Associate's degree | $30,000-$50,000",ROBJOB8E_W27,4,"0.294213,0.263731,0.238261,0.203795"
EDUCATIONxINCOME,"EDUCATIONxINCOME :: Associate's degree | $50,000-$75,000",ROBJOB8E_W27,4,"0.275795,0.265230,0.249160,0.209814"
EDUCATIONxINCOME,"EDUCATIONxINCOME :: Associate's degree | $75,000-$100,000",ROBJOB8E_W27,4,"0.288493,0.266812,0.233629,0.211066"
EDUCATIONxINCOME,"EDUCATIONxINCOME :: Associate's degree | Less than $30,000",ROBJOB8E_W27,4,"0.299284,0.266189,0.218961,0.215566"
EDUCATIONxINCOME,"EDUCATIONxINCOME :: College graduate/some postgrad | $100,000 or more",ROBJOB8E_W27,4,"0.325526,0.251547,0.225485,0.197442"
EDUCATIONxINCOME,"EDUCATIONxINCOME :: College graduate/some postgrad | $30,000-$50,000",ROBJOB8E_W27,4,"0.288227,0.266566,0.240823,0.204384"
EDUCATIONxINCOME,"EDUCATIONxINCOME :: College graduate/some postgrad | $50,000-$75,000",ROBJOB8E_W27,4,"0.264629,0.262569,0.258499,0.214303"
EDUCATIONxINCOME,"EDUCATIONxINCOME :: College graduate/some postgrad | $75,000-$100,000",ROBJOB8E_W27,4,"0.277622,0.262847,0.245001,0.214530"
EDUCATIONxINCOME,"EDUCATIONxINCOME :: College graduate/some postgrad | Less than $30,000",ROBJOB8E_W27,4,"0.281860,0.266859,0.230047,0.221234"
EDUCATIONxINCOME,"EDUCATIONxINCOME :: High school graduate | $100,000 or more",ROBJOB8E_W27,4,"0.317321,0.261021,0.221526,0.200132"
EDUCATIONxINCOME,"EDUCATIONxINCOME :: High school graduate | $30,000-$50,000",ROBJOB8E_W27,4,"0.272443,0.266131,0.244216,0.217210"
EDUCATIONxINCOME,"EDUCATIONxINCOME :: High school graduate | $50,000-$75,000",ROBJOB8E_W27,4,"0.267233,0.261043,0.256996,0.214728"
EDUCATIONxINCOME,"EDUCATIONxINCOME :: High school graduate | $75,000-$100,000",ROBJOB8E_W27,4,"0.273993,0.267646,0.239916,0.218446"
EDUCATIONxINCOME,"EDUCATIONxINCOME :: High school graduate | Less than $30,000",ROBJOB8E_W27,4,"0.277652,0.269109,0.224849,0.228390"
EDUCATIONxINCOME,"EDUCATIONxINCOME :: Less than high school | Less than $30,000",ROBJOB8E_W27,4,"0.282744,0.269796,0.228973,0.218487"
EDUCATIONxINCOME,"EDUCATIONxINCOME :: Postgraduate | $100,000 or more",ROBJOB8E_W27,4,"0.343626,0.261417,0.205189,0.189768"
EDUCATIONxINCOME,"EDUCATIONxINCOME :: Postgraduate | $30,000-$50,000",ROBJOB8E_W27,4,"0.289885,0.270202,0.231116,0.208796"
EDUCATIONxINCOME,"EDUCATIONxINCOME :: Postgraduate | $50,000-$75,000",ROBJOB8E_W27,4,"0.274289,0.270036,0.242059,0.213616"
EDUCATIONxINCOME,"EDUCATIONxINCOME :: Postgraduate | $75,000-$100,000",ROBJOB8E_W27,4,"0.289388,0.271855,0.225376,0.213381"
EDUCATIONxINCOME,"EDUCATIONxINCOME :: Postgraduate | Less than $30,000",ROBJOB8E_W27,4,"0.305251,0.265207,0.214771,0.214771"
EDUCATIONxINCOME,"EDUCATIONxINCOME :: Some college, no degree | $100,000 or more",ROBJOB8E_W27,4,"0.316329,0.272693,0.219115,0.191863"
EDUCATIONxINCOME,"EDUCATIONxINCOME :: Some college, no degree | $30,000-$50,000",ROBJOB8E_W27,4,"0.272406,0.276696,0.240398,0.210499"
EDUCATIONxINCOME,"EDUCATIONxINCOME :: Some college, no degree | $50,000-$75,000",ROBJOB8E_W27,4,"0.261197,0.278043,0.249236,0.211524"
EDUCATIONxINCOME,"EDUCATIONxINCOME :: Some college, no degree | $75,000-$100,000",ROBJOB8E_W27,4,"0.273063,0.277363,0.233563,0.216011"
EDUCATIONxINCOME,"EDUCATIONxINCOME :: Some college, no degree | Less than $30,000",ROBJOB8E_W27,4,"0.276634,0.278803,0.222281,0.222281"
EDUCATIONxINCOME,"EDUCATIONxINCOME :: Associate's degree | $100,000 or more",ROMRELSER_W50,4,"0.658223,0.169046,0.104963,0.067769"
EDUCATIONxINCOME,"EDUCATIONxINCOME :: Associate's degree | $30,000-$50,000",ROMRELSER_W50,4,"0.469756,0.263509,0.167497,0.099238"
EDUCATIONxINCOME,"EDUCATIONxINCOME :: Associate's degree | $50,000-$75,000",ROMRELSER_W50,4,"0.471646,0.281632,0.153121,0.093601"
EDUCATIONxINCOME,"EDUCATIONxINCOME :: Associate's degree | $75,000-$100,000",ROMRELSER_W50,4,"0.510836,0.248962,0.136420,0.103783"
EDUCATIONxINCOME,"EDUCATIONxINCOME :: Associate's degree | Less than $30,000",ROMRELSER_W50,4,"0.416436,0.237278,0.164358,0.181928"
EDUCATIONxINCOME,EDUCATIONxINCOME :: Associate's degree | Refused,ROMRELSER_W50,4,"0.360258,0.251501,0.179740,0.208501"
EDUCATIONxINCOME,"EDUCATIONxINCOME :: College graduate/some postgrad | $100,000 or more",ROMRELSER_W50,4,"0.589149,0.205201,0.118761,0.086888"
EDUCATIONxINCOME,"EDUCATIONxINCOME :: College graduate/some postgrad | $30,000-$50,000",ROMRELSER_W50,4,"0.449888,0.290470,0.166803,0.092840"
EDUCATIONxINCOME,"EDUCATIONxINCOME :: College graduate/some postgrad | $50,000-$75,000",ROMRELSER_W50,4,"0.444083,0.305214,0.158343,0.092360"
EDUCATIONxINCOME,"EDUCATIONxINCOME :: College graduate/some postgrad | $75,000-$100,000",ROMRELSER_W50,4,"0.492436,0.265649,0.141085,0.100829"
EDUCATIONxINCOME,"EDUCATIONxINCOME :: College graduate/some postgrad | Less than $30,000",ROMRELSER_W50,4,"0.372759,0.250258,0.177460,0.199523"
EDUCATIONxINCOME,EDUCATIONxINCOME :: College graduate/some postgrad | Refused,ROMRELSER_W50,4,"0.331094,0.266042,0.185727,0.217137"
EDUCATIONxINCOME,"EDUCATIONxINCOME :: High school graduate | $100,000 or more",ROMRELSER_W50,4,"0.532416,0.221944,0.139978,0.105661"
EDUCATIONxINCOME,"EDUCATIONxINCOME :: High school graduate | $30,000-$50,000",ROMRELSER_W50,4,"0.417674,0.296175,0.175478,0.110673"
EDUCATIONxINCOME,"EDUCATIONxINCOME :: High school graduate | $50,000-$75,000",ROMRELSER_W50,4,"0.433138,0.319376,0.158103,0.089383"
EDUCATIONxINCOME,"EDUCATIONxINCOME :: High school graduate | $75,000-$100,000",ROMRELSER_W50,4,"0.453410,0.288205,0.150691,0.107694"
EDUCATIONxINCOME,"EDUCATIONxINCOME :: High school graduate | Less than $30,000",ROMRELSER_W50,4,"0.347939,0.264698,0.176327,0.211036"
EDUCATIONxINCOME,EDUCATIONxINCOME :: High school graduate | Refused,ROMRELSER_W50,4,"0.319385,0.279663,0.184846,0.216107"
EDUCATIONxINCOME,"EDUCATIONxINCOME :: Less than high school | $30,000-$50,000",ROMRELSER_W50,4,"0.385681,0.286614,0.195454,0.132251"
EDUCATIONxINCOME,"EDUCATIONxINCOME :: Less than high school | Less than $30,000",ROMRELSER_W50,4,"0.326703,0.256432,0.190564,0.226301"
EDUCATIONxINCOME,"EDUCATIONxINCOME :: Postgraduate | $100,000 or more",ROMRELSER_W50,4,"0.582167,0.196531,0.120137,0.101165"
EDUCATIONxINCOME,"EDUCATIONxINCOME :: Postgraduate | $30,000-$50,000",ROMRELSER_W50,4,"0.436692,0.271148,0.173704,0.118456"
EDUCATIONxINCOME,"EDUCATIONxINCOME :: Postgraduate | $50,000-$75,000",ROMRELSER_W50,4,"0.442800,0.290396,0.161630,0.105174"
EDUCATIONxINCOME,"EDUCATIONxINCOME :: Postgraduate | $75,000-$100,000",ROMRELSER_W50,4,"0.477510,0.261654,0.145632,0.115205"
EDUCATIONxINCOME,"EDUCATIONxINCOME :: Postgraduate | Less than $30,000",ROMRELSER_W50,4,"0.378026,0.220501,0.170390,0.231083"
EDUCATIONxINCOME,EDUCATIONxINCOME :: Postgraduate | Refused,ROMRELSER_W50,4,"0.332800,0.249256,0.183790,0.234154"
EDUCATIONxINCOME,"EDUCATIONxINCOME :: Some college, no degree | $100,000 or more",ROMRELSER_W50,4,"0.448237,0.255398,0.164897,0.131468"
EDUCATIONxINCOME,"EDUCATIONxINCOME :: Some college, no degree | $30,000-$50,000",ROMRELSER_W50,4,"0.361165,0.306516,0.199454,0.132865"
EDUCATIONxINCOME,"EDUCATIONxINCOME :: Some college, no degree | $50,000-$75,000",ROMRELSER_W50,4,"0.363424,0.325771,0.190021,0.120784"
EDUCATIONxINCOME,"EDUCATIONxINCOME :: Some college, no degree | $75,000-$100,000",ROMRELSER_W50,4,"0.383562,0.303422,0.178373,0.134643"
EDUCATIONxINCOME,"EDUCATIONxINCOME :: Some college, no degree | Less than $30,000",ROMRELSER_W50,4,"0.310811,0.274290,0.194501,0.220398"
EDUCATIONxINCOME,"EDUCATIONxINCOME :: Some college, no degree | Refused",ROMRELSER_W50,4,"0.264872,0.243061,0.207901,0.284167"
EDUCATIONxINCOME,"EDUCATIONxINCOME :: Associate's degree | $100,000 or more",RQ1_F1A_W42,3,"0.814899,0.080686,0.104415"
EDUCATIONxINCOME,"EDUCATIONxINCOME :: Associate's degree | $30,000-$50,000",RQ1_F1A_W42,3,"0.706515,0.116240,0.177245"
EDUCATIONxINCOME,"EDUCATIONxINCOME :: Associate's degree | $50,000-$75,000",RQ1_F1A_W42,3,"0.703918,0.119489,0.176593"
EDUCATIONxINCOME,"EDUCATIONxINCOME :: Associate's degree | $75,000-$100,000",RQ1_F1A_W42,3,"0.740507,0.106680,0.152812"
EDUCATIONxINCOME,"EDUCATIONxINCOME :: Associate's degree | Less than $30,000",RQ1_F1A_W42,3,"0.626784,0.133450,0.239766"
EDUCATIONxINCOME,"EDUCATIONxINCOME :: College graduate/some postgrad | $100,000 or more",RQ1_F1A_W42,3,"0.792400,0.082224,0.125376"
EDUCATIONxINCOME,"EDUCATIONxINCOME :: College graduate/some postgrad | $30,000-$50,000",RQ1_F1A_W42,3,"0.736635,0.105296,0.158069"
EDUCATIONxINCOME,"EDUCATIONxINCOME :: College graduate/some postgrad | $50,000-$75,000",RQ1_F1A_W42,3,"0.718010,0.110110,0.171880"
EDUCATIONxINCOME,"EDUCATIONxINCOME :: College graduate/some postgrad | $75,000-$100,000",RQ1_F1A_W42,3,"0.749438,0.098305,0.152258"
EDUCATIONxINCOME,"EDUCATIONxINCOME :: College graduate/some postgrad | Less than $30,000",RQ1_F1A_W42,3,"0.612353,0.130378,0.257269"
EDUCATIONxINCOME,"EDUCATIONxINCOME :: High school graduate | $100,000 or more",RQ1_F1A_W42,3,"0.717657,0.109200,0.173143"
EDUCATIONxINCOME,"EDUCATIONxINCOME :: High school graduate | $30,000-$50,000",RQ1_F1A_W42,3,"0.675884,0.121179,0.202937"
EDUCATIONxINCOME,"EDUCATIONxINCOME :: High school graduate | $50,000-$75,000",RQ1_F1A_W42,3,"0.703558,0.115753,0.180689"
EDUCATIONxINCOME,"EDUCATIONxINCOME :: High school graduate | $75,000-$100,000",RQ1_F1A_W42,3,"0.698646,0.117671,0.183682"
EDUCATIONxINCOME,"EDUCATIONxINCOME :: High school graduate | Less than $30,000",RQ1_F1A_W42,3,"0.570167,0.147580,0.282253"
EDUCATIONxINCOME,EDUCATIONxINCOME :: High school graduate | Refused,RQ1_F1A_W42,3,"0.427154,0.180868,0.391978"
EDUCATIONxINCOME,"EDUCATIONxINCOME :: Less than high school | $30,000-$50,000",RQ1_F1A_W42,3,"0.628285,0.136942,0.234773"
EDUCATIONxINCOME,"EDUCATIONxINCOME :: Less than high school | Less than $30,000",RQ1_F1A_W42,3,"0.540491,0.161022,0.298487"
EDUCATIONxINCOME,"EDUCATIONxINCOME :: Postgraduate | $100,000 or more",RQ1_F1A_W42,3,"0.757823,0.094114,0.148063"
EDUCATIONxINCOME,"EDUCATIONxINCOME :: Postgraduate | $30,000-$50,000",RQ1_F1A_W42,3,"0.665964,0.126112,0.207924"
EDUCATIONxINCOME,"EDUCATIONxINCOME :: Postgraduate | $50,000-$75,000",RQ1_F1A_W42,3,"0.664085,0.131792,0.204123"
EDUCATIONxINCOME,"EDUCATIONxINCOME :: Postgraduate | $75,000-$100,000",RQ1_F1A_W42,3,"0.703909,0.116719,0.179372"
EDUCATIONxINCOME,"EDUCATIONxINCOME :: Postgraduate | Less than $30,000",RQ1_F1A_W42,3,"0.591819,0.149635,0.258546"
EDUCATIONxINCOME,"EDUCATIONxINCOME :: Some college, no degree | $100,000 or more",RQ1_F1A_W42,3,"0.636752,0.143193,0.220055"
EDUCATIONxINCOME,"EDUCATIONxINCOME :: Some college, no degree | $30,000-$50,000",RQ1_F1A_W42,3,"0.582366,0.159210,0.258424"
EDUCATIONxINCOME,"EDUCATIONxINCOME :: Some college, no degree | $50,000-$75,000",RQ1_F1A_W42,3,"0.577201,0.166668,0.256131"
EDUCATIONxINCOME,"EDUCATIONxINCOME :: Some college, no degree | $75,000-$100,000",RQ1_F1A_W42,3,"0.606244,0.154485,0.239271"
EDUCATIONxINCOME,"EDUCATIONxINCOME :: Some college, no degree | Less than $30,000",RQ1_F1A_W42,3,"0.490377,0.180400,0.329223"
EDUCATIONxINCOME,"EDUCATIONxINCOME :: Some college, no degree | Refused",RQ1_F1A_W42,3,"0.304324,0.186029,0.509647"
EDUCATIONxINCOME,"EDUCATIONxINCOME :: Associate's degree | $100,000 or more",RQ3_F1Ac_W42,2,"0.744656,0.255344"
EDUCATIONxINCOME,"EDUCATIONxINCOME :: Associate's degree | $30,000-$50,000",RQ3_F1Ac_W42,2,"0.647798,0.352202"
EDUCATIONxINCOME,"EDUCATIONxINCOME :: Associate's degree | $50,000-$75,000",RQ3_F1Ac_W42,2,"0.644225,0.355775"
EDUCATIONxINCOME,"EDUCATIONxINCOME :: Associate's degree | $75,000-$100,000",RQ3_F1Ac_W42,2,"0.653127,0.346873"
EDUCATIONxINCOME,"EDUCATIONxINCOME :: Associate's degree | Less than $30,000",RQ3_F1Ac_W42,2,"0.600188,0.399812"
EDUCATIONxINCOME,"EDUCATIONxINCOME :: College graduate/some postgrad | $100,000 or more",RQ3_F1Ac_W42,2,"0.670608,0.329392"
EDUCATIONxINCOME,"EDUCATIONxINCOME :: College graduate/some postgrad | $30,000-$50,000",RQ3_F1Ac_W42,2,"0.629775,0.370225"
EDUCATIONxINCOME,"EDUCATIONxINCOME :: College graduate/some postgrad | $50,000-$75,000",RQ3_F1Ac_W42,2,"0.629775,0.370225"
EDUCATIONxINCOME,"EDUCATIONxINCOME :: College graduate/some postgrad | $75,000-$100,000",RQ3_F1Ac_W42,2,"0.635222,0.364778"
EDUCATIONxINCOME,"EDUCATIONxINCOME :: College graduate/some postgrad | Less than $30,000",RQ3_F1Ac_W42,2,"0.575588,0.424412"
EDUCATIONxINCOME,"EDUCATIONxINCOME :: High school graduate | $100,000 or more",RQ3_F1Ac_W42,2,"0.658418,0.341583"
EDUCATIONxINCOME,"EDUCATIONxINCOME :: High school graduate | $30,000-$50,000",RQ3_F1Ac_W42,2,"0.629775,0.370225"
EDUCATIONxINCOME,"EDUCATIONxINCOME :: High school graduate | $50,000-$75,000",RQ3_F1Ac_W42,2,"0.649579,0.350421"
EDUCATIONxINCOME,"EDUCATIONxINCOME :: High school graduate | $75,000-$100,000",RQ3_F1Ac_W42,2,"0.637031,0.362969"
EDUCATIONxINCOME,"EDUCATIONxINCOME :: High school graduate | Less than $30,000",RQ3_F1Ac_W42,2,"0.586996,0.413004"
EDUCATIONxINCOME,EDUCATIONxINCOME :: High school graduate | Refused,RQ3_F1Ac_W42,2,"0.537041,0.462959"
EDUCATIONxINCOME,"EDUCATIONxINCOME :: Less than high school | $30,000-$50,000",RQ3_F1Ac_W42,2,"0.605799,0.394201"
EDUCATIONxINCOME,"EDUCATIONxINCOME :: Less than high school | Less than $30,000",RQ3_F1Ac_W42,2,"0.581303,0.418697"
EDUCATIONxINCOME,"EDUCATIONxINCOME :: Postgraduate | $100,000 or more",RQ3_F1Ac_W42,2,"0.680879,0.319121"
EDUCATIONxINCOME,"EDUCATIONxINCOME :: Postgraduate | $30,000-$50,000",RQ3_F1Ac_W42,2,"0.613237,0.386763"
EDUCATIONxINCOME,"EDUCATIONxINCOME :: Postgraduate | $50,000-$75,000",RQ3_F1Ac_W42,2,"0.620622,0.379378"
EDUCATIONxINCOME,"EDUCATIONxINCOME :: Postgraduate | $75,000-$100,000",RQ3_F1Ac_W42,2,"0.646014,0.353986"
EDUCATIONxINCOME,"EDUCATIONxINCOME :: Postgraduate | Less than $30,000",RQ3_F1Ac_W42,2,"0.596433,0.403567"
EDUCATIONxINCOME,"EDUCATIONxINCOME :: Some college, no degree | $100,000 or more",RQ3_F1Ac_W42,2,"0.624294,0.375706"
EDUCATIONxINCOME,"EDUCATIONxINCOME :: Some college, no degree | $30,000-$50,000",RQ3_F1Ac_W42,2,"0.579400,0.420600"
EDUCATIONxINCOME,"EDUCATIONxINCOME :: Some college, no degree | $50,000-$75,000",RQ3_F1Ac_W42,2,"0.581303,0.418697"
EDUCATIONxINCOME,"EDUCATIONxINCOME :: Some college, no degree | $75,000-$100,000",RQ3_F1Ac_W42,2,"0.596433,0.403567"
EDUCATIONxINCOME,"EDUCATIONxINCOME :: Some college, no degree | Less than $30,000",RQ3_F1Ac_W42,2,"0.566019,0.433981"
EDUCATIONxINCOME,"EDUCATIONxINCOME :: Some college, no degree | Refused",RQ3_F1Ac_W42,2,"0.542863,0.457137"
EDUCATIONxINCOME,"EDUCATIONxINCOME :: Associate's degree | $100,000 or more",RQ3_F1Cb_W42,2,"0.697609,0.302391"
EDUCATIONxINCOME,"EDUCATIONxINCOME :: Associate's degree | $30,000-$50,000",RQ3_F1Cb_W42,2,"0.605799,0.394201"
EDUCATIONxINCOME,"EDUCATIONxINCOME :: Associate's degree | $50,000-$75,000",RQ3_F1Cb_W42,2,"0.603932,0.396068"
EDUCATIONxINCOME,"EDUCATIONxINCOME :: Associate's degree | $75,000-$100,000",RQ3_F1Cb_W42,2,"0.603932,0.396068"
EDUCATIONxINCOME,"EDUCATIONxINCOME :: Associate's degree | Less than $30,000",RQ3_F1Cb_W42,2,"0.548674,0.451327"
EDUCATIONxINCOME,"EDUCATIONxINCOME :: College graduate/some postgrad | $100,000 or more",RQ3_F1Cb_W42,2,"0.629775,0.370225"
EDUCATIONxINCOME,"EDUCATIONxINCOME :: College graduate/some postgrad | $30,000-$50,000",RQ3_F1Cb_W42,2,"0.603932,0.396068"
EDUCATIONxINCOME,"EDUCATIONxINCOME :: College graduate/some postgrad | $50,000-$75,000",RQ3_F1Cb_W42,2,"0.596433,0.403567"
EDUCATIONxINCOME,"EDUCATIONxINCOME :: College graduate/some postgrad | $75,000-$100,000",RQ3_F1Cb_W42,2,"0.596433,0.403567"
EDUCATIONxINCOME,"EDUCATIONxINCOME :: College graduate/some postgrad | Less than $30,000",RQ3_F1Cb_W42,2,"0.537041,0.462959"
EDUCATIONxINCOME,"EDUCATIONxINCOME :: High school graduate | $100,000 or more",RQ3_F1Cb_W42,2,"0.615088,0.384912"
EDUCATIONxINCOME,"EDUCATIONxINCOME :: High school graduate | $30,000-$50,000",RQ3_F1Cb_W42,2,"0.585101,0.414899"
EDUCATIONxINCOME,"EDUCATIONxINCOME :: High school graduate | $50,000-$75,000",RQ3_F1Cb_W42,2,"0.602062,0.397938"
EDUCATIONxINCOME,"EDUCATIONxINCOME :: High school graduate | $75,000-$100,000",RQ3_F1Cb_W42,2,"0.588889,0.411111"
EDUCATIONxINCOME,"EDUCATIONxINCOME :: High school graduate | Less than $30,000",RQ3_F1Cb_W42,2,"0.533154,0.466846"
EDUCATIONxINCOME,EDUCATIONxINCOME :: High school graduate | Refused,RQ3_F1Cb_W42,2,"0.500000,0.500000"
EDUCATIONxINCOME,"EDUCATIONxINCOME :: Less than high school | $30,000-$50,000",RQ3_F1Cb_W42,2,"0.564098,0.435902"
EDUCATIONxINCOME,"EDUCATIONxINCOME :: Less than high school | Less than $30,000",RQ3_F1Cb_W42,2,"0.525369,0.474631"
EDUCATIONxINCOME,"EDUCATIONxINCOME :: Postgraduate | $100,000 or more",RQ3_F1Cb_W42,2,"0.629775,0.370225"
EDUCATIONxINCOME,"EDUCATIONxINCOME :: Postgraduate | $30,000-$50,000",RQ3_F1Cb_W42,2,"0.573678,0.426322"
EDUCATIONxINCOME,"EDUCATIONxINCOME :: Postgraduate | $50,000-$75,000",RQ3_F1Cb_W42,2,"0.583203,0.416797"
EDUCATIONxINCOME,"EDUCATIONxINCOME :: Postgraduate | $75,000-$100,000",RQ3_F1Cb_W42,2,"0.598312,0.401688"
EDUCATIONxINCOME,"EDUCATIONxINCOME :: Postgraduate | Less than $30,000",RQ3_F1Cb_W42,2,"0.537041,0.462959"
EDUCATIONxINCOME,"EDUCATIONxINCOME :: Some college, no degree | $100,000 or more",RQ3_F1Cb_W42,2,"0.585101,0.414899"
EDUCATIONxINCOME,"EDUCATIONxINCOME :: Some college, no degree | $30,000-$50,000",RQ3_F1Cb_W42,2,"0.540924,0.459076"
EDUCATIONxINCOME,"EDUCATIONxINCOME :: Some college, no degree | $50,000-$75,000",RQ3_F1Cb_W42,2,"0.550607,0.449393"
EDUCATIONxINCOME,"EDUCATIONxINCOME :: Some college, no degree | $75,000-$100,000",RQ3_F1Cb_W42,2,"0.556400,0.443600"
EDUCATIONxINCOME,"EDUCATIONxINCOME :: Some college, no degree | Less than $30,000",RQ3_F1Cb_W42,2,"0.505859,0.494141"
EDUCATIONxINCOME,"EDUCATIONxINCOME :: Some college, no degree | Refused",RQ3_F1Cb_W42,2,"0.472683,0.527317"
EDUCATIONxINCOME,"EDUCATIONxINCOME :: Associate's degree | $100,000 or more",RQ4_F1Bc_W42,4,"0.589219,0.186860,0.125452,0.098468"
EDUCATIONxINCOME,"EDUCATIONxINCOME :: Associate's degree | $30,000-$50,000",RQ4_F1Bc_W42,4,"0.438311,0.270036,0.168984,0.122669"
EDUCATIONxINCOME,"EDUCATIONxINCOME :: Associate's degree | $50,000-$75,000",RQ4_F1Bc_W42,4,"0.448323,0.255447,0.175566,0.120664"
EDUCATIONxINCOME,"EDUCATIONxINCOME :: Associate's degree | $75,000-$100,000",RQ4_F1Bc_W42,4,"0.464870,0.246891,0.149747,0.138493"
EDUCATIONxINCOME,"EDUCATIONxINCOME :: Associate's degree | Less than $30,000",RQ4_F1Bc_W42,4,"0.427195,0.243408,0.164698,0.164698"
EDUCATIONxINCOME,"EDUCATIONxINCOME :: College graduate/some postgrad | $100,000 or more",RQ4_F1Bc_W42,4,"0.514010,0.226316,0.144983,0.114691"
EDUCATIONxINCOME,"EDUCATIONxINCOME :: College graduate/some postgrad | $30,000-$50,000",RQ4_F1Bc_W42,4,"0.424790,0.285191,0.172977,0.117042"
EDUCATIONxINCOME,"EDUCATIONxINCOME :: College graduate/some postgrad | $50,000-$75,000",RQ4_F1Bc_W42,4,"0.420100,0.275508,0.184968,0.119424"
EDUCATIONxINCOME,"EDUCATIONxINCOME :: College graduate/some postgrad | $75,000-$100,000",RQ4_F1Bc_W42,4,"0.439328,0.264392,0.159114,0.137165"
EDUCATIONxINCOME,"EDUCATIONxINCOME :: College graduate/some postgrad | Less than $30,000",RQ4_F1Bc_W42,4,"0.390732,0.262325,0.178890,0.168052"
EDUCATIONxINCOME,"EDUCATIONxINCOME :: High school graduate | $100,000 or more",RQ4_F1Bc_W42,4,"0.469548,0.237955,0.166120,0.126377"
EDUCATIONxINCOME,"EDUCATIONxINCOME :: High school graduate | $30,000-$50,000",RQ4_F1Bc_W42,4,"0.385776,0.293483,0.189487,0.131254"
EDUCATIONxINCOME,"EDUCATIONxINCOME :: High school graduate | $50,000-$75,000",RQ4_F1Bc_W42,4,"0.419936,0.273257,0.189280,0.117527"
EDUCATIONxINCOME,"EDUCATIONxINCOME :: High school graduate | $75,000-$100,000",RQ4_F1Bc_W42,4,"0.414111,0.273711,0.171284,0.140894"
EDUCATIONxINCOME,"EDUCATIONxINCOME :: High school graduate | Less than $30,000",RQ4_F1Bc_W42,4,"0.375330,0.268236,0.187259,0.169175"
EDUCATIONxINCOME,EDUCATIONxINCOME :: High school graduate | Refused,RQ4_F1Bc_W42,4,"0.339331,0.281316,0.194862,0.184491"
EDUCATIONxINCOME,"EDUCATIONxINCOME :: Less than high school | $30,000-$50,000",RQ4_F1Bc_W42,4,"0.359509,0.288874,0.196995,0.154623"
EDUCATIONxINCOME,"EDUCATIONxINCOME :: Less than high school | Less than $30,000",RQ4_F1Bc_W42,4,"0.350634,0.260569,0.193639,0.195157"
EDUCATIONxINCOME,"EDUCATIONxINCOME :: Postgraduate | $100,000 or more",RQ4_F1Bc_W42,4,"0.503142,0.225019,0.147571,0.124267"
EDUCATIONxINCOME,"EDUCATIONxINCOME :: Postgraduate | $30,000-$50,000",RQ4_F1Bc_W42,4,"0.397551,0.284117,0.182012,0.136321"
EDUCATIONxINCOME,"EDUCATIONxINCOME :: Postgraduate | $50,000-$75,000",RQ4_F1Bc_W42,4,"0.410333,0.271213,0.189337,0.129117"
EDUCATIONxINCOME,"EDUCATIONxINCOME :: Postgraduate | $75,000-$100,000",RQ4_F1Bc_W42,4,"0.427506,0.261329,0.162263,0.148901"
EDUCATIONxINCOME,"EDUCATIONxINCOME :: Postgraduate | Less than $30,000",RQ4_F1Bc_W42,4,"0.402600,0.244189,0.180054,0.173156"
EDUCATIONxINCOME,"EDUCATIONxINCOME :: Some college, no degree | $100,000 or more",RQ4_F1Bc_W42,4,"0.422602,0.256321,0.176167,0.144911"
EDUCATIONxINCOME,"EDUCATIONxINCOME :: Some college, no degree | $30,000-$50,000",RQ4_F1Bc_W42,4,"0.351736,0.300856,0.197306,0.150102"
EDUCATIONxINCOME,"EDUCATIONxINCOME :: Some college, no degree | $50,000-$75,000",RQ4_F1Bc_W42,4,"0.360692,0.289824,0.207128,0.142357"
EDUCATIONxINCOME,"EDUCATIONxINCOME :: Some college, no degree | $75,000-$100,000",RQ4_F1Bc_W42,4,"0.372968,0.283739,0.180355,0.162938"
EDUCATIONxINCOME,"EDUCATIONxINCOME :: Some college, no degree | Less than $30,000",RQ4_F1Bc_W42,4,"0.341369,0.278618,0.191491,0.188522"
EDUCATIONxINCOME,"EDUCATIONxINCOME :: Some college, no degree | Refused",RQ4_F1Bc_W42,4,"0.308283,0.267841,0.206972,0.216904"
EDUCATIONxINCOME,"EDUCATIONxINCOME :: Associate's degree | $100,000 or more",RQ4_F1Ce_W42,4,"0.813814,0.079951,0.058494,0.047741"
EDUCATIONxINCOME,"EDUCATIONxINCOME :: Associate's degree | $30,000-$50,000",RQ4_F1Ce_W42,4,"0.701719,0.136034,0.092767,0.069480"
EDUCATIONxINCOME,"EDUCATIONxINCOME :: Associate's degree | $50,000-$75,000",RQ4_F1Ce_W42,4,"0.706488,0.125681,0.097880,0.069952"
EDUCATIONxINCOME,"EDUCATIONxINCOME :: Associate's degree | $75,000-$100,000",RQ4_F1Ce_W42,4,"0.732611,0.112350,0.077217,0.077822"
EDUCATIONxINCOME,"EDUCATIONxINCOME :: Associate's degree | Less than $30,000",RQ4_F1Ce_W42,4,"0.665242,0.136212,0.098110,0.100436"
EDUCATIONxINCOME,"EDUCATIONxINCOME :: College graduate/some postgrad | $100,000 or more",RQ4_F1Ce_W42,4,"0.784350,0.091507,0.069073,0.055070"
EDUCATIONxINCOME,"EDUCATIONxINCOME :: College graduate/some postgrad | $30,000-$50,000",RQ4_F1Ce_W42,4,"0.700558,0.140120,0.092614,0.066707"
EDUCATIONxINCOME,"EDUCATIONxINCOME :: College graduate/some postgrad | $50,000-$75,000",RQ4_F1Ce_W42,4,"0.693870,0.133466,0.102332,0.070332"
EDUCATIONxINCOME,"EDUCATIONxINCOME :: College graduate/some postgrad | $75,000-$100,000",RQ4_F1Ce_W42,4,"0.726227,0.115807,0.080217,0.077749"
EDUCATIONxINCOME,"EDUCATIONxINCOME :: College graduate/some postgrad | Less than $30,000",RQ4_F1Ce_W42,4,"0.632290,0.151360,0.109020,0.107330"
EDUCATIONxINCOME,"EDUCATIONxINCOME :: High school graduate | $100,000 or more",RQ4_F1Ce_W42,4,"0.727636,0.116032,0.087585,0.068747"
EDUCATIONxINCOME,"EDUCATIONxINCOME :: High school graduate | $30,000-$50,000",RQ4_F1Ce_W42,4,"0.650068,0.161815,0.108637,0.079481"
EDUCATIONxINCOME,"EDUCATIONxINCOME :: High school graduate | $50,000-$75,000",RQ4_F1Ce_W42,4,"0.678946,0.141207,0.106589,0.073257"
EDUCATIONxINCOME,"EDUCATIONxINCOME :: High school graduate | $75,000-$100,000",RQ4_F1Ce_W42,4,"0.680846,0.138322,0.093593,0.087239"
EDUCATIONxINCOME,"EDUCATIONxINCOME :: High school graduate | Less than $30,000",RQ4_F1Ce_W42,4,"0.592895,0.169867,0.121399,0.115839"
EDUCATIONxINCOME,EDUCATIONxINCOME :: High school graduate | Refused,RQ4_F1Ce_W42,4,"0.466268,0.223718,0.151375,0.158640"
EDUCATIONxINCOME,"EDUCATIONxINCOME :: Less than high school | $30,000-$50,000",RQ4_F1Ce_W42,4,"0.581850,0.187429,0.128818,0.101903"
EDUCATIONxINCOME,"EDUCATIONxINCOME :: Less than high school | Less than $30,000",RQ4_F1Ce_W42,4,"0.519700,0.192687,0.139875,0.147738"
EDUCATIONxINCOME,"EDUCATIONxINCOME :: Postgraduate | $100,000 or more",RQ4_F1Ce_W42,4,"0.760460,0.099751,0.075886,0.063903"
EDUCATIONxINCOME,"EDUCATIONxINCOME :: Postgraduate | $30,000-$50,000",RQ4_F1Ce_W42,4,"0.650736,0.159470,0.107063,0.082732"
EDUCATIONxINCOME,"EDUCATIONxINCOME :: Postgraduate | $50,000-$75,000",RQ4_F1Ce_W42,4,"0.656241,0.146427,0.115833,0.081499"
EDUCATIONxINCOME,"EDUCATIONxINCOME :: Postgraduate | $75,000-$100,000",RQ4_F1Ce_W42,4,"0.685189,0.130771,0.090582,0.093458"
EDUCATIONxINCOME,"EDUCATIONxINCOME :: Postgraduate | Less than $30,000",RQ4_F1Ce_W42,4,"0.602082,0.157063,0.119487,0.121368"
EDUCATIONxINCOME,"EDUCATIONxINCOME :: Some college, no degree | $100,000 or more",RQ4_F1Ce_W42,4,"0.646534,0.155984,0.107206,0.090276"
EDUCATIONxINCOME,"EDUCATIONxINCOME :: Some college, no degree | $30,000-$50,000",RQ4_F1Ce_W42,4,"0.559789,0.209178,0.129881,0.101152"
EDUCATIONxINCOME,"EDUCATIONxINCOME :: Some college, no degree | $50,000-$75,000",RQ4_F1Ce_W42,4,"0.558876,0.197723,0.142414,0.100987"
EDUCATIONxINCOME,"EDUCATIONxINCOME :: Some college, no degree | $75,000-$100,000",RQ4_F1Ce_W42,4,"0.589938,0.181332,0.114365,0.114365"
EDUCATIONxINCOME,"EDUCATIONxINCOME :: Some college, no degree | Less than $30,000",RQ4_F1Ce_W42,4,"0.509520,0.210747,0.137135,0.142598"
EDUCATIONxINCOME,"EDUCATIONxINCOME :: Some college, no degree | Refused",RQ4_F1Ce_W42,4,"0.385632,0.245122,0.173818,0.195429"
EDUCATIONxINCOME,"EDUCATIONxINCOME :: Associate's degree | $100,000 or more",RQ5_F1A_W42,4,"0.483918,0.265165,0.157105,0.093812"
EDUCATIONxINCOME,"EDUCATIONxINCOME :: Associate's degree | $30,000-$50,000",RQ5_F1A_W42,4,"0.400391,0.302231,0.192110,0.105268"
EDUCATIONxINCOME,"EDUCATIONxINCOME :: Associate's degree | $50,000-$75,000",RQ5_F1A_W42,4,"0.381391,0.321163,0.194795,0.102650"
EDUCATIONxINCOME,"EDUCATIONxINCOME :: Associate's degree | $75,000-$100,000",RQ5_F1A_W42,4,"0.406998,0.312056,0.176420,0.104526"
EDUCATIONxINCOME,"EDUCATIONxINCOME :: Associate's degree | Less than $30,000",RQ5_F1A_W42,4,"0.430389,0.271443,0.173893,0.124276"
EDUCATIONxINCOME,"EDUCATIONxINCOME :: College graduate/some postgrad | $100,000 or more",RQ5_F1A_W42,4,"0.448139,0.280439,0.171429,0.099993"
EDUCATIONxINCOME,"EDUCATIONxINCOME :: College graduate/some postgrad | $30,000-$50,000",RQ5_F1A_W42,4,"0.407686,0.295949,0.194088,0.102277"
EDUCATIONxINCOME,"EDUCATIONxINCOME :: College graduate/some postgrad | $50,000-$75,000",RQ5_F1A_W42,4,"0.378106,0.320895,0.200811,0.100188"
EDUCATIONxINCOME,"EDUCATIONxINCOME :: College graduate/some postgrad | $75,000-$100,000",RQ5_F1A_W42,4,"0.408979,0.306311,0.182907,0.101803"
EDUCATIONxINCOME,"EDUCATIONxINCOME :: College graduate/some postgrad | Less than $30,000",RQ5_F1A_W42,4,"0.410249,0.273285,0.186364,0.130103"
EDUCATIONxINCOME,"EDUCATIONxINCOME :: High school graduate | $100,000 or more",RQ5_F1A_W42,4,"0.420593,0.298245,0.178090,0.103071"
EDUCATIONxINCOME,"EDUCATIONxINCOME :: High school graduate | $30,000-$50,000",RQ5_F1A_W42,4,"0.382990,0.317510,0.195612,0.103889"
EDUCATIONxINCOME,"EDUCATIONxINCOME :: High school graduate | $50,000-$75,000",RQ5_F1A_W42,4,"0.384550,0.326364,0.193364,0.095722"
EDUCATIONxINCOME,"EDUCATIONxINCOME :: High school graduate | $75,000-$100,000",RQ5_F1A_W42,4,"0.391268,0.326917,0.180541,0.101274"
EDUCATIONxINCOME,"EDUCATIONxINCOME :: High school graduate | Less than $30,000",RQ5_F1A_W42,4,"0.402641,0.287755,0.182908,0.126697"
EDUCATIONxINCOME,EDUCATIONxINCOME :: High school graduate | Refused,RQ5_F1A_W42,4,"0.356997,0.282408,0.203411,0.157184"
EDUCATIONxINCOME,"EDUCATIONxINCOME :: Less than high school | $30,000-$50,000",RQ5_F1A_W42,4,"0.372643,0.308932,0.207407,0.111017"
EDUCATIONxINCOME,"EDUCATIONxINCOME :: Less than high school | Less than $30,000",RQ5_F1A_W42,4,"0.398126,0.277937,0.189536,0.134401"
EDUCATIONxINCOME,"EDUCATIONxINCOME :: Postgraduate | $100,000 or more",RQ5_F1A_W42,4,"0.462316,0.278227,0.161025,0.098433"
EDUCATIONxINCOME,"EDUCATIONxINCOME :: Postgraduate | $30,000-$50,000",RQ5_F1A_W42,4,"0.400660,0.302434,0.190743,0.106164"
EDUCATIONxINCOME,"EDUCATIONxINCOME :: Postgraduate | $50,000-$75,000",RQ5_F1A_W42,4,"0.381696,0.321420,0.194951,0.101933"
EDUCATIONxINCOME,"EDUCATIONxINCOME :: Postgraduate | $75,000-$100,000",RQ5_F1A_W42,4,"0.412332,0.308822,0.174592,0.104254"
EDUCATIONxINCOME,"EDUCATIONxINCOME :: Postgraduate | Less than $30,000",RQ5_F1A_W42,4,"0.452274,0.257698,0.166382,0.123645"
EDUCATIONxINCOME,"EDUCATIONxINCOME :: Some college, no degree | $100,000 or more",RQ5_F1A_W42,4,"0.399018,0.294217,0.184117,0.122648"
EDUCATIONxINCOME,"EDUCATIONxINCOME :: Some college, no degree | $30,000-$50,000",RQ5_F1A_W42,4,"0.363237,0.305876,0.205356,0.125531"
EDUCATIONxINCOME,"EDUCATIONxINCOME :: Some college, no degree | $50,000-$75,000",RQ5_F1A_W42,4,"0.348174,0.324533,0.207904,0.119389"
EDUCATIONxINCOME,"EDUCATIONxINCOME :: Some college, no degree | $75,000-$100,000",RQ5_F1A_W42,4,"0.372053,0.313300,0.190026,0.124622"
EDUCATIONxINCOME,"EDUCATIONxINCOME :: Some college, no degree | Less than $30,000",RQ5_F1A_W42,4,"0.388943,0.284557,0.182294,0.144206"
EDUCATIONxINCOME,"EDUCATIONxINCOME :: Some college, no degree | Refused",RQ5_F1A_W42,4,"0.376230,0.252589,0.190664,0.180517"
EDUCATIONxINCOME,"EDUCATIONxINCOME :: Associate's degree | $100,000 or more",S7_W29,2,"0.665411,0.334589"
EDUCATIONxINCOME,"EDUCATIONxINCOME :: Associate's degree | $30,000-$50,000",S7_W29,2,"0.585101,0.414899"
EDUCATIONxINCOME,"EDUCATIONxINCOME :: Associate's degree | $50,000-$75,000",S7_W29,2,"0.577495,0.422505"
EDUCATIONxINCOME,"EDUCATIONxINCOME :: Associate's degree | $75,000-$100,000",S7_W29,2,"0.585101,0.414899"
EDUCATIONxINCOME,"EDUCATIONxINCOME :: Associate's degree | Less than $30,000",S7_W29,2,"0.511717,0.488283"
EDUCATIONxINCOME,"EDUCATIONxINCOME :: College graduate/some postgrad | $100,000 or more",S7_W29,2,"0.607663,0.392337"
EDUCATIONxINCOME,"EDUCATIONxINCOME :: College graduate/some postgrad | $30,000-$50,000",S7_W29,2,"0.592667,0.407333"
EDUCATIONxINCOME,"EDUCATIONxINCOME :: College graduate/some postgrad | $50,000-$75,000",S7_W29,2,"0.577495,0.422505"
EDUCATIONxINCOME,"EDUCATIONxINCOME :: College graduate/some postgrad | $75,000-$100,000",S7_W29,2,"0.588889,0.411111"
EDUCATIONxINCOME,"EDUCATIONxINCOME :: College graduate/some postgrad | Less than $30,000",S7_W29,2,"0.503906,0.496094"
EDUCATIONxINCOME,EDUCATIONxINCOME :: College graduate/some postgrad | Refused,S7_W29,2,"0.496094,0.503906"
EDUCATIONxINCOME,"EDUCATIONxINCOME :: High school graduate | $100,000 or more",S7_W29,2,"0.585101,0.414899"
EDUCATIONxINCOME,"EDUCATIONxINCOME :: High school graduate | $30,000-$50,000",S7_W29,2,"0.571767,0.428233"
EDUCATIONxINCOME,"EDUCATIONxINCOME :: High school graduate | $50,000-$75,000",S7_W29,2,"0.592667,0.407333"
EDUCATIONxINCOME,"EDUCATIONxINCOME :: High school graduate | $75,000-$100,000",S7_W29,2,"0.571767,0.428233"
EDUCATIONxINCOME,"EDUCATIONxINCOME :: High school graduate | Less than $30,000",S7_W29,2,"0.492188,0.507812"
EDUCATIONxINCOME,"EDUCATIONxINCOME :: Less than high school | Less than $30,000",S7_W29,2,"0.480479,0.519521"
EDUCATIONxINCOME,"EDUCATIONxINCOME :: Postgraduate | $100,000 or more",S7_W29,2,"0.607663,0.392337"
EDUCATIONxINCOME,"EDUCATIONxINCOME :: Postgraduate | $30,000-$50,000",S7_W29,2,"0.573678,0.426322"
EDUCATIONxINCOME,"EDUCATIONxINCOME :: Postgraduate | $50,000-$75,000",S7_W29,2,"0.569853,0.430147"
EDUCATIONxINCOME,"EDUCATIONxINCOME :: Postgraduate | $75,000-$100,000",S7_W29,2,"0.583203,0.416797"
EDUCATIONxINCOME,"EDUCATIONxINCOME :: Postgraduate | Less than $30,000",S7_W29,2,"0.503906,0.496094"
EDUCATIONxINCOME,EDUCATIONxINCOME :: Postgraduate | Refused,S7_W29,2,"0.492188,0.507812"
EDUCATIONxINCOME,"EDUCATIONxINCOME :: Some college, no degree | $100,000 or more",S7_W29,2,"0.571767,0.428233"
EDUCATIONxINCOME,"EDUCATIONxINCOME :: Some college, no degree | $30,000-$50,000",S7_W29,2,"0.544801,0.455199"
EDUCATIONxINCOME,"EDUCATIONxINCOME :: Some college, no degree | $50,000-$75,000",S7_W29,2,"0.542863,0.457137"
EDUCATIONxINCOME,"EDUCATIONxINCOME :: Some college, no degree | $75,000-$100,000",S7_W29,2,"0.552540,0.447460"
EDUCATIONxINCOME,"EDUCATIONxINCOME :: Some college, no degree | Less than $30,000",S7_W29,2,"0.468791,0.531209"
EDUCATIONxINCOME,"EDUCATIONxINCOME :: Some college, no degree | Refused",S7_W29,2,"0.418697,0.581303"
EDUCATIONxINCOME,"EDUCATIONxINCOME :: Associate's degree | $100,000 or more",SATLIFEB_W32,4,"0.418762,0.278956,0.174566,0.127715"
EDUCATIONxINCOME,"EDUCATIONxINCOME :: Associate's degree | $30,000-$50,000",SATLIFEB_W32,4,"0.294686,0.321131,0.231302,0.152881"
EDUCATIONxINCOME,"EDUCATIONxINCOME :: Associate's degree | $50,000-$75,000",SATLIFEB_W32,4,"0.276621,0.344261,0.227542,0.151576"
EDUCATIONxINCOME,"EDUCATIONxINCOME :: Associate's degree | $75,000-$100,000",SATLIFEB_W32,4,"0.268754,0.331867,0.229878,0.169501"
EDUCATIONxINCOME,"EDUCATIONxINCOME :: Associate's degree | Less than $30,000",SATLIFEB_W32,4,"0.262907,0.314658,0.243149,0.179287"
EDUCATIONxINCOME,"EDUCATIONxINCOME :: College graduate/some postgrad | $100,000 or more",SATLIFEB_W32,4,"0.327728,0.322647,0.201907,0.147718"
EDUCATIONxINCOME,"EDUCATIONxINCOME :: College graduate/some postgrad | $30,000-$50,000",SATLIFEB_W32,4,"0.273312,0.340142,0.235609,0.150937"
EDUCATIONxINCOME,"EDUCATIONxINCOME :: College graduate/some postgrad | $50,000-$75,000",SATLIFEB_W32,4,"0.253090,0.356915,0.234070,0.155924"
EDUCATIONxINCOME,"EDUCATIONxINCOME :: College graduate/some postgrad | $75,000-$100,000",SATLIFEB_W32,4,"0.247357,0.343422,0.237881,0.171339"
EDUCATIONxINCOME,"EDUCATIONxINCOME :: College graduate/some postgrad | Less than $30,000",SATLIFEB_W32,4,"0.234490,0.323024,0.255533,0.186952"
EDUCATIONxINCOME,EDUCATIONxINCOME :: College graduate/some postgrad | Refused,SATLIFEB_W32,4,"0.236286,0.330624,0.247626,0.185463"
EDUCATIONxINCOME,"EDUCATIONxINCOME :: High school graduate | $100,000 or more",SATLIFEB_W32,4,"0.310498,0.315387,0.216762,0.157353"
EDUCATIONxINCOME,"EDUCATIONxINCOME :: High school graduate | $30,000-$50,000",SATLIFEB_W32,4,"0.255127,0.337988,0.243444,0.163441"
EDUCATIONxINCOME,"EDUCATIONxINCOME :: High school graduate | $50,000-$75,000",SATLIFEB_W32,4,"0.250020,0.360945,0.238570,0.150464"
EDUCATIONxINCOME,"EDUCATIONxINCOME :: High school graduate | $75,000-$100,000",SATLIFEB_W32,4,"0.240342,0.341594,0.242227,0.175838"
EDUCATIONxINCOME,"EDUCATIONxINCOME :: High school graduate | Less than $30,000",SATLIFEB_W32,4,"0.226757,0.324815,0.258965,0.189463"
EDUCATIONxINCOME,"EDUCATIONxINCOME :: Less than high school | $30,000-$50,000",SATLIFEB_W32,4,"0.242444,0.318686,0.260104,0.178767"
EDUCATIONxINCOME,"EDUCATIONxINCOME :: Less than high school | Less than $30,000",SATLIFEB_W32,4,"0.215791,0.313974,0.270662,0.199574"
EDUCATIONxINCOME,"EDUCATIONxINCOME :: Postgraduate | $100,000 or more",SATLIFEB_W32,4,"0.327488,0.310060,0.206544,0.155908"
EDUCATIONxINCOME,"EDUCATIONxINCOME :: Postgraduate | $30,000-$50,000",SATLIFEB_W32,4,"0.268028,0.320787,0.242143,0.169043"
EDUCATIONxINCOME,"EDUCATIONxINCOME :: Postgraduate | $50,000-$75,000",SATLIFEB_W32,4,"0.260497,0.342417,0.235340,0.161746"
EDUCATIONxINCOME,"EDUCATIONxINCOME :: Postgraduate | $75,000-$100,000",SATLIFEB_W32,4,"0.252517,0.329344,0.239078,0.179061"
EDUCATIONxINCOME,"EDUCATIONxINCOME :: Postgraduate | Less than $30,000",SATLIFEB_W32,4,"0.242372,0.306387,0.258004,0.193236"
EDUCATIONxINCOME,EDUCATIONxINCOME :: Postgraduate | Refused,SATLIFEB_W32,4,"0.245245,0.312450,0.245245,0.197060"
EDUCATIONxINCOME,"EDUCATIONxINCOME :: Some college, no degree | $100,000 or more",SATLIFEB_W32,4,"0.290974,0.317086,0.224847,0.167092"
EDUCATIONxINCOME,"EDUCATIONxINCOME :: Some college, no degree | $30,000-$50,000",SATLIFEB_W32,4,"0.245148,0.327316,0.250962,0.176574"
EDUCATIONxINCOME,"EDUCATIONxINCOME :: Some college, no degree | $50,000-$75,000",SATLIFEB_W32,4,"0.236000,0.346072,0.249266,0.168662"
EDUCATIONxINCOME,"EDUCATIONxINCOME :: Some college, no degree | $75,000-$100,000",SATLIFEB_W32,4,"0.228781,0.330285,0.251267,0.189667"
EDUCATIONxINCOME,"EDUCATIONxINCOME :: Some college, no degree | Less than $30,000",SATLIFEB_W32,4,"0.215629,0.318679,0.266267,0.199425"
EDUCATIONxINCOME,"EDUCATIONxINCOME :: Some college, no degree | Refused",SATLIFEB_W32,4,"0.212406,0.299540,0.270612,0.217443"
EDUCATIONxINCOME,"EDUCATIONxINCOME :: Associate's degree | $100,000 or more",SATLIFEb_W50,4,"0.419179,0.279233,0.174740,0.126848"
EDUCATIONxINCOME,"EDUCATIONxINCOME :: Associate's degree | $30,000-$50,000",SATLIFEb_W50,4,"0.294153,0.320549,0.232694,0.152604"
EDUCATIONxINCOME,"EDUCATIONxINCOME :: Associate's degree | $50,000-$75,000",SATLIFEb_W50,4,"0.278187,0.343515,0.227050,0.151248"
EDUCATIONxINCOME,"EDUCATIONxINCOME :: Associate's degree | $75,000-$100,000",SATLIFEb_W50,4,"0.268754,0.331867,0.229878,0.169501"
EDUCATIONxINCOME,"EDUCATIONxINCOME :: Associate's degree | Less than $30,000",SATLIFEb_W50,4,"0.263274,0.315098,0.243489,0.178140"
EDUCATIONxINCOME,EDUCATIONxINCOME :: Associate's degree | Refused,SATLIFEb_W50,4,"0.261857,0.318337,0.238423,0.181383"
EDUCATIONxINCOME,"EDUCATIONxINCOME :: College graduate/some postgrad | $100,000 or more",SATLIFEb_W50,4,"0.328105,0.323018,0.202140,0.146738"
EDUCATIONxINCOME,"EDUCATIONxINCOME :: College graduate/some postgrad | $30,000-$50,000",SATLIFEb_W50,4,"0.273814,0.340767,0.234205,0.151214"
EDUCATIONxINCOME,"EDUCATIONxINCOME :: College graduate/some postgrad | $50,000-$75,000",SATLIFEb_W50,4,"0.253090,0.356915,0.234070,0.155924"
EDUCATIONxINCOME,"EDUCATIONxINCOME :: College graduate/some postgrad | $75,000-$100,000",SATLIFEb_W50,4,"0.247025,0.342961,0.237562,0.172452"
EDUCATIONxINCOME,"EDUCATIONxINCOME :: College graduate/some postgrad | Less than $30,000",SATLIFEb_W50,4,"0.234958,0.323668,0.254050,0.187325"
EDUCATIONxINCOME,EDUCATIONxINCOME :: College graduate/some postgrad | Refused,SATLIFEb_W50,4,"0.236286,0.330624,0.247626,0.185463"
EDUCATIONxINCOME,"EDUCATIONxINCOME :: High school graduate | $100,000 or more",SATLIFEb_W50,4,"0.311262,0.313703,0.217296,0.157740"
EDUCATIONxINCOME,"EDUCATIONxINCOME :: High school graduate | $30,000-$50,000",SATLIFEb_W50,4,"0.255127,0.337988,0.243444,0.163441"
EDUCATIONxINCOME,"EDUCATIONxINCOME :: High school graduate | $50,000-$75,000",SATLIFEb_W50,4,"0.251487,0.360239,0.238104,0.150170"
EDUCATIONxINCOME,"EDUCATIONxINCOME :: High school graduate | $75,000-$100,000",SATLIFEb_W50,4,"0.238918,0.342234,0.242680,0.176167"
EDUCATIONxINCOME,"EDUCATIONxINCOME :: High school graduate | Less than $30,000",SATLIFEb_W50,4,"0.227215,0.325471,0.257469,0.189845"
EDUCATIONxINCOME,EDUCATIONxINCOME :: High school graduate | Refused,SATLIFEb_W50,4,"0.231508,0.331620,0.246439,0.190433"
EDUCATIONxINCOME,"EDUCATIONxINCOME :: Less than high school | $30,000-$50,000",SATLIFEb_W50,4,"0.242444,0.318686,0.260104,0.178767"
EDUCATIONxINCOME,"EDUCATIONxINCOME :: Less than high school | Less than $30,000",SATLIFEb_W50,4,"0.215791,0.313974,0.270662,0.199574"
EDUCATIONxINCOME,"EDUCATIONxINCOME :: Postgraduate | $100,000 or more",SATLIFEb_W50,4,"0.327488,0.310060,0.206544,0.155908"
EDUCATIONxINCOME,"EDUCATIONxINCOME :: Postgraduate | $30,000-$50,000",SATLIFEb_W50,4,"0.266498,0.321457,0.242649,0.169396"
EDUCATIONxINCOME,"EDUCATIONxINCOME :: Postgraduate | $50,000-$75,000",SATLIFEb_W50,4,"0.259799,0.344178,0.234709,0.161313"
EDUCATIONxINCOME,"EDUCATIONxINCOME :: Postgraduate | $75,000-$100,000",SATLIFEb_W50,4,"0.253639,0.328233,0.238272,0.179857"
EDUCATIONxINCOME,"EDUCATIONxINCOME :: Postgraduate | Less than $30,000",SATLIFEb_W50,4,"0.242372,0.306387,0.258004,0.193236"
EDUCATIONxINCOME,EDUCATIONxINCOME :: Postgraduate | Refused,SATLIFEb_W50,4,"0.245622,0.312930,0.245622,0.195827"
EDUCATIONxINCOME,"EDUCATIONxINCOME :: Some college, no degree | $100,000 or more",SATLIFEb_W50,4,"0.292589,0.316364,0.224336,0.166712"
EDUCATIONxINCOME,"EDUCATIONxINCOME :: Some college, no degree | $30,000-$50,000",SATLIFEb_W50,4,"0.246113,0.326047,0.251950,0.175889"
EDUCATIONxINCOME,"EDUCATIONxINCOME :: Some college, no degree | $50,000-$75,000",SATLIFEb_W50,4,"0.236459,0.346744,0.247807,0.168990"
EDUCATIONxINCOME,"EDUCATIONxINCOME :: Some college, no degree | $75,000-$100,000",SATLIFEb_W50,4,"0.229569,0.331422,0.250170,0.188838"
EDUCATIONxINCOME,"EDUCATIONxINCOME :: Some college, no degree | Less than $30,000",SATLIFEb_W50,4,"0.216414,0.319839,0.265155,0.198592"
EDUCATIONxINCOME,"EDUCATIONxINCOME :: Some college, no degree | Refused",SATLIFEb_W50,4,"0.211460,0.300545,0.271520,0.216475"
EDUCATIONxINCOME,"EDUCATIONxINCOME :: Associate's degree | $100,000 or more",SCM5d_W42,2,"0.218669,0.781331"
EDUCATIONxINCOME,"EDUCATIONxINCOME :: Associate's degree | $30,000-$50,000",SCM5d_W42,2,"0.201813,0.798187"
EDUCATIONxINCOME,"EDUCATIONxINCOME :: Associate's degree | $50,000-$75,000",SCM5d_W42,2,"0.183594,0.816406"
EDUCATIONxINCOME,"EDUCATIONxINCOME :: Associate's degree | $75,000-$100,000",SCM5d_W42,2,"0.183594,0.816406"
EDUCATIONxINCOME,"EDUCATIONxINCOME :: Associate's degree | Less than $30,000",SCM5d_W42,2,"0.198064,0.801936"
EDUCATIONxINCOME,"EDUCATIONxINCOME :: College graduate/some postgrad | $100,000 or more",SCM5d_W42,2,"0.173288,0.826712"
EDUCATIONxINCOME,"EDUCATIONxINCOME :: College graduate/some postgrad | $30,000-$50,000",SCM5d_W42,2,"0.183594,0.816406"
EDUCATIONxINCOME,"EDUCATIONxINCOME :: College graduate/some postgrad | $50,000-$75,000",SCM5d_W42,2,"0.176672,0.823328"
EDUCATIONxINCOME,"EDUCATIONxINCOME :: College graduate/some postgrad | $75,000-$100,000",SCM5d_W42,2,"0.173288,0.826712"
EDUCATIONxINCOME,"EDUCATIONxINCOME :: College graduate/some postgrad | Less than $30,000",SCM5d_W42,2,"0.196826,0.803174"
EDUCATIONxINCOME,"EDUCATIONxINCOME :: High school graduate | $100,000 or more",SCM5d_W42,2,"0.217338,0.782663"
EDUCATIONxINCOME,"EDUCATIONxINCOME :: High school graduate | $30,000-$50,000",SCM5d_W42,2,"0.198064,0.801936"
EDUCATIONxINCOME,"EDUCATIONxINCOME :: High school graduate | $50,000-$75,000",SCM5d_W42,2,"0.181263,0.818737"
EDUCATIONxINCOME,"EDUCATIONxINCOME :: High school graduate | $75,000-$100,000",SCM5d_W42,2,"0.195594,0.804406"
EDUCATIONxINCOME,"EDUCATIONxINCOME :: High school graduate | Less than $30,000",SCM5d_W42,2,"0.203075,0.796925"
EDUCATIONxINCOME,EDUCATIONxINCOME :: High school graduate | Refused,SCM5d_W42,2,"0.289372,0.710628"
EDUCATIONxINCOME,"EDUCATIONxINCOME :: Less than high school | $30,000-$50,000",SCM5d_W42,2,"0.224055,0.775945"
EDUCATIONxINCOME,"EDUCATIONxINCOME :: Less than high school | Less than $30,000",SCM5d_W42,2,"0.222700,0.777300"
EDUCATIONxINCOME,"EDUCATIONxINCOME :: Postgraduate | $100,000 or more",SCM5d_W42,2,"0.208179,0.791821"
EDUCATIONxINCOME,"EDUCATIONxINCOME :: Postgraduate | $30,000-$50,000",SCM5d_W42,2,"0.212069,0.787931"
EDUCATIONxINCOME,"EDUCATIONxINCOME :: Postgraduate | $50,000-$75,000",SCM5d_W42,2,"0.204342,0.795658"
EDUCATIONxINCOME,"EDUCATIONxINCOME :: Postgraduate | $75,000-$100,000",SCM5d_W42,2,"0.203075,0.796925"
EDUCATIONxINCOME,"EDUCATIONxINCOME :: Postgraduate | Less than $30,000",SCM5d_W42,2,"0.206894,0.793106"
EDUCATIONxINCOME,"EDUCATIONxINCOME :: Some college, no degree | $100,000 or more",SCM5d_W42,2,"0.282988,0.717012"
EDUCATIONxINCOME,"EDUCATIONxINCOME :: Some college, no degree | $30,000-$50,000",SCM5d_W42,2,"0.262842,0.737158"
EDUCATIONxINCOME,"EDUCATIONxINCOME :: Some college, no degree | $50,000-$75,000",SCM5d_W42,2,"0.255344,0.744656"
EDUCATIONxINCOME,"EDUCATIONxINCOME :: Some college, no degree | $75,000-$100,000",SCM5d_W42,2,"0.262842,0.737158"
EDUCATIONxINCOME,"EDUCATIONxINCOME :: Some college, no degree | Less than $30,000",SCM5d_W42,2,"0.259826,0.740174"
EDUCATIONxINCOME,"EDUCATIONxINCOME :: Some college, no degree | Refused",SCM5d_W42,2,"0.317426,0.682574"
EDUCATIONxINCOME,"EDUCATIONxINCOME :: Associate's degree | $100,000 or more",SEENMASC_W29,4,"0.466469,0.243899,0.185549,0.104083"
EDUCATIONxINCOME,"EDUCATIONxINCOME :: Associate's degree | $30,000-$50,000",SEENMASC_W29,4,"0.352100,0.289630,0.232724,0.125545"
EDUCATIONxINCOME,"EDUCATIONxINCOME :: Associate's degree | $50,000-$75,000",SEENMASC_W29,4,"0.345328,0.307141,0.230038,0.117492"
EDUCATIONxINCOME,"EDUCATIONxINCOME :: Associate's degree | $75,000-$100,000",SEENMASC_W29,4,"0.353983,0.300422,0.216386,0.129210"
EDUCATIONxINCOME,"EDUCATIONxINCOME :: Associate's degree | Less than $30,000",SEENMASC_W29,4,"0.357194,0.269625,0.218349,0.154832"
EDUCATIONxINCOME,"EDUCATIONxINCOME :: College graduate/some postgrad | $100,000 or more",SEENMASC_W29,4,"0.396719,0.276955,0.209056,0.117270"
EDUCATIONxINCOME,"EDUCATIONxINCOME :: College graduate/some postgrad | $30,000-$50,000",SEENMASC_W29,4,"0.348123,0.302455,0.231900,0.117521"
EDUCATIONxINCOME,"EDUCATIONxINCOME :: College graduate/some postgrad | $50,000-$75,000",SEENMASC_W29,4,"0.334695,0.316883,0.233655,0.114767"
EDUCATIONxINCOME,"EDUCATIONxINCOME :: College graduate/some postgrad | $75,000-$100,000",SEENMASC_W29,4,"0.342565,0.309482,0.222911,0.125042"
EDUCATIONxINCOME,"EDUCATIONxINCOME :: College graduate/some postgrad | Less than $30,000",SEENMASC_W29,4,"0.330997,0.280914,0.229275,0.158814"
EDUCATIONxINCOME,EDUCATIONxINCOME :: College graduate/some postgrad | Refused,SEENMASC_W29,4,"0.315494,0.294073,0.225473,0.164960"
EDUCATIONxINCOME,"EDUCATIONxINCOME :: High school graduate | $100,000 or more",SEENMASC_W29,4,"0.378456,0.285674,0.213960,0.121911"
EDUCATIONxINCOME,"EDUCATIONxINCOME :: High school graduate | $30,000-$50,000",SEENMASC_W29,4,"0.330464,0.308026,0.238024,0.123485"
EDUCATIONxINCOME,"EDUCATIONxINCOME :: High school graduate | $50,000-$75,000",SEENMASC_W29,4,"0.339978,0.319380,0.233663,0.106979"
EDUCATIONxINCOME,"EDUCATIONxINCOME :: High school graduate | $75,000-$100,000",SEENMASC_W29,4,"0.336311,0.315935,0.224032,0.123722"
EDUCATIONxINCOME,"EDUCATIONxINCOME :: High school graduate | Less than $30,000",SEENMASC_W29,4,"0.323140,0.289661,0.230938,0.156260"
EDUCATIONxINCOME,"EDUCATIONxINCOME :: Less than high school | Less than $30,000",SEENMASC_W29,4,"0.318326,0.276567,0.234719,0.170388"
EDUCATIONxINCOME,"EDUCATIONxINCOME :: Postgraduate | $100,000 or more",SEENMASC_W29,4,"0.417476,0.267445,0.192634,0.122445"
EDUCATIONxINCOME,"EDUCATIONxINCOME :: Postgraduate | $30,000-$50,000",SEENMASC_W29,4,"0.344966,0.295065,0.228008,0.131961"
EDUCATIONxINCOME,"EDUCATIONxINCOME :: Postgraduate | $50,000-$75,000",SEENMASC_W29,4,"0.344767,0.309047,0.226104,0.120083"
EDUCATIONxINCOME,"EDUCATIONxINCOME :: Postgraduate | $75,000-$100,000",SEENMASC_W29,4,"0.355040,0.301319,0.212004,0.131636"
EDUCATIONxINCOME,"EDUCATIONxINCOME :: Postgraduate | Less than $30,000",SEENMASC_W29,4,"0.370792,0.258855,0.209627,0.160726"
EDUCATIONxINCOME,EDUCATIONxINCOME :: Postgraduate | Refused,SEENMASC_W29,4,"0.327719,0.282512,0.211591,0.178178"
EDUCATIONxINCOME,"EDUCATIONxINCOME :: Some college, no degree | $100,000 or more",SEENMASC_W29,4,"0.361589,0.292823,0.212567,0.133021"
EDUCATIONxINCOME,"EDUCATIONxINCOME :: Some college, no degree | $30,000-$50,000",SEENMASC_W29,4,"0.316529,0.309197,0.237069,0.137205"
EDUCATIONxINCOME,"EDUCATIONxINCOME :: Some college, no degree | $50,000-$75,000",SEENMASC_W29,4,"0.312838,0.322769,0.237995,0.126398"
EDUCATIONxINCOME,"EDUCATIONxINCOME :: Some college, no degree | $75,000-$100,000",SEENMASC_W29,4,"0.316823,0.316823,0.224661,0.141692"
EDUCATIONxINCOME,"EDUCATIONxINCOME :: Some college, no degree | Less than $30,000",SEENMASC_W29,4,"0.312442,0.293512,0.226808,0.167238"
EDUCATIONxINCOME,"EDUCATIONxINCOME :: Some college, no degree | Refused",SEENMASC_W29,4,"0.310957,0.278740,0.227501,0.182802"
EDUCATIONxINCOME,"EDUCATIONxINCOME :: Associate's degree | $100,000 or more",SHARE1_W49,2,"0.775945,0.224055"
EDUCATIONxINCOME,"EDUCATIONxINCOME :: Associate's degree | $30,000-$50,000",SHARE1_W49,2,"0.762070,0.237930"
EDUCATIONxINCOME,"EDUCATIONxINCOME :: Associate's degree | $50,000-$75,000",SHARE1_W49,2,"0.747616,0.252384"
EDUCATIONxINCOME,"EDUCATIONxINCOME :: Associate's degree | $75,000-$100,000",SHARE1_W49,2,"0.767690,0.232310"
EDUCATIONxINCOME,"EDUCATIONxINCOME :: Associate's degree | Less than $30,000",SHARE1_W49,2,"0.782663,0.217338"
EDUCATIONxINCOME,"EDUCATIONxINCOME :: College graduate/some postgrad | $100,000 or more",SHARE1_W49,2,"0.790530,0.209470"
EDUCATIONxINCOME,"EDUCATIONxINCOME :: College graduate/some postgrad | $30,000-$50,000",SHARE1_W49,2,"0.778649,0.221351"
EDUCATIONxINCOME,"EDUCATIONxINCOME :: College graduate/some postgrad | $50,000-$75,000",SHARE1_W49,2,"0.766294,0.233706"
EDUCATIONxINCOME,"EDUCATIONxINCOME :: College graduate/some postgrad | $75,000-$100,000",SHARE1_W49,2,"0.785309,0.214691"
EDUCATIONxINCOME,"EDUCATIONxINCOME :: College graduate/some postgrad | Less than $30,000",SHARE1_W49,2,"0.778649,0.221351"
EDUCATIONxINCOME,"EDUCATIONxINCOME :: High school graduate | $100,000 or more",SHARE1_W49,2,"0.747616,0.252384"
EDUCATIONxINCOME,"EDUCATIONxINCOME :: High school graduate | $30,000-$50,000",SHARE1_W49,2,"0.760651,0.239349"
EDUCATIONxINCOME,"EDUCATIONxINCOME :: High school graduate | $50,000-$75,000",SHARE1_W49,2,"0.766294,0.233706"
EDUCATIONxINCOME,"EDUCATIONxINCOME :: High school graduate | $75,000-$100,000",SHARE1_W49,2,"0.760651,0.239349"
EDUCATIONxINCOME,"EDUCATIONxINCOME :: High school graduate | Less than $30,000",SHARE1_W49,2,"0.767690,0.232310"
EDUCATIONxINCOME,EDUCATIONxINCOME :: High school graduate | Refused,SHARE1_W49,2,"0.667148,0.332852"
EDUCATIONxINCOME,"EDUCATIONxINCOME :: Less than high school | $30,000-$50,000",SHARE1_W49,2,"0.740174,0.259826"
EDUCATIONxINCOME,"EDUCATIONxINCOME :: Less than high school | Less than $30,000",SHARE1_W49,2,"0.771843,0.228156"
EDUCATIONxINCOME,"EDUCATIONxINCOME :: Postgraduate | $100,000 or more",SHARE1_W49,2,"0.783988,0.216012"
EDUCATIONxINCOME,"EDUCATIONxINCOME :: Postgraduate | $30,000-$50,000",SHARE1_W49,2,"0.747616,0.252384"
EDUCATIONxINCOME,"EDUCATIONxINCOME :: Postgraduate | $50,000-$75,000",SHARE1_W49,2,"0.732592,0.267408"
EDUCATIONxINCOME,"EDUCATIONxINCOME :: Postgraduate | $75,000-$100,000",SHARE1_W49,2,"0.769080,0.230920"
EDUCATIONxINCOME,"EDUCATIONxINCOME :: Postgraduate | Less than $30,000",SHARE1_W49,2,"0.790530,0.209470"
EDUCATIONxINCOME,"EDUCATIONxINCOME :: Some college, no degree | $100,000 or more",SHARE1_W49,2,"0.700895,0.299105"
EDUCATIONxINCOME,"EDUCATIONxINCOME :: Some college, no degree | $30,000-$50,000",SHARE1_W49,2,"0.692642,0.307358"
EDUCATIONxINCOME,"EDUCATIONxINCOME :: Some college, no degree | $50,000-$75,000",SHARE1_W49,2,"0.674050,0.325950"
EDUCATIONxINCOME,"EDUCATIONxINCOME :: Some college, no degree | $75,000-$100,000",SHARE1_W49,2,"0.699254,0.300746"
EDUCATIONxINCOME,"EDUCATIONxINCOME :: Some college, no degree | Less than $30,000",SHARE1_W49,2,"0.723310,0.276691"
EDUCATIONxINCOME,"EDUCATIONxINCOME :: Some college, no degree | Refused",SHARE1_W49,2,"0.679179,0.320821"
EDUCATIONxINCOME,"EDUCATIONxINCOME :: Associate's degree | $100,000 or more",SHOOTFREQ_W26,4,"0.499302,0.200166,0.175271,0.125261"
EDUCATIONxINCOME,"EDUCATIONxINCOME :: Associate's degree | $30,000-$50,000",SHOOTFREQ_W26,4,"0.296362,0.291768,0.236281,0.175589"
EDUCATIONxINCOME,"EDUCATIONxINCOME :: Associate's degree | $50,000-$75,000",SHOOTFREQ_W26,4,"0.316386,0.309057,0.219154,0.155403"
EDUCATIONxINCOME,"EDUCATIONxINCOME :: Associate's degree | $75,000-$100,000",SHOOTFREQ_W26,4,"0.311354,0.292490,0.217360,0.178796"
EDUCATIONxINCOME,"EDUCATIONxINCOME :: Associate's degree | Less than $30,000",SHOOTFREQ_W26,4,"0.197139,0.197139,0.228685,0.377038"
EDUCATIONxINCOME,"EDUCATIONxINCOME :: College graduate/some postgrad | $100,000 or more",SHOOTFREQ_W26,4,"0.427758,0.232568,0.188339,0.151335"
EDUCATIONxINCOME,"EDUCATIONxINCOME :: College graduate/some postgrad | $30,000-$50,000",SHOOTFREQ_W26,4,"0.292467,0.311330,0.229560,0.166643"
EDUCATIONxINCOME,"EDUCATIONxINCOME :: College graduate/some postgrad | $50,000-$75,000",SHOOTFREQ_W26,4,"0.305306,0.322467,0.219904,0.152323"
EDUCATIONxINCOME,"EDUCATIONxINCOME :: College graduate/some postgrad | $75,000-$100,000",SHOOTFREQ_W26,4,"0.304028,0.299314,0.220700,0.175958"
EDUCATIONxINCOME,"EDUCATIONxINCOME :: College graduate/some postgrad | Less than $30,000",SHOOTFREQ_W26,4,"0.184798,0.198260,0.231789,0.385153"
EDUCATIONxINCOME,"EDUCATIONxINCOME :: High school graduate | $100,000 or more",SHOOTFREQ_W26,4,"0.394744,0.237561,0.193892,0.173803"
EDUCATIONxINCOME,"EDUCATIONxINCOME :: High school graduate | $30,000-$50,000",SHOOTFREQ_W26,4,"0.263698,0.301153,0.234538,0.200611"
EDUCATIONxINCOME,"EDUCATIONxINCOME :: High school graduate | $50,000-$75,000",SHOOTFREQ_W26,4,"0.306778,0.318998,0.217538,0.156687"
EDUCATIONxINCOME,"EDUCATIONxINCOME :: High school graduate | $75,000-$100,000",SHOOTFREQ_W26,4,"0.292108,0.299035,0.218779,0.190078"
EDUCATIONxINCOME,"EDUCATIONxINCOME :: High school graduate | Less than $30,000",SHOOTFREQ_W26,4,"0.168301,0.180561,0.224711,0.426427"
EDUCATIONxINCOME,"EDUCATIONxINCOME :: Less than high school | Less than $30,000",SHOOTFREQ_W26,4,"0.156243,0.162467,0.222066,0.459224"
EDUCATIONxINCOME,"EDUCATIONxINCOME :: Postgraduate | $100,000 or more",SHOOTFREQ_W26,4,"0.427685,0.223620,0.182514,0.166181"
EDUCATIONxINCOME,"EDUCATIONxINCOME :: Postgraduate | $30,000-$50,000",SHOOTFREQ_W26,4,"0.286466,0.286466,0.230182,0.196885"
EDUCATIONxINCOME,"EDUCATIONxINCOME :: Postgraduate | $50,000-$75,000",SHOOTFREQ_W26,4,"0.313304,0.303665,0.215331,0.167700"
EDUCATIONxINCOME,"EDUCATIONxINCOME :: Postgraduate | $75,000-$100,000",SHOOTFREQ_W26,4,"0.309942,0.284418,0.214690,0.190950"
EDUCATIONxINCOME,"EDUCATIONxINCOME :: Postgraduate | Less than $30,000",SHOOTFREQ_W26,4,"0.164784,0.140947,0.209941,0.484328"
EDUCATIONxINCOME,"EDUCATIONxINCOME :: Some college, no degree | $100,000 or more",SHOOTFREQ_W26,4,"0.346520,0.247647,0.202124,0.203709"
EDUCATIONxINCOME,"EDUCATIONxINCOME :: Some college, no degree | $30,000-$50,000",SHOOTFREQ_W26,4,"0.244797,0.286197,0.235419,0.233587"
EDUCATIONxINCOME,"EDUCATIONxINCOME :: Some college, no degree | $50,000-$75,000",SHOOTFREQ_W26,4,"0.268935,0.304743,0.226466,0.199856"
EDUCATIONxINCOME,"EDUCATIONxINCOME :: Some college, no degree | $75,000-$100,000",SHOOTFREQ_W26,4,"0.261346,0.282583,0.221802,0.234269"
EDUCATIONxINCOME,"EDUCATIONxINCOME :: Some college, no degree | Less than $30,000",SHOOTFREQ_W26,4,"0.158311,0.173871,0.209728,0.458089"
EDUCATIONxINCOME,"EDUCATIONxINCOME :: Associate's degree | $100,000 or more",SMARTPHONE_W49,2,"0.817574,0.182426"
EDUCATIONxINCOME,"EDUCATIONxINCOME :: Associate's degree | $30,000-$50,000",SMARTPHONE_W49,2,"0.762070,0.237930"
EDUCATIONxINCOME,"EDUCATIONxINCOME :: Associate's degree | $50,000-$75,000",SMARTPHONE_W49,2,"0.759225,0.240775"
EDUCATIONxINCOME,"EDUCATIONxINCOME :: Associate's degree | $75,000-$100,000",SMARTPHONE_W49,2,"0.766294,0.233706"
EDUCATIONxINCOME,"EDUCATIONxINCOME :: Associate's degree | Less than $30,000",SMARTPHONE_W49,2,"0.684264,0.315736"
EDUCATIONxINCOME,"EDUCATIONxINCOME :: College graduate/some postgrad | $100,000 or more",SMARTPHONE_W49,2,"0.793106,0.206894"
EDUCATIONxINCOME,"EDUCATIONxINCOME :: College graduate/some postgrad | $30,000-$50,000",SMARTPHONE_W49,2,"0.791821,0.208179"
EDUCATIONxINCOME,"EDUCATIONxINCOME :: College graduate/some postgrad | $50,000-$75,000",SMARTPHONE_W49,2,"0.782663,0.217338"
EDUCATIONxINCOME,"EDUCATIONxINCOME :: College graduate/some postgrad | $75,000-$100,000",SMARTPHONE_W49,2,"0.787931,0.212069"
EDUCATIONxINCOME,"EDUCATIONxINCOME :: College graduate/some postgrad | Less than $30,000",SMARTPHONE_W49,2,"0.695958,0.304042"
EDUCATIONxINCOME,"EDUCATIONxINCOME :: High school graduate | $100,000 or more",SMARTPHONE_W49,2,"0.756358,0.243642"
EDUCATIONxINCOME,"EDUCATIONxINCOME :: High school graduate | $30,000-$50,000",SMARTPHONE_W49,2,"0.774583,0.225417"
EDUCATIONxINCOME,"EDUCATIONxINCOME :: High school graduate | $50,000-$75,000",SMARTPHONE_W49,2,"0.801936,0.198064"
EDUCATIONxINCOME,"EDUCATIONxINCOME :: High school graduate | $75,000-$100,000",SMARTPHONE_W49,2,"0.770465,0.229535"
EDUCATIONxINCOME,"EDUCATIONxINCOME :: High school graduate | Less than $30,000",SMARTPHONE_W49,2,"0.684264,0.315736"
EDUCATIONxINCOME,EDUCATIONxINCOME :: High school graduate | Refused,SMARTPHONE_W49,2,"0.602062,0.397938"
EDUCATIONxINCOME,"EDUCATIONxINCOME :: Less than high school | $30,000-$50,000",SMARTPHONE_W49,2,"0.741674,0.258326"
EDUCATIONxINCOME,"EDUCATIONxINCOME :: Less than high school | Less than $30,000",SMARTPHONE_W49,2,"0.667148,0.332852"
EDUCATIONxINCOME,"EDUCATIONxINCOME :: Postgraduate | $100,000 or more",SMARTPHONE_W49,2,"0.774583,0.225417"
EDUCATIONxINCOME,"EDUCATIONxINCOME :: Postgraduate | $30,000-$50,000",SMARTPHONE_W49,2,"0.746139,0.253861"
EDUCATIONxINCOME,"EDUCATIONxINCOME :: Postgraduate | $50,000-$75,000",SMARTPHONE_W49,2,"0.746139,0.253861"
EDUCATIONxINCOME,"EDUCATIONxINCOME :: Postgraduate | $75,000-$100,000",SMARTPHONE_W49,2,"0.757794,0.242206"
EDUCATIONxINCOME,"EDUCATIONxINCOME :: Postgraduate | Less than $30,000",SMARTPHONE_W49,2,"0.670608,0.329392"
EDUCATIONxINCOME,"EDUCATIONxINCOME :: Some college, no degree | $100,000 or more",SMARTPHONE_W49,2,"0.695958,0.304042"
EDUCATIONxINCOME,"EDUCATIONxINCOME :: Some college, no degree | $30,000-$50,000",SMARTPHONE_W49,2,"0.694303,0.305697"
EDUCATIONxINCOME,"EDUCATIONxINCOME :: Some college, no degree | $50,000-$75,000",SMARTPHONE_W49,2,"0.690976,0.309024"
EDUCATIONxINCOME,"EDUCATIONxINCOME :: Some college, no degree | $75,000-$100,000",SMARTPHONE_W49,2,"0.697609,0.302391"
EDUCATIONxINCOME,"EDUCATIONxINCOME :: Some college, no degree | Less than $30,000",SMARTPHONE_W49,2,"0.626124,0.373876"
EDUCATIONxINCOME,"EDUCATIONxINCOME :: Some college, no degree | Refused",SMARTPHONE_W49,2,"0.544801,0.455199"
EDUCATIONxINCOME,"EDUCATIONxINCOME :: Associate's degree | $100,000 or more",SOCIETY_RELG_W92,5,"0.144034,0.156959,0.324585,0.211211,0.163211"
EDUCATIONxINCOME,"EDUCATIONxINCOME :: Associate's degree | $30,000-$50,000",SOCIETY_RELG_W92,5,"0.117022,0.156245,0.363281,0.225566,0.137886"
EDUCATIONxINCOME,"EDUCATIONxINCOME :: Associate's degree | $50,000-$75,000",SOCIETY_RELG_W92,5,"0.110343,0.152004,0.379164,0.221165,0.137324"
EDUCATIONxINCOME,"EDUCATIONxINCOME :: Associate's degree | $75,000-$100,000",SOCIETY_RELG_W92,5,"0.116080,0.159907,0.366030,0.216866,0.141117"
EDUCATIONxINCOME,"EDUCATIONxINCOME :: Associate's degree | Less than $30,000",SOCIETY_RELG_W92,5,"0.118351,0.145007,0.358895,0.224591,0.153157"
EDUCATIONxINCOME,EDUCATIONxINCOME :: Associate's degree | Refused,SOCIETY_RELG_W92,5,"0.119546,0.135463,0.391976,0.197098,0.155917"
EDUCATIONxINCOME,"EDUCATIONxINCOME :: College graduate/some postgrad | $100,000 or more",SOCIETY_RELG_W92,5,"0.128002,0.148485,0.347946,0.221168,0.154400"
EDUCATIONxINCOME,"EDUCATIONxINCOME :: College graduate/some postgrad | $30,000-$50,000",SOCIETY_RELG_W92,5,"0.120415,0.157051,0.353920,0.226730,0.141884"
EDUCATIONxINCOME,"EDUCATIONxINCOME :: College graduate/some postgrad | $50,000-$75,000",SOCIETY_RELG_W92,5,"0.113031,0.149741,0.376450,0.226551,0.134227"
EDUCATIONxINCOME,"EDUCATIONxINCOME :: College graduate/some postgrad | $75,000-$100,000",SOCIETY_RELG_W92,5,"0.119831,0.156289,0.360554,0.222131,0.141195"
EDUCATIONxINCOME,"EDUCATIONxINCOME :: College graduate/some postgrad | Less than $30,000",SOCIETY_RELG_W92,5,"0.119754,0.142211,0.357518,0.232641,0.147876"
EDUCATIONxINCOME,EDUCATIONxINCOME :: College graduate/some postgrad | Refused,SOCIETY_RELG_W92,5,"0.116724,0.130215,0.404238,0.200112,0.148711"
EDUCATIONxINCOME,"EDUCATIONxINCOME :: High school graduate | $100,000 or more",SOCIETY_RELG_W92,5,"0.129851,0.155412,0.352973,0.215768,0.145996"
EDUCATIONxINCOME,"EDUCATIONxINCOME :: High school graduate | $30,000-$50,000",SOCIETY_RELG_W92,5,"0.114726,0.149631,0.376173,0.226385,0.133085"
EDUCATIONxINCOME,"EDUCATIONxINCOME :: High school graduate | $50,000-$75,000",SOCIETY_RELG_W92,5,"0.110152,0.147072,0.393584,0.217358,0.131834"
EDUCATIONxINCOME,"EDUCATIONxINCOME :: High school graduate | $75,000-$100,000",SOCIETY_RELG_W92,5,"0.117349,0.156682,0.372935,0.215838,0.137195"
EDUCATIONxINCOME,"EDUCATIONxINCOME :: High school graduate | Less than $30,000",SOCIETY_RELG_W92,5,"0.118707,0.143188,0.371402,0.223514,0.143188"
EDUCATIONxINCOME,EDUCATIONxINCOME :: High school graduate | Refused,SOCIETY_RELG_W92,5,"0.116069,0.134643,0.405122,0.197441,0.146725"
EDUCATIONxINCOME,"EDUCATIONxINCOME :: Less than high school | $30,000-$50,000",SOCIETY_RELG_W92,5,"0.125585,0.161255,0.366244,0.215304,0.131612"
EDUCATIONxINCOME,"EDUCATIONxINCOME :: Less than high school | $50,000-$75,000",SOCIETY_RELG_W92,5,"0.124172,0.163221,0.376546,0.207948,0.128113"
EDUCATIONxINCOME,"EDUCATIONxINCOME :: Less than high school | Less than $30,000",SOCIETY_RELG_W92,5,"0.124009,0.151939,0.373126,0.209304,0.141622"
EDUCATIONxINCOME,"EDUCATIONxINCOME :: Postgraduate | $100,000 or more",SOCIETY_RELG_W92,5,"0.135704,0.159898,0.338504,0.216854,0.149041"
EDUCATIONxINCOME,"EDUCATIONxINCOME :: Postgraduate | $30,000-$50,000",SOCIETY_RELG_W92,5,"0.125544,0.162466,0.354859,0.225562,0.131569"
EDUCATIONxINCOME,"EDUCATIONxINCOME :: Postgraduate | $50,000-$75,000",SOCIETY_RELG_W92,5,"0.121691,0.161214,0.371917,0.218639,0.126539"
EDUCATIONxINCOME,"EDUCATIONxINCOME :: Postgraduate | $75,000-$100,000",SOCIETY_RELG_W92,5,"0.126615,0.166433,0.355101,0.217069,0.134781"
EDUCATIONxINCOME,"EDUCATIONxINCOME :: Postgraduate | Less than $30,000",SOCIETY_RELG_W92,5,"0.131620,0.152682,0.341396,0.220422,0.153879"
EDUCATIONxINCOME,EDUCATIONxINCOME :: Postgraduate | Refused,SOCIETY_RELG_W92,5,"0.132219,0.149823,0.370817,0.198484,0.148658"
EDUCATIONxINCOME,"EDUCATIONxINCOME :: Some college, no degree | $100,000 or more",SOCIETY_RELG_W92,5,"0.145074,0.166979,0.332077,0.206191,0.149679"
EDUCATIONxINCOME,"EDUCATIONxINCOME :: Some college, no degree | $30,000-$50,000",SOCIETY_RELG_W92,5,"0.127919,0.162973,0.353196,0.217598,0.138314"
EDUCATIONxINCOME,"EDUCATIONxINCOME :: Some college, no degree | $50,000-$75,000",SOCIETY_RELG_W92,5,"0.121972,0.161586,0.372776,0.210748,0.132917"
EDUCATIONxINCOME,"EDUCATIONxINCOME :: Some college, no degree | $75,000-$100,000",SOCIETY_RELG_W92,5,"0.129299,0.167325,0.348736,0.211519,0.143121"
EDUCATIONxINCOME,"EDUCATIONxINCOME :: Some college, no degree | Less than $30,000",SOCIETY_RELG_W92,5,"0.126879,0.151854,0.353072,0.217521,0.150673"
EDUCATIONxINCOME,"EDUCATIONxINCOME :: Some college, no degree | Refused",SOCIETY_RELG_W92,5,"0.124720,0.139136,0.369449,0.204029,0.162666"
EDUCATIONxINCOME,"EDUCATIONxINCOME :: Associate's degree | $100,000 or more",SOCIETY_RHIST_W92,5,"0.260895,0.206385,0.196934,0.173793,0.161993"
EDUCATIONxINCOME,"EDUCATIONxINCOME :: Associate's degree | $30,000-$50,000",SOCIETY_RHIST_W92,5,"0.221777,0.220051,0.239798,0.183860,0.134514"
EDUCATIONxINCOME,"EDUCATIONxINCOME :: Associate's degree | $50,000-$75,000",SOCIETY_RHIST_W92,5,"0.206253,0.216152,0.266912,0.180601,0.130082"
EDUCATIONxINCOME,"EDUCATIONxINCOME :: Associate's degree | $75,000-$100,000",SOCIETY_RHIST_W92,5,"0.220593,0.220593,0.240389,0.181455,0.136969"
EDUCATIONxINCOME,"EDUCATIONxINCOME :: Associate's degree | Less than $30,000",SOCIETY_RHIST_W92,5,"0.186531,0.183639,0.280016,0.193961,0.155852"
EDUCATIONxINCOME,EDUCATIONxINCOME :: Associate's degree | Refused,SOCIETY_RHIST_W92,5,"0.185579,0.181280,0.282974,0.179869,0.170297"
EDUCATIONxINCOME,"EDUCATIONxINCOME :: College graduate/some postgrad | $100,000 or more",SOCIETY_RHIST_W92,5,"0.258673,0.204627,0.204627,0.176400,0.155672"
EDUCATIONxINCOME,"EDUCATIONxINCOME :: College graduate/some postgrad | $30,000-$50,000",SOCIETY_RHIST_W92,5,"0.237410,0.224775,0.211157,0.184895,0.141764"
EDUCATIONxINCOME,"EDUCATIONxINCOME :: College graduate/some postgrad | $50,000-$75,000",SOCIETY_RHIST_W92,5,"0.224100,0.220626,0.238553,0.182905,0.133816"
EDUCATIONxINCOME,"EDUCATIONxINCOME :: College graduate/some postgrad | $75,000-$100,000",SOCIETY_RHIST_W92,5,"0.241783,0.221873,0.216733,0.179678,0.139933"
EDUCATIONxINCOME,"EDUCATIONxINCOME :: College graduate/some postgrad | Less than $30,000",SOCIETY_RHIST_W92,5,"0.203670,0.184001,0.261518,0.195868,0.154944"
EDUCATIONxINCOME,EDUCATIONxINCOME :: College graduate/some postgrad | Refused,SOCIETY_RHIST_W92,5,"0.195379,0.182113,0.273384,0.180696,0.168427"
EDUCATIONxINCOME,"EDUCATIONxINCOME :: High school graduate | $100,000 or more",SOCIETY_RHIST_W92,5,"0.247486,0.211686,0.215019,0.176870,0.148939"
EDUCATIONxINCOME,"EDUCATIONxINCOME :: High school graduate | $30,000-$50,000",SOCIETY_RHIST_W92,5,"0.226816,0.226816,0.230387,0.183681,0.132300"
EDUCATIONxINCOME,"EDUCATIONxINCOME :: High school graduate | $50,000-$75,000",SOCIETY_RHIST_W92,5,"0.217173,0.224067,0.248020,0.180043,0.130697"
EDUCATIONxINCOME,"EDUCATIONxINCOME :: High school graduate | $75,000-$100,000",SOCIETY_RHIST_W92,5,"0.226509,0.226509,0.230076,0.180589,0.136316"
EDUCATIONxINCOME,"EDUCATIONxINCOME :: High school graduate | Less than $30,000",SOCIETY_RHIST_W92,5,"0.191808,0.185906,0.276907,0.194828,0.150551"
EDUCATIONxINCOME,EDUCATIONxINCOME :: High school graduate | Refused,SOCIETY_RHIST_W92,5,"0.190117,0.190117,0.274465,0.181411,0.163891"
EDUCATIONxINCOME,"EDUCATIONxINCOME :: Less than high school | $30,000-$50,000",SOCIETY_RHIST_W92,5,"0.228145,0.226370,0.235388,0.174925,0.135172"
EDUCATIONxINCOME,"EDUCATIONxINCOME :: Less than high school | $50,000-$75,000",SOCIETY_RHIST_W92,5,"0.217818,0.226495,0.254655,0.170967,0.130065"
EDUCATIONxINCOME,"EDUCATIONxINCOME :: Less than high school | Less than $30,000",SOCIETY_RHIST_W92,5,"0.199943,0.196844,0.269053,0.182051,0.152109"
EDUCATIONxINCOME,"EDUCATIONxINCOME :: Postgraduate | $100,000 or more",SOCIETY_RHIST_W92,5,"0.240410,0.204033,0.224086,0.178657,0.152814"
EDUCATIONxINCOME,"EDUCATIONxINCOME :: Postgraduate | $30,000-$50,000",SOCIETY_RHIST_W92,5,"0.221689,0.219964,0.239703,0.185228,0.133415"
EDUCATIONxINCOME,"EDUCATIONxINCOME :: Postgraduate | $50,000-$75,000",SOCIETY_RHIST_W92,5,"0.209779,0.214754,0.269362,0.180841,0.125265"
EDUCATIONxINCOME,"EDUCATIONxINCOME :: Postgraduate | $75,000-$100,000",SOCIETY_RHIST_W92,5,"0.224604,0.219401,0.235382,0.183316,0.137297"
EDUCATIONxINCOME,"EDUCATIONxINCOME :: Postgraduate | Less than $30,000",SOCIETY_RHIST_W92,5,"0.201760,0.183704,0.255048,0.198632,0.160857"
EDUCATIONxINCOME,EDUCATIONxINCOME :: Postgraduate | Refused,SOCIETY_RHIST_W92,5,"0.200663,0.189984,0.261714,0.181284,0.166355"
EDUCATIONxINCOME,"EDUCATIONxINCOME :: Some college, no degree | $100,000 or more",SOCIETY_RHIST_W92,5,"0.236015,0.208283,0.221716,0.176767,0.157220"
EDUCATIONxINCOME,"EDUCATIONxINCOME :: Some college, no degree | $30,000-$50,000",SOCIETY_RHIST_W92,5,"0.217630,0.215936,0.235314,0.186148,0.144973"
EDUCATIONxINCOME,"EDUCATIONxINCOME :: Some college, no degree | $50,000-$75,000",SOCIETY_RHIST_W92,5,"0.207592,0.217555,0.258352,0.180359,0.136142"
EDUCATIONxINCOME,"EDUCATIONxINCOME :: Some college, no degree | $75,000-$100,000",SOCIETY_RHIST_W92,5,"0.218737,0.220452,0.227450,0.184195,0.149166"
EDUCATIONxINCOME,"EDUCATIONxINCOME :: Some college, no degree | Less than $30,000",SOCIETY_RHIST_W92,5,"0.190768,0.184899,0.262794,0.198367,0.163172"
EDUCATIONxINCOME,"EDUCATIONxINCOME :: Some college, no degree | Refused",SOCIETY_RHIST_W92,5,"0.179545,0.168667,0.269528,0.192623,0.189637"
EDUCATIONxINCOME,"EDUCATIONxINCOME :: Associate's degree | $100,000 or more",SOCMEDIAUSEc_W49,2,"0.727975,0.272025"
EDUCATIONxINCOME,"EDUCATIONxINCOME :: Associate's degree | $30,000-$50,000",SOCMEDIAUSEc_W49,2,"0.710628,0.289372"
EDUCATIONxINCOME,"EDUCATIONxINCOME :: Associate's degree | $50,000-$75,000",SOCMEDIAUSEc_W49,2,"0.695958,0.304042"
EDUCATIONxINCOME,"EDUCATIONxINCOME :: Associate's degree | $75,000-$100,000",SOCMEDIAUSEc_W49,2,"0.692642,0.307358"
EDUCATIONxINCOME,"EDUCATIONxINCOME :: Associate's degree | Less than $30,000",SOCMEDIAUSEc_W49,2,"0.629775,0.370225"
EDUCATIONxINCOME,"EDUCATIONxINCOME :: College graduate/some postgrad | $100,000 or more",SOCMEDIAUSEc_W49,2,"0.695958,0.304042"
EDUCATIONxINCOME,"EDUCATIONxINCOME :: College graduate/some postgrad | $30,000-$50,000",SOCMEDIAUSEc_W49,2,"0.712232,0.287768"
EDUCATIONxINCOME,"EDUCATIONxINCOME :: College graduate/some postgrad | $50,000-$75,000",SOCMEDIAUSEc_W49,2,"0.702530,0.297470"
EDUCATIONxINCOME,"EDUCATIONxINCOME :: College graduate/some postgrad | $75,000-$100,000",SOCMEDIAUSEc_W49,2,"0.695958,0.304042"
EDUCATIONxINCOME,"EDUCATIONxINCOME :: College graduate/some postgrad | Less than $30,000",SOCMEDIAUSEc_W49,2,"0.622459,0.377541"
EDUCATIONxINCOME,"EDUCATIONxINCOME :: High school graduate | $100,000 or more",SOCMEDIAUSEc_W49,2,"0.677474,0.322526"
EDUCATIONxINCOME,"EDUCATIONxINCOME :: High school graduate | $30,000-$50,000",SOCMEDIAUSEc_W49,2,"0.709019,0.290981"
EDUCATIONxINCOME,"EDUCATIONxINCOME :: High school graduate | $50,000-$75,000",SOCMEDIAUSEc_W49,2,"0.713831,0.286169"
EDUCATIONxINCOME,"EDUCATIONxINCOME :: High school graduate | $75,000-$100,000",SOCMEDIAUSEc_W49,2,"0.692642,0.307358"
EDUCATIONxINCOME,"EDUCATIONxINCOME :: High school graduate | Less than $30,000",SOCMEDIAUSEc_W49,2,"0.622459,0.377541"
EDUCATIONxINCOME,EDUCATIONxINCOME :: High school graduate | Refused,SOCMEDIAUSEc_W49,2,"0.592667,0.407333"
EDUCATIONxINCOME,"EDUCATIONxINCOME :: Less than high school | $30,000-$50,000",SOCMEDIAUSEc_W49,2,"0.684264,0.315736"
EDUCATIONxINCOME,"EDUCATIONxINCOME :: Less than high school | Less than $30,000",SOCMEDIAUSEc_W49,2,"0.613237,0.386763"
EDUCATIONxINCOME,"EDUCATIONxINCOME :: Postgraduate | $100,000 or more",SOCMEDIAUSEc_W49,2,"0.685949,0.314051"
EDUCATIONxINCOME,"EDUCATIONxINCOME :: Postgraduate | $30,000-$50,000",SOCMEDIAUSEc_W49,2,"0.685949,0.314051"
EDUCATIONxINCOME,"EDUCATIONxINCOME :: Postgraduate | $50,000-$75,000",SOCMEDIAUSEc_W49,2,"0.679179,0.320821"
EDUCATIONxINCOME,"EDUCATIONxINCOME :: Postgraduate | $75,000-$100,000",SOCMEDIAUSEc_W49,2,"0.680879,0.319121"
EDUCATIONxINCOME,"EDUCATIONxINCOME :: Postgraduate | Less than $30,000",SOCMEDIAUSEc_W49,2,"0.607663,0.392337"
EDUCATIONxINCOME,"EDUCATIONxINCOME :: Some college, no degree | $100,000 or more",SOCMEDIAUSEc_W49,2,"0.631594,0.368406"
EDUCATIONxINCOME,"EDUCATIONxINCOME :: Some college, no degree | $30,000-$50,000",SOCMEDIAUSEc_W49,2,"0.646014,0.353986"
EDUCATIONxINCOME,"EDUCATIONxINCOME :: Some college, no degree | $50,000-$75,000",SOCMEDIAUSEc_W49,2,"0.637031,0.362969"
EDUCATIONxINCOME,"EDUCATIONxINCOME :: Some college, no degree | $75,000-$100,000",SOCMEDIAUSEc_W49,2,"0.637031,0.362969"
EDUCATIONxINCOME,"EDUCATIONxINCOME :: Some college, no degree | Less than $30,000",SOCMEDIAUSEc_W49,2,"0.583203,0.416797"
EDUCATIONxINCOME,"EDUCATIONxINCOME :: Some college, no degree | Refused",SOCMEDIAUSEc_W49,2,"0.558327,0.441673"
EDUCATIONxINCOME,"EDUCATIONxINCOME :: Associate's degree | $100,000 or more",SOCTRUST_W32,2,"0.793106,0.206894"
EDUCATIONxINCOME,"EDUCATIONxINCOME :: Associate's degree | $30,000-$50,000",SOCTRUST_W32,2,"0.744656,0.255344"
EDUCATIONxINCOME,"EDUCATIONxINCOME :: Associate's degree | $50,000-$75,000",SOCTRUST_W32,2,"0.767690,0.232310"
EDUCATIONxINCOME,"EDUCATIONxINCOME :: Associate's degree | $75,000-$100,000",SOCTRUST_W32,2,"0.756358,0.243642"
EDUCATIONxINCOME,"EDUCATIONxINCOME :: Associate's degree | Less than $30,000",SOCTRUST_W32,2,"0.667148,0.332852"
EDUCATIONxINCOME,"EDUCATIONxINCOME :: College graduate/some postgrad | $100,000 or more",SOCTRUST_W32,2,"0.794385,0.205615"
EDUCATIONxINCOME,"EDUCATIONxINCOME :: College graduate/some postgrad | $30,000-$50,000",SOCTRUST_W32,2,"0.731059,0.268941"
EDUCATIONxINCOME,"EDUCATIONxINCOME :: College graduate/some postgrad | $50,000-$75,000",SOCTRUST_W32,2,"0.759225,0.240775"
EDUCATIONxINCOME,"EDUCATIONxINCOME :: College graduate/some postgrad | $75,000-$100,000",SOCTRUST_W32,2,"0.747616,0.252384"
EDUCATIONxINCOME,"EDUCATIONxINCOME :: College graduate/some postgrad | Less than $30,000",SOCTRUST_W32,2,"0.649579,0.350421"
EDUCATIONxINCOME,EDUCATIONxINCOME :: College graduate/some postgrad | Refused,SOCTRUST_W32,2,"0.560253,0.439747"
EDUCATIONxINCOME,"EDUCATIONxINCOME :: High school graduate | $100,000 or more",SOCTRUST_W32,2,"0.763484,0.236516"
EDUCATIONxINCOME,"EDUCATIONxINCOME :: High school graduate | $30,000-$50,000",SOCTRUST_W32,2,"0.732592,0.267408"
EDUCATIONxINCOME,"EDUCATIONxINCOME :: High school graduate | $50,000-$75,000",SOCTRUST_W32,2,"0.750553,0.249447"
EDUCATIONxINCOME,"EDUCATIONxINCOME :: High school graduate | $75,000-$100,000",SOCTRUST_W32,2,"0.727975,0.272025"
EDUCATIONxINCOME,"EDUCATIONxINCOME :: High school graduate | Less than $30,000",SOCTRUST_W32,2,"0.631594,0.368406"
EDUCATIONxINCOME,"EDUCATIONxINCOME :: Less than high school | $30,000-$50,000",SOCTRUST_W32,2,"0.684264,0.315736"
EDUCATIONxINCOME,"EDUCATIONxINCOME :: Less than high school | Less than $30,000",SOCTRUST_W32,2,"0.588889,0.411111"
EDUCATIONxINCOME,"EDUCATIONxINCOME :: Postgraduate | $100,000 or more",SOCTRUST_W32,2,"0.771843,0.228156"
EDUCATIONxINCOME,"EDUCATIONxINCOME :: Postgraduate | $30,000-$50,000",SOCTRUST_W32,2,"0.705785,0.294215"
EDUCATIONxINCOME,"EDUCATIONxINCOME :: Postgraduate | $50,000-$75,000",SOCTRUST_W32,2,"0.724870,0.275130"
EDUCATIONxINCOME,"EDUCATIONxINCOME :: Postgraduate | $75,000-$100,000",SOCTRUST_W32,2,"0.710628,0.289372"
EDUCATIONxINCOME,"EDUCATIONxINCOME :: Postgraduate | Less than $30,000",SOCTRUST_W32,2,"0.575588,0.424412"
EDUCATIONxINCOME,EDUCATIONxINCOME :: Postgraduate | Refused,SOCTRUST_W32,2,"0.517571,0.482429"
EDUCATIONxINCOME,"EDUCATIONxINCOME :: Some college, no degree | $100,000 or more",SOCTRUST_W32,2,"0.651355,0.348645"
EDUCATIONxINCOME,"EDUCATIONxINCOME :: Some college, no degree | $30,000-$50,000",SOCTRUST_W32,2,"0.622459,0.377541"
EDUCATIONxINCOME,"EDUCATIONxINCOME :: Some college, no degree | $50,000-$75,000",SOCTRUST_W32,2,"0.631594,0.368406"
EDUCATIONxINCOME,"EDUCATIONxINCOME :: Some college, no degree | $75,000-$100,000",SOCTRUST_W32,2,"0.616936,0.383064"
EDUCATIONxINCOME,"EDUCATIONxINCOME :: Some college, no degree | Less than $30,000",SOCTRUST_W32,2,"0.523420,0.476580"
EDUCATIONxINCOME,"EDUCATIONxINCOME :: Some college, no degree | Refused",SOCTRUST_W32,2,"0.424412,0.575588"
EDUCATIONxINCOME,"EDUCATIONxINCOME :: Associate's degree | $100,000 or more",SOLVPROBc_W41,4,"0.519744,0.228840,0.139887,0.111528"
EDUCATIONxINCOME,"EDUCATIONxINCOME :: Associate's degree | $30,000-$50,000",SOLVPROBc_W41,4,"0.411956,0.272286,0.187139,0.128619"
EDUCATIONxINCOME,"EDUCATIONxINCOME :: Associate's degree | $50,000-$75,000",SOLVPROBc_W41,4,"0.399513,0.296893,0.175903,0.127692"
EDUCATIONxINCOME,"EDUCATIONxINCOME :: Associate's degree | Less than $30,000",SOLVPROBc_W41,4,"0.367466,0.270953,0.199788,0.161793"
EDUCATIONxINCOME,"EDUCATIONxINCOME :: College graduate/some postgrad | $100,000 or more",SOLVPROBc_W41,4,"0.464433,0.254488,0.158016,0.123063"
EDUCATIONxINCOME,"EDUCATIONxINCOME :: College graduate/some postgrad | $30,000-$50,000",SOLVPROBc_W41,4,"0.411660,0.267872,0.192941,0.127526"
EDUCATIONxINCOME,"EDUCATIONxINCOME :: College graduate/some postgrad | $50,000-$75,000",SOLVPROBc_W41,4,"0.391137,0.297561,0.183322,0.127980"
EDUCATIONxINCOME,"EDUCATIONxINCOME :: College graduate/some postgrad | $75,000-$100,000",SOLVPROBc_W41,4,"0.398240,0.284609,0.183757,0.133394"
EDUCATIONxINCOME,"EDUCATIONxINCOME :: College graduate/some postgrad | Less than $30,000",SOLVPROBc_W41,4,"0.346640,0.267863,0.215234,0.170264"
EDUCATIONxINCOME,"EDUCATIONxINCOME :: High school graduate | $100,000 or more",SOLVPROBc_W41,4,"0.429706,0.268903,0.168275,0.133117"
EDUCATIONxINCOME,"EDUCATIONxINCOME :: High school graduate | $30,000-$50,000",SOLVPROBc_W41,4,"0.388357,0.284128,0.192250,0.135265"
EDUCATIONxINCOME,"EDUCATIONxINCOME :: High school graduate | $50,000-$75,000",SOLVPROBc_W41,4,"0.396719,0.301808,0.174673,0.126799"
EDUCATIONxINCOME,"EDUCATIONxINCOME :: High school graduate | $75,000-$100,000",SOLVPROBc_W41,4,"0.384290,0.299285,0.181526,0.134899"
EDUCATIONxINCOME,"EDUCATIONxINCOME :: High school graduate | Less than $30,000",SOLVPROBc_W41,4,"0.340519,0.280103,0.208155,0.171224"
EDUCATIONxINCOME,EDUCATIONxINCOME :: High school graduate | Refused,SOLVPROBc_W41,4,"0.319782,0.271395,0.216375,0.192448"
EDUCATIONxINCOME,"EDUCATIONxINCOME :: Less than high school | Less than $30,000",SOLVPROBc_W41,4,"0.323307,0.263876,0.232869,0.179948"
EDUCATIONxINCOME,"EDUCATIONxINCOME :: Postgraduate | $100,000 or more",SOLVPROBc_W41,4,"0.451548,0.261336,0.159751,0.127365"
EDUCATIONxINCOME,"EDUCATIONxINCOME :: Postgraduate | $30,000-$50,000",SOLVPROBc_W41,4,"0.389988,0.276543,0.197636,0.135833"
EDUCATIONxINCOME,"EDUCATIONxINCOME :: Postgraduate | $50,000-$75,000",SOLVPROBc_W41,4,"0.384787,0.299673,0.184623,0.130917"
EDUCATIONxINCOME,"EDUCATIONxINCOME :: Postgraduate | $75,000-$100,000",SOLVPROBc_W41,4,"0.391490,0.288666,0.183488,0.136356"
EDUCATIONxINCOME,"EDUCATIONxINCOME :: Some college, no degree | $100,000 or more",SOLVPROBc_W41,4,"0.394383,0.273181,0.190711,0.141725"
EDUCATIONxINCOME,"EDUCATIONxINCOME :: Some college, no degree | $30,000-$50,000",SOLVPROBc_W41,4,"0.360091,0.278257,0.215020,0.146631"
EDUCATIONxINCOME,"EDUCATIONxINCOME :: Some college, no degree | $50,000-$75,000",SOLVPROBc_W41,4,"0.351513,0.303023,0.203440,0.142024"
EDUCATIONxINCOME,"EDUCATIONxINCOME :: Some college, no degree | $75,000-$100,000",SOLVPROBc_W41,4,"0.354426,0.291543,0.205126,0.148905"
EDUCATIONxINCOME,"EDUCATIONxINCOME :: Some college, no degree | Less than $30,000",SOLVPROBc_W41,4,"0.318039,0.272033,0.227292,0.182635"
EDUCATIONxINCOME,"EDUCATIONxINCOME :: Associate's degree | $100,000 or more",SOLVPROBdF1_W41,4,"0.386463,0.213425,0.211764,0.188347"
EDUCATIONxINCOME,"EDUCATIONxINCOME :: Associate's degree | $30,000-$50,000",SOLVPROBdF1_W41,4,"0.255181,0.230537,0.296015,0.218268"
EDUCATIONxINCOME,"EDUCATIONxINCOME :: Associate's degree | $50,000-$75,000",SOLVPROBdF1_W41,4,"0.243386,0.245295,0.298203,0.213116"
EDUCATIONxINCOME,"EDUCATIONxINCOME :: Associate's degree | Less than $30,000",SOLVPROBdF1_W41,4,"0.222215,0.197642,0.318309,0.261834"
EDUCATIONxINCOME,"EDUCATIONxINCOME :: College graduate/some postgrad | $100,000 or more",SOLVPROBdF1_W41,4,"0.294506,0.212125,0.274510,0.218859"
EDUCATIONxINCOME,"EDUCATIONxINCOME :: College graduate/some postgrad | $30,000-$50,000",SOLVPROBdF1_W41,4,"0.250007,0.231218,0.301566,0.217210"
EDUCATIONxINCOME,"EDUCATIONxINCOME :: College graduate/some postgrad | $50,000-$75,000",SOLVPROBdF1_W41,4,"0.229383,0.236665,0.318467,0.215485"
EDUCATIONxINCOME,"EDUCATIONxINCOME :: College graduate/some postgrad | $75,000-$100,000",SOLVPROBdF1_W41,4,"0.241738,0.220105,0.312832,0.225325"
EDUCATIONxINCOME,"EDUCATIONxINCOME :: College graduate/some postgrad | Less than $30,000",SOLVPROBdF1_W41,4,"0.206546,0.180858,0.343208,0.269387"
EDUCATIONxINCOME,"EDUCATIONxINCOME :: High school graduate | $100,000 or more",SOLVPROBdF1_W41,4,"0.294077,0.225476,0.263609,0.216838"
EDUCATIONxINCOME,"EDUCATIONxINCOME :: High school graduate | $30,000-$50,000",SOLVPROBdF1_W41,4,"0.232844,0.227450,0.315783,0.223924"
EDUCATIONxINCOME,"EDUCATIONxINCOME :: High school graduate | $50,000-$75,000",SOLVPROBdF1_W41,4,"0.235071,0.244435,0.311418,0.209076"
EDUCATIONxINCOME,"EDUCATIONxINCOME :: High school graduate | $75,000-$100,000",SOLVPROBdF1_W41,4,"0.240906,0.233494,0.304533,0.221067"
EDUCATIONxINCOME,"EDUCATIONxINCOME :: High school graduate | Less than $30,000",SOLVPROBdF1_W41,4,"0.205183,0.186821,0.338289,0.269708"
EDUCATIONxINCOME,EDUCATIONxINCOME :: High school graduate | Refused,SOLVPROBdF1_W41,4,"0.247927,0.223983,0.272294,0.255797"
EDUCATIONxINCOME,"EDUCATIONxINCOME :: Less than high school | Less than $30,000",SOLVPROBdF1_W41,4,"0.206917,0.182603,0.338493,0.271987"
EDUCATIONxINCOME,"EDUCATIONxINCOME :: Postgraduate | $100,000 or more",SOLVPROBdF1_W41,4,"0.310049,0.218147,0.257040,0.214765"
EDUCATIONxINCOME,"EDUCATIONxINCOME :: Postgraduate | $30,000-$50,000",SOLVPROBdF1_W41,4,"0.248739,0.228256,0.300037,0.222968"
EDUCATIONxINCOME,"EDUCATIONxINCOME :: Postgraduate | $50,000-$75,000",SOLVPROBdF1_W41,4,"0.246210,0.246210,0.296986,0.210594"
EDUCATIONxINCOME,"EDUCATIONxINCOME :: Postgraduate | $75,000-$100,000",SOLVPROBdF1_W41,4,"0.257498,0.234454,0.289512,0.218535"
EDUCATIONxINCOME,"EDUCATIONxINCOME :: Some college, no degree | $100,000 or more",SOLVPROBdF1_W41,4,"0.291833,0.232670,0.263649,0.211848"
EDUCATIONxINCOME,"EDUCATIONxINCOME :: Some college, no degree | $30,000-$50,000",SOLVPROBdF1_W41,4,"0.240591,0.236861,0.301769,0.220779"
EDUCATIONxINCOME,"EDUCATIONxINCOME :: Some college, no degree | $50,000-$75,000",SOLVPROBdF1_W41,4,"0.238493,0.251899,0.299138,0.210470"
EDUCATIONxINCOME,"EDUCATIONxINCOME :: Some college, no degree | $75,000-$100,000",SOLVPROBdF1_W41,4,"0.248138,0.240503,0.292378,0.218981"
EDUCATIONxINCOME,"EDUCATIONxINCOME :: Some college, no degree | Less than $30,000",SOLVPROBdF1_W41,4,"0.209025,0.197901,0.328842,0.264232"
EDUCATIONxINCOME,"EDUCATIONxINCOME :: Associate's degree | $100,000 or more",SOLVPROBi_W41,4,"0.508306,0.230908,0.140053,0.120733"
EDUCATIONxINCOME,"EDUCATIONxINCOME :: Associate's degree | $30,000-$50,000",SOLVPROBi_W41,4,"0.402204,0.276431,0.185587,0.135778"
EDUCATIONxINCOME,"EDUCATIONxINCOME :: Associate's degree | $50,000-$75,000",SOLVPROBi_W41,4,"0.380736,0.301187,0.181257,0.136820"
EDUCATIONxINCOME,"EDUCATIONxINCOME :: Associate's degree | Less than $30,000",SOLVPROBi_W41,4,"0.351334,0.267281,0.203337,0.178048"
EDUCATIONxINCOME,"EDUCATIONxINCOME :: College graduate/some postgrad | $100,000 or more",SOLVPROBi_W41,4,"0.442703,0.256217,0.162861,0.138219"
EDUCATIONxINCOME,"EDUCATIONxINCOME :: College graduate/some postgrad | $30,000-$50,000",SOLVPROBi_W41,4,"0.394668,0.275523,0.192346,0.137463"
EDUCATIONxINCOME,"EDUCATIONxINCOME :: College graduate/some postgrad | $50,000-$75,000",SOLVPROBi_W41,4,"0.364760,0.302397,0.192215,0.140628"
EDUCATIONxINCOME,"EDUCATIONxINCOME :: College graduate/some postgrad | $75,000-$100,000",SOLVPROBi_W41,4,"0.375854,0.281502,0.191967,0.150677"
EDUCATIONxINCOME,"EDUCATIONxINCOME :: College graduate/some postgrad | Less than $30,000",SOLVPROBi_W41,4,"0.324065,0.262436,0.224473,0.189026"
EDUCATIONxINCOME,"EDUCATIONxINCOME :: High school graduate | $100,000 or more",SOLVPROBi_W41,4,"0.413610,0.271252,0.171077,0.144061"
EDUCATIONxINCOME,"EDUCATIONxINCOME :: High school graduate | $30,000-$50,000",SOLVPROBi_W41,4,"0.366808,0.294738,0.194810,0.143644"
EDUCATIONxINCOME,"EDUCATIONxINCOME :: High school graduate | $50,000-$75,000",SOLVPROBi_W41,4,"0.371242,0.310185,0.180929,0.137644"
EDUCATIONxINCOME,"EDUCATIONxINCOME :: High school graduate | $75,000-$100,000",SOLVPROBi_W41,4,"0.365212,0.298077,0.187995,0.148716"
EDUCATIONxINCOME,"EDUCATIONxINCOME :: High school graduate | Less than $30,000",SOLVPROBi_W41,4,"0.317455,0.277973,0.216486,0.188086"
EDUCATIONxINCOME,EDUCATIONxINCOME :: High school graduate | Refused,SOLVPROBi_W41,4,"0.315479,0.271960,0.215138,0.197422"
EDUCATIONxINCOME,"EDUCATIONxINCOME :: Less than high school | Less than $30,000",SOLVPROBi_W41,4,"0.296910,0.257960,0.244231,0.200899"
EDUCATIONxINCOME,"EDUCATIONxINCOME :: Postgraduate | $100,000 or more",SOLVPROBi_W41,4,"0.435644,0.260135,0.162788,0.141433"
EDUCATIONxINCOME,"EDUCATIONxINCOME :: Postgraduate | $30,000-$50,000",SOLVPROBi_W41,4,"0.375307,0.281092,0.197773,0.145829"
EDUCATIONxINCOME,"EDUCATIONxINCOME :: Postgraduate | $50,000-$75,000",SOLVPROBi_W41,4,"0.361198,0.301792,0.193335,0.143675"
EDUCATIONxINCOME,"EDUCATIONxINCOME :: Postgraduate | $75,000-$100,000",SOLVPROBi_W41,4,"0.373868,0.284424,0.189467,0.152241"
EDUCATIONxINCOME,"EDUCATIONxINCOME :: Some college, no degree | $100,000 or more",SOLVPROBi_W41,4,"0.386183,0.271713,0.189687,0.152417"
EDUCATIONxINCOME,"EDUCATIONxINCOME :: Some college, no degree | $30,000-$50,000",SOLVPROBi_W41,4,"0.345164,0.286151,0.214317,0.154367"
EDUCATIONxINCOME,"EDUCATIONxINCOME :: Some college, no degree | $50,000-$75,000",SOLVPROBi_W41,4,"0.331310,0.306412,0.210593,0.151685"
EDUCATIONxINCOME,"EDUCATIONxINCOME :: Some college, no degree | $75,000-$100,000",SOLVPROBi_W41,4,"0.339607,0.288221,0.209226,0.162945"
EDUCATIONxINCOME,"EDUCATIONxINCOME :: Some college, no degree | Less than $30,000",SOLVPROBi_W41,4,"0.299577,0.270645,0.233311,0.196467"
EDUCATIONxINCOME,"EDUCATIONxINCOME :: Associate's degree | $100,000 or more",SUCCESSIMPA_W32,3,"0.848155,0.100509,0.051335"
EDUCATIONxINCOME,"EDUCATIONxINCOME :: Associate's degree | $30,000-$50,000",SUCCESSIMPA_W32,3,"0.781730,0.151545,0.066724"
EDUCATIONxINCOME,"EDUCATIONxINCOME :: Associate's degree | $50,000-$75,000",SUCCESSIMPA_W32,3,"0.749286,0.179367,0.071347"
EDUCATIONxINCOME,"EDUCATIONxINCOME :: Associate's degree | $75,000-$100,000",SUCCESSIMPA_W32,3,"0.817732,0.130399,0.051869"
EDUCATIONxINCOME,"EDUCATIONxINCOME :: Associate's degree | Less than $30,000",SUCCESSIMPA_W32,3,"0.783571,0.149547,0.066882"
EDUCATIONxINCOME,"EDUCATIONxINCOME :: College graduate/some postgrad | $100,000 or more",SUCCESSIMPA_W32,3,"0.849453,0.102248,0.048299"
EDUCATIONxINCOME,"EDUCATIONxINCOME :: College graduate/some postgrad | $30,000-$50,000",SUCCESSIMPA_W32,3,"0.785978,0.150007,0.064015"
EDUCATIONxINCOME,"EDUCATIONxINCOME :: College graduate/some postgrad | $50,000-$75,000",SUCCESSIMPA_W32,3,"0.755927,0.175389,0.068683"
EDUCATIONxINCOME,"EDUCATIONxINCOME :: College graduate/some postgrad | $75,000-$100,000",SUCCESSIMPA_W32,3,"0.825898,0.123722,0.050380"
EDUCATIONxINCOME,"EDUCATIONxINCOME :: College graduate/some postgrad | Less than $30,000",SUCCESSIMPA_W32,3,"0.777888,0.151983,0.070129"
EDUCATIONxINCOME,EDUCATIONxINCOME :: College graduate/some postgrad | Refused,SUCCESSIMPA_W32,3,"0.652870,0.232788,0.114342"
EDUCATIONxINCOME,"EDUCATIONxINCOME :: High school graduate | $100,000 or more",SUCCESSIMPA_W32,3,"0.804552,0.133408,0.062040"
EDUCATIONxINCOME,"EDUCATIONxINCOME :: High school graduate | $30,000-$50,000",SUCCESSIMPA_W32,3,"0.763062,0.170262,0.066676"
EDUCATIONxINCOME,"EDUCATIONxINCOME :: High school graduate | $50,000-$75,000",SUCCESSIMPA_W32,3,"0.749422,0.185094,0.065484"
EDUCATIONxINCOME,"EDUCATIONxINCOME :: High school graduate | $75,000-$100,000",SUCCESSIMPA_W32,3,"0.788847,0.155333,0.055820"
EDUCATIONxINCOME,"EDUCATIONxINCOME :: High school graduate | Less than $30,000",SUCCESSIMPA_W32,3,"0.733650,0.188417,0.077933"
EDUCATIONxINCOME,"EDUCATIONxINCOME :: Less than high school | $30,000-$50,000",SUCCESSIMPA_W32,3,"0.744068,0.178118,0.077814"
EDUCATIONxINCOME,"EDUCATIONxINCOME :: Less than high school | Less than $30,000",SUCCESSIMPA_W32,3,"0.711400,0.196011,0.092589"
EDUCATIONxINCOME,"EDUCATIONxINCOME :: Postgraduate | $100,000 or more",SUCCESSIMPA_W32,3,"0.843726,0.105605,0.050670"
EDUCATIONxINCOME,"EDUCATIONxINCOME :: Postgraduate | $30,000-$50,000",SUCCESSIMPA_W32,3,"0.772131,0.159338,0.068531"
EDUCATIONxINCOME,"EDUCATIONxINCOME :: Postgraduate | $50,000-$75,000",SUCCESSIMPA_W32,3,"0.734096,0.188531,0.077373"
EDUCATIONxINCOME,"EDUCATIONxINCOME :: Postgraduate | $75,000-$100,000",SUCCESSIMPA_W32,3,"0.806834,0.136959,0.056208"
EDUCATIONxINCOME,"EDUCATIONxINCOME :: Postgraduate | Less than $30,000",SUCCESSIMPA_W32,3,"0.768282,0.150106,0.081611"
EDUCATIONxINCOME,EDUCATIONxINCOME :: Postgraduate | Refused,SUCCESSIMPA_W32,3,"0.605272,0.254294,0.140434"
EDUCATIONxINCOME,"EDUCATIONxINCOME :: Some college, no degree | $100,000 or more",SUCCESSIMPA_W32,3,"0.724481,0.188992,0.086527"
EDUCATIONxINCOME,"EDUCATIONxINCOME :: Some college, no degree | $30,000-$50,000",SUCCESSIMPA_W32,3,"0.678343,0.225448,0.096209"
EDUCATIONxINCOME,"EDUCATIONxINCOME :: Some college, no degree | $50,000-$75,000",SUCCESSIMPA_W32,3,"0.624019,0.268387,0.107594"
EDUCATIONxINCOME,"EDUCATIONxINCOME :: Some college, no degree | $75,000-$100,000",SUCCESSIMPA_W32,3,"0.708275,0.211008,0.080718"
EDUCATIONxINCOME,"EDUCATIONxINCOME :: Some college, no degree | Less than $30,000",SUCCESSIMPA_W32,3,"0.644600,0.248515,0.106885"
EDUCATIONxINCOME,"EDUCATIONxINCOME :: Some college, no degree | Refused",SUCCESSIMPA_W32,3,"0.457913,0.302662,0.239425"
EDUCATIONxINCOME,"EDUCATIONxINCOME :: Associate's degree | $100,000 or more",SUCCESSIMPB_W32,3,"0.872215,0.084360,0.043425"
EDUCATIONxINCOME,"EDUCATIONxINCOME :: Associate's degree | $30,000-$50,000",SUCCESSIMPB_W32,3,"0.849479,0.099106,0.051415"
EDUCATIONxINCOME,"EDUCATIONxINCOME :: Associate's degree | $50,000-$75,000",SUCCESSIMPB_W32,3,"0.831702,0.113441,0.054857"
EDUCATIONxINCOME,"EDUCATIONxINCOME :: Associate's degree | $75,000-$100,000",SUCCESSIMPB_W32,3,"0.877040,0.083512,0.039448"
EDUCATIONxINCOME,"EDUCATIONxINCOME :: Associate's degree | Less than $30,000",SUCCESSIMPB_W32,3,"0.853718,0.099600,0.046682"
EDUCATIONxINCOME,"EDUCATIONxINCOME :: College graduate/some postgrad | $100,000 or more",SUCCESSIMPB_W32,3,"0.872225,0.085023,0.042752"
EDUCATIONxINCOME,"EDUCATIONxINCOME :: College graduate/some postgrad | $30,000-$50,000",SUCCESSIMPB_W32,3,"0.851149,0.098528,0.050323"
EDUCATIONxINCOME,"EDUCATIONxINCOME :: College graduate/some postgrad | $50,000-$75,000",SUCCESSIMPB_W32,3,"0.836046,0.109665,0.054288"
EDUCATIONxINCOME,"EDUCATIONxINCOME :: College graduate/some postgrad | $75,000-$100,000",SUCCESSIMPB_W32,3,"0.881764,0.079493,0.038742"
EDUCATIONxINCOME,"EDUCATIONxINCOME :: College graduate/some postgrad | Less than $30,000",SUCCESSIMPB_W32,3,"0.851791,0.100155,0.048055"
EDUCATIONxINCOME,EDUCATIONxINCOME :: College graduate/some postgrad | Refused,SUCCESSIMPB_W32,3,"0.788558,0.143607,0.067835"
EDUCATIONxINCOME,"EDUCATIONxINCOME :: High school graduate | $100,000 or more",SUCCESSIMPB_W32,3,"0.836632,0.105538,0.057830"
EDUCATIONxINCOME,"EDUCATIONxINCOME :: High school graduate | $30,000-$50,000",SUCCESSIMPB_W32,3,"0.846071,0.100262,0.053667"
EDUCATIONxINCOME,"EDUCATIONxINCOME :: High school graduate | $50,000-$75,000",SUCCESSIMPB_W32,3,"0.842693,0.106303,0.051005"
EDUCATIONxINCOME,"EDUCATIONxINCOME :: High school graduate | $75,000-$100,000",SUCCESSIMPB_W32,3,"0.864160,0.091796,0.044044"
EDUCATIONxINCOME,"EDUCATIONxINCOME :: High school graduate | Less than $30,000",SUCCESSIMPB_W32,3,"0.844017,0.106470,0.049513"
EDUCATIONxINCOME,"EDUCATIONxINCOME :: Less than high school | $30,000-$50,000",SUCCESSIMPB_W32,3,"0.830833,0.108982,0.060185"
EDUCATIONxINCOME,"EDUCATIONxINCOME :: Less than high school | Less than $30,000",SUCCESSIMPB_W32,3,"0.833453,0.113680,0.052866"
EDUCATIONxINCOME,"EDUCATIONxINCOME :: Postgraduate | $100,000 or more",SUCCESSIMPB_W32,3,"0.873324,0.082511,0.044165"
EDUCATIONxINCOME,"EDUCATIONxINCOME :: Postgraduate | $30,000-$50,000",SUCCESSIMPB_W32,3,"0.840594,0.104394,0.055012"
EDUCATIONxINCOME,"EDUCATIONxINCOME :: Postgraduate | $50,000-$75,000",SUCCESSIMPB_W32,3,"0.818164,0.119724,0.062112"
EDUCATIONxINCOME,"EDUCATIONxINCOME :: Postgraduate | $75,000-$100,000",SUCCESSIMPB_W32,3,"0.872515,0.085051,0.042434"
EDUCATIONxINCOME,"EDUCATIONxINCOME :: Postgraduate | Less than $30,000",SUCCESSIMPB_W32,3,"0.853096,0.096465,0.050438"
EDUCATIONxINCOME,EDUCATIONxINCOME :: Postgraduate | Refused,SUCCESSIMPB_W32,3,"0.738909,0.176883,0.084209"
EDUCATIONxINCOME,"EDUCATIONxINCOME :: Some college, no degree | $100,000 or more",SUCCESSIMPB_W32,3,"0.770722,0.151764,0.077514"
EDUCATIONxINCOME,"EDUCATIONxINCOME :: Some college, no degree | $30,000-$50,000",SUCCESSIMPB_W32,3,"0.778407,0.145120,0.076473"
EDUCATIONxINCOME,"EDUCATIONxINCOME :: Some college, no degree | $50,000-$75,000",SUCCESSIMPB_W32,3,"0.738946,0.175515,0.085539"
EDUCATIONxINCOME,"EDUCATIONxINCOME :: Some college, no degree | $75,000-$100,000",SUCCESSIMPB_W32,3,"0.806997,0.131739,0.061264"
EDUCATIONxINCOME,"EDUCATIONxINCOME :: Some college, no degree | Less than $30,000",SUCCESSIMPB_W32,3,"0.791955,0.146497,0.061548"
EDUCATIONxINCOME,"EDUCATIONxINCOME :: Some college, no degree | Refused",SUCCESSIMPB_W32,3,"0.689310,0.199039,0.111651"
EDUCATIONxINCOME,"EDUCATIONxINCOME :: Associate's degree | $100,000 or more",SUCCESSIMPC_W32,3,"0.891479,0.067151,0.041371"
EDUCATIONxINCOME,"EDUCATIONxINCOME :: Associate's degree | $30,000-$50,000",SUCCESSIMPC_W32,3,"0.872555,0.077444,0.050001"
EDUCATIONxINCOME,"EDUCATIONxINCOME :: Associate's degree | $50,000-$75,000",SUCCESSIMPC_W32,3,"0.858542,0.089087,0.052371"
EDUCATIONxINCOME,"EDUCATIONxINCOME :: Associate's degree | $75,000-$100,000",SUCCESSIMPC_W32,3,"0.897372,0.065005,0.037622"
EDUCATIONxINCOME,"EDUCATIONxINCOME :: Associate's degree | Less than $30,000",SUCCESSIMPC_W32,3,"0.877535,0.076678,0.045787"
EDUCATIONxINCOME,"EDUCATIONxINCOME :: College graduate/some postgrad | $100,000 or more",SUCCESSIMPC_W32,3,"0.900271,0.060787,0.038942"
EDUCATIONxINCOME,"EDUCATIONxINCOME :: College graduate/some postgrad | $30,000-$50,000",SUCCESSIMPC_W32,3,"0.880184,0.071688,0.048129"
EDUCATIONxINCOME,"EDUCATIONxINCOME :: College graduate/some postgrad | $50,000-$75,000",SUCCESSIMPC_W32,3,"0.871151,0.078537,0.050312"
EDUCATIONxINCOME,"EDUCATIONxINCOME :: College graduate/some postgrad | $75,000-$100,000",SUCCESSIMPC_W32,3,"0.907725,0.056244,0.036031"
EDUCATIONxINCOME,"EDUCATIONxINCOME :: College graduate/some postgrad | Less than $30,000",SUCCESSIMPC_W32,3,"0.880841,0.071741,0.047418"
EDUCATIONxINCOME,EDUCATIONxINCOME :: College graduate/some postgrad | Refused,SUCCESSIMPC_W32,3,"0.805849,0.119779,0.074372"
EDUCATIONxINCOME,"EDUCATIONxINCOME :: High school graduate | $100,000 or more",SUCCESSIMPC_W32,3,"0.868643,0.080796,0.050561"
EDUCATIONxINCOME,"EDUCATIONxINCOME :: High school graduate | $30,000-$50,000",SUCCESSIMPC_W32,3,"0.878005,0.074359,0.047636"
EDUCATIONxINCOME,"EDUCATIONxINCOME :: High school graduate | $50,000-$75,000",SUCCESSIMPC_W32,3,"0.875716,0.078948,0.045336"
EDUCATIONxINCOME,"EDUCATIONxINCOME :: High school graduate | $75,000-$100,000",SUCCESSIMPC_W32,3,"0.890783,0.069772,0.039445"
EDUCATIONxINCOME,"EDUCATIONxINCOME :: High school graduate | Less than $30,000",SUCCESSIMPC_W32,3,"0.871956,0.081105,0.046940"
EDUCATIONxINCOME,"EDUCATIONxINCOME :: Less than high school | $30,000-$50,000",SUCCESSIMPC_W32,3,"0.857439,0.085564,0.056998"
EDUCATIONxINCOME,"EDUCATIONxINCOME :: Less than high school | Less than $30,000",SUCCESSIMPC_W32,3,"0.854589,0.090779,0.054632"
EDUCATIONxINCOME,"EDUCATIONxINCOME :: Postgraduate | $100,000 or more",SUCCESSIMPC_W32,3,"0.891826,0.066136,0.042038"
EDUCATIONxINCOME,"EDUCATIONxINCOME :: Postgraduate | $30,000-$50,000",SUCCESSIMPC_W32,3,"0.864329,0.082947,0.052724"
EDUCATIONxINCOME,"EDUCATIONxINCOME :: Postgraduate | $50,000-$75,000",SUCCESSIMPC_W32,3,"0.844222,0.096965,0.058812"
EDUCATIONxINCOME,"EDUCATIONxINCOME :: Postgraduate | $75,000-$100,000",SUCCESSIMPC_W32,3,"0.888523,0.069594,0.041883"
EDUCATIONxINCOME,"EDUCATIONxINCOME :: Postgraduate | Less than $30,000",SUCCESSIMPC_W32,3,"0.872047,0.076796,0.051157"
EDUCATIONxINCOME,EDUCATIONxINCOME :: Postgraduate | Refused,SUCCESSIMPC_W32,3,"0.737263,0.164506,0.098231"
EDUCATIONxINCOME,"EDUCATIONxINCOME :: Some college, no degree | $100,000 or more",SUCCESSIMPC_W32,3,"0.804491,0.122413,0.073096"
EDUCATIONxINCOME,"EDUCATIONxINCOME :: Some college, no degree | $30,000-$50,000",SUCCESSIMPC_W32,3,"0.813615,0.113606,0.072779"
EDUCATIONxINCOME,"EDUCATIONxINCOME :: Some college, no degree | $50,000-$75,000",SUCCESSIMPC_W32,3,"0.779026,0.140767,0.080207"
EDUCATIONxINCOME,"EDUCATIONxINCOME :: Some college, no degree | $75,000-$100,000",SUCCESSIMPC_W32,3,"0.838976,0.102578,0.058447"
EDUCATIONxINCOME,"EDUCATIONxINCOME :: Some college, no degree | Less than $30,000",SUCCESSIMPC_W32,3,"0.823007,0.114023,0.062970"
EDUCATIONxINCOME,"EDUCATIONxINCOME :: Some college, no degree | Refused",SUCCESSIMPC_W32,3,"0.690362,0.182928,0.126710"
EDUCATIONxINCOME,"EDUCATIONxINCOME :: Associate's degree | $100,000 or more",TALKCMNSNSINT_W49,2,"0.332852,0.667148"
EDUCATIONxINCOME,"EDUCATIONxINCOME :: Associate's degree | $30,000-$50,000",TALKCMNSNSINT_W49,2,"0.300746,0.699254"
EDUCATIONxINCOME,"EDUCATIONxINCOME :: Associate's degree | $50,000-$75,000",TALKCMNSNSINT_W49,2,"0.281406,0.718594"
EDUCATIONxINCOME,"EDUCATIONxINCOME :: Associate's degree | $75,000-$100,000",TALKCMNSNSINT_W49,2,"0.272025,0.727975"
EDUCATIONxINCOME,"EDUCATIONxINCOME :: Associate's degree | Less than $30,000",TALKCMNSNSINT_W49,2,"0.245085,0.754915"
EDUCATIONxINCOME,"EDUCATIONxINCOME :: College graduate/some postgrad | $100,000 or more",TALKCMNSNSINT_W49,2,"0.270480,0.729520"
EDUCATIONxINCOME,"EDUCATIONxINCOME :: College graduate/some postgrad | $30,000-$50,000",TALKCMNSNSINT_W49,2,"0.270480,0.729520"
EDUCATIONxINCOME,"EDUCATIONxINCOME :: College graduate/some postgrad | $50,000-$75,000",TALKCMNSNSINT_W49,2,"0.252384,0.747616"
EDUCATIONxINCOME,"EDUCATIONxINCOME :: College graduate/some postgrad | $75,000-$100,000",TALKCMNSNSINT_W49,2,"0.243642,0.756358"
EDUCATIONxINCOME,"EDUCATIONxINCOME :: College graduate/some postgrad | Less than $30,000",TALKCMNSNSINT_W49,2,"0.225417,0.774583"
EDUCATIONxINCOME,"EDUCATIONxINCOME :: High school graduate | $100,000 or more",TALKCMNSNSINT_W49,2,"0.286169,0.713831"
EDUCATIONxINCOME,"EDUCATIONxINCOME :: High school graduate | $30,000-$50,000",TALKCMNSNSINT_W49,2,"0.262842,0.737158"
EDUCATIONxINCOME,"EDUCATIONxINCOME :: High school graduate | $50,000-$75,000",TALKCMNSNSINT_W49,2,"0.255344,0.744656"
EDUCATIONxINCOME,"EDUCATIONxINCOME :: High school graduate | $75,000-$100,000",TALKCMNSNSINT_W49,2,"0.242206,0.757794"
EDUCATIONxINCOME,"EDUCATIONxINCOME :: High school graduate | Less than $30,000",TALKCMNSNSINT_W49,2,"0.217338,0.782663"
EDUCATIONxINCOME,EDUCATIONxINCOME :: High school graduate | Refused,TALKCMNSNSINT_W49,2,"0.292595,0.707405"
EDUCATIONxINCOME,"EDUCATIONxINCOME :: Less than high school | $30,000-$50,000",TALKCMNSNSINT_W49,2,"0.265880,0.734120"
EDUCATIONxINCOME,"EDUCATIONxINCOME :: Less than high school | Less than $30,000",TALKCMNSNSINT_W49,2,"0.212069,0.787931"
EDUCATIONxINCOME,"EDUCATIONxINCOME :: Postgraduate | $100,000 or more",TALKCMNSNSINT_W49,2,"0.284576,0.715424"
EDUCATIONxINCOME,"EDUCATIONxINCOME :: Postgraduate | $30,000-$50,000",TALKCMNSNSINT_W49,2,"0.272025,0.727975"
EDUCATIONxINCOME,"EDUCATIONxINCOME :: Postgraduate | $50,000-$75,000",TALKCMNSNSINT_W49,2,"0.265880,0.734120"
EDUCATIONxINCOME,"EDUCATIONxINCOME :: Postgraduate | $75,000-$100,000",TALKCMNSNSINT_W49,2,"0.250913,0.749087"
EDUCATIONxINCOME,"EDUCATIONxINCOME :: Postgraduate | Less than $30,000",TALKCMNSNSINT_W49,2,"0.228156,0.771843"
EDUCATIONxINCOME,"EDUCATIONxINCOME :: Some college, no degree | $100,000 or more",TALKCMNSNSINT_W49,2,"0.325950,0.674050"
EDUCATIONxINCOME,"EDUCATIONxINCOME :: Some college, no degree | $30,000-$50,000",TALKCMNSNSINT_W49,2,"0.284576,0.715424"
EDUCATIONxINCOME,"EDUCATIONxINCOME :: Some college, no degree | $50,000-$75,000",TALKCMNSNSINT_W49,2,"0.273574,0.726426"
EDUCATIONxINCOME,"EDUCATIONxINCOME :: Some college, no degree | $75,000-$100,000",TALKCMNSNSINT_W49,2,"0.258326,0.741674"
EDUCATIONxINCOME,"EDUCATIONxINCOME :: Some college, no degree | Less than $30,000",TALKCMNSNSINT_W49,2,"0.218669,0.781331"
EDUCATIONxINCOME,"EDUCATIONxINCOME :: Some college, no degree | Refused",TALKCMNSNSINT_W49,2,"0.240775,0.759225"
EDUCATIONxINCOME,"EDUCATIONxINCOME :: Associate's degree | $100,000 or more",TRACKCO1b_W49,5,"0.456121,0.143525,0.152781,0.119919,0.127654"
EDUCATIONxINCOME,"EDUCATIONxINCOME :: Associate's degree | $30,000-$50,000",TRACKCO1b_W49,5,"0.309869,0.196964,0.216323,0.148677,0.128167"
EDUCATIONxINCOME,"EDUCATIONxINCOME :: Associate's degree | $50,000-$75,000",TRACKCO1b_W49,5,"0.283009,0.187057,0.272167,0.143422,0.114346"
EDUCATIONxINCOME,"EDUCATIONxINCOME :: Associate's degree | $75,000-$100,000",TRACKCO1b_W49,5,"0.332737,0.182325,0.198686,0.155951,0.130302"
EDUCATIONxINCOME,"EDUCATIONxINCOME :: Associate's degree | Less than $30,000",TRACKCO1b_W49,5,"0.301878,0.154184,0.181673,0.188910,0.173354"
EDUCATIONxINCOME,"EDUCATIONxINCOME :: College graduate/some postgrad | $100,000 or more",TRACKCO1b_W49,5,"0.432078,0.151674,0.162722,0.123792,0.129733"
EDUCATIONxINCOME,"EDUCATIONxINCOME :: College graduate/some postgrad | $30,000-$50,000",TRACKCO1b_W49,5,"0.292626,0.210771,0.222618,0.147142,0.126844"
EDUCATIONxINCOME,"EDUCATIONxINCOME :: College graduate/some postgrad | $50,000-$75,000",TRACKCO1b_W49,5,"0.267715,0.194340,0.278380,0.144422,0.115143"
EDUCATIONxINCOME,"EDUCATIONxINCOME :: College graduate/some postgrad | $75,000-$100,000",TRACKCO1b_W49,5,"0.315510,0.188399,0.211823,0.153767,0.130500"
EDUCATIONxINCOME,"EDUCATIONxINCOME :: College graduate/some postgrad | Less than $30,000",TRACKCO1b_W49,5,"0.290731,0.156837,0.193668,0.189182,0.169582"
EDUCATIONxINCOME,"EDUCATIONxINCOME :: High school graduate | $100,000 or more",TRACKCO1b_W49,5,"0.391062,0.164297,0.187633,0.132017,0.124991"
EDUCATIONxINCOME,"EDUCATIONxINCOME :: High school graduate | $30,000-$50,000",TRACKCO1b_W49,5,"0.265613,0.206860,0.251477,0.152529,0.123521"
EDUCATIONxINCOME,"EDUCATIONxINCOME :: High school graduate | $50,000-$75,000",TRACKCO1b_W49,5,"0.237950,0.188234,0.317704,0.145456,0.110657"
EDUCATIONxINCOME,"EDUCATIONxINCOME :: High school graduate | $75,000-$100,000",TRACKCO1b_W49,5,"0.282618,0.197299,0.236137,0.158535,0.125411"
EDUCATIONxINCOME,"EDUCATIONxINCOME :: High school graduate | Less than $30,000",TRACKCO1b_W49,5,"0.260199,0.159056,0.217404,0.197949,0.165392"
EDUCATIONxINCOME,EDUCATIONxINCOME :: High school graduate | Refused,TRACKCO1b_W49,5,"0.286205,0.160546,0.204541,0.152002,0.196705"
EDUCATIONxINCOME,"EDUCATIONxINCOME :: Less than high school | $30,000-$50,000",TRACKCO1b_W49,5,"0.271017,0.202982,0.230009,0.166969,0.129023"
EDUCATIONxINCOME,"EDUCATIONxINCOME :: Less than high school | Less than $30,000",TRACKCO1b_W49,5,"0.256288,0.157894,0.210817,0.210817,0.164184"
EDUCATIONxINCOME,"EDUCATIONxINCOME :: Postgraduate | $100,000 or more",TRACKCO1b_W49,5,"0.426414,0.142831,0.150859,0.129037,0.150859"
EDUCATIONxINCOME,"EDUCATIONxINCOME :: Postgraduate | $30,000-$50,000",TRACKCO1b_W49,5,"0.285220,0.194503,0.216984,0.158749,0.144543"
EDUCATIONxINCOME,"EDUCATIONxINCOME :: Postgraduate | $50,000-$75,000",TRACKCO1b_W49,5,"0.263057,0.189473,0.267200,0.151061,0.129209"
EDUCATIONxINCOME,"EDUCATIONxINCOME :: Postgraduate | $75,000-$100,000",TRACKCO1b_W49,5,"0.298934,0.182735,0.208689,0.165087,0.144555"
EDUCATIONxINCOME,"EDUCATIONxINCOME :: Postgraduate | Less than $30,000",TRACKCO1b_W49,5,"0.272263,0.140149,0.174418,0.217067,0.196104"
EDUCATIONxINCOME,"EDUCATIONxINCOME :: Some college, no degree | $100,000 or more",TRACKCO1b_W49,5,"0.372813,0.168040,0.176104,0.139310,0.143732"
EDUCATIONxINCOME,"EDUCATIONxINCOME :: Some college, no degree | $30,000-$50,000",TRACKCO1b_W49,5,"0.261666,0.206994,0.229122,0.159953,0.142265"
EDUCATIONxINCOME,"EDUCATIONxINCOME :: Some college, no degree | $50,000-$75,000",TRACKCO1b_W49,5,"0.241602,0.197190,0.284677,0.151191,0.125341"
EDUCATIONxINCOME,"EDUCATIONxINCOME :: Some college, no degree | $75,000-$100,000",TRACKCO1b_W49,5,"0.274936,0.194959,0.219198,0.169383,0.141525"
EDUCATIONxINCOME,"EDUCATIONxINCOME :: Some college, no degree | Less than $30,000",TRACKCO1b_W49,5,"0.241686,0.160998,0.206725,0.206725,0.183865"
EDUCATIONxINCOME,"EDUCATIONxINCOME :: Some college, no degree | Refused",TRACKCO1b_W49,5,"0.297880,0.148618,0.183519,0.148618,0.221366"
EDUCATIONxINCOME,"EDUCATIONxINCOME :: Associate's degree | $100,000 or more",TRAITBIZMF2A_W36,3,"0.601490,0.248787,0.149723"
EDUCATIONxINCOME,"EDUCATIONxINCOME :: Associate's degree | $30,000-$50,000",TRAITBIZMF2A_W36,3,"0.542494,0.268554,0.188951"
EDUCATIONxINCOME,"EDUCATIONxINCOME :: Associate's degree | $50,000-$75,000",TRAITBIZMF2A_W36,3,"0.533619,0.283403,0.182979"
EDUCATIONxINCOME,"EDUCATIONxINCOME :: Associate's degree | $75,000-$100,000",TRAITBIZMF2A_W36,3,"0.546377,0.285680,0.167943"
EDUCATIONxINCOME,"EDUCATIONxINCOME :: Associate's degree | Less than $30,000",TRAITBIZMF2A_W36,3,"0.504252,0.305844,0.189903"
EDUCATIONxINCOME,"EDUCATIONxINCOME :: College graduate/some postgrad | $100,000 or more",TRAITBIZMF2A_W36,3,"0.580258,0.253496,0.166247"
EDUCATIONxINCOME,"EDUCATIONxINCOME :: College graduate/some postgrad | $30,000-$50,000",TRAITBIZMF2A_W36,3,"0.562207,0.249478,0.188316"
EDUCATIONxINCOME,"EDUCATIONxINCOME :: College graduate/some postgrad | $50,000-$75,000",TRAITBIZMF2A_W36,3,"0.546370,0.266279,0.187351"
EDUCATIONxINCOME,"EDUCATIONxINCOME :: College graduate/some postgrad | $75,000-$100,000",TRAITBIZMF2A_W36,3,"0.555340,0.268545,0.176116"
EDUCATIONxINCOME,"EDUCATIONxINCOME :: College graduate/some postgrad | Less than $30,000",TRAITBIZMF2A_W36,3,"0.502825,0.295596,0.201579"
EDUCATIONxINCOME,EDUCATIONxINCOME :: College graduate/some postgrad | Refused,TRAITBIZMF2A_W36,3,"0.462989,0.306017,0.230994"
EDUCATIONxINCOME,"EDUCATIONxINCOME :: High school graduate | $100,000 or more",TRAITBIZMF2A_W36,3,"0.549135,0.273974,0.176891"
EDUCATIONxINCOME,"EDUCATIONxINCOME :: High school graduate | $30,000-$50,000",TRAITBIZMF2A_W36,3,"0.540074,0.267356,0.192569"
EDUCATIONxINCOME,"EDUCATIONxINCOME :: High school graduate | $50,000-$75,000",TRAITBIZMF2A_W36,3,"0.548385,0.269358,0.182257"
EDUCATIONxINCOME,"EDUCATIONxINCOME :: High school graduate | $75,000-$100,000",TRAITBIZMF2A_W36,3,"0.539327,0.284206,0.176467"
EDUCATIONxINCOME,"EDUCATIONxINCOME :: High school graduate | Less than $30,000",TRAITBIZMF2A_W36,3,"0.496560,0.305922,0.197518"
EDUCATIONxINCOME,"EDUCATIONxINCOME :: Less than high school | Less than $30,000",TRAITBIZMF2A_W36,3,"0.478228,0.316089,0.205683"
EDUCATIONxINCOME,"EDUCATIONxINCOME :: Postgraduate | $100,000 or more",TRAITBIZMF2A_W36,3,"0.561329,0.271441,0.167230"
EDUCATIONxINCOME,"EDUCATIONxINCOME :: Postgraduate | $30,000-$50,000",TRAITBIZMF2A_W36,3,"0.521749,0.277099,0.201152"
EDUCATIONxINCOME,"EDUCATIONxINCOME :: Postgraduate | $50,000-$75,000",TRAITBIZMF2A_W36,3,"0.518442,0.286311,0.195247"
EDUCATIONxINCOME,"EDUCATIONxINCOME :: Postgraduate | $75,000-$100,000",TRAITBIZMF2A_W36,3,"0.534380,0.283807,0.181814"
EDUCATIONxINCOME,"EDUCATIONxINCOME :: Postgraduate | Less than $30,000",TRAITBIZMF2A_W36,3,"0.500466,0.303548,0.195985"
EDUCATIONxINCOME,EDUCATIONxINCOME :: Postgraduate | Refused,TRAITBIZMF2A_W36,3,"0.438905,0.326166,0.234929"
EDUCATIONxINCOME,"EDUCATIONxINCOME :: Some college, no degree | $100,000 or more",TRAITBIZMF2A_W36,3,"0.506355,0.295354,0.198291"
EDUCATIONxINCOME,"EDUCATIONxINCOME :: Some college, no degree | $30,000-$50,000",TRAITBIZMF2A_W36,3,"0.491635,0.286768,0.221597"
EDUCATIONxINCOME,"EDUCATIONxINCOME :: Some college, no degree | $50,000-$75,000",TRAITBIZMF2A_W36,3,"0.483526,0.300228,0.216246"
EDUCATIONxINCOME,"EDUCATIONxINCOME :: Some college, no degree | $75,000-$100,000",TRAITBIZMF2A_W36,3,"0.495803,0.300720,0.203477"
EDUCATIONxINCOME,"EDUCATIONxINCOME :: Some college, no degree | Less than $30,000",TRAITBIZMF2A_W36,3,"0.469284,0.317534,0.213182"
EDUCATIONxINCOME,"EDUCATIONxINCOME :: Some college, no degree | Refused",TRAITBIZMF2A_W36,3,"0.446104,0.318816,0.235080"
EDUCATIONxINCOME,"EDUCATIONxINCOME :: Associate's degree | $100,000 or more",TRAITBIZMF2F_W36,3,"0.409566,0.372914,0.217519"
EDUCATIONxINCOME,"EDUCATIONxINCOME :: Associate's degree | $30,000-$50,000",TRAITBIZMF2F_W36,3,"0.357996,0.390122,0.251882"
EDUCATIONxINCOME,"EDUCATIONxINCOME :: Associate's degree | $50,000-$75,000",TRAITBIZMF2F_W36,3,"0.344567,0.409183,0.246251"
EDUCATIONxINCOME,"EDUCATIONxINCOME :: Associate's degree | $75,000-$100,000",TRAITBIZMF2F_W36,3,"0.339954,0.426398,0.233647"
EDUCATIONxINCOME,"EDUCATIONxINCOME :: Associate's degree | Less than $30,000",TRAITBIZMF2F_W36,3,"0.326074,0.435366,0.238561"
EDUCATIONxINCOME,"EDUCATIONxINCOME :: College graduate/some postgrad | $100,000 or more",TRAITBIZMF2F_W36,3,"0.387103,0.387103,0.225795"
EDUCATIONxINCOME,"EDUCATIONxINCOME :: College graduate/some postgrad | $30,000-$50,000",TRAITBIZMF2F_W36,3,"0.381628,0.364152,0.254219"
EDUCATIONxINCOME,"EDUCATIONxINCOME :: College graduate/some postgrad | $50,000-$75,000",TRAITBIZMF2F_W36,3,"0.355810,0.393846,0.250344"
EDUCATIONxINCOME,"EDUCATIONxINCOME :: College graduate/some postgrad | $75,000-$100,000",TRAITBIZMF2F_W36,3,"0.353653,0.407053,0.239294"
EDUCATIONxINCOME,"EDUCATIONxINCOME :: College graduate/some postgrad | Less than $30,000",TRAITBIZMF2F_W36,3,"0.330342,0.424168,0.245490"
EDUCATIONxINCOME,EDUCATIONxINCOME :: College graduate/some postgrad | Refused,TRAITBIZMF2F_W36,3,"0.349438,0.386793,0.263770"
EDUCATIONxINCOME,"EDUCATIONxINCOME :: High school graduate | $100,000 or more",TRAITBIZMF2F_W36,3,"0.369211,0.396105,0.234684"
EDUCATIONxINCOME,"EDUCATIONxINCOME :: High school graduate | $30,000-$50,000",TRAITBIZMF2F_W36,3,"0.353005,0.390741,0.256254"
EDUCATIONxINCOME,"EDUCATIONxINCOME :: High school graduate | $50,000-$75,000",TRAITBIZMF2F_W36,3,"0.355498,0.390438,0.254063"
EDUCATIONxINCOME,"EDUCATIONxINCOME :: High school graduate | $75,000-$100,000",TRAITBIZMF2F_W36,3,"0.344312,0.415320,0.240369"
EDUCATIONxINCOME,"EDUCATIONxINCOME :: High school graduate | Less than $30,000",TRAITBIZMF2F_W36,3,"0.327524,0.427172,0.245304"
EDUCATIONxINCOME,"EDUCATIONxINCOME :: Less than high school | Less than $30,000",TRAITBIZMF2F_W36,3,"0.325954,0.431818,0.242228"
EDUCATIONxINCOME,"EDUCATIONxINCOME :: Postgraduate | $100,000 or more",TRAITBIZMF2F_W36,3,"0.375839,0.403217,0.220944"
EDUCATIONxINCOME,"EDUCATIONxINCOME :: Postgraduate | $30,000-$50,000",TRAITBIZMF2F_W36,3,"0.350846,0.394467,0.254687"
EDUCATIONxINCOME,"EDUCATIONxINCOME :: Postgraduate | $50,000-$75,000",TRAITBIZMF2F_W36,3,"0.344740,0.403042,0.252217"
EDUCATIONxINCOME,"EDUCATIONxINCOME :: Postgraduate | $75,000-$100,000",TRAITBIZMF2F_W36,3,"0.346725,0.414975,0.238300"
EDUCATIONxINCOME,"EDUCATIONxINCOME :: Postgraduate | Less than $30,000",TRAITBIZMF2F_W36,3,"0.337452,0.423259,0.239289"
EDUCATIONxINCOME,EDUCATIONxINCOME :: Postgraduate | Refused,TRAITBIZMF2F_W36,3,"0.344135,0.396097,0.259767"
EDUCATIONxINCOME,"EDUCATIONxINCOME :: Some college, no degree | $100,000 or more",TRAITBIZMF2F_W36,3,"0.369552,0.384273,0.246175"
EDUCATIONxINCOME,"EDUCATIONxINCOME :: Some college, no degree | $30,000-$50,000",TRAITBIZMF2F_W36,3,"0.350951,0.373585,0.275464"
EDUCATIONxINCOME,"EDUCATIONxINCOME :: Some college, no degree | $50,000-$75,000",TRAITBIZMF2F_W36,3,"0.343732,0.386469,0.269799"
EDUCATIONxINCOME,"EDUCATIONxINCOME :: Some college, no degree | $75,000-$100,000",TRAITBIZMF2F_W36,3,"0.347671,0.393962,0.258367"
EDUCATIONxINCOME,"EDUCATIONxINCOME :: Some college, no degree | Less than $30,000",TRAITBIZMF2F_W36,3,"0.335298,0.407619,0.257082"
EDUCATIONxINCOME,"EDUCATIONxINCOME :: Some college, no degree | Refused",TRAITBIZMF2F_W36,3,"0.348898,0.377249,0.273853"
EDUCATIONxINCOME,"EDUCATIONxINCOME :: Associate's degree | $100,000 or more",TRAITBIZWF2E_W36,3,"0.553304,0.261362,0.185334"
EDUCATIONxINCOME,"EDUCATIONxINCOME :: Associate's degree | $30,000-$50,000",TRAITBIZWF2E_W36,3,"0.500328,0.274157,0.225515"
EDUCATIONxINCOME,"EDUCATIONxINCOME :: Associate's degree | $50,000-$75,000",TRAITBIZWF2E_W36,3,"0.490514,0.295196,0.214290"
EDUCATIONxINCOME,"EDUCATIONxINCOME :: Associate's degree | $75,000-$100,000",TRAITBIZWF2E_W36,3,"0.500079,0.296287,0.203635"
EDUCATIONxINCOME,"EDUCATIONxINCOME :: Associate's degree | Less than $30,000",TRAITBIZWF2E_W36,3,"0.470366,0.310893,0.218741"
EDUCATIONxINCOME,"EDUCATIONxINCOME :: College graduate/some postgrad | $100,000 or more",TRAITBIZWF2E_W36,3,"0.522611,0.271127,0.206262"
EDUCATIONxINCOME,"EDUCATIONxINCOME :: College graduate/some postgrad | $30,000-$50,000",TRAITBIZWF2E_W36,3,"0.514498,0.260735,0.224767"
EDUCATIONxINCOME,"EDUCATIONxINCOME :: College graduate/some postgrad | $50,000-$75,000",TRAITBIZWF2E_W36,3,"0.498593,0.281879,0.219528"
EDUCATIONxINCOME,"EDUCATIONxINCOME :: College graduate/some postgrad | $75,000-$100,000",TRAITBIZWF2E_W36,3,"0.508681,0.280920,0.210399"
EDUCATIONxINCOME,"EDUCATIONxINCOME :: College graduate/some postgrad | Less than $30,000",TRAITBIZWF2E_W36,3,"0.466038,0.303257,0.230705"
EDUCATIONxINCOME,EDUCATIONxINCOME :: College graduate/some postgrad | Refused,TRAITBIZWF2E_W36,3,"0.426449,0.316910,0.256641"
EDUCATIONxINCOME,"EDUCATIONxINCOME :: High school graduate | $100,000 or more",TRAITBIZWF2E_W36,3,"0.496675,0.289708,0.213617"
EDUCATIONxINCOME,"EDUCATIONxINCOME :: High school graduate | $30,000-$50,000",TRAITBIZWF2E_W36,3,"0.490563,0.279514,0.229922"
EDUCATIONxINCOME,"EDUCATIONxINCOME :: High school graduate | $50,000-$75,000",TRAITBIZWF2E_W36,3,"0.500869,0.285387,0.213745"
EDUCATIONxINCOME,"EDUCATIONxINCOME :: High school graduate | $75,000-$100,000",TRAITBIZWF2E_W36,3,"0.491008,0.297812,0.211180"
EDUCATIONxINCOME,"EDUCATIONxINCOME :: High school graduate | Less than $30,000",TRAITBIZWF2E_W36,3,"0.460167,0.313807,0.226026"
EDUCATIONxINCOME,"EDUCATIONxINCOME :: Less than high school | Less than $30,000",TRAITBIZWF2E_W36,3,"0.443562,0.324517,0.231922"
EDUCATIONxINCOME,"EDUCATIONxINCOME :: Postgraduate | $100,000 or more",TRAITBIZWF2E_W36,3,"0.505820,0.288207,0.205973"
EDUCATIONxINCOME,"EDUCATIONxINCOME :: Postgraduate | $30,000-$50,000",TRAITBIZWF2E_W36,3,"0.477974,0.285411,0.236614"
EDUCATIONxINCOME,"EDUCATIONxINCOME :: Postgraduate | $50,000-$75,000",TRAITBIZWF2E_W36,3,"0.473822,0.298836,0.227342"
EDUCATIONxINCOME,"EDUCATIONxINCOME :: Postgraduate | $75,000-$100,000",TRAITBIZWF2E_W36,3,"0.488562,0.296328,0.215111"
EDUCATIONxINCOME,"EDUCATIONxINCOME :: Postgraduate | Less than $30,000",TRAITBIZWF2E_W36,3,"0.462589,0.315458,0.221953"
EDUCATIONxINCOME,EDUCATIONxINCOME :: Postgraduate | Refused,TRAITBIZWF2E_W36,3,"0.408436,0.335971,0.255593"
EDUCATIONxINCOME,"EDUCATIONxINCOME :: Some college, no degree | $100,000 or more",TRAITBIZWF2E_W36,3,"0.456331,0.308769,0.234899"
EDUCATIONxINCOME,"EDUCATIONxINCOME :: Some college, no degree | $30,000-$50,000",TRAITBIZWF2E_W36,3,"0.449317,0.294669,0.256013"
EDUCATIONxINCOME,"EDUCATIONxINCOME :: Some college, no degree | $50,000-$75,000",TRAITBIZWF2E_W36,3,"0.442444,0.311298,0.246257"
EDUCATIONxINCOME,"EDUCATIONxINCOME :: Some college, no degree | $75,000-$100,000",TRAITBIZWF2E_W36,3,"0.455229,0.310439,0.234332"
EDUCATIONxINCOME,"EDUCATIONxINCOME :: Some college, no degree | Less than $30,000",TRAITBIZWF2E_W36,3,"0.434553,0.325465,0.239983"
EDUCATIONxINCOME,"EDUCATIONxINCOME :: Some college, no degree | Refused",TRAITBIZWF2E_W36,3,"0.402440,0.333634,0.263926"
EDUCATIONxINCOME,"EDUCATIONxINCOME :: Associate's degree | $100,000 or more",TRAITPOLMF1B_W36,3,"0.452319,0.303673,0.244008"
EDUCATIONxINCOME,"EDUCATIONxINCOME :: Associate's degree | $30,000-$50,000",TRAITPOLMF1B_W36,3,"0.402735,0.316110,0.281154"
EDUCATIONxINCOME,"EDUCATIONxINCOME :: Associate's degree | $50,000-$75,000",TRAITPOLMF1B_W36,3,"0.388546,0.327188,0.284266"
EDUCATIONxINCOME,"EDUCATIONxINCOME :: Associate's degree | $75,000-$100,000",TRAITPOLMF1B_W36,3,"0.394948,0.337817,0.267235"
EDUCATIONxINCOME,"EDUCATIONxINCOME :: Associate's degree | Less than $30,000",TRAITPOLMF1B_W36,3,"0.375007,0.344126,0.280867"
EDUCATIONxINCOME,"EDUCATIONxINCOME :: College graduate/some postgrad | $100,000 or more",TRAITPOLMF1B_W36,3,"0.429046,0.306626,0.264328"
EDUCATIONxINCOME,"EDUCATIONxINCOME :: College graduate/some postgrad | $30,000-$50,000",TRAITPOLMF1B_W36,3,"0.422033,0.294627,0.283340"
EDUCATIONxINCOME,"EDUCATIONxINCOME :: College graduate/some postgrad | $50,000-$75,000",TRAITPOLMF1B_W36,3,"0.397432,0.309520,0.293048"
EDUCATIONxINCOME,"EDUCATIONxINCOME :: College graduate/some postgrad | $75,000-$100,000",TRAITPOLMF1B_W36,3,"0.405500,0.315804,0.278696"
EDUCATIONxINCOME,"EDUCATIONxINCOME :: College graduate/some postgrad | Less than $30,000",TRAITPOLMF1B_W36,3,"0.377791,0.325677,0.296532"
EDUCATIONxINCOME,EDUCATIONxINCOME :: College graduate/some postgrad | Refused,TRAITPOLMF1B_W36,3,"0.363442,0.323252,0.313306"
EDUCATIONxINCOME,"EDUCATIONxINCOME :: High school graduate | $100,000 or more",TRAITPOLMF1B_W36,3,"0.407826,0.322617,0.269557"
EDUCATIONxINCOME,"EDUCATIONxINCOME :: High school graduate | $30,000-$50,000",TRAITPOLMF1B_W36,3,"0.396469,0.311192,0.292338"
EDUCATIONxINCOME,"EDUCATIONxINCOME :: High school graduate | $50,000-$75,000",TRAITPOLMF1B_W36,3,"0.396469,0.311192,0.292338"
EDUCATIONxINCOME,"EDUCATIONxINCOME :: High school graduate | $75,000-$100,000",TRAITPOLMF1B_W36,3,"0.392983,0.328350,0.278667"
EDUCATIONxINCOME,"EDUCATIONxINCOME :: High school graduate | Less than $30,000",TRAITPOLMF1B_W36,3,"0.370275,0.334516,0.295209"
EDUCATIONxINCOME,"EDUCATIONxINCOME :: Less than high school | Less than $30,000",TRAITPOLMF1B_W36,3,"0.364425,0.345030,0.290545"
EDUCATIONxINCOME,"EDUCATIONxINCOME :: Postgraduate | $100,000 or more",TRAITPOLMF1B_W36,3,"0.415872,0.323882,0.260246"
EDUCATIONxINCOME,"EDUCATIONxINCOME :: Postgraduate | $30,000-$50,000",TRAITPOLMF1B_W36,3,"0.391702,0.317210,0.291088"
EDUCATIONxINCOME,"EDUCATIONxINCOME :: Postgraduate | $50,000-$75,000",TRAITPOLMF1B_W36,3,"0.383316,0.322785,0.293899"
EDUCATIONxINCOME,"EDUCATIONxINCOME :: Postgraduate | $75,000-$100,000",TRAITPOLMF1B_W36,3,"0.393837,0.329063,0.277099"
EDUCATIONxINCOME,"EDUCATIONxINCOME :: Postgraduate | Less than $30,000",TRAITPOLMF1B_W36,3,"0.377333,0.335607,0.287060"
EDUCATIONxINCOME,EDUCATIONxINCOME :: Postgraduate | Refused,TRAITPOLMF1B_W36,3,"0.355081,0.338820,0.306099"
EDUCATIONxINCOME,"EDUCATIONxINCOME :: Some college, no degree | $100,000 or more",TRAITPOLMF1B_W36,3,"0.387407,0.331366,0.281227"
EDUCATIONxINCOME,"EDUCATIONxINCOME :: Some college, no degree | $30,000-$50,000",TRAITPOLMF1B_W36,3,"0.375282,0.316019,0.308699"
EDUCATIONxINCOME,"EDUCATIONxINCOME :: Some college, no degree | $50,000-$75,000",TRAITPOLMF1B_W36,3,"0.363357,0.328266,0.308377"
EDUCATIONxINCOME,"EDUCATIONxINCOME :: Some college, no degree | $75,000-$100,000",TRAITPOLMF1B_W36,3,"0.375757,0.331604,0.292639"
EDUCATIONxINCOME,"EDUCATIONxINCOME :: Some college, no degree | Less than $30,000",TRAITPOLMF1B_W36,3,"0.357722,0.338684,0.303594"
EDUCATIONxINCOME,"EDUCATIONxINCOME :: Some college, no degree | Refused",TRAITPOLMF1B_W36,3,"0.350914,0.324543,0.324543"
EDUCATIONxINCOME,"EDUCATIONxINCOME :: Associate's degree | $100,000 or more",TRAITPOLWF1C_W36,3,"0.447242,0.297927,0.254831"
EDUCATIONxINCOME,"EDUCATIONxINCOME :: Associate's degree | $30,000-$50,000",TRAITPOLWF1C_W36,3,"0.396404,0.313581,0.290015"
EDUCATIONxINCOME,"EDUCATIONxINCOME :: Associate's degree | $50,000-$75,000",TRAITPOLWF1C_W36,3,"0.381148,0.331147,0.287705"
EDUCATIONxINCOME,"EDUCATIONxINCOME :: Associate's degree | $75,000-$100,000",TRAITPOLWF1C_W36,3,"0.389766,0.335999,0.274235"
EDUCATIONxINCOME,"EDUCATIONxINCOME :: Associate's degree | Less than $30,000",TRAITPOLWF1C_W36,3,"0.371693,0.341085,0.287222"
EDUCATIONxINCOME,"EDUCATIONxINCOME :: College graduate/some postgrad | $100,000 or more",TRAITPOLWF1C_W36,3,"0.417737,0.310436,0.271827"
EDUCATIONxINCOME,"EDUCATIONxINCOME :: College graduate/some postgrad | $30,000-$50,000",TRAITPOLWF1C_W36,3,"0.415358,0.299171,0.285471"
EDUCATIONxINCOME,"EDUCATIONxINCOME :: College graduate/some postgrad | $50,000-$75,000",TRAITPOLWF1C_W36,3,"0.388777,0.322308,0.288915"
EDUCATIONxINCOME,"EDUCATIONxINCOME :: College graduate/some postgrad | $75,000-$100,000",TRAITPOLWF1C_W36,3,"0.395857,0.325623,0.278520"
EDUCATIONxINCOME,"EDUCATIONxINCOME :: College graduate/some postgrad | Less than $30,000",TRAITPOLWF1C_W36,3,"0.372099,0.333547,0.294354"
EDUCATIONxINCOME,EDUCATIONxINCOME :: College graduate/some postgrad | Refused,TRAITPOLWF1C_W36,3,"0.352668,0.328723,0.318609"
EDUCATIONxINCOME,"EDUCATIONxINCOME :: High school graduate | $100,000 or more",TRAITPOLWF1C_W36,3,"0.396863,0.323910,0.279228"
EDUCATIONxINCOME,"EDUCATIONxINCOME :: High school graduate | $30,000-$50,000",TRAITPOLWF1C_W36,3,"0.387161,0.315992,0.296847"
EDUCATIONxINCOME,"EDUCATIONxINCOME :: High school graduate | $50,000-$75,000",TRAITPOLWF1C_W36,3,"0.387898,0.321579,0.290522"
EDUCATIONxINCOME,"EDUCATIONxINCOME :: High school graduate | $75,000-$100,000",TRAITPOLWF1C_W36,3,"0.383547,0.335845,0.280609"
EDUCATIONxINCOME,"EDUCATIONxINCOME :: High school graduate | Less than $30,000",TRAITPOLWF1C_W36,3,"0.364707,0.339944,0.295349"
EDUCATIONxINCOME,"EDUCATIONxINCOME :: Less than high school | Less than $30,000",TRAITPOLWF1C_W36,3,"0.352820,0.350075,0.297105"
EDUCATIONxINCOME,"EDUCATIONxINCOME :: Postgraduate | $100,000 or more",TRAITPOLWF1C_W36,3,"0.403032,0.326385,0.270583"
EDUCATIONxINCOME,"EDUCATIONxINCOME :: Postgraduate | $30,000-$50,000",TRAITPOLWF1C_W36,3,"0.380591,0.323004,0.296405"
EDUCATIONxINCOME,"EDUCATIONxINCOME :: Postgraduate | $50,000-$75,000",TRAITPOLWF1C_W36,3,"0.373926,0.332576,0.293498"
EDUCATIONxINCOME,"EDUCATIONxINCOME :: Postgraduate | $75,000-$100,000",TRAITPOLWF1C_W36,3,"0.382539,0.337590,0.279872"
EDUCATIONxINCOME,"EDUCATIONxINCOME :: Postgraduate | Less than $30,000",TRAITPOLWF1C_W36,3,"0.368051,0.343062,0.288887"
EDUCATIONxINCOME,EDUCATIONxINCOME :: Postgraduate | Refused,TRAITPOLWF1C_W36,3,"0.343582,0.343582,0.312835"
EDUCATIONxINCOME,"EDUCATIONxINCOME :: Some college, no degree | $100,000 or more",TRAITPOLWF1C_W36,3,"0.383115,0.327695,0.289190"
EDUCATIONxINCOME,"EDUCATIONxINCOME :: Some college, no degree | $30,000-$50,000",TRAITPOLWF1C_W36,3,"0.368881,0.320490,0.310629"
EDUCATIONxINCOME,"EDUCATIONxINCOME :: Some college, no degree | $50,000-$75,000",TRAITPOLWF1C_W36,3,"0.361411,0.334251,0.304339"
EDUCATIONxINCOME,"EDUCATIONxINCOME :: Some college, no degree | $75,000-$100,000",TRAITPOLWF1C_W36,3,"0.372953,0.334313,0.292734"
EDUCATIONxINCOME,"EDUCATIONxINCOME :: Some college, no degree | Less than $30,000",TRAITPOLWF1C_W36,3,"0.356774,0.340436,0.302790"
EDUCATIONxINCOME,"EDUCATIONxINCOME :: Some college, no degree | Refused",TRAITPOLWF1C_W36,3,"0.342070,0.328965,0.328965"
EDUCATIONxINCOME,"EDUCATIONxINCOME :: Associate's degree | $100,000 or more",TRAITPOLWF1E_W36,3,"0.481444,0.276470,0.242085"
EDUCATIONxINCOME,"EDUCATIONxINCOME :: Associate's degree | $30,000-$50,000",TRAITPOLWF1E_W36,3,"0.431619,0.287521,0.280860"
EDUCATIONxINCOME,"EDUCATIONxINCOME :: Associate's degree | $50,000-$75,000",TRAITPOLWF1E_W36,3,"0.417056,0.305125,0.277819"
EDUCATIONxINCOME,"EDUCATIONxINCOME :: Associate's degree | $75,000-$100,000",TRAITPOLWF1E_W36,3,"0.428159,0.305991,0.265850"
EDUCATIONxINCOME,"EDUCATIONxINCOME :: Associate's degree | Less than $30,000",TRAITPOLWF1E_W36,3,"0.405500,0.315804,0.278696"
EDUCATIONxINCOME,"EDUCATIONxINCOME :: College graduate/some postgrad | $100,000 or more",TRAITPOLWF1E_W36,3,"0.452677,0.283278,0.264044"
EDUCATIONxINCOME,"EDUCATIONxINCOME :: College graduate/some postgrad | $30,000-$50,000",TRAITPOLWF1E_W36,3,"0.452829,0.272517,0.274654"
EDUCATIONxINCOME,"EDUCATIONxINCOME :: College graduate/some postgrad | $50,000-$75,000",TRAITPOLWF1E_W36,3,"0.426784,0.293324,0.279892"
EDUCATIONxINCOME,"EDUCATIONxINCOME :: College graduate/some postgrad | $75,000-$100,000",TRAITPOLWF1E_W36,3,"0.436246,0.292882,0.270872"
EDUCATIONxINCOME,"EDUCATIONxINCOME :: College graduate/some postgrad | Less than $30,000",TRAITPOLWF1E_W36,3,"0.407790,0.303044,0.289166"
EDUCATIONxINCOME,EDUCATIONxINCOME :: College graduate/some postgrad | Refused,TRAITPOLWF1E_W36,3,"0.379881,0.307637,0.312482"
EDUCATIONxINCOME,"EDUCATIONxINCOME :: High school graduate | $100,000 or more",TRAITPOLWF1E_W36,3,"0.429405,0.299773,0.270822"
EDUCATIONxINCOME,"EDUCATIONxINCOME :: High school graduate | $30,000-$50,000",TRAITPOLWF1E_W36,3,"0.424934,0.289780,0.285287"
EDUCATIONxINCOME,"EDUCATIONxINCOME :: High school graduate | $50,000-$75,000",TRAITPOLWF1E_W36,3,"0.428644,0.294603,0.276753"
EDUCATIONxINCOME,"EDUCATIONxINCOME :: High school graduate | $75,000-$100,000",TRAITPOLWF1E_W36,3,"0.421543,0.308407,0.270050"
EDUCATIONxINCOME,"EDUCATIONxINCOME :: High school graduate | Less than $30,000",TRAITPOLWF1E_W36,3,"0.400068,0.314017,0.285916"
EDUCATIONxINCOME,"EDUCATIONxINCOME :: Less than high school | Less than $30,000",TRAITPOLWF1E_W36,3,"0.388777,0.322308,0.288915"
EDUCATIONxINCOME,"EDUCATIONxINCOME :: Postgraduate | $100,000 or more",TRAITPOLWF1E_W36,3,"0.434034,0.300647,0.265320"
EDUCATIONxINCOME,"EDUCATIONxINCOME :: Postgraduate | $30,000-$50,000",TRAITPOLWF1E_W36,3,"0.414460,0.296201,0.289339"
EDUCATIONxINCOME,"EDUCATIONxINCOME :: Postgraduate | $50,000-$75,000",TRAITPOLWF1E_W36,3,"0.407672,0.307727,0.284601"
EDUCATIONxINCOME,"EDUCATIONxINCOME :: Postgraduate | $75,000-$100,000",TRAITPOLWF1E_W36,3,"0.421661,0.306093,0.272245"
EDUCATIONxINCOME,"EDUCATIONxINCOME :: Postgraduate | Less than $30,000",TRAITPOLWF1E_W36,3,"0.403494,0.319190,0.277317"
EDUCATIONxINCOME,EDUCATIONxINCOME :: Postgraduate | Refused,TRAITPOLWF1E_W36,3,"0.366979,0.326398,0.306623"
EDUCATIONxINCOME,"EDUCATIONxINCOME :: Some college, no degree | $100,000 or more",TRAITPOLWF1E_W36,3,"0.404807,0.310376,0.284817"
EDUCATIONxINCOME,"EDUCATIONxINCOME :: Some college, no degree | $30,000-$50,000",TRAITPOLWF1E_W36,3,"0.398450,0.298425,0.303125"
EDUCATIONxINCOME,"EDUCATIONxINCOME :: Some college, no degree | $50,000-$75,000",TRAITPOLWF1E_W36,3,"0.387212,0.313574,0.299214"
EDUCATIONxINCOME,"EDUCATIONxINCOME :: Some college, no degree | $75,000-$100,000",TRAITPOLWF1E_W36,3,"0.401048,0.312336,0.286616"
EDUCATIONxINCOME,"EDUCATIONxINCOME :: Some college, no degree | Less than $30,000",TRAITPOLWF1E_W36,3,"0.382435,0.322042,0.295523"
EDUCATIONxINCOME,"EDUCATIONxINCOME :: Some college, no degree | Refused",TRAITPOLWF1E_W36,3,"0.363470,0.318265,0.318265"
EDUCATIONxINCOME,"EDUCATIONxINCOME :: Associate's degree | $100,000 or more",TRAITPOLWF1G_W36,3,"0.377985,0.318295,0.303720"
EDUCATIONxINCOME,"EDUCATIONxINCOME :: Associate's degree | $30,000-$50,000",TRAITPOLWF1G_W36,3,"0.337549,0.319585,0.342865"
EDUCATIONxINCOME,"EDUCATIONxINCOME :: Associate's degree | $50,000-$75,000",TRAITPOLWF1G_W36,3,"0.314412,0.332085,0.353503"
EDUCATIONxINCOME,"EDUCATIONxINCOME :: Associate's degree | $75,000-$100,000",TRAITPOLWF1G_W36,3,"0.327243,0.342948,0.329809"
EDUCATIONxINCOME,"EDUCATIONxINCOME :: Associate's degree | Less than $30,000",TRAITPOLWF1G_W36,3,"0.324650,0.345588,0.329762"
EDUCATIONxINCOME,"EDUCATIONxINCOME :: College graduate/some postgrad | $100,000 or more",TRAITPOLWF1G_W36,3,"0.365272,0.314884,0.319843"
EDUCATIONxINCOME,"EDUCATIONxINCOME :: College graduate/some postgrad | $30,000-$50,000",TRAITPOLWF1G_W36,3,"0.361931,0.295400,0.342669"
EDUCATIONxINCOME,"EDUCATIONxINCOME :: College graduate/some postgrad | $50,000-$75,000",TRAITPOLWF1G_W36,3,"0.334637,0.311916,0.353447"
EDUCATIONxINCOME,"EDUCATIONxINCOME :: College graduate/some postgrad | $75,000-$100,000",TRAITPOLWF1G_W36,3,"0.345533,0.319566,0.334902"
EDUCATIONxINCOME,"EDUCATIONxINCOME :: College graduate/some postgrad | Less than $30,000",TRAITPOLWF1G_W36,3,"0.338500,0.322999,0.338500"
EDUCATIONxINCOME,EDUCATIONxINCOME :: College graduate/some postgrad | Refused,TRAITPOLWF1G_W36,3,"0.339148,0.313661,0.347191"
EDUCATIONxINCOME,"EDUCATIONxINCOME :: High school graduate | $100,000 or more",TRAITPOLWF1G_W36,3,"0.347357,0.328871,0.323772"
EDUCATIONxINCOME,"EDUCATIONxINCOME :: High school graduate | $30,000-$50,000",TRAITPOLWF1G_W36,3,"0.335451,0.310242,0.354307"
EDUCATIONxINCOME,"EDUCATIONxINCOME :: High school graduate | $50,000-$75,000",TRAITPOLWF1G_W36,3,"0.323902,0.309069,0.367029"
EDUCATIONxINCOME,"EDUCATIONxINCOME :: High school graduate | $75,000-$100,000",TRAITPOLWF1G_W36,3,"0.333306,0.328139,0.338555"
EDUCATIONxINCOME,"EDUCATIONxINCOME :: High school graduate | Less than $30,000",TRAITPOLWF1G_W36,3,"0.326365,0.328925,0.344710"
EDUCATIONxINCOME,"EDUCATIONxINCOME :: Less than high school | Less than $30,000",TRAITPOLWF1G_W36,3,"0.332464,0.335072,0.332464"
EDUCATIONxINCOME,"EDUCATIONxINCOME :: Postgraduate | $100,000 or more",TRAITPOLWF1G_W36,3,"0.356096,0.334522,0.309382"
EDUCATIONxINCOME,"EDUCATIONxINCOME :: Postgraduate | $30,000-$50,000",TRAITPOLWF1G_W36,3,"0.336644,0.318728,0.344627"
EDUCATIONxINCOME,"EDUCATIONxINCOME :: Postgraduate | $50,000-$75,000",TRAITPOLWF1G_W36,3,"0.322893,0.327977,0.349130"
EDUCATIONxINCOME,"EDUCATIONxINCOME :: Postgraduate | $75,000-$100,000",TRAITPOLWF1G_W36,3,"0.337686,0.332451,0.329863"
EDUCATIONxINCOME,"EDUCATIONxINCOME :: Postgraduate | Less than $30,000",TRAITPOLWF1G_W36,3,"0.336808,0.334187,0.329006"
EDUCATIONxINCOME,EDUCATIONxINCOME :: Postgraduate | Refused,TRAITPOLWF1G_W36,3,"0.333327,0.330733,0.335941"
EDUCATIONxINCOME,"EDUCATIONxINCOME :: Some college, no degree | $100,000 or more",TRAITPOLWF1G_W36,3,"0.348207,0.332261,0.319532"
EDUCATIONxINCOME,"EDUCATIONxINCOME :: Some college, no degree | $30,000-$50,000",TRAITPOLWF1G_W36,3,"0.333820,0.313595,0.352585"
EDUCATIONxINCOME,"EDUCATIONxINCOME :: Some college, no degree | $50,000-$75,000",TRAITPOLWF1G_W36,3,"0.322759,0.322759,0.354482"
EDUCATIONxINCOME,"EDUCATIONxINCOME :: Some college, no degree | $75,000-$100,000",TRAITPOLWF1G_W36,3,"0.335927,0.328146,0.335927"
EDUCATIONxINCOME,"EDUCATIONxINCOME :: Some college, no degree | Less than $30,000",TRAITPOLWF1G_W36,3,"0.332451,0.329863,0.337686"
EDUCATIONxINCOME,"EDUCATIONxINCOME :: Some college, no degree | Refused",TRAITPOLWF1G_W36,3,"0.334637,0.311916,0.353447"
EDUCATIONxINCOME,"EDUCATIONxINCOME :: Associate's degree | $100,000 or more",TRAITSA_W29,4,"0.884446,0.058336,0.037371,0.019848"
EDUCATIONxINCOME,"EDUCATIONxINCOME :: Associate's degree | $30,000-$50,000",TRAITSA_W29,4,"0.805860,0.098529,0.063120,0.032491"
EDUCATIONxINCOME,"EDUCATIONxINCOME :: Associate's degree | $50,000-$75,000",TRAITSA_W29,4,"0.832198,0.083696,0.057975,0.026131"
EDUCATIONxINCOME,"EDUCATIONxINCOME :: Associate's degree | $75,000-$100,000",TRAITSA_W29,4,"0.844013,0.074327,0.045435,0.036224"
EDUCATIONxINCOME,"EDUCATIONxINCOME :: Associate's degree | Less than $30,000",TRAITSA_W29,4,"0.812990,0.087721,0.057529,0.041761"
EDUCATIONxINCOME,"EDUCATIONxINCOME :: College graduate/some postgrad | $100,000 or more",TRAITSA_W29,4,"0.879790,0.062255,0.038056,0.019898"
EDUCATIONxINCOME,"EDUCATIONxINCOME :: College graduate/some postgrad | $30,000-$50,000",TRAITSA_W29,4,"0.794718,0.113599,0.062735,0.028948"
EDUCATIONxINCOME,"EDUCATIONxINCOME :: College graduate/some postgrad | $50,000-$75,000",TRAITSA_W29,4,"0.815879,0.097443,0.061456,0.025222"
EDUCATIONxINCOME,"EDUCATIONxINCOME :: College graduate/some postgrad | $75,000-$100,000",TRAITSA_W29,4,"0.836782,0.081568,0.046841,0.034809"
EDUCATIONxINCOME,"EDUCATIONxINCOME :: College graduate/some postgrad | Less than $30,000",TRAITSA_W29,4,"0.780867,0.106508,0.067174,0.045452"
EDUCATIONxINCOME,EDUCATIONxINCOME :: College graduate/some postgrad | Refused,TRAITSA_W29,4,"0.650223,0.164402,0.109515,0.075859"
EDUCATIONxINCOME,"EDUCATIONxINCOME :: High school graduate | $100,000 or more",TRAITSA_W29,4,"0.852852,0.071666,0.048492,0.026990"
EDUCATIONxINCOME,"EDUCATIONxINCOME :: High school graduate | $30,000-$50,000",TRAITSA_W29,4,"0.793658,0.107410,0.065658,0.033274"
EDUCATIONxINCOME,"EDUCATIONxINCOME :: High school graduate | $50,000-$75,000",TRAITSA_W29,4,"0.827652,0.091420,0.056322,0.024605"
EDUCATIONxINCOME,"EDUCATIONxINCOME :: High school graduate | $75,000-$100,000",TRAITSA_W29,4,"0.820958,0.089275,0.051668,0.038098"
EDUCATIONxINCOME,"EDUCATIONxINCOME :: High school graduate | Less than $30,000",TRAITSA_W29,4,"0.765684,0.114701,0.070666,0.048949"
EDUCATIONxINCOME,"EDUCATIONxINCOME :: Less than high school | Less than $30,000",TRAITSA_W29,4,"0.663676,0.150418,0.100200,0.085706"
EDUCATIONxINCOME,"EDUCATIONxINCOME :: Postgraduate | $100,000 or more",TRAITSA_W29,4,"0.882275,0.058649,0.036989,0.022087"
EDUCATIONxINCOME,"EDUCATIONxINCOME :: Postgraduate | $30,000-$50,000",TRAITSA_W29,4,"0.791992,0.106350,0.066034,0.035623"
EDUCATIONxINCOME,"EDUCATIONxINCOME :: Postgraduate | $50,000-$75,000",TRAITSA_W29,4,"0.809420,0.095173,0.065924,0.029483"
EDUCATIONxINCOME,"EDUCATIONxINCOME :: Postgraduate | $75,000-$100,000",TRAITSA_W29,4,"0.819933,0.085748,0.051202,0.043117"
EDUCATIONxINCOME,"EDUCATIONxINCOME :: Postgraduate | Less than $30,000",TRAITSA_W29,4,"0.767749,0.108043,0.070305,0.053904"
EDUCATIONxINCOME,EDUCATIONxINCOME :: Postgraduate | Refused,TRAITSA_W29,4,"0.605899,0.169572,0.124061,0.100468"
EDUCATIONxINCOME,"EDUCATIONxINCOME :: Some college, no degree | $100,000 or more",TRAITSA_W29,4,"0.766461,0.115718,0.073555,0.044266"
EDUCATIONxINCOME,"EDUCATIONxINCOME :: Some college, no degree | $30,000-$50,000",TRAITSA_W29,4,"0.691542,0.161709,0.095064,0.051685"
EDUCATIONxINCOME,"EDUCATIONxINCOME :: Some college, no degree | $50,000-$75,000",TRAITSA_W29,4,"0.709047,0.152149,0.095212,0.043591"
EDUCATIONxINCOME,"EDUCATIONxINCOME :: Some college, no degree | $75,000-$100,000",TRAITSA_W29,4,"0.718992,0.139383,0.078800,0.062825"
EDUCATIONxINCOME,"EDUCATIONxINCOME :: Some college, no degree | Less than $30,000",TRAITSA_W29,4,"0.660261,0.166940,0.098139,0.074660"
EDUCATIONxINCOME,"EDUCATIONxINCOME :: Some college, no degree | Refused",TRAITSA_W29,4,"0.510689,0.211230,0.150960,0.127121"
EDUCATIONxINCOME,"EDUCATIONxINCOME :: Associate's degree | $100,000 or more",TRAITSD_W29,4,"0.704534,0.153561,0.099924,0.041981"
EDUCATIONxINCOME,"EDUCATIONxINCOME :: Associate's degree | $30,000-$50,000",TRAITSD_W29,4,"0.521276,0.248165,0.165313,0.065245"
EDUCATIONxINCOME,"EDUCATIONxINCOME :: Associate's degree | $50,000-$75,000",TRAITSD_W29,4,"0.543252,0.244863,0.158095,0.053789"
EDUCATIONxINCOME,"EDUCATIONxINCOME :: Associate's degree | $75,000-$100,000",TRAITSD_W29,4,"0.556671,0.228457,0.141852,0.073019"
EDUCATIONxINCOME,"EDUCATIONxINCOME :: Associate's degree | Less than $30,000",TRAITSD_W29,4,"0.500742,0.231054,0.170369,0.097835"
EDUCATIONxINCOME,"EDUCATIONxINCOME :: College graduate/some postgrad | $100,000 or more",TRAITSD_W29,4,"0.611648,0.216393,0.123297,0.048662"
EDUCATIONxINCOME,"EDUCATIONxINCOME :: College graduate/some postgrad | $30,000-$50,000",TRAITSD_W29,4,"0.494017,0.277119,0.169399,0.059465"
EDUCATIONxINCOME,"EDUCATIONxINCOME :: College graduate/some postgrad | $50,000-$75,000",TRAITSD_W29,4,"0.491374,0.286616,0.169814,0.052197"
EDUCATIONxINCOME,"EDUCATIONxINCOME :: College graduate/some postgrad | $75,000-$100,000",TRAITSD_W29,4,"0.510548,0.264869,0.153294,0.071289"
EDUCATIONxINCOME,"EDUCATIONxINCOME :: College graduate/some postgrad | Less than $30,000",TRAITSD_W29,4,"0.429639,0.262633,0.198246,0.109482"
EDUCATIONxINCOME,EDUCATIONxINCOME :: College graduate/some postgrad | Refused,TRAITSD_W29,4,"0.379806,0.271435,0.221539,0.127219"
EDUCATIONxINCOME,"EDUCATIONxINCOME :: High school graduate | $100,000 or more",TRAITSD_W29,4,"0.564225,0.224433,0.149505,0.061838"
EDUCATIONxINCOME,"EDUCATIONxINCOME :: High school graduate | $30,000-$50,000",TRAITSD_W29,4,"0.458234,0.284524,0.188059,0.069183"
EDUCATIONxINCOME,"EDUCATIONxINCOME :: High school graduate | $50,000-$75,000",TRAITSD_W29,4,"0.490970,0.281941,0.173699,0.053391"
EDUCATIONxINCOME,"EDUCATIONxINCOME :: High school graduate | $75,000-$100,000",TRAITSD_W29,4,"0.479199,0.273040,0.169534,0.078227"
EDUCATIONxINCOME,"EDUCATIONxINCOME :: High school graduate | Less than $30,000",TRAITSD_W29,4,"0.403398,0.266630,0.212576,0.117396"
EDUCATIONxINCOME,"EDUCATIONxINCOME :: Less than high school | Less than $30,000",TRAITSD_W29,4,"0.353774,0.248911,0.230205,0.167111"
EDUCATIONxINCOME,"EDUCATIONxINCOME :: Postgraduate | $100,000 or more",TRAITSD_W29,4,"0.639201,0.191923,0.116407,0.052469"
EDUCATIONxINCOME,"EDUCATIONxINCOME :: Postgraduate | $30,000-$50,000",TRAITSD_W29,4,"0.489555,0.266167,0.173198,0.071080"
EDUCATIONxINCOME,"EDUCATIONxINCOME :: Postgraduate | $50,000-$75,000",TRAITSD_W29,4,"0.506925,0.265052,0.169799,0.058224"
EDUCATIONxINCOME,"EDUCATIONxINCOME :: Postgraduate | $75,000-$100,000",TRAITSD_W29,4,"0.514261,0.248680,0.154409,0.082649"
EDUCATIONxINCOME,"EDUCATIONxINCOME :: Postgraduate | Less than $30,000",TRAITSD_W29,4,"0.445051,0.234525,0.192915,0.127509"
EDUCATIONxINCOME,EDUCATIONxINCOME :: Postgraduate | Refused,TRAITSD_W29,4,"0.384608,0.250269,0.219143,0.145981"
EDUCATIONxINCOME,"EDUCATIONxINCOME :: Some college, no degree | $100,000 or more",TRAITSD_W29,4,"0.511728,0.247455,0.163558,0.077259"
EDUCATIONxINCOME,"EDUCATIONxINCOME :: Some college, no degree | $30,000-$50,000",TRAITSD_W29,4,"0.424252,0.291584,0.197296,0.086868"
EDUCATIONxINCOME,"EDUCATIONxINCOME :: Some college, no degree | $50,000-$75,000",TRAITSD_W29,4,"0.434643,0.296401,0.197446,0.071510"
EDUCATIONxINCOME,"EDUCATIONxINCOME :: Some college, no degree | $75,000-$100,000",TRAITSD_W29,4,"0.437449,0.278059,0.183786,0.100706"
EDUCATIONxINCOME,"EDUCATIONxINCOME :: Some college, no degree | Less than $30,000",TRAITSD_W29,4,"0.387443,0.270479,0.212301,0.129777"
EDUCATIONxINCOME,"EDUCATIONxINCOME :: Some college, no degree | Refused",TRAITSD_W29,4,"0.343052,0.250982,0.241367,0.164598"
EDUCATIONxINCOME,"EDUCATIONxINCOME :: Associate's degree | $100,000 or more",VALUESUBURB_W32,4,"0.432749,0.258406,0.190537,0.118307"
EDUCATIONxINCOME,"EDUCATIONxINCOME :: Associate's degree | $30,000-$50,000",VALUESUBURB_W32,4,"0.336111,0.283033,0.243990,0.136866"
EDUCATIONxINCOME,"EDUCATIONxINCOME :: Associate's degree | $50,000-$75,000",VALUESUBURB_W32,4,"0.331386,0.311309,0.229545,0.127761"
EDUCATIONxINCOME,"EDUCATIONxINCOME :: Associate's degree | $75,000-$100,000",VALUESUBURB_W32,4,"0.326672,0.302123,0.237139,0.134066"
EDUCATIONxINCOME,"EDUCATIONxINCOME :: Associate's degree | Less than $30,000",VALUESUBURB_W32,4,"0.299187,0.268189,0.266102,0.166522"
EDUCATIONxINCOME,"EDUCATIONxINCOME :: College graduate/some postgrad | $100,000 or more",VALUESUBURB_W32,4,"0.375562,0.281283,0.217358,0.125797"
EDUCATIONxINCOME,"EDUCATIONxINCOME :: College graduate/some postgrad | $30,000-$50,000",VALUESUBURB_W32,4,"0.326988,0.281881,0.252676,0.138455"
EDUCATIONxINCOME,"EDUCATIONxINCOME :: College graduate/some postgrad | $50,000-$75,000",VALUESUBURB_W32,4,"0.317778,0.308001,0.241752,0.132469"
EDUCATIONxINCOME,"EDUCATIONxINCOME :: College graduate/some postgrad | $75,000-$100,000",VALUESUBURB_W32,4,"0.316061,0.296912,0.250025,0.137002"
EDUCATIONxINCOME,"EDUCATIONxINCOME :: College graduate/some postgrad | Less than $30,000",VALUESUBURB_W32,4,"0.282454,0.263276,0.280256,0.174015"
EDUCATIONxINCOME,EDUCATIONxINCOME :: College graduate/some postgrad | Refused,VALUESUBURB_W32,4,"0.284838,0.257330,0.273926,0.183905"
EDUCATIONxINCOME,"EDUCATIONxINCOME :: High school graduate | $100,000 or more",VALUESUBURB_W32,4,"0.354350,0.286962,0.225239,0.133450"
EDUCATIONxINCOME,"EDUCATIONxINCOME :: High school graduate | $30,000-$50,000",VALUESUBURB_W32,4,"0.313651,0.290080,0.255995,0.140274"
EDUCATIONxINCOME,"EDUCATIONxINCOME :: High school graduate | $50,000-$75,000",VALUESUBURB_W32,4,"0.320276,0.315310,0.238009,0.126405"
EDUCATIONxINCOME,"EDUCATIONxINCOME :: High school graduate | $75,000-$100,000",VALUESUBURB_W32,4,"0.309020,0.306615,0.248305,0.136060"
EDUCATIONxINCOME,"EDUCATIONxINCOME :: High school graduate | Less than $30,000",VALUESUBURB_W32,4,"0.278307,0.269744,0.280489,0.171460"
EDUCATIONxINCOME,"EDUCATIONxINCOME :: Less than high school | $30,000-$50,000",VALUESUBURB_W32,4,"0.299210,0.276724,0.272434,0.151632"
EDUCATIONxINCOME,"EDUCATIONxINCOME :: Less than high school | Less than $30,000",VALUESUBURB_W32,4,"0.266299,0.254105,0.299409,0.180187"
EDUCATIONxINCOME,"EDUCATIONxINCOME :: Postgraduate | $100,000 or more",VALUESUBURB_W32,4,"0.361407,0.283672,0.220924,0.133997"
EDUCATIONxINCOME,"EDUCATIONxINCOME :: Postgraduate | $30,000-$50,000",VALUESUBURB_W32,4,"0.309996,0.282255,0.259011,0.148738"
EDUCATIONxINCOME,"EDUCATIONxINCOME :: Postgraduate | $50,000-$75,000",VALUESUBURB_W32,4,"0.309634,0.312062,0.243034,0.135269"
EDUCATIONxINCOME,"EDUCATIONxINCOME :: Postgraduate | $75,000-$100,000",VALUESUBURB_W32,4,"0.309316,0.297466,0.250492,0.142726"
EDUCATIONxINCOME,"EDUCATIONxINCOME :: Postgraduate | Less than $30,000",VALUESUBURB_W32,4,"0.280680,0.253573,0.287336,0.178411"
EDUCATIONxINCOME,EDUCATIONxINCOME :: Postgraduate | Refused,VALUESUBURB_W32,4,"0.275100,0.248532,0.275100,0.201268"
EDUCATIONxINCOME,"EDUCATIONxINCOME :: Some college, no degree | $100,000 or more",VALUESUBURB_W32,4,"0.335901,0.282857,0.234497,0.146744"
EDUCATIONxINCOME,"EDUCATIONxINCOME :: Some college, no degree | $30,000-$50,000",VALUESUBURB_W32,4,"0.301555,0.276723,0.264051,0.157672"
EDUCATIONxINCOME,"EDUCATIONxINCOME :: Some college, no degree | $50,000-$75,000",VALUESUBURB_W32,4,"0.297887,0.304951,0.250846,0.146317"
EDUCATIONxINCOME,"EDUCATIONxINCOME :: Some college, no degree | $75,000-$100,000",VALUESUBURB_W32,4,"0.295953,0.291364,0.259145,0.153538"
EDUCATIONxINCOME,"EDUCATIONxINCOME :: Some college, no degree | Less than $30,000",VALUESUBURB_W32,4,"0.267447,0.255200,0.289180,0.188173"
EDUCATIONxINCOME,"EDUCATIONxINCOME :: Some college, no degree | Refused",VALUESUBURB_W32,4,"0.261762,0.225653,0.298941,0.213644"
EDUCATIONxINCOME,"EDUCATIONxINCOME :: Associate's degree | $100,000 or more",VIDOFT_W45,4,"0.454948,0.284699,0.163489,0.096864"
EDUCATIONxINCOME,"EDUCATIONxINCOME :: Associate's degree | $30,000-$50,000",VIDOFT_W45,4,"0.359438,0.329839,0.198501,0.112222"
EDUCATIONxINCOME,"EDUCATIONxINCOME :: Associate's degree | $50,000-$75,000",VIDOFT_W45,4,"0.335918,0.349300,0.195939,0.118843"
EDUCATIONxINCOME,"EDUCATIONxINCOME :: Associate's degree | $75,000-$100,000",VIDOFT_W45,4,"0.356206,0.332020,0.187707,0.124067"
EDUCATIONxINCOME,"EDUCATIONxINCOME :: Associate's degree | Less than $30,000",VIDOFT_W45,4,"0.372667,0.308952,0.180210,0.138172"
EDUCATIONxINCOME,"EDUCATIONxINCOME :: College graduate/some postgrad | $100,000 or more",VIDOFT_W45,4,"0.434865,0.298878,0.163772,0.102486"
EDUCATIONxINCOME,"EDUCATIONxINCOME :: College graduate/some postgrad | $30,000-$50,000",VIDOFT_W45,4,"0.364561,0.345159,0.190615,0.099665"
EDUCATIONxINCOME,"EDUCATIONxINCOME :: College graduate/some postgrad | $50,000-$75,000",VIDOFT_W45,4,"0.337729,0.356713,0.192432,0.113125"
EDUCATIONxINCOME,"EDUCATIONxINCOME :: College graduate/some postgrad | $75,000-$100,000",VIDOFT_W45,4,"0.366568,0.333764,0.184322,0.115346"
EDUCATIONxINCOME,"EDUCATIONxINCOME :: College graduate/some postgrad | Less than $30,000",VIDOFT_W45,4,"0.370996,0.312410,0.182227,0.134366"
EDUCATIONxINCOME,EDUCATIONxINCOME :: College graduate/some postgrad | Refused,VIDOFT_W45,4,"0.314603,0.300196,0.203123,0.182078"
EDUCATIONxINCOME,"EDUCATIONxINCOME :: High school graduate | $100,000 or more",VIDOFT_W45,4,"0.388390,0.312080,0.179212,0.120318"
EDUCATIONxINCOME,"EDUCATIONxINCOME :: High school graduate | $30,000-$50,000",VIDOFT_W45,4,"0.334574,0.347902,0.198228,0.119296"
EDUCATIONxINCOME,"EDUCATIONxINCOME :: High school graduate | $50,000-$75,000",VIDOFT_W45,4,"0.328301,0.369119,0.190006,0.112575"
EDUCATIONxINCOME,"EDUCATIONxINCOME :: High school graduate | $75,000-$100,000",VIDOFT_W45,4,"0.342704,0.345391,0.187786,0.124119"
EDUCATIONxINCOME,"EDUCATIONxINCOME :: High school graduate | Less than $30,000",VIDOFT_W45,4,"0.352652,0.326149,0.178715,0.142484"
EDUCATIONxINCOME,EDUCATIONxINCOME :: High school graduate | Refused,VIDOFT_W45,4,"0.300649,0.307779,0.203430,0.188142"
EDUCATIONxINCOME,"EDUCATIONxINCOME :: Less than high school | $30,000-$50,000",VIDOFT_W45,4,"0.334970,0.327211,0.214590,0.123229"
EDUCATIONxINCOME,"EDUCATIONxINCOME :: Less than high school | Less than $30,000",VIDOFT_W45,4,"0.351076,0.314703,0.192374,0.141848"
EDUCATIONxINCOME,"EDUCATIONxINCOME :: Postgraduate | $100,000 or more",VIDOFT_W45,4,"0.443148,0.290623,0.156779,0.109450"
EDUCATIONxINCOME,"EDUCATIONxINCOME :: Postgraduate | $30,000-$50,000",VIDOFT_W45,4,"0.361213,0.326329,0.193343,0.119115"
EDUCATIONxINCOME,"EDUCATIONxINCOME :: Postgraduate | $50,000-$75,000",VIDOFT_W45,4,"0.342758,0.342758,0.192270,0.122214"
EDUCATIONxINCOME,"EDUCATIONxINCOME :: Postgraduate | $75,000-$100,000",VIDOFT_W45,4,"0.365412,0.325004,0.182311,0.127273"
EDUCATIONxINCOME,"EDUCATIONxINCOME :: Postgraduate | Less than $30,000",VIDOFT_W45,4,"0.403485,0.292899,0.169517,0.134099"
EDUCATIONxINCOME,EDUCATIONxINCOME :: Postgraduate | Refused,VIDOFT_W45,4,"0.327963,0.289427,0.192800,0.189811"
EDUCATIONxINCOME,"EDUCATIONxINCOME :: Some college, no degree | $100,000 or more",VIDOFT_W45,4,"0.372120,0.308498,0.185658,0.133724"
EDUCATIONxINCOME,"EDUCATIONxINCOME :: Some college, no degree | $30,000-$50,000",VIDOFT_W45,4,"0.324205,0.331893,0.207693,0.136209"
EDUCATIONxINCOME,"EDUCATIONxINCOME :: Some college, no degree | $50,000-$75,000",VIDOFT_W45,4,"0.307846,0.348835,0.203474,0.139845"
EDUCATIONxINCOME,"EDUCATIONxINCOME :: Some college, no degree | $75,000-$100,000",VIDOFT_W45,4,"0.326658,0.331802,0.196586,0.144954"
EDUCATIONxINCOME,"EDUCATIONxINCOME :: Some college, no degree | Less than $30,000",VIDOFT_W45,4,"0.338086,0.325134,0.179556,0.157224"
EDUCATIONxINCOME,"EDUCATIONxINCOME :: Some college, no degree | Refused",VIDOFT_W45,4,"0.336263,0.292151,0.179989,0.191597"
EDUCATIONxINCOME,"EDUCATIONxINCOME :: Associate's degree | $100,000 or more",VOICE5D_W27,3,"0.610010,0.212467,0.177523"
EDUCATIONxINCOME,"EDUCATIONxINCOME :: Associate's degree | $30,000-$50,000",VOICE5D_W27,3,"0.551564,0.239085,0.209350"
EDUCATIONxINCOME,"EDUCATIONxINCOME :: Associate's degree | $50,000-$75,000",VOICE5D_W27,3,"0.521091,0.259982,0.218927"
EDUCATIONxINCOME,"EDUCATIONxINCOME :: Associate's degree | $75,000-$100,000",VOICE5D_W27,3,"0.533981,0.250272,0.215748"
EDUCATIONxINCOME,"EDUCATIONxINCOME :: Associate's degree | Less than $30,000",VOICE5D_W27,3,"0.515137,0.247166,0.237697"
EDUCATIONxINCOME,"EDUCATIONxINCOME :: College graduate/some postgrad | $100,000 or more",VOICE5D_W27,3,"0.550932,0.246392,0.202676"
EDUCATIONxINCOME,"EDUCATIONxINCOME :: College graduate/some postgrad | $30,000-$50,000",VOICE5D_W27,3,"0.523344,0.255058,0.221598"
EDUCATIONxINCOME,"EDUCATIONxINCOME :: College graduate/some postgrad | $50,000-$75,000",VOICE5D_W27,3,"0.504584,0.267982,0.227434"
EDUCATIONxINCOME,"EDUCATIONxINCOME :: College graduate/some postgrad | $75,000-$100,000",VOICE5D_W27,3,"0.509818,0.260389,0.229793"
EDUCATIONxINCOME,"EDUCATIONxINCOME :: College graduate/some postgrad | Less than $30,000",VOICE5D_W27,3,"0.490746,0.258605,0.250649"
EDUCATIONxINCOME,"EDUCATIONxINCOME :: High school graduate | $100,000 or more",VOICE5D_W27,3,"0.524613,0.249753,0.225633"
EDUCATIONxINCOME,"EDUCATIONxINCOME :: High school graduate | $30,000-$50,000",VOICE5D_W27,3,"0.512136,0.251553,0.236312"
EDUCATIONxINCOME,"EDUCATIONxINCOME :: High school graduate | $50,000-$75,000",VOICE5D_W27,3,"0.507865,0.261427,0.230708"
EDUCATIONxINCOME,"EDUCATIONxINCOME :: High school graduate | $75,000-$100,000",VOICE5D_W27,3,"0.502220,0.260548,0.237232"
EDUCATIONxINCOME,"EDUCATIONxINCOME :: High school graduate | Less than $30,000",VOICE5D_W27,3,"0.483943,0.259036,0.257020"
EDUCATIONxINCOME,"EDUCATIONxINCOME :: Less than high school | Less than $30,000",VOICE5D_W27,3,"0.477089,0.257370,0.265540"
EDUCATIONxINCOME,"EDUCATIONxINCOME :: Postgraduate | $100,000 or more",VOICE5D_W27,3,"0.556324,0.237410,0.206265"
EDUCATIONxINCOME,"EDUCATIONxINCOME :: Postgraduate | $30,000-$50,000",VOICE5D_W27,3,"0.513140,0.250085,0.236775"
EDUCATIONxINCOME,"EDUCATIONxINCOME :: Postgraduate | $50,000-$75,000",VOICE5D_W27,3,"0.495336,0.265135,0.239529"
EDUCATIONxINCOME,"EDUCATIONxINCOME :: Postgraduate | $75,000-$100,000",VOICE5D_W27,3,"0.506210,0.256535,0.237256"
EDUCATIONxINCOME,"EDUCATIONxINCOME :: Postgraduate | Less than $30,000",VOICE5D_W27,3,"0.500473,0.243911,0.255616"
EDUCATIONxINCOME,"EDUCATIONxINCOME :: Some college, no degree | $100,000 or more",VOICE5D_W27,3,"0.493551,0.262123,0.244326"
EDUCATIONxINCOME,"EDUCATIONxINCOME :: Some college, no degree | $30,000-$50,000",VOICE5D_W27,3,"0.464467,0.266721,0.268813"
EDUCATIONxINCOME,"EDUCATIONxINCOME :: Some college, no degree | $50,000-$75,000",VOICE5D_W27,3,"0.452738,0.281111,0.266151"
EDUCATIONxINCOME,"EDUCATIONxINCOME :: Some college, no degree | $75,000-$100,000",VOICE5D_W27,3,"0.459584,0.274430,0.265987"
EDUCATIONxINCOME,"EDUCATIONxINCOME :: Some college, no degree | Less than $30,000",VOICE5D_W27,3,"0.454765,0.271553,0.273682"
EDUCATIONxINCOME,"EDUCATIONxINCOME :: Associate's degree | $100,000 or more",WANTMOVE_W32,2,"0.649579,0.350421"
EDUCATIONxINCOME,"EDUCATIONxINCOME :: Associate's degree | $30,000-$50,000",WANTMOVE_W32,2,"0.640636,0.359364"
EDUCATIONxINCOME,"EDUCATIONxINCOME :: Associate's degree | $50,000-$75,000",WANTMOVE_W32,2,"0.615088,0.384912"
EDUCATIONxINCOME,"EDUCATIONxINCOME :: Associate's degree | $75,000-$100,000",WANTMOVE_W32,2,"0.618780,0.381220"
EDUCATIONxINCOME,"EDUCATIONxINCOME :: Associate's degree | Less than $30,000",WANTMOVE_W32,2,"0.609524,0.390476"
EDUCATIONxINCOME,"EDUCATIONxINCOME :: College graduate/some postgrad | $100,000 or more",WANTMOVE_W32,2,"0.622459,0.377541"
EDUCATIONxINCOME,"EDUCATIONxINCOME :: College graduate/some postgrad | $30,000-$50,000",WANTMOVE_W32,2,"0.649579,0.350421"
EDUCATIONxINCOME,"EDUCATIONxINCOME :: College graduate/some postgrad | $50,000-$75,000",WANTMOVE_W32,2,"0.624294,0.375706"
EDUCATIONxINCOME,"EDUCATIONxINCOME :: College graduate/some postgrad | $75,000-$100,000",WANTMOVE_W32,2,"0.624294,0.375706"
EDUCATIONxINCOME,"EDUCATIONxINCOME :: College graduate/some postgrad | Less than $30,000",WANTMOVE_W32,2,"0.607663,0.392337"
EDUCATIONxINCOME,EDUCATIONxINCOME :: College graduate/some postgrad | Refused,WANTMOVE_W32,2,"0.577495,0.422505"
EDUCATIONxINCOME,"EDUCATIONxINCOME :: High school graduate | $100,000 or more",WANTMOVE_W32,2,"0.602062,0.397938"
EDUCATIONxINCOME,"EDUCATIONxINCOME :: High school graduate | $30,000-$50,000",WANTMOVE_W32,2,"0.629775,0.370225"
EDUCATIONxINCOME,"EDUCATIONxINCOME :: High school graduate | $50,000-$75,000",WANTMOVE_W32,2,"0.626124,0.373876"
EDUCATIONxINCOME,"EDUCATIONxINCOME :: High school graduate | $75,000-$100,000",WANTMOVE_W32,2,"0.611382,0.388618"
EDUCATIONxINCOME,"EDUCATIONxINCOME :: High school graduate | Less than $30,000",WANTMOVE_W32,2,"0.600188,0.399812"
EDUCATIONxINCOME,"EDUCATIONxINCOME :: Less than high school | $30,000-$50,000",WANTMOVE_W32,2,"0.616936,0.383064"
EDUCATIONxINCOME,"EDUCATIONxINCOME :: Less than high school | Less than $30,000",WANTMOVE_W32,2,"0.602062,0.397938"
EDUCATIONxINCOME,"EDUCATIONxINCOME :: Postgraduate | $100,000 or more",WANTMOVE_W32,2,"0.613237,0.386763"
EDUCATIONxINCOME,"EDUCATIONxINCOME :: Postgraduate | $30,000-$50,000",WANTMOVE_W32,2,"0.620622,0.379378"
EDUCATIONxINCOME,"EDUCATIONxINCOME :: Postgraduate | $50,000-$75,000",WANTMOVE_W32,2,"0.602062,0.397938"
EDUCATIONxINCOME,"EDUCATIONxINCOME :: Postgraduate | $75,000-$100,000",WANTMOVE_W32,2,"0.611382,0.388618"
EDUCATIONxINCOME,"EDUCATIONxINCOME :: Postgraduate | Less than $30,000",WANTMOVE_W32,2,"0.622459,0.377541"
EDUCATIONxINCOME,EDUCATIONxINCOME :: Postgraduate | Refused,WANTMOVE_W32,2,"0.575588,0.424412"
EDUCATIONxINCOME,"EDUCATIONxINCOME :: Some college, no degree | $100,000 or more",WANTMOVE_W32,2,"0.588889,0.411111"
EDUCATIONxINCOME,"EDUCATIONxINCOME :: Some college, no degree | $30,000-$50,000",WANTMOVE_W32,2,"0.598312,0.401688"
EDUCATIONxINCOME,"EDUCATIONxINCOME :: Some college, no degree | $50,000-$75,000",WANTMOVE_W32,2,"0.581303,0.418697"
EDUCATIONxINCOME,"EDUCATIONxINCOME :: Some college, no degree | $75,000-$100,000",WANTMOVE_W32,2,"0.586996,0.413004"
EDUCATIONxINCOME,"EDUCATIONxINCOME :: Some college, no degree | Less than $30,000",WANTMOVE_W32,2,"0.588889,0.411111"
EDUCATIONxINCOME,"EDUCATIONxINCOME :: Some college, no degree | Refused",WANTMOVE_W32,2,"0.607663,0.392337"
EDUCATIONxINCOME,"EDUCATIONxINCOME :: Associate's degree | $100,000 or more",WHADVANT_W32,4,"0.476228,0.177953,0.153405,0.192413"
EDUCATIONxINCOME,"EDUCATIONxINCOME :: Associate's degree | $30,000-$50,000",WHADVANT_W32,4,"0.395869,0.203776,0.188462,0.211893"
EDUCATIONxINCOME,"EDUCATIONxINCOME :: Associate's degree | $50,000-$75,000",WHADVANT_W32,4,"0.386054,0.221692,0.182359,0.209894"
EDUCATIONxINCOME,"EDUCATIONxINCOME :: Associate's degree | $75,000-$100,000",WHADVANT_W32,4,"0.414666,0.210143,0.171514,0.203677"
EDUCATIONxINCOME,"EDUCATIONxINCOME :: Associate's degree | Less than $30,000",WHADVANT_W32,4,"0.403347,0.189045,0.162967,0.244642"
EDUCATIONxINCOME,"EDUCATIONxINCOME :: College graduate/some postgrad | $100,000 or more",WHADVANT_W32,4,"0.443157,0.190600,0.161760,0.204483"
EDUCATIONxINCOME,"EDUCATIONxINCOME :: College graduate/some postgrad | $30,000-$50,000",WHADVANT_W32,4,"0.402102,0.206984,0.185540,0.205374"
EDUCATIONxINCOME,"EDUCATIONxINCOME :: College graduate/some postgrad | $50,000-$75,000",WHADVANT_W32,4,"0.379384,0.226540,0.187809,0.206267"
EDUCATIONxINCOME,"EDUCATIONxINCOME :: College graduate/some postgrad | $75,000-$100,000",WHADVANT_W32,4,"0.410418,0.211265,0.175145,0.203172"
EDUCATIONxINCOME,"EDUCATIONxINCOME :: College graduate/some postgrad | Less than $30,000",WHADVANT_W32,4,"0.390748,0.193434,0.169377,0.246442"
EDUCATIONxINCOME,EDUCATIONxINCOME :: College graduate/some postgrad | Refused,WHADVANT_W32,4,"0.367174,0.205966,0.180350,0.246509"
EDUCATIONxINCOME,"EDUCATIONxINCOME :: High school graduate | $100,000 or more",WHADVANT_W32,4,"0.414016,0.206560,0.171244,0.208180"
EDUCATIONxINCOME,"EDUCATIONxINCOME :: High school graduate | $30,000-$50,000",WHADVANT_W32,4,"0.381475,0.217358,0.188844,0.212323"
EDUCATIONxINCOME,"EDUCATIONxINCOME :: High school graduate | $50,000-$75,000",WHADVANT_W32,4,"0.385140,0.229978,0.181927,0.202955"
EDUCATIONxINCOME,"EDUCATIONxINCOME :: High school graduate | $75,000-$100,000",WHADVANT_W32,4,"0.396695,0.226030,0.174663,0.202612"
EDUCATIONxINCOME,"EDUCATIONxINCOME :: High school graduate | Less than $30,000",WHADVANT_W32,4,"0.386430,0.206841,0.164908,0.241822"
EDUCATIONxINCOME,"EDUCATIONxINCOME :: Less than high school | $30,000-$50,000",WHADVANT_W32,4,"0.368919,0.216876,0.199017,0.215188"
EDUCATIONxINCOME,"EDUCATIONxINCOME :: Less than high school | Less than $30,000",WHADVANT_W32,4,"0.384821,0.202786,0.173452,0.238941"
EDUCATIONxINCOME,"EDUCATIONxINCOME :: Postgraduate | $100,000 or more",WHADVANT_W32,4,"0.453821,0.189181,0.155616,0.201382"
EDUCATIONxINCOME,"EDUCATIONxINCOME :: Postgraduate | $30,000-$50,000",WHADVANT_W32,4,"0.392035,0.209841,0.186637,0.211487"
EDUCATIONxINCOME,"EDUCATIONxINCOME :: Postgraduate | $50,000-$75,000",WHADVANT_W32,4,"0.380551,0.227237,0.186920,0.205292"
EDUCATIONxINCOME,"EDUCATIONxINCOME :: Postgraduate | $75,000-$100,000",WHADVANT_W32,4,"0.411955,0.213720,0.170392,0.203933"
EDUCATIONxINCOME,"EDUCATIONxINCOME :: Postgraduate | Less than $30,000",WHADVANT_W32,4,"0.418125,0.185542,0.159947,0.236386"
EDUCATIONxINCOME,EDUCATIONxINCOME :: Postgraduate | Refused,WHADVANT_W32,4,"0.380319,0.205167,0.172768,0.241746"
EDUCATIONxINCOME,"EDUCATIONxINCOME :: Some college, no degree | $100,000 or more",WHADVANT_W32,4,"0.398939,0.211875,0.175650,0.213536"
EDUCATIONxINCOME,"EDUCATIONxINCOME :: Some college, no degree | $30,000-$50,000",WHADVANT_W32,4,"0.361425,0.220934,0.194974,0.222667"
EDUCATIONxINCOME,"EDUCATIONxINCOME :: Some college, no degree | $50,000-$75,000",WHADVANT_W32,4,"0.350475,0.237143,0.198141,0.214241"
EDUCATIONxINCOME,"EDUCATIONxINCOME :: Some college, no degree | $75,000-$100,000",WHADVANT_W32,4,"0.375421,0.227705,0.182966,0.213909"
EDUCATIONxINCOME,"EDUCATIONxINCOME :: Some college, no degree | Less than $30,000",WHADVANT_W32,4,"0.380536,0.206894,0.164950,0.247620"
EDUCATIONxINCOME,"EDUCATIONxINCOME :: Some college, no degree | Refused",WHADVANT_W32,4,"0.387460,0.196355,0.164061,0.252125"
EDUCATIONxINCOME,"EDUCATIONxINCOME :: Associate's degree | $100,000 or more",WHYNOTBIZF2F_W36,3,"0.324092,0.246556,0.429352"
EDUCATIONxINCOME,"EDUCATIONxINCOME :: Associate's degree | $30,000-$50,000",WHYNOTBIZF2F_W36,3,"0.289275,0.269634,0.441091"
EDUCATIONxINCOME,"EDUCATIONxINCOME :: Associate's degree | $50,000-$75,000",WHYNOTBIZF2F_W36,3,"0.255012,0.261060,0.483928"
EDUCATIONxINCOME,"EDUCATIONxINCOME :: Associate's degree | $75,000-$100,000",WHYNOTBIZF2F_W36,3,"0.277552,0.264842,0.457606"
EDUCATIONxINCOME,"EDUCATIONxINCOME :: Associate's degree | Less than $30,000",WHYNOTBIZF2F_W36,3,"0.262629,0.246717,0.490655"
EDUCATIONxINCOME,"EDUCATIONxINCOME :: College graduate/some postgrad | $100,000 or more",WHYNOTBIZF2F_W36,3,"0.289375,0.255373,0.455252"
EDUCATIONxINCOME,"EDUCATIONxINCOME :: College graduate/some postgrad | $30,000-$50,000",WHYNOTBIZF2F_W36,3,"0.300178,0.279797,0.420025"
EDUCATIONxINCOME,"EDUCATIONxINCOME :: College graduate/some postgrad | $50,000-$75,000",WHYNOTBIZF2F_W36,3,"0.268813,0.266721,0.464467"
EDUCATIONxINCOME,"EDUCATIONxINCOME :: College graduate/some postgrad | $75,000-$100,000",WHYNOTBIZF2F_W36,3,"0.285280,0.265911,0.448809"
EDUCATIONxINCOME,"EDUCATIONxINCOME :: College graduate/some postgrad | Less than $30,000",WHYNOTBIZF2F_W36,3,"0.269721,0.249451,0.480829"
EDUCATIONxINCOME,EDUCATIONxINCOME :: College graduate/some postgrad | Refused,WHYNOTBIZF2F_W36,3,"0.279011,0.231309,0.489680"
EDUCATIONxINCOME,"EDUCATIONxINCOME :: High school graduate | $100,000 or more",WHYNOTBIZF2F_W36,3,"0.282855,0.261598,0.455546"
EDUCATIONxINCOME,"EDUCATIONxINCOME :: High school graduate | $30,000-$50,000",WHYNOTBIZF2F_W36,3,"0.277566,0.275406,0.447028"
EDUCATIONxINCOME,"EDUCATIONxINCOME :: High school graduate | $50,000-$75,000",WHYNOTBIZF2F_W36,3,"0.246772,0.258615,0.494613"
EDUCATIONxINCOME,"EDUCATIONxINCOME :: High school graduate | $75,000-$100,000",WHYNOTBIZF2F_W36,3,"0.272877,0.266556,0.460567"
EDUCATIONxINCOME,"EDUCATIONxINCOME :: High school graduate | Less than $30,000",WHYNOTBIZF2F_W36,3,"0.262611,0.250585,0.486804"
EDUCATIONxINCOME,"EDUCATIONxINCOME :: Less than high school | Less than $30,000",WHYNOTBIZF2F_W36,3,"0.282634,0.251380,0.465985"
EDUCATIONxINCOME,"EDUCATIONxINCOME :: Postgraduate | $100,000 or more",WHYNOTBIZF2F_W36,3,"0.294933,0.262319,0.442747"
EDUCATIONxINCOME,"EDUCATIONxINCOME :: Postgraduate | $30,000-$50,000",WHYNOTBIZF2F_W36,3,"0.303128,0.282546,0.414326"
EDUCATIONxINCOME,"EDUCATIONxINCOME :: Postgraduate | $50,000-$75,000",WHYNOTBIZF2F_W36,3,"0.277188,0.272891,0.449921"
EDUCATIONxINCOME,"EDUCATIONxINCOME :: Postgraduate | $75,000-$100,000",WHYNOTBIZF2F_W36,3,"0.296867,0.274557,0.428577"
EDUCATIONxINCOME,"EDUCATIONxINCOME :: Postgraduate | Less than $30,000",WHYNOTBIZF2F_W36,3,"0.284127,0.254690,0.461183"
EDUCATIONxINCOME,EDUCATIONxINCOME :: Postgraduate | Refused,WHYNOTBIZF2F_W36,3,"0.303227,0.238006,0.458768"
EDUCATIONxINCOME,"EDUCATIONxINCOME :: Some college, no degree | $100,000 or more",WHYNOTBIZF2F_W36,3,"0.312796,0.276042,0.411163"
EDUCATIONxINCOME,"EDUCATIONxINCOME :: Some college, no degree | $30,000-$50,000",WHYNOTBIZF2F_W36,3,"0.303727,0.287563,0.408710"
EDUCATIONxINCOME,"EDUCATIONxINCOME :: Some college, no degree | $50,000-$75,000",WHYNOTBIZF2F_W36,3,"0.282118,0.284330,0.433552"
EDUCATIONxINCOME,"EDUCATIONxINCOME :: Some college, no degree | $75,000-$100,000",WHYNOTBIZF2F_W36,3,"0.301785,0.285724,0.412491"
EDUCATIONxINCOME,"EDUCATIONxINCOME :: Some college, no degree | Less than $30,000",WHYNOTBIZF2F_W36,3,"0.284091,0.268972,0.446937"
EDUCATIONxINCOME,"EDUCATIONxINCOME :: Some college, no degree | Refused",WHYNOTBIZF2F_W36,3,"0.302140,0.237152,0.460708"
EDUCATIONxINCOME,"EDUCATIONxINCOME :: Associate's degree | $100,000 or more",WHYNOTPOLF1A_W36,3,"0.393904,0.266529,0.339567"
EDUCATIONxINCOME,"EDUCATIONxINCOME :: Associate's degree | $30,000-$50,000",WHYNOTPOLF1A_W36,3,"0.357059,0.280259,0.362682"
EDUCATIONxINCOME,"EDUCATIONxINCOME :: Associate's degree | $50,000-$75,000",WHYNOTPOLF1A_W36,3,"0.312156,0.293243,0.394602"
EDUCATIONxINCOME,"EDUCATIONxINCOME :: Associate's degree | $75,000-$100,000",WHYNOTPOLF1A_W36,3,"0.346012,0.291371,0.362617"
EDUCATIONxINCOME,"EDUCATIONxINCOME :: Associate's degree | Less than $30,000",WHYNOTPOLF1A_W36,3,"0.338769,0.274344,0.386887"
EDUCATIONxINCOME,"EDUCATIONxINCOME :: College graduate/some postgrad | $100,000 or more",WHYNOTPOLF1A_W36,3,"0.361088,0.283421,0.355490"
EDUCATIONxINCOME,"EDUCATIONxINCOME :: College graduate/some postgrad | $30,000-$50,000",WHYNOTPOLF1A_W36,3,"0.356492,0.284220,0.359288"
EDUCATIONxINCOME,"EDUCATIONxINCOME :: College graduate/some postgrad | $50,000-$75,000",WHYNOTPOLF1A_W36,3,"0.321079,0.294639,0.384282"
EDUCATIONxINCOME,"EDUCATIONxINCOME :: College graduate/some postgrad | $75,000-$100,000",WHYNOTPOLF1A_W36,3,"0.343267,0.291327,0.365406"
EDUCATIONxINCOME,"EDUCATIONxINCOME :: College graduate/some postgrad | Less than $30,000",WHYNOTPOLF1A_W36,3,"0.333237,0.274113,0.392649"
EDUCATIONxINCOME,EDUCATIONxINCOME :: College graduate/some postgrad | Refused,WHYNOTPOLF1A_W36,3,"0.312840,0.249418,0.437742"
EDUCATIONxINCOME,"EDUCATIONxINCOME :: High school graduate | $100,000 or more",WHYNOTPOLF1A_W36,3,"0.355266,0.292234,0.352501"
EDUCATIONxINCOME,"EDUCATIONxINCOME :: High school graduate | $30,000-$50,000",WHYNOTPOLF1A_W36,3,"0.346798,0.289761,0.363441"
EDUCATIONxINCOME,"EDUCATIONxINCOME :: High school graduate | $50,000-$75,000",WHYNOTPOLF1A_W36,3,"0.311192,0.292338,0.396469"
EDUCATIONxINCOME,"EDUCATIONxINCOME :: High school graduate | $75,000-$100,000",WHYNOTPOLF1A_W36,3,"0.338194,0.296132,0.365674"
EDUCATIONxINCOME,"EDUCATIONxINCOME :: High school graduate | Less than $30,000",WHYNOTPOLF1A_W36,3,"0.331366,0.281227,0.387407"
EDUCATIONxINCOME,"EDUCATIONxINCOME :: Less than high school | Less than $30,000",WHYNOTPOLF1A_W36,3,"0.335278,0.275792,0.388929"
EDUCATIONxINCOME,"EDUCATIONxINCOME :: Postgraduate | $100,000 or more",WHYNOTPOLF1A_W36,3,"0.365897,0.284961,0.349142"
EDUCATIONxINCOME,"EDUCATIONxINCOME :: Postgraduate | $30,000-$50,000",WHYNOTPOLF1A_W36,3,"0.352126,0.287397,0.360477"
EDUCATIONxINCOME,"EDUCATIONxINCOME :: Postgraduate | $50,000-$75,000",WHYNOTPOLF1A_W36,3,"0.315258,0.298480,0.386262"
EDUCATIONxINCOME,"EDUCATIONxINCOME :: Postgraduate | $75,000-$100,000",WHYNOTPOLF1A_W36,3,"0.342485,0.292943,0.364573"
EDUCATIONxINCOME,"EDUCATIONxINCOME :: Postgraduate | Less than $30,000",WHYNOTPOLF1A_W36,3,"0.338042,0.275902,0.386056"
EDUCATIONxINCOME,EDUCATIONxINCOME :: Postgraduate | Refused,WHYNOTPOLF1A_W36,3,"0.323466,0.248010,0.428523"
EDUCATIONxINCOME,"EDUCATIONxINCOME :: Some college, no degree | $100,000 or more",WHYNOTPOLF1A_W36,3,"0.350075,0.297105,0.352820"
EDUCATIONxINCOME,"EDUCATIONxINCOME :: Some college, no degree | $30,000-$50,000",WHYNOTPOLF1A_W36,3,"0.341303,0.289660,0.369037"
EDUCATIONxINCOME,"EDUCATIONxINCOME :: Some college, no degree | $50,000-$75,000",WHYNOTPOLF1A_W36,3,"0.312103,0.302501,0.385396"
EDUCATIONxINCOME,"EDUCATIONxINCOME :: Some college, no degree | $75,000-$100,000",WHYNOTPOLF1A_W36,3,"0.335835,0.301041,0.363124"
EDUCATIONxINCOME,"EDUCATIONxINCOME :: Some college, no degree | Less than $30,000",WHYNOTPOLF1A_W36,3,"0.328181,0.285128,0.386691"
EDUCATIONxINCOME,"EDUCATIONxINCOME :: Some college, no degree | Refused",WHYNOTPOLF1A_W36,3,"0.325426,0.253442,0.421132"
EDUCATIONxINCOME,"EDUCATIONxINCOME :: Associate's degree | $100,000 or more",WHYNOTPOLF1B_W36,3,"0.740845,0.154081,0.105074"
EDUCATIONxINCOME,"EDUCATIONxINCOME :: Associate's degree | $30,000-$50,000",WHYNOTPOLF1B_W36,3,"0.703484,0.168403,0.128114"
EDUCATIONxINCOME,"EDUCATIONxINCOME :: Associate's degree | $50,000-$75,000",WHYNOTPOLF1B_W36,3,"0.672359,0.186707,0.140934"
EDUCATIONxINCOME,"EDUCATIONxINCOME :: Associate's degree | $75,000-$100,000",WHYNOTPOLF1B_W36,3,"0.736004,0.160420,0.103575"
EDUCATIONxINCOME,"EDUCATIONxINCOME :: Associate's degree | Less than $30,000",WHYNOTPOLF1B_W36,3,"0.685878,0.174777,0.139345"
EDUCATIONxINCOME,"EDUCATIONxINCOME :: College graduate/some postgrad | $100,000 or more",WHYNOTPOLF1B_W36,3,"0.732026,0.163337,0.104638"
EDUCATIONxINCOME,"EDUCATIONxINCOME :: College graduate/some postgrad | $30,000-$50,000",WHYNOTPOLF1B_W36,3,"0.705074,0.171441,0.123484"
EDUCATIONxINCOME,"EDUCATIONxINCOME :: College graduate/some postgrad | $50,000-$75,000",WHYNOTPOLF1B_W36,3,"0.683793,0.182608,0.133599"
EDUCATIONxINCOME,"EDUCATIONxINCOME :: College graduate/some postgrad | $75,000-$100,000",WHYNOTPOLF1B_W36,3,"0.739348,0.157416,0.103236"
EDUCATIONxINCOME,"EDUCATIONxINCOME :: College graduate/some postgrad | Less than $30,000",WHYNOTPOLF1B_W36,3,"0.681163,0.174937,0.143899"
EDUCATIONxINCOME,EDUCATIONxINCOME :: College graduate/some postgrad | Refused,WHYNOTPOLF1B_W36,3,"0.591185,0.198022,0.210793"
EDUCATIONxINCOME,"EDUCATIONxINCOME :: High school graduate | $100,000 or more",WHYNOTPOLF1B_W36,3,"0.683326,0.181063,0.135610"
EDUCATIONxINCOME,"EDUCATIONxINCOME :: High school graduate | $30,000-$50,000",WHYNOTPOLF1B_W36,3,"0.690906,0.171980,0.137114"
EDUCATIONxINCOME,"EDUCATIONxINCOME :: High school graduate | $50,000-$75,000",WHYNOTPOLF1B_W36,3,"0.663595,0.187176,0.149229"
EDUCATIONxINCOME,"EDUCATIONxINCOME :: High school graduate | $75,000-$100,000",WHYNOTPOLF1B_W36,3,"0.709924,0.168622,0.121454"
EDUCATIONxINCOME,"EDUCATIONxINCOME :: High school graduate | Less than $30,000",WHYNOTPOLF1B_W36,3,"0.658876,0.185845,0.155279"
EDUCATIONxINCOME,"EDUCATIONxINCOME :: Less than high school | Less than $30,000",WHYNOTPOLF1B_W36,3,"0.651818,0.189690,0.158492"
EDUCATIONxINCOME,"EDUCATIONxINCOME :: Postgraduate | $100,000 or more",WHYNOTPOLF1B_W36,3,"0.745325,0.153806,0.100869"
EDUCATIONxINCOME,"EDUCATIONxINCOME :: Postgraduate | $30,000-$50,000",WHYNOTPOLF1B_W36,3,"0.715897,0.163526,0.120577"
EDUCATIONxINCOME,"EDUCATIONxINCOME :: Postgraduate | $50,000-$75,000",WHYNOTPOLF1B_W36,3,"0.685976,0.178948,0.135077"
EDUCATIONxINCOME,"EDUCATIONxINCOME :: Postgraduate | $75,000-$100,000",WHYNOTPOLF1B_W36,3,"0.741754,0.155480,0.102766"
EDUCATIONxINCOME,"EDUCATIONxINCOME :: Postgraduate | Less than $30,000",WHYNOTPOLF1B_W36,3,"0.684547,0.173081,0.142372"
EDUCATIONxINCOME,EDUCATIONxINCOME :: Postgraduate | Refused,WHYNOTPOLF1B_W36,3,"0.559401,0.207406,0.233193"
EDUCATIONxINCOME,"EDUCATIONxINCOME :: Some college, no degree | $100,000 or more",WHYNOTPOLF1B_W36,3,"0.626153,0.213038,0.160809"
EDUCATIONxINCOME,"EDUCATIONxINCOME :: Some college, no degree | $30,000-$50,000",WHYNOTPOLF1B_W36,3,"0.627432,0.203697,0.168871"
EDUCATIONxINCOME,"EDUCATIONxINCOME :: Some college, no degree | $50,000-$75,000",WHYNOTPOLF1B_W36,3,"0.598233,0.223543,0.178224"
EDUCATIONxINCOME,"EDUCATIONxINCOME :: Some college, no degree | $75,000-$100,000",WHYNOTPOLF1B_W36,3,"0.656909,0.198787,0.144304"
EDUCATIONxINCOME,"EDUCATIONxINCOME :: Some college, no degree | Less than $30,000",WHYNOTPOLF1B_W36,3,"0.618903,0.210571,0.170526"
EDUCATIONxINCOME,"EDUCATIONxINCOME :: Some college, no degree | Refused",WHYNOTPOLF1B_W36,3,"0.535151,0.217917,0.246932"
EDUCATIONxINCOME,"EDUCATIONxINCOME :: Associate's degree | $100,000 or more",WHYNOTPOLF1C_W36,3,"0.530227,0.250462,0.219311"
EDUCATIONxINCOME,"EDUCATIONxINCOME :: Associate's degree | $30,000-$50,000",WHYNOTPOLF1C_W36,3,"0.506826,0.262938,0.230236"
EDUCATIONxINCOME,"EDUCATIONxINCOME :: Associate's degree | $50,000-$75,000",WHYNOTPOLF1C_W36,3,"0.457809,0.293284,0.248907"
EDUCATIONxINCOME,"EDUCATIONxINCOME :: Associate's degree | $75,000-$100,000",WHYNOTPOLF1C_W36,3,"0.507501,0.275924,0.216575"
EDUCATIONxINCOME,"EDUCATIONxINCOME :: Associate's degree | Less than $30,000",WHYNOTPOLF1C_W36,3,"0.473102,0.271679,0.255219"
EDUCATIONxINCOME,"EDUCATIONxINCOME :: College graduate/some postgrad | $100,000 or more",WHYNOTPOLF1C_W36,3,"0.511847,0.269724,0.218429"
EDUCATIONxINCOME,"EDUCATIONxINCOME :: College graduate/some postgrad | $30,000-$50,000",WHYNOTPOLF1C_W36,3,"0.515065,0.265133,0.219803"
EDUCATIONxINCOME,"EDUCATIONxINCOME :: College graduate/some postgrad | $50,000-$75,000",WHYNOTPOLF1C_W36,3,"0.483635,0.284314,0.232051"
EDUCATIONxINCOME,"EDUCATIONxINCOME :: College graduate/some postgrad | $75,000-$100,000",WHYNOTPOLF1C_W36,3,"0.523965,0.267615,0.208419"
EDUCATIONxINCOME,"EDUCATIONxINCOME :: College graduate/some postgrad | Less than $30,000",WHYNOTPOLF1C_W36,3,"0.481840,0.268184,0.249975"
EDUCATIONxINCOME,EDUCATIONxINCOME :: College graduate/some postgrad | Refused,WHYNOTPOLF1C_W36,3,"0.413130,0.262601,0.324269"
EDUCATIONxINCOME,"EDUCATIONxINCOME :: High school graduate | $100,000 or more",WHYNOTPOLF1C_W36,3,"0.474251,0.285410,0.240339"
EDUCATIONxINCOME,"EDUCATIONxINCOME :: High school graduate | $30,000-$50,000",WHYNOTPOLF1C_W36,3,"0.494818,0.273265,0.231917"
EDUCATIONxINCOME,"EDUCATIONxINCOME :: High school graduate | $50,000-$75,000",WHYNOTPOLF1C_W36,3,"0.461524,0.293362,0.245114"
EDUCATIONxINCOME,"EDUCATIONxINCOME :: High school graduate | $75,000-$100,000",WHYNOTPOLF1C_W36,3,"0.495783,0.282489,0.221728"
EDUCATIONxINCOME,"EDUCATIONxINCOME :: High school graduate | Less than $30,000",WHYNOTPOLF1C_W36,3,"0.465167,0.279942,0.254891"
EDUCATIONxINCOME,"EDUCATIONxINCOME :: Less than high school | Less than $30,000",WHYNOTPOLF1C_W36,3,"0.464376,0.275133,0.260491"
EDUCATIONxINCOME,"EDUCATIONxINCOME :: Postgraduate | $100,000 or more",WHYNOTPOLF1C_W36,3,"0.505113,0.272488,0.222398"
EDUCATIONxINCOME,"EDUCATIONxINCOME :: Postgraduate | $30,000-$50,000",WHYNOTPOLF1C_W36,3,"0.503525,0.269518,0.226957"
EDUCATIONxINCOME,"EDUCATIONxINCOME :: Postgraduate | $50,000-$75,000",WHYNOTPOLF1C_W36,3,"0.462406,0.293923,0.243671"
EDUCATIONxINCOME,"EDUCATIONxINCOME :: Postgraduate | $75,000-$100,000",WHYNOTPOLF1C_W36,3,"0.512263,0.274194,0.213543"
EDUCATIONxINCOME,"EDUCATIONxINCOME :: Postgraduate | Less than $30,000",WHYNOTPOLF1C_W36,3,"0.472156,0.271137,0.256707"
EDUCATIONxINCOME,EDUCATIONxINCOME :: Postgraduate | Refused,WHYNOTPOLF1C_W36,3,"0.399280,0.261855,0.338865"
EDUCATIONxINCOME,"EDUCATIONxINCOME :: Some college, no degree | $100,000 or more",WHYNOTPOLF1C_W36,3,"0.434034,0.300647,0.265320"
EDUCATIONxINCOME,"EDUCATIONxINCOME :: Some college, no degree | $30,000-$50,000",WHYNOTPOLF1C_W36,3,"0.446802,0.288477,0.264721"
EDUCATIONxINCOME,"EDUCATIONxINCOME :: Some college, no degree | $50,000-$75,000",WHYNOTPOLF1C_W36,3,"0.413809,0.314809,0.271382"
EDUCATIONxINCOME,"EDUCATIONxINCOME :: Some college, no degree | $75,000-$100,000",WHYNOTPOLF1C_W36,3,"0.453587,0.299803,0.246611"
EDUCATIONxINCOME,"EDUCATIONxINCOME :: Some college, no degree | Less than $30,000",WHYNOTPOLF1C_W36,3,"0.428644,0.294603,0.276753"
EDUCATIONxINCOME,"EDUCATIONxINCOME :: Some college, no degree | Refused",WHYNOTPOLF1C_W36,3,"0.387588,0.262255,0.350157"
EDUCATIONxINCOME,"EDUCATIONxINCOME :: Associate's degree | $100,000 or more",WORK5A_W27,3,"0.453961,0.350793,0.195246"
EDUCATIONxINCOME,"EDUCATIONxINCOME :: Associate's degree | $30,000-$50,000",WORK5A_W27,3,"0.363773,0.363773,0.272454"
EDUCATIONxINCOME,"EDUCATIONxINCOME :: Associate's degree | $50,000-$75,000",WORK5A_W27,3,"0.355405,0.396483,0.248113"
EDUCATIONxINCOME,"EDUCATIONxINCOME :: Associate's degree | $75,000-$100,000",WORK5A_W27,3,"0.361484,0.393923,0.244593"
EDUCATIONxINCOME,"EDUCATIONxINCOME :: Associate's degree | Less than $30,000",WORK5A_W27,3,"0.373904,0.356782,0.269313"
EDUCATIONxINCOME,"EDUCATIONxINCOME :: College graduate/some postgrad | $100,000 or more",WORK5A_W27,3,"0.359022,0.376252,0.264726"
EDUCATIONxINCOME,"EDUCATIONxINCOME :: College graduate/some postgrad | $30,000-$50,000",WORK5A_W27,3,"0.355091,0.355091,0.289817"
EDUCATIONxINCOME,"EDUCATIONxINCOME :: College graduate/some postgrad | $50,000-$75,000",WORK5A_W27,3,"0.332818,0.389103,0.278079"
EDUCATIONxINCOME,"EDUCATIONxINCOME :: College graduate/some postgrad | $75,000-$100,000",WORK5A_W27,3,"0.337590,0.382539,0.279872"
EDUCATIONxINCOME,"EDUCATIONxINCOME :: College graduate/some postgrad | Less than $30,000",WORK5A_W27,3,"0.335737,0.346394,0.317869"
EDUCATIONxINCOME,"EDUCATIONxINCOME :: High school graduate | $100,000 or more",WORK5A_W27,3,"0.364850,0.376432,0.258718"
EDUCATIONxINCOME,"EDUCATIONxINCOME :: High school graduate | $30,000-$50,000",WORK5A_W27,3,"0.343637,0.360129,0.296234"
EDUCATIONxINCOME,"EDUCATIONxINCOME :: High school graduate | $50,000-$75,000",WORK5A_W27,3,"0.358699,0.390888,0.250412"
EDUCATIONxINCOME,"EDUCATIONxINCOME :: High school graduate | $75,000-$100,000",WORK5A_W27,3,"0.348032,0.391303,0.260664"
EDUCATIONxINCOME,"EDUCATIONxINCOME :: High school graduate | Less than $30,000",WORK5A_W27,3,"0.346370,0.357365,0.296266"
EDUCATIONxINCOME,"EDUCATIONxINCOME :: Less than high school | Less than $30,000",WORK5A_W27,3,"0.353196,0.342330,0.304474"
EDUCATIONxINCOME,"EDUCATIONxINCOME :: Postgraduate | $100,000 or more",WORK5A_W27,3,"0.399455,0.352518,0.248027"
EDUCATIONxINCOME,"EDUCATIONxINCOME :: Postgraduate | $30,000-$50,000",WORK5A_W27,3,"0.359413,0.340286,0.300301"
EDUCATIONxINCOME,"EDUCATIONxINCOME :: Postgraduate | $50,000-$75,000",WORK5A_W27,3,"0.359134,0.367651,0.273215"
EDUCATIONxINCOME,"EDUCATIONxINCOME :: Postgraduate | $75,000-$100,000",WORK5A_W27,3,"0.373839,0.365179,0.260982"
EDUCATIONxINCOME,"EDUCATIONxINCOME :: Postgraduate | Less than $30,000",WORK5A_W27,3,"0.393638,0.313835,0.292527"
EDUCATIONxINCOME,"EDUCATIONxINCOME :: Some college, no degree | $100,000 or more",WORK5A_W27,3,"0.349142,0.365897,0.284961"
EDUCATIONxINCOME,"EDUCATIONxINCOME :: Some college, no degree | $30,000-$50,000",WORK5A_W27,3,"0.320308,0.351789,0.327903"
EDUCATIONxINCOME,"EDUCATIONxINCOME :: Some college, no degree | $50,000-$75,000",WORK5A_W27,3,"0.319049,0.378881,0.302070"
EDUCATIONxINCOME,"EDUCATIONxINCOME :: Some college, no degree | $75,000-$100,000",WORK5A_W27,3,"0.326430,0.378665,0.294905"
EDUCATIONxINCOME,"EDUCATIONxINCOME :: Some college, no degree | Less than $30,000",WORK5A_W27,3,"0.321054,0.355374,0.323572"
EDUCATIONxINCOME,"EDUCATIONxINCOME :: Associate's degree | $100,000 or more",WORRYBILL_W29,4,"0.507041,0.224998,0.158306,0.109655"
EDUCATIONxINCOME,"EDUCATIONxINCOME :: Associate's degree | $30,000-$50,000",WORRYBILL_W29,4,"0.368945,0.310683,0.200592,0.119779"
EDUCATIONxINCOME,"EDUCATIONxINCOME :: Associate's degree | $50,000-$75,000",WORRYBILL_W29,4,"0.328523,0.333696,0.212110,0.125671"
EDUCATIONxINCOME,"EDUCATIONxINCOME :: Associate's degree | $75,000-$100,000",WORRYBILL_W29,4,"0.374682,0.320483,0.186936,0.117899"
EDUCATIONxINCOME,"EDUCATIONxINCOME :: Associate's degree | Less than $30,000",WORRYBILL_W29,4,"0.476498,0.249143,0.143071,0.131289"
EDUCATIONxINCOME,"EDUCATIONxINCOME :: College graduate/some postgrad | $100,000 or more",WORRYBILL_W29,4,"0.453596,0.254444,0.170826,0.121134"
EDUCATIONxINCOME,"EDUCATIONxINCOME :: College graduate/some postgrad | $30,000-$50,000",WORRYBILL_W29,4,"0.344774,0.328985,0.210756,0.115485"
EDUCATIONxINCOME,"EDUCATIONxINCOME :: College graduate/some postgrad | $50,000-$75,000",WORRYBILL_W29,4,"0.304262,0.350203,0.222603,0.122933"
EDUCATIONxINCOME,"EDUCATIONxINCOME :: College graduate/some postgrad | $75,000-$100,000",WORRYBILL_W29,4,"0.356716,0.332496,0.198542,0.112246"
EDUCATIONxINCOME,"EDUCATIONxINCOME :: College graduate/some postgrad | Less than $30,000",WORRYBILL_W29,4,"0.450182,0.260545,0.151975,0.137298"
EDUCATIONxINCOME,EDUCATIONxINCOME :: College graduate/some postgrad | Refused,WORRYBILL_W29,4,"0.331334,0.283405,0.199400,0.185861"
EDUCATIONxINCOME,"EDUCATIONxINCOME :: High school graduate | $100,000 or more",WORRYBILL_W29,4,"0.418329,0.272212,0.175753,0.133706"
EDUCATIONxINCOME,"EDUCATIONxINCOME :: High school graduate | $30,000-$50,000",WORRYBILL_W29,4,"0.328650,0.349846,0.202475,0.119029"
EDUCATIONxINCOME,"EDUCATIONxINCOME :: High school graduate | $50,000-$75,000",WORRYBILL_W29,4,"0.288301,0.364447,0.229854,0.117398"
EDUCATIONxINCOME,"EDUCATIONxINCOME :: High school graduate | $75,000-$100,000",WORRYBILL_W29,4,"0.329991,0.351274,0.200150,0.118585"
EDUCATIONxINCOME,"EDUCATIONxINCOME :: High school graduate | Less than $30,000",WORRYBILL_W29,4,"0.436696,0.281952,0.139577,0.141775"
EDUCATIONxINCOME,"EDUCATIONxINCOME :: Less than high school | Less than $30,000",WORRYBILL_W29,4,"0.446791,0.270992,0.153205,0.129012"
EDUCATIONxINCOME,"EDUCATIONxINCOME :: Postgraduate | $100,000 or more",WORRYBILL_W29,4,"0.476338,0.243290,0.157080,0.123293"
EDUCATIONxINCOME,"EDUCATIONxINCOME :: Postgraduate | $30,000-$50,000",WORRYBILL_W29,4,"0.355729,0.318873,0.199546,0.125852"
EDUCATIONxINCOME,"EDUCATIONxINCOME :: Postgraduate | $50,000-$75,000",WORRYBILL_W29,4,"0.316257,0.339294,0.215668,0.128781"
EDUCATIONxINCOME,"EDUCATIONxINCOME :: Postgraduate | $75,000-$100,000",WORRYBILL_W29,4,"0.362734,0.325153,0.189660,0.122454"
EDUCATIONxINCOME,"EDUCATIONxINCOME :: Postgraduate | Less than $30,000",WORRYBILL_W29,4,"0.515867,0.220145,0.129417,0.134572"
EDUCATIONxINCOME,EDUCATIONxINCOME :: Postgraduate | Refused,WORRYBILL_W29,4,"0.351885,0.269799,0.183987,0.194329"
EDUCATIONxINCOME,"EDUCATIONxINCOME :: Some college, no degree | $100,000 or more",WORRYBILL_W29,4,"0.386013,0.275871,0.188128,0.149988"
EDUCATIONxINCOME,"EDUCATIONxINCOME :: Some college, no degree | $30,000-$50,000",WORRYBILL_W29,4,"0.306922,0.329279,0.221067,0.142732"
EDUCATIONxINCOME,"EDUCATIONxINCOME :: Some college, no degree | $50,000-$75,000",WORRYBILL_W29,4,"0.277795,0.343031,0.233927,0.145248"
EDUCATIONxINCOME,"EDUCATIONxINCOME :: Some college, no degree | $75,000-$100,000",WORRYBILL_W29,4,"0.312950,0.333134,0.211753,0.142164"
EDUCATIONxINCOME,"EDUCATIONxINCOME :: Some college, no degree | Less than $30,000",WORRYBILL_W29,4,"0.396889,0.283644,0.159110,0.160358"
EDUCATIONxINCOME,"EDUCATIONxINCOME :: Some college, no degree | Refused",WORRYBILL_W29,4,"0.369090,0.267930,0.172989,0.189991"
